ISO-10303-21;
HEADER;
FILE_DESCRIPTION (( 'STEP AP203' ),
    '1' );
FILE_NAME ('기어_바디.STEP',
    '2024-09-26T14:20:42',
    ( '' ),
    ( '' ),
    'SwSTEP 2.0',
    'SolidWorks 2022',
    '' );
FILE_SCHEMA (( 'CONFIG_CONTROL_DESIGN' ));
ENDSEC;

DATA;
#1 = FACE_OUTER_BOUND ( 'NONE', #791, .T. ) ;
#2 = LINE ( 'NONE', #2022, #1911 ) ;
#3 = ORIENTED_EDGE ( 'NONE', *, *, #8511, .F. ) ;
#4 = CIRCLE ( 'NONE', #5857, 0.1000000000000000056 ) ;
#5 = EDGE_CURVE ( 'NONE', #4650, #1137, #396, .T. ) ;
#6 = CARTESIAN_POINT ( 'NONE',  ( -0.2168951061243486467, 0.5016316978385264580, 2.789540963694346232 ) ) ;
#7 = PLANE ( 'NONE',  #9018 ) ;
#8 = ORIENTED_EDGE ( 'NONE', *, *, #220, .F. ) ;
#9 = CARTESIAN_POINT ( 'NONE',  ( 2.585593199994430158, 0.000000000000000000, 0.7716099316312621248 ) ) ;
#10 = B_SPLINE_CURVE_WITH_KNOTS ( 'NONE', 3,
 ( #7867, #5708, #4199, #6517 ),
 .UNSPECIFIED., .F., .F.,
 ( 4, 4 ),
 ( 0.000000000000000000, 0.0003534367028917938637 ),
 .UNSPECIFIED. ) ;
#11 = VECTOR ( 'NONE', #5350, 100.0000000000000000 ) ;
#12 = CARTESIAN_POINT ( 'NONE',  ( 0.000000000000000000, 0.9000000000000001332, 0.000000000000000000 ) ) ;
#13 = DIRECTION ( 'NONE',  ( -0.000000000000000000, 1.000000000000000000, -0.000000000000000000 ) ) ;
#14 = EDGE_CURVE ( 'NONE', #5024, #5326, #8075, .T. ) ;
#15 = CARTESIAN_POINT ( 'NONE',  ( -2.688714289429699811, 0.5639694227494327361, 0.4116107342882222575 ) ) ;
#16 = EDGE_CURVE ( 'NONE', #790, #4337, #1145, .T. ) ;
#17 = ADVANCED_FACE ( 'NONE', ( #5431 ), #1811, .T. ) ;
#18 = ORIENTED_EDGE ( 'NONE', *, *, #2685, .F. ) ;
#19 = EDGE_CURVE ( 'NONE', #8822, #4724, #6427, .T. ) ;
#20 = DIRECTION ( 'NONE',  ( 0.000000000000000000, 1.000000000000000000, -0.000000000000000000 ) ) ;
#21 = VECTOR ( 'NONE', #692, 100.0000000000000000 ) ;
#22 = DIRECTION ( 'NONE',  ( 0.000000000000000000, 1.000000000000000000, -0.000000000000000000 ) ) ;
#23 = EDGE_LOOP ( 'NONE', ( #8031, #9104, #687, #2185 ) ) ;
#24 = CYLINDRICAL_SURFACE ( 'NONE', #5581, 2.299999999999999822 ) ;
#25 = DIRECTION ( 'NONE',  ( -0.000000000000000000, -1.000000000000000000, -0.000000000000000000 ) ) ;
#26 = CARTESIAN_POINT ( 'NONE',  ( 1.282679870018530011, 0.5106748210293818868, 2.473901100193242719 ) ) ;
#27 = CARTESIAN_POINT ( 'NONE',  ( -2.654141024523496650, 0.5028903953826366902, 0.8805853017080983447 ) ) ;
#28 = DIRECTION ( 'NONE',  ( -0.000000000000000000, -1.000000000000000000, -0.000000000000000000 ) ) ;
#29 = ADVANCED_FACE ( 'NONE', ( #314 ), #1669, .T. ) ;
#30 = AXIS2_PLACEMENT_3D ( 'NONE', #1772, #6280, #7685 ) ;
#31 = CIRCLE ( 'NONE', #4687, 2.100000000000000089 ) ;
#32 = ORIENTED_EDGE ( 'NONE', *, *, #442, .T. ) ;
#33 = FACE_OUTER_BOUND ( 'NONE', #5210, .T. ) ;
#34 = AXIS2_PLACEMENT_3D ( 'NONE', #4446, #308, #8151 ) ;
#35 = ORIENTED_EDGE ( 'NONE', *, *, #19, .T. ) ;
#36 = EDGE_LOOP ( 'NONE', ( #5398, #1874, #2124, #7141 ) ) ;
#37 = CARTESIAN_POINT ( 'NONE',  ( 1.251814605096339461, 0.5032341246880192021, -2.500094159924725279 ) ) ;
#38 = CARTESIAN_POINT ( 'NONE',  ( 0.000000000000000000, 0.000000000000000000, -2.100000000000000089 ) ) ;
#39 = CIRCLE ( 'NONE', #4835, 0.1500000000000001332 ) ;
#40 = CYLINDRICAL_SURFACE ( 'NONE', #1240, 0.1000000000000000888 ) ;
#41 = CARTESIAN_POINT ( 'NONE',  ( 2.691558631681717273, 0.5013837380188957971, 0.7653946419033839099 ) ) ;
#42 = DIRECTION ( 'NONE',  ( -0.000000000000000000, -1.000000000000000000, -0.000000000000000000 ) ) ;
#43 = CIRCLE ( 'NONE', #5298, 0.1000000000000000888 ) ;
#44 = ORIENTED_EDGE ( 'NONE', *, *, #5589, .T. ) ;
#45 = ORIENTED_EDGE ( 'NONE', *, *, #8091, .F. ) ;
#46 = EDGE_CURVE ( 'NONE', #6001, #1787, #8911, .T. ) ;
#47 = AXIS2_PLACEMENT_3D ( 'NONE', #3848, #3710, #5876 ) ;
#48 = CARTESIAN_POINT ( 'NONE',  ( -2.641564709370459951, 0.000000000000000000, -0.6486476801571917639 ) ) ;
#49 = EDGE_CURVE ( 'NONE', #7625, #4508, #7328, .T. ) ;
#50 = VERTEX_POINT ( 'NONE', #8200 ) ;
#51 = AXIS2_PLACEMENT_3D ( 'NONE', #1959, #4120, #6995 ) ;
#52 = ORIENTED_EDGE ( 'NONE', *, *, #7786, .T. ) ;
#53 = CARTESIAN_POINT ( 'NONE',  ( 0.000000000000000000, 0.9000000000000001332, 0.000000000000000000 ) ) ;
#54 = CARTESIAN_POINT ( 'NONE',  ( 2.778164346255866501, 0.5013176973172515094, -0.3357828369005461111 ) ) ;
#55 = CARTESIAN_POINT ( 'NONE',  ( 1.940294437034820074, 0.8999999999999995781, 1.235013156857745820 ) ) ;
#56 = CARTESIAN_POINT ( 'NONE',  ( -0.2048383943369023463, 0.5023793972853289880, 2.789540963694129960 ) ) ;
#57 = PLANE ( 'NONE',  #7953 ) ;
#58 = EDGE_CURVE ( 'NONE', #4589, #1710, #8827, .T. ) ;
#59 = ORIENTED_EDGE ( 'NONE', *, *, #4479, .T. ) ;
#60 = FACE_OUTER_BOUND ( 'NONE', #8401, .T. ) ;
#62 = B_SPLINE_CURVE_WITH_KNOTS ( 'NONE', 3,
 ( #9125, #6365, #3537, #5519 ),
 .UNSPECIFIED., .F., .F.,
 ( 4, 4 ),
 ( 0.001041868518098979781, 0.006534610352613583022 ),
 .UNSPECIFIED. ) ;
#61 = CARTESIAN_POINT ( 'NONE',  ( -2.671915601691741582, 0.5032447133622979241, -0.8235926953539777218 ) ) ;
#63 = VERTEX_POINT ( 'NONE', #364 ) ;
#64 = CARTESIAN_POINT ( 'NONE',  ( -2.171495263774692486, 0.000000000000000000, -1.764915053207617435 ) ) ;
#65 = COORDINATED_UNIVERSAL_TIME_OFFSET ( 9, 0, .AHEAD. ) ;
#66 = CARTESIAN_POINT ( 'NONE',  ( -2.124922924775968447, 0.8999999999999999112, 0.8801718944396843547 ) ) ;
#67 = DIRECTION ( 'NONE',  ( -0.000000000000000000, -1.000000000000000000, -0.000000000000000000 ) ) ;
#68 = VERTEX_POINT ( 'NONE', #3220 ) ;
#69 = VERTEX_POINT ( 'NONE', #6093 ) ;
#70 = DIRECTION ( 'NONE',  ( -0.000000000000000000, 1.000000000000000000, -0.000000000000000000 ) ) ;
#71 = EDGE_CURVE ( 'NONE', #3703, #1434, #3864, .T. ) ;
#72 = CARTESIAN_POINT ( 'NONE',  ( -2.578525685088091546, 0.000000000000000000, 0.7949084059125505197 ) ) ;
#73 = VERTEX_POINT ( 'NONE', #8953 ) ;
#74 = FACE_OUTER_BOUND ( 'NONE', #5382, .T. ) ;
#75 = CARTESIAN_POINT ( 'NONE',  ( 2.444435101997056936, 0.000000000000000000, -1.362003618849599862 ) ) ;
#76 = DIRECTION ( 'NONE',  ( 0.000000000000000000, 0.000000000000000000, 1.000000000000000000 ) ) ;
#77 = CARTESIAN_POINT ( 'NONE',  ( -1.445997286892676481, 0.8000000000000000444, -1.572792206135783744 ) ) ;
#78 = FACE_OUTER_BOUND ( 'NONE', #2539, .T. ) ;
#79 = ORIENTED_EDGE ( 'NONE', *, *, #3712, .F. ) ;
#80 = ORIENTED_EDGE ( 'NONE', *, *, #1613, .F. ) ;
#81 = ADVANCED_FACE ( 'NONE', ( #3355 ), #8421, .T. ) ;
#82 = ORIENTED_EDGE ( 'NONE', *, *, #5309, .T. ) ;
#83 = ORIENTED_EDGE ( 'NONE', *, *, #5164, .F. ) ;
#84 = CARTESIAN_POINT ( 'NONE',  ( 1.193167610415159841, 0.5270647222874776938, -2.495619672694050273 ) ) ;
#85 = CARTESIAN_POINT ( 'NONE',  ( -0.3984848430396540353, 0.8999999999999998002, 2.265217391304344741 ) ) ;
#86 = FACE_OUTER_BOUND ( 'NONE', #4913, .T. ) ;
#87 = CARTESIAN_POINT ( 'NONE',  ( 1.319979243539610270, 0.8999999999999998002, 1.883521912966397371 ) ) ;
#88 = DIRECTION ( 'NONE',  ( -0.000000000000000000, -1.000000000000000000, -0.000000000000000000 ) ) ;
#89 = VERTEX_POINT ( 'NONE', #9084 ) ;
#90 = ORIENTED_EDGE ( 'NONE', *, *, #8965, .F. ) ;
#91 = CARTESIAN_POINT ( 'NONE',  ( 1.912380108295856695, 0.8999999999999999112, -1.277811535945081012 ) ) ;
#92 = ORIENTED_EDGE ( 'NONE', *, *, #3099, .F. ) ;
#93 = ORIENTED_EDGE ( 'NONE', *, *, #560, .T. ) ;
#94 = CARTESIAN_POINT ( 'NONE',  ( 1.619202367649563046, 0.4000000000000000222, -1.272792206135783477 ) ) ;
#95 = CARTESIAN_POINT ( 'NONE',  ( 2.754974520680720129, 0.5152387927717595462, -0.3793174255306402953 ) ) ;
#96 = DIRECTION ( 'NONE',  ( 0.6441522441032622170, 0.000000000000000000, 0.7648973044904338048 ) ) ;
#97 = CARTESIAN_POINT ( 'NONE',  ( 2.789162174454038912, 0.5013837380188954640, 0.2255907582982634163 ) ) ;
#98 = EDGE_CURVE ( 'NONE', #7031, #8311, #5437, .T. ) ;
#99 = LINE ( 'NONE', #3063, #3902 ) ;
#100 = ORIENTED_EDGE ( 'NONE', *, *, #4948, .F. ) ;
#101 = EDGE_CURVE ( 'NONE', #2378, #4464, #1993, .T. ) ;
#102 = ORIENTED_EDGE ( 'NONE', *, *, #4678, .T. ) ;
#103 = CARTESIAN_POINT ( 'NONE',  ( -2.357262493485906329, 0.000000000000000000, -1.357174072685355837 ) ) ;
#104 = CARTESIAN_POINT ( 'NONE',  ( -2.647440765893027681, 0.5153265304226561927, -0.8510071563639113323 ) ) ;
#105 = ORIENTED_EDGE ( 'NONE', *, *, #5448, .T. ) ;
#106 = FACE_OUTER_BOUND ( 'NONE', #3504, .T. ) ;
#107 = PERSON_AND_ORGANIZATION_ROLE ( 'classification_officer' ) ;
#108 = FACE_OUTER_BOUND ( 'NONE', #8170, .T. ) ;
#109 = FACE_OUTER_BOUND ( 'NONE', #1828, .T. ) ;
#110 = ORIENTED_EDGE ( 'NONE', *, *, #6224, .F. ) ;
#111 = VERTEX_POINT ( 'NONE', #7018 ) ;
#112 = LINE ( 'NONE', #8656, #5077 ) ;
#113 = CARTESIAN_POINT ( 'NONE',  ( -2.732933161757767682, 0.5484516897053786089, 0.1887117160166290053 ) ) ;
#114 = CARTESIAN_POINT ( 'NONE',  ( 1.277811535945086563, 0.8999999999999998002, -1.912380108295853143 ) ) ;
#115 = CARTESIAN_POINT ( 'NONE',  ( -2.792427670287676023, 0.000000000000000000, 0.2057855830998442659 ) ) ;
#116 = EDGE_CURVE ( 'NONE', #6140, #2004, #8793, .T. ) ;
#117 = CARTESIAN_POINT ( 'NONE',  ( -2.713997647364023269, 0.000000000000000000, 0.1811758727515755951 ) ) ;
#118 = CARTESIAN_POINT ( 'NONE',  ( -1.272792206135788140, 0.8000000000000000444, -1.272792206135783255 ) ) ;
#119 = CARTESIAN_POINT ( 'NONE',  ( 1.235013156857738714, 0.000000000000000000, -1.940294437034823627 ) ) ;
#120 = EDGE_CURVE ( 'NONE', #4474, #514, #1170, .T. ) ;
#121 = ORIENTED_EDGE ( 'NONE', *, *, #5515, .T. ) ;
#122 = B_SPLINE_CURVE_WITH_KNOTS ( 'NONE', 3,
 ( #3163, #2632, #1756, #2465 ),
 .UNSPECIFIED., .F., .F.,
 ( 4, 4 ),
 ( 3.282350919306849814E-07, 0.005493070069565881772 ),
 .UNSPECIFIED. ) ;
#123 = ORIENTED_EDGE ( 'NONE', *, *, #6803, .F. ) ;
#124 = EDGE_LOOP ( 'NONE', ( #9166, #1156, #1130, #9142 ) ) ;
#125 = VERTEX_POINT ( 'NONE', #4942 ) ;
#126 = CARTESIAN_POINT ( 'NONE',  ( -2.385378121632429238, 0.000000000000000000, -1.261207873146526159 ) ) ;
#127 = DIRECTION ( 'NONE',  ( 0.000000000000000000, 0.000000000000000000, 1.000000000000000000 ) ) ;
#128 = CARTESIAN_POINT ( 'NONE',  ( 1.676285270560463836, 0.5475581045993725970, 2.168116807268260171 ) ) ;
#129 = CARTESIAN_POINT ( 'NONE',  ( 1.657029682194444797, 0.7884388346700342831, -1.790755798050390757 ) ) ;
#130 = DIRECTION ( 'NONE',  ( 0.000000000000000000, 0.000000000000000000, -1.000000000000000000 ) ) ;
#131 = EDGE_CURVE ( 'NONE', #8215, #3634, #4856, .T. ) ;
#132 = B_SPLINE_CURVE_WITH_KNOTS ( 'NONE', 3,
 ( #1282, #5753, #8606, #4335 ),
 .UNSPECIFIED., .F., .F.,
 ( 4, 4 ),
 ( 3.282350919314328585E-07, 0.005493070069560837196 ),
 .UNSPECIFIED. ) ;
#133 = EDGE_LOOP ( 'NONE', ( #569, #6285 ) ) ;
#134 = EDGE_CURVE ( 'NONE', #8306, #7814, #2645, .T. ) ;
#135 = AXIS2_PLACEMENT_3D ( 'NONE', #8615, #587, #9132 ) ;
#136 = AXIS2_PLACEMENT_3D ( 'NONE', #3996, #7575, #5465 ) ;
#137 = EDGE_CURVE ( 'NONE', #698, #6000, #62, .T. ) ;
#138 = VERTEX_POINT ( 'NONE', #6268 ) ;
#139 = FACE_OUTER_BOUND ( 'NONE', #7863, .T. ) ;
#140 = VERTEX_POINT ( 'NONE', #8335 ) ;
#141 = EDGE_LOOP ( 'NONE', ( #4366, #4265, #7986, #7314 ) ) ;
#142 = DIRECTION ( 'NONE',  ( 0.000000000000000000, 0.000000000000000000, 1.000000000000000000 ) ) ;
#143 = CARTESIAN_POINT ( 'NONE',  ( 2.779579779042259169, 0.5013837380188954640, -0.3228824516355043306 ) ) ;
#144 = FACE_OUTER_BOUND ( 'NONE', #1327, .T. ) ;
#145 = FACE_OUTER_BOUND ( 'NONE', #1839, .T. ) ;
#146 = LINE ( 'NONE', #7992, #306 ) ;
#147 = ORIENTED_EDGE ( 'NONE', *, *, #8823, .T. ) ;
#148 = EDGE_CURVE ( 'NONE', #5006, #6783, #2692, .T. ) ;
#149 = ORIENTED_EDGE ( 'NONE', *, *, #8201, .T. ) ;
#150 = AXIS2_PLACEMENT_3D ( 'NONE', #688, #645, #7033 ) ;
#151 = AXIS2_PLACEMENT_3D ( 'NONE', #8082, #3617, #4373 ) ;
#152 = DIRECTION ( 'NONE',  ( 0.000000000000000000, 1.000000000000000000, 0.000000000000000000 ) ) ;
#153 = ORIENTED_EDGE ( 'NONE', *, *, #4132, .F. ) ;
#154 = CARTESIAN_POINT ( 'NONE',  ( -1.722494150469586316, 0.000000000000000000, -2.207490408042141805 ) ) ;
#155 = CARTESIAN_POINT ( 'NONE',  ( -0.9373384435179636931, 0.000000000000000000, -2.638445876326311001 ) ) ;
#156 = DIRECTION ( 'NONE',  ( 0.000000000000000000, 0.000000000000000000, -1.000000000000000000 ) ) ;
#157 = AXIS2_PLACEMENT_3D ( 'NONE', #8324, #6252, #8978 ) ;
#158 = EDGE_LOOP ( 'NONE', ( #5955, #813, #5925, #8260 ) ) ;
#159 = ORIENTED_EDGE ( 'NONE', *, *, #9169, .T. ) ;
#160 = CARTESIAN_POINT ( 'NONE',  ( 0.000000000000000000, 0.4000000000000000222, -2.100000000000000089 ) ) ;
#161 = EDGE_CURVE ( 'NONE', #8402, #3877, #4766, .T. ) ;
#162 = CARTESIAN_POINT ( 'NONE',  ( 0.8249980577172126850, 0.5013837380188960191, 2.673891364733726572 ) ) ;
#163 = AXIS2_PLACEMENT_3D ( 'NONE', #4641, #3977, #1945 ) ;
#164 = ADVANCED_FACE ( 'NONE', ( #6226 ), #8379, .T. ) ;
#165 = LINE ( 'NONE', #5286, #6901 ) ;
#166 = CARTESIAN_POINT ( 'NONE',  ( 2.155950649801646968, 0.5639694227494325141, -1.658458538036028385 ) ) ;
#167 = DIRECTION ( 'NONE',  ( 0.000000000000000000, -1.000000000000000000, 0.000000000000000000 ) ) ;
#168 = DIRECTION ( 'NONE',  ( -0.000000000000000000, -1.000000000000000000, -0.000000000000000000 ) ) ;
#169 = CARTESIAN_POINT ( 'NONE',  ( 1.764915053207594786, 0.000000000000000000, -2.171495263774711582 ) ) ;
#170 = VECTOR ( 'NONE', #8473, 100.0000000000000000 ) ;
#171 = ORIENTED_EDGE ( 'NONE', *, *, #5074, .F. ) ;
#172 = ADVANCED_FACE ( 'NONE', ( #2740 ), #8469, .T. ) ;
#173 = EDGE_LOOP ( 'NONE', ( #3834, #2911, #6274, #2750 ) ) ;
#174 = ORIENTED_EDGE ( 'NONE', *, *, #1857, .T. ) ;
#175 = ORIENTED_EDGE ( 'NONE', *, *, #2944, .F. ) ;
#176 = CARTESIAN_POINT ( 'NONE',  ( 1.099587125378900243, 0.8000000000000000444, 0.9727922061357835437 ) ) ;
#177 = LINE ( 'NONE', #1016, #6171 ) ;
#178 = CARTESIAN_POINT ( 'NONE',  ( -1.785452745114162187, 0.5013837380188954640, -2.154640415614418103 ) ) ;
#179 = AXIS2_PLACEMENT_3D ( 'NONE', #3949, #4568, #3897 ) ;
#180 = DIRECTION ( 'NONE',  ( -0.8660254037844388186, 0.000000000000000000, 0.4999999999999997780 ) ) ;
#181 = CARTESIAN_POINT ( 'NONE',  ( -2.299432410651858660, 0.9000000000000001332, 0.05109392178900629133 ) ) ;
#182 = B_SPLINE_CURVE_WITH_KNOTS ( 'NONE', 3,
 ( #1268, #3427, #6301, #9158 ),
 .UNSPECIFIED., .F., .F.,
 ( 4, 4 ),
 ( 3.282350919460095015E-07, 0.005493070069592057882 ),
 .UNSPECIFIED. ) ;
#183 = AXIS2_PLACEMENT_3D ( 'NONE', #8534, #5023, #4314 ) ;
#184 = ORIENTED_EDGE ( 'NONE', *, *, #2941, .F. ) ;
#185 = VERTEX_POINT ( 'NONE', #7761 ) ;
#186 = EDGE_CURVE ( 'NONE', #5492, #9189, #1324, .T. ) ;
#187 = CARTESIAN_POINT ( 'NONE',  ( 2.188759967859663647, 0.6763576274040420389, -1.365495771286382665 ) ) ;
#188 = AXIS2_PLACEMENT_3D ( 'NONE', #2983, #5849, #8709 ) ;
#189 = VECTOR ( 'NONE', #6066, 100.0000000000000000 ) ;
#190 = EDGE_LOOP ( 'NONE', ( #3517, #7789, #4036, #339 ) ) ;
#191 = EDGE_LOOP ( 'NONE', ( #244, #5724, #3419, #8297 ) ) ;
#192 = CARTESIAN_POINT ( 'NONE',  ( 0.000000000000000000, 0.9000000000000001332, 0.000000000000000000 ) ) ;
#193 = DIRECTION ( 'NONE',  ( -0.8660254037844388186, 0.000000000000000000, -0.4999999999999997780 ) ) ;
#194 = EDGE_CURVE ( 'NONE', #8280, #5795, #5191, .T. ) ;
#195 = CARTESIAN_POINT ( 'NONE',  ( -2.461564155185417047, 0.000000000000000000, 1.330796278752337303 ) ) ;
#196 = VECTOR ( 'NONE', #1618, 100.0000000000000000 ) ;
#197 = FACE_OUTER_BOUND ( 'NONE', #1467, .T. ) ;
#198 = CARTESIAN_POINT ( 'NONE',  ( 2.265217391304346073, 0.000000000000000000, 0.3984848430396461527 ) ) ;
#199 = VERTEX_POINT ( 'NONE', #7207 ) ;
#200 = VECTOR ( 'NONE', #8487, 100.0000000000000000 ) ;
#201 = ORIENTED_EDGE ( 'NONE', *, *, #2014, .F. ) ;
#202 = VECTOR ( 'NONE', #1640, 100.0000000000000000 ) ;
#203 = DIRECTION ( 'NONE',  ( 0.000000000000000000, 1.000000000000000000, 0.000000000000000000 ) ) ;
#204 = EDGE_CURVE ( 'NONE', #6668, #2399, #719, .T. ) ;
#205 = DIRECTION ( 'NONE',  ( 0.000000000000000000, 0.000000000000000000, -1.000000000000000000 ) ) ;
#206 = DATE_TIME_ROLE ( 'classification_date' ) ;
#207 = DIRECTION ( 'NONE',  ( -0.000000000000000000, 1.000000000000000000, 0.000000000000000000 ) ) ;
#208 = AXIS2_PLACEMENT_3D ( 'NONE', #8343, #1770, #2565 ) ;
#209 = CARTESIAN_POINT ( 'NONE',  ( 0.9282438859800703490, 0.5639694227494331802, 2.556750127584891619 ) ) ;
#210 = VERTEX_POINT ( 'NONE', #5796 ) ;
#211 = ORIENTED_EDGE ( 'NONE', *, *, #638, .T. ) ;
#212 = CARTESIAN_POINT ( 'NONE',  ( -2.585593199994425717, 0.000000000000000000, -0.7716099316312795553 ) ) ;
#213 = PLANE ( 'NONE',  #7859 ) ;
#214 = DIRECTION ( 'NONE',  ( -0.000000000000000000, -1.000000000000000000, -0.000000000000000000 ) ) ;
#215 = DIRECTION ( 'NONE',  ( -0.08695652173913717697, 0.000000000000000000, 0.9962121075990950647 ) ) ;
#216 = AXIS2_PLACEMENT_3D ( 'NONE', #8329, #1851, #7619 ) ;
#217 = DIRECTION ( 'NONE',  ( -0.000000000000000000, -1.000000000000000000, -0.000000000000000000 ) ) ;
#218 = CARTESIAN_POINT ( 'NONE',  ( -1.362003618849578768, 0.5013837380188960191, -2.444435101997068038 ) ) ;
#219 = CARTESIAN_POINT ( 'NONE',  ( -0.8249980577171927010, 0.5013837380188959081, -2.673891364733733234 ) ) ;
#220 = EDGE_CURVE ( 'NONE', #2344, #6885, #861, .T. ) ;
#221 = CIRCLE ( 'NONE', #3965, 0.1000000000000000888 ) ;
#222 = VERTEX_POINT ( 'NONE', #8050 ) ;
#223 = ORIENTED_EDGE ( 'NONE', *, *, #8979, .T. ) ;
#224 = ORIENTED_EDGE ( 'NONE', *, *, #1613, .T. ) ;
#225 = ORIENTED_EDGE ( 'NONE', *, *, #4056, .F. ) ;
#226 = ORIENTED_EDGE ( 'NONE', *, *, #3099, .T. ) ;
#227 = DIRECTION ( 'NONE',  ( 0.000000000000000000, 1.000000000000000000, 0.000000000000000000 ) ) ;
#228 = CARTESIAN_POINT ( 'NONE',  ( -2.420878737740367104, 0.5057092370555330563, 1.392720879032726122 ) ) ;
#229 = DIRECTION ( 'NONE',  ( -0.000000000000000000, -1.000000000000000000, -0.000000000000000000 ) ) ;
#230 = LINE ( 'NONE', #3093, #6797 ) ;
#231 = DIRECTION ( 'NONE',  ( 0.000000000000000000, 0.000000000000000000, -1.000000000000000000 ) ) ;
#232 = VERTEX_POINT ( 'NONE', #2175 ) ;
#233 = AXIS2_PLACEMENT_3D ( 'NONE', #5988, #8147, #1714 ) ;
#234 = VERTEX_POINT ( 'NONE', #1515 ) ;
#235 = CARTESIAN_POINT ( 'NONE',  ( 2.658617503868864862, 0.000000000000000000, 0.8784947171850753245 ) ) ;
#236 = EDGE_LOOP ( 'NONE', ( #5798, #3611, #5765 ) ) ;
#237 = ORIENTED_EDGE ( 'NONE', *, *, #4890, .T. ) ;
#238 = CARTESIAN_POINT ( 'NONE',  ( 2.444435101997056936, 0.5013837380188957971, -1.362003618849599862 ) ) ;
#239 = CARTESIAN_POINT ( 'NONE',  ( 0.9373384435179834551, 0.000000000000000000, 2.638445876326303896 ) ) ;
#240 = DIRECTION ( 'NONE',  ( 0.1074922124228188391, 0.000000000000000000, 0.9942059264903059246 ) ) ;
#241 = LINE ( 'NONE', #5219, #1826 ) ;
#242 = EDGE_CURVE ( 'NONE', #4474, #7253, #2830, .T. ) ;
#243 = LINE ( 'NONE', #1644, #8100 ) ;
#244 = ORIENTED_EDGE ( 'NONE', *, *, #5311, .F. ) ;
#245 = VERTEX_POINT ( 'NONE', #4391 ) ;
#246 = ADVANCED_FACE ( 'NONE', ( #6605 ), #8757, .T. ) ;
#247 = CARTESIAN_POINT ( 'NONE',  ( 2.779579779042259169, 0.5013837380188954640, -0.3228824516355043306 ) ) ;
#248 = LINE ( 'NONE', #64, #8328 ) ;
#249 = PERSON_AND_ORGANIZATION ( #969, #9179 ) ;
#250 = CARTESIAN_POINT ( 'NONE',  ( 0.7653946419033743620, 0.000000000000000000, -2.691558631681720826 ) ) ;
#251 = CARTESIAN_POINT ( 'NONE',  ( 0.000000000000000000, 0.9000000000000001332, 0.000000000000000000 ) ) ;
#252 = ORIENTED_EDGE ( 'NONE', *, *, #4231, .F. ) ;
#253 = EDGE_CURVE ( 'NONE', #8783, #8181, #4637, .T. ) ;
#254 = ORIENTED_EDGE ( 'NONE', *, *, #320, .T. ) ;
#255 = EDGE_CURVE ( 'NONE', #8584, #5690, #2631, .T. ) ;
#256 = DIRECTION ( 'NONE',  ( -0.000000000000000000, -1.000000000000000000, -0.000000000000000000 ) ) ;
#257 = CARTESIAN_POINT ( 'NONE',  ( -2.336143402448421558, 0.5561284313411826163, 1.412254618998062927 ) ) ;
#258 = DIRECTION ( 'NONE',  ( 0.000000000000000000, 0.000000000000000000, 1.000000000000000000 ) ) ;
#259 = FACE_OUTER_BOUND ( 'NONE', #1399, .T. ) ;
#260 = CARTESIAN_POINT ( 'NONE',  ( 2.091530763291886252, 0.5101996115923984609, -1.842389068288390330 ) ) ;
#261 = DIRECTION ( 'NONE',  ( -0.000000000000000000, -1.000000000000000000, -0.000000000000000000 ) ) ;
#262 = CARTESIAN_POINT ( 'NONE',  ( 1.619202367649563046, 0.8000000000000000444, -1.272792206135783477 ) ) ;
#263 = AXIS2_PLACEMENT_3D ( 'NONE', #2172, #7203, #2927 ) ;
#264 = ORIENTED_EDGE ( 'NONE', *, *, #5588, .F. ) ;
#265 = CARTESIAN_POINT ( 'NONE',  ( -2.356772047004894954, 0.000000000000000000, 1.313887210115766813 ) ) ;
#266 = EDGE_CURVE ( 'NONE', #8246, #2497, #5755, .T. ) ;
#267 = VECTOR ( 'NONE', #5983, 100.0000000000000000 ) ;
#268 = ORIENTED_EDGE ( 'NONE', *, *, #696, .F. ) ;
#269 = VERTEX_POINT ( 'NONE', #7907 ) ;
#270 = CARTESIAN_POINT ( 'NONE',  ( 0.000000000000000000, 0.4000000000000000222, 0.000000000000000000 ) ) ;
#271 = CARTESIAN_POINT ( 'NONE',  ( -0.9282438859800510311, 0.5639694227494324030, -2.556750127584899168 ) ) ;
#272 = ADVANCED_FACE ( 'NONE', ( #3636 ), #7265, .T. ) ;
#273 = CARTESIAN_POINT ( 'NONE',  ( -2.441077417818806605, 0.5102758125174864379, -1.345180208849332315 ) ) ;
#274 = CARTESIAN_POINT ( 'NONE',  ( -2.490520000137329326, 0.000000000000000000, -1.275784838658433396 ) ) ;
#275 = DIRECTION ( 'NONE',  ( -0.6429407905933303136, 0.000000000000000000, -0.7659158829735960294 ) ) ;
#276 = EDGE_LOOP ( 'NONE', ( #6533, #4069, #4066, #1053, #5920, #8440, #5461 ) ) ;
#277 = ORIENTED_EDGE ( 'NONE', *, *, #19, .F. ) ;
#278 = DIRECTION ( 'NONE',  ( 0.4999999999999999445, 0.000000000000000000, 0.8660254037844387076 ) ) ;
#279 = EDGE_CURVE ( 'NONE', #2086, #6036, #815, .T. ) ;
#280 = VERTEX_POINT ( 'NONE', #3685 ) ;
#281 = ORIENTED_EDGE ( 'NONE', *, *, #2332, .F. ) ;
#282 = DIRECTION ( 'NONE',  ( -0.000000000000000000, -1.000000000000000000, -0.000000000000000000 ) ) ;
#283 = CARTESIAN_POINT ( 'NONE',  ( 2.410774862758591652, 0.5101996115923984609, -1.398950668835822198 ) ) ;
#284 = EDGE_CURVE ( 'NONE', #2140, #1827, #7861, .T. ) ;
#285 = CARTESIAN_POINT ( 'NONE',  ( -1.099587125378900243, 0.4000000000000000222, -1.572792206135783744 ) ) ;
#286 = DIRECTION ( 'NONE',  ( -0.000000000000000000, -1.000000000000000000, -0.000000000000000000 ) ) ;
#287 = FACE_OUTER_BOUND ( 'NONE', #2270, .T. ) ;
#288 = ORIENTED_EDGE ( 'NONE', *, *, #4646, .T. ) ;
#289 = CC_DESIGN_DATE_AND_TIME_ASSIGNMENT ( #8045, #206, ( #5018 ) ) ;
#290 = ORIENTED_EDGE ( 'NONE', *, *, #1484, .T. ) ;
#291 = AXIS2_PLACEMENT_3D ( 'NONE', #530, #1369, #9119 ) ;
#292 = CARTESIAN_POINT ( 'NONE',  ( 1.282679870018530011, 0.000000000000000000, 2.373901100193242630 ) ) ;
#293 = CARTESIAN_POINT ( 'NONE',  ( -1.589815391877634765, 0.000000000000000000, 1.662073109026483753 ) ) ;
#294 = CARTESIAN_POINT ( 'NONE',  ( 1.746403244090652063, 0.5014441230611184075, -2.186346475716499427 ) ) ;
#295 = CARTESIAN_POINT ( 'NONE',  ( 0.000000000000000000, 1.000000000000000000, 0.000000000000000000 ) ) ;
#296 = PRODUCT_RELATED_PRODUCT_CATEGORY ( 'detail', '', ( #5653 ) ) ;
#297 = B_SPLINE_CURVE_WITH_KNOTS ( 'NONE', 3,
 ( #4369, #2914, #3614, #611 ),
 .UNSPECIFIED., .F., .F.,
 ( 4, 4 ),
 ( 0.001041878843619262977, 0.006534620678121659185 ),
 .UNSPECIFIED. ) ;
#298 = ORIENTED_EDGE ( 'NONE', *, *, #5309, .F. ) ;
#299 = VERTEX_POINT ( 'NONE', #6557 ) ;
#300 = PLANE ( 'NONE',  #7119 ) ;
#301 = EDGE_CURVE ( 'NONE', #2767, #4375, #1420, .T. ) ;
#302 = DIRECTION ( 'NONE',  ( 0.000000000000000000, 0.000000000000000000, 1.000000000000000000 ) ) ;
#303 = DIRECTION ( 'NONE',  ( -0.000000000000000000, -1.000000000000000000, -0.000000000000000000 ) ) ;
#304 = EDGE_CURVE ( 'NONE', #269, #443, #112, .T. ) ;
#305 = CARTESIAN_POINT ( 'NONE',  ( 2.467819687168847587, 0.5013175801480322935, -1.319399354944030822 ) ) ;
#306 = VECTOR ( 'NONE', #7293, 100.0000000000000000 ) ;
#307 = EDGE_CURVE ( 'NONE', #6738, #6942, #9022, .T. ) ;
#308 = DIRECTION ( 'NONE',  ( -0.000000000000000000, -1.000000000000000000, -0.000000000000000000 ) ) ;
#309 = LINE ( 'NONE', #3300, #6745 ) ;
#310 = ADVANCED_FACE ( 'NONE', ( #9263 ), #1083, .T. ) ;
#311 = LINE ( 'NONE', #169, #8809 ) ;
#312 = EDGE_CURVE ( 'NONE', #2659, #4375, #7484, .T. ) ;
#313 = ORIENTED_EDGE ( 'NONE', *, *, #1450, .F. ) ;
#314 = FACE_OUTER_BOUND ( 'NONE', #7618, .T. ) ;
#315 = AXIS2_PLACEMENT_3D ( 'NONE', #53, #797, #4367 ) ;
#316 = ORIENTED_EDGE ( 'NONE', *, *, #2210, .T. ) ;
#317 = EDGE_LOOP ( 'NONE', ( #414, #5532, #5249, #6507, #3974, #7432 ) ) ;
#318 = PLANE ( 'NONE',  #2547 ) ;
#319 = CARTESIAN_POINT ( 'NONE',  ( 0.4987091758571342015, 0.9000000000000004663, 2.245281531994572255 ) ) ;
#320 = EDGE_CURVE ( 'NONE', #8167, #2671, #8237, .T. ) ;
#321 = CARTESIAN_POINT ( 'NONE',  ( -1.275784838658426068, 0.5013837380188954640, 2.490520000137332879 ) ) ;
#322 = CARTESIAN_POINT ( 'NONE',  ( -2.713997647364023269, 0.000000000000000000, 0.1811758727515755951 ) ) ;
#323 = DIRECTION ( 'NONE',  ( 0.000000000000000000, 1.000000000000000000, 0.000000000000000000 ) ) ;
#324 = AXIS2_PLACEMENT_3D ( 'NONE', #2336, #4501, #7363 ) ;
#325 = ORIENTED_EDGE ( 'NONE', *, *, #5312, .T. ) ;
#326 = ORIENTED_EDGE ( 'NONE', *, *, #2715, .T. ) ;
#327 = AXIS2_PLACEMENT_3D ( 'NONE', #4136, #667, #711 ) ;
#328 = CARTESIAN_POINT ( 'NONE',  ( 1.883521912966392930, 0.000000000000000000, -1.319979243539616709 ) ) ;
#329 = AXIS2_PLACEMENT_3D ( 'NONE', #5815, #8674, #130 ) ;
#330 = VERTEX_POINT ( 'NONE', #8977 ) ;
#331 = EDGE_LOOP ( 'NONE', ( #3673, #1129, #2619, #1036 ) ) ;
#332 = DIRECTION ( 'NONE',  ( -0.000000000000000000, -1.000000000000000000, -0.000000000000000000 ) ) ;
#333 = DIRECTION ( 'NONE',  ( -0.000000000000000000, 1.000000000000000000, -0.000000000000000000 ) ) ;
#334 = CARTESIAN_POINT ( 'NONE',  ( -1.307364995081803372, 0.000000000000000000, 2.474088437236940496 ) ) ;
#335 = CARTESIAN_POINT ( 'NONE',  ( 0.000000000000000000, 0.9000000000000001332, 0.000000000000000000 ) ) ;
#336 = CARTESIAN_POINT ( 'NONE',  ( 2.178425873581360417, 0.5153265304226570809, -1.728472303048600001 ) ) ;
#337 = ADVANCED_FACE ( 'NONE', ( #431 ), #6165, .F. ) ;
#338 = ORIENTED_EDGE ( 'NONE', *, *, #3712, .T. ) ;
#339 = ORIENTED_EDGE ( 'NONE', *, *, #101, .T. ) ;
#340 = VECTOR ( 'NONE', #4816, 100.0000000000000000 ) ;
#341 = AXIS2_PLACEMENT_3D ( 'NONE', #5566, #9178, #4999 ) ;
#342 = ORIENTED_EDGE ( 'NONE', *, *, #6940, .T. ) ;
#343 = EDGE_CURVE ( 'NONE', #222, #741, #4710, .T. ) ;
#344 = AXIS2_PLACEMENT_3D ( 'NONE', #6044, #1807, #8906 ) ;
#345 = DIRECTION ( 'NONE',  ( 0.4615712193528387353, 0.000000000000000000, -0.8871031560450753917 ) ) ;
#346 = VECTOR ( 'NONE', #833, 100.0000000000000000 ) ;
#347 = CARTESIAN_POINT ( 'NONE',  ( 1.755659148649123313, 0.5014441230611185185, -2.178920869745605060 ) ) ;
#348 = DIRECTION ( 'NONE',  ( 0.8878326000374249238, 0.000000000000000000, 0.4601665723526491281 ) ) ;
#349 = ORIENTED_EDGE ( 'NONE', *, *, #3734, .T. ) ;
#350 = AXIS2_PLACEMENT_3D ( 'NONE', #7332, #2347, #7518 ) ;
#351 = ORIENTED_EDGE ( 'NONE', *, *, #4253, .T. ) ;
#352 = CIRCLE ( 'NONE', #1990, 2.299999999999999822 ) ;
#353 = CIRCLE ( 'NONE', #2138, 2.299999999999999822 ) ;
#354 = CARTESIAN_POINT ( 'NONE',  ( -1.912380108295865355, 0.000000000000000000, 1.277811535945067023 ) ) ;
#355 = CARTESIAN_POINT ( 'NONE',  ( -0.8801718944396769162, 0.000000000000000000, -2.124922924775971556 ) ) ;
#356 = AXIS2_PLACEMENT_3D ( 'NONE', #4414, #229, #7418 ) ;
#357 = FACE_OUTER_BOUND ( 'NONE', #780, .T. ) ;
#358 = CARTESIAN_POINT ( 'NONE',  ( -0.2255907582982731308, 0.5013837380188957971, 2.789162174454038023 ) ) ;
#359 = DIRECTION ( 'NONE',  ( 0.9963484908384462324, 0.000000000000000000, 0.08537965099454650209 ) ) ;
#360 = CARTESIAN_POINT ( 'NONE',  ( -1.160210773417373664, 0.5531588367022416408, 2.475121250327509070 ) ) ;
#361 = ORIENTED_EDGE ( 'NONE', *, *, #8400, .T. ) ;
#362 = EDGE_LOOP ( 'NONE', ( #6731, #4698, #6844, #1970, #4748, #604, #2529 ) ) ;
#363 = EDGE_CURVE ( 'NONE', #1980, #4780, #1323, .T. ) ;
#364 = CARTESIAN_POINT ( 'NONE',  ( 1.619202367649563046, 0.8000000000000000444, -1.272792206135783477 ) ) ;
#365 = ORIENTED_EDGE ( 'NONE', *, *, #3815, .T. ) ;
#366 = VERTEX_POINT ( 'NONE', #4750 ) ;
#367 = CARTESIAN_POINT ( 'NONE',  ( 2.779579779042259169, 0.5013837380188954640, -0.3228824516355043306 ) ) ;
#368 = CARTESIAN_POINT ( 'NONE',  ( 1.272792206135787918, 1.000000000000000000, 1.072792206135783299 ) ) ;
#369 = AXIS2_PLACEMENT_3D ( 'NONE', #2141, #2043, #5624 ) ;
#370 = CARTESIAN_POINT ( 'NONE',  ( -2.169229072541768222, 0.5032447133622983682, 1.764053043772705109 ) ) ;
#371 = CARTESIAN_POINT ( 'NONE',  ( -1.662073109026478201, 0.000000000000000000, -1.589815391877640316 ) ) ;
#372 = CARTESIAN_POINT ( 'NONE',  ( 1.099587125378899799, 0.8000000000000000444, -0.9727922061357825445 ) ) ;
#373 = VERTEX_POINT ( 'NONE', #8403 ) ;
#374 = B_SPLINE_CURVE_WITH_KNOTS ( 'NONE', 3,
 ( #9120, #4763, #1989, #8290 ),
 .UNSPECIFIED., .F., .F.,
 ( 4, 4 ),
 ( 0.001041880566062208628, 0.006534622400562562633 ),
 .UNSPECIFIED. ) ;
#375 = ORIENTED_EDGE ( 'NONE', *, *, #1825, .T. ) ;
#376 = ADVANCED_FACE ( 'NONE', ( #6653 ), #7823, .T. ) ;
#377 = CARTESIAN_POINT ( 'NONE',  ( -0.2168951061243597489, 0.000000000000000000, 2.689540963694128095 ) ) ;
#378 = ORIENTED_EDGE ( 'NONE', *, *, #3888, .T. ) ;
#379 = VERTEX_POINT ( 'NONE', #9069 ) ;
#380 = FACE_OUTER_BOUND ( 'NONE', #3736, .T. ) ;
#381 = CARTESIAN_POINT ( 'NONE',  ( 1.151527806643375396, 0.000000000000000000, -2.464262899386314931 ) ) ;
#382 = DIRECTION ( 'NONE',  ( 0.8758678859938406891, 0.000000000000000000, -0.4825509779128839827 ) ) ;
#383 = DIRECTION ( 'NONE',  ( -0.6245321485347996582, 0.000000000000000000, 0.7809991007975020105 ) ) ;
#384 = DIRECTION ( 'NONE',  ( 0.000000000000000000, 1.000000000000000000, 0.000000000000000000 ) ) ;
#385 = AXIS2_PLACEMENT_3D ( 'NONE', #4138, #6310, #2734 ) ;
#386 = ORIENTED_EDGE ( 'NONE', *, *, #4434, .T. ) ;
#387 = VERTEX_POINT ( 'NONE', #7655 ) ;
#388 = ORIENTED_EDGE ( 'NONE', *, *, #1107, .F. ) ;
#389 = LINE ( 'NONE', #3077, #2277 ) ;
#390 = LINE ( 'NONE', #2017, #601 ) ;
#391 = ADVANCED_FACE ( 'NONE', ( #7705 ), #5233, .T. ) ;
#392 = EDGE_CURVE ( 'NONE', #366, #7507, #389, .T. ) ;
#393 = DIRECTION ( 'NONE',  ( 0.000000000000000000, 1.000000000000000000, 0.000000000000000000 ) ) ;
#394 = LINE ( 'NONE', #6916, #8063 ) ;
#395 = ORIENTED_EDGE ( 'NONE', *, *, #8583, .T. ) ;
#396 = B_SPLINE_CURVE_WITH_KNOTS ( 'NONE', 3,
 ( #4590, #6052, #2472, #2559 ),
 .UNSPECIFIED., .F., .F.,
 ( 4, 4 ),
 ( 0.001041880566062212965, 0.006534622400562568705 ),
 .UNSPECIFIED. ) ;
#397 = CARTESIAN_POINT ( 'NONE',  ( 2.659071284068657448, 0.5482992156844561649, 0.6594846951140899138 ) ) ;
#398 = CARTESIAN_POINT ( 'NONE',  ( 1.715505513202629784, 0.5032341246880193131, -2.207838637263511927 ) ) ;
#399 = CARTESIAN_POINT ( 'NONE',  ( 0.000000000000000000, 0.9000000000000001332, 0.000000000000000000 ) ) ;
#400 = DIRECTION ( 'NONE',  ( 0.000000000000000000, 0.000000000000000000, 1.000000000000000000 ) ) ;
#401 = CYLINDRICAL_SURFACE ( 'NONE', #2535, 0.1000000000000000888 ) ;
#402 = CARTESIAN_POINT ( 'NONE',  ( 2.626503284226966883, 0.5639694227494327361, -0.7071693041342359543 ) ) ;
#403 = ORIENTED_EDGE ( 'NONE', *, *, #8559, .F. ) ;
#404 = DIRECTION ( 'NONE',  ( 0.000000000000000000, 0.000000000000000000, 1.000000000000000000 ) ) ;
#405 = VERTEX_POINT ( 'NONE', #7611 ) ;
#406 = CARTESIAN_POINT ( 'NONE',  ( -2.207490408042135588, 0.000000000000000000, 1.722494150469593199 ) ) ;
#407 = LINE ( 'NONE', #3931, #6776 ) ;
#408 = CARTESIAN_POINT ( 'NONE',  ( 0.3517800458162801402, 0.000000000000000000, -2.697194602940292452 ) ) ;
#409 = EDGE_CURVE ( 'NONE', #7152, #8810, #1171, .T. ) ;
#410 = FACE_OUTER_BOUND ( 'NONE', #3556, .T. ) ;
#411 = CARTESIAN_POINT ( 'NONE',  ( -2.373901100193246183, 0.000000000000000000, 1.282679870018521129 ) ) ;
#412 = CARTESIAN_POINT ( 'NONE',  ( -1.235013156857752259, 0.000000000000000000, 1.940294437034814745 ) ) ;
#413 = ORIENTED_EDGE ( 'NONE', *, *, #8758, .F. ) ;
#414 = ORIENTED_EDGE ( 'NONE', *, *, #7435, .F. ) ;
#415 = VECTOR ( 'NONE', #4437, 100.0000000000000000 ) ;
#416 = CARTESIAN_POINT ( 'NONE',  ( -2.438073872837089429, 0.000000000000000000, 1.205986615744096158 ) ) ;
#417 = ORIENTED_EDGE ( 'NONE', *, *, #1831, .T. ) ;
#418 = ORIENTED_EDGE ( 'NONE', *, *, #8105, .T. ) ;
#419 = CARTESIAN_POINT ( 'NONE',  ( -2.047196828785463829, 0.000000000000000000, -1.790975452365409559 ) ) ;
#420 = CARTESIAN_POINT ( 'NONE',  ( 2.697194602940291119, 0.5639694227494324030, 0.3517800458162892441 ) ) ;
#421 = DIRECTION ( 'NONE',  ( 0.000000000000000000, 0.000000000000000000, 1.000000000000000000 ) ) ;
#422 = EDGE_CURVE ( 'NONE', #8871, #744, #7532, .T. ) ;
#423 = CARTESIAN_POINT ( 'NONE',  ( -1.272792206135788140, 1.000000000000000000, -1.272792206135783255 ) ) ;
#424 = CARTESIAN_POINT ( 'NONE',  ( -1.445997286892676259, 0.8000000000000000444, -0.9727922061357825445 ) ) ;
#425 = EDGE_CURVE ( 'NONE', #3874, #2767, #3770, .T. ) ;
#426 = EDGE_CURVE ( 'NONE', #9277, #8549, #3333, .T. ) ;
#427 = ORIENTED_EDGE ( 'NONE', *, *, #8883, .T. ) ;
#428 = ORIENTED_EDGE ( 'NONE', *, *, #253, .T. ) ;
#429 = ORIENTED_EDGE ( 'NONE', *, *, #581, .T. ) ;
#430 = AXIS2_PLACEMENT_3D ( 'NONE', #577, #1284, #3442 ) ;
#431 = FACE_OUTER_BOUND ( 'NONE', #1763, .T. ) ;
#432 = FACE_OUTER_BOUND ( 'NONE', #4980, .T. ) ;
#433 = CARTESIAN_POINT ( 'NONE',  ( -1.362003618849578768, 0.000000000000000000, -2.444435101997068038 ) ) ;
#434 = CARTESIAN_POINT ( 'NONE',  ( -1.388858701955114183, 0.7884388346700345052, 2.005897605045698917 ) ) ;
#435 = VERTEX_POINT ( 'NONE', #9020 ) ;
#436 = DIRECTION ( 'NONE',  ( -0.000000000000000000, 1.000000000000000000, -0.000000000000000000 ) ) ;
#437 = CARTESIAN_POINT ( 'NONE',  ( 1.657112474924752110, 0.5270647222874780269, -2.214891587127943762 ) ) ;
#438 = CIRCLE ( 'NONE', #8531, 0.1000000000000000888 ) ;
#439 = CYLINDRICAL_SURFACE ( 'NONE', #2287, 0.1000000000000000888 ) ;
#440 = DIRECTION ( 'NONE',  ( -0.000000000000000000, -1.000000000000000000, -0.000000000000000000 ) ) ;
#441 = FACE_OUTER_BOUND ( 'NONE', #3075, .T. ) ;
#442 = EDGE_CURVE ( 'NONE', #1601, #7934, #5502, .T. ) ;
#443 = VERTEX_POINT ( 'NONE', #4084 ) ;
#444 = DIRECTION ( 'NONE',  ( -0.9605471903601722206, 0.000000000000000000, -0.2781170528593655544 ) ) ;
#445 = EDGE_CURVE ( 'NONE', #2426, #6431, #7524, .T. ) ;
#446 = CONICAL_SURFACE ( 'NONE', #1796, 2.299999999999999822, 0.8960553845713439269 ) ;
#447 = AXIS2_PLACEMENT_3D ( 'NONE', #8089, #8889, #5937 ) ;
#448 = ORIENTED_EDGE ( 'NONE', *, *, #3470, .T. ) ;
#449 = CARTESIAN_POINT ( 'NONE',  ( 1.307364995081786052, 0.5013837380188951309, -2.474088437236949822 ) ) ;
#450 = CARTESIAN_POINT ( 'NONE',  ( 0.2610551053411629407, 0.5013837380188954640, -2.786066592457919544 ) ) ;
#451 = CARTESIAN_POINT ( 'NONE',  ( -2.154640415614411886, 0.5013837380188959081, 1.785452745114168849 ) ) ;
#452 = DIRECTION ( 'NONE',  ( -0.000000000000000000, -1.000000000000000000, -0.000000000000000000 ) ) ;
#453 = LINE ( 'NONE', #8429, #7674 ) ;
#454 = ADVANCED_FACE ( 'NONE', ( #2586 ), #1886, .T. ) ;
#455 = ORIENTED_EDGE ( 'NONE', *, *, #2904, .F. ) ;
#456 = AXIS2_PLACEMENT_3D ( 'NONE', #1030, #932, #3892 ) ;
#457 = ORIENTED_EDGE ( 'NONE', *, *, #1670, .T. ) ;
#458 = LINE ( 'NONE', #6764, #4419 ) ;
#459 = ORIENTED_EDGE ( 'NONE', *, *, #914, .F. ) ;
#460 = ORIENTED_EDGE ( 'NONE', *, *, #1235, .T. ) ;
#461 = CARTESIAN_POINT ( 'NONE',  ( 1.261207873146502401, 0.000000000000000000, -2.385378121632442117 ) ) ;
#462 = CARTESIAN_POINT ( 'NONE',  ( 0.2874956239882474618, 0.5013837380188956860, 2.783462428670876676 ) ) ;
#463 = CONICAL_SURFACE ( 'NONE', #7516, 2.299999999999999822, 0.8960553845713439269 ) ;
#464 = CARTESIAN_POINT ( 'NONE',  ( -2.778164346255869166, 0.5013176973172520645, 0.3357828369005259050 ) ) ;
#465 = DIRECTION ( 'NONE',  ( -0.000000000000000000, -1.000000000000000000, -0.000000000000000000 ) ) ;
#466 = FACE_OUTER_BOUND ( 'NONE', #3704, .T. ) ;
#467 = VERTEX_POINT ( 'NONE', #3561 ) ;
#468 = EDGE_CURVE ( 'NONE', #8742, #2663, #7045, .T. ) ;
#469 = ORIENTED_EDGE ( 'NONE', *, *, #7257, .T. ) ;
#470 = B_SPLINE_CURVE_WITH_KNOTS ( 'NONE', 3,
 ( #5939, #7202, #6600, #3766 ),
 .UNSPECIFIED., .F., .F.,
 ( 4, 4 ),
 ( 0.001041878843619268398, 0.006534620678121657450 ),
 .UNSPECIFIED. ) ;
#471 = VERTEX_POINT ( 'NONE', #3608 ) ;
#472 = AXIS2_PLACEMENT_3D ( 'NONE', #7927, #1483, #2953 ) ;
#473 = DIRECTION ( 'NONE',  ( -0.000000000000000000, -1.000000000000000000, -0.000000000000000000 ) ) ;
#474 = CARTESIAN_POINT ( 'NONE',  ( 2.723726095389200630, 0.5560412871706276183, -0.1842284574521114993 ) ) ;
#475 = DIRECTION ( 'NONE',  ( 0.000000000000000000, 1.000000000000000000, -0.000000000000000000 ) ) ;
#477 = CARTESIAN_POINT ( 'NONE',  ( 2.143951337957556103, 0.8999999999999992450, 0.8327500588231765422 ) ) ;
#476 = CONICAL_SURFACE ( 'NONE', #8567, 2.299999999999999822, 0.8960553845713439269 ) ;
#478 = CARTESIAN_POINT ( 'NONE',  ( -1.404726711425079877, 0.5152387927717592131, -2.400106077889068601 ) ) ;
#479 = VERTEX_POINT ( 'NONE', #5594 ) ;
#480 = CIRCLE ( 'NONE', #2123, 0.7500000000000000000 ) ;
#481 = ADVANCED_FACE ( 'NONE', ( #7837 ), #2719, .T. ) ;
#482 = PLANE ( 'NONE',  #958 ) ;
#483 = AXIS2_PLACEMENT_3D ( 'NONE', #1301, #4163, #7036 ) ;
#484 = CYLINDRICAL_SURFACE ( 'NONE', #975, 0.1000000000000000888 ) ;
#485 = B_SPLINE_CURVE_WITH_KNOTS ( 'NONE', 3,
 ( #6384, #7139, #5678, #9283 ),
 .UNSPECIFIED., .F., .F.,
 ( 4, 4 ),
 ( 0.001041907151302077757, 0.006534648985770982743 ),
 .UNSPECIFIED. ) ;
#486 = PLANE ( 'NONE',  #1225 ) ;
#487 = DIRECTION ( 'NONE',  ( -0.4601665723526437435, 0.000000000000000000, 0.8878326000374276994 ) ) ;
#488 = VECTOR ( 'NONE', #8660, 100.0000000000000000 ) ;
#489 = CARTESIAN_POINT ( 'NONE',  ( -0.4487077406371120514, 0.8999999999999998002, 2.255806144927426704 ) ) ;
#490 = EDGE_LOOP ( 'NONE', ( #4155, #2672 ) ) ;
#491 = CARTESIAN_POINT ( 'NONE',  ( -2.006905556262545520, 0.000000000000000000, 1.836011441959789936 ) ) ;
#492 = VECTOR ( 'NONE', #6861, 100.0000000000000000 ) ;
#493 = ORIENTED_EDGE ( 'NONE', *, *, #4553, .T. ) ;
#494 = CARTESIAN_POINT ( 'NONE',  ( 1.794541407549366419, 0.5014441230611189626, 2.147011024526666478 ) ) ;
#495 = CARTESIAN_POINT ( 'NONE',  ( -1.445997286892676259, 0.4000000000000000222, -0.9727922061357825445 ) ) ;
#496 = EDGE_CURVE ( 'NONE', #4080, #7369, #1835, .T. ) ;
#497 = CARTESIAN_POINT ( 'NONE',  ( -1.357174072685348509, 0.5639694227494327361, 2.357262493485909882 ) ) ;
#498 = DIRECTION ( 'NONE',  ( -0.000000000000000000, 1.000000000000000000, -0.000000000000000000 ) ) ;
#499 = LINE ( 'NONE', #1114, #340 ) ;
#500 = AXIS2_PLACEMENT_3D ( 'NONE', #2489, #8786, #5217 ) ;
#501 = ORIENTED_EDGE ( 'NONE', *, *, #4109, .F. ) ;
#502 = ORIENTED_EDGE ( 'NONE', *, *, #652, .T. ) ;
#503 = CARTESIAN_POINT ( 'NONE',  ( -1.883521912966402034, 0.9000000000000004663, 1.319979243539603386 ) ) ;
#504 = ORIENTED_EDGE ( 'NONE', *, *, #2923, .T. ) ;
#505 = ORIENTED_EDGE ( 'NONE', *, *, #4456, .T. ) ;
#506 = LINE ( 'NONE', #419, #7809 ) ;
#507 = CARTESIAN_POINT ( 'NONE',  ( 2.770039643070350888, 0.5102758125174865489, 0.3086245775753247433 ) ) ;
#508 = B_SPLINE_CURVE_WITH_KNOTS ( 'NONE', 3,
 ( #7880, #8580, #5631, #4212, #8444, #599, #7089, #3463, #6290, #648 ),
 .UNSPECIFIED., .F., .F.,
 ( 4, 2, 2, 2, 4 ),
 ( 3.878959614448864246E-18, 0.0003819510935555857530, 0.0007639021871111676028, 0.001145853280666749453, 0.001527804374222331302 ),
 .UNSPECIFIED. ) ;
#509 = LINE ( 'NONE', #9061, #492 ) ;
#510 = LINE ( 'NONE', #7605, #5746 ) ;
#511 = CARTESIAN_POINT ( 'NONE',  ( 2.438073872837081879, 0.5639694227494327361, -1.205986615744112589 ) ) ;
#512 = VERTEX_POINT ( 'NONE', #6481 ) ;
#513 = ORIENTED_EDGE ( 'NONE', *, *, #2024, .T. ) ;
#514 = VERTEX_POINT ( 'NONE', #4127 ) ;
#515 = B_SPLINE_CURVE_WITH_KNOTS ( 'NONE', 3,
 ( #6106, #4778, #6943, #3985, #4020, #6236, #5315, #8213, #5397, #8169 ),
 .UNSPECIFIED., .F., .F.,
 ( 4, 2, 2, 2, 4 ),
 ( 0.000000000000000000, 0.0003831395918291021700, 0.0007662791836582047737, 0.001149418775487307540, 0.001532558367316409981 ),
 .UNSPECIFIED. ) ;
#516 = DIRECTION ( 'NONE',  ( -0.9962121075990952868, 0.000000000000000000, -0.08695652173913365202 ) ) ;
#517 = CARTESIAN_POINT ( 'NONE',  ( 0.000000000000000000, 0.000000000000000000, -1.600000000000000089 ) ) ;
#518 = EDGE_CURVE ( 'NONE', #4635, #8800, #7078, .T. ) ;
#519 = DIRECTION ( 'NONE',  ( 0.000000000000000000, 0.000000000000000000, 1.000000000000000000 ) ) ;
#520 = EDGE_CURVE ( 'NONE', #4096, #655, #7185, .T. ) ;
#521 = CARTESIAN_POINT ( 'NONE',  ( -0.4987091758571173816, 0.8999999999999998002, -2.245281531994576696 ) ) ;
#522 = CARTESIAN_POINT ( 'NONE',  ( -1.413852105465019937, 0.5338837825254050262, -2.367627359528448050 ) ) ;
#523 = ORIENTED_EDGE ( 'NONE', *, *, #5282, .F. ) ;
#524 = VECTOR ( 'NONE', #4382, 100.0000000000000000 ) ;
#525 = CARTESIAN_POINT ( 'NONE',  ( 2.566877592613710402, 0.5560460307591200690, -0.9293712985425032214 ) ) ;
#526 = ORIENTED_EDGE ( 'NONE', *, *, #5544, .T. ) ;
#527 = CARTESIAN_POINT ( 'NONE',  ( 2.790290679127234164, 0.5013176973172516204, 0.2126621130806902737 ) ) ;
#528 = FACE_OUTER_BOUND ( 'NONE', #4707, .T. ) ;
#529 = DIRECTION ( 'NONE',  ( 0.000000000000000000, 0.000000000000000000, 1.000000000000000000 ) ) ;
#530 = CARTESIAN_POINT ( 'NONE',  ( 0.000000000000000000, 0.9000000000000001332, 0.000000000000000000 ) ) ;
#531 = EDGE_CURVE ( 'NONE', #3377, #8402, #7671, .T. ) ;
#532 = CARTESIAN_POINT ( 'NONE',  ( -0.7995736333737388790, 0.5013837380188949089, 2.681603779540946864 ) ) ;
#533 = ADVANCED_FACE ( 'NONE', ( #9153 ), #2015, .T. ) ;
#534 = EDGE_CURVE ( 'NONE', #2516, #1984, #4923, .T. ) ;
#535 = ORIENTED_EDGE ( 'NONE', *, *, #993, .T. ) ;
#536 = DIRECTION ( 'NONE',  ( 0.4999999999999996669, 0.000000000000000000, 0.8660254037844389297 ) ) ;
#537 = LINE ( 'NONE', #7678, #5873 ) ;
#538 = ORIENTED_EDGE ( 'NONE', *, *, #8164, .T. ) ;
#539 = LINE ( 'NONE', #5435, #4072 ) ;
#540 = DIRECTION ( 'NONE',  ( -1.000000000000000000, 0.000000000000000000, 0.000000000000000000 ) ) ;
#541 = FACE_OUTER_BOUND ( 'NONE', #8784, .T. ) ;
#542 = CARTESIAN_POINT ( 'NONE',  ( -2.640397104793552607, 0.5087298616803532791, 0.8985699425822333275 ) ) ;
#543 = DIRECTION ( 'NONE',  ( 0.9962121075990957308, 0.000000000000000000, 0.08695652173913022420 ) ) ;
#544 = EDGE_LOOP ( 'NONE', ( #2244, #2943, #6206, #4033 ) ) ;
#545 = ORIENTED_EDGE ( 'NONE', *, *, #2701, .T. ) ;
#546 = EDGE_CURVE ( 'NONE', #2298, #3886, #4223, .T. ) ;
#547 = CARTESIAN_POINT ( 'NONE',  ( -1.272792206135788140, 1.000000000000000000, 1.072792206135783299 ) ) ;
#548 = EDGE_LOOP ( 'NONE', ( #8997, #2763, #1528, #3369 ) ) ;
#549 = VERTEX_POINT ( 'NONE', #48 ) ;
#550 = CARTESIAN_POINT ( 'NONE',  ( 0.7949084059125601787, 0.000000000000000000, 2.678525685088086750 ) ) ;
#551 = CARTESIAN_POINT ( 'NONE',  ( -2.641564709370459951, 0.5639694227494318479, -0.6486476801571916528 ) ) ;
#552 = DIRECTION ( 'NONE',  ( -0.000000000000000000, -1.000000000000000000, -0.000000000000000000 ) ) ;
#553 = CARTESIAN_POINT ( 'NONE',  ( 0.000000000000000000, 0.9000000000000001332, 0.000000000000000000 ) ) ;
#554 = PLANE ( 'NONE',  #7821 ) ;
#555 = ORIENTED_EDGE ( 'NONE', *, *, #779, .T. ) ;
#556 = ORIENTED_EDGE ( 'NONE', *, *, #6688, .F. ) ;
#557 = AXIS2_PLACEMENT_3D ( 'NONE', #1370, #7717, #1417 ) ;
#558 = B_SPLINE_CURVE_WITH_KNOTS ( 'NONE', 3,
 ( #6837, #1096, #398, #6130, #8902, #437, #2597, #1755, #7487, #1045 ),
 .UNSPECIFIED., .F., .F.,
 ( 4, 2, 2, 2, 4 ),
 ( 0.000000000000000000, 0.0003831395918291008690, 0.0007662791836582017379, 0.001149418775487302553, 0.001532558367316403476 ),
 .UNSPECIFIED. ) ;
#559 = VERTEX_POINT ( 'NONE', #742 ) ;
#560 = EDGE_CURVE ( 'NONE', #4945, #2437, #1307, .T. ) ;
#561 = CARTESIAN_POINT ( 'NONE',  ( 0.9263820446220125682, 0.8000000000000000444, 1.272792206135783255 ) ) ;
#562 = ADVANCED_FACE ( 'NONE', ( #4170, #1351 ), #7142, .F. ) ;
#563 = ORIENTED_EDGE ( 'NONE', *, *, #991, .F. ) ;
#564 = CARTESIAN_POINT ( 'NONE',  ( 2.472221299652506143, 0.5560460307591186258, 1.157891804773409250 ) ) ;
#565 = DIRECTION ( 'NONE',  ( 0.4615712193528357932, 0.000000000000000000, -0.8871031560450770570 ) ) ;
#566 = CARTESIAN_POINT ( 'NONE',  ( -0.7374309401609248082, 0.000000000000000000, 2.595548052135197459 ) ) ;
#567 = DIRECTION ( 'NONE',  ( 0.000000000000000000, 0.000000000000000000, 1.000000000000000000 ) ) ;
#568 = DIRECTION ( 'NONE',  ( -0.000000000000000000, 1.000000000000000000, -0.000000000000000000 ) ) ;
#569 = ORIENTED_EDGE ( 'NONE', *, *, #7370, .F. ) ;
#570 = DIRECTION ( 'NONE',  ( 0.2781170528593689961, 0.000000000000000000, -0.9605471903601712214 ) ) ;
#571 = ORIENTED_EDGE ( 'NONE', *, *, #1658, .T. ) ;
#572 = CARTESIAN_POINT ( 'NONE',  ( 0.000000000000000000, 0.9000000000000001332, 0.000000000000000000 ) ) ;
#573 = CARTESIAN_POINT ( 'NONE',  ( -0.2255907582982731308, 0.5013837380188957971, 2.789162174454038023 ) ) ;
#574 = CARTESIAN_POINT ( 'NONE',  ( -2.674060791373476853, 0.5153265304226564147, 0.7632526928441923930 ) ) ;
#575 = CARTESIAN_POINT ( 'NONE',  ( -0.8712172545039849059, 0.000000000000000000, 2.576739882529722525 ) ) ;
#576 = AXIS2_PLACEMENT_3D ( 'NONE', #6661, #771, #960 ) ;
#577 = CARTESIAN_POINT ( 'NONE',  ( -2.055160654053834079, 0.000000000000000000, 1.748424653360405756 ) ) ;
#578 = EDGE_CURVE ( 'NONE', #3364, #744, #5777, .T. ) ;
#579 = ADVANCED_FACE ( 'NONE', ( #2909 ), #6387, .T. ) ;
#580 = LINE ( 'NONE', #4146, #7525 ) ;
#581 = EDGE_CURVE ( 'NONE', #4600, #1396, #1398, .T. ) ;
#582 = ORIENTED_EDGE ( 'NONE', *, *, #253, .F. ) ;
#583 = CARTESIAN_POINT ( 'NONE',  ( -0.4045924925238673087, 0.000000000000000000, -2.770614537425465151 ) ) ;
#584 = DIRECTION ( 'NONE',  ( 0.000000000000000000, 0.000000000000000000, -1.000000000000000000 ) ) ;
#585 = ADVANCED_FACE ( 'NONE', ( #4269 ), #9289, .T. ) ;
#586 = CARTESIAN_POINT ( 'NONE',  ( 1.776081393760269744, 0.5013214747924601422, 2.162507107221604663 ) ) ;
#587 = DIRECTION ( 'NONE',  ( 0.000000000000000000, 1.000000000000000000, -0.000000000000000000 ) ) ;
#588 = FACE_OUTER_BOUND ( 'NONE', #2299, .T. ) ;
#589 = VECTOR ( 'NONE', #829, 100.0000000000000142 ) ;
#590 = ORIENTED_EDGE ( 'NONE', *, *, #1273, .F. ) ;
#591 = AXIS2_PLACEMENT_3D ( 'NONE', #3528, #6397, #5689 ) ;
#592 = DIRECTION ( 'NONE',  ( -0.000000000000000000, 1.000000000000000000, -0.000000000000000000 ) ) ;
#593 = EDGE_CURVE ( 'NONE', #1632, #2934, #1840, .T. ) ;
#594 = ORIENTED_EDGE ( 'NONE', *, *, #1450, .T. ) ;
#595 = ORIENTED_EDGE ( 'NONE', *, *, #3619, .F. ) ;
#596 = CARTESIAN_POINT ( 'NONE',  ( 1.165571954691898560, 0.5482992156844552767, -2.479318893422944647 ) ) ;
#597 = FACE_OUTER_BOUND ( 'NONE', #236, .T. ) ;
#598 = CARTESIAN_POINT ( 'NONE',  ( 1.721158666054844355, 0.000000000000000000, 2.178048827317045966 ) ) ;
#599 = CARTESIAN_POINT ( 'NONE',  ( -1.351145364016222983, 0.5153265304226569699, 2.430547673754274385 ) ) ;
#600 = DIRECTION ( 'NONE',  ( -0.000000000000000000, -1.000000000000000000, -0.000000000000000000 ) ) ;
#601 = VECTOR ( 'NONE', #6210, 100.0000000000000000 ) ;
#602 = VERTEX_POINT ( 'NONE', #4420 ) ;
#603 = ORIENTED_EDGE ( 'NONE', *, *, #581, .F. ) ;
#604 = ORIENTED_EDGE ( 'NONE', *, *, #3274, .F. ) ;
#605 = DIRECTION ( 'NONE',  ( -3.469446951953611033E-15, 0.000000000000000000, 1.000000000000000000 ) ) ;
#606 = CIRCLE ( 'NONE', #2856, 2.299999999999999822 ) ;
#607 = ORIENTED_EDGE ( 'NONE', *, *, #4266, .T. ) ;
#608 = ORIENTED_EDGE ( 'NONE', *, *, #301, .F. ) ;
#609 = PLANE ( 'NONE',  #4360 ) ;
#610 = CARTESIAN_POINT ( 'NONE',  ( -0.7716099316312707845, 0.000000000000000000, 2.585593199994428382 ) ) ;
#611 = CARTESIAN_POINT ( 'NONE',  ( 1.940294437034820074, 0.8999999999999995781, 1.235013156857745820 ) ) ;
#612 = EDGE_CURVE ( 'NONE', #7814, #3076, #5104, .T. ) ;
#613 = DIRECTION ( 'NONE',  ( -0.6441522441032677682, 0.000000000000000000, -0.7648973044904290308 ) ) ;
#614 = DIRECTION ( 'NONE',  ( -0.1074922124228249593, 0.000000000000000000, -0.9942059264903053695 ) ) ;
#615 = AXIS2_PLACEMENT_3D ( 'NONE', #723, #2036, #3586 ) ;
#616 = EDGE_CURVE ( 'NONE', #2613, #3157, #5966, .T. ) ;
#617 = EDGE_LOOP ( 'NONE', ( #1967, #1773, #7597, #1686, #8413, #3319 ) ) ;
#618 = CIRCLE ( 'NONE', #3465, 0.1000000000000000888 ) ;
#619 = CARTESIAN_POINT ( 'NONE',  ( 2.663179691528182680, 0.5013837380188959081, -0.8589474700274848384 ) ) ;
#620 = ORIENTED_EDGE ( 'NONE', *, *, #7543, .T. ) ;
#621 = CIRCLE ( 'NONE', #6176, 2.299999999999999822 ) ;
#622 = LINE ( 'NONE', #670, #8183 ) ;
#623 = DIRECTION ( 'NONE',  ( 0.8758678859938391348, 0.000000000000000000, -0.4825509779128867582 ) ) ;
#624 = CARTESIAN_POINT ( 'NONE',  ( 1.251975859719255402, 0.5251102698364270571, 2.469373013729008637 ) ) ;
#625 = CARTESIAN_POINT ( 'NONE',  ( 0.4116107342882320275, 0.5639694227494325141, 2.688714289429698479 ) ) ;
#626 = VECTOR ( 'NONE', #7740, 100.0000000000000000 ) ;
#627 = VECTOR ( 'NONE', #1944, 100.0000000000000000 ) ;
#628 = CARTESIAN_POINT ( 'NONE',  ( 1.912380108295856695, 0.000000000000000000, -1.277811535945081012 ) ) ;
#629 = FACE_OUTER_BOUND ( 'NONE', #6161, .T. ) ;
#630 = VERTEX_POINT ( 'NONE', #4363 ) ;
#631 = PLANE ( 'NONE',  #341 ) ;
#632 = AXIS2_PLACEMENT_3D ( 'NONE', #7157, #4286, #529 ) ;
#633 = DIRECTION ( 'NONE',  ( -0.000000000000000000, -1.000000000000000000, -0.000000000000000000 ) ) ;
#634 = FACE_OUTER_BOUND ( 'NONE', #7995, .T. ) ;
#635 = CARTESIAN_POINT ( 'NONE',  ( -2.605355241157564450, 0.5290416403623670050, 0.9220537758157577590 ) ) ;
#636 = CARTESIAN_POINT ( 'NONE',  ( 2.171495263774704476, 0.5013837380188954640, 1.764915053207602780 ) ) ;
#637 = VECTOR ( 'NONE', #4950, 100.0000000000000000 ) ;
#638 = EDGE_CURVE ( 'NONE', #4135, #6014, #3751, .T. ) ;
#639 = CIRCLE ( 'NONE', #4085, 0.1000000000000000888 ) ;
#640 = VECTOR ( 'NONE', #9249, 100.0000000000000000 ) ;
#641 = EDGE_LOOP ( 'NONE', ( #7463, #4460, #8399, #2857 ) ) ;
#642 = CARTESIAN_POINT ( 'NONE',  ( -1.696112466112370987, 0.5087558807534239280, 2.214079092018714778 ) ) ;
#643 = ORIENTED_EDGE ( 'NONE', *, *, #1566, .F. ) ;
#644 = ORIENTED_EDGE ( 'NONE', *, *, #1484, .F. ) ;
#645 = DIRECTION ( 'NONE',  ( 0.000000000000000000, -1.000000000000000000, 0.000000000000000000 ) ) ;
#646 = DIRECTION ( 'NONE',  ( -0.000000000000000000, -1.000000000000000000, -0.000000000000000000 ) ) ;
#647 = LINE ( 'NONE', #3512, #6665 ) ;
#648 = CARTESIAN_POINT ( 'NONE',  ( -1.307364995081803372, 0.5013837380188953530, 2.474088437236940496 ) ) ;
#649 = AXIS2_PLACEMENT_3D ( 'NONE', #1193, #3359, #5523 ) ;
#650 = DIRECTION ( 'NONE',  ( 0.8871031560450736153, 0.000000000000000000, 0.4615712193528422880 ) ) ;
#651 = ORIENTED_EDGE ( 'NONE', *, *, #712, .T. ) ;
#652 = EDGE_CURVE ( 'NONE', #330, #4825, #7087, .T. ) ;
#653 = ORIENTED_EDGE ( 'NONE', *, *, #9197, .T. ) ;
#654 = CARTESIAN_POINT ( 'NONE',  ( -1.883521912966402034, 0.000000000000000000, 1.319979243539603386 ) ) ;
#655 = VERTEX_POINT ( 'NONE', #838 ) ;
#656 = ORIENTED_EDGE ( 'NONE', *, *, #3229, .F. ) ;
#657 = CARTESIAN_POINT ( 'NONE',  ( -1.875677327064306343, 0.000000000000000000, -2.078902249923477275 ) ) ;
#658 = CIRCLE ( 'NONE', #3813, 0.1000000000000000888 ) ;
#659 = CARTESIAN_POINT ( 'NONE',  ( -0.7071693041342074215, 0.000000000000000000, -2.626503284226975321 ) ) ;
#660 = FACE_OUTER_BOUND ( 'NONE', #1441, .T. ) ;
#661 = VECTOR ( 'NONE', #5530, 100.0000000000000000 ) ;
#662 = DIRECTION ( 'NONE',  ( -0.000000000000000000, -1.000000000000000000, -0.000000000000000000 ) ) ;
#663 = CARTESIAN_POINT ( 'NONE',  ( 1.272792206135787918, 0.000000000000000000, -1.272792206135783477 ) ) ;
#664 = ORIENTED_EDGE ( 'NONE', *, *, #7371, .F. ) ;
#665 = EDGE_CURVE ( 'NONE', #9016, #8168, #6191, .T. ) ;
#666 = LINE ( 'NONE', #2313, #7049 ) ;
#667 = DIRECTION ( 'NONE',  ( -0.000000000000000000, -1.000000000000000000, -0.000000000000000000 ) ) ;
#668 = EDGE_LOOP ( 'NONE', ( #6181, #1689, #5789, #6617 ) ) ;
#669 = EDGE_CURVE ( 'NONE', #3943, #1656, #8680, .T. ) ;
#670 = CARTESIAN_POINT ( 'NONE',  ( 1.662073109026489526, 0.000000000000000000, 1.589815391877628992 ) ) ;
#671 = CARTESIAN_POINT ( 'NONE',  ( 2.673891364733723908, 0.5013837380188960191, -0.8249980577172220109 ) ) ;
#672 = CARTESIAN_POINT ( 'NONE',  ( 1.626345596729050325, 0.9000000000000002442, 1.626345596729067422 ) ) ;
#673 = CARTESIAN_POINT ( 'NONE',  ( -2.215025489070310272, 0.5101996115923989050, -1.691910309535860524 ) ) ;
#674 = AXIS2_PLACEMENT_3D ( 'NONE', #7442, #8659, #5337 ) ;
#675 = B_SPLINE_CURVE_WITH_KNOTS ( 'NONE', 3,
 ( #2744, #1997, #2788, #9226, #5661, #2080, #4860, #2132, #7864, #1287 ),
 .UNSPECIFIED., .F., .F.,
 ( 4, 2, 2, 2, 4 ),
 ( 0.000000000000000000, 0.0003819510935555809283, 0.0007639021871111618565, 0.001145853280666742731, 0.001527804374222323713 ),
 .UNSPECIFIED. ) ;
#676 = DIRECTION ( 'NONE',  ( -0.000000000000000000, 1.000000000000000000, -0.000000000000000000 ) ) ;
#677 = DIRECTION ( 'NONE',  ( -0.000000000000000000, -1.000000000000000000, -0.000000000000000000 ) ) ;
#678 = VERTEX_POINT ( 'NONE', #2439 ) ;
#679 = DIRECTION ( 'NONE',  ( 0.4615712193528387353, 0.000000000000000000, -0.8871031560450753917 ) ) ;
#680 = DIRECTION ( 'NONE',  ( -0.000000000000000000, 1.000000000000000000, -0.000000000000000000 ) ) ;
#681 = CARTESIAN_POINT ( 'NONE',  ( -1.319979243539597169, 0.000000000000000000, -1.883521912966406475 ) ) ;
#682 = CARTESIAN_POINT ( 'NONE',  ( 2.373901100193238189, 0.000000000000000000, -1.282679870018537338 ) ) ;
#683 = DIRECTION ( 'NONE',  ( -0.000000000000000000, 1.000000000000000000, -0.000000000000000000 ) ) ;
#684 = ORIENTED_EDGE ( 'NONE', *, *, #5847, .F. ) ;
#685 = DIRECTION ( 'NONE',  ( -1.000000000000000000, 0.000000000000000000, 0.000000000000000000 ) ) ;
#686 = ORIENTED_EDGE ( 'NONE', *, *, #2223, .F. ) ;
#687 = ORIENTED_EDGE ( 'NONE', *, *, #7044, .F. ) ;
#688 = CARTESIAN_POINT ( 'NONE',  ( 0.000000000000000000, 0.4000000000000000222, 0.000000000000000000 ) ) ;
#689 = DIRECTION ( 'NONE',  ( 0.000000000000000000, 1.000000000000000000, 0.000000000000000000 ) ) ;
#690 = DIRECTION ( 'NONE',  ( 0.000000000000000000, 0.000000000000000000, 1.000000000000000000 ) ) ;
#691 = LINE ( 'NONE', #3553, #1227 ) ;
#692 = DIRECTION ( 'NONE',  ( 0.000000000000000000, 1.000000000000000000, -0.000000000000000000 ) ) ;
#693 = VERTEX_POINT ( 'NONE', #7374 ) ;
#694 = ORIENTED_EDGE ( 'NONE', *, *, #5529, .F. ) ;
#695 = CARTESIAN_POINT ( 'NONE',  ( -2.037498207990738663, 0.5392098668077107693, 1.848424653360433823 ) ) ;
#696 = EDGE_CURVE ( 'NONE', #6963, #5794, #6721, .T. ) ;
#697 = ORIENTED_EDGE ( 'NONE', *, *, #5699, .T. ) ;
#698 = VERTEX_POINT ( 'NONE', #5114 ) ;
#699 = CARTESIAN_POINT ( 'NONE',  ( -1.282339612110517946, 0.5102758125174877701, -2.474666416565493687 ) ) ;
#700 = EDGE_CURVE ( 'NONE', #379, #4173, #963, .T. ) ;
#701 = CARTESIAN_POINT ( 'NONE',  ( 2.673891364733723908, 0.5013837380188960191, -0.8249980577172220109 ) ) ;
#702 = EDGE_CURVE ( 'NONE', #8351, #7949, #8578, .T. ) ;
#703 = FACE_OUTER_BOUND ( 'NONE', #2858, .T. ) ;
#704 = CARTESIAN_POINT ( 'NONE',  ( 1.721158666054844355, 0.000000000000000000, 2.078048827317045877 ) ) ;
#705 = ADVANCED_FACE ( 'NONE', ( #139 ), #1545, .T. ) ;
#706 = CARTESIAN_POINT ( 'NONE',  ( -2.501116037325057384, 0.000000000000000000, 1.258736893808789281 ) ) ;
#707 = CARTESIAN_POINT ( 'NONE',  ( 2.681603779540948196, 0.000000000000000000, 0.7995736333737297752 ) ) ;
#708 = ORIENTED_EDGE ( 'NONE', *, *, #6248, .T. ) ;
#709 = B_SPLINE_CURVE_WITH_KNOTS ( 'NONE', 3,
 ( #1586, #6673, #3184, #4555, #2295, #2340, #6810, #8776 ),
 .UNSPECIFIED., .F., .F.,
 ( 4, 2, 2, 4 ),
 ( 4.249187360970369464E-18, 0.0003058462023089964042, 0.0006116924046179885799, 0.001223384809235965234 ),
 .UNSPECIFIED. ) ;
#710 = CARTESIAN_POINT ( 'NONE',  ( -1.099587125378900243, 0.8000000000000000444, -1.572792206135783744 ) ) ;
#711 = DIRECTION ( 'NONE',  ( 0.000000000000000000, 0.000000000000000000, 1.000000000000000000 ) ) ;
#712 = EDGE_CURVE ( 'NONE', #5968, #8311, #2981, .T. ) ;
#713 = ORIENTED_EDGE ( 'NONE', *, *, #71, .T. ) ;
#714 = DIRECTION ( 'NONE',  ( 0.000000000000000000, 0.000000000000000000, 1.000000000000000000 ) ) ;
#715 = DIRECTION ( 'NONE',  ( -0.4825509779128867582, 0.000000000000000000, -0.8758678859938391348 ) ) ;
#716 = FACE_BOUND ( 'NONE', #3683, .T. ) ;
#717 = CARTESIAN_POINT ( 'NONE',  ( -0.7374309401609251413, 0.5043207825269405697, 2.695548052135197548 ) ) ;
#718 = ORIENTED_EDGE ( 'NONE', *, *, #1283, .T. ) ;
#719 = LINE ( 'NONE', #3582, #3876 ) ;
#720 = DIRECTION ( 'NONE',  ( 0.8766305499217037500, 0.000000000000000000, -0.4811640873381673456 ) ) ;
#721 = ORIENTED_EDGE ( 'NONE', *, *, #5418, .T. ) ;
#722 = DIRECTION ( 'NONE',  ( 0.000000000000000000, 0.000000000000000000, 1.000000000000000000 ) ) ;
#723 = CARTESIAN_POINT ( 'NONE',  ( 2.714544907353800607, 0.000000000000000000, 0.6864735580920388047 ) ) ;
#724 = CARTESIAN_POINT ( 'NONE',  ( -1.626345596729073639, 0.9000000000000002442, 1.626345596729044107 ) ) ;
#725 = CARTESIAN_POINT ( 'NONE',  ( 2.047196828785476264, 0.5639694227494324030, 1.790975452365395792 ) ) ;
#726 = CARTESIAN_POINT ( 'NONE',  ( 0.4239514176985380023, 0.6763576274057465643, 2.544703144519311788 ) ) ;
#727 = ADVANCED_FACE ( 'NONE', ( #5868 ), #883, .T. ) ;
#728 = B_SPLINE_CURVE_WITH_KNOTS ( 'NONE', 3,
 ( #7173, #6328, #4821, #642, #9187, #1293 ),
 .UNSPECIFIED., .F., .F.,
 ( 4, 2, 4 ),
 ( 0.000000000000000000, 0.0003491754632317648128, 0.0006983509264635296256 ),
 .UNSPECIFIED. ) ;
#729 = ADVANCED_FACE ( 'NONE', ( #4510 ), #927, .T. ) ;
#730 = ORIENTED_EDGE ( 'NONE', *, *, #6713, .T. ) ;
#731 = LINE ( 'NONE', #9232, #3507 ) ;
#732 = VERTEX_POINT ( 'NONE', #5356 ) ;
#733 = VERTEX_POINT ( 'NONE', #2484 ) ;
#734 = DIRECTION ( 'NONE',  ( -0.000000000000000000, -1.000000000000000000, -0.000000000000000000 ) ) ;
#735 = LINE ( 'NONE', #5771, #7216 ) ;
#736 = EDGE_CURVE ( 'NONE', #1348, #3377, #2411, .T. ) ;
#737 = CARTESIAN_POINT ( 'NONE',  ( 0.000000000000000000, 1.000000000000000000, 0.000000000000000000 ) ) ;
#738 = CARTESIAN_POINT ( 'NONE',  ( -0.3984848430396540353, 0.000000000000000000, 2.265217391304344741 ) ) ;
#739 = FACE_OUTER_BOUND ( 'NONE', #6813, .T. ) ;
#740 = ORIENTED_EDGE ( 'NONE', *, *, #1748, .F. ) ;
#741 = VERTEX_POINT ( 'NONE', #7599 ) ;
#742 = CARTESIAN_POINT ( 'NONE',  ( -2.143951337957551218, 0.000000000000000000, -0.8327500588231913081 ) ) ;
#743 = EDGE_LOOP ( 'NONE', ( #2152, #7012, #8159, #5373, #2271, #8811, #6866 ) ) ;
#744 = VERTEX_POINT ( 'NONE', #503 ) ;
#745 = CARTESIAN_POINT ( 'NONE',  ( 1.748424653360413084, 0.000000000000000000, 2.055160654053827862 ) ) ;
#746 = CARTESIAN_POINT ( 'NONE',  ( 1.345180208849307890, 0.5102758125174863268, -2.441077417818820372 ) ) ;
#747 = FACE_OUTER_BOUND ( 'NONE', #3314, .T. ) ;
#748 = PLANE ( 'NONE',  #4217 ) ;
#749 = CARTESIAN_POINT ( 'NONE',  ( 0.000000000000000000, 0.000000000000000000, 0.000000000000000000 ) ) ;
#750 = ORIENTED_EDGE ( 'NONE', *, *, #7677, .T. ) ;
#751 = EDGE_CURVE ( 'NONE', #7360, #512, #928, .T. ) ;
#752 = VECTOR ( 'NONE', #1830, 100.0000000000000000 ) ;
#753 = CARTESIAN_POINT ( 'NONE',  ( -1.235013156857752259, 0.000000000000000000, 1.940294437034814745 ) ) ;
#754 = CARTESIAN_POINT ( 'NONE',  ( -2.681603779540944199, 0.5013837380188949089, -0.7995736333737475388 ) ) ;
#755 = EDGE_LOOP ( 'NONE', ( #8072, #8490, #4207, #9162 ) ) ;
#756 = CARTESIAN_POINT ( 'NONE',  ( 1.099587125378900243, 0.8000000000000000444, 0.9727922061357835437 ) ) ;
#757 = VECTOR ( 'NONE', #2007, 100.0000000000000142 ) ;
#758 = CARTESIAN_POINT ( 'NONE',  ( -0.9263820446220129012, 0.8000000000000000444, 1.272792206135783477 ) ) ;
#759 = DIRECTION ( 'NONE',  ( -0.000000000000000000, 1.000000000000000000, 0.000000000000000000 ) ) ;
#760 = ORIENTED_EDGE ( 'NONE', *, *, #1850, .F. ) ;
#761 = ORIENTED_EDGE ( 'NONE', *, *, #8860, .T. ) ;
#762 = EDGE_CURVE ( 'NONE', #6367, #4560, #6795, .T. ) ;
#763 = AXIS2_PLACEMENT_3D ( 'NONE', #2869, #2487, #980 ) ;
#764 = CARTESIAN_POINT ( 'NONE',  ( -1.296838276274010937, 0.5014441230611186295, 2.479565624870404772 ) ) ;
#765 = AXIS2_PLACEMENT_3D ( 'NONE', #7606, #4785, #6159 ) ;
#766 = LINE ( 'NONE', #7208, #6363 ) ;
#767 = ORIENTED_EDGE ( 'NONE', *, *, #6167, .T. ) ;
#768 = DIRECTION ( 'NONE',  ( 0.08853317464705226514, 0.000000000000000000, -0.9960732287271426566 ) ) ;
#769 = CARTESIAN_POINT ( 'NONE',  ( 1.912380108295856695, 0.8999999999999999112, -1.277811535945081012 ) ) ;
#770 = CARTESIAN_POINT ( 'NONE',  ( 1.743258553959786017, 0.5093003626669442285, 2.176282380700748753 ) ) ;
#771 = DIRECTION ( 'NONE',  ( -0.000000000000000000, -1.000000000000000000, -0.000000000000000000 ) ) ;
#772 = B_SPLINE_CURVE_WITH_KNOTS ( 'NONE', 3,
 ( #7855, #527, #3391, #8697, #5790, #1459, #5979, #1605, #8002, #4332 ),
 .UNSPECIFIED., .F., .F.,
 ( 4, 2, 2, 2, 4 ),
 ( 0.000000000000000000, 0.0003831395918291021158, 0.0007662791836582042316, 0.001149418775487306456, 0.001532558367316408463 ),
 .UNSPECIFIED. ) ;
#773 = CARTESIAN_POINT ( 'NONE',  ( 1.286311557466201405, 0.5014441230611185185, -2.485042812503878373 ) ) ;
#774 = AXIS2_PLACEMENT_3D ( 'NONE', #4153, #5393, #6190 ) ;
#775 = ORIENTED_EDGE ( 'NONE', *, *, #5819, .F. ) ;
#776 = EDGE_LOOP ( 'NONE', ( #3244, #277, #2174, #6991 ) ) ;
#777 = CARTESIAN_POINT ( 'NONE',  ( 1.319979243539610270, 0.000000000000000000, 1.883521912966397371 ) ) ;
#778 = VECTOR ( 'NONE', #1004, 100.0000000000000142 ) ;
#779 = EDGE_CURVE ( 'NONE', #847, #5786, #3188, .T. ) ;
#780 = EDGE_LOOP ( 'NONE', ( #9188, #6049, #7027, #5097 ) ) ;
#781 = VERTEX_POINT ( 'NONE', #416 ) ;
#782 = CARTESIAN_POINT ( 'NONE',  ( 2.104845743231122057, 0.9000000000000004663, -0.9271593159763984460 ) ) ;
#783 = CARTESIAN_POINT ( 'NONE',  ( 0.7949084059125601787, 0.000000000000000000, 2.578525685088086661 ) ) ;
#784 = CIRCLE ( 'NONE', #7246, 0.1000000000000000056 ) ;
#785 = DIRECTION ( 'NONE',  ( 0.000000000000000000, 1.000000000000000000, -0.000000000000000000 ) ) ;
#786 = CYLINDRICAL_SURFACE ( 'NONE', #6192, 0.6500000000000000222 ) ;
#787 = LINE ( 'NONE', #4264, #21 ) ;
#788 = AXIS2_PLACEMENT_3D ( 'NONE', #8850, #4488, #2415 ) ;
#789 = VECTOR ( 'NONE', #5423, 100.0000000000000000 ) ;
#790 = VERTEX_POINT ( 'NONE', #4695 ) ;
#791 = EDGE_LOOP ( 'NONE', ( #1543, #8423, #2023, #5660 ) ) ;
#792 = CIRCLE ( 'NONE', #2892, 0.2000000000000000111 ) ;
#793 = CARTESIAN_POINT ( 'NONE',  ( -2.673891364733731457, 0.000000000000000000, 0.8249980577172025820 ) ) ;
#794 = VERTEX_POINT ( 'NONE', #8927 ) ;
#795 = VECTOR ( 'NONE', #2049, 100.0000000000000000 ) ;
#796 = VERTEX_POINT ( 'NONE', #7559 ) ;
#797 = DIRECTION ( 'NONE',  ( -0.000000000000000000, -1.000000000000000000, -0.000000000000000000 ) ) ;
#798 = CARTESIAN_POINT ( 'NONE',  ( -0.7426309445240842910, 0.5271463900493873478, -2.664526311443977669 ) ) ;
#799 = PLANE ( 'NONE',  #9044 ) ;
#800 = CARTESIAN_POINT ( 'NONE',  ( 1.409205145698862793, 0.5639694227494322920, 2.326531492178988803 ) ) ;
#801 = CARTESIAN_POINT ( 'NONE',  ( 2.713997647364021493, 0.5639694227494324030, -0.1811758727515953293 ) ) ;
#802 = VERTEX_POINT ( 'NONE', #1200 ) ;
#803 = EDGE_LOOP ( 'NONE', ( #3235, #8858, #8021, #8619 ) ) ;
#804 = EDGE_CURVE ( 'NONE', #4909, #8637, #7462, .T. ) ;
#805 = DIRECTION ( 'NONE',  ( -0.2811562814652273645, 0.000000000000000000, 0.9596619953882959964 ) ) ;
#806 = DIRECTION ( 'NONE',  ( 0.000000000000000000, 1.000000000000000000, 0.000000000000000000 ) ) ;
#807 = ORIENTED_EDGE ( 'NONE', *, *, #1927, .T. ) ;
#808 = EDGE_CURVE ( 'NONE', #870, #2474, #6196, .T. ) ;
#809 = FACE_OUTER_BOUND ( 'NONE', #3696, .T. ) ;
#810 = PERSON_AND_ORGANIZATION_ROLE ( 'design_supplier' ) ;
#811 = DIRECTION ( 'NONE',  ( 0.000000000000000000, 0.000000000000000000, -1.000000000000000000 ) ) ;
#812 = CARTESIAN_POINT ( 'NONE',  ( 0.8589474700274756236, 0.5013837380188962412, 2.663179691528185788 ) ) ;
#813 = ORIENTED_EDGE ( 'NONE', *, *, #8550, .T. ) ;
#814 = ORIENTED_EDGE ( 'NONE', *, *, #5725, .F. ) ;
#815 = LINE ( 'NONE', #8556, #7029 ) ;
#816 = DIRECTION ( 'NONE',  ( 0.4999999999999994449, 0.000000000000000000, 0.8660254037844389297 ) ) ;
#817 = EDGE_CURVE ( 'NONE', #3192, #387, #5167, .T. ) ;
#818 = LINE ( 'NONE', #3688, #7984 ) ;
#819 = CARTESIAN_POINT ( 'NONE',  ( -1.272792206135788140, 0.000000000000000000, -1.072792206135783299 ) ) ;
#820 = EDGE_CURVE ( 'NONE', #1710, #7739, #1866, .T. ) ;
#821 = LINE ( 'NONE', #5948, #3327 ) ;
#822 = CARTESIAN_POINT ( 'NONE',  ( 1.445997286892675815, 0.4000000000000000222, 0.9727922061357835437 ) ) ;
#823 = EDGE_CURVE ( 'NONE', #5489, #5041, #6364, .T. ) ;
#824 = DIRECTION ( 'NONE',  ( -3.469446951953611033E-15, 0.000000000000000000, 1.000000000000000000 ) ) ;
#825 = ORIENTED_EDGE ( 'NONE', *, *, #1683, .F. ) ;
#826 = ORIENTED_EDGE ( 'NONE', *, *, #989, .F. ) ;
#827 = ORIENTED_EDGE ( 'NONE', *, *, #1464, .T. ) ;
#828 = ORIENTED_EDGE ( 'NONE', *, *, #2871, .F. ) ;
#829 = DIRECTION ( 'NONE',  ( 0.8773910177833306179, 0.000000000000000000, -0.4797759913888261507 ) ) ;
#830 = CARTESIAN_POINT ( 'NONE',  ( -2.779579779042261389, 0.5013837380188957971, 0.3228824516354841245 ) ) ;
#831 = EDGE_CURVE ( 'NONE', #5541, #7949, #458, .T. ) ;
#832 = LINE ( 'NONE', #4597, #6062 ) ;
#833 = DIRECTION ( 'NONE',  ( -0.000000000000000000, 1.000000000000000000, -0.000000000000000000 ) ) ;
#834 = CARTESIAN_POINT ( 'NONE',  ( 0.000000000000000000, 0.4000000000000000222, 0.000000000000000000 ) ) ;
#835 = ADVANCED_FACE ( 'NONE', ( #1068 ), #9007, .T. ) ;
#836 = ORIENTED_EDGE ( 'NONE', *, *, #6116, .T. ) ;
#837 = ORIENTED_EDGE ( 'NONE', *, *, #3485, .F. ) ;
#838 = CARTESIAN_POINT ( 'NONE',  ( 1.099587125378899355, 0.8000000000000000444, -1.572792206135783744 ) ) ;
#839 = VERTEX_POINT ( 'NONE', #1118 ) ;
#840 = ORIENTED_EDGE ( 'NONE', *, *, #7114, .T. ) ;
#841 = CARTESIAN_POINT ( 'NONE',  ( -1.748424653360398873, 0.000000000000000000, -2.055160654053840297 ) ) ;
#842 = DIRECTION ( 'NONE',  ( 0.000000000000000000, 1.000000000000000000, 0.000000000000000000 ) ) ;
#843 = CYLINDRICAL_SURFACE ( 'NONE', #8145, 0.1000000000000000888 ) ;
#844 = CARTESIAN_POINT ( 'NONE',  ( -2.626503284226973545, 0.5639694227494316259, 0.7071693041342167474 ) ) ;
#845 = LINE ( 'NONE', #3714, #9148 ) ;
#846 = EDGE_CURVE ( 'NONE', #5215, #4850, #515, .T. ) ;
#847 = VERTEX_POINT ( 'NONE', #8261 ) ;
#848 = ORIENTED_EDGE ( 'NONE', *, *, #3627, .T. ) ;
#849 = EDGE_CURVE ( 'NONE', #8549, #3563, #4774, .T. ) ;
#850 = CARTESIAN_POINT ( 'NONE',  ( 0.3793174255306301368, 0.5152387927717599903, 2.754974520680721906 ) ) ;
#851 = ORIENTED_EDGE ( 'NONE', *, *, #1501, .T. ) ;
#852 = VECTOR ( 'NONE', #8059, 100.0000000000000000 ) ;
#853 = CARTESIAN_POINT ( 'NONE',  ( -1.409205145698852135, 0.000000000000000000, -2.326531492179000793 ) ) ;
#854 = PERSON_AND_ORGANIZATION ( #969, #9179 ) ;
#855 = EDGE_CURVE ( 'NONE', #7872, #5894, #2527, .T. ) ;
#856 = CARTESIAN_POINT ( 'NONE',  ( -2.269210806298611161, 0.7884388346760081712, 0.8962343513085829771 ) ) ;
#857 = CARTESIAN_POINT ( 'NONE',  ( 1.812718732419745571, 0.5013837380188957971, 2.131752242351188098 ) ) ;
#858 = ORIENTED_EDGE ( 'NONE', *, *, #7398, .T. ) ;
#859 = ORIENTED_EDGE ( 'NONE', *, *, #2285, .F. ) ;
#860 = VECTOR ( 'NONE', #7585, 100.0000000000000000 ) ;
#861 = LINE ( 'NONE', #3030, #2536 ) ;
#862 = DIRECTION ( 'NONE',  ( -0.000000000000000000, -1.000000000000000000, -0.000000000000000000 ) ) ;
#863 = DIRECTION ( 'NONE',  ( 0.000000000000000000, 0.000000000000000000, 1.000000000000000000 ) ) ;
#864 = CARTESIAN_POINT ( 'NONE',  ( -2.120056922913693409, 0.000000000000000000, -1.829032160353043945 ) ) ;
#865 = CARTESIAN_POINT ( 'NONE',  ( -2.666750249263371231, 0.5014441230611182965, 0.8476309992573778374 ) ) ;
#866 = CYLINDRICAL_SURFACE ( 'NONE', #1784, 0.1000000000000000888 ) ;
#867 = CARTESIAN_POINT ( 'NONE',  ( 0.7653946419033743620, 0.5013837380188952420, -2.691558631681720826 ) ) ;
#868 = ORIENTED_EDGE ( 'NONE', *, *, #7813, .F. ) ;
#869 = AXIS2_PLACEMENT_3D ( 'NONE', #7413, #6182, #5346 ) ;
#870 = VERTEX_POINT ( 'NONE', #6152 ) ;
#871 = EDGE_CURVE ( 'NONE', #5968, #234, #728, .T. ) ;
#872 = EDGE_CURVE ( 'NONE', #5640, #5540, #7824, .T. ) ;
#873 = ORIENTED_EDGE ( 'NONE', *, *, #3716, .T. ) ;
#874 = EDGE_LOOP ( 'NONE', ( #8655, #1263, #6075, #8982 ) ) ;
#875 = CYLINDRICAL_SURFACE ( 'NONE', #6607, 0.1000000000000000888 ) ;
#876 = CARTESIAN_POINT ( 'NONE',  ( 0.000000000000000000, 0.000000000000000000, 0.000000000000000000 ) ) ;
#877 = DIRECTION ( 'NONE',  ( 0.08537965099454299100, 0.000000000000000000, -0.9963484908384465655 ) ) ;
#878 = CARTESIAN_POINT ( 'NONE',  ( -2.216188383468745915, 0.7884388346700349492, 1.020324823231650191 ) ) ;
#879 = CARTESIAN_POINT ( 'NONE',  ( 0.2865027175168162743, 0.5032447133622983682, -2.781250456765740342 ) ) ;
#880 = ORIENTED_EDGE ( 'NONE', *, *, #7470, .T. ) ;
#881 = VERTEX_POINT ( 'NONE', #2751 ) ;
#882 = EDGE_CURVE ( 'NONE', #4741, #4970, #8436, .T. ) ;
#883 = PLANE ( 'NONE',  #3040 ) ;
#884 = ORIENTED_EDGE ( 'NONE', *, *, #5008, .T. ) ;
#885 = ORIENTED_EDGE ( 'NONE', *, *, #3627, .F. ) ;
#886 = DIRECTION ( 'NONE',  ( -0.000000000000000000, 1.000000000000000000, -0.000000000000000000 ) ) ;
#887 = DIRECTION ( 'NONE',  ( -0.4999999999999997224, 0.000000000000000000, 0.8660254037844389297 ) ) ;
#888 = CARTESIAN_POINT ( 'NONE',  ( -0.8801718944397228794, 0.8999999999999999112, 2.124922924775952460 ) ) ;
#889 = CARTESIAN_POINT ( 'NONE',  ( -0.3429441425796370679, 0.000000000000000000, 2.778918731282064236 ) ) ;
#890 = CARTESIAN_POINT ( 'NONE',  ( -0.7653946419033929027, 0.5013837380188949089, 2.691558631681715941 ) ) ;
#891 = ORIENTED_EDGE ( 'NONE', *, *, #3138, .T. ) ;
#892 = ORIENTED_EDGE ( 'NONE', *, *, #5484, .F. ) ;
#893 = AXIS2_PLACEMENT_3D ( 'NONE', #917, #1582, #6711 ) ;
#894 = DIRECTION ( 'NONE',  ( -0.000000000000000000, -1.000000000000000000, -0.000000000000000000 ) ) ;
#895 = EDGE_CURVE ( 'NONE', #3192, #5281, #6374, .T. ) ;
#896 = CARTESIAN_POINT ( 'NONE',  ( 0.1473108318935636152, 0.5270647222874778048, -2.762257413075074997 ) ) ;
#897 = APPROVAL_DATE_TIME ( #7342, #2241 ) ;
#898 = DIRECTION ( 'NONE',  ( 0.000000000000000000, -1.000000000000000000, 0.000000000000000000 ) ) ;
#899 = CARTESIAN_POINT ( 'NONE',  ( -0.2377134831074639576, 0.5102758125174863268, -2.777023776278083389 ) ) ;
#900 = VECTOR ( 'NONE', #5969, 100.0000000000000000 ) ;
#901 = EDGE_LOOP ( 'NONE', ( #8339, #1823, #6707, #5880, #8040, #1146, #6979 ) ) ;
#902 = ORIENTED_EDGE ( 'NONE', *, *, #7760, .T. ) ;
#903 = DIRECTION ( 'NONE',  ( 0.000000000000000000, 1.000000000000000000, -0.000000000000000000 ) ) ;
#904 = LINE ( 'NONE', #2932, #5919 ) ;
#905 = AXIS2_PLACEMENT_3D ( 'NONE', #5251, #3836, #127 ) ;
#906 = CARTESIAN_POINT ( 'NONE',  ( -1.277811535945102106, 0.000000000000000000, 1.912380108295842707 ) ) ;
#907 = CARTESIAN_POINT ( 'NONE',  ( 0.000000000000000000, 0.000000000000000000, 0.000000000000000000 ) ) ;
#908 = LINE ( 'NONE', #3779, #4538 ) ;
#909 = CARTESIAN_POINT ( 'NONE',  ( 2.245210422548384877, 0.000000000000000000, 1.673030232386761851 ) ) ;
#910 = CARTESIAN_POINT ( 'NONE',  ( 1.748424653360413084, 0.000000000000000000, 2.055160654053827862 ) ) ;
#911 = B_SPLINE_CURVE_WITH_KNOTS ( 'NONE', 3,
 ( #6553, #5083, #5751, #8092 ),
 .UNSPECIFIED., .F., .F.,
 ( 4, 4 ),
 ( 3.282350919256228478E-07, 0.005493070069560838063 ),
 .UNSPECIFIED. ) ;
#912 = ORIENTED_EDGE ( 'NONE', *, *, #4678, .F. ) ;
#913 = ORIENTED_EDGE ( 'NONE', *, *, #1276, .F. ) ;
#914 = EDGE_CURVE ( 'NONE', #6234, #5199, #731, .T. ) ;
#915 = ORIENTED_EDGE ( 'NONE', *, *, #6440, .F. ) ;
#916 = ORIENTED_EDGE ( 'NONE', *, *, #6893, .T. ) ;
#917 = CARTESIAN_POINT ( 'NONE',  ( 1.272792206135787918, 0.8000000000000000444, -1.272792206135783477 ) ) ;
#918 = CARTESIAN_POINT ( 'NONE',  ( 0.000000000000000000, 0.9000000000000001332, 0.000000000000000000 ) ) ;
#919 = CARTESIAN_POINT ( 'NONE',  ( -2.377193488496387896, 0.5484516897053786089, -1.361428256151468119 ) ) ;
#920 = EDGE_CURVE ( 'NONE', #8489, #9186, #8766, .T. ) ;
#921 = DIRECTION ( 'NONE',  ( 0.4999999999999997780, 0.000000000000000000, 0.8660254037844388186 ) ) ;
#922 = CARTESIAN_POINT ( 'NONE',  ( -1.434063003793122570, 0.000000000000000000, -2.404883219857430365 ) ) ;
#923 = VECTOR ( 'NONE', #8227, 100.0000000000000000 ) ;
#924 = ORIENTED_EDGE ( 'NONE', *, *, #6112, .F. ) ;
#925 = B_SPLINE_CURVE_WITH_KNOTS ( 'NONE', 3,
 ( #4062, #6103, #6232, #2001 ),
 .UNSPECIFIED., .F., .F.,
 ( 4, 4 ),
 ( 0.001041867980347232570, 0.006534609814862477224 ),
 .UNSPECIFIED. ) ;
#926 = ORIENTED_EDGE ( 'NONE', *, *, #920, .F. ) ;
#927 = PLANE ( 'NONE',  #2585 ) ;
#928 = CIRCLE ( 'NONE', #2127, 0.2000000000000000111 ) ;
#929 = VECTOR ( 'NONE', #6008, 100.0000000000000142 ) ;
#930 = ORIENTED_EDGE ( 'NONE', *, *, #3452, .F. ) ;
#931 = ORIENTED_EDGE ( 'NONE', *, *, #3200, .F. ) ;
#932 = DIRECTION ( 'NONE',  ( 0.000000000000000000, 1.000000000000000000, 0.000000000000000000 ) ) ;
#933 = DIRECTION ( 'NONE',  ( 0.000000000000000000, -0.000000000000000000, -1.000000000000000000 ) ) ;
#934 = EDGE_CURVE ( 'NONE', #1444, #5778, #8480, .T. ) ;
#935 = DIRECTION ( 'NONE',  ( 0.000000000000000000, 1.000000000000000000, 0.000000000000000000 ) ) ;
#936 = VECTOR ( 'NONE', #1378, 100.0000000000000000 ) ;
#937 = DIRECTION ( 'NONE',  ( 0.000000000000000000, 0.000000000000000000, 1.000000000000000000 ) ) ;
#938 = ADVANCED_FACE ( 'NONE', ( #7691 ), #6467, .F. ) ;
#939 = DIRECTION ( 'NONE',  ( 0.000000000000000000, 0.000000000000000000, 1.000000000000000000 ) ) ;
#940 = VERTEX_POINT ( 'NONE', #3456 ) ;
#941 = AXIS2_PLACEMENT_3D ( 'NONE', #335, #7989, #983 ) ;
#942 = ORIENTED_EDGE ( 'NONE', *, *, #2256, .F. ) ;
#943 = CONICAL_SURFACE ( 'NONE', #350, 2.299999999999999822, 0.8960553845713439269 ) ;
#944 = AXIS2_PLACEMENT_3D ( 'NONE', #8541, #4177, #6350 ) ;
#945 = CARTESIAN_POINT ( 'NONE',  ( -1.272792206135788140, 0.000000000000000000, 1.072792206135783299 ) ) ;
#946 = CARTESIAN_POINT ( 'NONE',  ( 1.445997286892675593, 0.4000000000000000222, -1.572792206135783744 ) ) ;
#947 = LINE ( 'NONE', #6450, #1326 ) ;
#948 = AXIS2_PLACEMENT_3D ( 'NONE', #4744, #6157, #2578 ) ;
#949 = DIRECTION ( 'NONE',  ( -0.2796370174246805562, 0.000000000000000000, 0.9601057954651814885 ) ) ;
#950 = EDGE_LOOP ( 'NONE', ( #4557, #4181, #3725, #4216 ) ) ;
#951 = ORIENTED_EDGE ( 'NONE', *, *, #1825, .F. ) ;
#952 = EDGE_CURVE ( 'NONE', #8452, #7449, #2796, .T. ) ;
#953 = EDGE_CURVE ( 'NONE', #6783, #1079, #5670, .T. ) ;
#954 = FACE_OUTER_BOUND ( 'NONE', #1751, .T. ) ;
#955 = DIRECTION ( 'NONE',  ( -0.9940345471201627037, 0.000000000000000000, 0.1090656643110612806 ) ) ;
#956 = FACE_OUTER_BOUND ( 'NONE', #7497, .T. ) ;
#957 = CARTESIAN_POINT ( 'NONE',  ( 1.662073109026489526, 0.000000000000000000, 1.589815391877628992 ) ) ;
#958 = AXIS2_PLACEMENT_3D ( 'NONE', #7580, #3347, #4580 ) ;
#959 = LINE ( 'NONE', #8661, #3483 ) ;
#960 = DIRECTION ( 'NONE',  ( 0.000000000000000000, 0.000000000000000000, -1.000000000000000000 ) ) ;
#961 = CARTESIAN_POINT ( 'NONE',  ( -1.272792206135788140, 0.8000000000000000444, 1.072792206135783299 ) ) ;
#962 = EDGE_LOOP ( 'NONE', ( #7287, #7346, #7860, #5573 ) ) ;
#963 = B_SPLINE_CURVE_WITH_KNOTS ( 'NONE', 3,
 ( #7327, #8073, #3705, #7285, #3664, #8121, #6677, #2245, #8824, #6582 ),
 .UNSPECIFIED., .F., .F.,
 ( 4, 2, 2, 2, 4 ),
 ( 0.000000000000000000, 0.0003831395918291009232, 0.0007662791836582018463, 0.001149418775487302770, 0.001532558367316403693 ),
 .UNSPECIFIED. ) ;
#964 = ORIENTED_EDGE ( 'NONE', *, *, #9223, .T. ) ;
#965 = ORIENTED_EDGE ( 'NONE', *, *, #3860, .F. ) ;
#966 = ORIENTED_EDGE ( 'NONE', *, *, #6213, .T. ) ;
#967 = LINE ( 'NONE', #3835, #6039 ) ;
#968 = LINE ( 'NONE', #1674, #7367 ) ;
#969 = PERSON ( 'UNSPECIFIED', 'UNSPECIFIED', 'UNSPECIFIED', ('UNSPECIFIED'), ('UNSPECIFIED'), ('UNSPECIFIED') ) ;
#970 = EDGE_CURVE ( 'NONE', #4438, #2155, #6988, .T. ) ;
#971 = CARTESIAN_POINT ( 'NONE',  ( -2.367047327587086247, 0.5560412871706278404, -1.360040777404165624 ) ) ;
#972 = DIRECTION ( 'NONE',  ( 0.000000000000000000, 0.000000000000000000, -1.000000000000000000 ) ) ;
#973 = CARTESIAN_POINT ( 'NONE',  ( -2.255806144927424928, 0.000000000000000000, -0.4487077406371199340 ) ) ;
#974 = ORIENTED_EDGE ( 'NONE', *, *, #6836, .F. ) ;
#975 = AXIS2_PLACEMENT_3D ( 'NONE', #1892, #1804, #4802 ) ;
#976 = VERTEX_POINT ( 'NONE', #4954 ) ;
#977 = DIRECTION ( 'NONE',  ( -0.000000000000000000, -1.000000000000000000, -0.000000000000000000 ) ) ;
#978 = ORIENTED_EDGE ( 'NONE', *, *, #6094, .T. ) ;
#979 = VERTEX_POINT ( 'NONE', #547 ) ;
#980 = DIRECTION ( 'NONE',  ( -0.4999999999999997224, 0.000000000000000000, 0.8660254037844389297 ) ) ;
#981 = CARTESIAN_POINT ( 'NONE',  ( 2.429823699374443979, 0.5032341246880195351, -1.383281390021750656 ) ) ;
#982 = DIRECTION ( 'NONE',  ( 0.6245321485348022117, 0.000000000000000000, -0.7809991007975001232 ) ) ;
#983 = DIRECTION ( 'NONE',  ( 0.000000000000000000, 0.000000000000000000, -1.000000000000000000 ) ) ;
#984 = CARTESIAN_POINT ( 'NONE',  ( 2.176944347414951686, 0.5102758125174862158, -1.740483284126267183 ) ) ;
#985 = LOCAL_TIME ( 23, 20, 42.00000000000000000, #1606 ) ;
#986 = ORIENTED_EDGE ( 'NONE', *, *, #8823, .F. ) ;
#987 = EDGE_LOOP ( 'NONE', ( #5552, #6257, #4659, #8500 ) ) ;
#988 = ADVANCED_FACE ( 'NONE', ( #8522 ), #7030, .F. ) ;
#989 = EDGE_CURVE ( 'NONE', #2684, #1212, #221, .T. ) ;
#990 = ADVANCED_FACE ( 'NONE', ( #4868 ), #4256, .F. ) ;
#991 = EDGE_CURVE ( 'NONE', #559, #7369, #2843, .T. ) ;
#992 = CARTESIAN_POINT ( 'NONE',  ( 0.000000000000000000, 0.000000000000000000, 0.000000000000000000 ) ) ;
#993 = EDGE_CURVE ( 'NONE', #2011, #8108, #1432, .T. ) ;
#994 = DIRECTION ( 'NONE',  ( 0.8766305499217054154, 0.000000000000000000, -0.4811640873381638484 ) ) ;
#995 = CARTESIAN_POINT ( 'NONE',  ( -0.3119758852043686415, 0.000000000000000000, -2.680176324330246551 ) ) ;
#996 = LINE ( 'NONE', #7394, #1451 ) ;
#997 = ORIENTED_EDGE ( 'NONE', *, *, #1133, .F. ) ;
#998 = VERTEX_POINT ( 'NONE', #4351 ) ;
#999 = EDGE_CURVE ( 'NONE', #4636, #6447, #7219, .T. ) ;
#1000 = DIRECTION ( 'NONE',  ( -0.7648973044904285867, 0.000000000000000000, 0.6441522441032683233 ) ) ;
#1001 = CARTESIAN_POINT ( 'NONE',  ( -0.7716099316312707845, 0.000000000000000000, 2.585593199994428382 ) ) ;
#1002 = DIRECTION ( 'NONE',  ( 0.000000000000000000, 0.000000000000000000, 1.000000000000000000 ) ) ;
#1003 = FACE_OUTER_BOUND ( 'NONE', #9233, .T. ) ;
#1004 = DIRECTION ( 'NONE',  ( -0.9960732287271417684, 0.000000000000000000, -0.08853317464706231266 ) ) ;
#1005 = DIRECTION ( 'NONE',  ( 0.000000000000000000, 0.000000000000000000, 1.000000000000000000 ) ) ;
#1006 = DIRECTION ( 'NONE',  ( -0.000000000000000000, -1.000000000000000000, -0.000000000000000000 ) ) ;
#1007 = VECTOR ( 'NONE', #6564, 100.0000000000000000 ) ;
#1008 = B_SPLINE_CURVE_WITH_KNOTS ( 'NONE', 3,
 ( #7190, #5781, #8639, #5686, #798, #3669, #6540, #5825, #5642, #7792 ),
 .UNSPECIFIED., .F., .F.,
 ( 4, 2, 2, 2, 4 ),
 ( 2.453269466693398698E-18, 0.0003819510935555847230, 0.0007639021871111670607, 0.001145853280666749236, 0.001527804374222328700 ),
 .UNSPECIFIED. ) ;
#1009 = B_SPLINE_CURVE_WITH_KNOTS ( 'NONE', 3,
 ( #367, #4012, #1243, #3308 ),
 .UNSPECIFIED., .F., .F.,
 ( 4, 4 ),
 ( 0.0008222052354737002236, 0.001178197165027521347 ),
 .UNSPECIFIED. ) ;
#1010 = ORIENTED_EDGE ( 'NONE', *, *, #2871, .T. ) ;
#1011 = ORIENTED_EDGE ( 'NONE', *, *, #7368, .F. ) ;
#1012 = DIRECTION ( 'NONE',  ( 0.000000000000000000, 0.000000000000000000, 1.000000000000000000 ) ) ;
#1013 = ORIENTED_EDGE ( 'NONE', *, *, #1198, .T. ) ;
#1014 = ORIENTED_EDGE ( 'NONE', *, *, #9254, .T. ) ;
#1015 = CARTESIAN_POINT ( 'NONE',  ( 2.193772081687386244, 0.000000000000000000, 1.737147339532188361 ) ) ;
#1016 = CARTESIAN_POINT ( 'NONE',  ( 0.9282438859800703490, 0.000000000000000000, 2.556750127584891619 ) ) ;
#1017 = ADVANCED_FACE ( 'NONE', ( #33 ), #5054, .T. ) ;
#1018 = CARTESIAN_POINT ( 'NONE',  ( -2.745893881811891202, 0.5271463900493873478, -0.3335685446351386307 ) ) ;
#1019 = DIRECTION ( 'NONE',  ( 0.7790182248460707504, 0.000000000000000000, 0.6270012801882279829 ) ) ;
#1020 = CARTESIAN_POINT ( 'NONE',  ( -2.299432410651858660, 0.000000000000000000, 0.05109392178900629133 ) ) ;
#1021 = EDGE_CURVE ( 'NONE', #8810, #5669, #5766, .T. ) ;
#1022 = B_SPLINE_CURVE_WITH_KNOTS ( 'NONE', 3,
 ( #4130, #2771, #9205, #8149 ),
 .UNSPECIFIED., .F., .F.,
 ( 4, 4 ),
 ( 0.0008222651605038674419, 0.001178257090057691818 ),
 .UNSPECIFIED. ) ;
#1023 = EDGE_LOOP ( 'NONE', ( #1559, #6353, #3610, #3622 ) ) ;
#1024 = ORIENTED_EDGE ( 'NONE', *, *, #312, .T. ) ;
#1025 = CARTESIAN_POINT ( 'NONE',  ( 2.641564709370463504, 0.000000000000000000, 0.6486476801571736672 ) ) ;
#1026 = EDGE_CURVE ( 'NONE', #2004, #4409, #580, .T. ) ;
#1027 = ORIENTED_EDGE ( 'NONE', *, *, #6051, .F. ) ;
#1028 = ORIENTED_EDGE ( 'NONE', *, *, #4169, .T. ) ;
#1029 = DIRECTION ( 'NONE',  ( 0.000000000000000000, 0.000000000000000000, 1.000000000000000000 ) ) ;
#1030 = CARTESIAN_POINT ( 'NONE',  ( -0.2765890575571219867, 0.000000000000000000, -2.684058973958862726 ) ) ;
#1031 = FACE_OUTER_BOUND ( 'NONE', #5399, .T. ) ;
#1032 = CARTESIAN_POINT ( 'NONE',  ( 2.143951337957556103, 0.8999999999999992450, 0.8327500588231765422 ) ) ;
#1033 = DIRECTION ( 'NONE',  ( 0.000000000000000000, 0.000000000000000000, 1.000000000000000000 ) ) ;
#1034 = VECTOR ( 'NONE', #8705, 100.0000000000000000 ) ;
#1035 = VERTEX_POINT ( 'NONE', #3583 ) ;
#1036 = ORIENTED_EDGE ( 'NONE', *, *, #8055, .F. ) ;
#1037 = ORIENTED_EDGE ( 'NONE', *, *, #882, .T. ) ;
#1038 = CARTESIAN_POINT ( 'NONE',  ( 1.619202367649563046, 0.4000000000000000222, 1.272792206135783033 ) ) ;
#1039 = ADVANCED_FACE ( 'NONE', ( #4996 ), #7164, .T. ) ;
#1040 = CARTESIAN_POINT ( 'NONE',  ( 0.8801718944397084465, 0.8999999999999998002, -2.124922924775958677 ) ) ;
#1041 = CARTESIAN_POINT ( 'NONE',  ( -0.4116107342882132092, 0.000000000000000000, -2.688714289429701587 ) ) ;
#1042 = ORIENTED_EDGE ( 'NONE', *, *, #6270, .F. ) ;
#1043 = ORIENTED_EDGE ( 'NONE', *, *, #4770, .T. ) ;
#1044 = CARTESIAN_POINT ( 'NONE',  ( -0.3944093926430550234, 0.5270647222874781379, -2.737920329059323699 ) ) ;
#1045 = CARTESIAN_POINT ( 'NONE',  ( 1.610155365304514641, 0.5639694227494316259, -2.192260848153301911 ) ) ;
#1046 = DIRECTION ( 'NONE',  ( 0.000000000000000000, 0.000000000000000000, 1.000000000000000000 ) ) ;
#1047 = AXIS2_PLACEMENT_3D ( 'NONE', #6949, #1957, #3371 ) ;
#1048 = CARTESIAN_POINT ( 'NONE',  ( 0.000000000000000000, 1.000000000000000000, -1.449999999999999956 ) ) ;
#1049 = CYLINDRICAL_SURFACE ( 'NONE', #6436, 0.1000000000000000888 ) ;
#1050 = DIRECTION ( 'NONE',  ( 0.000000000000000000, 1.000000000000000000, -0.000000000000000000 ) ) ;
#1051 = ADVANCED_FACE ( 'NONE', ( #2742, #4858 ), #7719, .T. ) ;
#1052 = VERTEX_POINT ( 'NONE', #5616 ) ;
#1053 = ORIENTED_EDGE ( 'NONE', *, *, #9088, .T. ) ;
#1054 = CARTESIAN_POINT ( 'NONE',  ( 0.7949084059125601787, 0.000000000000000000, 2.578525685088086661 ) ) ;
#1055 = VECTOR ( 'NONE', #333, 100.0000000000000000 ) ;
#1056 = ORIENTED_EDGE ( 'NONE', *, *, #5498, .F. ) ;
#1057 = EDGE_LOOP ( 'NONE', ( #7710, #9136, #326, #1203 ) ) ;
#1058 = DIRECTION ( 'NONE',  ( -0.000000000000000000, -1.000000000000000000, -0.000000000000000000 ) ) ;
#1059 = DIRECTION ( 'NONE',  ( -0.5000000000000001110, 0.000000000000000000, -0.8660254037844384856 ) ) ;
#1060 = DIRECTION ( 'NONE',  ( -0.000000000000000000, 1.000000000000000000, 0.000000000000000000 ) ) ;
#1061 = PLANE ( 'NONE',  #2881 ) ;
#1062 = LINE ( 'NONE', #973, #8420 ) ;
#1063 = VECTOR ( 'NONE', #8354, 100.0000000000000000 ) ;
#1064 = ORIENTED_EDGE ( 'NONE', *, *, #560, .F. ) ;
#1065 = ORIENTED_EDGE ( 'NONE', *, *, #3417, .T. ) ;
#1066 = EDGE_CURVE ( 'NONE', #2574, #8409, #618, .T. ) ;
#1067 = AXIS2_PLACEMENT_3D ( 'NONE', #8461, #7853, #570 ) ;
#1068 = FACE_OUTER_BOUND ( 'NONE', #7422, .T. ) ;
#1069 = ADVANCED_FACE ( 'NONE', ( #629 ), #6456, .T. ) ;
#1070 = AXIS2_PLACEMENT_3D ( 'NONE', #5404, #8081, #937 ) ;
#1071 = ORIENTED_EDGE ( 'NONE', *, *, #7230, .F. ) ;
#1072 = ORIENTED_EDGE ( 'NONE', *, *, #7424, .T. ) ;
#1073 = FACE_OUTER_BOUND ( 'NONE', #490, .T. ) ;
#1074 = DIRECTION ( 'NONE',  ( 1.000000000000000000, 0.000000000000000000, 0.000000000000000000 ) ) ;
#1075 = CARTESIAN_POINT ( 'NONE',  ( -0.9263820446220129012, 0.4000000000000000222, 1.272792206135783477 ) ) ;
#1076 = LINE ( 'NONE', #5496, #2739 ) ;
#1077 = DIRECTION ( 'NONE',  ( 0.000000000000000000, 1.000000000000000000, 0.000000000000000000 ) ) ;
#1078 = ORIENTED_EDGE ( 'NONE', *, *, #1801, .F. ) ;
#1079 = VERTEX_POINT ( 'NONE', #6317 ) ;
#1080 = VECTOR ( 'NONE', #1380, 100.0000000000000000 ) ;
#1081 = CIRCLE ( 'NONE', #4383, 0.1000000000000000888 ) ;
#1082 = ORIENTED_EDGE ( 'NONE', *, *, #1133, .T. ) ;
#1083 = CYLINDRICAL_SURFACE ( 'NONE', #2227, 0.1000000000000000056 ) ;
#1084 = AXIS2_PLACEMENT_3D ( 'NONE', #9170, #623, #715 ) ;
#1085 = CARTESIAN_POINT ( 'NONE',  ( -2.698625179935613350, 0.000000000000000000, 0.7466070842266938623 ) ) ;
#1086 = AXIS2_PLACEMENT_3D ( 'NONE', #3449, #1332, #6279 ) ;
#1087 = DIRECTION ( 'NONE',  ( 0.5000000000000001110, 0.000000000000000000, 0.8660254037844384856 ) ) ;
#1088 = LINE ( 'NONE', #5506, #9110 ) ;
#1089 = ORIENTED_EDGE ( 'NONE', *, *, #2195, .F. ) ;
#1090 = VECTOR ( 'NONE', #6770, 100.0000000000000142 ) ;
#1091 = ORIENTED_EDGE ( 'NONE', *, *, #16, .F. ) ;
#1092 = CIRCLE ( 'NONE', #5903, 2.299999999999999822 ) ;
#1093 = EDGE_CURVE ( 'NONE', #1907, #5541, #7812, .T. ) ;
#1094 = EDGE_CURVE ( 'NONE', #4158, #9074, #5424, .T. ) ;
#1095 = CARTESIAN_POINT ( 'NONE',  ( 2.695187706012781348, 0.5013176973172519535, 0.7529345773185228685 ) ) ;
#1096 = CARTESIAN_POINT ( 'NONE',  ( 1.727024527509779084, 0.5013176973172513984, -2.201893169466651923 ) ) ;
#1097 = VECTOR ( 'NONE', #2147, 100.0000000000000000 ) ;
#1098 = FACE_OUTER_BOUND ( 'NONE', #901, .T. ) ;
#1099 = CARTESIAN_POINT ( 'NONE',  ( 2.401809684532830946, 0.000000000000000000, 1.229627716723134201 ) ) ;
#1100 = CARTESIAN_POINT ( 'NONE',  ( 2.595548052135198791, 0.000000000000000000, 0.7374309401609161485 ) ) ;
#1101 = CARTESIAN_POINT ( 'NONE',  ( 0.2765890575571408050, 0.000000000000000000, 2.784058973958860594 ) ) ;
#1102 = ORIENTED_EDGE ( 'NONE', *, *, #2883, .F. ) ;
#1103 = DIRECTION ( 'NONE',  ( -0.8758678859938374694, 0.000000000000000000, 0.4825509779128897003 ) ) ;
#1104 = ADVANCED_FACE ( 'NONE', ( #8470 ), #7123, .T. ) ;
#1105 = VECTOR ( 'NONE', #8759, 100.0000000000000142 ) ;
#1106 = ADVANCED_FACE ( 'NONE', ( #6366 ), #5758, .T. ) ;
#1107 = EDGE_CURVE ( 'NONE', #4258, #4741, #2032, .T. ) ;
#1108 = ORIENTED_EDGE ( 'NONE', *, *, #5740, .T. ) ;
#1109 = DIRECTION ( 'NONE',  ( -0.6429407905933303136, 0.000000000000000000, -0.7659158829735960294 ) ) ;
#1110 = CARTESIAN_POINT ( 'NONE',  ( -2.436147096751848373, 0.000000000000000000, -1.380285232474629753 ) ) ;
#1111 = AXIS2_PLACEMENT_3D ( 'NONE', #3234, #1158, #8964 ) ;
#1112 = DIRECTION ( 'NONE',  ( 0.000000000000000000, 0.000000000000000000, -1.000000000000000000 ) ) ;
#1113 = LINE ( 'NONE', #6889, #1381 ) ;
#1114 = CARTESIAN_POINT ( 'NONE',  ( 2.192260848153295694, 0.000000000000000000, 1.610155365304522634 ) ) ;
#1115 = CARTESIAN_POINT ( 'NONE',  ( 1.721158666054803277, 0.5191844600092823114, 2.178048827317092595 ) ) ;
#1116 = ORIENTED_EDGE ( 'NONE', *, *, #4986, .F. ) ;
#1117 = ORIENTED_EDGE ( 'NONE', *, *, #204, .T. ) ;
#1118 = CARTESIAN_POINT ( 'NONE',  ( -0.4487077406370631460, 0.000000000000000000, -2.255806144927436474 ) ) ;
#1119 = EDGE_CURVE ( 'NONE', #9186, #1120, #2786, .T. ) ;
#1120 = VERTEX_POINT ( 'NONE', #2176 ) ;
#1121 = ORIENTED_EDGE ( 'NONE', *, *, #8478, .F. ) ;
#1122 = CARTESIAN_POINT ( 'NONE',  ( 0.2057855830998543689, 0.000000000000000000, 2.792427670287675134 ) ) ;
#1123 = CARTESIAN_POINT ( 'NONE',  ( 2.781250456765740342, 0.5032447133622983682, 0.2865027175168252116 ) ) ;
#1124 = LINE ( 'NONE', #1207, #7698 ) ;
#1125 = CARTESIAN_POINT ( 'NONE',  ( 0.6864735580920294788, 0.000000000000000000, -2.714544907353803271 ) ) ;
#1126 = CARTESIAN_POINT ( 'NONE',  ( 1.836970198721030057E-17, 1.000000000000000000, -1.750000000000000222 ) ) ;
#1127 = CONICAL_SURFACE ( 'NONE', #3083, 2.299999999999999822, 0.8960553845713439269 ) ;
#1128 = ORIENTED_EDGE ( 'NONE', *, *, #7184, .F. ) ;
#1129 = ORIENTED_EDGE ( 'NONE', *, *, #6376, .T. ) ;
#1130 = ORIENTED_EDGE ( 'NONE', *, *, #4315, .F. ) ;
#1131 = DIRECTION ( 'NONE',  ( 0.000000000000000000, 0.000000000000000000, -1.000000000000000000 ) ) ;
#1132 = CYLINDRICAL_SURFACE ( 'NONE', #3755, 0.1500000000000001332 ) ;
#1133 = EDGE_CURVE ( 'NONE', #1955, #7194, #537, .T. ) ;
#1134 = CARTESIAN_POINT ( 'NONE',  ( 1.409205145698862793, 0.000000000000000000, 2.326531492178988803 ) ) ;
#1135 = CARTESIAN_POINT ( 'NONE',  ( -1.307364995081803372, 0.000000000000000000, 2.474088437236940496 ) ) ;
#1136 = EDGE_CURVE ( 'NONE', #245, #9225, #3538, .T. ) ;
#1137 = VERTEX_POINT ( 'NONE', #9126 ) ;
#1138 = CARTESIAN_POINT ( 'NONE',  ( 2.047196828785476708, 0.000000000000000000, 1.790975452365396015 ) ) ;
#1139 = ADVANCED_FACE ( 'NONE', ( #2130 ), #7862, .T. ) ;
#1140 = DIRECTION ( 'NONE',  ( -0.000000000000000000, -1.000000000000000000, -0.000000000000000000 ) ) ;
#1141 = CARTESIAN_POINT ( 'NONE',  ( -2.326531492178993243, 0.5639694227494328471, 1.409205145698854578 ) ) ;
#1142 = DIRECTION ( 'NONE',  ( -0.000000000000000000, 1.000000000000000000, -0.000000000000000000 ) ) ;
#1143 = CARTESIAN_POINT ( 'NONE',  ( 0.000000000000000000, 0.4000000000000000222, 0.000000000000000000 ) ) ;
#1144 = ORIENTED_EDGE ( 'NONE', *, *, #3345, .T. ) ;
#1145 = LINE ( 'NONE', #7545, #8976 ) ;
#1146 = ORIENTED_EDGE ( 'NONE', *, *, #5383, .F. ) ;
#1147 = CARTESIAN_POINT ( 'NONE',  ( -2.104845743231127830, 0.000000000000000000, 0.9271593159763842351 ) ) ;
#1148 = CARTESIAN_POINT ( 'NONE',  ( 1.445997286892675815, 0.8000000000000000444, 0.9727922061357835437 ) ) ;
#1149 = EDGE_CURVE ( 'NONE', #8064, #3634, #8422, .T. ) ;
#1150 = CARTESIAN_POINT ( 'NONE',  ( -2.781250456765738566, 0.5032447133622985902, -0.2865027175168444740 ) ) ;
#1151 = CIRCLE ( 'NONE', #3111, 2.100000000000000089 ) ;
#1152 = DIRECTION ( 'NONE',  ( 0.000000000000000000, 1.000000000000000000, -0.000000000000000000 ) ) ;
#1153 = DIRECTION ( 'NONE',  ( 0.08695652173913021032, 0.000000000000000000, -0.9962121075990956198 ) ) ;
#1154 = ORIENTED_EDGE ( 'NONE', *, *, #7574, .F. ) ;
#1155 = ADVANCED_FACE ( 'NONE', ( #6558 ), #7400, .F. ) ;
#1156 = ORIENTED_EDGE ( 'NONE', *, *, #4322, .F. ) ;
#1157 = CIRCLE ( 'NONE', #2362, 2.299999999999999822 ) ;
#1158 = DIRECTION ( 'NONE',  ( 0.7809991007974981247, 0.000000000000000000, 0.6245321485348047652 ) ) ;
#1159 = ORIENTED_EDGE ( 'NONE', *, *, #7613, .T. ) ;
#1160 = ORIENTED_EDGE ( 'NONE', *, *, #2677, .T. ) ;
#1161 = FACE_OUTER_BOUND ( 'NONE', #1909, .T. ) ;
#1162 = CARTESIAN_POINT ( 'NONE',  ( -0.6486476801571822159, 0.000000000000000000, 2.641564709370462616 ) ) ;
#1163 = CARTESIAN_POINT ( 'NONE',  ( 2.585593199994430158, 0.000000000000000000, 0.7716099316312621248 ) ) ;
#1164 = DIRECTION ( 'NONE',  ( 0.000000000000000000, 0.000000000000000000, 1.000000000000000000 ) ) ;
#1165 = DIRECTION ( 'NONE',  ( -0.000000000000000000, -1.000000000000000000, -0.000000000000000000 ) ) ;
#1166 = ORIENTED_EDGE ( 'NONE', *, *, #8688, .F. ) ;
#1167 = EDGE_CURVE ( 'NONE', #8167, #3982, #766, .T. ) ;
#1168 = ORIENTED_EDGE ( 'NONE', *, *, #616, .T. ) ;
#1169 = ORIENTED_EDGE ( 'NONE', *, *, #422, .F. ) ;
#1170 = CIRCLE ( 'NONE', #4775, 2.100000000000000089 ) ;
#1171 = LINE ( 'NONE', #3246, #9029 ) ;
#1172 = CARTESIAN_POINT ( 'NONE',  ( -1.694906139508254750, 0.5340002883789664034, -2.175115393338268088 ) ) ;
#1173 = CARTESIAN_POINT ( 'NONE',  ( 0.3119758852043874042, 0.000000000000000000, 2.680176324330243887 ) ) ;
#1174 = B_SPLINE_CURVE_WITH_KNOTS ( 'NONE', 3,
 ( #8658, #2982, #3687, #5846 ),
 .UNSPECIFIED., .F., .F.,
 ( 4, 4 ),
 ( 0.001041907151302079492, 0.006534648985770992284 ),
 .UNSPECIFIED. ) ;
#1175 = DIRECTION ( 'NONE',  ( -0.000000000000000000, -1.000000000000000000, -0.000000000000000000 ) ) ;
#1176 = CARTESIAN_POINT ( 'NONE',  ( -1.610155365304530406, 0.5639694227494324030, 2.192260848153289476 ) ) ;
#1177 = ORIENTED_EDGE ( 'NONE', *, *, #849, .T. ) ;
#1178 = CONICAL_SURFACE ( 'NONE', #1931, 2.299999999999999822, 0.8960553845713439269 ) ;
#1179 = ADVANCED_FACE ( 'NONE', ( #5986 ), #213, .F. ) ;
#1180 = FACE_OUTER_BOUND ( 'NONE', #4740, .T. ) ;
#1181 = DIRECTION ( 'NONE',  ( 0.000000000000000000, 1.000000000000000000, -0.000000000000000000 ) ) ;
#1182 = AXIS2_PLACEMENT_3D ( 'NONE', #3208, #4665, #1087 ) ;
#1183 = CARTESIAN_POINT ( 'NONE',  ( -1.272792206135788140, 1.000000000000000000, 1.272792206135783255 ) ) ;
#1184 = DIRECTION ( 'NONE',  ( -0.8878326000374276994, 0.000000000000000000, -0.4601665723526437435 ) ) ;
#1185 = CARTESIAN_POINT ( 'NONE',  ( -1.099587125378900687, 0.8000000000000000444, -0.9727922061357825445 ) ) ;
#1186 = ORIENTED_EDGE ( 'NONE', *, *, #1275, .F. ) ;
#1187 = CARTESIAN_POINT ( 'NONE',  ( 0.8962343513085916369, 0.7884388346760088373, 2.269210806298606720 ) ) ;
#1188 = AXIS2_PLACEMENT_3D ( 'NONE', #9097, #1829, #4826 ) ;
#1189 = CIRCLE ( 'NONE', #6160, 0.1000000000000000888 ) ;
#1190 = ORIENTED_EDGE ( 'NONE', *, *, #7672, .T. ) ;
#1191 = DIRECTION ( 'NONE',  ( 0.7659158829735961405, 0.000000000000000000, -0.6429407905933304246 ) ) ;
#1192 = FACE_OUTER_BOUND ( 'NONE', #190, .T. ) ;
#1193 = CARTESIAN_POINT ( 'NONE',  ( -2.595548052135194794, 0.000000000000000000, -0.7374309401609340231 ) ) ;
#1194 = LINE ( 'NONE', #4772, #1535 ) ;
#1195 = DIRECTION ( 'NONE',  ( 0.000000000000000000, 0.000000000000000000, 1.000000000000000000 ) ) ;
#1196 = ORIENTED_EDGE ( 'NONE', *, *, #7757, .F. ) ;
#1197 = CIRCLE ( 'NONE', #7359, 0.6500000000000000222 ) ;
#1198 = EDGE_CURVE ( 'NONE', #9200, #4723, #1570, .T. ) ;
#1199 = ORIENTED_EDGE ( 'NONE', *, *, #5381, .F. ) ;
#1200 = CARTESIAN_POINT ( 'NONE',  ( -1.277811535945102106, 0.000000000000000000, 1.912380108295842707 ) ) ;
#1201 = EDGE_CURVE ( 'NONE', #111, #744, #1174, .T. ) ;
#1202 = ORIENTED_EDGE ( 'NONE', *, *, #1238, .T. ) ;
#1203 = ORIENTED_EDGE ( 'NONE', *, *, #4911, .T. ) ;
#1204 = CARTESIAN_POINT ( 'NONE',  ( 2.633084764329338689, 0.5239689852191701247, 0.8602621761763740160 ) ) ;
#1205 = CARTESIAN_POINT ( 'NONE',  ( 2.745893881811893866, 0.5271463900493871257, 0.3335685446351193129 ) ) ;
#1206 = VECTOR ( 'NONE', #3265, 100.0000000000000000 ) ;
#1207 = CARTESIAN_POINT ( 'NONE',  ( -1.445997286892676481, 0.4000000000000000222, -1.572792206135783744 ) ) ;
#1208 = DIRECTION ( 'NONE',  ( 0.000000000000000000, 0.000000000000000000, -1.000000000000000000 ) ) ;
#1209 = CARTESIAN_POINT ( 'NONE',  ( 1.445997286892674927, 0.8000000000000000444, -0.9727922061357825445 ) ) ;
#1210 = ORIENTED_EDGE ( 'NONE', *, *, #7485, .T. ) ;
#1211 = AXIS2_PLACEMENT_3D ( 'NONE', #7154, #1277, #7011 ) ;
#1212 = VERTEX_POINT ( 'NONE', #5236 ) ;
#1213 = VERTEX_POINT ( 'NONE', #4486 ) ;
#1214 = VECTOR ( 'NONE', #4962, 100.0000000000000000 ) ;
#1215 = CARTESIAN_POINT ( 'NONE',  ( -1.330796278752332862, 0.000000000000000000, -2.461564155185419711 ) ) ;
#1216 = ADVANCED_FACE ( 'NONE', ( #954 ), #2323, .T. ) ;
#1217 = CARTESIAN_POINT ( 'NONE',  ( 1.445997286892675371, 0.8000000000000000444, 1.572792206135783299 ) ) ;
#1218 = EDGE_CURVE ( 'NONE', #69, #2516, #8350, .T. ) ;
#1219 = CARTESIAN_POINT ( 'NONE',  ( 1.513624803867176905, 0.4000000000000000222, 1.455657910746220196 ) ) ;
#1220 = B_SPLINE_CURVE_WITH_KNOTS ( 'NONE', 3,
 ( #1934, #7667, #7536, #6087, #3914, #4048 ),
 .UNSPECIFIED., .F., .F.,
 ( 4, 2, 4 ),
 ( 0.0003534367028917938637, 0.0009406205385570602521, 0.001527804374222326532 ),
 .UNSPECIFIED. ) ;
#1221 = DIRECTION ( 'NONE',  ( 0.000000000000000000, 1.000000000000000000, 0.000000000000000000 ) ) ;
#1222 = VECTOR ( 'NONE', #4683, 100.0000000000000000 ) ;
#1223 = DIRECTION ( 'NONE',  ( 0.000000000000000000, 0.000000000000000000, -1.000000000000000000 ) ) ;
#1224 = EDGE_LOOP ( 'NONE', ( #175, #916, #7652, #8666 ) ) ;
#1225 = AXIS2_PLACEMENT_3D ( 'NONE', #4675, #3350, #6220 ) ;
#1226 = DIRECTION ( 'NONE',  ( 0.4999999999999996669, 0.000000000000000000, -0.8660254037844389297 ) ) ;
#1228 = ORIENTED_EDGE ( 'NONE', *, *, #5845, .T. ) ;
#1227 = VECTOR ( 'NONE', #6428, 100.0000000000000000 ) ;
#1229 = CARTESIAN_POINT ( 'NONE',  ( 0.8249980577172126850, 0.000000000000000000, 2.673891364733726572 ) ) ;
#1230 = CARTESIAN_POINT ( 'NONE',  ( -0.7468356965295256389, 0.5023354219720482794, 2.695548052135197548 ) ) ;
#1231 = LINE ( 'NONE', #2783, #2385 ) ;
#1232 = VECTOR ( 'NONE', #3523, 100.0000000000000000 ) ;
#1233 = CARTESIAN_POINT ( 'NONE',  ( -1.171265630795031099, 0.5427356200317696722, 2.484335332210353187 ) ) ;
#1234 = CIRCLE ( 'NONE', #47, 2.100000000000000089 ) ;
#1235 = EDGE_CURVE ( 'NONE', #3738, #8537, #1659, .T. ) ;
#1236 = ORIENTED_EDGE ( 'NONE', *, *, #3254, .T. ) ;
#1237 = AXIS2_PLACEMENT_3D ( 'NONE', #553, #9100, #1208 ) ;
#1238 = EDGE_CURVE ( 'NONE', #8168, #8246, #3118, .T. ) ;
#1239 = CARTESIAN_POINT ( 'NONE',  ( -1.783398267808568249, 0.5032447133622982571, 2.153352857471706461 ) ) ;
#1240 = AXIS2_PLACEMENT_3D ( 'NONE', #4917, #6426, #1536 ) ;
#1241 = DIRECTION ( 'NONE',  ( 0.000000000000000000, -1.000000000000000000, 0.000000000000000000 ) ) ;
#1242 = VERTEX_POINT ( 'NONE', #7957 ) ;
#1243 = CARTESIAN_POINT ( 'NONE',  ( 2.782168212128004026, 0.5014441230611186295, -0.2992912332040067458 ) ) ;
#1244 = DIRECTION ( 'NONE',  ( -0.000000000000000000, -1.000000000000000000, -0.000000000000000000 ) ) ;
#1245 = CARTESIAN_POINT ( 'NONE',  ( -1.099587125378900687, 0.4000000000000000222, -0.9727922061357825445 ) ) ;
#1246 = LINE ( 'NONE', #7170, #637 ) ;
#1247 = CARTESIAN_POINT ( 'NONE',  ( 1.313887210115775250, 0.000000000000000000, 2.356772047004890958 ) ) ;
#1248 = EDGE_CURVE ( 'NONE', #1656, #9134, #658, .T. ) ;
#1249 = ORIENTED_EDGE ( 'NONE', *, *, #9068, .T. ) ;
#1250 = EDGE_CURVE ( 'NONE', #5111, #8690, #904, .T. ) ;
#1251 = ORIENTED_EDGE ( 'NONE', *, *, #8799, .F. ) ;
#1252 = CARTESIAN_POINT ( 'NONE',  ( 0.8801718944397084465, 0.000000000000000000, -2.124922924775958677 ) ) ;
#1253 = ADVANCED_FACE ( 'NONE', ( #5145 ), #4394, .F. ) ;
#1254 = ORIENTED_EDGE ( 'NONE', *, *, #4837, .F. ) ;
#1255 = EDGE_LOOP ( 'NONE', ( #2884, #4484, #3185, #4114 ) ) ;
#1256 = LINE ( 'NONE', #5493, #5848 ) ;
#1257 = LINE ( 'NONE', #4827, #1655 ) ;
#1258 = DIRECTION ( 'NONE',  ( 0.4825509779128839827, 0.000000000000000000, 0.8758678859938406891 ) ) ;
#1259 = DIRECTION ( 'NONE',  ( -0.4797759913888195449, 0.000000000000000000, -0.8773910177833343926 ) ) ;
#1260 = FACE_OUTER_BOUND ( 'NONE', #141, .T. ) ;
#1261 = ORIENTED_EDGE ( 'NONE', *, *, #2640, .T. ) ;
#1262 = ORIENTED_EDGE ( 'NONE', *, *, #161, .T. ) ;
#1263 = ORIENTED_EDGE ( 'NONE', *, *, #7233, .T. ) ;
#1264 = DIRECTION ( 'NONE',  ( 0.000000000000000000, 0.000000000000000000, -1.000000000000000000 ) ) ;
#1265 = EDGE_CURVE ( 'NONE', #3539, #140, #8679, .T. ) ;
#1266 = CARTESIAN_POINT ( 'NONE',  ( -1.702338303390270591, 0.000000000000000000, 2.093494299791565094 ) ) ;
#1267 = CARTESIAN_POINT ( 'NONE',  ( 1.380285232474605328, 0.000000000000000000, -2.436147096751862584 ) ) ;
#1268 = CARTESIAN_POINT ( 'NONE',  ( -1.277811535945084565, 0.8999999999999998002, -1.912380108295854475 ) ) ;
#1269 = CARTESIAN_POINT ( 'NONE',  ( 0.8628564402084439866, 0.5271463900493872368, -2.628056306043078827 ) ) ;
#1270 = DIRECTION ( 'NONE',  ( 0.000000000000000000, 1.000000000000000000, 0.000000000000000000 ) ) ;
#1271 = ORIENTED_EDGE ( 'NONE', *, *, #8410, .F. ) ;
#1272 = EDGE_CURVE ( 'NONE', #4589, #8740, #8011, .T. ) ;
#1273 = EDGE_CURVE ( 'NONE', #6120, #3750, #1614, .T. ) ;
#1274 = ADVANCED_FACE ( 'NONE', ( #6741 ), #300, .F. ) ;
#1275 = EDGE_CURVE ( 'NONE', #3328, #4135, #3648, .T. ) ;
#1276 = EDGE_CURVE ( 'NONE', #4953, #4483, #1428, .T. ) ;
#1277 = DIRECTION ( 'NONE',  ( -0.000000000000000000, -1.000000000000000000, -0.000000000000000000 ) ) ;
#1278 = ORIENTED_EDGE ( 'NONE', *, *, #808, .T. ) ;
#1279 = CARTESIAN_POINT ( 'NONE',  ( 1.330796278752346185, 0.000000000000000000, 2.461564155185413050 ) ) ;
#1280 = CARTESIAN_POINT ( 'NONE',  ( 0.1840139698503526489, 0.5565983517416286386, 2.723042533198345438 ) ) ;
#1281 = DIRECTION ( 'NONE',  ( -0.9541318480555552872, 0.000000000000000000, 0.2993867340516119246 ) ) ;
#1282 = CARTESIAN_POINT ( 'NONE',  ( -1.912380108295837822, 0.9000000000000002442, -1.277811535945108545 ) ) ;
#1283 = EDGE_CURVE ( 'NONE', #435, #6000, #2312, .T. ) ;
#1284 = DIRECTION ( 'NONE',  ( 0.000000000000000000, 1.000000000000000000, -0.000000000000000000 ) ) ;
#1285 = CARTESIAN_POINT ( 'NONE',  ( 2.265217391304346073, 0.000000000000000000, 0.3984848430396461527 ) ) ;
#1286 = ORIENTED_EDGE ( 'NONE', *, *, #1387, .T. ) ;
#1287 = CARTESIAN_POINT ( 'NONE',  ( 1.764915053207594786, 0.5013837380188952420, -2.171495263774711582 ) ) ;
#1288 = FACE_OUTER_BOUND ( 'NONE', #2958, .T. ) ;
#1289 = DIRECTION ( 'NONE',  ( -0.7669325427442507115, 0.000000000000000000, 0.6417277264384311231 ) ) ;
#1290 = CARTESIAN_POINT ( 'NONE',  ( -2.577175867982993918, 0.5484376846080580847, 0.9288578182228138802 ) ) ;
#1291 = DIRECTION ( 'NONE',  ( -0.000000000000000000, 1.000000000000000000, -0.000000000000000000 ) ) ;
#1292 = ORIENTED_EDGE ( 'NONE', *, *, #8546, .T. ) ;
#1293 = CARTESIAN_POINT ( 'NONE',  ( -1.674570589714856617, 0.5180976358458533326, 2.215771117704246951 ) ) ;
#1294 = EDGE_CURVE ( 'NONE', #2811, #1897, #2596, .T. ) ;
#1295 = ORIENTED_EDGE ( 'NONE', *, *, #8338, .F. ) ;
#1296 = ORIENTED_EDGE ( 'NONE', *, *, #4413, .F. ) ;
#1297 = CARTESIAN_POINT ( 'NONE',  ( 2.245281531994570923, 0.000000000000000000, -0.4987091758571420286 ) ) ;
#1298 = DIRECTION ( 'NONE',  ( 0.000000000000000000, 0.000000000000000000, -1.000000000000000000 ) ) ;
#1299 = EDGE_CURVE ( 'NONE', #6433, #9189, #4254, .T. ) ;
#1300 = FACE_OUTER_BOUND ( 'NONE', #7206, .T. ) ;
#1301 = CARTESIAN_POINT ( 'NONE',  ( -2.567814011882551206, 0.000000000000000000, 0.8288578182228133473 ) ) ;
#1302 = DIRECTION ( 'NONE',  ( 0.000000000000000000, 1.000000000000000000, -0.000000000000000000 ) ) ;
#1303 = ORIENTED_EDGE ( 'NONE', *, *, #4509, .F. ) ;
#1304 = ORIENTED_EDGE ( 'NONE', *, *, #612, .F. ) ;
#1305 = VECTOR ( 'NONE', #7062, 100.0000000000000000 ) ;
#1306 = ORIENTED_EDGE ( 'NONE', *, *, #6468, .F. ) ;
#1307 = LINE ( 'NONE', #7095, #8577 ) ;
#1308 = ORIENTED_EDGE ( 'NONE', *, *, #9060, .F. ) ;
#1309 = CARTESIAN_POINT ( 'NONE',  ( -2.055160654053834079, 0.000000000000000000, 1.848424653360405845 ) ) ;
#1310 = CARTESIAN_POINT ( 'NONE',  ( -1.235013156857752259, 0.000000000000000000, 1.940294437034814745 ) ) ;
#1311 = LINE ( 'NONE', #2159, #3950 ) ;
#1312 = CARTESIAN_POINT ( 'NONE',  ( 2.576739882529194947, 0.5639694227498459611, 0.8712172545039291727 ) ) ;
#1313 = CARTESIAN_POINT ( 'NONE',  ( -2.681603779540944199, 0.5013837380188949089, -0.7995736333737475388 ) ) ;
#1314 = VERTEX_POINT ( 'NONE', #3213 ) ;
#1315 = DIRECTION ( 'NONE',  ( 0.000000000000000000, 0.000000000000000000, 1.000000000000000000 ) ) ;
#1316 = ORIENTED_EDGE ( 'NONE', *, *, #2180, .F. ) ;
#1317 = ADVANCED_FACE ( 'NONE', ( #1180 ), #1891, .T. ) ;
#1318 = DIRECTION ( 'NONE',  ( 0.08537965099453934115, 0.000000000000000000, -0.9963484908384468985 ) ) ;
#1319 = CARTESIAN_POINT ( 'NONE',  ( 0.9263820446220115690, 0.4000000000000000222, -1.272792206135783477 ) ) ;
#1320 = CARTESIAN_POINT ( 'NONE',  ( 0.000000000000000000, 0.000000000000000000, 0.000000000000000000 ) ) ;
#1321 = CARTESIAN_POINT ( 'NONE',  ( 1.319979243539610270, 0.000000000000000000, 1.883521912966397371 ) ) ;
#1322 = AXIS2_PLACEMENT_3D ( 'NONE', #4251, #3543, #6414 ) ;
#1323 = CIRCLE ( 'NONE', #6594, 0.2000000000000000111 ) ;
#1324 = LINE ( 'NONE', #4191, #9265 ) ;
#1325 = CARTESIAN_POINT ( 'NONE',  ( 2.698625179935606244, 0.000000000000000000, -0.7466070842267135133 ) ) ;
#1326 = VECTOR ( 'NONE', #13, 100.0000000000000000 ) ;
#1327 = EDGE_LOOP ( 'NONE', ( #526, #3387, #2143, #159 ) ) ;
#1328 = CARTESIAN_POINT ( 'NONE',  ( -2.124922924775949795, 0.000000000000000000, -0.8801718944397305400 ) ) ;
#1329 = DIRECTION ( 'NONE',  ( -0.9942059264903062576, 0.000000000000000000, 0.1074922124228154252 ) ) ;
#1330 = EDGE_CURVE ( 'NONE', #2089, #4780, #5335, .T. ) ;
#1331 = CARTESIAN_POINT ( 'NONE',  ( 2.816687638038912056E-16, 1.000000000000000000, 2.299999999999999822 ) ) ;
#1332 = DIRECTION ( 'NONE',  ( 0.000000000000000000, 1.000000000000000000, 0.000000000000000000 ) ) ;
#1333 = CARTESIAN_POINT ( 'NONE',  ( -0.5821356961071200153, 0.6763576274005851374, 2.513238335225318476 ) ) ;
#1334 = VECTOR ( 'NONE', #734, 100.0000000000000000 ) ;
#1335 = ORIENTED_EDGE ( 'NONE', *, *, #9207, .T. ) ;
#1336 = CIRCLE ( 'NONE', #4658, 0.1000000000000000056 ) ;
#1337 = CARTESIAN_POINT ( 'NONE',  ( -1.099587125378900465, 0.8000000000000000444, 1.572792206135783299 ) ) ;
#1338 = VERTEX_POINT ( 'NONE', #4047 ) ;
#1339 = ORIENTED_EDGE ( 'NONE', *, *, #8746, .T. ) ;
#1340 = CARTESIAN_POINT ( 'NONE',  ( -1.626345596729038556, 0.9000000000000001332, -1.626345596729079634 ) ) ;
#1341 = LINE ( 'NONE', #2899, #7804 ) ;
#1342 = LINE ( 'NONE', #5675, #2893 ) ;
#1343 = DIRECTION ( 'NONE',  ( 0.2781170528593655544, 0.000000000000000000, -0.9605471903601722206 ) ) ;
#1344 = CARTESIAN_POINT ( 'NONE',  ( -0.9282438859800510311, 0.000000000000000000, -2.556750127584899168 ) ) ;
#1345 = AXIS2_PLACEMENT_3D ( 'NONE', #6028, #2455, #4711 ) ;
#1346 = EDGE_CURVE ( 'NONE', #6447, #4909, #7819, .T. ) ;
#1347 = ORIENTED_EDGE ( 'NONE', *, *, #2479, .F. ) ;
#1348 = VERTEX_POINT ( 'NONE', #4004 ) ;
#1349 = ADVANCED_FACE ( 'NONE', ( #6175 ), #8985, .T. ) ;
#1350 = B_SPLINE_CURVE_WITH_KNOTS ( 'NONE', 3,
 ( #8866, #5304, #1729, #4552, #1018, #4732, #1816, #1150, #7683, #9000 ),
 .UNSPECIFIED., .F., .F.,
 ( 4, 2, 2, 2, 4 ),
 ( 3.974750819240313445E-18, 0.0003819510935555849398, 0.0007639021871111659765, 0.001145853280666746851, 0.001527804374222327833 ),
 .UNSPECIFIED. ) ;
#1351 = FACE_OUTER_BOUND ( 'NONE', #5316, .T. ) ;
#1352 = VECTOR ( 'NONE', #5629, 100.0000000000000000 ) ;
#1353 = B_SPLINE_CURVE_WITH_KNOTS ( 'NONE', 3,
 ( #4091, #8326, #1795, #9073, #6962, #1176 ),
 .UNSPECIFIED., .F., .F.,
 ( 4, 2, 4 ),
 ( 0.0006983509264635296256, 0.001115454646889966388, 0.001532558367316403042 ),
 .UNSPECIFIED. ) ;
#1354 = ORIENTED_EDGE ( 'NONE', *, *, #5601, .F. ) ;
#1355 = EDGE_LOOP ( 'NONE', ( #8022, #8334, #4998, #8727 ) ) ;
#1356 = DIRECTION ( 'NONE',  ( 0.9963484908384462324, 0.000000000000000000, 0.08537965099454651596 ) ) ;
#1357 = CARTESIAN_POINT ( 'NONE',  ( 1.883521912966392930, 0.000000000000000000, -1.319979243539616709 ) ) ;
#1358 = CARTESIAN_POINT ( 'NONE',  ( 0.000000000000000000, 0.000000000000000000, 0.000000000000000000 ) ) ;
#1359 = FACE_OUTER_BOUND ( 'NONE', #3191, .T. ) ;
#1360 = B_SPLINE_CURVE_WITH_KNOTS ( 'NONE', 3,
 ( #4240, #5558, #1416, #4940 ),
 .UNSPECIFIED., .F., .F.,
 ( 4, 4 ),
 ( 0.0008222052354736987057, 0.001178197165027520046 ),
 .UNSPECIFIED. ) ;
#1361 = DIRECTION ( 'NONE',  ( -0.8871031560450771680, 0.000000000000000000, -0.4615712193528357932 ) ) ;
#1362 = EDGE_LOOP ( 'NONE', ( #386, #721, #7397, #3785 ) ) ;
#1363 = AXIS2_PLACEMENT_3D ( 'NONE', #1325, #1373, #4245 ) ;
#1364 = CARTESIAN_POINT ( 'NONE',  ( -2.474088437236936500, 0.000000000000000000, -1.307364995081810477 ) ) ;
#1365 = DIRECTION ( 'NONE',  ( -0.7809991007975001232, 0.000000000000000000, -0.6245321485348022117 ) ) ;
#1366 = ORIENTED_EDGE ( 'NONE', *, *, #1149, .T. ) ;
#1367 = CARTESIAN_POINT ( 'NONE',  ( -0.9293712985424751327, 0.5560460307591199580, -2.566877592613721504 ) ) ;
#1368 = CARTESIAN_POINT ( 'NONE',  ( -2.472221299652497262, 0.5560460307591199580, -1.157891804773424571 ) ) ;
#1369 = DIRECTION ( 'NONE',  ( -0.000000000000000000, -1.000000000000000000, -0.000000000000000000 ) ) ;
#1370 = CARTESIAN_POINT ( 'NONE',  ( 0.000000000000000000, 0.000000000000000000, 0.000000000000000000 ) ) ;
#1371 = CARTESIAN_POINT ( 'NONE',  ( 1.365495771286375781, 0.6763576274040418168, 2.188759967859668532 ) ) ;
#1372 = VECTOR ( 'NONE', #3519, 100.0000000000000000 ) ;
#1373 = DIRECTION ( 'NONE',  ( 0.9536567964563958943, 0.000000000000000000, -0.3008965180465277833 ) ) ;
#1374 = ORIENTED_EDGE ( 'NONE', *, *, #4231, .T. ) ;
#1375 = DIRECTION ( 'NONE',  ( -0.000000000000000000, -1.000000000000000000, -0.000000000000000000 ) ) ;
#1376 = CIRCLE ( 'NONE', #7242, 2.299999999999999822 ) ;
#1377 = CARTESIAN_POINT ( 'NONE',  ( 0.2168951061243414580, 0.000000000000000000, -2.689540963694129871 ) ) ;
#1378 = DIRECTION ( 'NONE',  ( -0.000000000000000000, 1.000000000000000000, 0.000000000000000000 ) ) ;
#1379 = CARTESIAN_POINT ( 'NONE',  ( 2.714544907353800607, 0.000000000000000000, 0.6864735580920388047 ) ) ;
#1380 = DIRECTION ( 'NONE',  ( -0.000000000000000000, -1.000000000000000000, -0.000000000000000000 ) ) ;
#1381 = VECTOR ( 'NONE', #452, 100.0000000000000000 ) ;
#1382 = ADVANCED_FACE ( 'NONE', ( #4717 ), #482, .F. ) ;
#1383 = AXIS2_PLACEMENT_3D ( 'NONE', #8592, #2157, #7988 ) ;
#1384 = AXIS2_PLACEMENT_3D ( 'NONE', #566, #7489, #1046 ) ;
#1385 = ORIENTED_EDGE ( 'NONE', *, *, #3716, .F. ) ;
#1386 = EDGE_CURVE ( 'NONE', #3286, #2470, #6217, .T. ) ;
#1387 = EDGE_CURVE ( 'NONE', #1672, #405, #7042, .T. ) ;
#1388 = CARTESIAN_POINT ( 'NONE',  ( 0.2765890575571408050, 0.000000000000000000, 2.784058973958860594 ) ) ;
#1389 = EDGE_LOOP ( 'NONE', ( #7209, #5578, #1397, #6342 ) ) ;
#1390 = VERTEX_POINT ( 'NONE', #8505 ) ;
#1391 = CARTESIAN_POINT ( 'NONE',  ( 0.6486476801571646744, 0.5639694227494322920, -2.641564709370466169 ) ) ;
#1392 = DIRECTION ( 'NONE',  ( 0.000000000000000000, 1.000000000000000000, -0.000000000000000000 ) ) ;
#1393 = CARTESIAN_POINT ( 'NONE',  ( -1.619202367649563268, 0.8000000000000000444, 1.272792206135783255 ) ) ;
#1394 = DIRECTION ( 'NONE',  ( -0.000000000000000000, 1.000000000000000000, -0.000000000000000000 ) ) ;
#1395 = CARTESIAN_POINT ( 'NONE',  ( -0.6486476801571823270, 0.5639694227494317369, 2.641564709370462616 ) ) ;
#1396 = VERTEX_POINT ( 'NONE', #3432 ) ;
#1397 = ORIENTED_EDGE ( 'NONE', *, *, #4144, .F. ) ;
#1398 = LINE ( 'NONE', #6432, #8731 ) ;
#1399 = EDGE_LOOP ( 'NONE', ( #1610, #4706, #2131, #79 ) ) ;
#1400 = ORIENTED_EDGE ( 'NONE', *, *, #8992, .T. ) ;
#1401 = DIRECTION ( 'NONE',  ( -0.8758678859938425765, 0.000000000000000000, 0.4825509779128804855 ) ) ;
#1402 = AXIS2_PLACEMENT_3D ( 'NONE', #7909, #7349, #1466 ) ;
#1403 = CARTESIAN_POINT ( 'NONE',  ( 1.360932093751753946, 0.5340002883789661814, -2.398269716332242396 ) ) ;
#1404 = DIRECTION ( 'NONE',  ( -0.000000000000000000, 1.000000000000000000, -0.000000000000000000 ) ) ;
#1405 = DIRECTION ( 'NONE',  ( 0.000000000000000000, 0.000000000000000000, 1.000000000000000000 ) ) ;
#1406 = DIRECTION ( 'NONE',  ( -0.8766305499217074138, 0.000000000000000000, 0.4811640873381605177 ) ) ;
#1407 = DIRECTION ( 'NONE',  ( 0.000000000000000000, 1.000000000000000000, 0.000000000000000000 ) ) ;
#1408 = ORIENTED_EDGE ( 'NONE', *, *, #736, .T. ) ;
#1409 = CARTESIAN_POINT ( 'NONE',  ( 0.3228824516354940610, 0.5013837380188959081, 2.779579779042260501 ) ) ;
#1410 = CARTESIAN_POINT ( 'NONE',  ( 2.409555395782908782, 0.7884388346760238253, 0.3828792114248086853 ) ) ;
#1411 = ADVANCED_FACE ( 'NONE', ( #6969 ), #4934, .F. ) ;
#1412 = ORIENTED_EDGE ( 'NONE', *, *, #1516, .F. ) ;
#1413 = CARTESIAN_POINT ( 'NONE',  ( -0.9209726854077739944, 0.5270647222874784710, -2.608366502241234564 ) ) ;
#1414 = EDGE_CURVE ( 'NONE', #4912, #2514, #5123, .T. ) ;
#1415 = CARTESIAN_POINT ( 'NONE',  ( -2.686445381698006951, 0.000000000000000000, -0.2523594531672774255 ) ) ;
#1416 = CARTESIAN_POINT ( 'NONE',  ( -0.2992912332039770473, 0.5014441230611187406, -2.782168212128007134 ) ) ;
#1417 = DIRECTION ( 'NONE',  ( 0.000000000000000000, 0.000000000000000000, 1.000000000000000000 ) ) ;
#1418 = CIRCLE ( 'NONE', #233, 2.299999999999999822 ) ;
#1419 = ORIENTED_EDGE ( 'NONE', *, *, #2956, .F. ) ;
#1420 = LINE ( 'NONE', #7348, #7929 ) ;
#1421 = EDGE_CURVE ( 'NONE', #379, #5367, #6478, .T. ) ;
#1422 = DIRECTION ( 'NONE',  ( 0.000000000000000000, 0.000000000000000000, 1.000000000000000000 ) ) ;
#1423 = ORIENTED_EDGE ( 'NONE', *, *, #1748, .T. ) ;
#1424 = CARTESIAN_POINT ( 'NONE',  ( -2.641564709370459951, 0.000000000000000000, -0.6486476801571917639 ) ) ;
#1425 = DIRECTION ( 'NONE',  ( -0.000000000000000000, -1.000000000000000000, -0.000000000000000000 ) ) ;
#1426 = DIRECTION ( 'NONE',  ( 0.000000000000000000, 0.000000000000000000, -1.000000000000000000 ) ) ;
#1427 = CYLINDRICAL_SURFACE ( 'NONE', #135, 0.1000000000000000888 ) ;
#1428 = B_SPLINE_CURVE_WITH_KNOTS ( 'NONE', 3,
 ( #6876, #9032, #4758, #3160 ),
 .UNSPECIFIED., .F., .F.,
 ( 4, 4 ),
 ( 0.0008222321815043418273, 0.001178224111058161216 ),
 .UNSPECIFIED. ) ;
#1429 = CARTESIAN_POINT ( 'NONE',  ( 1.307364995081786052, 0.5013837380188951309, -2.474088437236949822 ) ) ;
#1430 = PRODUCT_DEFINITION_FORMATION_WITH_SPECIFIED_SOURCE ( 'ANY', '', #5653, .NOT_KNOWN. ) ;
#1431 = ORIENTED_EDGE ( 'NONE', *, *, #2473, .T. ) ;
#1432 = LINE ( 'NONE', #777, #8716 ) ;
#1433 = ADVANCED_FACE ( 'NONE', ( #3484 ), #4983, .T. ) ;
#1434 = VERTEX_POINT ( 'NONE', #8548 ) ;
#1435 = ORIENTED_EDGE ( 'NONE', *, *, #4843, .F. ) ;
#1436 = CARTESIAN_POINT ( 'NONE',  ( 0.9271593159763918957, 0.9000000000000004663, 2.104845743231125166 ) ) ;
#1437 = DIRECTION ( 'NONE',  ( 0.000000000000000000, 1.000000000000000000, 0.000000000000000000 ) ) ;
#1438 = DIRECTION ( 'NONE',  ( 0.000000000000000000, 1.000000000000000000, -0.000000000000000000 ) ) ;
#1439 = LINE ( 'NONE', #2148, #200 ) ;
#1440 = DIRECTION ( 'NONE',  ( -0.4615712193528423435, 0.000000000000000000, 0.8871031560450737263 ) ) ;
#1441 = EDGE_LOOP ( 'NONE', ( #7700, #4019, #281, #750 ) ) ;
#1442 = ORIENTED_EDGE ( 'NONE', *, *, #2405, .T. ) ;
#1443 = CARTESIAN_POINT ( 'NONE',  ( -2.783462428670878008, 0.000000000000000000, 0.2874956239882375253 ) ) ;
#1444 = VERTEX_POINT ( 'NONE', #4183 ) ;
#1445 = ORIENTED_EDGE ( 'NONE', *, *, #3495, .F. ) ;
#1446 = DIRECTION ( 'NONE',  ( 0.7669325427442869048, 0.000000000000000000, -0.6417277264383880464 ) ) ;
#1447 = CARTESIAN_POINT ( 'NONE',  ( 2.709035401558042899, 0.5482992156844557208, -0.4082981140704888268 ) ) ;
#1448 = CARTESIAN_POINT ( 'NONE',  ( 0.000000000000000000, 0.9000000000000001332, 0.000000000000000000 ) ) ;
#1449 = CARTESIAN_POINT ( 'NONE',  ( -0.1368821172828292854, 0.5347490455639741791, 2.753207837241200995 ) ) ;
#1450 = EDGE_CURVE ( 'NONE', #3861, #1120, #4907, .T. ) ;
#1451 = VECTOR ( 'NONE', #3154, 100.0000000000000000 ) ;
#1452 = B_SPLINE_CURVE_WITH_KNOTS ( 'NONE', 3,
 ( #6700, #3119, #257, #5799 ),
 .UNSPECIFIED., .F., .F.,
 ( 4, 4 ),
 ( 0.001153403296941822153, 0.001532558367316408463 ),
 .UNSPECIFIED. ) ;
#1453 = LINE ( 'NONE', #4326, #5099 ) ;
#1454 = ORIENTED_EDGE ( 'NONE', *, *, #1299, .T. ) ;
#1455 = AXIS2_PLACEMENT_3D ( 'NONE', #663, #1979, #7849 ) ;
#1456 = DIRECTION ( 'NONE',  ( -0.000000000000000000, 1.000000000000000000, 0.000000000000000000 ) ) ;
#1457 = CARTESIAN_POINT ( 'NONE',  ( -0.8712172545039849059, 0.000000000000000000, 2.576739882529722525 ) ) ;
#1458 = ORIENTED_EDGE ( 'NONE', *, *, #4198, .T. ) ;
#1459 = CARTESIAN_POINT ( 'NONE',  ( 2.762257413075074552, 0.5270647222874781379, 0.1473108318935723304 ) ) ;
#1460 = CARTESIAN_POINT ( 'NONE',  ( 0.3228824516354940610, 0.000000000000000000, 2.779579779042260501 ) ) ;
#1461 = CARTESIAN_POINT ( 'NONE',  ( 0.000000000000000000, 0.000000000000000000, 0.000000000000000000 ) ) ;
#1462 = CARTESIAN_POINT ( 'NONE',  ( -1.513624803867180679, 0.4000000000000000222, -1.455657910746216421 ) ) ;
#1463 = EDGE_LOOP ( 'NONE', ( #651, #5683, #2052, #1014 ) ) ;
#1464 = EDGE_CURVE ( 'NONE', #8106, #6120, #2420, .T. ) ;
#1465 = CARTESIAN_POINT ( 'NONE',  ( 0.000000000000000000, 0.000000000000000000, -2.299999999999999822 ) ) ;
#1466 = DIRECTION ( 'NONE',  ( 0.9541318480555532888, 0.000000000000000000, -0.2993867340516185860 ) ) ;
#1467 = EDGE_LOOP ( 'NONE', ( #2603, #83, #8961, #8732 ) ) ;
#1468 = CARTESIAN_POINT ( 'NONE',  ( 0.4987091758571342015, 0.9000000000000004663, 2.245281531994572255 ) ) ;
#1469 = FACE_OUTER_BOUND ( 'NONE', #7421, .T. ) ;
#1470 = CARTESIAN_POINT ( 'NONE',  ( 1.765440312094468389, 0.5030088725568018226, 2.168477649491290293 ) ) ;
#1471 = FACE_OUTER_BOUND ( 'NONE', #3650, .T. ) ;
#1472 = PLANE ( 'NONE',  #6720 ) ;
#1473 = ORIENTED_EDGE ( 'NONE', *, *, #7747, .F. ) ;
#1474 = EDGE_LOOP ( 'NONE', ( #5499, #7054, #3662, #2503 ) ) ;
#1475 = CIRCLE ( 'NONE', #2682, 2.300000000000000711 ) ;
#1476 = DIRECTION ( 'NONE',  ( -0.000000000000000000, 1.000000000000000000, -0.000000000000000000 ) ) ;
#1477 = ORIENTED_EDGE ( 'NONE', *, *, #2142, .F. ) ;
#1478 = ORIENTED_EDGE ( 'NONE', *, *, #3957, .T. ) ;
#1479 = CARTESIAN_POINT ( 'NONE',  ( 9.184850993605145972E-17, 0.3000000000000000999, -0.7500000000000000000 ) ) ;
#1480 = DIRECTION ( 'NONE',  ( 0.4999999999999996669, 0.000000000000000000, 0.8660254037844389297 ) ) ;
#1481 = CARTESIAN_POINT ( 'NONE',  ( 2.245281531994570923, 0.000000000000000000, -0.4987091758571420286 ) ) ;
#1482 = CARTESIAN_POINT ( 'NONE',  ( 0.000000000000000000, 0.000000000000000000, 0.000000000000000000 ) ) ;
#1483 = DIRECTION ( 'NONE',  ( -0.000000000000000000, -1.000000000000000000, -0.000000000000000000 ) ) ;
#1484 = EDGE_CURVE ( 'NONE', #1396, #7097, #9053, .T. ) ;
#1485 = VERTEX_POINT ( 'NONE', #6308 ) ;
#1486 = B_SPLINE_CURVE_WITH_KNOTS ( 'NONE', 3,
 ( #7366, #4459, #7420, #1731, #5163, #5208, #8820, #879, #8919, #3134 ),
 .UNSPECIFIED., .F., .F.,
 ( 4, 2, 2, 2, 4 ),
 ( 3.974750819240313445E-18, 0.0003819510935555836930, 0.0007639021871111634828, 0.001145853280666743164, 0.001527804374222322846 ),
 .UNSPECIFIED. ) ;
#1487 = ORIENTED_EDGE ( 'NONE', *, *, #7196, .T. ) ;
#1488 = EDGE_CURVE ( 'NONE', #6882, #6686, #6322, .T. ) ;
#1489 = DIRECTION ( 'NONE',  ( 0.000000000000000000, 1.000000000000000000, 0.000000000000000000 ) ) ;
#1490 = ORIENTED_EDGE ( 'NONE', *, *, #6173, .F. ) ;
#1491 = ORIENTED_EDGE ( 'NONE', *, *, #6763, .T. ) ;
#1492 = CARTESIAN_POINT ( 'NONE',  ( 2.658617503868864862, 0.000000000000000000, 0.8784947171850753245 ) ) ;
#1493 = CIRCLE ( 'NONE', #7353, 0.6500000000000000222 ) ;
#1494 = LINE ( 'NONE', #4928, #5147 ) ;
#1495 = LINE ( 'NONE', #4884, #2738 ) ;
#1496 = CARTESIAN_POINT ( 'NONE',  ( 1.412286665758709869, 0.5560460307591195139, 2.336244413527207797 ) ) ;
#1497 = LINE ( 'NONE', #1600, #2694 ) ;
#1498 = ORIENTED_EDGE ( 'NONE', *, *, #6544, .F. ) ;
#1499 = ORIENTED_EDGE ( 'NONE', *, *, #3441, .T. ) ;
#1500 = VECTOR ( 'NONE', #5320, 100.0000000000000000 ) ;
#1501 = EDGE_CURVE ( 'NONE', #4964, #7152, #8371, .T. ) ;
#1502 = ADVANCED_FACE ( 'NONE', ( #2025 ), #2822, .T. ) ;
#1503 = EDGE_CURVE ( 'NONE', #6615, #1721, #7056, .T. ) ;
#1504 = PLANE ( 'NONE',  #3150 ) ;
#1505 = CARTESIAN_POINT ( 'NONE',  ( 1.099587125378899355, 0.4000000000000000222, -1.572792206135783744 ) ) ;
#1506 = VERTEX_POINT ( 'NONE', #9257 ) ;
#1507 = DIRECTION ( 'NONE',  ( 0.000000000000000000, 0.000000000000000000, 1.000000000000000000 ) ) ;
#1508 = AXIS2_PLACEMENT_3D ( 'NONE', #876, #4412, #1583 ) ;
#1509 = PERSON_AND_ORGANIZATION_ROLE ( 'design_owner' ) ;
#1510 = LINE ( 'NONE', #8004, #3288 ) ;
#1511 = CARTESIAN_POINT ( 'NONE',  ( -0.2085382030411175869, 0.5271463900493869037, -2.758208295617712302 ) ) ;
#1512 = ORIENTED_EDGE ( 'NONE', *, *, #7212, .T. ) ;
#1513 = ORIENTED_EDGE ( 'NONE', *, *, #991, .T. ) ;
#1514 = AXIS2_PLACEMENT_3D ( 'NONE', #5550, #2638, #5693 ) ;
#1515 = CARTESIAN_POINT ( 'NONE',  ( -1.674570589714856617, 0.5180976358458533326, 2.215771117704246951 ) ) ;
#1516 = EDGE_CURVE ( 'NONE', #7702, #6163, #5921, .T. ) ;
#1517 = CIRCLE ( 'NONE', #8557, 0.7500000000000000000 ) ;
#1518 = DIRECTION ( 'NONE',  ( -0.000000000000000000, -1.000000000000000000, -0.000000000000000000 ) ) ;
#1519 = B_SPLINE_CURVE_WITH_KNOTS ( 'NONE', 3,
 ( #8879, #7468, #6587, #6634 ),
 .UNSPECIFIED., .F., .F.,
 ( 4, 4 ),
 ( 0.001041907151302079058, 0.006534648985770987080 ),
 .UNSPECIFIED. ) ;
#1520 = LINE ( 'NONE', #7351, #7085 ) ;
#1521 = CARTESIAN_POINT ( 'NONE',  ( 2.585593199994430158, 0.000000000000000000, 0.8716099316312619916 ) ) ;
#1522 = ADVANCED_FACE ( 'NONE', ( #5788 ), #1691, .T. ) ;
#1523 = LINE ( 'NONE', #5852, #8135 ) ;
#1524 = CARTESIAN_POINT ( 'NONE',  ( -0.8327500588231837586, 0.000000000000000000, 2.143951337957554326 ) ) ;
#1525 = CARTESIAN_POINT ( 'NONE',  ( 1.836970198721030674E-17, 0.000000000000000000, -1.750000000000000222 ) ) ;
#1526 = VECTOR ( 'NONE', #1679, 100.0000000000000000 ) ;
#1527 = AXIS2_PLACEMENT_3D ( 'NONE', #8424, #8472, #4487 ) ;
#1528 = ORIENTED_EDGE ( 'NONE', *, *, #7338, .T. ) ;
#1529 = ORIENTED_EDGE ( 'NONE', *, *, #8618, .F. ) ;
#1530 = ORIENTED_EDGE ( 'NONE', *, *, #3470, .F. ) ;
#1531 = ORIENTED_EDGE ( 'NONE', *, *, #5663, .T. ) ;
#1532 = CARTESIAN_POINT ( 'NONE',  ( -2.445893613259874755, 0.5560412871706282845, 1.212529752152021079 ) ) ;
#1533 = CARTESIAN_POINT ( 'NONE',  ( -2.435035952263230552, 0.5012843335660115418, 1.379127884805402715 ) ) ;
#1534 = EDGE_CURVE ( 'NONE', #514, #8318, #2390, .T. ) ;
#1535 = VECTOR ( 'NONE', #3360, 100.0000000000000000 ) ;
#1536 = DIRECTION ( 'NONE',  ( 0.000000000000000000, 0.000000000000000000, 1.000000000000000000 ) ) ;
#1537 = CARTESIAN_POINT ( 'NONE',  ( 1.589815391877622774, 0.8999999999999998002, -1.662073109026495521 ) ) ;
#1538 = CARTESIAN_POINT ( 'NONE',  ( 1.362003618849591646, 0.5013837380188954640, 2.444435101997061377 ) ) ;
#1539 = EDGE_CURVE ( 'NONE', #5714, #4639, #7252, .T. ) ;
#1540 = AXIS2_PLACEMENT_3D ( 'NONE', #8013, #2367, #1572 ) ;
#1541 = CONICAL_SURFACE ( 'NONE', #8898, 2.299999999999999822, 0.8960553845713439269 ) ;
#1542 = ORIENTED_EDGE ( 'NONE', *, *, #6989, .T. ) ;
#1543 = ORIENTED_EDGE ( 'NONE', *, *, #4646, .F. ) ;
#1544 = CIRCLE ( 'NONE', #941, 2.299999999999999822 ) ;
#1545 = PLANE ( 'NONE',  #4978 ) ;
#1546 = ORIENTED_EDGE ( 'NONE', *, *, #5943, .F. ) ;
#1547 = AXIS2_PLACEMENT_3D ( 'NONE', #6671, #7364, #7456 ) ;
#1548 = ORIENTED_EDGE ( 'NONE', *, *, #7184, .T. ) ;
#1549 = DIRECTION ( 'NONE',  ( -0.000000000000000000, -1.000000000000000000, -0.000000000000000000 ) ) ;
#1550 = CARTESIAN_POINT ( 'NONE',  ( 2.728460234658031780, 0.5338837825254068026, -0.4001772577313025270 ) ) ;
#1551 = DIRECTION ( 'NONE',  ( -0.000000000000000000, -1.000000000000000000, -0.000000000000000000 ) ) ;
#1552 = DIRECTION ( 'NONE',  ( 0.000000000000000000, 1.000000000000000000, 0.000000000000000000 ) ) ;
#1553 = LINE ( 'NONE', #6684, #8852 ) ;
#1554 = ORIENTED_EDGE ( 'NONE', *, *, #8055, .T. ) ;
#1555 = ORIENTED_EDGE ( 'NONE', *, *, #1788, .T. ) ;
#1556 = ADVANCED_FACE ( 'NONE', ( #7427 ), #4563, .F. ) ;
#1557 = DIRECTION ( 'NONE',  ( 0.000000000000000000, 0.000000000000000000, 1.000000000000000000 ) ) ;
#1558 = VECTOR ( 'NONE', #3546, 100.0000000000000000 ) ;
#1559 = ORIENTED_EDGE ( 'NONE', *, *, #6965, .F. ) ;
#1560 = CARTESIAN_POINT ( 'NONE',  ( 0.000000000000000000, 0.9000000000000001332, 0.000000000000000000 ) ) ;
#1561 = APPROVAL_DATE_TIME ( #5136, #5561 ) ;
#1562 = CYLINDRICAL_SURFACE ( 'NONE', #2992, 0.1000000000000000888 ) ;
#1563 = EDGE_CURVE ( 'NONE', #5326, #6137, #2167, .T. ) ;
#1564 = CARTESIAN_POINT ( 'NONE',  ( -1.319979243539597169, 0.000000000000000000, -1.883521912966406475 ) ) ;
#1565 = VERTEX_POINT ( 'NONE', #6497 ) ;
#1566 = EDGE_CURVE ( 'NONE', #3606, #514, #3677, .T. ) ;
#1567 = ORIENTED_EDGE ( 'NONE', *, *, #7001, .T. ) ;
#1568 = EDGE_CURVE ( 'NONE', #1862, #5434, #7220, .T. ) ;
#1569 = CARTESIAN_POINT ( 'NONE',  ( -1.842389068288368126, 0.5101996115923984609, -2.091530763291905348 ) ) ;
#1570 = LINE ( 'NONE', #5945, #8762 ) ;
#1571 = DIRECTION ( 'NONE',  ( -0.000000000000000000, 1.000000000000000000, -0.000000000000000000 ) ) ;
#1572 = DIRECTION ( 'NONE',  ( 0.4999999999999998335, 0.000000000000000000, -0.8660254037844388186 ) ) ;
#1573 = CARTESIAN_POINT ( 'NONE',  ( 2.299432410651858216, 0.000000000000000000, -0.05109392178902329162 ) ) ;
#1574 = DIRECTION ( 'NONE',  ( -0.000000000000000000, 1.000000000000000000, 0.000000000000000000 ) ) ;
#1575 = VECTOR ( 'NONE', #8507, 100.0000000000000000 ) ;
#1576 = LINE ( 'NONE', #5292, #6867 ) ;
#1577 = EDGE_CURVE ( 'NONE', #979, #3684, #8411, .T. ) ;
#1578 = EDGE_LOOP ( 'NONE', ( #6998, #4921, #3341, #4818 ) ) ;
#1579 = ORIENTED_EDGE ( 'NONE', *, *, #4475, .T. ) ;
#1580 = ORIENTED_EDGE ( 'NONE', *, *, #7770, .F. ) ;
#1581 = ORIENTED_EDGE ( 'NONE', *, *, #9121, .T. ) ;
#1582 = DIRECTION ( 'NONE',  ( -0.000000000000000000, 1.000000000000000000, -0.000000000000000000 ) ) ;
#1583 = DIRECTION ( 'NONE',  ( 0.000000000000000000, 0.000000000000000000, 1.000000000000000000 ) ) ;
#1584 = FACE_OUTER_BOUND ( 'NONE', #743, .T. ) ;
#1585 = DIRECTION ( 'NONE',  ( -3.469446951953614189E-15, 0.000000000000000000, 1.000000000000000000 ) ) ;
#1586 = CARTESIAN_POINT ( 'NONE',  ( 0.7071693041342266284, 0.5639694227494331802, 2.626503284226968660 ) ) ;
#1587 = ORIENTED_EDGE ( 'NONE', *, *, #8307, .F. ) ;
#1588 = MANIFOLD_SOLID_BREP ( '컷-돌출7', #6877 ) ;
#1589 = ORIENTED_EDGE ( 'NONE', *, *, #6138, .F. ) ;
#1590 = EDGE_CURVE ( 'NONE', #5300, #3953, #5568, .T. ) ;
#1591 = CARTESIAN_POINT ( 'NONE',  ( 1.316536044561295027, 0.6763576274043074932, -2.218553975380185506 ) ) ;
#1592 = EDGE_CURVE ( 'NONE', #9225, #68, #6549, .T. ) ;
#1593 = ORIENTED_EDGE ( 'NONE', *, *, #4664, .T. ) ;
#1594 = EDGE_LOOP ( 'NONE', ( #7639, #7608, #4316, #7043, #4668 ) ) ;
#1595 = LINE ( 'NONE', #8078, #900 ) ;
#1596 = DIRECTION ( 'NONE',  ( -0.7809991007975001232, 0.000000000000000000, -0.6245321485348022117 ) ) ;
#1597 = B_SPLINE_CURVE_WITH_KNOTS ( 'NONE', 3,
 ( #6266, #6974, #8419, #7670 ),
 .UNSPECIFIED., .F., .F.,
 ( 4, 4 ),
 ( 0.001041907151302145845, 0.006534648985770913354 ),
 .UNSPECIFIED. ) ;
#1598 = PLANE ( 'NONE',  #2451 ) ;
#1599 = FACE_OUTER_BOUND ( 'NONE', #2286, .T. ) ;
#1600 = CARTESIAN_POINT ( 'NONE',  ( -1.445997286892676481, 0.8000000000000000444, -1.572792206135783744 ) ) ;
#1601 = VERTEX_POINT ( 'NONE', #4379 ) ;
#1602 = ORIENTED_EDGE ( 'NONE', *, *, #5589, .F. ) ;
#1603 = LINE ( 'NONE', #5978, #2549 ) ;
#1604 = AXIS2_PLACEMENT_3D ( 'NONE', #7447, #3871, #8713 ) ;
#1605 = CARTESIAN_POINT ( 'NONE',  ( 2.736637056491972420, 0.5482992156844559428, 0.1280538085463163722 ) ) ;
#1606 = COORDINATED_UNIVERSAL_TIME_OFFSET ( 9, 0, .AHEAD. ) ;
#1607 = DIRECTION ( 'NONE',  ( 0.000000000000000000, 0.000000000000000000, 1.000000000000000000 ) ) ;
#1608 = DIRECTION ( 'NONE',  ( -0.000000000000000000, -1.000000000000000000, -0.000000000000000000 ) ) ;
#1609 = ORIENTED_EDGE ( 'NONE', *, *, #5886, .T. ) ;
#1610 = ORIENTED_EDGE ( 'NONE', *, *, #2544, .T. ) ;
#1611 = CONICAL_SURFACE ( 'NONE', #8365, 2.299999999999999822, 0.8960553845713439269 ) ;
#1612 = DIRECTION ( 'NONE',  ( 0.000000000000000000, 0.000000000000000000, 1.000000000000000000 ) ) ;
#1613 = EDGE_CURVE ( 'NONE', #5396, #6668, #5360, .T. ) ;
#1614 = LINE ( 'NONE', #1138, #1861 ) ;
#1615 = DIRECTION ( 'NONE',  ( -0.6270012801882310916, 0.000000000000000000, 0.7790182248460681969 ) ) ;
#1616 = PLANE ( 'NONE',  #9043 ) ;
#1617 = B_SPLINE_CURVE_WITH_KNOTS ( 'NONE', 3,
 ( #1977, #5603, #5505, #4090, #1269, #6303, #1928, #7660, #5644, #9111 ),
 .UNSPECIFIED., .F., .F.,
 ( 4, 2, 2, 2, 4 ),
 ( 0.000000000000000000, 0.0003819510935555826088, 0.0007639021871111652175, 0.001145853280666747718, 0.001527804374222330435 ),
 .UNSPECIFIED. ) ;
#1618 = DIRECTION ( 'NONE',  ( -0.000000000000000000, 1.000000000000000000, -0.000000000000000000 ) ) ;
#1619 = CARTESIAN_POINT ( 'NONE',  ( -2.384700956748671441, 0.7884388346706954209, -0.5155143478143313640 ) ) ;
#1620 = DIRECTION ( 'NONE',  ( 0.000000000000000000, 0.000000000000000000, -1.000000000000000000 ) ) ;
#1621 = ORIENTED_EDGE ( 'NONE', *, *, #895, .T. ) ;
#1622 = AXIS2_PLACEMENT_3D ( 'NONE', #5614, #1941, #3397 ) ;
#1623 = ORIENTED_EDGE ( 'NONE', *, *, #5515, .F. ) ;
#1624 = EDGE_CURVE ( 'NONE', #3886, #8870, #5262, .T. ) ;
#1625 = EDGE_LOOP ( 'NONE', ( #2910, #3389, #3548, #3422 ) ) ;
#1626 = ORIENTED_EDGE ( 'NONE', *, *, #2014, .T. ) ;
#1627 = CARTESIAN_POINT ( 'NONE',  ( -2.463980945508430054, 0.5340002883789669585, 1.237995030786167350 ) ) ;
#1628 = CARTESIAN_POINT ( 'NONE',  ( 0.3517800458162801958, 0.5639694227494327361, -2.697194602940292008 ) ) ;
#1629 = CARTESIAN_POINT ( 'NONE',  ( -1.445997286892675593, 0.4000000000000000222, 0.9727922061357832106 ) ) ;
#1630 = CARTESIAN_POINT ( 'NONE',  ( 1.099587125378900243, 0.8000000000000000444, 1.572792206135783299 ) ) ;
#1631 = DIRECTION ( 'NONE',  ( -0.000000000000000000, -1.000000000000000000, -0.000000000000000000 ) ) ;
#1632 = VERTEX_POINT ( 'NONE', #2443 ) ;
#1633 = AXIS2_PLACEMENT_3D ( 'NONE', #6923, #3351, #359 ) ;
#1634 = ORIENTED_EDGE ( 'NONE', *, *, #7884, .F. ) ;
#1635 = DIRECTION ( 'NONE',  ( 0.7659158829736000262, 0.000000000000000000, -0.6429407905933255396 ) ) ;
#1636 = ORIENTED_EDGE ( 'NONE', *, *, #6425, .F. ) ;
#1637 = ORIENTED_EDGE ( 'NONE', *, *, #1094, .F. ) ;
#1638 = CARTESIAN_POINT ( 'NONE',  ( -1.619202367649563268, 0.8000000000000000444, 1.272792206135783255 ) ) ;
#1639 = VECTOR ( 'NONE', #4526, 100.0000000000000000 ) ;
#1640 = DIRECTION ( 'NONE',  ( -0.000000000000000000, -1.000000000000000000, -0.000000000000000000 ) ) ;
#1641 = CARTESIAN_POINT ( 'NONE',  ( -2.193772081687373809, 0.5013837380188959081, -1.737147339532203683 ) ) ;
#1642 = PLANE ( 'NONE',  #5276 ) ;
#1643 = EDGE_CURVE ( 'NONE', #4158, #4374, #5319, .T. ) ;
#1644 = CARTESIAN_POINT ( 'NONE',  ( 2.120056922913705844, 0.000000000000000000, 1.829032160353029290 ) ) ;
#1645 = ORIENTED_EDGE ( 'NONE', *, *, #8511, .T. ) ;
#1646 = ADVANCED_FACE ( 'NONE', ( #3193, #6069, #8930, #8216, #4652, #7514, #1073 ), #7, .T. ) ;
#1647 = EDGE_LOOP ( 'NONE', ( #6796, #6638, #7091, #9009 ) ) ;
#1648 = VECTOR ( 'NONE', #3814, 100.0000000000000000 ) ;
#1649 = CARTESIAN_POINT ( 'NONE',  ( -2.658617503868860421, 0.000000000000000000, -0.8784947171850934211 ) ) ;
#1650 = DIRECTION ( 'NONE',  ( 0.000000000000000000, 0.000000000000000000, -1.000000000000000000 ) ) ;
#1651 = B_SPLINE_CURVE_WITH_KNOTS ( 'NONE', 3,
 ( #5597, #474, #3336, #7612, #1844, #5503, #3423, #1973, #9070, #4751 ),
 .UNSPECIFIED., .F., .F.,
 ( 4, 2, 2, 2, 4 ),
 ( 2.168404344971008868E-19, 0.0003819510935555816872, 0.0007639021871111631575, 0.001145853280666744682, 0.001527804374222326098 ),
 .UNSPECIFIED. ) ;
#1652 = CALENDAR_DATE ( 2024, 26, 9 ) ;
#1653 = CARTESIAN_POINT ( 'NONE',  ( 2.161462141808484283, 0.5013021486515180092, 1.777421186674264408 ) ) ;
#1654 = LINE ( 'NONE', #8047, #6123 ) ;
#1655 = VECTOR ( 'NONE', #5494, 100.0000000000000000 ) ;
#1656 = VERTEX_POINT ( 'NONE', #2006 ) ;
#1657 = VERTEX_POINT ( 'NONE', #3988 ) ;
#1658 = EDGE_CURVE ( 'NONE', #7702, #7369, #7382, .T. ) ;
#1659 = LINE ( 'NONE', #6511, #4715 ) ;
#1660 = VECTOR ( 'NONE', #6846, 100.0000000000000142 ) ;
#1661 = CARTESIAN_POINT ( 'NONE',  ( -2.124922924775968447, 0.000000000000000000, 0.8801718944396843547 ) ) ;
#1662 = DIRECTION ( 'NONE',  ( 0.000000000000000000, -1.000000000000000000, 0.000000000000000000 ) ) ;
#1663 = CARTESIAN_POINT ( 'NONE',  ( 1.151527806643375396, 0.5639694227494319589, -2.464262899386314931 ) ) ;
#1664 = CARTESIAN_POINT ( 'NONE',  ( 0.000000000000000000, 0.9000000000000001332, 0.000000000000000000 ) ) ;
#1665 = LINE ( 'NONE', #262, #5370 ) ;
#1666 = VERTEX_POINT ( 'NONE', #8353 ) ;
#1667 = ORIENTED_EDGE ( 'NONE', *, *, #4154, .F. ) ;
#1668 = CIRCLE ( 'NONE', #7227, 0.1000000000000000056 ) ;
#1669 = PLANE ( 'NONE',  #3270 ) ;
#1670 = EDGE_CURVE ( 'NONE', #3487, #9200, #8312, .T. ) ;
#1671 = ORIENTED_EDGE ( 'NONE', *, *, #6847, .F. ) ;
#1672 = VERTEX_POINT ( 'NONE', #7602 ) ;
#1673 = DIRECTION ( 'NONE',  ( 0.000000000000000000, 0.000000000000000000, -1.000000000000000000 ) ) ;
#1674 = CARTESIAN_POINT ( 'NONE',  ( 2.104845743231122057, 0.000000000000000000, -0.9271593159763984460 ) ) ;
#1675 = CARTESIAN_POINT ( 'NONE',  ( 0.4045924925238867376, 0.000000000000000000, 2.770614537425462043 ) ) ;
#1676 = AXIS2_PLACEMENT_3D ( 'NONE', #3094, #7458, #6759 ) ;
#1677 = DIRECTION ( 'NONE',  ( 0.9596619953882979948, 0.000000000000000000, 0.2811562814652205922 ) ) ;
#1678 = AXIS2_PLACEMENT_3D ( 'NONE', #1001, #4443, #863 ) ;
#1679 = DIRECTION ( 'NONE',  ( -0.4999999999999998335, 0.000000000000000000, -0.8660254037844388186 ) ) ;
#1680 = EDGE_CURVE ( 'NONE', #280, #9211, #3435, .T. ) ;
#1681 = ORIENTED_EDGE ( 'NONE', *, *, #1577, .F. ) ;
#1682 = EDGE_CURVE ( 'NONE', #6401, #6579, #506, .T. ) ;
#1683 = EDGE_CURVE ( 'NONE', #8311, #8167, #4699, .T. ) ;
#1684 = CIRCLE ( 'NONE', #2133, 0.2000000000000000111 ) ;
#1685 = ADVANCED_FACE ( 'NONE', ( #5452 ), #2665, .F. ) ;
#1686 = ORIENTED_EDGE ( 'NONE', *, *, #5801, .T. ) ;
#1687 = CARTESIAN_POINT ( 'NONE',  ( -1.737147339532196133, 0.5013837380188954640, 2.193772081687380027 ) ) ;
#1688 = CIRCLE ( 'NONE', #4082, 2.299999999999999822 ) ;
#1689 = ORIENTED_EDGE ( 'NONE', *, *, #2504, .F. ) ;
#1690 = ORIENTED_EDGE ( 'NONE', *, *, #3452, .T. ) ;
#1691 = CYLINDRICAL_SURFACE ( 'NONE', #8872, 0.1000000000000000888 ) ;
#1692 = FACE_OUTER_BOUND ( 'NONE', #8327, .T. ) ;
#1693 = CARTESIAN_POINT ( 'NONE',  ( -2.479565624870400775, 0.5014441230611187406, -1.296838276274018042 ) ) ;
#1694 = DIRECTION ( 'NONE',  ( 0.000000000000000000, 1.000000000000000000, -0.000000000000000000 ) ) ;
#1695 = VECTOR ( 'NONE', #1425, 100.0000000000000000 ) ;
#1696 = CARTESIAN_POINT ( 'NONE',  ( 2.691558631681717273, 0.000000000000000000, 0.7653946419033839099 ) ) ;
#1697 = CARTESIAN_POINT ( 'NONE',  ( 1.785452745114176842, 0.000000000000000000, 2.154640415614405669 ) ) ;
#1698 = ORIENTED_EDGE ( 'NONE', *, *, #7703, .F. ) ;
#1699 = ADVANCED_FACE ( 'NONE', ( #1161 ), #8264, .F. ) ;
#1700 = AXIS2_PLACEMENT_3D ( 'NONE', #4425, #6771, #8128 ) ;
#1701 = ORIENTED_EDGE ( 'NONE', *, *, #6893, .F. ) ;
#1702 = B_SPLINE_CURVE_WITH_KNOTS ( 'NONE', 3,
 ( #8243, #2467, #3299, #5340 ),
 .UNSPECIFIED., .F., .F.,
 ( 4, 4 ),
 ( 3.282350919412504998E-07, 0.005493070069594666038 ),
 .UNSPECIFIED. ) ;
#1703 = VECTOR ( 'NONE', #5535, 100.0000000000000000 ) ;
#1704 = PLANE ( 'NONE',  #3155 ) ;
#1705 = LINE ( 'NONE', #293, #7689 ) ;
#1706 = PERSON_AND_ORGANIZATION ( #969, #9179 ) ;
#1707 = CARTESIAN_POINT ( 'NONE',  ( 2.076858703343039014, 0.5406715166901274738, 1.801264807576197668 ) ) ;
#1708 = CARTESIAN_POINT ( 'NONE',  ( -2.326531492178993243, 0.000000000000000000, 1.409205145698854356 ) ) ;
#1709 = ORIENTED_EDGE ( 'NONE', *, *, #7569, .T. ) ;
#1710 = VERTEX_POINT ( 'NONE', #550 ) ;
#1711 = EDGE_CURVE ( 'NONE', #7440, #1744, #3558, .T. ) ;
#1712 = CARTESIAN_POINT ( 'NONE',  ( -0.3793174255306109854, 0.5152387927717596572, -2.754974520680725458 ) ) ;
#1713 = ADVANCED_FACE ( 'NONE', ( #380 ), #9058, .T. ) ;
#1714 = DIRECTION ( 'NONE',  ( 0.000000000000000000, 0.000000000000000000, -1.000000000000000000 ) ) ;
#1715 = DIRECTION ( 'NONE',  ( -0.000000000000000000, 1.000000000000000000, 0.000000000000000000 ) ) ;
#1716 = DIRECTION ( 'NONE',  ( -0.000000000000000000, -1.000000000000000000, -0.000000000000000000 ) ) ;
#1717 = CARTESIAN_POINT ( 'NONE',  ( 2.131752242351181437, 0.5013837380188954640, -1.812718732419753564 ) ) ;
#1718 = DIRECTION ( 'NONE',  ( -0.000000000000000000, -1.000000000000000000, -0.000000000000000000 ) ) ;
#1719 = CARTESIAN_POINT ( 'NONE',  ( 1.844546903911999047, 0.5482992156844557208, 2.025642336671734434 ) ) ;
#1720 = ORIENTED_EDGE ( 'NONE', *, *, #2499, .F. ) ;
#1721 = VERTEX_POINT ( 'NONE', #4023 ) ;
#1722 = EDGE_CURVE ( 'NONE', #1776, #5300, #6899, .T. ) ;
#1723 = LOCAL_TIME ( 23, 20, 42.00000000000000000, #5891 ) ;
#1724 = ORIENTED_EDGE ( 'NONE', *, *, #849, .F. ) ;
#1725 = ORIENTED_EDGE ( 'NONE', *, *, #1136, .T. ) ;
#1726 = EDGE_LOOP ( 'NONE', ( #6197, #6484, #5141, #1292 ) ) ;
#1727 = CARTESIAN_POINT ( 'NONE',  ( -2.474666416565491467, 0.5102758125174873260, 1.282339612110524829 ) ) ;
#1728 = CARTESIAN_POINT ( 'NONE',  ( -0.8801718944397228794, 0.000000000000000000, 2.124922924775952460 ) ) ;
#1729 = CARTESIAN_POINT ( 'NONE',  ( -2.717236446823779517, 0.5484516897053791640, -0.3480831372671345236 ) ) ;
#1730 = CARTESIAN_POINT ( 'NONE',  ( 2.124922924775956457, 0.8999999999999992450, 0.8801718944397161071 ) ) ;
#1731 = CARTESIAN_POINT ( 'NONE',  ( 0.3395592197717026139, 0.5340002883789665145, -2.736518469213737426 ) ) ;
#1732 = ORIENTED_EDGE ( 'NONE', *, *, #823, .T. ) ;
#1733 = VECTOR ( 'NONE', #5134, 100.0000000000000000 ) ;
#1734 = ORIENTED_EDGE ( 'NONE', *, *, #468, .T. ) ;
#1735 = DIRECTION ( 'NONE',  ( 0.000000000000000000, 0.000000000000000000, 1.000000000000000000 ) ) ;
#1736 = ADVANCED_FACE ( 'NONE', ( #6948 ), #3412, .T. ) ;
#1737 = ORIENTED_EDGE ( 'NONE', *, *, #8201, .F. ) ;
#1738 = ORIENTED_EDGE ( 'NONE', *, *, #5556, .F. ) ;
#1739 = DIRECTION ( 'NONE',  ( -6.938893903907233900E-15, 0.000000000000000000, 1.000000000000000000 ) ) ;
#1740 = CYLINDRICAL_SURFACE ( 'NONE', #456, 0.1000000000000000888 ) ;
#1741 = DIRECTION ( 'NONE',  ( -0.000000000000000000, -1.000000000000000000, -0.000000000000000000 ) ) ;
#1742 = DIRECTION ( 'NONE',  ( -0.9601057954651842641, 0.000000000000000000, -0.2796370174246705642 ) ) ;
#1743 = CARTESIAN_POINT ( 'NONE',  ( 2.155950649801646968, 0.5639694227494325141, -1.658458538036028385 ) ) ;
#1744 = VERTEX_POINT ( 'NONE', #6287 ) ;
#1745 = ORIENTED_EDGE ( 'NONE', *, *, #2197, .T. ) ;
#1746 = ORIENTED_EDGE ( 'NONE', *, *, #702, .F. ) ;
#1747 = FACE_BOUND ( 'NONE', #4985, .T. ) ;
#1748 = EDGE_CURVE ( 'NONE', #2177, #5434, #1256, .T. ) ;
#1749 = CARTESIAN_POINT ( 'NONE',  ( -2.065914905293214865, 0.5484516897053794970, -1.799036237123804671 ) ) ;
#1750 = FACE_OUTER_BOUND ( 'NONE', #6546, .T. ) ;
#1751 = EDGE_LOOP ( 'NONE', ( #1487, #3593, #3678, #4887 ) ) ;
#1752 = ORIENTED_EDGE ( 'NONE', *, *, #1218, .F. ) ;
#1753 = B_SPLINE_CURVE_WITH_KNOTS ( 'NONE', 3,
 ( #420, #7695, #1779, #2577, #1205, #1916, #507, #1123, #3989, #9098 ),
 .UNSPECIFIED., .F., .F.,
 ( 4, 2, 2, 2, 4 ),
 ( 3.974750819240313445E-18, 0.0003819510935555850482, 0.0007639021871111661933, 0.001145853280666747284, 0.001527804374222328267 ),
 .UNSPECIFIED. ) ;
#1754 = DIRECTION ( 'NONE',  ( 0.000000000000000000, 1.000000000000000000, -0.000000000000000000 ) ) ;
#1755 = CARTESIAN_POINT ( 'NONE',  ( 1.626866937711189287, 0.5482992156844554987, -2.204287668121038823 ) ) ;
#1756 = CARTESIAN_POINT ( 'NONE',  ( 2.513238335224678988, 0.6763576274011467993, 0.5821356961067798430 ) ) ;
#1757 = CARTESIAN_POINT ( 'NONE',  ( 1.530808498934191571E-16, 0.000000000000000000, 1.250000000000000000 ) ) ;
#1758 = CARTESIAN_POINT ( 'NONE',  ( 1.829032160353021741, 0.000000000000000000, -2.120056922913713393 ) ) ;
#1759 = LINE ( 'NONE', #1808, #4489 ) ;
#1760 = DIRECTION ( 'NONE',  ( -0.000000000000000000, 1.000000000000000000, -0.000000000000000000 ) ) ;
#1761 = EDGE_CURVE ( 'NONE', #6137, #8973, #3781, .T. ) ;
#1762 = AXIS2_PLACEMENT_3D ( 'NONE', #9183, #28, #5764 ) ;
#1763 = EDGE_LOOP ( 'NONE', ( #1587, #8155, #1442 ) ) ;
#1764 = ORIENTED_EDGE ( 'NONE', *, *, #5463, .F. ) ;
#1765 = ORIENTED_EDGE ( 'NONE', *, *, #7908, .T. ) ;
#1766 = ORIENTED_EDGE ( 'NONE', *, *, #6803, .T. ) ;
#1767 = ORIENTED_EDGE ( 'NONE', *, *, #5188, .T. ) ;
#1768 = DIRECTION ( 'NONE',  ( 0.8758678859938406891, 0.000000000000000000, -0.4825509779128839272 ) ) ;
#1769 = FACE_OUTER_BOUND ( 'NONE', #7731, .T. ) ;
#1770 = DIRECTION ( 'NONE',  ( 0.6441522441032648816, 0.000000000000000000, 0.7648973044904314733 ) ) ;
#1771 = DIRECTION ( 'NONE',  ( -0.000000000000000000, 1.000000000000000000, -0.000000000000000000 ) ) ;
#1772 = CARTESIAN_POINT ( 'NONE',  ( -1.258736893808780843, 0.000000000000000000, -2.501116037325062269 ) ) ;
#1773 = ORIENTED_EDGE ( 'NONE', *, *, #4330, .T. ) ;
#1774 = VERTEX_POINT ( 'NONE', #7828 ) ;
#1775 = CARTESIAN_POINT ( 'NONE',  ( 2.576088450837535238, 0.6763576274040813407, -0.1379028345149095891 ) ) ;
#1776 = VERTEX_POINT ( 'NONE', #2190 ) ;
#1777 = ORIENTED_EDGE ( 'NONE', *, *, #4966, .F. ) ;
#1778 = CARTESIAN_POINT ( 'NONE',  ( 1.275784838658408971, 0.000000000000000000, -2.490520000137342649 ) ) ;
#1779 = CARTESIAN_POINT ( 'NONE',  ( 2.717236446823782625, 0.5484516897053786089, 0.3480831372671156498 ) ) ;
#1780 = DIRECTION ( 'NONE',  ( 0.000000000000000000, 0.000000000000000000, -1.000000000000000000 ) ) ;
#1781 = DIRECTION ( 'NONE',  ( -0.8773910177833343926, 0.000000000000000000, 0.4797759913888195449 ) ) ;
#1782 = CARTESIAN_POINT ( 'NONE',  ( 2.167508264414598873, 0.5484516897053789419, -1.675244370858074872 ) ) ;
#1783 = EDGE_CURVE ( 'NONE', #1789, #6942, #6151, .T. ) ;
#1784 = AXIS2_PLACEMENT_3D ( 'NONE', #8662, #1574, #8015 ) ;
#1785 = VECTOR ( 'NONE', #5703, 100.0000000000000000 ) ;
#1786 = ORIENTED_EDGE ( 'NONE', *, *, #8120, .F. ) ;
#1787 = VERTEX_POINT ( 'NONE', #7776 ) ;
#1788 = EDGE_CURVE ( 'NONE', #4011, #2940, #5013, .T. ) ;
#1789 = VERTEX_POINT ( 'NONE', #6380 ) ;
#1790 = DIRECTION ( 'NONE',  ( 0.2993867340516151443, 0.000000000000000000, 0.9541318480555542880 ) ) ;
#1791 = AXIS2_PLACEMENT_3D ( 'NONE', #3478, #7052, #613 ) ;
#1792 = FACE_OUTER_BOUND ( 'NONE', #6164, .T. ) ;
#1793 = B_SPLINE_CURVE_WITH_KNOTS ( 'NONE', 3,
 ( #5455, #6111, #6950, #4783 ),
 .UNSPECIFIED., .F., .F.,
 ( 4, 4 ),
 ( 3.282350919439694755E-07, 0.005493070069594653028 ),
 .UNSPECIFIED. ) ;
#1794 = CARTESIAN_POINT ( 'NONE',  ( 2.093494299791504254, 0.5300382999695273378, 1.802338303390332852 ) ) ;
#1795 = CARTESIAN_POINT ( 'NONE',  ( -1.649985916732920055, 0.5314376541340456450, 2.213383357873390356 ) ) ;
#1796 = AXIS2_PLACEMENT_3D ( 'NONE', #8161, #3698, #5860 ) ;
#1797 = ORIENTED_EDGE ( 'NONE', *, *, #1250, .T. ) ;
#1798 = EDGE_CURVE ( 'NONE', #6826, #7922, #6174, .T. ) ;
#1799 = ORIENTED_EDGE ( 'NONE', *, *, #409, .T. ) ;
#1800 = AXIS2_PLACEMENT_3D ( 'NONE', #8739, #2308, #3672 ) ;
#1801 = EDGE_CURVE ( 'NONE', #280, #3156, #2756, .T. ) ;
#1802 = EDGE_CURVE ( 'NONE', #4593, #2787, #3440, .T. ) ;
#1803 = DIRECTION ( 'NONE',  ( -0.6441522441032683233, 0.000000000000000000, -0.7648973044904285867 ) ) ;
#1804 = DIRECTION ( 'NONE',  ( 0.000000000000000000, 1.000000000000000000, -0.000000000000000000 ) ) ;
#1805 = CARTESIAN_POINT ( 'NONE',  ( -1.619202367649563268, 0.4000000000000000222, 1.272792206135783255 ) ) ;
#1806 = VECTOR ( 'NONE', #9204, 99.99999999999998579 ) ;
#1807 = DIRECTION ( 'NONE',  ( -0.000000000000000000, -1.000000000000000000, -0.000000000000000000 ) ) ;
#1808 = CARTESIAN_POINT ( 'NONE',  ( 0.05109392178901479842, 0.000000000000000000, 2.299432410651858216 ) ) ;
#1809 = LINE ( 'NONE', #4722, #860 ) ;
#1810 = EDGE_CURVE ( 'NONE', #1885, #8049, #7643, .T. ) ;
#1811 = PLANE ( 'NONE',  #4918 ) ;
#1812 = VECTOR ( 'NONE', #2531, 100.0000000000000000 ) ;
#1813 = ORIENTED_EDGE ( 'NONE', *, *, #468, .F. ) ;
#1814 = CARTESIAN_POINT ( 'NONE',  ( -2.474088437236936500, 0.000000000000000000, -1.307364995081810477 ) ) ;
#1815 = CARTESIAN_POINT ( 'NONE',  ( -2.697194602940288455, 0.000000000000000000, -0.3517800458163080068 ) ) ;
#1816 = CARTESIAN_POINT ( 'NONE',  ( -2.770039643070348667, 0.5102758125174867709, -0.3086245775753440612 ) ) ;
#1817 = CARTESIAN_POINT ( 'NONE',  ( 1.099587125378899355, 0.4000000000000000222, -1.572792206135783744 ) ) ;
#1818 = B_SPLINE_CURVE_WITH_KNOTS ( 'NONE', 3,
 ( #7756, #5698, #4188, #1987, #624, #9171, #2689, #2826 ),
 .UNSPECIFIED., .F., .F.,
 ( 4, 2, 2, 4 ),
 ( 0.000000000000000000, 0.0005102660836152228150, 0.0007653991254228329757, 0.001020532167230443245 ),
 .UNSPECIFIED. ) ;
#1819 = CARTESIAN_POINT ( 'NONE',  ( -2.688714289429699811, 0.000000000000000000, 0.4116107342882222575 ) ) ;
#1820 = CONICAL_SURFACE ( 'NONE', #7066, 2.299999999999999822, 0.8960553845713439269 ) ;
#1821 = ORIENTED_EDGE ( 'NONE', *, *, #8366, .F. ) ;
#1822 = VECTOR ( 'NONE', #5704, 100.0000000000000000 ) ;
#1823 = ORIENTED_EDGE ( 'NONE', *, *, #4493, .T. ) ;
#1824 = CARTESIAN_POINT ( 'NONE',  ( 2.437952493152523381, 0.7884388346741563192, -0.09455864334186704634 ) ) ;
#1825 = EDGE_CURVE ( 'NONE', #6782, #6319, #5716, .T. ) ;
#1826 = VECTOR ( 'NONE', #1077, 100.0000000000000000 ) ;
#1827 = VERTEX_POINT ( 'NONE', #6471 ) ;
#1828 = EDGE_LOOP ( 'NONE', ( #7130, #3263, #9287, #1645 ) ) ;
#1829 = DIRECTION ( 'NONE',  ( -0.000000000000000000, -1.000000000000000000, -0.000000000000000000 ) ) ;
#1830 = DIRECTION ( 'NONE',  ( 1.000000000000000000, 0.000000000000000000, 0.000000000000000000 ) ) ;
#1831 = EDGE_CURVE ( 'NONE', #6794, #8909, #2091, .T. ) ;
#1832 = LINE ( 'NONE', #5495, #4995 ) ;
#1833 = CARTESIAN_POINT ( 'NONE',  ( -2.245281531994575808, 0.8999999999999998002, 0.4987091758571255973 ) ) ;
#1834 = CARTESIAN_POINT ( 'NONE',  ( 2.177508764149859832, 0.5271463900493871257, -1.705771604345825532 ) ) ;
#1835 = CIRCLE ( 'NONE', #7386, 2.299999999999999822 ) ;
#1836 = ORIENTED_EDGE ( 'NONE', *, *, #5527, .T. ) ;
#1837 = VERTEX_POINT ( 'NONE', #1479 ) ;
#1838 = VECTOR ( 'NONE', #768, 100.0000000000000142 ) ;
#1839 = EDGE_LOOP ( 'NONE', ( #6010, #6954, #7826, #4738 ) ) ;
#1840 = CIRCLE ( 'NONE', #4689, 0.1000000000000000056 ) ;
#1841 = EDGE_CURVE ( 'NONE', #1213, #6907, #5130, .T. ) ;
#1842 = DIRECTION ( 'NONE',  ( 0.4601665723526490726, 0.000000000000000000, -0.8878326000374248128 ) ) ;
#1843 = AXIS2_PLACEMENT_3D ( 'NONE', #8698, #7201, #8140 ) ;
#1844 = CARTESIAN_POINT ( 'NONE',  ( 2.758208295617709638, 0.5271463900493873478, -0.2085382030411468135 ) ) ;
#1845 = AXIS2_PLACEMENT_3D ( 'NONE', #8416, #1552, #1405 ) ;
#1846 = CARTESIAN_POINT ( 'NONE',  ( -2.097806567263107436, 0.5271463900493875698, -1.802889012249438094 ) ) ;
#1847 = DIRECTION ( 'NONE',  ( -0.1074922124228249593, 0.000000000000000000, -0.9942059264903053695 ) ) ;
#1848 = ORIENTED_EDGE ( 'NONE', *, *, #1643, .T. ) ;
#1849 = VECTOR ( 'NONE', #3383, 100.0000000000000000 ) ;
#1850 = EDGE_CURVE ( 'NONE', #4876, #7954, #3004, .T. ) ;
#1851 = DIRECTION ( 'NONE',  ( -0.000000000000000000, -1.000000000000000000, -0.000000000000000000 ) ) ;
#1852 = DIRECTION ( 'NONE',  ( -0.000000000000000000, 1.000000000000000000, -0.000000000000000000 ) ) ;
#1853 = AXIS2_PLACEMENT_3D ( 'NONE', #3226, #8300, #1112 ) ;
#1854 = DIRECTION ( 'NONE',  ( -0.000000000000000000, -1.000000000000000000, -0.000000000000000000 ) ) ;
#1855 = CARTESIAN_POINT ( 'NONE',  ( -2.050761908753269580, 0.7884388346741100229, 1.321714526479219165 ) ) ;
#1856 = DIRECTION ( 'NONE',  ( -0.000000000000000000, -1.000000000000000000, -0.000000000000000000 ) ) ;
#1857 = EDGE_CURVE ( 'NONE', #9074, #4158, #4654, .T. ) ;
#1858 = CARTESIAN_POINT ( 'NONE',  ( 0.7071693041342268504, 0.000000000000000000, 2.626503284226969104 ) ) ;
#1859 = ORIENTED_EDGE ( 'NONE', *, *, #7063, .T. ) ;
#1860 = ORIENTED_EDGE ( 'NONE', *, *, #2337, .F. ) ;
#1861 = VECTOR ( 'NONE', #1754, 100.0000000000000000 ) ;
#1862 = VERTEX_POINT ( 'NONE', #2847 ) ;
#1863 = CARTESIAN_POINT ( 'NONE',  ( 1.099587125378899799, 0.8000000000000000444, -0.9727922061357825445 ) ) ;
#1864 = CARTESIAN_POINT ( 'NONE',  ( 0.8784947171850662206, 0.000000000000000000, -2.658617503868869303 ) ) ;
#1865 = ADVANCED_FACE ( 'NONE', ( #3656 ), #4186, .T. ) ;
#1866 = CIRCLE ( 'NONE', #6824, 0.1000000000000000888 ) ;
#1867 = CARTESIAN_POINT ( 'NONE',  ( -2.176944347414964120, 0.5102758125174867709, 1.740483284126250974 ) ) ;
#1868 = DIRECTION ( 'NONE',  ( 0.000000000000000000, 0.000000000000000000, -1.000000000000000000 ) ) ;
#1869 = CYLINDRICAL_SURFACE ( 'NONE', #7982, 0.1000000000000000888 ) ;
#1870 = DIRECTION ( 'NONE',  ( -0.000000000000000000, 1.000000000000000000, -0.000000000000000000 ) ) ;
#1871 = EDGE_LOOP ( 'NONE', ( #4801, #7590, #6858, #1190 ) ) ;
#1872 = EDGE_LOOP ( 'NONE', ( #223, #4124, #571, #563 ) ) ;
#1873 = CARTESIAN_POINT ( 'NONE',  ( 2.143951337957556103, 0.000000000000000000, 0.8327500588231765422 ) ) ;
#1874 = ORIENTED_EDGE ( 'NONE', *, *, #2037, .F. ) ;
#1875 = ORIENTED_EDGE ( 'NONE', *, *, #1592, .T. ) ;
#1876 = CARTESIAN_POINT ( 'NONE',  ( 2.672820243197326029, 0.5029562190211573913, 0.8218711338344483197 ) ) ;
#1877 = DIRECTION ( 'NONE',  ( -0.000000000000000000, 1.000000000000000000, -0.000000000000000000 ) ) ;
#1878 = DIRECTION ( 'NONE',  ( -0.000000000000000000, -1.000000000000000000, -0.000000000000000000 ) ) ;
#1879 = CARTESIAN_POINT ( 'NONE',  ( 2.474088437236945826, 0.000000000000000000, 1.307364995081795156 ) ) ;
#1880 = DIRECTION ( 'NONE',  ( 0.9596619953882968845, 0.000000000000000000, 0.2811562814652243114 ) ) ;
#1881 = CIRCLE ( 'NONE', #3224, 0.1000000000000000888 ) ;
#1882 = EDGE_CURVE ( 'NONE', #8532, #4034, #5102, .T. ) ;
#1883 = ORIENTED_EDGE ( 'NONE', *, *, #4141, .T. ) ;
#1884 = ORIENTED_EDGE ( 'NONE', *, *, #1265, .F. ) ;
#1885 = VERTEX_POINT ( 'NONE', #4549 ) ;
#1886 = CYLINDRICAL_SURFACE ( 'NONE', #8725, 0.09999999999999992228 ) ;
#1887 = CARTESIAN_POINT ( 'NONE',  ( 2.673891364733723908, 0.000000000000000000, -0.8249980577172220109 ) ) ;
#1888 = CARTESIAN_POINT ( 'NONE',  ( 2.124922924775956457, 0.8999999999999992450, 0.8801718944397161071 ) ) ;
#1889 = CARTESIAN_POINT ( 'NONE',  ( -1.373380358080481978, 0.5013176973172521755, -2.438190648904016822 ) ) ;
#1890 = ORIENTED_EDGE ( 'NONE', *, *, #2772, .F. ) ;
#1891 = PLANE ( 'NONE',  #5470 ) ;
#1892 = CARTESIAN_POINT ( 'NONE',  ( 1.282679870018530011, 0.000000000000000000, 2.373901100193242630 ) ) ;
#1893 = DIRECTION ( 'NONE',  ( -0.000000000000000000, -1.000000000000000000, -0.000000000000000000 ) ) ;
#1894 = CARTESIAN_POINT ( 'NONE',  ( 0.000000000000000000, 0.9000000000000001332, 0.000000000000000000 ) ) ;
#1895 = DIRECTION ( 'NONE',  ( -0.000000000000000000, 1.000000000000000000, 0.000000000000000000 ) ) ;
#1896 = EDGE_CURVE ( 'NONE', #2663, #2524, #6057, .T. ) ;
#1897 = VERTEX_POINT ( 'NONE', #3045 ) ;
#1898 = EDGE_CURVE ( 'NONE', #5041, #8271, #4454, .T. ) ;
#1899 = DIRECTION ( 'NONE',  ( -0.4999999999999996669, 0.000000000000000000, 0.8660254037844389297 ) ) ;
#1900 = ORIENTED_EDGE ( 'NONE', *, *, #3495, .T. ) ;
#1901 = DIRECTION ( 'NONE',  ( -8.673617379884027583E-16, 0.000000000000000000, 1.000000000000000000 ) ) ;
#1902 = CARTESIAN_POINT ( 'NONE',  ( -1.434063003793122570, 0.000000000000000000, -2.404883219857430365 ) ) ;
#1903 = PLANE ( 'NONE',  #5757 ) ;
#1904 = CIRCLE ( 'NONE', #1604, 2.299999999999999822 ) ;
#1905 = DIRECTION ( 'NONE',  ( 0.000000000000000000, -1.000000000000000000, 0.000000000000000000 ) ) ;
#1906 = FACE_OUTER_BOUND ( 'NONE', #3399, .T. ) ;
#1907 = VERTEX_POINT ( 'NONE', #5301 ) ;
#1908 = ADVANCED_FACE ( 'NONE', ( #8915 ), #446, .T. ) ;
#1909 = EDGE_LOOP ( 'NONE', ( #8769, #595, #110, #620 ) ) ;
#1910 = ADVANCED_FACE ( 'NONE', ( #5914 ), #875, .T. ) ;
#1911 = VECTOR ( 'NONE', #568, 100.0000000000000000 ) ;
#1912 = CARTESIAN_POINT ( 'NONE',  ( 0.7949084059125601787, 0.000000000000000000, 2.578525685088086661 ) ) ;
#1913 = ORIENTED_EDGE ( 'NONE', *, *, #5232, .T. ) ;
#1914 = ORIENTED_EDGE ( 'NONE', *, *, #2256, .T. ) ;
#1915 = CARTESIAN_POINT ( 'NONE',  ( -1.272792206135788140, 0.000000000000000000, 1.272792206135783255 ) ) ;
#1916 = CARTESIAN_POINT ( 'NONE',  ( 2.762594194100402412, 0.5153265304226570809, 0.3181652209428186273 ) ) ;
#1917 = CARTESIAN_POINT ( 'NONE',  ( 2.673891364733723908, 0.000000000000000000, -0.8249980577172220109 ) ) ;
#1918 = DIRECTION ( 'NONE',  ( 0.000000000000000000, 0.000000000000000000, -1.000000000000000000 ) ) ;
#1919 = CARTESIAN_POINT ( 'NONE',  ( 0.000000000000000000, 0.000000000000000000, -2.299999999999999822 ) ) ;
#1920 = VERTEX_POINT ( 'NONE', #1015 ) ;
#1921 = ORIENTED_EDGE ( 'NONE', *, *, #8091, .T. ) ;
#1922 = ORIENTED_EDGE ( 'NONE', *, *, #5383, .T. ) ;
#1923 = CARTESIAN_POINT ( 'NONE',  ( 0.000000000000000000, 0.9000000000000001332, 0.000000000000000000 ) ) ;
#1924 = CARTESIAN_POINT ( 'NONE',  ( -1.675244370858052667, 0.5484516897053789419, -2.167508264414615748 ) ) ;
#1925 = EDGE_CURVE ( 'NONE', #8106, #2978, #8719, .T. ) ;
#1926 = CARTESIAN_POINT ( 'NONE',  ( 1.445997286892674927, 0.4000000000000000222, -0.9727922061357825445 ) ) ;
#1927 = EDGE_CURVE ( 'NONE', #479, #2298, #2476, .T. ) ;
#1928 = CARTESIAN_POINT ( 'NONE',  ( 0.8431023688205712130, 0.5102758125174862158, -2.656604439835559717 ) ) ;
#1929 = CARTESIAN_POINT ( 'NONE',  ( 0.000000000000000000, 0.4000000000000000222, 0.000000000000000000 ) ) ;
#1930 = ORIENTED_EDGE ( 'NONE', *, *, #2221, .F. ) ;
#1931 = AXIS2_PLACEMENT_3D ( 'NONE', #1664, #168, #3780 ) ;
#1932 = CARTESIAN_POINT ( 'NONE',  ( -2.693882757849929366, 0.5101996115923980168, -0.7154677488914261696 ) ) ;
#1933 = VERTEX_POINT ( 'NONE', #7362 ) ;
#1934 = CARTESIAN_POINT ( 'NONE',  ( 2.385378121632438120, 0.5428504783400834866, 1.361207873146511371 ) ) ;
#1935 = ADVANCED_FACE ( 'NONE', ( #8771 ), #318, .T. ) ;
#1936 = LINE ( 'NONE', #1319, #2436 ) ;
#1937 = DIRECTION ( 'NONE',  ( 0.000000000000000000, -1.000000000000000000, 0.000000000000000000 ) ) ;
#1938 = CARTESIAN_POINT ( 'NONE',  ( 0.000000000000000000, 0.9000000000000001332, 0.000000000000000000 ) ) ;
#1939 = ORIENTED_EDGE ( 'NONE', *, *, #6836, .T. ) ;
#1940 = CC_DESIGN_PERSON_AND_ORGANIZATION_ASSIGNMENT ( #6552, #107, ( #5018 ) ) ;
#1941 = DIRECTION ( 'NONE',  ( -0.7669325427442486021, 0.000000000000000000, 0.6417277264384337876 ) ) ;
#1942 = VECTOR ( 'NONE', #1870, 100.0000000000000000 ) ;
#1943 = ORIENTED_EDGE ( 'NONE', *, *, #1026, .F. ) ;
#1944 = DIRECTION ( 'NONE',  ( -0.000000000000000000, -1.000000000000000000, -0.000000000000000000 ) ) ;
#1945 = DIRECTION ( 'NONE',  ( 0.9938606775724716513, 0.000000000000000000, -0.1106388429765397252 ) ) ;
#1946 = CYLINDRICAL_SURFACE ( 'NONE', #4098, 0.2000000000000000111 ) ;
#1947 = CARTESIAN_POINT ( 'NONE',  ( -2.124922924775949795, 0.000000000000000000, -0.8801718944397305400 ) ) ;
#1948 = CARTESIAN_POINT ( 'NONE',  ( -2.006905556262545964, 0.5639694227494325141, 1.836011441959789936 ) ) ;
#1949 = ORIENTED_EDGE ( 'NONE', *, *, #7225, .T. ) ;
#1950 = AXIS2_PLACEMENT_3D ( 'NONE', #5885, #5225, #2402 ) ;
#1951 = EDGE_CURVE ( 'NONE', #2089, #3261, #7787, .T. ) ;
#1952 = ORIENTED_EDGE ( 'NONE', *, *, #5498, .T. ) ;
#1953 = CARTESIAN_POINT ( 'NONE',  ( -0.1437017210598180994, 0.000000000000000000, 2.796310035629891111 ) ) ;
#1954 = ORIENTED_EDGE ( 'NONE', *, *, #6945, .T. ) ;
#1955 = VERTEX_POINT ( 'NONE', #7277 ) ;
#1956 = DIRECTION ( 'NONE',  ( 0.9940345471201620375, 0.000000000000000000, -0.1090656643110664431 ) ) ;
#1957 = DIRECTION ( 'NONE',  ( -0.9541318480555543990, 0.000000000000000000, 0.2993867340516151998 ) ) ;
#1958 = AXIS2_PLACEMENT_3D ( 'NONE', #9227, #3541, #3401 ) ;
#1959 = CARTESIAN_POINT ( 'NONE',  ( -1.721158666054829700, 0.000000000000000000, -2.078048827317057423 ) ) ;
#1960 = EDGE_CURVE ( 'NONE', #8018, #881, #3326, .T. ) ;
#1961 = CARTESIAN_POINT ( 'NONE',  ( -2.193772081687373809, 0.5013837380188959081, -1.737147339532203683 ) ) ;
#1962 = ADVANCED_FACE ( 'NONE', ( #5250 ), #8023, .T. ) ;
#1963 = CARTESIAN_POINT ( 'NONE',  ( 2.093494299791570867, 0.000000000000000000, 1.702338303390263263 ) ) ;
#1964 = ADVANCED_FACE ( 'NONE', ( #2995 ), #9290, .T. ) ;
#1965 = ADVANCED_FACE ( 'NONE', ( #8816 ), #2379, .F. ) ;
#1966 = EDGE_CURVE ( 'NONE', #2068, #3328, #967, .T. ) ;
#1967 = ORIENTED_EDGE ( 'NONE', *, *, #5987, .F. ) ;
#1968 = VECTOR ( 'NONE', #3143, 100.0000000000000000 ) ;
#1969 = ORIENTED_EDGE ( 'NONE', *, *, #304, .T. ) ;
#1970 = ORIENTED_EDGE ( 'NONE', *, *, #3801, .T. ) ;
#1971 = CIRCLE ( 'NONE', #329, 2.299999999999999822 ) ;
#1972 = CARTESIAN_POINT ( 'NONE',  ( 0.3429441425796182497, 0.000000000000000000, -2.778918731282066013 ) ) ;
#1973 = CARTESIAN_POINT ( 'NONE',  ( 2.783703416529452745, 0.5032447133622984792, -0.2615973990819067674 ) ) ;
#1974 = FACE_OUTER_BOUND ( 'NONE', #1594, .T. ) ;
#1975 = EDGE_CURVE ( 'NONE', #7253, #7507, #31, .T. ) ;
#1977 = CARTESIAN_POINT ( 'NONE',  ( 0.8712172545039673643, 0.5639694227494322920, -2.576739882529728298 ) ) ;
#1976 = VECTOR ( 'NONE', #5254, 100.0000000000000000 ) ;
#1978 = AXIS2_PLACEMENT_3D ( 'NONE', #4768, #6275, #2562 ) ;
#1979 = DIRECTION ( 'NONE',  ( -0.000000000000000000, 1.000000000000000000, -0.000000000000000000 ) ) ;
#1980 = VERTEX_POINT ( 'NONE', #3223 ) ;
#1981 = CIRCLE ( 'NONE', #5445, 0.1000000000000000888 ) ;
#1982 = CARTESIAN_POINT ( 'NONE',  ( -2.659071284068654784, 0.5482992156844552767, -0.6594846951141084546 ) ) ;
#1984 = VERTEX_POINT ( 'NONE', #4107 ) ;
#1983 = CIRCLE ( 'NONE', #3047, 0.1000000000000000888 ) ;
#1985 = DIRECTION ( 'NONE',  ( -0.000000000000000000, -1.000000000000000000, -0.000000000000000000 ) ) ;
#1986 = CARTESIAN_POINT ( 'NONE',  ( 0.8712172545039673643, 0.000000000000000000, -2.576739882529728298 ) ) ;
#1987 = CARTESIAN_POINT ( 'NONE',  ( 1.245041940797575020, 0.5294249456700367285, 2.466833619556411783 ) ) ;
#1988 = VECTOR ( 'NONE', #1329, 100.0000000000000142 ) ;
#1989 = CARTESIAN_POINT ( 'NONE',  ( -2.437952493152523825, 0.7884388346741562081, 0.09455864334184911624 ) ) ;
#1990 = AXIS2_PLACEMENT_3D ( 'NONE', #2724, #2106, #4974 ) ;
#1991 = ADVANCED_FACE ( 'NONE', ( #6845 ), #4058, .T. ) ;
#1992 = AXIS2_PLACEMENT_3D ( 'NONE', #8315, #8933, #8268 ) ;
#1993 = LINE ( 'NONE', #6977, #5228 ) ;
#1994 = EDGE_CURVE ( 'NONE', #199, #2618, #9046, .T. ) ;
#1995 = CARTESIAN_POINT ( 'NONE',  ( -0.9263820446220125682, 0.8000000000000000444, -1.272792206135783477 ) ) ;
#1996 = ORIENTED_EDGE ( 'NONE', *, *, #6355, .F. ) ;
#1997 = CARTESIAN_POINT ( 'NONE',  ( 1.795696000592532648, 0.5560412871706271742, -2.056234383696390555 ) ) ;
#1998 = LINE ( 'NONE', #7722, #170 ) ;
#1999 = PLANE ( 'NONE',  #7704 ) ;
#2000 = DIRECTION ( 'NONE',  ( -0.8878326000374261451, 0.000000000000000000, -0.4601665723526466856 ) ) ;
#2001 = CARTESIAN_POINT ( 'NONE',  ( -0.8327500588231837586, 0.8999999999999998002, 2.143951337957554326 ) ) ;
#2002 = ORIENTED_EDGE ( 'NONE', *, *, #1624, .T. ) ;
#2003 = DIRECTION ( 'NONE',  ( 0.000000000000000000, 0.000000000000000000, 1.000000000000000000 ) ) ;
#2004 = VERTEX_POINT ( 'NONE', #6932 ) ;
#2005 = ORIENTED_EDGE ( 'NONE', *, *, #2473, .F. ) ;
#2006 = CARTESIAN_POINT ( 'NONE',  ( -2.673891364733731457, 0.000000000000000000, 0.8249980577172025820 ) ) ;
#2007 = DIRECTION ( 'NONE',  ( 0.9541318480555532888, 0.000000000000000000, -0.2993867340516185860 ) ) ;
#2008 = LINE ( 'NONE', #1917, #7107 ) ;
#2009 = CARTESIAN_POINT ( 'NONE',  ( -2.501116037325057384, 0.000000000000000000, 1.258736893808789281 ) ) ;
#2010 = DIRECTION ( 'NONE',  ( 0.000000000000000000, 1.000000000000000000, 0.000000000000000000 ) ) ;
#2011 = VERTEX_POINT ( 'NONE', #8382 ) ;
#2012 = ORIENTED_EDGE ( 'NONE', *, *, #3526, .T. ) ;
#2013 = EDGE_LOOP ( 'NONE', ( #105, #288 ) ) ;
#2014 = EDGE_CURVE ( 'NONE', #8449, #1506, #5388, .T. ) ;
#2015 = PLANE ( 'NONE',  #5433 ) ;
#2016 = ORIENTED_EDGE ( 'NONE', *, *, #8747, .T. ) ;
#2017 = CARTESIAN_POINT ( 'NONE',  ( -2.681603779540944199, 0.000000000000000000, -0.7995736333737475388 ) ) ;
#2018 = LINE ( 'NONE', #4883, #8295 ) ;
#2019 = CARTESIAN_POINT ( 'NONE',  ( 0.000000000000000000, 0.9000000000000001332, 0.000000000000000000 ) ) ;
#2020 = CARTESIAN_POINT ( 'NONE',  ( -0.8712172545039849059, 0.5639694227494319589, 2.576739882529722525 ) ) ;
#2021 = B_SPLINE_CURVE_WITH_KNOTS ( 'NONE', 3,
 ( #3933, #5390, #6935, #5438, #8254, #6808, #1867, #370, #6888, #451 ),
 .UNSPECIFIED., .F., .F.,
 ( 4, 2, 2, 2, 4 ),
 ( 0.000000000000000000, 0.0003819510935555819040, 0.0007639021871111638081, 0.001145853280666745766, 0.001527804374222327616 ),
 .UNSPECIFIED. ) ;
#2022 = CARTESIAN_POINT ( 'NONE',  ( 1.272792206135787918, 0.000000000000000000, 1.472792206135783211 ) ) ;
#2023 = ORIENTED_EDGE ( 'NONE', *, *, #8478, .T. ) ;
#2024 = EDGE_CURVE ( 'NONE', #4820, #4410, #1081, .T. ) ;
#2025 = FACE_OUTER_BOUND ( 'NONE', #2495, .T. ) ;
#2026 = ORIENTED_EDGE ( 'NONE', *, *, #5088, .F. ) ;
#2027 = CARTESIAN_POINT ( 'NONE',  ( -0.8826669380356424455, 0.5032341246880199792, -2.653000130139649748 ) ) ;
#2028 = DIRECTION ( 'NONE',  ( -0.000000000000000000, -1.000000000000000000, -0.000000000000000000 ) ) ;
#2029 = CARTESIAN_POINT ( 'NONE',  ( -1.235013156857752259, 0.8999999999999998002, 1.940294437034814745 ) ) ;
#2030 = LINE ( 'NONE', #1321, #2355 ) ;
#2031 = DIRECTION ( 'NONE',  ( -0.6429407905933236522, 0.000000000000000000, -0.7659158829736016916 ) ) ;
#2032 = LINE ( 'NONE', #4192, #6318 ) ;
#2033 = B_SPLINE_CURVE_WITH_KNOTS ( 'NONE', 3,
 ( #2827, #6505, #7017, #2784 ),
 .UNSPECIFIED., .F., .F.,
 ( 4, 4 ),
 ( 3.282350919305627439E-07, 0.005493070069560840665 ),
 .UNSPECIFIED. ) ;
#2034 = ORIENTED_EDGE ( 'NONE', *, *, #2262, .T. ) ;
#2035 = CARTESIAN_POINT ( 'NONE',  ( 0.4116107342882320275, 0.000000000000000000, 2.688714289429698479 ) ) ;
#2036 = DIRECTION ( 'NONE',  ( 0.4601665723526467411, 0.000000000000000000, -0.8878326000374262561 ) ) ;
#2037 = EDGE_CURVE ( 'NONE', #7003, #7967, #539, .T. ) ;
#2038 = PLANE ( 'NONE',  #7387 ) ;
#2039 = CARTESIAN_POINT ( 'NONE',  ( 1.445997286892675371, 0.4000000000000000222, 1.572792206135783299 ) ) ;
#2040 = DIRECTION ( 'NONE',  ( -0.000000000000000000, 1.000000000000000000, -0.000000000000000000 ) ) ;
#2041 = EDGE_CURVE ( 'NONE', #5110, #4096, #8340, .T. ) ;
#2042 = VERTEX_POINT ( 'NONE', #7680 ) ;
#2043 = DIRECTION ( 'NONE',  ( 0.000000000000000000, 1.000000000000000000, 0.000000000000000000 ) ) ;
#2044 = AXIS2_PLACEMENT_3D ( 'NONE', #8991, #1895, #8951 ) ;
#2045 = EDGE_LOOP ( 'NONE', ( #6076, #5327, #5446, #349, #5926, #3379, #5068 ) ) ;
#2046 = VERTEX_POINT ( 'NONE', #4729 ) ;
#2047 = DIRECTION ( 'NONE',  ( -0.9938606775724708742, 0.000000000000000000, 0.1106388429765474829 ) ) ;
#2048 = FACE_OUTER_BOUND ( 'NONE', #2781, .T. ) ;
#2049 = DIRECTION ( 'NONE',  ( -0.000000000000000000, -1.000000000000000000, -0.000000000000000000 ) ) ;
#2050 = CARTESIAN_POINT ( 'NONE',  ( -0.1811758727515663803, 0.000000000000000000, -2.713997647364023713 ) ) ;
#2051 = CARTESIAN_POINT ( 'NONE',  ( -1.380285232474622426, 0.000000000000000000, 2.436147096751852370 ) ) ;
#2052 = ORIENTED_EDGE ( 'NONE', *, *, #1167, .T. ) ;
#2053 = VECTOR ( 'NONE', #6831, 100.0000000000000000 ) ;
#2054 = VERTEX_POINT ( 'NONE', #449 ) ;
#2055 = CARTESIAN_POINT ( 'NONE',  ( 2.078048827317040104, 0.000000000000000000, -1.721158666054851238 ) ) ;
#2056 = ORIENTED_EDGE ( 'NONE', *, *, #4132, .T. ) ;
#2057 = ORIENTED_EDGE ( 'NONE', *, *, #8946, .T. ) ;
#2058 = DIRECTION ( 'NONE',  ( 0.000000000000000000, 1.000000000000000000, -0.000000000000000000 ) ) ;
#2059 = CARTESIAN_POINT ( 'NONE',  ( 1.358985246680033843, 0.5271463900493870147, -2.409224000263983534 ) ) ;
#2060 = DIRECTION ( 'NONE',  ( -1.000000000000000000, 0.000000000000000000, 0.000000000000000000 ) ) ;
#2061 = EDGE_CURVE ( 'NONE', #8607, #7460, #4228, .T. ) ;
#2062 = CARTESIAN_POINT ( 'NONE',  ( -0.8628564402084618612, 0.5271463900493871257, 2.628056306043073498 ) ) ;
#2063 = CARTESIAN_POINT ( 'NONE',  ( -0.3517800458162985699, 0.000000000000000000, 2.697194602940290231 ) ) ;
#2064 = ORIENTED_EDGE ( 'NONE', *, *, #1250, .F. ) ;
#2065 = VECTOR ( 'NONE', #676, 100.0000000000000000 ) ;
#2066 = DIRECTION ( 'NONE',  ( 0.000000000000000000, 1.000000000000000000, 0.000000000000000000 ) ) ;
#2067 = CARTESIAN_POINT ( 'NONE',  ( 2.265217391304346073, 0.9000000000000001332, 0.3984848430396461527 ) ) ;
#2068 = VERTEX_POINT ( 'NONE', #8298 ) ;
#2069 = CARTESIAN_POINT ( 'NONE',  ( -0.9094978139467033706, 0.5152387927717599903, -2.628037299076504407 ) ) ;
#2070 = CARTESIAN_POINT ( 'NONE',  ( 2.670320806998543794, 0.5014441230611192957, -0.8363145284873095830 ) ) ;
#2071 = CARTESIAN_POINT ( 'NONE',  ( -2.626503284226973545, 0.5639694227494316259, 0.7071693041342167474 ) ) ;
#2072 = EDGE_CURVE ( 'NONE', #6666, #8029, #1009, .T. ) ;
#2073 = CARTESIAN_POINT ( 'NONE',  ( -2.207838637263493720, 0.5032341246880200902, -1.715505513202652432 ) ) ;
#2074 = EDGE_CURVE ( 'NONE', #3877, #3901, #7630, .T. ) ;
#2075 = EDGE_CURVE ( 'NONE', #2471, #6524, #3357, .T. ) ;
#2076 = CARTESIAN_POINT ( 'NONE',  ( 1.321714526479226492, 0.7884388346741096898, 2.050761908753266027 ) ) ;
#2077 = CARTESIAN_POINT ( 'NONE',  ( 2.501116037325049835, 0.000000000000000000, -1.258736893808806379 ) ) ;
#2078 = CIRCLE ( 'NONE', #9284, 0.2000000000000000111 ) ;
#2079 = EDGE_LOOP ( 'NONE', ( #1930, #2475, #6295, #6990 ) ) ;
#2080 = CARTESIAN_POINT ( 'NONE',  ( 1.799359813060434909, 0.5153265304226568588, -2.120249997579993551 ) ) ;
#2081 = CARTESIAN_POINT ( 'NONE',  ( -1.099587125378900687, 0.8000000000000000444, -0.9727922061357825445 ) ) ;
#2082 = LINE ( 'NONE', #7724, #3788 ) ;
#2083 = FACE_OUTER_BOUND ( 'NONE', #7288, .T. ) ;
#2084 = CARTESIAN_POINT ( 'NONE',  ( -2.351378124923486634, 0.6763576274005856925, -1.061258598061545433 ) ) ;
#2085 = VECTOR ( 'NONE', #6199, 100.0000000000000000 ) ;
#2086 = VERTEX_POINT ( 'NONE', #1147 ) ;
#2087 = AXIS2_PLACEMENT_3D ( 'NONE', #8834, #6637, #3015 ) ;
#2088 = DIRECTION ( 'NONE',  ( -1.734723475976805517E-15, 0.000000000000000000, 1.000000000000000000 ) ) ;
#2089 = VERTEX_POINT ( 'NONE', #6980 ) ;
#2090 = ORIENTED_EDGE ( 'NONE', *, *, #5767, .F. ) ;
#2091 = LINE ( 'NONE', #4914, #4938 ) ;
#2092 = CARTESIAN_POINT ( 'NONE',  ( -0.2523594531672679331, 0.000000000000000000, 2.686445381698008283 ) ) ;
#2093 = CARTESIAN_POINT ( 'NONE',  ( 2.717352668980065555, 0.5639694227494326251, 0.1208403870883331815 ) ) ;
#2094 = DIRECTION ( 'NONE',  ( 0.000000000000000000, 0.000000000000000000, 1.000000000000000000 ) ) ;
#2095 = LINE ( 'NONE', #2805, #4817 ) ;
#2096 = VECTOR ( 'NONE', #5927, 100.0000000000000000 ) ;
#2097 = VERTEX_POINT ( 'NONE', #7549 ) ;
#2098 = ORIENTED_EDGE ( 'NONE', *, *, #5816, .T. ) ;
#2099 = ADVANCED_FACE ( 'NONE', ( #3975 ), #9129, .T. ) ;
#2100 = DIRECTION ( 'NONE',  ( 0.6257674981733937214, 0.000000000000000000, -0.7800096398313367541 ) ) ;
#2101 = EDGE_CURVE ( 'NONE', #5975, #6782, #5717, .T. ) ;
#2102 = ORIENTED_EDGE ( 'NONE', *, *, #5584, .T. ) ;
#2103 = VERTEX_POINT ( 'NONE', #8204 ) ;
#2104 = CARTESIAN_POINT ( 'NONE',  ( -0.9271593159764039971, 0.000000000000000000, -2.104845743231120725 ) ) ;
#2105 = CARTESIAN_POINT ( 'NONE',  ( -2.490520000137329326, 0.5013837380188956860, -1.275784838658433396 ) ) ;
#2106 = DIRECTION ( 'NONE',  ( -0.000000000000000000, -1.000000000000000000, -0.000000000000000000 ) ) ;
#2107 = DIRECTION ( 'NONE',  ( -0.8773910177833325053, 0.000000000000000000, 0.4797759913888228755 ) ) ;
#2108 = AXIS2_PLACEMENT_3D ( 'NONE', #1915, #4781, #7732 ) ;
#2109 = CARTESIAN_POINT ( 'NONE',  ( -0.3335685446351288608, 0.5271463900493873478, 2.745893881811892090 ) ) ;
#2110 = FACE_OUTER_BOUND ( 'NONE', #1224, .T. ) ;
#2111 = ADVANCED_FACE ( 'NONE', ( #6141 ), #5349, .T. ) ;
#2112 = ORIENTED_EDGE ( 'NONE', *, *, #3454, .T. ) ;
#2113 = AXIS2_PLACEMENT_3D ( 'NONE', #7229, #5107, #4359 ) ;
#2114 = FACE_OUTER_BOUND ( 'NONE', #36, .T. ) ;
#2115 = CARTESIAN_POINT ( 'NONE',  ( 2.577327035386792087, 0.5482992156844563869, -0.9289593691397859399 ) ) ;
#2116 = ORIENTED_EDGE ( 'NONE', *, *, #6722, .T. ) ;
#2117 = AXIS2_PLACEMENT_3D ( 'NONE', #7037, #4875, #3375 ) ;
#2118 = CARTESIAN_POINT ( 'NONE',  ( 2.770614537425460711, 0.000000000000000000, -0.4045924925238970071 ) ) ;
#2119 = CARTESIAN_POINT ( 'NONE',  ( -0.2374122073125758403, 0.5014441230611189626, 2.788130313788664605 ) ) ;
#2120 = FACE_OUTER_BOUND ( 'NONE', #6754, .T. ) ;
#2121 = DIRECTION ( 'NONE',  ( 0.000000000000000000, 0.000000000000000000, 1.000000000000000000 ) ) ;
#2122 = VECTOR ( 'NONE', #5944, 100.0000000000000000 ) ;
#2123 = AXIS2_PLACEMENT_3D ( 'NONE', #3542, #5048, #7269 ) ;
#2124 = ORIENTED_EDGE ( 'NONE', *, *, #8747, .F. ) ;
#2125 = EDGE_CURVE ( 'NONE', #9074, #2810, #5521, .T. ) ;
#2126 = DIRECTION ( 'NONE',  ( -0.8766305499217077468, 0.000000000000000000, 0.4811640873381597405 ) ) ;
#2127 = AXIS2_PLACEMENT_3D ( 'NONE', #2526, #5490, #3365 ) ;
#2128 = VECTOR ( 'NONE', #5721, 100.0000000000000000 ) ;
#2129 = B_SPLINE_CURVE_WITH_KNOTS ( 'NONE', 3,
 ( #5206, #3180, #128, #6059, #6757, #5862 ),
 .UNSPECIFIED., .F., .F.,
 ( 4, 2, 4 ),
 ( 4.336808689942017736E-18, 0.0004044361535939594793, 0.0008088723071879146218 ),
 .UNSPECIFIED. ) ;
#2130 = FACE_OUTER_BOUND ( 'NONE', #7275, .T. ) ;
#2131 = ORIENTED_EDGE ( 'NONE', *, *, #2423, .T. ) ;
#2132 = CARTESIAN_POINT ( 'NONE',  ( 1.783398267808554039, 0.5032447133622979241, -2.153352857471719783 ) ) ;
#2133 = AXIS2_PLACEMENT_3D ( 'NONE', #1183, #3918, #4804 ) ;
#2134 = DIRECTION ( 'NONE',  ( 0.000000000000000000, 0.000000000000000000, -1.000000000000000000 ) ) ;
#2135 = FACE_OUTER_BOUND ( 'NONE', #8812, .T. ) ;
#2136 = PLANE ( 'NONE',  #5898 ) ;
#2137 = CARTESIAN_POINT ( 'NONE',  ( 2.461564155185408609, 0.000000000000000000, -1.330796278752354178 ) ) ;
#2138 = AXIS2_PLACEMENT_3D ( 'NONE', #3012, #935, #3808 ) ;
#2139 = VECTOR ( 'NONE', #2325, 100.0000000000000000 ) ;
#2140 = VERTEX_POINT ( 'NONE', #2035 ) ;
#2141 = CARTESIAN_POINT ( 'NONE',  ( 0.000000000000000000, 0.000000000000000000, 0.000000000000000000 ) ) ;
#2142 = EDGE_CURVE ( 'NONE', #3746, #2103, #4294, .T. ) ;
#2143 = ORIENTED_EDGE ( 'NONE', *, *, #7626, .T. ) ;
#2144 = ORIENTED_EDGE ( 'NONE', *, *, #392, .T. ) ;
#2145 = CARTESIAN_POINT ( 'NONE',  ( 1.151527806643375396, 0.5639694227494319589, -2.464262899386314931 ) ) ;
#2146 = LINE ( 'NONE', #4306, #2260 ) ;
#2147 = DIRECTION ( 'NONE',  ( -0.000000000000000000, -1.000000000000000000, -0.000000000000000000 ) ) ;
#2148 = CARTESIAN_POINT ( 'NONE',  ( 0.3984848430396382701, 0.000000000000000000, -2.265217391304347405 ) ) ;
#2149 = AXIS2_PLACEMENT_3D ( 'NONE', #6335, #5060, #7925 ) ;
#2150 = DIRECTION ( 'NONE',  ( 0.000000000000000000, 1.000000000000000000, -0.000000000000000000 ) ) ;
#2151 = ORIENTED_EDGE ( 'NONE', *, *, #6254, .F. ) ;
#2152 = ORIENTED_EDGE ( 'NONE', *, *, #4172, .F. ) ;
#2153 = DIRECTION ( 'NONE',  ( 0.7800096398313367541, 0.000000000000000000, 0.6257674981733937214 ) ) ;
#2154 = ORIENTED_EDGE ( 'NONE', *, *, #6911, .T. ) ;
#2155 = VERTEX_POINT ( 'NONE', #1328 ) ;
#2156 = DIRECTION ( 'NONE',  ( 0.2796370174246772256, 0.000000000000000000, -0.9601057954651824877 ) ) ;
#2157 = DIRECTION ( 'NONE',  ( 0.000000000000000000, 1.000000000000000000, 0.000000000000000000 ) ) ;
#2158 = B_SPLINE_CURVE_WITH_KNOTS ( 'NONE', 3,
 ( #6662, #8765, #4586, #219 ),
 .UNSPECIFIED., .F., .F.,
 ( 4, 4 ),
 ( 0.0008222137542758343066, 0.001178205683829656189 ),
 .UNSPECIFIED. ) ;
#2159 = CARTESIAN_POINT ( 'NONE',  ( 2.104845743231122057, 0.000000000000000000, -0.9271593159763984460 ) ) ;
#2160 = LINE ( 'NONE', #9297, #5720 ) ;
#2161 = EDGE_CURVE ( 'NONE', #7637, #7531, #6508, .T. ) ;
#2162 = PLANE ( 'NONE',  #8988 ) ;
#2163 = LINE ( 'NONE', #4179, #2660 ) ;
#2164 = EDGE_LOOP ( 'NONE', ( #4810, #365, #4790, #8955 ) ) ;
#2165 = CC_DESIGN_APPROVAL ( #6559, ( #1430 ) ) ;
#2166 = CARTESIAN_POINT ( 'NONE',  ( -0.9122522659845313520, 0.6763576274056523063, -2.413098568542479949 ) ) ;
#2167 = LINE ( 'NONE', #1778, #6029 ) ;
#2168 = ORIENTED_EDGE ( 'NONE', *, *, #1850, .T. ) ;
#2169 = CARTESIAN_POINT ( 'NONE',  ( -2.218553975380172183, 0.6763576274043079373, -1.316536044561316787 ) ) ;
#2170 = CARTESIAN_POINT ( 'NONE',  ( 0.1880933007461983997, 0.5495209029777861076, 2.731635001392864748 ) ) ;
#2171 = CARTESIAN_POINT ( 'NONE',  ( 1.880308549084594771, 0.6763576274005697053, -1.766264039878448822 ) ) ;
#2172 = CARTESIAN_POINT ( 'NONE',  ( -0.7374309401609248082, 0.000000000000000000, 2.595548052135197459 ) ) ;
#2173 = CONICAL_SURFACE ( 'NONE', #8623, 2.299999999999999822, 0.8960553845713439269 ) ;
#2174 = ORIENTED_EDGE ( 'NONE', *, *, #5976, .F. ) ;
#2175 = CARTESIAN_POINT ( 'NONE',  ( 0.8327500588231692147, 0.000000000000000000, -2.143951337957559211 ) ) ;
#2176 = CARTESIAN_POINT ( 'NONE',  ( 2.265217391304346073, 0.9000000000000001332, 0.3984848430396461527 ) ) ;
#2177 = VERTEX_POINT ( 'NONE', #5706 ) ;
#2178 = CARTESIAN_POINT ( 'NONE',  ( 1.272792206135787918, 0.000000000000000000, 1.272792206135783255 ) ) ;
#2179 = CARTESIAN_POINT ( 'NONE',  ( -2.265217391304342964, 0.000000000000000000, -0.3984848430396620289 ) ) ;
#2180 = EDGE_CURVE ( 'NONE', #6014, #839, #2696, .T. ) ;
#2181 = CYLINDRICAL_SURFACE ( 'NONE', #6510, 0.1000000000000000888 ) ;
#2182 = DIRECTION ( 'NONE',  ( 0.000000000000000000, 0.000000000000000000, 1.000000000000000000 ) ) ;
#2183 = CARTESIAN_POINT ( 'NONE',  ( -0.5155143478147189429, 0.7884388346700341721, 2.384700956749437495 ) ) ;
#2184 = EDGE_CURVE ( 'NONE', #8292, #3982, #2874, .T. ) ;
#2185 = ORIENTED_EDGE ( 'NONE', *, *, #7882, .F. ) ;
#2186 = ORIENTED_EDGE ( 'NONE', *, *, #8634, .T. ) ;
#2187 = DIRECTION ( 'NONE',  ( 0.000000000000000000, 0.000000000000000000, 1.000000000000000000 ) ) ;
#2188 = VERTEX_POINT ( 'NONE', #5760 ) ;
#2189 = VERTEX_POINT ( 'NONE', #4247 ) ;
#2190 = CARTESIAN_POINT ( 'NONE',  ( 2.461564155185408609, 0.5013837380188954640, -1.330796278752354178 ) ) ;
#2191 = DIRECTION ( 'NONE',  ( 0.000000000000000000, -1.000000000000000000, -0.000000000000000000 ) ) ;
#2192 = FACE_OUTER_BOUND ( 'NONE', #7570, .T. ) ;
#2193 = CARTESIAN_POINT ( 'NONE',  ( -1.319979243539597169, 0.000000000000000000, -1.883521912966406475 ) ) ;
#2194 = CARTESIAN_POINT ( 'NONE',  ( -1.229627716723141972, 0.000000000000000000, 2.401809684532825617 ) ) ;
#2195 = EDGE_CURVE ( 'NONE', #6097, #6766, #5046, .T. ) ;
#2196 = ORIENTED_EDGE ( 'NONE', *, *, #1966, .T. ) ;
#2197 = EDGE_CURVE ( 'NONE', #7097, #549, #7070, .T. ) ;
#2198 = EDGE_CURVE ( 'NONE', #5806, #7530, #675, .T. ) ;
#2199 = ORIENTED_EDGE ( 'NONE', *, *, #8618, .T. ) ;
#2200 = CARTESIAN_POINT ( 'NONE',  ( 2.245281531994570923, 0.000000000000000000, -0.4987091758571420286 ) ) ;
#2201 = ORIENTED_EDGE ( 'NONE', *, *, #7093, .T. ) ;
#2202 = ORIENTED_EDGE ( 'NONE', *, *, #7744, .F. ) ;
#2203 = DIRECTION ( 'NONE',  ( 0.4825509779128804300, 0.000000000000000000, 0.8758678859938424655 ) ) ;
#2204 = CARTESIAN_POINT ( 'NONE',  ( 1.361428256151444360, 0.5484516897053789419, -2.377193488496400775 ) ) ;
#2205 = CARTESIAN_POINT ( 'NONE',  ( 1.737147339532180590, 0.000000000000000000, -2.193772081687392905 ) ) ;
#2206 = CARTESIAN_POINT ( 'NONE',  ( 1.412143514359723850, 0.5270647222874778048, 2.378574613530790138 ) ) ;
#2207 = VECTOR ( 'NONE', #6924, 100.0000000000000000 ) ;
#2208 = DIRECTION ( 'NONE',  ( -0.000000000000000000, -1.000000000000000000, -0.000000000000000000 ) ) ;
#2209 = VERTEX_POINT ( 'NONE', #7021 ) ;
#2210 = EDGE_CURVE ( 'NONE', #3276, #5202, #7721, .T. ) ;
#2211 = CARTESIAN_POINT ( 'NONE',  ( 2.786066592457918656, 0.000000000000000000, 0.2610551053411716560 ) ) ;
#2212 = CARTESIAN_POINT ( 'NONE',  ( -2.597117859082108904, 0.5484516897053783868, -0.8715013507929947334 ) ) ;
#2213 = ORIENTED_EDGE ( 'NONE', *, *, #1577, .T. ) ;
#2214 = DIRECTION ( 'NONE',  ( 0.4999999999999991673, 0.000000000000000000, 0.8660254037844390407 ) ) ;
#2215 = APPROVAL_ROLE ( '' ) ;
#2216 = CARTESIAN_POINT ( 'NONE',  ( -0.8249980577171927010, 0.5013837380188959081, -2.673891364733733234 ) ) ;
#2217 = CARTESIAN_POINT ( 'NONE',  ( 1.099587125378899799, 0.4000000000000000222, -0.9727922061357825445 ) ) ;
#2218 = ORIENTED_EDGE ( 'NONE', *, *, #7485, .F. ) ;
#2219 = ORIENTED_EDGE ( 'NONE', *, *, #8846, .T. ) ;
#2220 = CARTESIAN_POINT ( 'NONE',  ( -1.845972749163196980, 0.5152387927717596572, -2.079940126123353217 ) ) ;
#2221 = EDGE_CURVE ( 'NONE', #2097, #6401, #8886, .T. ) ;
#2222 = DIRECTION ( 'NONE',  ( 0.000000000000000000, 0.000000000000000000, 1.000000000000000000 ) ) ;
#2223 = EDGE_CURVE ( 'NONE', #3275, #1955, #7125, .T. ) ;
#2224 = CARTESIAN_POINT ( 'NONE',  ( -0.8801718944397228794, 0.000000000000000000, 2.124922924775952460 ) ) ;
#2225 = CARTESIAN_POINT ( 'NONE',  ( -1.445997286892676259, 0.4000000000000000222, -0.9727922061357825445 ) ) ;
#2226 = CARTESIAN_POINT ( 'NONE',  ( 2.770614537425460711, 0.000000000000000000, -0.4045924925238970071 ) ) ;
#2227 = AXIS2_PLACEMENT_3D ( 'NONE', #212, #4836, #2673 ) ;
#2228 = CARTESIAN_POINT ( 'NONE',  ( -1.330796278752332862, 0.5013837380188959081, -2.461564155185419711 ) ) ;
#2229 = LINE ( 'NONE', #5096, #6406 ) ;
#2230 = EDGE_LOOP ( 'NONE', ( #92, #8124, #403, #5020, #6614, #5913 ) ) ;
#2231 = ORIENTED_EDGE ( 'NONE', *, *, #3635, .T. ) ;
#2232 = AXIS2_PLACEMENT_3D ( 'NONE', #7343, #207, #1607 ) ;
#2233 = ORIENTED_EDGE ( 'NONE', *, *, #363, .T. ) ;
#2234 = ORIENTED_EDGE ( 'NONE', *, *, #6135, .F. ) ;
#2235 = DIRECTION ( 'NONE',  ( 0.000000000000000000, 0.000000000000000000, 1.000000000000000000 ) ) ;
#2236 = B_SPLINE_CURVE_WITH_KNOTS ( 'NONE', 3,
 ( #114, #2935, #7307, #6560 ),
 .UNSPECIFIED., .F., .F.,
 ( 4, 4 ),
 ( 3.282350919335439823E-07, 0.005493070069560851941 ),
 .UNSPECIFIED. ) ;
#2237 = CARTESIAN_POINT ( 'NONE',  ( -1.272792206135788140, 0.000000000000000000, 1.472792206135783211 ) ) ;
#2238 = CARTESIAN_POINT ( 'NONE',  ( 0.8801718944397084465, 0.000000000000000000, -2.124922924775958677 ) ) ;
#2239 = DIRECTION ( 'NONE',  ( -0.000000000000000000, -1.000000000000000000, -0.000000000000000000 ) ) ;
#2240 = PLANE ( 'NONE',  #2113 ) ;
#2241 = APPROVAL ( #3721, 'UNSPECIFIED' ) ;
#2242 = ORIENTED_EDGE ( 'NONE', *, *, #8369, .T. ) ;
#2243 = AXIS2_PLACEMENT_3D ( 'NONE', #710, #6548, #2968 ) ;
#2244 = ORIENTED_EDGE ( 'NONE', *, *, #343, .T. ) ;
#2245 = CARTESIAN_POINT ( 'NONE',  ( 2.204287668121032606, 0.5482992156844559428, 1.626866937711197725 ) ) ;
#2246 = ADVANCED_FACE ( 'NONE', ( #4196 ), #631, .T. ) ;
#2247 = ORIENTED_EDGE ( 'NONE', *, *, #3366, .T. ) ;
#2248 = ORIENTED_EDGE ( 'NONE', *, *, #2221, .T. ) ;
#2249 = ADVANCED_FACE ( 'NONE', ( #6410 ), #6459, .F. ) ;
#2250 = LINE ( 'NONE', #1309, #6166 ) ;
#2251 = VECTOR ( 'NONE', #3945, 100.0000000000000142 ) ;
#2252 = CARTESIAN_POINT ( 'NONE',  ( 2.664526311443968343, 0.5271463900493875698, -0.7426309445241136009 ) ) ;
#2253 = ADVANCED_FACE ( 'NONE', ( #5618 ), #24, .T. ) ;
#2254 = CARTESIAN_POINT ( 'NONE',  ( 2.479565624870410101, 0.5014441230611179634, 1.296838276274002721 ) ) ;
#2255 = CARTESIAN_POINT ( 'NONE',  ( 0.4987091758571342015, 0.000000000000000000, 2.245281531994572255 ) ) ;
#2256 = EDGE_CURVE ( 'NONE', #232, #9277, #3640, .T. ) ;
#2257 = DIRECTION ( 'NONE',  ( 0.000000000000000000, 1.000000000000000000, 0.000000000000000000 ) ) ;
#2258 = ORIENTED_EDGE ( 'NONE', *, *, #3663, .F. ) ;
#2259 = ORIENTED_EDGE ( 'NONE', *, *, #1590, .T. ) ;
#2260 = VECTOR ( 'NONE', #1392, 100.0000000000000000 ) ;
#2261 = CARTESIAN_POINT ( 'NONE',  ( 0.4116107342882320275, 0.5639694227494325141, 2.688714289429698479 ) ) ;
#2262 = EDGE_CURVE ( 'NONE', #7967, #467, #3625, .T. ) ;
#2263 = ORIENTED_EDGE ( 'NONE', *, *, #3526, .F. ) ;
#2264 = DIRECTION ( 'NONE',  ( -0.000000000000000000, -1.000000000000000000, -0.000000000000000000 ) ) ;
#2265 = VECTOR ( 'NONE', #3460, 100.0000000000000000 ) ;
#2266 = CALENDAR_DATE ( 2024, 26, 9 ) ;
#2267 = DIRECTION ( 'NONE',  ( -0.000000000000000000, -1.000000000000000000, -0.000000000000000000 ) ) ;
#2268 = CARTESIAN_POINT ( 'NONE',  ( 0.9017513797204569359, 0.5101996115923994601, 2.637374236227605806 ) ) ;
#2269 = AXIS2_PLACEMENT_3D ( 'NONE', #7920, #8622, #2187 ) ;
#2270 = EDGE_LOOP ( 'NONE', ( #4081, #460, #1028, #1581 ) ) ;
#2271 = ORIENTED_EDGE ( 'NONE', *, *, #6031, .T. ) ;
#2272 = CARTESIAN_POINT ( 'NONE',  ( -1.812718732419731360, 0.5013837380188954640, -2.131752242351200533 ) ) ;
#2273 = VECTOR ( 'NONE', #8530, 100.0000000000000000 ) ;
#2274 = CARTESIAN_POINT ( 'NONE',  ( -2.783703416529454522, 0.5032447133622983682, 0.2615973990818862283 ) ) ;
#2275 = CARTESIAN_POINT ( 'NONE',  ( -1.626345596729038556, 0.000000000000000000, -1.626345596729079634 ) ) ;
#2276 = PLANE ( 'NONE',  #1540 ) ;
#2277 = VECTOR ( 'NONE', #8274, 100.0000000000000000 ) ;
#2278 = DIRECTION ( 'NONE',  ( -0.9963484908384468985, 0.000000000000000000, -0.08537965099453934115 ) ) ;
#2279 = CARTESIAN_POINT ( 'NONE',  ( 0.000000000000000000, 0.4000000000000000222, 0.000000000000000000 ) ) ;
#2280 = B_SPLINE_CURVE_WITH_KNOTS ( 'NONE', 3,
 ( #7171, #773, #6463, #1429 ),
 .UNSPECIFIED., .F., .F.,
 ( 4, 4 ),
 ( 0.0008222294881466133592, 0.001178221417700433832 ),
 .UNSPECIFIED. ) ;
#2281 = CARTESIAN_POINT ( 'NONE',  ( 1.842389068288382781, 0.5101996115923985720, 2.091530763291892914 ) ) ;
#2282 = EDGE_CURVE ( 'NONE', #5347, #802, #1520, .T. ) ;
#2283 = VECTOR ( 'NONE', #8956, 100.0000000000000000 ) ;
#2284 = VERTEX_POINT ( 'NONE', #2275 ) ;
#2285 = EDGE_CURVE ( 'NONE', #6014, #2068, #3039, .T. ) ;
#2286 = EDGE_LOOP ( 'NONE', ( #6245, #7750, #2351, #5035 ) ) ;
#2287 = AXIS2_PLACEMENT_3D ( 'NONE', #7538, #4631, #400 ) ;
#2288 = ORIENTED_EDGE ( 'NONE', *, *, #700, .T. ) ;
#2289 = ORIENTED_EDGE ( 'NONE', *, *, #6722, .F. ) ;
#2290 = CARTESIAN_POINT ( 'NONE',  ( -2.473776249455865273, 0.5153265304226577470, 1.270270387249468058 ) ) ;
#2291 = CARTESIAN_POINT ( 'NONE',  ( -2.783462428670878008, 0.5013837380188955750, 0.2874956239882375253 ) ) ;
#2292 = AXIS2_PLACEMENT_3D ( 'NONE', #9049, #8344, #8959 ) ;
#2293 = CARTESIAN_POINT ( 'NONE',  ( -2.684058973958861838, 0.000000000000000000, 0.2765890575571310905 ) ) ;
#2294 = DIRECTION ( 'NONE',  ( 0.000000000000000000, 0.000000000000000000, 1.000000000000000000 ) ) ;
#2295 = CARTESIAN_POINT ( 'NONE',  ( 0.7337872461383190270, 0.5339374858355646625, 2.658162582022097986 ) ) ;
#2296 = VECTOR ( 'NONE', #7467, 99.99999999999998579 ) ;
#2297 = AXIS2_PLACEMENT_3D ( 'NONE', #7103, #5687, #4929 ) ;
#2298 = VERTEX_POINT ( 'NONE', #2224 ) ;
#2299 = EDGE_LOOP ( 'NONE', ( #2841, #1943, #7728, #4824 ) ) ;
#2300 = CARTESIAN_POINT ( 'NONE',  ( -1.755659148649138857, 0.5014441230611187406, 2.178920869745592181 ) ) ;
#2301 = ORIENTED_EDGE ( 'NONE', *, *, #2701, .F. ) ;
#2302 = AXIS2_PLACEMENT_3D ( 'NONE', #2293, #8114, #7322 ) ;
#2303 = ORIENTED_EDGE ( 'NONE', *, *, #8387, .F. ) ;
#2304 = LINE ( 'NONE', #2444, #3298 ) ;
#2305 = CARTESIAN_POINT ( 'NONE',  ( 2.464262899386311378, 0.5639694227494312928, 1.151527806643384055 ) ) ;
#2306 = CYLINDRICAL_SURFACE ( 'NONE', #1700, 0.1000000000000000056 ) ;
#2307 = CARTESIAN_POINT ( 'NONE',  ( -0.1928533565831586361, 0.5048565532276951817, 2.787285143821713884 ) ) ;
#2308 = DIRECTION ( 'NONE',  ( -0.000000000000000000, -1.000000000000000000, -0.000000000000000000 ) ) ;
#2309 = EDGE_LOOP ( 'NONE', ( #5817, #7160, #5344, #7494 ) ) ;
#2310 = ORIENTED_EDGE ( 'NONE', *, *, #3571, .T. ) ;
#2311 = EDGE_CURVE ( 'NONE', #5836, #4964, #7848, .T. ) ;
#2312 = CIRCLE ( 'NONE', #3067, 2.299999999999999822 ) ;
#2313 = CARTESIAN_POINT ( 'NONE',  ( 2.717352668980065555, 0.000000000000000000, 0.1208403870883331815 ) ) ;
#2314 = AXIS2_PLACEMENT_3D ( 'NONE', #3273, #3887, #1735 ) ;
#2315 = LINE ( 'NONE', #3679, #524 ) ;
#2316 = DATE_AND_TIME ( #2925, #6842 ) ;
#2317 = DIRECTION ( 'NONE',  ( -0.000000000000000000, -1.000000000000000000, -0.000000000000000000 ) ) ;
#2318 = CARTESIAN_POINT ( 'NONE',  ( -0.1842284574520823281, 0.5560412871706275073, -2.723726095389202850 ) ) ;
#2319 = ORIENTED_EDGE ( 'NONE', *, *, #5701, .T. ) ;
#2320 = ORIENTED_EDGE ( 'NONE', *, *, #7080, .F. ) ;
#2321 = ADVANCED_FACE ( 'NONE', ( #7402 ), #3728, .T. ) ;
#2322 = DIRECTION ( 'NONE',  ( 0.000000000000000000, 0.000000000000000000, 1.000000000000000000 ) ) ;
#2323 = PLANE ( 'NONE',  #1402 ) ;
#2324 = LINE ( 'NONE', #8053, #2328 ) ;
#2325 = DIRECTION ( 'NONE',  ( -0.000000000000000000, 1.000000000000000000, -0.000000000000000000 ) ) ;
#2326 = CYLINDRICAL_SURFACE ( 'NONE', #7541, 0.09999999999999992228 ) ;
#2327 = FACE_OUTER_BOUND ( 'NONE', #3719, .T. ) ;
#2328 = VECTOR ( 'NONE', #1615, 100.0000000000000000 ) ;
#2329 = CARTESIAN_POINT ( 'NONE',  ( 1.848586517691818143, 0.5338837825254065805, 2.046305201167104570 ) ) ;
#2330 = ORIENTED_EDGE ( 'NONE', *, *, #8621, .T. ) ;
#2331 = VERTEX_POINT ( 'NONE', #5146 ) ;
#2332 = EDGE_CURVE ( 'NONE', #7640, #4258, #818, .T. ) ;
#2333 = VERTEX_POINT ( 'NONE', #8803 ) ;
#2334 = EDGE_LOOP ( 'NONE', ( #313, #3666, #5314, #1261, #885, #6294 ) ) ;
#2335 = CARTESIAN_POINT ( 'NONE',  ( -1.202864601265607680, 0.000000000000000000, 2.528461340622421005 ) ) ;
#2336 = CARTESIAN_POINT ( 'NONE',  ( -2.265217391304342964, 0.000000000000000000, -0.3984848430396620289 ) ) ;
#2337 = EDGE_CURVE ( 'NONE', #4892, #3889, #2236, .T. ) ;
#2338 = CARTESIAN_POINT ( 'NONE',  ( -1.803630069984542006, 0.5014441230611188516, -2.139381633438939723 ) ) ;
#2339 = CARTESIAN_POINT ( 'NONE',  ( -2.327222263625919663, 0.6763576274005864697, 1.113231976729061712 ) ) ;
#2340 = CARTESIAN_POINT ( 'NONE',  ( 0.7561178111636753796, 0.5181978775793968373, 2.672369256315593411 ) ) ;
#2341 = ORIENTED_EDGE ( 'NONE', *, *, #9243, .F. ) ;
#2342 = ORIENTED_EDGE ( 'NONE', *, *, #3999, .F. ) ;
#2343 = DIRECTION ( 'NONE',  ( 0.1074922124228188391, 0.000000000000000000, 0.9942059264903059246 ) ) ;
#2344 = VERTEX_POINT ( 'NONE', #5193 ) ;
#2345 = EDGE_LOOP ( 'NONE', ( #455, #8863, #1431, #4661, #730, #1296, #884 ) ) ;
#2346 = DIRECTION ( 'NONE',  ( -0.000000000000000000, -1.000000000000000000, -0.000000000000000000 ) ) ;
#2347 = DIRECTION ( 'NONE',  ( -0.000000000000000000, -1.000000000000000000, -0.000000000000000000 ) ) ;
#2348 = CARTESIAN_POINT ( 'NONE',  ( -1.319979243539597169, 0.8999999999999998002, -1.883521912966406475 ) ) ;
#2349 = CARTESIAN_POINT ( 'NONE',  ( 2.175115393338250769, 0.5340002883789662924, -1.694906139508276954 ) ) ;
#2350 = LINE ( 'NONE', #198, #6299 ) ;
#2351 = ORIENTED_EDGE ( 'NONE', *, *, #8563, .F. ) ;
#2352 = ADVANCED_FACE ( 'NONE', ( #2366 ), #8098, .T. ) ;
#2353 = EDGE_LOOP ( 'NONE', ( #7561, #5592, #6239, #5694 ) ) ;
#2354 = DIRECTION ( 'NONE',  ( -0.000000000000000000, 1.000000000000000000, -0.000000000000000000 ) ) ;
#2355 = VECTOR ( 'NONE', #4189, 100.0000000000000142 ) ;
#2356 = CARTESIAN_POINT ( 'NONE',  ( -2.192260848153283703, 0.000000000000000000, -1.610155365304537511 ) ) ;
#2357 = DIRECTION ( 'NONE',  ( 0.000000000000000000, 1.000000000000000000, 0.000000000000000000 ) ) ;
#2358 = CARTESIAN_POINT ( 'NONE',  ( -1.919081641957316675, 0.6763576274010774103, -1.724057583095035762 ) ) ;
#2359 = ADVANCED_FACE ( 'NONE', ( #74 ), #8849, .T. ) ;
#2360 = ORIENTED_EDGE ( 'NONE', *, *, #3957, .F. ) ;
#2361 = EDGE_LOOP ( 'NONE', ( #8234, #5296, #3411, #361, #814, #7451 ) ) ;
#2362 = AXIS2_PLACEMENT_3D ( 'NONE', #5547, #1407, #4931 ) ;
#2363 = DIRECTION ( 'NONE',  ( 0.000000000000000000, 0.000000000000000000, 1.000000000000000000 ) ) ;
#2364 = DIRECTION ( 'NONE',  ( 0.000000000000000000, -0.000000000000000000, -1.000000000000000000 ) ) ;
#2365 = EDGE_CURVE ( 'NONE', #802, #73, #6656, .T. ) ;
#2366 = FACE_OUTER_BOUND ( 'NONE', #5922, .T. ) ;
#2367 = DIRECTION ( 'NONE',  ( 0.8660254037844388186, -0.000000000000000000, 0.4999999999999998335 ) ) ;
#2368 = EDGE_CURVE ( 'NONE', #2046, #5714, #5135, .T. ) ;
#2369 = CARTESIAN_POINT ( 'NONE',  ( 0.2992912332039963097, 0.5014441230611189626, 2.782168212128004470 ) ) ;
#2370 = CARTESIAN_POINT ( 'NONE',  ( 0.000000000000000000, 0.000000000000000000, 0.000000000000000000 ) ) ;
#2371 = EDGE_CURVE ( 'NONE', #3284, #7625, #165, .T. ) ;
#2372 = CARTESIAN_POINT ( 'NONE',  ( 1.836011441959797041, 0.5639694227494324030, 2.006905556262539303 ) ) ;
#2373 = EDGE_CURVE ( 'NONE', #3364, #467, #2324, .T. ) ;
#2374 = ORIENTED_EDGE ( 'NONE', *, *, #1346, .T. ) ;
#2375 = AXIS2_PLACEMENT_3D ( 'NONE', #265, #3262, #1012 ) ;
#2376 = ORIENTED_EDGE ( 'NONE', *, *, #4546, .T. ) ;
#2377 = EDGE_LOOP ( 'NONE', ( #7439, #211, #8071, #147 ) ) ;
#2378 = VERTEX_POINT ( 'NONE', #1661 ) ;
#2379 = CYLINDRICAL_SURFACE ( 'NONE', #6482, 2.100000000000000089 ) ;
#2380 = LINE ( 'NONE', #1815, #3306 ) ;
#2381 = PLANE ( 'NONE',  #2741 ) ;
#2382 = PLANE ( 'NONE',  #4543 ) ;
#2383 = DIRECTION ( 'NONE',  ( 0.000000000000000000, 0.000000000000000000, 1.000000000000000000 ) ) ;
#2384 = ORIENTED_EDGE ( 'NONE', *, *, #6945, .F. ) ;
#2385 = VECTOR ( 'NONE', #6265, 100.0000000000000000 ) ;
#2386 = VERTEX_POINT ( 'NONE', #3866 ) ;
#2387 = DIRECTION ( 'NONE',  ( 0.2796370174246772256, 0.000000000000000000, -0.9601057954651824877 ) ) ;
#2388 = ORIENTED_EDGE ( 'NONE', *, *, #1925, .T. ) ;
#2389 = ORIENTED_EDGE ( 'NONE', *, *, #6829, .T. ) ;
#2390 = LINE ( 'NONE', #5745, #4813 ) ;
#2391 = CARTESIAN_POINT ( 'NONE',  ( 0.000000000000000000, 0.3000000000000000999, 0.000000000000000000 ) ) ;
#2392 = CIRCLE ( 'NONE', #6149, 0.1000000000000000888 ) ;
#2393 = PLANE ( 'NONE',  #3349 ) ;
#2394 = FACE_OUTER_BOUND ( 'NONE', #6629, .T. ) ;
#2395 = DIRECTION ( 'NONE',  ( 0.000000000000000000, 1.000000000000000000, 0.000000000000000000 ) ) ;
#2396 = DIRECTION ( 'NONE',  ( 0.6257674981733937214, 0.000000000000000000, -0.7800096398313367541 ) ) ;
#2397 = EDGE_CURVE ( 'NONE', #4429, #3784, #1452, .T. ) ;
#2398 = ORIENTED_EDGE ( 'NONE', *, *, #7482, .T. ) ;
#2399 = VERTEX_POINT ( 'NONE', #4533 ) ;
#2400 = EDGE_CURVE ( 'NONE', #8914, #3675, #1418, .T. ) ;
#2401 = AXIS2_PLACEMENT_3D ( 'NONE', #3370, #6240, #2620 ) ;
#2402 = DIRECTION ( 'NONE',  ( 0.000000000000000000, 0.000000000000000000, -1.000000000000000000 ) ) ;
#2403 = CARTESIAN_POINT ( 'NONE',  ( 0.2126621130806817250, 0.5013176973172517314, -2.790290679127235052 ) ) ;
#2404 = APPROVAL_ROLE ( '' ) ;
#2405 = EDGE_CURVE ( 'NONE', #5778, #5856, #6690, .T. ) ;
#2406 = PLANE ( 'NONE',  #5395 ) ;
#2407 = DIRECTION ( 'NONE',  ( 0.000000000000000000, 1.000000000000000000, -0.000000000000000000 ) ) ;
#2408 = AXIS2_PLACEMENT_3D ( 'NONE', #745, #3612, #6485 ) ;
#2409 = ORIENTED_EDGE ( 'NONE', *, *, #914, .T. ) ;
#2410 = ORIENTED_EDGE ( 'NONE', *, *, #3734, .F. ) ;
#2411 = B_SPLINE_CURVE_WITH_KNOTS ( 'NONE', 3,
 ( #2616, #4739, #6856, #4602, #9094, #4649 ),
 .UNSPECIFIED., .F., .F.,
 ( 4, 2, 4 ),
 ( 0.000000000000000000, 0.0004600056648911250517, 0.0009200113297822501033 ),
 .UNSPECIFIED. ) ;
#2412 = CARTESIAN_POINT ( 'NONE',  ( 2.690423066604964664, 0.5152387927717598792, 0.7038394998798357394 ) ) ;
#2413 = AXIS2_PLACEMENT_3D ( 'NONE', #7878, #1437, #6472 ) ;
#2414 = CARTESIAN_POINT ( 'NONE',  ( 2.638445876326300787, 0.000000000000000000, -0.9373384435179926699 ) ) ;
#2415 = DIRECTION ( 'NONE',  ( -0.2781170528593628899, 0.000000000000000000, 0.9605471903601728867 ) ) ;
#2416 = DIRECTION ( 'NONE',  ( 0.000000000000000000, 1.000000000000000000, 0.000000000000000000 ) ) ;
#2417 = CARTESIAN_POINT ( 'NONE',  ( 0.3228824516354940610, 0.5013837380188959081, 2.779579779042260501 ) ) ;
#2418 = PLANE ( 'NONE',  #3730 ) ;
#2419 = DIRECTION ( 'NONE',  ( -0.9960732287271421015, 0.000000000000000000, -0.08853317464705903750 ) ) ;
#2420 = CIRCLE ( 'NONE', #327, 0.1000000000000000888 ) ;
#2421 = ORIENTED_EDGE ( 'NONE', *, *, #5454, .F. ) ;
#2422 = ORIENTED_EDGE ( 'NONE', *, *, #3173, .F. ) ;
#2423 = EDGE_CURVE ( 'NONE', #3750, #8471, #3140, .T. ) ;
#2424 = AXIS2_PLACEMENT_3D ( 'NONE', #2051, #1440, #650 ) ;
#2425 = DIRECTION ( 'NONE',  ( -0.4825509779128897003, 0.000000000000000000, -0.8758678859938374694 ) ) ;
#2426 = VERTEX_POINT ( 'NONE', #3214 ) ;
#2427 = ORIENTED_EDGE ( 'NONE', *, *, #8337, .T. ) ;
#2428 = DIRECTION ( 'NONE',  ( -0.000000000000000000, -1.000000000000000000, -0.000000000000000000 ) ) ;
#2429 = DIRECTION ( 'NONE',  ( -0.000000000000000000, -1.000000000000000000, -0.000000000000000000 ) ) ;
#2430 = DIRECTION ( 'NONE',  ( 0.000000000000000000, 0.000000000000000000, -1.000000000000000000 ) ) ;
#2431 = AXIS2_PLACEMENT_3D ( 'NONE', #8070, #1631, #231 ) ;
#2432 = CARTESIAN_POINT ( 'NONE',  ( -0.4487077406370631460, 0.8999999999999998002, -2.255806144927436474 ) ) ;
#2433 = VECTOR ( 'NONE', #1375, 100.0000000000000000 ) ;
#2434 = CARTESIAN_POINT ( 'NONE',  ( 0.000000000000000000, 0.4000000000000000222, 0.000000000000000000 ) ) ;
#2435 = EDGE_LOOP ( 'NONE', ( #7183, #7000 ) ) ;
#2436 = VECTOR ( 'NONE', #8604, 99.99999999999998579 ) ;
#2437 = VERTEX_POINT ( 'NONE', #8330 ) ;
#2438 = EDGE_CURVE ( 'NONE', #8463, #4057, #8779, .T. ) ;
#2439 = CARTESIAN_POINT ( 'NONE',  ( 2.713997647364021937, 0.000000000000000000, -0.1811758727515954681 ) ) ;
#2440 = VECTOR ( 'NONE', #498, 100.0000000000000000 ) ;
#2441 = EDGE_LOOP ( 'NONE', ( #8223, #4380, #7165, #5867 ) ) ;
#2442 = ORIENTED_EDGE ( 'NONE', *, *, #6865, .T. ) ;
#2443 = CARTESIAN_POINT ( 'NONE',  ( -2.681603779540944199, 0.000000000000000000, -0.7995736333737475388 ) ) ;
#2444 = CARTESIAN_POINT ( 'NONE',  ( 2.255806144927431589, 0.000000000000000000, -0.4487077406370877930 ) ) ;
#2445 = LINE ( 'NONE', #3011, #2296 ) ;
#2446 = CARTESIAN_POINT ( 'NONE',  ( 0.1208403870883241193, 0.000000000000000000, -2.717352668980066444 ) ) ;
#2447 = AXIS2_PLACEMENT_3D ( 'NONE', #5599, #475, #8364 ) ;
#2449 = CONICAL_SURFACE ( 'NONE', #4840, 2.299999999999999822, 0.8960553845713439269 ) ;
#2448 = CARTESIAN_POINT ( 'NONE',  ( -0.8712172545039849059, 0.5639694227494319589, 2.576739882529722525 ) ) ;
#2450 = ORIENTED_EDGE ( 'NONE', *, *, #6532, .T. ) ;
#2451 = AXIS2_PLACEMENT_3D ( 'NONE', #5971, #8832, #1742 ) ;
#2452 = ORIENTED_EDGE ( 'NONE', *, *, #2919, .T. ) ;
#2453 = ORIENTED_EDGE ( 'NONE', *, *, #320, .F. ) ;
#2454 = AXIS2_PLACEMENT_3D ( 'NONE', #737, #8486, #690 ) ;
#2455 = DIRECTION ( 'NONE',  ( 0.000000000000000000, 1.000000000000000000, -0.000000000000000000 ) ) ;
#2456 = EDGE_CURVE ( 'NONE', #7450, #3889, #558, .T. ) ;
#2457 = DIRECTION ( 'NONE',  ( -0.6245321485347996582, 0.000000000000000000, 0.7809991007975020105 ) ) ;
#2458 = CARTESIAN_POINT ( 'NONE',  ( 2.255806144927431589, 0.000000000000000000, -0.4487077406370877930 ) ) ;
#2459 = CONICAL_SURFACE ( 'NONE', #2902, 2.299999999999999822, 0.8960553845713439269 ) ;
#2460 = LINE ( 'NONE', #2546, #6413 ) ;
#2461 = ORIENTED_EDGE ( 'NONE', *, *, #7080, .T. ) ;
#2462 = ORIENTED_EDGE ( 'NONE', *, *, #2733, .T. ) ;
#2463 = DIRECTION ( 'NONE',  ( -0.000000000000000000, -1.000000000000000000, -0.000000000000000000 ) ) ;
#2464 = LINE ( 'NONE', #355, #2625 ) ;
#2465 = CARTESIAN_POINT ( 'NONE',  ( 2.641564709370463504, 0.5639694227494326251, 0.6486476801571736672 ) ) ;
#2466 = DIRECTION ( 'NONE',  ( -0.000000000000000000, -1.000000000000000000, -0.000000000000000000 ) ) ;
#2467 = CARTESIAN_POINT ( 'NONE',  ( 0.04037680660730955801, 0.7884388346744655163, -2.439451456656918094 ) ) ;
#2468 = CARTESIAN_POINT ( 'NONE',  ( 0.2255907582982547843, 0.5013837380188954640, -2.789162174454039800 ) ) ;
#2469 = CARTESIAN_POINT ( 'NONE',  ( 2.099155771948900906, 0.6763576274005858036, 1.499597927253122576 ) ) ;
#2470 = VERTEX_POINT ( 'NONE', #4672 ) ;
#2471 = VERTEX_POINT ( 'NONE', #3348 ) ;
#2472 = CARTESIAN_POINT ( 'NONE',  ( -0.09455864334184102549, 0.7884388346741556530, -2.437952493152524713 ) ) ;
#2473 = EDGE_CURVE ( 'NONE', #1774, #373, #1220, .T. ) ;
#2474 = VERTEX_POINT ( 'NONE', #6789 ) ;
#2475 = ORIENTED_EDGE ( 'NONE', *, *, #2677, .F. ) ;
#2476 = LINE ( 'NONE', #2335, #5696 ) ;
#2477 = LINE ( 'NONE', #5483, #11 ) ;
#2478 = CARTESIAN_POINT ( 'NONE',  ( -2.357262493485905885, 0.5639694227494326251, -1.357174072685355615 ) ) ;
#2479 = EDGE_CURVE ( 'NONE', #9016, #8544, #2464, .T. ) ;
#2480 = DIRECTION ( 'NONE',  ( 0.000000000000000000, 0.000000000000000000, 1.000000000000000000 ) ) ;
#2481 = FACE_OUTER_BOUND ( 'NONE', #5025, .T. ) ;
#2482 = ORIENTED_EDGE ( 'NONE', *, *, #2282, .T. ) ;
#2483 = VERTEX_POINT ( 'NONE', #3967 ) ;
#2484 = CARTESIAN_POINT ( 'NONE',  ( -2.055160654053834079, 0.000000000000000000, 1.848424653360405845 ) ) ;
#2485 = VERTEX_POINT ( 'NONE', #5376 ) ;
#2486 = EDGE_LOOP ( 'NONE', ( #5031, #4246, #7653, #4797 ) ) ;
#2487 = DIRECTION ( 'NONE',  ( -0.8660254037844389297, 0.000000000000000000, -0.4999999999999997224 ) ) ;
#2488 = PLANE ( 'NONE',  #8701 ) ;
#2489 = CARTESIAN_POINT ( 'NONE',  ( 2.265217391304346073, 0.000000000000000000, 0.3984848430396461527 ) ) ;
#2490 = ADVANCED_FACE ( 'NONE', ( #8986 ), #484, .T. ) ;
#2491 = FACE_OUTER_BOUND ( 'NONE', #4166, .T. ) ;
#2492 = CARTESIAN_POINT ( 'NONE',  ( -2.796310035629890667, 0.000000000000000000, -0.1437017210598278416 ) ) ;
#2493 = EDGE_CURVE ( 'NONE', #6524, #6483, #7874, .T. ) ;
#2494 = ADVANCED_FACE ( 'NONE', ( #7621 ), #5422, .F. ) ;
#2495 = EDGE_LOOP ( 'NONE', ( #7981, #4499, #7692, #1546 ) ) ;
#2496 = ORIENTED_EDGE ( 'NONE', *, *, #5113, .T. ) ;
#2497 = VERTEX_POINT ( 'NONE', #4718 ) ;
#2498 = PLANE ( 'NONE',  #447 ) ;
#2499 = EDGE_CURVE ( 'NONE', #140, #4589, #7581, .T. ) ;
#2500 = CARTESIAN_POINT ( 'NONE',  ( 2.047196828785476264, 0.5639694227494324030, 1.790975452365395792 ) ) ;
#2501 = CARTESIAN_POINT ( 'NONE',  ( 2.171495263774704476, 0.000000000000000000, 1.764915053207602780 ) ) ;
#2502 = VERTEX_POINT ( 'NONE', #6742 ) ;
#2503 = ORIENTED_EDGE ( 'NONE', *, *, #6749, .F. ) ;
#2504 = EDGE_CURVE ( 'NONE', #3889, #3938, #4005, .T. ) ;
#2505 = DIRECTION ( 'NONE',  ( 0.000000000000000000, 0.000000000000000000, -1.000000000000000000 ) ) ;
#2506 = CARTESIAN_POINT ( 'NONE',  ( 1.790755798049717074, 0.7884388346706134865, 1.657029682194102627 ) ) ;
#2507 = DIRECTION ( 'NONE',  ( 0.000000000000000000, 0.000000000000000000, -1.000000000000000000 ) ) ;
#2508 = CARTESIAN_POINT ( 'NONE',  ( -0.7561589761431292134, 0.5013347872415693240, 2.694248579018071688 ) ) ;
#2509 = CARTESIAN_POINT ( 'NONE',  ( 1.940294437034820074, 0.000000000000000000, 1.235013156857745820 ) ) ;
#2510 = LINE ( 'NONE', #1185, #2207 ) ;
#2511 = VECTOR ( 'NONE', #3502, 100.0000000000000000 ) ;
#2512 = ADVANCED_FACE ( 'NONE', ( #5473 ), #4760, .T. ) ;
#2513 = ORIENTED_EDGE ( 'NONE', *, *, #1670, .F. ) ;
#2514 = VERTEX_POINT ( 'NONE', #2639 ) ;
#2515 = EDGE_CURVE ( 'NONE', #8607, #693, #9286, .T. ) ;
#2516 = VERTEX_POINT ( 'NONE', #3162 ) ;
#2517 = ORIENTED_EDGE ( 'NONE', *, *, #2956, .T. ) ;
#2518 = DIRECTION ( 'NONE',  ( 0.000000000000000000, 0.000000000000000000, -1.000000000000000000 ) ) ;
#2519 = LINE ( 'NONE', #1148, #5563 ) ;
#2520 = DIRECTION ( 'NONE',  ( 1.000000000000000000, 0.000000000000000000, -0.000000000000000000 ) ) ;
#2521 = LINE ( 'NONE', #371, #8139 ) ;
#2522 = CYLINDRICAL_SURFACE ( 'NONE', #774, 0.1500000000000001332 ) ;
#2523 = EDGE_CURVE ( 'NONE', #5795, #1314, #8468, .T. ) ;
#2524 = VERTEX_POINT ( 'NONE', #5553 ) ;
#2525 = ORIENTED_EDGE ( 'NONE', *, *, #392, .F. ) ;
#2526 = CARTESIAN_POINT ( 'NONE',  ( -1.272792206135788140, 1.000000000000000000, -1.272792206135783255 ) ) ;
#2527 = B_SPLINE_CURVE_WITH_KNOTS ( 'NONE', 3,
 ( #7081, #3595, #3505, #4157 ),
 .UNSPECIFIED., .F., .F.,
 ( 4, 4 ),
 ( 0.001041880566062205376, 0.006534622400562564368 ),
 .UNSPECIFIED. ) ;
#2528 = ORIENTED_EDGE ( 'NONE', *, *, #5701, .F. ) ;
#2529 = ORIENTED_EDGE ( 'NONE', *, *, #6688, .T. ) ;
#2530 = CARTESIAN_POINT ( 'NONE',  ( 0.000000000000000000, 1.000000000000000000, 0.000000000000000000 ) ) ;
#2531 = DIRECTION ( 'NONE',  ( -0.000000000000000000, -1.000000000000000000, -0.000000000000000000 ) ) ;
#2532 = CARTESIAN_POINT ( 'NONE',  ( -2.774223253723185678, 0.5032341246880199792, 0.3481320906261826109 ) ) ;
#2533 = CARTESIAN_POINT ( 'NONE',  ( -1.061258598061538105, 0.6763576274005860256, 2.351378124923489299 ) ) ;
#2534 = FACE_OUTER_BOUND ( 'NONE', #9214, .T. ) ;
#2535 = AXIS2_PLACEMENT_3D ( 'NONE', #8332, #6221, #3970 ) ;
#2536 = VECTOR ( 'NONE', #4339, 100.0000000000000142 ) ;
#2537 = VERTEX_POINT ( 'NONE', #7714 ) ;
#2538 = ORIENTED_EDGE ( 'NONE', *, *, #4434, .F. ) ;
#2539 = EDGE_LOOP ( 'NONE', ( #6470, #8370, #5374, #643, #4352, #7283, #4387, #4737, #8, #2319, #4691, #5126, #930, #3694, #4776, #80, #8493, #3532, #3761, #3753, #268, #1529, #828, #5139, #7238, #3466, #6118, #8321, #9096, #5384 ) ) ;
#2540 = DIRECTION ( 'NONE',  ( 0.000000000000000000, 0.000000000000000000, -1.000000000000000000 ) ) ;
#2541 = AXIS2_PLACEMENT_3D ( 'NONE', #6255, #4794, #8407 ) ;
#2542 = ADVANCED_FACE ( 'NONE', ( #4185 ), #8464, .T. ) ;
#2543 = DIRECTION ( 'NONE',  ( 0.000000000000000000, 0.000000000000000000, -1.000000000000000000 ) ) ;
#2544 = EDGE_CURVE ( 'NONE', #4825, #6120, #622, .T. ) ;
#2545 = CARTESIAN_POINT ( 'NONE',  ( -2.086682955803359718, 0.5340002883789668475, -1.802661376420878092 ) ) ;
#2546 = CARTESIAN_POINT ( 'NONE',  ( -1.875677327064306343, 0.000000000000000000, -2.078902249923477275 ) ) ;
#2547 = AXIS2_PLACEMENT_3D ( 'NONE', #7974, #3178, #5158 ) ;
#2548 = ORIENTED_EDGE ( 'NONE', *, *, #1539, .F. ) ;
#2549 = VECTOR ( 'NONE', #6642, 100.0000000000000000 ) ;
#2550 = ADVANCED_FACE ( 'NONE', ( #5036 ), #9168, .T. ) ;
#2551 = CARTESIAN_POINT ( 'NONE',  ( -1.721158666054829700, 0.000000000000000000, -2.078048827317057423 ) ) ;
#2552 = DIRECTION ( 'NONE',  ( -0.000000000000000000, -1.000000000000000000, -0.000000000000000000 ) ) ;
#2553 = CARTESIAN_POINT ( 'NONE',  ( 2.471697620534857087, 0.5032447133622983682, -1.306961660893880772 ) ) ;
#2554 = CIRCLE ( 'NONE', #157, 2.299999999999999822 ) ;
#2555 = DIRECTION ( 'NONE',  ( -0.000000000000000000, -1.000000000000000000, -0.000000000000000000 ) ) ;
#2556 = LINE ( 'NONE', #8288, #9127 ) ;
#2557 = DIRECTION ( 'NONE',  ( 0.000000000000000000, 1.000000000000000000, -0.000000000000000000 ) ) ;
#2558 = ORIENTED_EDGE ( 'NONE', *, *, #4855, .F. ) ;
#2559 = CARTESIAN_POINT ( 'NONE',  ( -0.05109392178899865855, 0.8999999999999999112, -2.299432410651859104 ) ) ;
#2560 = CIRCLE ( 'NONE', #8552, 2.300000000000000266 ) ;
#2561 = ORIENTED_EDGE ( 'NONE', *, *, #5668, .F. ) ;
#2562 = DIRECTION ( 'NONE',  ( 0.000000000000000000, 0.000000000000000000, -1.000000000000000000 ) ) ;
#2563 = DIRECTION ( 'NONE',  ( -0.8871031560450735043, 0.000000000000000000, -0.4615712193528426210 ) ) ;
#2564 = EDGE_CURVE ( 'NONE', #2934, #7702, #7014, .T. ) ;
#2565 = DIRECTION ( 'NONE',  ( 0.7648973044904314733, 0.000000000000000000, -0.6441522441032648816 ) ) ;
#2566 = CARTESIAN_POINT ( 'NONE',  ( 2.578516205740090328, 0.6763576274043437975, 0.08064164581541230503 ) ) ;
#2567 = CYLINDRICAL_SURFACE ( 'NONE', #3623, 0.1000000000000000888 ) ;
#2568 = CARTESIAN_POINT ( 'NONE',  ( 2.192260848153295694, 0.000000000000000000, 1.610155365304522634 ) ) ;
#2569 = ORIENTED_EDGE ( 'NONE', *, *, #3390, .F. ) ;
#2570 = AXIS2_PLACEMENT_3D ( 'NONE', #2882, #7763, #4900 ) ;
#2571 = EDGE_LOOP ( 'NONE', ( #1921, #1339, #9083, #4869 ) ) ;
#2572 = CARTESIAN_POINT ( 'NONE',  ( 0.8712172545039673643, 0.5639694227494322920, -2.576739882529728298 ) ) ;
#2573 = CIRCLE ( 'NONE', #7375, 0.1000000000000000888 ) ;
#2574 = VERTEX_POINT ( 'NONE', #1279 ) ;
#2575 = ORIENTED_EDGE ( 'NONE', *, *, #5454, .T. ) ;
#2576 = DIRECTION ( 'NONE',  ( -0.000000000000000000, -1.000000000000000000, -0.000000000000000000 ) ) ;
#2577 = CARTESIAN_POINT ( 'NONE',  ( 2.736518469213735649, 0.5340002883789661814, 0.3395592197717116623 ) ) ;
#2578 = DIRECTION ( 'NONE',  ( 0.000000000000000000, 0.000000000000000000, 1.000000000000000000 ) ) ;
#2579 = PLANE ( 'NONE',  #8586 ) ;
#2580 = DIRECTION ( 'NONE',  ( 0.000000000000000000, 0.000000000000000000, 1.000000000000000000 ) ) ;
#2581 = AXIS2_PLACEMENT_3D ( 'NONE', #1923, #4791, #2540 ) ;
#2582 = VERTEX_POINT ( 'NONE', #8603 ) ;
#2583 = ORIENTED_EDGE ( 'NONE', *, *, #5334, .F. ) ;
#2584 = ORIENTED_EDGE ( 'NONE', *, *, #5, .F. ) ;
#2585 = AXIS2_PLACEMENT_3D ( 'NONE', #235, #3098, #2387 ) ;
#2586 = FACE_OUTER_BOUND ( 'NONE', #5086, .T. ) ;
#2587 = CARTESIAN_POINT ( 'NONE',  ( 2.501415067104242329, 0.5152387927717586580, 1.215190923672098133 ) ) ;
#2588 = ADVANCED_FACE ( 'NONE', ( #8415 ), #6261, .T. ) ;
#2589 = VECTOR ( 'NONE', #8673, 99.99999999999998579 ) ;
#2590 = ADVANCED_FACE ( 'NONE', ( #5609 ), #7754, .T. ) ;
#2591 = FACE_OUTER_BOUND ( 'NONE', #4126, .T. ) ;
#2592 = CARTESIAN_POINT ( 'NONE',  ( -1.662073109026478201, 0.9000000000000001332, -1.589815391877640316 ) ) ;
#2593 = ORIENTED_EDGE ( 'NONE', *, *, #9197, .F. ) ;
#2594 = B_SPLINE_CURVE_WITH_KNOTS ( 'NONE', 3,
 ( #6873, #434, #7478, #6170 ),
 .UNSPECIFIED., .F., .F.,
 ( 4, 4 ),
 ( 3.282350919335439823E-07, 0.005493070069560840665 ),
 .UNSPECIFIED. ) ;
#2595 = AXIS2_PLACEMENT_3D ( 'NONE', #4565, #5970, #1780 ) ;
#2596 = LINE ( 'NONE', #354, #8317 ) ;
#2597 = CARTESIAN_POINT ( 'NONE',  ( 1.646344681506088703, 0.5338837825254065805, -2.212280786742976790 ) ) ;
#2598 = CIRCLE ( 'NONE', #356, 2.299999999999999822 ) ;
#2599 = DIRECTION ( 'NONE',  ( -0.7800096398313399737, 0.000000000000000000, -0.6257674981733897246 ) ) ;
#2600 = DIRECTION ( 'NONE',  ( 0.000000000000000000, 0.000000000000000000, -1.000000000000000000 ) ) ;
#2601 = CARTESIAN_POINT ( 'NONE',  ( 9.184850993605145972E-17, 1.000000000000000000, -0.7500000000000000000 ) ) ;
#2602 = ADVANCED_FACE ( 'NONE', ( #3576 ), #2774, .T. ) ;
#2603 = ORIENTED_EDGE ( 'NONE', *, *, #5830, .F. ) ;
#2604 = CARTESIAN_POINT ( 'NONE',  ( -1.790975452365403342, 0.5639694227494322920, 2.047196828785470490 ) ) ;
#2605 = AXIS2_PLACEMENT_3D ( 'NONE', #5797, #5192, #3078 ) ;
#2606 = ORIENTED_EDGE ( 'NONE', *, *, #3210, .T. ) ;
#2607 = CARTESIAN_POINT ( 'NONE',  ( 1.803630069984555773, 0.5014441230611189626, 2.139381633438927288 ) ) ;
#2608 = LINE ( 'NONE', #7550, #1660 ) ;
#2609 = LINE ( 'NONE', #1245, #4244 ) ;
#2610 = CARTESIAN_POINT ( 'NONE',  ( 0.3984848430396382701, 0.000000000000000000, -2.265217391304347405 ) ) ;
#2611 = LINE ( 'NONE', #4016, #3181 ) ;
#2612 = B_SPLINE_CURVE_WITH_KNOTS ( 'NONE', 3,
 ( #2760, #4704, #4213, #3514 ),
 .UNSPECIFIED., .F., .F.,
 ( 4, 4 ),
 ( 1.895537668445931156E-16, 0.0001107756116032333586 ),
 .UNSPECIFIED. ) ;
#2613 = VERTEX_POINT ( 'NONE', #2782 ) ;
#2614 = ORIENTED_EDGE ( 'NONE', *, *, #4031, .T. ) ;
#2615 = EDGE_CURVE ( 'NONE', #1933, #9189, #4035, .T. ) ;
#2616 = CARTESIAN_POINT ( 'NONE',  ( -2.131752242351193871, 0.5013837380188959081, 1.812718732419738465 ) ) ;
#2617 = EDGE_CURVE ( 'NONE', #5299, #7481, #2906, .T. ) ;
#2618 = VERTEX_POINT ( 'NONE', #7113 ) ;
#2619 = ORIENTED_EDGE ( 'NONE', *, *, #5, .T. ) ;
#2620 = DIRECTION ( 'NONE',  ( 0.7800096398313358659, 0.000000000000000000, 0.6257674981733947206 ) ) ;
#2621 = CARTESIAN_POINT ( 'NONE',  ( 0.2838634471624643663, 0.5013651438838261365, 2.783860951820345431 ) ) ;
#2622 = DIRECTION ( 'NONE',  ( 1.000000000000000000, 0.000000000000000000, 0.000000000000000000 ) ) ;
#2623 = DIRECTION ( 'NONE',  ( -0.4601665723526437990, 0.000000000000000000, 0.8878326000374276994 ) ) ;
#2624 = DIRECTION ( 'NONE',  ( 0.2811562814652303621, 0.000000000000000000, -0.9596619953882952192 ) ) ;
#2625 = VECTOR ( 'NONE', #8947, 100.0000000000000000 ) ;
#2626 = ORIENTED_EDGE ( 'NONE', *, *, #4620, .T. ) ;
#2627 = ORIENTED_EDGE ( 'NONE', *, *, #6006, .F. ) ;
#2628 = ORIENTED_EDGE ( 'NONE', *, *, #7161, .F. ) ;
#2629 = CARTESIAN_POINT ( 'NONE',  ( 0.000000000000000000, 0.9000000000000001332, 0.000000000000000000 ) ) ;
#2630 = CARTESIAN_POINT ( 'NONE',  ( 2.479318893422941095, 0.5482992156844550546, 1.165571954691907886 ) ) ;
#2631 = B_SPLINE_CURVE_WITH_KNOTS ( 'NONE', 3,
 ( #7956, #2879, #764, #5042 ),
 .UNSPECIFIED., .F., .F.,
 ( 4, 4 ),
 ( 0.0008222294881466135760, 0.001178221417700435567 ),
 .UNSPECIFIED. ) ;
#2632 = CARTESIAN_POINT ( 'NONE',  ( 2.384700956748674550, 0.7884388346706958650, 0.5155143478143151547 ) ) ;
#2633 = CC_DESIGN_APPROVAL ( #5561, ( #8900 ) ) ;
#2634 = ADVANCED_FACE ( 'NONE', ( #6402 ), #5748, .T. ) ;
#2635 = CARTESIAN_POINT ( 'NONE',  ( -0.6378229956361600728, 0.6763576274005861366, -2.499686125209715559 ) ) ;
#2636 = DIRECTION ( 'NONE',  ( 0.000000000000000000, 0.000000000000000000, -1.000000000000000000 ) ) ;
#2637 = VERTEX_POINT ( 'NONE', #6971 ) ;
#2638 = DIRECTION ( 'NONE',  ( -0.000000000000000000, -1.000000000000000000, -0.000000000000000000 ) ) ;
#2639 = CARTESIAN_POINT ( 'NONE',  ( -0.8589474700274556396, 0.000000000000000000, -2.663179691528192450 ) ) ;
#2640 = EDGE_CURVE ( 'NONE', #8690, #8491, #772, .T. ) ;
#2641 = CYLINDRICAL_SURFACE ( 'NONE', #6933, 0.1000000000000000056 ) ;
#2642 = CARTESIAN_POINT ( 'NONE',  ( -0.3429441425796370679, 0.000000000000000000, 2.778918731282064236 ) ) ;
#2643 = DIRECTION ( 'NONE',  ( -0.000000000000000000, -1.000000000000000000, -0.000000000000000000 ) ) ;
#2644 = ORIENTED_EDGE ( 'NONE', *, *, #4390, .T. ) ;
#2645 = LINE ( 'NONE', #628, #2065 ) ;
#2646 = EDGE_CURVE ( 'NONE', #2732, #2613, #1881, .T. ) ;
#2647 = ADVANCED_FACE ( 'NONE', ( #809 ), #2173, .T. ) ;
#2648 = ADVANCED_FACE ( 'NONE', ( #106 ), #1127, .T. ) ;
#2649 = EDGE_CURVE ( 'NONE', #8318, #2344, #3624, .T. ) ;
#2650 = ORIENTED_EDGE ( 'NONE', *, *, #6124, .F. ) ;
#2651 = DIRECTION ( 'NONE',  ( 0.6429407905933247624, 0.000000000000000000, 0.7659158829736008034 ) ) ;
#2652 = DIRECTION ( 'NONE',  ( 0.000000000000000000, 1.000000000000000000, -0.000000000000000000 ) ) ;
#2653 = EDGE_CURVE ( 'NONE', #2177, #4353, #2315, .T. ) ;
#2654 = FACE_OUTER_BOUND ( 'NONE', #8611, .T. ) ;
#2655 = CIRCLE ( 'NONE', #7751, 2.100000000000000089 ) ;
#2656 = CARTESIAN_POINT ( 'NONE',  ( 1.619202367649563046, 0.8000000000000000444, 1.272792206135783033 ) ) ;
#2657 = CARTESIAN_POINT ( 'NONE',  ( -1.626345596729073639, 0.9000000000000002442, 1.626345596729044107 ) ) ;
#2658 = ORIENTED_EDGE ( 'NONE', *, *, #2332, .T. ) ;
#2659 = VERTEX_POINT ( 'NONE', #853 ) ;
#2660 = VECTOR ( 'NONE', #2817, 100.0000000000000142 ) ;
#2661 = CARTESIAN_POINT ( 'NONE',  ( -1.272792206135788140, 0.000000000000000000, -1.272792206135783255 ) ) ;
#2662 = EDGE_CURVE ( 'NONE', #5712, #2046, #7389, .T. ) ;
#2663 = VERTEX_POINT ( 'NONE', #756 ) ;
#2664 = VERTEX_POINT ( 'NONE', #5837 ) ;
#2665 = CYLINDRICAL_SURFACE ( 'NONE', #2108, 0.2000000000000000111 ) ;
#2666 = LINE ( 'NONE', #4653, #4803 ) ;
#2667 = LINE ( 'NONE', #7604, #1703 ) ;
#2668 = FACE_OUTER_BOUND ( 'NONE', #7385, .T. ) ;
#2669 = CARTESIAN_POINT ( 'NONE',  ( 0.000000000000000000, 0.000000000000000000, 0.000000000000000000 ) ) ;
#2670 = ORIENTED_EDGE ( 'NONE', *, *, #7747, .T. ) ;
#2671 = VERTEX_POINT ( 'NONE', #6501 ) ;
#2672 = ORIENTED_EDGE ( 'NONE', *, *, #5886, .F. ) ;
#2673 = DIRECTION ( 'NONE',  ( 0.000000000000000000, 0.000000000000000000, 1.000000000000000000 ) ) ;
#2674 = DIRECTION ( 'NONE',  ( -0.000000000000000000, 1.000000000000000000, -0.000000000000000000 ) ) ;
#2675 = AXIS2_PLACEMENT_3D ( 'NONE', #6509, #5844, #2322 ) ;
#2676 = LINE ( 'NONE', #7745, #1849 ) ;
#2677 = EDGE_CURVE ( 'NONE', #8214, #2097, #248, .T. ) ;
#2678 = CARTESIAN_POINT ( 'NONE',  ( 1.330796278752346407, 0.5013837380188953530, 2.461564155185413050 ) ) ;
#2679 = LINE ( 'NONE', #8408, #7499 ) ;
#2680 = EDGE_CURVE ( 'NONE', #3938, #2994, #9220, .T. ) ;
#2681 = VERTEX_POINT ( 'NONE', #6693 ) ;
#2682 = AXIS2_PLACEMENT_3D ( 'NONE', #2370, #4537, #7407 ) ;
#2683 = CARTESIAN_POINT ( 'NONE',  ( -2.673909772614557312, 0.5338837825254062475, -0.6744209498761699617 ) ) ;
#2684 = VERTEX_POINT ( 'NONE', #3720 ) ;
#2685 = EDGE_CURVE ( 'NONE', #7973, #3769, #3112, .T. ) ;
#2686 = DIRECTION ( 'NONE',  ( 0.000000000000000000, 1.000000000000000000, -0.000000000000000000 ) ) ;
#2687 = CARTESIAN_POINT ( 'NONE',  ( 1.362003618849591646, 0.5013837380188954640, 2.444435101997061377 ) ) ;
#2688 = FACE_OUTER_BOUND ( 'NONE', #7337, .T. ) ;
#2689 = CARTESIAN_POINT ( 'NONE',  ( 1.274653398173131835, 0.5136304473035149254, 2.473901100193246272 ) ) ;
#2690 = CARTESIAN_POINT ( 'NONE',  ( -2.567814011882551206, 0.000000000000000000, 0.8288578182228133473 ) ) ;
#2691 = ORIENTED_EDGE ( 'NONE', *, *, #8373, .F. ) ;
#2692 = LINE ( 'NONE', #5562, #7620 ) ;
#2693 = DIRECTION ( 'NONE',  ( -0.000000000000000000, -1.000000000000000000, -0.000000000000000000 ) ) ;
#2694 = VECTOR ( 'NONE', #2208, 100.0000000000000000 ) ;
#2695 = ORIENTED_EDGE ( 'NONE', *, *, #8922, .F. ) ;
#2696 = LINE ( 'NONE', #583, #7236 ) ;
#2697 = LINE ( 'NONE', #5567, #3797 ) ;
#2698 = LINE ( 'NONE', #3403, #3057 ) ;
#2699 = CARTESIAN_POINT ( 'NONE',  ( -0.3984848430396540353, 0.000000000000000000, 2.265217391304344741 ) ) ;
#2700 = CARTESIAN_POINT ( 'NONE',  ( 2.299999999999999822, 0.9000000000000001332, 7.801373251815524918E-15 ) ) ;
#2701 = EDGE_CURVE ( 'NONE', #5541, #1212, #8839, .T. ) ;
#2702 = VERTEX_POINT ( 'NONE', #8649 ) ;
#2703 = CIRCLE ( 'NONE', #3010, 2.299999999999999822 ) ;
#2704 = VERTEX_POINT ( 'NONE', #6551 ) ;
#2705 = DIRECTION ( 'NONE',  ( 0.000000000000000000, 1.000000000000000000, 0.000000000000000000 ) ) ;
#2706 = ORIENTED_EDGE ( 'NONE', *, *, #2037, .T. ) ;
#2707 = ORIENTED_EDGE ( 'NONE', *, *, #5990, .T. ) ;
#2708 = CARTESIAN_POINT ( 'NONE',  ( 1.445997286892675815, 0.8000000000000000444, 0.9727922061357835437 ) ) ;
#2709 = LINE ( 'NONE', #5582, #1352 ) ;
#2710 = CIRCLE ( 'NONE', #7966, 0.09999999999999992228 ) ;
#2711 = DIRECTION ( 'NONE',  ( 0.000000000000000000, 0.000000000000000000, -1.000000000000000000 ) ) ;
#2712 = DIRECTION ( 'NONE',  ( -0.000000000000000000, -1.000000000000000000, -0.000000000000000000 ) ) ;
#2713 = FACE_OUTER_BOUND ( 'NONE', #5053, .T. ) ;
#2714 = ORIENTED_EDGE ( 'NONE', *, *, #4408, .F. ) ;
#2715 = EDGE_CURVE ( 'NONE', #6225, #3661, #6598, .T. ) ;
#2716 = ORIENTED_EDGE ( 'NONE', *, *, #2908, .F. ) ;
#2717 = ORIENTED_EDGE ( 'NONE', *, *, #546, .T. ) ;
#2718 = VECTOR ( 'NONE', #4746, 100.0000000000000284 ) ;
#2719 = PLANE ( 'NONE',  #6183 ) ;
#2720 = ORIENTED_EDGE ( 'NONE', *, *, #8621, .F. ) ;
#2721 = CARTESIAN_POINT ( 'NONE',  ( -1.705771604345802883, 0.5271463900493872368, -2.177508764149877152 ) ) ;
#2722 = DIRECTION ( 'NONE',  ( -0.8871031560450770570, 0.000000000000000000, -0.4615712193528357932 ) ) ;
#2723 = B_SPLINE_CURVE_WITH_KNOTS ( 'NONE', 3,
 ( #2657, #3406, #5525, #1948 ),
 .UNSPECIFIED., .F., .F.,
 ( 4, 4 ),
 ( 3.282350919242618247E-07, 0.005493070069560693214 ),
 .UNSPECIFIED. ) ;
#2724 = CARTESIAN_POINT ( 'NONE',  ( 0.000000000000000000, 0.9000000000000001332, 0.000000000000000000 ) ) ;
#2725 = CARTESIAN_POINT ( 'NONE',  ( -2.124922924775968447, 0.8999999999999999112, 0.8801718944396843547 ) ) ;
#2726 = LINE ( 'NONE', #707, #7915 ) ;
#2727 = ORIENTED_EDGE ( 'NONE', *, *, #1831, .F. ) ;
#2728 = CIRCLE ( 'NONE', #3186, 0.1000000000000000888 ) ;
#2729 = EDGE_CURVE ( 'NONE', #2993, #4303, #6578, .T. ) ;
#2730 = CARTESIAN_POINT ( 'NONE',  ( 2.697194602940291119, 0.5639694227494324030, 0.3517800458162892441 ) ) ;
#2732 = VERTEX_POINT ( 'NONE', #2356 ) ;
#2731 = AXIS2_PLACEMENT_3D ( 'NONE', #3267, #6189, #1019 ) ;
#2733 = EDGE_CURVE ( 'NONE', #5223, #5894, #6494, .T. ) ;
#2734 = DIRECTION ( 'NONE',  ( 0.000000000000000000, 0.000000000000000000, 1.000000000000000000 ) ) ;
#2735 = CARTESIAN_POINT ( 'NONE',  ( -2.464262899386302941, 0.5639694227494324030, -1.151527806643399821 ) ) ;
#2736 = DIRECTION ( 'NONE',  ( -0.2993867340516119802, 0.000000000000000000, -0.9541318480555553982 ) ) ;
#2737 = CARTESIAN_POINT ( 'NONE',  ( -2.193772081687373809, 0.5013837380188959081, -1.737147339532203683 ) ) ;
#2738 = VECTOR ( 'NONE', #7746, 100.0000000000000000 ) ;
#2739 = VECTOR ( 'NONE', #3240, 100.0000000000000142 ) ;
#2740 = FACE_OUTER_BOUND ( 'NONE', #1057, .T. ) ;
#2741 = AXIS2_PLACEMENT_3D ( 'NONE', #1675, #3132, #877 ) ;
#2742 = FACE_OUTER_BOUND ( 'NONE', #4604, .T. ) ;
#2743 = ORIENTED_EDGE ( 'NONE', *, *, #2101, .F. ) ;
#2744 = CARTESIAN_POINT ( 'NONE',  ( 1.790975452365388465, 0.5639694227494320700, -2.047196828785483813 ) ) ;
#2745 = DIRECTION ( 'NONE',  ( 0.8660254037844390407, -0.000000000000000000, 0.4999999999999995004 ) ) ;
#2746 = CARTESIAN_POINT ( 'NONE',  ( -2.714544907353796166, 0.000000000000000000, -0.6864735580920572344 ) ) ;
#2747 = CARTESIAN_POINT ( 'NONE',  ( -1.245010081793722856, 0.5044456655887692431, 2.501809684532882994 ) ) ;
#2748 = DIRECTION ( 'NONE',  ( -0.8863714897513235158, 0.000000000000000000, -0.4629747100609484800 ) ) ;
#2749 = EDGE_CURVE ( 'NONE', #3276, #2671, #1705, .T. ) ;
#2750 = ORIENTED_EDGE ( 'NONE', *, *, #426, .F. ) ;
#2751 = CARTESIAN_POINT ( 'NONE',  ( -2.461564155185417047, 0.5013837380188960191, 1.330796278752337303 ) ) ;
#2752 = VECTOR ( 'NONE', #7131, 100.0000000000000000 ) ;
#2753 = EDGE_CURVE ( 'NONE', #2574, #2209, #8138, .T. ) ;
#2754 = VERTEX_POINT ( 'NONE', #6030 ) ;
#2755 = ORIENTED_EDGE ( 'NONE', *, *, #2074, .F. ) ;
#2756 = LINE ( 'NONE', #4208, #8692 ) ;
#2757 = CARTESIAN_POINT ( 'NONE',  ( -1.099587125378900243, 0.8000000000000000444, -1.572792206135783744 ) ) ;
#2758 = LINE ( 'NONE', #7778, #795 ) ;
#2759 = LINE ( 'NONE', #6336, #4979 ) ;
#2760 = CARTESIAN_POINT ( 'NONE',  ( 2.576739882529194947, 0.5639694227498459611, 0.8712172545039291727 ) ) ;
#2761 = ORIENTED_EDGE ( 'NONE', *, *, #4889, .F. ) ;
#2762 = ORIENTED_EDGE ( 'NONE', *, *, #3607, .F. ) ;
#2763 = ORIENTED_EDGE ( 'NONE', *, *, #4616, .T. ) ;
#2764 = B_SPLINE_CURVE_WITH_KNOTS ( 'NONE', 3,
 ( #2912, #5641, #6539, #9247, #5824, #7145, #699, #3564, #8638, #6435 ),
 .UNSPECIFIED., .F., .F.,
 ( 4, 2, 2, 2, 4 ),
 ( 2.453269466693398698E-18, 0.0003819510935556010402, 0.0007639021871111996952, 0.001145853280666798242, 0.001527804374222396788 ),
 .UNSPECIFIED. ) ;
#2765 = DIRECTION ( 'NONE',  ( 0.5000000000000002220, 0.000000000000000000, -0.8660254037844384856 ) ) ;
#2766 = ADVANCED_FACE ( 'NONE', ( #3152 ), #3856, .T. ) ;
#2767 = VERTEX_POINT ( 'NONE', #7582 ) ;
#2768 = ORIENTED_EDGE ( 'NONE', *, *, #2072, .F. ) ;
#2769 = DIRECTION ( 'NONE',  ( 0.000000000000000000, 0.000000000000000000, 1.000000000000000000 ) ) ;
#2770 = EDGE_CURVE ( 'NONE', #2702, #1776, #8920, .T. ) ;
#2771 = CARTESIAN_POINT ( 'NONE',  ( 2.139381633438920627, 0.5014441230611187406, -1.803630069984563766 ) ) ;
#2772 = EDGE_CURVE ( 'NONE', #5730, #8702, #5991, .T. ) ;
#2773 = DIRECTION ( 'NONE',  ( 0.000000000000000000, 0.000000000000000000, 1.000000000000000000 ) ) ;
#2774 = CONICAL_SURFACE ( 'NONE', #3376, 2.299999999999999822, 0.8960553845713439269 ) ;
#2775 = PLANE ( 'NONE',  #1791 ) ;
#2776 = CARTESIAN_POINT ( 'NONE',  ( 0.3984848430396382701, 0.000000000000000000, -2.265217391304347405 ) ) ;
#2777 = ORIENTED_EDGE ( 'NONE', *, *, #1026, .T. ) ;
#2778 = LINE ( 'NONE', #7251, #5851 ) ;
#2779 = CARTESIAN_POINT ( 'NONE',  ( 2.556750127584888954, 0.5639694227494328471, -0.9282438859800792308 ) ) ;
#2780 = ADVANCED_FACE ( 'NONE', ( #6131 ), #7547, .T. ) ;
#2781 = EDGE_LOOP ( 'NONE', ( #8590, #3320, #8048, #290, #5679, #7500 ) ) ;
#2782 = CARTESIAN_POINT ( 'NONE',  ( -2.193772081687373809, 0.000000000000000000, -1.737147339532203683 ) ) ;
#2783 = CARTESIAN_POINT ( 'NONE',  ( 0.2255907582982548121, 0.000000000000000000, -2.789162174454039800 ) ) ;
#2784 = CARTESIAN_POINT ( 'NONE',  ( 0.6486476801571646744, 0.5639694227494322920, -2.641564709370466169 ) ) ;
#2785 = DIRECTION ( 'NONE',  ( -0.000000000000000000, -1.000000000000000000, -0.000000000000000000 ) ) ;
#2786 = LINE ( 'NONE', #1285, #1822 ) ;
#2787 = VERTEX_POINT ( 'NONE', #4583 ) ;
#2788 = CARTESIAN_POINT ( 'NONE',  ( 1.799036237123782911, 0.5484516897053789419, -2.065914905293234405 ) ) ;
#2789 = CARTESIAN_POINT ( 'NONE',  ( 0.9271593159763918957, 0.000000000000000000, 2.104845743231125166 ) ) ;
#2790 = CARTESIAN_POINT ( 'NONE',  ( 0.000000000000000000, 0.9000000000000001332, 0.000000000000000000 ) ) ;
#2791 = CARTESIAN_POINT ( 'NONE',  ( -1.836011441959783275, 0.000000000000000000, -2.006905556262552182 ) ) ;
#2792 = LINE ( 'NONE', #1525, #2872 ) ;
#2793 = ADVANCED_FACE ( 'NONE', ( #259 ), #5600, .T. ) ;
#2794 = EDGE_CURVE ( 'NONE', #4876, #1776, #2974, .T. ) ;
#2795 = ORIENTED_EDGE ( 'NONE', *, *, #422, .T. ) ;
#2796 = LINE ( 'NONE', #1252, #5923 ) ;
#2797 = AXIS2_PLACEMENT_3D ( 'NONE', #4677, #4008, #6881 ) ;
#2798 = ORIENTED_EDGE ( 'NONE', *, *, #1966, .F. ) ;
#2799 = EDGE_LOOP ( 'NONE', ( #7720, #3618, #7662, #3020 ) ) ;
#2800 = CARTESIAN_POINT ( 'NONE',  ( 1.020324823231657962, 0.7884388346700345052, 2.216188383468743250 ) ) ;
#2801 = CARTESIAN_POINT ( 'NONE',  ( 0.000000000000000000, 0.4000000000000000222, 0.000000000000000000 ) ) ;
#2802 = ADVANCED_FACE ( 'NONE', ( #1003 ), #1541, .T. ) ;
#2803 = DIRECTION ( 'NONE',  ( -0.000000000000000000, 1.000000000000000000, -0.000000000000000000 ) ) ;
#2804 = DIRECTION ( 'NONE',  ( -0.9605471903601722206, 0.000000000000000000, -0.2781170528593655544 ) ) ;
#2805 = CARTESIAN_POINT ( 'NONE',  ( -1.812718732419731360, 0.000000000000000000, -2.131752242351200533 ) ) ;
#2806 = ORIENTED_EDGE ( 'NONE', *, *, #5875, .T. ) ;
#2807 = AXIS2_PLACEMENT_3D ( 'NONE', #251, #6647, #3025 ) ;
#2808 = ORIENTED_EDGE ( 'NONE', *, *, #2184, .T. ) ;
#2809 = CARTESIAN_POINT ( 'NONE',  ( -2.021174645661646174, 0.5513018457242759851, 1.843872859364960926 ) ) ;
#2810 = VERTEX_POINT ( 'NONE', #1757 ) ;
#2811 = VERTEX_POINT ( 'NONE', #3868 ) ;
#2812 = LINE ( 'NONE', #5684, #3906 ) ;
#2813 = CARTESIAN_POINT ( 'NONE',  ( -0.9271593159764039971, 0.000000000000000000, -2.104845743231120725 ) ) ;
#2814 = CARTESIAN_POINT ( 'NONE',  ( -2.576739882529719416, 0.000000000000000000, -0.8712172545039937877 ) ) ;
#2815 = EDGE_CURVE ( 'NONE', #2704, #4635, #4630, .T. ) ;
#2816 = DIRECTION ( 'NONE',  ( 0.9940345471201621486, 0.000000000000000000, -0.1090656643110664709 ) ) ;
#2817 = DIRECTION ( 'NONE',  ( 0.08695652173913021032, 0.000000000000000000, -0.9962121075990957308 ) ) ;
#2818 = ORIENTED_EDGE ( 'NONE', *, *, #5448, .F. ) ;
#2819 = AXIS2_PLACEMENT_3D ( 'NONE', #8994, #8247, #404 ) ;
#2820 = ADVANCED_FACE ( 'NONE', ( #1098 ), #2449, .T. ) ;
#2821 = CARTESIAN_POINT ( 'NONE',  ( 2.691558631681717273, 0.5013837380188957971, 0.7653946419033839099 ) ) ;
#2822 = CYLINDRICAL_SURFACE ( 'NONE', #3923, 0.1000000000000000888 ) ;
#2823 = ORIENTED_EDGE ( 'NONE', *, *, #2908, .T. ) ;
#2824 = DIRECTION ( 'NONE',  ( -0.000000000000000000, -1.000000000000000000, -0.000000000000000000 ) ) ;
#2825 = CARTESIAN_POINT ( 'NONE',  ( -2.495619672694038726, 0.5270647222874781379, -1.193167610415184487 ) ) ;
#2826 = CARTESIAN_POINT ( 'NONE',  ( 1.282679870018530011, 0.5106748210293818868, 2.473901100193242719 ) ) ;
#2827 = CARTESIAN_POINT ( 'NONE',  ( 0.4487077406370957866, 0.8999999999999999112, -2.255806144927429813 ) ) ;
#2828 = AXIS2_PLACEMENT_3D ( 'NONE', #1100, #1856, #4721 ) ;
#2829 = EDGE_CURVE ( 'NONE', #1565, #4438, #6790, .T. ) ;
#2830 = LINE ( 'NONE', #160, #6740 ) ;
#2831 = DIRECTION ( 'NONE',  ( 0.000000000000000000, -1.000000000000000000, 0.000000000000000000 ) ) ;
#2832 = AXIS2_PLACEMENT_3D ( 'NONE', #8699, #2267, #5137 ) ;
#2833 = ORIENTED_EDGE ( 'NONE', *, *, #7932, .F. ) ;
#2834 = DIRECTION ( 'NONE',  ( -0.000000000000000000, 1.000000000000000000, -0.000000000000000000 ) ) ;
#2835 = CARTESIAN_POINT ( 'NONE',  ( 0.000000000000000000, 0.9000000000000001332, 0.000000000000000000 ) ) ;
#2836 = DIRECTION ( 'NONE',  ( -0.4601665723526527918, 0.000000000000000000, 0.8878326000374231475 ) ) ;
#2837 = DIRECTION ( 'NONE',  ( -0.7790182248460681969, 0.000000000000000000, -0.6270012801882310916 ) ) ;
#2838 = CARTESIAN_POINT ( 'NONE',  ( 0.000000000000000000, 0.9000000000000001332, 0.000000000000000000 ) ) ;
#2839 = VECTOR ( 'NONE', #2576, 100.0000000000000000 ) ;
#2840 = B_SPLINE_CURVE_WITH_KNOTS ( 'NONE', 3,
 ( #1312, #7794, #6396, #477 ),
 .UNSPECIFIED., .F., .F.,
 ( 4, 4 ),
 ( 0.001041867980353962863, 0.006534609814862465949 ),
 .UNSPECIFIED. ) ;
#2841 = ORIENTED_EDGE ( 'NONE', *, *, #4546, .F. ) ;
#2842 = AXIS2_PLACEMENT_3D ( 'NONE', #992, #152, #6691 ) ;
#2843 = LINE ( 'NONE', #5713, #9208 ) ;
#2844 = EDGE_CURVE ( 'NONE', #2664, #3803, #5598, .T. ) ;
#2845 = ORIENTED_EDGE ( 'NONE', *, *, #5909, .F. ) ;
#2846 = ORIENTED_EDGE ( 'NONE', *, *, #8617, .F. ) ;
#2847 = CARTESIAN_POINT ( 'NONE',  ( 1.764915053207594786, 0.000000000000000000, -2.171495263774711582 ) ) ;
#2848 = LINE ( 'NONE', #4550, #3451 ) ;
#2849 = CARTESIAN_POINT ( 'NONE',  ( 1.721158666054844355, 0.000000000000000000, 2.078048827317045877 ) ) ;
#2850 = LINE ( 'NONE', #2193, #2128 ) ;
#2851 = CARTESIAN_POINT ( 'NONE',  ( 2.006905556262533086, 0.000000000000000000, -1.836011441959804147 ) ) ;
#2852 = VECTOR ( 'NONE', #1074, 100.0000000000000000 ) ;
#2853 = EDGE_LOOP ( 'NONE', ( #8154, #5859, #873, #8755 ) ) ;
#2854 = ORIENTED_EDGE ( 'NONE', *, *, #445, .F. ) ;
#2855 = CARTESIAN_POINT ( 'NONE',  ( 2.578525685088084440, 0.000000000000000000, -0.7949084059125692825 ) ) ;
#2856 = AXIS2_PLACEMENT_3D ( 'NONE', #918, #3792, #5958 ) ;
#2857 = ORIENTED_EDGE ( 'NONE', *, *, #6989, .F. ) ;
#2858 = EDGE_LOOP ( 'NONE', ( #3799, #5428, #8636, #6675 ) ) ;
#2859 = DIRECTION ( 'NONE',  ( -0.000000000000000000, 1.000000000000000000, 0.000000000000000000 ) ) ;
#2860 = CARTESIAN_POINT ( 'NONE',  ( 1.329032467784738714, 0.5032447133622980351, -2.459900528472275028 ) ) ;
#2861 = CYLINDRICAL_SURFACE ( 'NONE', #6659, 0.1000000000000000056 ) ;
#2862 = DIRECTION ( 'NONE',  ( -0.000000000000000000, -1.000000000000000000, -0.000000000000000000 ) ) ;
#2863 = FACE_OUTER_BOUND ( 'NONE', #2959, .T. ) ;
#2864 = CARTESIAN_POINT ( 'NONE',  ( 1.275784838658408971, 0.5013837380188953530, -2.490520000137342649 ) ) ;
#2865 = ORIENTED_EDGE ( 'NONE', *, *, #4031, .F. ) ;
#2866 = AXIS2_PLACEMENT_3D ( 'NONE', #2669, #6337, #6863 ) ;
#2867 = ADVANCED_FACE ( 'NONE', ( #357 ), #3215, .T. ) ;
#2868 = CARTESIAN_POINT ( 'NONE',  ( 0.4082981140704791123, 0.5482992156844560538, 2.709035401558045120 ) ) ;
#2869 = CARTESIAN_POINT ( 'NONE',  ( -1.619202367649564378, 0.8000000000000000444, -1.272792206135783255 ) ) ;
#2870 = ORIENTED_EDGE ( 'NONE', *, *, #1994, .T. ) ;
#2871 = EDGE_CURVE ( 'NONE', #1506, #2470, #5377, .T. ) ;
#2872 = VECTOR ( 'NONE', #683, 100.0000000000000000 ) ;
#2873 = CARTESIAN_POINT ( 'NONE',  ( -0.8713238407688499443, 0.5013176973172522866, -2.659274715570409509 ) ) ;
#2874 = CIRCLE ( 'NONE', #4531, 0.1000000000000000888 ) ;
#2875 = CARTESIAN_POINT ( 'NONE',  ( 0.2765890575571408050, 0.000000000000000000, 2.684058973958860506 ) ) ;
#2876 = CARTESIAN_POINT ( 'NONE',  ( -2.047196828785463829, 0.5639694227494328471, -1.790975452365409559 ) ) ;
#2877 = CARTESIAN_POINT ( 'NONE',  ( -2.212280786742959027, 0.5338837825254072467, -1.646344681506111574 ) ) ;
#2878 = ORIENTED_EDGE ( 'NONE', *, *, #2311, .F. ) ;
#2879 = CARTESIAN_POINT ( 'NONE',  ( -1.286311557466218503, 0.5014441230611186295, 2.485042812503869047 ) ) ;
#2880 = B_SPLINE_CURVE_WITH_KNOTS ( 'NONE', 3,
 ( #2960, #7890, #5118, #8538 ),
 .UNSPECIFIED., .F., .F.,
 ( 4, 4 ),
 ( 0.0008222321815043433452, 0.001178224111058164252 ),
 .UNSPECIFIED. ) ;
#2881 = AXIS2_PLACEMENT_3D ( 'NONE', #6758, #4686, #6809 ) ;
#2882 = CARTESIAN_POINT ( 'NONE',  ( 0.000000000000000000, 0.000000000000000000, 0.000000000000000000 ) ) ;
#2883 = EDGE_CURVE ( 'NONE', #232, #3563, #8286, .T. ) ;
#2884 = ORIENTED_EDGE ( 'NONE', *, *, #1882, .T. ) ;
#2885 = CARTESIAN_POINT ( 'NONE',  ( 0.000000000000000000, 0.000000000000000000, 0.000000000000000000 ) ) ;
#2886 = AXIS2_PLACEMENT_3D ( 'NONE', #4398, #6609, #258 ) ;
#2887 = LINE ( 'NONE', #7766, #1695 ) ;
#2888 = EDGE_CURVE ( 'NONE', #6281, #6153, #182, .T. ) ;
#2889 = CARTESIAN_POINT ( 'NONE',  ( -2.326531492178993243, 0.000000000000000000, 1.409205145698854356 ) ) ;
#2890 = DIRECTION ( 'NONE',  ( -0.000000000000000000, 1.000000000000000000, 0.000000000000000000 ) ) ;
#2891 = CARTESIAN_POINT ( 'NONE',  ( 1.275784838658408971, 0.000000000000000000, -2.490520000137342649 ) ) ;
#2892 = AXIS2_PLACEMENT_3D ( 'NONE', #423, #8220, #7519 ) ;
#2893 = VECTOR ( 'NONE', #785, 100.0000000000000000 ) ;
#2894 = ORIENTED_EDGE ( 'NONE', *, *, #2499, .T. ) ;
#2895 = DIRECTION ( 'NONE',  ( -0.000000000000000000, 1.000000000000000000, 0.000000000000000000 ) ) ;
#2896 = VERTEX_POINT ( 'NONE', #4719 ) ;
#2897 = ORIENTED_EDGE ( 'NONE', *, *, #3748, .F. ) ;
#2898 = DIRECTION ( 'NONE',  ( 0.000000000000000000, 0.000000000000000000, 1.000000000000000000 ) ) ;
#2899 = CARTESIAN_POINT ( 'NONE',  ( 0.3429441425796182497, 0.000000000000000000, -2.778918731282066013 ) ) ;
#2900 = CARTESIAN_POINT ( 'NONE',  ( 2.474088437236945826, 0.000000000000000000, 1.307364995081795156 ) ) ;
#2901 = CARTESIAN_POINT ( 'NONE',  ( 2.688240347634794247, 0.5014441230611190736, 0.7767876390601659020 ) ) ;
#2902 = AXIS2_PLACEMENT_3D ( 'NONE', #2790, #7127, #1426 ) ;
#2903 = DIRECTION ( 'NONE',  ( -0.000000000000000000, -1.000000000000000000, -0.000000000000000000 ) ) ;
#2904 = EDGE_CURVE ( 'NONE', #443, #2940, #297, .T. ) ;
#2905 = ORIENTED_EDGE ( 'NONE', *, *, #8704, .F. ) ;
#2906 = B_SPLINE_CURVE_WITH_KNOTS ( 'NONE', 3,
 ( #9259, #2873, #2027, #5652, #2069, #1413, #4937, #7803, #1367, #4238 ),
 .UNSPECIFIED., .F., .F.,
 ( 4, 2, 2, 2, 4 ),
 ( 0.000000000000000000, 0.0003831395918290999474, 0.0007662791836581998948, 0.001149418775487299951, 0.001532558367316399790 ),
 .UNSPECIFIED. ) ;
#2907 = ORIENTED_EDGE ( 'NONE', *, *, #4963, .F. ) ;
#2908 = EDGE_CURVE ( 'NONE', #6140, #2787, #352, .T. ) ;
#2909 = FACE_OUTER_BOUND ( 'NONE', #1255, .T. ) ;
#2910 = ORIENTED_EDGE ( 'NONE', *, *, #518, .F. ) ;
#2911 = ORIENTED_EDGE ( 'NONE', *, *, #8502, .F. ) ;
#2912 = CARTESIAN_POINT ( 'NONE',  ( -1.205986615744088164, 0.5639694227494371770, -2.438073872837087208 ) ) ;
#2913 = CARTESIAN_POINT ( 'NONE',  ( 1.351145364016206107, 0.5153265304226568588, -2.430547673754283711 ) ) ;
#2914 = CARTESIAN_POINT ( 'NONE',  ( 2.218553975380181509, 0.6763576274043068270, 1.316536044561303020 ) ) ;
#2915 = CARTESIAN_POINT ( 'NONE',  ( 1.398950668835814204, 0.5101996115923984609, 2.410774862758595649 ) ) ;
#2916 = CARTESIAN_POINT ( 'NONE',  ( -1.275784838658426068, 0.000000000000000000, 2.490520000137332879 ) ) ;
#2917 = ADVANCED_FACE ( 'NONE', ( #703 ), #2861, .T. ) ;
#2918 = ORIENTED_EDGE ( 'NONE', *, *, #1975, .F. ) ;
#2919 = EDGE_CURVE ( 'NONE', #3116, #1444, #1495, .T. ) ;
#2920 = DIRECTION ( 'NONE',  ( 0.000000000000000000, 0.000000000000000000, 1.000000000000000000 ) ) ;
#2921 = CARTESIAN_POINT ( 'NONE',  ( 1.445997286892675371, 0.4000000000000000222, 1.572792206135783299 ) ) ;
#2922 = ORIENTED_EDGE ( 'NONE', *, *, #6966, .F. ) ;
#2923 = EDGE_CURVE ( 'NONE', #602, #245, #6395, .T. ) ;
#2924 = DIRECTION ( 'NONE',  ( 0.2811562814652205922, 0.000000000000000000, -0.9596619953882979948 ) ) ;
#2925 = CALENDAR_DATE ( 2024, 26, 9 ) ;
#2926 = CARTESIAN_POINT ( 'NONE',  ( 2.148499155454225651, 0.5043093483084190032, 1.787175574312725113 ) ) ;
#2927 = DIRECTION ( 'NONE',  ( 1.734723475976805517E-15, 0.000000000000000000, 1.000000000000000000 ) ) ;
#2928 = ORIENTED_EDGE ( 'NONE', *, *, #7615, .T. ) ;
#2929 = VECTOR ( 'NONE', #6177, 100.0000000000000000 ) ;
#2930 = ORIENTED_EDGE ( 'NONE', *, *, #409, .F. ) ;
#2931 = CARTESIAN_POINT ( 'NONE',  ( 0.4045924925238867376, 0.000000000000000000, 2.770614537425462043 ) ) ;
#2932 = CARTESIAN_POINT ( 'NONE',  ( 2.789162174454038912, 0.000000000000000000, 0.2255907582982634163 ) ) ;
#2933 = ADVANCED_FACE ( 'NONE', ( #3477 ), #7842, .T. ) ;
#2934 = VERTEX_POINT ( 'NONE', #2814 ) ;
#2935 = CARTESIAN_POINT ( 'NONE',  ( 1.388858701955098862, 0.7884388346700342831, -2.005897605045709575 ) ) ;
#2936 = CARTESIAN_POINT ( 'NONE',  ( 0.000000000000000000, 0.4000000000000000222, 0.000000000000000000 ) ) ;
#2937 = CARTESIAN_POINT ( 'NONE',  ( -2.255806144927424928, 0.000000000000000000, -0.4487077406371199340 ) ) ;
#2938 = DIRECTION ( 'NONE',  ( -0.7669325427442507115, 0.000000000000000000, 0.6417277264384311231 ) ) ;
#2939 = DIRECTION ( 'NONE',  ( 0.000000000000000000, -1.000000000000000000, 0.000000000000000000 ) ) ;
#2940 = VERTEX_POINT ( 'NONE', #55 ) ;
#2941 = EDGE_CURVE ( 'NONE', #5858, #1774, #5643, .T. ) ;
#2942 = ADVANCED_FACE ( 'NONE', ( #747 ), #4225, .F. ) ;
#2943 = ORIENTED_EDGE ( 'NONE', *, *, #4966, .T. ) ;
#2944 = EDGE_CURVE ( 'NONE', #733, #7295, #4992, .T. ) ;
#2945 = EDGE_CURVE ( 'NONE', #7713, #7954, #1311, .T. ) ;
#2946 = ADVANCED_FACE ( 'NONE', ( #660 ), #5734, .F. ) ;
#2947 = ORIENTED_EDGE ( 'NONE', *, *, #3915, .T. ) ;
#2948 = EDGE_LOOP ( 'NONE', ( #7944, #6418, #7980, #1490 ) ) ;
#2949 = DIRECTION ( 'NONE',  ( -0.000000000000000000, -1.000000000000000000, -0.000000000000000000 ) ) ;
#2950 = DIRECTION ( 'NONE',  ( 0.7669325427442462706, 0.000000000000000000, -0.6417277264384365631 ) ) ;
#2951 = CARTESIAN_POINT ( 'NONE',  ( 1.662073109026489526, 0.9000000000000001332, 1.589815391877628992 ) ) ;
#2952 = CARTESIAN_POINT ( 'NONE',  ( -2.373901100193246183, 0.000000000000000000, 1.282679870018521129 ) ) ;
#2953 = DIRECTION ( 'NONE',  ( 0.000000000000000000, 0.000000000000000000, -1.000000000000000000 ) ) ;
#2954 = ORIENTED_EDGE ( 'NONE', *, *, #7264, .F. ) ;
#2955 = ORIENTED_EDGE ( 'NONE', *, *, #1021, .T. ) ;
#2956 = EDGE_CURVE ( 'NONE', #8810, #3800, #1092, .T. ) ;
#2957 = CARTESIAN_POINT ( 'NONE',  ( -1.099587125378900687, 0.4000000000000000222, 0.9727922061357832106 ) ) ;
#2958 = EDGE_LOOP ( 'NONE', ( #9017, #5633, #2320, #1952 ) ) ;
#2959 = EDGE_LOOP ( 'NONE', ( #1766, #5117, #6082, #8844 ) ) ;
#2960 = CARTESIAN_POINT ( 'NONE',  ( -2.444435101997065818, 0.5013837380188961301, 1.362003618849582764 ) ) ;
#2961 = DIRECTION ( 'NONE',  ( 0.6270012801882253184, 0.000000000000000000, -0.7790182248460728598 ) ) ;
#2962 = CARTESIAN_POINT ( 'NONE',  ( -1.674570589714856617, 0.000000000000000000, 2.115771117704246862 ) ) ;
#2963 = CARTESIAN_POINT ( 'NONE',  ( 0.8249980577172126850, 0.000000000000000000, 2.673891364733726572 ) ) ;
#2964 = CIRCLE ( 'NONE', #1762, 0.1000000000000000056 ) ;
#2965 = CARTESIAN_POINT ( 'NONE',  ( 1.272792206135787918, 0.000000000000000000, 1.272792206135783255 ) ) ;
#2966 = EDGE_LOOP ( 'NONE', ( #2398, #4993, #6195, #3219 ) ) ;
#2967 = EDGE_LOOP ( 'NONE', ( #2199, #7972, #2990, #3473 ) ) ;
#2968 = DIRECTION ( 'NONE',  ( -0.4999999999999996669, 0.000000000000000000, -0.8660254037844389297 ) ) ;
#2969 = CARTESIAN_POINT ( 'NONE',  ( -1.445997286892675815, 0.4000000000000000222, 1.572792206135783299 ) ) ;
#2970 = ADVANCED_FACE ( 'NONE', ( #4274 ), #6348, .T. ) ;
#2971 = VERTEX_POINT ( 'NONE', #8593 ) ;
#2972 = DIRECTION ( 'NONE',  ( -0.000000000000000000, -1.000000000000000000, -0.000000000000000000 ) ) ;
#2973 = EDGE_CURVE ( 'NONE', #2378, #2086, #7101, .T. ) ;
#2974 = B_SPLINE_CURVE_WITH_KNOTS ( 'NONE', 3,
 ( #5339, #7444, #7405, #6043, #4131, #8457, #6702, #2553, #305, #3121 ),
 .UNSPECIFIED., .F., .F.,
 ( 4, 2, 2, 2, 4 ),
 ( 8.673617379884035472E-19, 0.0003819510935555828798, 0.0007639021871111648923, 0.001145853280666746851, 0.001527804374222328917 ),
 .UNSPECIFIED. ) ;
#2975 = COORDINATED_UNIVERSAL_TIME_OFFSET ( 9, 0, .AHEAD. ) ;
#2976 = CARTESIAN_POINT ( 'NONE',  ( 0.1208403870883241193, 0.5639694227494320700, -2.717352668980066444 ) ) ;
#2977 = FACE_OUTER_BOUND ( 'NONE', #803, .T. ) ;
#2978 = VERTEX_POINT ( 'NONE', #8640 ) ;
#2979 = EDGE_LOOP ( 'NONE', ( #2427, #6709, #2614, #4271 ) ) ;
#2980 = DIRECTION ( 'NONE',  ( 0.000000000000000000, 0.000000000000000000, 1.000000000000000000 ) ) ;
#2981 = B_SPLINE_CURVE_WITH_KNOTS ( 'NONE', 3,
 ( #1687, #8729, #2300, #3055 ),
 .UNSPECIFIED., .F., .F.,
 ( 4, 4 ),
 ( 0.0008222604423106179327, 0.001178252371864441225 ),
 .UNSPECIFIED. ) ;
#2982 = CARTESIAN_POINT ( 'NONE',  ( -2.065324555572265464, 0.6763576274005860256, 1.545860077263939258 ) ) ;
#2983 = CARTESIAN_POINT ( 'NONE',  ( -2.595548052135194794, 0.000000000000000000, -0.7374309401609340231 ) ) ;
#2984 = CARTESIAN_POINT ( 'NONE',  ( 0.4487077406370957866, 0.000000000000000000, -2.255806144927429813 ) ) ;
#2985 = CIRCLE ( 'NONE', #6593, 2.299999999999999378 ) ;
#2986 = CARTESIAN_POINT ( 'NONE',  ( 2.079940126123333677, 0.5152387927717599903, -1.845972749163218740 ) ) ;
#2987 = AXIS2_PLACEMENT_3D ( 'NONE', #9107, #4037, #2363 ) ;
#2988 = CARTESIAN_POINT ( 'NONE',  ( -1.330796278752332862, 0.5013837380188959081, -2.461564155185419711 ) ) ;
#2989 = FACE_OUTER_BOUND ( 'NONE', #6184, .T. ) ;
#2990 = ORIENTED_EDGE ( 'NONE', *, *, #7114, .F. ) ;
#2991 = ORIENTED_EDGE ( 'NONE', *, *, #8226, .F. ) ;
#2992 = AXIS2_PLACEMENT_3D ( 'NONE', #7951, #2357, #5227 ) ;
#2993 = VERTEX_POINT ( 'NONE', #7241 ) ;
#2994 = VERTEX_POINT ( 'NONE', #2205 ) ;
#2995 = FACE_OUTER_BOUND ( 'NONE', #7701, .T. ) ;
#2996 = CARTESIAN_POINT ( 'NONE',  ( 0.3673168551980292573, 0.6763576274056654070, -2.553493141988641302 ) ) ;
#2997 = FACE_OUTER_BOUND ( 'NONE', #2013, .T. ) ;
#2998 = ADVANCED_FACE ( 'NONE', ( #7940 ), #799, .T. ) ;
#2999 = CARTESIAN_POINT ( 'NONE',  ( -2.438073872837089429, 0.5639694227494331802, 1.205986615744095936 ) ) ;
#3000 = DIRECTION ( 'NONE',  ( -0.000000000000000000, -1.000000000000000000, -0.000000000000000000 ) ) ;
#3001 = AXIS2_PLACEMENT_3D ( 'NONE', #2708, #6859, #3237 ) ;
#3002 = ORIENTED_EDGE ( 'NONE', *, *, #5471, .F. ) ;
#3003 = VECTOR ( 'NONE', #2354, 100.0000000000000000 ) ;
#3004 = B_SPLINE_CURVE_WITH_KNOTS ( 'NONE', 3,
 ( #7223, #9279, #4260, #782 ),
 .UNSPECIFIED., .F., .F.,
 ( 4, 4 ),
 ( 0.001041907151302085130, 0.006534648985770992284 ),
 .UNSPECIFIED. ) ;
#3005 = ORIENTED_EDGE ( 'NONE', *, *, #8083, .F. ) ;
#3006 = DIRECTION ( 'NONE',  ( 0.6429407905933256506, 0.000000000000000000, 0.7659158829736001373 ) ) ;
#3007 = ORIENTED_EDGE ( 'NONE', *, *, #7759, .T. ) ;
#3008 = ORIENTED_EDGE ( 'NONE', *, *, #518, .T. ) ;
#3009 = FACE_OUTER_BOUND ( 'NONE', #1872, .T. ) ;
#3010 = AXIS2_PLACEMENT_3D ( 'NONE', #5543, #3997, #8405 ) ;
#3011 = CARTESIAN_POINT ( 'NONE',  ( 2.501116037325049835, 0.000000000000000000, -1.258736893808806379 ) ) ;
#3012 = CARTESIAN_POINT ( 'NONE',  ( 0.000000000000000000, 0.000000000000000000, 0.000000000000000000 ) ) ;
#3013 = DIRECTION ( 'NONE',  ( -0.000000000000000000, -1.000000000000000000, -0.000000000000000000 ) ) ;
#3014 = EDGE_CURVE ( 'NONE', #5347, #8292, #43, .T. ) ;
#3015 = DIRECTION ( 'NONE',  ( 0.000000000000000000, 0.000000000000000000, -1.000000000000000000 ) ) ;
#3016 = VERTEX_POINT ( 'NONE', #2446 ) ;
#3017 = EDGE_LOOP ( 'NONE', ( #5759, #2388, #6341, #590 ) ) ;
#3018 = VECTOR ( 'NONE', #3699, 100.0000000000000142 ) ;
#3019 = LINE ( 'NONE', #1085, #3594 ) ;
#3020 = ORIENTED_EDGE ( 'NONE', *, *, #4083, .F. ) ;
#3021 = CARTESIAN_POINT ( 'NONE',  ( 0.1761697820132781533, 0.5101996115923984609, -2.781701389554655179 ) ) ;
#3022 = VECTOR ( 'NONE', #25, 100.0000000000000000 ) ;
#3023 = APPLICATION_PROTOCOL_DEFINITION ( 'international standard', 'config_control_design', 1994, #3951 ) ;
#3024 = DIRECTION ( 'NONE',  ( 0.1106388429765364084, 0.000000000000000000, 0.9938606775724720954 ) ) ;
#3025 = DIRECTION ( 'NONE',  ( 0.000000000000000000, 0.000000000000000000, -1.000000000000000000 ) ) ;
#3026 = AXIS2_PLACEMENT_3D ( 'NONE', #2077, #720, #7067 ) ;
#3027 = EDGE_LOOP ( 'NONE', ( #6154, #7187, #4969, #1884, #7665, #4428, #1913 ) ) ;
#3028 = ORIENTED_EDGE ( 'NONE', *, *, #3515, .T. ) ;
#3029 = EDGE_CURVE ( 'NONE', #514, #2344, #1234, .T. ) ;
#3030 = CARTESIAN_POINT ( 'NONE',  ( 1.445997286892675593, 0.4000000000000000222, -1.572792206135783744 ) ) ;
#3031 = EDGE_CURVE ( 'NONE', #881, #3852, #7333, .T. ) ;
#3032 = CIRCLE ( 'NONE', #6779, 2.299999999999999822 ) ;
#3033 = CARTESIAN_POINT ( 'NONE',  ( 0.7466070842267040764, 0.000000000000000000, 2.698625179935608909 ) ) ;
#3034 = DIRECTION ( 'NONE',  ( -0.000000000000000000, 1.000000000000000000, -0.000000000000000000 ) ) ;
#3035 = LINE ( 'NONE', #115, #4545 ) ;
#3036 = DIRECTION ( 'NONE',  ( 0.000000000000000000, 0.000000000000000000, -1.000000000000000000 ) ) ;
#3037 = CARTESIAN_POINT ( 'NONE',  ( -2.006905556262545520, 0.000000000000000000, 1.836011441959789936 ) ) ;
#3038 = CARTESIAN_POINT ( 'NONE',  ( 0.000000000000000000, 0.000000000000000000, 0.000000000000000000 ) ) ;
#3039 = CIRCLE ( 'NONE', #6787, 0.1000000000000000888 ) ;
#3040 = AXIS2_PLACEMENT_3D ( 'NONE', #5924, #8781, #2343 ) ;
#3041 = EDGE_LOOP ( 'NONE', ( #4669, #5359, #9103, #6329 ) ) ;
#3042 = ORIENTED_EDGE ( 'NONE', *, *, #1711, .T. ) ;
#3043 = ORIENTED_EDGE ( 'NONE', *, *, #6078, .F. ) ;
#3044 = VERTEX_POINT ( 'NONE', #2348 ) ;
#3045 = CARTESIAN_POINT ( 'NONE',  ( -1.912380108295865355, 0.9000000000000002442, 1.277811535945067023 ) ) ;
#3046 = LINE ( 'NONE', #8670, #5115 ) ;
#3047 = AXIS2_PLACEMENT_3D ( 'NONE', #2952, #2239, #7323 ) ;
#3048 = DIRECTION ( 'NONE',  ( -0.000000000000000000, -1.000000000000000000, -0.000000000000000000 ) ) ;
#3049 = CARTESIAN_POINT ( 'NONE',  ( 0.8327500588231692147, 0.8999999999999998002, -2.143951337957559211 ) ) ;
#3050 = FACE_OUTER_BOUND ( 'NONE', #6597, .T. ) ;
#3051 = VECTOR ( 'NONE', #2961, 100.0000000000000142 ) ;
#3052 = AXIS2_PLACEMENT_3D ( 'NONE', #1448, #7147, #7051 ) ;
#3053 = ORIENTED_EDGE ( 'NONE', *, *, #1201, .F. ) ;
#3054 = EDGE_LOOP ( 'NONE', ( #2761, #9258, #5705, #3724, #3529, #3843 ) ) ;
#3055 = CARTESIAN_POINT ( 'NONE',  ( -1.764915053207610107, 0.5013837380188954640, 2.171495263774698703 ) ) ;
#3056 = ORIENTED_EDGE ( 'NONE', *, *, #3344, .T. ) ;
#3057 = VECTOR ( 'NONE', #8384, 100.0000000000000000 ) ;
#3058 = ORIENTED_EDGE ( 'NONE', *, *, #4888, .T. ) ;
#3059 = LINE ( 'NONE', #3708, #8859 ) ;
#3060 = DIRECTION ( 'NONE',  ( 0.000000000000000000, 1.000000000000000000, 0.000000000000000000 ) ) ;
#3061 = LINE ( 'NONE', #6020, #8437 ) ;
#3062 = CARTESIAN_POINT ( 'NONE',  ( -2.680176324330245219, 0.000000000000000000, 0.3119758852043776343 ) ) ;
#3063 = CARTESIAN_POINT ( 'NONE',  ( -0.1811758727515663525, 0.000000000000000000, -2.713997647364023713 ) ) ;
#3064 = ORIENTED_EDGE ( 'NONE', *, *, #751, .F. ) ;
#3065 = ORIENTED_EDGE ( 'NONE', *, *, #2685, .T. ) ;
#3066 = EDGE_CURVE ( 'NONE', #5199, #7460, #9026, .T. ) ;
#3067 = AXIS2_PLACEMENT_3D ( 'NONE', #3911, #2463, #2505 ) ;
#3068 = EDGE_CURVE ( 'NONE', #8224, #3354, #3061, .T. ) ;
#3069 = EDGE_CURVE ( 'NONE', #3800, #6234, #5174, .T. ) ;
#3070 = DIRECTION ( 'NONE',  ( 0.000000000000000000, 0.000000000000000000, 1.000000000000000000 ) ) ;
#3071 = AXIS2_PLACEMENT_3D ( 'NONE', #2661, #592, #2003 ) ;
#3072 = CARTESIAN_POINT ( 'NONE',  ( 1.674570589714841518, 0.000000000000000000, -2.115771117704258852 ) ) ;
#3073 = CARTESIAN_POINT ( 'NONE',  ( -2.556750127584896948, 0.5639694227494316259, 0.9282438859800604680 ) ) ;
#3074 = CARTESIAN_POINT ( 'NONE',  ( 1.790975452365388465, 0.000000000000000000, -2.047196828785483813 ) ) ;
#3075 = EDGE_LOOP ( 'NONE', ( #6386, #538, #505, #1698 ) ) ;
#3076 = VERTEX_POINT ( 'NONE', #3104 ) ;
#3077 = CARTESIAN_POINT ( 'NONE',  ( 2.571758278209441957E-16, 0.4000000000000000222, 2.100000000000000089 ) ) ;
#3078 = DIRECTION ( 'NONE',  ( -1.000000000000000000, 0.000000000000000000, -0.000000000000000000 ) ) ;
#3079 = CARTESIAN_POINT ( 'NONE',  ( -0.6978455763000991352, 0.5174520286721094875, 2.689139719957115648 ) ) ;
#3080 = DIRECTION ( 'NONE',  ( 0.000000000000000000, 1.000000000000000000, 0.000000000000000000 ) ) ;
#3081 = CARTESIAN_POINT ( 'NONE',  ( 2.046305201167097021, 0.5338837825254069136, -1.848586517691825470 ) ) ;
#3082 = PLANE ( 'NONE',  #4030 ) ;
#3083 = AXIS2_PLACEMENT_3D ( 'NONE', #7298, #4435, #7950 ) ;
#3084 = CARTESIAN_POINT ( 'NONE',  ( 0.000000000000000000, 0.000000000000000000, 0.6500000000000000222 ) ) ;
#3085 = ORIENTED_EDGE ( 'NONE', *, *, #3647, .T. ) ;
#3086 = ORIENTED_EDGE ( 'NONE', *, *, #7473, .F. ) ;
#3087 = EDGE_LOOP ( 'NONE', ( #1530, #4389, #2538, #5450, #1860, #5469 ) ) ;
#3088 = ORIENTED_EDGE ( 'NONE', *, *, #5586, .F. ) ;
#3089 = DIRECTION ( 'NONE',  ( 0.000000000000000000, 0.000000000000000000, 1.000000000000000000 ) ) ;
#3090 = CARTESIAN_POINT ( 'NONE',  ( -2.356772047004894954, 0.5413165358191147636, 1.413887210115766901 ) ) ;
#3091 = EDGE_CURVE ( 'NONE', #1789, #3044, #1544, .T. ) ;
#3092 = DIRECTION ( 'NONE',  ( -0.3008965180465277278, 0.000000000000000000, -0.9536567964563958943 ) ) ;
#3093 = CARTESIAN_POINT ( 'NONE',  ( 2.143951337957556103, 0.000000000000000000, 0.8327500588231765422 ) ) ;
#3094 = CARTESIAN_POINT ( 'NONE',  ( -2.528461340622417008, 0.000000000000000000, -1.202864601265615008 ) ) ;
#3095 = ADVANCED_FACE ( 'NONE', ( #8736 ), #2306, .T. ) ;
#3096 = VERTEX_POINT ( 'NONE', #1032 ) ;
#3097 = ORIENTED_EDGE ( 'NONE', *, *, #1093, .F. ) ;
#3098 = DIRECTION ( 'NONE',  ( 0.9601057954651824877, 0.000000000000000000, 0.2796370174246772256 ) ) ;
#3099 = EDGE_CURVE ( 'NONE', #1035, #3044, #1519, .T. ) ;
#3100 = ORIENTED_EDGE ( 'NONE', *, *, #279, .F. ) ;
#3101 = ORIENTED_EDGE ( 'NONE', *, *, #6392, .F. ) ;
#3102 = CARTESIAN_POINT ( 'NONE',  ( -2.688240347634790250, 0.5014441230611180744, -0.7767876390601837766 ) ) ;
#3103 = DIRECTION ( 'NONE',  ( -0.1106388429765436943, 0.000000000000000000, -0.9938606775724712072 ) ) ;
#3104 = CARTESIAN_POINT ( 'NONE',  ( 2.326531492178983918, 0.5639694227494326251, -1.409205145698870343 ) ) ;
#3105 = DIRECTION ( 'NONE',  ( -0.2781170528593722713, 0.000000000000000000, 0.9605471903601702222 ) ) ;
#3106 = CARTESIAN_POINT ( 'NONE',  ( -1.277811535945084565, 0.8999999999999998002, -1.912380108295854475 ) ) ;
#3107 = ORIENTED_EDGE ( 'NONE', *, *, #7535, .T. ) ;
#3108 = ORIENTED_EDGE ( 'NONE', *, *, #7023, .F. ) ;
#3109 = CARTESIAN_POINT ( 'NONE',  ( 1.099587125378900243, 0.4000000000000000222, 1.572792206135783299 ) ) ;
#3110 = EDGE_CURVE ( 'NONE', #5256, #8106, #4089, .T. ) ;
#3111 = AXIS2_PLACEMENT_3D ( 'NONE', #1143, #4051, #3259 ) ;
#3112 = LINE ( 'NONE', #5182, #1733 ) ;
#3113 = APPLICATION_PROTOCOL_DEFINITION ( 'international standard', 'config_control_design', 1994, #5743 ) ;
#3114 = DIRECTION ( 'NONE',  ( -0.000000000000000000, 1.000000000000000000, -0.000000000000000000 ) ) ;
#3115 = PLANE ( 'NONE',  #3863 ) ;
#3116 = VERTEX_POINT ( 'NONE', #8176 ) ;
#3117 = ORIENTED_EDGE ( 'NONE', *, *, #2373, .F. ) ;
#3118 = LINE ( 'NONE', #8847, #3503 ) ;
#3119 = CARTESIAN_POINT ( 'NONE',  ( -2.346359597431451061, 0.5484596526510591152, 1.413887210115820858 ) ) ;
#3120 = LINE ( 'NONE', #5194, #3948 ) ;
#3121 = CARTESIAN_POINT ( 'NONE',  ( 2.461564155185408609, 0.5013837380188954640, -1.330796278752354178 ) ) ;
#3122 = CARTESIAN_POINT ( 'NONE',  ( -0.7466070842266839813, 0.000000000000000000, -2.698625179935614682 ) ) ;
#3123 = CARTESIAN_POINT ( 'NONE',  ( -2.641564709370459951, 0.5639694227494318479, -0.6486476801571916528 ) ) ;
#3124 = CARTESIAN_POINT ( 'NONE',  ( 1.445997286892674927, 0.4000000000000000222, -0.9727922061357825445 ) ) ;
#3125 = ADVANCED_FACE ( 'NONE', ( #144 ), #1598, .T. ) ;
#3126 = ORIENTED_EDGE ( 'NONE', *, *, #6569, .T. ) ;
#3127 = EDGE_LOOP ( 'NONE', ( #8967, #5358, #6918, #5829 ) ) ;
#3128 = ORIENTED_EDGE ( 'NONE', *, *, #5463, .T. ) ;
#3129 = ORIENTED_EDGE ( 'NONE', *, *, #1421, .F. ) ;
#3130 = DIRECTION ( 'NONE',  ( 0.000000000000000000, 1.000000000000000000, 0.000000000000000000 ) ) ;
#3131 = CARTESIAN_POINT ( 'NONE',  ( -2.638445876326309225, 0.000000000000000000, 0.9373384435179732410 ) ) ;
#3132 = DIRECTION ( 'NONE',  ( 0.9963484908384465655, 0.000000000000000000, 0.08537965099454299100 ) ) ;
#3133 = DIRECTION ( 'NONE',  ( 0.000000000000000000, 1.000000000000000000, 0.000000000000000000 ) ) ;
#3134 = CARTESIAN_POINT ( 'NONE',  ( 0.2610551053411629407, 0.5013837380188954640, -2.786066592457919544 ) ) ;
#3135 = VERTEX_POINT ( 'NONE', #888 ) ;
#3136 = AXIS2_PLACEMENT_3D ( 'NONE', #3645, #5853, #2938 ) ;
#3137 = ORIENTED_EDGE ( 'NONE', *, *, #1283, .F. ) ;
#3138 = EDGE_CURVE ( 'NONE', #4044, #9134, #3196, .T. ) ;
#3139 = DIRECTION ( 'NONE',  ( 0.000000000000000000, 1.000000000000000000, 0.000000000000000000 ) ) ;
#3140 = B_SPLINE_CURVE_WITH_KNOTS ( 'NONE', 3,
 ( #8191, #4628, #2506, #8374 ),
 .UNSPECIFIED., .F., .F.,
 ( 4, 4 ),
 ( 0.001041903416070220001, 0.006534645250543542894 ),
 .UNSPECIFIED. ) ;
#3141 = VERTEX_POINT ( 'NONE', #7291 ) ;
#3142 = ORIENTED_EDGE ( 'NONE', *, *, #5729, .T. ) ;
#3143 = DIRECTION ( 'NONE',  ( 1.000000000000000000, 0.000000000000000000, 0.000000000000000000 ) ) ;
#3144 = CARTESIAN_POINT ( 'NONE',  ( 2.626503284226966883, 0.5639694227494327361, -0.7071693041342359543 ) ) ;
#3145 = FACE_OUTER_BOUND ( 'NONE', #6534, .T. ) ;
#3146 = CARTESIAN_POINT ( 'NONE',  ( -0.3517800458162986255, 0.5639694227494327361, 2.697194602940289787 ) ) ;
#3147 = PLANE ( 'NONE',  #7075 ) ;
#3148 = ORIENTED_EDGE ( 'NONE', *, *, #2337, .T. ) ;
#3149 = ORIENTED_EDGE ( 'NONE', *, *, #3231, .F. ) ;
#3150 = AXIS2_PLACEMENT_3D ( 'NONE', #753, #4281, #805 ) ;
#3151 = DIRECTION ( 'NONE',  ( -0.2796370174246792795, 0.000000000000000000, 0.9601057954651818216 ) ) ;
#3152 = FACE_OUTER_BOUND ( 'NONE', #987, .T. ) ;
#3153 = CARTESIAN_POINT ( 'NONE',  ( 1.764915053207594786, 0.5013837380188952420, -2.171495263774711582 ) ) ;
#3154 = DIRECTION ( 'NONE',  ( -0.000000000000000000, 1.000000000000000000, 0.000000000000000000 ) ) ;
#3155 = AXIS2_PLACEMENT_3D ( 'NONE', #3903, #4572, #345 ) ;
#3156 = VERTEX_POINT ( 'NONE', #8080 ) ;
#3157 = VERTEX_POINT ( 'NONE', #1641 ) ;
#3158 = EDGE_CURVE ( 'NONE', #7194, #373, #6334, .T. ) ;
#3159 = EDGE_CURVE ( 'NONE', #2189, #6794, #353, .T. ) ;
#3160 = CARTESIAN_POINT ( 'NONE',  ( 1.330796278752346407, 0.5013837380188953530, 2.461564155185413050 ) ) ;
#3161 = AXIS2_PLACEMENT_3D ( 'NONE', #8113, #6620, #8067 ) ;
#3162 = CARTESIAN_POINT ( 'NONE',  ( -2.783462428670878008, 0.5013837380188955750, 0.2874956239882375253 ) ) ;
#3163 = CARTESIAN_POINT ( 'NONE',  ( 2.255806144927428036, 0.9000000000000001332, 0.4487077406371041133 ) ) ;
#3164 = CARTESIAN_POINT ( 'NONE',  ( 0.000000000000000000, 0.9000000000000001332, 0.000000000000000000 ) ) ;
#3165 = DIRECTION ( 'NONE',  ( 0.000000000000000000, 1.000000000000000000, 0.000000000000000000 ) ) ;
#3166 = CARTESIAN_POINT ( 'NONE',  ( -2.245281531994575808, 0.000000000000000000, 0.4987091758571255973 ) ) ;
#3167 = CARTESIAN_POINT ( 'NONE',  ( 1.912380108295848036, 0.8999999999999995781, 1.277811535945095001 ) ) ;
#3168 = AXIS2_PLACEMENT_3D ( 'NONE', #7198, #282, #1029 ) ;
#3169 = ORIENTED_EDGE ( 'NONE', *, *, #6964, .T. ) ;
#3170 = ORIENTED_EDGE ( 'NONE', *, *, #98, .F. ) ;
#3171 = VECTOR ( 'NONE', #8581, 100.0000000000000284 ) ;
#3172 = ORIENTED_EDGE ( 'NONE', *, *, #4318, .F. ) ;
#3173 = EDGE_CURVE ( 'NONE', #6545, #998, #4609, .T. ) ;
#3174 = ADVANCED_FACE ( 'NONE', ( #2394 ), #843, .T. ) ;
#3175 = EDGE_LOOP ( 'NONE', ( #7629, #4405, #4417, #4259 ) ) ;
#3176 = ADVANCED_FACE ( 'NONE', ( #7430 ), #9062, .T. ) ;
#3177 = ORIENTED_EDGE ( 'NONE', *, *, #5074, .T. ) ;
#3178 = DIRECTION ( 'NONE',  ( -0.9940345471201622596, 0.000000000000000000, 0.1090656643110647361 ) ) ;
#3179 = LINE ( 'NONE', #495, #4202 ) ;
#3180 = CARTESIAN_POINT ( 'NONE',  ( 1.666869099753875316, 0.5555745661492991205, 2.162719981758217447 ) ) ;
#3181 = VECTOR ( 'NONE', #7026, 100.0000000000000000 ) ;
#3182 = DIRECTION ( 'NONE',  ( 0.000000000000000000, -1.000000000000000000, 0.000000000000000000 ) ) ;
#3183 = VECTOR ( 'NONE', #2834, 100.0000000000000000 ) ;
#3184 = CARTESIAN_POINT ( 'NONE',  ( 0.7158459862246857597, 0.5514915254936008093, 2.640318426670993812 ) ) ;
#3185 = ORIENTED_EDGE ( 'NONE', *, *, #6968, .T. ) ;
#3186 = AXIS2_PLACEMENT_3D ( 'NONE', #2875, #5750, #8417 ) ;
#3187 = ORIENTED_EDGE ( 'NONE', *, *, #5128, .T. ) ;
#3188 = LINE ( 'NONE', #328, #189 ) ;
#3189 = ADVANCED_FACE ( 'NONE', ( #2668 ), #2579, .T. ) ;
#3190 = VECTOR ( 'NONE', #3882, 100.0000000000000000 ) ;
#3191 = EDGE_LOOP ( 'NONE', ( #1836, #6458, #4506, #7690 ) ) ;
#3192 = VERTEX_POINT ( 'NONE', #5403 ) ;
#3193 = FACE_BOUND ( 'NONE', #4348, .T. ) ;
#3194 = LINE ( 'NONE', #1638, #2096 ) ;
#3195 = DIRECTION ( 'NONE',  ( 0.000000000000000000, 0.000000000000000000, 1.000000000000000000 ) ) ;
#3196 = LINE ( 'NONE', #8787, #7399 ) ;
#3197 = AXIS2_PLACEMENT_3D ( 'NONE', #4973, #842, #6486 ) ;
#3199 = AXIS2_PLACEMENT_3D ( 'NONE', #399, #1716, #7537 ) ;
#3198 = CARTESIAN_POINT ( 'NONE',  ( 0.3228824516354940610, 0.5013837380188959081, 2.779579779042260501 ) ) ;
#3200 = EDGE_CURVE ( 'NONE', #4892, #4353, #4551, .T. ) ;
#3201 = ORIENTED_EDGE ( 'NONE', *, *, #4888, .F. ) ;
#3202 = VECTOR ( 'NONE', #4874, 99.99999999999998579 ) ;
#3203 = ORIENTED_EDGE ( 'NONE', *, *, #2061, .F. ) ;
#3204 = EDGE_LOOP ( 'NONE', ( #504, #1725, #6506, #6706, #6696 ) ) ;
#3205 = AXIS2_PLACEMENT_3D ( 'NONE', #6242, #7734, #421 ) ;
#3206 = FACE_OUTER_BOUND ( 'NONE', #4922, .T. ) ;
#3207 = EDGE_CURVE ( 'NONE', #5024, #8452, #4784, .T. ) ;
#3208 = CARTESIAN_POINT ( 'NONE',  ( -1.445997286892676259, 0.8000000000000000444, -0.9727922061357825445 ) ) ;
#3209 = DIRECTION ( 'NONE',  ( 0.000000000000000000, 0.000000000000000000, 1.000000000000000000 ) ) ;
#3210 = EDGE_CURVE ( 'NONE', #4820, #7888, #6951, .T. ) ;
#3211 = ORIENTED_EDGE ( 'NONE', *, *, #6785, .F. ) ;
#3212 = ORIENTED_EDGE ( 'NONE', *, *, #363, .F. ) ;
#3213 = CARTESIAN_POINT ( 'NONE',  ( 0.3984848430396382701, 0.8999999999999998002, -2.265217391304347405 ) ) ;
#3214 = CARTESIAN_POINT ( 'NONE',  ( 2.786066592457918656, 0.5013837380188954640, 0.2610551053411716560 ) ) ;
#3215 = CYLINDRICAL_SURFACE ( 'NONE', #6054, 1.250000000000000000 ) ;
#3216 = CARTESIAN_POINT ( 'NONE',  ( -0.2168951061243486467, 0.5016316978385264580, 2.789540963694346232 ) ) ;
#3217 = CARTESIAN_POINT ( 'NONE',  ( 0.000000000000000000, 0.9000000000000001332, 0.000000000000000000 ) ) ;
#3218 = DIRECTION ( 'NONE',  ( -1.734723475976805517E-15, 0.000000000000000000, 1.000000000000000000 ) ) ;
#3219 = ORIENTED_EDGE ( 'NONE', *, *, #7598, .T. ) ;
#3220 = CARTESIAN_POINT ( 'NONE',  ( -1.513624803867177793, 0.4000000000000000222, 1.455657910746219308 ) ) ;
#3221 = ORIENTED_EDGE ( 'NONE', *, *, #4109, .T. ) ;
#3222 = ORIENTED_EDGE ( 'NONE', *, *, #6254, .T. ) ;
#3223 = CARTESIAN_POINT ( 'NONE',  ( 1.272792206135787918, 1.000000000000000000, -1.072792206135783522 ) ) ;
#3224 = AXIS2_PLACEMENT_3D ( 'NONE', #5081, #2972, #1507 ) ;
#3225 = PLANE ( 'NONE',  #163 ) ;
#3226 = CARTESIAN_POINT ( 'NONE',  ( -1.272792206135788140, 0.8000000000000000444, 1.272792206135783255 ) ) ;
#3227 = CARTESIAN_POINT ( 'NONE',  ( 0.000000000000000000, 0.8000000000000000444, 0.000000000000000000 ) ) ;
#3228 = CARTESIAN_POINT ( 'NONE',  ( 7.960204194457796709E-17, 0.000000000000000000, -0.6500000000000000222 ) ) ;
#3229 = EDGE_CURVE ( 'NONE', #693, #3192, #6862, .T. ) ;
#3230 = ORIENTED_EDGE ( 'NONE', *, *, #7703, .T. ) ;
#3231 = EDGE_CURVE ( 'NONE', #3445, #63, #1076, .T. ) ;
#3232 = ADVANCED_FACE ( 'NONE', ( #3991 ), #8899, .T. ) ;
#3233 = ORIENTED_EDGE ( 'NONE', *, *, #7882, .T. ) ;
#3234 = CARTESIAN_POINT ( 'NONE',  ( -1.202864601265607680, 0.000000000000000000, 2.528461340622421005 ) ) ;
#3235 = ORIENTED_EDGE ( 'NONE', *, *, #6358, .T. ) ;
#3236 = ORIENTED_EDGE ( 'NONE', *, *, #3439, .T. ) ;
#3237 = DIRECTION ( 'NONE',  ( -0.4999999999999993339, 0.000000000000000000, -0.8660254037844390407 ) ) ;
#3238 = DIRECTION ( 'NONE',  ( -0.000000000000000000, -1.000000000000000000, -0.000000000000000000 ) ) ;
#3239 = CARTESIAN_POINT ( 'NONE',  ( 1.912380108295848036, 0.000000000000000000, 1.277811535945095001 ) ) ;
#3240 = DIRECTION ( 'NONE',  ( 0.4999999999999991673, 0.000000000000000000, 0.8660254037844390407 ) ) ;
#3241 = FACE_OUTER_BOUND ( 'NONE', #2571, .T. ) ;
#3242 = EDGE_LOOP ( 'NONE', ( #5087, #1499, #8143, #2496 ) ) ;
#3243 = EDGE_CURVE ( 'NONE', #3803, #630, #510, .T. ) ;
#3244 = ORIENTED_EDGE ( 'NONE', *, *, #5954, .F. ) ;
#3245 = ORIENTED_EDGE ( 'NONE', *, *, #3110, .T. ) ;
#3246 = CARTESIAN_POINT ( 'NONE',  ( -0.6864735580920477975, 0.000000000000000000, 2.714544907353799275 ) ) ;
#3247 = CARTESIAN_POINT ( 'NONE',  ( -1.740483284126244756, 0.5102758125174865489, -2.176944347414970338 ) ) ;
#3248 = CARTESIAN_POINT ( 'NONE',  ( 0.000000000000000000, 0.000000000000000000, 0.000000000000000000 ) ) ;
#3249 = CARTESIAN_POINT ( 'NONE',  ( -2.104845743231127830, 0.8999999999999998002, 0.9271593159763842351 ) ) ;
#3250 = ORIENTED_EDGE ( 'NONE', *, *, #6417, .F. ) ;
#3251 = EDGE_CURVE ( 'NONE', #3157, #8214, #5224, .T. ) ;
#3252 = CIRCLE ( 'NONE', #6258, 0.1000000000000000888 ) ;
#3253 = CARTESIAN_POINT ( 'NONE',  ( 2.650611745651600959, 0.5560460307591200690, 0.6533367889769502446 ) ) ;
#3254 = EDGE_CURVE ( 'NONE', #512, #7360, #792, .T. ) ;
#3255 = CARTESIAN_POINT ( 'NONE',  ( 1.721158666054844355, 0.000000000000000000, 2.078048827317045877 ) ) ;
#3256 = DIRECTION ( 'NONE',  ( 0.000000000000000000, 0.000000000000000000, -1.000000000000000000 ) ) ;
#3257 = CARTESIAN_POINT ( 'NONE',  ( -0.2197767018061371758, 0.5014529950933115376, 2.789540963694128184 ) ) ;
#3258 = DIRECTION ( 'NONE',  ( 0.000000000000000000, -0.000000000000000000, 1.000000000000000000 ) ) ;
#3259 = DIRECTION ( 'NONE',  ( 0.000000000000000000, 0.000000000000000000, -1.000000000000000000 ) ) ;
#3260 = CIRCLE ( 'NONE', #4470, 0.1000000000000000888 ) ;
#3261 = VERTEX_POINT ( 'NONE', #3281 ) ;
#3262 = DIRECTION ( 'NONE',  ( -0.000000000000000000, -1.000000000000000000, -0.000000000000000000 ) ) ;
#3263 = ORIENTED_EDGE ( 'NONE', *, *, #669, .T. ) ;
#3264 = DIRECTION ( 'NONE',  ( -0.000000000000000000, -1.000000000000000000, -0.000000000000000000 ) ) ;
#3265 = DIRECTION ( 'NONE',  ( -0.000000000000000000, 1.000000000000000000, -0.000000000000000000 ) ) ;
#3266 = DIRECTION ( 'NONE',  ( -1.000000000000000000, 0.000000000000000000, 0.000000000000000000 ) ) ;
#3267 = CARTESIAN_POINT ( 'NONE',  ( 1.319979243539610270, 0.000000000000000000, 1.883521912966397371 ) ) ;
#3268 = DIRECTION ( 'NONE',  ( -0.000000000000000000, -1.000000000000000000, -0.000000000000000000 ) ) ;
#3269 = CARTESIAN_POINT ( 'NONE',  ( 2.385378121632438120, 0.000000000000000000, 1.261207873146511282 ) ) ;
#3270 = AXIS2_PLACEMENT_3D ( 'NONE', #3973, #7589, #6883 ) ;
#3271 = ORIENTED_EDGE ( 'NONE', *, *, #7424, .F. ) ;
#3272 = ORIENTED_EDGE ( 'NONE', *, *, #8891, .F. ) ;
#3273 = CARTESIAN_POINT ( 'NONE',  ( 0.000000000000000000, 0.000000000000000000, 0.000000000000000000 ) ) ;
#3274 = EDGE_CURVE ( 'NONE', #3135, #2971, #8569, .T. ) ;
#3275 = VERTEX_POINT ( 'NONE', #1879 ) ;
#3276 = VERTEX_POINT ( 'NONE', #4829 ) ;
#3277 = CARTESIAN_POINT ( 'NONE',  ( 2.595048457577763035, 0.5499905026941478425, 0.8716099316313582479 ) ) ;
#3278 = LINE ( 'NONE', #7515, #2251 ) ;
#3279 = B_SPLINE_CURVE_WITH_KNOTS ( 'NONE', 3,
 ( #2468, #6792, #5341, #8195 ),
 .UNSPECIFIED., .F., .F.,
 ( 4, 4 ),
 ( 0.0008222047956821084075, 0.001178196725235930182 ),
 .UNSPECIFIED. ) ;
#3280 = CARTESIAN_POINT ( 'NONE',  ( 1.912380108295856695, 0.000000000000000000, -1.277811535945081012 ) ) ;
#3281 = CARTESIAN_POINT ( 'NONE',  ( 1.272792206135787918, 0.8000000000000000444, -1.072792206135783522 ) ) ;
#3282 = CARTESIAN_POINT ( 'NONE',  ( -1.940294437034811192, 0.000000000000000000, -1.235013156857758032 ) ) ;
#3283 = VECTOR ( 'NONE', #8152, 100.0000000000000000 ) ;
#3284 = VERTEX_POINT ( 'NONE', #6158 ) ;
#3285 = ORIENTED_EDGE ( 'NONE', *, *, #1265, .T. ) ;
#3286 = VERTEX_POINT ( 'NONE', #5456 ) ;
#3287 = DIRECTION ( 'NONE',  ( -0.000000000000000000, -1.000000000000000000, -0.000000000000000000 ) ) ;
#3288 = VECTOR ( 'NONE', #5839, 100.0000000000000000 ) ;
#3289 = FACE_OUTER_BOUND ( 'NONE', #2164, .T. ) ;
#3290 = ADVANCED_FACE ( 'NONE', ( #3374 ), #3324, .T. ) ;
#3291 = CARTESIAN_POINT ( 'NONE',  ( -2.356772047004894954, 0.5413165358191147636, 1.413887210115766901 ) ) ;
#3292 = DIRECTION ( 'NONE',  ( -0.9596619953882951082, 0.000000000000000000, -0.2811562814652303066 ) ) ;
#3293 = ORIENTED_EDGE ( 'NONE', *, *, #7230, .T. ) ;
#3294 = B_SPLINE_CURVE_WITH_KNOTS ( 'NONE', 3,
 ( #2020, #5688, #3339, #4845, #2062, #3428, #4041, #6961, #8542, #6915 ),
 .UNSPECIFIED., .F., .F.,
 ( 4, 2, 2, 2, 4 ),
 ( 0.000000000000000000, 0.0003819510935555818498, 0.0007639021871111636997, 0.001145853280666745549, 0.001527804374222327399 ),
 .UNSPECIFIED. ) ;
#3295 = VECTOR ( 'NONE', #6077, 100.0000000000000000 ) ;
#3296 = DIRECTION ( 'NONE',  ( -0.5000000000000002220, 0.000000000000000000, 0.8660254037844384856 ) ) ;
#3297 = CARTESIAN_POINT ( 'NONE',  ( 1.610155365304514641, 0.000000000000000000, -2.192260848153301911 ) ) ;
#3298 = VECTOR ( 'NONE', #5172, 100.0000000000000000 ) ;
#3299 = CARTESIAN_POINT ( 'NONE',  ( 0.08064164581540365917, 0.6763576274043437975, -2.578516205740091216 ) ) ;
#3300 = CARTESIAN_POINT ( 'NONE',  ( 2.255806144927428036, 0.000000000000000000, 0.4487077406371041133 ) ) ;
#3301 = PLANE ( 'NONE',  #5808 ) ;
#3302 = ADVANCED_FACE ( 'NONE', ( #2491 ), #4027, .F. ) ;
#3303 = VERTEX_POINT ( 'NONE', #1833 ) ;
#3304 = ADVANCED_FACE ( 'NONE', ( #4745 ), #3954, .T. ) ;
#3305 = ORIENTED_EDGE ( 'NONE', *, *, #5845, .F. ) ;
#3306 = VECTOR ( 'NONE', #3309, 100.0000000000000000 ) ;
#3307 = ORIENTED_EDGE ( 'NONE', *, *, #2753, .F. ) ;
#3308 = CARTESIAN_POINT ( 'NONE',  ( 2.783462428670875788, 0.5013837380188954640, -0.2874956239882578979 ) ) ;
#3309 = DIRECTION ( 'NONE',  ( 0.000000000000000000, 1.000000000000000000, 0.000000000000000000 ) ) ;
#3310 = CARTESIAN_POINT ( 'NONE',  ( 2.544703144519310456, 0.6763576274057462312, -0.4239514176985473837 ) ) ;
#3311 = DIRECTION ( 'NONE',  ( 4.336808689942013792E-15, 0.000000000000000000, 1.000000000000000000 ) ) ;
#3312 = CARTESIAN_POINT ( 'NONE',  ( 1.875677327064320998, 0.000000000000000000, 2.078902249923464396 ) ) ;
#3313 = VECTOR ( 'NONE', #2903, 100.0000000000000000 ) ;
#3314 = EDGE_LOOP ( 'NONE', ( #6986, #6843, #388, #342 ) ) ;
#3315 = ORIENTED_EDGE ( 'NONE', *, *, #2617, .T. ) ;
#3316 = CARTESIAN_POINT ( 'NONE',  ( 0.8456032328168194834, 0.7884388346761070920, -2.288560435849804620 ) ) ;
#3317 = EDGE_CURVE ( 'NONE', #3852, #3956, #7646, .T. ) ;
#3318 = CIRCLE ( 'NONE', #5726, 0.1000000000000000888 ) ;
#3319 = ORIENTED_EDGE ( 'NONE', *, *, #2400, .T. ) ;
#3320 = ORIENTED_EDGE ( 'NONE', *, *, #1516, .T. ) ;
#3321 = CARTESIAN_POINT ( 'NONE',  ( 2.461564155185408609, 0.000000000000000000, -1.330796278752354178 ) ) ;
#3322 = CARTESIAN_POINT ( 'NONE',  ( 2.299432410651858216, 0.000000000000000000, -0.05109392178902329162 ) ) ;
#3323 = CARTESIAN_POINT ( 'NONE',  ( -2.762620796854903027, 0.5101996115923989050, 0.3698982907904321826 ) ) ;
#3324 = CYLINDRICAL_SURFACE ( 'NONE', #4403, 0.1000000000000000888 ) ;
#3325 = DIRECTION ( 'NONE',  ( 0.000000000000000000, 0.000000000000000000, 1.000000000000000000 ) ) ;
#3326 = B_SPLINE_CURVE_WITH_KNOTS ( 'NONE', 3,
 ( #8066, #1532, #4411, #1627, #7320, #2290, #1727, #3791, #6004, #6669 ),
 .UNSPECIFIED., .F., .F.,
 ( 4, 2, 2, 2, 4 ),
 ( 8.673617379884035472E-19, 0.0003819510935555821209, 0.0007639021871111633744, 0.001145853280666744682, 0.001527804374222325881 ),
 .UNSPECIFIED. ) ;
#3327 = VECTOR ( 'NONE', #6562, 100.0000000000000142 ) ;
#3328 = VERTEX_POINT ( 'NONE', #5585 ) ;
#3329 = ORIENTED_EDGE ( 'NONE', *, *, #6277, .F. ) ;
#3330 = ORIENTED_EDGE ( 'NONE', *, *, #8158, .T. ) ;
#3331 = AXIS2_PLACEMENT_3D ( 'NONE', #2855, #5727, #8588 ) ;
#3332 = AXIS2_PLACEMENT_3D ( 'NONE', #8385, #6849, #3311 ) ;
#3333 = LINE ( 'NONE', #3381, #4972 ) ;
#3334 = EDGE_CURVE ( 'NONE', #3800, #7460, #7926, .T. ) ;
#3335 = AXIS2_PLACEMENT_3D ( 'NONE', #907, #3080, #5238 ) ;
#3336 = CARTESIAN_POINT ( 'NONE',  ( 2.732933161757766793, 0.5484516897053791640, -0.1887117160166491003 ) ) ;
#3337 = CARTESIAN_POINT ( 'NONE',  ( 0.000000000000000000, 0.9000000000000001332, 0.000000000000000000 ) ) ;
#3338 = VECTOR ( 'NONE', #240, 100.0000000000000000 ) ;
#3339 = CARTESIAN_POINT ( 'NONE',  ( -0.8715013507929858516, 0.5484516897053784978, 2.597117859082112457 ) ) ;
#3340 = CARTESIAN_POINT ( 'NONE',  ( -2.255806144927434698, 0.000000000000000000, 0.4487077406370710286 ) ) ;
#3341 = ORIENTED_EDGE ( 'NONE', *, *, #137, .T. ) ;
#3342 = EDGE_CURVE ( 'NONE', #5491, #512, #2759, .T. ) ;
#3343 = VECTOR ( 'NONE', #5092, 100.0000000000000000 ) ;
#3344 = EDGE_CURVE ( 'NONE', #3433, #3096, #1688, .T. ) ;
#3345 = EDGE_CURVE ( 'NONE', #2681, #2582, #7544, .T. ) ;
#3346 = EDGE_CURVE ( 'NONE', #8702, #5690, #508, .T. ) ;
#3347 = DIRECTION ( 'NONE',  ( -0.8660254037844387076, 0.000000000000000000, -0.4999999999999999445 ) ) ;
#3348 = CARTESIAN_POINT ( 'NONE',  ( -2.474088437236936500, 0.5013837380188954640, -1.307364995081810477 ) ) ;
#3349 = AXIS2_PLACEMENT_3D ( 'NONE', #5265, #193, #5173 ) ;
#3350 = DIRECTION ( 'NONE',  ( 0.8863714897513281787, 0.000000000000000000, 0.4629747100609397092 ) ) ;
#3351 = DIRECTION ( 'NONE',  ( -0.08537965099454651596, 0.000000000000000000, 0.9963484908384463434 ) ) ;
#3352 = CARTESIAN_POINT ( 'NONE',  ( -1.307364995081803372, 0.5013837380188953530, 2.474088437236940496 ) ) ;
#3353 = EDGE_CURVE ( 'NONE', #3697, #1314, #1439, .T. ) ;
#3354 = VERTEX_POINT ( 'NONE', #7779 ) ;
#3355 = FACE_OUTER_BOUND ( 'NONE', #755, .T. ) ;
#3356 = VERTEX_POINT ( 'NONE', #2050 ) ;
#3357 = LINE ( 'NONE', #1814, #2283 ) ;
#3358 = DIRECTION ( 'NONE',  ( -0.4615712193528426210, 0.000000000000000000, 0.8871031560450735043 ) ) ;
#3359 = DIRECTION ( 'NONE',  ( -0.000000000000000000, -1.000000000000000000, -0.000000000000000000 ) ) ;
#3360 = DIRECTION ( 'NONE',  ( 0.000000000000000000, 1.000000000000000000, 0.000000000000000000 ) ) ;
#3361 = DIRECTION ( 'NONE',  ( 0.000000000000000000, 0.000000000000000000, -1.000000000000000000 ) ) ;
#3362 = B_SPLINE_CURVE_WITH_KNOTS ( 'NONE', 3,
 ( #6621, #2338, #3837, #178 ),
 .UNSPECIFIED., .F., .F.,
 ( 4, 4 ),
 ( 0.0008222651605038679840, 0.001178257090057687698 ),
 .UNSPECIFIED. ) ;
#3363 = ORIENTED_EDGE ( 'NONE', *, *, #6568, .T. ) ;
#3364 = VERTEX_POINT ( 'NONE', #9146 ) ;
#3365 = DIRECTION ( 'NONE',  ( 0.000000000000000000, 0.000000000000000000, 1.000000000000000000 ) ) ;
#3366 = EDGE_CURVE ( 'NONE', #4834, #9150, #39, .T. ) ;
#3367 = ORIENTED_EDGE ( 'NONE', *, *, #1107, .T. ) ;
#3368 = B_SPLINE_CURVE_WITH_KNOTS ( 'NONE', 3,
 ( #8287, #1855, #4720, #1141 ),
 .UNSPECIFIED., .F., .F.,
 ( 4, 4 ),
 ( 3.282350919408558354E-07, 0.005493070069591939053 ),
 .UNSPECIFIED. ) ;
#3369 = ORIENTED_EDGE ( 'NONE', *, *, #4083, .T. ) ;
#3370 = CARTESIAN_POINT ( 'NONE',  ( -1.829032160353037062, 0.000000000000000000, 2.120056922913699626 ) ) ;
#3371 = DIRECTION ( 'NONE',  ( 0.2993867340516151443, 0.000000000000000000, 0.9541318480555542880 ) ) ;
#3372 = ADVANCED_FACE ( 'NONE', ( #4308 ), #5017, .T. ) ;
#3373 = CARTESIAN_POINT ( 'NONE',  ( -1.674570589714856617, 0.000000000000000000, 2.215771117704246951 ) ) ;
#3374 = FACE_OUTER_BOUND ( 'NONE', #7409, .T. ) ;
#3375 = DIRECTION ( 'NONE',  ( 0.000000000000000000, 0.000000000000000000, 1.000000000000000000 ) ) ;
#3376 = AXIS2_PLACEMENT_3D ( 'NONE', #8551, #2824, #6448 ) ;
#3377 = VERTEX_POINT ( 'NONE', #5677 ) ;
#3378 = ORIENTED_EDGE ( 'NONE', *, *, #8992, .F. ) ;
#3379 = ORIENTED_EDGE ( 'NONE', *, *, #4205, .F. ) ;
#3380 = ADVANCED_FACE ( 'NONE', ( #8529 ), #786, .F. ) ;
#3381 = CARTESIAN_POINT ( 'NONE',  ( 0.8712172545039673643, 0.000000000000000000, -2.576739882529728298 ) ) ;
#3382 = DIRECTION ( 'NONE',  ( 0.000000000000000000, 0.000000000000000000, 1.000000000000000000 ) ) ;
#3383 = DIRECTION ( 'NONE',  ( 0.000000000000000000, 1.000000000000000000, 0.000000000000000000 ) ) ;
#3384 = LOCAL_TIME ( 23, 20, 42.00000000000000000, #2975 ) ;
#3385 = CARTESIAN_POINT ( 'NONE',  ( -0.3395592197717210436, 0.5340002883789661814, 2.736518469213735649 ) ) ;
#3386 = CARTESIAN_POINT ( 'NONE',  ( -1.412286665758698545, 0.5560460307591166274, -2.336244413527219344 ) ) ;
#3387 = ORIENTED_EDGE ( 'NONE', *, *, #8502, .T. ) ;
#3388 = DIRECTION ( 'NONE',  ( 0.8660254037844389297, -0.000000000000000000, 0.4999999999999996669 ) ) ;
#3389 = ORIENTED_EDGE ( 'NONE', *, *, #2815, .F. ) ;
#3390 = EDGE_CURVE ( 'NONE', #6907, #4820, #4961, .T. ) ;
#3391 = CARTESIAN_POINT ( 'NONE',  ( 2.788834533468468990, 0.5032341246880195351, 0.1997812777913048898 ) ) ;
#3392 = CARTESIAN_POINT ( 'NONE',  ( 1.434063003793139224, 0.000000000000000000, 2.404883219857421039 ) ) ;
#3393 = CARTESIAN_POINT ( 'NONE',  ( -0.2492336563268786054, 0.5014441230611190736, 2.787098453123291186 ) ) ;
#3394 = CARTESIAN_POINT ( 'NONE',  ( -1.610155365304530406, 0.000000000000000000, 2.192260848153289476 ) ) ;
#3395 = LINE ( 'NONE', #7542, #8360 ) ;
#3396 = ORIENTED_EDGE ( 'NONE', *, *, #7626, .F. ) ;
#3397 = DIRECTION ( 'NONE',  ( 0.6417277264384337876, 0.000000000000000000, 0.7669325427442486021 ) ) ;
#3398 = DIRECTION ( 'NONE',  ( -0.4999999999999997224, 0.000000000000000000, 0.8660254037844389297 ) ) ;
#3399 = EDGE_LOOP ( 'NONE', ( #3790, #4925, #5871, #1797 ) ) ;
#3400 = DIRECTION ( 'NONE',  ( -0.000000000000000000, -1.000000000000000000, -0.000000000000000000 ) ) ;
#3401 = DIRECTION ( 'NONE',  ( -0.2993867340516083719, 0.000000000000000000, -0.9541318480555563974 ) ) ;
#3402 = EDGE_CURVE ( 'NONE', #6447, #1744, #5890, .T. ) ;
#3403 = CARTESIAN_POINT ( 'NONE',  ( 1.362003618849591646, 0.000000000000000000, 2.444435101997061377 ) ) ;
#3404 = VECTOR ( 'NONE', #2748, 100.0000000000000142 ) ;
#3405 = FACE_OUTER_BOUND ( 'NONE', #1355, .T. ) ;
#3406 = CARTESIAN_POINT ( 'NONE',  ( -1.753503381137281103, 0.7884388346700157424, 1.696401953625600534 ) ) ;
#3407 = VERTEX_POINT ( 'NONE', #4358 ) ;
#3408 = ORIENTED_EDGE ( 'NONE', *, *, #3628, .T. ) ;
#3409 = CARTESIAN_POINT ( 'NONE',  ( 1.445997286892675371, 0.8000000000000000444, 1.572792206135783299 ) ) ;
#3410 = ORIENTED_EDGE ( 'NONE', *, *, #6927, .F. ) ;
#3411 = ORIENTED_EDGE ( 'NONE', *, *, #7482, .F. ) ;
#3412 = PLANE ( 'NONE',  #2401 ) ;
#3413 = CARTESIAN_POINT ( 'NONE',  ( 0.2802024022641285139, 0.5015026714426299437, 2.784058973958860594 ) ) ;
#3414 = LINE ( 'NONE', #9145, #6952 ) ;
#3415 = DIRECTION ( 'NONE',  ( 0.000000000000000000, 1.000000000000000000, -0.000000000000000000 ) ) ;
#3416 = CARTESIAN_POINT ( 'NONE',  ( 2.055160654053821645, 0.000000000000000000, -1.748424653360420411 ) ) ;
#3417 = EDGE_CURVE ( 'NONE', #7295, #1348, #691, .T. ) ;
#3418 = VERTEX_POINT ( 'NONE', #8630 ) ;
#3419 = ORIENTED_EDGE ( 'NONE', *, *, #6865, .F. ) ;
#3420 = ORIENTED_EDGE ( 'NONE', *, *, #970, .F. ) ;
#3421 = CARTESIAN_POINT ( 'NONE',  ( 0.000000000000000000, 0.9000000000000001332, 0.000000000000000000 ) ) ;
#3422 = ORIENTED_EDGE ( 'NONE', *, *, #8746, .F. ) ;
#3423 = CARTESIAN_POINT ( 'NONE',  ( 2.777023776278079836, 0.5102758125174867709, -0.2377134831074936561 ) ) ;
#3424 = VECTOR ( 'NONE', #8519, 100.0000000000000000 ) ;
#3425 = AXIS2_PLACEMENT_3D ( 'NONE', #6407, #20, #1612 ) ;
#3426 = FACE_OUTER_BOUND ( 'NONE', #3027, .T. ) ;
#3427 = CARTESIAN_POINT ( 'NONE',  ( -1.321714526479229601, 0.7884388346741086906, -2.050761908753265139 ) ) ;
#3428 = CARTESIAN_POINT ( 'NONE',  ( -0.8510071563639023395, 0.5153265304226567478, 2.647440765893030346 ) ) ;
#3429 = DIRECTION ( 'NONE',  ( 0.000000000000000000, 0.000000000000000000, 1.000000000000000000 ) ) ;
#3430 = ORIENTED_EDGE ( 'NONE', *, *, #804, .F. ) ;
#3431 = CIRCLE ( 'NONE', #4786, 2.299999999999999822 ) ;
#3432 = CARTESIAN_POINT ( 'NONE',  ( -2.691558631681712832, 0.5013837380188951309, -0.7653946419034018955 ) ) ;
#3433 = VERTEX_POINT ( 'NONE', #9282 ) ;
#3434 = CARTESIAN_POINT ( 'NONE',  ( -2.576739882529719416, 0.000000000000000000, -0.8712172545039937877 ) ) ;
#3435 = CIRCLE ( 'NONE', #1188, 0.1000000000000000056 ) ;
#3436 = CARTESIAN_POINT ( 'NONE',  ( -2.501415067104233447, 0.5152387927717599903, -1.215190923672113454 ) ) ;
#3437 = CARTESIAN_POINT ( 'NONE',  ( -2.677803268888421240, 0.5013175801480314053, 0.8125997288550906861 ) ) ;
#3438 = LINE ( 'NONE', #4991, #4151 ) ;
#3439 = EDGE_CURVE ( 'NONE', #2386, #3044, #2850, .T. ) ;
#3440 = B_SPLINE_CURVE_WITH_KNOTS ( 'NONE', 3,
 ( #8627, #6423, #2800, #1436 ),
 .UNSPECIFIED., .F., .F.,
 ( 4, 4 ),
 ( 0.001041907151302076890, 0.006534648985770991417 ),
 .UNSPECIFIED. ) ;
#3441 = EDGE_CURVE ( 'NONE', #8029, #2502, #7179, .T. ) ;
#3442 = DIRECTION ( 'NONE',  ( 0.000000000000000000, 0.000000000000000000, 1.000000000000000000 ) ) ;
#3443 = CARTESIAN_POINT ( 'NONE',  ( 0.000000000000000000, 0.4000000000000000222, 0.000000000000000000 ) ) ;
#3444 = VECTOR ( 'NONE', #1877, 100.0000000000000000 ) ;
#3445 = VERTEX_POINT ( 'NONE', #5961 ) ;
#3446 = CARTESIAN_POINT ( 'NONE',  ( -1.589815391877634765, 0.000000000000000000, 1.662073109026483753 ) ) ;
#3447 = LINE ( 'NONE', #6321, #4671 ) ;
#3448 = CARTESIAN_POINT ( 'NONE',  ( 2.155950649801646968, 0.000000000000000000, -1.658458538036028829 ) ) ;
#3449 = CARTESIAN_POINT ( 'NONE',  ( -0.2523594531672679331, 0.000000000000000000, 2.686445381698008283 ) ) ;
#3450 = CARTESIAN_POINT ( 'NONE',  ( -2.464262899386302941, 0.5639694227494324030, -1.151527806643399821 ) ) ;
#3451 = VECTOR ( 'NONE', #7417, 100.0000000000000000 ) ;
#3452 = EDGE_CURVE ( 'NONE', #2524, #8717, #4598, .T. ) ;
#3453 = ORIENTED_EDGE ( 'NONE', *, *, #8861, .T. ) ;
#3454 = EDGE_CURVE ( 'NONE', #6001, #5111, #784, .T. ) ;
#3455 = EDGE_CURVE ( 'NONE', #1787, #8896, #6491, .T. ) ;
#3456 = CARTESIAN_POINT ( 'NONE',  ( -2.697194602940288455, 0.000000000000000000, -0.3517800458163080068 ) ) ;
#3457 = ORIENTED_EDGE ( 'NONE', *, *, #4320, .T. ) ;
#3458 = ORIENTED_EDGE ( 'NONE', *, *, #6262, .F. ) ;
#3459 = DIRECTION ( 'NONE',  ( -0.000000000000000000, 1.000000000000000000, -0.000000000000000000 ) ) ;
#3460 = DIRECTION ( 'NONE',  ( -0.000000000000000000, -1.000000000000000000, -0.000000000000000000 ) ) ;
#3461 = VECTOR ( 'NONE', #7865, 100.0000000000000000 ) ;
#3462 = DIRECTION ( 'NONE',  ( -0.9531793558308737646, 0.000000000000000000, 0.3024055482590232158 ) ) ;
#3463 = CARTESIAN_POINT ( 'NONE',  ( -1.329032467784755589, 0.5032447133622983682, 2.459900528472265258 ) ) ;
#3464 = LINE ( 'NONE', #6476, #3171 ) ;
#3465 = AXIS2_PLACEMENT_3D ( 'NONE', #6978, #2693, #8514 ) ;
#3466 = ORIENTED_EDGE ( 'NONE', *, *, #934, .F. ) ;
#3467 = ORIENTED_EDGE ( 'NONE', *, *, #6911, .F. ) ;
#3468 = B_SPLINE_CURVE_WITH_KNOTS ( 'NONE', 3,
 ( #6902, #464, #2532, #3323, #5583, #7644, #6201, #5402, #8267, #4074 ),
 .UNSPECIFIED., .F., .F.,
 ( 4, 2, 2, 2, 4 ),
 ( 0.000000000000000000, 0.0003831395918291016821, 0.0007662791836582033642, 0.001149418775487305155, 0.001532558367316406728 ),
 .UNSPECIFIED. ) ;
#3469 = VERTEX_POINT ( 'NONE', #8722 ) ;
#3470 = EDGE_CURVE ( 'NONE', #5806, #4353, #9216, .T. ) ;
#3471 = DIRECTION ( 'NONE',  ( -0.08695652173913717697, 0.000000000000000000, 0.9962121075990950647 ) ) ;
#3472 = ORIENTED_EDGE ( 'NONE', *, *, #4052, .T. ) ;
#3473 = ORIENTED_EDGE ( 'NONE', *, *, #1386, .T. ) ;
#3474 = CARTESIAN_POINT ( 'NONE',  ( 1.940294437034820074, 0.000000000000000000, 1.235013156857745820 ) ) ;
#3475 = VECTOR ( 'NONE', #2765, 100.0000000000000284 ) ;
#3476 = FACE_OUTER_BOUND ( 'NONE', #5165, .T. ) ;
#3477 = FACE_OUTER_BOUND ( 'NONE', #2045, .T. ) ;
#3478 = CARTESIAN_POINT ( 'NONE',  ( 2.245210422548384877, 0.000000000000000000, 1.673030232386761851 ) ) ;
#3479 = VECTOR ( 'NONE', #1058, 100.0000000000000000 ) ;
#3480 = CARTESIAN_POINT ( 'NONE',  ( 1.812718732419745571, 0.000000000000000000, 2.131752242351188098 ) ) ;
#3481 = B_SPLINE_CURVE_WITH_KNOTS ( 'NONE', 3,
 ( #2105, #6681, #1693, #5321 ),
 .UNSPECIFIED., .F., .F.,
 ( 4, 4 ),
 ( 0.0008222294881466119497, 0.001178221417700432315 ),
 .UNSPECIFIED. ) ;
#3482 = VERTEX_POINT ( 'NONE', #1730 ) ;
#3483 = VECTOR ( 'NONE', #6746, 100.0000000000000000 ) ;
#3484 = FACE_OUTER_BOUND ( 'NONE', #6719, .T. ) ;
#3485 = EDGE_CURVE ( 'NONE', #549, #8783, #5207, .T. ) ;
#3487 = VERTEX_POINT ( 'NONE', #5814 ) ;
#3486 = CONICAL_SURFACE ( 'NONE', #8741, 2.299999999999999822, 0.8960553845713439269 ) ;
#3488 = DIRECTION ( 'NONE',  ( 0.8863714897513265134, 0.000000000000000000, 0.4629747100609429844 ) ) ;
#3489 = EDGE_CURVE ( 'NONE', #2485, #4135, #8431, .T. ) ;
#3490 = PLANE ( 'NONE',  #5538 ) ;
#3491 = B_SPLINE_CURVE_WITH_KNOTS ( 'NONE', 3,
 ( #3971, #6793, #6134, #1233, #360, #6223 ),
 .UNSPECIFIED., .F., .F.,
 ( 4, 2, 4 ),
 ( 0.0004870557516130389697, 0.001009807059464722795, 0.001532558367316406295 ),
 .UNSPECIFIED. ) ;
#3492 = CONICAL_SURFACE ( 'NONE', #4703, 2.299999999999999822, 0.8960553845713439269 ) ;
#3493 = CARTESIAN_POINT ( 'NONE',  ( -2.204287668121020616, 0.5482992156844561649, -1.626866937711211492 ) ) ;
#3494 = CARTESIAN_POINT ( 'NONE',  ( 1.277811535945074795, 0.8999999999999999112, 1.912380108295860914 ) ) ;
#3495 = EDGE_CURVE ( 'NONE', #1897, #6036, #4236, .T. ) ;
#3496 = DIRECTION ( 'NONE',  ( 0.000000000000000000, 0.000000000000000000, 1.000000000000000000 ) ) ;
#3497 = EDGE_LOOP ( 'NONE', ( #4418, #8095, #1752, #4206 ) ) ;
#3498 = DIRECTION ( 'NONE',  ( 0.000000000000000000, 0.000000000000000000, 1.000000000000000000 ) ) ;
#3499 = PLANE ( 'NONE',  #615 ) ;
#3500 = DIRECTION ( 'NONE',  ( 0.000000000000000000, 1.000000000000000000, 0.000000000000000000 ) ) ;
#3501 = FACE_OUTER_BOUND ( 'NONE', #8346, .T. ) ;
#3502 = DIRECTION ( 'NONE',  ( -0.000000000000000000, -1.000000000000000000, -0.000000000000000000 ) ) ;
#3503 = VECTOR ( 'NONE', #5899, 100.0000000000000142 ) ;
#3504 = EDGE_LOOP ( 'NONE', ( #4317, #2330, #4832, #4498, #3986, #1454 ) ) ;
#3505 = CARTESIAN_POINT ( 'NONE',  ( 0.09455864334185808129, 0.7884388346741565412, 2.437952493152523381 ) ) ;
#3506 = EDGE_CURVE ( 'NONE', #3852, #781, #1983, .T. ) ;
#3507 = VECTOR ( 'NONE', #2705, 100.0000000000000000 ) ;
#3508 = ORIENTED_EDGE ( 'NONE', *, *, #2770, .F. ) ;
#3509 = ORIENTED_EDGE ( 'NONE', *, *, #7233, .F. ) ;
#3510 = CARTESIAN_POINT ( 'NONE',  ( 0.7154677488913980810, 0.5101996115923983499, -2.693882757849936027 ) ) ;
#3511 = DIRECTION ( 'NONE',  ( 0.000000000000000000, 0.000000000000000000, 1.000000000000000000 ) ) ;
#3512 = CARTESIAN_POINT ( 'NONE',  ( -0.2168951061243597489, 0.000000000000000000, 2.789540963694128184 ) ) ;
#3513 = CARTESIAN_POINT ( 'NONE',  ( 0.000000000000000000, 1.000000000000000000, -1.600000000000000089 ) ) ;
#3514 = CARTESIAN_POINT ( 'NONE',  ( 2.585593199994344449, 0.5571583923664213955, 0.8716099316314303014 ) ) ;
#3515 = EDGE_CURVE ( 'NONE', #3938, #1907, #4415, .T. ) ;
#3516 = EDGE_CURVE ( 'NONE', #8018, #6036, #6536, .T. ) ;
#3517 = ORIENTED_EDGE ( 'NONE', *, *, #4205, .T. ) ;
#3518 = ORIENTED_EDGE ( 'NONE', *, *, #5818, .T. ) ;
#3519 = DIRECTION ( 'NONE',  ( -0.000000000000000000, 1.000000000000000000, -0.000000000000000000 ) ) ;
#3520 = ORIENTED_EDGE ( 'NONE', *, *, #9030, .T. ) ;
#3521 = ORIENTED_EDGE ( 'NONE', *, *, #2515, .T. ) ;
#3522 = CARTESIAN_POINT ( 'NONE',  ( 0.6486476801571646744, 0.5639694227494322920, -2.641564709370466169 ) ) ;
#3523 = DIRECTION ( 'NONE',  ( 0.000000000000000000, 1.000000000000000000, 0.000000000000000000 ) ) ;
#3524 = DIRECTION ( 'NONE',  ( 0.000000000000000000, 1.000000000000000000, 0.000000000000000000 ) ) ;
#3525 = AXIS2_PLACEMENT_3D ( 'NONE', #3072, #3816, #8795 ) ;
#3526 = EDGE_CURVE ( 'NONE', #5064, #8108, #7871, .T. ) ;
#3527 = DIRECTION ( 'NONE',  ( 0.000000000000000000, 0.000000000000000000, 1.000000000000000000 ) ) ;
#3528 = CARTESIAN_POINT ( 'NONE',  ( 2.104845743231122057, 0.000000000000000000, -0.9271593159763984460 ) ) ;
#3529 = ORIENTED_EDGE ( 'NONE', *, *, #4266, .F. ) ;
#3530 = CARTESIAN_POINT ( 'NONE',  ( 0.3944093926430741193, 0.5270647222874780269, 2.737920329059321478 ) ) ;
#3531 = CARTESIAN_POINT ( 'NONE',  ( 1.702338303390255714, 0.000000000000000000, -2.093494299791577529 ) ) ;
#3532 = ORIENTED_EDGE ( 'NONE', *, *, #7900, .T. ) ;
#3533 = CARTESIAN_POINT ( 'NONE',  ( -2.079617381808667176, 0.7884388346744229947, -1.275831196192069195 ) ) ;
#3534 = CARTESIAN_POINT ( 'NONE',  ( -1.724057583095322421, 0.6763576274005855815, 1.919081641957883333 ) ) ;
#3535 = DIRECTION ( 'NONE',  ( 0.6417277264384337876, 0.000000000000000000, 0.7669325427442486021 ) ) ;
#3536 = EDGE_CURVE ( 'NONE', #4614, #6140, #3743, .T. ) ;
#3537 = CARTESIAN_POINT ( 'NONE',  ( -2.409555395782905673, 0.7884388346760238253, -0.3828792114248255607 ) ) ;
#3538 = LINE ( 'NONE', #6271, #7068 ) ;
#3539 = VERTEX_POINT ( 'NONE', #6576 ) ;
#3540 = DIRECTION ( 'NONE',  ( -0.000000000000000000, 1.000000000000000000, -0.000000000000000000 ) ) ;
#3541 = DIRECTION ( 'NONE',  ( 0.9541318480555565085, 0.000000000000000000, -0.2993867340516084274 ) ) ;
#3542 = CARTESIAN_POINT ( 'NONE',  ( 0.000000000000000000, 1.000000000000000000, 0.000000000000000000 ) ) ;
#3543 = DIRECTION ( 'NONE',  ( -0.000000000000000000, -1.000000000000000000, -0.000000000000000000 ) ) ;
#3544 = CARTESIAN_POINT ( 'NONE',  ( -1.674570589714856617, 0.000000000000000000, 2.115771117704246862 ) ) ;
#3545 = ORIENTED_EDGE ( 'NONE', *, *, #1788, .F. ) ;
#3546 = DIRECTION ( 'NONE',  ( 0.000000000000000000, 1.000000000000000000, -0.000000000000000000 ) ) ;
#3547 = CIRCLE ( 'NONE', #4757, 0.1000000000000000472 ) ;
#3548 = ORIENTED_EDGE ( 'NONE', *, *, #4725, .F. ) ;
#3549 = ORIENTED_EDGE ( 'NONE', *, *, #7370, .T. ) ;
#3550 = CARTESIAN_POINT ( 'NONE',  ( 1.183116059015534072, 0.5338837825254062475, -2.490958345820954101 ) ) ;
#3551 = CARTESIAN_POINT ( 'NONE',  ( -1.272792206135788140, 1.000000000000000000, -1.072792206135783299 ) ) ;
#3552 = FACE_OUTER_BOUND ( 'NONE', #3175, .T. ) ;
#3553 = CARTESIAN_POINT ( 'NONE',  ( -2.131752242351193871, 0.000000000000000000, 1.812718732419738465 ) ) ;
#3554 = CARTESIAN_POINT ( 'NONE',  ( 1.277811535945086563, 0.8999999999999998002, -1.912380108295853143 ) ) ;
#3555 = EDGE_CURVE ( 'NONE', #8001, #5730, #5162, .T. ) ;
#3556 = EDGE_LOOP ( 'NONE', ( #3518, #469, #2012, #8482 ) ) ;
#3557 = VECTOR ( 'NONE', #7008, 100.0000000000000000 ) ;
#3558 = B_SPLINE_CURVE_WITH_KNOTS ( 'NONE', 3,
 ( #7562, #3277, #7641, #3944, #1204, #8393, #6155, #1876, #6109, #4071 ),
 .UNSPECIFIED., .F., .F.,
 ( 4, 2, 2, 2, 4 ),
 ( 0.0001107756116032333586, 0.0004650328022595371117, 0.0008192899929158408649, 0.001173547183572144510, 0.001527804374228448371 ),
 .UNSPECIFIED. ) ;
#3559 = ORIENTED_EDGE ( 'NONE', *, *, #194, .T. ) ;
#3560 = ADVANCED_FACE ( 'NONE', ( #8027 ), #6623, .F. ) ;
#3561 = CARTESIAN_POINT ( 'NONE',  ( -2.155950649801658958, 0.000000000000000000, 1.658458538036013508 ) ) ;
#3562 = ORIENTED_EDGE ( 'NONE', *, *, #8164, .F. ) ;
#3563 = VERTEX_POINT ( 'NONE', #3049 ) ;
#3564 = CARTESIAN_POINT ( 'NONE',  ( -1.306961660893858124, 0.5032447133622989233, -2.471697620534868634 ) ) ;
#3565 = CARTESIAN_POINT ( 'NONE',  ( 1.360040777404141865, 0.5560412871706270632, -2.367047327587099126 ) ) ;
#3566 = DIRECTION ( 'NONE',  ( -0.000000000000000000, -1.000000000000000000, -0.000000000000000000 ) ) ;
#3567 = CARTESIAN_POINT ( 'NONE',  ( -0.1261888511270706503, 0.5490161119751788554, 2.735824934712940415 ) ) ;
#3568 = CARTESIAN_POINT ( 'NONE',  ( 0.000000000000000000, 0.3000000000000000999, 0.000000000000000000 ) ) ;
#3569 = CARTESIAN_POINT ( 'NONE',  ( 0.000000000000000000, 0.000000000000000000, -1.449999999999999956 ) ) ;
#3570 = ORIENTED_EDGE ( 'NONE', *, *, #7149, .F. ) ;
#3571 = EDGE_CURVE ( 'NONE', #870, #3096, #230, .T. ) ;
#3572 = ADVANCED_FACE ( 'NONE', ( #8819 ), #2382, .T. ) ;
#3573 = FACE_OUTER_BOUND ( 'NONE', #5076, .T. ) ;
#3574 = CARTESIAN_POINT ( 'NONE',  ( -0.6486476801571822159, 0.000000000000000000, 2.641564709370462616 ) ) ;
#3575 = ORIENTED_EDGE ( 'NONE', *, *, #808, .F. ) ;
#3576 = FACE_OUTER_BOUND ( 'NONE', #6523, .T. ) ;
#3577 = CARTESIAN_POINT ( 'NONE',  ( -2.496510180834928594, 0.5013176973172517314, -1.264272188000596264 ) ) ;
#3578 = PLANE ( 'NONE',  #5085 ) ;
#3579 = CARTESIAN_POINT ( 'NONE',  ( 0.8589474700274756236, 0.000000000000000000, 2.663179691528185788 ) ) ;
#3580 = VECTOR ( 'NONE', #6313, 100.0000000000000000 ) ;
#3581 = VERTEX_POINT ( 'NONE', #274 ) ;
#3582 = CARTESIAN_POINT ( 'NONE',  ( 1.099587125378900243, 0.4000000000000000222, 1.572792206135783299 ) ) ;
#3583 = CARTESIAN_POINT ( 'NONE',  ( -1.658458538036006180, 0.5639694227494324030, -2.155950649801664287 ) ) ;
#3584 = ORIENTED_EDGE ( 'NONE', *, *, #9240, .T. ) ;
#3585 = CARTESIAN_POINT ( 'NONE',  ( -2.093494299791558877, 0.000000000000000000, -1.702338303390277252 ) ) ;
#3586 = DIRECTION ( 'NONE',  ( -0.8878326000374261451, 0.000000000000000000, -0.4601665723526466856 ) ) ;
#3587 = EDGE_CURVE ( 'NONE', #1079, #8742, #8867, .T. ) ;
#3588 = DIRECTION ( 'NONE',  ( 0.000000000000000000, 1.000000000000000000, 0.000000000000000000 ) ) ;
#3589 = CYLINDRICAL_SURFACE ( 'NONE', #7189, 0.09999999999999992228 ) ;
#3590 = DIRECTION ( 'NONE',  ( -1.734723475976805517E-15, 0.000000000000000000, 1.000000000000000000 ) ) ;
#3591 = ADVANCED_FACE ( 'NONE', ( #8918, #7505 ), #5439, .T. ) ;
#3592 = AXIS2_PLACEMENT_3D ( 'NONE', #3845, #6446, #1739 ) ;
#3593 = ORIENTED_EDGE ( 'NONE', *, *, #5878, .T. ) ;
#3594 = VECTOR ( 'NONE', #5274, 100.0000000000000284 ) ;
#3595 = CARTESIAN_POINT ( 'NONE',  ( 0.1379028345149000967, 0.6763576274040814518, 2.576088450837535238 ) ) ;
#3596 = ORIENTED_EDGE ( 'NONE', *, *, #5334, .T. ) ;
#3597 = EDGE_LOOP ( 'NONE', ( #7273, #32, #4311, #6678 ) ) ;
#3598 = CARTESIAN_POINT ( 'NONE',  ( -1.836011441959783275, 0.5639694227494321810, -2.006905556262552626 ) ) ;
#3599 = PLANE ( 'NONE',  #8266 ) ;
#3600 = LINE ( 'NONE', #5772, #6354 ) ;
#3601 = DIRECTION ( 'NONE',  ( -0.000000000000000000, 1.000000000000000000, -0.000000000000000000 ) ) ;
#3602 = LINE ( 'NONE', #2851, #3313 ) ;
#3603 = AXIS2_PLACEMENT_3D ( 'NONE', #6122, #7657, #2543 ) ;
#3604 = EDGE_CURVE ( 'NONE', #8909, #69, #6102, .T. ) ;
#3605 = EDGE_LOOP ( 'NONE', ( #5332, #5294, #6908, #8884 ) ) ;
#3606 = VERTEX_POINT ( 'NONE', #1817 ) ;
#3607 = EDGE_CURVE ( 'NONE', #4508, #7625, #6938, .T. ) ;
#3608 = CARTESIAN_POINT ( 'NONE',  ( 0.4487077406370957866, 0.8999999999999999112, -2.255806144927429813 ) ) ;
#3609 = AXIS2_PLACEMENT_3D ( 'NONE', #4915, #646, #8576 ) ;
#3610 = ORIENTED_EDGE ( 'NONE', *, *, #307, .F. ) ;
#3611 = ORIENTED_EDGE ( 'NONE', *, *, #1136, .F. ) ;
#3612 = DIRECTION ( 'NONE',  ( -0.000000000000000000, 1.000000000000000000, 0.000000000000000000 ) ) ;
#3613 = CARTESIAN_POINT ( 'NONE',  ( 2.626503284226966883, 0.5639694227494327361, -0.7071693041342359543 ) ) ;
#3614 = CARTESIAN_POINT ( 'NONE',  ( 2.079617381808676502, 0.7884388346744222176, 1.275831196192056094 ) ) ;
#3615 = DIRECTION ( 'NONE',  ( 0.9531793558308748748, 0.000000000000000000, -0.3024055482590198296 ) ) ;
#3616 = VECTOR ( 'NONE', #1365, 100.0000000000000000 ) ;
#3617 = DIRECTION ( 'NONE',  ( 0.000000000000000000, 1.000000000000000000, -0.000000000000000000 ) ) ;
#3618 = ORIENTED_EDGE ( 'NONE', *, *, #7284, .F. ) ;
#3619 = EDGE_CURVE ( 'NONE', #5006, #2537, #8301, .T. ) ;
#3620 = CARTESIAN_POINT ( 'NONE',  ( -1.099587125378900465, 0.8000000000000000444, 1.572792206135783299 ) ) ;
#3621 = DIRECTION ( 'NONE',  ( 0.000000000000000000, 1.000000000000000000, 0.000000000000000000 ) ) ;
#3622 = ORIENTED_EDGE ( 'NONE', *, *, #4911, .F. ) ;
#3623 = AXIS2_PLACEMENT_3D ( 'NONE', #1247, #8345, #6850 ) ;
#3624 = LINE ( 'NONE', #946, #5625 ) ;
#3625 = CIRCLE ( 'NONE', #1527, 0.1000000000000000888 ) ;
#3626 = LINE ( 'NONE', #4385, #5691 ) ;
#3627 = EDGE_CURVE ( 'NONE', #5248, #8491, #4171, .T. ) ;
#3628 = EDGE_CURVE ( 'NONE', #2810, #4374, #8293, .T. ) ;
#3629 = CARTESIAN_POINT ( 'NONE',  ( 1.790975452365388465, 0.5639694227494320700, -2.047196828785483813 ) ) ;
#3630 = EDGE_CURVE ( 'NONE', #7449, #7949, #4392, .T. ) ;
#3631 = ORIENTED_EDGE ( 'NONE', *, *, #2888, .F. ) ;
#3632 = ADVANCED_FACE ( 'NONE', ( #4733 ), #1061, .T. ) ;
#3633 = AXIS2_PLACEMENT_3D ( 'NONE', #6178, #2555, #7668 ) ;
#3634 = VERTEX_POINT ( 'NONE', #5352 ) ;
#3635 = EDGE_CURVE ( 'NONE', #8768, #3675, #2521, .T. ) ;
#3636 = FACE_OUTER_BOUND ( 'NONE', #173, .T. ) ;
#3637 = AXIS2_PLACEMENT_3D ( 'NONE', #6202, #5363, #1918 ) ;
#3638 = DIRECTION ( 'NONE',  ( 0.7800096398313358659, 0.000000000000000000, 0.6257674981733947206 ) ) ;
#3639 = ORIENTED_EDGE ( 'NONE', *, *, #872, .T. ) ;
#3640 = LINE ( 'NONE', #7210, #1838 ) ;
#3641 = VECTOR ( 'NONE', #887, 99.99999999999998579 ) ;
#3642 = DIRECTION ( 'NONE',  ( 0.000000000000000000, 0.000000000000000000, -1.000000000000000000 ) ) ;
#3643 = VECTOR ( 'NONE', #994, 100.0000000000000142 ) ;
#3644 = DIRECTION ( 'NONE',  ( -0.000000000000000000, 1.000000000000000000, -0.000000000000000000 ) ) ;
#3645 = CARTESIAN_POINT ( 'NONE',  ( -2.104845743231127830, 0.000000000000000000, 0.9271593159763842351 ) ) ;
#3646 = DIRECTION ( 'NONE',  ( 0.000000000000000000, 0.000000000000000000, 1.000000000000000000 ) ) ;
#3647 = EDGE_CURVE ( 'NONE', #2155, #6433, #5391, .T. ) ;
#3648 = B_SPLINE_CURVE_WITH_KNOTS ( 'NONE', 3,
 ( #4627, #8283, #6086, #8901, #1712, #1044, #6040, #8945, #8239, #7441 ),
 .UNSPECIFIED., .F., .F.,
 ( 4, 2, 2, 2, 4 ),
 ( 0.000000000000000000, 0.0003831395918291011942, 0.0007662791836582023884, 0.001149418775487303637, 0.001532558367316404777 ),
 .UNSPECIFIED. ) ;
#3649 = VECTOR ( 'NONE', #2623, 100.0000000000000000 ) ;
#3650 = EDGE_LOOP ( 'NONE', ( #5409, #3043, #5768, #1890 ) ) ;
#3651 = CIRCLE ( 'NONE', #8005, 2.299999999999999822 ) ;
#3652 = ORIENTED_EDGE ( 'NONE', *, *, #7225, .F. ) ;
#3653 = CARTESIAN_POINT ( 'NONE',  ( 2.691558631681717273, 0.000000000000000000, 0.7653946419033839099 ) ) ;
#3654 = EDGE_LOOP ( 'NONE', ( #4494, #767, #8975, #5394 ) ) ;
#3655 = ORIENTED_EDGE ( 'NONE', *, *, #3571, .F. ) ;
#3656 = FACE_OUTER_BOUND ( 'NONE', #3087, .T. ) ;
#3657 = DIRECTION ( 'NONE',  ( 0.000000000000000000, 0.000000000000000000, 1.000000000000000000 ) ) ;
#3658 = DIRECTION ( 'NONE',  ( 0.000000000000000000, 1.000000000000000000, -0.000000000000000000 ) ) ;
#3659 = CARTESIAN_POINT ( 'NONE',  ( 1.790975452365388465, 0.5639694227494320700, -2.047196828785483813 ) ) ;
#3660 = FACE_OUTER_BOUND ( 'NONE', #4548, .T. ) ;
#3661 = VERTEX_POINT ( 'NONE', #7553 ) ;
#3662 = ORIENTED_EDGE ( 'NONE', *, *, #846, .F. ) ;
#3663 = EDGE_CURVE ( 'NONE', #6483, #1933, #1194, .T. ) ;
#3664 = CARTESIAN_POINT ( 'NONE',  ( 2.216279089384431966, 0.5152387927717595462, 1.679843241754561900 ) ) ;
#3665 = ADVANCED_FACE ( 'NONE', ( #7633 ), #7594, .T. ) ;
#3666 = ORIENTED_EDGE ( 'NONE', *, *, #7079, .T. ) ;
#3667 = ORIENTED_EDGE ( 'NONE', *, *, #5325, .T. ) ;
#3668 = CARTESIAN_POINT ( 'NONE',  ( 2.006905556262533086, 0.000000000000000000, -1.836011441959804147 ) ) ;
#3669 = CARTESIAN_POINT ( 'NONE',  ( -0.7632526928441828451, 0.5153265304226571919, -2.674060791373477297 ) ) ;
#3670 = CARTESIAN_POINT ( 'NONE',  ( -2.245210422548372442, 0.000000000000000000, -1.673030232386777616 ) ) ;
#3671 = FACE_OUTER_BOUND ( 'NONE', #2979, .T. ) ;
#3672 = DIRECTION ( 'NONE',  ( 0.000000000000000000, 0.000000000000000000, 1.000000000000000000 ) ) ;
#3673 = ORIENTED_EDGE ( 'NONE', *, *, #8456, .T. ) ;
#3674 = EDGE_CURVE ( 'NONE', #4203, #5231, #1113, .T. ) ;
#3675 = VERTEX_POINT ( 'NONE', #5524 ) ;
#3676 = DIRECTION ( 'NONE',  ( 0.000000000000000000, 0.000000000000000000, 1.000000000000000000 ) ) ;
#3677 = LINE ( 'NONE', #1505, #1968 ) ;
#3678 = ORIENTED_EDGE ( 'NONE', *, *, #762, .T. ) ;
#3679 = CARTESIAN_POINT ( 'NONE',  ( 1.589815391877622774, 0.000000000000000000, -1.662073109026495521 ) ) ;
#3680 = SECURITY_CLASSIFICATION_LEVEL ( 'unclassified' ) ;
#3681 = DIRECTION ( 'NONE',  ( -0.3024055482590198296, 0.000000000000000000, -0.9531793558308748748 ) ) ;
#3682 = CARTESIAN_POINT ( 'NONE',  ( 0.8713238407688698173, 0.5013176973172523976, 2.659274715570402847 ) ) ;
#3683 = EDGE_LOOP ( 'NONE', ( #1531, #6207 ) ) ;
#3684 = VERTEX_POINT ( 'NONE', #3979 ) ;
#3685 = CARTESIAN_POINT ( 'NONE',  ( 2.556750127584888954, 0.000000000000000000, -0.9282438859800792308 ) ) ;
#3686 = EDGE_CURVE ( 'NONE', #1390, #9277, #9034, .T. ) ;
#3687 = CARTESIAN_POINT ( 'NONE',  ( -1.974549446781464601, 0.7884388346700346162, 1.433076473234951242 ) ) ;
#3688 = CARTESIAN_POINT ( 'NONE',  ( -1.099587125378900687, 0.8000000000000000444, 0.9727922061357832106 ) ) ;
#3689 = CARTESIAN_POINT ( 'NONE',  ( -1.151527806643392271, 0.000000000000000000, 2.464262899386306049 ) ) ;
#3690 = CARTESIAN_POINT ( 'NONE',  ( 0.3110868424197452131, 0.5014441230611190736, 2.780873995585132263 ) ) ;
#3691 = CARTESIAN_POINT ( 'NONE',  ( -2.461564155185417047, 0.000000000000000000, 1.330796278752337303 ) ) ;
#3692 = LINE ( 'NONE', #1858, #5657 ) ;
#3693 = VERTEX_POINT ( 'NONE', #4815 ) ;
#3694 = ORIENTED_EDGE ( 'NONE', *, *, #7448, .F. ) ;
#3695 = ADVANCED_FACE ( 'NONE', ( #410 ), #6144, .T. ) ;
#3696 = EDGE_LOOP ( 'NONE', ( #5406, #9004, #4512, #3129, #2288, #6205, #3812 ) ) ;
#3697 = VERTEX_POINT ( 'NONE', #2610 ) ;
#3698 = DIRECTION ( 'NONE',  ( -0.000000000000000000, -1.000000000000000000, -0.000000000000000000 ) ) ;
#3699 = DIRECTION ( 'NONE',  ( 0.9938606775724716513, 0.000000000000000000, -0.1106388429765397113 ) ) ;
#3700 = DIRECTION ( 'NONE',  ( -0.000000000000000000, -1.000000000000000000, -0.000000000000000000 ) ) ;
#3701 = CARTESIAN_POINT ( 'NONE',  ( -2.104845743231127830, 0.8999999999999998002, 0.9271593159763842351 ) ) ;
#3702 = DIRECTION ( 'NONE',  ( -8.673617379884027583E-15, 0.000000000000000000, 1.000000000000000000 ) ) ;
#3703 = VERTEX_POINT ( 'NONE', #8428 ) ;
#3704 = EDGE_LOOP ( 'NONE', ( #8041, #8696, #1636, #3101 ) ) ;
#3705 = CARTESIAN_POINT ( 'NONE',  ( 2.207838637263505710, 0.5032341246880194241, 1.715505513202637111 ) ) ;
#3706 = ORIENTED_EDGE ( 'NONE', *, *, #8434, .F. ) ;
#3707 = ORIENTED_EDGE ( 'NONE', *, *, #4249, .T. ) ;
#3708 = CARTESIAN_POINT ( 'NONE',  ( 0.9263820446220125682, 0.8000000000000000444, 1.272792206135783255 ) ) ;
#3709 = CARTESIAN_POINT ( 'NONE',  ( 2.698867105337611427, 0.5560460307591198470, -0.4107407135207289395 ) ) ;
#3710 = DIRECTION ( 'NONE',  ( 0.000000000000000000, -1.000000000000000000, 0.000000000000000000 ) ) ;
#3711 = CARTESIAN_POINT ( 'NONE',  ( 0.8288578182228232283, 0.000000000000000000, 2.567814011882545877 ) ) ;
#3712 = EDGE_CURVE ( 'NONE', #4825, #8471, #7073, .T. ) ;
#3713 = AXIS2_PLACEMENT_3D ( 'NONE', #2838, #7074, #5804 ) ;
#3714 = CARTESIAN_POINT ( 'NONE',  ( 1.737147339532180590, 0.000000000000000000, -2.193772081687392905 ) ) ;
#3715 = ORIENTED_EDGE ( 'NONE', *, *, #7286, .T. ) ;
#3716 = EDGE_CURVE ( 'NONE', #8822, #2811, #1246, .T. ) ;
#3717 = ORIENTED_EDGE ( 'NONE', *, *, #5043, .F. ) ;
#3718 = CARTESIAN_POINT ( 'NONE',  ( 0.3357828369005358415, 0.5013176973172521755, 2.778164346255868278 ) ) ;
#3719 = EDGE_LOOP ( 'NONE', ( #7175, #5964, #7247, #913, #2626, #4341, #2823 ) ) ;
#3720 = CARTESIAN_POINT ( 'NONE',  ( 1.307364995081786052, 0.000000000000000000, -2.474088437236949822 ) ) ;
#3721 = APPROVAL_STATUS ( 'not_yet_approved' ) ;
#3722 = CARTESIAN_POINT ( 'NONE',  ( 1.753503381137269335, 0.7884388346700151873, -1.696401953625612968 ) ) ;
#3723 = CARTESIAN_POINT ( 'NONE',  ( -2.698625179935613350, 0.000000000000000000, 0.7466070842266938623 ) ) ;
#3724 = ORIENTED_EDGE ( 'NONE', *, *, #8922, .T. ) ;
#3725 = ORIENTED_EDGE ( 'NONE', *, *, #6698, .F. ) ;
#3726 = CARTESIAN_POINT ( 'NONE',  ( -1.840928648429289050, 0.5560460307591196250, -2.015830671809824448 ) ) ;
#3727 = CARTESIAN_POINT ( 'NONE',  ( 0.8476309992573880514, 0.5014441230611195177, 2.666750249263365902 ) ) ;
#3728 = PLANE ( 'NONE',  #8282 ) ;
#3729 = DIRECTION ( 'NONE',  ( -0.6257674981733973851, 0.000000000000000000, 0.7800096398313337565 ) ) ;
#3730 = AXIS2_PLACEMENT_3D ( 'NONE', #5379, #1184, #487 ) ;
#3731 = CARTESIAN_POINT ( 'NONE',  ( -0.8801718944396769162, 0.000000000000000000, -2.124922924775971556 ) ) ;
#3732 = DIRECTION ( 'NONE',  ( 0.4999999999999993339, 0.000000000000000000, 0.8660254037844390407 ) ) ;
#3733 = CARTESIAN_POINT ( 'NONE',  ( 0.7767876390601563541, 0.5014441230611184075, -2.688240347634797800 ) ) ;
#3734 = EDGE_CURVE ( 'NONE', #4601, #2754, #8208, .T. ) ;
#3735 = EDGE_LOOP ( 'NONE', ( #8626, #7047, #8460, #8019 ) ) ;
#3736 = EDGE_LOOP ( 'NONE', ( #826, #1116, #3005, #3993 ) ) ;
#3737 = VECTOR ( 'NONE', #7528, 100.0000000000000000 ) ;
#3738 = VERTEX_POINT ( 'NONE', #4906 ) ;
#3739 = ORIENTED_EDGE ( 'NONE', *, *, #1680, .T. ) ;
#3740 = CARTESIAN_POINT ( 'NONE',  ( -2.093494299791558877, 0.000000000000000000, -1.702338303390277252 ) ) ;
#3741 = CARTESIAN_POINT ( 'NONE',  ( -2.143951337957551218, 0.8999999999999995781, -0.8327500588231913081 ) ) ;
#3742 = CARTESIAN_POINT ( 'NONE',  ( 0.000000000000000000, 0.9000000000000001332, 0.000000000000000000 ) ) ;
#3743 = LINE ( 'NONE', #8775, #346 ) ;
#3744 = CARTESIAN_POINT ( 'NONE',  ( 2.789162174454038912, 0.000000000000000000, 0.2255907582982634163 ) ) ;
#3745 = ADVANCED_FACE ( 'NONE', ( #3501 ), #5709, .T. ) ;
#3746 = VERTEX_POINT ( 'NONE', #8475 ) ;
#3747 = AXIS2_PLACEMENT_3D ( 'NONE', #7709, #1270, #3429 ) ;
#3748 = EDGE_CURVE ( 'NONE', #8637, #8489, #4863, .T. ) ;
#3749 = ADVANCED_FACE ( 'NONE', ( #3405 ), #2136, .T. ) ;
#3750 = VERTEX_POINT ( 'NONE', #725 ) ;
#3751 = LINE ( 'NONE', #7235, #7390 ) ;
#3752 = ORIENTED_EDGE ( 'NONE', *, *, #4696, .F. ) ;
#3753 = ORIENTED_EDGE ( 'NONE', *, *, #8178, .F. ) ;
#3754 = CARTESIAN_POINT ( 'NONE',  ( -1.836011441959783275, 0.5639694227494321810, -2.006905556262552626 ) ) ;
#3755 = AXIS2_PLACEMENT_3D ( 'NONE', #517, #2674, #3382 ) ;
#3756 = CARTESIAN_POINT ( 'NONE',  ( -1.272792206135788140, 0.8000000000000000444, -1.272792206135783255 ) ) ;
#3757 = DIRECTION ( 'NONE',  ( 0.8871031560450736153, 0.000000000000000000, 0.4615712193528422880 ) ) ;
#3758 = DIRECTION ( 'NONE',  ( -0.08695652173913369365, 0.000000000000000000, 0.9962121075990953978 ) ) ;
#3759 = CARTESIAN_POINT ( 'NONE',  ( -0.7995736333737388790, 0.5013837380188949089, 2.681603779540946864 ) ) ;
#3760 = ORIENTED_EDGE ( 'NONE', *, *, #700, .F. ) ;
#3761 = ORIENTED_EDGE ( 'NONE', *, *, #2923, .F. ) ;
#3762 = CIRCLE ( 'NONE', #2413, 2.300000000000000266 ) ;
#3763 = CYLINDRICAL_SURFACE ( 'NONE', #6905, 0.1000000000000000888 ) ;
#3764 = VECTOR ( 'NONE', #4594, 100.0000000000000000 ) ;
#3765 = CARTESIAN_POINT ( 'NONE',  ( 0.1280538085463075182, 0.5482992156844559428, -2.736637056491973752 ) ) ;
#3766 = CARTESIAN_POINT ( 'NONE',  ( -1.235013156857752259, 0.8999999999999998002, 1.940294437034814745 ) ) ;
#3767 = CARTESIAN_POINT ( 'NONE',  ( -2.154640415614411886, 0.5013837380188959081, 1.785452745114168849 ) ) ;
#3768 = ORIENTED_EDGE ( 'NONE', *, *, #9169, .F. ) ;
#3769 = VERTEX_POINT ( 'NONE', #2039 ) ;
#3770 = LINE ( 'NONE', #1215, #2122 ) ;
#3771 = ADVANCED_FACE ( 'NONE', ( #5002 ), #3486, .T. ) ;
#3772 = CIRCLE ( 'NONE', #2117, 0.1000000000000000888 ) ;
#3773 = B_SPLINE_CURVE_WITH_KNOTS ( 'NONE', 3,
 ( #6768, #3102, #4564, #6726 ),
 .UNSPECIFIED., .F., .F.,
 ( 4, 4 ),
 ( 0.0008222123455998586348, 0.001178204275153680409 ),
 .UNSPECIFIED. ) ;
#3774 = CARTESIAN_POINT ( 'NONE',  ( 0.000000000000000000, 0.4000000000000000222, 0.000000000000000000 ) ) ;
#3775 = ADVANCED_FACE ( 'NONE', ( #7025 ), #1427, .T. ) ;
#3776 = DIRECTION ( 'NONE',  ( 0.7648973044904314733, 0.000000000000000000, -0.6441522441032648816 ) ) ;
#3777 = DIRECTION ( 'NONE',  ( 0.000000000000000000, 1.000000000000000000, 0.000000000000000000 ) ) ;
#3778 = AXIS2_PLACEMENT_3D ( 'NONE', #1972, #8323, #516 ) ;
#3779 = CARTESIAN_POINT ( 'NONE',  ( -1.445997286892675815, 0.8000000000000000444, 1.572792206135783299 ) ) ;
#3780 = DIRECTION ( 'NONE',  ( 0.000000000000000000, 0.000000000000000000, -1.000000000000000000 ) ) ;
#3781 = B_SPLINE_CURVE_WITH_KNOTS ( 'NONE', 3,
 ( #8441, #6818, #37, #5058, #7923, #84, #3550, #596, #5628, #2145 ),
 .UNSPECIFIED., .F., .F.,
 ( 4, 2, 2, 2, 4 ),
 ( 0.000000000000000000, 0.0003831395918291011400, 0.0007662791836582022800, 0.001149418775487303420, 0.001532558367316404560 ),
 .UNSPECIFIED. ) ;
#3782 = CARTESIAN_POINT ( 'NONE',  ( 1.845972749163211191, 0.5152387927717596572, 2.079940126123340338 ) ) ;
#3783 = AXIS2_PLACEMENT_3D ( 'NONE', #2200, #9244, #5681 ) ;
#3784 = VERTEX_POINT ( 'NONE', #4297 ) ;
#3785 = ORIENTED_EDGE ( 'NONE', *, *, #6284, .T. ) ;
#3786 = ADVANCED_FACE ( 'NONE', ( #4200 ), #3589, .T. ) ;
#3787 = ORIENTED_EDGE ( 'NONE', *, *, #1563, .F. ) ;
#3788 = VECTOR ( 'NONE', #1289, 100.0000000000000000 ) ;
#3789 = ORIENTED_EDGE ( 'NONE', *, *, #8563, .T. ) ;
#3790 = ORIENTED_EDGE ( 'NONE', *, *, #4579, .T. ) ;
#3791 = CARTESIAN_POINT ( 'NONE',  ( -2.471697620534865525, 0.5032447133622991453, 1.306961660893863453 ) ) ;
#3792 = DIRECTION ( 'NONE',  ( -0.000000000000000000, -1.000000000000000000, -0.000000000000000000 ) ) ;
#3793 = AXIS2_PLACEMENT_3D ( 'NONE', #6936, #6060, #2480 ) ;
#3794 = LINE ( 'NONE', #8068, #4709 ) ;
#3795 = DIRECTION ( 'NONE',  ( -0.000000000000000000, -1.000000000000000000, -0.000000000000000000 ) ) ;
#3796 = CARTESIAN_POINT ( 'NONE',  ( 2.193772081687386244, 0.000000000000000000, 1.737147339532188361 ) ) ;
#3797 = VECTOR ( 'NONE', #8426, 100.0000000000000000 ) ;
#3798 = AXIS2_PLACEMENT_3D ( 'NONE', #6438, #9296, #7892 ) ;
#3799 = ORIENTED_EDGE ( 'NONE', *, *, #1680, .F. ) ;
#3800 = VERTEX_POINT ( 'NONE', #2699 ) ;
#3801 = EDGE_CURVE ( 'NONE', #8584, #7934, #4404, .T. ) ;
#3802 = CARTESIAN_POINT ( 'NONE',  ( -2.193772081687373809, 0.000000000000000000, -1.737147339532203683 ) ) ;
#3803 = VERTEX_POINT ( 'NONE', #7128 ) ;
#3804 = AXIS2_PLACEMENT_3D ( 'NONE', #8395, #1258, #382 ) ;
#3805 = ORIENTED_EDGE ( 'NONE', *, *, #9223, .F. ) ;
#3806 = CARTESIAN_POINT ( 'NONE',  ( -1.790975452365403342, 0.5639694227494322920, 2.047196828785470490 ) ) ;
#3807 = LINE ( 'NONE', #239, #5596 ) ;
#3808 = DIRECTION ( 'NONE',  ( 0.000000000000000000, 0.000000000000000000, 1.000000000000000000 ) ) ;
#3809 = LINE ( 'NONE', #7431, #6920 ) ;
#3810 = CARTESIAN_POINT ( 'NONE',  ( -2.688714289429699811, 0.000000000000000000, 0.4116107342882222575 ) ) ;
#3811 = ORIENTED_EDGE ( 'NONE', *, *, #2041, .T. ) ;
#3812 = ORIENTED_EDGE ( 'NONE', *, *, #8617, .T. ) ;
#3813 = AXIS2_PLACEMENT_3D ( 'NONE', #72, #1518, #2222 ) ;
#3814 = DIRECTION ( 'NONE',  ( -0.4999999999999996669, 0.000000000000000000, 0.8660254037844389297 ) ) ;
#3815 = EDGE_CURVE ( 'NONE', #6942, #6679, #6324, .T. ) ;
#3816 = DIRECTION ( 'NONE',  ( -0.000000000000000000, -1.000000000000000000, -0.000000000000000000 ) ) ;
#3817 = PERSON_AND_ORGANIZATION_ROLE ( 'creator' ) ;
#3818 = CARTESIAN_POINT ( 'NONE',  ( -2.056234383696370571, 0.5560412871706281734, -1.795696000592553965 ) ) ;
#3819 = CARTESIAN_POINT ( 'NONE',  ( 0.9289593691397769470, 0.5482992156844564979, 2.577327035386795195 ) ) ;
#3820 = ORIENTED_EDGE ( 'NONE', *, *, #1761, .F. ) ;
#3821 = EDGE_LOOP ( 'NONE', ( #8625, #6710, #6812, #3233 ) ) ;
#3822 = CARTESIAN_POINT ( 'NONE',  ( -2.758208295617710526, 0.5271463900493872368, 0.2085382030411268017 ) ) ;
#3823 = DIRECTION ( 'NONE',  ( -0.9938606775724708742, 0.000000000000000000, 0.1106388429765475107 ) ) ;
#3824 = DIRECTION ( 'NONE',  ( -1.000000000000000000, 0.000000000000000000, -0.000000000000000000 ) ) ;
#3825 = CARTESIAN_POINT ( 'NONE',  ( 2.455854470789291533, 0.5014441230611187406, -1.341198725451436147 ) ) ;
#3826 = CARTESIAN_POINT ( 'NONE',  ( -2.356772047004894954, 0.000000000000000000, 1.313887210115766813 ) ) ;
#3827 = FACE_OUTER_BOUND ( 'NONE', #4433, .T. ) ;
#3828 = CARTESIAN_POINT ( 'NONE',  ( 1.822658638431663647, 0.5013176973172520645, 2.123408282953304305 ) ) ;
#3829 = ADVANCED_FACE ( 'NONE', ( #2083 ), #5570, .F. ) ;
#3830 = ORIENTED_EDGE ( 'NONE', *, *, #496, .F. ) ;
#3831 = ORIENTED_EDGE ( 'NONE', *, *, #5022, .F. ) ;
#3832 = DIRECTION ( 'NONE',  ( -0.000000000000000000, 1.000000000000000000, -0.000000000000000000 ) ) ;
#3833 = ORIENTED_EDGE ( 'NONE', *, *, #3068, .T. ) ;
#3834 = ORIENTED_EDGE ( 'NONE', *, *, #3686, .F. ) ;
#3835 = CARTESIAN_POINT ( 'NONE',  ( -0.3228824516354747987, 0.000000000000000000, -2.779579779042262722 ) ) ;
#3836 = DIRECTION ( 'NONE',  ( 0.000000000000000000, 1.000000000000000000, 0.000000000000000000 ) ) ;
#3837 = CARTESIAN_POINT ( 'NONE',  ( -1.794541407549351764, 0.5014441230611187406, -2.147011024526678469 ) ) ;
#3838 = CARTESIAN_POINT ( 'NONE',  ( 1.433076473234958348, 0.7884388346700346162, 1.974549446781459494 ) ) ;
#3839 = DIRECTION ( 'NONE',  ( 0.3024055482589637078, 0.000000000000000000, 0.9531793558308926384 ) ) ;
#3840 = ORIENTED_EDGE ( 'NONE', *, *, #6355, .T. ) ;
#3841 = ORIENTED_EDGE ( 'NONE', *, *, #6815, .T. ) ;
#3842 = CARTESIAN_POINT ( 'NONE',  ( 2.050761908753261142, 0.7884388346741098008, -1.321714526479232932 ) ) ;
#3843 = ORIENTED_EDGE ( 'NONE', *, *, #6277, .T. ) ;
#3844 = ORIENTED_EDGE ( 'NONE', *, *, #1488, .T. ) ;
#3845 = CARTESIAN_POINT ( 'NONE',  ( 2.373901100193238189, 0.000000000000000000, -1.282679870018537338 ) ) ;
#3846 = DIRECTION ( 'NONE',  ( 0.000000000000000000, 0.000000000000000000, 1.000000000000000000 ) ) ;
#3847 = CARTESIAN_POINT ( 'NONE',  ( -2.556750127584896948, 0.000000000000000000, 0.9282438859800604680 ) ) ;
#3848 = CARTESIAN_POINT ( 'NONE',  ( 0.000000000000000000, 0.4000000000000000222, 0.000000000000000000 ) ) ;
#3849 = CARTESIAN_POINT ( 'NONE',  ( -1.099587125378900687, 0.8000000000000000444, -0.9727922061357825445 ) ) ;
#3850 = EDGE_CURVE ( 'NONE', #8717, #2537, #9272, .T. ) ;
#3851 = EDGE_LOOP ( 'NONE', ( #2057, #8714, #457, #1013 ) ) ;
#3852 = VERTEX_POINT ( 'NONE', #3691 ) ;
#3853 = ADVANCED_FACE ( 'NONE', ( #2327 ), #5833, .T. ) ;
#3854 = FACE_OUTER_BOUND ( 'NONE', #8929, .T. ) ;
#3855 = AXIS2_PLACEMENT_3D ( 'NONE', #295, #6035, #156 ) ;
#3856 = PLANE ( 'NONE',  #4087 ) ;
#3857 = CARTESIAN_POINT ( 'NONE',  ( -2.464262899386302497, 0.000000000000000000, -1.151527806643399598 ) ) ;
#3858 = CARTESIAN_POINT ( 'NONE',  ( -0.2745723508974358129, 0.5013175801480321825, -2.784880372713975483 ) ) ;
#3859 = VERTEX_POINT ( 'NONE', #6518 ) ;
#3860 = EDGE_CURVE ( 'NONE', #5270, #3874, #6085, .T. ) ;
#3861 = VERTEX_POINT ( 'NONE', #5151 ) ;
#3862 = ADVANCED_FACE ( 'NONE', ( #6563 ), #866, .T. ) ;
#3863 = AXIS2_PLACEMENT_3D ( 'NONE', #3723, #5138, #8006 ) ;
#3864 = B_SPLINE_CURVE_WITH_KNOTS ( 'NONE', 3,
 ( #6930, #1187, #9042, #6315 ),
 .UNSPECIFIED., .F., .F.,
 ( 4, 4 ),
 ( 3.282350919410110542E-07, 0.005493070069606427464 ),
 .UNSPECIFIED. ) ;
#3865 = CARTESIAN_POINT ( 'NONE',  ( 0.9263820446220125682, 0.8000000000000000444, 1.272792206135783255 ) ) ;
#3866 = CARTESIAN_POINT ( 'NONE',  ( -1.319979243539597169, 0.000000000000000000, -1.883521912966406475 ) ) ;
#3867 = CARTESIAN_POINT ( 'NONE',  ( -2.490520000137329326, 0.000000000000000000, -1.275784838658433396 ) ) ;
#3868 = CARTESIAN_POINT ( 'NONE',  ( -1.912380108295865355, 0.000000000000000000, 1.277811535945067023 ) ) ;
#3869 = CARTESIAN_POINT ( 'NONE',  ( -2.673891364733731457, 0.5013837380188946868, 0.8249980577172025820 ) ) ;
#3870 = FACE_OUTER_BOUND ( 'NONE', #3054, .T. ) ;
#3871 = DIRECTION ( 'NONE',  ( 0.000000000000000000, 1.000000000000000000, 0.000000000000000000 ) ) ;
#3872 = ORIENTED_EDGE ( 'NONE', *, *, #2815, .T. ) ;
#3873 = ORIENTED_EDGE ( 'NONE', *, *, #4318, .T. ) ;
#3874 = VERTEX_POINT ( 'NONE', #2228 ) ;
#3875 = ADVANCED_FACE ( 'NONE', ( #3827 ), #3082, .F. ) ;
#3876 = VECTOR ( 'NONE', #5142, 100.0000000000000000 ) ;
#3877 = VERTEX_POINT ( 'NONE', #3037 ) ;
#3878 = ORIENTED_EDGE ( 'NONE', *, *, #9270, .F. ) ;
#3879 = CARTESIAN_POINT ( 'NONE',  ( 7.960204194457796709E-17, 0.000000000000000000, -0.6500000000000000222 ) ) ;
#3880 = CYLINDRICAL_SURFACE ( 'NONE', #3161, 0.7500000000000000000 ) ;
#3881 = CARTESIAN_POINT ( 'NONE',  ( -2.468087628778289133, 0.5013175801480319604, -1.318898071450723686 ) ) ;
#3882 = DIRECTION ( 'NONE',  ( -0.4999999999999998335, 0.000000000000000000, -0.8660254037844388186 ) ) ;
#3883 = FACE_OUTER_BOUND ( 'NONE', #2309, .T. ) ;
#3884 = ORIENTED_EDGE ( 'NONE', *, *, #3243, .F. ) ;
#3885 = VECTOR ( 'NONE', #8712, 100.0000000000000142 ) ;
#3886 = VERTEX_POINT ( 'NONE', #1524 ) ;
#3887 = DIRECTION ( 'NONE',  ( 0.000000000000000000, 1.000000000000000000, 0.000000000000000000 ) ) ;
#3888 = EDGE_CURVE ( 'NONE', #5155, #5491, #5685, .T. ) ;
#3889 = VERTEX_POINT ( 'NONE', #7270 ) ;
#3890 = VERTEX_POINT ( 'NONE', #5905 ) ;
#3891 = CARTESIAN_POINT ( 'NONE',  ( -0.8327500588231837586, 0.000000000000000000, 2.143951337957554326 ) ) ;
#3892 = DIRECTION ( 'NONE',  ( 0.000000000000000000, 0.000000000000000000, 1.000000000000000000 ) ) ;
#3893 = B_SPLINE_CURVE_WITH_KNOTS ( 'NONE', 3,
 ( #3144, #4513, #7378, #8931 ),
 .UNSPECIFIED., .F., .F.,
 ( 4, 4 ),
 ( 0.001041906709322767619, 0.006534648543792193238 ),
 .UNSPECIFIED. ) ;
#3894 = EDGE_CURVE ( 'NONE', #4438, #3581, #7028, .T. ) ;
#3895 = DIRECTION ( 'NONE',  ( 0.000000000000000000, 0.000000000000000000, -1.000000000000000000 ) ) ;
#3896 = CARTESIAN_POINT ( 'NONE',  ( 2.490520000137338652, 0.5013837380188946868, 1.275784838658418074 ) ) ;
#3897 = DIRECTION ( 'NONE',  ( 0.6270012801882253184, 0.000000000000000000, -0.7790182248460729708 ) ) ;
#3898 = ORIENTED_EDGE ( 'NONE', *, *, #1711, .F. ) ;
#3899 = ADVANCED_FACE ( 'NONE', ( #8764 ), #4345, .T. ) ;
#3900 = ORIENTED_EDGE ( 'NONE', *, *, #3110, .F. ) ;
#3901 = VERTEX_POINT ( 'NONE', #8854 ) ;
#3902 = VECTOR ( 'NONE', #9003, 100.0000000000000000 ) ;
#3903 = CARTESIAN_POINT ( 'NONE',  ( 2.436147096751858143, 0.000000000000000000, 1.380285232474614432 ) ) ;
#3904 = CARTESIAN_POINT ( 'NONE',  ( 1.151527806643375396, 0.5639694227494319589, -2.464262899386314931 ) ) ;
#3905 = DIRECTION ( 'NONE',  ( -0.000000000000000000, -1.000000000000000000, -0.000000000000000000 ) ) ;
#3906 = VECTOR ( 'NONE', #2859, 100.0000000000000000 ) ;
#3907 = EDGE_CURVE ( 'NONE', #5281, #222, #2985, .T. ) ;
#3908 = ORIENTED_EDGE ( 'NONE', *, *, #1975, .T. ) ;
#3909 = ORIENTED_EDGE ( 'NONE', *, *, #6269, .T. ) ;
#3910 = DESIGN_CONTEXT ( 'detailed design', #3951, 'design' ) ;
#3911 = CARTESIAN_POINT ( 'NONE',  ( 0.000000000000000000, 0.9000000000000001332, 0.000000000000000000 ) ) ;
#3912 = AXIS2_PLACEMENT_3D ( 'NONE', #1902, #6934, #8957 ) ;
#3913 = EDGE_CURVE ( 'NONE', #6385, #8320, #8806, .T. ) ;
#3914 = CARTESIAN_POINT ( 'NONE',  ( 2.464863230692724727, 0.5012820317192442365, 1.325095108003524702 ) ) ;
#3915 = EDGE_CURVE ( 'NONE', #7973, #5396, #8236, .T. ) ;
#3916 = DIRECTION ( 'NONE',  ( -0.000000000000000000, -1.000000000000000000, -0.000000000000000000 ) ) ;
#3917 = AXIS2_PLACEMENT_3D ( 'NONE', #9266, #2831, #4105 ) ;
#3918 = DIRECTION ( 'NONE',  ( 0.000000000000000000, 1.000000000000000000, 0.000000000000000000 ) ) ;
#3919 = DIRECTION ( 'NONE',  ( 0.000000000000000000, 1.000000000000000000, 0.000000000000000000 ) ) ;
#3920 = EDGE_CURVE ( 'NONE', #4080, #7097, #7096, .T. ) ;
#3921 = DIRECTION ( 'NONE',  ( -0.000000000000000000, 1.000000000000000000, -0.000000000000000000 ) ) ;
#3922 = ADVANCED_FACE ( 'NONE', ( #7916 ), #1178, .T. ) ;
#3923 = AXIS2_PLACEMENT_3D ( 'NONE', #3531, #7752, #1315 ) ;
#3924 = B_SPLINE_CURVE_WITH_KNOTS ( 'NONE', 3,
 ( #7843, #3565, #2204, #1403, #2059, #2913, #746, #2860, #5070, #5027 ),
 .UNSPECIFIED., .F., .F.,
 ( 4, 2, 2, 2, 4 ),
 ( 0.000000000000000000, 0.0003819510935555814704, 0.0007639021871111629407, 0.001145853280666744465, 0.001527804374222325881 ),
 .UNSPECIFIED. ) ;
#3925 = ORIENTED_EDGE ( 'NONE', *, *, #4897, .F. ) ;
#3926 = ORIENTED_EDGE ( 'NONE', *, *, #8175, .T. ) ;
#3927 = DIRECTION ( 'NONE',  ( -0.000000000000000000, -1.000000000000000000, -0.000000000000000000 ) ) ;
#3928 = EDGE_LOOP ( 'NONE', ( #1939, #1969, #5324, #3545 ) ) ;
#3929 = ORIENTED_EDGE ( 'NONE', *, *, #6248, .F. ) ;
#3930 = CARTESIAN_POINT ( 'NONE',  ( 2.207490408042124042, 0.000000000000000000, -1.722494150469609187 ) ) ;
#3931 = CARTESIAN_POINT ( 'NONE',  ( -0.8589474700274556396, 0.000000000000000000, -2.663179691528192450 ) ) ;
#3932 = EDGE_CURVE ( 'NONE', #1721, #870, #1475, .T. ) ;
#3933 = CARTESIAN_POINT ( 'NONE',  ( -2.155950649801658958, 0.5639694227494325141, 1.658458538036013508 ) ) ;
#3934 = DIRECTION ( 'NONE',  ( -0.000000000000000000, -1.000000000000000000, -0.000000000000000000 ) ) ;
#3935 = AXIS2_PLACEMENT_3D ( 'NONE', #3930, #1191, #1109 ) ;
#3936 = CARTESIAN_POINT ( 'NONE',  ( 1.099587125378899799, 0.4000000000000000222, -0.9727922061357825445 ) ) ;
#3937 = EDGE_LOOP ( 'NONE', ( #8077, #4452, #3457, #6260 ) ) ;
#3938 = VERTEX_POINT ( 'NONE', #5995 ) ;
#3939 = DIRECTION ( 'NONE',  ( 0.000000000000000000, 0.000000000000000000, 1.000000000000000000 ) ) ;
#3940 = VECTOR ( 'NONE', #7768, 100.0000000000000000 ) ;
#3941 = ORIENTED_EDGE ( 'NONE', *, *, #855, .F. ) ;
#3942 = B_SPLINE_CURVE_WITH_KNOTS ( 'NONE', 3,
 ( #358, #5425, #3257, #3216 ),
 .UNSPECIFIED., .F., .F.,
 ( 4, 4 ),
 ( 0.000000000000000000, 8.640868961413840745E-05 ),
 .UNSPECIFIED. ) ;
#3943 = VERTEX_POINT ( 'NONE', #5049 ) ;
#3944 = CARTESIAN_POINT ( 'NONE',  ( 2.623696206190595515, 0.5300170370933797725, 0.8646036630085331964 ) ) ;
#3945 = DIRECTION ( 'NONE',  ( -0.2781170528593628899, 0.000000000000000000, 0.9605471903601728867 ) ) ;
#3946 = CARTESIAN_POINT ( 'NONE',  ( -2.265217391304342964, 0.000000000000000000, -0.3984848430396620289 ) ) ;
#3947 = CARTESIAN_POINT ( 'NONE',  ( 0.000000000000000000, 0.9000000000000001332, 0.000000000000000000 ) ) ;
#3948 = VECTOR ( 'NONE', #7960, 100.0000000000000000 ) ;
#3950 = VECTOR ( 'NONE', #1404, 100.0000000000000000 ) ;
#3949 = CARTESIAN_POINT ( 'NONE',  ( 1.883521912966392930, 0.000000000000000000, -1.319979243539616709 ) ) ;
#3951 = APPLICATION_CONTEXT ( 'configuration controlled 3d designs of mechanical parts and assemblies' ) ;
#3952 = ADVANCED_FACE ( 'NONE', ( #1471 ), #7214, .T. ) ;
#3953 = VERTEX_POINT ( 'NONE', #9037 ) ;
#3954 = CONICAL_SURFACE ( 'NONE', #3637, 2.299999999999999822, 0.8960553845713439269 ) ;
#3955 = ORIENTED_EDGE ( 'NONE', *, *, #5805, .T. ) ;
#3956 = VERTEX_POINT ( 'NONE', #6090 ) ;
#3957 = EDGE_CURVE ( 'NONE', #8489, #3433, #309, .T. ) ;
#3958 = CIRCLE ( 'NONE', #5752, 0.09999999999999992228 ) ;
#3959 = DIRECTION ( 'NONE',  ( 0.000000000000000000, 1.000000000000000000, -0.000000000000000000 ) ) ;
#3960 = DIRECTION ( 'NONE',  ( 0.000000000000000000, 1.000000000000000000, 0.000000000000000000 ) ) ;
#3961 = FACE_OUTER_BOUND ( 'NONE', #3851, .T. ) ;
#3962 = FACE_OUTER_BOUND ( 'NONE', #8643, .T. ) ;
#3963 = ORIENTED_EDGE ( 'NONE', *, *, #6417, .T. ) ;
#3964 = EDGE_LOOP ( 'NONE', ( #3172, #9198, #3250, #4638 ) ) ;
#3965 = AXIS2_PLACEMENT_3D ( 'NONE', #6283, #5576, #2088 ) ;
#3966 = CARTESIAN_POINT ( 'NONE',  ( 2.673909772614561309, 0.5338837825254070246, 0.6744209498761515320 ) ) ;
#3967 = CARTESIAN_POINT ( 'NONE',  ( 2.576739882529194947, 0.5639694227498459611, 0.8712172545039291727 ) ) ;
#3968 = CARTESIAN_POINT ( 'NONE',  ( 0.8327500588231692147, 0.000000000000000000, -2.143951337957559211 ) ) ;
#3969 = DIRECTION ( 'NONE',  ( 0.000000000000000000, 1.000000000000000000, 0.000000000000000000 ) ) ;
#3970 = DIRECTION ( 'NONE',  ( 0.000000000000000000, 0.000000000000000000, 1.000000000000000000 ) ) ;
#3971 = CARTESIAN_POINT ( 'NONE',  ( -1.229627716722707431, 0.5098737586431254520, 2.501809684533269351 ) ) ;
#3972 = ADVANCED_FACE ( 'NONE', ( #3870 ), #5239, .T. ) ;
#3973 = CARTESIAN_POINT ( 'NONE',  ( -2.658617503868860421, 0.000000000000000000, -0.8784947171850934211 ) ) ;
#3974 = ORIENTED_EDGE ( 'NONE', *, *, #9138, .F. ) ;
#3975 = FACE_OUTER_BOUND ( 'NONE', #7009, .T. ) ;
#3976 = AXIS2_PLACEMENT_3D ( 'NONE', #2118, #1318, #7058 ) ;
#3977 = DIRECTION ( 'NONE',  ( 0.1106388429765397391, 0.000000000000000000, 0.9938606775724717624 ) ) ;
#3978 = CARTESIAN_POINT ( 'NONE',  ( 0.8589474700274756236, 0.000000000000000000, 2.663179691528185788 ) ) ;
#3979 = CARTESIAN_POINT ( 'NONE',  ( -1.272792206135788140, 1.000000000000000000, 1.472792206135783211 ) ) ;
#3980 = CARTESIAN_POINT ( 'NONE',  ( 1.272792206135787918, 0.8000000000000000444, -1.272792206135783477 ) ) ;
#3981 = DIRECTION ( 'NONE',  ( -0.000000000000000000, 1.000000000000000000, -0.000000000000000000 ) ) ;
#3982 = VERTEX_POINT ( 'NONE', #4050 ) ;
#3983 = ORIENTED_EDGE ( 'NONE', *, *, #8342, .F. ) ;
#3984 = ADVANCED_FACE ( 'NONE', ( #4007 ), #8950, .T. ) ;
#3985 = CARTESIAN_POINT ( 'NONE',  ( -2.781701389554652071, 0.5101996115923991271, -0.1761697820133064363 ) ) ;
#3986 = ORIENTED_EDGE ( 'NONE', *, *, #5325, .F. ) ;
#3987 = ORIENTED_EDGE ( 'NONE', *, *, #1275, .T. ) ;
#3988 = CARTESIAN_POINT ( 'NONE',  ( 2.444435101997056936, 0.000000000000000000, -1.362003618849599862 ) ) ;
#3989 = CARTESIAN_POINT ( 'NONE',  ( 2.784936085595037802, 0.5013175801480322935, 0.2740066885232204652 ) ) ;
#3990 = CARTESIAN_POINT ( 'NONE',  ( 0.000000000000000000, 0.000000000000000000, -2.299999999999999822 ) ) ;
#3991 = FACE_OUTER_BOUND ( 'NONE', #617, .T. ) ;
#3992 = PLANE ( 'NONE',  #5882 ) ;
#3993 = ORIENTED_EDGE ( 'NONE', *, *, #8861, .F. ) ;
#3994 = ORIENTED_EDGE ( 'NONE', *, *, #7264, .T. ) ;
#3995 = ORIENTED_EDGE ( 'NONE', *, *, #4880, .T. ) ;
#3996 = CARTESIAN_POINT ( 'NONE',  ( 0.000000000000000000, 0.4000000000000000222, 0.000000000000000000 ) ) ;
#3997 = DIRECTION ( 'NONE',  ( -0.000000000000000000, -1.000000000000000000, -0.000000000000000000 ) ) ;
#3998 = ADVANCED_FACE ( 'NONE', ( #5476 ), #401, .T. ) ;
#3999 = EDGE_CURVE ( 'NONE', #2485, #1137, #7772, .T. ) ;
#4000 = FACE_OUTER_BOUND ( 'NONE', #8065, .T. ) ;
#4001 = CARTESIAN_POINT ( 'NONE',  ( -1.445997286892675815, 0.8000000000000000444, 1.572792206135783299 ) ) ;
#4002 = ORIENTED_EDGE ( 'NONE', *, *, #5190, .F. ) ;
#4003 = AXIS2_PLACEMENT_3D ( 'NONE', #3544, #4908, #3646 ) ;
#4004 = CARTESIAN_POINT ( 'NONE',  ( -2.131752242351193871, 0.5013837380188959081, 1.812718732419738465 ) ) ;
#4005 = LINE ( 'NONE', #3297, #2929 ) ;
#4006 = CARTESIAN_POINT ( 'NONE',  ( -1.658458538036006180, 0.000000000000000000, -2.155950649801664287 ) ) ;
#4007 = FACE_OUTER_BOUND ( 'NONE', #3127, .T. ) ;
#4008 = DIRECTION ( 'NONE',  ( -0.000000000000000000, -1.000000000000000000, -0.000000000000000000 ) ) ;
#4009 = ORIENTED_EDGE ( 'NONE', *, *, #2493, .F. ) ;
#4010 = VERTEX_POINT ( 'NONE', #5426 ) ;
#4011 = VERTEX_POINT ( 'NONE', #2509 ) ;
#4012 = CARTESIAN_POINT ( 'NONE',  ( 2.780873995585131375, 0.5014441230611185185, -0.3110868424197555937 ) ) ;
#4013 = CARTESIAN_POINT ( 'NONE',  ( 0.000000000000000000, 0.9000000000000001332, 0.000000000000000000 ) ) ;
#4014 = DIRECTION ( 'NONE',  ( 0.000000000000000000, -0.000000000000000000, 1.000000000000000000 ) ) ;
#4015 = DIRECTION ( 'NONE',  ( 0.000000000000000000, 0.000000000000000000, 1.000000000000000000 ) ) ;
#4016 = CARTESIAN_POINT ( 'NONE',  ( -0.9263820446220125682, 0.4000000000000000222, -1.272792206135783477 ) ) ;
#4017 = AXIS2_PLACEMENT_3D ( 'NONE', #1054, #3927, #6798 ) ;
#4018 = EDGE_LOOP ( 'NONE', ( #5565, #7738, #8359, #3549 ) ) ;
#4019 = ORIENTED_EDGE ( 'NONE', *, *, #6940, .F. ) ;
#4020 = CARTESIAN_POINT ( 'NONE',  ( -2.776039616462695481, 0.5152387927717602123, -0.1654399188249504049 ) ) ;
#4021 = ORIENTED_EDGE ( 'NONE', *, *, #255, .T. ) ;
#4022 = ORIENTED_EDGE ( 'NONE', *, *, #6965, .T. ) ;
#4023 = CARTESIAN_POINT ( 'NONE',  ( 2.124922924775956457, 0.000000000000000000, 0.8801718944397161071 ) ) ;
#4024 = CARTESIAN_POINT ( 'NONE',  ( 2.367627359528432951, 0.5338837825254070246, -1.413852105465040587 ) ) ;
#4025 = CARTESIAN_POINT ( 'NONE',  ( 2.688714289429696702, 0.5639694227494324030, -0.4116107342882420195 ) ) ;
#4026 = ADVANCED_FACE ( 'NONE', ( #6179 ), #7492, .F. ) ;
#4027 = PLANE ( 'NONE',  #1992 ) ;
#4028 = CARTESIAN_POINT ( 'NONE',  ( 1.940294437034820074, 0.000000000000000000, 1.235013156857745820 ) ) ;
#4029 = ADVANCED_FACE ( 'NONE', ( #7623 ), #2418, .T. ) ;
#4030 = AXIS2_PLACEMENT_3D ( 'NONE', #77, #6704, #7962 ) ;
#4031 = EDGE_CURVE ( 'NONE', #7673, #2189, #5290, .T. ) ;
#4032 = ADVANCED_FACE ( 'NONE', ( #4632 ), #1049, .T. ) ;
#4033 = ORIENTED_EDGE ( 'NONE', *, *, #4052, .F. ) ;
#4034 = VERTEX_POINT ( 'NONE', #6747 ) ;
#4035 = B_SPLINE_CURVE_WITH_KNOTS ( 'NONE', 3,
 ( #4893, #2169, #3533, #7901 ),
 .UNSPECIFIED., .F., .F.,
 ( 4, 4 ),
 ( 0.001041878843619268831, 0.006534620678121658317 ),
 .UNSPECIFIED. ) ;
#4036 = ORIENTED_EDGE ( 'NONE', *, *, #7371, .T. ) ;
#4037 = DIRECTION ( 'NONE',  ( -0.000000000000000000, -1.000000000000000000, -0.000000000000000000 ) ) ;
#4038 = AXIS2_PLACEMENT_3D ( 'NONE', #3248, #393, #8893 ) ;
#4039 = CARTESIAN_POINT ( 'NONE',  ( -1.785452745114162187, 0.5013837380188954640, -2.154640415614418103 ) ) ;
#4040 = CARTESIAN_POINT ( 'NONE',  ( 1.235013156857738714, 0.8999999999999995781, -1.940294437034823627 ) ) ;
#4041 = CARTESIAN_POINT ( 'NONE',  ( -0.8431023688205896427, 0.5102758125174861048, 2.656604439835554388 ) ) ;
#4042 = CARTESIAN_POINT ( 'NONE',  ( -1.398950668835799993, 0.5101996115923982389, -2.410774862758604975 ) ) ;
#4043 = AXIS2_PLACEMENT_3D ( 'NONE', #126, #227, #3089 ) ;
#4044 = VERTEX_POINT ( 'NONE', #3166 ) ;
#4045 = AXIS2_PLACEMENT_3D ( 'NONE', #2965, #5124, #939 ) ;
#4046 = EDGE_CURVE ( 'NONE', #2993, #7522, #3279, .T. ) ;
#4047 = CARTESIAN_POINT ( 'NONE',  ( -2.556750127584896948, 0.5639694227494316259, 0.9282438859800604680 ) ) ;
#4048 = CARTESIAN_POINT ( 'NONE',  ( 2.474088437236945826, 0.5013837380188946868, 1.307364995081795156 ) ) ;
#4049 = CARTESIAN_POINT ( 'NONE',  ( -2.626503284226973545, 0.000000000000000000, 0.7071693041342169694 ) ) ;
#4050 = CARTESIAN_POINT ( 'NONE',  ( -1.737147339532196133, 0.000000000000000000, 2.193772081687380027 ) ) ;
#4051 = DIRECTION ( 'NONE',  ( 0.000000000000000000, -1.000000000000000000, 0.000000000000000000 ) ) ;
#4052 = EDGE_CURVE ( 'NONE', #222, #5894, #1759, .T. ) ;
#4053 = EDGE_LOOP ( 'NONE', ( #2762, #6389 ) ) ;
#4054 = CARTESIAN_POINT ( 'NONE',  ( -1.799359813060450897, 0.5153265304226568588, 2.120249997579979784 ) ) ;
#4055 = AXIS2_PLACEMENT_3D ( 'NONE', #1110, #2563, #3358 ) ;
#4056 = EDGE_CURVE ( 'NONE', #2502, #8049, #2556, .T. ) ;
#4057 = VERTEX_POINT ( 'NONE', #7539 ) ;
#4058 = CYLINDRICAL_SURFACE ( 'NONE', #8730, 0.1000000000000000888 ) ;
#4059 = LINE ( 'NONE', #1864, #6465 ) ;
#4060 = CARTESIAN_POINT ( 'NONE',  ( -1.589815391877634765, 0.000000000000000000, 1.662073109026483753 ) ) ;
#4061 = DIRECTION ( 'NONE',  ( 0.000000000000000000, -0.000000000000000000, -1.000000000000000000 ) ) ;
#4062 = CARTESIAN_POINT ( 'NONE',  ( -0.8712172545039849059, 0.5639694227494319589, 2.576739882529722525 ) ) ;
#4063 = EDGE_CURVE ( 'NONE', #8637, #4636, #6884, .T. ) ;
#4064 = AXIS2_PLACEMENT_3D ( 'NONE', #3416, #2010, #7647 ) ;
#4065 = ORIENTED_EDGE ( 'NONE', *, *, #9030, .F. ) ;
#4066 = ORIENTED_EDGE ( 'NONE', *, *, #9221, .F. ) ;
#4067 = DIRECTION ( 'NONE',  ( -0.000000000000000000, 1.000000000000000000, -0.000000000000000000 ) ) ;
#4068 = VECTOR ( 'NONE', #3839, 100.0000000000000142 ) ;
#4069 = ORIENTED_EDGE ( 'NONE', *, *, #4509, .T. ) ;
#4070 = VERTEX_POINT ( 'NONE', #8907 ) ;
#4071 = CARTESIAN_POINT ( 'NONE',  ( 2.681603779540948640, 0.5013837380188959081, 0.7995736333737297752 ) ) ;
#4072 = VECTOR ( 'NONE', #3264, 100.0000000000000000 ) ;
#4073 = CARTESIAN_POINT ( 'NONE',  ( 2.400106077889054390, 0.5152387927717601013, -1.404726711425101637 ) ) ;
#4074 = CARTESIAN_POINT ( 'NONE',  ( -2.688714289429699811, 0.5639694227494327361, 0.4116107342882222575 ) ) ;
#4075 = DIRECTION ( 'NONE',  ( 0.9536567964563968935, 0.000000000000000000, -0.3008965180465241751 ) ) ;
#4076 = B_SPLINE_CURVE_WITH_KNOTS ( 'NONE', 3,
 ( #4276, #56, #2307, #7243, #4469, #1449, #3567, #4370 ),
 .UNSPECIFIED., .F., .F.,
 ( 4, 2, 2, 4 ),
 ( 8.640868961413840745E-05, 0.0004479461090397069073, 0.0008094835284652753937, 0.001532558367316406295 ),
 .UNSPECIFIED. ) ;
#4077 = CARTESIAN_POINT ( 'NONE',  ( 2.269210806298604055, 0.7884388346760085042, -0.8962343513085995195 ) ) ;
#4078 = AXIS2_PLACEMENT_3D ( 'NONE', #9271, #3588, #6461 ) ;
#4079 = ORIENTED_EDGE ( 'NONE', *, *, #8336, .T. ) ;
#4080 = VERTEX_POINT ( 'NONE', #7584 ) ;
#4081 = ORIENTED_EDGE ( 'NONE', *, *, #9221, .T. ) ;
#4082 = AXIS2_PLACEMENT_3D ( 'NONE', #5773, #4919, #7735 ) ;
#4083 = EDGE_CURVE ( 'NONE', #6852, #2993, #1231, .T. ) ;
#4084 = CARTESIAN_POINT ( 'NONE',  ( 2.357262493485916099, 0.5639694227494315149, 1.357174072685340960 ) ) ;
#4085 = AXIS2_PLACEMENT_3D ( 'NONE', #1377, #7071, #6276 ) ;
#4086 = CARTESIAN_POINT ( 'NONE',  ( -1.764053043772698448, 0.5032447133622983682, -2.169229072541774439 ) ) ;
#4087 = AXIS2_PLACEMENT_3D ( 'NONE', #7436, #8890, #2457 ) ;
#4088 = CYLINDRICAL_SURFACE ( 'NONE', #5901, 0.1000000000000000056 ) ;
#4089 = CIRCLE ( 'NONE', #6498, 0.1000000000000000888 ) ;
#4090 = CARTESIAN_POINT ( 'NONE',  ( 0.8669029539392827388, 0.5340002883789662924, -2.617692316627607596 ) ) ;
#4091 = CARTESIAN_POINT ( 'NONE',  ( -1.674570589714856617, 0.5180976358458533326, 2.215771117704246951 ) ) ;
#4092 = ORIENTED_EDGE ( 'NONE', *, *, #762, .F. ) ;
#4093 = AXIS2_PLACEMENT_3D ( 'NONE', #2849, #3658, #4960 ) ;
#4094 = EDGE_CURVE ( 'NONE', #7876, #3943, #5749, .T. ) ;
#4095 = CARTESIAN_POINT ( 'NONE',  ( -2.691558631681712832, 0.5013837380188951309, -0.7653946419034018955 ) ) ;
#4096 = VERTEX_POINT ( 'NONE', #4989 ) ;
#4097 = CARTESIAN_POINT ( 'NONE',  ( -1.282679870018516910, 0.000000000000000000, -2.373901100193248848 ) ) ;
#4098 = AXIS2_PLACEMENT_3D ( 'NONE', #4814, #3644, #76 ) ;
#4099 = FACE_OUTER_BOUND ( 'NONE', #3497, .T. ) ;
#4100 = CARTESIAN_POINT ( 'NONE',  ( -2.677288443136324858, 0.5102758125174858828, 0.7749163479457287229 ) ) ;
#4101 = DIRECTION ( 'NONE',  ( 0.000000000000000000, 0.000000000000000000, -1.000000000000000000 ) ) ;
#4102 = ORIENTED_EDGE ( 'NONE', *, *, #6853, .T. ) ;
#4103 = B_SPLINE_CURVE_WITH_KNOTS ( 'NONE', 3,
 ( #1628, #2996, #6005, #7278 ),
 .UNSPECIFIED., .F., .F.,
 ( 4, 4 ),
 ( 0.001041868518098972626, 0.006534610352613575215 ),
 .UNSPECIFIED. ) ;
#4104 = CARTESIAN_POINT ( 'NONE',  ( -1.764915053207610107, 0.5013837380188954640, 2.171495263774698703 ) ) ;
#4105 = DIRECTION ( 'NONE',  ( 0.000000000000000000, -0.000000000000000000, -1.000000000000000000 ) ) ;
#4106 = ORIENTED_EDGE ( 'NONE', *, *, #1235, .F. ) ;
#4107 = CARTESIAN_POINT ( 'NONE',  ( -2.783462428670878008, 0.000000000000000000, 0.2874956239882375253 ) ) ;
#4108 = CARTESIAN_POINT ( 'NONE',  ( 2.104845743231122057, 0.000000000000000000, -0.9271593159763984460 ) ) ;
#4109 = EDGE_CURVE ( 'NONE', #7294, #8215, #6973, .T. ) ;
#4110 = FACE_OUTER_BOUND ( 'NONE', #3204, .T. ) ;
#4111 = CARTESIAN_POINT ( 'NONE',  ( -2.586669416146589295, 0.5416490529759305783, 0.9275457310449251036 ) ) ;
#4112 = CARTESIAN_POINT ( 'NONE',  ( 2.171495263774704476, 0.000000000000000000, 1.764915053207602780 ) ) ;
#4113 = ORIENTED_EDGE ( 'NONE', *, *, #5756, .F. ) ;
#4114 = ORIENTED_EDGE ( 'NONE', *, *, #7786, .F. ) ;
#4115 = DIRECTION ( 'NONE',  ( -0.000000000000000000, 1.000000000000000000, -0.000000000000000000 ) ) ;
#4116 = ORIENTED_EDGE ( 'NONE', *, *, #8657, .T. ) ;
#4117 = ORIENTED_EDGE ( 'NONE', *, *, #5729, .F. ) ;
#4118 = DIRECTION ( 'NONE',  ( 0.000000000000000000, -0.000000000000000000, 1.000000000000000000 ) ) ;
#4119 = CARTESIAN_POINT ( 'NONE',  ( 1.619202367649563046, 0.8000000000000000444, -1.272792206135783477 ) ) ;
#4120 = DIRECTION ( 'NONE',  ( -0.000000000000000000, -1.000000000000000000, -0.000000000000000000 ) ) ;
#4121 = DIRECTION ( 'NONE',  ( 0.000000000000000000, 1.000000000000000000, -0.000000000000000000 ) ) ;
#4122 = FACE_OUTER_BOUND ( 'NONE', #1474, .T. ) ;
#4123 = AXIS2_PLACEMENT_3D ( 'NONE', #6359, #9215, #9116 ) ;
#4124 = ORIENTED_EDGE ( 'NONE', *, *, #2564, .T. ) ;
#4125 = VERTEX_POINT ( 'NONE', #2029 ) ;
#4126 = EDGE_LOOP ( 'NONE', ( #859, #9092, #1186, #2798 ) ) ;
#4127 = CARTESIAN_POINT ( 'NONE',  ( 1.391518837931609465, 0.4000000000000000222, -1.572792206135783299 ) ) ;
#4128 = DIRECTION ( 'NONE',  ( 0.000000000000000000, 1.000000000000000000, 0.000000000000000000 ) ) ;
#4129 = EDGE_CURVE ( 'NONE', #8678, #5347, #5655, .T. ) ;
#4130 = CARTESIAN_POINT ( 'NONE',  ( 2.131752242351181437, 0.5013837380188954640, -1.812718732419753564 ) ) ;
#4131 = CARTESIAN_POINT ( 'NONE',  ( 2.468448075405007547, 0.5271463900493875698, -1.248184795281250148 ) ) ;
#4132 = EDGE_CURVE ( 'NONE', #330, #4167, #8509, .T. ) ;
#4133 = CARTESIAN_POINT ( 'NONE',  ( 1.272792206135787918, 1.000000000000000000, -1.272792206135783477 ) ) ;
#4134 = CARTESIAN_POINT ( 'NONE',  ( 0.2765890575571408050, 0.000000000000000000, 2.684058973958860506 ) ) ;
#4135 = VERTEX_POINT ( 'NONE', #4140 ) ;
#4136 = CARTESIAN_POINT ( 'NONE',  ( 2.093494299791570867, 0.000000000000000000, 1.702338303390263263 ) ) ;
#4137 = ORIENTED_EDGE ( 'NONE', *, *, #5805, .F. ) ;
#4138 = CARTESIAN_POINT ( 'NONE',  ( 2.686445381698009172, 0.000000000000000000, 0.2523594531672586072 ) ) ;
#4139 = CARTESIAN_POINT ( 'NONE',  ( -1.445997286892675815, 0.4000000000000000222, 1.572792206135783299 ) ) ;
#4140 = CARTESIAN_POINT ( 'NONE',  ( -0.4116107342882132092, 0.5639694227494322920, -2.688714289429701587 ) ) ;
#4141 = EDGE_CURVE ( 'NONE', #4439, #8532, #3431, .T. ) ;
#4142 = CARTESIAN_POINT ( 'NONE',  ( -0.1811758727515662692, 0.5639694227494322920, -2.713997647364023269 ) ) ;
#4143 = ADVANCED_FACE ( 'NONE', ( #4853 ), #4336, .T. ) ;
#4144 = EDGE_CURVE ( 'NONE', #4593, #6897, #1818, .T. ) ;
#4145 = CARTESIAN_POINT ( 'NONE',  ( -1.099587125378900243, 0.4000000000000000222, -1.572792206135783744 ) ) ;
#4146 = CARTESIAN_POINT ( 'NONE',  ( 1.409205145698862793, 0.000000000000000000, 2.326531492178988803 ) ) ;
#4147 = ORIENTED_EDGE ( 'NONE', *, *, #7498, .F. ) ;
#4148 = CARTESIAN_POINT ( 'NONE',  ( -0.4987091758571173816, 0.000000000000000000, -2.245281531994576696 ) ) ;
#4149 = CARTESIAN_POINT ( 'NONE',  ( -1.099587125378900687, 0.8000000000000000444, 0.9727922061357832106 ) ) ;
#4150 = CARTESIAN_POINT ( 'NONE',  ( 1.731988889561490330, 0.5138125860588184102, 2.178048827317125902 ) ) ;
#4151 = VECTOR ( 'NONE', #7807, 100.0000000000000142 ) ;
#4152 = CARTESIAN_POINT ( 'NONE',  ( -1.883521912966402034, 0.000000000000000000, 1.319979243539603386 ) ) ;
#4153 = CARTESIAN_POINT ( 'NONE',  ( 0.000000000000000000, 0.000000000000000000, -1.600000000000000089 ) ) ;
#4154 = EDGE_CURVE ( 'NONE', #3328, #6545, #1360, .T. ) ;
#4155 = ORIENTED_EDGE ( 'NONE', *, *, #8369, .F. ) ;
#4156 = ADVANCED_FACE ( 'NONE', ( #7716 ), #3490, .T. ) ;
#4157 = CARTESIAN_POINT ( 'NONE',  ( 0.05109392178901479842, 0.9000000000000004663, 2.299432410651858216 ) ) ;
#4158 = VERTEX_POINT ( 'NONE', #5611 ) ;
#4159 = EDGE_LOOP ( 'NONE', ( #8952, #1542 ) ) ;
#4160 = CARTESIAN_POINT ( 'NONE',  ( 0.7038394998798264135, 0.5152387927717595462, -2.690423066604967328 ) ) ;
#4161 = FACE_OUTER_BOUND ( 'NONE', #5636, .T. ) ;
#4162 = DIRECTION ( 'NONE',  ( -0.000000000000000000, -1.000000000000000000, -0.000000000000000000 ) ) ;
#4163 = DIRECTION ( 'NONE',  ( -0.000000000000000000, -1.000000000000000000, -0.000000000000000000 ) ) ;
#4164 = DIRECTION ( 'NONE',  ( 0.000000000000000000, 0.000000000000000000, -1.000000000000000000 ) ) ;
#4165 = B_SPLINE_CURVE_WITH_KNOTS ( 'NONE', 3,
 ( #2737, #7758, #2073, #673, #5612, #8467, #2877, #3493, #6362, #7159 ),
 .UNSPECIFIED., .F., .F.,
 ( 4, 2, 2, 2, 4 ),
 ( 0.000000000000000000, 0.0003831395918291014111, 0.0007662791836582028221, 0.001149418775487304287, 0.001532558367316405644 ),
 .UNSPECIFIED. ) ;
#4166 = EDGE_LOOP ( 'NONE', ( #6939, #18, #2947 ) ) ;
#4167 = VERTEX_POINT ( 'NONE', #672 ) ;
#4168 = ORIENTED_EDGE ( 'NONE', *, *, #194, .F. ) ;
#4169 = EDGE_CURVE ( 'NONE', #8537, #4611, #8466, .T. ) ;
#4170 = FACE_BOUND ( 'NONE', #8733, .T. ) ;
#4171 = B_SPLINE_CURVE_WITH_KNOTS ( 'NONE', 3,
 ( #8207, #9001, #2566, #8255 ),
 .UNSPECIFIED., .F., .F.,
 ( 4, 4 ),
 ( 3.282350919401676211E-07, 0.005493070069594659099 ),
 .UNSPECIFIED. ) ;
#4172 = EDGE_CURVE ( 'NONE', #7031, #5202, #4734, .T. ) ;
#4173 = VERTEX_POINT ( 'NONE', #9261 ) ;
#4174 = LINE ( 'NONE', #4971, #5411 ) ;
#4175 = AXIS2_PLACEMENT_3D ( 'NONE', #6250, #3287, #5542 ) ;
#4176 = CARTESIAN_POINT ( 'NONE',  ( 2.684058973958859617, 0.000000000000000000, -0.2765890575571507970 ) ) ;
#4177 = DIRECTION ( 'NONE',  ( 0.8660254037844389297, -0.000000000000000000, 0.4999999999999996669 ) ) ;
#4178 = CARTESIAN_POINT ( 'NONE',  ( -0.3086245775753342913, 0.5102758125174867709, 2.770039643070349999 ) ) ;
#4179 = CARTESIAN_POINT ( 'NONE',  ( 2.778918731282066013, 0.000000000000000000, 0.3429441425796274090 ) ) ;
#4180 = ADVANCED_FACE ( 'NONE', ( #2120, #716 ), #3578, .T. ) ;
#4181 = ORIENTED_EDGE ( 'NONE', *, *, #3441, .F. ) ;
#4182 = CIRCLE ( 'NONE', #8242, 0.2000000000000000111 ) ;
#4183 = CARTESIAN_POINT ( 'NONE',  ( -1.619202367649564378, 0.4000000000000000222, -1.272792206135783255 ) ) ;
#4184 = ORIENTED_EDGE ( 'NONE', *, *, #6167, .F. ) ;
#4185 = FACE_OUTER_BOUND ( 'NONE', #8913, .T. ) ;
#4186 = CONICAL_SURFACE ( 'NONE', #4505, 2.299999999999999822, 0.8960553845713439269 ) ;
#4187 = DIRECTION ( 'NONE',  ( 0.000000000000000000, 0.000000000000000000, 1.000000000000000000 ) ) ;
#4188 = CARTESIAN_POINT ( 'NONE',  ( 1.225435614585876909, 0.5433700853033572864, 2.457179925262225062 ) ) ;
#4189 = DIRECTION ( 'NONE',  ( 0.7790182248460707504, 0.000000000000000000, 0.6270012801882279829 ) ) ;
#4190 = VECTOR ( 'NONE', #3151, 100.0000000000000142 ) ;
#4191 = CARTESIAN_POINT ( 'NONE',  ( -1.940294437034811192, 0.000000000000000000, -1.235013156857758032 ) ) ;
#4192 = CARTESIAN_POINT ( 'NONE',  ( -0.9263820446220129012, 0.8000000000000000444, 1.272792206135783477 ) ) ;
#4193 = CIRCLE ( 'NONE', #1950, 2.299999999999999822 ) ;
#4194 = ADVANCED_FACE ( 'NONE', ( #5039 ), #8652, .T. ) ;
#4195 = ORIENTED_EDGE ( 'NONE', *, *, #3353, .T. ) ;
#4196 = FACE_OUTER_BOUND ( 'NONE', #3242, .T. ) ;
#4197 = LINE ( 'NONE', #4149, #5869 ) ;
#4198 = EDGE_CURVE ( 'NONE', #4374, #2810, #6292, .T. ) ;
#4199 = CARTESIAN_POINT ( 'NONE',  ( 2.375681728469525300, 0.5495878081777606505, 1.361207873146511371 ) ) ;
#4200 = FACE_OUTER_BOUND ( 'NONE', #3041, .T. ) ;
#4201 = CARTESIAN_POINT ( 'NONE',  ( 1.391518837931609243, 0.4000000000000000222, 1.572792206135783299 ) ) ;
#4202 = VECTOR ( 'NONE', #1059, 100.0000000000000142 ) ;
#4203 = VERTEX_POINT ( 'NONE', #2216 ) ;
#4204 = DIRECTION ( 'NONE',  ( 0.8660254037844391517, 0.000000000000000000, -0.4999999999999992784 ) ) ;
#4205 = EDGE_CURVE ( 'NONE', #4464, #1338, #7313, .T. ) ;
#4206 = ORIENTED_EDGE ( 'NONE', *, *, #3604, .F. ) ;
#4207 = ORIENTED_EDGE ( 'NONE', *, *, #1802, .T. ) ;
#4208 = CARTESIAN_POINT ( 'NONE',  ( 2.638445876326300787, 0.000000000000000000, -0.9373384435179926699 ) ) ;
#4209 = DIRECTION ( 'NONE',  ( -0.9962121075990952868, 0.000000000000000000, -0.08695652173913365202 ) ) ;
#4210 = AXIS2_PLACEMENT_3D ( 'NONE', #7913, #4903, #584 ) ;
#4211 = CARTESIAN_POINT ( 'NONE',  ( 0.8712172545039673643, 0.5639694227494322920, -2.576739882529728298 ) ) ;
#4212 = CARTESIAN_POINT ( 'NONE',  ( -1.360932093751770822, 0.5340002883789662924, 2.398269716332233070 ) ) ;
#4213 = CARTESIAN_POINT ( 'NONE',  ( 2.582636557280259648, 0.5593997790857323515, 0.8716099316313482559 ) ) ;
#4214 = VECTOR ( 'NONE', #4292, 100.0000000000000000 ) ;
#4215 = ORIENTED_EDGE ( 'NONE', *, *, #1488, .F. ) ;
#4216 = ORIENTED_EDGE ( 'NONE', *, *, #5878, .F. ) ;
#4217 = AXIS2_PLACEMENT_3D ( 'NONE', #3392, #3615, #8641 ) ;
#4218 = CARTESIAN_POINT ( 'NONE',  ( 0.000000000000000000, 0.000000000000000000, 0.000000000000000000 ) ) ;
#4219 = B_SPLINE_CURVE_WITH_KNOTS ( 'NONE', 3,
 ( #9280, #7086, #7034, #9236 ),
 .UNSPECIFIED., .F., .F.,
 ( 4, 4 ),
 ( 0.001223384809235965234, 0.001527804374222329134 ),
 .UNSPECIFIED. ) ;
#4220 = ORIENTED_EDGE ( 'NONE', *, *, #4325, .F. ) ;
#4221 = EDGE_LOOP ( 'NONE', ( #2263, #3789, #6667, #2743, #4495, #252, #5634 ) ) ;
#4222 = CARTESIAN_POINT ( 'NONE',  ( 1.282679870018530011, 0.5106748210293818868, 2.473901100193242719 ) ) ;
#4223 = CIRCLE ( 'NONE', #183, 2.299999999999999822 ) ;
#4224 = LINE ( 'NONE', #659, #1232 ) ;
#4225 = PLANE ( 'NONE',  #944 ) ;
#4226 = EDGE_CURVE ( 'NONE', #5281, #8607, #8752, .T. ) ;
#4227 = CARTESIAN_POINT ( 'NONE',  ( -0.3480831372671250312, 0.5484516897053789419, 2.717236446823780849 ) ) ;
#4228 = CIRCLE ( 'NONE', #1978, 2.299999999999999822 ) ;
#4229 = FACE_OUTER_BOUND ( 'NONE', #4612, .T. ) ;
#4230 = AXIS2_PLACEMENT_3D ( 'NONE', #5259, #3139, #8032 ) ;
#4231 = EDGE_CURVE ( 'NONE', #4167, #199, #911, .T. ) ;
#4232 = ORIENTED_EDGE ( 'NONE', *, *, #7079, .F. ) ;
#4233 = CIRCLE ( 'NONE', #8888, 0.1500000000000001332 ) ;
#4234 = DIRECTION ( 'NONE',  ( -0.000000000000000000, -1.000000000000000000, -0.000000000000000000 ) ) ;
#4235 = CARTESIAN_POINT ( 'NONE',  ( 2.608366502241223461, 0.5270647222874788040, -0.9209726854078029712 ) ) ;
#4237 = EDGE_LOOP ( 'NONE', ( #8272, #3065, #1473, #4461, #6584 ) ) ;
#4236 = CIRCLE ( 'NONE', #7994, 2.299999999999999822 ) ;
#4238 = CARTESIAN_POINT ( 'NONE',  ( -0.9282438859800510311, 0.5639694227494324030, -2.556750127584899168 ) ) ;
#4239 = CARTESIAN_POINT ( 'NONE',  ( 2.663179691528182680, 0.5013837380188959081, -0.8589474700274848384 ) ) ;
#4240 = CARTESIAN_POINT ( 'NONE',  ( -0.3228824516354747987, 0.5013837380188954640, -2.779579779042262722 ) ) ;
#4241 = CIRCLE ( 'NONE', #1383, 2.299999999999999822 ) ;
#4242 = LINE ( 'NONE', #8653, #7312 ) ;
#4243 = CARTESIAN_POINT ( 'NONE',  ( 0.000000000000000000, 0.4000000000000000222, 0.000000000000000000 ) ) ;
#4244 = VECTOR ( 'NONE', #3266, 100.0000000000000000 ) ;
#4245 = DIRECTION ( 'NONE',  ( -0.3008965180465277278, 0.000000000000000000, -0.9536567964563957833 ) ) ;
#4246 = ORIENTED_EDGE ( 'NONE', *, *, #3031, .F. ) ;
#4247 = CARTESIAN_POINT ( 'NONE',  ( -2.299999999999999822, 0.000000000000000000, -2.493622752942928889E-14 ) ) ;
#4248 = LINE ( 'NONE', #5000, #3022 ) ;
#4249 = EDGE_CURVE ( 'NONE', #8702, #4125, #470, .T. ) ;
#4250 = DIRECTION ( 'NONE',  ( -0.000000000000000000, 1.000000000000000000, -0.000000000000000000 ) ) ;
#4251 = CARTESIAN_POINT ( 'NONE',  ( 0.000000000000000000, 0.4000000000000000222, 0.000000000000000000 ) ) ;
#4252 = DIRECTION ( 'NONE',  ( -0.000000000000000000, -1.000000000000000000, -0.000000000000000000 ) ) ;
#4253 = EDGE_CURVE ( 'NONE', #4409, #4614, #3626, .T. ) ;
#4254 = CIRCLE ( 'NONE', #216, 2.299999999999999822 ) ;
#4255 = ORIENTED_EDGE ( 'NONE', *, *, #1563, .T. ) ;
#4256 = PLANE ( 'NONE',  #8017 ) ;
#4257 = AXIS2_PLACEMENT_3D ( 'NONE', #5009, #4204, #8571 ) ;
#4258 = VERTEX_POINT ( 'NONE', #758 ) ;
#4259 = ORIENTED_EDGE ( 'NONE', *, *, #134, .T. ) ;
#4260 = CARTESIAN_POINT ( 'NONE',  ( 2.216188383468739698, 0.7884388346700346162, -1.020324823231664846 ) ) ;
#4261 = LINE ( 'NONE', #7177, #2265 ) ;
#4262 = LINE ( 'NONE', #7137, #4848 ) ;
#4263 = CARTESIAN_POINT ( 'NONE',  ( 2.684922063587871222, 0.5014441230611191846, 0.7881806362169477831 ) ) ;
#4264 = CARTESIAN_POINT ( 'NONE',  ( 0.1811758727515853928, 0.000000000000000000, 2.713997647364021937 ) ) ;
#4265 = ORIENTED_EDGE ( 'NONE', *, *, #3663, .T. ) ;
#4266 = EDGE_CURVE ( 'NONE', #4337, #4697, #5183, .T. ) ;
#4267 = ORIENTED_EDGE ( 'NONE', *, *, #3014, .F. ) ;
#4268 = B_SPLINE_CURVE_WITH_KNOTS ( 'NONE', 3,
 ( #2417, #3690, #2369, #4400 ),
 .UNSPECIFIED., .F., .F.,
 ( 4, 4 ),
 ( 0.0008222052354737011994, 0.001178197165027522648 ),
 .UNSPECIFIED. ) ;
#4269 = FACE_OUTER_BOUND ( 'NONE', #5171, .T. ) ;
#4270 = ORIENTED_EDGE ( 'NONE', *, *, #8936, .T. ) ;
#4271 = ORIENTED_EDGE ( 'NONE', *, *, #6270, .T. ) ;
#4272 = DIRECTION ( 'NONE',  ( -0.000000000000000000, 1.000000000000000000, 0.000000000000000000 ) ) ;
#4273 = CARTESIAN_POINT ( 'NONE',  ( 2.677803268888413246, 0.5013175801480325156, -0.8125997288551102260 ) ) ;
#4274 = FACE_OUTER_BOUND ( 'NONE', #317, .T. ) ;
#4275 = VECTOR ( 'NONE', #4524, 100.0000000000000142 ) ;
#4276 = CARTESIAN_POINT ( 'NONE',  ( -0.2168951061243486467, 0.5016316978385264580, 2.789540963694346232 ) ) ;
#4277 = DIRECTION ( 'NONE',  ( 0.4811640873381605177, 0.000000000000000000, 0.8766305499217074138 ) ) ;
#4278 = PLANE ( 'NONE',  #6730 ) ;
#4279 = ORIENTED_EDGE ( 'NONE', *, *, #1167, .F. ) ;
#4280 = EDGE_CURVE ( 'NONE', #2978, #5367, #4291, .T. ) ;
#4281 = DIRECTION ( 'NONE',  ( -0.9596619953882959964, 0.000000000000000000, -0.2811562814652273645 ) ) ;
#4282 = CARTESIAN_POINT ( 'NONE',  ( -2.650611745651597850, 0.5560460307591192919, -0.6533367889769685632 ) ) ;
#4283 = ORIENTED_EDGE ( 'NONE', *, *, #4390, .F. ) ;
#4284 = EDGE_CURVE ( 'NONE', #3284, #794, #2078, .T. ) ;
#4285 = CARTESIAN_POINT ( 'NONE',  ( -0.1208403870883426184, 0.5639694227494327361, 2.717352668980065111 ) ) ;
#4286 = DIRECTION ( 'NONE',  ( 0.000000000000000000, 1.000000000000000000, 0.000000000000000000 ) ) ;
#4287 = CARTESIAN_POINT ( 'NONE',  ( -1.657029682194457898, 0.7884388346700345052, 1.790755798050378989 ) ) ;
#4288 = CARTESIAN_POINT ( 'NONE',  ( -2.786066592457916435, 0.5013837380188957971, -0.2610551053411910294 ) ) ;
#4289 = ORIENTED_EDGE ( 'NONE', *, *, #7122, .T. ) ;
#4290 = CARTESIAN_POINT ( 'NONE',  ( 0.000000000000000000, 0.000000000000000000, 0.000000000000000000 ) ) ;
#4291 = B_SPLINE_CURVE_WITH_KNOTS ( 'NONE', 3,
 ( #7256, #6503, #8796, #2926, #1653, #5792 ),
 .UNSPECIFIED., .F., .F.,
 ( 4, 2, 4 ),
 ( 0.0005857200028318352127, 0.001056762188527079517, 0.001527804374222323713 ),
 .UNSPECIFIED. ) ;
#4292 = DIRECTION ( 'NONE',  ( -0.000000000000000000, 1.000000000000000000, -0.000000000000000000 ) ) ;
#4293 = ORIENTED_EDGE ( 'NONE', *, *, #4226, .T. ) ;
#4294 = LINE ( 'NONE', #4148, #7675 ) ;
#4295 = LINE ( 'NONE', #2179, #1988 ) ;
#4296 = DIRECTION ( 'NONE',  ( 0.000000000000000000, 0.000000000000000000, -1.000000000000000000 ) ) ;
#4297 = CARTESIAN_POINT ( 'NONE',  ( -2.326531492178993243, 0.5639694227494328471, 1.409205145698854578 ) ) ;
#4298 = CARTESIAN_POINT ( 'NONE',  ( 0.4487077406370796329, 0.9000000000000004663, 2.255806144927432477 ) ) ;
#4299 = ADVANCED_FACE ( 'NONE', ( #108 ), #1562, .T. ) ;
#4300 = EDGE_LOOP ( 'NONE', ( #7415, #5056 ) ) ;
#4301 = CARTESIAN_POINT ( 'NONE',  ( -2.528461340622417008, 0.000000000000000000, -1.202864601265615008 ) ) ;
#4302 = AXIS2_PLACEMENT_3D ( 'NONE', #2690, #1050, #5477 ) ;
#4303 = VERTEX_POINT ( 'NONE', #2976 ) ;
#4304 = ORIENTED_EDGE ( 'NONE', *, *, #7784, .F. ) ;
#4305 = CARTESIAN_POINT ( 'NONE',  ( 2.680176324330242998, 0.000000000000000000, -0.3119758852043972852 ) ) ;
#4306 = CARTESIAN_POINT ( 'NONE',  ( 1.658458538036021501, 0.000000000000000000, 2.155950649801653185 ) ) ;
#4307 = FACE_OUTER_BOUND ( 'NONE', #3017, .T. ) ;
#4308 = FACE_OUTER_BOUND ( 'NONE', #8494, .T. ) ;
#4309 = CARTESIAN_POINT ( 'NONE',  ( 1.619202367649563046, 0.8000000000000000444, 1.272792206135783033 ) ) ;
#4310 = CC_DESIGN_PERSON_AND_ORGANIZATION_ASSIGNMENT ( #6645, #810, ( #1430 ) ) ;
#4311 = ORIENTED_EDGE ( 'NONE', *, *, #3801, .F. ) ;
#4312 = AXIS2_PLACEMENT_3D ( 'NONE', #749, #5604, #6352 ) ;
#4313 = ORIENTED_EDGE ( 'NONE', *, *, #3894, .F. ) ;
#4314 = DIRECTION ( 'NONE',  ( 0.000000000000000000, 0.000000000000000000, 1.000000000000000000 ) ) ;
#4315 = EDGE_CURVE ( 'NONE', #3890, #3487, #1510, .T. ) ;
#4316 = ORIENTED_EDGE ( 'NONE', *, *, #7569, .F. ) ;
#4317 = ORIENTED_EDGE ( 'NONE', *, *, #2615, .F. ) ;
#4318 = EDGE_CURVE ( 'NONE', #2140, #9200, #4496, .T. ) ;
#4319 = CARTESIAN_POINT ( 'NONE',  ( 2.299999999999999822, 0.000000000000000000, 7.801373251815524918E-15 ) ) ;
#4320 = EDGE_CURVE ( 'NONE', #4912, #9016, #7300, .T. ) ;
#4321 = CARTESIAN_POINT ( 'NONE',  ( 2.688714289429696702, 0.5639694227494324030, -0.4116107342882420195 ) ) ;
#4322 = EDGE_CURVE ( 'NONE', #3487, #5640, #2392, .T. ) ;
#4323 = CARTESIAN_POINT ( 'NONE',  ( 2.385378121632438120, 0.000000000000000000, 1.361207873146511371 ) ) ;
#4324 = DIRECTION ( 'NONE',  ( 3.469446951953614189E-15, 0.000000000000000000, 1.000000000000000000 ) ) ;
#4325 = EDGE_CURVE ( 'NONE', #1837, #5595, #947, .T. ) ;
#4326 = CARTESIAN_POINT ( 'NONE',  ( -0.9263820446220125682, 0.8000000000000000444, -1.272792206135783477 ) ) ;
#4327 = EDGE_LOOP ( 'NONE', ( #8388, #100, #7472, #8211 ) ) ;
#4328 = CYLINDRICAL_SURFACE ( 'NONE', #8693, 0.2000000000000000111 ) ;
#4329 = DIRECTION ( 'NONE',  ( 1.000000000000000000, 0.000000000000000000, 0.000000000000000000 ) ) ;
#4330 = EDGE_CURVE ( 'NONE', #6579, #8214, #5982, .T. ) ;
#4331 = ORIENTED_EDGE ( 'NONE', *, *, #3894, .T. ) ;
#4332 = CARTESIAN_POINT ( 'NONE',  ( 2.717352668980065555, 0.5639694227494326251, 0.1208403870883331815 ) ) ;
#4333 = CARTESIAN_POINT ( 'NONE',  ( 0.2058178426897744051, 0.5294883143993311947, 2.755474046220865780 ) ) ;
#4334 = DIRECTION ( 'NONE',  ( 0.000000000000000000, 0.000000000000000000, -1.000000000000000000 ) ) ;
#4335 = CARTESIAN_POINT ( 'NONE',  ( -2.192260848153283703, 0.5639694227494327361, -1.610155365304537511 ) ) ;
#4336 = CONICAL_SURFACE ( 'NONE', #291, 2.299999999999999822, 0.8960553845713439269 ) ;
#4337 = VERTEX_POINT ( 'NONE', #5981 ) ;
#4338 = ORIENTED_EDGE ( 'NONE', *, *, #3485, .T. ) ;
#4339 = DIRECTION ( 'NONE',  ( 0.4999999999999991673, 0.000000000000000000, 0.8660254037844390407 ) ) ;
#4340 = CARTESIAN_POINT ( 'NONE',  ( -2.784880372713974150, 0.5013175801480322935, 0.2745723508974444727 ) ) ;
#4341 = ORIENTED_EDGE ( 'NONE', *, *, #116, .F. ) ;
#4342 = DIRECTION ( 'NONE',  ( -0.000000000000000000, 1.000000000000000000, -0.000000000000000000 ) ) ;
#4343 = CARTESIAN_POINT ( 'NONE',  ( -2.778918731282062904, 0.000000000000000000, -0.3429441425796467824 ) ) ;
#4344 = DIRECTION ( 'NONE',  ( -0.000000000000000000, 1.000000000000000000, -0.000000000000000000 ) ) ;
#4345 = PLANE ( 'NONE',  #3136 ) ;
#4346 = CARTESIAN_POINT ( 'NONE',  ( 0.000000000000000000, 0.4000000000000000222, 0.000000000000000000 ) ) ;
#4347 = ADVANCED_FACE ( 'NONE', ( #2591 ), #6872, .T. ) ;
#4348 = EDGE_LOOP ( 'NONE', ( #8632, #1121 ) ) ;
#4349 = EDGE_CURVE ( 'NONE', #4867, #7993, #5467, .T. ) ;
#4350 = ORIENTED_EDGE ( 'NONE', *, *, #2074, .T. ) ;
#4351 = CARTESIAN_POINT ( 'NONE',  ( -0.2874956239882281994, 0.000000000000000000, -2.783462428670878896 ) ) ;
#4352 = ORIENTED_EDGE ( 'NONE', *, *, #9193, .F. ) ;
#4353 = VERTEX_POINT ( 'NONE', #4753 ) ;
#4354 = CARTESIAN_POINT ( 'NONE',  ( 0.7400171637419146187, 0.5032341246880194241, -2.696272466088987851 ) ) ;
#4355 = CARTESIAN_POINT ( 'NONE',  ( 0.000000000000000000, 1.000000000000000000, 0.7500000000000000000 ) ) ;
#4356 = ADVANCED_FACE ( 'NONE', ( #4000 ), #2406, .F. ) ;
#4357 = CARTESIAN_POINT ( 'NONE',  ( -0.2610551053411813149, 0.000000000000000000, 2.786066592457917768 ) ) ;
#4358 = CARTESIAN_POINT ( 'NONE',  ( 2.131752242351181437, 0.5013837380188954640, -1.812718732419753564 ) ) ;
#4359 = DIRECTION ( 'NONE',  ( -0.9536567964563991140, 0.000000000000000000, 0.3008965180465172917 ) ) ;
#4360 = AXIS2_PLACEMENT_3D ( 'NONE', #2104, #1446, #8495 ) ;
#4361 = ORIENTED_EDGE ( 'NONE', *, *, #7588, .F. ) ;
#4362 = ORIENTED_EDGE ( 'NONE', *, *, #9270, .T. ) ;
#4363 = CARTESIAN_POINT ( 'NONE',  ( -0.7653946419033929027, 0.5013837380188949089, 2.691558631681715941 ) ) ;
#4364 = CIRCLE ( 'NONE', #9012, 2.299999999999999822 ) ;
#4365 = ORIENTED_EDGE ( 'NONE', *, *, #1882, .F. ) ;
#4366 = ORIENTED_EDGE ( 'NONE', *, *, #5996, .T. ) ;
#4367 = DIRECTION ( 'NONE',  ( 0.000000000000000000, 0.000000000000000000, -1.000000000000000000 ) ) ;
#4368 = CARTESIAN_POINT ( 'NONE',  ( 2.774223253723183458, 0.5032341246880196461, -0.3481320906262028725 ) ) ;
#4369 = CARTESIAN_POINT ( 'NONE',  ( 2.357262493485916099, 0.5639694227494315149, 1.357174072685340960 ) ) ;
#4370 = CARTESIAN_POINT ( 'NONE',  ( -0.1208403870883426184, 0.5639694227494327361, 2.717352668980065111 ) ) ;
#4371 = AXIS2_PLACEMENT_3D ( 'NONE', #5033, #3621, #7898 ) ;
#4372 = B_SPLINE_CURVE_WITH_KNOTS ( 'NONE', 3,
 ( #3613, #5733, #7938, #7891, #2252, #7290, #4424, #9248, #4273, #701 ),
 .UNSPECIFIED., .F., .F.,
 ( 4, 2, 2, 2, 4 ),
 ( 4.249187360970369464E-18, 0.0003819510935555852109, 0.0007639021871111661933, 0.001145853280666747284, 0.001527804374222328267 ),
 .UNSPECIFIED. ) ;
#4373 = DIRECTION ( 'NONE',  ( 0.000000000000000000, 0.000000000000000000, 1.000000000000000000 ) ) ;
#4374 = VERTEX_POINT ( 'NONE', #7477 ) ;
#4375 = VERTEX_POINT ( 'NONE', #433 ) ;
#4376 = EDGE_CURVE ( 'NONE', #7449, #8973, #8665, .T. ) ;
#4377 = AXIS2_PLACEMENT_3D ( 'NONE', #3062, #384, #6114 ) ;
#4378 = CARTESIAN_POINT ( 'NONE',  ( -2.078048827317052094, 0.000000000000000000, 1.721158666054836583 ) ) ;
#4379 = CARTESIAN_POINT ( 'NONE',  ( -1.229627716723141972, 0.000000000000000000, 2.501809684532825706 ) ) ;
#4380 = ORIENTED_EDGE ( 'NONE', *, *, #4553, .F. ) ;
#4381 = VECTOR ( 'NONE', #7554, 100.0000000000000000 ) ;
#4382 = DIRECTION ( 'NONE',  ( -0.000000000000000000, 1.000000000000000000, -0.000000000000000000 ) ) ;
#4383 = AXIS2_PLACEMENT_3D ( 'NONE', #7591, #8251, #1901 ) ;
#4384 = PERSON_AND_ORGANIZATION ( #969, #9179 ) ;
#4385 = CARTESIAN_POINT ( 'NONE',  ( 1.434063003793139224, 0.000000000000000000, 2.404883219857421039 ) ) ;
#4386 = CARTESIAN_POINT ( 'NONE',  ( -2.147011024526672696, 0.5014441230611190736, 1.794541407549358647 ) ) ;
#4387 = ORIENTED_EDGE ( 'NONE', *, *, #5419, .F. ) ;
#4388 = VECTOR ( 'NONE', #7805, 100.0000000000000000 ) ;
#4389 = ORIENTED_EDGE ( 'NONE', *, *, #2198, .T. ) ;
#4390 = EDGE_CURVE ( 'NONE', #3156, #2042, #6780, .T. ) ;
#4391 = CARTESIAN_POINT ( 'NONE',  ( -1.391518837931609243, 0.4000000000000000222, 1.572792206135783299 ) ) ;
#4392 = CIRCLE ( 'NONE', #2292, 2.299999999999999822 ) ;
#4393 = B_SPLINE_CURVE_WITH_KNOTS ( 'NONE', 3,
 ( #1717, #8711, #4584, #260, #2986, #5240, #3081, #7309, #5802, #7445 ),
 .UNSPECIFIED., .F., .F.,
 ( 4, 2, 2, 2, 4 ),
 ( 0.000000000000000000, 0.0003831395918291005437, 0.0007662791836582010874, 0.001149418775487301685, 0.001532558367316402175 ),
 .UNSPECIFIED. ) ;
#4394 = PLANE ( 'NONE',  #9064 ) ;
#4395 = B_SPLINE_CURVE_WITH_KNOTS ( 'NONE', 3,
 ( #812, #3682, #6601, #2268, #8700, #5229, #6554, #3819, #5893, #209 ),
 .UNSPECIFIED., .F., .F.,
 ( 4, 2, 2, 2, 4 ),
 ( 0.000000000000000000, 0.0003831395918291017905, 0.0007662791836582035811, 0.001149418775487305372, 0.001532558367316407162 ),
 .UNSPECIFIED. ) ;
#4396 = DIRECTION ( 'NONE',  ( -0.1090656643110612806, 0.000000000000000000, -0.9940345471201627037 ) ) ;
#4397 = AXIS2_PLACEMENT_3D ( 'NONE', #4515, #7379, #933 ) ;
#4398 = CARTESIAN_POINT ( 'NONE',  ( 0.000000000000000000, 0.000000000000000000, 0.000000000000000000 ) ) ;
#4399 = VECTOR ( 'NONE', #6838, 100.0000000000000000 ) ;
#4400 = CARTESIAN_POINT ( 'NONE',  ( 0.2874956239882474618, 0.5013837380188956860, 2.783462428670876676 ) ) ;
#4401 = CARTESIAN_POINT ( 'NONE',  ( -1.341198725451415052, 0.5014441230611190736, -2.455854470789302635 ) ) ;
#4402 = CARTESIAN_POINT ( 'NONE',  ( -1.445997286892676259, 0.8000000000000000444, -0.9727922061357825445 ) ) ;
#4403 = AXIS2_PLACEMENT_3D ( 'NONE', #7697, #3415, #1164 ) ;
#4404 = B_SPLINE_CURVE_WITH_KNOTS ( 'NONE', 3,
 ( #9229, #6984, #2747, #7684 ),
 .UNSPECIFIED., .F., .F.,
 ( 4, 4 ),
 ( 0.000000000000000000, 0.0004870557516130389697 ),
 .UNSPECIFIED. ) ;
#4405 = ORIENTED_EDGE ( 'NONE', *, *, #7727, .T. ) ;
#4406 = AXIS2_PLACEMENT_3D ( 'NONE', #5252, #6714, #6007 ) ;
#4407 = EDGE_LOOP ( 'NONE', ( #2525, #264, #4777, #2528, #8294, #8597, #5967, #3908 ) ) ;
#4408 = EDGE_CURVE ( 'NONE', #2333, #2386, #5841, .T. ) ;
#4409 = VERTEX_POINT ( 'NONE', #1134 ) ;
#4410 = VERTEX_POINT ( 'NONE', #250 ) ;
#4411 = CARTESIAN_POINT ( 'NONE',  ( -2.452684164656607102, 0.5484516897053794970, 1.220195134738689013 ) ) ;
#4412 = DIRECTION ( 'NONE',  ( 0.000000000000000000, 1.000000000000000000, 0.000000000000000000 ) ) ;
#4413 = EDGE_CURVE ( 'NONE', #3482, #8250, #7117, .T. ) ;
#4414 = CARTESIAN_POINT ( 'NONE',  ( 0.000000000000000000, 0.9000000000000001332, 0.000000000000000000 ) ) ;
#4415 = LINE ( 'NONE', #4503, #929 ) ;
#4416 = CARTESIAN_POINT ( 'NONE',  ( -1.445997286892675815, 0.8000000000000000444, 1.572792206135783299 ) ) ;
#4417 = ORIENTED_EDGE ( 'NONE', *, *, #4843, .T. ) ;
#4418 = ORIENTED_EDGE ( 'NONE', *, *, #8634, .F. ) ;
#4419 = VECTOR ( 'NONE', #4067, 100.0000000000000000 ) ;
#4420 = CARTESIAN_POINT ( 'NONE',  ( -1.099587125378900465, 0.4000000000000000222, 1.572792206135783299 ) ) ;
#4421 = EDGE_LOOP ( 'NONE', ( #7082, #325, #2247, #1589 ) ) ;
#4422 = ORIENTED_EDGE ( 'NONE', *, *, #3907, .F. ) ;
#4423 = CARTESIAN_POINT ( 'NONE',  ( 2.115771117704252635, 0.000000000000000000, 1.674570589714849511 ) ) ;
#4424 = CARTESIAN_POINT ( 'NONE',  ( 2.677288443136317309, 0.5102758125174868820, -0.7749163479457482628 ) ) ;
#4425 = CARTESIAN_POINT ( 'NONE',  ( -2.686445381698006951, 0.000000000000000000, -0.2523594531672774255 ) ) ;
#4426 = DIRECTION ( 'NONE',  ( 0.000000000000000000, 0.000000000000000000, 1.000000000000000000 ) ) ;
#4427 = CARTESIAN_POINT ( 'NONE',  ( -2.564096361304103233, 0.5582773195736567828, 0.9288578182228135471 ) ) ;
#4428 = ORIENTED_EDGE ( 'NONE', *, *, #71, .F. ) ;
#4429 = VERTEX_POINT ( 'NONE', #3291 ) ;
#4430 = EDGE_CURVE ( 'NONE', #3750, #2978, #5432, .T. ) ;
#4431 = AXIS2_PLACEMENT_3D ( 'NONE', #9, #2686, #714 ) ;
#4432 = DIRECTION ( 'NONE',  ( -0.000000000000000000, -1.000000000000000000, -0.000000000000000000 ) ) ;
#4433 = EDGE_LOOP ( 'NONE', ( #7231, #2201, #501, #3925, #708 ) ) ;
#4434 = EDGE_CURVE ( 'NONE', #7450, #7530, #5200, .T. ) ;
#4435 = DIRECTION ( 'NONE',  ( -0.000000000000000000, -1.000000000000000000, -0.000000000000000000 ) ) ;
#4436 = CARTESIAN_POINT ( 'NONE',  ( -2.413098568542477729, 0.6763576274056516402, 0.9122522659845401227 ) ) ;
#4437 = DIRECTION ( 'NONE',  ( -0.7790182248460660874, 0.000000000000000000, -0.6270012801882337561 ) ) ;
#4438 = VERTEX_POINT ( 'NONE', #3857 ) ;
#4439 = VERTEX_POINT ( 'NONE', #2458 ) ;
#4440 = CARTESIAN_POINT ( 'NONE',  ( -1.848586517691804598, 0.5338837825254066916, -2.046305201167117449 ) ) ;
#4441 = CARTESIAN_POINT ( 'NONE',  ( -2.771582676709169135, 0.5153265304226570809, 0.2269036254899567395 ) ) ;
#4442 = ADVANCED_FACE ( 'NONE', ( #6125 ), #5330, .F. ) ;
#4443 = DIRECTION ( 'NONE',  ( -0.000000000000000000, -1.000000000000000000, -0.000000000000000000 ) ) ;
#4444 = PLANE ( 'NONE',  #6800 ) ;
#4445 = ADVANCED_FACE ( 'NONE', ( #3961 ), #6830, .T. ) ;
#4446 = CARTESIAN_POINT ( 'NONE',  ( 0.000000000000000000, 0.9000000000000001332, 0.000000000000000000 ) ) ;
#4447 = CARTESIAN_POINT ( 'NONE',  ( -2.401809684532822065, 0.000000000000000000, -1.229627716723149300 ) ) ;
#4448 = EDGE_CURVE ( 'NONE', #2474, #2483, #8367, .T. ) ;
#4449 = CARTESIAN_POINT ( 'NONE',  ( 0.3517800458162801958, 0.000000000000000000, -2.697194602940292452 ) ) ;
#4450 = ORIENTED_EDGE ( 'NONE', *, *, #8936, .F. ) ;
#4451 = ORIENTED_EDGE ( 'NONE', *, *, #1568, .T. ) ;
#4452 = ORIENTED_EDGE ( 'NONE', *, *, #6927, .T. ) ;
#4453 = EDGE_LOOP ( 'NONE', ( #82, #1512, #9285, #8943 ) ) ;
#4454 = LINE ( 'NONE', #3879, #3764 ) ;
#4455 = FACE_OUTER_BOUND ( 'NONE', #1578, .T. ) ;
#4456 = EDGE_CURVE ( 'NONE', #89, #4682, #7762, .T. ) ;
#4457 = FACE_OUTER_BOUND ( 'NONE', #1647, .T. ) ;
#4458 = CARTESIAN_POINT ( 'NONE',  ( 1.724057583095308210, 0.6763576274005854705, -1.919081641957895767 ) ) ;
#4459 = CARTESIAN_POINT ( 'NONE',  ( 0.3506840417327793391, 0.5560412871706279514, -2.707331651296761788 ) ) ;
#4460 = ORIENTED_EDGE ( 'NONE', *, *, #823, .F. ) ;
#4461 = ORIENTED_EDGE ( 'NONE', *, *, #148, .F. ) ;
#4462 = CIRCLE ( 'NONE', #2044, 0.2000000000000000111 ) ;
#4463 = DIRECTION ( 'NONE',  ( 0.000000000000000000, 0.000000000000000000, 1.000000000000000000 ) ) ;
#4464 = VERTEX_POINT ( 'NONE', #2725 ) ;
#4465 = ORIENTED_EDGE ( 'NONE', *, *, #2749, .T. ) ;
#4466 = CARTESIAN_POINT ( 'NONE',  ( 0.4987091758571342015, 0.000000000000000000, 2.245281531994572255 ) ) ;
#4467 = CYLINDRICAL_SURFACE ( 'NONE', #5154, 0.1000000000000000888 ) ;
#4468 = CARTESIAN_POINT ( 'NONE',  ( -0.3673168551980467988, 0.6763576274056654070, 2.553493141988639081 ) ) ;
#4469 = CARTESIAN_POINT ( 'NONE',  ( -0.1616064807727666530, 0.5174077415377997813, 2.773547244408040680 ) ) ;
#4470 = AXIS2_PLACEMENT_3D ( 'NONE', #5468, #5372, #8941 ) ;
#4471 = DIRECTION ( 'NONE',  ( 0.9942059264903054805, 0.000000000000000000, -0.1074922124228222392 ) ) ;
#4472 = ADVANCED_FACE ( 'NONE', ( #6351 ), #6602, .T. ) ;
#4473 = ORIENTED_EDGE ( 'NONE', *, *, #6124, .T. ) ;
#4474 = VERTEX_POINT ( 'NONE', #7007 ) ;
#4475 = EDGE_CURVE ( 'NONE', #2483, #3096, #2840, .T. ) ;
#4476 = LINE ( 'NONE', #7434, #3295 ) ;
#4477 = CARTESIAN_POINT ( 'NONE',  ( 0.1654399188249223440, 0.5152387927717596572, -2.776039616462698589 ) ) ;
#4478 = CALENDAR_DATE ( 2024, 26, 9 ) ;
#4479 = EDGE_CURVE ( 'NONE', #8549, #7140, #1617, .T. ) ;
#4480 = DIRECTION ( 'NONE',  ( -4.336808689942013792E-15, 0.000000000000000000, 1.000000000000000000 ) ) ;
#4481 = VECTOR ( 'NONE', #2785, 100.0000000000000000 ) ;
#4482 = CARTESIAN_POINT ( 'NONE',  ( 0.000000000000000000, 0.000000000000000000, 0.000000000000000000 ) ) ;
#4483 = VERTEX_POINT ( 'NONE', #2678 ) ;
#4484 = ORIENTED_EDGE ( 'NONE', *, *, #7368, .T. ) ;
#4485 = DIRECTION ( 'NONE',  ( 0.000000000000000000, 1.000000000000000000, 0.000000000000000000 ) ) ;
#4486 = CARTESIAN_POINT ( 'NONE',  ( 0.7653946419033743620, 0.5013837380188952420, -2.691558631681720826 ) ) ;
#4487 = DIRECTION ( 'NONE',  ( 0.000000000000000000, 0.000000000000000000, 1.000000000000000000 ) ) ;
#4488 = DIRECTION ( 'NONE',  ( -0.9605471903601729977, 0.000000000000000000, -0.2781170528593629454 ) ) ;
#4489 = VECTOR ( 'NONE', #8990, 100.0000000000000000 ) ;
#4490 = DIRECTION ( 'NONE',  ( 0.000000000000000000, 0.000000000000000000, 1.000000000000000000 ) ) ;
#4491 = CARTESIAN_POINT ( 'NONE',  ( -2.513238335224675879, 0.6763576274011461331, -0.5821356961067969404 ) ) ;
#4492 = LINE ( 'NONE', #4449, #1007 ) ;
#4493 = EDGE_CURVE ( 'NONE', #4639, #5712, #3294, .T. ) ;
#4494 = ORIENTED_EDGE ( 'NONE', *, *, #3402, .T. ) ;
#4495 = ORIENTED_EDGE ( 'NONE', *, *, #5471, .T. ) ;
#4496 = CIRCLE ( 'NONE', #2832, 0.1000000000000000888 ) ;
#4497 = EDGE_CURVE ( 'NONE', #4780, #1980, #4182, .T. ) ;
#4498 = ORIENTED_EDGE ( 'NONE', *, *, #9288, .T. ) ;
#4499 = ORIENTED_EDGE ( 'NONE', *, *, #5418, .F. ) ;
#4500 = DIRECTION ( 'NONE',  ( -0.000000000000000000, -1.000000000000000000, -0.000000000000000000 ) ) ;
#4501 = DIRECTION ( 'NONE',  ( -0.1074922124228154668, 0.000000000000000000, -0.9942059264903063687 ) ) ;
#4502 = DIRECTION ( 'NONE',  ( 1.000000000000000000, 0.000000000000000000, 0.000000000000000000 ) ) ;
#4503 = CARTESIAN_POINT ( 'NONE',  ( 1.673030232386753857, 0.000000000000000000, -2.245210422548391094 ) ) ;
#4504 = CYLINDRICAL_SURFACE ( 'NONE', #5577, 0.1000000000000000888 ) ;
#4505 = AXIS2_PLACEMENT_3D ( 'NONE', #6526, #2949, #5811 ) ;
#4506 = ORIENTED_EDGE ( 'NONE', *, *, #3913, .T. ) ;
#4507 = AXIS2_PLACEMENT_3D ( 'NONE', #292, #7526, #5329 ) ;
#4508 = VERTEX_POINT ( 'NONE', #9159 ) ;
#4509 = EDGE_CURVE ( 'NONE', #5199, #3738, #5647, .T. ) ;
#4510 = FACE_OUTER_BOUND ( 'NONE', #3654, .T. ) ;
#4511 = ORIENTED_EDGE ( 'NONE', *, *, #1798, .T. ) ;
#4512 = ORIENTED_EDGE ( 'NONE', *, *, #4280, .T. ) ;
#4513 = CARTESIAN_POINT ( 'NONE',  ( 2.499686125209642729, 0.6763576274006443123, -0.6378229956361515240 ) ) ;
#4514 = AXIS2_PLACEMENT_3D ( 'NONE', #8830, #2346, #7289 ) ;
#4515 = CARTESIAN_POINT ( 'NONE',  ( 0.000000000000000000, 0.8000000000000000444, 0.000000000000000000 ) ) ;
#4516 = CARTESIAN_POINT ( 'NONE',  ( 2.474088437236945826, 0.5013837380188946868, 1.307364995081795156 ) ) ;
#4517 = DIRECTION ( 'NONE',  ( 0.000000000000000000, 1.000000000000000000, 0.000000000000000000 ) ) ;
#4518 = CARTESIAN_POINT ( 'NONE',  ( -2.556750127584896948, 0.5639694227494316259, 0.9282438859800604680 ) ) ;
#4519 = ORIENTED_EDGE ( 'NONE', *, *, #6305, .T. ) ;
#4520 = ORIENTED_EDGE ( 'NONE', *, *, #8366, .T. ) ;
#4521 = AXIS2_PLACEMENT_3D ( 'NONE', #6058, #7592, #6186 ) ;
#4522 = LINE ( 'NONE', #945, #3003 ) ;
#4523 = ADVANCED_FACE ( 'NONE', ( #1359 ), #2775, .T. ) ;
#4524 = DIRECTION ( 'NONE',  ( -0.7659158829736016916, 0.000000000000000000, 0.6429407905933236522 ) ) ;
#4525 = COORDINATED_UNIVERSAL_TIME_OFFSET ( 9, 0, .AHEAD. ) ;
#4526 = DIRECTION ( 'NONE',  ( -0.000000000000000000, 1.000000000000000000, -0.000000000000000000 ) ) ;
#4527 = CARTESIAN_POINT ( 'NONE',  ( -0.2874956239882281994, 0.5013837380188954640, -2.783462428670878896 ) ) ;
#4528 = ORIENTED_EDGE ( 'NONE', *, *, #1624, .F. ) ;
#4529 = ORIENTED_EDGE ( 'NONE', *, *, #7651, .T. ) ;
#4530 = VECTOR ( 'NONE', #7726, 100.0000000000000000 ) ;
#4531 = AXIS2_PLACEMENT_3D ( 'NONE', #9268, #7765, #722 ) ;
#4532 = CARTESIAN_POINT ( 'NONE',  ( -2.713997647364022381, 0.5639694227494324030, 0.1811758727515754008 ) ) ;
#4533 = CARTESIAN_POINT ( 'NONE',  ( 0.9263820446220125682, 0.4000000000000000222, 1.272792206135783255 ) ) ;
#4534 = DIRECTION ( 'NONE',  ( 0.1090656643110647361, 0.000000000000000000, 0.9940345471201622596 ) ) ;
#4535 = B_SPLINE_CURVE_WITH_KNOTS ( 'NONE', 3,
 ( #1743, #5267, #1782, #2349, #1834, #336, #984, #8129, #6635, #7334 ),
 .UNSPECIFIED., .F., .F.,
 ( 4, 2, 2, 2, 4 ),
 ( 3.878959614448864246E-18, 0.0003819510935555852109, 0.0007639021871111665186, 0.001145853280666747718, 0.001527804374222329134 ),
 .UNSPECIFIED. ) ;
#4536 = LINE ( 'NONE', #5150, #778 ) ;
#4537 = DIRECTION ( 'NONE',  ( 0.000000000000000000, 1.000000000000000000, 0.000000000000000000 ) ) ;
#4538 = VECTOR ( 'NONE', #8805, 100.0000000000000000 ) ;
#4539 = CARTESIAN_POINT ( 'NONE',  ( 1.812718732419745571, 0.5013837380188957971, 2.131752242351188098 ) ) ;
#4540 = AXIS2_PLACEMENT_3D ( 'NONE', #4218, #6343, #8492 ) ;
#4541 = ORIENTED_EDGE ( 'NONE', *, *, #9196, .T. ) ;
#4542 = ORIENTED_EDGE ( 'NONE', *, *, #8052, .T. ) ;
#4543 = AXIS2_PLACEMENT_3D ( 'NONE', #5253, #1677, #4554 ) ;
#4544 = CARTESIAN_POINT ( 'NONE',  ( 2.796310035629891999, 0.000000000000000000, 0.1437017210598083017 ) ) ;
#4545 = VECTOR ( 'NONE', #4534, 100.0000000000000000 ) ;
#4546 = EDGE_CURVE ( 'NONE', #4409, #2209, #438, .T. ) ;
#4547 = ORIENTED_EDGE ( 'NONE', *, *, #2753, .T. ) ;
#4548 = EDGE_LOOP ( 'NONE', ( #6453, #174, #1848, #7737 ) ) ;
#4549 = CARTESIAN_POINT ( 'NONE',  ( 2.688714289429696702, 0.000000000000000000, -0.4116107342882420195 ) ) ;
#4550 = CARTESIAN_POINT ( 'NONE',  ( 2.626503284226967327, 0.000000000000000000, -0.7071693041342360653 ) ) ;
#4551 = CIRCLE ( 'NONE', #1237, 2.299999999999999822 ) ;
#4552 = CARTESIAN_POINT ( 'NONE',  ( -2.736518469213733429, 0.5340002883789664034, -0.3395592197717307026 ) ) ;
#4553 = EDGE_CURVE ( 'NONE', #8937, #4945, #9251, .T. ) ;
#4554 = DIRECTION ( 'NONE',  ( 0.2811562814652205922, 0.000000000000000000, -0.9596619953882979948 ) ) ;
#4555 = CARTESIAN_POINT ( 'NONE',  ( 0.7271434910628985504, 0.5396864610368754533, 2.652533288985603921 ) ) ;
#4556 = CIRCLE ( 'NONE', #5464, 0.2000000000000000111 ) ;
#4557 = ORIENTED_EDGE ( 'NONE', *, *, #6829, .F. ) ;
#4558 = EDGE_LOOP ( 'NONE', ( #8682, #6477, #2202, #3272 ) ) ;
#4559 = DIRECTION ( 'NONE',  ( -0.000000000000000000, -1.000000000000000000, -0.000000000000000000 ) ) ;
#4560 = VERTEX_POINT ( 'NONE', #6441 ) ;
#4561 = VECTOR ( 'NONE', #7696, 100.0000000000000000 ) ;
#4562 = ORIENTED_EDGE ( 'NONE', *, *, #7480, .F. ) ;
#4563 = PLANE ( 'NONE',  #763 ) ;
#4564 = CARTESIAN_POINT ( 'NONE',  ( -2.684922063587866781, 0.5014441230611180744, -0.7881806362169655467 ) ) ;
#4565 = CARTESIAN_POINT ( 'NONE',  ( 0.000000000000000000, 0.4000000000000000222, 0.000000000000000000 ) ) ;
#4566 = ADVANCED_FACE ( 'NONE', ( #1 ), #7847, .F. ) ;
#4567 = DIRECTION ( 'NONE',  ( 0.000000000000000000, 0.000000000000000000, 1.000000000000000000 ) ) ;
#4568 = DIRECTION ( 'NONE',  ( 0.7790182248460729708, 0.000000000000000000, 0.6270012801882253184 ) ) ;
#4569 = ADVANCED_FACE ( 'NONE', ( #2863 ), #2162, .T. ) ;
#4570 = ORIENTED_EDGE ( 'NONE', *, *, #7900, .F. ) ;
#4571 = ORIENTED_EDGE ( 'NONE', *, *, #8337, .F. ) ;
#4572 = DIRECTION ( 'NONE',  ( 0.8871031560450756137, 0.000000000000000000, 0.4615712193528388463 ) ) ;
#4573 = CARTESIAN_POINT ( 'NONE',  ( 1.258736893808798163, 0.000000000000000000, 2.501116037325053831 ) ) ;
#4574 = DIRECTION ( 'NONE',  ( 0.000000000000000000, 0.000000000000000000, 1.000000000000000000 ) ) ;
#4575 = CARTESIAN_POINT ( 'NONE',  ( -1.790755798049704861, 0.7884388346706138195, -1.657029682194114839 ) ) ;
#4576 = ORIENTED_EDGE ( 'NONE', *, *, #7284, .T. ) ;
#4577 = ORIENTED_EDGE ( 'NONE', *, *, #4169, .F. ) ;
#4578 = EDGE_CURVE ( 'NONE', #7876, #3303, #4857, .T. ) ;
#4579 = EDGE_CURVE ( 'NONE', #8690, #2426, #5883, .T. ) ;
#4580 = DIRECTION ( 'NONE',  ( -0.4999999999999999445, 0.000000000000000000, 0.8660254037844387076 ) ) ;
#4581 = CARTESIAN_POINT ( 'NONE',  ( -0.3119758852043686415, 0.000000000000000000, -2.680176324330246551 ) ) ;
#4582 = LINE ( 'NONE', #3867, #6053 ) ;
#4583 = CARTESIAN_POINT ( 'NONE',  ( 0.9271593159763918957, 0.9000000000000004663, 2.104845743231125166 ) ) ;
#4584 = CARTESIAN_POINT ( 'NONE',  ( 2.113270506503117208, 0.5032341246880195351, -1.830737113942434657 ) ) ;
#4585 = CARTESIAN_POINT ( 'NONE',  ( 2.385378121632438120, 0.000000000000000000, 1.261207873146511282 ) ) ;
#4586 = CARTESIAN_POINT ( 'NONE',  ( -0.8363145284872802732, 0.5014441230611190736, -2.670320806998553120 ) ) ;
#4587 = ADVANCED_FACE ( 'NONE', ( #5122 ), #6588, .T. ) ;
#4588 = ORIENTED_EDGE ( 'NONE', *, *, #4376, .F. ) ;
#4589 = VERTEX_POINT ( 'NONE', #2963 ) ;
#4590 = CARTESIAN_POINT ( 'NONE',  ( -0.1811758727515662692, 0.5639694227494322920, -2.713997647364023269 ) ) ;
#4591 = ADVANCED_FACE ( 'NONE', ( #145 ), #5555, .T. ) ;
#4592 = ORIENTED_EDGE ( 'NONE', *, *, #5959, .T. ) ;
#4593 = VERTEX_POINT ( 'NONE', #8594 ) ;
#4594 = DIRECTION ( 'NONE',  ( -0.000000000000000000, 1.000000000000000000, -0.000000000000000000 ) ) ;
#4595 = DIRECTION ( 'NONE',  ( -0.000000000000000000, 1.000000000000000000, -0.000000000000000000 ) ) ;
#4596 = ADVANCED_FACE ( 'NONE', ( #5827 ), #4975, .T. ) ;
#4597 = CARTESIAN_POINT ( 'NONE',  ( 2.698625179935606244, 0.000000000000000000, -0.7466070842267135133 ) ) ;
#4598 = LINE ( 'NONE', #8069, #8892 ) ;
#4599 = LINE ( 'NONE', #1020, #8133 ) ;
#4600 = VERTEX_POINT ( 'NONE', #5029 ) ;
#4601 = VERTEX_POINT ( 'NONE', #7893 ) ;
#4602 = CARTESIAN_POINT ( 'NONE',  ( -2.082460985994403213, 0.5138757707490541060, 1.845725368072514971 ) ) ;
#4603 = ORIENTED_EDGE ( 'NONE', *, *, #4607, .F. ) ;
#4604 = EDGE_LOOP ( 'NONE', ( #2658, #3367, #1037, #7840, #3169, #840 ) ) ;
#4605 = DIRECTION ( 'NONE',  ( 0.000000000000000000, 1.000000000000000000, -0.000000000000000000 ) ) ;
#4606 = LINE ( 'NONE', #4466, #1055 ) ;
#4607 = EDGE_CURVE ( 'NONE', #6398, #693, #4076, .T. ) ;
#4608 = CARTESIAN_POINT ( 'NONE',  ( 2.528461340622425890, 0.000000000000000000, 1.202864601265599243 ) ) ;
#4609 = LINE ( 'NONE', #6682, #5303 ) ;
#4610 = CYLINDRICAL_SURFACE ( 'NONE', #5430, 0.1000000000000000888 ) ;
#4611 = VERTEX_POINT ( 'NONE', #7991 ) ;
#4612 = EDGE_LOOP ( 'NONE', ( #880, #4102, #2168, #7222 ) ) ;
#4613 = B_SPLINE_CURVE_WITH_KNOTS ( 'NONE', 3,
 ( #7856, #1280, #2170, #7115, #4333, #7755, #5038, #5557, #4939, #7060 ),
 .UNSPECIFIED., .F., .F.,
 ( 4, 2, 2, 2, 4 ),
 ( 4.027632312084553576E-18, 0.0003551135830261635887, 0.0007102271660523231658, 0.001065340749078482743, 0.001420454332104642428 ),
 .UNSPECIFIED. ) ;
#4614 = VERTEX_POINT ( 'NONE', #6439 ) ;
#4615 = ADVANCED_FACE ( 'NONE', ( #1599 ), #8738, .T. ) ;
#4616 = EDGE_CURVE ( 'NONE', #7522, #3141, #2160, .T. ) ;
#4617 = EDGE_CURVE ( 'NONE', #6431, #210, #1668, .T. ) ;
#4618 = ADVANCED_FACE ( 'NONE', ( #528 ), #748, .T. ) ;
#4619 = DIRECTION ( 'NONE',  ( -0.000000000000000000, -1.000000000000000000, -0.000000000000000000 ) ) ;
#4620 = EDGE_CURVE ( 'NONE', #4953, #2004, #7566, .T. ) ;
#4621 = VECTOR ( 'NONE', #2040, 100.0000000000000000 ) ;
#4622 = CARTESIAN_POINT ( 'NONE',  ( -2.153352857471700244, 0.5032447133622985902, -1.783398267808575355 ) ) ;
#4623 = CARTESIAN_POINT ( 'NONE',  ( -1.409205145698852135, 0.5639694227494287393, -2.326531492179000793 ) ) ;
#4624 = ORIENTED_EDGE ( 'NONE', *, *, #4320, .F. ) ;
#4625 = ORIENTED_EDGE ( 'NONE', *, *, #7001, .F. ) ;
#4626 = ADVANCED_FACE ( 'NONE', ( #3671 ), #1642, .T. ) ;
#4627 = CARTESIAN_POINT ( 'NONE',  ( -0.3228824516354747987, 0.5013837380188954640, -2.779579779042262722 ) ) ;
#4628 = CARTESIAN_POINT ( 'NONE',  ( 1.919081641957329332, 0.6763576274010768552, 1.724057583095022661 ) ) ;
#4629 = FACE_OUTER_BOUND ( 'NONE', #3964, .T. ) ;
#4630 = LINE ( 'NONE', #8905, #8745 ) ;
#4631 = DIRECTION ( 'NONE',  ( 0.000000000000000000, 1.000000000000000000, 0.000000000000000000 ) ) ;
#4632 = FACE_OUTER_BOUND ( 'NONE', #6063, .T. ) ;
#4633 = CARTESIAN_POINT ( 'NONE',  ( 0.2765890575571408050, 0.5017884457821294442, 2.784058973958860594 ) ) ;
#4634 = VERTEX_POINT ( 'NONE', #3849 ) ;
#4635 = VERTEX_POINT ( 'NONE', #8972 ) ;
#4636 = VERTEX_POINT ( 'NONE', #1696 ) ;
#4637 = CIRCLE ( 'NONE', #9122, 2.299999999999999822 ) ;
#4638 = ORIENTED_EDGE ( 'NONE', *, *, #1198, .F. ) ;
#4639 = VERTEX_POINT ( 'NONE', #2448 ) ;
#4640 = CARTESIAN_POINT ( 'NONE',  ( 1.530808498934191571E-16, 0.4000000000000000222, 1.250000000000000000 ) ) ;
#4641 = CARTESIAN_POINT ( 'NONE',  ( -2.638445876326309225, 0.000000000000000000, 0.9373384435179732410 ) ) ;
#4642 = EDGE_CURVE ( 'NONE', #781, #8018, #241, .T. ) ;
#4643 = LINE ( 'NONE', #6278, #7851 ) ;
#4644 = CARTESIAN_POINT ( 'NONE',  ( 1.099587125378900243, 0.8000000000000000444, 1.572792206135783299 ) ) ;
#4645 = CARTESIAN_POINT ( 'NONE',  ( 1.151527806643375396, 0.000000000000000000, -2.464262899386314931 ) ) ;
#4646 = EDGE_CURVE ( 'NONE', #1837, #2896, #1517, .T. ) ;
#4647 = ORIENTED_EDGE ( 'NONE', *, *, #3587, .F. ) ;
#4648 = ORIENTED_EDGE ( 'NONE', *, *, #8946, .F. ) ;
#4649 = CARTESIAN_POINT ( 'NONE',  ( -2.055160654053833191, 0.5287040522811576881, 1.848424653360406955 ) ) ;
#4650 = VERTEX_POINT ( 'NONE', #6772 ) ;
#4651 = ORIENTED_EDGE ( 'NONE', *, *, #5357, .F. ) ;
#4652 = FACE_BOUND ( 'NONE', #7854, .T. ) ;
#4653 = CARTESIAN_POINT ( 'NONE',  ( 1.205986615744105039, 0.000000000000000000, 2.438073872837086320 ) ) ;
#4654 = CIRCLE ( 'NONE', #150, 1.250000000000000000 ) ;
#4655 = CARTESIAN_POINT ( 'NONE',  ( -1.205986615744088386, 0.000000000000000000, -2.438073872837087652 ) ) ;
#4656 = DIRECTION ( 'NONE',  ( -0.000000000000000000, -1.000000000000000000, -0.000000000000000000 ) ) ;
#4657 = FACE_OUTER_BOUND ( 'NONE', #8668, .T. ) ;
#4658 = AXIS2_PLACEMENT_3D ( 'NONE', #7799, #4234, #7109 ) ;
#4659 = ORIENTED_EDGE ( 'NONE', *, *, #3207, .T. ) ;
#4660 = ORIENTED_EDGE ( 'NONE', *, *, #8550, .F. ) ;
#4661 = ORIENTED_EDGE ( 'NONE', *, *, #3158, .F. ) ;
#4662 = CARTESIAN_POINT ( 'NONE',  ( -2.401809684532822065, 0.000000000000000000, -1.229627716723149300 ) ) ;
#4663 = PLANE ( 'NONE',  #2842 ) ;
#4664 = EDGE_CURVE ( 'NONE', #8168, #8199, #8833, .T. ) ;
#4665 = DIRECTION ( 'NONE',  ( -0.8660254037844385966, 0.000000000000000000, 0.5000000000000002220 ) ) ;
#4666 = DIRECTION ( 'NONE',  ( -0.000000000000000000, -1.000000000000000000, -0.000000000000000000 ) ) ;
#4667 = VECTOR ( 'NONE', #4595, 100.0000000000000000 ) ;
#4668 = ORIENTED_EDGE ( 'NONE', *, *, #8189, .T. ) ;
#4669 = ORIENTED_EDGE ( 'NONE', *, *, #1590, .F. ) ;
#4670 = CARTESIAN_POINT ( 'NONE',  ( 1.272792206135787918, 0.000000000000000000, -1.472792206135783433 ) ) ;
#4671 = VECTOR ( 'NONE', #8613, 100.0000000000000000 ) ;
#4672 = CARTESIAN_POINT ( 'NONE',  ( -1.445997286892675593, 0.4000000000000000222, 0.9727922061357832106 ) ) ;
#4673 = DIRECTION ( 'NONE',  ( 0.4999999999999998335, 0.000000000000000000, -0.8660254037844388186 ) ) ;
#4674 = VECTOR ( 'NONE', #2895, 100.0000000000000000 ) ;
#4675 = CARTESIAN_POINT ( 'NONE',  ( 1.589815391877622774, 0.000000000000000000, -1.662073109026495521 ) ) ;
#4676 = DIRECTION ( 'NONE',  ( -0.1090656643110699542, 0.000000000000000000, -0.9940345471201617045 ) ) ;
#4677 = CARTESIAN_POINT ( 'NONE',  ( 2.385378121632438120, 0.000000000000000000, 1.261207873146511282 ) ) ;
#4678 = EDGE_CURVE ( 'NONE', #6686, #3407, #8177, .T. ) ;
#4679 = AXIS2_PLACEMENT_3D ( 'NONE', #5722, #2150, #5019 ) ;
#4680 = ORIENTED_EDGE ( 'NONE', *, *, #5247, .F. ) ;
#4681 = VECTOR ( 'NONE', #8635, 99.99999999999998579 ) ;
#4682 = VERTEX_POINT ( 'NONE', #8221 ) ;
#4683 = DIRECTION ( 'NONE',  ( -0.4999999999999998335, 0.000000000000000000, -0.8660254037844388186 ) ) ;
#4684 = DIRECTION ( 'NONE',  ( 0.000000000000000000, 0.000000000000000000, -1.000000000000000000 ) ) ;
#4685 = FACE_OUTER_BOUND ( 'NONE', #6956, .T. ) ;
#4686 = DIRECTION ( 'NONE',  ( 0.4811640873381639594, 0.000000000000000000, 0.8766305499217055264 ) ) ;
#4687 = AXIS2_PLACEMENT_3D ( 'NONE', #8864, #8998, #2518 ) ;
#4688 = LINE ( 'NONE', #4735, #4530 ) ;
#4689 = AXIS2_PLACEMENT_3D ( 'NONE', #7931, #4559, #8873 ) ;
#4690 = DIRECTION ( 'NONE',  ( 0.000000000000000000, 1.000000000000000000, -0.000000000000000000 ) ) ;
#4691 = ORIENTED_EDGE ( 'NONE', *, *, #6636, .F. ) ;
#4692 = VECTOR ( 'NONE', #5512, 100.0000000000000000 ) ;
#4693 = ORIENTED_EDGE ( 'NONE', *, *, #7784, .T. ) ;
#4694 = ADVANCED_FACE ( 'NONE', ( #2534 ), #7381, .T. ) ;
#4695 = CARTESIAN_POINT ( 'NONE',  ( 1.626345596729062315, 0.000000000000000000, -1.626345596729056320 ) ) ;
#4696 = EDGE_CURVE ( 'NONE', #8320, #6898, #3809, .T. ) ;
#4697 = VERTEX_POINT ( 'NONE', #8269 ) ;
#4698 = ORIENTED_EDGE ( 'NONE', *, *, #3346, .T. ) ;
#4699 = LINE ( 'NONE', #9010, #2839 ) ;
#4700 = LINE ( 'NONE', #6200, #1063 ) ;
#4701 = CARTESIAN_POINT ( 'NONE',  ( -2.006905556262545964, 0.5639694227494325141, 1.836011441959789936 ) ) ;
#4702 = CARTESIAN_POINT ( 'NONE',  ( 0.7466070842267040764, 0.000000000000000000, 2.698625179935608909 ) ) ;
#4703 = AXIS2_PLACEMENT_3D ( 'NONE', #3337, #303, #5504 ) ;
#4705 = VECTOR ( 'NONE', #2060, 100.0000000000000000 ) ;
#4704 = CARTESIAN_POINT ( 'NONE',  ( 2.579685408370194111, 0.5616700601294252193, 0.8714790593052105239 ) ) ;
#4706 = ORIENTED_EDGE ( 'NONE', *, *, #1273, .T. ) ;
#4707 = EDGE_LOOP ( 'NONE', ( #9128, #2777, #351, #7774 ) ) ;
#4708 = ORIENTED_EDGE ( 'NONE', *, *, #8342, .T. ) ;
#4709 = VECTOR ( 'NONE', #3700, 100.0000000000000000 ) ;
#4710 = LINE ( 'NONE', #5410, #5386 ) ;
#4711 = DIRECTION ( 'NONE',  ( 0.000000000000000000, 0.000000000000000000, 1.000000000000000000 ) ) ;
#4712 = CARTESIAN_POINT ( 'NONE',  ( 0.9708409617377502521, 0.7884388346700341721, -2.238307736424247185 ) ) ;
#4713 = LINE ( 'NONE', #1135, #5973 ) ;
#4714 = ORIENTED_EDGE ( 'NONE', *, *, #5847, .T. ) ;
#4715 = VECTOR ( 'NONE', #256, 100.0000000000000000 ) ;
#4716 = VECTOR ( 'NONE', #7773, 100.0000000000000000 ) ;
#4717 = FACE_OUTER_BOUND ( 'NONE', #1726, .T. ) ;
#4718 = CARTESIAN_POINT ( 'NONE',  ( -1.205986615744088164, 0.5639694227494371770, -2.438073872837087208 ) ) ;
#4719 = CARTESIAN_POINT ( 'NONE',  ( 0.000000000000000000, 0.3000000000000000999, 0.7500000000000000000 ) ) ;
#4720 = CARTESIAN_POINT ( 'NONE',  ( -2.188759967859672528, 0.6763576274040422609, 1.365495771286367566 ) ) ;
#4721 = DIRECTION ( 'NONE',  ( -3.469446951953611033E-15, 0.000000000000000000, 1.000000000000000000 ) ) ;
#4722 = CARTESIAN_POINT ( 'NONE',  ( -2.567814011882551206, 0.000000000000000000, 0.9288578182228134361 ) ) ;
#4723 = VERTEX_POINT ( 'NONE', #3198 ) ;
#4724 = VERTEX_POINT ( 'NONE', #6683 ) ;
#4725 = EDGE_CURVE ( 'NONE', #7797, #2704, #4535, .T. ) ;
#4726 = ADVANCED_FACE ( 'NONE', ( #4657 ), #4610, .T. ) ;
#4727 = ADVANCED_FACE ( 'NONE', ( #3241 ), #5930, .T. ) ;
#4728 = EDGE_LOOP ( 'NONE', ( #7172, #8358, #1813, #9006 ) ) ;
#4729 = CARTESIAN_POINT ( 'NONE',  ( -0.7995736333737388790, 0.000000000000000000, 2.681603779540946864 ) ) ;
#4730 = VECTOR ( 'NONE', #1140, 100.0000000000000000 ) ;
#4731 = CARTESIAN_POINT ( 'NONE',  ( 0.7071693041342266284, 0.5639694227494331802, 2.626503284226968660 ) ) ;
#4732 = CARTESIAN_POINT ( 'NONE',  ( -2.762594194100399303, 0.5153265304226570809, -0.3181652209428381117 ) ) ;
#4733 = FACE_OUTER_BOUND ( 'NONE', #8182, .T. ) ;
#4734 = B_SPLINE_CURVE_WITH_KNOTS ( 'NONE', 3,
 ( #7116, #3534, #4287, #6404 ),
 .UNSPECIFIED., .F., .F.,
 ( 4, 4 ),
 ( 0.001041907151302074288, 0.006534648985770987947 ),
 .UNSPECIFIED. ) ;
#4735 = CARTESIAN_POINT ( 'NONE',  ( -0.8784947171850842063, 0.000000000000000000, 2.658617503868863086 ) ) ;
#4736 = LINE ( 'NONE', #5443, #1942 ) ;
#4737 = ORIENTED_EDGE ( 'NONE', *, *, #7939, .F. ) ;
#4738 = ORIENTED_EDGE ( 'NONE', *, *, #6967, .F. ) ;
#4739 = CARTESIAN_POINT ( 'NONE',  ( -2.121734304574719232, 0.5013044481268631447, 1.824652798153167055 ) ) ;
#4740 = EDGE_LOOP ( 'NONE', ( #3148, #6344, #3028, #6421 ) ) ;
#4741 = VERTEX_POINT ( 'NONE', #6822 ) ;
#4742 = DIRECTION ( 'NONE',  ( -0.000000000000000000, 1.000000000000000000, 0.000000000000000000 ) ) ;
#4743 = DIRECTION ( 'NONE',  ( 0.000000000000000000, 1.000000000000000000, -0.000000000000000000 ) ) ;
#4744 = CARTESIAN_POINT ( 'NONE',  ( 0.000000000000000000, 0.000000000000000000, 0.000000000000000000 ) ) ;
#4745 = FACE_OUTER_BOUND ( 'NONE', #2345, .T. ) ;
#4746 = DIRECTION ( 'NONE',  ( -0.9531793558308737646, 0.000000000000000000, 0.3024055482590232158 ) ) ;
#4747 = ORIENTED_EDGE ( 'NONE', *, *, #1503, .T. ) ;
#4748 = ORIENTED_EDGE ( 'NONE', *, *, #5648, .T. ) ;
#4749 = ORIENTED_EDGE ( 'NONE', *, *, #6566, .T. ) ;
#4750 = CARTESIAN_POINT ( 'NONE',  ( 2.571758278209441957E-16, 0.4000000000000000222, 2.100000000000000089 ) ) ;
#4751 = CARTESIAN_POINT ( 'NONE',  ( 2.783462428670875788, 0.5013837380188954640, -0.2874956239882578979 ) ) ;
#4752 = ADVANCED_FACE ( 'NONE', ( #287 ), #3147, .T. ) ;
#4753 = CARTESIAN_POINT ( 'NONE',  ( 1.589815391877622774, 0.8999999999999998002, -1.662073109026495521 ) ) ;
#4754 = CARTESIAN_POINT ( 'NONE',  ( -1.383281390021728896, 0.5032341246880200902, -2.429823699374456414 ) ) ;
#4755 = ADVANCED_FACE ( 'NONE', ( #197 ), #8934, .T. ) ;
#4756 = ORIENTED_EDGE ( 'NONE', *, *, #3489, .F. ) ;
#4757 = AXIS2_PLACEMENT_3D ( 'NONE', #4854, #8510, #2121 ) ;
#4758 = CARTESIAN_POINT ( 'NONE',  ( 1.341198725451428375, 0.5014441230611186295, 2.455854470789295974 ) ) ;
#4759 = ADVANCED_FACE ( 'NONE', ( #4122 ), #7567, .T. ) ;
#4760 = CYLINDRICAL_SURFACE ( 'NONE', #5482, 0.1000000000000000888 ) ;
#4761 = DIRECTION ( 'NONE',  ( 0.000000000000000000, 1.000000000000000000, 0.000000000000000000 ) ) ;
#4762 = DIRECTION ( 'NONE',  ( 1.000000000000000000, 0.000000000000000000, -0.000000000000000000 ) ) ;
#4763 = CARTESIAN_POINT ( 'NONE',  ( -2.576088450837536126, 0.6763576274040814518, 0.1379028345148906320 ) ) ;
#4764 = VECTOR ( 'NONE', #8186, 100.0000000000000284 ) ;
#4765 = VERTEX_POINT ( 'NONE', #424 ) ;
#4766 = LINE ( 'NONE', #491, #4481 ) ;
#4767 = ORIENTED_EDGE ( 'NONE', *, *, #2640, .F. ) ;
#4768 = CARTESIAN_POINT ( 'NONE',  ( 0.000000000000000000, 0.9000000000000001332, 0.000000000000000000 ) ) ;
#4769 = CARTESIAN_POINT ( 'NONE',  ( -2.265217391304342964, 0.000000000000000000, -0.3984848430396620289 ) ) ;
#4770 = EDGE_CURVE ( 'NONE', #3877, #733, #2573, .T. ) ;
#4771 = CARTESIAN_POINT ( 'NONE',  ( 1.445997286892675815, 0.4000000000000000222, 0.9727922061357835437 ) ) ;
#4772 = CARTESIAN_POINT ( 'NONE',  ( -2.357262493485906329, 0.000000000000000000, -1.357174072685355837 ) ) ;
#4773 = LINE ( 'NONE', #1819, #4381 ) ;
#4774 = B_SPLINE_CURVE_WITH_KNOTS ( 'NONE', 3,
 ( #2572, #6895, #3316, #8390 ),
 .UNSPECIFIED., .F., .F.,
 ( 4, 4 ),
 ( 0.001041867980347235823, 0.006534609814862480694 ),
 .UNSPECIFIED. ) ;
#4775 = AXIS2_PLACEMENT_3D ( 'NONE', #4243, #7676, #7718 ) ;
#4776 = ORIENTED_EDGE ( 'NONE', *, *, #204, .F. ) ;
#4777 = ORIENTED_EDGE ( 'NONE', *, *, #3915, .F. ) ;
#4778 = CARTESIAN_POINT ( 'NONE',  ( -2.790290679127232831, 0.5013176973172523976, -0.2126621130807098692 ) ) ;
#4779 = ORIENTED_EDGE ( 'NONE', *, *, #3439, .F. ) ;
#4780 = VERTEX_POINT ( 'NONE', #7736 ) ;
#4781 = DIRECTION ( 'NONE',  ( -0.000000000000000000, 1.000000000000000000, -0.000000000000000000 ) ) ;
#4782 = LINE ( 'NONE', #7563, #757 ) ;
#4783 = CARTESIAN_POINT ( 'NONE',  ( -2.717352668980064223, 0.5639694227494329581, -0.1208403870883520970 ) ) ;
#4784 = LINE ( 'NONE', #6821, #8000 ) ;
#4785 = DIRECTION ( 'NONE',  ( 0.000000000000000000, 1.000000000000000000, 0.000000000000000000 ) ) ;
#4786 = AXIS2_PLACEMENT_3D ( 'NONE', #1320, #9218, #7061 ) ;
#4787 = ORIENTED_EDGE ( 'NONE', *, *, #6896, .F. ) ;
#4788 = ADVANCED_FACE ( 'NONE', ( #466 ), #4830, .F. ) ;
#4789 = ORIENTED_EDGE ( 'NONE', *, *, #7935, .F. ) ;
#4790 = ORIENTED_EDGE ( 'NONE', *, *, #6065, .T. ) ;
#4791 = DIRECTION ( 'NONE',  ( -0.000000000000000000, -1.000000000000000000, -0.000000000000000000 ) ) ;
#4792 = CARTESIAN_POINT ( 'NONE',  ( -2.789162174454036691, 0.000000000000000000, -0.2255907582982829562 ) ) ;
#4793 = CARTESIAN_POINT ( 'NONE',  ( 2.104845743231122057, 0.9000000000000004663, -0.9271593159763984460 ) ) ;
#4794 = DIRECTION ( 'NONE',  ( -0.000000000000000000, -1.000000000000000000, -0.000000000000000000 ) ) ;
#4795 = DIRECTION ( 'NONE',  ( 0.4601665723526490726, 0.000000000000000000, -0.8878326000374248128 ) ) ;
#4796 = VECTOR ( 'NONE', #332, 100.0000000000000000 ) ;
#4797 = ORIENTED_EDGE ( 'NONE', *, *, #4642, .F. ) ;
#4798 = VECTOR ( 'NONE', #4690, 100.0000000000000000 ) ;
#4799 = EDGE_CURVE ( 'NONE', #6097, #4044, #3032, .T. ) ;
#4800 = CARTESIAN_POINT ( 'NONE',  ( 2.653000130139639090, 0.5032341246880200902, -0.8826669380356715333 ) ) ;
#4801 = ORIENTED_EDGE ( 'NONE', *, *, #5037, .T. ) ;
#4802 = DIRECTION ( 'NONE',  ( 0.000000000000000000, 0.000000000000000000, 1.000000000000000000 ) ) ;
#4803 = VECTOR ( 'NONE', #4743, 100.0000000000000000 ) ;
#4804 = DIRECTION ( 'NONE',  ( 0.000000000000000000, 0.000000000000000000, 1.000000000000000000 ) ) ;
#4805 = CARTESIAN_POINT ( 'NONE',  ( -2.664526311443975004, 0.5271463900493864596, 0.7426309445240941720 ) ) ;
#4806 = DIRECTION ( 'NONE',  ( -0.000000000000000000, -1.000000000000000000, -0.000000000000000000 ) ) ;
#4807 = ORIENTED_EDGE ( 'NONE', *, *, #6568, .F. ) ;
#4808 = CARTESIAN_POINT ( 'NONE',  ( 1.409205145698862793, 0.5639694227494322920, 2.326531492178988803 ) ) ;
#4809 = VECTOR ( 'NONE', #7455, 100.0000000000000284 ) ;
#4810 = ORIENTED_EDGE ( 'NONE', *, *, #1783, .T. ) ;
#4811 = DIRECTION ( 'NONE',  ( 0.000000000000000000, 1.000000000000000000, -0.000000000000000000 ) ) ;
#4812 = CARTESIAN_POINT ( 'NONE',  ( -1.099587125378900687, 0.8000000000000000444, 0.9727922061357832106 ) ) ;
#4813 = VECTOR ( 'NONE', #4329, 100.0000000000000000 ) ;
#4814 = CARTESIAN_POINT ( 'NONE',  ( -1.272792206135788140, 0.000000000000000000, 1.272792206135783255 ) ) ;
#4815 = CARTESIAN_POINT ( 'NONE',  ( -0.2255907582982731308, 0.5013837380188957971, 2.789162174454038023 ) ) ;
#4816 = DIRECTION ( 'NONE',  ( -0.000000000000000000, -1.000000000000000000, -0.000000000000000000 ) ) ;
#4817 = VECTOR ( 'NONE', #7979, 100.0000000000000000 ) ;
#4818 = ORIENTED_EDGE ( 'NONE', *, *, #7613, .F. ) ;
#4819 = ADVANCED_FACE ( 'NONE', ( #2713 ), #8397, .T. ) ;
#4820 = VERTEX_POINT ( 'NONE', #7699 ) ;
#4821 = CARTESIAN_POINT ( 'NONE',  ( -1.717571868851674344, 0.5028964447102679536, 2.206762327417808756 ) ) ;
#4822 = ADVANCED_FACE ( 'NONE', ( #1260 ), #3992, .T. ) ;
#4823 = VECTOR ( 'NONE', #275, 100.0000000000000000 ) ;
#4824 = ORIENTED_EDGE ( 'NONE', *, *, #8672, .F. ) ;
#4825 = VERTEX_POINT ( 'NONE', #8488 ) ;
#4826 = DIRECTION ( 'NONE',  ( 3.469446951953614189E-15, 0.000000000000000000, 1.000000000000000000 ) ) ;
#4827 = CARTESIAN_POINT ( 'NONE',  ( 1.099587125378899355, 0.8000000000000000444, -1.572792206135783744 ) ) ;
#4828 = PLANE ( 'NONE',  #3804 ) ;
#4829 = CARTESIAN_POINT ( 'NONE',  ( -1.589815391877634765, 0.000000000000000000, 1.662073109026483753 ) ) ;
#4830 = CYLINDRICAL_SURFACE ( 'NONE', #2866, 0.6500000000000000222 ) ;
#4831 = CIRCLE ( 'NONE', #6650, 0.1000000000000000888 ) ;
#4832 = ORIENTED_EDGE ( 'NONE', *, *, #8175, .F. ) ;
#4833 = ORIENTED_EDGE ( 'NONE', *, *, #5740, .F. ) ;
#4834 = VERTEX_POINT ( 'NONE', #1126 ) ;
#4835 = AXIS2_PLACEMENT_3D ( 'NONE', #3513, #9194, #6383 ) ;
#4836 = DIRECTION ( 'NONE',  ( 0.000000000000000000, 1.000000000000000000, 0.000000000000000000 ) ) ;
#4837 = EDGE_CURVE ( 'NONE', #2042, #405, #5328, .T. ) ;
#4838 = VECTOR ( 'NONE', #6411, 100.0000000000000000 ) ;
#4839 = CARTESIAN_POINT ( 'NONE',  ( -1.666401505589733656, 0.5560412871706275073, -2.162343633516088381 ) ) ;
#4840 = AXIS2_PLACEMENT_3D ( 'NONE', #2019, #2466, #3256 ) ;
#4841 = ADVANCED_FACE ( 'NONE', ( #5632 ), #554, .T. ) ;
#4842 = CARTESIAN_POINT ( 'NONE',  ( 2.779579779042259169, 0.000000000000000000, -0.3228824516355043306 ) ) ;
#4843 = EDGE_CURVE ( 'NONE', #3418, #8306, #6953, .T. ) ;
#4844 = AXIS2_PLACEMENT_3D ( 'NONE', #3947, #465, #6996 ) ;
#4845 = CARTESIAN_POINT ( 'NONE',  ( -0.8669029539393007244, 0.5340002883789660704, 2.617692316627601379 ) ) ;
#4846 = LINE ( 'NONE', #3569, #3557 ) ;
#4847 = ORIENTED_EDGE ( 'NONE', *, *, #3455, .T. ) ;
#4848 = VECTOR ( 'NONE', #9281, 100.0000000000000000 ) ;
#4849 = CARTESIAN_POINT ( 'NONE',  ( 2.186346475716492321, 0.5014441230611187406, 1.746403244090660056 ) ) ;
#4850 = VERTEX_POINT ( 'NONE', #9063 ) ;
#4851 = DIRECTION ( 'NONE',  ( 0.000000000000000000, 0.000000000000000000, -1.000000000000000000 ) ) ;
#4852 = CARTESIAN_POINT ( 'NONE',  ( -2.490520000137329326, 0.5013837380188956860, -1.275784838658433396 ) ) ;
#4853 = FACE_OUTER_BOUND ( 'NONE', #5941, .T. ) ;
#4854 = CARTESIAN_POINT ( 'NONE',  ( -2.680176324330245219, 0.000000000000000000, 0.3119758852043776343 ) ) ;
#4855 = EDGE_CURVE ( 'NONE', #4464, #3303, #621, .T. ) ;
#4856 = LINE ( 'NONE', #4145, #6129 ) ;
#4857 = B_SPLINE_CURVE_WITH_KNOTS ( 'NONE', 3,
 ( #844, #8038, #8687, #7845 ),
 .UNSPECIFIED., .F., .F.,
 ( 4, 4 ),
 ( 0.001041906709322768052, 0.006534648543792204514 ),
 .UNSPECIFIED. ) ;
#4858 = FACE_BOUND ( 'NONE', #4300, .T. ) ;
#4859 = VERTEX_POINT ( 'NONE', #9101 ) ;
#4860 = CARTESIAN_POINT ( 'NONE',  ( 1.795563527837719109, 0.5102758125174863268, -2.131741159607289937 ) ) ;
#4861 = DIRECTION ( 'NONE',  ( -0.000000000000000000, 1.000000000000000000, -0.000000000000000000 ) ) ;
#4862 = FACE_OUTER_BOUND ( 'NONE', #2361, .T. ) ;
#4863 = LINE ( 'NONE', #1379, #9184 ) ;
#4864 = CARTESIAN_POINT ( 'NONE',  ( 0.000000000000000000, 0.9000000000000001332, 0.000000000000000000 ) ) ;
#4865 = EDGE_CURVE ( 'NONE', #4070, #5795, #6291, .T. ) ;
#4866 = ADVANCED_FACE ( 'NONE', ( #5587 ), #8446, .T. ) ;
#4867 = VERTEX_POINT ( 'NONE', #1209 ) ;
#4868 = FACE_OUTER_BOUND ( 'NONE', #1871, .T. ) ;
#4869 = ORIENTED_EDGE ( 'NONE', *, *, #779, .F. ) ;
#4870 = ORIENTED_EDGE ( 'NONE', *, *, #4799, .F. ) ;
#4871 = DIRECTION ( 'NONE',  ( 0.000000000000000000, 1.000000000000000000, 0.000000000000000000 ) ) ;
#4872 = DIRECTION ( 'NONE',  ( 0.08853317464705226514, 0.000000000000000000, -0.9960732287271425456 ) ) ;
#4873 = CARTESIAN_POINT ( 'NONE',  ( 1.357174072685332300, 0.5639694227494319589, -2.357262493485920096 ) ) ;
#4874 = DIRECTION ( 'NONE',  ( 0.4811640873381605177, 0.000000000000000000, 0.8766305499217074138 ) ) ;
#4875 = DIRECTION ( 'NONE',  ( -0.000000000000000000, -1.000000000000000000, -0.000000000000000000 ) ) ;
#4876 = VERTEX_POINT ( 'NONE', #511 ) ;
#4877 = ORIENTED_EDGE ( 'NONE', *, *, #14, .F. ) ;
#4878 = ORIENTED_EDGE ( 'NONE', *, *, #702, .T. ) ;
#4879 = DIRECTION ( 'NONE',  ( 0.9938606775724713183, 0.000000000000000000, -0.1106388429765437081 ) ) ;
#4880 = EDGE_CURVE ( 'NONE', #387, #4611, #3772, .T. ) ;
#4881 = ORIENTED_EDGE ( 'NONE', *, *, #3029, .T. ) ;
#4882 = LINE ( 'NONE', #4792, #7798 ) ;
#4883 = CARTESIAN_POINT ( 'NONE',  ( 0.4987091758571342015, 0.000000000000000000, 2.245281531994572255 ) ) ;
#4884 = CARTESIAN_POINT ( 'NONE',  ( -1.619202367649564378, 0.8000000000000000444, -1.272792206135783255 ) ) ;
#4885 = CARTESIAN_POINT ( 'NONE',  ( -0.3517800458162986255, 0.5639694227494327361, 2.697194602940289787 ) ) ;
#4886 = DIRECTION ( 'NONE',  ( 0.4999999999999993339, 0.000000000000000000, 0.8660254037844390407 ) ) ;
#4887 = ORIENTED_EDGE ( 'NONE', *, *, #7181, .F. ) ;
#4888 = EDGE_CURVE ( 'NONE', #2483, #7440, #2612, .T. ) ;
#4889 = EDGE_CURVE ( 'NONE', #7797, #5786, #485, .T. ) ;
#4890 = EDGE_CURVE ( 'NONE', #68, #1506, #3464, .T. ) ;
#4891 = CARTESIAN_POINT ( 'NONE',  ( 2.171495263774704476, 0.5013837380188954640, 1.764915053207602780 ) ) ;
#4892 = VERTEX_POINT ( 'NONE', #3554 ) ;
#4893 = CARTESIAN_POINT ( 'NONE',  ( -2.357262493485905885, 0.5639694227494326251, -1.357174072685355615 ) ) ;
#4894 = CARTESIAN_POINT ( 'NONE',  ( 2.663179691528182680, 0.000000000000000000, -0.8589474700274848384 ) ) ;
#4895 = CARTESIAN_POINT ( 'NONE',  ( 1.626345596729050325, 0.000000000000000000, 1.626345596729067422 ) ) ;
#4896 = CARTESIAN_POINT ( 'NONE',  ( -1.357174072685348731, 0.000000000000000000, 2.357262493485909882 ) ) ;
#4897 = EDGE_CURVE ( 'NONE', #185, #7294, #5864, .T. ) ;
#4898 = CIRCLE ( 'NONE', #2797, 0.1000000000000000888 ) ;
#4899 = DIRECTION ( 'NONE',  ( -0.7659158829736016916, 0.000000000000000000, 0.6429407905933236522 ) ) ;
#4900 = DIRECTION ( 'NONE',  ( 0.000000000000000000, 0.000000000000000000, 1.000000000000000000 ) ) ;
#4901 = ORIENTED_EDGE ( 'NONE', *, *, #953, .F. ) ;
#4902 = CARTESIAN_POINT ( 'NONE',  ( -2.255806144927434698, 0.000000000000000000, 0.4487077406370710286 ) ) ;
#4903 = DIRECTION ( 'NONE',  ( -0.000000000000000000, -1.000000000000000000, -0.000000000000000000 ) ) ;
#4904 = DIRECTION ( 'NONE',  ( 0.6270012801882336451, 0.000000000000000000, -0.7790182248460661985 ) ) ;
#4905 = AXIS2_PLACEMENT_3D ( 'NONE', #8016, #7356, #5342 ) ;
#4906 = CARTESIAN_POINT ( 'NONE',  ( -0.2610551053411813149, 0.5013837380188957971, 2.786066592457917768 ) ) ;
#4907 = B_SPLINE_CURVE_WITH_KNOTS ( 'NONE', 3,
 ( #2730, #8412, #1410, #2067 ),
 .UNSPECIFIED., .F., .F.,
 ( 4, 4 ),
 ( 0.001041868518098980215, 0.006534610352613587358 ),
 .UNSPECIFIED. ) ;
#4908 = DIRECTION ( 'NONE',  ( 0.000000000000000000, 1.000000000000000000, -0.000000000000000000 ) ) ;
#4909 = VERTEX_POINT ( 'NONE', #9239 ) ;
#4910 = CARTESIAN_POINT ( 'NONE',  ( -1.619202367649564378, 0.4000000000000000222, -1.272792206135783255 ) ) ;
#4911 = EDGE_CURVE ( 'NONE', #3661, #6738, #2095, .T. ) ;
#4912 = VERTEX_POINT ( 'NONE', #1344 ) ;
#4913 = EDGE_LOOP ( 'NONE', ( #2691, #1071, #951, #1251 ) ) ;
#4914 = CARTESIAN_POINT ( 'NONE',  ( -2.299432410651858660, 0.000000000000000000, 0.05109392178900629133 ) ) ;
#4915 = CARTESIAN_POINT ( 'NONE',  ( 1.721158666054844355, 0.000000000000000000, 2.078048827317045877 ) ) ;
#4916 = ADVANCED_FACE ( 'NONE', ( #739 ), #2240, .T. ) ;
#4917 = CARTESIAN_POINT ( 'NONE',  ( 2.093494299791570867, 0.000000000000000000, 1.702338303390263263 ) ) ;
#4918 = AXIS2_PLACEMENT_3D ( 'NONE', #8157, #2425, #1103 ) ;
#4919 = DIRECTION ( 'NONE',  ( -0.000000000000000000, -1.000000000000000000, -0.000000000000000000 ) ) ;
#4920 = CARTESIAN_POINT ( 'NONE',  ( -1.445997286892676481, 0.8000000000000000444, -1.572792206135783744 ) ) ;
#4921 = ORIENTED_EDGE ( 'NONE', *, *, #7511, .T. ) ;
#4922 = EDGE_LOOP ( 'NONE', ( #7426, #5999, #7573, #1082 ) ) ;
#4923 = LINE ( 'NONE', #1443, #626 ) ;
#4924 = ORIENTED_EDGE ( 'NONE', *, *, #6213, .F. ) ;
#4925 = ORIENTED_EDGE ( 'NONE', *, *, #445, .T. ) ;
#4926 = LINE ( 'NONE', #7790, #8545 ) ;
#4927 = AXIS2_PLACEMENT_3D ( 'NONE', #118, #5095, #5241 ) ;
#4928 = CARTESIAN_POINT ( 'NONE',  ( -2.626503284226973545, 0.000000000000000000, 0.7071693041342169694 ) ) ;
#4929 = DIRECTION ( 'NONE',  ( 0.000000000000000000, 0.000000000000000000, -1.000000000000000000 ) ) ;
#4930 = CARTESIAN_POINT ( 'NONE',  ( 1.313887210115775250, 0.000000000000000000, 2.356772047004890958 ) ) ;
#4931 = DIRECTION ( 'NONE',  ( 0.000000000000000000, 0.000000000000000000, 1.000000000000000000 ) ) ;
#4932 = ORIENTED_EDGE ( 'NONE', *, *, #6027, .F. ) ;
#4933 = DIRECTION ( 'NONE',  ( 0.000000000000000000, 0.000000000000000000, 1.000000000000000000 ) ) ;
#4934 = PLANE ( 'NONE',  #7663 ) ;
#4935 = ORIENTED_EDGE ( 'NONE', *, *, #2944, .T. ) ;
#4936 = EDGE_CURVE ( 'NONE', #3901, #8871, #7180, .T. ) ;
#4937 = CARTESIAN_POINT ( 'NONE',  ( -0.9247841497226003682, 0.5338837825254068026, -2.597962926243820192 ) ) ;
#4938 = VECTOR ( 'NONE', #5673, 100.0000000000000142 ) ;
#4939 = CARTESIAN_POINT ( 'NONE',  ( 0.2646361252592626112, 0.5027337863486962544, 2.784058973958860594 ) ) ;
#4940 = CARTESIAN_POINT ( 'NONE',  ( -0.2874956239882281994, 0.5013837380188954640, -2.783462428670878896 ) ) ;
#4941 = CARTESIAN_POINT ( 'NONE',  ( -2.255806144927434698, 0.8999999999999998002, 0.4487077406370710286 ) ) ;
#4942 = CARTESIAN_POINT ( 'NONE',  ( 2.255806144927431589, 0.8999999999999995781, -0.4487077406370877930 ) ) ;
#4943 = CARTESIAN_POINT ( 'NONE',  ( 0.7949084059125601787, 0.000000000000000000, 2.578525685088086661 ) ) ;
#4944 = VECTOR ( 'NONE', #5732, 100.0000000000000000 ) ;
#4945 = VERTEX_POINT ( 'NONE', #7833 ) ;
#4946 = DIRECTION ( 'NONE',  ( -0.000000000000000000, -1.000000000000000000, -0.000000000000000000 ) ) ;
#4947 = CARTESIAN_POINT ( 'NONE',  ( -2.717352668980064223, 0.000000000000000000, -0.1208403870883521108 ) ) ;
#4948 = EDGE_CURVE ( 'NONE', #479, #1601, #7977, .T. ) ;
#4949 = CARTESIAN_POINT ( 'NONE',  ( 1.357174072685332300, 0.000000000000000000, -2.357262493485920096 ) ) ;
#4950 = DIRECTION ( 'NONE',  ( 0.9531793558308759851, 0.000000000000000000, -0.3024055482590165544 ) ) ;
#4951 = LINE ( 'NONE', #6415, #3404 ) ;
#4952 = CIRCLE ( 'NONE', #905, 0.1500000000000001332 ) ;
#4953 = VERTEX_POINT ( 'NONE', #1538 ) ;
#4954 = CARTESIAN_POINT ( 'NONE',  ( -2.779579779042261389, 0.5013837380188957971, 0.3228824516354841245 ) ) ;
#4955 = VECTOR ( 'NONE', #8695, 100.0000000000000000 ) ;
#4956 = EDGE_LOOP ( 'NONE', ( #7077, #5680, #1412, #5201 ) ) ;
#4957 = ORIENTED_EDGE ( 'NONE', *, *, #8218, .T. ) ;
#4958 = CARTESIAN_POINT ( 'NONE',  ( 0.6594846951140809210, 0.5482992156844557208, -2.659071284068660113 ) ) ;
#4959 = DIRECTION ( 'NONE',  ( 0.000000000000000000, 1.000000000000000000, -0.000000000000000000 ) ) ;
#4960 = DIRECTION ( 'NONE',  ( 0.000000000000000000, 0.000000000000000000, 1.000000000000000000 ) ) ;
#4961 = LINE ( 'NONE', #7832, #6050 ) ;
#4962 = DIRECTION ( 'NONE',  ( 1.000000000000000000, 0.000000000000000000, 0.000000000000000000 ) ) ;
#4963 = EDGE_CURVE ( 'NONE', #4697, #6882, #3602, .T. ) ;
#4964 = VERTEX_POINT ( 'NONE', #1395 ) ;
#4965 = ORIENTED_EDGE ( 'NONE', *, *, #895, .F. ) ;
#4966 = EDGE_CURVE ( 'NONE', #741, #7872, #787, .T. ) ;
#4967 = VECTOR ( 'NONE', #6021, 100.0000000000000000 ) ;
#4968 = DIRECTION ( 'NONE',  ( -0.000000000000000000, -1.000000000000000000, -0.000000000000000000 ) ) ;
#4969 = ORIENTED_EDGE ( 'NONE', *, *, #7316, .T. ) ;
#4970 = VERTEX_POINT ( 'NONE', #4416 ) ;
#4971 = CARTESIAN_POINT ( 'NONE',  ( 2.438073872837081879, 0.000000000000000000, -1.205986615744112589 ) ) ;
#4972 = VECTOR ( 'NONE', #6869, 100.0000000000000000 ) ;
#4973 = CARTESIAN_POINT ( 'NONE',  ( 0.000000000000000000, 0.000000000000000000, 0.000000000000000000 ) ) ;
#4974 = DIRECTION ( 'NONE',  ( 0.000000000000000000, 0.000000000000000000, -1.000000000000000000 ) ) ;
#4975 = CYLINDRICAL_SURFACE ( 'NONE', #9167, 0.1000000000000000888 ) ;
#4976 = CARTESIAN_POINT ( 'NONE',  ( -2.786066592457916435, 0.000000000000000000, -0.2610551053411911404 ) ) ;
#4977 = CYLINDRICAL_SURFACE ( 'NONE', #7317, 0.1000000000000000888 ) ;
#4978 = AXIS2_PLACEMENT_3D ( 'NONE', #5168, #3006, #1635 ) ;
#4979 = VECTOR ( 'NONE', #3601, 100.0000000000000000 ) ;
#4980 = EDGE_LOOP ( 'NONE', ( #2453, #825, #3170, #8202 ) ) ;
#4981 = CONICAL_SURFACE ( 'NONE', #344, 2.299999999999999822, 0.8960553845713439269 ) ;
#4982 = LINE ( 'NONE', #3620, #6011 ) ;
#4983 = PLANE ( 'NONE',  #1067 ) ;
#4985 = EDGE_LOOP ( 'NONE', ( #2918, #8828 ) ) ;
#4984 = AXIS2_PLACEMENT_3D ( 'NONE', #7280, #3133, #2294 ) ;
#4986 = EDGE_CURVE ( 'NONE', #2054, #2684, #7281, .T. ) ;
#4987 = DIRECTION ( 'NONE',  ( 0.000000000000000000, 0.000000000000000000, 1.000000000000000000 ) ) ;
#4988 = LINE ( 'NONE', #6264, #5895 ) ;
#4989 = CARTESIAN_POINT ( 'NONE',  ( 0.9263820446220115690, 0.8000000000000000444, -1.272792206135783477 ) ) ;
#4990 = AXIS2_PLACEMENT_3D ( 'NONE', #610, #6349, #1002 ) ;
#4991 = CARTESIAN_POINT ( 'NONE',  ( 1.722494150469601193, 0.000000000000000000, 2.207490408042129371 ) ) ;
#4992 = CIRCLE ( 'NONE', #7998, 0.1000000000000000888 ) ;
#4993 = ORIENTED_EDGE ( 'NONE', *, *, #534, .T. ) ;
#4994 = CARTESIAN_POINT ( 'NONE',  ( -1.822658638431649880, 0.5013176973172517314, -2.123408282953316739 ) ) ;
#4995 = VECTOR ( 'NONE', #9013, 100.0000000000000000 ) ;
#4996 = FACE_OUTER_BOUND ( 'NONE', #3821, .T. ) ;
#4997 = ADVANCED_FACE ( 'NONE', ( #5774 ), #8631, .T. ) ;
#4998 = ORIENTED_EDGE ( 'NONE', *, *, #1201, .T. ) ;
#4999 = DIRECTION ( 'NONE',  ( -0.1090656643110699681, 0.000000000000000000, -0.9940345471201617045 ) ) ;
#5000 = CARTESIAN_POINT ( 'NONE',  ( 2.326531492178983918, 0.000000000000000000, -1.409205145698870343 ) ) ;
#5001 = PLANE ( 'NONE',  #6957 ) ;
#5002 = FACE_OUTER_BOUND ( 'NONE', #7372, .T. ) ;
#5003 = DIRECTION ( 'NONE',  ( -0.000000000000000000, -1.000000000000000000, -0.000000000000000000 ) ) ;
#5004 = ADVANCED_FACE ( 'NONE', ( #5063 ), #7881, .T. ) ;
#5005 = VECTOR ( 'NONE', #7534, 100.0000000000000000 ) ;
#5006 = VERTEX_POINT ( 'NONE', #4309 ) ;
#5007 = ADVANCED_FACE ( 'NONE', ( #3660 ), #6530, .T. ) ;
#5008 = EDGE_CURVE ( 'NONE', #3482, #2940, #6032, .T. ) ;
#5009 = CARTESIAN_POINT ( 'NONE',  ( 1.445997286892675593, 0.8000000000000000444, -1.572792206135783744 ) ) ;
#5010 = EDGE_CURVE ( 'NONE', #5669, #8870, #1971, .T. ) ;
#5011 = ORIENTED_EDGE ( 'NONE', *, *, #5819, .T. ) ;
#5012 = EDGE_LOOP ( 'NONE', ( #4220, #2818, #1767, #6084 ) ) ;
#5013 = LINE ( 'NONE', #9235, #8995 ) ;
#5014 = LINE ( 'NONE', #7224, #5273 ) ;
#5015 = B_SPLINE_CURVE_WITH_KNOTS ( 'NONE', 3,
 ( #6298, #4839, #1924, #1172, #2721, #8453, #3247, #4086, #9108, #4039 ),
 .UNSPECIFIED., .F., .F.,
 ( 4, 2, 2, 2, 4 ),
 ( 8.673617379884035472E-19, 0.0003819510935555842893, 0.0007639021871111677112, 0.001145853280666751187, 0.001527804374222334555 ),
 .UNSPECIFIED. ) ;
#5016 = CARTESIAN_POINT ( 'NONE',  ( 0.7995736333737202273, 0.000000000000000000, -2.681603779540952193 ) ) ;
#5017 = PLANE ( 'NONE',  #7094 ) ;
#5018 = SECURITY_CLASSIFICATION ( '', '', #3680 ) ;
#5019 = DIRECTION ( 'NONE',  ( 0.000000000000000000, 0.000000000000000000, 1.000000000000000000 ) ) ;
#5020 = ORIENTED_EDGE ( 'NONE', *, *, #307, .T. ) ;
#5021 = ORIENTED_EDGE ( 'NONE', *, *, #3674, .T. ) ;
#5022 = EDGE_CURVE ( 'NONE', #1920, #379, #7780, .T. ) ;
#5023 = DIRECTION ( 'NONE',  ( 0.000000000000000000, 1.000000000000000000, 0.000000000000000000 ) ) ;
#5024 = VERTEX_POINT ( 'NONE', #4645 ) ;
#5025 = EDGE_LOOP ( 'NONE', ( #3667, #6150, #8187, #3085 ) ) ;
#5026 = FACE_OUTER_BOUND ( 'NONE', #8270, .T. ) ;
#5027 = CARTESIAN_POINT ( 'NONE',  ( 1.307364995081786052, 0.5013837380188951309, -2.474088437236949822 ) ) ;
#5028 = DIRECTION ( 'NONE',  ( -0.4999999999999999445, 0.000000000000000000, -0.8660254037844387076 ) ) ;
#5029 = CARTESIAN_POINT ( 'NONE',  ( -2.691558631681712832, 0.000000000000000000, -0.7653946419034018955 ) ) ;
#5030 = FACE_OUTER_BOUND ( 'NONE', #7883, .T. ) ;
#5031 = ORIENTED_EDGE ( 'NONE', *, *, #3506, .F. ) ;
#5032 = CARTESIAN_POINT ( 'NONE',  ( 1.272792206135787918, 0.000000000000000000, -1.272792206135783477 ) ) ;
#5033 = CARTESIAN_POINT ( 'NONE',  ( -1.272792206135788140, 1.000000000000000000, 1.272792206135783255 ) ) ;
#5034 = ADVANCED_FACE ( 'NONE', ( #3050 ), #4504, .T. ) ;
#5035 = ORIENTED_EDGE ( 'NONE', *, *, #7257, .F. ) ;
#5036 = FACE_OUTER_BOUND ( 'NONE', #8305, .T. ) ;
#5037 = EDGE_CURVE ( 'NONE', #5896, #8521, #8028, .T. ) ;
#5038 = CARTESIAN_POINT ( 'NONE',  ( 0.2316861505867237048, 0.5129929136348470031, 2.774119551326883482 ) ) ;
#5039 = FACE_OUTER_BOUND ( 'NONE', #8144, .T. ) ;
#5040 = CARTESIAN_POINT ( 'NONE',  ( -2.788130313788663273, 0.5014441230611190736, -0.2374122073125856380 ) ) ;
#5041 = VERTEX_POINT ( 'NONE', #3228 ) ;
#5042 = CARTESIAN_POINT ( 'NONE',  ( -1.307364995081803372, 0.5013837380188953530, 2.474088437236940496 ) ) ;
#5043 = EDGE_CURVE ( 'NONE', #7637, #1666, #709, .T. ) ;
#5044 = DIRECTION ( 'NONE',  ( -0.8660254037844390407, 0.000000000000000000, 0.4999999999999995004 ) ) ;
#5045 = EDGE_LOOP ( 'NONE', ( #2242, #5591, #9253, #5517, #3472, #9151, #6373, #9278, #6823, #9231, #9141, #836, #4529, #2716, #7134, #2116, #535, #2922, #153, #502, #338, #2846, #3752, #6479, #1555, #7596, #5100, #7764, #2310, #5478, #2360, #8654, #8715, #7319, #1671, #4847, #8829, #2845, #4625, #1883, #52, #3652, #4283, #9066, #5605, #4147, #6627, #8633, #555, #3329, #1091, #8843, #5153, #931, #3706, #7218, #5280, #6676, #5203, #121, #5672, #6775, #3271, #427, #4195, #5156, #5354 ) ) ;
#5046 = LINE ( 'NONE', #4902, #3183 ) ;
#5047 = LINE ( 'NONE', #6982, #8433 ) ;
#5048 = DIRECTION ( 'NONE',  ( 0.000000000000000000, 1.000000000000000000, 0.000000000000000000 ) ) ;
#5049 = CARTESIAN_POINT ( 'NONE',  ( -2.673891364733731457, 0.5013837380188946868, 0.8249980577172025820 ) ) ;
#5050 = CARTESIAN_POINT ( 'NONE',  ( -0.6486476801571823270, 0.5639694227494317369, 2.641564709370462616 ) ) ;
#5051 = B_SPLINE_CURVE_WITH_KNOTS ( 'NONE', 3,
 ( #7491, #2508, #1230, #6879 ),
 .UNSPECIFIED., .F., .F.,
 ( 4, 4 ),
 ( 0.000000000000000000, 0.0002839912414223613626 ),
 .UNSPECIFIED. ) ;
#5052 = ORIENTED_EDGE ( 'NONE', *, *, #4617, .F. ) ;
#5053 = EDGE_LOOP ( 'NONE', ( #8790, #3900, #6604, #5623 ) ) ;
#5054 = CYLINDRICAL_SURFACE ( 'NONE', #2269, 0.1000000000000000888 ) ;
#5055 = CIRCLE ( 'NONE', #2807, 2.299999999999999822 ) ;
#5056 = ORIENTED_EDGE ( 'NONE', *, *, #8688, .T. ) ;
#5057 = ORIENTED_EDGE ( 'NONE', *, *, #5663, .F. ) ;
#5058 = CARTESIAN_POINT ( 'NONE',  ( 1.227270691418559156, 0.5101996115923982389, -2.502539722507900688 ) ) ;
#5059 = DIRECTION ( 'NONE',  ( 0.000000000000000000, -0.000000000000000000, -1.000000000000000000 ) ) ;
#5060 = DIRECTION ( 'NONE',  ( -0.000000000000000000, 1.000000000000000000, 0.000000000000000000 ) ) ;
#5061 = EDGE_CURVE ( 'NONE', #5820, #7522, #1486, .T. ) ;
#5062 = CARTESIAN_POINT ( 'NONE',  ( 2.783462428670875788, 0.000000000000000000, -0.2874956239882578424 ) ) ;
#5063 = FACE_OUTER_BOUND ( 'NONE', #8180, .T. ) ;
#5064 = VERTEX_POINT ( 'NONE', #6061 ) ;
#5065 = ORIENTED_EDGE ( 'NONE', *, *, #7044, .T. ) ;
#5066 = DIRECTION ( 'NONE',  ( 0.000000000000000000, 1.000000000000000000, 0.000000000000000000 ) ) ;
#5067 = EDGE_LOOP ( 'NONE', ( #1602, #2442, #965, #8062, #3631, #4541 ) ) ;
#5068 = ORIENTED_EDGE ( 'NONE', *, *, #4855, .T. ) ;
#5069 = FACE_OUTER_BOUND ( 'NONE', #6003, .T. ) ;
#5070 = CARTESIAN_POINT ( 'NONE',  ( 1.318898071450699039, 0.5013175801480317384, -2.468087628778302012 ) ) ;
#5071 = B_SPLINE_CURVE_WITH_KNOTS ( 'NONE', 3,
 ( #6126, #1889, #4754, #4042, #478, #5414, #522, #8981, #3386, #4623 ),
 .UNSPECIFIED., .F., .F.,
 ( 4, 2, 2, 2, 4 ),
 ( 0.000000000000000000, 0.0003831395918290850938, 0.0007662791836581701876, 0.001149418775487255281, 0.001532558367316340375 ),
 .UNSPECIFIED. ) ;
#5072 = DIRECTION ( 'NONE',  ( 0.000000000000000000, 0.000000000000000000, 1.000000000000000000 ) ) ;
#5073 = CARTESIAN_POINT ( 'NONE',  ( 1.413852105465032816, 0.5338837825254068026, 2.367627359528437836 ) ) ;
#5074 = EDGE_CURVE ( 'NONE', #8544, #4682, #5283, .T. ) ;
#5075 = CARTESIAN_POINT ( 'NONE',  ( -2.560408605189091524, 0.5611071514837669971, 0.9286511560717722880 ) ) ;
#5076 = EDGE_LOOP ( 'NONE', ( #5116, #6630, #7302, #2233 ) ) ;
#5077 = VECTOR ( 'NONE', #903, 100.0000000000000000 ) ;
#5078 = CARTESIAN_POINT ( 'NONE',  ( 0.3698982907904422857, 0.5101996115923986830, 2.762620796854901695 ) ) ;
#5079 = DIRECTION ( 'NONE',  ( 0.000000000000000000, 0.000000000000000000, 1.000000000000000000 ) ) ;
#5080 = ORIENTED_EDGE ( 'NONE', *, *, #1066, .T. ) ;
#5081 = CARTESIAN_POINT ( 'NONE',  ( -2.115771117704240645, 0.000000000000000000, -1.674570589714863944 ) ) ;
#5082 = APPROVAL_DATE_TIME ( #5838, #6559 ) ;
#5083 = CARTESIAN_POINT ( 'NONE',  ( 1.696401953625594539, 0.7884388346700348382, 1.753503381137253125 ) ) ;
#5084 = CARTESIAN_POINT ( 'NONE',  ( -0.1887117160166197627, 0.5484516897053786089, -2.732933161757769014 ) ) ;
#5085 = AXIS2_PLACEMENT_3D ( 'NONE', #5513, #1937, #7903 ) ;
#5086 = EDGE_LOOP ( 'NONE', ( #4313, #7587, #7838, #5575 ) ) ;
#5087 = ORIENTED_EDGE ( 'NONE', *, *, #2072, .T. ) ;
#5088 = EDGE_CURVE ( 'NONE', #8783, #4080, #1062, .T. ) ;
#5089 = CARTESIAN_POINT ( 'NONE',  ( -1.836011441959783275, 0.5639694227494321810, -2.006905556262552626 ) ) ;
#5090 = DIRECTION ( 'NONE',  ( -0.000000000000000000, 1.000000000000000000, 0.000000000000000000 ) ) ;
#5091 = CARTESIAN_POINT ( 'NONE',  ( -0.7167569405508220637, 0.5086851000838317205, 2.695548052135197103 ) ) ;
#5092 = DIRECTION ( 'NONE',  ( -1.000000000000000000, 0.000000000000000000, 0.000000000000000000 ) ) ;
#5093 = CIRCLE ( 'NONE', #1800, 0.1000000000000000888 ) ;
#5094 = CARTESIAN_POINT ( 'NONE',  ( -2.663179691528190673, 0.5013837380188951309, 0.8589474700274654095 ) ) ;
#5095 = DIRECTION ( 'NONE',  ( -0.000000000000000000, 1.000000000000000000, -0.000000000000000000 ) ) ;
#5096 = CARTESIAN_POINT ( 'NONE',  ( -0.2057855830998348567, 0.000000000000000000, -2.792427670287677355 ) ) ;
#5097 = ORIENTED_EDGE ( 'NONE', *, *, #1643, .F. ) ;
#5098 = EDGE_LOOP ( 'NONE', ( #891, #418, #7610, #6015 ) ) ;
#5099 = VECTOR ( 'NONE', #9112, 100.0000000000000000 ) ;
#5100 = ORIENTED_EDGE ( 'NONE', *, *, #5637, .F. ) ;
#5101 = EDGE_LOOP ( 'NONE', ( #8118, #2561, #8726, #1366 ) ) ;
#5102 = LINE ( 'NONE', #1297, #589 ) ;
#5103 = DIRECTION ( 'NONE',  ( -0.000000000000000000, 1.000000000000000000, -0.000000000000000000 ) ) ;
#5104 = B_SPLINE_CURVE_WITH_KNOTS ( 'NONE', 3,
 ( #91, #3842, #187, #7423 ),
 .UNSPECIFIED., .F., .F.,
 ( 4, 4 ),
 ( 3.282350919460095015E-07, 0.005493070069591945125 ),
 .UNSPECIFIED. ) ;
#5105 = CARTESIAN_POINT ( 'NONE',  ( 0.9263820446220115690, 0.4000000000000000222, -1.272792206135783477 ) ) ;
#5106 = CARTESIAN_POINT ( 'NONE',  ( -2.714544907353796166, 0.000000000000000000, -0.6864735580920572344 ) ) ;
#5107 = DIRECTION ( 'NONE',  ( -0.3008965180465172917, 0.000000000000000000, -0.9536567964563991140 ) ) ;
#5108 = AXIS2_PLACEMENT_3D ( 'NONE', #192, #1549, #8035 ) ;
#5109 = ADVANCED_FACE ( 'NONE', ( #2481 ), #7324, .T. ) ;
#5110 = VERTEX_POINT ( 'NONE', #372 ) ;
#5111 = VERTEX_POINT ( 'NONE', #3744 ) ;
#5112 = B_SPLINE_CURVE_WITH_KNOTS ( 'NONE', 3,
 ( #830, #8720, #8772, #2291 ),
 .UNSPECIFIED., .F., .F.,
 ( 4, 4 ),
 ( 0.0008222052354736994646, 0.001178197165027521781 ),
 .UNSPECIFIED. ) ;
#5113 = EDGE_CURVE ( 'NONE', #8049, #6666, #8868, .T. ) ;
#5114 = CARTESIAN_POINT ( 'NONE',  ( -2.697194602940288455, 0.5639694227494327361, -0.3517800458163080624 ) ) ;
#5115 = VECTOR ( 'NONE', #5103, 100.0000000000000000 ) ;
#5116 = ORIENTED_EDGE ( 'NONE', *, *, #1330, .F. ) ;
#5117 = ORIENTED_EDGE ( 'NONE', *, *, #3031, .T. ) ;
#5118 = CARTESIAN_POINT ( 'NONE',  ( -2.455854470789299970, 0.5014441230611194067, 1.341198725451419049 ) ) ;
#5119 = AXIS2_PLACEMENT_3D ( 'NONE', #3443, #1241, #9176 ) ;
#5120 = DIRECTION ( 'NONE',  ( 0.000000000000000000, 1.000000000000000000, 0.000000000000000000 ) ) ;
#5121 = CARTESIAN_POINT ( 'NONE',  ( -0.3828792114248170675, 0.7884388346760238253, 2.409555395782907006 ) ) ;
#5122 = FACE_OUTER_BOUND ( 'NONE', #1023, .T. ) ;
#5123 = CIRCLE ( 'NONE', #1514, 0.1000000000000000888 ) ;
#5124 = DIRECTION ( 'NONE',  ( -0.000000000000000000, 1.000000000000000000, -0.000000000000000000 ) ) ;
#5125 = VERTEX_POINT ( 'NONE', #181 ) ;
#5126 = ORIENTED_EDGE ( 'NONE', *, *, #3850, .F. ) ;
#5127 = EDGE_CURVE ( 'NONE', #2659, #2333, #7506, .T. ) ;
#5128 = EDGE_CURVE ( 'NONE', #6794, #5125, #4599, .T. ) ;
#5129 = EDGE_CURVE ( 'NONE', #4635, #6686, #8116, .T. ) ;
#5130 = B_SPLINE_CURVE_WITH_KNOTS ( 'NONE', 3,
 ( #5770, #7084, #4354, #3510, #4160, #6331, #8526, #4958, #7135, #1391 ),
 .UNSPECIFIED., .F., .F.,
 ( 4, 2, 2, 2, 4 ),
 ( 8.673617379884035472E-19, 0.0003831395918291021700, 0.0007662791836582034726, 0.001149418775487304721, 0.001532558367316406078 ),
 .UNSPECIFIED. ) ;
#5131 = CARTESIAN_POINT ( 'NONE',  ( -0.9282438859800510311, 0.5639694227494324030, -2.556750127584899168 ) ) ;
#5132 = ORIENTED_EDGE ( 'NONE', *, *, #5271, .T. ) ;
#5133 = AXIS2_PLACEMENT_3D ( 'NONE', #5571, #543, #1153 ) ;
#5134 = DIRECTION ( 'NONE',  ( -0.4999999999999996669, 0.000000000000000000, 0.8660254037844389297 ) ) ;
#5135 = CIRCLE ( 'NONE', #1678, 0.1000000000000000888 ) ;
#5136 = DATE_AND_TIME ( #8751, #1723 ) ;
#5137 = DIRECTION ( 'NONE',  ( -8.673617379884027583E-16, 0.000000000000000000, 1.000000000000000000 ) ) ;
#5138 = DIRECTION ( 'NONE',  ( -0.9536567964563980038, 0.000000000000000000, 0.3008965180465210665 ) ) ;
#5139 = ORIENTED_EDGE ( 'NONE', *, *, #4890, .F. ) ;
#5140 = APPROVAL_PERSON_ORGANIZATION ( #249, #5561, #2404 ) ;
#5141 = ORIENTED_EDGE ( 'NONE', *, *, #520, .F. ) ;
#5142 = DIRECTION ( 'NONE',  ( -0.4999999999999998335, 0.000000000000000000, -0.8660254037844388186 ) ) ;
#5143 = EDGE_CURVE ( 'NONE', #245, #68, #6928, .T. ) ;
#5144 = AXIS2_PLACEMENT_3D ( 'NONE', #1630, #180, #921 ) ;
#5145 = FACE_OUTER_BOUND ( 'NONE', #6048, .T. ) ;
#5146 = CARTESIAN_POINT ( 'NONE',  ( -2.192260848153283703, 0.5639694227494327361, -1.610155365304537511 ) ) ;
#5147 = VECTOR ( 'NONE', #6437, 100.0000000000000000 ) ;
#5148 = DIRECTION ( 'NONE',  ( -0.000000000000000000, -1.000000000000000000, -0.000000000000000000 ) ) ;
#5149 = VECTOR ( 'NONE', #4673, 100.0000000000000000 ) ;
#5150 = CARTESIAN_POINT ( 'NONE',  ( -2.143951337957551218, 0.000000000000000000, -0.8327500588231913081 ) ) ;
#5151 = CARTESIAN_POINT ( 'NONE',  ( 2.697194602940291119, 0.5639694227494324030, 0.3517800458162892441 ) ) ;
#5152 = DIRECTION ( 'NONE',  ( -0.000000000000000000, -1.000000000000000000, -0.000000000000000000 ) ) ;
#5153 = ORIENTED_EDGE ( 'NONE', *, *, #2653, .T. ) ;
#5154 = AXIS2_PLACEMENT_3D ( 'NONE', #8878, #3060, #3195 ) ;
#5155 = VERTEX_POINT ( 'NONE', #5353 ) ;
#5156 = ORIENTED_EDGE ( 'NONE', *, *, #2523, .F. ) ;
#5157 = ORIENTED_EDGE ( 'NONE', *, *, #5544, .F. ) ;
#5158 = DIRECTION ( 'NONE',  ( 0.1090656643110647361, 0.000000000000000000, 0.9940345471201622596 ) ) ;
#5159 = CARTESIAN_POINT ( 'NONE',  ( 1.737147339532180590, 0.5013837380188952420, -2.193772081687392905 ) ) ;
#5160 = ADVANCED_FACE ( 'NONE', ( #3883 ), #8209, .T. ) ;
#5161 = CARTESIAN_POINT ( 'NONE',  ( -2.430547673754271276, 0.5153265304226568588, -1.351145364016230532 ) ) ;
#5162 = LINE ( 'NONE', #5863, #7836 ) ;
#5163 = CARTESIAN_POINT ( 'NONE',  ( 0.3335685446351102645, 0.5271463900493873478, -2.745893881811894310 ) ) ;
#5164 = EDGE_CURVE ( 'NONE', #8718, #6247, #4773, .T. ) ;
#5165 = EDGE_LOOP ( 'NONE', ( #3596, #8910, #9040, #4255 ) ) ;
#5166 = ORIENTED_EDGE ( 'NONE', *, *, #5247, .T. ) ;
#5167 = CIRCLE ( 'NONE', #7120, 0.1000000000000000888 ) ;
#5168 = CARTESIAN_POINT ( 'NONE',  ( 1.722494150469601193, 0.000000000000000000, 2.207490408042129371 ) ) ;
#5169 = EDGE_CURVE ( 'NONE', #3634, #6422, #2611, .T. ) ;
#5170 = ORIENTED_EDGE ( 'NONE', *, *, #6544, .T. ) ;
#5171 = EDGE_LOOP ( 'NONE', ( #8897, #1295, #7822, #1011 ) ) ;
#5172 = DIRECTION ( 'NONE',  ( -0.000000000000000000, 1.000000000000000000, -0.000000000000000000 ) ) ;
#5173 = DIRECTION ( 'NONE',  ( -0.4999999999999997780, 0.000000000000000000, 0.8660254037844388186 ) ) ;
#5174 = LINE ( 'NONE', #5218, #3338 ) ;
#5175 = DIRECTION ( 'NONE',  ( 0.000000000000000000, 0.000000000000000000, 1.000000000000000000 ) ) ;
#5176 = FACE_OUTER_BOUND ( 'NONE', #2377, .T. ) ;
#5177 = ORIENTED_EDGE ( 'NONE', *, *, #131, .T. ) ;
#5178 = ORIENTED_EDGE ( 'NONE', *, *, #3091, .F. ) ;
#5179 = VECTOR ( 'NONE', #2264, 100.0000000000000000 ) ;
#5180 = FACE_OUTER_BOUND ( 'NONE', #6760, .T. ) ;
#5181 = ADVANCED_FACE ( 'NONE', ( #9133 ), #1869, .T. ) ;
#5182 = CARTESIAN_POINT ( 'NONE',  ( 1.619202367649563046, 0.4000000000000000222, 1.272792206135783033 ) ) ;
#5183 = B_SPLINE_CURVE_WITH_KNOTS ( 'NONE', 3,
 ( #6646, #3722, #2171, #8046 ),
 .UNSPECIFIED., .F., .F.,
 ( 4, 4 ),
 ( 3.282350919335772283E-07, 0.005493070069560697551 ),
 .UNSPECIFIED. ) ;
#5184 = APPROVAL_ROLE ( '' ) ;
#5185 = CARTESIAN_POINT ( 'NONE',  ( -1.634248292248229986E-14, 0.000000000000000000, 2.299999999999999378 ) ) ;
#5186 = DIRECTION ( 'NONE',  ( 0.9601057954651814885, 0.000000000000000000, 0.2796370174246805562 ) ) ;
#5187 = ORIENTED_EDGE ( 'NONE', *, *, #6698, .T. ) ;
#5188 = EDGE_CURVE ( 'NONE', #2896, #7221, #453, .T. ) ;
#5189 = ORIENTED_EDGE ( 'NONE', *, *, #5990, .F. ) ;
#5190 = EDGE_CURVE ( 'NONE', #2046, #3803, #4688, .T. ) ;
#5191 = LINE ( 'NONE', #1465, #8677 ) ;
#5192 = DIRECTION ( 'NONE',  ( 0.000000000000000000, 0.000000000000000000, -1.000000000000000000 ) ) ;
#5193 = CARTESIAN_POINT ( 'NONE',  ( 1.513624803867177571, 0.4000000000000000222, -1.455657910746219530 ) ) ;
#5194 = CARTESIAN_POINT ( 'NONE',  ( 2.585593199994430158, 0.000000000000000000, 0.8716099316312619916 ) ) ;
#5195 = CARTESIAN_POINT ( 'NONE',  ( 2.356772047004886517, 0.000000000000000000, -1.313887210115783022 ) ) ;
#5196 = DIRECTION ( 'NONE',  ( 0.000000000000000000, -1.000000000000000000, 0.000000000000000000 ) ) ;
#5197 = CARTESIAN_POINT ( 'NONE',  ( 1.830737113942426664, 0.5032341246880196461, 2.113270506503124757 ) ) ;
#5198 = EDGE_CURVE ( 'NONE', #4173, #6385, #499, .T. ) ;
#5199 = VERTEX_POINT ( 'NONE', #8960 ) ;
#5200 = B_SPLINE_CURVE_WITH_KNOTS ( 'NONE', 3,
 ( #6736, #294, #347, #3153 ),
 .UNSPECIFIED., .F., .F.,
 ( 4, 4 ),
 ( 0.0008222604423106184748, 0.001178252371864444478 ),
 .UNSPECIFIED. ) ;
#5201 = ORIENTED_EDGE ( 'NONE', *, *, #2564, .F. ) ;
#5202 = VERTEX_POINT ( 'NONE', #6937 ) ;
#5203 = ORIENTED_EDGE ( 'NONE', *, *, #952, .F. ) ;
#5204 = DIRECTION ( 'NONE',  ( 0.000000000000000000, 1.000000000000000000, -0.000000000000000000 ) ) ;
#5205 = LINE ( 'NONE', #2237, #8708 ) ;
#5206 = CARTESIAN_POINT ( 'NONE',  ( 1.658458538036021057, 0.5639694227494324030, 2.155950649801652741 ) ) ;
#5207 = LINE ( 'NONE', #5106, #2589 ) ;
#5208 = CARTESIAN_POINT ( 'NONE',  ( 0.3181652209428095790, 0.5153265304226570809, -2.762594194100404188 ) ) ;
#5209 = ORIENTED_EDGE ( 'NONE', *, *, #2617, .F. ) ;
#5210 = EDGE_LOOP ( 'NONE', ( #5520, #3430, #6739, #8203 ) ) ;
#5211 = EDGE_CURVE ( 'NONE', #3261, #2089, #6786, .T. ) ;
#5212 = CONICAL_SURFACE ( 'NONE', #7461, 2.299999999999999822, 0.8960553845713439269 ) ;
#5213 = CARTESIAN_POINT ( 'NONE',  ( 1.235013156857738714, 0.8999999999999995781, -1.940294437034823627 ) ) ;
#5214 = ORIENTED_EDGE ( 'NONE', *, *, #6968, .F. ) ;
#5215 = VERTEX_POINT ( 'NONE', #9002 ) ;
#5216 = CARTESIAN_POINT ( 'NONE',  ( -0.05109392178899870712, 0.000000000000000000, -2.299432410651859104 ) ) ;
#5217 = DIRECTION ( 'NONE',  ( 0.9942059264903057025, 0.000000000000000000, -0.1074922124228222670 ) ) ;
#5218 = CARTESIAN_POINT ( 'NONE',  ( -0.3984848430396540353, 0.000000000000000000, 2.265217391304344741 ) ) ;
#5219 = CARTESIAN_POINT ( 'NONE',  ( -2.438073872837089429, 0.000000000000000000, 1.205986615744096158 ) ) ;
#5220 = CIRCLE ( 'NONE', #7169, 2.299999999999999822 ) ;
#5221 = LINE ( 'NONE', #2916, #4798 ) ;
#5222 = ORIENTED_EDGE ( 'NONE', *, *, #6713, .F. ) ;
#5223 = VERTEX_POINT ( 'NONE', #7595 ) ;
#5224 = B_SPLINE_CURVE_WITH_KNOTS ( 'NONE', 3,
 ( #1961, #6113, #8356, #6243 ),
 .UNSPECIFIED., .F., .F.,
 ( 4, 4 ),
 ( 0.0008222604423106201011, 0.001178252371864440791 ),
 .UNSPECIFIED. ) ;
#5225 = DIRECTION ( 'NONE',  ( -0.000000000000000000, -1.000000000000000000, -0.000000000000000000 ) ) ;
#5226 = CARTESIAN_POINT ( 'NONE',  ( 0.000000000000000000, 0.9000000000000001332, 0.000000000000000000 ) ) ;
#5227 = DIRECTION ( 'NONE',  ( 0.000000000000000000, 0.000000000000000000, 1.000000000000000000 ) ) ;
#5228 = VECTOR ( 'NONE', #8512, 100.0000000000000000 ) ;
#5229 = CARTESIAN_POINT ( 'NONE',  ( 0.9209726854077938674, 0.5270647222874789151, 2.608366502241227458 ) ) ;
#5230 = ORIENTED_EDGE ( 'NONE', *, *, #7196, .F. ) ;
#5231 = VERTEX_POINT ( 'NONE', #5487 ) ;
#5232 = EDGE_CURVE ( 'NONE', #3703, #7531, #9173, .T. ) ;
#5233 = PLANE ( 'NONE',  #3778 ) ;
#5234 = B_SPLINE_CURVE_WITH_KNOTS ( 'NONE', 3,
 ( #7244, #4427, #5075, #4518 ),
 .UNSPECIFIED., .F., .F.,
 ( 4, 4 ),
 ( 0.001394151805358373897, 0.001532558367316401958 ),
 .UNSPECIFIED. ) ;
#5235 = ADVANCED_FACE ( 'NONE', ( #588 ), #2567, .T. ) ;
#5236 = CARTESIAN_POINT ( 'NONE',  ( 1.357174072685332300, 0.000000000000000000, -2.357262493485920096 ) ) ;
#5237 = CARTESIAN_POINT ( 'NONE',  ( -0.6675993333131389207, 0.5387515438739263196, 2.669371815265632719 ) ) ;
#5238 = DIRECTION ( 'NONE',  ( 0.000000000000000000, 0.000000000000000000, 1.000000000000000000 ) ) ;
#5239 = CONICAL_SURFACE ( 'NONE', #8676, 2.299999999999999822, 0.8960553845713439269 ) ;
#5240 = CARTESIAN_POINT ( 'NONE',  ( 2.057375436342368413, 0.5270647222874780269, -1.849046459994022396 ) ) ;
#5241 = DIRECTION ( 'NONE',  ( 0.000000000000000000, 0.000000000000000000, -1.000000000000000000 ) ) ;
#5242 = DIRECTION ( 'NONE',  ( -0.000000000000000000, -1.000000000000000000, -0.000000000000000000 ) ) ;
#5243 = ORIENTED_EDGE ( 'NONE', *, *, #871, .F. ) ;
#5244 = ORIENTED_EDGE ( 'NONE', *, *, #5088, .T. ) ;
#5245 = AXIS2_PLACEMENT_3D ( 'NONE', #8980, #5413, #2816 ) ;
#5246 = ADVANCED_FACE ( 'NONE', ( #5441 ), #2522, .F. ) ;
#5247 = EDGE_CURVE ( 'NONE', #2618, #330, #8302, .T. ) ;
#5248 = VERTEX_POINT ( 'NONE', #2700 ) ;
#5249 = ORIENTED_EDGE ( 'NONE', *, *, #4046, .F. ) ;
#5250 = FACE_OUTER_BOUND ( 'NONE', #8856, .T. ) ;
#5251 = CARTESIAN_POINT ( 'NONE',  ( 0.000000000000000000, 1.000000000000000000, -1.600000000000000089 ) ) ;
#5252 = CARTESIAN_POINT ( 'NONE',  ( 0.000000000000000000, 0.3000000000000000999, 0.000000000000000000 ) ) ;
#5253 = CARTESIAN_POINT ( 'NONE',  ( 1.235013156857738714, 0.000000000000000000, -1.940294437034823627 ) ) ;
#5254 = DIRECTION ( 'NONE',  ( 0.000000000000000000, 1.000000000000000000, 0.000000000000000000 ) ) ;
#5255 = VECTOR ( 'NONE', #1956, 100.0000000000000142 ) ;
#5256 = VERTEX_POINT ( 'NONE', #4112 ) ;
#5257 = VECTOR ( 'NONE', #3981, 100.0000000000000000 ) ;
#5258 = ORIENTED_EDGE ( 'NONE', *, *, #7498, .T. ) ;
#5259 = CARTESIAN_POINT ( 'NONE',  ( 0.000000000000000000, 0.000000000000000000, 0.000000000000000000 ) ) ;
#5260 = EDGE_LOOP ( 'NONE', ( #2219, #8034, #7414, #3100 ) ) ;
#5261 = ORIENTED_EDGE ( 'NONE', *, *, #7686, .T. ) ;
#5262 = LINE ( 'NONE', #3891, #8535 ) ;
#5263 = CARTESIAN_POINT ( 'NONE',  ( -2.143951337957551218, 0.000000000000000000, -0.8327500588231913081 ) ) ;
#5264 = CIRCLE ( 'NONE', #4514, 0.1000000000000000888 ) ;
#5265 = CARTESIAN_POINT ( 'NONE',  ( -1.619202367649563268, 0.8000000000000000444, 1.272792206135783255 ) ) ;
#5266 = CARTESIAN_POINT ( 'NONE',  ( -2.567814011882551206, 0.000000000000000000, 0.8288578182228133473 ) ) ;
#5267 = CARTESIAN_POINT ( 'NONE',  ( 2.162343633516070618, 0.5560412871706277294, -1.666401505589755860 ) ) ;
#5268 = ADVANCED_FACE ( 'NONE', ( #1906 ), #6985, .T. ) ;
#5269 = DIRECTION ( 'NONE',  ( 0.000000000000000000, 0.000000000000000000, 1.000000000000000000 ) ) ;
#5270 = VERTEX_POINT ( 'NONE', #7634 ) ;
#5271 = EDGE_CURVE ( 'NONE', #4639, #8870, #925, .T. ) ;
#5272 = ORIENTED_EDGE ( 'NONE', *, *, #2400, .F. ) ;
#5273 = VECTOR ( 'NONE', #2191, 100.0000000000000000 ) ;
#5274 = DIRECTION ( 'NONE',  ( 0.3008965180465209555, 0.000000000000000000, 0.9536567964563978927 ) ) ;
#5275 = CARTESIAN_POINT ( 'NONE',  ( 0.1997812777912961746, 0.5032341246880196461, -2.788834533468469434 ) ) ;
#5277 = CARTESIAN_POINT ( 'NONE',  ( 2.061437876290790339, 0.5520126814905891299, 1.797393981873913082 ) ) ;
#5276 = AXIS2_PLACEMENT_3D ( 'NONE', #2492, #3105, #5972 ) ;
#5278 = LINE ( 'NONE', #1564, #415 ) ;
#5279 = EDGE_CURVE ( 'NONE', #8871, #8402, #2723, .T. ) ;
#5280 = ORIENTED_EDGE ( 'NONE', *, *, #831, .T. ) ;
#5281 = VERTEX_POINT ( 'NONE', #8256 ) ;
#5282 = EDGE_CURVE ( 'NONE', #4765, #7918, #9091, .T. ) ;
#5283 = CIRCLE ( 'NONE', #2431, 2.299999999999999822 ) ;
#5284 = AXIS2_PLACEMENT_3D ( 'NONE', #3585, #4946, #7815 ) ;
#5285 = CARTESIAN_POINT ( 'NONE',  ( -1.445997286892675593, 0.8000000000000000444, 0.9727922061357832106 ) ) ;
#5286 = CARTESIAN_POINT ( 'NONE',  ( 1.272792206135787918, 0.000000000000000000, 1.072792206135783299 ) ) ;
#5287 = FACE_OUTER_BOUND ( 'NONE', #5843, .T. ) ;
#5288 = CARTESIAN_POINT ( 'NONE',  ( 2.450144786393174012, 0.5014441230611190736, -1.351601172150517893 ) ) ;
#5289 = FACE_OUTER_BOUND ( 'NONE', #8171, .T. ) ;
#5290 = LINE ( 'NONE', #6840, #3283 ) ;
#5291 = AXIS2_PLACEMENT_3D ( 'NONE', #1758, #6089, #2599 ) ;
#5292 = CARTESIAN_POINT ( 'NONE',  ( -1.277811535945084565, 0.000000000000000000, -1.912380108295854475 ) ) ;
#5293 = ORIENTED_EDGE ( 'NONE', *, *, #148, .T. ) ;
#5294 = ORIENTED_EDGE ( 'NONE', *, *, #1682, .T. ) ;
#5295 = VECTOR ( 'NONE', #1394, 100.0000000000000000 ) ;
#5296 = ORIENTED_EDGE ( 'NONE', *, *, #1218, .T. ) ;
#5297 = AXIS2_PLACEMENT_3D ( 'NONE', #6561, #3642, #3824 ) ;
#5298 = AXIS2_PLACEMENT_3D ( 'NONE', #2962, #5826, #8686 ) ;
#5299 = VERTEX_POINT ( 'NONE', #9273 ) ;
#5300 = VERTEX_POINT ( 'NONE', #2137 ) ;
#5301 = CARTESIAN_POINT ( 'NONE',  ( 1.277811535945086563, 0.000000000000000000, -1.912380108295853143 ) ) ;
#5302 = LINE ( 'NONE', #1728, #4667 ) ;
#5303 = VECTOR ( 'NONE', #1551, 100.0000000000000000 ) ;
#5304 = CARTESIAN_POINT ( 'NONE',  ( -2.707331651296758235, 0.5560412871706279514, -0.3506840417328073167 ) ) ;
#5305 = DIRECTION ( 'NONE',  ( -0.2811562814652273645, 0.000000000000000000, 0.9596619953882959964 ) ) ;
#5306 = DIRECTION ( 'NONE',  ( 0.000000000000000000, -1.000000000000000000, 0.000000000000000000 ) ) ;
#5307 = ADVANCED_FACE ( 'NONE', ( #9230 ), #476, .T. ) ;
#5308 = AXIS2_PLACEMENT_3D ( 'NONE', #7178, #8528, #3462 ) ;
#5309 = EDGE_CURVE ( 'NONE', #5223, #5769, #8222, .T. ) ;
#5310 = EDGE_LOOP ( 'NONE', ( #3715, #6947, #4693, #1400, #6127, #9115 ) ) ;
#5311 = EDGE_CURVE ( 'NONE', #2767, #8246, #3318, .T. ) ;
#5312 = EDGE_CURVE ( 'NONE', #2637, #4834, #2792, .T. ) ;
#5313 = ADVANCED_FACE ( 'NONE', ( #5667 ), #6372, .T. ) ;
#5314 = ORIENTED_EDGE ( 'NONE', *, *, #4579, .F. ) ;
#5315 = CARTESIAN_POINT ( 'NONE',  ( -2.754104346392470148, 0.5338837825254074687, -0.1398082218526651987 ) ) ;
#5316 = EDGE_LOOP ( 'NONE', ( #1458, #3408 ) ) ;
#5317 = VECTOR ( 'NONE', #4344, 100.0000000000000000 ) ;
#5318 = ORIENTED_EDGE ( 'NONE', *, *, #804, .T. ) ;
#5319 = LINE ( 'NONE', #8172, #4796 ) ;
#5320 = DIRECTION ( 'NONE',  ( -0.000000000000000000, -1.000000000000000000, -0.000000000000000000 ) ) ;
#5321 = CARTESIAN_POINT ( 'NONE',  ( -2.474088437236936500, 0.5013837380188954640, -1.307364995081810477 ) ) ;
#5322 = DIRECTION ( 'NONE',  ( -0.000000000000000000, -1.000000000000000000, -0.000000000000000000 ) ) ;
#5323 = DIRECTION ( 'NONE',  ( -0.000000000000000000, 1.000000000000000000, -0.000000000000000000 ) ) ;
#5324 = ORIENTED_EDGE ( 'NONE', *, *, #2904, .T. ) ;
#5325 = EDGE_CURVE ( 'NONE', #6433, #1565, #6096, .T. ) ;
#5326 = VERTEX_POINT ( 'NONE', #2891 ) ;
#5327 = ORIENTED_EDGE ( 'NONE', *, *, #4094, .T. ) ;
#5328 = B_SPLINE_CURVE_WITH_KNOTS ( 'NONE', 3,
 ( #8316, #4077, #9195, #6997 ),
 .UNSPECIFIED., .F., .F.,
 ( 4, 4 ),
 ( 3.282350919458614824E-07, 0.005493070069606432668 ),
 .UNSPECIFIED. ) ;
#5329 = DIRECTION ( 'NONE',  ( 0.000000000000000000, 0.000000000000000000, 1.000000000000000000 ) ) ;
#5330 = PLANE ( 'NONE',  #1182 ) ;
#5331 = LINE ( 'NONE', #4001, #4764 ) ;
#5332 = ORIENTED_EDGE ( 'NONE', *, *, #5357, .T. ) ;
#5333 = ORIENTED_EDGE ( 'NONE', *, *, #5801, .F. ) ;
#5334 = EDGE_CURVE ( 'NONE', #6137, #2054, #2280, .T. ) ;
#5335 = LINE ( 'NONE', #4670, #5005 ) ;
#5336 = EDGE_CURVE ( 'NONE', #6724, #4034, #2964, .T. ) ;
#5337 = DIRECTION ( 'NONE',  ( 0.000000000000000000, 0.000000000000000000, -1.000000000000000000 ) ) ;
#5338 = FACE_OUTER_BOUND ( 'NONE', #1389, .T. ) ;
#5339 = CARTESIAN_POINT ( 'NONE',  ( 2.438073872837081879, 0.5639694227494327361, -1.205986615744112589 ) ) ;
#5340 = CARTESIAN_POINT ( 'NONE',  ( 0.1208403870883241193, 0.5639694227494320700, -2.717352668980066444 ) ) ;
#5341 = CARTESIAN_POINT ( 'NONE',  ( 0.2492336563268602312, 0.5014441230611187406, -2.787098453123292519 ) ) ;
#5342 = DIRECTION ( 'NONE',  ( 0.000000000000000000, 0.000000000000000000, 1.000000000000000000 ) ) ;
#5343 = ORIENTED_EDGE ( 'NONE', *, *, #1501, .F. ) ;
#5344 = ORIENTED_EDGE ( 'NONE', *, *, #301, .T. ) ;
#5345 = EDGE_CURVE ( 'NONE', #4044, #3303, #7129, .T. ) ;
#5346 = DIRECTION ( 'NONE',  ( 0.000000000000000000, 0.000000000000000000, 1.000000000000000000 ) ) ;
#5347 = VERTEX_POINT ( 'NONE', #8566 ) ;
#5348 = ORIENTED_EDGE ( 'NONE', *, *, #2405, .F. ) ;
#5349 = PLANE ( 'NONE',  #9174 ) ;
#5350 = DIRECTION ( 'NONE',  ( 0.000000000000000000, 1.000000000000000000, 0.000000000000000000 ) ) ;
#5351 = CARTESIAN_POINT ( 'NONE',  ( -2.398269716332228185, 0.5340002883789661814, -1.360932093751777483 ) ) ;
#5352 = CARTESIAN_POINT ( 'NONE',  ( -0.9263820446220125682, 0.4000000000000000222, -1.272792206135783477 ) ) ;
#5353 = CARTESIAN_POINT ( 'NONE',  ( -1.272792206135788140, 0.8000000000000000444, -1.072792206135783299 ) ) ;
#5354 = ORIENTED_EDGE ( 'NONE', *, *, #4865, .F. ) ;
#5355 = ORIENTED_EDGE ( 'NONE', *, *, #6065, .F. ) ;
#5356 = CARTESIAN_POINT ( 'NONE',  ( -1.445997286892676481, 0.4000000000000000222, -1.572792206135783744 ) ) ;
#5357 = EDGE_CURVE ( 'NONE', #8768, #6401, #4951, .T. ) ;
#5358 = ORIENTED_EDGE ( 'NONE', *, *, #5164, .T. ) ;
#5359 = ORIENTED_EDGE ( 'NONE', *, *, #1722, .F. ) ;
#5360 = LINE ( 'NONE', #2921, #4955 ) ;
#5361 = PLANE ( 'NONE',  #1047 ) ;
#5362 = PLANE ( 'NONE',  #7839 ) ;
#5363 = DIRECTION ( 'NONE',  ( -0.000000000000000000, -1.000000000000000000, -0.000000000000000000 ) ) ;
#5364 = DIRECTION ( 'NONE',  ( 0.000000000000000000, 0.000000000000000000, 1.000000000000000000 ) ) ;
#5365 = EDGE_LOOP ( 'NONE', ( #760, #7347, #3508, #5065, #1304, #5258 ) ) ;
#5366 = ORIENTED_EDGE ( 'NONE', *, *, #284, .F. ) ;
#5367 = VERTEX_POINT ( 'NONE', #636 ) ;
#5368 = CARTESIAN_POINT ( 'NONE',  ( 2.131752242351181437, 0.000000000000000000, -1.812718732419753564 ) ) ;
#5369 = ADVANCED_FACE ( 'NONE', ( #7963 ), #6570, .T. ) ;
#5370 = VECTOR ( 'NONE', #5997, 100.0000000000000000 ) ;
#5371 = CARTESIAN_POINT ( 'NONE',  ( 2.351378124923494184, 0.6763576274005849154, 1.061258598061530778 ) ) ;
#5372 = DIRECTION ( 'NONE',  ( -0.000000000000000000, -1.000000000000000000, -0.000000000000000000 ) ) ;
#5373 = ORIENTED_EDGE ( 'NONE', *, *, #871, .T. ) ;
#5374 = ORIENTED_EDGE ( 'NONE', *, *, #120, .T. ) ;
#5375 = CARTESIAN_POINT ( 'NONE',  ( 1.673030232386753857, 0.000000000000000000, -2.245210422548391094 ) ) ;
#5376 = CARTESIAN_POINT ( 'NONE',  ( -0.4487077406370631460, 0.8999999999999998002, -2.255806144927436474 ) ) ;
#5377 = LINE ( 'NONE', #1805, #5149 ) ;
#5378 = FACE_OUTER_BOUND ( 'NONE', #5365, .T. ) ;
#5379 = CARTESIAN_POINT ( 'NONE',  ( 0.6864735580920294788, 0.000000000000000000, -2.714544907353803271 ) ) ;
#5380 = CARTESIAN_POINT ( 'NONE',  ( 0.000000000000000000, 0.4000000000000000222, 0.000000000000000000 ) ) ;
#5381 = EDGE_CURVE ( 'NONE', #4010, #6225, #7820, .T. ) ;
#5382 = EDGE_LOOP ( 'NONE', ( #7928, #9154, #6891, #2644 ) ) ;
#5383 = EDGE_CURVE ( 'NONE', #5669, #4964, #8103, .T. ) ;
#5384 = ORIENTED_EDGE ( 'NONE', *, *, #131, .F. ) ;
#5385 = AXIS2_PLACEMENT_3D ( 'NONE', #2279, #5196, #6612 ) ;
#5386 = VECTOR ( 'NONE', #1790, 100.0000000000000142 ) ;
#5387 = ORIENTED_EDGE ( 'NONE', *, *, #3159, .T. ) ;
#5388 = LINE ( 'NONE', #5481, #6332 ) ;
#5389 = DIRECTION ( 'NONE',  ( -0.000000000000000000, -1.000000000000000000, -0.000000000000000000 ) ) ;
#5390 = CARTESIAN_POINT ( 'NONE',  ( -2.162343633516082608, 0.5560412871706276183, 1.666401505589740539 ) ) ;
#5391 = LINE ( 'NONE', #1947, #2440 ) ;
#5392 = B_SPLINE_CURVE_WITH_KNOTS ( 'NONE', 3,
 ( #6230, #9089, #3310, #6188 ),
 .UNSPECIFIED., .F., .F.,
 ( 4, 4 ),
 ( 3.282350919557271399E-07, 0.005493070069607287019 ),
 .UNSPECIFIED. ) ;
#5393 = DIRECTION ( 'NONE',  ( -0.000000000000000000, 1.000000000000000000, -0.000000000000000000 ) ) ;
#5394 = ORIENTED_EDGE ( 'NONE', *, *, #999, .T. ) ;
#5395 = AXIS2_PLACEMENT_3D ( 'NONE', #9024, #8185, #6694 ) ;
#5396 = VERTEX_POINT ( 'NONE', #4201 ) ;
#5397 = CARTESIAN_POINT ( 'NONE',  ( -2.727140668745496654, 0.5560460307591204021, -0.1236744067756196108 ) ) ;
#5398 = ORIENTED_EDGE ( 'NONE', *, *, #2262, .F. ) ;
#5399 = EDGE_LOOP ( 'NONE', ( #8352, #2461, #9045, #3811, #6286, #1859 ) ) ;
#5400 = CARTESIAN_POINT ( 'NONE',  ( -2.288560435849796626, 0.7884388346761070920, -0.8456032328168429091 ) ) ;
#5401 = DIRECTION ( 'NONE',  ( -0.000000000000000000, 1.000000000000000000, -0.000000000000000000 ) ) ;
#5402 = CARTESIAN_POINT ( 'NONE',  ( -2.709035401558045564, 0.5482992156844560538, 0.4082981140704690093 ) ) ;
#5403 = CARTESIAN_POINT ( 'NONE',  ( -0.1208403870883426601, 0.000000000000000000, 2.717352668980065111 ) ) ;
#5404 = CARTESIAN_POINT ( 'NONE',  ( 0.7374309401609072667, 0.000000000000000000, -2.595548052135201900 ) ) ;
#5405 = AXIS2_PLACEMENT_3D ( 'NONE', #8504, #2066, #4933 ) ;
#5406 = ORIENTED_EDGE ( 'NONE', *, *, #2423, .F. ) ;
#5407 = ORIENTED_EDGE ( 'NONE', *, *, #7286, .F. ) ;
#5408 = ADVANCED_FACE ( 'NONE', ( #78, #5622, #7917 ), #1472, .T. ) ;
#5409 = ORIENTED_EDGE ( 'NONE', *, *, #6566, .F. ) ;
#5410 = CARTESIAN_POINT ( 'NONE',  ( 0.05109392178901479842, 0.000000000000000000, 2.299432410651858216 ) ) ;
#5411 = VECTOR ( 'NONE', #4272, 100.0000000000000000 ) ;
#5412 = CARTESIAN_POINT ( 'NONE',  ( -2.255806144927434698, 0.8999999999999998002, 0.4487077406370710286 ) ) ;
#5413 = DIRECTION ( 'NONE',  ( 0.1090656643110664709, 0.000000000000000000, 0.9940345471201621486 ) ) ;
#5414 = CARTESIAN_POINT ( 'NONE',  ( -1.412143514359710528, 0.5270647222874765836, -2.378574613530799908 ) ) ;
#5415 = CIRCLE ( 'NONE', #3609, 0.1000000000000000888 ) ;
#5416 = ORIENTED_EDGE ( 'NONE', *, *, #665, .F. ) ;
#5417 = EDGE_CURVE ( 'NONE', #998, #2068, #2229, .T. ) ;
#5418 = EDGE_CURVE ( 'NONE', #7530, #1862, #311, .T. ) ;
#5419 = EDGE_CURVE ( 'NONE', #7993, #5896, #7408, .T. ) ;
#5420 = DIRECTION ( 'NONE',  ( 0.000000000000000000, 0.000000000000000000, 1.000000000000000000 ) ) ;
#5421 = AXIS2_PLACEMENT_3D ( 'NONE', #5761, #2745, #5662 ) ;
#5422 = CYLINDRICAL_SURFACE ( 'NONE', #8030, 0.2000000000000000111 ) ;
#5423 = DIRECTION ( 'NONE',  ( -0.000000000000000000, -1.000000000000000000, -0.000000000000000000 ) ) ;
#5424 = CIRCLE ( 'NONE', #5119, 1.250000000000000000 ) ;
#5425 = CARTESIAN_POINT ( 'NONE',  ( -0.2226749873480474984, 0.5013688439943366770, 2.789416683808105812 ) ) ;
#5426 = CARTESIAN_POINT ( 'NONE',  ( -1.785452745114162187, 0.5013837380188954640, -2.154640415614418103 ) ) ;
#5427 = CARTESIAN_POINT ( 'NONE',  ( 0.7995736333737202273, 0.5013837380188951309, -2.681603779540952193 ) ) ;
#5428 = ORIENTED_EDGE ( 'NONE', *, *, #7195, .F. ) ;
#5429 = ADVANCED_FACE ( 'NONE', ( #2989 ), #8153, .T. ) ;
#5430 = AXIS2_PLACEMENT_3D ( 'NONE', #7520, #7469, #1033 ) ;
#5431 = FACE_OUTER_BOUND ( 'NONE', #6056, .T. ) ;
#5432 = B_SPLINE_CURVE_WITH_KNOTS ( 'NONE', 3,
 ( #2500, #6169, #5277, #1707, #7437, #1794 ),
 .UNSPECIFIED., .F., .F.,
 ( 4, 2, 4 ),
 ( 3.878959614448864246E-18, 0.0002928600014159195579, 0.0005857200028318352127 ),
 .UNSPECIFIED. ) ;
#5433 = AXIS2_PLACEMENT_3D ( 'NONE', #9201, #4879, #7785 ) ;
#5434 = VERTEX_POINT ( 'NONE', #5854 ) ;
#5435 = CARTESIAN_POINT ( 'NONE',  ( -2.154640415614411886, 0.000000000000000000, 1.785452745114168849 ) ) ;
#5436 = CARTESIAN_POINT ( 'NONE',  ( 2.356772047004886517, 0.000000000000000000, -1.313887210115783022 ) ) ;
#5437 = B_SPLINE_CURVE_WITH_KNOTS ( 'NONE', 3,
 ( #2604, #9175, #7627, #7810, #9222, #4054, #5479, #1239, #7121, #4104 ),
 .UNSPECIFIED., .F., .F.,
 ( 4, 2, 2, 2, 4 ),
 ( 0.000000000000000000, 0.0003819510935555817956, 0.0007639021871111635912, 0.001145853280666745333, 0.001527804374222327182 ),
 .UNSPECIFIED. ) ;
#5438 = CARTESIAN_POINT ( 'NONE',  ( -2.175115393338263203, 0.5340002883789665145, 1.694906139508260967 ) ) ;
#5439 = PLANE ( 'NONE',  #5739 ) ;
#5440 = AXIS2_PLACEMENT_3D ( 'NONE', #2414, #8012, #3823 ) ;
#5441 = FACE_OUTER_BOUND ( 'NONE', #4421, .T. ) ;
#5442 = VECTOR ( 'NONE', #7510, 100.0000000000000000 ) ;
#5443 = CARTESIAN_POINT ( 'NONE',  ( 0.000000000000000000, 0.000000000000000000, 0.6500000000000000222 ) ) ;
#5444 = ORIENTED_EDGE ( 'NONE', *, *, #6581, .T. ) ;
#5445 = AXIS2_PLACEMENT_3D ( 'NONE', #1099, #1893, #6839 ) ;
#5446 = ORIENTED_EDGE ( 'NONE', *, *, #8944, .F. ) ;
#5447 = CARTESIAN_POINT ( 'NONE',  ( 2.299432410651858216, 0.9000000000000001332, -0.05109392178902329162 ) ) ;
#5448 = EDGE_CURVE ( 'NONE', #2896, #1837, #9250, .T. ) ;
#5449 = AXIS2_PLACEMENT_3D ( 'NONE', #9090, #1152, #4015 ) ;
#5450 = ORIENTED_EDGE ( 'NONE', *, *, #2456, .T. ) ;
#5451 = VERTEX_POINT ( 'NONE', #961 ) ;
#5452 = FACE_OUTER_BOUND ( 'NONE', #6571, .T. ) ;
#5453 = LINE ( 'NONE', #8394, #752 ) ;
#5454 = EDGE_CURVE ( 'NONE', #8767, #5820, #4492, .T. ) ;
#5455 = CARTESIAN_POINT ( 'NONE',  ( -2.299999999999999822, 0.9000000000000001332, -2.493622752942928889E-14 ) ) ;
#5456 = CARTESIAN_POINT ( 'NONE',  ( -1.445997286892675593, 0.8000000000000000444, 0.9727922061357832106 ) ) ;
#5457 = VECTOR ( 'NONE', #1741, 100.0000000000000000 ) ;
#5459 = AXIS2_PLACEMENT_3D ( 'NONE', #5226, #8090, #1650 ) ;
#5458 = DIRECTION ( 'NONE',  ( -0.9596619953882951082, 0.000000000000000000, -0.2811562814652303066 ) ) ;
#5460 = ORIENTED_EDGE ( 'NONE', *, *, #6547, .T. ) ;
#5461 = ORIENTED_EDGE ( 'NONE', *, *, #2061, .T. ) ;
#5462 = ORIENTED_EDGE ( 'NONE', *, *, #8924, .F. ) ;
#5463 = EDGE_CURVE ( 'NONE', #2618, #6233, #3252, .T. ) ;
#5464 = AXIS2_PLACEMENT_3D ( 'NONE', #3756, #6633, #3895 ) ;
#5465 = DIRECTION ( 'NONE',  ( 0.000000000000000000, -0.000000000000000000, -1.000000000000000000 ) ) ;
#5466 = CARTESIAN_POINT ( 'NONE',  ( 2.490958345820950104, 0.5338837825254059144, 1.183116059015543176 ) ) ;
#5467 = LINE ( 'NONE', #8841, #3737 ) ;
#5468 = CARTESIAN_POINT ( 'NONE',  ( -0.7949084059125409718, 0.000000000000000000, -2.578525685088093322 ) ) ;
#5469 = ORIENTED_EDGE ( 'NONE', *, *, #3200, .T. ) ;
#5470 = AXIS2_PLACEMENT_3D ( 'NONE', #5375, #1803, #1000 ) ;
#5471 = EDGE_CURVE ( 'NONE', #5975, #199, #6419, .T. ) ;
#5472 = CARTESIAN_POINT ( 'NONE',  ( 2.696272466088984743, 0.5032341246880199792, 0.7400171637419241666 ) ) ;
#5473 = FACE_OUTER_BOUND ( 'NONE', #4327, .T. ) ;
#5474 = APPROVAL_PERSON_ORGANIZATION ( #854, #2241, #5184 ) ;
#5475 = CARTESIAN_POINT ( 'NONE',  ( -2.684058973958861838, 0.000000000000000000, 0.2765890575571310905 ) ) ;
#5476 = FACE_OUTER_BOUND ( 'NONE', #8007, .T. ) ;
#5477 = DIRECTION ( 'NONE',  ( 0.000000000000000000, 0.000000000000000000, 1.000000000000000000 ) ) ;
#5478 = ORIENTED_EDGE ( 'NONE', *, *, #3344, .F. ) ;
#5479 = CARTESIAN_POINT ( 'NONE',  ( -1.795563527837733986, 0.5102758125174863268, 2.131741159607277059 ) ) ;
#5480 = ORIENTED_EDGE ( 'NONE', *, *, #242, .F. ) ;
#5481 = CARTESIAN_POINT ( 'NONE',  ( -1.619202367649563268, 0.8000000000000000444, 1.272792206135783255 ) ) ;
#5482 = AXIS2_PLACEMENT_3D ( 'NONE', #6218, #1181, #9079 ) ;
#5483 = CARTESIAN_POINT ( 'NONE',  ( -2.779579779042261389, 0.000000000000000000, 0.3228824516354841245 ) ) ;
#5484 = EDGE_CURVE ( 'NONE', #5299, #4203, #2158, .T. ) ;
#5485 = CARTESIAN_POINT ( 'NONE',  ( 0.9263820446220125682, 0.8000000000000000444, 1.272792206135783255 ) ) ;
#5486 = DIRECTION ( 'NONE',  ( 0.000000000000000000, 1.000000000000000000, 0.000000000000000000 ) ) ;
#5487 = CARTESIAN_POINT ( 'NONE',  ( -0.8249980577171927010, 0.000000000000000000, -2.673891364733733234 ) ) ;
#5488 = ORIENTED_EDGE ( 'NONE', *, *, #4475, .F. ) ;
#5489 = VERTEX_POINT ( 'NONE', #3084 ) ;
#5490 = DIRECTION ( 'NONE',  ( 0.000000000000000000, 1.000000000000000000, 0.000000000000000000 ) ) ;
#5491 = VERTEX_POINT ( 'NONE', #8104 ) ;
#5492 = VERTEX_POINT ( 'NONE', #5950 ) ;
#5493 = CARTESIAN_POINT ( 'NONE',  ( 1.589815391877622774, 0.000000000000000000, -1.662073109026495521 ) ) ;
#5494 = DIRECTION ( 'NONE',  ( 1.000000000000000000, 0.000000000000000000, 0.000000000000000000 ) ) ;
#5495 = CARTESIAN_POINT ( 'NONE',  ( 2.078902249923457735, 0.000000000000000000, -1.875677327064328326 ) ) ;
#5496 = CARTESIAN_POINT ( 'NONE',  ( 1.445997286892675593, 0.8000000000000000444, -1.572792206135783744 ) ) ;
#5497 = DIRECTION ( 'NONE',  ( -0.2811562814652243114, 0.000000000000000000, 0.9596619953882968845 ) ) ;
#5498 = EDGE_CURVE ( 'NONE', #63, #6885, #1665, .T. ) ;
#5499 = ORIENTED_EDGE ( 'NONE', *, *, #6532, .F. ) ;
#5500 = ORIENTED_EDGE ( 'NONE', *, *, #2973, .F. ) ;
#5501 = EDGE_LOOP ( 'NONE', ( #8347, #3841, #966, #9057 ) ) ;
#5502 = LINE ( 'NONE', #8801, #6641 ) ;
#5503 = CARTESIAN_POINT ( 'NONE',  ( 2.771582676709166471, 0.5153265304226571919, -0.2269036254899769456 ) ) ;
#5504 = DIRECTION ( 'NONE',  ( 0.000000000000000000, 0.000000000000000000, -1.000000000000000000 ) ) ;
#5505 = CARTESIAN_POINT ( 'NONE',  ( 0.8715013507929681991, 0.5484516897053789419, -2.597117859082118674 ) ) ;
#5506 = CARTESIAN_POINT ( 'NONE',  ( -1.940294437034811192, 0.000000000000000000, -1.235013156857758032 ) ) ;
#5507 = ORIENTED_EDGE ( 'NONE', *, *, #7316, .F. ) ;
#5508 = AXIS2_PLACEMENT_3D ( 'NONE', #7311, #2419, #6748 ) ;
#5509 = CARTESIAN_POINT ( 'NONE',  ( -2.696272466088980302, 0.5032341246880192021, -0.7400171637419423742 ) ) ;
#5510 = ORIENTED_EDGE ( 'NONE', *, *, #9068, .F. ) ;
#5511 = CARTESIAN_POINT ( 'NONE',  ( -1.634248292248229986E-14, 0.9000000000000004663, 2.299999999999999378 ) ) ;
#5512 = DIRECTION ( 'NONE',  ( 0.000000000000000000, 1.000000000000000000, -0.000000000000000000 ) ) ;
#5513 = CARTESIAN_POINT ( 'NONE',  ( 0.000000000000000000, 0.8000000000000000444, 0.000000000000000000 ) ) ;
#5514 = DIRECTION ( 'NONE',  ( 0.000000000000000000, -1.000000000000000000, 0.000000000000000000 ) ) ;
#5515 = EDGE_CURVE ( 'NONE', #8452, #232, #1904, .T. ) ;
#5516 = AXIS2_PLACEMENT_3D ( 'NONE', #1929, #7661, #1223 ) ;
#5517 = ORIENTED_EDGE ( 'NONE', *, *, #3907, .T. ) ;
#5518 = ADVANCED_FACE ( 'NONE', ( #8855 ), #8908, .T. ) ;
#5519 = CARTESIAN_POINT ( 'NONE',  ( -2.265217391304342964, 0.8999999999999998002, -0.3984848430396620289 ) ) ;
#5520 = ORIENTED_EDGE ( 'NONE', *, *, #4063, .F. ) ;
#5521 = LINE ( 'NONE', #4640, #3479 ) ;
#5522 = DIRECTION ( 'NONE',  ( 0.000000000000000000, 0.000000000000000000, 1.000000000000000000 ) ) ;
#5523 = DIRECTION ( 'NONE',  ( 0.000000000000000000, 0.000000000000000000, 1.000000000000000000 ) ) ;
#5524 = CARTESIAN_POINT ( 'NONE',  ( -1.662073109026478201, 0.9000000000000001332, -1.589815391877640316 ) ) ;
#5525 = CARTESIAN_POINT ( 'NONE',  ( -1.880308549084607650, 0.6763576274005698163, 1.766264039878435055 ) ) ;
#5526 = ORIENTED_EDGE ( 'NONE', *, *, #1960, .T. ) ;
#5527 = EDGE_CURVE ( 'NONE', #6898, #4173, #7108, .T. ) ;
#5528 = ORIENTED_EDGE ( 'NONE', *, *, #3604, .T. ) ;
#5529 = EDGE_CURVE ( 'NONE', #2333, #6281, #1576, .T. ) ;
#5530 = DIRECTION ( 'NONE',  ( -1.000000000000000000, 0.000000000000000000, 0.000000000000000000 ) ) ;
#5531 = ORIENTED_EDGE ( 'NONE', *, *, #7398, .F. ) ;
#5532 = ORIENTED_EDGE ( 'NONE', *, *, #5061, .T. ) ;
#5533 = CARTESIAN_POINT ( 'NONE',  ( -2.432768523710421071, 0.6763576274057355731, -0.8584207641587890958 ) ) ;
#5534 = LINE ( 'NONE', #6993, #2852 ) ;
#5535 = DIRECTION ( 'NONE',  ( 0.000000000000000000, 1.000000000000000000, -0.000000000000000000 ) ) ;
#5536 = CARTESIAN_POINT ( 'NONE',  ( -0.1208403870883426601, 0.000000000000000000, 2.717352668980065111 ) ) ;
#5537 = CARTESIAN_POINT ( 'NONE',  ( -2.055160654053834079, 0.000000000000000000, 1.748424653360405756 ) ) ;
#5538 = AXIS2_PLACEMENT_3D ( 'NONE', #8554, #2736, #1281 ) ;
#5539 = ORIENTED_EDGE ( 'NONE', *, *, #1272, .T. ) ;
#5540 = VERTEX_POINT ( 'NONE', #4633 ) ;
#5541 = VERTEX_POINT ( 'NONE', #119 ) ;
#5542 = DIRECTION ( 'NONE',  ( 0.000000000000000000, 0.000000000000000000, 1.000000000000000000 ) ) ;
#5543 = CARTESIAN_POINT ( 'NONE',  ( 0.000000000000000000, 0.9000000000000001332, 0.000000000000000000 ) ) ;
#5544 = EDGE_CURVE ( 'NONE', #1213, #7140, #8644, .T. ) ;
#5545 = CARTESIAN_POINT ( 'NONE',  ( -2.438073872837089429, 0.5639694227494331802, 1.205986615744095936 ) ) ;
#5546 = CARTESIAN_POINT ( 'NONE',  ( -0.7071693041342073105, 0.5639694227494327361, -2.626503284226974877 ) ) ;
#5547 = CARTESIAN_POINT ( 'NONE',  ( 0.000000000000000000, 0.000000000000000000, 0.000000000000000000 ) ) ;
#5548 = ORIENTED_EDGE ( 'NONE', *, *, #6376, .F. ) ;
#5549 = AXIS2_PLACEMENT_3D ( 'NONE', #5692, #8547, #2920 ) ;
#5550 = CARTESIAN_POINT ( 'NONE',  ( -0.8288578182228039104, 0.000000000000000000, -2.567814011882552983 ) ) ;
#5551 = EDGE_CURVE ( 'NONE', #69, #5125, #374, .T. ) ;
#5552 = ORIENTED_EDGE ( 'NONE', *, *, #4376, .T. ) ;
#5553 = CARTESIAN_POINT ( 'NONE',  ( 1.099587125378900243, 0.4000000000000000222, 0.9727922061357835437 ) ) ;
#5554 = CIRCLE ( 'NONE', #6457, 0.1000000000000000888 ) ;
#5555 = PLANE ( 'NONE',  #7345 ) ;
#5556 = EDGE_CURVE ( 'NONE', #7739, #7637, #3692, .T. ) ;
#5557 = CARTESIAN_POINT ( 'NONE',  ( 0.2528717484509235836, 0.5053529390211205508, 2.781858094093020206 ) ) ;
#5558 = CARTESIAN_POINT ( 'NONE',  ( -0.3110868424197259507, 0.5014441230611186295, -2.780873995585134928 ) ) ;
#5559 = CARTESIAN_POINT ( 'NONE',  ( -0.4987091758571173816, 0.000000000000000000, -2.245281531994576696 ) ) ;
#5560 = B_SPLINE_CURVE_WITH_KNOTS ( 'NONE', 3,
 ( #8865, #1533, #228, #6712, #8162, #3090 ),
 .UNSPECIFIED., .F., .F.,
 ( 4, 2, 4 ),
 ( 0.000000000000000000, 0.0005767016484709110765, 0.001153403296941822153 ),
 .UNSPECIFIED. ) ;
#5561 = APPROVAL ( #5980, 'UNSPECIFIED' ) ;
#5562 = CARTESIAN_POINT ( 'NONE',  ( 1.619202367649563046, 0.8000000000000000444, 1.272792206135783033 ) ) ;
#5563 = VECTOR ( 'NONE', #5389, 100.0000000000000000 ) ;
#5564 = DIRECTION ( 'NONE',  ( 0.000000000000000000, 1.000000000000000000, 0.000000000000000000 ) ) ;
#5565 = ORIENTED_EDGE ( 'NONE', *, *, #5312, .F. ) ;
#5566 = CARTESIAN_POINT ( 'NONE',  ( 2.792427670287674690, 0.000000000000000000, -0.2057855830998647495 ) ) ;
#5567 = CARTESIAN_POINT ( 'NONE',  ( 2.245281531994570923, 0.000000000000000000, -0.4987091758571420286 ) ) ;
#5568 = CIRCLE ( 'NONE', #3592, 0.09999999999999992228 ) ;
#5569 = DIRECTION ( 'NONE',  ( -0.4615712193528427321, 0.000000000000000000, 0.8871031560450735043 ) ) ;
#5570 = CYLINDRICAL_SURFACE ( 'NONE', #1322, 2.100000000000000089 ) ;
#5571 = CARTESIAN_POINT ( 'NONE',  ( 2.778918731282066013, 0.000000000000000000, 0.3429441425796274090 ) ) ;
#5572 = VECTOR ( 'NONE', #5962, 100.0000000000000000 ) ;
#5573 = ORIENTED_EDGE ( 'NONE', *, *, #5022, .T. ) ;
#5574 = CC_DESIGN_PERSON_AND_ORGANIZATION_ASSIGNMENT ( #4384, #7255, ( #1430 ) ) ;
#5575 = ORIENTED_EDGE ( 'NONE', *, *, #8052, .F. ) ;
#5576 = DIRECTION ( 'NONE',  ( -0.000000000000000000, -1.000000000000000000, -0.000000000000000000 ) ) ;
#5577 = AXIS2_PLACEMENT_3D ( 'NONE', #6009, #323, #2383 ) ;
#5578 = ORIENTED_EDGE ( 'NONE', *, *, #8451, .T. ) ;
#5579 = ORIENTED_EDGE ( 'NONE', *, *, #1414, .F. ) ;
#5580 = DIRECTION ( 'NONE',  ( 0.4629747100609397092, 0.000000000000000000, -0.8863714897513281787 ) ) ;
#5581 = AXIS2_PLACEMENT_3D ( 'NONE', #2885, #6514, #8612 ) ;
#5582 = CARTESIAN_POINT ( 'NONE',  ( -1.409205145698852135, 0.000000000000000000, -2.326531492179000793 ) ) ;
#5583 = CARTESIAN_POINT ( 'NONE',  ( -2.754974520680723682, 0.5152387927717598792, 0.3793174255306202003 ) ) ;
#5584 = EDGE_CURVE ( 'NONE', #2582, #2754, #1809, .T. ) ;
#5585 = CARTESIAN_POINT ( 'NONE',  ( -0.3228824516354747987, 0.5013837380188954640, -2.779579779042262722 ) ) ;
#5586 = EDGE_CURVE ( 'NONE', #8292, #234, #3395, .T. ) ;
#5587 = FACE_OUTER_BOUND ( 'NONE', #6492, .T. ) ;
#5588 = EDGE_CURVE ( 'NONE', #5396, #366, #1151, .T. ) ;
#5589 = EDGE_CURVE ( 'NONE', #2497, #8199, #1597, .T. ) ;
#5590 = ORIENTED_EDGE ( 'NONE', *, *, #7480, .T. ) ;
#5591 = ORIENTED_EDGE ( 'NONE', *, *, #8477, .T. ) ;
#5592 = ORIENTED_EDGE ( 'NONE', *, *, #8620, .F. ) ;
#5593 = VECTOR ( 'NONE', #5486, 100.0000000000000000 ) ;
#5594 = CARTESIAN_POINT ( 'NONE',  ( -1.151527806643392271, 0.000000000000000000, 2.464262899386306049 ) ) ;
#5595 = VERTEX_POINT ( 'NONE', #2601 ) ;
#5596 = VECTOR ( 'NONE', #3103, 100.0000000000000142 ) ;
#5597 = CARTESIAN_POINT ( 'NONE',  ( 2.713997647364021493, 0.5639694227494324030, -0.1811758727515953293 ) ) ;
#5598 = CIRCLE ( 'NONE', #1384, 0.1000000000000000888 ) ;
#5599 = CARTESIAN_POINT ( 'NONE',  ( 1.282679870018530011, 0.000000000000000000, 2.373901100193242630 ) ) ;
#5600 = PLANE ( 'NONE',  #7250 ) ;
#5601 = EDGE_CURVE ( 'NONE', #3275, #5858, #4898, .T. ) ;
#5602 = VECTOR ( 'NONE', #286, 100.0000000000000000 ) ;
#5603 = CARTESIAN_POINT ( 'NONE',  ( 0.8721199498597644872, 0.5560412871706275073, -2.586895970134070577 ) ) ;
#5604 = DIRECTION ( 'NONE',  ( 0.000000000000000000, 1.000000000000000000, 0.000000000000000000 ) ) ;
#5605 = ORIENTED_EDGE ( 'NONE', *, *, #2945, .T. ) ;
#5606 = VECTOR ( 'NONE', #4502, 100.0000000000000000 ) ;
#5607 = DIRECTION ( 'NONE',  ( -0.000000000000000000, -1.000000000000000000, -0.000000000000000000 ) ) ;
#5608 = ORIENTED_EDGE ( 'NONE', *, *, #8238, .T. ) ;
#5609 = FACE_OUTER_BOUND ( 'NONE', #3605, .T. ) ;
#5610 = DIRECTION ( 'NONE',  ( 0.000000000000000000, 0.000000000000000000, -1.000000000000000000 ) ) ;
#5611 = CARTESIAN_POINT ( 'NONE',  ( 0.000000000000000000, 0.4000000000000000222, -1.250000000000000000 ) ) ;
#5612 = CARTESIAN_POINT ( 'NONE',  ( -2.216279089384420420, 0.5152387927717599903, -1.679843241754576333 ) ) ;
#5613 = ADVANCED_FACE ( 'NONE', ( #441 ), #3301, .T. ) ;
#5614 = CARTESIAN_POINT ( 'NONE',  ( 0.9271593159763918957, 0.000000000000000000, 2.104845743231125166 ) ) ;
#5615 = ADVANCED_FACE ( 'NONE', ( #6841 ), #6180, .T. ) ;
#5616 = CARTESIAN_POINT ( 'NONE',  ( -1.272792206135788140, 0.8000000000000000444, 1.472792206135783211 ) ) ;
#5617 = ORIENTED_EDGE ( 'NONE', *, *, #6717, .F. ) ;
#5618 = FACE_OUTER_BOUND ( 'NONE', #5045, .T. ) ;
#5619 = PLANE ( 'NONE',  #1958 ) ;
#5620 = LINE ( 'NONE', #4949, #936 ) ;
#5621 = CARTESIAN_POINT ( 'NONE',  ( -2.632195796203082860, 0.5129819075444209675, 0.9060936154644594342 ) ) ;
#5622 = FACE_BOUND ( 'NONE', #7464, .T. ) ;
#5623 = ORIENTED_EDGE ( 'NONE', *, *, #4280, .F. ) ;
#5624 = DIRECTION ( 'NONE',  ( 0.000000000000000000, 0.000000000000000000, 1.000000000000000000 ) ) ;
#5625 = VECTOR ( 'NONE', #2214, 100.0000000000000142 ) ;
#5626 = ORIENTED_EDGE ( 'NONE', *, *, #8979, .F. ) ;
#5627 = ORIENTED_EDGE ( 'NONE', *, *, #9078, .F. ) ;
#5628 = CARTESIAN_POINT ( 'NONE',  ( 1.157891804773399924, 0.5560460307591192919, -2.472221299652509696 ) ) ;
#5629 = DIRECTION ( 'NONE',  ( -0.000000000000000000, -1.000000000000000000, -0.000000000000000000 ) ) ;
#5630 = DIRECTION ( 'NONE',  ( -0.000000000000000000, -1.000000000000000000, -0.000000000000000000 ) ) ;
#5631 = CARTESIAN_POINT ( 'NONE',  ( -1.361428256151461236, 0.5484516897053787199, 2.377193488496391449 ) ) ;
#5632 = FACE_OUTER_BOUND ( 'NONE', #3928, .T. ) ;
#5633 = ORIENTED_EDGE ( 'NONE', *, *, #4349, .F. ) ;
#5634 = ORIENTED_EDGE ( 'NONE', *, *, #6966, .T. ) ;
#5635 = CC_DESIGN_SECURITY_CLASSIFICATION ( #5018, ( #1430 ) ) ;
#5636 = EDGE_LOOP ( 'NONE', ( #1914, #6802, #1177, #1102 ) ) ;
#5637 = EDGE_CURVE ( 'NONE', #1721, #3482, #8333, .T. ) ;
#5638 = CARTESIAN_POINT ( 'NONE',  ( 2.120056922913705844, 0.000000000000000000, 1.829032160353029290 ) ) ;
#5639 = ORIENTED_EDGE ( 'NONE', *, *, #6925, .F. ) ;
#5640 = VERTEX_POINT ( 'NONE', #1101 ) ;
#5641 = CARTESIAN_POINT ( 'NONE',  ( -1.212529752152013307, 0.5560412871706319482, -2.445893613259872978 ) ) ;
#5642 = CARTESIAN_POINT ( 'NONE',  ( -0.8125997288550809161, 0.5013175801480324045, -2.677803268888422128 ) ) ;
#5643 = LINE ( 'NONE', #4323, #640 ) ;
#5644 = CARTESIAN_POINT ( 'NONE',  ( 0.8120558045686709914, 0.5013175801480318494, -2.677968266516838725 ) ) ;
#5645 = LINE ( 'NONE', #6304, #8996 ) ;
#5646 = VERTEX_POINT ( 'NONE', #402 ) ;
#5647 = B_SPLINE_CURVE_WITH_KNOTS ( 'NONE', 3,
 ( #4885, #6214, #4227, #3385, #2109, #7748, #4178, #8498, #9209, #7104 ),
 .UNSPECIFIED., .F., .F.,
 ( 4, 2, 2, 2, 4 ),
 ( 3.974750819240313445E-18, 0.0003819510935555851566, 0.0007639021871111664102, 0.001145853280666747501, 0.001527804374222328700 ),
 .UNSPECIFIED. ) ;
#5648 = EDGE_CURVE ( 'NONE', #7934, #2971, #3491, .T. ) ;
#5649 = PLANE ( 'NONE',  #2243 ) ;
#5650 = CARTESIAN_POINT ( 'NONE',  ( -2.641564709370459951, 0.5639694227494318479, -0.6486476801571916528 ) ) ;
#5651 = ORIENTED_EDGE ( 'NONE', *, *, #1119, .F. ) ;
#5652 = CARTESIAN_POINT ( 'NONE',  ( -0.9017513797204371739, 0.5101996115923987940, -2.637374236227612911 ) ) ;
#5653 = PRODUCT ( '기어_바디', '기어_바디', '', ( #8840 ) ) ;
#5654 = CARTESIAN_POINT ( 'NONE',  ( -2.500094159924712400, 0.5032341246880198682, -1.251814605096363886 ) ) ;
#5655 = LINE ( 'NONE', #3394, #3580 ) ;
#5656 = CARTESIAN_POINT ( 'NONE',  ( 2.464262899386311378, 0.000000000000000000, 1.151527806643384055 ) ) ;
#5657 = VECTOR ( 'NONE', #6091, 100.0000000000000000 ) ;
#5658 = CARTESIAN_POINT ( 'NONE',  ( -1.722494150469586316, 0.000000000000000000, -2.207490408042141805 ) ) ;
#5659 = DIRECTION ( 'NONE',  ( -0.000000000000000000, 1.000000000000000000, 0.000000000000000000 ) ) ;
#5660 = ORIENTED_EDGE ( 'NONE', *, *, #5188, .F. ) ;
#5661 = CARTESIAN_POINT ( 'NONE',  ( 1.802889012249416334, 0.5271463900493872368, -2.097806567263126531 ) ) ;
#5662 = DIRECTION ( 'NONE',  ( 0.4999999999999994449, 0.000000000000000000, -0.8660254037844389297 ) ) ;
#5663 = EDGE_CURVE ( 'NONE', #794, #3284, #4462, .T. ) ;
#5664 = CARTESIAN_POINT ( 'NONE',  ( -0.4487077406371120514, 0.000000000000000000, 2.255806144927426704 ) ) ;
#5665 = VECTOR ( 'NONE', #4666, 100.0000000000000000 ) ;
#5666 = CARTESIAN_POINT ( 'NONE',  ( -2.659627377047042440, 0.5013236615054079692, 0.8702061209088105542 ) ) ;
#5667 = FACE_OUTER_BOUND ( 'NONE', #8798, .T. ) ;
#5668 = EDGE_CURVE ( 'NONE', #4634, #6422, #2510, .T. ) ;
#5669 = VERTEX_POINT ( 'NONE', #489 ) ;
#5670 = LINE ( 'NONE', #3409, #8319 ) ;
#5671 = ORIENTED_EDGE ( 'NONE', *, *, #8657, .F. ) ;
#5672 = ORIENTED_EDGE ( 'NONE', *, *, #2883, .T. ) ;
#5673 = DIRECTION ( 'NONE',  ( -0.9541318480555552872, 0.000000000000000000, 0.2993867340516118691 ) ) ;
#5674 = CARTESIAN_POINT ( 'NONE',  ( 0.000000000000000000, 0.9000000000000001332, 0.000000000000000000 ) ) ;
#5675 = CARTESIAN_POINT ( 'NONE',  ( 1.282679870018530011, 0.000000000000000000, 2.473901100193242719 ) ) ;
#5676 = AXIS2_PLACEMENT_3D ( 'NONE', #5658, #2031, #4899 ) ;
#5677 = CARTESIAN_POINT ( 'NONE',  ( -2.055160654053833191, 0.5287040522811576881, 1.848424653360406955 ) ) ;
#5678 = CARTESIAN_POINT ( 'NONE',  ( 1.974549446781454609, 0.7884388346700346162, -1.433076473234965231 ) ) ;
#5679 = ORIENTED_EDGE ( 'NONE', *, *, #3920, .F. ) ;
#5680 = ORIENTED_EDGE ( 'NONE', *, *, #6735, .F. ) ;
#5681 = DIRECTION ( 'NONE',  ( 0.8773910177833306179, 0.000000000000000000, -0.4797759913888261507 ) ) ;
#5682 = ORIENTED_EDGE ( 'NONE', *, *, #2941, .T. ) ;
#5683 = ORIENTED_EDGE ( 'NONE', *, *, #1683, .T. ) ;
#5684 = CARTESIAN_POINT ( 'NONE',  ( 2.697194602940291563, 0.000000000000000000, 0.3517800458162891886 ) ) ;
#5685 = CIRCLE ( 'NONE', #4927, 0.2000000000000000111 ) ;
#5686 = CARTESIAN_POINT ( 'NONE',  ( -0.7335084673065606076, 0.5340002883789665145, -2.658157091759147050 ) ) ;
#5687 = DIRECTION ( 'NONE',  ( -0.000000000000000000, -1.000000000000000000, -0.000000000000000000 ) ) ;
#5688 = CARTESIAN_POINT ( 'NONE',  ( -0.8721199498597820288, 0.5560412871706271742, 2.586895970134064804 ) ) ;
#5689 = DIRECTION ( 'NONE',  ( 0.7669325427442462706, 0.000000000000000000, -0.6417277264384365631 ) ) ;
#5690 = VERTEX_POINT ( 'NONE', #3352 ) ;
#5691 = VECTOR ( 'NONE', #3681, 100.0000000000000142 ) ;
#5692 = CARTESIAN_POINT ( 'NONE',  ( -0.2168951061243597489, 0.000000000000000000, 2.689540963694128095 ) ) ;
#5693 = DIRECTION ( 'NONE',  ( 1.734723475976805517E-15, 0.000000000000000000, 1.000000000000000000 ) ) ;
#5694 = ORIENTED_EDGE ( 'NONE', *, *, #5113, .F. ) ;
#5695 = DIRECTION ( 'NONE',  ( 0.000000000000000000, 1.000000000000000000, 0.000000000000000000 ) ) ;
#5696 = VECTOR ( 'NONE', #6755, 100.0000000000000142 ) ;
#5697 = CARTESIAN_POINT ( 'NONE',  ( -2.479318893422932657, 0.5482992156844557208, -1.165571954691923207 ) ) ;
#5698 = CARTESIAN_POINT ( 'NONE',  ( 1.214727893477732801, 0.5533778607394691518, 2.448520624758328434 ) ) ;
#5699 = EDGE_CURVE ( 'NONE', #8524, #8740, #7010, .T. ) ;
#5700 = CARTESIAN_POINT ( 'NONE',  ( 0.3517800458162801958, 0.5639694227494327361, -2.697194602940292008 ) ) ;
#5701 = EDGE_CURVE ( 'NONE', #2344, #7973, #2655, .T. ) ;
#5702 = ADVANCED_FACE ( 'NONE', ( #8245 ), #5212, .T. ) ;
#5703 = DIRECTION ( 'NONE',  ( 0.000000000000000000, 1.000000000000000000, 0.000000000000000000 ) ) ;
#5704 = DIRECTION ( 'NONE',  ( -0.000000000000000000, 1.000000000000000000, -0.000000000000000000 ) ) ;
#5705 = ORIENTED_EDGE ( 'NONE', *, *, #8043, .F. ) ;
#5706 = CARTESIAN_POINT ( 'NONE',  ( 1.589815391877622774, 0.000000000000000000, -1.662073109026495521 ) ) ;
#5707 = CARTESIAN_POINT ( 'NONE',  ( -2.576739882529719416, 0.5639694227494319589, -0.8712172545039937877 ) ) ;
#5708 = CARTESIAN_POINT ( 'NONE',  ( 2.366316845106880340, 0.5566331586404137388, 1.359826764825972090 ) ) ;
#5709 = CYLINDRICAL_SURFACE ( 'NONE', #1086, 0.1000000000000000888 ) ;
#5710 = CARTESIAN_POINT ( 'NONE',  ( -2.124922924775949795, 0.8999999999999998002, -0.8801718944397305400 ) ) ;
#5711 = VECTOR ( 'NONE', #8252, 100.0000000000000000 ) ;
#5712 = VERTEX_POINT ( 'NONE', #532 ) ;
#5713 = CARTESIAN_POINT ( 'NONE',  ( -2.143951337957551218, 0.000000000000000000, -0.8327500588231913081 ) ) ;
#5714 = VERTEX_POINT ( 'NONE', #575 ) ;
#5715 = ORIENTED_EDGE ( 'NONE', *, *, #4448, .T. ) ;
#5716 = LINE ( 'NONE', #8575, #1334 ) ;
#5717 = B_SPLINE_CURVE_WITH_KNOTS ( 'NONE', 3,
 ( #6886, #2607, #494, #6228 ),
 .UNSPECIFIED., .F., .F.,
 ( 4, 4 ),
 ( 0.0008222651605038727544, 0.001178257090057694854 ),
 .UNSPECIFIED. ) ;
#5718 = DIRECTION ( 'NONE',  ( 0.000000000000000000, 0.000000000000000000, -1.000000000000000000 ) ) ;
#5719 = LINE ( 'NONE', #7035, #6504 ) ;
#5720 = VECTOR ( 'NONE', #3013, 100.0000000000000000 ) ;
#5721 = DIRECTION ( 'NONE',  ( -0.000000000000000000, 1.000000000000000000, -0.000000000000000000 ) ) ;
#5722 = CARTESIAN_POINT ( 'NONE',  ( -1.229627716723141972, 0.000000000000000000, 2.401809684532825617 ) ) ;
#5723 = ORIENTED_EDGE ( 'NONE', *, *, #343, .F. ) ;
#5724 = ORIENTED_EDGE ( 'NONE', *, *, #425, .F. ) ;
#5725 = EDGE_CURVE ( 'NONE', #6766, #8718, #8983, .T. ) ;
#5726 = AXIS2_PLACEMENT_3D ( 'NONE', #7271, #5003, #3590 ) ;
#5727 = DIRECTION ( 'NONE',  ( -0.000000000000000000, 1.000000000000000000, 0.000000000000000000 ) ) ;
#5728 = AXIS2_PLACEMENT_3D ( 'NONE', #2178, #4342, #3498 ) ;
#5729 = EDGE_CURVE ( 'NONE', #6319, #6233, #3438, .T. ) ;
#5730 = VERTEX_POINT ( 'NONE', #4896 ) ;
#5731 = ORIENTED_EDGE ( 'NONE', *, *, #1299, .F. ) ;
#5732 = DIRECTION ( 'NONE',  ( -0.000000000000000000, 1.000000000000000000, -0.000000000000000000 ) ) ;
#5733 = CARTESIAN_POINT ( 'NONE',  ( 2.635449273119025548, 0.5560412871706279514, -0.7120611603336357565 ) ) ;
#5734 = PLANE ( 'NONE',  #9185 ) ;
#5735 = AXIS2_PLACEMENT_3D ( 'NONE', #6660, #167, #3036 ) ;
#5736 = CARTESIAN_POINT ( 'NONE',  ( 2.787098453123292074, 0.5014441230611187406, 0.2492336563268688909 ) ) ;
#5737 = DIRECTION ( 'NONE',  ( -0.000000000000000000, 1.000000000000000000, -0.000000000000000000 ) ) ;
#5738 = DIRECTION ( 'NONE',  ( 0.000000000000000000, 0.000000000000000000, 1.000000000000000000 ) ) ;
#5739 = AXIS2_PLACEMENT_3D ( 'NONE', #3227, #1905, #4061 ) ;
#5740 = EDGE_CURVE ( 'NONE', #2811, #3364, #8060, .T. ) ;
#5741 = ORIENTED_EDGE ( 'NONE', *, *, #4664, .F. ) ;
#5742 = AXIS2_PLACEMENT_3D ( 'NONE', #2936, #1662, #7404 ) ;
#5743 = APPLICATION_CONTEXT ( 'configuration controlled 3d designs of mechanical parts and assemblies' ) ;
#5744 = CARTESIAN_POINT ( 'NONE',  ( 0.4001772577312923684, 0.5338837825254070246, 2.728460234658033112 ) ) ;
#5745 = CARTESIAN_POINT ( 'NONE',  ( 1.099587125378899355, 0.4000000000000000222, -1.572792206135783744 ) ) ;
#5747 = EDGE_LOOP ( 'NONE', ( #4660, #6198, #656, #4603 ) ) ;
#5746 = VECTOR ( 'NONE', #4121, 100.0000000000000000 ) ;
#5748 = CYLINDRICAL_SURFACE ( 'NONE', #9075, 0.1000000000000000888 ) ;
#5749 = B_SPLINE_CURVE_WITH_KNOTS ( 'NONE', 3,
 ( #2071, #8418, #7016, #8376, #4805, #574, #4100, #9081, #3437, #7806 ),
 .UNSPECIFIED., .F., .F.,
 ( 4, 2, 2, 2, 4 ),
 ( 4.249187360970369464E-18, 0.0003819510935555852109, 0.0007639021871111661933, 0.001145853280666747284, 0.001527804374222328267 ),
 .UNSPECIFIED. ) ;
#5750 = DIRECTION ( 'NONE',  ( -0.000000000000000000, -1.000000000000000000, -0.000000000000000000 ) ) ;
#5751 = CARTESIAN_POINT ( 'NONE',  ( 1.766264039878431724, 0.6763576274005860256, 1.880308549084582559 ) ) ;
#5752 = AXIS2_PLACEMENT_3D ( 'NONE', #1163, #552, #8970 ) ;
#5753 = CARTESIAN_POINT ( 'NONE',  ( -2.005897605045693588, 0.7884388346700346162, -1.388858701955120845 ) ) ;
#5754 = ORIENTED_EDGE ( 'NONE', *, *, #1149, .F. ) ;
#5755 = LINE ( 'NONE', #8608, #1785 ) ;
#5756 = EDGE_CURVE ( 'NONE', #138, #1485, #4242, .T. ) ;
#5757 = AXIS2_PLACEMENT_3D ( 'NONE', #4060, #6143, #6100 ) ;
#5758 = CYLINDRICAL_SURFACE ( 'NONE', #6632, 0.1000000000000000056 ) ;
#5759 = ORIENTED_EDGE ( 'NONE', *, *, #1464, .F. ) ;
#5760 = CARTESIAN_POINT ( 'NONE',  ( 0.000000000000000000, 0.3000000000000000999, 0.6500000000000000222 ) ) ;
#5761 = CARTESIAN_POINT ( 'NONE',  ( 1.619202367649563046, 0.8000000000000000444, -1.272792206135783477 ) ) ;
#5762 = CARTESIAN_POINT ( 'NONE',  ( 1.315659935930682645, 0.5012958732379610982, 2.469872175685125182 ) ) ;
#5763 = CARTESIAN_POINT ( 'NONE',  ( -2.567814011882549874, 0.5554805531879180025, 0.9288578182228168778 ) ) ;
#5764 = DIRECTION ( 'NONE',  ( -3.469446951953614189E-15, 0.000000000000000000, 1.000000000000000000 ) ) ;
#5765 = ORIENTED_EDGE ( 'NONE', *, *, #5143, .T. ) ;
#5766 = LINE ( 'NONE', #6408, #4214 ) ;
#5767 = EDGE_CURVE ( 'NONE', #3261, #1980, #9219, .T. ) ;
#5768 = ORIENTED_EDGE ( 'NONE', *, *, #3346, .F. ) ;
#5769 = VERTEX_POINT ( 'NONE', #625 ) ;
#5770 = CARTESIAN_POINT ( 'NONE',  ( 0.7653946419033743620, 0.5013837380188952420, -2.691558631681720826 ) ) ;
#5771 = CARTESIAN_POINT ( 'NONE',  ( -1.099587125378900243, 0.8000000000000000444, -1.572792206135783744 ) ) ;
#5772 = CARTESIAN_POINT ( 'NONE',  ( -2.663179691528190673, 0.000000000000000000, 0.8589474700274654095 ) ) ;
#5773 = CARTESIAN_POINT ( 'NONE',  ( 0.000000000000000000, 0.9000000000000001332, 0.000000000000000000 ) ) ;
#5774 = FACE_OUTER_BOUND ( 'NONE', #3597, .T. ) ;
#5775 = ORIENTED_EDGE ( 'NONE', *, *, #5417, .F. ) ;
#5776 = ORIENTED_EDGE ( 'NONE', *, *, #5129, .T. ) ;
#5777 = LINE ( 'NONE', #654, #1372 ) ;
#5778 = VERTEX_POINT ( 'NONE', #1462 ) ;
#5779 = ORIENTED_EDGE ( 'NONE', *, *, #7470, .F. ) ;
#5780 = CARTESIAN_POINT ( 'NONE',  ( 2.681603779540948196, 0.000000000000000000, 0.7995736333737297752 ) ) ;
#5781 = CARTESIAN_POINT ( 'NONE',  ( -0.7120611603336072237, 0.5560412871706280624, -2.635449273119034874 ) ) ;
#5782 = CARTESIAN_POINT ( 'NONE',  ( -1.099587125378900465, 0.4000000000000000222, 1.572792206135783299 ) ) ;
#5783 = CARTESIAN_POINT ( 'NONE',  ( 1.404726711425093644, 0.5152387927717595462, 2.400106077889059719 ) ) ;
#5784 = EDGE_CURVE ( 'NONE', #8740, #3539, #7858, .T. ) ;
#5785 = DIRECTION ( 'NONE',  ( -0.9963484908384460104, 0.000000000000000000, -0.08537965099455006868 ) ) ;
#5786 = VERTEX_POINT ( 'NONE', #9172 ) ;
#5787 = CYLINDRICAL_SURFACE ( 'NONE', #8398, 0.1000000000000000888 ) ;
#5788 = FACE_OUTER_BOUND ( 'NONE', #6567, .T. ) ;
#5789 = ORIENTED_EDGE ( 'NONE', *, *, #2456, .F. ) ;
#5790 = CARTESIAN_POINT ( 'NONE',  ( 2.776039616462697701, 0.5152387927717596572, 0.1654399188249309205 ) ) ;
#5791 = PERSON_AND_ORGANIZATION ( #969, #9179 ) ;
#5792 = CARTESIAN_POINT ( 'NONE',  ( 2.171495263774704476, 0.5013837380188954640, 1.764915053207602780 ) ) ;
#5793 = CARTESIAN_POINT ( 'NONE',  ( -2.789162174454036691, 0.5013837380188959081, -0.2255907582982829562 ) ) ;
#5794 = VERTEX_POINT ( 'NONE', #6405 ) ;
#5795 = VERTEX_POINT ( 'NONE', #7904 ) ;
#5796 = CARTESIAN_POINT ( 'NONE',  ( 2.697194602940291563, 0.000000000000000000, 0.3517800458162891331 ) ) ;
#5797 = CARTESIAN_POINT ( 'NONE',  ( -1.445997286892675593, 0.8000000000000000444, 0.9727922061357832106 ) ) ;
#5798 = ORIENTED_EDGE ( 'NONE', *, *, #1592, .F. ) ;
#5799 = CARTESIAN_POINT ( 'NONE',  ( -2.326531492178993243, 0.5639694227494328471, 1.409205145698854578 ) ) ;
#5800 = LINE ( 'NONE', #5902, #488 ) ;
#5801 = EDGE_CURVE ( 'NONE', #3157, #2331, #4165, .T. ) ;
#5802 = CARTESIAN_POINT ( 'NONE',  ( 2.015830671809805352, 0.5560460307591197360, -1.840928648429310588 ) ) ;
#5803 = DIRECTION ( 'NONE',  ( 0.000000000000000000, 1.000000000000000000, 0.000000000000000000 ) ) ;
#5804 = DIRECTION ( 'NONE',  ( 0.000000000000000000, 0.000000000000000000, -1.000000000000000000 ) ) ;
#5805 = EDGE_CURVE ( 'NONE', #471, #6907, #2033, .T. ) ;
#5806 = VERTEX_POINT ( 'NONE', #3629 ) ;
#5807 = ORIENTED_EDGE ( 'NONE', *, *, #5282, .T. ) ;
#5808 = AXIS2_PLACEMENT_3D ( 'NONE', #5559, #7493, #9039 ) ;
#5809 = ORIENTED_EDGE ( 'NONE', *, *, #1810, .T. ) ;
#5810 = ORIENTED_EDGE ( 'NONE', *, *, #1021, .F. ) ;
#5811 = DIRECTION ( 'NONE',  ( 0.000000000000000000, 0.000000000000000000, -1.000000000000000000 ) ) ;
#5812 = LINE ( 'NONE', #3131, #3018 ) ;
#5813 = LINE ( 'NONE', #5016, #8903 ) ;
#5814 = CARTESIAN_POINT ( 'NONE',  ( 0.2874956239882474618, 0.000000000000000000, 2.783462428670876676 ) ) ;
#5815 = CARTESIAN_POINT ( 'NONE',  ( 0.000000000000000000, 0.9000000000000001332, 0.000000000000000000 ) ) ;
#5816 = EDGE_CURVE ( 'NONE', #5215, #8937, #7741, .T. ) ;
#5817 = ORIENTED_EDGE ( 'NONE', *, *, #3860, .T. ) ;
#5818 = EDGE_CURVE ( 'NONE', #2011, #4057, #2030, .T. ) ;
#5819 = EDGE_CURVE ( 'NONE', #8250, #6615, #9262, .T. ) ;
#5820 = VERTEX_POINT ( 'NONE', #5700 ) ;
#5821 = DIRECTION ( 'NONE',  ( -0.000000000000000000, -1.000000000000000000, -0.000000000000000000 ) ) ;
#5822 = ORIENTED_EDGE ( 'NONE', *, *, #8758, .T. ) ;
#5823 = ORIENTED_EDGE ( 'NONE', *, *, #58, .F. ) ;
#5824 = CARTESIAN_POINT ( 'NONE',  ( -1.248184795281225279, 0.5271463900493895682, -2.468448075405016429 ) ) ;
#5825 = CARTESIAN_POINT ( 'NONE',  ( -0.7996444743394028887, 0.5032447133622984792, -2.679180215114806973 ) ) ;
#5826 = DIRECTION ( 'NONE',  ( -0.000000000000000000, -1.000000000000000000, -0.000000000000000000 ) ) ;
#5827 = FACE_OUTER_BOUND ( 'NONE', #5984, .T. ) ;
#5828 = CARTESIAN_POINT ( 'NONE',  ( -0.7881806362169568869, 0.5014441230611181854, 2.684922063587869889 ) ) ;
#5829 = ORIENTED_EDGE ( 'NONE', *, *, #2195, .T. ) ;
#5830 = EDGE_CURVE ( 'NONE', #6247, #7032, #3547, .T. ) ;
#5831 = EDGE_LOOP ( 'NONE', ( #8262, #8107, #4881 ) ) ;
#5832 = EDGE_CURVE ( 'NONE', #8914, #2331, #132, .T. ) ;
#5833 = CONICAL_SURFACE ( 'NONE', #576, 2.299999999999999822, 0.8960553845713439269 ) ;
#5834 = CARTESIAN_POINT ( 'NONE',  ( -1.099587125378900687, 0.4000000000000000222, -0.9727922061357825445 ) ) ;
#5835 = DIRECTION ( 'NONE',  ( -0.4999999999999994449, 0.000000000000000000, -0.8660254037844389297 ) ) ;
#5836 = VERTEX_POINT ( 'NONE', #717 ) ;
#5837 = CARTESIAN_POINT ( 'NONE',  ( -0.7374309401609248082, 0.000000000000000000, 2.695548052135197548 ) ) ;
#5838 = DATE_AND_TIME ( #1652, #7885 ) ;
#5839 = DIRECTION ( 'NONE',  ( -0.000000000000000000, -1.000000000000000000, -0.000000000000000000 ) ) ;
#5840 = CARTESIAN_POINT ( 'NONE',  ( 0.05109392178901479842, 0.9000000000000004663, 2.299432410651858216 ) ) ;
#5841 = CIRCLE ( 'NONE', #4038, 2.299999999999999822 ) ;
#5842 = ORIENTED_EDGE ( 'NONE', *, *, #7948, .T. ) ;
#5843 = EDGE_LOOP ( 'NONE', ( #6765, #4576, #9291, #3559 ) ) ;
#5844 = DIRECTION ( 'NONE',  ( -0.000000000000000000, 1.000000000000000000, 0.000000000000000000 ) ) ;
#5845 = EDGE_CURVE ( 'NONE', #7152, #2664, #5965, .T. ) ;
#5846 = CARTESIAN_POINT ( 'NONE',  ( -1.883521912966402034, 0.9000000000000004663, 1.319979243539603386 ) ) ;
#5847 = EDGE_CURVE ( 'NONE', #4650, #6545, #6531, .T. ) ;
#5848 = VECTOR ( 'NONE', #5580, 100.0000000000000000 ) ;
#5849 = DIRECTION ( 'NONE',  ( 0.000000000000000000, 1.000000000000000000, 0.000000000000000000 ) ) ;
#5850 = PLANE ( 'NONE',  #788 ) ;
#5851 = VECTOR ( 'NONE', #1456, 100.0000000000000000 ) ;
#5852 = CARTESIAN_POINT ( 'NONE',  ( -2.207490408042135588, 0.000000000000000000, 1.722494150469593199 ) ) ;
#5853 = DIRECTION ( 'NONE',  ( -0.6417277264384312341, 0.000000000000000000, -0.7669325427442508225 ) ) ;
#5854 = CARTESIAN_POINT ( 'NONE',  ( 1.790975452365388465, 0.000000000000000000, -2.047196828785483813 ) ) ;
#5855 = EDGE_LOOP ( 'NONE', ( #6718, #5057, #7326, #6580 ) ) ;
#5856 = VERTEX_POINT ( 'NONE', #6737 ) ;
#5857 = AXIS2_PLACEMENT_3D ( 'NONE', #8591, #7239, #2769 ) ;
#5858 = VERTEX_POINT ( 'NONE', #7344 ) ;
#5859 = ORIENTED_EDGE ( 'NONE', *, *, #5976, .T. ) ;
#5860 = DIRECTION ( 'NONE',  ( 0.000000000000000000, 0.000000000000000000, -1.000000000000000000 ) ) ;
#5861 = LINE ( 'NONE', #8024, #4809 ) ;
#5862 = CARTESIAN_POINT ( 'NONE',  ( 1.721158666054803277, 0.5191844600092823114, 2.178048827317092595 ) ) ;
#5863 = CARTESIAN_POINT ( 'NONE',  ( -1.235013156857752259, 0.000000000000000000, 1.940294437034814745 ) ) ;
#5864 = LINE ( 'NONE', #4920, #1214 ) ;
#5865 = CIRCLE ( 'NONE', #8117, 2.299999999999999822 ) ;
#5866 = EDGE_LOOP ( 'NONE', ( #1308, #1681 ) ) ;
#5867 = ORIENTED_EDGE ( 'NONE', *, *, #7511, .F. ) ;
#5868 = FACE_OUTER_BOUND ( 'NONE', #5908, .T. ) ;
#5869 = VECTOR ( 'NONE', #633, 100.0000000000000000 ) ;
#5870 = EDGE_LOOP ( 'NONE', ( #5052, #2854, #4232, #3467 ) ) ;
#5871 = ORIENTED_EDGE ( 'NONE', *, *, #6187, .T. ) ;
#5872 = DIRECTION ( 'NONE',  ( 0.08853317464706231266, 0.000000000000000000, -0.9960732287271417684 ) ) ;
#5873 = VECTOR ( 'NONE', #5659, 100.0000000000000000 ) ;
#5874 = CARTESIAN_POINT ( 'NONE',  ( -0.8327500588231837586, 0.000000000000000000, 2.143951337957554326 ) ) ;
#5875 = EDGE_CURVE ( 'NONE', #1348, #7003, #6649, .T. ) ;
#5876 = DIRECTION ( 'NONE',  ( 0.000000000000000000, 0.000000000000000000, -1.000000000000000000 ) ) ;
#5877 = DIRECTION ( 'NONE',  ( 0.4797759913888228755, 0.000000000000000000, 0.8773910177833325053 ) ) ;
#5878 = EDGE_CURVE ( 'NONE', #678, #6367, #996, .T. ) ;
#5879 = CARTESIAN_POINT ( 'NONE',  ( -2.444435101997065818, 0.000000000000000000, 1.362003618849582764 ) ) ;
#5880 = ORIENTED_EDGE ( 'NONE', *, *, #9124, .T. ) ;
#5881 = ORIENTED_EDGE ( 'NONE', *, *, #5279, .T. ) ;
#5882 = AXIS2_PLACEMENT_3D ( 'NONE', #3282, #2624, #5458 ) ;
#5883 = B_SPLINE_CURVE_WITH_KNOTS ( 'NONE', 3,
 ( #97, #6542, #5736, #6263 ),
 .UNSPECIFIED., .F., .F.,
 ( 4, 4 ),
 ( 0.0008222047956821022276, 0.001178196725235924761 ),
 .UNSPECIFIED. ) ;
#5884 = AXIS2_PLACEMENT_3D ( 'NONE', #2629, #473, #1131 ) ;
#5885 = CARTESIAN_POINT ( 'NONE',  ( 0.000000000000000000, 0.9000000000000001332, 0.000000000000000000 ) ) ;
#5886 = EDGE_CURVE ( 'NONE', #8882, #4070, #7906, .T. ) ;
#5887 = CARTESIAN_POINT ( 'NONE',  ( 0.1398082218526371934, 0.5338837825254068026, -2.754104346392473701 ) ) ;
#5888 = VECTOR ( 'NONE', #3540, 100.0000000000000000 ) ;
#5889 = VECTOR ( 'NONE', #1489, 100.0000000000000000 ) ;
#5890 = B_SPLINE_CURVE_WITH_KNOTS ( 'NONE', 3,
 ( #41, #2901, #4263, #7138 ),
 .UNSPECIFIED., .F., .F.,
 ( 4, 4 ),
 ( 0.0008222123455998627548, 0.001178204275153686264 ),
 .UNSPECIFIED. ) ;
#5891 = COORDINATED_UNIVERSAL_TIME_OFFSET ( 9, 0, .AHEAD. ) ;
#5892 = CARTESIAN_POINT ( 'NONE',  ( 0.2765890575571408050, 0.000000000000000000, 2.684058973958860506 ) ) ;
#5893 = CARTESIAN_POINT ( 'NONE',  ( 0.9293712985424942286, 0.5560460307591202911, 2.566877592613713510 ) ) ;
#5894 = VERTEX_POINT ( 'NONE', #5840 ) ;
#5895 = VECTOR ( 'NONE', #9118, 100.0000000000000000 ) ;
#5896 = VERTEX_POINT ( 'NONE', #2217 ) ;
#5897 = DIRECTION ( 'NONE',  ( -0.000000000000000000, 1.000000000000000000, -0.000000000000000000 ) ) ;
#5898 = AXIS2_PLACEMENT_3D ( 'NONE', #4152, #2837, #6371 ) ;
#5899 = DIRECTION ( 'NONE',  ( -0.6417277264383880464, 0.000000000000000000, -0.7669325427442869048 ) ) ;
#5900 = DIRECTION ( 'NONE',  ( 0.4999999999999999445, 0.000000000000000000, 0.8660254037844387076 ) ) ;
#5901 = AXIS2_PLACEMENT_3D ( 'NONE', #4176, #1715, #519 ) ;
#5902 = CARTESIAN_POINT ( 'NONE',  ( -1.619202367649564378, 0.4000000000000000222, -1.272792206135783255 ) ) ;
#5903 = AXIS2_PLACEMENT_3D ( 'NONE', #1358, #3524, #5072 ) ;
#5904 = LINE ( 'NONE', #3122, #8572 ) ;
#5905 = CARTESIAN_POINT ( 'NONE',  ( 0.2874956239882474618, 0.5013837380188956860, 2.783462428670876676 ) ) ;
#5906 = CARTESIAN_POINT ( 'NONE',  ( 1.849046459994014846, 0.5270647222874780269, 2.057375436342375963 ) ) ;
#5907 = ADVANCED_FACE ( 'NONE', ( #2977 ), #5940, .T. ) ;
#5908 = EDGE_LOOP ( 'NONE', ( #7802, #2409, #7875, #7985 ) ) ;
#5909 = EDGE_CURVE ( 'NONE', #125, #4560, #5055, .T. ) ;
#5910 = CIRCLE ( 'NONE', #1853, 0.2000000000000000111 ) ;
#5911 = ORIENTED_EDGE ( 'NONE', *, *, #2365, .F. ) ;
#5912 = ORIENTED_EDGE ( 'NONE', *, *, #6964, .F. ) ;
#5913 = ORIENTED_EDGE ( 'NONE', *, *, #3091, .T. ) ;
#5914 = FACE_OUTER_BOUND ( 'NONE', #2079, .T. ) ;
#5915 = CARTESIAN_POINT ( 'NONE',  ( 0.8801718944397084465, 0.8999999999999998002, -2.124922924775958677 ) ) ;
#5916 = CARTESIAN_POINT ( 'NONE',  ( 2.641564709370463504, 0.000000000000000000, 0.6486476801571736672 ) ) ;
#5917 = DIRECTION ( 'NONE',  ( 1.000000000000000000, 0.000000000000000000, 0.000000000000000000 ) ) ;
#5918 = DIRECTION ( 'NONE',  ( -0.000000000000000000, 1.000000000000000000, -0.000000000000000000 ) ) ;
#5919 = VECTOR ( 'NONE', #5090, 100.0000000000000000 ) ;
#5920 = ORIENTED_EDGE ( 'NONE', *, *, #4607, .T. ) ;
#5921 = B_SPLINE_CURVE_WITH_KNOTS ( 'NONE', 3,
 ( #6767, #8646, #2212, #8600, #6016, #104, #8125, #61, #7465, #754 ),
 .UNSPECIFIED., .F., .F.,
 ( 4, 2, 2, 2, 4 ),
 ( 3.878959614448864246E-18, 0.0003819510935555856445, 0.0007639021871111673859, 0.001145853280666749019, 0.001527804374222330869 ),
 .UNSPECIFIED. ) ;
#5922 = EDGE_LOOP ( 'NONE', ( #5671, #6330, #644, #603 ) ) ;
#5923 = VECTOR ( 'NONE', #4115, 100.0000000000000000 ) ;
#5924 = CARTESIAN_POINT ( 'NONE',  ( -0.3984848430396540353, 0.000000000000000000, 2.265217391304344741 ) ) ;
#5925 = ORIENTED_EDGE ( 'NONE', *, *, #9088, .F. ) ;
#5926 = ORIENTED_EDGE ( 'NONE', *, *, #6272, .T. ) ;
#5927 = DIRECTION ( 'NONE',  ( 0.4999999999999998335, 0.000000000000000000, -0.8660254037844388186 ) ) ;
#5928 = FACE_OUTER_BOUND ( 'NONE', #7782, .T. ) ;
#5929 = DIRECTION ( 'NONE',  ( 0.000000000000000000, 0.000000000000000000, 1.000000000000000000 ) ) ;
#5930 = PLANE ( 'NONE',  #179 ) ;
#5931 = EDGE_CURVE ( 'NONE', #3539, #1434, #4395, .T. ) ;
#5932 = CARTESIAN_POINT ( 'NONE',  ( -1.229627716723141972, 0.000000000000000000, 2.401809684532825617 ) ) ;
#5933 = ORIENTED_EDGE ( 'NONE', *, *, #3251, .T. ) ;
#5934 = ORIENTED_EDGE ( 'NONE', *, *, #5954, .T. ) ;
#5935 = ADVANCED_FACE ( 'NONE', ( #109 ), #3115, .T. ) ;
#5936 = AXIS2_PLACEMENT_3D ( 'NONE', #572, #1985, #4851 ) ;
#5937 = DIRECTION ( 'NONE',  ( 0.9960732287271422125, 0.000000000000000000, 0.08853317464705609541 ) ) ;
#5938 = CARTESIAN_POINT ( 'NONE',  ( 0.1208403870883241193, 0.5639694227494320700, -2.717352668980066444 ) ) ;
#5939 = CARTESIAN_POINT ( 'NONE',  ( -1.357174072685348509, 0.5639694227494327361, 2.357262493485909882 ) ) ;
#5940 = PLANE ( 'NONE',  #9105 ) ;
#5941 = EDGE_LOOP ( 'NONE', ( #1724, #59, #5157, #7886, #4137, #5261 ) ) ;
#5942 = ORIENTED_EDGE ( 'NONE', *, *, #16, .T. ) ;
#5943 = EDGE_CURVE ( 'NONE', #5434, #5806, #8142, .T. ) ;
#5944 = DIRECTION ( 'NONE',  ( -0.000000000000000000, -1.000000000000000000, -0.000000000000000000 ) ) ;
#5945 = CARTESIAN_POINT ( 'NONE',  ( 0.3228824516354940610, 0.000000000000000000, 2.779579779042260501 ) ) ;
#5946 = CARTESIAN_POINT ( 'NONE',  ( -0.2057855830998348567, 0.000000000000000000, -2.792427670287677355 ) ) ;
#5947 = CARTESIAN_POINT ( 'NONE',  ( 0.1811758727515853096, 0.5639694227494325141, 2.713997647364021493 ) ) ;
#5948 = CARTESIAN_POINT ( 'NONE',  ( -1.445997286892676259, 0.8000000000000000444, -0.9727922061357825445 ) ) ;
#5949 = DIRECTION ( 'NONE',  ( 0.000000000000000000, 0.000000000000000000, 1.000000000000000000 ) ) ;
#5950 = CARTESIAN_POINT ( 'NONE',  ( -1.940294437034811192, 0.000000000000000000, -1.235013156857758032 ) ) ;
#5951 = ORIENTED_EDGE ( 'NONE', *, *, #4141, .F. ) ;
#5952 = ORIENTED_EDGE ( 'NONE', *, *, #8020, .F. ) ;
#5953 = EDGE_LOOP ( 'NONE', ( #2627, #8381, #6651, #3562 ) ) ;
#5954 = EDGE_CURVE ( 'NONE', #4724, #4429, #1654, .T. ) ;
#5955 = ORIENTED_EDGE ( 'NONE', *, *, #4880, .F. ) ;
#5956 = ORIENTED_EDGE ( 'NONE', *, *, #846, .T. ) ;
#5957 = DIRECTION ( 'NONE',  ( 0.000000000000000000, 0.000000000000000000, -1.000000000000000000 ) ) ;
#5958 = DIRECTION ( 'NONE',  ( 0.000000000000000000, 0.000000000000000000, -1.000000000000000000 ) ) ;
#5959 = EDGE_CURVE ( 'NONE', #2386, #3859, #5278, .T. ) ;
#5960 = CARTESIAN_POINT ( 'NONE',  ( -2.459900528472261261, 0.5032447133622982571, -1.329032467784762916 ) ) ;
#5961 = CARTESIAN_POINT ( 'NONE',  ( 1.445997286892675593, 0.8000000000000000444, -1.572792206135783744 ) ) ;
#5962 = DIRECTION ( 'NONE',  ( -0.000000000000000000, 1.000000000000000000, 0.000000000000000000 ) ) ;
#5963 = ORIENTED_EDGE ( 'NONE', *, *, #8704, .T. ) ;
#5964 = ORIENTED_EDGE ( 'NONE', *, *, #4144, .T. ) ;
#5965 = CIRCLE ( 'NONE', #263, 0.1000000000000000888 ) ;
#5966 = LINE ( 'NONE', #3802, #5889 ) ;
#5967 = ORIENTED_EDGE ( 'NONE', *, *, #242, .T. ) ;
#5968 = VERTEX_POINT ( 'NONE', #7301 ) ;
#5969 = DIRECTION ( 'NONE',  ( -0.000000000000000000, -1.000000000000000000, -0.000000000000000000 ) ) ;
#5970 = DIRECTION ( 'NONE',  ( 0.000000000000000000, -1.000000000000000000, 0.000000000000000000 ) ) ;
#5971 = CARTESIAN_POINT ( 'NONE',  ( 0.8784947171850662206, 0.000000000000000000, -2.658617503868869303 ) ) ;
#5972 = DIRECTION ( 'NONE',  ( 0.9605471903601702222, 0.000000000000000000, 0.2781170528593722713 ) ) ;
#5973 = VECTOR ( 'NONE', #3905, 100.0000000000000000 ) ;
#5974 = DIRECTION ( 'NONE',  ( 0.000000000000000000, 1.000000000000000000, -0.000000000000000000 ) ) ;
#5975 = VERTEX_POINT ( 'NONE', #857 ) ;
#5976 = EDGE_CURVE ( 'NONE', #3784, #8822, #8754, .T. ) ;
#5977 = ORIENTED_EDGE ( 'NONE', *, *, #6749, .T. ) ;
#5978 = CARTESIAN_POINT ( 'NONE',  ( 2.663179691528182680, 0.000000000000000000, -0.8589474700274848384 ) ) ;
#5979 = CARTESIAN_POINT ( 'NONE',  ( 2.754104346392472813, 0.5338837825254069136, 0.1398082218526461029 ) ) ;
#5980 = APPROVAL_STATUS ( 'not_yet_approved' ) ;
#5981 = CARTESIAN_POINT ( 'NONE',  ( 1.626345596729062315, 0.8999999999999999112, -1.626345596729056320 ) ) ;
#5982 = B_SPLINE_CURVE_WITH_KNOTS ( 'NONE', 3,
 ( #2876, #3818, #1749, #2545, #1846, #6033, #8232, #4622, #8278, #8141 ),
 .UNSPECIFIED., .F., .F.,
 ( 4, 2, 2, 2, 4 ),
 ( 3.878959614448864246E-18, 0.0003819510935555846688, 0.0007639021871111654344, 0.001145853280666746200, 0.001527804374222326966 ),
 .UNSPECIFIED. ) ;
#5983 = DIRECTION ( 'NONE',  ( -0.000000000000000000, 1.000000000000000000, 0.000000000000000000 ) ) ;
#5984 = EDGE_LOOP ( 'NONE', ( #6105, #5531, #6664, #6591 ) ) ;
#5985 = ORIENTED_EDGE ( 'NONE', *, *, #5668, .T. ) ;
#5986 = FACE_OUTER_BOUND ( 'NONE', #5831, .T. ) ;
#5987 = EDGE_CURVE ( 'NONE', #6579, #3675, #6083, .T. ) ;
#5988 = CARTESIAN_POINT ( 'NONE',  ( 0.000000000000000000, 0.9000000000000001332, 0.000000000000000000 ) ) ;
#5989 = CARTESIAN_POINT ( 'NONE',  ( 1.445997286892674927, 0.8000000000000000444, -0.9727922061357825445 ) ) ;
#5990 = EDGE_CURVE ( 'NONE', #50, #5492, #5220, .T. ) ;
#5991 = LINE ( 'NONE', #8851, #8296 ) ;
#5992 = EDGE_CURVE ( 'NONE', #5367, #5256, #6081, .T. ) ;
#5993 = VECTOR ( 'NONE', #6361, 100.0000000000000142 ) ;
#5994 = DIRECTION ( 'NONE',  ( -0.9536567964563991140, 0.000000000000000000, 0.3008965180465173472 ) ) ;
#5995 = CARTESIAN_POINT ( 'NONE',  ( 1.610155365304514641, 0.000000000000000000, -2.192260848153301911 ) ) ;
#5996 = EDGE_CURVE ( 'NONE', #5492, #6483, #1088, .T. ) ;
#5997 = DIRECTION ( 'NONE',  ( -0.000000000000000000, -1.000000000000000000, -0.000000000000000000 ) ) ;
#5998 = ADVANCED_FACE ( 'NONE', ( #3962 ), #6781, .T. ) ;
#5999 = ORIENTED_EDGE ( 'NONE', *, *, #8501, .T. ) ;
#6000 = VERTEX_POINT ( 'NONE', #7617 ) ;
#6001 = VERTEX_POINT ( 'NONE', #7529 ) ;
#6002 = ORIENTED_EDGE ( 'NONE', *, *, #186, .T. ) ;
#6003 = EDGE_LOOP ( 'NONE', ( #1202, #6136, #44, #5741 ) ) ;
#6004 = CARTESIAN_POINT ( 'NONE',  ( -2.467819687168856024, 0.5013175801480329596, 1.319399354944013947 ) ) ;
#6005 = CARTESIAN_POINT ( 'NONE',  ( 0.3828792114248004141, 0.7884388346760238253, -2.409555395782910114 ) ) ;
#6006 = EDGE_CURVE ( 'NONE', #5231, #2103, #3260, .T. ) ;
#6007 = DIRECTION ( 'NONE',  ( 0.000000000000000000, -0.000000000000000000, 1.000000000000000000 ) ) ;
#6008 = DIRECTION ( 'NONE',  ( -0.7648973044904285867, 0.000000000000000000, 0.6441522441032683233 ) ) ;
#6009 = CARTESIAN_POINT ( 'NONE',  ( -2.115771117704240645, 0.000000000000000000, -1.674570589714863944 ) ) ;
#6010 = ORIENTED_EDGE ( 'NONE', *, *, #8020, .T. ) ;
#6011 = VECTOR ( 'NONE', #7852, 100.0000000000000000 ) ;
#6012 = ORIENTED_EDGE ( 'NONE', *, *, #3647, .F. ) ;
#6013 = CARTESIAN_POINT ( 'NONE',  ( 0.000000000000000000, 0.000000000000000000, 0.000000000000000000 ) ) ;
#6014 = VERTEX_POINT ( 'NONE', #1041 ) ;
#6015 = ORIENTED_EDGE ( 'NONE', *, *, #5345, .F. ) ;
#6016 = CARTESIAN_POINT ( 'NONE',  ( -2.628056306043070389, 0.5271463900493866817, -0.8628564402084709650 ) ) ;
#6017 = DIRECTION ( 'NONE',  ( -0.000000000000000000, -1.000000000000000000, -0.000000000000000000 ) ) ;
#6018 = CIRCLE ( 'NONE', #315, 2.299999999999999822 ) ;
#6019 = FACE_OUTER_BOUND ( 'NONE', #668, .T. ) ;
#6020 = CARTESIAN_POINT ( 'NONE',  ( -1.380285232474622426, 0.000000000000000000, 2.436147096751852370 ) ) ;
#6021 = DIRECTION ( 'NONE',  ( -0.000000000000000000, 1.000000000000000000, -0.000000000000000000 ) ) ;
#6022 = ADVANCED_BREP_SHAPE_REPRESENTATION ( '기어_바디', ( #1588, #1843 ), #7990 ) ;
#6023 = EDGE_CURVE ( 'NONE', #3469, #3703, #8368, .T. ) ;
#6024 = ORIENTED_EDGE ( 'NONE', *, *, #8620, .T. ) ;
#6025 = ORIENTED_EDGE ( 'NONE', *, *, #6027, .T. ) ;
#6026 = AXIS2_PLACEMENT_3D ( 'NONE', #9087, #2652, #5522 ) ;
#6027 = EDGE_CURVE ( 'NONE', #3697, #8767, #394, .T. ) ;
#6028 = CARTESIAN_POINT ( 'NONE',  ( -0.7374309401609248082, 0.000000000000000000, 2.595548052135197459 ) ) ;
#6029 = VECTOR ( 'NONE', #806, 100.0000000000000000 ) ;
#6030 = CARTESIAN_POINT ( 'NONE',  ( -2.567814011882549874, 0.5554805531879180025, 0.9288578182228168778 ) ) ;
#6031 = EDGE_CURVE ( 'NONE', #234, #8678, #1353, .T. ) ;
#6033 = CARTESIAN_POINT ( 'NONE',  ( -2.120249997579974455, 0.5153265304226575250, -1.799359813060457114 ) ) ;
#6032 = CIRCLE ( 'NONE', #472, 2.299999999999999822 ) ;
#6035 = DIRECTION ( 'NONE',  ( -0.000000000000000000, -1.000000000000000000, -0.000000000000000000 ) ) ;
#6034 = B_SPLINE_CURVE_WITH_KNOTS ( 'NONE', 3,
 ( #238, #7428, #981, #283, #4073, #9011, #4024, #7642, #8217, #8265 ),
 .UNSPECIFIED., .F., .F.,
 ( 4, 2, 2, 2, 4 ),
 ( 0.000000000000000000, 0.0003831395918291018990, 0.0007662791836582037979, 0.001149418775487305588, 0.001532558367316407596 ),
 .UNSPECIFIED. ) ;
#6036 = VERTEX_POINT ( 'NONE', #3249 ) ;
#6037 = ORIENTED_EDGE ( 'NONE', *, *, #6547, .F. ) ;
#6038 = AXIS2_PLACEMENT_3D ( 'NONE', #4864, #3268, #3361 ) ;
#6039 = VECTOR ( 'NONE', #3130, 100.0000000000000000 ) ;
#6040 = CARTESIAN_POINT ( 'NONE',  ( -0.4001772577312733836, 0.5338837825254068026, -2.728460234658036665 ) ) ;
#6041 = CARTESIAN_POINT ( 'NONE',  ( -0.04037680660732636401, 0.7884388346744659604, 2.439451456656917205 ) ) ;
#6042 = LINE ( 'NONE', #8192, #7098 ) ;
#6043 = CARTESIAN_POINT ( 'NONE',  ( 2.463980945508422060, 0.5340002883789668475, -1.237995030786183559 ) ) ;
#6044 = CARTESIAN_POINT ( 'NONE',  ( 0.000000000000000000, 0.9000000000000001332, 0.000000000000000000 ) ) ;
#6045 = DIRECTION ( 'NONE',  ( 0.000000000000000000, 0.000000000000000000, 1.000000000000000000 ) ) ;
#6046 = VECTOR ( 'NONE', #2278, 100.0000000000000142 ) ;
#6047 = CARTESIAN_POINT ( 'NONE',  ( 2.005897605045703802, 0.7884388346700342831, 1.388858701955107078 ) ) ;
#6048 = EDGE_LOOP ( 'NONE', ( #1875, #237, #201, #8111, #8836 ) ) ;
#6049 = ORIENTED_EDGE ( 'NONE', *, *, #2125, .T. ) ;
#6050 = VECTOR ( 'NONE', #7228, 100.0000000000000000 ) ;
#6051 = EDGE_CURVE ( 'NONE', #5270, #6153, #5071, .T. ) ;
#6052 = CARTESIAN_POINT ( 'NONE',  ( -0.1379028345148820556, 0.6763576274040812297, -2.576088450837537014 ) ) ;
#6053 = VECTOR ( 'NONE', #6743, 100.0000000000000000 ) ;
#6054 = AXIS2_PLACEMENT_3D ( 'NONE', #6088, #8948, #2507 ) ;
#6055 = EDGE_LOOP ( 'NONE', ( #3212, #8435 ) ) ;
#6056 = EDGE_LOOP ( 'NONE', ( #607, #8533, #7092, #5942 ) ) ;
#6057 = LINE ( 'NONE', #176, #8848 ) ;
#6058 = CARTESIAN_POINT ( 'NONE',  ( -2.404883219857425480, 0.000000000000000000, 1.434063003793130564 ) ) ;
#6059 = CARTESIAN_POINT ( 'NONE',  ( 1.697358796749484533, 0.5323494346771890928, 2.175821159071665178 ) ) ;
#6060 = DIRECTION ( 'NONE',  ( 0.000000000000000000, 1.000000000000000000, 0.000000000000000000 ) ) ;
#6061 = CARTESIAN_POINT ( 'NONE',  ( 1.658458538036021057, 0.5639694227494324030, 2.155950649801652741 ) ) ;
#6062 = VECTOR ( 'NONE', #3092, 100.0000000000000142 ) ;
#6063 = EDGE_LOOP ( 'NONE', ( #6443, #5682, #6297, #6970 ) ) ;
#6064 = EDGE_LOOP ( 'NONE', ( #3926, #6946, #5963, #4542 ) ) ;
#6065 = EDGE_CURVE ( 'NONE', #6679, #2284, #2460, .T. ) ;
#6066 = DIRECTION ( 'NONE',  ( -0.000000000000000000, 1.000000000000000000, -0.000000000000000000 ) ) ;
#6067 = ORIENTED_EDGE ( 'NONE', *, *, #5417, .T. ) ;
#6068 = ORIENTED_EDGE ( 'NONE', *, *, #4799, .T. ) ;
#6069 = FACE_BOUND ( 'NONE', #4053, .T. ) ;
#6070 = DIRECTION ( 'NONE',  ( -0.000000000000000000, -1.000000000000000000, -0.000000000000000000 ) ) ;
#6071 = CARTESIAN_POINT ( 'NONE',  ( 7.960204194457796709E-17, 0.3000000000000000999, -0.6500000000000000222 ) ) ;
#6072 = CARTESIAN_POINT ( 'NONE',  ( 2.485042812503874377, 0.5014441230611178524, 1.286311557466210509 ) ) ;
#6073 = DIRECTION ( 'NONE',  ( 0.9962121075990952868, 0.000000000000000000, 0.08695652173913367977 ) ) ;
#6074 = ORIENTED_EDGE ( 'NONE', *, *, #6187, .F. ) ;
#6075 = ORIENTED_EDGE ( 'NONE', *, *, #5127, .T. ) ;
#6076 = ORIENTED_EDGE ( 'NONE', *, *, #4578, .F. ) ;
#6077 = DIRECTION ( 'NONE',  ( 1.000000000000000000, 0.000000000000000000, 0.000000000000000000 ) ) ;
#6078 = EDGE_CURVE ( 'NONE', #5690, #8224, #4713, .T. ) ;
#6079 = EDGE_CURVE ( 'NONE', #4970, #8449, #5331, .T. ) ;
#6080 = CARTESIAN_POINT ( 'NONE',  ( 1.061258598061521896, 0.6763576274005853595, -2.351378124923497293 ) ) ;
#6081 = LINE ( 'NONE', #2501, #5665 ) ;
#6082 = ORIENTED_EDGE ( 'NONE', *, *, #3317, .T. ) ;
#6083 = B_SPLINE_CURVE_WITH_KNOTS ( 'NONE', 3,
 ( #8797, #2358, #4575, #2592 ),
 .UNSPECIFIED., .F., .F.,
 ( 4, 4 ),
 ( 0.001041903416070227807, 0.006534645250543549833 ),
 .UNSPECIFIED. ) ;
#6084 = ORIENTED_EDGE ( 'NONE', *, *, #8895, .T. ) ;
#6085 = B_SPLINE_CURVE_WITH_KNOTS ( 'NONE', 3,
 ( #218, #7355, #4401, #2988 ),
 .UNSPECIFIED., .F., .F.,
 ( 4, 4 ),
 ( 0.0008222321815042968329, 0.001178224111058122185 ),
 .UNSPECIFIED. ) ;
#6086 = CARTESIAN_POINT ( 'NONE',  ( -0.3481320906261731185, 0.5032341246880195351, -2.774223253723187010 ) ) ;
#6087 = CARTESIAN_POINT ( 'NONE',  ( 2.450446620093153616, 0.5059815155005714660, 1.339305225306319791 ) ) ;
#6088 = CARTESIAN_POINT ( 'NONE',  ( 0.000000000000000000, 0.4000000000000000222, 0.000000000000000000 ) ) ;
#6089 = DIRECTION ( 'NONE',  ( 0.6257674981733897246, 0.000000000000000000, -0.7800096398313399737 ) ) ;
#6090 = CARTESIAN_POINT ( 'NONE',  ( -2.444435101997065818, 0.000000000000000000, 1.362003618849582764 ) ) ;
#6091 = DIRECTION ( 'NONE',  ( 0.000000000000000000, 1.000000000000000000, -0.000000000000000000 ) ) ;
#6092 = ORIENTED_EDGE ( 'NONE', *, *, #2919, .F. ) ;
#6093 = CARTESIAN_POINT ( 'NONE',  ( -2.713997647364022381, 0.5639694227494324030, 0.1811758727515754008 ) ) ;
#6094 = EDGE_CURVE ( 'NONE', #73, #8678, #2594, .T. ) ;
#6095 = ORIENTED_EDGE ( 'NONE', *, *, #5198, .F. ) ;
#6096 = B_SPLINE_CURVE_WITH_KNOTS ( 'NONE', 3,
 ( #5710, #6325, #2084, #3450 ),
 .UNSPECIFIED., .F., .F.,
 ( 4, 4 ),
 ( 3.282350919393264644E-07, 0.005493070069560842400 ),
 .UNSPECIFIED. ) ;
#6097 = VERTEX_POINT ( 'NONE', #3340 ) ;
#6098 = DIRECTION ( 'NONE',  ( 0.000000000000000000, 0.000000000000000000, 1.000000000000000000 ) ) ;
#6099 = PLANE ( 'NONE',  #3912 ) ;
#6100 = DIRECTION ( 'NONE',  ( -0.4629747100609458155, 0.000000000000000000, 0.8863714897513248481 ) ) ;
#6101 = ADVANCED_FACE ( 'NONE', ( #1750 ), #1611, .T. ) ;
#6102 = LINE ( 'NONE', #322, #5593 ) ;
#6103 = CARTESIAN_POINT ( 'NONE',  ( -0.8584207641587806581, 0.6763576274057355731, 2.432768523710424624 ) ) ;
#6104 = ORIENTED_EDGE ( 'NONE', *, *, #1248, .F. ) ;
#6105 = ORIENTED_EDGE ( 'NONE', *, *, #5699, .F. ) ;
#6106 = CARTESIAN_POINT ( 'NONE',  ( -2.789162174454036691, 0.5013837380188959081, -0.2255907582982829562 ) ) ;
#6107 = ORIENTED_EDGE ( 'NONE', *, *, #578, .T. ) ;
#6108 = ORIENTED_EDGE ( 'NONE', *, *, #6031, .F. ) ;
#6109 = CARTESIAN_POINT ( 'NONE',  ( 2.678231864517671923, 0.5013223770177958061, 0.8111507671362025995 ) ) ;
#6110 = LINE ( 'NONE', #8969, #1812 ) ;
#6111 = CARTESIAN_POINT ( 'NONE',  ( -2.439451456656917205, 0.7884388346744656273, -0.04037680660733505844 ) ) ;
#6112 = EDGE_CURVE ( 'NONE', #5856, #4474, #6871, .T. ) ;
#6113 = CARTESIAN_POINT ( 'NONE',  ( -2.186346475716480331, 0.5014441230611190736, -1.746403244090674933 ) ) ;
#6114 = DIRECTION ( 'NONE',  ( 0.000000000000000000, 0.000000000000000000, 1.000000000000000000 ) ) ;
#6115 = ADVANCED_FACE ( 'NONE', ( #9160 ), #4977, .T. ) ;
#6116 = EDGE_CURVE ( 'NONE', #3469, #138, #9255, .T. ) ;
#6117 = ORIENTED_EDGE ( 'NONE', *, *, #6302, .F. ) ;
#6118 = ORIENTED_EDGE ( 'NONE', *, *, #7535, .F. ) ;
#6119 = VECTOR ( 'NONE', #3921, 100.0000000000000000 ) ;
#6120 = VERTEX_POINT ( 'NONE', #8596 ) ;
#6121 = DIRECTION ( 'NONE',  ( 0.000000000000000000, 0.000000000000000000, 1.000000000000000000 ) ) ;
#6122 = CARTESIAN_POINT ( 'NONE',  ( 0.000000000000000000, 0.4000000000000000222, -1.600000000000000089 ) ) ;
#6123 = VECTOR ( 'NONE', #2407, 100.0000000000000000 ) ;
#6124 = EDGE_CURVE ( 'NONE', #802, #8001, #1157, .T. ) ;
#6125 = FACE_OUTER_BOUND ( 'NONE', #9065, .T. ) ;
#6126 = CARTESIAN_POINT ( 'NONE',  ( -1.362003618849578768, 0.5013837380188960191, -2.444435101997068038 ) ) ;
#6127 = ORIENTED_EDGE ( 'NONE', *, *, #8349, .T. ) ;
#6128 = CARTESIAN_POINT ( 'NONE',  ( 2.641564709370463504, 0.5639694227494326251, 0.6486476801571736672 ) ) ;
#6129 = VECTOR ( 'NONE', #536, 100.0000000000000000 ) ;
#6130 = CARTESIAN_POINT ( 'NONE',  ( 1.691910309535837875, 0.5101996115923980168, -2.215025489070329368 ) ) ;
#6131 = FACE_OUTER_BOUND ( 'NONE', #2334, .T. ) ;
#6132 = LINE ( 'NONE', #7583, #6488 ) ;
#6133 = DIRECTION ( 'NONE',  ( 0.000000000000000000, 1.000000000000000000, -0.000000000000000000 ) ) ;
#6134 = CARTESIAN_POINT ( 'NONE',  ( -1.197517432985439445, 0.5240971458522361015, 2.497650934925127242 ) ) ;
#6135 = EDGE_CURVE ( 'NONE', #2684, #5326, #9210, .T. ) ;
#6136 = ORIENTED_EDGE ( 'NONE', *, *, #266, .T. ) ;
#6137 = VERTEX_POINT ( 'NONE', #2864 ) ;
#6138 = EDGE_CURVE ( 'NONE', #7827, #9150, #4846, .T. ) ;
#6139 = AXIS2_PLACEMENT_3D ( 'NONE', #4447, #261, #5949 ) ;
#6140 = VERTEX_POINT ( 'NONE', #7894 ) ;
#6141 = FACE_OUTER_BOUND ( 'NONE', #9052, .T. ) ;
#6142 = PLANE ( 'NONE',  #4521 ) ;
#6143 = DIRECTION ( 'NONE',  ( -0.8863714897513249591, 0.000000000000000000, -0.4629747100609458710 ) ) ;
#6144 = PLANE ( 'NONE',  #2731 ) ;
#6145 = DIRECTION ( 'NONE',  ( -0.000000000000000000, 1.000000000000000000, -0.000000000000000000 ) ) ;
#6146 = ADVANCED_FACE ( 'NONE', ( #5030 ), #6442, .F. ) ;
#6147 = LINE ( 'NONE', #412, #5257 ) ;
#6148 = ORIENTED_EDGE ( 'NONE', *, *, #7825, .T. ) ;
#6149 = AXIS2_PLACEMENT_3D ( 'NONE', #5892, #2317, #4480 ) ;
#6150 = ORIENTED_EDGE ( 'NONE', *, *, #2829, .T. ) ;
#6151 = B_SPLINE_CURVE_WITH_KNOTS ( 'NONE', 3,
 ( #1340, #9190, #8669, #3598 ),
 .UNSPECIFIED., .F., .F.,
 ( 4, 4 ),
 ( 3.282350919325524243E-07, 0.005493070069560845002 ),
 .UNSPECIFIED. ) ;
#6152 = CARTESIAN_POINT ( 'NONE',  ( 2.143951337957556103, 0.000000000000000000, 0.8327500588231765422 ) ) ;
#6153 = VERTEX_POINT ( 'NONE', #7151 ) ;
#6154 = ORIENTED_EDGE ( 'NONE', *, *, #2161, .F. ) ;
#6155 = CARTESIAN_POINT ( 'NONE',  ( 2.658987311059043179, 0.5090811764435227982, 0.8405160269629865510 ) ) ;
#6156 = LINE ( 'NONE', #3322, #3444 ) ;
#6157 = DIRECTION ( 'NONE',  ( 0.000000000000000000, 1.000000000000000000, 0.000000000000000000 ) ) ;
#6158 = CARTESIAN_POINT ( 'NONE',  ( 1.272792206135787918, 0.8000000000000000444, 1.072792206135783299 ) ) ;
#6159 = DIRECTION ( 'NONE',  ( 0.000000000000000000, 0.000000000000000000, 1.000000000000000000 ) ) ;
#6160 = AXIS2_PLACEMENT_3D ( 'NONE', #5932, #8789, #5269 ) ;
#6161 = EDGE_LOOP ( 'NONE', ( #7263, #5823, #1720, #5507 ) ) ;
#6162 = ADVANCED_FACE ( 'NONE', ( #8499 ), #4278, .T. ) ;
#6163 = VERTEX_POINT ( 'NONE', #1313 ) ;
#6164 = EDGE_LOOP ( 'NONE', ( #1278, #5715, #1579, #3655 ) ) ;
#6165 = PLANE ( 'NONE',  #136 ) ;
#6166 = VECTOR ( 'NONE', #2058, 100.0000000000000000 ) ;
#6167 = EDGE_CURVE ( 'NONE', #1744, #6826, #2726, .T. ) ;
#6168 = PLANE ( 'NONE',  #8404 ) ;
#6169 = CARTESIAN_POINT ( 'NONE',  ( 2.054126350362091014, 0.5578905455423524007, 1.794594920364862123 ) ) ;
#6170 = CARTESIAN_POINT ( 'NONE',  ( -1.610155365304530406, 0.5639694227494324030, 2.192260848153289476 ) ) ;
#6171 = VECTOR ( 'NONE', #2429, 100.0000000000000000 ) ;
#6172 = ORIENTED_EDGE ( 'NONE', *, *, #5127, .F. ) ;
#6173 = EDGE_CURVE ( 'NONE', #794, #4508, #2, .T. ) ;
#6174 = CIRCLE ( 'NONE', #7373, 0.09999999999999992228 ) ;
#6175 = FACE_OUTER_BOUND ( 'NONE', #6583, .T. ) ;
#6176 = AXIS2_PLACEMENT_3D ( 'NONE', #8357, #6244, #4164 ) ;
#6177 = DIRECTION ( 'NONE',  ( -0.000000000000000000, -1.000000000000000000, -0.000000000000000000 ) ) ;
#6178 = CARTESIAN_POINT ( 'NONE',  ( 0.2523594531672496699, 0.000000000000000000, -2.686445381698009616 ) ) ;
#6179 = FACE_OUTER_BOUND ( 'NONE', #8814, .T. ) ;
#6180 = CYLINDRICAL_SURFACE ( 'NONE', #4302, 0.1000000000000000888 ) ;
#6181 = ORIENTED_EDGE ( 'NONE', *, *, #2680, .F. ) ;
#6182 = DIRECTION ( 'NONE',  ( 0.000000000000000000, 1.000000000000000000, 0.000000000000000000 ) ) ;
#6183 = AXIS2_PLACEMENT_3D ( 'NONE', #5638, #2153, #2100 ) ;
#6184 = EDGE_LOOP ( 'NONE', ( #9085, #1609, #6987, #4168, #1210, #1554, #2342, #986, #4708, #3230, #171, #1347, #7276, #1593, #8225, #694, #9202, #3236, #5178, #1580, #8703, #2231, #5272, #3108, #2707, #6002, #5731, #6012, #3994, #1513, #3830, #2026, #428, #1159, #3137, #1042, #5387, #3187, #7548, #1089, #6068, #8432, #2558, #8084, #8857, #6537, #1445, #6626, #1108, #6107, #1169, #7693, #6513, #316, #3211, #5911, #4473, #8675, #556, #7512, #2717, #2002, #9245, #5810, #2517, #9242, #3203 ) ) ;
#6185 = CARTESIAN_POINT ( 'NONE',  ( -2.078902249923470613, 0.000000000000000000, 1.875677327064313449 ) ) ;
#6186 = DIRECTION ( 'NONE',  ( 0.9531793558308759851, 0.000000000000000000, -0.3024055482590165544 ) ) ;
#6187 = EDGE_CURVE ( 'NONE', #6431, #5111, #2163, .T. ) ;
#6188 = CARTESIAN_POINT ( 'NONE',  ( 2.688714289429696702, 0.5639694227494324030, -0.4116107342882420195 ) ) ;
#6189 = DIRECTION ( 'NONE',  ( -0.6270012801882279829, 0.000000000000000000, 0.7790182248460707504 ) ) ;
#6190 = DIRECTION ( 'NONE',  ( 0.000000000000000000, 0.000000000000000000, 1.000000000000000000 ) ) ;
#6191 = CIRCLE ( 'NONE', #4230, 2.299999999999999822 ) ;
#6192 = AXIS2_PLACEMENT_3D ( 'NONE', #1482, #6475, #2094 ) ;
#6193 = ORIENTED_EDGE ( 'NONE', *, *, #9124, .F. ) ;
#6194 = CIRCLE ( 'NONE', #5735, 2.100000000000000089 ) ;
#6195 = ORIENTED_EDGE ( 'NONE', *, *, #7884, .T. ) ;
#6196 = LINE ( 'NONE', #1873, #7830 ) ;
#6197 = ORIENTED_EDGE ( 'NONE', *, *, #9193, .T. ) ;
#6198 = ORIENTED_EDGE ( 'NONE', *, *, #817, .F. ) ;
#6199 = DIRECTION ( 'NONE',  ( -0.000000000000000000, -1.000000000000000000, -0.000000000000000000 ) ) ;
#6200 = CARTESIAN_POINT ( 'NONE',  ( 2.556750127584888954, 0.000000000000000000, -0.9282438859800792308 ) ) ;
#6201 = CARTESIAN_POINT ( 'NONE',  ( -2.728460234658034445, 0.5338837825254070246, 0.4001772577312824875 ) ) ;
#6202 = CARTESIAN_POINT ( 'NONE',  ( 0.000000000000000000, 0.9000000000000001332, 0.000000000000000000 ) ) ;
#6203 = CIRCLE ( 'NONE', #2886, 2.299999999999999822 ) ;
#6204 = DIRECTION ( 'NONE',  ( 0.000000000000000000, 0.000000000000000000, 1.000000000000000000 ) ) ;
#6205 = ORIENTED_EDGE ( 'NONE', *, *, #5527, .F. ) ;
#6206 = ORIENTED_EDGE ( 'NONE', *, *, #855, .T. ) ;
#6207 = ORIENTED_EDGE ( 'NONE', *, *, #4284, .T. ) ;
#6208 = CIRCLE ( 'NONE', #51, 0.1000000000000000888 ) ;
#6209 = CARTESIAN_POINT ( 'NONE',  ( 1.272792206135787918, 1.000000000000000000, -1.272792206135783477 ) ) ;
#6210 = DIRECTION ( 'NONE',  ( -0.000000000000000000, -1.000000000000000000, -0.000000000000000000 ) ) ;
#6211 = EDGE_CURVE ( 'NONE', #8064, #4634, #1453, .T. ) ;
#6212 = CARTESIAN_POINT ( 'NONE',  ( 1.619202367649563046, 0.4000000000000000222, -1.272792206135783477 ) ) ;
#6213 = EDGE_CURVE ( 'NONE', #2732, #50, #2679, .T. ) ;
#6214 = CARTESIAN_POINT ( 'NONE',  ( -0.3506840417327978798, 0.5560412871706279514, 2.707331651296759123 ) ) ;
#6215 = DIRECTION ( 'NONE',  ( -0.000000000000000000, -1.000000000000000000, -0.000000000000000000 ) ) ;
#6216 = ORIENTED_EDGE ( 'NONE', *, *, #2368, .F. ) ;
#6217 = LINE ( 'NONE', #5285, #9163 ) ;
#6218 = CARTESIAN_POINT ( 'NONE',  ( -1.229627716723141972, 0.000000000000000000, 2.401809684532825617 ) ) ;
#6219 = CC_DESIGN_APPROVAL ( #2241, ( #5018 ) ) ;
#6220 = DIRECTION ( 'NONE',  ( 0.4629747100609397092, 0.000000000000000000, -0.8863714897513281787 ) ) ;
#6221 = DIRECTION ( 'NONE',  ( -0.000000000000000000, 1.000000000000000000, 0.000000000000000000 ) ) ;
#6222 = ADVANCED_FACE ( 'NONE', ( #8543 ), #7053, .T. ) ;
#6223 = CARTESIAN_POINT ( 'NONE',  ( -1.151527806643392049, 0.5639694227494324030, 2.464262899386306049 ) ) ;
#6224 = EDGE_CURVE ( 'NONE', #1242, #5006, #5645, .T. ) ;
#6225 = VERTEX_POINT ( 'NONE', #7749 ) ;
#6226 = FACE_OUTER_BOUND ( 'NONE', #7339, .T. ) ;
#6227 = ORIENTED_EDGE ( 'NONE', *, *, #3068, .F. ) ;
#6228 = CARTESIAN_POINT ( 'NONE',  ( 1.785452745114176398, 0.5013837380188957971, 2.154640415614405669 ) ) ;
#6229 = CYLINDRICAL_SURFACE ( 'NONE', #6026, 0.09999999999999992228 ) ;
#6230 = CARTESIAN_POINT ( 'NONE',  ( 2.255806144927431589, 0.8999999999999995781, -0.4487077406370877930 ) ) ;
#6231 = CARTESIAN_POINT ( 'NONE',  ( 0.000000000000000000, 0.000000000000000000, 0.000000000000000000 ) ) ;
#6232 = CARTESIAN_POINT ( 'NONE',  ( -0.8456032328168349155, 0.7884388346761066479, 2.288560435849799735 ) ) ;
#6233 = VERTEX_POINT ( 'NONE', #3480 ) ;
#6234 = VERTEX_POINT ( 'NONE', #2063 ) ;
#6235 = ADVANCED_FACE ( 'NONE', ( #4229 ), #7105, .T. ) ;
#6236 = CARTESIAN_POINT ( 'NONE',  ( -2.762257413075073220, 0.5270647222874783600, -0.1473108318935917593 ) ) ;
#6237 = ADVANCED_FACE ( 'NONE', ( #2110 ), #7336, .T. ) ;
#6238 = ORIENTED_EDGE ( 'NONE', *, *, #6519, .F. ) ;
#6239 = ORIENTED_EDGE ( 'NONE', *, *, #8137, .F. ) ;
#6240 = DIRECTION ( 'NONE',  ( -0.6257674981733948316, 0.000000000000000000, 0.7800096398313359769 ) ) ;
#6241 = FACE_OUTER_BOUND ( 'NONE', #544, .T. ) ;
#6242 = CARTESIAN_POINT ( 'NONE',  ( -2.567814011882551206, 0.000000000000000000, 0.8288578182228133473 ) ) ;
#6243 = CARTESIAN_POINT ( 'NONE',  ( -2.171495263774692486, 0.5013837380188957971, -1.764915053207617435 ) ) ;
#6244 = DIRECTION ( 'NONE',  ( -0.000000000000000000, -1.000000000000000000, -0.000000000000000000 ) ) ;
#6245 = ORIENTED_EDGE ( 'NONE', *, *, #2438, .F. ) ;
#6246 = ORIENTED_EDGE ( 'NONE', *, *, #669, .F. ) ;
#6247 = VERTEX_POINT ( 'NONE', #3810 ) ;
#6248 = EDGE_CURVE ( 'NONE', #185, #732, #1497, .T. ) ;
#6249 = B_SPLINE_CURVE_WITH_KNOTS ( 'NONE', 3,
 ( #1409, #3718, #7296, #5078, #850, #3530, #5744, #2868, #6399, #2261 ),
 .UNSPECIFIED., .F., .F.,
 ( 4, 2, 2, 2, 4 ),
 ( 0.000000000000000000, 0.0003831395918291017905, 0.0007662791836582035811, 0.001149418775487304721, 0.001532558367316405861 ),
 .UNSPECIFIED. ) ;
#6250 = CARTESIAN_POINT ( 'NONE',  ( -1.702338303390270591, 0.000000000000000000, 2.093494299791565094 ) ) ;
#6251 = EDGE_CURVE ( 'NONE', #3354, #8584, #5221, .T. ) ;
#6252 = DIRECTION ( 'NONE',  ( 0.000000000000000000, 1.000000000000000000, 0.000000000000000000 ) ) ;
#6253 = CYLINDRICAL_SURFACE ( 'NONE', #4990, 0.1000000000000000888 ) ;
#6254 = EDGE_CURVE ( 'NONE', #2097, #2613, #146, .T. ) ;
#6255 = CARTESIAN_POINT ( 'NONE',  ( 0.000000000000000000, 0.9000000000000001332, 0.000000000000000000 ) ) ;
#6256 = CARTESIAN_POINT ( 'NONE',  ( 1.380285232474605328, 0.000000000000000000, -2.436147096751862584 ) ) ;
#6257 = ORIENTED_EDGE ( 'NONE', *, *, #7161, .T. ) ;
#6258 = AXIS2_PLACEMENT_3D ( 'NONE', #910, #5152, #824 ) ;
#6259 = CARTESIAN_POINT ( 'NONE',  ( -2.690423066604960223, 0.5152387927717595462, -0.7038394998798541691 ) ) ;
#6260 = ORIENTED_EDGE ( 'NONE', *, *, #2479, .T. ) ;
#6261 = CYLINDRICAL_SURFACE ( 'NONE', #385, 0.1000000000000000056 ) ;
#6262 = EDGE_CURVE ( 'NONE', #5256, #1920, #243, .T. ) ;
#6263 = CARTESIAN_POINT ( 'NONE',  ( 2.786066592457918656, 0.5013837380188954640, 0.2610551053411716560 ) ) ;
#6264 = CARTESIAN_POINT ( 'NONE',  ( -1.737147339532196133, 0.000000000000000000, 2.193772081687380027 ) ) ;
#6265 = DIRECTION ( 'NONE',  ( 0.000000000000000000, 1.000000000000000000, 0.000000000000000000 ) ) ;
#6266 = CARTESIAN_POINT ( 'NONE',  ( -1.205986615744088164, 0.5639694227494371770, -2.438073872837087208 ) ) ;
#6267 = ORIENTED_EDGE ( 'NONE', *, *, #5143, .F. ) ;
#6268 = CARTESIAN_POINT ( 'NONE',  ( 0.9271593159763918957, 0.000000000000000000, 2.104845743231125166 ) ) ;
#6269 = EDGE_CURVE ( 'NONE', #5041, #5489, #1493, .T. ) ;
#6270 = EDGE_CURVE ( 'NONE', #2189, #435, #1553, .T. ) ;
#6271 = CARTESIAN_POINT ( 'NONE',  ( -1.099587125378900465, 0.4000000000000000222, 1.572792206135783299 ) ) ;
#6272 = EDGE_CURVE ( 'NONE', #2754, #1338, #5234, .T. ) ;
#6273 = ADVANCED_FACE ( 'NONE', ( #7383 ), #8689, .F. ) ;
#6274 = ORIENTED_EDGE ( 'NONE', *, *, #4479, .F. ) ;
#6275 = DIRECTION ( 'NONE',  ( -0.000000000000000000, -1.000000000000000000, -0.000000000000000000 ) ) ;
#6276 = DIRECTION ( 'NONE',  ( 1.734723475976805517E-15, 0.000000000000000000, 1.000000000000000000 ) ) ;
#6277 = EDGE_CURVE ( 'NONE', #4337, #5786, #7204, .T. ) ;
#6278 = CARTESIAN_POINT ( 'NONE',  ( -2.436147096751848373, 0.000000000000000000, -1.380285232474629753 ) ) ;
#6279 = DIRECTION ( 'NONE',  ( 0.000000000000000000, 0.000000000000000000, 1.000000000000000000 ) ) ;
#6280 = DIRECTION ( 'NONE',  ( -0.4811640873381597405, 0.000000000000000000, -0.8766305499217077468 ) ) ;
#6281 = VERTEX_POINT ( 'NONE', #3106 ) ;
#6282 = ORIENTED_EDGE ( 'NONE', *, *, #2749, .F. ) ;
#6283 = CARTESIAN_POINT ( 'NONE',  ( 1.261207873146502401, 0.000000000000000000, -2.385378121632442117 ) ) ;
#6284 = EDGE_CURVE ( 'NONE', #2994, #7450, #845, .T. ) ;
#6285 = ORIENTED_EDGE ( 'NONE', *, *, #3366, .F. ) ;
#6286 = ORIENTED_EDGE ( 'NONE', *, *, #520, .T. ) ;
#6287 = CARTESIAN_POINT ( 'NONE',  ( 2.681603779540948640, 0.5013837380188959081, 0.7995736333737297752 ) ) ;
#6288 = CARTESIAN_POINT ( 'NONE',  ( -1.272792206135788140, 0.8000000000000000444, 1.272792206135783255 ) ) ;
#6289 = LINE ( 'NONE', #9099, #4561 ) ;
#6290 = CARTESIAN_POINT ( 'NONE',  ( -1.318898071450715692, 0.5013175801480320715, 2.468087628778293130 ) ) ;
#6291 = LINE ( 'NONE', #1919, #7666 ) ;
#6292 = CIRCLE ( 'NONE', #7483, 1.250000000000000000 ) ;
#6293 = ORIENTED_EDGE ( 'NONE', *, *, #6116, .F. ) ;
#6294 = ORIENTED_EDGE ( 'NONE', *, *, #7517, .T. ) ;
#6295 = ORIENTED_EDGE ( 'NONE', *, *, #4330, .F. ) ;
#6296 = CARTESIAN_POINT ( 'NONE',  ( -2.006905556262545964, 0.5639694227494325141, 1.836011441959789936 ) ) ;
#6297 = ORIENTED_EDGE ( 'NONE', *, *, #8782, .F. ) ;
#6298 = CARTESIAN_POINT ( 'NONE',  ( -1.658458538036006180, 0.5639694227494324030, -2.155950649801664287 ) ) ;
#6299 = VECTOR ( 'NONE', #4471, 100.0000000000000142 ) ;
#6300 = DIRECTION ( 'NONE',  ( 0.000000000000000000, 0.000000000000000000, -1.000000000000000000 ) ) ;
#6301 = CARTESIAN_POINT ( 'NONE',  ( -1.365495771286372007, 0.6763576274040397074, -2.188759967859674305 ) ) ;
#6302 = EDGE_CURVE ( 'NONE', #3956, #8573, #8130, .T. ) ;
#6303 = CARTESIAN_POINT ( 'NONE',  ( 0.8510071563638843539, 0.5153265304226567478, -2.647440765893036119 ) ) ;
#6304 = CARTESIAN_POINT ( 'NONE',  ( 1.445997286892675815, 0.8000000000000000444, 0.9727922061357835437 ) ) ;
#6305 = EDGE_CURVE ( 'NONE', #1601, #3354, #1189, .T. ) ;
#6306 = ORIENTED_EDGE ( 'NONE', *, *, #8009, .T. ) ;
#6307 = CIRCLE ( 'NONE', #8109, 0.2000000000000000111 ) ;
#6308 = CARTESIAN_POINT ( 'NONE',  ( 1.205986615744105039, 0.000000000000000000, 2.438073872837086320 ) ) ;
#6309 = ORIENTED_EDGE ( 'NONE', *, *, #8925, .F. ) ;
#6310 = DIRECTION ( 'NONE',  ( 0.000000000000000000, 1.000000000000000000, 0.000000000000000000 ) ) ;
#6311 = VECTOR ( 'NONE', #886, 100.0000000000000000 ) ;
#6312 = CARTESIAN_POINT ( 'NONE',  ( -2.490958345820941222, 0.5338837825254066916, -1.183116059015558719 ) ) ;
#6313 = DIRECTION ( 'NONE',  ( -0.000000000000000000, -1.000000000000000000, -0.000000000000000000 ) ) ;
#6314 = CARTESIAN_POINT ( 'NONE',  ( -2.400455205148187332, 0.7884388346761189714, 0.4363123926319329993 ) ) ;
#6315 = CARTESIAN_POINT ( 'NONE',  ( 0.9282438859800703490, 0.5639694227494331802, 2.556750127584891619 ) ) ;
#6316 = AXIS2_PLACEMENT_3D ( 'NONE', #2801, #6333, #5059 ) ;
#6317 = CARTESIAN_POINT ( 'NONE',  ( 1.099587125378900243, 0.8000000000000000444, 1.572792206135783299 ) ) ;
#6318 = VECTOR ( 'NONE', #3398, 99.99999999999998579 ) ;
#6319 = VERTEX_POINT ( 'NONE', #1697 ) ;
#6320 = CARTESIAN_POINT ( 'NONE',  ( 2.436147096751858143, 0.000000000000000000, 1.380285232474614432 ) ) ;
#6321 = CARTESIAN_POINT ( 'NONE',  ( 1.330796278752346185, 0.000000000000000000, 2.461564155185413050 ) ) ;
#6322 = CIRCLE ( 'NONE', #1211, 0.1000000000000000888 ) ;
#6323 = DIRECTION ( 'NONE',  ( 0.8878326000374231475, 0.000000000000000000, 0.4601665723526527918 ) ) ;
#6324 = LINE ( 'NONE', #2791, #3424 ) ;
#6325 = CARTESIAN_POINT ( 'NONE',  ( -2.238307736424237859, 0.7884388346700342831, -0.9708409617377726786 ) ) ;
#6326 = EDGE_CURVE ( 'NONE', #5858, #269, #5093, .T. ) ;
#6327 = ORIENTED_EDGE ( 'NONE', *, *, #7132, .F. ) ;
#6328 = CARTESIAN_POINT ( 'NONE',  ( -1.727921883190668417, 0.5013235516192635632, 2.201173260390241193 ) ) ;
#6329 = ORIENTED_EDGE ( 'NONE', *, *, #6853, .F. ) ;
#6330 = ORIENTED_EDGE ( 'NONE', *, *, #2197, .F. ) ;
#6331 = CARTESIAN_POINT ( 'NONE',  ( 0.6833699837734162896, 0.5270647222874778048, -2.680442493798160353 ) ) ;
#6332 = VECTOR ( 'NONE', #3400, 100.0000000000000000 ) ;
#6333 = DIRECTION ( 'NONE',  ( 0.000000000000000000, -1.000000000000000000, 0.000000000000000000 ) ) ;
#6334 = B_SPLINE_CURVE_WITH_KNOTS ( 'NONE', 3,
 ( #3896, #6072, #2254, #4516 ),
 .UNSPECIFIED., .F., .F.,
 ( 4, 4 ),
 ( 0.0008222294881466134676, 0.001178221417700435350 ),
 .UNSPECIFIED. ) ;
#6335 = CARTESIAN_POINT ( 'NONE',  ( 2.689540963694129427, 0.000000000000000000, 0.2168951061243503953 ) ) ;
#6336 = CARTESIAN_POINT ( 'NONE',  ( -1.272792206135788140, 0.000000000000000000, -1.472792206135783211 ) ) ;
#6337 = DIRECTION ( 'NONE',  ( -0.000000000000000000, 1.000000000000000000, -0.000000000000000000 ) ) ;
#6338 = CONICAL_SURFACE ( 'NONE', #34, 2.299999999999999822, 0.8960553845713439269 ) ;
#6339 = EDGE_LOOP ( 'NONE', ( #1690, #7834, #6723, #7358 ) ) ;
#6340 = ADVANCED_FACE ( 'NONE', ( #5176 ), #57, .T. ) ;
#6341 = ORIENTED_EDGE ( 'NONE', *, *, #4430, .F. ) ;
#6342 = ORIENTED_EDGE ( 'NONE', *, *, #7111, .F. ) ;
#6343 = DIRECTION ( 'NONE',  ( 0.000000000000000000, 1.000000000000000000, 0.000000000000000000 ) ) ;
#6344 = ORIENTED_EDGE ( 'NONE', *, *, #2504, .T. ) ;
#6345 = CIRCLE ( 'NONE', #3335, 2.299999999999999378 ) ;
#6346 = ORIENTED_EDGE ( 'NONE', *, *, #546, .F. ) ;
#6347 = LINE ( 'NONE', #3474, #1806 ) ;
#6348 = CONICAL_SURFACE ( 'NONE', #3052, 2.299999999999999822, 0.8960553845713439269 ) ;
#6349 = DIRECTION ( 'NONE',  ( 0.000000000000000000, 1.000000000000000000, 0.000000000000000000 ) ) ;
#6350 = DIRECTION ( 'NONE',  ( 0.4999999999999996669, 0.000000000000000000, -0.8660254037844389297 ) ) ;
#6351 = FACE_OUTER_BOUND ( 'NONE', #7245, .T. ) ;
#6352 = DIRECTION ( 'NONE',  ( 0.000000000000000000, 0.000000000000000000, 1.000000000000000000 ) ) ;
#6353 = ORIENTED_EDGE ( 'NONE', *, *, #3815, .F. ) ;
#6354 = VECTOR ( 'NONE', #1438, 100.0000000000000000 ) ;
#6355 = EDGE_CURVE ( 'NONE', #9186, #210, #2350, .T. ) ;
#6356 = CARTESIAN_POINT ( 'NONE',  ( 2.193772081687386244, 0.5013837380188954640, 1.737147339532188361 ) ) ;
#6357 = ORIENTED_EDGE ( 'NONE', *, *, #5784, .T. ) ;
#6358 = EDGE_CURVE ( 'NONE', #630, #5712, #8826, .T. ) ;
#6359 = CARTESIAN_POINT ( 'NONE',  ( -1.662073109026478201, 0.000000000000000000, -1.589815391877640316 ) ) ;
#6360 = B_SPLINE_CURVE_WITH_KNOTS ( 'NONE', 3,
 ( #6860, #3413, #2621, #462 ),
 .UNSPECIFIED., .F., .F.,
 ( 4, 4 ),
 ( 0.001420454332104642428, 0.001527804374222324797 ),
 .UNSPECIFIED. ) ;
#6361 = DIRECTION ( 'NONE',  ( 0.9962121075990952868, 0.000000000000000000, 0.08695652173913370753 ) ) ;
#6362 = CARTESIAN_POINT ( 'NONE',  ( -2.198824775545427990, 0.5560460307591198470, -1.617949687865644748 ) ) ;
#6363 = VECTOR ( 'NONE', #3638, 100.0000000000000142 ) ;
#6364 = CIRCLE ( 'NONE', #2314, 0.6500000000000000222 ) ;
#6365 = CARTESIAN_POINT ( 'NONE',  ( -2.553493141988637749, 0.6763576274056654070, -0.3673168551980557917 ) ) ;
#6366 = FACE_OUTER_BOUND ( 'NONE', #2353, .T. ) ;
#6367 = VERTEX_POINT ( 'NONE', #801 ) ;
#6368 = CARTESIAN_POINT ( 'NONE',  ( 0.6378229956361786135, 0.6763576274005866917, 2.499686125209709786 ) ) ;
#6369 = LINE ( 'NONE', #7816, #7546 ) ;
#6370 = CARTESIAN_POINT ( 'NONE',  ( -0.4487077406370631460, 0.000000000000000000, -2.255806144927436474 ) ) ;
#6371 = DIRECTION ( 'NONE',  ( -0.6270012801882310916, 0.000000000000000000, 0.7790182248460681969 ) ) ;
#6372 = CYLINDRICAL_SURFACE ( 'NONE', #4003, 0.1000000000000000888 ) ;
#6373 = ORIENTED_EDGE ( 'NONE', *, *, #8993, .F. ) ;
#6374 = LINE ( 'NONE', #1953, #7571 ) ;
#6375 = AXIS2_PLACEMENT_3D ( 'NONE', #9035, #2552, #6878 ) ;
#6376 = EDGE_CURVE ( 'NONE', #3356, #4650, #99, .T. ) ;
#6377 = ORIENTED_EDGE ( 'NONE', *, *, #7248, .F. ) ;
#6378 = PRODUCT_DEFINITION_SHAPE ( 'NONE', 'NONE',  #8900 ) ;
#6379 = VERTEX_POINT ( 'NONE', #1115 ) ;
#6380 = CARTESIAN_POINT ( 'NONE',  ( -1.626345596729038556, 0.9000000000000001332, -1.626345596729079634 ) ) ;
#6381 = FACE_OUTER_BOUND ( 'NONE', #6550, .T. ) ;
#6382 = DIRECTION ( 'NONE',  ( 0.000000000000000000, 1.000000000000000000, -0.000000000000000000 ) ) ;
#6383 = DIRECTION ( 'NONE',  ( 0.000000000000000000, 0.000000000000000000, 1.000000000000000000 ) ) ;
#6384 = CARTESIAN_POINT ( 'NONE',  ( 2.155950649801646968, 0.5639694227494325141, -1.658458538036028385 ) ) ;
#6385 = VERTEX_POINT ( 'NONE', #2568 ) ;
#6386 = ORIENTED_EDGE ( 'NONE', *, *, #2142, .T. ) ;
#6387 = PLANE ( 'NONE',  #3783 ) ;
#6388 = EDGE_CURVE ( 'NONE', #8001, #4125, #6147, .T. ) ;
#6389 = ORIENTED_EDGE ( 'NONE', *, *, #49, .F. ) ;
#6390 = ORIENTED_EDGE ( 'NONE', *, *, #5601, .T. ) ;
#6391 = CARTESIAN_POINT ( 'NONE',  ( 0.2255907582982548121, 0.000000000000000000, -2.789162174454039800 ) ) ;
#6392 = EDGE_CURVE ( 'NONE', #5489, #2188, #4736, .T. ) ;
#6393 = CARTESIAN_POINT ( 'NONE',  ( -1.764915053207610107, 0.000000000000000000, 2.171495263774698703 ) ) ;
#6394 = ADVANCED_FACE ( 'NONE', ( #6851 ), #8303, .T. ) ;
#6395 = LINE ( 'NONE', #5782, #4705 ) ;
#6396 = CARTESIAN_POINT ( 'NONE',  ( 2.288560435849624319, 0.7884388346762438715, 0.8456032328168114898 ) ) ;
#6397 = DIRECTION ( 'NONE',  ( 0.6417277264384365631, 0.000000000000000000, 0.7669325427442462706 ) ) ;
#6398 = VERTEX_POINT ( 'NONE', #6 ) ;
#6399 = CARTESIAN_POINT ( 'NONE',  ( 0.4107407135207191140, 0.5560460307591198470, 2.698867105337614092 ) ) ;
#6400 = CARTESIAN_POINT ( 'NONE',  ( 2.597962926243809978, 0.5338837825254074687, -0.9247841497226287899 ) ) ;
#6401 = VERTEX_POINT ( 'NONE', #9256 ) ;
#6402 = FACE_OUTER_BOUND ( 'NONE', #191, .T. ) ;
#6403 = CARTESIAN_POINT ( 'NONE',  ( -0.2610551053411813149, 0.5013837380188957971, 2.786066592457917768 ) ) ;
#6404 = CARTESIAN_POINT ( 'NONE',  ( -1.589815391877634765, 0.9000000000000001332, 1.662073109026483753 ) ) ;
#6405 = CARTESIAN_POINT ( 'NONE',  ( -0.9263820446220129012, 0.4000000000000000222, 1.272792206135783477 ) ) ;
#6406 = VECTOR ( 'NONE', #8807, 100.0000000000000142 ) ;
#6407 = CARTESIAN_POINT ( 'NONE',  ( -2.356772047004894954, 0.000000000000000000, 1.313887210115766813 ) ) ;
#6408 = CARTESIAN_POINT ( 'NONE',  ( -0.4487077406371120514, 0.000000000000000000, 2.255806144927426704 ) ) ;
#6409 = ORIENTED_EDGE ( 'NONE', *, *, #8501, .F. ) ;
#6410 = FACE_OUTER_BOUND ( 'NONE', #2948, .T. ) ;
#6411 = DIRECTION ( 'NONE',  ( -1.000000000000000000, 0.000000000000000000, 0.000000000000000000 ) ) ;
#6412 = CARTESIAN_POINT ( 'NONE',  ( 1.298638626510931093, 0.5047982514855071656, 2.473901100193246272 ) ) ;
#6413 = VECTOR ( 'NONE', #8279, 100.0000000000000142 ) ;
#6414 = DIRECTION ( 'NONE',  ( 0.000000000000000000, 0.000000000000000000, -1.000000000000000000 ) ) ;
#6415 = CARTESIAN_POINT ( 'NONE',  ( -1.662073109026478201, 0.000000000000000000, -1.589815391877640316 ) ) ;
#6416 = EDGE_CURVE ( 'NONE', #4741, #602, #4982, .T. ) ;
#6417 = EDGE_CURVE ( 'NONE', #4723, #5769, #6249, .T. ) ;
#6418 = ORIENTED_EDGE ( 'NONE', *, *, #2371, .T. ) ;
#6419 = B_SPLINE_CURVE_WITH_KNOTS ( 'NONE', 3,
 ( #4539, #3828, #5197, #2281, #3782, #5906, #2329, #1719, #6705, #2372 ),
 .UNSPECIFIED., .F., .F.,
 ( 4, 2, 2, 2, 4 ),
 ( 0.000000000000000000, 0.0003831395918291009774, 0.0007662791836582019548, 0.001149418775487302986, 0.001532558367316403910 ),
 .UNSPECIFIED. ) ;
#6420 = DIRECTION ( 'NONE',  ( -0.8660254037844388186, 0.000000000000000000, 0.4999999999999998335 ) ) ;
#6421 = ORIENTED_EDGE ( 'NONE', *, *, #8434, .T. ) ;
#6422 = VERTEX_POINT ( 'NONE', #5834 ) ;
#6423 = CARTESIAN_POINT ( 'NONE',  ( 1.113231976729070150, 0.6763576274005859146, 2.327222263625916554 ) ) ;
#6424 = CARTESIAN_POINT ( 'NONE',  ( 0.000000000000000000, 0.000000000000000000, 0.000000000000000000 ) ) ;
#6425 = EDGE_CURVE ( 'NONE', #2188, #8271, #6452, .T. ) ;
#6426 = DIRECTION ( 'NONE',  ( 0.000000000000000000, 1.000000000000000000, -0.000000000000000000 ) ) ;
#6427 = CIRCLE ( 'NONE', #2375, 0.1000000000000000888 ) ;
#6428 = DIRECTION ( 'NONE',  ( 0.000000000000000000, 1.000000000000000000, -0.000000000000000000 ) ) ;
#6429 = CARTESIAN_POINT ( 'NONE',  ( 1.307364995081786052, 0.000000000000000000, -2.474088437236949822 ) ) ;
#6430 = ORIENTED_EDGE ( 'NONE', *, *, #9156, .T. ) ;
#6431 = VERTEX_POINT ( 'NONE', #2211 ) ;
#6432 = CARTESIAN_POINT ( 'NONE',  ( -2.691558631681712832, 0.000000000000000000, -0.7653946419034018955 ) ) ;
#6433 = VERTEX_POINT ( 'NONE', #9212 ) ;
#6434 = ORIENTED_EDGE ( 'NONE', *, *, #8083, .T. ) ;
#6435 = CARTESIAN_POINT ( 'NONE',  ( -1.330796278752332862, 0.5013837380188959081, -2.461564155185419711 ) ) ;
#6436 = AXIS2_PLACEMENT_3D ( 'NONE', #4585, #6133, #1005 ) ;
#6437 = DIRECTION ( 'NONE',  ( 0.000000000000000000, 1.000000000000000000, 0.000000000000000000 ) ) ;
#6438 = CARTESIAN_POINT ( 'NONE',  ( 0.000000000000000000, 0.000000000000000000, 0.000000000000000000 ) ) ;
#6439 = CARTESIAN_POINT ( 'NONE',  ( 1.277811535945074795, 0.000000000000000000, 1.912380108295860914 ) ) ;
#6440 = EDGE_CURVE ( 'NONE', #8544, #7481, #7801, .T. ) ;
#6441 = CARTESIAN_POINT ( 'NONE',  ( 2.299432410651858216, 0.9000000000000001332, -0.05109392178902329162 ) ) ;
#6442 = CYLINDRICAL_SURFACE ( 'NONE', #1455, 0.2000000000000000111 ) ;
#6443 = ORIENTED_EDGE ( 'NONE', *, *, #6326, .F. ) ;
#6444 = VECTOR ( 'NONE', #9072, 100.0000000000000000 ) ;
#6445 = CARTESIAN_POINT ( 'NONE',  ( -0.8801718944396769162, 0.8999999999999999112, -2.124922924775971556 ) ) ;
#6446 = DIRECTION ( 'NONE',  ( -0.000000000000000000, -1.000000000000000000, -0.000000000000000000 ) ) ;
#6447 = VERTEX_POINT ( 'NONE', #2821 ) ;
#6448 = DIRECTION ( 'NONE',  ( 0.000000000000000000, 0.000000000000000000, -1.000000000000000000 ) ) ;
#6449 = AXIS2_PLACEMENT_3D ( 'NONE', #461, #4742, #7694 ) ;
#6450 = CARTESIAN_POINT ( 'NONE',  ( 9.184850993605145972E-17, 0.3000000000000000999, -0.7500000000000000000 ) ) ;
#6451 = CARTESIAN_POINT ( 'NONE',  ( -2.787098453123290298, 0.5014441230611190736, -0.2492336563268883198 ) ) ;
#6452 = CIRCLE ( 'NONE', #6761, 0.6500000000000000222 ) ;
#6453 = ORIENTED_EDGE ( 'NONE', *, *, #2125, .F. ) ;
#6454 = ADVANCED_FACE ( 'NONE', ( #3573 ), #4328, .F. ) ;
#6455 = DIRECTION ( 'NONE',  ( -0.000000000000000000, -1.000000000000000000, -0.000000000000000000 ) ) ;
#6456 = CYLINDRICAL_SURFACE ( 'NONE', #8275, 0.1000000000000000888 ) ;
#6457 = AXIS2_PLACEMENT_3D ( 'NONE', #4423, #6017, #8734 ) ;
#6458 = ORIENTED_EDGE ( 'NONE', *, *, #5198, .T. ) ;
#6459 = CYLINDRICAL_SURFACE ( 'NONE', #5728, 0.2000000000000000111 ) ;
#6460 = DIRECTION ( 'NONE',  ( -0.000000000000000000, -1.000000000000000000, -0.000000000000000000 ) ) ;
#6461 = DIRECTION ( 'NONE',  ( 0.000000000000000000, 0.000000000000000000, 1.000000000000000000 ) ) ;
#6462 = CARTESIAN_POINT ( 'NONE',  ( 1.662073109026489526, 0.000000000000000000, 1.589815391877628992 ) ) ;
#6463 = CARTESIAN_POINT ( 'NONE',  ( 1.296838276273993618, 0.5014441230611184075, -2.479565624870414098 ) ) ;
#6464 = B_SPLINE_CURVE_WITH_KNOTS ( 'NONE', 3,
 ( #573, #2119, #3393, #6403 ),
 .UNSPECIFIED., .F., .F.,
 ( 4, 4 ),
 ( 0.0008222047956821020107, 0.001178196725235924110 ),
 .UNSPECIFIED. ) ;
#6465 = VECTOR ( 'NONE', #8205, 100.0000000000000142 ) ;
#6466 = EDGE_LOOP ( 'NONE', ( #7155, #7557, #1236, #4789 ) ) ;
#6467 = CYLINDRICAL_SURFACE ( 'NONE', #3071, 0.2000000000000000111 ) ;
#6468 = EDGE_CURVE ( 'NONE', #6233, #5975, #2778, .T. ) ;
#6469 = ORIENTED_EDGE ( 'NONE', *, *, #7338, .F. ) ;
#6470 = ORIENTED_EDGE ( 'NONE', *, *, #7093, .F. ) ;
#6471 = CARTESIAN_POINT ( 'NONE',  ( 0.4487077406370796329, 0.000000000000000000, 2.255806144927432477 ) ) ;
#6472 = DIRECTION ( 'NONE',  ( 0.000000000000000000, 0.000000000000000000, 1.000000000000000000 ) ) ;
#6473 = PLANE ( 'NONE',  #5308 ) ;
#6474 = VECTOR ( 'NONE', #3000, 100.0000000000000000 ) ;
#6475 = DIRECTION ( 'NONE',  ( -0.000000000000000000, 1.000000000000000000, -0.000000000000000000 ) ) ;
#6476 = CARTESIAN_POINT ( 'NONE',  ( -1.445997286892675815, 0.4000000000000000222, 1.572792206135783299 ) ) ;
#6477 = ORIENTED_EDGE ( 'NONE', *, *, #1066, .F. ) ;
#6478 = B_SPLINE_CURVE_WITH_KNOTS ( 'NONE', 3,
 ( #6356, #4849, #7110, #4891 ),
 .UNSPECIFIED., .F., .F.,
 ( 4, 4 ),
 ( 0.0008222604423106229200, 0.001178252371864448814 ),
 .UNSPECIFIED. ) ;
#6479 = ORIENTED_EDGE ( 'NONE', *, *, #7248, .T. ) ;
#6480 = VECTOR ( 'NONE', #9050, 100.0000000000000000 ) ;
#6481 = CARTESIAN_POINT ( 'NONE',  ( -1.272792206135788140, 1.000000000000000000, -1.472792206135783211 ) ) ;
#6482 = AXIS2_PLACEMENT_3D ( 'NONE', #270, #8112, #1673 ) ;
#6483 = VERTEX_POINT ( 'NONE', #103 ) ;
#6484 = ORIENTED_EDGE ( 'NONE', *, *, #8189, .F. ) ;
#6485 = DIRECTION ( 'NONE',  ( 0.000000000000000000, 0.000000000000000000, 1.000000000000000000 ) ) ;
#6486 = DIRECTION ( 'NONE',  ( 0.000000000000000000, 0.000000000000000000, 1.000000000000000000 ) ) ;
#6487 = CARTESIAN_POINT ( 'NONE',  ( 2.567814011882543213, 0.000000000000000000, -0.8288578182228321101 ) ) ;
#6488 = VECTOR ( 'NONE', #4761, 100.0000000000000000 ) ;
#6489 = CARTESIAN_POINT ( 'NONE',  ( 1.373380358080495300, 0.5013176973172517314, 2.438190648904010605 ) ) ;
#6490 = CARTESIAN_POINT ( 'NONE',  ( 0.000000000000000000, 0.000000000000000000, 0.000000000000000000 ) ) ;
#6491 = CIRCLE ( 'NONE', #4984, 2.299999999999999822 ) ;
#6492 = EDGE_LOOP ( 'NONE', ( #4215, #2907, #2695, #912 ) ) ;
#6493 = VECTOR ( 'NONE', #9071, 100.0000000000000284 ) ;
#6494 = CIRCLE ( 'NONE', #5459, 2.299999999999999822 ) ;
#6495 = ADVANCED_FACE ( 'NONE', ( #7197 ), #1504, .T. ) ;
#6496 = FACE_OUTER_BOUND ( 'NONE', #158, .T. ) ;
#6497 = CARTESIAN_POINT ( 'NONE',  ( -2.464262899386302941, 0.5639694227494324030, -1.151527806643399821 ) ) ;
#6499 = ORIENTED_EDGE ( 'NONE', *, *, #8229, .F. ) ;
#6498 = AXIS2_PLACEMENT_3D ( 'NONE', #8037, #5322, #5929 ) ;
#6500 = ADVANCED_FACE ( 'NONE', ( #6496 ), #7153, .T. ) ;
#6501 = CARTESIAN_POINT ( 'NONE',  ( -1.790975452365403342, 0.000000000000000000, 2.047196828785470490 ) ) ;
#6502 = PERSON_AND_ORGANIZATION ( #969, #9179 ) ;
#6503 = CARTESIAN_POINT ( 'NONE',  ( 2.107036220435989371, 0.5218282221418185651, 1.802338303390273788 ) ) ;
#6504 = VECTOR ( 'NONE', #7879, 100.0000000000000142 ) ;
#6505 = CARTESIAN_POINT ( 'NONE',  ( 0.5155143478147028446, 0.7884388346700345052, -2.384700956749440603 ) ) ;
#6506 = ORIENTED_EDGE ( 'NONE', *, *, #9055, .F. ) ;
#6507 = ORIENTED_EDGE ( 'NONE', *, *, #2729, .T. ) ;
#6508 = B_SPLINE_CURVE_WITH_KNOTS ( 'NONE', 3,
 ( #7166, #6368, #8561, #1468 ),
 .UNSPECIFIED., .F., .F.,
 ( 4, 4 ),
 ( 0.001041907151302093153, 0.006534648985770994019 ),
 .UNSPECIFIED. ) ;
#6509 = CARTESIAN_POINT ( 'NONE',  ( 0.7716099316312531320, 0.000000000000000000, -2.585593199994433267 ) ) ;
#6510 = AXIS2_PLACEMENT_3D ( 'NONE', #7914, #3500, #7072 ) ;
#6511 = CARTESIAN_POINT ( 'NONE',  ( -0.2610551053411813149, 0.000000000000000000, 2.786066592457917768 ) ) ;
#6512 = ADVANCED_FACE ( 'NONE', ( #60 ), #5649, .F. ) ;
#6513 = ORIENTED_EDGE ( 'NONE', *, *, #8120, .T. ) ;
#6514 = DIRECTION ( 'NONE',  ( -0.000000000000000000, -1.000000000000000000, -0.000000000000000000 ) ) ;
#6515 = DIRECTION ( 'NONE',  ( -0.9962121075990950647, 0.000000000000000000, -0.08695652173913717697 ) ) ;
#6516 = ADVANCED_FACE ( 'NONE', ( #2114 ), #5787, .T. ) ;
#6517 = CARTESIAN_POINT ( 'NONE',  ( 2.385378121632438120, 0.5428504783400834866, 1.361207873146511371 ) ) ;
#6518 = CARTESIAN_POINT ( 'NONE',  ( -1.658458538036006180, 0.000000000000000000, -2.155950649801664287 ) ) ;
#6519 = EDGE_CURVE ( 'NONE', #2284, #8768, #7648, .T. ) ;
#6520 = CARTESIAN_POINT ( 'NONE',  ( -2.245281531994575808, 0.000000000000000000, 0.4987091758571255973 ) ) ;
#6521 = EDGE_LOOP ( 'NONE', ( #6216, #8821, #9241, #2548 ) ) ;
#6522 = B_SPLINE_CURVE_WITH_KNOTS ( 'NONE', 3,
 ( #143, #54, #4368, #7240, #95, #8685, #1550, #1447, #3709, #4321 ),
 .UNSPECIFIED., .F., .F.,
 ( 4, 2, 2, 2, 4 ),
 ( 0.000000000000000000, 0.0003831395918291011942, 0.0007662791836582023884, 0.001149418775487304938, 0.001532558367316407813 ),
 .UNSPECIFIED. ) ;
#6523 = EDGE_LOOP ( 'NONE', ( #4092, #5187, #2768, #7261, #413, #7945 ) ) ;
#6524 = VERTEX_POINT ( 'NONE', #1364 ) ;
#6525 = ORIENTED_EDGE ( 'NONE', *, *, #3138, .F. ) ;
#6526 = CARTESIAN_POINT ( 'NONE',  ( 0.000000000000000000, 0.9000000000000001332, 0.000000000000000000 ) ) ;
#6527 = CARTESIAN_POINT ( 'NONE',  ( 0.000000000000000000, 0.9000000000000001332, 0.000000000000000000 ) ) ;
#6528 = LINE ( 'NONE', #9237, #7412 ) ;
#6529 = CARTESIAN_POINT ( 'NONE',  ( -0.4239514176985201277, 0.6763576274057462312, -2.544703144519314897 ) ) ;
#6530 = CYLINDRICAL_SURFACE ( 'NONE', #8414, 1.250000000000000000 ) ;
#6531 = B_SPLINE_CURVE_WITH_KNOTS ( 'NONE', 3,
 ( #4142, #2318, #5084, #8093, #1511, #6695, #899, #7952, #3858, #4527 ),
 .UNSPECIFIED., .F., .F.,
 ( 4, 2, 2, 2, 4 ),
 ( 4.027632312084553576E-18, 0.0003819510935555851024, 0.0007639021871111661933, 0.001145853280666747501, 0.001527804374222328484 ),
 .UNSPECIFIED. ) ;
#6532 = EDGE_CURVE ( 'NONE', #7673, #2437, #1336, .T. ) ;
#6533 = ORIENTED_EDGE ( 'NONE', *, *, #3066, .F. ) ;
#6534 = EDGE_LOOP ( 'NONE', ( #1010, #7361, #5912, #1626 ) ) ;
#6535 = CARTESIAN_POINT ( 'NONE',  ( 1.357174072685332300, 0.5639694227494319589, -2.357262493485920096 ) ) ;
#6536 = B_SPLINE_CURVE_WITH_KNOTS ( 'NONE', 3,
 ( #2999, #2339, #878, #3701 ),
 .UNSPECIFIED., .F., .F.,
 ( 4, 4 ),
 ( 0.001041907151302085997, 0.006534648985770992284 ),
 .UNSPECIFIED. ) ;
#6537 = ORIENTED_EDGE ( 'NONE', *, *, #279, .T. ) ;
#6538 = ORIENTED_EDGE ( 'NONE', *, *, #137, .F. ) ;
#6539 = CARTESIAN_POINT ( 'NONE',  ( -1.220195134738681020, 0.5484516897053828277, -2.452684164656607102 ) ) ;
#6540 = CARTESIAN_POINT ( 'NONE',  ( -0.7749163479457188419, 0.5102758125174868820, -2.677288443136327079 ) ) ;
#6541 = DIRECTION ( 'NONE',  ( -0.7648973044904338048, 0.000000000000000000, 0.6441522441032622170 ) ) ;
#6542 = CARTESIAN_POINT ( 'NONE',  ( 2.788130313788665493, 0.5014441230611187406, 0.2374122073125661536 ) ) ;
#6543 = CARTESIAN_POINT ( 'NONE',  ( -0.7767876390601748948, 0.5014441230611180744, 2.688240347634792915 ) ) ;
#6544 = EDGE_CURVE ( 'NONE', #8491, #6001, #666, .T. ) ;
#6545 = VERTEX_POINT ( 'NONE', #6595 ) ;
#6546 = EDGE_LOOP ( 'NONE', ( #1746, #6434, #2583, #6732, #4588, #6565 ) ) ;
#6547 = EDGE_CURVE ( 'NONE', #5451, #979, #4522, .T. ) ;
#6548 = DIRECTION ( 'NONE',  ( 0.8660254037844389297, 0.000000000000000000, -0.4999999999999996669 ) ) ;
#6549 = LINE ( 'NONE', #2969, #8248 ) ;
#6550 = EDGE_LOOP ( 'NONE', ( #8096, #6976, #3717, #1738 ) ) ;
#6551 = CARTESIAN_POINT ( 'NONE',  ( 2.154640415614399451, 0.5013837380188954640, -1.785452745114184392 ) ) ;
#6552 = PERSON_AND_ORGANIZATION ( #969, #9179 ) ;
#6553 = CARTESIAN_POINT ( 'NONE',  ( 1.626345596729050325, 0.9000000000000002442, 1.626345596729067422 ) ) ;
#6554 = CARTESIAN_POINT ( 'NONE',  ( 0.9247841497226196861, 0.5338837825254078018, 2.597962926243812642 ) ) ;
#6555 = EDGE_LOOP ( 'NONE', ( #4957, #7459, #5132, #4528 ) ) ;
#6556 = ORIENTED_EDGE ( 'NONE', *, *, #5551, .T. ) ;
#6557 = CARTESIAN_POINT ( 'NONE',  ( 0.4987091758571342015, 0.000000000000000000, 2.245281531994572255 ) ) ;
#6558 = FACE_OUTER_BOUND ( 'NONE', #2967, .T. ) ;
#6559 = APPROVAL ( #8651, 'UNSPECIFIED' ) ;
#6560 = CARTESIAN_POINT ( 'NONE',  ( 1.610155365304514641, 0.5639694227494316259, -2.192260848153301911 ) ) ;
#6561 = CARTESIAN_POINT ( 'NONE',  ( 1.099587125378900243, 0.8000000000000000444, 0.9727922061357835437 ) ) ;
#6562 = DIRECTION ( 'NONE',  ( -0.5000000000000001110, 0.000000000000000000, -0.8660254037844384856 ) ) ;
#6563 = FACE_OUTER_BOUND ( 'NONE', #1625, .T. ) ;
#6564 = DIRECTION ( 'NONE',  ( 0.000000000000000000, 1.000000000000000000, 0.000000000000000000 ) ) ;
#6565 = ORIENTED_EDGE ( 'NONE', *, *, #3630, .T. ) ;
#6566 = EDGE_CURVE ( 'NONE', #8224, #5730, #8249, .T. ) ;
#6567 = EDGE_LOOP ( 'NONE', ( #5462, #5934, #4562, #6117 ) ) ;
#6568 = EDGE_CURVE ( 'NONE', #1632, #4600, #8939, .T. ) ;
#6569 = EDGE_CURVE ( 'NONE', #9211, #1672, #1603, .T. ) ;
#6570 = CONICAL_SURFACE ( 'NONE', #3713, 2.299999999999999822, 0.8960553845713439269 ) ;
#6571 = EDGE_LOOP ( 'NONE', ( #6037, #6327, #8536, #7069 ) ) ;
#6572 = ORIENTED_EDGE ( 'NONE', *, *, #4456, .F. ) ;
#6573 = DIRECTION ( 'NONE',  ( 0.000000000000000000, 1.000000000000000000, 0.000000000000000000 ) ) ;
#6574 = FACE_OUTER_BOUND ( 'NONE', #5012, .T. ) ;
#6575 = PLANE ( 'NONE',  #1547 ) ;
#6576 = CARTESIAN_POINT ( 'NONE',  ( 0.8589474700274756236, 0.5013837380188962412, 2.663179691528185788 ) ) ;
#6577 = DIRECTION ( 'NONE',  ( 0.000000000000000000, 0.000000000000000000, -1.000000000000000000 ) ) ;
#6578 = B_SPLINE_CURVE_WITH_KNOTS ( 'NONE', 3,
 ( #8044, #2403, #5275, #3021, #4477, #896, #5887, #3765, #6643, #5938 ),
 .UNSPECIFIED., .F., .F.,
 ( 4, 2, 2, 2, 4 ),
 ( 4.336808689942017736E-19, 0.0003831395918291034710, 0.0007662791836582058579, 0.001149418775487308191, 0.001532558367316410848 ),
 .UNSPECIFIED. ) ;
#6579 = VERTEX_POINT ( 'NONE', #8136 ) ;
#6580 = ORIENTED_EDGE ( 'NONE', *, *, #3607, .T. ) ;
#6581 = EDGE_CURVE ( 'NONE', #2663, #1242, #4476, .T. ) ;
#6582 = CARTESIAN_POINT ( 'NONE',  ( 2.192260848153295694, 0.5639694227494324030, 1.610155365304522412 ) ) ;
#6583 = EDGE_LOOP ( 'NONE', ( #1271, #1199, #5617, #5510 ) ) ;
#6584 = ORIENTED_EDGE ( 'NONE', *, *, #3619, .T. ) ;
#6585 = CARTESIAN_POINT ( 'NONE',  ( -0.9282438859800510311, 0.000000000000000000, -2.556750127584899168 ) ) ;
#6586 = CARTESIAN_POINT ( 'NONE',  ( -0.9263820446220125682, 0.8000000000000000444, -1.272792206135783477 ) ) ;
#6587 = CARTESIAN_POINT ( 'NONE',  ( -1.433076473234944359, 0.7884388346700346162, -1.974549446781469264 ) ) ;
#6588 = CYLINDRICAL_SURFACE ( 'NONE', #1845, 0.1000000000000000888 ) ;
#6589 = DIRECTION ( 'NONE',  ( 0.000000000000000000, 1.000000000000000000, 0.000000000000000000 ) ) ;
#6590 = B_SPLINE_CURVE_WITH_KNOTS ( 'NONE', 3,
 ( #6912, #9021, #9155, #6828, #2587, #7743, #5466, #2630, #564, #8363 ),
 .UNSPECIFIED., .F., .F.,
 ( 4, 2, 2, 2, 4 ),
 ( 0.000000000000000000, 0.0003831395918291013569, 0.0007662791836582027137, 0.001149418775487304071, 0.001532558367316405427 ),
 .UNSPECIFIED. ) ;
#6591 = ORIENTED_EDGE ( 'NONE', *, *, #5784, .F. ) ;
#6592 = ORIENTED_EDGE ( 'NONE', *, *, #5586, .T. ) ;
#6593 = AXIS2_PLACEMENT_3D ( 'NONE', #7310, #5803, #8102 ) ;
#6594 = AXIS2_PLACEMENT_3D ( 'NONE', #6209, #6909, #6121 ) ;
#6595 = CARTESIAN_POINT ( 'NONE',  ( -0.2874956239882281994, 0.5013837380188954640, -2.783462428670878896 ) ) ;
#6596 = EDGE_CURVE ( 'NONE', #8409, #1485, #8539, .T. ) ;
#6597 = EDGE_LOOP ( 'NONE', ( #7186, #7217, #5333, #7775 ) ) ;
#6598 = LINE ( 'NONE', #154, #4275 ) ;
#6599 = ADVANCED_FACE ( 'NONE', ( #1792 ), #2498, .T. ) ;
#6600 = CARTESIAN_POINT ( 'NONE',  ( -1.275831196192062977, 0.7884388346744233278, 2.079617381808671173 ) ) ;
#6601 = CARTESIAN_POINT ( 'NONE',  ( 0.8826669380356622074, 0.5032341246880206453, 2.653000130139643087 ) ) ;
#6602 = CONICAL_SURFACE ( 'NONE', #2541, 2.299999999999999822, 0.8960553845713439269 ) ;
#6603 = ORIENTED_EDGE ( 'NONE', *, *, #8583, .F. ) ;
#6604 = ORIENTED_EDGE ( 'NONE', *, *, #5992, .F. ) ;
#6605 = FACE_OUTER_BOUND ( 'NONE', #776, .T. ) ;
#6606 = CARTESIAN_POINT ( 'NONE',  ( 0.8363145284873002572, 0.5014441230611192957, 2.670320806998546459 ) ) ;
#6607 = AXIS2_PLACEMENT_3D ( 'NONE', #3740, #6573, #7416 ) ;
#6608 = DIRECTION ( 'NONE',  ( 0.000000000000000000, 0.000000000000000000, 1.000000000000000000 ) ) ;
#6609 = DIRECTION ( 'NONE',  ( 0.000000000000000000, 1.000000000000000000, 0.000000000000000000 ) ) ;
#6610 = AXIS2_PLACEMENT_3D ( 'NONE', #3269, #7150, #8694 ) ;
#6611 = LINE ( 'NONE', #7406, #196 ) ;
#6612 = DIRECTION ( 'NONE',  ( 0.000000000000000000, 0.000000000000000000, -1.000000000000000000 ) ) ;
#6613 = CARTESIAN_POINT ( 'NONE',  ( 0.7881806362169383462, 0.5014441230611184075, -2.684922063587874774 ) ) ;
#6614 = ORIENTED_EDGE ( 'NONE', *, *, #1783, .F. ) ;
#6615 = VERTEX_POINT ( 'NONE', #7340 ) ;
#6616 = CIRCLE ( 'NONE', #3603, 0.1500000000000001332 ) ;
#6617 = ORIENTED_EDGE ( 'NONE', *, *, #6284, .F. ) ;
#6618 = ORIENTED_EDGE ( 'NONE', *, *, #4063, .T. ) ;
#6619 = CARTESIAN_POINT ( 'NONE',  ( 0.000000000000000000, 0.9000000000000001332, 0.000000000000000000 ) ) ;
#6620 = DIRECTION ( 'NONE',  ( -0.000000000000000000, 1.000000000000000000, -0.000000000000000000 ) ) ;
#6621 = CARTESIAN_POINT ( 'NONE',  ( -1.812718732419731360, 0.5013837380188954640, -2.131752242351200533 ) ) ;
#6622 = ADVANCED_FACE ( 'NONE', ( #8230 ), #3763, .T. ) ;
#6623 = PLANE ( 'NONE',  #5144 ) ;
#6624 = CARTESIAN_POINT ( 'NONE',  ( 2.779579779042259169, 0.000000000000000000, -0.3228824516355043861 ) ) ;
#6625 = CIRCLE ( 'NONE', #7059, 0.1000000000000000888 ) ;
#6626 = ORIENTED_EDGE ( 'NONE', *, *, #1294, .F. ) ;
#6627 = ORIENTED_EDGE ( 'NONE', *, *, #134, .F. ) ;
#6628 = DIRECTION ( 'NONE',  ( 0.000000000000000000, 1.000000000000000000, 0.000000000000000000 ) ) ;
#6629 = EDGE_LOOP ( 'NONE', ( #8439, #2102, #2410, #3 ) ) ;
#6630 = ORIENTED_EDGE ( 'NONE', *, *, #5211, .F. ) ;
#6631 = CARTESIAN_POINT ( 'NONE',  ( -1.099587125378900687, 0.4000000000000000222, 0.9727922061357832106 ) ) ;
#6632 = AXIS2_PLACEMENT_3D ( 'NONE', #7811, #8609, #9224 ) ;
#6633 = DIRECTION ( 'NONE',  ( -0.000000000000000000, 1.000000000000000000, -0.000000000000000000 ) ) ;
#6634 = CARTESIAN_POINT ( 'NONE',  ( -1.319979243539597169, 0.8999999999999998002, -1.883521912966406475 ) ) ;
#6635 = CARTESIAN_POINT ( 'NONE',  ( 2.162999178840607328, 0.5013175801480321825, -1.775495203750135031 ) ) ;
#6636 = EDGE_CURVE ( 'NONE', #2537, #7973, #7475, .T. ) ;
#6637 = DIRECTION ( 'NONE',  ( -0.000000000000000000, -1.000000000000000000, -0.000000000000000000 ) ) ;
#6638 = ORIENTED_EDGE ( 'NONE', *, *, #7672, .F. ) ;
#6639 = ORIENTED_EDGE ( 'NONE', *, *, #2772, .T. ) ;
#6640 = VECTOR ( 'NONE', #2395, 100.0000000000000000 ) ;
#6641 = VECTOR ( 'NONE', #3959, 100.0000000000000000 ) ;
#6642 = DIRECTION ( 'NONE',  ( 0.000000000000000000, 1.000000000000000000, 0.000000000000000000 ) ) ;
#6643 = CARTESIAN_POINT ( 'NONE',  ( 0.1236744067755916054, 0.5560460307591195139, -2.727140668745498875 ) ) ;
#6644 = VECTOR ( 'NONE', #977, 100.0000000000000000 ) ;
#6645 = PERSON_AND_ORGANIZATION ( #969, #9179 ) ;
#6646 = CARTESIAN_POINT ( 'NONE',  ( 1.626345596729062315, 0.8999999999999999112, -1.626345596729056320 ) ) ;
#6647 = DIRECTION ( 'NONE',  ( -0.000000000000000000, -1.000000000000000000, -0.000000000000000000 ) ) ;
#6648 = ORIENTED_EDGE ( 'NONE', *, *, #8924, .T. ) ;
#6649 = B_SPLINE_CURVE_WITH_KNOTS ( 'NONE', 3,
 ( #8842, #7438, #4386, #3767 ),
 .UNSPECIFIED., .F., .F.,
 ( 4, 4 ),
 ( 0.0008222651605038679840, 0.001178257090057694854 ),
 .UNSPECIFIED. ) ;
#6650 = AXIS2_PLACEMENT_3D ( 'NONE', #3826, #217, #4490 ) ;
#6651 = ORIENTED_EDGE ( 'NONE', *, *, #8158, .F. ) ;
#6652 = ADVANCED_FACE ( 'NONE', ( #1747, #5180 ), #4663, .F. ) ;
#6653 = FACE_OUTER_BOUND ( 'NONE', #5067, .T. ) ;
#6654 = EDGE_CURVE ( 'NONE', #4850, #7673, #8792, .T. ) ;
#6655 = DIRECTION ( 'NONE',  ( -0.000000000000000000, 1.000000000000000000, 0.000000000000000000 ) ) ;
#6656 = LINE ( 'NONE', #906, #8568 ) ;
#6657 = CIRCLE ( 'NONE', #2595, 2.100000000000000089 ) ;
#6658 = FACE_OUTER_BOUND ( 'NONE', #6339, .T. ) ;
#6659 = AXIS2_PLACEMENT_3D ( 'NONE', #6487, #7793, #9206 ) ;
#6660 = CARTESIAN_POINT ( 'NONE',  ( 0.000000000000000000, 0.000000000000000000, 0.000000000000000000 ) ) ;
#6661 = CARTESIAN_POINT ( 'NONE',  ( 0.000000000000000000, 0.9000000000000001332, 0.000000000000000000 ) ) ;
#6662 = CARTESIAN_POINT ( 'NONE',  ( -0.8589474700274556396, 0.5013837380188961301, -2.663179691528192450 ) ) ;
#6663 = ORIENTED_EDGE ( 'NONE', *, *, #3229, .T. ) ;
#6664 = ORIENTED_EDGE ( 'NONE', *, *, #5931, .F. ) ;
#6665 = VECTOR ( 'NONE', #6382, 100.0000000000000000 ) ;
#6666 = VERTEX_POINT ( 'NONE', #247 ) ;
#6667 = ORIENTED_EDGE ( 'NONE', *, *, #8799, .T. ) ;
#6668 = VERTEX_POINT ( 'NONE', #3109 ) ;
#6669 = CARTESIAN_POINT ( 'NONE',  ( -2.461564155185417047, 0.5013837380188960191, 1.330796278752337303 ) ) ;
#6670 = CARTESIAN_POINT ( 'NONE',  ( 2.585593199994344449, 0.5571583923664213955, 0.8716099316314303014 ) ) ;
#6671 = CARTESIAN_POINT ( 'NONE',  ( 1.445997286892674927, 0.8000000000000000444, -0.9727922061357825445 ) ) ;
#6672 = CARTESIAN_POINT ( 'NONE',  ( -0.4116107342882132092, 0.5639694227494322920, -2.688714289429701587 ) ) ;
#6673 = CARTESIAN_POINT ( 'NONE',  ( 0.7110864434383731281, 0.5576209917615917444, 2.633666758228482507 ) ) ;
#6674 = VECTOR ( 'NONE', #862, 100.0000000000000000 ) ;
#6675 = ORIENTED_EDGE ( 'NONE', *, *, #6569, .F. ) ;
#6676 = ORIENTED_EDGE ( 'NONE', *, *, #3630, .F. ) ;
#6677 = CARTESIAN_POINT ( 'NONE',  ( 2.212280786742971017, 0.5338837825254068026, 1.646344681506096252 ) ) ;
#6678 = ORIENTED_EDGE ( 'NONE', *, *, #6251, .F. ) ;
#6679 = VERTEX_POINT ( 'NONE', #8184 ) ;
#6680 = CARTESIAN_POINT ( 'NONE',  ( -2.779579779042261389, 0.000000000000000000, 0.3228824516354841245 ) ) ;
#6681 = CARTESIAN_POINT ( 'NONE',  ( -2.485042812503865051, 0.5014441230611188516, -1.286311557466225830 ) ) ;
#6682 = CARTESIAN_POINT ( 'NONE',  ( -0.2874956239882281994, 0.000000000000000000, -2.783462428670878896 ) ) ;
#6683 = CARTESIAN_POINT ( 'NONE',  ( -2.356772047004894954, 0.000000000000000000, 1.413887210115766901 ) ) ;
#6684 = CARTESIAN_POINT ( 'NONE',  ( -2.299999999999999822, 0.000000000000000000, -2.493622752942928889E-14 ) ) ;
#6685 = ORIENTED_EDGE ( 'NONE', *, *, #4154, .T. ) ;
#6686 = VERTEX_POINT ( 'NONE', #5368 ) ;
#6687 = EDGE_CURVE ( 'NONE', #1656, #796, #3019, .T. ) ;
#6688 = EDGE_CURVE ( 'NONE', #3135, #4125, #4193, .T. ) ;
#6689 = ADVANCED_FACE ( 'NONE', ( #3206 ), #1704, .T. ) ;
#6690 = CIRCLE ( 'NONE', #674, 2.100000000000000089 ) ;
#6691 = DIRECTION ( 'NONE',  ( 0.000000000000000000, -0.000000000000000000, 1.000000000000000000 ) ) ;
#6692 = ADVANCED_FACE ( 'NONE', ( #3854 ), #6733, .T. ) ;
#6693 = CARTESIAN_POINT ( 'NONE',  ( -2.556750127584896948, 0.000000000000000000, 0.9282438859800604680 ) ) ;
#6694 = DIRECTION ( 'NONE',  ( 1.000000000000000000, 0.000000000000000000, -0.000000000000000000 ) ) ;
#6695 = CARTESIAN_POINT ( 'NONE',  ( -0.2269036254899476357, 0.5153265304226568588, -2.771582676709169579 ) ) ;
#6696 = ORIENTED_EDGE ( 'NONE', *, *, #6416, .T. ) ;
#6697 = ORIENTED_EDGE ( 'NONE', *, *, #6735, .T. ) ;
#6698 = EDGE_CURVE ( 'NONE', #6367, #8029, #1651, .T. ) ;
#6699 = CARTESIAN_POINT ( 'NONE',  ( -2.777023776278081613, 0.5102758125174865489, 0.2377134831074733390 ) ) ;
#6700 = CARTESIAN_POINT ( 'NONE',  ( -2.356772047004894954, 0.5413165358191147636, 1.413887210115766901 ) ) ;
#6701 = DIRECTION ( 'NONE',  ( -0.7800096398313337565, 0.000000000000000000, -0.6257674981733973851 ) ) ;
#6702 = CARTESIAN_POINT ( 'NONE',  ( 2.474666416565483029, 0.5102758125174865489, -1.282339612110541704 ) ) ;
#6703 = DIRECTION ( 'NONE',  ( 0.6429407905933247624, 0.000000000000000000, 0.7659158829736008034 ) ) ;
#6704 = DIRECTION ( 'NONE',  ( 0.000000000000000000, 0.000000000000000000, -1.000000000000000000 ) ) ;
#6705 = CARTESIAN_POINT ( 'NONE',  ( 1.840928648429303038, 0.5560460307591197360, 2.015830671809811570 ) ) ;
#6706 = ORIENTED_EDGE ( 'NONE', *, *, #882, .F. ) ;
#6707 = ORIENTED_EDGE ( 'NONE', *, *, #6358, .F. ) ;
#6708 = ORIENTED_EDGE ( 'NONE', *, *, #5128, .F. ) ;
#6709 = ORIENTED_EDGE ( 'NONE', *, *, #6654, .T. ) ;
#6710 = ORIENTED_EDGE ( 'NONE', *, *, #1722, .T. ) ;
#6711 = DIRECTION ( 'NONE',  ( 0.000000000000000000, 0.000000000000000000, -1.000000000000000000 ) ) ;
#6712 = CARTESIAN_POINT ( 'NONE',  ( -2.389344037644185015, 0.5204931261908986029, 1.410134187095597680 ) ) ;
#6713 = EDGE_CURVE ( 'NONE', #7194, #8250, #6590, .T. ) ;
#6714 = DIRECTION ( 'NONE',  ( 0.000000000000000000, 1.000000000000000000, 0.000000000000000000 ) ) ;
#6715 = DIRECTION ( 'NONE',  ( -0.000000000000000000, 1.000000000000000000, -0.000000000000000000 ) ) ;
#6716 = CARTESIAN_POINT ( 'NONE',  ( 2.207490408042124042, 0.000000000000000000, -1.722494150469609187 ) ) ;
#6717 = EDGE_CURVE ( 'NONE', #1035, #4010, #5015, .T. ) ;
#6718 = ORIENTED_EDGE ( 'NONE', *, *, #2371, .F. ) ;
#6719 = EDGE_LOOP ( 'NONE', ( #3521, #6663, #1621, #4293 ) ) ;
#6720 = AXIS2_PLACEMENT_3D ( 'NONE', #4346, #2939, #8663 ) ;
#6721 = LINE ( 'NONE', #2957, #8284 ) ;
#6722 = EDGE_CURVE ( 'NONE', #4614, #2011, #2554, .T. ) ;
#6723 = ORIENTED_EDGE ( 'NONE', *, *, #6581, .F. ) ;
#6724 = VERTEX_POINT ( 'NONE', #1887 ) ;
#6725 = CARTESIAN_POINT ( 'NONE',  ( -2.356772047004894954, 0.000000000000000000, 1.313887210115766813 ) ) ;
#6726 = CARTESIAN_POINT ( 'NONE',  ( -2.681603779540944199, 0.5013837380188949089, -0.7995736333737475388 ) ) ;
#6727 = CARTESIAN_POINT ( 'NONE',  ( 1.099587125378899355, 0.8000000000000000444, -1.572792206135783744 ) ) ;
#6728 = DIRECTION ( 'NONE',  ( -0.8773910177833343926, 0.000000000000000000, 0.4797759913888196559 ) ) ;
#6729 = CARTESIAN_POINT ( 'NONE',  ( -0.9271593159764039971, 0.000000000000000000, -2.104845743231120725 ) ) ;
#6730 = AXIS2_PLACEMENT_3D ( 'NONE', #2776, #7193, #614 ) ;
#6731 = ORIENTED_EDGE ( 'NONE', *, *, #4249, .F. ) ;
#6732 = ORIENTED_EDGE ( 'NONE', *, *, #1761, .T. ) ;
#6733 = CYLINDRICAL_SURFACE ( 'NONE', #1345, 0.1000000000000000888 ) ;
#6734 = DIRECTION ( 'NONE',  ( -0.4629747100609458155, 0.000000000000000000, 0.8863714897513248481 ) ) ;
#6735 = EDGE_CURVE ( 'NONE', #6163, #1632, #390, .T. ) ;
#6736 = CARTESIAN_POINT ( 'NONE',  ( 1.737147339532180590, 0.5013837380188952420, -2.193772081687392905 ) ) ;
#6737 = CARTESIAN_POINT ( 'NONE',  ( -1.391518837931608799, 0.4000000000000000222, -1.572792206135783744 ) ) ;
#6738 = VERTEX_POINT ( 'NONE', #6959 ) ;
#6739 = ORIENTED_EDGE ( 'NONE', *, *, #1346, .F. ) ;
#6740 = VECTOR ( 'NONE', #6455, 100.0000000000000000 ) ;
#6741 = FACE_OUTER_BOUND ( 'NONE', #4728, .T. ) ;
#6742 = CARTESIAN_POINT ( 'NONE',  ( 2.783462428670875788, 0.000000000000000000, -0.2874956239882578424 ) ) ;
#6743 = DIRECTION ( 'NONE',  ( 0.000000000000000000, 1.000000000000000000, 0.000000000000000000 ) ) ;
#6744 = DIRECTION ( 'NONE',  ( 0.8863714897513265134, 0.000000000000000000, 0.4629747100609429844 ) ) ;
#6745 = VECTOR ( 'NONE', #1142, 100.0000000000000000 ) ;
#6746 = DIRECTION ( 'NONE',  ( 0.000000000000000000, 1.000000000000000000, 0.000000000000000000 ) ) ;
#6747 = CARTESIAN_POINT ( 'NONE',  ( 2.626503284226967327, 0.000000000000000000, -0.7071693041342361763 ) ) ;
#6748 = DIRECTION ( 'NONE',  ( -0.08853317464705903750, 0.000000000000000000, 0.9960732287271421015 ) ) ;
#6749 = EDGE_CURVE ( 'NONE', #2437, #5215, #4882, .T. ) ;
#6750 = ORIENTED_EDGE ( 'NONE', *, *, #6925, .T. ) ;
#6751 = ORIENTED_EDGE ( 'NONE', *, *, #2075, .F. ) ;
#6752 = ORIENTED_EDGE ( 'NONE', *, *, #6468, .T. ) ;
#6753 = ORIENTED_EDGE ( 'NONE', *, *, #8965, .T. ) ;
#6754 = EDGE_LOOP ( 'NONE', ( #6833, #1734, #5444, #8942, #5293, #7560 ) ) ;
#6755 = DIRECTION ( 'NONE',  ( 0.6245321485348047652, 0.000000000000000000, -0.7809991007974981247 ) ) ;
#6756 = CARTESIAN_POINT ( 'NONE',  ( 1.764915053207594786, 0.5013837380188952420, -2.171495263774711582 ) ) ;
#6757 = CARTESIAN_POINT ( 'NONE',  ( 1.708973553890656971, 0.5252283691287664702, 2.178048827317116132 ) ) ;
#6758 = CARTESIAN_POINT ( 'NONE',  ( 1.258736893808798163, 0.000000000000000000, 2.501116037325053831 ) ) ;
#6759 = DIRECTION ( 'NONE',  ( 0.7809991007974957933, 0.000000000000000000, 0.6245321485348077628 ) ) ;
#6760 = EDGE_LOOP ( 'NONE', ( #5775, #1954, #7199, #2218, #3570, #902, #6469, #6773, #4932, #8481, #7124, #513, #3396, #8210, #942, #1623, #7921, #8448, #2234, #8791, #2301, #3097, #9067, #7315, #1154, #4451, #740, #6894, #2303, #3844, #8506, #3008, #45, #2833, #1435, #2928, #2991, #2259, #5779, #868, #1078, #3739, #6603, #9051, #4365, #5951, #4450, #5809, #225, #2389, #5230, #7905, #7329, #2112, #6074, #7523, #1996, #926, #2897, #6618, #7297, #4511, #4520, #3575, #7205, #8235, #6430, #686, #6390, #9113, #974, #6377, #7357, #6750, #3458, #3245, #827, #8962, #8132, #4680, #3128, #4117, #3293, #7040, #7601, #2289, #6874, #2376, #3307, #5080, #9056, #4113, #6293, #1737, #697, #6855, #7453, #8310, #5952, #2341, #5366, #3873, #2513, #8875, #1335, #5723, #4422, #4965, #8131, #3995, #4577, #8974, #8664, #1419, #2930, #1228, #8926, #4002, #7099, #7384, #6346, #7558, #7144, #4519, #6227, #4749, #7057, #2650, #7433, #6817, #2808, #4279, #254, #6282, #1786, #2755, #1043, #4935, #90, #2034, #3117, #4833, #1385, #35, #6648, #8378, #7174, #8589, #5500, #664, #1144, #4079, #8648, #9093, #6525, #4870, #4787, #8874, #1634, #2186, #2727, #6999, #2865, #2450, #1064, #3584, #1196, #582, #837, #4116, #4807, #8574, #5626, #2954, #3420, #4331, #2905, #7933, #9177, #5189, #4924, #7041, #2151, #2248, #4651, #6238, #5355, #4022, #7495, #9292, #6868, #2714, #6172, #1024, #608, #9149, #8198, #5416, #4624, #7654, #4065, #7600, #1477, #3983, #1316, #6804 ) ) ;
#6761 = AXIS2_PLACEMENT_3D ( 'NONE', #8599, #4432, #3676 ) ;
#6762 = ORIENTED_EDGE ( 'NONE', *, *, #8650, .T. ) ;
#6763 = EDGE_CURVE ( 'NONE', #2637, #7827, #6616, .T. ) ;
#6764 = CARTESIAN_POINT ( 'NONE',  ( 1.235013156857738714, 0.000000000000000000, -1.940294437034823627 ) ) ;
#6765 = ORIENTED_EDGE ( 'NONE', *, *, #9138, .T. ) ;
#6766 = VERTEX_POINT ( 'NONE', #5412 ) ;
#6767 = CARTESIAN_POINT ( 'NONE',  ( -2.576739882529719416, 0.5639694227494319589, -0.8712172545039937877 ) ) ;
#6768 = CARTESIAN_POINT ( 'NONE',  ( -2.691558631681712832, 0.5013837380188951309, -0.7653946419034018955 ) ) ;
#6769 = CIRCLE ( 'NONE', #7656, 0.1000000000000000888 ) ;
#6770 = DIRECTION ( 'NONE',  ( -0.08853317464705903750, 0.000000000000000000, 0.9960732287271421015 ) ) ;
#6771 = DIRECTION ( 'NONE',  ( 0.000000000000000000, 1.000000000000000000, 0.000000000000000000 ) ) ;
#6772 = CARTESIAN_POINT ( 'NONE',  ( -0.1811758727515662692, 0.5639694227494322920, -2.713997647364023269 ) ) ;
#6773 = ORIENTED_EDGE ( 'NONE', *, *, #9078, .T. ) ;
#6774 = ORIENTED_EDGE ( 'NONE', *, *, #7588, .T. ) ;
#6775 = ORIENTED_EDGE ( 'NONE', *, *, #7686, .F. ) ;
#6776 = VECTOR ( 'NONE', #7631, 100.0000000000000000 ) ;
#6777 = CARTESIAN_POINT ( 'NONE',  ( -1.261207873146519054, 0.000000000000000000, 2.385378121632432791 ) ) ;
#6778 = VECTOR ( 'NONE', #5607, 100.0000000000000000 ) ;
#6780 = LINE ( 'NONE', #7577, #8684 ) ;
#6779 = AXIS2_PLACEMENT_3D ( 'NONE', #9015, #9147, #6204 ) ;
#6781 = PLANE ( 'NONE',  #8813 ) ;
#6782 = VERTEX_POINT ( 'NONE', #8276 ) ;
#6783 = VERTEX_POINT ( 'NONE', #1217 ) ;
#6784 = ADVANCED_FACE ( 'NONE', ( #7576 ), #1132, .F. ) ;
#6785 = EDGE_CURVE ( 'NONE', #73, #5202, #2703, .T. ) ;
#6786 = CIRCLE ( 'NONE', #8885, 0.2000000000000000111 ) ;
#6787 = AXIS2_PLACEMENT_3D ( 'NONE', #4581, #214, #6608 ) ;
#6788 = DIRECTION ( 'NONE',  ( -0.8660254037844385966, 0.000000000000000000, -0.5000000000000003331 ) ) ;
#6789 = CARTESIAN_POINT ( 'NONE',  ( 2.576739882529724301, 0.000000000000000000, 0.8712172545039762461 ) ) ;
#6790 = LINE ( 'NONE', #8193, #789 ) ;
#6791 = LINE ( 'NONE', #4006, #8737 ) ;
#6792 = CARTESIAN_POINT ( 'NONE',  ( 0.2374122073125574939, 0.5014441230611187406, -2.788130313788666381 ) ) ;
#6793 = CARTESIAN_POINT ( 'NONE',  ( -1.213118002111943872, 0.5156996681703165386, 2.501809684532763978 ) ) ;
#6794 = VERTEX_POINT ( 'NONE', #6870 ) ;
#6795 = B_SPLINE_CURVE_WITH_KNOTS ( 'NONE', 3,
 ( #8308, #1775, #1824, #5447 ),
 .UNSPECIFIED., .F., .F.,
 ( 4, 4 ),
 ( 0.001041880566062206026, 0.006534622400562566102 ),
 .UNSPECIFIED. ) ;
#6796 = ORIENTED_EDGE ( 'NONE', *, *, #5419, .T. ) ;
#6797 = VECTOR ( 'NONE', #6715, 100.0000000000000000 ) ;
#6798 = DIRECTION ( 'NONE',  ( 8.673617379884027583E-15, 0.000000000000000000, 1.000000000000000000 ) ) ;
#6799 = ADVANCED_FACE ( 'NONE', ( #432 ), #7706, .T. ) ;
#6800 = AXIS2_PLACEMENT_3D ( 'NONE', #864, #6701, #3729 ) ;
#6801 = ADVANCED_FACE ( 'NONE', ( #3289 ), #6168, .T. ) ;
#6802 = ORIENTED_EDGE ( 'NONE', *, *, #426, .T. ) ;
#6803 = EDGE_CURVE ( 'NONE', #8573, #881, #2880, .T. ) ;
#6804 = ORIENTED_EDGE ( 'NONE', *, *, #2285, .T. ) ;
#6805 = CARTESIAN_POINT ( 'NONE',  ( 1.836011441959797041, 0.000000000000000000, 2.006905556262539303 ) ) ;
#6806 = FACE_OUTER_BOUND ( 'NONE', #6064, .T. ) ;
#6807 = VECTOR ( 'NONE', #4656, 100.0000000000000000 ) ;
#6808 = CARTESIAN_POINT ( 'NONE',  ( -2.178425873581372851, 0.5153265304226570809, 1.728472303048584902 ) ) ;
#6809 = DIRECTION ( 'NONE',  ( 0.8766305499217054154, 0.000000000000000000, -0.4811640873381639039 ) ) ;
#6810 = CARTESIAN_POINT ( 'NONE',  ( 0.7747322070848415843, 0.5094003374927407179, 2.678525685088085861 ) ) ;
#6811 = CIRCLE ( 'NONE', #2302, 0.1000000000000000056 ) ;
#6812 = ORIENTED_EDGE ( 'NONE', *, *, #8226, .T. ) ;
#6813 = EDGE_LOOP ( 'NONE', ( #7452, #5021, #3520, #6774 ) ) ;
#6814 = DIRECTION ( 'NONE',  ( -0.000000000000000000, -1.000000000000000000, -0.000000000000000000 ) ) ;
#6815 = EDGE_CURVE ( 'NONE', #2331, #2732, #7100, .T. ) ;
#6816 = ORIENTED_EDGE ( 'NONE', *, *, #3920, .T. ) ;
#6817 = ORIENTED_EDGE ( 'NONE', *, *, #3014, .T. ) ;
#6818 = CARTESIAN_POINT ( 'NONE',  ( 1.264272188000571395, 0.5013176973172515094, -2.496510180834942361 ) ) ;
#6819 = LINE ( 'NONE', #381, #7508 ) ;
#6820 = CARTESIAN_POINT ( 'NONE',  ( -2.171495263774692486, 0.5013837380188957971, -1.764915053207617435 ) ) ;
#6821 = CARTESIAN_POINT ( 'NONE',  ( 1.202864601265590139, 0.000000000000000000, -2.528461340622429443 ) ) ;
#6822 = CARTESIAN_POINT ( 'NONE',  ( -1.099587125378900465, 0.8000000000000000444, 1.572792206135783299 ) ) ;
#6823 = ORIENTED_EDGE ( 'NONE', *, *, #6967, .T. ) ;
#6824 = AXIS2_PLACEMENT_3D ( 'NONE', #1912, #6814, #3939 ) ;
#6825 = EDGE_LOOP ( 'NONE', ( #8923, #5011, #4747, #9123 ) ) ;
#6826 = VERTEX_POINT ( 'NONE', #5780 ) ;
#6827 = DIRECTION ( 'NONE',  ( 0.000000000000000000, 1.000000000000000000, 0.000000000000000000 ) ) ;
#6828 = CARTESIAN_POINT ( 'NONE',  ( 2.502539722507895803, 0.5101996115923976838, 1.227270691418568482 ) ) ;
#6829 = EDGE_CURVE ( 'NONE', #2502, #678, #4, .T. ) ;
#6830 = PLANE ( 'NONE',  #5245 ) ;
#6831 = DIRECTION ( 'NONE',  ( -0.000000000000000000, 1.000000000000000000, -0.000000000000000000 ) ) ;
#6832 = ADVANCED_FACE ( 'NONE', ( #5069 ), #609, .T. ) ;
#6833 = ORIENTED_EDGE ( 'NONE', *, *, #3587, .T. ) ;
#6834 = AXIS2_PLACEMENT_3D ( 'NONE', #3255, #8240, #6921 ) ;
#6835 = CARTESIAN_POINT ( 'NONE',  ( 2.693882757849933363, 0.5101996115923987940, 0.7154677488914077399 ) ) ;
#6836 = EDGE_CURVE ( 'NONE', #4011, #269, #6347, .T. ) ;
#6837 = CARTESIAN_POINT ( 'NONE',  ( 1.737147339532180590, 0.5013837380188952420, -2.193772081687392905 ) ) ;
#6838 = DIRECTION ( 'NONE',  ( -0.000000000000000000, 1.000000000000000000, -0.000000000000000000 ) ) ;
#6839 = DIRECTION ( 'NONE',  ( 0.000000000000000000, 0.000000000000000000, 1.000000000000000000 ) ) ;
#6840 = CARTESIAN_POINT ( 'NONE',  ( -2.796310035629890667, 0.000000000000000000, -0.1437017210598278416 ) ) ;
#6841 = FACE_OUTER_BOUND ( 'NONE', #7635, .T. ) ;
#6842 = LOCAL_TIME ( 23, 20, 42.00000000000000000, #65 ) ;
#6843 = ORIENTED_EDGE ( 'NONE', *, *, #6416, .F. ) ;
#6844 = ORIENTED_EDGE ( 'NONE', *, *, #255, .F. ) ;
#6845 = FACE_OUTER_BOUND ( 'NONE', #9267, .T. ) ;
#6846 = DIRECTION ( 'NONE',  ( -0.7800096398313399737, 0.000000000000000000, -0.6257674981733897246 ) ) ;
#6847 = EDGE_CURVE ( 'NONE', #1787, #5248, #7048, .T. ) ;
#6848 = CARTESIAN_POINT ( 'NONE',  ( -1.610155365304530406, 0.5639694227494324030, 2.192260848153289476 ) ) ;
#6849 = DIRECTION ( 'NONE',  ( -0.000000000000000000, -1.000000000000000000, -0.000000000000000000 ) ) ;
#6850 = DIRECTION ( 'NONE',  ( 0.000000000000000000, 0.000000000000000000, 1.000000000000000000 ) ) ;
#6851 = FACE_OUTER_BOUND ( 'NONE', #8160, .T. ) ;
#6852 = VERTEX_POINT ( 'NONE', #6391 ) ;
#6853 = EDGE_CURVE ( 'NONE', #3953, #4876, #4174, .T. ) ;
#6854 = EDGE_CURVE ( 'NONE', #6826, #4636, #7936, .T. ) ;
#6855 = ORIENTED_EDGE ( 'NONE', *, *, #1272, .F. ) ;
#6856 = CARTESIAN_POINT ( 'NONE',  ( -2.109115993523964061, 0.5041054793670659562, 1.833873811052074254 ) ) ;
#6857 = ORIENTED_EDGE ( 'NONE', *, *, #934, .T. ) ;
#6858 = ORIENTED_EDGE ( 'NONE', *, *, #2041, .F. ) ;
#6859 = DIRECTION ( 'NONE',  ( 0.8660254037844390407, 0.000000000000000000, -0.4999999999999993339 ) ) ;
#6860 = CARTESIAN_POINT ( 'NONE',  ( 0.2765890575571408050, 0.5017884457821294442, 2.784058973958860594 ) ) ;
#6861 = DIRECTION ( 'NONE',  ( 0.000000000000000000, 1.000000000000000000, 0.000000000000000000 ) ) ;
#6862 = LINE ( 'NONE', #5536, #6807 ) ;
#6863 = DIRECTION ( 'NONE',  ( 0.000000000000000000, 0.000000000000000000, 1.000000000000000000 ) ) ;
#6864 = ORIENTED_EDGE ( 'NONE', *, *, #7744, .T. ) ;
#6865 = EDGE_CURVE ( 'NONE', #2497, #3874, #2764, .T. ) ;
#6866 = ORIENTED_EDGE ( 'NONE', *, *, #6785, .T. ) ;
#6867 = VECTOR ( 'NONE', #1760, 100.0000000000000000 ) ;
#6868 = ORIENTED_EDGE ( 'NONE', *, *, #5959, .F. ) ;
#6869 = DIRECTION ( 'NONE',  ( -0.000000000000000000, 1.000000000000000000, 0.000000000000000000 ) ) ;
#6870 = CARTESIAN_POINT ( 'NONE',  ( -2.299432410651858660, 0.000000000000000000, 0.05109392178900629133 ) ) ;
#6871 = CIRCLE ( 'NONE', #5516, 2.100000000000000089 ) ;
#6872 = CYLINDRICAL_SURFACE ( 'NONE', #8094, 0.1000000000000000888 ) ;
#6873 = CARTESIAN_POINT ( 'NONE',  ( -1.277811535945102106, 0.8999999999999998002, 1.912380108295842707 ) ) ;
#6874 = ORIENTED_EDGE ( 'NONE', *, *, #4253, .F. ) ;
#6875 = EDGE_CURVE ( 'NONE', #6766, #5125, #6018, .T. ) ;
#6876 = CARTESIAN_POINT ( 'NONE',  ( 1.362003618849591646, 0.5013837380188954640, 2.444435101997061377 ) ) ;
#6877 = CLOSED_SHELL ( 'NONE', ( #2867, #3829, #7649, #4032, #8438, #4615, #7968, #7272, #1991, #6500, #6692, #4997, #3775, #6237, #1522, #3174, #4566, #2253, #4788, #5246, #2249, #8773, #6146, #938, #2494, #6454, #1685, #6273, #562, #6784, #6652, #2970, #4143, #6101, #1865, #3972, #9135, #8921, #2602, #2780, #3771, #3304, #2647, #7723, #3853, #7937, #5307, #1908, #2820, #5702, #8587, #4472, #5369, #2933, #8777, #2802, #7335, #2648, #3232, #3922, #376, #1964, #8179, #3380, #5429, #1646, #8610, #7401, #391, #3125, #7964, #9139, #2099, #1039, #1104, #2246, #5268, #729, #6689, #481, #705, #3632, #3189, #4445, #4752, #5907, #5004, #1736, #2111, #4569, #5935, #1935, #7808, #29, #7586, #7910, #172, #5160, #4916, #2321, #7846, #6162, #4029, #7305, #2766, #3572, #1317, #9152, #17, #4727, #8485, #6235, #2359, #579, #2542, #1216, #3372, #8277, #7659, #6599, #8231, #4841, #4523, #2793, #9274, #3695, #4618, #81, #533, #4591, #8647, #7076, #1433, #727, #5998, #5518, #835, #6495, #8728, #8743, #8309, #3749, #7551, #3899, #7540, #3176, #3984, #4156, #4626, #7496, #8794, #6994, #5109, #4822, #2998, #2590, #6801, #8881, #7645, #6832, #8845, #5613, #6340, #7650, #7013, #4347, #6222, #8808, #2634, #4726, #1349, #4587, #1910, #5034, #1962, #454, #310, #2352, #3095, #4759, #9076, #4755, #1139, #5615, #5181, #246, #6516, #164, #6799, #5313, #3952, #2512, #8025, #3290, #3745, #3665, #6115, #8058, #1069, #4596, #2490, #5235, #8462, #6913, #4819, #3998, #6394, #4194, #2550, #1017, #2588, #8523, #7996, #1106, #585, #2917, #3862, #4866, #1502, #8257, #1713, #4299, #272, #4694, #9102, #6622, #3786, #9031, #5408, #1965, #5007, #1051, #7259, #2946, #1155, #8253, #1253, #8706, #2942, #4180, #3302, #3560, #4026, #1411, #1699, #7866, #1274, #8197, #1179, #988, #7942, #1382, #990, #8624, #7711, #3591, #337, #6512, #3875, #1556, #4442, #4356, #7896 ) ) ;
#6878 = DIRECTION ( 'NONE',  ( 0.000000000000000000, 0.000000000000000000, 1.000000000000000000 ) ) ;
#6879 = CARTESIAN_POINT ( 'NONE',  ( -0.7374309401609251413, 0.5043207825269405697, 2.695548052135197548 ) ) ;
#6880 = CARTESIAN_POINT ( 'NONE',  ( 1.445997286892675371, 0.8000000000000000444, 1.572792206135783299 ) ) ;
#6881 = DIRECTION ( 'NONE',  ( 0.000000000000000000, 0.000000000000000000, 1.000000000000000000 ) ) ;
#6882 = VERTEX_POINT ( 'NONE', #3668 ) ;
#6883 = DIRECTION ( 'NONE',  ( -0.2796370174246792795, 0.000000000000000000, 0.9601057954651817106 ) ) ;
#6884 = CIRCLE ( 'NONE', #2828, 0.1000000000000000888 ) ;
#6885 = VERTEX_POINT ( 'NONE', #94 ) ;
#6886 = CARTESIAN_POINT ( 'NONE',  ( 1.812718732419745571, 0.5013837380188957971, 2.131752242351188098 ) ) ;
#6887 = FACE_OUTER_BOUND ( 'NONE', #2853, .T. ) ;
#6888 = CARTESIAN_POINT ( 'NONE',  ( -2.162999178840619319, 0.5013175801480318494, 1.775495203750119710 ) ) ;
#6889 = CARTESIAN_POINT ( 'NONE',  ( -0.8249980577171927010, 0.000000000000000000, -2.673891364733733234 ) ) ;
#6890 = DIRECTION ( 'NONE',  ( 0.000000000000000000, 1.000000000000000000, 0.000000000000000000 ) ) ;
#6891 = ORIENTED_EDGE ( 'NONE', *, *, #1801, .T. ) ;
#6892 = AXIS2_PLACEMENT_3D ( 'NONE', #3568, #5737, #8595 ) ;
#6893 = EDGE_CURVE ( 'NONE', #733, #3377, #2250, .T. ) ;
#6894 = ORIENTED_EDGE ( 'NONE', *, *, #8074, .F. ) ;
#6895 = CARTESIAN_POINT ( 'NONE',  ( 0.8584207641587640047, 0.6763576274057357951, -2.432768523710430397 ) ) ;
#6896 = EDGE_CURVE ( 'NONE', #6247, #6097, #4926, .T. ) ;
#6897 = VERTEX_POINT ( 'NONE', #4222 ) ;
#6898 = VERTEX_POINT ( 'NONE', #9293 ) ;
#6899 = LINE ( 'NONE', #3321, #2085 ) ;
#6900 = DIRECTION ( 'NONE',  ( -0.4999999999999994449, 0.000000000000000000, 0.8660254037844389297 ) ) ;
#6901 = VECTOR ( 'NONE', #3034, 100.0000000000000000 ) ;
#6902 = CARTESIAN_POINT ( 'NONE',  ( -2.779579779042261389, 0.5013837380188957971, 0.3228824516354841245 ) ) ;
#6903 = CARTESIAN_POINT ( 'NONE',  ( -2.245281531994575808, 0.000000000000000000, 0.4987091758571255973 ) ) ;
#6904 = CARTESIAN_POINT ( 'NONE',  ( 2.404883219857416154, 0.000000000000000000, -1.434063003793146995 ) ) ;
#6905 = AXIS2_PLACEMENT_3D ( 'NONE', #7388, #203, #3070 ) ;
#6906 = ORIENTED_EDGE ( 'NONE', *, *, #8228, .F. ) ;
#6907 = VERTEX_POINT ( 'NONE', #3522 ) ;
#6908 = ORIENTED_EDGE ( 'NONE', *, *, #5987, .T. ) ;
#6909 = DIRECTION ( 'NONE',  ( 0.000000000000000000, 1.000000000000000000, 0.000000000000000000 ) ) ;
#6910 = VECTOR ( 'NONE', #6900, 100.0000000000000284 ) ;
#6911 = EDGE_CURVE ( 'NONE', #210, #3861, #2812, .T. ) ;
#6912 = CARTESIAN_POINT ( 'NONE',  ( 2.490520000137338652, 0.5013837380188946868, 1.275784838658418074 ) ) ;
#6913 = ADVANCED_FACE ( 'NONE', ( #5026 ), #7188, .T. ) ;
#6914 = CYLINDRICAL_SURFACE ( 'NONE', #2447, 0.1000000000000000888 ) ;
#6915 = CARTESIAN_POINT ( 'NONE',  ( -0.7995736333737388790, 0.5013837380188949089, 2.681603779540946864 ) ) ;
#6916 = CARTESIAN_POINT ( 'NONE',  ( 0.3984848430396382701, 0.000000000000000000, -2.265217391304347405 ) ) ;
#6917 = CIRCLE ( 'NONE', #1508, 2.299999999999999822 ) ;
#6918 = ORIENTED_EDGE ( 'NONE', *, *, #6896, .T. ) ;
#6919 = DIRECTION ( 'NONE',  ( 0.000000000000000000, 1.000000000000000000, 0.000000000000000000 ) ) ;
#6920 = VECTOR ( 'NONE', #5323, 100.0000000000000000 ) ;
#6921 = DIRECTION ( 'NONE',  ( 0.000000000000000000, 0.000000000000000000, 1.000000000000000000 ) ) ;
#6922 = FACE_OUTER_BOUND ( 'NONE', #7237, .T. ) ;
#6923 = CARTESIAN_POINT ( 'NONE',  ( -2.770614537425463375, 0.000000000000000000, 0.4045924925238766900 ) ) ;
#6924 = DIRECTION ( 'NONE',  ( -0.000000000000000000, -1.000000000000000000, -0.000000000000000000 ) ) ;
#6925 = EDGE_CURVE ( 'NONE', #6385, #1920, #5554, .T. ) ;
#6926 = ORIENTED_EDGE ( 'NONE', *, *, #8724, .T. ) ;
#6927 = EDGE_CURVE ( 'NONE', #7481, #4912, #7987, .T. ) ;
#6928 = CIRCLE ( 'NONE', #7234, 2.100000000000000089 ) ;
#6929 = AXIS2_PLACEMENT_3D ( 'NONE', #6619, #2428, #5957 ) ;
#6930 = CARTESIAN_POINT ( 'NONE',  ( 0.8801718944396935695, 0.9000000000000004663, 2.124922924775964006 ) ) ;
#6931 = ORIENTED_EDGE ( 'NONE', *, *, #7262, .F. ) ;
#6932 = CARTESIAN_POINT ( 'NONE',  ( 1.409205145698862793, 0.5639694227494322920, 2.326531492178988803 ) ) ;
#6933 = AXIS2_PLACEMENT_3D ( 'NONE', #5475, #3165, #8331 ) ;
#6934 = DIRECTION ( 'NONE',  ( -0.9531793558308927494, 0.000000000000000000, 0.3024055482589637078 ) ) ;
#6935 = CARTESIAN_POINT ( 'NONE',  ( -2.167508264414609975, 0.5484516897053791640, 1.675244370858059328 ) ) ;
#6936 = CARTESIAN_POINT ( 'NONE',  ( 1.272792206135787918, 1.000000000000000000, 1.272792206135783255 ) ) ;
#6937 = CARTESIAN_POINT ( 'NONE',  ( -1.589815391877634765, 0.9000000000000001332, 1.662073109026483753 ) ) ;
#6938 = CIRCLE ( 'NONE', #3793, 0.2000000000000000111 ) ;
#6939 = ORIENTED_EDGE ( 'NONE', *, *, #7759, .F. ) ;
#6940 = EDGE_CURVE ( 'NONE', #4258, #5794, #1595, .T. ) ;
#6941 = CIRCLE ( 'NONE', #5742, 2.100000000000000089 ) ;
#6942 = VERTEX_POINT ( 'NONE', #3754 ) ;
#6943 = CARTESIAN_POINT ( 'NONE',  ( -2.788834533468466326, 0.5032341246880200902, -0.1997812777913245408 ) ) ;
#6944 = AXIS2_PLACEMENT_3D ( 'NONE', #6903, #1259, #1781 ) ;
#6945 = EDGE_CURVE ( 'NONE', #998, #3356, #5264, .T. ) ;
#6946 = ORIENTED_EDGE ( 'NONE', *, *, #2075, .T. ) ;
#6947 = ORIENTED_EDGE ( 'NONE', *, *, #6211, .T. ) ;
#6948 = FACE_OUTER_BOUND ( 'NONE', #1463, .T. ) ;
#6949 = CARTESIAN_POINT ( 'NONE',  ( 0.05109392178901479842, 0.000000000000000000, 2.299432410651858216 ) ) ;
#6950 = CARTESIAN_POINT ( 'NONE',  ( -2.578516205740089440, 0.6763576274043439085, -0.08064164581543031840 ) ) ;
#6951 = LINE ( 'NONE', #1125, #3649 ) ;
#6952 = VECTOR ( 'NONE', #2803, 100.0000000000000000 ) ;
#6953 = LINE ( 'NONE', #6904, #2718 ) ;
#6954 = ORIENTED_EDGE ( 'NONE', *, *, #5556, .T. ) ;
#6955 = VERTEX_POINT ( 'NONE', #5216 ) ;
#6956 = EDGE_LOOP ( 'NONE', ( #4465, #6306, #7969, #8076 ) ) ;
#6957 = AXIS2_PLACEMENT_3D ( 'NONE', #8427, #7168, #8518 ) ;
#6958 = DIRECTION ( 'NONE',  ( 0.000000000000000000, 0.000000000000000000, 1.000000000000000000 ) ) ;
#6959 = CARTESIAN_POINT ( 'NONE',  ( -1.812718732419731360, 0.5013837380188954640, -2.131752242351200533 ) ) ;
#6960 = DIRECTION ( 'NONE',  ( -1.000000000000000000, 0.000000000000000000, -0.000000000000000000 ) ) ;
#6961 = CARTESIAN_POINT ( 'NONE',  ( -0.8235926953539693951, 0.5032447133622979241, 2.671915601691743802 ) ) ;
#6962 = CARTESIAN_POINT ( 'NONE',  ( -1.618640630225660626, 0.5553436467971791801, 2.199406647215189636 ) ) ;
#6963 = VERTEX_POINT ( 'NONE', #6631 ) ;
#6964 = EDGE_CURVE ( 'NONE', #8449, #3286, #3194, .T. ) ;
#6965 = EDGE_CURVE ( 'NONE', #6679, #3661, #6769, .T. ) ;
#6966 = EDGE_CURVE ( 'NONE', #4167, #8108, #7958, .T. ) ;
#6967 = EDGE_CURVE ( 'NONE', #299, #7531, #4606, .T. ) ;
#6968 = EDGE_CURVE ( 'NONE', #5646, #8479, #3893, .T. ) ;
#6969 = FACE_OUTER_BOUND ( 'NONE', #4237, .T. ) ;
#6970 = ORIENTED_EDGE ( 'NONE', *, *, #304, .F. ) ;
#6971 = CARTESIAN_POINT ( 'NONE',  ( 1.836970198721030057E-17, 0.4000000000000000222, -1.750000000000000222 ) ) ;
#6972 = CARTESIAN_POINT ( 'NONE',  ( -0.2255907582982731308, 0.000000000000000000, 2.789162174454038023 ) ) ;
#6973 = LINE ( 'NONE', #7158, #7628 ) ;
#6974 = CARTESIAN_POINT ( 'NONE',  ( -1.113231976729062822, 0.6763576274005885791, -2.327222263625915666 ) ) ;
#6975 = EDGE_CURVE ( 'NONE', #8742, #2399, #3059, .T. ) ;
#6976 = ORIENTED_EDGE ( 'NONE', *, *, #8454, .T. ) ;
#6977 = CARTESIAN_POINT ( 'NONE',  ( -2.124922924775968447, 0.000000000000000000, 0.8801718944396843547 ) ) ;
#6978 = CARTESIAN_POINT ( 'NONE',  ( 1.282679870018530011, 0.000000000000000000, 2.373901100193242630 ) ) ;
#6979 = ORIENTED_EDGE ( 'NONE', *, *, #5010, .T. ) ;
#6980 = CARTESIAN_POINT ( 'NONE',  ( 1.272792206135787918, 0.8000000000000000444, -1.472792206135783433 ) ) ;
#6981 = VECTOR ( 'NONE', #2924, 100.0000000000000000 ) ;
#6982 = CARTESIAN_POINT ( 'NONE',  ( 1.445997286892675371, 0.4000000000000000222, 1.572792206135783299 ) ) ;
#6983 = CARTESIAN_POINT ( 'NONE',  ( -2.688714289429699811, 0.5639694227494327361, 0.4116107342882222575 ) ) ;
#6984 = CARTESIAN_POINT ( 'NONE',  ( -1.261149695648427826, 0.5012997855789436130, 2.498134853898697827 ) ) ;
#6985 = PLANE ( 'NONE',  #5133 ) ;
#6986 = ORIENTED_EDGE ( 'NONE', *, *, #8178, .T. ) ;
#6987 = ORIENTED_EDGE ( 'NONE', *, *, #4865, .T. ) ;
#6988 = LINE ( 'NONE', #4301, #2752 ) ;
#6989 = EDGE_CURVE ( 'NONE', #8271, #2188, #1197, .T. ) ;
#6990 = ORIENTED_EDGE ( 'NONE', *, *, #1682, .F. ) ;
#6991 = ORIENTED_EDGE ( 'NONE', *, *, #2397, .F. ) ;
#6992 = DIRECTION ( 'NONE',  ( 0.000000000000000000, 1.000000000000000000, 0.000000000000000000 ) ) ;
#6993 = CARTESIAN_POINT ( 'NONE',  ( -1.445997286892676481, 0.4000000000000000222, -1.572792206135783744 ) ) ;
#6994 = ADVANCED_FACE ( 'NONE', ( #3009 ), #2488, .T. ) ;
#6995 = DIRECTION ( 'NONE',  ( 0.000000000000000000, 0.000000000000000000, 1.000000000000000000 ) ) ;
#6996 = DIRECTION ( 'NONE',  ( 0.000000000000000000, 0.000000000000000000, -1.000000000000000000 ) ) ;
#6997 = CARTESIAN_POINT ( 'NONE',  ( 2.556750127584888954, 0.5639694227494328471, -0.9282438859800792308 ) ) ;
#6998 = ORIENTED_EDGE ( 'NONE', *, *, #7757, .T. ) ;
#6999 = ORIENTED_EDGE ( 'NONE', *, *, #3159, .F. ) ;
#7000 = ORIENTED_EDGE ( 'NONE', *, *, #1951, .T. ) ;
#7001 = EDGE_CURVE ( 'NONE', #4439, #125, #2304, .T. ) ;
#7002 = CARTESIAN_POINT ( 'NONE',  ( 0.9263820446220115690, 0.8000000000000000444, -1.272792206135783477 ) ) ;
#7003 = VERTEX_POINT ( 'NONE', #8126 ) ;
#7004 = DIRECTION ( 'NONE',  ( 0.000000000000000000, 0.000000000000000000, 1.000000000000000000 ) ) ;
#7005 = FACE_OUTER_BOUND ( 'NONE', #6521, .T. ) ;
#7006 = DIRECTION ( 'NONE',  ( 0.000000000000000000, 0.000000000000000000, -1.000000000000000000 ) ) ;
#7007 = CARTESIAN_POINT ( 'NONE',  ( 0.000000000000000000, 0.4000000000000000222, -2.100000000000000089 ) ) ;
#7008 = DIRECTION ( 'NONE',  ( -0.000000000000000000, 1.000000000000000000, -0.000000000000000000 ) ) ;
#7009 = EDGE_LOOP ( 'NONE', ( #7232, #3872, #5776, #102 ) ) ;
#7010 = CIRCLE ( 'NONE', #8212, 0.1000000000000000888 ) ;
#7011 = DIRECTION ( 'NONE',  ( 6.938893903907222067E-15, 0.000000000000000000, 1.000000000000000000 ) ) ;
#7012 = ORIENTED_EDGE ( 'NONE', *, *, #98, .T. ) ;
#7013 = ADVANCED_FACE ( 'NONE', ( #1692 ), #1740, .T. ) ;
#7014 = LINE ( 'NONE', #3434, #1575 ) ;
#7015 = CARTESIAN_POINT ( 'NONE',  ( -0.7374309401609248082, 0.000000000000000000, 2.695548052135197548 ) ) ;
#7016 = CARTESIAN_POINT ( 'NONE',  ( -2.643604787931979949, 0.5484516897053782758, 0.7182544838846240953 ) ) ;
#7017 = CARTESIAN_POINT ( 'NONE',  ( 0.5821356961071031400, 0.6763576274005856925, -2.513238335225321585 ) ) ;
#7018 = CARTESIAN_POINT ( 'NONE',  ( -2.155950649801658958, 0.5639694227494325141, 1.658458538036013508 ) ) ;
#7019 = CARTESIAN_POINT ( 'NONE',  ( -2.578525685088091546, 0.000000000000000000, 0.7949084059125505197 ) ) ;
#7020 = ORIENTED_EDGE ( 'NONE', *, *, #4497, .T. ) ;
#7021 = CARTESIAN_POINT ( 'NONE',  ( 1.362003618849591646, 0.000000000000000000, 2.444435101997061377 ) ) ;
#7022 = LINE ( 'NONE', #7126, #3461 ) ;
#7023 = EDGE_CURVE ( 'NONE', #50, #8914, #7331, .T. ) ;
#7024 = CARTESIAN_POINT ( 'NONE',  ( 0.000000000000000000, 0.4000000000000000222, -1.600000000000000089 ) ) ;
#7025 = FACE_OUTER_BOUND ( 'NONE', #8770, .T. ) ;
#7026 = DIRECTION ( 'NONE',  ( -0.4999999999999998335, 0.000000000000000000, 0.8660254037844388186 ) ) ;
#7027 = ORIENTED_EDGE ( 'NONE', *, *, #4198, .F. ) ;
#7028 = CIRCLE ( 'NONE', #6139, 0.09999999999999992228 ) ;
#7029 = VECTOR ( 'NONE', #70, 100.0000000000000000 ) ;
#7030 = PLANE ( 'NONE',  #4257 ) ;
#7031 = VERTEX_POINT ( 'NONE', #3806 ) ;
#7032 = VERTEX_POINT ( 'NONE', #6680 ) ;
#7033 = DIRECTION ( 'NONE',  ( 0.000000000000000000, 0.000000000000000000, -1.000000000000000000 ) ) ;
#7034 = CARTESIAN_POINT ( 'NONE',  ( 0.8151164421322768527, 0.5013310094088505586, 2.677009198878284479 ) ) ;
#7035 = CARTESIAN_POINT ( 'NONE',  ( -0.05109392178899865855, 0.000000000000000000, -2.299432410651859104 ) ) ;
#7036 = DIRECTION ( 'NONE',  ( -1.387778780781444413E-14, 0.000000000000000000, 1.000000000000000000 ) ) ;
#7037 = CARTESIAN_POINT ( 'NONE',  ( -0.2168951061243597489, 0.000000000000000000, 2.689540963694128095 ) ) ;
#7038 = VECTOR ( 'NONE', #3024, 100.0000000000000142 ) ;
#7039 = EDGE_CURVE ( 'NONE', #1396, #6163, #3773, .T. ) ;
#7040 = ORIENTED_EDGE ( 'NONE', *, *, #2438, .T. ) ;
#7041 = ORIENTED_EDGE ( 'NONE', *, *, #2646, .T. ) ;
#7042 = B_SPLINE_CURVE_WITH_KNOTS ( 'NONE', 3,
 ( #619, #9164, #4800, #9213, #9077, #4235, #6400, #2115, #525, #2779 ),
 .UNSPECIFIED., .F., .F.,
 ( 4, 2, 2, 2, 4 ),
 ( 0.000000000000000000, 0.0003831395918291012484, 0.0007662791836582024969, 0.001149418775487303854, 0.001532558367316404994 ),
 .UNSPECIFIED. ) ;
#7043 = ORIENTED_EDGE ( 'NONE', *, *, #7063, .F. ) ;
#7044 = EDGE_CURVE ( 'NONE', #2702, #3076, #6034, .T. ) ;
#7045 = LINE ( 'NONE', #561, #3475 ) ;
#7046 = VECTOR ( 'NONE', #5204, 100.0000000000000000 ) ;
#7047 = ORIENTED_EDGE ( 'NONE', *, *, #3888, .F. ) ;
#7048 = LINE ( 'NONE', #4319, #4944 ) ;
#7049 = VECTOR ( 'NONE', #894, 100.0000000000000000 ) ;
#7050 = DIRECTION ( 'NONE',  ( 0.4797759913888228755, 0.000000000000000000, 0.8773910177833325053 ) ) ;
#7051 = DIRECTION ( 'NONE',  ( 0.000000000000000000, 0.000000000000000000, -1.000000000000000000 ) ) ;
#7052 = DIRECTION ( 'NONE',  ( 0.7648973044904290308, 0.000000000000000000, -0.6441522441032677682 ) ) ;
#7053 = CYLINDRICAL_SURFACE ( 'NONE', #3747, 0.1000000000000000888 ) ;
#7054 = ORIENTED_EDGE ( 'NONE', *, *, #6654, .F. ) ;
#7055 = VECTOR ( 'NONE', #2156, 100.0000000000000142 ) ;
#7056 = LINE ( 'NONE', #7800, #3616 ) ;
#7057 = ORIENTED_EDGE ( 'NONE', *, *, #3555, .F. ) ;
#7058 = DIRECTION ( 'NONE',  ( -0.9963484908384468985, 0.000000000000000000, -0.08537965099453934115 ) ) ;
#7059 = AXIS2_PLACEMENT_3D ( 'NONE', #2092, #8628, #3511 ) ;
#7060 = CARTESIAN_POINT ( 'NONE',  ( 0.2765890575571408050, 0.5017884457821294442, 2.784058973958860594 ) ) ;
#7061 = DIRECTION ( 'NONE',  ( 0.000000000000000000, 0.000000000000000000, 1.000000000000000000 ) ) ;
#7062 = DIRECTION ( 'NONE',  ( -0.000000000000000000, 1.000000000000000000, -0.000000000000000000 ) ) ;
#7063 = EDGE_CURVE ( 'NONE', #655, #3445, #1257, .T. ) ;
#7064 = B_SPLINE_CURVE_WITH_KNOTS ( 'NONE', 3,
 ( #5094, #865, #7961, #3869 ),
 .UNSPECIFIED., .F., .F.,
 ( 4, 4 ),
 ( 0.0008222137542758336561, 0.001178205683829654021 ),
 .UNSPECIFIED. ) ;
#7065 = DIRECTION ( 'NONE',  ( -0.000000000000000000, 1.000000000000000000, -0.000000000000000000 ) ) ;
#7066 = AXIS2_PLACEMENT_3D ( 'NONE', #2835, #6460, #2134 ) ;
#7067 = DIRECTION ( 'NONE',  ( -0.4811640873381673456, 0.000000000000000000, -0.8766305499217037500 ) ) ;
#7068 = VECTOR ( 'NONE', #8558, 100.0000000000000000 ) ;
#7069 = ORIENTED_EDGE ( 'NONE', *, *, #9060, .T. ) ;
#7070 = LINE ( 'NONE', #1424, #2433 ) ;
#7071 = DIRECTION ( 'NONE',  ( -0.000000000000000000, -1.000000000000000000, -0.000000000000000000 ) ) ;
#7072 = DIRECTION ( 'NONE',  ( 0.000000000000000000, 0.000000000000000000, 1.000000000000000000 ) ) ;
#7073 = LINE ( 'NONE', #6462, #3940 ) ;
#7074 = DIRECTION ( 'NONE',  ( -0.000000000000000000, -1.000000000000000000, -0.000000000000000000 ) ) ;
#7075 = AXIS2_PLACEMENT_3D ( 'NONE', #889, #3758, #6073 ) ;
#7076 = ADVANCED_FACE ( 'NONE', ( #6241 ), #5361, .T. ) ;
#7077 = ORIENTED_EDGE ( 'NONE', *, *, #593, .F. ) ;
#7078 = CIRCLE ( 'NONE', #8281, 0.1000000000000000888 ) ;
#7079 = EDGE_CURVE ( 'NONE', #3861, #2426, #1753, .T. ) ;
#7080 = EDGE_CURVE ( 'NONE', #63, #4867, #9059, .T. ) ;
#7081 = CARTESIAN_POINT ( 'NONE',  ( 0.1811758727515853096, 0.5639694227494325141, 2.713997647364021493 ) ) ;
#7082 = ORIENTED_EDGE ( 'NONE', *, *, #6763, .F. ) ;
#7083 = ORIENTED_EDGE ( 'NONE', *, *, #3402, .F. ) ;
#7084 = CARTESIAN_POINT ( 'NONE',  ( 0.7529345773185134316, 0.5013176973172513984, -2.695187706012785345 ) ) ;
#7085 = VECTOR ( 'NONE', #3776, 100.0000000000000000 ) ;
#7086 = CARTESIAN_POINT ( 'NONE',  ( 0.8049494488024881989, 0.5025227349729162185, 2.678525685088086750 ) ) ;
#7087 = CIRCLE ( 'NONE', #9033, 2.299999999999999822 ) ;
#7088 = CYLINDRICAL_SURFACE ( 'NONE', #4093, 0.1000000000000000888 ) ;
#7089 = CARTESIAN_POINT ( 'NONE',  ( -1.345180208849325432, 0.5102758125174867709, 2.441077417818810158 ) ) ;
#7090 = CARTESIAN_POINT ( 'NONE',  ( -1.626345596729073639, 0.000000000000000000, 1.626345596729044107 ) ) ;
#7091 = ORIENTED_EDGE ( 'NONE', *, *, #7796, .F. ) ;
#7092 = ORIENTED_EDGE ( 'NONE', *, *, #8387, .T. ) ;
#7093 = EDGE_CURVE ( 'NONE', #5856, #8215, #5534, .T. ) ;
#7094 = AXIS2_PLACEMENT_3D ( 'NONE', #9238, #1343, #2804 ) ;
#7095 = CARTESIAN_POINT ( 'NONE',  ( -2.778918731282062904, 0.000000000000000000, -0.3429441425796467824 ) ) ;
#7096 = B_SPLINE_CURVE_WITH_KNOTS ( 'NONE', 3,
 ( #8057, #1619, #4491, #3123 ),
 .UNSPECIFIED., .F., .F.,
 ( 4, 4 ),
 ( 3.282350919348138435E-07, 0.005493070069565891313 ),
 .UNSPECIFIED. ) ;
#7097 = VERTEX_POINT ( 'NONE', #551 ) ;
#7098 = VECTOR ( 'NONE', #8904, 100.0000000000000000 ) ;
#7099 = ORIENTED_EDGE ( 'NONE', *, *, #2368, .T. ) ;
#7100 = LINE ( 'NONE', #8683, #8259 ) ;
#7101 = CIRCLE ( 'NONE', #3798, 2.299999999999999822 ) ;
#7102 = LINE ( 'NONE', #1357, #3051 ) ;
#7103 = CARTESIAN_POINT ( 'NONE',  ( 0.000000000000000000, 0.9000000000000001332, 0.000000000000000000 ) ) ;
#7104 = CARTESIAN_POINT ( 'NONE',  ( -0.2610551053411813149, 0.5013837380188957971, 2.786066592457917768 ) ) ;
#7105 = PLANE ( 'NONE',  #591 ) ;
#7106 = ORIENTED_EDGE ( 'NONE', *, *, #3748, .T. ) ;
#7107 = VECTOR ( 'NONE', #4162, 100.0000000000000000 ) ;
#7108 = B_SPLINE_CURVE_WITH_KNOTS ( 'NONE', 3,
 ( #3167, #6047, #2469, #8196 ),
 .UNSPECIFIED., .F., .F.,
 ( 4, 4 ),
 ( 3.282350919395334581E-07, 0.005493070069560839798 ),
 .UNSPECIFIED. ) ;
#7109 = DIRECTION ( 'NONE',  ( 0.000000000000000000, 0.000000000000000000, 1.000000000000000000 ) ) ;
#7110 = CARTESIAN_POINT ( 'NONE',  ( 2.178920869745598399, 0.5014441230611187406, 1.755659148649131307 ) ) ;
#7111 = EDGE_CURVE ( 'NONE', #1485, #4593, #2666, .T. ) ;
#7112 = ORIENTED_EDGE ( 'NONE', *, *, #1798, .F. ) ;
#7113 = CARTESIAN_POINT ( 'NONE',  ( 1.836011441959797041, 0.000000000000000000, 2.006905556262539303 ) ) ;
#7114 = EDGE_CURVE ( 'NONE', #3286, #7640, #5453, .T. ) ;
#7115 = CARTESIAN_POINT ( 'NONE',  ( 0.1989444282030741473, 0.5359883046033849796, 2.747826433469273688 ) ) ;
#7116 = CARTESIAN_POINT ( 'NONE',  ( -1.790975452365403342, 0.5639694227494322920, 2.047196828785470490 ) ) ;
#7117 = B_SPLINE_CURVE_WITH_KNOTS ( 'NONE', 3,
 ( #1888, #7616, #5371, #8940 ),
 .UNSPECIFIED., .F., .F.,
 ( 4, 4 ),
 ( 3.282350919433876698E-07, 0.005493070069560854543 ),
 .UNSPECIFIED. ) ;
#7118 = CARTESIAN_POINT ( 'NONE',  ( 1.272792206135787918, 0.000000000000000000, -1.072792206135783522 ) ) ;
#7119 = AXIS2_PLACEMENT_3D ( 'NONE', #3865, #6788, #3296 ) ;
#7120 = AXIS2_PLACEMENT_3D ( 'NONE', #377, #8348, #7638 ) ;
#7121 = CARTESIAN_POINT ( 'NONE',  ( -1.775055825093451167, 0.5013175801480321825, 2.163359767585289362 ) ) ;
#7122 = EDGE_CURVE ( 'NONE', #5540, #3890, #6360, .T. ) ;
#7123 = PLANE ( 'NONE',  #1363 ) ;
#7124 = ORIENTED_EDGE ( 'NONE', *, *, #3210, .F. ) ;
#7125 = LINE ( 'NONE', #6320, #8134 ) ;
#7126 = CARTESIAN_POINT ( 'NONE',  ( 1.099587125378899799, 0.8000000000000000444, -0.9727922061357825445 ) ) ;
#7127 = DIRECTION ( 'NONE',  ( -0.000000000000000000, -1.000000000000000000, -0.000000000000000000 ) ) ;
#7128 = CARTESIAN_POINT ( 'NONE',  ( -0.7653946419033929027, 0.000000000000000000, 2.691558631681715941 ) ) ;
#7129 = LINE ( 'NONE', #6520, #4621 ) ;
#7130 = ORIENTED_EDGE ( 'NONE', *, *, #8944, .T. ) ;
#7131 = DIRECTION ( 'NONE',  ( 0.7809991007974957933, 0.000000000000000000, 0.6245321485348077628 ) ) ;
#7132 = EDGE_CURVE ( 'NONE', #1052, #5451, #6307, .T. ) ;
#7133 = ORIENTED_EDGE ( 'NONE', *, *, #6847, .T. ) ;
#7134 = ORIENTED_EDGE ( 'NONE', *, *, #3536, .F. ) ;
#7135 = CARTESIAN_POINT ( 'NONE',  ( 0.6533367889769411407, 0.5560460307591197360, -2.650611745651603623 ) ) ;
#7136 = DIRECTION ( 'NONE',  ( 0.9960732287271426566, 0.000000000000000000, 0.08853317464705227902 ) ) ;
#7137 = CARTESIAN_POINT ( 'NONE',  ( 0.7949084059125601787, 0.000000000000000000, 2.678525685088086750 ) ) ;
#7138 = CARTESIAN_POINT ( 'NONE',  ( 2.681603779540948640, 0.5013837380188959081, 0.7995736333737297752 ) ) ;
#7139 = CARTESIAN_POINT ( 'NONE',  ( 2.065324555572254361, 0.6763576274005861366, -1.545860077263954135 ) ) ;
#7140 = VERTEX_POINT ( 'NONE', #8313 ) ;
#7141 = ORIENTED_EDGE ( 'NONE', *, *, #8291, .F. ) ;
#7142 = PLANE ( 'NONE',  #4540 ) ;
#7143 = ORIENTED_EDGE ( 'NONE', *, *, #5279, .F. ) ;
#7144 = ORIENTED_EDGE ( 'NONE', *, *, #4948, .T. ) ;
#7145 = CARTESIAN_POINT ( 'NONE',  ( -1.270270387249460731, 0.5153265304226584131, -2.473776249455867049 ) ) ;
#7146 = DIRECTION ( 'NONE',  ( 0.000000000000000000, 0.000000000000000000, 1.000000000000000000 ) ) ;
#7147 = DIRECTION ( 'NONE',  ( -0.000000000000000000, -1.000000000000000000, -0.000000000000000000 ) ) ;
#7148 = DIRECTION ( 'NONE',  ( -0.000000000000000000, 1.000000000000000000, 0.000000000000000000 ) ) ;
#7149 = EDGE_CURVE ( 'NONE', #3016, #8280, #3278, .T. ) ;
#7150 = DIRECTION ( 'NONE',  ( 0.000000000000000000, 1.000000000000000000, -0.000000000000000000 ) ) ;
#7151 = CARTESIAN_POINT ( 'NONE',  ( -1.409205145698852135, 0.5639694227494287393, -2.326531492179000793 ) ) ;
#7152 = VERTEX_POINT ( 'NONE', #1162 ) ;
#7153 = CYLINDRICAL_SURFACE ( 'NONE', #5549, 0.1000000000000000888 ) ;
#7154 = CARTESIAN_POINT ( 'NONE',  ( 2.055160654053821645, 0.000000000000000000, -1.748424653360420411 ) ) ;
#7155 = ORIENTED_EDGE ( 'NONE', *, *, #8238, .F. ) ;
#7156 = CARTESIAN_POINT ( 'NONE',  ( -0.08064164581542128396, 0.6763576274043441305, 2.578516205740089884 ) ) ;
#7157 = CARTESIAN_POINT ( 'NONE',  ( 0.000000000000000000, 0.000000000000000000, 0.000000000000000000 ) ) ;
#7158 = CARTESIAN_POINT ( 'NONE',  ( -1.099587125378900243, 0.8000000000000000444, -1.572792206135783744 ) ) ;
#7159 = CARTESIAN_POINT ( 'NONE',  ( -2.192260848153283703, 0.5639694227494327361, -1.610155365304537511 ) ) ;
#7160 = ORIENTED_EDGE ( 'NONE', *, *, #425, .T. ) ;
#7161 = EDGE_CURVE ( 'NONE', #8973, #5024, #6819, .T. ) ;
#7162 = VECTOR ( 'NONE', #759, 100.0000000000000000 ) ;
#7163 = CARTESIAN_POINT ( 'NONE',  ( -1.849046459994001301, 0.5270647222874778048, -2.057375436342387953 ) ) ;
#7164 = PLANE ( 'NONE',  #3026 ) ;
#7165 = ORIENTED_EDGE ( 'NONE', *, *, #8650, .F. ) ;
#7166 = CARTESIAN_POINT ( 'NONE',  ( 0.7071693041342266284, 0.5639694227494331802, 2.626503284226968660 ) ) ;
#7167 = PLANE ( 'NONE',  #5421 ) ;
#7168 = DIRECTION ( 'NONE',  ( -0.9938606775724720954, 0.000000000000000000, 0.1106388429765364084 ) ) ;
#7169 = AXIS2_PLACEMENT_3D ( 'NONE', #4482, #8894, #3209 ) ;
#7170 = CARTESIAN_POINT ( 'NONE',  ( -2.404883219857425480, 0.000000000000000000, 1.434063003793130564 ) ) ;
#7171 = CARTESIAN_POINT ( 'NONE',  ( 1.275784838658408971, 0.5013837380188953530, -2.490520000137342649 ) ) ;
#7172 = ORIENTED_EDGE ( 'NONE', *, *, #7448, .T. ) ;
#7173 = CARTESIAN_POINT ( 'NONE',  ( -1.737147339532196133, 0.5013837380188954640, 2.193772081687380027 ) ) ;
#7174 = ORIENTED_EDGE ( 'NONE', *, *, #3506, .T. ) ;
#7175 = ORIENTED_EDGE ( 'NONE', *, *, #1802, .F. ) ;
#7176 = DIRECTION ( 'NONE',  ( -0.000000000000000000, -1.000000000000000000, -0.000000000000000000 ) ) ;
#7177 = CARTESIAN_POINT ( 'NONE',  ( 0.1208403870883241193, 0.000000000000000000, -2.717352668980066444 ) ) ;
#7178 = CARTESIAN_POINT ( 'NONE',  ( 2.404883219857416154, 0.000000000000000000, -1.434063003793146995 ) ) ;
#7179 = LINE ( 'NONE', #5062, #9041 ) ;
#7180 = LINE ( 'NONE', #7090, #2273 ) ;
#7181 = EDGE_CURVE ( 'NONE', #8896, #4560, #6156, .T. ) ;
#7182 = ORIENTED_EDGE ( 'NONE', *, *, #1857, .F. ) ;
#7183 = ORIENTED_EDGE ( 'NONE', *, *, #5211, .T. ) ;
#7184 = EDGE_CURVE ( 'NONE', #1079, #6668, #6110, .T. ) ;
#7185 = LINE ( 'NONE', #7002, #4681 ) ;
#7186 = ORIENTED_EDGE ( 'NONE', *, *, #2646, .F. ) ;
#7187 = ORIENTED_EDGE ( 'NONE', *, *, #5043, .T. ) ;
#7188 = CYLINDRICAL_SURFACE ( 'NONE', #2408, 0.1000000000000000888 ) ;
#7189 = AXIS2_PLACEMENT_3D ( 'NONE', #682, #2890, #2182 ) ;
#7190 = CARTESIAN_POINT ( 'NONE',  ( -0.7071693041342073105, 0.5639694227494327361, -2.626503284226974877 ) ) ;
#7191 = CARTESIAN_POINT ( 'NONE',  ( -1.099587125378900687, 0.8000000000000000444, 0.9727922061357832106 ) ) ;
#7192 = CARTESIAN_POINT ( 'NONE',  ( 2.686445381698009172, 0.000000000000000000, 0.2523594531672586072 ) ) ;
#7193 = DIRECTION ( 'NONE',  ( 0.9942059264903053695, 0.000000000000000000, -0.1074922124228249593 ) ) ;
#7194 = VERTEX_POINT ( 'NONE', #7603 ) ;
#7195 = EDGE_CURVE ( 'NONE', #405, #280, #4700, .T. ) ;
#7196 = EDGE_CURVE ( 'NONE', #8896, #678, #4782, .T. ) ;
#7197 = FACE_OUTER_BOUND ( 'NONE', #8110, .T. ) ;
#7198 = CARTESIAN_POINT ( 'NONE',  ( 1.702338303390255714, 0.000000000000000000, -2.093494299791577529 ) ) ;
#7199 = ORIENTED_EDGE ( 'NONE', *, *, #8456, .F. ) ;
#7200 = DIRECTION ( 'NONE',  ( -0.000000000000000000, -1.000000000000000000, -0.000000000000000000 ) ) ;
#7201 = DIRECTION ( 'NONE',  ( 0.000000000000000000, 0.000000000000000000, 1.000000000000000000 ) ) ;
#7202 = CARTESIAN_POINT ( 'NONE',  ( -1.316536044561310348, 0.6763576274043078262, 2.218553975380175736 ) ) ;
#7203 = DIRECTION ( 'NONE',  ( -0.000000000000000000, -1.000000000000000000, -0.000000000000000000 ) ) ;
#7204 = CIRCLE ( 'NONE', #2087, 2.299999999999999822 ) ;
#7205 = ORIENTED_EDGE ( 'NONE', *, *, #3932, .F. ) ;
#7206 = EDGE_LOOP ( 'NONE', ( #5881, #1262, #4350, #8525 ) ) ;
#7207 = CARTESIAN_POINT ( 'NONE',  ( 1.836011441959797041, 0.5639694227494324030, 2.006905556262539303 ) ) ;
#7208 = CARTESIAN_POINT ( 'NONE',  ( -1.829032160353037062, 0.000000000000000000, 2.120056922913699626 ) ) ;
#7209 = ORIENTED_EDGE ( 'NONE', *, *, #6596, .F. ) ;
#7210 = CARTESIAN_POINT ( 'NONE',  ( 0.8327500588231692147, 0.000000000000000000, -2.143951337957559211 ) ) ;
#7211 = CARTESIAN_POINT ( 'NONE',  ( 0.000000000000000000, 0.4000000000000000222, -1.449999999999999956 ) ) ;
#7212 = EDGE_CURVE ( 'NONE', #5769, #2140, #5014, .T. ) ;
#7213 = CARTESIAN_POINT ( 'NONE',  ( 1.721158666054803277, 0.5191844600092823114, 2.178048827317092595 ) ) ;
#7214 = CYLINDRICAL_SURFACE ( 'NONE', #8380, 0.1000000000000000888 ) ;
#7215 = CARTESIAN_POINT ( 'NONE',  ( 0.4363123926319417700, 0.7884388346761200816, 2.400455205148185112 ) ) ;
#7216 = VECTOR ( 'NONE', #1480, 100.0000000000000000 ) ;
#7217 = ORIENTED_EDGE ( 'NONE', *, *, #6815, .F. ) ;
#7218 = ORIENTED_EDGE ( 'NONE', *, *, #1093, .T. ) ;
#7219 = LINE ( 'NONE', #3653, #4674 ) ;
#7220 = CIRCLE ( 'NONE', #3168, 0.1000000000000000888 ) ;
#7221 = VERTEX_POINT ( 'NONE', #4355 ) ;
#7222 = ORIENTED_EDGE ( 'NONE', *, *, #2945, .F. ) ;
#7223 = CARTESIAN_POINT ( 'NONE',  ( 2.438073872837081879, 0.5639694227494327361, -1.205986615744112589 ) ) ;
#7224 = CARTESIAN_POINT ( 'NONE',  ( 0.4116107342882320275, 0.000000000000000000, 2.688714289429698479 ) ) ;
#7225 = EDGE_CURVE ( 'NONE', #2042, #8479, #4364, .T. ) ;
#7226 = CARTESIAN_POINT ( 'NONE',  ( -0.8801718944396769162, 0.8999999999999999112, -2.124922924775971556 ) ) ;
#7227 = AXIS2_PLACEMENT_3D ( 'NONE', #7192, #2862, #4324 ) ;
#7228 = DIRECTION ( 'NONE',  ( -0.000000000000000000, -1.000000000000000000, -0.000000000000000000 ) ) ;
#7229 = CARTESIAN_POINT ( 'NONE',  ( -0.7466070842266839813, 0.000000000000000000, -2.698625179935614682 ) ) ;
#7230 = EDGE_CURVE ( 'NONE', #6319, #8463, #5415, .T. ) ;
#7231 = ORIENTED_EDGE ( 'NONE', *, *, #8307, .T. ) ;
#7232 = ORIENTED_EDGE ( 'NONE', *, *, #8043, .T. ) ;
#7233 = EDGE_CURVE ( 'NONE', #6153, #2659, #2709, .T. ) ;
#7234 = AXIS2_PLACEMENT_3D ( 'NONE', #2434, #5306, #8166 ) ;
#7235 = CARTESIAN_POINT ( 'NONE',  ( -0.4116107342882132092, 0.000000000000000000, -2.688714289429701587 ) ) ;
#7236 = VECTOR ( 'NONE', #8516, 100.0000000000000142 ) ;
#7237 = EDGE_LOOP ( 'NONE', ( #5627, #8560, #7521, #2421 ) ) ;
#7238 = ORIENTED_EDGE ( 'NONE', *, *, #8229, .T. ) ;
#7239 = DIRECTION ( 'NONE',  ( -0.000000000000000000, -1.000000000000000000, -0.000000000000000000 ) ) ;
#7240 = CARTESIAN_POINT ( 'NONE',  ( 2.762620796854899918, 0.5101996115923987940, -0.3698982907904524997 ) ) ;
#7241 = CARTESIAN_POINT ( 'NONE',  ( 0.2255907582982547843, 0.5013837380188954640, -2.789162174454039800 ) ) ;
#7242 = AXIS2_PLACEMENT_3D ( 'NONE', #12, #2028, #5610 ) ;
#7243 = CARTESIAN_POINT ( 'NONE',  ( -0.1713178567501971727, 0.5123648090841781411, 2.779288636696280346 ) ) ;
#7244 = CARTESIAN_POINT ( 'NONE',  ( -2.567814011882549874, 0.5554805531879180025, 0.9288578182228168778 ) ) ;
#7245 = EDGE_LOOP ( 'NONE', ( #3053, #2016, #8954, #1408, #7303, #7143, #2795 ) ) ;
#7246 = AXIS2_PLACEMENT_3D ( 'NONE', #8165, #7457, #1585 ) ;
#7247 = ORIENTED_EDGE ( 'NONE', *, *, #8891, .T. ) ;
#7248 = EDGE_CURVE ( 'NONE', #8320, #4011, #3762, .T. ) ;
#7249 = VECTOR ( 'NONE', #5148, 100.0000000000000000 ) ;
#7250 = AXIS2_PLACEMENT_3D ( 'NONE', #957, #8987, #6744 ) ;
#7251 = CARTESIAN_POINT ( 'NONE',  ( 1.812718732419745571, 0.000000000000000000, 2.131752242351188098 ) ) ;
#7252 = LINE ( 'NONE', #1457, #7971 ) ;
#7253 = VERTEX_POINT ( 'NONE', #38 ) ;
#7254 = CARTESIAN_POINT ( 'NONE',  ( 1.235013156857738714, 0.000000000000000000, -1.940294437034823627 ) ) ;
#7255 = PERSON_AND_ORGANIZATION_ROLE ( 'creator' ) ;
#7256 = CARTESIAN_POINT ( 'NONE',  ( 2.093494299791504254, 0.5300382999695273378, 1.802338303390332852 ) ) ;
#7257 = EDGE_CURVE ( 'NONE', #4057, #5064, #2146, .T. ) ;
#7258 = CONICAL_SURFACE ( 'NONE', #8753, 2.299999999999999822, 0.8960553845713439269 ) ;
#7259 = ADVANCED_FACE ( 'NONE', ( #597 ), #8527, .F. ) ;
#7260 = CARTESIAN_POINT ( 'NONE',  ( -0.8784947171850842063, 0.000000000000000000, 2.658617503868863086 ) ) ;
#7261 = ORIENTED_EDGE ( 'NONE', *, *, #8137, .T. ) ;
#7262 = EDGE_CURVE ( 'NONE', #8537, #6234, #6625, .T. ) ;
#7263 = ORIENTED_EDGE ( 'NONE', *, *, #8454, .F. ) ;
#7264 = EDGE_CURVE ( 'NONE', #2155, #559, #2560, .T. ) ;
#7265 = CYLINDRICAL_SURFACE ( 'NONE', #2675, 0.1000000000000000888 ) ;
#7266 = CARTESIAN_POINT ( 'NONE',  ( -2.783462428670878008, 0.5013837380188955750, 0.2874956239882375253 ) ) ;
#7267 = CARTESIAN_POINT ( 'NONE',  ( -0.6486476801571823270, 0.5639694227494317369, 2.641564709370462616 ) ) ;
#7268 = CARTESIAN_POINT ( 'NONE',  ( -1.229627716722707431, 0.5098737586431254520, 2.501809684533269351 ) ) ;
#7269 = DIRECTION ( 'NONE',  ( 0.000000000000000000, 0.000000000000000000, 1.000000000000000000 ) ) ;
#7270 = CARTESIAN_POINT ( 'NONE',  ( 1.610155365304514641, 0.5639694227494316259, -2.192260848153301911 ) ) ;
#7271 = CARTESIAN_POINT ( 'NONE',  ( -1.282679870018516910, 0.000000000000000000, -2.373901100193248848 ) ) ;
#7272 = ADVANCED_FACE ( 'NONE', ( #6381 ), #8442, .T. ) ;
#7273 = ORIENTED_EDGE ( 'NONE', *, *, #6305, .F. ) ;
#7274 = EDGE_LOOP ( 'NONE', ( #378, #5608 ) ) ;
#7275 = EDGE_LOOP ( 'NONE', ( #6104, #6246, #8601, #8681 ) ) ;
#7276 = ORIENTED_EDGE ( 'NONE', *, *, #665, .T. ) ;
#7277 = CARTESIAN_POINT ( 'NONE',  ( 2.490520000137338652, 0.000000000000000000, 1.275784838658418074 ) ) ;
#7278 = CARTESIAN_POINT ( 'NONE',  ( 0.3984848430396382701, 0.8999999999999998002, -2.265217391304347405 ) ) ;
#7279 = CARTESIAN_POINT ( 'NONE',  ( -2.474088437236936500, 0.5013837380188954640, -1.307364995081810477 ) ) ;
#7280 = CARTESIAN_POINT ( 'NONE',  ( 0.000000000000000000, 0.000000000000000000, 0.000000000000000000 ) ) ;
#7281 = LINE ( 'NONE', #6429, #6474 ) ;
#7282 = ORIENTED_EDGE ( 'NONE', *, *, #312, .F. ) ;
#7283 = ORIENTED_EDGE ( 'NONE', *, *, #5037, .F. ) ;
#7284 = EDGE_CURVE ( 'NONE', #4303, #3016, #4261, .T. ) ;
#7285 = CARTESIAN_POINT ( 'NONE',  ( 2.215025489070322706, 0.5101996115923983499, 1.691910309535845203 ) ) ;
#7286 = EDGE_CURVE ( 'NONE', #7294, #8064, #735, .T. ) ;
#7287 = ORIENTED_EDGE ( 'NONE', *, *, #1421, .T. ) ;
#7288 = EDGE_LOOP ( 'NONE', ( #4570, #2144, #7899, #5480, #924, #5348, #6499, #6267 ) ) ;
#7289 = DIRECTION ( 'NONE',  ( 1.734723475976805517E-15, 0.000000000000000000, 1.000000000000000000 ) ) ;
#7290 = CARTESIAN_POINT ( 'NONE',  ( 2.674060791373468415, 0.5153265304226573029, -0.7632526928442121550 ) ) ;
#7291 = CARTESIAN_POINT ( 'NONE',  ( 0.2610551053411629963, 0.000000000000000000, -2.786066592457919544 ) ) ;
#7292 = DIRECTION ( 'NONE',  ( 0.000000000000000000, 1.000000000000000000, -0.000000000000000000 ) ) ;
#7293 = DIRECTION ( 'NONE',  ( -0.6257674981733973851, 0.000000000000000000, 0.7800096398313337565 ) ) ;
#7294 = VERTEX_POINT ( 'NONE', #2757 ) ;
#7295 = VERTEX_POINT ( 'NONE', #9191 ) ;
#7296 = CARTESIAN_POINT ( 'NONE',  ( 0.3481320906261925474, 0.5032341246880196461, 2.774223253723183902 ) ) ;
#7297 = ORIENTED_EDGE ( 'NONE', *, *, #6854, .F. ) ;
#7298 = CARTESIAN_POINT ( 'NONE',  ( 0.000000000000000000, 0.9000000000000001332, 0.000000000000000000 ) ) ;
#7299 = DATE_TIME_ROLE ( 'creation_date' ) ;
#7300 = LINE ( 'NONE', #155, #7038 ) ;
#7301 = CARTESIAN_POINT ( 'NONE',  ( -1.737147339532196133, 0.5013837380188954640, 2.193772081687380027 ) ) ;
#7302 = ORIENTED_EDGE ( 'NONE', *, *, #5767, .T. ) ;
#7303 = ORIENTED_EDGE ( 'NONE', *, *, #531, .T. ) ;
#7304 = CARTESIAN_POINT ( 'NONE',  ( -1.844546903911985281, 0.5482992156844557208, -2.025642336671747312 ) ) ;
#7305 = ADVANCED_FACE ( 'NONE', ( #4161 ), #3599, .T. ) ;
#7306 = CARTESIAN_POINT ( 'NONE',  ( 0.8589474700274756236, 0.5013837380188962412, 2.663179691528185788 ) ) ;
#7307 = CARTESIAN_POINT ( 'NONE',  ( 1.499597927253114582, 0.6763576274005853595, -2.099155771948907123 ) ) ;
#7308 = LINE ( 'NONE', #5989, #3343 ) ;
#7309 = CARTESIAN_POINT ( 'NONE',  ( 2.025642336671727772, 0.5482992156844559428, -1.844546903912005931 ) ) ;
#7310 = CARTESIAN_POINT ( 'NONE',  ( 0.000000000000000000, 0.000000000000000000, 0.000000000000000000 ) ) ;
#7311 = CARTESIAN_POINT ( 'NONE',  ( -0.8327500588231837586, 0.000000000000000000, 2.143951337957554326 ) ) ;
#7312 = VECTOR ( 'NONE', #3535, 100.0000000000000000 ) ;
#7313 = B_SPLINE_CURVE_WITH_KNOTS ( 'NONE', 3,
 ( #66, #856, #4436, #3073 ),
 .UNSPECIFIED., .F., .F.,
 ( 4, 4 ),
 ( 3.282350919508636355E-07, 0.005493070069606450882 ),
 .UNSPECIFIED. ) ;
#7314 = ORIENTED_EDGE ( 'NONE', *, *, #186, .F. ) ;
#7315 = ORIENTED_EDGE ( 'NONE', *, *, #2680, .T. ) ;
#7316 = EDGE_CURVE ( 'NONE', #1666, #140, #4219, .T. ) ;
#7317 = AXIS2_PLACEMENT_3D ( 'NONE', #4134, #7795, #5738 ) ;
#7318 = EDGE_LOOP ( 'NONE', ( #1117, #8085, #4647, #1548 ) ) ;
#7319 = ORIENTED_EDGE ( 'NONE', *, *, #7517, .F. ) ;
#7320 = CARTESIAN_POINT ( 'NONE',  ( -2.468448075405014208, 0.5271463900493880139, 1.248184795281233050 ) ) ;
#7321 = PLANE ( 'NONE',  #324 ) ;
#7322 = DIRECTION ( 'NONE',  ( 0.000000000000000000, 0.000000000000000000, 1.000000000000000000 ) ) ;
#7323 = DIRECTION ( 'NONE',  ( 3.469446951953611033E-15, 0.000000000000000000, 1.000000000000000000 ) ) ;
#7324 = PLANE ( 'NONE',  #1676 ) ;
#7325 = ORIENTED_EDGE ( 'NONE', *, *, #2649, .T. ) ;
#7326 = ORIENTED_EDGE ( 'NONE', *, *, #6173, .T. ) ;
#7327 = CARTESIAN_POINT ( 'NONE',  ( 2.193772081687386244, 0.5013837380188954640, 1.737147339532188361 ) ) ;
#7328 = CIRCLE ( 'NONE', #869, 0.2000000000000000111 ) ;
#7329 = ORIENTED_EDGE ( 'NONE', *, *, #46, .F. ) ;
#7330 = VERTEX_POINT ( 'NONE', #7733 ) ;
#7331 = LINE ( 'NONE', #8173, #6311 ) ;
#7332 = CARTESIAN_POINT ( 'NONE',  ( 0.000000000000000000, 0.9000000000000001332, 0.000000000000000000 ) ) ;
#7333 = LINE ( 'NONE', #195, #5602 ) ;
#7334 = CARTESIAN_POINT ( 'NONE',  ( 2.154640415614399451, 0.5013837380188954640, -1.785452745114184392 ) ) ;
#7335 = ADVANCED_FACE ( 'NONE', ( #2048 ), #463, .T. ) ;
#7336 = CYLINDRICAL_SURFACE ( 'NONE', #151, 0.1000000000000000888 ) ;
#7337 = EDGE_LOOP ( 'NONE', ( #1374, #2870, #5166, #2056 ) ) ;
#7338 = EDGE_CURVE ( 'NONE', #3141, #6852, #1341, .T. ) ;
#7339 = EDGE_LOOP ( 'NONE', ( #1701, #7788, #7895, #7377 ) ) ;
#7340 = CARTESIAN_POINT ( 'NONE',  ( 2.464262899386311378, 0.000000000000000000, 1.151527806643384055 ) ) ;
#7341 = DIRECTION ( 'NONE',  ( -0.000000000000000000, -1.000000000000000000, -0.000000000000000000 ) ) ;
#7342 = DATE_AND_TIME ( #4478, #985 ) ;
#7343 = CARTESIAN_POINT ( 'NONE',  ( 2.401809684532830946, 0.000000000000000000, 1.229627716723134201 ) ) ;
#7344 = CARTESIAN_POINT ( 'NONE',  ( 2.385378121632438120, 0.000000000000000000, 1.361207873146511371 ) ) ;
#7345 = AXIS2_PLACEMENT_3D ( 'NONE', #2255, #2107, #5877 ) ;
#7346 = ORIENTED_EDGE ( 'NONE', *, *, #5992, .T. ) ;
#7347 = ORIENTED_EDGE ( 'NONE', *, *, #2794, .T. ) ;
#7348 = CARTESIAN_POINT ( 'NONE',  ( -1.258736893808780843, 0.000000000000000000, -2.501116037325062269 ) ) ;
#7349 = DIRECTION ( 'NONE',  ( 0.2993867340516185860, 0.000000000000000000, 0.9541318480555532888 ) ) ;
#7350 = AXIS2_PLACEMENT_3D ( 'NONE', #4305, #7176, #2898 ) ;
#7351 = CARTESIAN_POINT ( 'NONE',  ( -1.673030232386769844, 0.000000000000000000, 2.245210422548378659 ) ) ;
#7352 = LINE ( 'NONE', #3689, #7249 ) ;
#7353 = AXIS2_PLACEMENT_3D ( 'NONE', #6490, #2257, #7555 ) ;
#7354 = DIRECTION ( 'NONE',  ( 0.000000000000000000, 0.000000000000000000, 1.000000000000000000 ) ) ;
#7355 = CARTESIAN_POINT ( 'NONE',  ( -1.351601172150496799, 0.5014441230611192957, -2.450144786393185115 ) ) ;
#7356 = DIRECTION ( 'NONE',  ( 0.000000000000000000, 1.000000000000000000, 0.000000000000000000 ) ) ;
#7357 = ORIENTED_EDGE ( 'NONE', *, *, #3913, .F. ) ;
#7358 = ORIENTED_EDGE ( 'NONE', *, *, #1896, .T. ) ;
#7359 = AXIS2_PLACEMENT_3D ( 'NONE', #2391, #7466, #142 ) ;
#7360 = VERTEX_POINT ( 'NONE', #3551 ) ;
#7361 = ORIENTED_EDGE ( 'NONE', *, *, #1386, .F. ) ;
#7362 = CARTESIAN_POINT ( 'NONE',  ( -2.357262493485905885, 0.5639694227494326251, -1.357174072685355615 ) ) ;
#7363 = DIRECTION ( 'NONE',  ( -0.9942059264903063687, 0.000000000000000000, 0.1074922124228154668 ) ) ;
#7364 = DIRECTION ( 'NONE',  ( 0.000000000000000000, -0.000000000000000000, 1.000000000000000000 ) ) ;
#7365 = CARTESIAN_POINT ( 'NONE',  ( 1.545860077263946808, 0.6763576274005860256, 2.065324555572259246 ) ) ;
#7366 = CARTESIAN_POINT ( 'NONE',  ( 0.3517800458162801958, 0.5639694227494327361, -2.697194602940292008 ) ) ;
#7367 = VECTOR ( 'NONE', #2950, 100.0000000000000000 ) ;
#7368 = EDGE_CURVE ( 'NONE', #4034, #5646, #2848, .T. ) ;
#7369 = VERTEX_POINT ( 'NONE', #3741 ) ;
#7370 = EDGE_CURVE ( 'NONE', #9150, #4834, #4952, .T. ) ;
#7371 = EDGE_CURVE ( 'NONE', #2681, #2378, #5812, .T. ) ;
#7372 = EDGE_LOOP ( 'NONE', ( #5488, #3058, #3042, #7083, #2374, #8119, #3056 ) ) ;
#7373 = AXIS2_PLACEMENT_3D ( 'NONE', #8483, #7877, #2235 ) ;
#7374 = CARTESIAN_POINT ( 'NONE',  ( -0.1208403870883426184, 0.5639694227494327361, 2.717352668980065111 ) ) ;
#7375 = AXIS2_PLACEMENT_3D ( 'NONE', #5537, #1165, #3325 ) ;
#7376 = ORIENTED_EDGE ( 'NONE', *, *, #7411, .T. ) ;
#7377 = ORIENTED_EDGE ( 'NONE', *, *, #531, .F. ) ;
#7378 = CARTESIAN_POINT ( 'NONE',  ( 2.372660443432006439, 0.7884388346701033390, -0.5683626624762823099 ) ) ;
#7379 = DIRECTION ( 'NONE',  ( 0.000000000000000000, -1.000000000000000000, 0.000000000000000000 ) ) ;
#7380 = CARTESIAN_POINT ( 'NONE',  ( -0.3984848430396540353, 0.8999999999999998002, 2.265217391304344741 ) ) ;
#7381 = CYLINDRICAL_SURFACE ( 'NONE', #1070, 0.1000000000000000888 ) ;
#7382 = B_SPLINE_CURVE_WITH_KNOTS ( 'NONE', 3,
 ( #8968, #5533, #5400, #9143 ),
 .UNSPECIFIED., .F., .F.,
 ( 4, 4 ),
 ( 0.001041867980347237557, 0.006534609814862482428 ),
 .UNSPECIFIED. ) ;
#7383 = FACE_OUTER_BOUND ( 'NONE', #5855, .T. ) ;
#7384 = ORIENTED_EDGE ( 'NONE', *, *, #8218, .F. ) ;
#7385 = EDGE_LOOP ( 'NONE', ( #3285, #2894, #5539, #6357 ) ) ;
#7386 = AXIS2_PLACEMENT_3D ( 'NONE', #3421, #8450, #1264 ) ;
#7387 = AXIS2_PLACEMENT_3D ( 'NONE', #681, #4904, #7767 ) ;
#7388 = CARTESIAN_POINT ( 'NONE',  ( 0.2168951061243414580, 0.000000000000000000, -2.689540963694129871 ) ) ;
#7389 = LINE ( 'NONE', #8749, #5179 ) ;
#7390 = VECTOR ( 'NONE', #5821, 100.0000000000000000 ) ;
#7391 = VECTOR ( 'NONE', #3934, 100.0000000000000000 ) ;
#7392 = SHAPE_DEFINITION_REPRESENTATION ( #6378, #6022 ) ;
#7393 = CARTESIAN_POINT ( 'NONE',  ( 1.272792206135787918, 0.8000000000000000444, 1.272792206135783255 ) ) ;
#7394 = CARTESIAN_POINT ( 'NONE',  ( 2.713997647364021493, 0.000000000000000000, -0.1811758727515954126 ) ) ;
#7395 = ORIENTED_EDGE ( 'NONE', *, *, #2184, .F. ) ;
#7396 = CIRCLE ( 'NONE', #4078, 2.299999999999999822 ) ;
#7397 = ORIENTED_EDGE ( 'NONE', *, *, #7574, .T. ) ;
#7398 = EDGE_CURVE ( 'NONE', #1434, #8524, #177, .T. ) ;
#7399 = VECTOR ( 'NONE', #6728, 100.0000000000000000 ) ;
#7400 = PLANE ( 'NONE',  #2605 ) ;
#7401 = ADVANCED_FACE ( 'NONE', ( #6574 ), #3880, .F. ) ;
#7402 = FACE_OUTER_BOUND ( 'NONE', #7955, .T. ) ;
#7403 = AXIS2_PLACEMENT_3D ( 'NONE', #7443, #6300, #6960 ) ;
#7404 = DIRECTION ( 'NONE',  ( 0.000000000000000000, 0.000000000000000000, -1.000000000000000000 ) ) ;
#7405 = CARTESIAN_POINT ( 'NONE',  ( 2.452684164656599108, 0.5484516897053793860, -1.220195134738705445 ) ) ;
#7406 = CARTESIAN_POINT ( 'NONE',  ( 0.4487077406370796329, 0.000000000000000000, 2.255806144927432477 ) ) ;
#7407 = DIRECTION ( 'NONE',  ( 0.000000000000000000, 0.000000000000000000, 1.000000000000000000 ) ) ;
#7408 = LINE ( 'NONE', #3124, #852 ) ;
#7409 = EDGE_LOOP ( 'NONE', ( #3878, #3305, #5343, #2878 ) ) ;
#7410 = EDGE_LOOP ( 'NONE', ( #3955, #7742, #2606, #1072 ) ) ;
#7411 = EDGE_CURVE ( 'NONE', #2298, #3135, #5302, .T. ) ;
#7412 = VECTOR ( 'NONE', #5630, 100.0000000000000000 ) ;
#7413 = CARTESIAN_POINT ( 'NONE',  ( 1.272792206135787918, 1.000000000000000000, 1.272792206135783255 ) ) ;
#7414 = ORIENTED_EDGE ( 'NONE', *, *, #3516, .T. ) ;
#7415 = ORIENTED_EDGE ( 'NONE', *, *, #7132, .T. ) ;
#7416 = DIRECTION ( 'NONE',  ( 0.000000000000000000, 0.000000000000000000, 1.000000000000000000 ) ) ;
#7417 = DIRECTION ( 'NONE',  ( -0.000000000000000000, 1.000000000000000000, 0.000000000000000000 ) ) ;
#7418 = DIRECTION ( 'NONE',  ( 0.000000000000000000, 0.000000000000000000, -1.000000000000000000 ) ) ;
#7419 = CARTESIAN_POINT ( 'NONE',  ( -0.4363123926319250612, 0.7884388346761191935, -2.400455205148189108 ) ) ;
#7420 = CARTESIAN_POINT ( 'NONE',  ( 0.3480831372671065460, 0.5484516897053790530, -2.717236446823783957 ) ) ;
#7421 = EDGE_LOOP ( 'NONE', ( #2098, #493, #93, #5977 ) ) ;
#7422 = EDGE_LOOP ( 'NONE', ( #7771, #6148, #807, #7376 ) ) ;
#7423 = CARTESIAN_POINT ( 'NONE',  ( 2.326531492178983918, 0.5639694227494326251, -1.409205145698870343 ) ) ;
#7424 = EDGE_CURVE ( 'NONE', #7888, #471, #3046, .T. ) ;
#7425 = ORIENTED_EDGE ( 'NONE', *, *, #2024, .F. ) ;
#7426 = ORIENTED_EDGE ( 'NONE', *, *, #3158, .T. ) ;
#7427 = FACE_OUTER_BOUND ( 'NONE', #9019, .T. ) ;
#7428 = CARTESIAN_POINT ( 'NONE',  ( 2.438190648904004831, 0.5013176973172518425, -1.373380358080503516 ) ) ;
#7429 = FACE_OUTER_BOUND ( 'NONE', #6825, .T. ) ;
#7430 = FACE_OUTER_BOUND ( 'NONE', #5098, .T. ) ;
#7431 = CARTESIAN_POINT ( 'NONE',  ( 1.912380108295848036, 0.000000000000000000, 1.277811535945095001 ) ) ;
#7432 = ORIENTED_EDGE ( 'NONE', *, *, #2523, .T. ) ;
#7433 = ORIENTED_EDGE ( 'NONE', *, *, #2282, .F. ) ;
#7434 = CARTESIAN_POINT ( 'NONE',  ( 1.099587125378900243, 0.8000000000000000444, 0.9727922061357835437 ) ) ;
#7435 = EDGE_CURVE ( 'NONE', #5820, #1314, #4103, .T. ) ;
#7436 = CARTESIAN_POINT ( 'NONE',  ( 1.202864601265590139, 0.000000000000000000, -2.528461340622429443 ) ) ;
#7437 = CARTESIAN_POINT ( 'NONE',  ( 2.085074911848028734, 0.5351427332395980452, 1.802338303390261354 ) ) ;
#7438 = CARTESIAN_POINT ( 'NONE',  ( -2.139381633438933061, 0.5014441230611190736, 1.803630069984548445 ) ) ;
#7439 = ORIENTED_EDGE ( 'NONE', *, *, #3489, .T. ) ;
#7440 = VERTEX_POINT ( 'NONE', #6670 ) ;
#7441 = CARTESIAN_POINT ( 'NONE',  ( -0.4116107342882132092, 0.5639694227494322920, -2.688714289429701587 ) ) ;
#7442 = CARTESIAN_POINT ( 'NONE',  ( 0.000000000000000000, 0.4000000000000000222, 0.000000000000000000 ) ) ;
#7443 = CARTESIAN_POINT ( 'NONE',  ( 1.099587125378899355, 0.8000000000000000444, -1.572792206135783744 ) ) ;
#7444 = CARTESIAN_POINT ( 'NONE',  ( 2.445893613259866317, 0.5560412871706278404, -1.212529752152037510 ) ) ;
#7445 = CARTESIAN_POINT ( 'NONE',  ( 2.006905556262533086, 0.5639694227494321810, -1.836011441959804147 ) ) ;
#7446 = DIRECTION ( 'NONE',  ( 0.000000000000000000, 0.000000000000000000, -1.000000000000000000 ) ) ;
#7447 = CARTESIAN_POINT ( 'NONE',  ( 0.000000000000000000, 0.000000000000000000, 0.000000000000000000 ) ) ;
#7448 = EDGE_CURVE ( 'NONE', #2399, #2524, #5861, .T. ) ;
#7449 = VERTEX_POINT ( 'NONE', #5915 ) ;
#7450 = VERTEX_POINT ( 'NONE', #5159 ) ;
#7451 = ORIENTED_EDGE ( 'NONE', *, *, #6875, .T. ) ;
#7452 = ORIENTED_EDGE ( 'NONE', *, *, #5484, .T. ) ;
#7453 = ORIENTED_EDGE ( 'NONE', *, *, #58, .T. ) ;
#7454 = CARTESIAN_POINT ( 'NONE',  ( 2.093494299791570867, 0.000000000000000000, 1.802338303390263352 ) ) ;
#7455 = DIRECTION ( 'NONE',  ( 0.5000000000000002220, 0.000000000000000000, -0.8660254037844384856 ) ) ;
#7456 = DIRECTION ( 'NONE',  ( 1.000000000000000000, 0.000000000000000000, -0.000000000000000000 ) ) ;
#7457 = DIRECTION ( 'NONE',  ( -0.000000000000000000, -1.000000000000000000, -0.000000000000000000 ) ) ;
#7458 = DIRECTION ( 'NONE',  ( -0.6245321485348077628, 0.000000000000000000, 0.7809991007974957933 ) ) ;
#7459 = ORIENTED_EDGE ( 'NONE', *, *, #1539, .T. ) ;
#7460 = VERTEX_POINT ( 'NONE', #85 ) ;
#7461 = AXIS2_PLACEMENT_3D ( 'NONE', #1938, #4806, #4101 ) ;
#7462 = LINE ( 'NONE', #1025, #5442 ) ;
#7463 = ORIENTED_EDGE ( 'NONE', *, *, #1898, .F. ) ;
#7464 = EDGE_LOOP ( 'NONE', ( #1637, #7182 ) ) ;
#7465 = CARTESIAN_POINT ( 'NONE',  ( -2.677968266516831175, 0.5013175801480317384, -0.8120558045686981918 ) ) ;
#7466 = DIRECTION ( 'NONE',  ( -0.000000000000000000, -1.000000000000000000, -0.000000000000000000 ) ) ;
#7467 = DIRECTION ( 'NONE',  ( -0.4811640873381673456, 0.000000000000000000, -0.8766305499217037500 ) ) ;
#7468 = CARTESIAN_POINT ( 'NONE',  ( -1.545860077263932597, 0.6763576274005860256, -2.065324555572269905 ) ) ;
#7469 = DIRECTION ( 'NONE',  ( 0.000000000000000000, 1.000000000000000000, 0.000000000000000000 ) ) ;
#7470 = EDGE_CURVE ( 'NONE', #7713, #3953, #968, .T. ) ;
#7471 = ORIENTED_EDGE ( 'NONE', *, *, #4129, .T. ) ;
#7472 = ORIENTED_EDGE ( 'NONE', *, *, #7825, .F. ) ;
#7473 = EDGE_CURVE ( 'NONE', #1052, #3684, #5205, .T. ) ;
#7474 = ORIENTED_EDGE ( 'NONE', *, *, #8087, .T. ) ;
#7475 = LINE ( 'NONE', #1038, #1648 ) ;
#7476 = B_SPLINE_CURVE_WITH_KNOTS ( 'NONE', 3,
 ( #4239, #8508, #2070, #671 ),
 .UNSPECIFIED., .F., .F.,
 ( 4, 4 ),
 ( 0.0008222137542758346318, 0.001178205683829655973 ),
 .UNSPECIFIED. ) ;
#7477 = CARTESIAN_POINT ( 'NONE',  ( 0.000000000000000000, 0.000000000000000000, -1.250000000000000000 ) ) ;
#7478 = CARTESIAN_POINT ( 'NONE',  ( -1.499597927253130347, 0.6763576274005856925, 2.099155771948895577 ) ) ;
#7479 = ORIENTED_EDGE ( 'NONE', *, *, #3173, .T. ) ;
#7480 = EDGE_CURVE ( 'NONE', #8573, #4429, #5560, .T. ) ;
#7481 = VERTEX_POINT ( 'NONE', #271 ) ;
#7482 = EDGE_CURVE ( 'NONE', #976, #2516, #5112, .T. ) ;
#7483 = AXIS2_PLACEMENT_3D ( 'NONE', #1461, #898, #4334 ) ;
#7484 = CIRCLE ( 'NONE', #2987, 0.1000000000000000888 ) ;
#7485 = EDGE_CURVE ( 'NONE', #8280, #6955, #6917, .T. ) ;
#7486 = CARTESIAN_POINT ( 'NONE',  ( 2.680442493798157244, 0.5270647222874781379, 0.6833699837734255045 ) ) ;
#7487 = CARTESIAN_POINT ( 'NONE',  ( 1.617949687865621433, 0.5560460307591191809, -2.198824775545445753 ) ) ;
#7488 = CYLINDRICAL_SURFACE ( 'NONE', #7997, 0.1000000000000000888 ) ;
#7489 = DIRECTION ( 'NONE',  ( -0.000000000000000000, -1.000000000000000000, -0.000000000000000000 ) ) ;
#7490 = AXIS2_PLACEMENT_3D ( 'NONE', #3217, #1718, #7446 ) ;
#7491 = CARTESIAN_POINT ( 'NONE',  ( -0.7653946419033929027, 0.5013837380188949089, 2.691558631681715941 ) ) ;
#7492 = PLANE ( 'NONE',  #8088 ) ;
#7493 = DIRECTION ( 'NONE',  ( 0.8773910177833360580, 0.000000000000000000, -0.4797759913888166028 ) ) ;
#7494 = ORIENTED_EDGE ( 'NONE', *, *, #8925, .T. ) ;
#7495 = ORIENTED_EDGE ( 'NONE', *, *, #2715, .F. ) ;
#7496 = ADVANCED_FACE ( 'NONE', ( #4455 ), #7321, .T. ) ;
#7497 = EDGE_LOOP ( 'NONE', ( #5933, #1160, #3222, #1168 ) ) ;
#7498 = EDGE_CURVE ( 'NONE', #7814, #7954, #606, .T. ) ;
#7499 = VECTOR ( 'NONE', #9252, 100.0000000000000000 ) ;
#7500 = ORIENTED_EDGE ( 'NONE', *, *, #496, .T. ) ;
#7501 = ORIENTED_EDGE ( 'NONE', *, *, #7435, .T. ) ;
#7502 = CARTESIAN_POINT ( 'NONE',  ( 0.2765890575571408050, 0.000000000000000000, 2.684058973958860506 ) ) ;
#7503 = CARTESIAN_POINT ( 'NONE',  ( 1.445997286892675593, 0.8000000000000000444, -1.572792206135783744 ) ) ;
#7504 = CARTESIAN_POINT ( 'NONE',  ( -1.099587125378900465, 0.8000000000000000444, 1.572792206135783299 ) ) ;
#7505 = FACE_BOUND ( 'NONE', #7274, .T. ) ;
#7506 = LINE ( 'NONE', #922, #4068 ) ;
#7507 = VERTEX_POINT ( 'NONE', #8817 ) ;
#7508 = VECTOR ( 'NONE', #3238, 100.0000000000000000 ) ;
#7509 = ORIENTED_EDGE ( 'NONE', *, *, #220, .T. ) ;
#7510 = DIRECTION ( 'NONE',  ( -0.000000000000000000, -1.000000000000000000, -0.000000000000000000 ) ) ;
#7511 = EDGE_CURVE ( 'NONE', #940, #698, #2380, .T. ) ;
#7512 = ORIENTED_EDGE ( 'NONE', *, *, #7411, .F. ) ;
#7513 = EDGE_LOOP ( 'NONE', ( #545, #3453, #4878, #8389 ) ) ;
#7514 = FACE_BOUND ( 'NONE', #133, .T. ) ;
#7515 = CARTESIAN_POINT ( 'NONE',  ( 0.1437017210597991146, 0.000000000000000000, -2.796310035629892887 ) ) ;
#7516 = AXIS2_PLACEMENT_3D ( 'NONE', #5674, #7777, #1298 ) ;
#7517 = EDGE_CURVE ( 'NONE', #5248, #1120, #5865, .T. ) ;
#7518 = DIRECTION ( 'NONE',  ( 0.000000000000000000, 0.000000000000000000, -1.000000000000000000 ) ) ;
#7519 = DIRECTION ( 'NONE',  ( 0.000000000000000000, 0.000000000000000000, 1.000000000000000000 ) ) ;
#7520 = CARTESIAN_POINT ( 'NONE',  ( -1.313887210115762816, 0.000000000000000000, -2.356772047004897175 ) ) ;
#7521 = ORIENTED_EDGE ( 'NONE', *, *, #5061, .F. ) ;
#7522 = VERTEX_POINT ( 'NONE', #450 ) ;
#7523 = ORIENTED_EDGE ( 'NONE', *, *, #4617, .T. ) ;
#7524 = LINE ( 'NONE', #8362, #923 ) ;
#7525 = VECTOR ( 'NONE', #677, 100.0000000000000000 ) ;
#7526 = DIRECTION ( 'NONE',  ( -0.000000000000000000, -1.000000000000000000, -0.000000000000000000 ) ) ;
#7528 = DIRECTION ( 'NONE',  ( -0.000000000000000000, -1.000000000000000000, -0.000000000000000000 ) ) ;
#7527 = AXIS2_PLACEMENT_3D ( 'NONE', #2194, #42, #3702 ) ;
#7529 = CARTESIAN_POINT ( 'NONE',  ( 2.717352668980065555, 0.000000000000000000, 0.1208403870883331815 ) ) ;
#7530 = VERTEX_POINT ( 'NONE', #6756 ) ;
#7531 = VERTEX_POINT ( 'NONE', #319 ) ;
#7532 = CIRCLE ( 'NONE', #5884, 2.299999999999999822 ) ;
#7533 = VECTOR ( 'NONE', #1768, 100.0000000000000142 ) ;
#7534 = DIRECTION ( 'NONE',  ( -0.000000000000000000, 1.000000000000000000, -0.000000000000000000 ) ) ;
#7535 = EDGE_CURVE ( 'NONE', #7918, #1444, #3179, .T. ) ;
#7536 = CARTESIAN_POINT ( 'NONE',  ( 2.418663019407173209, 0.5212677461077941388, 1.357255889713386177 ) ) ;
#7537 = DIRECTION ( 'NONE',  ( 0.000000000000000000, 0.000000000000000000, -1.000000000000000000 ) ) ;
#7538 = CARTESIAN_POINT ( 'NONE',  ( 0.2523594531672496699, 0.000000000000000000, -2.686445381698009616 ) ) ;
#7539 = CARTESIAN_POINT ( 'NONE',  ( 1.658458538036021501, 0.000000000000000000, 2.155950649801653185 ) ) ;
#7540 = ADVANCED_FACE ( 'NONE', ( #1192 ), #3225, .T. ) ;
#7541 = AXIS2_PLACEMENT_3D ( 'NONE', #5195, #8056, #7354 ) ;
#7542 = CARTESIAN_POINT ( 'NONE',  ( -1.674570589714856617, 0.000000000000000000, 2.215771117704246951 ) ) ;
#7543 = EDGE_CURVE ( 'NONE', #1242, #8717, #2519, .T. ) ;
#7544 = CIRCLE ( 'NONE', #483, 0.1000000000000000888 ) ;
#7545 = CARTESIAN_POINT ( 'NONE',  ( 1.626345596729062315, 0.000000000000000000, -1.626345596729056320 ) ) ;
#7546 = VECTOR ( 'NONE', #680, 100.0000000000000000 ) ;
#7547 = CONICAL_SURFACE ( 'NONE', #3199, 2.299999999999999822, 0.8960553845713439269 ) ;
#7548 = ORIENTED_EDGE ( 'NONE', *, *, #6875, .F. ) ;
#7549 = CARTESIAN_POINT ( 'NONE',  ( -2.171495263774692486, 0.000000000000000000, -1.764915053207617435 ) ) ;
#7550 = CARTESIAN_POINT ( 'NONE',  ( 1.829032160353021741, 0.000000000000000000, -2.120056922913713393 ) ) ;
#7551 = ADVANCED_FACE ( 'NONE', ( #6887 ), #6142, .T. ) ;
#7552 = LINE ( 'NONE', #8958, #8156 ) ;
#7553 = CARTESIAN_POINT ( 'NONE',  ( -1.812718732419731360, 0.000000000000000000, -2.131752242351200533 ) ) ;
#7554 = DIRECTION ( 'NONE',  ( -0.000000000000000000, -1.000000000000000000, -0.000000000000000000 ) ) ;
#7555 = DIRECTION ( 'NONE',  ( 0.000000000000000000, 0.000000000000000000, 1.000000000000000000 ) ) ;
#7556 = CIRCLE ( 'NONE', #649, 0.1000000000000000056 ) ;
#7557 = ORIENTED_EDGE ( 'NONE', *, *, #3342, .T. ) ;
#7558 = ORIENTED_EDGE ( 'NONE', *, *, #1927, .F. ) ;
#7559 = CARTESIAN_POINT ( 'NONE',  ( -2.663179691528190673, 0.000000000000000000, 0.8589474700274654095 ) ) ;
#7560 = ORIENTED_EDGE ( 'NONE', *, *, #953, .T. ) ;
#7561 = ORIENTED_EDGE ( 'NONE', *, *, #1810, .F. ) ;
#7562 = CARTESIAN_POINT ( 'NONE',  ( 2.585593199994344449, 0.5571583923664213955, 0.8716099316314303014 ) ) ;
#7563 = CARTESIAN_POINT ( 'NONE',  ( 2.299432410651858216, 0.000000000000000000, -0.05109392178902329162 ) ) ;
#7564 = CARTESIAN_POINT ( 'NONE',  ( 1.282679870018530011, 0.000000000000000000, 2.473901100193242719 ) ) ;
#7565 = DIRECTION ( 'NONE',  ( 0.3008965180465242306, 0.000000000000000000, 0.9536567964563970046 ) ) ;
#7566 = B_SPLINE_CURVE_WITH_KNOTS ( 'NONE', 3,
 ( #2687, #6489, #9117, #2915, #5783, #2206, #5073, #7941, #1496, #800 ),
 .UNSPECIFIED., .F., .F.,
 ( 4, 2, 2, 2, 4 ),
 ( 0.000000000000000000, 0.0003831395918291012484, 0.0007662791836582024969, 0.001149418775487303854, 0.001532558367316404994 ),
 .UNSPECIFIED. ) ;
#7567 = CYLINDRICAL_SURFACE ( 'NONE', #765, 0.1000000000000000056 ) ;
#7568 = AXIS2_PLACEMENT_3D ( 'NONE', #7019, #5564, #1422 ) ;
#7569 = EDGE_CURVE ( 'NONE', #3445, #8318, #9047, .T. ) ;
#7570 = EDGE_LOOP ( 'NONE', ( #7572, #1498, #4767, #2064 ) ) ;
#7571 = VECTOR ( 'NONE', #9140, 100.0000000000000142 ) ;
#7572 = ORIENTED_EDGE ( 'NONE', *, *, #3454, .F. ) ;
#7573 = ORIENTED_EDGE ( 'NONE', *, *, #2223, .T. ) ;
#7574 = EDGE_CURVE ( 'NONE', #1862, #2994, #2608, .T. ) ;
#7575 = DIRECTION ( 'NONE',  ( 0.000000000000000000, -1.000000000000000000, 0.000000000000000000 ) ) ;
#7576 = FACE_OUTER_BOUND ( 'NONE', #4018, .T. ) ;
#7577 = CARTESIAN_POINT ( 'NONE',  ( 2.124922924775961341, 0.000000000000000000, -0.8801718944397008970 ) ) ;
#7578 = CARTESIAN_POINT ( 'NONE',  ( -0.6864735580920477975, 0.000000000000000000, 2.714544907353799275 ) ) ;
#7579 = ORIENTED_EDGE ( 'NONE', *, *, #6251, .T. ) ;
#7580 = CARTESIAN_POINT ( 'NONE',  ( 0.9263820446220115690, 0.8000000000000000444, -1.272792206135783477 ) ) ;
#7581 = LINE ( 'NONE', #1229, #4730 ) ;
#7582 = CARTESIAN_POINT ( 'NONE',  ( -1.330796278752332862, 0.000000000000000000, -2.461564155185419711 ) ) ;
#7583 = CARTESIAN_POINT ( 'NONE',  ( 0.7653946419033743620, 0.000000000000000000, -2.691558631681720826 ) ) ;
#7584 = CARTESIAN_POINT ( 'NONE',  ( -2.255806144927424928, 0.8999999999999999112, -0.4487077406371199340 ) ) ;
#7585 = DIRECTION ( 'NONE',  ( 0.000000000000000000, 1.000000000000000000, -0.000000000000000000 ) ) ;
#7586 = ADVANCED_FACE ( 'NONE', ( #6806 ), #8916, .T. ) ;
#7587 = ORIENTED_EDGE ( 'NONE', *, *, #2829, .F. ) ;
#7588 = EDGE_CURVE ( 'NONE', #2514, #5299, #407, .T. ) ;
#7589 = DIRECTION ( 'NONE',  ( -0.9601057954651819326, 0.000000000000000000, -0.2796370174246793350 ) ) ;
#7590 = ORIENTED_EDGE ( 'NONE', *, *, #8546, .F. ) ;
#7591 = CARTESIAN_POINT ( 'NONE',  ( 0.7374309401609072667, 0.000000000000000000, -2.595548052135201900 ) ) ;
#7592 = DIRECTION ( 'NONE',  ( 0.3024055482590165544, 0.000000000000000000, 0.9531793558308759851 ) ) ;
#7593 = CARTESIAN_POINT ( 'NONE',  ( 2.789162174454038912, 0.5013837380188954640, 0.2255907582982634163 ) ) ;
#7594 = CYLINDRICAL_SURFACE ( 'NONE', #5449, 0.1000000000000000888 ) ;
#7595 = CARTESIAN_POINT ( 'NONE',  ( 0.4487077406370796329, 0.9000000000000004663, 2.255806144927432477 ) ) ;
#7596 = ORIENTED_EDGE ( 'NONE', *, *, #5008, .F. ) ;
#7597 = ORIENTED_EDGE ( 'NONE', *, *, #3251, .F. ) ;
#7598 = EDGE_CURVE ( 'NONE', #7032, #976, #2477, .T. ) ;
#7599 = CARTESIAN_POINT ( 'NONE',  ( 0.1811758727515853928, 0.000000000000000000, 2.713997647364021937 ) ) ;
#7600 = ORIENTED_EDGE ( 'NONE', *, *, #6006, .T. ) ;
#7601 = ORIENTED_EDGE ( 'NONE', *, *, #5818, .F. ) ;
#7602 = CARTESIAN_POINT ( 'NONE',  ( 2.663179691528182680, 0.5013837380188959081, -0.8589474700274848384 ) ) ;
#7603 = CARTESIAN_POINT ( 'NONE',  ( 2.490520000137338652, 0.5013837380188946868, 1.275784838658418074 ) ) ;
#7604 = CARTESIAN_POINT ( 'NONE',  ( 1.721158666054844355, 0.000000000000000000, 2.178048827317045966 ) ) ;
#7605 = CARTESIAN_POINT ( 'NONE',  ( -0.7653946419033929027, 0.000000000000000000, 2.691558631681715941 ) ) ;
#7606 = CARTESIAN_POINT ( 'NONE',  ( -2.689540963694127207, 0.000000000000000000, -0.2168951061243692136 ) ) ;
#7607 = ORIENTED_EDGE ( 'NONE', *, *, #1841, .F. ) ;
#7608 = ORIENTED_EDGE ( 'NONE', *, *, #1534, .T. ) ;
#7609 = VECTOR ( 'NONE', #67, 100.0000000000000000 ) ;
#7610 = ORIENTED_EDGE ( 'NONE', *, *, #4578, .T. ) ;
#7611 = CARTESIAN_POINT ( 'NONE',  ( 2.556750127584888954, 0.5639694227494328471, -0.9282438859800792308 ) ) ;
#7612 = CARTESIAN_POINT ( 'NONE',  ( 2.750181751685222054, 0.5340002883789664034, -0.2008335847846910716 ) ) ;
#7613 = EDGE_CURVE ( 'NONE', #8181, #6000, #7682, .T. ) ;
#7614 = VECTOR ( 'NONE', #1361, 100.0000000000000000 ) ;
#7615 = EDGE_CURVE ( 'NONE', #3418, #1657, #2710, .T. ) ;
#7616 = CARTESIAN_POINT ( 'NONE',  ( 2.238307736424244077, 0.7884388346700336170, 0.9708409617377584677 ) ) ;
#7617 = CARTESIAN_POINT ( 'NONE',  ( -2.265217391304342964, 0.8999999999999998002, -0.3984848430396620289 ) ) ;
#7618 = EDGE_LOOP ( 'NONE', ( #7730, #6697, #3363, #429 ) ) ;
#7619 = DIRECTION ( 'NONE',  ( 0.000000000000000000, 0.000000000000000000, -1.000000000000000000 ) ) ;
#7620 = VECTOR ( 'NONE', #1899, 100.0000000000000000 ) ;
#7621 = FACE_OUTER_BOUND ( 'NONE', #3735, .T. ) ;
#7622 = CARTESIAN_POINT ( 'NONE',  ( 2.265217391304346073, 0.000000000000000000, 0.3984848430396461527 ) ) ;
#7623 = FACE_OUTER_BOUND ( 'NONE', #7410, .T. ) ;
#7624 = CARTESIAN_POINT ( 'NONE',  ( 2.124922924775956457, 0.000000000000000000, 0.8801718944397161071 ) ) ;
#7625 = VERTEX_POINT ( 'NONE', #368 ) ;
#7626 = EDGE_CURVE ( 'NONE', #1390, #4410, #4059, .T. ) ;
#7627 = CARTESIAN_POINT ( 'NONE',  ( -1.799036237123797788, 0.5484516897053786089, 2.065914905293221526 ) ) ;
#7628 = VECTOR ( 'NONE', #7669, 100.0000000000000000 ) ;
#7629 = ORIENTED_EDGE ( 'NONE', *, *, #612, .T. ) ;
#7630 = LINE ( 'NONE', #6185, #7533 ) ;
#7631 = DIRECTION ( 'NONE',  ( 0.000000000000000000, 1.000000000000000000, 0.000000000000000000 ) ) ;
#7632 = PLANE ( 'NONE',  #8304 ) ;
#7633 = FACE_OUTER_BOUND ( 'NONE', #5747, .T. ) ;
#7634 = CARTESIAN_POINT ( 'NONE',  ( -1.362003618849578768, 0.5013837380188960191, -2.444435101997068038 ) ) ;
#7635 = EDGE_LOOP ( 'NONE', ( #9275, #8570, #6906, #8515 ) ) ;
#7636 = CC_DESIGN_PERSON_AND_ORGANIZATION_ASSIGNMENT ( #1706, #1509, ( #5653 ) ) ;
#7637 = VERTEX_POINT ( 'NONE', #4731 ) ;
#7638 = DIRECTION ( 'NONE',  ( -3.469446951953611033E-15, 0.000000000000000000, 1.000000000000000000 ) ) ;
#7639 = ORIENTED_EDGE ( 'NONE', *, *, #1566, .T. ) ;
#7640 = VERTEX_POINT ( 'NONE', #4812 ) ;
#7641 = CARTESIAN_POINT ( 'NONE',  ( 2.604559055811658919, 0.5431121077884594195, 0.8703012152877899199 ) ) ;
#7642 = CARTESIAN_POINT ( 'NONE',  ( 2.346573436627281684, 0.5482992156844561649, -1.413921236619456678 ) ) ;
#7643 = CIRCLE ( 'NONE', #7350, 0.1000000000000000056 ) ;
#7644 = CARTESIAN_POINT ( 'NONE',  ( -2.737920329059322366, 0.5270647222874781379, 0.3944093926430640717 ) ) ;
#7645 = ADVANCED_FACE ( 'NONE', ( #8341 ), #6099, .T. ) ;
#7646 = LINE ( 'NONE', #2009, #3202 ) ;
#7647 = DIRECTION ( 'NONE',  ( 0.000000000000000000, 0.000000000000000000, 1.000000000000000000 ) ) ;
#7648 = CIRCLE ( 'NONE', #5405, 2.299999999999999822 ) ;
#7649 = ADVANCED_FACE ( 'NONE', ( #1769 ), #6229, .T. ) ;
#7650 = ADVANCED_FACE ( 'NONE', ( #8383 ), #5619, .T. ) ;
#7651 = EDGE_CURVE ( 'NONE', #138, #2787, #8562, .T. ) ;
#7652 = ORIENTED_EDGE ( 'NONE', *, *, #736, .F. ) ;
#7653 = ORIENTED_EDGE ( 'NONE', *, *, #1960, .F. ) ;
#7654 = ORIENTED_EDGE ( 'NONE', *, *, #1414, .T. ) ;
#7655 = CARTESIAN_POINT ( 'NONE',  ( -0.2168951061243597489, 0.000000000000000000, 2.789540963694128184 ) ) ;
#7656 = AXIS2_PLACEMENT_3D ( 'NONE', #841, #8877, #3846 ) ;
#7657 = DIRECTION ( 'NONE',  ( -0.000000000000000000, 1.000000000000000000, -0.000000000000000000 ) ) ;
#7658 = LINE ( 'NONE', #6212, #6493 ) ;
#7659 = ADVANCED_FACE ( 'NONE', ( #9180 ), #3499, .T. ) ;
#7660 = CARTESIAN_POINT ( 'NONE',  ( 0.8235926953539508544, 0.5032447133622979241, -2.671915601691749131 ) ) ;
#7661 = DIRECTION ( 'NONE',  ( 0.000000000000000000, -1.000000000000000000, 0.000000000000000000 ) ) ;
#7662 = ORIENTED_EDGE ( 'NONE', *, *, #2729, .F. ) ;
#7663 = AXIS2_PLACEMENT_3D ( 'NONE', #7664, #3388, #1226 ) ;
#7664 = CARTESIAN_POINT ( 'NONE',  ( 1.619202367649563046, 0.8000000000000000444, 1.272792206135783033 ) ) ;
#7665 = ORIENTED_EDGE ( 'NONE', *, *, #5931, .T. ) ;
#7666 = VECTOR ( 'NONE', #600, 100.0000000000000000 ) ;
#7667 = CARTESIAN_POINT ( 'NONE',  ( 2.401487272954113017, 0.5316573816869590852, 1.361207873146510927 ) ) ;
#7668 = DIRECTION ( 'NONE',  ( 0.000000000000000000, 0.000000000000000000, 1.000000000000000000 ) ) ;
#7669 = DIRECTION ( 'NONE',  ( -0.000000000000000000, -1.000000000000000000, -0.000000000000000000 ) ) ;
#7670 = CARTESIAN_POINT ( 'NONE',  ( -0.9271593159764039971, 0.8999999999999998002, -2.104845743231120725 ) ) ;
#7671 = B_SPLINE_CURVE_WITH_KNOTS ( 'NONE', 3,
 ( #7887, #695, #2809, #6296 ),
 .UNSPECIFIED., .F., .F.,
 ( 4, 4 ),
 ( 0.0009200113297822501033, 0.001532558367316401307 ),
 .UNSPECIFIED. ) ;
#7672 = EDGE_CURVE ( 'NONE', #5110, #5896, #7022, .T. ) ;
#7673 = VERTEX_POINT ( 'NONE', #4947 ) ;
#7674 = VECTOR ( 'NONE', #6145, 100.0000000000000000 ) ;
#7675 = VECTOR ( 'NONE', #7912, 100.0000000000000142 ) ;
#7676 = DIRECTION ( 'NONE',  ( 0.000000000000000000, -1.000000000000000000, 0.000000000000000000 ) ) ;
#7677 = EDGE_CURVE ( 'NONE', #7640, #6963, #4197, .T. ) ;
#7678 = CARTESIAN_POINT ( 'NONE',  ( 2.490520000137338652, 0.000000000000000000, 1.275784838658418074 ) ) ;
#7679 = ORIENTED_EDGE ( 'NONE', *, *, #4129, .F. ) ;
#7680 = CARTESIAN_POINT ( 'NONE',  ( 2.124922924775961341, 0.9000000000000002442, -0.8801718944397008970 ) ) ;
#7681 = CIRCLE ( 'NONE', #632, 2.299999999999999378 ) ;
#7682 = LINE ( 'NONE', #4769, #1206 ) ;
#7683 = CARTESIAN_POINT ( 'NONE',  ( -2.784936085595036026, 0.5013175801480321825, -0.2740066885232399496 ) ) ;
#7684 = CARTESIAN_POINT ( 'NONE',  ( -1.229627716722707431, 0.5098737586431254520, 2.501809684533269351 ) ) ;
#7685 = DIRECTION ( 'NONE',  ( -0.8766305499217077468, 0.000000000000000000, 0.4811640873381597405 ) ) ;
#7686 = EDGE_CURVE ( 'NONE', #471, #3563, #8273, .T. ) ;
#7687 = ORIENTED_EDGE ( 'NONE', *, *, #9165, .F. ) ;
#7688 = CIRCLE ( 'NONE', #3197, 2.299999999999999822 ) ;
#7689 = VECTOR ( 'NONE', #6734, 100.0000000000000000 ) ;
#7690 = ORIENTED_EDGE ( 'NONE', *, *, #4696, .T. ) ;
#7691 = FACE_OUTER_BOUND ( 'NONE', #6466, .T. ) ;
#7692 = ORIENTED_EDGE ( 'NONE', *, *, #2198, .F. ) ;
#7693 = ORIENTED_EDGE ( 'NONE', *, *, #4936, .F. ) ;
#7694 = DIRECTION ( 'NONE',  ( 0.000000000000000000, 0.000000000000000000, 1.000000000000000000 ) ) ;
#7695 = CARTESIAN_POINT ( 'NONE',  ( 2.707331651296760899, 0.5560412871706275073, 0.3506840417327884429 ) ) ;
#7696 = DIRECTION ( 'NONE',  ( 0.4999999999999997224, 0.000000000000000000, -0.8660254037844388186 ) ) ;
#7697 = CARTESIAN_POINT ( 'NONE',  ( -0.7374309401609248082, 0.000000000000000000, 2.595548052135197459 ) ) ;
#7698 = VECTOR ( 'NONE', #2622, 100.0000000000000000 ) ;
#7699 = CARTESIAN_POINT ( 'NONE',  ( 0.6486476801571645634, 0.000000000000000000, -2.641564709370466169 ) ) ;
#7700 = ORIENTED_EDGE ( 'NONE', *, *, #696, .T. ) ;
#7701 = EDGE_LOOP ( 'NONE', ( #6572, #3330, #892, #3315, #915, #3177 ) ) ;
#7702 = VERTEX_POINT ( 'NONE', #5707 ) ;
#7703 = EDGE_CURVE ( 'NONE', #3746, #4682, #1998, .T. ) ;
#7704 = AXIS2_PLACEMENT_3D ( 'NONE', #2746, #2836, #6323 ) ;
#7705 = FACE_OUTER_BOUND ( 'NONE', #548, .T. ) ;
#7706 = CYLINDRICAL_SURFACE ( 'NONE', #9005, 0.1000000000000000888 ) ;
#7707 = PLANE ( 'NONE',  #7403 ) ;
#7708 = CARTESIAN_POINT ( 'NONE',  ( -0.5683626624762989632, 0.7884388346700346162, -2.372660443432090815 ) ) ;
#7709 = CARTESIAN_POINT ( 'NONE',  ( -0.7949084059125409718, 0.000000000000000000, -2.578525685088093322 ) ) ;
#7710 = ORIENTED_EDGE ( 'NONE', *, *, #8559, .T. ) ;
#7711 = ADVANCED_FACE ( 'NONE', ( #1288 ), #7167, .F. ) ;
#7712 = CARTESIAN_POINT ( 'NONE',  ( -2.680442493798153691, 0.5270647222874778048, -0.6833699837734440452 ) ) ;
#7713 = VERTEX_POINT ( 'NONE', #4108 ) ;
#7714 = CARTESIAN_POINT ( 'NONE',  ( 1.619202367649563046, 0.4000000000000000222, 1.272792206135783033 ) ) ;
#7715 = CARTESIAN_POINT ( 'NONE',  ( -2.502539722507886477, 0.5101996115923986830, -1.227270691418584025 ) ) ;
#7716 = FACE_OUTER_BOUND ( 'NONE', #8361, .T. ) ;
#7717 = DIRECTION ( 'NONE',  ( 0.000000000000000000, 1.000000000000000000, 0.000000000000000000 ) ) ;
#7718 = DIRECTION ( 'NONE',  ( 0.000000000000000000, 0.000000000000000000, -1.000000000000000000 ) ) ;
#7719 = PLANE ( 'NONE',  #3917 ) ;
#7720 = ORIENTED_EDGE ( 'NONE', *, *, #7760, .F. ) ;
#7721 = LINE ( 'NONE', #3446, #5888 ) ;
#7722 = CARTESIAN_POINT ( 'NONE',  ( -0.4987091758571173816, 0.000000000000000000, -2.245281531994576696 ) ) ;
#7723 = ADVANCED_FACE ( 'NONE', ( #9269 ), #1820, .T. ) ;
#7724 = CARTESIAN_POINT ( 'NONE',  ( -2.104845743231127830, 0.000000000000000000, 0.9271593159763842351 ) ) ;
#7725 = DIRECTION ( 'NONE',  ( -0.000000000000000000, -1.000000000000000000, -0.000000000000000000 ) ) ;
#7726 = DIRECTION ( 'NONE',  ( 0.9601057954651814885, 0.000000000000000000, 0.2796370174246805562 ) ) ;
#7727 = EDGE_CURVE ( 'NONE', #3076, #3418, #4248, .T. ) ;
#7728 = ORIENTED_EDGE ( 'NONE', *, *, #4620, .F. ) ;
#7729 = CARTESIAN_POINT ( 'NONE',  ( 1.099587125378899799, 0.8000000000000000444, -0.9727922061357825445 ) ) ;
#7730 = ORIENTED_EDGE ( 'NONE', *, *, #7039, .T. ) ;
#7731 = EDGE_LOOP ( 'NONE', ( #1821, #7783, #3201, #8188 ) ) ;
#7732 = DIRECTION ( 'NONE',  ( 0.000000000000000000, 0.000000000000000000, 1.000000000000000000 ) ) ;
#7733 = CARTESIAN_POINT ( 'NONE',  ( 2.673891364733723908, 0.5013837380188960191, -0.8249980577172220109 ) ) ;
#7734 = DIRECTION ( 'NONE',  ( -0.000000000000000000, -1.000000000000000000, -0.000000000000000000 ) ) ;
#7735 = DIRECTION ( 'NONE',  ( 0.000000000000000000, 0.000000000000000000, -1.000000000000000000 ) ) ;
#7736 = CARTESIAN_POINT ( 'NONE',  ( 1.272792206135787918, 1.000000000000000000, -1.472792206135783433 ) ) ;
#7737 = ORIENTED_EDGE ( 'NONE', *, *, #3628, .F. ) ;
#7738 = ORIENTED_EDGE ( 'NONE', *, *, #8860, .F. ) ;
#7739 = VERTEX_POINT ( 'NONE', #8517 ) ;
#7740 = DIRECTION ( 'NONE',  ( -0.000000000000000000, -1.000000000000000000, -0.000000000000000000 ) ) ;
#7741 = B_SPLINE_CURVE_WITH_KNOTS ( 'NONE', 3,
 ( #5793, #5040, #6451, #4288 ),
 .UNSPECIFIED., .F., .F.,
 ( 4, 4 ),
 ( 0.0008222047956821030949, 0.001178196725235923894 ),
 .UNSPECIFIED. ) ;
#7742 = ORIENTED_EDGE ( 'NONE', *, *, #3390, .T. ) ;
#7743 = CARTESIAN_POINT ( 'NONE',  ( 2.495619672694047164, 0.5270647222874770277, 1.193167610415168278 ) ) ;
#7744 = EDGE_CURVE ( 'NONE', #4483, #2574, #3447, .T. ) ;
#7745 = CARTESIAN_POINT ( 'NONE',  ( -1.790975452365403342, 0.000000000000000000, 2.047196828785470490 ) ) ;
#7746 = DIRECTION ( 'NONE',  ( -0.000000000000000000, -1.000000000000000000, -0.000000000000000000 ) ) ;
#7747 = EDGE_CURVE ( 'NONE', #6783, #3769, #2887, .T. ) ;
#7748 = CARTESIAN_POINT ( 'NONE',  ( -0.3181652209428282307, 0.5153265304226570809, 2.762594194100401079 ) ) ;
#7749 = CARTESIAN_POINT ( 'NONE',  ( -1.785452745114162187, 0.000000000000000000, -2.154640415614418103 ) ) ;
#7750 = ORIENTED_EDGE ( 'NONE', *, *, #8373, .T. ) ;
#7751 = AXIS2_PLACEMENT_3D ( 'NONE', #5380, #5514, #8377 ) ;
#7752 = DIRECTION ( 'NONE',  ( -0.000000000000000000, 1.000000000000000000, 0.000000000000000000 ) ) ;
#7753 = ORIENTED_EDGE ( 'NONE', *, *, #3353, .F. ) ;
#7754 = PLANE ( 'NONE',  #4123 ) ;
#7755 = CARTESIAN_POINT ( 'NONE',  ( 0.2220692941063712733, 0.5180663526250330886, 2.768535436913121650 ) ) ;
#7756 = CARTESIAN_POINT ( 'NONE',  ( 1.205986615744105039, 0.5639694227494322920, 2.438073872837086320 ) ) ;
#7757 = EDGE_CURVE ( 'NONE', #8181, #940, #4295, .T. ) ;
#7758 = CARTESIAN_POINT ( 'NONE',  ( -2.201893169466632827, 0.5013176973172521755, -1.727024527509801732 ) ) ;
#7759 = EDGE_CURVE ( 'NONE', #3769, #5396, #5047, .T. ) ;
#7760 = EDGE_CURVE ( 'NONE', #3016, #6852, #639, .T. ) ;
#7761 = CARTESIAN_POINT ( 'NONE',  ( -1.445997286892676481, 0.8000000000000000444, -1.572792206135783744 ) ) ;
#7762 = B_SPLINE_CURVE_WITH_KNOTS ( 'NONE', 3,
 ( #5546, #2635, #7708, #521 ),
 .UNSPECIFIED., .F., .F.,
 ( 4, 4 ),
 ( 0.001041907151302084262, 0.006534648985770987947 ),
 .UNSPECIFIED. ) ;
#7763 = DIRECTION ( 'NONE',  ( 0.000000000000000000, 1.000000000000000000, 0.000000000000000000 ) ) ;
#7764 = ORIENTED_EDGE ( 'NONE', *, *, #3932, .T. ) ;
#7765 = DIRECTION ( 'NONE',  ( -0.000000000000000000, -1.000000000000000000, -0.000000000000000000 ) ) ;
#7766 = CARTESIAN_POINT ( 'NONE',  ( 1.445997286892675371, 0.8000000000000000444, 1.572792206135783299 ) ) ;
#7767 = DIRECTION ( 'NONE',  ( -0.7790182248460661985, 0.000000000000000000, -0.6270012801882336451 ) ) ;
#7768 = DIRECTION ( 'NONE',  ( -0.000000000000000000, 1.000000000000000000, -0.000000000000000000 ) ) ;
#7769 = DIRECTION ( 'NONE',  ( 0.000000000000000000, 0.000000000000000000, -1.000000000000000000 ) ) ;
#7770 = EDGE_CURVE ( 'NONE', #2284, #1789, #6369, .T. ) ;
#7771 = ORIENTED_EDGE ( 'NONE', *, *, #3274, .T. ) ;
#7772 = CIRCLE ( 'NONE', #7490, 2.299999999999999822 ) ;
#7773 = DIRECTION ( 'NONE',  ( 0.4999999999999997224, 0.000000000000000000, -0.8660254037844388186 ) ) ;
#7774 = ORIENTED_EDGE ( 'NONE', *, *, #3536, .T. ) ;
#7775 = ORIENTED_EDGE ( 'NONE', *, *, #616, .F. ) ;
#7776 = CARTESIAN_POINT ( 'NONE',  ( 2.299999999999999822, 0.000000000000000000, 7.801373251815524918E-15 ) ) ;
#7777 = DIRECTION ( 'NONE',  ( -0.000000000000000000, -1.000000000000000000, -0.000000000000000000 ) ) ;
#7778 = CARTESIAN_POINT ( 'NONE',  ( 0.9263820446220115690, 0.8000000000000000444, -1.272792206135783477 ) ) ;
#7779 = CARTESIAN_POINT ( 'NONE',  ( -1.275784838658426068, 0.000000000000000000, 2.490520000137332879 ) ) ;
#7780 = LINE ( 'NONE', #3796, #5572 ) ;
#7781 = VECTOR ( 'NONE', #1175, 100.0000000000000000 ) ;
#7782 = EDGE_LOOP ( 'NONE', ( #3840, #2154, #594, #5651 ) ) ;
#7783 = ORIENTED_EDGE ( 'NONE', *, *, #7870, .T. ) ;
#7784 = EDGE_CURVE ( 'NONE', #4634, #4765, #9130, .T. ) ;
#7785 = DIRECTION ( 'NONE',  ( -0.1106388429765436943, 0.000000000000000000, -0.9938606775724712072 ) ) ;
#7786 = EDGE_CURVE ( 'NONE', #8532, #8479, #2697, .T. ) ;
#7787 = CIRCLE ( 'NONE', #893, 0.2000000000000000111 ) ;
#7788 = ORIENTED_EDGE ( 'NONE', *, *, #4770, .F. ) ;
#7789 = ORIENTED_EDGE ( 'NONE', *, *, #8228, .T. ) ;
#7790 = CARTESIAN_POINT ( 'NONE',  ( -2.770614537425463375, 0.000000000000000000, 0.4045924925238766900 ) ) ;
#7791 = AXIS2_PLACEMENT_3D ( 'NONE', #6777, #8748, #8042 ) ;
#7792 = CARTESIAN_POINT ( 'NONE',  ( -0.8249980577171927010, 0.5013837380188959081, -2.673891364733733234 ) ) ;
#7793 = DIRECTION ( 'NONE',  ( 0.000000000000000000, 1.000000000000000000, 0.000000000000000000 ) ) ;
#7794 = CARTESIAN_POINT ( 'NONE',  ( 2.432768523710073350, 0.6763576274060106863, 0.8584207641587410231 ) ) ;
#7795 = DIRECTION ( 'NONE',  ( 0.000000000000000000, 1.000000000000000000, -0.000000000000000000 ) ) ;
#7796 = EDGE_CURVE ( 'NONE', #4867, #5110, #7308, .T. ) ;
#7797 = VERTEX_POINT ( 'NONE', #166 ) ;
#7798 = VECTOR ( 'NONE', #3960, 100.0000000000000000 ) ;
#7799 = CARTESIAN_POINT ( 'NONE',  ( -2.689540963694127207, 0.000000000000000000, -0.2168951061243692136 ) ) ;
#7800 = CARTESIAN_POINT ( 'NONE',  ( 2.528461340622425890, 0.000000000000000000, 1.202864601265599243 ) ) ;
#7801 = B_SPLINE_CURVE_WITH_KNOTS ( 'NONE', 3,
 ( #6445, #8645, #2166, #5131 ),
 .UNSPECIFIED., .F., .F.,
 ( 4, 4 ),
 ( 3.282350919508636355E-07, 0.005493070069606437872 ),
 .UNSPECIFIED. ) ;
#7802 = ORIENTED_EDGE ( 'NONE', *, *, #3069, .T. ) ;
#7803 = CARTESIAN_POINT ( 'NONE',  ( -0.9289593691397575181, 0.5482992156844559428, -2.577327035386803633 ) ) ;
#7804 = VECTOR ( 'NONE', #4209, 100.0000000000000142 ) ;
#7805 = DIRECTION ( 'NONE',  ( 0.000000000000000000, 1.000000000000000000, -0.000000000000000000 ) ) ;
#7806 = CARTESIAN_POINT ( 'NONE',  ( -2.673891364733731457, 0.5013837380188946868, 0.8249980577172025820 ) ) ;
#7807 = DIRECTION ( 'NONE',  ( 0.7659158829736000262, 0.000000000000000000, -0.6429407905933255396 ) ) ;
#7808 = ADVANCED_FACE ( 'NONE', ( #1469 ), #1616, .T. ) ;
#7809 = VECTOR ( 'NONE', #4871, 100.0000000000000000 ) ;
#7810 = CARTESIAN_POINT ( 'NONE',  ( -1.802661376420871431, 0.5340002883789661814, 2.086682955803366379 ) ) ;
#7811 = CARTESIAN_POINT ( 'NONE',  ( 2.680176324330242998, 0.000000000000000000, -0.3119758852043972852 ) ) ;
#7812 = CIRCLE ( 'NONE', #2570, 2.300000000000000266 ) ;
#7813 = EDGE_CURVE ( 'NONE', #3156, #7713, #6345, .T. ) ;
#7814 = VERTEX_POINT ( 'NONE', #769 ) ;
#7815 = DIRECTION ( 'NONE',  ( -3.469446951953611033E-15, 0.000000000000000000, 1.000000000000000000 ) ) ;
#7816 = CARTESIAN_POINT ( 'NONE',  ( -1.626345596729038556, 0.000000000000000000, -1.626345596729079634 ) ) ;
#7817 = LINE ( 'NONE', #6370, #5317 ) ;
#7818 = CARTESIAN_POINT ( 'NONE',  ( -2.663179691528190673, 0.5013837380188951309, 0.8589474700274654095 ) ) ;
#7819 = B_SPLINE_CURVE_WITH_KNOTS ( 'NONE', 3,
 ( #8190, #1095, #5472, #6835, #2412, #7486, #3966, #397, #3253, #6128 ),
 .UNSPECIFIED., .F., .F.,
 ( 4, 2, 2, 2, 4 ),
 ( 0.000000000000000000, 0.0003831395918291015737, 0.0007662791836582031474, 0.001149418775487304721, 0.001532558367316406295 ),
 .UNSPECIFIED. ) ;
#7820 = LINE ( 'NONE', #8520, #2511 ) ;
#7821 = AXIS2_PLACEMENT_3D ( 'NONE', #4028, #5497, #1880 ) ;
#7822 = ORIENTED_EDGE ( 'NONE', *, *, #8087, .F. ) ;
#7823 = CONICAL_SURFACE ( 'NONE', #2581, 2.299999999999999822, 0.8960553845713439269 ) ;
#7824 = LINE ( 'NONE', #1388, #1558 ) ;
#7825 = EDGE_CURVE ( 'NONE', #2971, #479, #7352, .T. ) ;
#7826 = ORIENTED_EDGE ( 'NONE', *, *, #2161, .T. ) ;
#7827 = VERTEX_POINT ( 'NONE', #7211 ) ;
#7828 = CARTESIAN_POINT ( 'NONE',  ( 2.385378121632438120, 0.5428504783400834866, 1.361207873146511371 ) ) ;
#7829 = DIRECTION ( 'NONE',  ( -0.000000000000000000, -1.000000000000000000, -0.000000000000000000 ) ) ;
#7830 = VECTOR ( 'NONE', #9054, 100.0000000000000142 ) ;
#7831 = CARTESIAN_POINT ( 'NONE',  ( 2.245281531994570923, 0.8999999999999998002, -0.4987091758571420286 ) ) ;
#7832 = CARTESIAN_POINT ( 'NONE',  ( 0.6486476801571645634, 0.000000000000000000, -2.641564709370466169 ) ) ;
#7833 = CARTESIAN_POINT ( 'NONE',  ( -2.786066592457916435, 0.000000000000000000, -0.2610551053411910849 ) ) ;
#7834 = ORIENTED_EDGE ( 'NONE', *, *, #7543, .F. ) ;
#7835 = ORIENTED_EDGE ( 'NONE', *, *, #1951, .F. ) ;
#7836 = VECTOR ( 'NONE', #5305, 100.0000000000000142 ) ;
#7837 = FACE_OUTER_BOUND ( 'NONE', #962, .T. ) ;
#7838 = ORIENTED_EDGE ( 'NONE', *, *, #9288, .F. ) ;
#7839 = AXIS2_PLACEMENT_3D ( 'NONE', #4608, #982, #1596 ) ;
#7840 = ORIENTED_EDGE ( 'NONE', *, *, #6079, .T. ) ;
#7841 = DIRECTION ( 'NONE',  ( -0.000000000000000000, -1.000000000000000000, -0.000000000000000000 ) ) ;
#7842 = CONICAL_SURFACE ( 'NONE', #2297, 2.299999999999999822, 0.8960553845713439269 ) ;
#7843 = CARTESIAN_POINT ( 'NONE',  ( 1.357174072685332300, 0.5639694227494319589, -2.357262493485920096 ) ) ;
#7844 = CARTESIAN_POINT ( 'NONE',  ( -2.055160654053834079, 0.000000000000000000, 1.748424653360405756 ) ) ;
#7845 = CARTESIAN_POINT ( 'NONE',  ( -2.245281531994575808, 0.8999999999999998002, 0.4987091758571255973 ) ) ;
#7846 = ADVANCED_FACE ( 'NONE', ( #5287 ), #5850, .T. ) ;
#7847 = CYLINDRICAL_SURFACE ( 'NONE', #6892, 0.7500000000000000000 ) ;
#7848 = B_SPLINE_CURVE_WITH_KNOTS ( 'NONE', 3,
 ( #8760, #5091, #3079, #5237, #7959, #7267 ),
 .UNSPECIFIED., .F., .F.,
 ( 4, 2, 4 ),
 ( 0.0002839912414223613626, 0.0009082748043693841811, 0.001532558367316407162 ),
 .UNSPECIFIED. ) ;
#7849 = DIRECTION ( 'NONE',  ( 0.000000000000000000, 0.000000000000000000, 1.000000000000000000 ) ) ;
#7850 = ORIENTED_EDGE ( 'NONE', *, *, #6023, .T. ) ;
#7851 = VECTOR ( 'NONE', #5569, 99.99999999999998579 ) ;
#7852 = DIRECTION ( 'NONE',  ( -0.000000000000000000, -1.000000000000000000, -0.000000000000000000 ) ) ;
#7853 = DIRECTION ( 'NONE',  ( 0.9605471903601712214, 0.000000000000000000, 0.2781170528593689961 ) ) ;
#7854 = EDGE_LOOP ( 'NONE', ( #3064, #8372 ) ) ;
#7855 = CARTESIAN_POINT ( 'NONE',  ( 2.789162174454038912, 0.5013837380188954640, 0.2255907582982634163 ) ) ;
#7856 = CARTESIAN_POINT ( 'NONE',  ( 0.1811758727515853096, 0.5639694227494325141, 2.713997647364021493 ) ) ;
#7857 = DIRECTION ( 'NONE',  ( -0.000000000000000000, 1.000000000000000000, -0.000000000000000000 ) ) ;
#7858 = LINE ( 'NONE', #3579, #7162 ) ;
#7859 = AXIS2_PLACEMENT_3D ( 'NONE', #3774, #8802, #2364 ) ;
#7860 = ORIENTED_EDGE ( 'NONE', *, *, #6262, .T. ) ;
#7861 = LINE ( 'NONE', #2931, #1034 ) ;
#7862 = CYLINDRICAL_SURFACE ( 'NONE', #7568, 0.1000000000000000888 ) ;
#7863 = EDGE_LOOP ( 'NONE', ( #8691, #375, #3142, #6752 ) ) ;
#7864 = CARTESIAN_POINT ( 'NONE',  ( 1.775055825093436068, 0.5013175801480318494, -2.163359767585302684 ) ) ;
#7865 = DIRECTION ( 'NONE',  ( -0.000000000000000000, -1.000000000000000000, -0.000000000000000000 ) ) ;
#7866 = ADVANCED_FACE ( 'NONE', ( #6658 ), #8054, .F. ) ;
#7867 = CARTESIAN_POINT ( 'NONE',  ( 2.357262493485916099, 0.5639694227494315149, 1.357174072685340960 ) ) ;
#7868 = DIRECTION ( 'NONE',  ( 0.000000000000000000, 0.000000000000000000, -1.000000000000000000 ) ) ;
#7869 = CARTESIAN_POINT ( 'NONE',  ( 0.4116107342882320275, 0.5639694227494325141, 2.688714289429698479 ) ) ;
#7870 = EDGE_CURVE ( 'NONE', #7922, #7440, #3120, .T. ) ;
#7871 = B_SPLINE_CURVE_WITH_KNOTS ( 'NONE', 3,
 ( #8115, #7365, #3838, #87 ),
 .UNSPECIFIED., .F., .F.,
 ( 4, 4 ),
 ( 0.001041907151302080359, 0.006534648985770987947 ),
 .UNSPECIFIED. ) ;
#7872 = VERTEX_POINT ( 'NONE', #5947 ) ;
#7873 = DIRECTION ( 'NONE',  ( -0.000000000000000000, 1.000000000000000000, -0.000000000000000000 ) ) ;
#7874 = CIRCLE ( 'NONE', #6375, 0.1000000000000000888 ) ;
#7875 = ORIENTED_EDGE ( 'NONE', *, *, #3066, .T. ) ;
#7876 = VERTEX_POINT ( 'NONE', #8710 ) ;
#7877 = DIRECTION ( 'NONE',  ( -0.000000000000000000, -1.000000000000000000, -0.000000000000000000 ) ) ;
#7878 = CARTESIAN_POINT ( 'NONE',  ( 0.000000000000000000, 0.000000000000000000, 0.000000000000000000 ) ) ;
#7879 = DIRECTION ( 'NONE',  ( -0.2993867340516083719, 0.000000000000000000, -0.9541318480555563974 ) ) ;
#7880 = CARTESIAN_POINT ( 'NONE',  ( -1.357174072685348509, 0.5639694227494327361, 2.357262493485909882 ) ) ;
#7881 = PLANE ( 'NONE',  #2424 ) ;
#7882 = EDGE_CURVE ( 'NONE', #1657, #2702, #8099, .T. ) ;
#7883 = EDGE_LOOP ( 'NONE', ( #7835, #8935, #7020, #2090 ) ) ;
#7884 = EDGE_CURVE ( 'NONE', #1984, #7032, #3035, .T. ) ;
#7885 = LOCAL_TIME ( 23, 20, 42.00000000000000000, #4525 ) ;
#7886 = ORIENTED_EDGE ( 'NONE', *, *, #1841, .T. ) ;
#7887 = CARTESIAN_POINT ( 'NONE',  ( -2.055160654053833191, 0.5287040522811576881, 1.848424653360406955 ) ) ;
#7888 = VERTEX_POINT ( 'NONE', #2984 ) ;
#7889 = EDGE_LOOP ( 'NONE', ( #713, #858, #149, #7850 ) ) ;
#7890 = CARTESIAN_POINT ( 'NONE',  ( -2.450144786393182894, 0.5014441230611194067, 1.351601172150501018 ) ) ;
#7891 = CARTESIAN_POINT ( 'NONE',  ( 2.658157091759138169, 0.5340002883789664034, -0.7335084673065900285 ) ) ;
#7892 = DIRECTION ( 'NONE',  ( 0.000000000000000000, 0.000000000000000000, 1.000000000000000000 ) ) ;
#7893 = CARTESIAN_POINT ( 'NONE',  ( -2.663179691528190673, 0.5013837380188951309, 0.8589474700274654095 ) ) ;
#7894 = CARTESIAN_POINT ( 'NONE',  ( 1.277811535945074795, 0.8999999999999999112, 1.912380108295860914 ) ) ;
#7895 = ORIENTED_EDGE ( 'NONE', *, *, #161, .F. ) ;
#7896 = ADVANCED_FACE ( 'NONE', ( #8804 ), #2276, .F. ) ;
#7897 = DIRECTION ( 'NONE',  ( 0.000000000000000000, 0.000000000000000000, 1.000000000000000000 ) ) ;
#7898 = DIRECTION ( 'NONE',  ( 0.000000000000000000, 0.000000000000000000, 1.000000000000000000 ) ) ;
#7899 = ORIENTED_EDGE ( 'NONE', *, *, #9028, .T. ) ;
#7900 = EDGE_CURVE ( 'NONE', #366, #245, #6941, .T. ) ;
#7901 = CARTESIAN_POINT ( 'NONE',  ( -1.940294437034811192, 0.9000000000000001332, -1.235013156857758032 ) ) ;
#7902 = DIRECTION ( 'NONE',  ( -0.000000000000000000, -1.000000000000000000, -0.000000000000000000 ) ) ;
#7903 = DIRECTION ( 'NONE',  ( 0.000000000000000000, 0.000000000000000000, -1.000000000000000000 ) ) ;
#7904 = CARTESIAN_POINT ( 'NONE',  ( 0.000000000000000000, 0.9000000000000001332, -2.299999999999999822 ) ) ;
#7905 = ORIENTED_EDGE ( 'NONE', *, *, #3455, .F. ) ;
#7906 = CIRCLE ( 'NONE', #3855, 2.299999999999999822 ) ;
#7907 = CARTESIAN_POINT ( 'NONE',  ( 2.357262493485916099, 0.000000000000000000, 1.357174072685340960 ) ) ;
#7908 = EDGE_CURVE ( 'NONE', #5778, #732, #5800, .T. ) ;
#7909 = CARTESIAN_POINT ( 'NONE',  ( 2.299432410651858216, 0.000000000000000000, -0.05109392178902329162 ) ) ;
#7910 = ADVANCED_FACE ( 'NONE', ( #956 ), #4444, .T. ) ;
#7911 = ORIENTED_EDGE ( 'NONE', *, *, #3555, .T. ) ;
#7912 = DIRECTION ( 'NONE',  ( -0.4797759913888166028, 0.000000000000000000, -0.8773910177833360580 ) ) ;
#7913 = CARTESIAN_POINT ( 'NONE',  ( 0.000000000000000000, 0.9000000000000001332, 0.000000000000000000 ) ) ;
#7914 = CARTESIAN_POINT ( 'NONE',  ( -0.8288578182228039104, 0.000000000000000000, -2.567814011882552983 ) ) ;
#7915 = VECTOR ( 'NONE', #8459, 100.0000000000000000 ) ;
#7916 = FACE_OUTER_BOUND ( 'NONE', #2230, .T. ) ;
#7917 = FACE_BOUND ( 'NONE', #8008, .T. ) ;
#7918 = VERTEX_POINT ( 'NONE', #2225 ) ;
#7919 = ORIENTED_EDGE ( 'NONE', *, *, #6388, .F. ) ;
#7920 = CARTESIAN_POINT ( 'NONE',  ( 2.595548052135198791, 0.000000000000000000, 0.7374309401609161485 ) ) ;
#7921 = ORIENTED_EDGE ( 'NONE', *, *, #3207, .F. ) ;
#7922 = VERTEX_POINT ( 'NONE', #1521 ) ;
#7923 = CARTESIAN_POINT ( 'NONE',  ( 1.215190923672088807, 0.5152387927717592131, -2.501415067104245882 ) ) ;
#7924 = DIRECTION ( 'NONE',  ( 0.000000000000000000, 0.000000000000000000, 1.000000000000000000 ) ) ;
#7925 = DIRECTION ( 'NONE',  ( 0.000000000000000000, 0.000000000000000000, 1.000000000000000000 ) ) ;
#7926 = LINE ( 'NONE', #738, #5295 ) ;
#7927 = CARTESIAN_POINT ( 'NONE',  ( 0.000000000000000000, 0.9000000000000001332, 0.000000000000000000 ) ) ;
#7928 = ORIENTED_EDGE ( 'NONE', *, *, #4837, .T. ) ;
#7929 = VECTOR ( 'NONE', #2126, 100.0000000000000142 ) ;
#7930 = EDGE_LOOP ( 'NONE', ( #7325, #7509, #1056, #3149, #1709 ) ) ;
#7931 = CARTESIAN_POINT ( 'NONE',  ( -2.585593199994425717, 0.000000000000000000, -0.7716099316312795553 ) ) ;
#7932 = EDGE_CURVE ( 'NONE', #8306, #847, #6203, .T. ) ;
#7933 = ORIENTED_EDGE ( 'NONE', *, *, #2493, .T. ) ;
#7934 = VERTEX_POINT ( 'NONE', #7268 ) ;
#7935 = EDGE_CURVE ( 'NONE', #5155, #7360, #8761, .T. ) ;
#7936 = LINE ( 'NONE', #1492, #7055 ) ;
#7937 = ADVANCED_FACE ( 'NONE', ( #3426 ), #3492, .T. ) ;
#7938 = CARTESIAN_POINT ( 'NONE',  ( 2.643604787931973732, 0.5484516897053792750, -0.7182544838846433022 ) ) ;
#7939 = EDGE_CURVE ( 'NONE', #6885, #7993, #7658, .T. ) ;
#7940 = FACE_OUTER_BOUND ( 'NONE', #5501, .T. ) ;
#7941 = CARTESIAN_POINT ( 'NONE',  ( 1.413921236619448907, 0.5482992156844559428, 2.346573436627287013 ) ) ;
#7942 = ADVANCED_FACE ( 'NONE', ( #1974 ), #7707, .F. ) ;
#7943 = DIRECTION ( 'NONE',  ( -0.08537965099455006868, 0.000000000000000000, 0.9963484908384460104 ) ) ;
#7944 = ORIENTED_EDGE ( 'NONE', *, *, #4284, .F. ) ;
#7945 = ORIENTED_EDGE ( 'NONE', *, *, #5909, .T. ) ;
#7946 = DIRECTION ( 'NONE',  ( -0.000000000000000000, 1.000000000000000000, -0.000000000000000000 ) ) ;
#7947 = DIRECTION ( 'NONE',  ( 0.000000000000000000, 1.000000000000000000, 0.000000000000000000 ) ) ;
#7948 = EDGE_CURVE ( 'NONE', #3433, #4909, #122, .T. ) ;
#7949 = VERTEX_POINT ( 'NONE', #4040 ) ;
#7950 = DIRECTION ( 'NONE',  ( 0.000000000000000000, 0.000000000000000000, -1.000000000000000000 ) ) ;
#7951 = CARTESIAN_POINT ( 'NONE',  ( 1.229627716723125541, 0.000000000000000000, -2.401809684532834943 ) ) ;
#7952 = CARTESIAN_POINT ( 'NONE',  ( -0.2615973990818769579, 0.5032447133622982571, -2.783703416529455410 ) ) ;
#7953 = AXIS2_PLACEMENT_3D ( 'NONE', #8039, #5785, #7943 ) ;
#7954 = VERTEX_POINT ( 'NONE', #4793 ) ;
#7955 = EDGE_LOOP ( 'NONE', ( #6685, #7479, #6067, #2196 ) ) ;
#7956 = CARTESIAN_POINT ( 'NONE',  ( -1.275784838658426068, 0.5013837380188954640, 2.490520000137332879 ) ) ;
#7957 = CARTESIAN_POINT ( 'NONE',  ( 1.445997286892675815, 0.8000000000000000444, 0.9727922061357835437 ) ) ;
#7958 = CIRCLE ( 'NONE', #5108, 2.299999999999999822 ) ;
#7959 = CARTESIAN_POINT ( 'NONE',  ( -0.6562880640368722318, 0.5510591323805401620, 2.656305853757869873 ) ) ;
#7960 = DIRECTION ( 'NONE',  ( 0.000000000000000000, 1.000000000000000000, -0.000000000000000000 ) ) ;
#7961 = CARTESIAN_POINT ( 'NONE',  ( -2.670320806998551344, 0.5014441230611179634, 0.8363145284872901541 ) ) ;
#7962 = DIRECTION ( 'NONE',  ( -1.000000000000000000, 0.000000000000000000, -0.000000000000000000 ) ) ;
#7963 = FACE_OUTER_BOUND ( 'NONE', #8756, .T. ) ;
#7964 = ADVANCED_FACE ( 'NONE', ( #3476 ), #9109, .T. ) ;
#7965 = B_SPLINE_CURVE_WITH_KNOTS ( 'NONE', 3,
 ( #26, #6412, #5762, #8614 ),
 .UNSPECIFIED., .F., .F.,
 ( 4, 4 ),
 ( 0.001020532167230443245, 0.001527804374222329134 ),
 .UNSPECIFIED. ) ;
#7966 = AXIS2_PLACEMENT_3D ( 'NONE', #5436, #8999, #8299 ) ;
#7967 = VERTEX_POINT ( 'NONE', #9157 ) ;
#7968 = ADVANCED_FACE ( 'NONE', ( #5338 ), #6914, .T. ) ;
#7969 = ORIENTED_EDGE ( 'NONE', *, *, #4172, .T. ) ;
#7970 = AXIS2_PLACEMENT_3D ( 'NONE', #2551, #6919, #5420 ) ;
#7971 = VECTOR ( 'NONE', #7947, 100.0000000000000000 ) ;
#7972 = ORIENTED_EDGE ( 'NONE', *, *, #7677, .F. ) ;
#7973 = VERTEX_POINT ( 'NONE', #1219 ) ;
#7974 = CARTESIAN_POINT ( 'NONE',  ( -2.792427670287676023, 0.000000000000000000, 0.2057855830998442659 ) ) ;
#7975 = DIRECTION ( 'NONE',  ( -0.000000000000000000, 1.000000000000000000, -0.000000000000000000 ) ) ;
#7976 = CYLINDRICAL_SURFACE ( 'NONE', #2149, 0.1000000000000000056 ) ;
#7977 = CIRCLE ( 'NONE', #7527, 0.1000000000000000888 ) ;
#7978 = CARTESIAN_POINT ( 'NONE',  ( 0.000000000000000000, 0.9000000000000001332, 0.000000000000000000 ) ) ;
#7979 = DIRECTION ( 'NONE',  ( 0.000000000000000000, 1.000000000000000000, 0.000000000000000000 ) ) ;
#7980 = ORIENTED_EDGE ( 'NONE', *, *, #49, .T. ) ;
#7981 = ORIENTED_EDGE ( 'NONE', *, *, #1568, .F. ) ;
#7982 = AXIS2_PLACEMENT_3D ( 'NONE', #411, #6890, #1195 ) ;
#7983 = CARTESIAN_POINT ( 'NONE',  ( 1.275831196192048544, 0.7884388346744226617, -2.079617381808680943 ) ) ;
#7984 = VECTOR ( 'NONE', #5900, 99.99999999999998579 ) ;
#7985 = ORIENTED_EDGE ( 'NONE', *, *, #3334, .F. ) ;
#7986 = ORIENTED_EDGE ( 'NONE', *, *, #2615, .T. ) ;
#7987 = LINE ( 'NONE', #6585, #1500 ) ;
#7988 = DIRECTION ( 'NONE',  ( 0.000000000000000000, 0.000000000000000000, 1.000000000000000000 ) ) ;
#7989 = DIRECTION ( 'NONE',  ( -0.000000000000000000, -1.000000000000000000, -0.000000000000000000 ) ) ;
#7990 =( GEOMETRIC_REPRESENTATION_CONTEXT ( 3 ) GLOBAL_UNCERTAINTY_ASSIGNED_CONTEXT ( ( #9264 ) ) GLOBAL_UNIT_ASSIGNED_CONTEXT ( ( #9260, #9217, #8003 ) ) REPRESENTATION_CONTEXT ( 'NONE', 'WORKASPACE' ) );
#7991 = CARTESIAN_POINT ( 'NONE',  ( -0.2255907582982730752, 0.000000000000000000, 2.789162174454038023 ) ) ;
#7992 = CARTESIAN_POINT ( 'NONE',  ( -2.120056922913693409, 0.000000000000000000, -1.829032160353043945 ) ) ;
#7993 = VERTEX_POINT ( 'NONE', #1926 ) ;
#7994 = AXIS2_PLACEMENT_3D ( 'NONE', #7978, #3795, #972 ) ;
#7995 = EDGE_LOOP ( 'NONE', ( #6816, #1745, #4338, #5244 ) ) ;
#7996 = ADVANCED_FACE ( 'NONE', ( #8455 ), #4088, .T. ) ;
#7997 = AXIS2_PLACEMENT_3D ( 'NONE', #1173, #5120, #7146 ) ;
#7998 = AXIS2_PLACEMENT_3D ( 'NONE', #7844, #3566, #2773 ) ;
#7999 = DIRECTION ( 'NONE',  ( 0.000000000000000000, 1.000000000000000000, 0.000000000000000000 ) ) ;
#8001 = VERTEX_POINT ( 'NONE', #1310 ) ;
#8000 = VECTOR ( 'NONE', #383, 100.0000000000000142 ) ;
#8002 = CARTESIAN_POINT ( 'NONE',  ( 2.727140668745497987, 0.5560460307591199580, 0.1236744067756004872 ) ) ;
#8003 =( NAMED_UNIT ( * ) SI_UNIT ( $, .STERADIAN. ) SOLID_ANGLE_UNIT ( ) );
#8004 = CARTESIAN_POINT ( 'NONE',  ( 0.2874956239882474618, 0.000000000000000000, 2.783462428670876676 ) ) ;
#8005 = AXIS2_PLACEMENT_3D ( 'NONE', #8314, #1878, #2711 ) ;
#8006 = DIRECTION ( 'NONE',  ( 0.3008965180465210110, 0.000000000000000000, 0.9536567964563978927 ) ) ;
#8007 = EDGE_LOOP ( 'NONE', ( #5639, #6095, #3760, #3831 ) ) ;
#8008 = EDGE_LOOP ( 'NONE', ( #761, #1491 ) ) ;
#8009 = EDGE_CURVE ( 'NONE', #2671, #7031, #2676, .T. ) ;
#8010 = CARTESIAN_POINT ( 'NONE',  ( -1.830737113942412009, 0.5032341246880194241, -2.113270506503136748 ) ) ;
#8011 = LINE ( 'NONE', #3033, #1105 ) ;
#8012 = DIRECTION ( 'NONE',  ( -0.1106388429765475107, 0.000000000000000000, -0.9938606775724708742 ) ) ;
#8013 = CARTESIAN_POINT ( 'NONE',  ( -0.9263820446220125682, 0.8000000000000000444, -1.272792206135783477 ) ) ;
#8014 = CARTESIAN_POINT ( 'NONE',  ( -2.786066592457916435, 0.5013837380188957971, -0.2610551053411910294 ) ) ;
#8015 = DIRECTION ( 'NONE',  ( 0.000000000000000000, 0.000000000000000000, 1.000000000000000000 ) ) ;
#8016 = CARTESIAN_POINT ( 'NONE',  ( 0.000000000000000000, 0.3000000000000000999, 0.000000000000000000 ) ) ;
#8017 = AXIS2_PLACEMENT_3D ( 'NONE', #7729, #6420, #9276 ) ;
#8018 = VERTEX_POINT ( 'NONE', #5545 ) ;
#8019 = ORIENTED_EDGE ( 'NONE', *, *, #751, .T. ) ;
#8020 = EDGE_CURVE ( 'NONE', #299, #7739, #2018, .T. ) ;
#8021 = ORIENTED_EDGE ( 'NONE', *, *, #5190, .T. ) ;
#8022 = ORIENTED_EDGE ( 'NONE', *, *, #2373, .T. ) ;
#8023 = CYLINDRICAL_SURFACE ( 'NONE', #4043, 0.1000000000000000888 ) ;
#8024 = CARTESIAN_POINT ( 'NONE',  ( 0.9263820446220125682, 0.4000000000000000222, 1.272792206135783255 ) ) ;
#8025 = ADVANCED_FACE ( 'NONE', ( #7005 ), #6253, .T. ) ;
#8026 = LINE ( 'NONE', #1629, #5606 ) ;
#8027 = FACE_OUTER_BOUND ( 'NONE', #7318, .T. ) ;
#8028 = LINE ( 'NONE', #3936, #1526 ) ;
#8029 = VERTEX_POINT ( 'NONE', #8406 ) ;
#8030 = AXIS2_PLACEMENT_3D ( 'NONE', #8285, #1852, #302 ) ;
#8031 = ORIENTED_EDGE ( 'NONE', *, *, #7615, .F. ) ;
#8032 = DIRECTION ( 'NONE',  ( 0.000000000000000000, 0.000000000000000000, 1.000000000000000000 ) ) ;
#8033 = ORIENTED_EDGE ( 'NONE', *, *, #8338, .T. ) ;
#8034 = ORIENTED_EDGE ( 'NONE', *, *, #4642, .T. ) ;
#8035 = DIRECTION ( 'NONE',  ( 0.000000000000000000, 0.000000000000000000, -1.000000000000000000 ) ) ;
#8036 = LINE ( 'NONE', #3847, #5457 ) ;
#8037 = CARTESIAN_POINT ( 'NONE',  ( 2.093494299791570867, 0.000000000000000000, 1.702338303390263263 ) ) ;
#8038 = CARTESIAN_POINT ( 'NONE',  ( -2.499686125209648502, 0.6763576274006434241, 0.6378229956361330943 ) ) ;
#8039 = CARTESIAN_POINT ( 'NONE',  ( -0.4045924925238673087, 0.000000000000000000, -2.770614537425465151 ) ) ;
#8040 = ORIENTED_EDGE ( 'NONE', *, *, #2311, .T. ) ;
#8041 = ORIENTED_EDGE ( 'NONE', *, *, #6269, .F. ) ;
#8042 = DIRECTION ( 'NONE',  ( 0.000000000000000000, 0.000000000000000000, 1.000000000000000000 ) ) ;
#8043 = EDGE_CURVE ( 'NONE', #3407, #2704, #1022, .T. ) ;
#8044 = CARTESIAN_POINT ( 'NONE',  ( 0.2255907582982547843, 0.5013837380188954640, -2.789162174454039800 ) ) ;
#8045 = DATE_AND_TIME ( #2266, #3384 ) ;
#8046 = CARTESIAN_POINT ( 'NONE',  ( 2.006905556262533086, 0.5639694227494321810, -1.836011441959804147 ) ) ;
#8047 = CARTESIAN_POINT ( 'NONE',  ( -2.356772047004894954, 0.000000000000000000, 1.413887210115766901 ) ) ;
#8048 = ORIENTED_EDGE ( 'NONE', *, *, #7039, .F. ) ;
#8049 = VERTEX_POINT ( 'NONE', #4842 ) ;
#8050 = CARTESIAN_POINT ( 'NONE',  ( 0.05109392178901479842, 0.000000000000000000, 2.299432410651858216 ) ) ;
#8051 = CARTESIAN_POINT ( 'NONE',  ( -1.445997286892675815, 0.8000000000000000444, 1.572792206135783299 ) ) ;
#8052 = EDGE_CURVE ( 'NONE', #3581, #4859, #4582, .T. ) ;
#8053 = CARTESIAN_POINT ( 'NONE',  ( -1.883521912966402034, 0.000000000000000000, 1.319979243539603386 ) ) ;
#8054 = PLANE ( 'NONE',  #5297 ) ;
#8055 = EDGE_CURVE ( 'NONE', #6955, #1137, #6042, .T. ) ;
#8056 = DIRECTION ( 'NONE',  ( 0.000000000000000000, 1.000000000000000000, 0.000000000000000000 ) ) ;
#8057 = CARTESIAN_POINT ( 'NONE',  ( -2.255806144927424928, 0.8999999999999999112, -0.4487077406371199340 ) ) ;
#8058 = ADVANCED_FACE ( 'NONE', ( #4629 ), #7488, .T. ) ;
#8059 = DIRECTION ( 'NONE',  ( -1.000000000000000000, 0.000000000000000000, 0.000000000000000000 ) ) ;
#8060 = CIRCLE ( 'NONE', #557, 2.299999999999999378 ) ;
#8061 = ORIENTED_EDGE ( 'NONE', *, *, #5816, .F. ) ;
#8062 = ORIENTED_EDGE ( 'NONE', *, *, #6051, .T. ) ;
#8063 = VECTOR ( 'NONE', #1847, 99.99999999999998579 ) ;
#8064 = VERTEX_POINT ( 'NONE', #6586 ) ;
#8065 = EDGE_LOOP ( 'NONE', ( #6926, #523, #4304, #5985 ) ) ;
#8066 = CARTESIAN_POINT ( 'NONE',  ( -2.438073872837089429, 0.5639694227494331802, 1.205986615744095936 ) ) ;
#8067 = DIRECTION ( 'NONE',  ( 0.000000000000000000, 0.000000000000000000, 1.000000000000000000 ) ) ;
#8068 = CARTESIAN_POINT ( 'NONE',  ( 2.688714289429696702, 0.000000000000000000, -0.4116107342882420195 ) ) ;
#8069 = CARTESIAN_POINT ( 'NONE',  ( 1.099587125378900243, 0.4000000000000000222, 0.9727922061357835437 ) ) ;
#8070 = CARTESIAN_POINT ( 'NONE',  ( 0.000000000000000000, 0.9000000000000001332, 0.000000000000000000 ) ) ;
#8071 = ORIENTED_EDGE ( 'NONE', *, *, #2180, .T. ) ;
#8072 = ORIENTED_EDGE ( 'NONE', *, *, #5756, .T. ) ;
#8073 = CARTESIAN_POINT ( 'NONE',  ( 2.201893169466644373, 0.5013176973172515094, 1.727024527509786189 ) ) ;
#8074 = EDGE_CURVE ( 'NONE', #790, #2177, #7688, .T. ) ;
#8075 = CIRCLE ( 'NONE', #2819, 0.1000000000000000888 ) ;
#8076 = ORIENTED_EDGE ( 'NONE', *, *, #2210, .F. ) ;
#8077 = ORIENTED_EDGE ( 'NONE', *, *, #6440, .T. ) ;
#8078 = CARTESIAN_POINT ( 'NONE',  ( -0.9263820446220129012, 0.8000000000000000444, 1.272792206135783477 ) ) ;
#8079 = LINE ( 'NONE', #6727, #202 ) ;
#8080 = CARTESIAN_POINT ( 'NONE',  ( 2.124922924775961341, 0.000000000000000000, -0.8801718944397008970 ) ) ;
#8081 = DIRECTION ( 'NONE',  ( 0.000000000000000000, 1.000000000000000000, 0.000000000000000000 ) ) ;
#8082 = CARTESIAN_POINT ( 'NONE',  ( -2.055160654053834079, 0.000000000000000000, 1.748424653360405756 ) ) ;
#8083 = EDGE_CURVE ( 'NONE', #8351, #2054, #3924, .T. ) ;
#8084 = ORIENTED_EDGE ( 'NONE', *, *, #101, .F. ) ;
#8085 = ORIENTED_EDGE ( 'NONE', *, *, #6975, .F. ) ;
#8086 = B_SPLINE_CURVE_WITH_KNOTS ( 'NONE', 3,
 ( #7213, #4150, #770, #1470, #586, #8564 ),
 .UNSPECIFIED., .F., .F.,
 ( 4, 2, 4 ),
 ( 0.0008088723071879146218, 0.001168338340705117866, 0.001527804374222321111 ),
 .UNSPECIFIED. ) ;
#8087 = EDGE_CURVE ( 'NONE', #5646, #7330, #4372, .T. ) ;
#8088 = AXIS2_PLACEMENT_3D ( 'NONE', #6880, #3258, #4762 ) ;
#8089 = CARTESIAN_POINT ( 'NONE',  ( 2.143951337957556103, 0.000000000000000000, 0.8327500588231765422 ) ) ;
#8090 = DIRECTION ( 'NONE',  ( -0.000000000000000000, -1.000000000000000000, -0.000000000000000000 ) ) ;
#8091 = EDGE_CURVE ( 'NONE', #847, #8800, #7102, .T. ) ;
#8092 = CARTESIAN_POINT ( 'NONE',  ( 1.836011441959797041, 0.5639694227494324030, 2.006905556262539303 ) ) ;
#8093 = CARTESIAN_POINT ( 'NONE',  ( -0.2008335847846616229, 0.5340002883789660704, -2.750181751685224274 ) ) ;
#8094 = AXIS2_PLACEMENT_3D ( 'NONE', #995, #8325, #4574 ) ;
#8095 = ORIENTED_EDGE ( 'NONE', *, *, #534, .F. ) ;
#8096 = ORIENTED_EDGE ( 'NONE', *, *, #820, .F. ) ;
#8097 = CARTESIAN_POINT ( 'NONE',  ( -2.750181751685222498, 0.5340002883789658483, 0.2008335847846709488 ) ) ;
#8098 = CYLINDRICAL_SURFACE ( 'NONE', #188, 0.1000000000000000056 ) ;
#8099 = LINE ( 'NONE', #75, #8744 ) ;
#8100 = VECTOR ( 'NONE', #2396, 100.0000000000000142 ) ;
#8101 = LINE ( 'NONE', #2226, #6046 ) ;
#8102 = DIRECTION ( 'NONE',  ( 0.000000000000000000, 0.000000000000000000, 1.000000000000000000 ) ) ;
#8103 = B_SPLINE_CURVE_WITH_KNOTS ( 'NONE', 3,
 ( #8616, #2183, #1333, #5050 ),
 .UNSPECIFIED., .F., .F.,
 ( 4, 4 ),
 ( 3.282350919357535206E-07, 0.005493070069560849339 ),
 .UNSPECIFIED. ) ;
#8104 = CARTESIAN_POINT ( 'NONE',  ( -1.272792206135788140, 0.8000000000000000444, -1.472792206135783211 ) ) ;
#8105 = EDGE_CURVE ( 'NONE', #9134, #7876, #1494, .T. ) ;
#8106 = VERTEX_POINT ( 'NONE', #8496 ) ;
#8107 = ORIENTED_EDGE ( 'NONE', *, *, #1534, .F. ) ;
#8108 = VERTEX_POINT ( 'NONE', #9295 ) ;
#8109 = AXIS2_PLACEMENT_3D ( 'NONE', #6288, #5401, #9144 ) ;
#8110 = EDGE_LOOP ( 'NONE', ( #7911, #6639, #3707, #7919 ) ) ;
#8111 = ORIENTED_EDGE ( 'NONE', *, *, #6079, .F. ) ;
#8112 = DIRECTION ( 'NONE',  ( -0.000000000000000000, -1.000000000000000000, -0.000000000000000000 ) ) ;
#8113 = CARTESIAN_POINT ( 'NONE',  ( 0.000000000000000000, 0.3000000000000000999, 0.000000000000000000 ) ) ;
#8114 = DIRECTION ( 'NONE',  ( -0.000000000000000000, -1.000000000000000000, -0.000000000000000000 ) ) ;
#8115 = CARTESIAN_POINT ( 'NONE',  ( 1.658458538036021057, 0.5639694227494324030, 2.155950649801652741 ) ) ;
#8116 = LINE ( 'NONE', #6716, #4823 ) ;
#8117 = AXIS2_PLACEMENT_3D ( 'NONE', #4013, #1244, #4684 ) ;
#8118 = ORIENTED_EDGE ( 'NONE', *, *, #5169, .T. ) ;
#8119 = ORIENTED_EDGE ( 'NONE', *, *, #7948, .F. ) ;
#8120 = EDGE_CURVE ( 'NONE', #3901, #3276, #4241, .T. ) ;
#8121 = CARTESIAN_POINT ( 'NONE',  ( 2.214891587127937544, 0.5270647222874778048, 1.657112474924760548 ) ) ;
#8122 = AXIS2_PLACEMENT_3D ( 'NONE', #1963, #1302, #2580 ) ;
#8123 = ORIENTED_EDGE ( 'NONE', *, *, #3516, .F. ) ;
#8124 = ORIENTED_EDGE ( 'NONE', *, *, #6717, .T. ) ;
#8125 = CARTESIAN_POINT ( 'NONE',  ( -2.656604439835551723, 0.5102758125174861048, -0.8431023688205983024 ) ) ;
#8126 = CARTESIAN_POINT ( 'NONE',  ( -2.154640415614411886, 0.5013837380188959081, 1.785452745114168849 ) ) ;
#8127 = PLANE ( 'NONE',  #4397 ) ;
#8128 = DIRECTION ( 'NONE',  ( 0.000000000000000000, 0.000000000000000000, 1.000000000000000000 ) ) ;
#8129 = CARTESIAN_POINT ( 'NONE',  ( 2.169229072541756231, 0.5032447133622982571, -1.764053043772720653 ) ) ;
#8130 = LINE ( 'NONE', #5879, #9137 ) ;
#8131 = ORIENTED_EDGE ( 'NONE', *, *, #817, .T. ) ;
#8132 = ORIENTED_EDGE ( 'NONE', *, *, #652, .F. ) ;
#8133 = VECTOR ( 'NONE', #5918, 100.0000000000000000 ) ;
#8134 = VECTOR ( 'NONE', #679, 100.0000000000000142 ) ;
#8135 = VECTOR ( 'NONE', #6703, 100.0000000000000000 ) ;
#8136 = CARTESIAN_POINT ( 'NONE',  ( -2.047196828785463829, 0.5639694227494328471, -1.790975452365409559 ) ) ;
#8137 = EDGE_CURVE ( 'NONE', #6666, #8392, #6522, .T. ) ;
#8138 = LINE ( 'NONE', #4573, #3643 ) ;
#8139 = VECTOR ( 'NONE', #1771, 100.0000000000000000 ) ;
#8140 = DIRECTION ( 'NONE',  ( 1.000000000000000000, 0.000000000000000000, 0.000000000000000000 ) ) ;
#8141 = CARTESIAN_POINT ( 'NONE',  ( -2.171495263774692486, 0.5013837380188957971, -1.764915053207617435 ) ) ;
#8142 = LINE ( 'NONE', #3074, #267 ) ;
#8143 = ORIENTED_EDGE ( 'NONE', *, *, #4056, .T. ) ;
#8144 = EDGE_LOOP ( 'NONE', ( #8263, #775, #5222, #997 ) ) ;
#8145 = AXIS2_PLACEMENT_3D ( 'NONE', #5266, #1694, #4567 ) ;
#8146 = DIRECTION ( 'NONE',  ( -0.000000000000000000, -1.000000000000000000, -0.000000000000000000 ) ) ;
#8147 = DIRECTION ( 'NONE',  ( -0.000000000000000000, -1.000000000000000000, -0.000000000000000000 ) ) ;
#8148 = CIRCLE ( 'NONE', #2454, 0.7500000000000000000 ) ;
#8149 = CARTESIAN_POINT ( 'NONE',  ( 2.154640415614399451, 0.5013837380188954640, -1.785452745114184392 ) ) ;
#8150 = CARTESIAN_POINT ( 'NONE',  ( 2.461564155185408609, 0.5013837380188954640, -1.330796278752354178 ) ) ;
#8151 = DIRECTION ( 'NONE',  ( 0.000000000000000000, 0.000000000000000000, -1.000000000000000000 ) ) ;
#8152 = DIRECTION ( 'NONE',  ( 0.9605471903601702222, 0.000000000000000000, 0.2781170528593723268 ) ) ;
#8153 = CYLINDRICAL_SURFACE ( 'NONE', #8963, 2.299999999999999822 ) ;
#8154 = ORIENTED_EDGE ( 'NONE', *, *, #9165, .T. ) ;
#8155 = ORIENTED_EDGE ( 'NONE', *, *, #7908, .F. ) ;
#8156 = VECTOR ( 'NONE', #1060, 100.0000000000000000 ) ;
#8157 = CARTESIAN_POINT ( 'NONE',  ( 2.078902249923457735, 0.000000000000000000, -1.875677327064328326 ) ) ;
#8158 = EDGE_CURVE ( 'NONE', #89, #4203, #1008, .T. ) ;
#8159 = ORIENTED_EDGE ( 'NONE', *, *, #712, .F. ) ;
#8160 = EDGE_LOOP ( 'NONE', ( #184, #1354, #6409, #2005 ) ) ;
#8161 = CARTESIAN_POINT ( 'NONE',  ( 0.000000000000000000, 0.9000000000000001332, 0.000000000000000000 ) ) ;
#8162 = CARTESIAN_POINT ( 'NONE',  ( -2.372609569176725941, 0.5304517272642785830, 1.413887210115822635 ) ) ;
#8163 = CARTESIAN_POINT ( 'NONE',  ( -2.409224000263969323, 0.5271463900493871257, -1.358985246680057601 ) ) ;
#8164 = EDGE_CURVE ( 'NONE', #2103, #89, #4224, .T. ) ;
#8165 = CARTESIAN_POINT ( 'NONE',  ( 2.689540963694129427, 0.000000000000000000, 0.2168951061243503953 ) ) ;
#8166 = DIRECTION ( 'NONE',  ( 0.000000000000000000, 0.000000000000000000, -1.000000000000000000 ) ) ;
#8167 = VERTEX_POINT ( 'NONE', #6393 ) ;
#8168 = VERTEX_POINT ( 'NONE', #2813 ) ;
#8169 = CARTESIAN_POINT ( 'NONE',  ( -2.717352668980064223, 0.5639694227494329581, -0.1208403870883520970 ) ) ;
#8170 = EDGE_LOOP ( 'NONE', ( #4877, #2628, #3820, #3787 ) ) ;
#8171 = EDGE_LOOP ( 'NONE', ( #5214, #7474, #3805, #1286, #1254, #1949 ) ) ;
#8172 = CARTESIAN_POINT ( 'NONE',  ( 0.000000000000000000, 0.4000000000000000222, -1.250000000000000000 ) ) ;
#8173 = CARTESIAN_POINT ( 'NONE',  ( -1.912380108295837822, 0.000000000000000000, -1.277811535945108545 ) ) ;
#8174 = FACE_BOUND ( 'NONE', #2435, .T. ) ;
#8175 = EDGE_CURVE ( 'NONE', #4859, #2471, #3481, .T. ) ;
#8176 = CARTESIAN_POINT ( 'NONE',  ( -1.619202367649564378, 0.8000000000000000444, -1.272792206135783255 ) ) ;
#8177 = LINE ( 'NONE', #8880, #6640 ) ;
#8178 = EDGE_CURVE ( 'NONE', #5794, #602, #8540, .T. ) ;
#8179 = ADVANCED_FACE ( 'NONE', ( #8735 ), #943, .T. ) ;
#8180 = EDGE_LOOP ( 'NONE', ( #4021, #8447, #3833, #7579 ) ) ;
#8181 = VERTEX_POINT ( 'NONE', #3946 ) ;
#8182 = EDGE_LOOP ( 'NONE', ( #8815, #6864, #4547, #8966 ) ) ;
#8183 = VECTOR ( 'NONE', #3488, 100.0000000000000000 ) ;
#8184 = CARTESIAN_POINT ( 'NONE',  ( -1.836011441959783275, 0.000000000000000000, -2.006905556262552182 ) ) ;
#8185 = DIRECTION ( 'NONE',  ( 0.000000000000000000, -0.000000000000000000, 1.000000000000000000 ) ) ;
#8186 = DIRECTION ( 'NONE',  ( -0.4999999999999994449, 0.000000000000000000, -0.8660254037844389297 ) ) ;
#8187 = ORIENTED_EDGE ( 'NONE', *, *, #970, .T. ) ;
#8188 = ORIENTED_EDGE ( 'NONE', *, *, #4448, .F. ) ;
#8189 = EDGE_CURVE ( 'NONE', #655, #3606, #8079, .T. ) ;
#8190 = CARTESIAN_POINT ( 'NONE',  ( 2.691558631681717273, 0.5013837380188957971, 0.7653946419033839099 ) ) ;
#8191 = CARTESIAN_POINT ( 'NONE',  ( 2.047196828785476264, 0.5639694227494324030, 1.790975452365395792 ) ) ;
#8192 = CARTESIAN_POINT ( 'NONE',  ( -0.05109392178899865855, 0.000000000000000000, -2.299432410651859104 ) ) ;
#8193 = CARTESIAN_POINT ( 'NONE',  ( -2.464262899386302497, 0.000000000000000000, -1.151527806643399598 ) ) ;
#8194 = LINE ( 'NONE', #6972, #4692 ) ;
#8195 = CARTESIAN_POINT ( 'NONE',  ( 0.2610551053411629407, 0.5013837380188954640, -2.786066592457919544 ) ) ;
#8196 = CARTESIAN_POINT ( 'NONE',  ( 2.192260848153295694, 0.5639694227494324030, 1.610155365304522412 ) ) ;
#8197 = ADVANCED_FACE ( 'NONE', ( #1031, #8174 ), #8127, .T. ) ;
#8198 = ORIENTED_EDGE ( 'NONE', *, *, #1238, .F. ) ;
#8199 = VERTEX_POINT ( 'NONE', #8219 ) ;
#8200 = CARTESIAN_POINT ( 'NONE',  ( -1.912380108295837822, 0.000000000000000000, -1.277811535945108545 ) ) ;
#8201 = EDGE_CURVE ( 'NONE', #8524, #3469, #3807, .T. ) ;
#8202 = ORIENTED_EDGE ( 'NONE', *, *, #8009, .F. ) ;
#8203 = ORIENTED_EDGE ( 'NONE', *, *, #999, .F. ) ;
#8204 = CARTESIAN_POINT ( 'NONE',  ( -0.7071693041342074215, 0.000000000000000000, -2.626503284226975321 ) ) ;
#8205 = DIRECTION ( 'NONE',  ( -0.9601057954651842641, 0.000000000000000000, -0.2796370174246705642 ) ) ;
#8206 = PLANE ( 'NONE',  #4406 ) ;
#8207 = CARTESIAN_POINT ( 'NONE',  ( 2.299999999999999822, 0.9000000000000001332, 7.801373251815524918E-15 ) ) ;
#8208 = B_SPLINE_CURVE_WITH_KNOTS ( 'NONE', 3,
 ( #7818, #5666, #27, #542, #5621, #8565, #635, #4111, #1290, #5763 ),
 .UNSPECIFIED., .F., .F.,
 ( 4, 2, 2, 2, 4 ),
 ( 0.000000000000000000, 0.0003485379513395934744, 0.0006970759026791869487, 0.001045613854018780532, 0.001394151805358373897 ),
 .UNSPECIFIED. ) ;
#8209 = PLANE ( 'NONE',  #30 ) ;
#8210 = ORIENTED_EDGE ( 'NONE', *, *, #3686, .T. ) ;
#8211 = ORIENTED_EDGE ( 'NONE', *, *, #5648, .F. ) ;
#8212 = AXIS2_PLACEMENT_3D ( 'NONE', #9082, #2643, #3218 ) ;
#8213 = CARTESIAN_POINT ( 'NONE',  ( -2.736637056491971087, 0.5482992156844563869, -0.1280538085463353848 ) ) ;
#8214 = VERTEX_POINT ( 'NONE', #6820 ) ;
#8215 = VERTEX_POINT ( 'NONE', #285 ) ;
#8216 = FACE_BOUND ( 'NONE', #6055, .T. ) ;
#8217 = CARTESIAN_POINT ( 'NONE',  ( 2.336244413527202912, 0.5560460307591200690, -1.412286665758717197 ) ) ;
#8218 = EDGE_CURVE ( 'NONE', #3886, #5714, #8831, .T. ) ;
#8219 = CARTESIAN_POINT ( 'NONE',  ( -0.9271593159764039971, 0.8999999999999998002, -2.104845743231120725 ) ) ;
#8220 = DIRECTION ( 'NONE',  ( 0.000000000000000000, 1.000000000000000000, 0.000000000000000000 ) ) ;
#8221 = CARTESIAN_POINT ( 'NONE',  ( -0.4987091758571173816, 0.8999999999999998002, -2.245281531994576696 ) ) ;
#8222 = B_SPLINE_CURVE_WITH_KNOTS ( 'NONE', 3,
 ( #4298, #7215, #726, #7869 ),
 .UNSPECIFIED., .F., .F.,
 ( 4, 4 ),
 ( 3.282350919421587838E-07, 0.005493070069607284417 ),
 .UNSPECIFIED. ) ;
#8223 = ORIENTED_EDGE ( 'NONE', *, *, #9240, .F. ) ;
#8224 = VERTEX_POINT ( 'NONE', #334 ) ;
#8225 = ORIENTED_EDGE ( 'NONE', *, *, #9196, .F. ) ;
#8226 = EDGE_CURVE ( 'NONE', #5300, #1657, #2445, .T. ) ;
#8227 = DIRECTION ( 'NONE',  ( 0.000000000000000000, -1.000000000000000000, -0.000000000000000000 ) ) ;
#8228 = EDGE_CURVE ( 'NONE', #1338, #2681, #8036, .T. ) ;
#8229 = EDGE_CURVE ( 'NONE', #68, #5778, #6657, .T. ) ;
#8230 = FACE_OUTER_BOUND ( 'NONE', #2799, .T. ) ;
#8231 = ADVANCED_FACE ( 'NONE', ( #7429 ), #5362, .T. ) ;
#8232 = CARTESIAN_POINT ( 'NONE',  ( -2.131741159607270397, 0.5102758125174871040, -1.795563527837740647 ) ) ;
#8233 = CARTESIAN_POINT ( 'NONE',  ( 0.8801718944396935695, 0.000000000000000000, 2.124922924775964006 ) ) ;
#8234 = ORIENTED_EDGE ( 'NONE', *, *, #5551, .F. ) ;
#8235 = ORIENTED_EDGE ( 'NONE', *, *, #1503, .F. ) ;
#8236 = CIRCLE ( 'NONE', #5385, 2.100000000000000089 ) ;
#8237 = CIRCLE ( 'NONE', #4175, 0.1000000000000000888 ) ;
#8238 = EDGE_CURVE ( 'NONE', #5491, #5155, #4556, .T. ) ;
#8239 = CARTESIAN_POINT ( 'NONE',  ( -0.4107407135206999627, 0.5560460307591196250, -2.698867105337617200 ) ) ;
#8240 = DIRECTION ( 'NONE',  ( -0.000000000000000000, -1.000000000000000000, -0.000000000000000000 ) ) ;
#8241 = CARTESIAN_POINT ( 'NONE',  ( 2.444435101997056936, 0.5013837380188957971, -1.362003618849599862 ) ) ;
#8242 = AXIS2_PLACEMENT_3D ( 'NONE', #4133, #1221, #567 ) ;
#8243 = CARTESIAN_POINT ( 'NONE',  ( 0.000000000000000000, 0.9000000000000001332, -2.299999999999999822 ) ) ;
#8244 = CARTESIAN_POINT ( 'NONE',  ( -1.261207873146519054, 0.000000000000000000, 2.385378121632432791 ) ) ;
#8245 = FACE_OUTER_BOUND ( 'NONE', #362, .T. ) ;
#8246 = VERTEX_POINT ( 'NONE', #4655 ) ;
#8247 = DIRECTION ( 'NONE',  ( -0.000000000000000000, -1.000000000000000000, -0.000000000000000000 ) ) ;
#8248 = VECTOR ( 'NONE', #5835, 100.0000000000000284 ) ;
#8249 = CIRCLE ( 'NONE', #7791, 0.1000000000000000888 ) ;
#8250 = VERTEX_POINT ( 'NONE', #2305 ) ;
#8251 = DIRECTION ( 'NONE',  ( -0.000000000000000000, -1.000000000000000000, -0.000000000000000000 ) ) ;
#8252 = DIRECTION ( 'NONE',  ( -0.000000000000000000, -1.000000000000000000, -0.000000000000000000 ) ) ;
#8253 = ADVANCED_FACE ( 'NONE', ( #3145 ), #2393, .F. ) ;
#8254 = CARTESIAN_POINT ( 'NONE',  ( -2.177508764149872267, 0.5271463900493873478, 1.705771604345809767 ) ) ;
#8255 = CARTESIAN_POINT ( 'NONE',  ( 2.717352668980065555, 0.5639694227494326251, 0.1208403870883331815 ) ) ;
#8256 = CARTESIAN_POINT ( 'NONE',  ( -1.634248292248229986E-14, 0.000000000000000000, 2.299999999999999378 ) ) ;
#8257 = ADVANCED_FACE ( 'NONE', ( #6019 ), #4467, .T. ) ;
#8258 = EDGE_LOOP ( 'NONE', ( #3941, #653, #4289, #4648, #3963, #298, #2462 ) ) ;
#8259 = VECTOR ( 'NONE', #7841, 100.0000000000000000 ) ;
#8260 = ORIENTED_EDGE ( 'NONE', *, *, #9121, .F. ) ;
#8261 = CARTESIAN_POINT ( 'NONE',  ( 1.883521912966392930, 0.000000000000000000, -1.319979243539616709 ) ) ;
#8262 = ORIENTED_EDGE ( 'NONE', *, *, #2649, .F. ) ;
#8263 = ORIENTED_EDGE ( 'NONE', *, *, #9156, .F. ) ;
#8264 = PLANE ( 'NONE',  #3001 ) ;
#8265 = CARTESIAN_POINT ( 'NONE',  ( 2.326531492178983918, 0.5639694227494326251, -1.409205145698870343 ) ) ;
#8266 = AXIS2_PLACEMENT_3D ( 'NONE', #8484, #7136, #4872 ) ;
#8267 = CARTESIAN_POINT ( 'NONE',  ( -2.698867105337614536, 0.5560460307591199580, 0.4107407135207092330 ) ) ;
#8268 = DIRECTION ( 'NONE',  ( 0.000000000000000000, 0.000000000000000000, -1.000000000000000000 ) ) ;
#8269 = CARTESIAN_POINT ( 'NONE',  ( 2.006905556262533086, 0.5639694227494321810, -1.836011441959804147 ) ) ;
#8270 = EDGE_LOOP ( 'NONE', ( #1764, #9234, #3002, #1306 ) ) ;
#8271 = VERTEX_POINT ( 'NONE', #6071 ) ;
#8272 = ORIENTED_EDGE ( 'NONE', *, *, #6636, .T. ) ;
#8273 = CIRCLE ( 'NONE', #4210, 2.299999999999999822 ) ;
#8274 = DIRECTION ( 'NONE',  ( -0.000000000000000000, -1.000000000000000000, -0.000000000000000000 ) ) ;
#8275 = AXIS2_PLACEMENT_3D ( 'NONE', #4943, #22, #3496 ) ;
#8276 = CARTESIAN_POINT ( 'NONE',  ( 1.785452745114176398, 0.5013837380188957971, 2.154640415614405669 ) ) ;
#8277 = ADVANCED_FACE ( 'NONE', ( #5928 ), #8932, .T. ) ;
#8278 = CARTESIAN_POINT ( 'NONE',  ( -2.163359767585283144, 0.5013175801480327376, -1.775055825093458273 ) ) ;
#8279 = DIRECTION ( 'NONE',  ( 0.4825509779128804300, 0.000000000000000000, 0.8758678859938424655 ) ) ;
#8280 = VERTEX_POINT ( 'NONE', #3990 ) ;
#8281 = AXIS2_PLACEMENT_3D ( 'NONE', #2055, #4968, #605 ) ;
#8282 = AXIS2_PLACEMENT_3D ( 'NONE', #5946, #4396, #955 ) ;
#8283 = CARTESIAN_POINT ( 'NONE',  ( -0.3357828369005165237, 0.5013176973172517314, -2.778164346255870054 ) ) ;
#8284 = VECTOR ( 'NONE', #278, 99.99999999999998579 ) ;
#8285 = CARTESIAN_POINT ( 'NONE',  ( -1.272792206135788140, 0.000000000000000000, -1.272792206135783255 ) ) ;
#8286 = LINE ( 'NONE', #3968, #4399 ) ;
#8287 = CARTESIAN_POINT ( 'NONE',  ( -1.912380108295865355, 0.9000000000000002442, 1.277811535945067023 ) ) ;
#8288 = CARTESIAN_POINT ( 'NONE',  ( 2.792427670287674690, 0.000000000000000000, -0.2057855830998647495 ) ) ;
#8289 = AXIS2_PLACEMENT_3D ( 'NONE', #1415, #7902, #4187 ) ;
#8290 = CARTESIAN_POINT ( 'NONE',  ( -2.299432410651858660, 0.9000000000000001332, 0.05109392178900629133 ) ) ;
#8291 = EDGE_CURVE ( 'NONE', #467, #111, #509, .T. ) ;
#8292 = VERTEX_POINT ( 'NONE', #3373 ) ;
#8293 = CIRCLE ( 'NONE', #8430, 1.250000000000000000 ) ;
#8294 = ORIENTED_EDGE ( 'NONE', *, *, #3029, .F. ) ;
#8295 = VECTOR ( 'NONE', #7050, 100.0000000000000000 ) ;
#8296 = VECTOR ( 'NONE', #2416, 100.0000000000000000 ) ;
#8297 = ORIENTED_EDGE ( 'NONE', *, *, #266, .F. ) ;
#8298 = CARTESIAN_POINT ( 'NONE',  ( -0.3228824516354747987, 0.000000000000000000, -2.779579779042262722 ) ) ;
#8299 = DIRECTION ( 'NONE',  ( 3.469446951953616950E-15, 0.000000000000000000, 1.000000000000000000 ) ) ;
#8300 = DIRECTION ( 'NONE',  ( -0.000000000000000000, 1.000000000000000000, -0.000000000000000000 ) ) ;
#8301 = LINE ( 'NONE', #2656, #7391 ) ;
#8302 = LINE ( 'NONE', #3312, #6480 ) ;
#8303 = CYLINDRICAL_SURFACE ( 'NONE', #6610, 0.1000000000000000888 ) ;
#8304 = AXIS2_PLACEMENT_3D ( 'NONE', #7504, #4014, #2520 ) ;
#8305 = EDGE_LOOP ( 'NONE', ( #8585, #7112, #4184, #3898 ) ) ;
#8306 = VERTEX_POINT ( 'NONE', #3280 ) ;
#8307 = EDGE_CURVE ( 'NONE', #732, #5856, #1124, .T. ) ;
#8308 = CARTESIAN_POINT ( 'NONE',  ( 2.713997647364021493, 0.5639694227494324030, -0.1811758727515953293 ) ) ;
#8309 = ADVANCED_FACE ( 'NONE', ( #1300 ), #4828, .T. ) ;
#8310 = ORIENTED_EDGE ( 'NONE', *, *, #820, .T. ) ;
#8311 = VERTEX_POINT ( 'NONE', #8355 ) ;
#8312 = LINE ( 'NONE', #1122, #5255 ) ;
#8313 = CARTESIAN_POINT ( 'NONE',  ( 0.7995736333737202273, 0.5013837380188951309, -2.681603779540952193 ) ) ;
#8314 = CARTESIAN_POINT ( 'NONE',  ( 0.000000000000000000, 1.000000000000000000, 0.000000000000000000 ) ) ;
#8315 = CARTESIAN_POINT ( 'NONE',  ( 0.000000000000000000, 0.4000000000000000222, 0.000000000000000000 ) ) ;
#8316 = CARTESIAN_POINT ( 'NONE',  ( 2.124922924775961341, 0.9000000000000002442, -0.8801718944397008970 ) ) ;
#8317 = VECTOR ( 'NONE', #436, 100.0000000000000000 ) ;
#8318 = VERTEX_POINT ( 'NONE', #8443 ) ;
#8319 = VECTOR ( 'NONE', #685, 100.0000000000000000 ) ;
#8320 = VERTEX_POINT ( 'NONE', #3239 ) ;
#8321 = ORIENTED_EDGE ( 'NONE', *, *, #8724, .F. ) ;
#8322 = APPROVAL_PERSON_ORGANIZATION ( #5791, #6559, #2215 ) ;
#8323 = DIRECTION ( 'NONE',  ( 0.08695652173913366589, 0.000000000000000000, -0.9962121075990953978 ) ) ;
#8324 = CARTESIAN_POINT ( 'NONE',  ( 0.000000000000000000, 0.000000000000000000, 0.000000000000000000 ) ) ;
#8325 = DIRECTION ( 'NONE',  ( 0.000000000000000000, 1.000000000000000000, 0.000000000000000000 ) ) ;
#8326 = CARTESIAN_POINT ( 'NONE',  ( -1.662001210117448613, 0.5241604227605196620, 2.215771117704257165 ) ) ;
#8327 = EDGE_LOOP ( 'NONE', ( #2384, #2422, #684, #5548 ) ) ;
#8328 = VECTOR ( 'NONE', #7341, 100.0000000000000000 ) ;
#8329 = CARTESIAN_POINT ( 'NONE',  ( 0.000000000000000000, 0.9000000000000001332, 0.000000000000000000 ) ) ;
#8330 = CARTESIAN_POINT ( 'NONE',  ( -2.789162174454036691, 0.000000000000000000, -0.2255907582982829285 ) ) ;
#8331 = DIRECTION ( 'NONE',  ( 0.000000000000000000, 0.000000000000000000, 1.000000000000000000 ) ) ;
#8332 = CARTESIAN_POINT ( 'NONE',  ( 2.115771117704252635, 0.000000000000000000, 1.674570589714849511 ) ) ;
#8333 = LINE ( 'NONE', #7624, #6119 ) ;
#8334 = ORIENTED_EDGE ( 'NONE', *, *, #8291, .T. ) ;
#8335 = CARTESIAN_POINT ( 'NONE',  ( 0.8249980577172126850, 0.5013837380188960191, 2.673891364733726572 ) ) ;
#8336 = EDGE_CURVE ( 'NONE', #2582, #796, #8598, .T. ) ;
#8337 = EDGE_CURVE ( 'NONE', #435, #4850, #1793, .T. ) ;
#8338 = EDGE_CURVE ( 'NONE', #7330, #6724, #2008, .T. ) ;
#8339 = ORIENTED_EDGE ( 'NONE', *, *, #5271, .F. ) ;
#8340 = LINE ( 'NONE', #1863, #1222 ) ;
#8341 = FACE_OUTER_BOUND ( 'NONE', #874, .T. ) ;
#8342 = EDGE_CURVE ( 'NONE', #839, #3746, #8445, .T. ) ;
#8343 = CARTESIAN_POINT ( 'NONE',  ( -1.673030232386769844, 0.000000000000000000, 2.245210422548378659 ) ) ;
#8344 = DIRECTION ( 'NONE',  ( -0.000000000000000000, -1.000000000000000000, -0.000000000000000000 ) ) ;
#8345 = DIRECTION ( 'NONE',  ( -0.000000000000000000, 1.000000000000000000, 0.000000000000000000 ) ) ;
#8346 = EDGE_LOOP ( 'NONE', ( #6931, #4106, #1303, #459 ) ) ;
#8347 = ORIENTED_EDGE ( 'NONE', *, *, #5832, .T. ) ;
#8348 = DIRECTION ( 'NONE',  ( -0.000000000000000000, -1.000000000000000000, -0.000000000000000000 ) ) ;
#8349 = EDGE_CURVE ( 'NONE', #3116, #185, #6289, .T. ) ;
#8350 = B_SPLINE_CURVE_WITH_KNOTS ( 'NONE', 3,
 ( #4532, #8707, #113, #8097, #3822, #4441, #6699, #2274, #4340, #7266 ),
 .UNSPECIFIED., .F., .F.,
 ( 4, 2, 2, 2, 4 ),
 ( 5.364336092018246629E-18, 0.0003819510935555855903, 0.0007639021871111660849, 0.001145853280666746634, 0.001527804374222327399 ),
 .UNSPECIFIED. ) ;
#8351 = VERTEX_POINT ( 'NONE', #4873 ) ;
#8352 = ORIENTED_EDGE ( 'NONE', *, *, #3231, .T. ) ;
#8353 = CARTESIAN_POINT ( 'NONE',  ( 0.7949084059125600676, 0.5048081289386103787, 2.678525685088086750 ) ) ;
#8354 = DIRECTION ( 'NONE',  ( -0.000000000000000000, -1.000000000000000000, -0.000000000000000000 ) ) ;
#8355 = CARTESIAN_POINT ( 'NONE',  ( -1.764915053207610107, 0.5013837380188954640, 2.171495263774698703 ) ) ;
#8356 = CARTESIAN_POINT ( 'NONE',  ( -2.178920869745585964, 0.5014441230611190736, -1.755659148649146184 ) ) ;
#8357 = CARTESIAN_POINT ( 'NONE',  ( 0.000000000000000000, 0.9000000000000001332, 0.000000000000000000 ) ) ;
#8358 = ORIENTED_EDGE ( 'NONE', *, *, #1896, .F. ) ;
#8359 = ORIENTED_EDGE ( 'NONE', *, *, #6138, .T. ) ;
#8360 = VECTOR ( 'NONE', #2557, 100.0000000000000000 ) ;
#8361 = EDGE_LOOP ( 'NONE', ( #417, #5528, #6556, #6708 ) ) ;
#8362 = CARTESIAN_POINT ( 'NONE',  ( 2.786066592457918656, 0.000000000000000000, 0.2610551053411717115 ) ) ;
#8363 = CARTESIAN_POINT ( 'NONE',  ( 2.464262899386311378, 0.5639694227494312928, 1.151527806643384055 ) ) ;
#8364 = DIRECTION ( 'NONE',  ( 0.000000000000000000, 0.000000000000000000, 1.000000000000000000 ) ) ;
#8365 = AXIS2_PLACEMENT_3D ( 'NONE', #9025, #6215, #2636 ) ;
#8366 = EDGE_CURVE ( 'NONE', #7922, #2474, #3958, .T. ) ;
#8367 = LINE ( 'NONE', #8458, #6444 ) ;
#8368 = LINE ( 'NONE', #8233, #2053 ) ;
#8369 = EDGE_CURVE ( 'NONE', #4070, #8882, #3651, .T. ) ;
#8370 = ORIENTED_EDGE ( 'NONE', *, *, #6112, .T. ) ;
#8371 = LINE ( 'NONE', #3574, #6778 ) ;
#8372 = ORIENTED_EDGE ( 'NONE', *, *, #3254, .F. ) ;
#8373 = EDGE_CURVE ( 'NONE', #8463, #6379, #2667, .T. ) ;
#8374 = CARTESIAN_POINT ( 'NONE',  ( 1.662073109026489526, 0.9000000000000001332, 1.589815391877628992 ) ) ;
#8375 = FACE_OUTER_BOUND ( 'NONE', #1362, .T. ) ;
#8376 = CARTESIAN_POINT ( 'NONE',  ( -2.658157091759144830, 0.5340002883789655153, 0.7335084673065707106 ) ) ;
#8377 = DIRECTION ( 'NONE',  ( 0.000000000000000000, 0.000000000000000000, -1.000000000000000000 ) ) ;
#8378 = ORIENTED_EDGE ( 'NONE', *, *, #3317, .F. ) ;
#8379 = CYLINDRICAL_SURFACE ( 'NONE', #430, 0.1000000000000000888 ) ;
#8380 = AXIS2_PLACEMENT_3D ( 'NONE', #8244, #3919, #6045 ) ;
#8381 = ORIENTED_EDGE ( 'NONE', *, *, #3674, .F. ) ;
#8382 = CARTESIAN_POINT ( 'NONE',  ( 1.319979243539610270, 0.000000000000000000, 1.883521912966397371 ) ) ;
#8383 = FACE_OUTER_BOUND ( 'NONE', #331, .T. ) ;
#8384 = DIRECTION ( 'NONE',  ( -0.000000000000000000, 1.000000000000000000, 0.000000000000000000 ) ) ;
#8385 = CARTESIAN_POINT ( 'NONE',  ( 0.7716099316312531320, 0.000000000000000000, -2.585593199994433267 ) ) ;
#8386 = DIRECTION ( 'NONE',  ( 0.000000000000000000, 0.000000000000000000, -1.000000000000000000 ) ) ;
#8387 = EDGE_CURVE ( 'NONE', #6882, #790, #1832, .T. ) ;
#8388 = ORIENTED_EDGE ( 'NONE', *, *, #442, .F. ) ;
#8389 = ORIENTED_EDGE ( 'NONE', *, *, #831, .F. ) ;
#8390 = CARTESIAN_POINT ( 'NONE',  ( 0.8327500588231692147, 0.8999999999999998002, -2.143951337957559211 ) ) ;
#8391 = ORIENTED_EDGE ( 'NONE', *, *, #46, .T. ) ;
#8392 = VERTEX_POINT ( 'NONE', #4025 ) ;
#8393 = CARTESIAN_POINT ( 'NONE',  ( 2.650779118482404773, 0.5134697536193275624, 0.8481962566295421224 ) ) ;
#8394 = CARTESIAN_POINT ( 'NONE',  ( -1.445997286892675593, 0.8000000000000000444, 0.9727922061357832106 ) ) ;
#8395 = CARTESIAN_POINT ( 'NONE',  ( -2.078902249923470613, 0.000000000000000000, 1.875677327064313449 ) ) ;
#8396 = CARTESIAN_POINT ( 'NONE',  ( -1.151527806643392049, 0.5639694227494324030, 2.464262899386306049 ) ) ;
#8397 = CYLINDRICAL_SURFACE ( 'NONE', #8122, 0.1000000000000000888 ) ;
#8398 = AXIS2_PLACEMENT_3D ( 'NONE', #4378, #7999, #1557 ) ;
#8399 = ORIENTED_EDGE ( 'NONE', *, *, #6392, .T. ) ;
#8400 = EDGE_CURVE ( 'NONE', #976, #8718, #3468, .T. ) ;
#8401 = EDGE_LOOP ( 'NONE', ( #5177, #5754, #5407, #3221 ) ) ;
#8402 = VERTEX_POINT ( 'NONE', #4701 ) ;
#8403 = CARTESIAN_POINT ( 'NONE',  ( 2.474088437236945826, 0.5013837380188946868, 1.307364995081795156 ) ) ;
#8404 = AXIS2_PLACEMENT_3D ( 'NONE', #657, #1401, #2203 ) ;
#8405 = DIRECTION ( 'NONE',  ( 0.000000000000000000, 0.000000000000000000, -1.000000000000000000 ) ) ;
#8406 = CARTESIAN_POINT ( 'NONE',  ( 2.783462428670875788, 0.5013837380188954640, -0.2874956239882578979 ) ) ;
#8407 = DIRECTION ( 'NONE',  ( 0.000000000000000000, 0.000000000000000000, -1.000000000000000000 ) ) ;
#8408 = CARTESIAN_POINT ( 'NONE',  ( -2.245210422548372442, 0.000000000000000000, -1.673030232386777616 ) ) ;
#8409 = VERTEX_POINT ( 'NONE', #7564 ) ;
#8410 = EDGE_CURVE ( 'NONE', #6225, #3859, #6208, .T. ) ;
#8411 = CIRCLE ( 'NONE', #4371, 0.2000000000000000111 ) ;
#8412 = CARTESIAN_POINT ( 'NONE',  ( 2.553493141988640414, 0.6763576274056652959, 0.3673168551980379726 ) ) ;
#8413 = ORIENTED_EDGE ( 'NONE', *, *, #5832, .F. ) ;
#8414 = AXIS2_PLACEMENT_3D ( 'NONE', #834, #88, #6577 ) ;
#8415 = FACE_OUTER_BOUND ( 'NONE', #5870, .T. ) ;
#8416 = CARTESIAN_POINT ( 'NONE',  ( -1.748424653360398873, 0.000000000000000000, -2.055160654053840297 ) ) ;
#8417 = DIRECTION ( 'NONE',  ( 0.000000000000000000, 0.000000000000000000, 1.000000000000000000 ) ) ;
#8418 = CARTESIAN_POINT ( 'NONE',  ( -2.635449273119033098, 0.5560412871706268412, 0.7120611603336167716 ) ) ;
#8419 = CARTESIAN_POINT ( 'NONE',  ( -1.020324823231660405, 0.7884388346700355044, -2.216188383468740142 ) ) ;
#8420 = VECTOR ( 'NONE', #8723, 100.0000000000000000 ) ;
#8421 = PLANE ( 'NONE',  #1622 ) ;
#8422 = LINE ( 'NONE', #1995, #6674 ) ;
#8423 = ORIENTED_EDGE ( 'NONE', *, *, #4325, .T. ) ;
#8424 = CARTESIAN_POINT ( 'NONE',  ( -2.078048827317052094, 0.000000000000000000, 1.721158666054836583 ) ) ;
#8425 = CIRCLE ( 'NONE', #8289, 0.1000000000000000056 ) ;
#8426 = DIRECTION ( 'NONE',  ( -0.000000000000000000, 1.000000000000000000, -0.000000000000000000 ) ) ;
#8427 = CARTESIAN_POINT ( 'NONE',  ( -0.9373384435179636931, 0.000000000000000000, -2.638445876326311001 ) ) ;
#8428 = CARTESIAN_POINT ( 'NONE',  ( 0.8801718944396935695, 0.9000000000000004663, 2.124922924775964006 ) ) ;
#8429 = CARTESIAN_POINT ( 'NONE',  ( 0.000000000000000000, 0.3000000000000000999, 0.7500000000000000000 ) ) ;
#8430 = AXIS2_PLACEMENT_3D ( 'NONE', #6231, #3182, #1868 ) ;
#8431 = B_SPLINE_CURVE_WITH_KNOTS ( 'NONE', 3,
 ( #2432, #7419, #6529, #6672 ),
 .UNSPECIFIED., .F., .F.,
 ( 4, 4 ),
 ( 3.282350919546652253E-07, 0.005493070069607288754 ),
 .UNSPECIFIED. ) ;
#8432 = ORIENTED_EDGE ( 'NONE', *, *, #5345, .T. ) ;
#8433 = VECTOR ( 'NONE', #540, 100.0000000000000000 ) ;
#8434 = EDGE_CURVE ( 'NONE', #1907, #4892, #3414, .T. ) ;
#8435 = ORIENTED_EDGE ( 'NONE', *, *, #4497, .F. ) ;
#8436 = LINE ( 'NONE', #1337, #661 ) ;
#8437 = VECTOR ( 'NONE', #3757, 100.0000000000000142 ) ;
#8438 = ADVANCED_FACE ( 'NONE', ( #4307 ), #40, .T. ) ;
#8439 = ORIENTED_EDGE ( 'NONE', *, *, #8336, .F. ) ;
#8440 = ORIENTED_EDGE ( 'NONE', *, *, #2515, .F. ) ;
#8441 = CARTESIAN_POINT ( 'NONE',  ( 1.275784838658408971, 0.5013837380188953530, -2.490520000137342649 ) ) ;
#8442 = CYLINDRICAL_SURFACE ( 'NONE', #8869, 0.1000000000000000888 ) ;
#8443 = CARTESIAN_POINT ( 'NONE',  ( 1.445997286892675593, 0.4000000000000000222, -1.572792206135783744 ) ) ;
#8444 = CARTESIAN_POINT ( 'NONE',  ( -1.358985246680050496, 0.5271463900493872368, 2.409224000263973764 ) ) ;
#8445 = CIRCLE ( 'NONE', #948, 2.299999999999999822 ) ;
#8446 = CYLINDRICAL_SURFACE ( 'NONE', #4064, 0.1000000000000000888 ) ;
#8447 = ORIENTED_EDGE ( 'NONE', *, *, #6078, .T. ) ;
#8448 = ORIENTED_EDGE ( 'NONE', *, *, #14, .T. ) ;
#8449 = VERTEX_POINT ( 'NONE', #1393 ) ;
#8450 = DIRECTION ( 'NONE',  ( -0.000000000000000000, -1.000000000000000000, -0.000000000000000000 ) ) ;
#8451 = EDGE_CURVE ( 'NONE', #8409, #6897, #1342, .T. ) ;
#8452 = VERTEX_POINT ( 'NONE', #2238 ) ;
#8453 = CARTESIAN_POINT ( 'NONE',  ( -1.728472303048578684, 0.5153265304226570809, -2.178425873581378180 ) ) ;
#8454 = EDGE_CURVE ( 'NONE', #1710, #1666, #4262, .T. ) ;
#8455 = FACE_OUTER_BOUND ( 'NONE', #950, .T. ) ;
#8456 = EDGE_CURVE ( 'NONE', #6955, #3356, #5719, .T. ) ;
#8457 = CARTESIAN_POINT ( 'NONE',  ( 2.473776249455857279, 0.5153265304226573029, -1.270270387249484934 ) ) ;
#8458 = CARTESIAN_POINT ( 'NONE',  ( 2.576739882529724301, 0.000000000000000000, 0.8712172545039762461 ) ) ;
#8459 = DIRECTION ( 'NONE',  ( -0.000000000000000000, -1.000000000000000000, -0.000000000000000000 ) ) ;
#8460 = ORIENTED_EDGE ( 'NONE', *, *, #7935, .T. ) ;
#8461 = CARTESIAN_POINT ( 'NONE',  ( -0.1437017210598180994, 0.000000000000000000, 2.796310035629891111 ) ) ;
#8462 = ADVANCED_FACE ( 'NONE', ( #86 ), #7088, .T. ) ;
#8463 = VERTEX_POINT ( 'NONE', #598 ) ;
#8464 = PLANE ( 'NONE',  #3976 ) ;
#8465 = PLANE ( 'NONE',  #1084 ) ;
#8466 = LINE ( 'NONE', #2642, #5993 ) ;
#8467 = CARTESIAN_POINT ( 'NONE',  ( -2.214891587127925998, 0.5270647222874784710, -1.657112474924774981 ) ) ;
#8468 = CIRCLE ( 'NONE', #5936, 2.299999999999999822 ) ;
#8469 = PLANE ( 'NONE',  #5676 ) ;
#8470 = FACE_OUTER_BOUND ( 'NONE', #9106, .T. ) ;
#8471 = VERTEX_POINT ( 'NONE', #2951 ) ;
#8472 = DIRECTION ( 'NONE',  ( -0.000000000000000000, -1.000000000000000000, -0.000000000000000000 ) ) ;
#8473 = DIRECTION ( 'NONE',  ( -0.000000000000000000, 1.000000000000000000, -0.000000000000000000 ) ) ;
#8474 = FACE_OUTER_BOUND ( 'NONE', #9008, .T. ) ;
#8475 = CARTESIAN_POINT ( 'NONE',  ( -0.4987091758571173816, 0.000000000000000000, -2.245281531994576696 ) ) ;
#8476 = CARTESIAN_POINT ( 'NONE',  ( 0.000000000000000000, 0.9000000000000001332, 0.000000000000000000 ) ) ;
#8477 = EDGE_CURVE ( 'NONE', #8882, #8607, #6528, .T. ) ;
#8478 = EDGE_CURVE ( 'NONE', #5595, #7221, #8148, .T. ) ;
#8479 = VERTEX_POINT ( 'NONE', #7831 ) ;
#8480 = LINE ( 'NONE', #4910, #4716 ) ;
#8481 = ORIENTED_EDGE ( 'NONE', *, *, #8883, .F. ) ;
#8482 = ORIENTED_EDGE ( 'NONE', *, *, #993, .F. ) ;
#8483 = CARTESIAN_POINT ( 'NONE',  ( 2.585593199994430158, 0.000000000000000000, 0.7716099316312621248 ) ) ;
#8484 = CARTESIAN_POINT ( 'NONE',  ( 0.8327500588231692147, 0.000000000000000000, -2.143951337957559211 ) ) ;
#8485 = ADVANCED_FACE ( 'NONE', ( #3552 ), #6473, .T. ) ;
#8486 = DIRECTION ( 'NONE',  ( 0.000000000000000000, 1.000000000000000000, 0.000000000000000000 ) ) ;
#8487 = DIRECTION ( 'NONE',  ( -0.000000000000000000, 1.000000000000000000, -0.000000000000000000 ) ) ;
#8488 = CARTESIAN_POINT ( 'NONE',  ( 1.662073109026489526, 0.000000000000000000, 1.589815391877628992 ) ) ;
#8489 = VERTEX_POINT ( 'NONE', #8629 ) ;
#8490 = ORIENTED_EDGE ( 'NONE', *, *, #7111, .T. ) ;
#8491 = VERTEX_POINT ( 'NONE', #2093 ) ;
#8492 = DIRECTION ( 'NONE',  ( 0.000000000000000000, -0.000000000000000000, 1.000000000000000000 ) ) ;
#8493 = ORIENTED_EDGE ( 'NONE', *, *, #5588, .T. ) ;
#8494 = EDGE_LOOP ( 'NONE', ( #848, #5170, #8391, #7133 ) ) ;
#8495 = DIRECTION ( 'NONE',  ( -0.6417277264383880464, 0.000000000000000000, -0.7669325427442869048 ) ) ;
#8496 = CARTESIAN_POINT ( 'NONE',  ( 2.093494299791570867, 0.000000000000000000, 1.802338303390263352 ) ) ;
#8497 = DIRECTION ( 'NONE',  ( 0.8660254037844387076, 0.000000000000000000, -0.4999999999999999445 ) ) ;
#8498 = CARTESIAN_POINT ( 'NONE',  ( -0.2865027175168345930, 0.5032447133622983682, 2.781250456765739010 ) ) ;
#8499 = FACE_OUTER_BOUND ( 'NONE', #8928, .T. ) ;
#8500 = ORIENTED_EDGE ( 'NONE', *, *, #952, .T. ) ;
#8501 = EDGE_CURVE ( 'NONE', #373, #3275, #8579, .T. ) ;
#8502 = EDGE_CURVE ( 'NONE', #7140, #1390, #5813, .T. ) ;
#8503 = VECTOR ( 'NONE', #1608, 100.0000000000000000 ) ;
#8504 = CARTESIAN_POINT ( 'NONE',  ( 0.000000000000000000, 0.000000000000000000, 0.000000000000000000 ) ) ;
#8505 = CARTESIAN_POINT ( 'NONE',  ( 0.7995736333737202273, 0.000000000000000000, -2.681603779540952193 ) ) ;
#8506 = ORIENTED_EDGE ( 'NONE', *, *, #5129, .F. ) ;
#8507 = DIRECTION ( 'NONE',  ( 0.000000000000000000, 1.000000000000000000, 0.000000000000000000 ) ) ;
#8508 = CARTESIAN_POINT ( 'NONE',  ( 2.666750249263363237, 0.5014441230611190736, -0.8476309992573972663 ) ) ;
#8509 = LINE ( 'NONE', #4895, #8837 ) ;
#8510 = DIRECTION ( 'NONE',  ( -0.000000000000000000, -1.000000000000000000, -0.000000000000000000 ) ) ;
#8511 = EDGE_CURVE ( 'NONE', #796, #4601, #3600, .T. ) ;
#8512 = DIRECTION ( 'NONE',  ( -0.000000000000000000, 1.000000000000000000, -0.000000000000000000 ) ) ;
#8513 = VECTOR ( 'NONE', #444, 100.0000000000000142 ) ;
#8514 = DIRECTION ( 'NONE',  ( -3.469446951953611033E-15, 0.000000000000000000, 1.000000000000000000 ) ) ;
#8515 = ORIENTED_EDGE ( 'NONE', *, *, #6272, .F. ) ;
#8516 = DIRECTION ( 'NONE',  ( -0.08537965099455006868, 0.000000000000000000, 0.9963484908384460104 ) ) ;
#8517 = CARTESIAN_POINT ( 'NONE',  ( 0.7071693041342268504, 0.000000000000000000, 2.626503284226969104 ) ) ;
#8518 = DIRECTION ( 'NONE',  ( 0.1106388429765364084, 0.000000000000000000, 0.9938606775724720954 ) ) ;
#8519 = DIRECTION ( 'NONE',  ( -0.000000000000000000, -1.000000000000000000, -0.000000000000000000 ) ) ;
#8520 = CARTESIAN_POINT ( 'NONE',  ( -1.785452745114162187, 0.000000000000000000, -2.154640415614418103 ) ) ;
#8521 = VERTEX_POINT ( 'NONE', #5105 ) ;
#8522 = FACE_OUTER_BOUND ( 'NONE', #7930, .T. ) ;
#8523 = ADVANCED_FACE ( 'NONE', ( #2192 ), #7976, .T. ) ;
#8524 = VERTEX_POINT ( 'NONE', #9192 ) ;
#8525 = ORIENTED_EDGE ( 'NONE', *, *, #4936, .T. ) ;
#8526 = CARTESIAN_POINT ( 'NONE',  ( 0.6744209498761423172, 0.5338837825254066916, -2.673909772614564417 ) ) ;
#8527 = PLANE ( 'NONE',  #6316 ) ;
#8528 = DIRECTION ( 'NONE',  ( -0.3024055482590232713, 0.000000000000000000, -0.9531793558308738756 ) ) ;
#8529 = FACE_OUTER_BOUND ( 'NONE', #641, .T. ) ;
#8530 = DIRECTION ( 'NONE',  ( -0.000000000000000000, 1.000000000000000000, -0.000000000000000000 ) ) ;
#8531 = AXIS2_PLACEMENT_3D ( 'NONE', #4930, #662, #3527 ) ;
#8532 = VERTEX_POINT ( 'NONE', #1481 ) ;
#8533 = ORIENTED_EDGE ( 'NONE', *, *, #4963, .T. ) ;
#8534 = CARTESIAN_POINT ( 'NONE',  ( 0.000000000000000000, 0.000000000000000000, 0.000000000000000000 ) ) ;
#8535 = VECTOR ( 'NONE', #8876, 100.0000000000000000 ) ;
#8536 = ORIENTED_EDGE ( 'NONE', *, *, #7473, .T. ) ;
#8537 = VERTEX_POINT ( 'NONE', #4357 ) ;
#8538 = CARTESIAN_POINT ( 'NONE',  ( -2.461564155185417047, 0.5013837380188960191, 1.330796278752337303 ) ) ;
#8539 = CIRCLE ( 'NONE', #4507, 0.1000000000000000888 ) ;
#8540 = LINE ( 'NONE', #1075, #3641 ) ;
#8541 = CARTESIAN_POINT ( 'NONE',  ( -0.9263820446220129012, 0.8000000000000000444, 1.272792206135783477 ) ) ;
#8542 = CARTESIAN_POINT ( 'NONE',  ( -0.8120558045686891990, 0.5013175801480314053, 2.677968266516833395 ) ) ;
#8543 = FACE_OUTER_BOUND ( 'NONE', #5953, .T. ) ;
#8544 = VERTEX_POINT ( 'NONE', #7226 ) ;
#8545 = VECTOR ( 'NONE', #1356, 100.0000000000000142 ) ;
#8546 = EDGE_CURVE ( 'NONE', #4096, #8521, #2758, .T. ) ;
#8547 = DIRECTION ( 'NONE',  ( 0.000000000000000000, 1.000000000000000000, -0.000000000000000000 ) ) ;
#8548 = CARTESIAN_POINT ( 'NONE',  ( 0.9282438859800703490, 0.5639694227494331802, 2.556750127584891619 ) ) ;
#8549 = VERTEX_POINT ( 'NONE', #4211 ) ;
#8550 = EDGE_CURVE ( 'NONE', #387, #6398, #647, .T. ) ;
#8551 = CARTESIAN_POINT ( 'NONE',  ( 0.000000000000000000, 0.9000000000000001332, 0.000000000000000000 ) ) ;
#8552 = AXIS2_PLACEMENT_3D ( 'NONE', #6424, #689, #7924 ) ;
#8553 = LINE ( 'NONE', #7015, #4388 ) ;
#8554 = CARTESIAN_POINT ( 'NONE',  ( -2.299432410651858660, 0.000000000000000000, 0.05109392178900629133 ) ) ;
#8555 = CARTESIAN_POINT ( 'NONE',  ( -2.544703144519313565, 0.6763576274057464532, 0.4239514176985286209 ) ) ;
#8556 = CARTESIAN_POINT ( 'NONE',  ( -2.104845743231127830, 0.000000000000000000, 0.9271593159763842351 ) ) ;
#8557 = AXIS2_PLACEMENT_3D ( 'NONE', #8788, #4517, #5364 ) ;
#8558 = DIRECTION ( 'NONE',  ( -1.000000000000000000, 0.000000000000000000, 0.000000000000000000 ) ) ;
#8559 = EDGE_CURVE ( 'NONE', #6738, #4010, #3362, .T. ) ;
#8560 = ORIENTED_EDGE ( 'NONE', *, *, #4616, .F. ) ;
#8561 = CARTESIAN_POINT ( 'NONE',  ( 0.5683626624763167268, 0.7884388346700349492, 2.372660443432086375 ) ) ;
#8562 = LINE ( 'NONE', #2789, #9161 ) ;
#8563 = EDGE_CURVE ( 'NONE', #5064, #6379, #2129, .T. ) ;
#8564 = CARTESIAN_POINT ( 'NONE',  ( 1.785452745114176398, 0.5013837380188957971, 2.154640415614405669 ) ) ;
#8565 = CARTESIAN_POINT ( 'NONE',  ( -2.614737912948174703, 0.5231022316829760932, 0.9177877346549776494 ) ) ;
#8566 = CARTESIAN_POINT ( 'NONE',  ( -1.610155365304530406, 0.000000000000000000, 2.192260848153289476 ) ) ;
#8567 = AXIS2_PLACEMENT_3D ( 'NONE', #8476, #4252, #7769 ) ;
#8568 = VECTOR ( 'NONE', #1571, 100.0000000000000000 ) ;
#8569 = B_SPLINE_CURVE_WITH_KNOTS ( 'NONE', 3,
 ( #8971, #9014, #2533, #8396 ),
 .UNSPECIFIED., .F., .F.,
 ( 4, 4 ),
 ( 3.282350919333466236E-07, 0.005493070069560838931 ),
 .UNSPECIFIED. ) ;
#8570 = ORIENTED_EDGE ( 'NONE', *, *, #3345, .F. ) ;
#8571 = DIRECTION ( 'NONE',  ( -0.4999999999999992228, 0.000000000000000000, -0.8660254037844390407 ) ) ;
#8572 = VECTOR ( 'NONE', #5994, 100.0000000000000000 ) ;
#8573 = VERTEX_POINT ( 'NONE', #8774 ) ;
#8574 = ORIENTED_EDGE ( 'NONE', *, *, #593, .T. ) ;
#8575 = CARTESIAN_POINT ( 'NONE',  ( 1.785452745114176842, 0.000000000000000000, 2.154640415614405669 ) ) ;
#8576 = DIRECTION ( 'NONE',  ( 0.000000000000000000, 0.000000000000000000, 1.000000000000000000 ) ) ;
#8577 = VECTOR ( 'NONE', #3471, 100.0000000000000000 ) ;
#8578 = B_SPLINE_CURVE_WITH_KNOTS ( 'NONE', 3,
 ( #6535, #1591, #7983, #5213 ),
 .UNSPECIFIED., .F., .F.,
 ( 4, 4 ),
 ( 0.001041878843619262109, 0.006534620678121657450 ),
 .UNSPECIFIED. ) ;
#8579 = LINE ( 'NONE', #2900, #1097 ) ;
#8580 = CARTESIAN_POINT ( 'NONE',  ( -1.360040777404158296, 0.5560412871706279514, 2.367047327587088912 ) ) ;
#8581 = DIRECTION ( 'NONE',  ( -0.4999999999999994449, 0.000000000000000000, -0.8660254037844389297 ) ) ;
#8582 = AXIS2_PLACEMENT_3D ( 'NONE', #1267, #565, #2722 ) ;
#8583 = EDGE_CURVE ( 'NONE', #6724, #9211, #832, .T. ) ;
#8584 = VERTEX_POINT ( 'NONE', #321 ) ;
#8585 = ORIENTED_EDGE ( 'NONE', *, *, #7870, .F. ) ;
#8586 = AXIS2_PLACEMENT_3D ( 'NONE', #4702, #7565, #4075 ) ;
#8587 = ADVANCED_FACE ( 'NONE', ( #1584 ), #7258, .T. ) ;
#8588 = DIRECTION ( 'NONE',  ( 0.000000000000000000, 0.000000000000000000, 1.000000000000000000 ) ) ;
#8589 = ORIENTED_EDGE ( 'NONE', *, *, #8846, .F. ) ;
#8590 = ORIENTED_EDGE ( 'NONE', *, *, #1658, .F. ) ;
#8591 = CARTESIAN_POINT ( 'NONE',  ( 2.684058973958859617, 0.000000000000000000, -0.2765890575571507970 ) ) ;
#8592 = CARTESIAN_POINT ( 'NONE',  ( 0.000000000000000000, 0.000000000000000000, 0.000000000000000000 ) ) ;
#8593 = CARTESIAN_POINT ( 'NONE',  ( -1.151527806643392049, 0.5639694227494324030, 2.464262899386306049 ) ) ;
#8594 = CARTESIAN_POINT ( 'NONE',  ( 1.205986615744105039, 0.5639694227494322920, 2.438073872837086320 ) ) ;
#8595 = DIRECTION ( 'NONE',  ( 0.000000000000000000, 0.000000000000000000, 1.000000000000000000 ) ) ;
#8596 = CARTESIAN_POINT ( 'NONE',  ( 2.047196828785476708, 0.000000000000000000, 1.790975452365396015 ) ) ;
#8597 = ORIENTED_EDGE ( 'NONE', *, *, #120, .F. ) ;
#8598 = CIRCLE ( 'NONE', #3205, 0.1000000000000000888 ) ;
#8599 = CARTESIAN_POINT ( 'NONE',  ( 0.000000000000000000, 0.3000000000000000999, 0.000000000000000000 ) ) ;
#8600 = CARTESIAN_POINT ( 'NONE',  ( -2.617692316627598714, 0.5340002883789656263, -0.8669029539393096062 ) ) ;
#8601 = ORIENTED_EDGE ( 'NONE', *, *, #4094, .F. ) ;
#8602 = CC_DESIGN_DATE_AND_TIME_ASSIGNMENT ( #2316, #7299, ( #8900 ) ) ;
#8603 = CARTESIAN_POINT ( 'NONE',  ( -2.567814011882551206, 0.000000000000000000, 0.9288578182228134361 ) ) ;
#8604 = DIRECTION ( 'NONE',  ( 0.4999999999999999445, 0.000000000000000000, -0.8660254037844387076 ) ) ;
#8605 = DIRECTION ( 'NONE',  ( -0.000000000000000000, 1.000000000000000000, 0.000000000000000000 ) ) ;
#8606 = CARTESIAN_POINT ( 'NONE',  ( -2.099155771948890248, 0.6763576274005861366, -1.499597927253137009 ) ) ;
#8607 = VERTEX_POINT ( 'NONE', #8917 ) ;
#8608 = CARTESIAN_POINT ( 'NONE',  ( -1.205986615744088386, 0.000000000000000000, -2.438073872837087652 ) ) ;
#8609 = DIRECTION ( 'NONE',  ( 0.000000000000000000, 1.000000000000000000, 0.000000000000000000 ) ) ;
#8610 = ADVANCED_FACE ( 'NONE', ( #2997, #8721 ), #8206, .T. ) ;
#8611 = EDGE_LOOP ( 'NONE', ( #1166, #5460, #2213, #3086 ) ) ;
#8612 = DIRECTION ( 'NONE',  ( 0.000000000000000000, 0.000000000000000000, -1.000000000000000000 ) ) ;
#8613 = DIRECTION ( 'NONE',  ( -0.000000000000000000, -1.000000000000000000, -0.000000000000000000 ) ) ;
#8614 = CARTESIAN_POINT ( 'NONE',  ( 1.330796278752346407, 0.5013837380188953530, 2.461564155185413050 ) ) ;
#8615 = CARTESIAN_POINT ( 'NONE',  ( -1.674570589714856617, 0.000000000000000000, 2.115771117704246862 ) ) ;
#8616 = CARTESIAN_POINT ( 'NONE',  ( -0.4487077406371120514, 0.8999999999999998002, 2.255806144927426704 ) ) ;
#8617 = EDGE_CURVE ( 'NONE', #6898, #8471, #2598, .T. ) ;
#8618 = EDGE_CURVE ( 'NONE', #2470, #6963, #8026, .T. ) ;
#8619 = ORIENTED_EDGE ( 'NONE', *, *, #3243, .T. ) ;
#8620 = EDGE_CURVE ( 'NONE', #8392, #1885, #3794, .T. ) ;
#8621 = EDGE_CURVE ( 'NONE', #1933, #2471, #8750, .T. ) ;
#8622 = DIRECTION ( 'NONE',  ( -0.000000000000000000, 1.000000000000000000, 0.000000000000000000 ) ) ;
#8623 = AXIS2_PLACEMENT_3D ( 'NONE', #1560, #7200, #205 ) ;
#8624 = ADVANCED_FACE ( 'NONE', ( #4457 ), #6575, .F. ) ;
#8625 = ORIENTED_EDGE ( 'NONE', *, *, #2770, .T. ) ;
#8626 = ORIENTED_EDGE ( 'NONE', *, *, #3342, .F. ) ;
#8627 = CARTESIAN_POINT ( 'NONE',  ( 1.205986615744105039, 0.5639694227494322920, 2.438073872837086320 ) ) ;
#8628 = DIRECTION ( 'NONE',  ( -0.000000000000000000, -1.000000000000000000, -0.000000000000000000 ) ) ;
#8629 = CARTESIAN_POINT ( 'NONE',  ( 2.255806144927428036, 0.000000000000000000, 0.4487077406371041133 ) ) ;
#8630 = CARTESIAN_POINT ( 'NONE',  ( 2.326531492178983918, 0.000000000000000000, -1.409205145698870343 ) ) ;
#8631 = CYLINDRICAL_SURFACE ( 'NONE', #4679, 0.1000000000000000888 ) ;
#8632 = ORIENTED_EDGE ( 'NONE', *, *, #8895, .F. ) ;
#8633 = ORIENTED_EDGE ( 'NONE', *, *, #7932, .T. ) ;
#8634 = EDGE_CURVE ( 'NONE', #1984, #8909, #6811, .T. ) ;
#8635 = DIRECTION ( 'NONE',  ( 0.4999999999999999445, 0.000000000000000000, -0.8660254037844387076 ) ) ;
#8636 = ORIENTED_EDGE ( 'NONE', *, *, #1387, .F. ) ;
#8637 = VERTEX_POINT ( 'NONE', #5916 ) ;
#8638 = CARTESIAN_POINT ( 'NONE',  ( -1.319399354944008840, 0.5013175801480325156, -2.467819687168858689 ) ) ;
#8639 = CARTESIAN_POINT ( 'NONE',  ( -0.7182544838846142143, 0.5484516897053791640, -2.643604787931981281 ) ) ;
#8640 = CARTESIAN_POINT ( 'NONE',  ( 2.093494299791504254, 0.5300382999695273378, 1.802338303390332852 ) ) ;
#8641 = DIRECTION ( 'NONE',  ( -0.3024055482590198296, 0.000000000000000000, -0.9531793558308748748 ) ) ;
#8642 = DIRECTION ( 'NONE',  ( -0.000000000000000000, 1.000000000000000000, -0.000000000000000000 ) ) ;
#8643 = EDGE_LOOP ( 'NONE', ( #1922, #851, #1799, #2955 ) ) ;
#8644 = B_SPLINE_CURVE_WITH_KNOTS ( 'NONE', 3,
 ( #867, #3733, #6613, #5427 ),
 .UNSPECIFIED., .F., .F.,
 ( 4, 4 ),
 ( 0.0008222123455998591769, 0.001178204275153682578 ),
 .UNSPECIFIED. ) ;
#8645 = CARTESIAN_POINT ( 'NONE',  ( -0.8962343513085746505, 0.7884388346760082822, -2.269210806298613825 ) ) ;
#8646 = CARTESIAN_POINT ( 'NONE',  ( -2.586895970134061251, 0.5560412871706272853, -0.8721199498597910216 ) ) ;
#8647 = ADVANCED_FACE ( 'NONE', ( #8818 ), #2381, .T. ) ;
#8648 = ORIENTED_EDGE ( 'NONE', *, *, #6687, .F. ) ;
#8649 = CARTESIAN_POINT ( 'NONE',  ( 2.444435101997056936, 0.5013837380188957971, -1.362003618849599862 ) ) ;
#8650 = EDGE_CURVE ( 'NONE', #698, #8937, #1350, .T. ) ;
#8651 = APPROVAL_STATUS ( 'not_yet_approved' ) ;
#8652 = CYLINDRICAL_SURFACE ( 'NONE', #2232, 0.1000000000000000888 ) ;
#8653 = CARTESIAN_POINT ( 'NONE',  ( 0.9271593159763918957, 0.000000000000000000, 2.104845743231125166 ) ) ;
#8654 = ORIENTED_EDGE ( 'NONE', *, *, #920, .T. ) ;
#8655 = ORIENTED_EDGE ( 'NONE', *, *, #2888, .T. ) ;
#8656 = CARTESIAN_POINT ( 'NONE',  ( 2.357262493485916099, 0.000000000000000000, 1.357174072685340960 ) ) ;
#8657 = EDGE_CURVE ( 'NONE', #549, #4600, #7556, .T. ) ;
#8658 = CARTESIAN_POINT ( 'NONE',  ( -2.155950649801658958, 0.5639694227494325141, 1.658458538036013508 ) ) ;
#8659 = DIRECTION ( 'NONE',  ( 0.000000000000000000, -1.000000000000000000, 0.000000000000000000 ) ) ;
#8660 = DIRECTION ( 'NONE',  ( 0.4999999999999997224, 0.000000000000000000, -0.8660254037844388186 ) ) ;
#8661 = CARTESIAN_POINT ( 'NONE',  ( -1.362003618849578768, 0.000000000000000000, -2.444435101997068038 ) ) ;
#8662 = CARTESIAN_POINT ( 'NONE',  ( 2.078048827317040104, 0.000000000000000000, -1.721158666054851238 ) ) ;
#8663 = DIRECTION ( 'NONE',  ( 0.000000000000000000, -0.000000000000000000, -1.000000000000000000 ) ) ;
#8664 = ORIENTED_EDGE ( 'NONE', *, *, #3069, .F. ) ;
#8665 = B_SPLINE_CURVE_WITH_KNOTS ( 'NONE', 3,
 ( #1040, #4712, #6080, #3904 ),
 .UNSPECIFIED., .F., .F.,
 ( 4, 4 ),
 ( 3.282350919333466236E-07, 0.005493070069560845002 ),
 .UNSPECIFIED. ) ;
#8666 = ORIENTED_EDGE ( 'NONE', *, *, #3417, .F. ) ;
#8667 = ORIENTED_EDGE ( 'NONE', *, *, #2844, .F. ) ;
#8668 = EDGE_LOOP ( 'NONE', ( #7282, #3509, #1027, #6309 ) ) ;
#8669 = CARTESIAN_POINT ( 'NONE',  ( -1.766264039878418624, 0.6763576274005856925, -1.880308549084595215 ) ) ;
#8670 = CARTESIAN_POINT ( 'NONE',  ( 0.4487077406370957866, 0.000000000000000000, -2.255806144927429813 ) ) ;
#8671 = DIRECTION ( 'NONE',  ( -0.000000000000000000, -1.000000000000000000, -0.000000000000000000 ) ) ;
#8672 = EDGE_CURVE ( 'NONE', #2209, #4953, #2698, .T. ) ;
#8673 = DIRECTION ( 'NONE',  ( 0.8878326000374231475, 0.000000000000000000, 0.4601665723526527918 ) ) ;
#8674 = DIRECTION ( 'NONE',  ( -0.000000000000000000, -1.000000000000000000, -0.000000000000000000 ) ) ;
#8675 = ORIENTED_EDGE ( 'NONE', *, *, #6388, .T. ) ;
#8676 = AXIS2_PLACEMENT_3D ( 'NONE', #1894, #440, #2600 ) ;
#8677 = VECTOR ( 'NONE', #5897, 100.0000000000000000 ) ;
#8678 = VERTEX_POINT ( 'NONE', #6848 ) ;
#8679 = B_SPLINE_CURVE_WITH_KNOTS ( 'NONE', 3,
 ( #7306, #3727, #6606, #162 ),
 .UNSPECIFIED., .F., .F.,
 ( 4, 4 ),
 ( 0.0008222137542758336561, 0.001178205683829656623 ),
 .UNSPECIFIED. ) ;
#8680 = LINE ( 'NONE', #793, #6644 ) ;
#8681 = ORIENTED_EDGE ( 'NONE', *, *, #8105, .F. ) ;
#8682 = ORIENTED_EDGE ( 'NONE', *, *, #8451, .F. ) ;
#8683 = CARTESIAN_POINT ( 'NONE',  ( -2.192260848153283703, 0.000000000000000000, -1.610155365304537511 ) ) ;
#8684 = VECTOR ( 'NONE', #3114, 100.0000000000000000 ) ;
#8685 = CARTESIAN_POINT ( 'NONE',  ( 2.737920329059319258, 0.5270647222874781379, -0.3944093926430842778 ) ) ;
#8686 = DIRECTION ( 'NONE',  ( 0.000000000000000000, 0.000000000000000000, 1.000000000000000000 ) ) ;
#8687 = CARTESIAN_POINT ( 'NONE',  ( -2.372660443432011323, 0.7884388346701027839, 0.5683626624762646573 ) ) ;
#8688 = EDGE_CURVE ( 'NONE', #5451, #1052, #5910, .T. ) ;
#8689 = CYLINDRICAL_SURFACE ( 'NONE', #4045, 0.2000000000000000111 ) ;
#8690 = VERTEX_POINT ( 'NONE', #7593 ) ;
#8691 = ORIENTED_EDGE ( 'NONE', *, *, #2101, .T. ) ;
#8692 = VECTOR ( 'NONE', #2047, 100.0000000000000142 ) ;
#8693 = AXIS2_PLACEMENT_3D ( 'NONE', #5032, #7946, #7897 ) ;
#8694 = DIRECTION ( 'NONE',  ( 0.000000000000000000, 0.000000000000000000, 1.000000000000000000 ) ) ;
#8695 = DIRECTION ( 'NONE',  ( -1.000000000000000000, 0.000000000000000000, 0.000000000000000000 ) ) ;
#8696 = ORIENTED_EDGE ( 'NONE', *, *, #1898, .T. ) ;
#8697 = CARTESIAN_POINT ( 'NONE',  ( 2.781701389554652959, 0.5101996115923984609, 0.1761697820132868408 ) ) ;
#8698 = CARTESIAN_POINT ( 'NONE',  ( 0.000000000000000000, 0.000000000000000000, 0.000000000000000000 ) ) ;
#8699 = CARTESIAN_POINT ( 'NONE',  ( 0.3119758852043874042, 0.000000000000000000, 2.680176324330243887 ) ) ;
#8700 = CARTESIAN_POINT ( 'NONE',  ( 0.9094978139467229106, 0.5152387927717605454, 2.628037299076496858 ) ) ;
#8701 = AXIS2_PLACEMENT_3D ( 'NONE', #5263, #5872, #8785 ) ;
#8702 = VERTEX_POINT ( 'NONE', #497 ) ;
#8703 = ORIENTED_EDGE ( 'NONE', *, *, #6519, .T. ) ;
#8704 = EDGE_CURVE ( 'NONE', #6524, #3581, #4643, .T. ) ;
#8705 = DIRECTION ( 'NONE',  ( 0.08537965099454300488, 0.000000000000000000, -0.9963484908384465655 ) ) ;
#8706 = ADVANCED_FACE ( 'NONE', ( #4110 ), #7632, .F. ) ;
#8707 = CARTESIAN_POINT ( 'NONE',  ( -2.723726095389202850, 0.5560412871706275073, 0.1842284574520915985 ) ) ;
#8708 = VECTOR ( 'NONE', #7975, 100.0000000000000000 ) ;
#8709 = DIRECTION ( 'NONE',  ( 0.000000000000000000, 0.000000000000000000, 1.000000000000000000 ) ) ;
#8710 = CARTESIAN_POINT ( 'NONE',  ( -2.626503284226973545, 0.5639694227494316259, 0.7071693041342167474 ) ) ;
#8711 = CARTESIAN_POINT ( 'NONE',  ( 2.123408282953297643, 0.5013176973172516204, -1.822658638431672085 ) ) ;
#8712 = DIRECTION ( 'NONE',  ( -0.6441522441032677682, 0.000000000000000000, -0.7648973044904290308 ) ) ;
#8713 = DIRECTION ( 'NONE',  ( 0.000000000000000000, 0.000000000000000000, 1.000000000000000000 ) ) ;
#8714 = ORIENTED_EDGE ( 'NONE', *, *, #4315, .T. ) ;
#8715 = ORIENTED_EDGE ( 'NONE', *, *, #1119, .T. ) ;
#8716 = VECTOR ( 'NONE', #1476, 100.0000000000000000 ) ;
#8717 = VERTEX_POINT ( 'NONE', #4771 ) ;
#8718 = VERTEX_POINT ( 'NONE', #6983 ) ;
#8719 = LINE ( 'NONE', #7454, #7046 ) ;
#8720 = CARTESIAN_POINT ( 'NONE',  ( -2.780873995585133596, 0.5014441230611189626, 0.3110868424197352211 ) ) ;
#8721 = FACE_BOUND ( 'NONE', #4159, .T. ) ;
#8722 = CARTESIAN_POINT ( 'NONE',  ( 0.8801718944396935695, 0.000000000000000000, 2.124922924775964006 ) ) ;
#8723 = DIRECTION ( 'NONE',  ( -0.000000000000000000, 1.000000000000000000, -0.000000000000000000 ) ) ;
#8724 = EDGE_CURVE ( 'NONE', #6422, #7918, #2609, .T. ) ;
#8725 = AXIS2_PLACEMENT_3D ( 'NONE', #4662, #6827, #6958 ) ;
#8726 = ORIENTED_EDGE ( 'NONE', *, *, #6211, .F. ) ;
#8727 = ORIENTED_EDGE ( 'NONE', *, *, #578, .F. ) ;
#8728 = ADVANCED_FACE ( 'NONE', ( #541 ), #9131, .T. ) ;
#8729 = CARTESIAN_POINT ( 'NONE',  ( -1.746403244090667384, 0.5014441230611187406, 2.186346475716486548 ) ) ;
#8730 = AXIS2_PLACEMENT_3D ( 'NONE', #7502, #4811, #6098 ) ;
#8731 = VECTOR ( 'NONE', #5066, 100.0000000000000000 ) ;
#8732 = ORIENTED_EDGE ( 'NONE', *, *, #7598, .F. ) ;
#8733 = EDGE_LOOP ( 'NONE', ( #1732, #3909 ) ) ;
#8734 = DIRECTION ( 'NONE',  ( 0.000000000000000000, 0.000000000000000000, 1.000000000000000000 ) ) ;
#8735 = FACE_OUTER_BOUND ( 'NONE', #8778, .T. ) ;
#8736 = FACE_OUTER_BOUND ( 'NONE', #2441, .T. ) ;
#8737 = VECTOR ( 'NONE', #3969, 100.0000000000000000 ) ;
#8738 = CYLINDRICAL_SURFACE ( 'NONE', #9023, 0.1000000000000000888 ) ;
#8739 = CARTESIAN_POINT ( 'NONE',  ( 2.385378121632438120, 0.000000000000000000, 1.261207873146511282 ) ) ;
#8740 = VERTEX_POINT ( 'NONE', #3978 ) ;
#8741 = AXIS2_PLACEMENT_3D ( 'NONE', #9182, #7725, #7868 ) ;
#8742 = VERTEX_POINT ( 'NONE', #5485 ) ;
#8743 = ADVANCED_FACE ( 'NONE', ( #4685 ), #1903, .T. ) ;
#8744 = VECTOR ( 'NONE', #3777, 100.0000000000000000 ) ;
#8745 = VECTOR ( 'NONE', #3916, 100.0000000000000000 ) ;
#8746 = EDGE_CURVE ( 'NONE', #8800, #7797, #7552, .T. ) ;
#8747 = EDGE_CURVE ( 'NONE', #111, #7003, #2021, .T. ) ;
#8748 = DIRECTION ( 'NONE',  ( -0.000000000000000000, -1.000000000000000000, -0.000000000000000000 ) ) ;
#8749 = CARTESIAN_POINT ( 'NONE',  ( -0.7995736333737388790, 0.000000000000000000, 2.681603779540946864 ) ) ;
#8750 = B_SPLINE_CURVE_WITH_KNOTS ( 'NONE', 3,
 ( #2478, #971, #919, #5351, #8163, #5161, #273, #5960, #3881, #7279 ),
 .UNSPECIFIED., .F., .F.,
 ( 4, 2, 2, 2, 4 ),
 ( 3.878959614448864246E-18, 0.0003819510935555858614, 0.0007639021871111678196, 0.001145853280666749886, 0.001527804374222331736 ),
 .UNSPECIFIED. ) ;
#8751 = CALENDAR_DATE ( 2024, 26, 9 ) ;
#8752 = LINE ( 'NONE', #5185, #1639 ) ;
#8753 = AXIS2_PLACEMENT_3D ( 'NONE', #3742, #3048, #2430 ) ;
#8754 = LINE ( 'NONE', #1708, #8503 ) ;
#8755 = ORIENTED_EDGE ( 'NONE', *, *, #1294, .T. ) ;
#8756 = EDGE_LOOP ( 'NONE', ( #8123, #5526, #123, #5590, #9095, #7687, #1900 ) ) ;
#8757 = CYLINDRICAL_SURFACE ( 'NONE', #3425, 0.1000000000000000888 ) ;
#8758 = EDGE_CURVE ( 'NONE', #125, #8392, #5392, .T. ) ;
#8759 = DIRECTION ( 'NONE',  ( 0.9536567964563970046, 0.000000000000000000, -0.3008965180465241751 ) ) ;
#8760 = CARTESIAN_POINT ( 'NONE',  ( -0.7374309401609251413, 0.5043207825269405697, 2.695548052135197548 ) ) ;
#8761 = LINE ( 'NONE', #819, #2139 ) ;
#8762 = VECTOR ( 'NONE', #6655, 100.0000000000000000 ) ;
#8763 = FACE_OUTER_BOUND ( 'NONE', #23, .T. ) ;
#8764 = FACE_OUTER_BOUND ( 'NONE', #5260, .T. ) ;
#8765 = CARTESIAN_POINT ( 'NONE',  ( -0.8476309992573680674, 0.5014441230611192957, -2.666750249263373007 ) ) ;
#8766 = CIRCLE ( 'NONE', #369, 2.299999999999999822 ) ;
#8767 = VERTEX_POINT ( 'NONE', #408 ) ;
#8768 = VERTEX_POINT ( 'NONE', #9048 ) ;
#8769 = ORIENTED_EDGE ( 'NONE', *, *, #3850, .T. ) ;
#8770 = EDGE_LOOP ( 'NONE', ( #7395, #6592, #5243, #9246 ) ) ;
#8771 = FACE_OUTER_BOUND ( 'NONE', #2966, .T. ) ;
#8772 = CARTESIAN_POINT ( 'NONE',  ( -2.782168212128005802, 0.5014441230611188516, 0.2992912332039863732 ) ) ;
#8773 = ADVANCED_FACE ( 'NONE', ( #2654 ), #1946, .F. ) ;
#8774 = CARTESIAN_POINT ( 'NONE',  ( -2.444435101997065818, 0.5013837380188961301, 1.362003618849582764 ) ) ;
#8775 = CARTESIAN_POINT ( 'NONE',  ( 1.277811535945074795, 0.000000000000000000, 1.912380108295860914 ) ) ;
#8776 = CARTESIAN_POINT ( 'NONE',  ( 0.7949084059125600676, 0.5048081289386103787, 2.678525685088086750 ) ) ;
#8777 = ADVANCED_FACE ( 'NONE', ( #4862 ), #2459, .T. ) ;
#8778 = EDGE_LOOP ( 'NONE', ( #2584, #4714, #1667, #3987, #4756, #8862 ) ) ;
#8779 = CIRCLE ( 'NONE', #6834, 0.1000000000000000888 ) ;
#8780 = ORIENTED_EDGE ( 'NONE', *, *, #2365, .T. ) ;
#8781 = DIRECTION ( 'NONE',  ( -0.9942059264903059246, 0.000000000000000000, 0.1074922124228188391 ) ) ;
#8782 = EDGE_CURVE ( 'NONE', #443, #1774, #10, .T. ) ;
#8783 = VERTEX_POINT ( 'NONE', #2937 ) ;
#8784 = EDGE_LOOP ( 'NONE', ( #978, #7471, #2482, #8780 ) ) ;
#8785 = DIRECTION ( 'NONE',  ( -0.9960732287271417684, 0.000000000000000000, -0.08853317464706231266 ) ) ;
#8786 = DIRECTION ( 'NONE',  ( 0.1074922124228222670, 0.000000000000000000, 0.9942059264903057025 ) ) ;
#8787 = CARTESIAN_POINT ( 'NONE',  ( -2.245281531994575808, 0.000000000000000000, 0.4987091758571255973 ) ) ;
#8788 = CARTESIAN_POINT ( 'NONE',  ( 0.000000000000000000, 0.3000000000000000999, 0.000000000000000000 ) ) ;
#8789 = DIRECTION ( 'NONE',  ( -0.000000000000000000, -1.000000000000000000, -0.000000000000000000 ) ) ;
#8790 = ORIENTED_EDGE ( 'NONE', *, *, #1925, .F. ) ;
#8791 = ORIENTED_EDGE ( 'NONE', *, *, #989, .T. ) ;
#8792 = LINE ( 'NONE', #8838, #9294 ) ;
#8793 = B_SPLINE_CURVE_WITH_KNOTS ( 'NONE', 3,
 ( #3494, #2076, #1371, #4808 ),
 .UNSPECIFIED., .F., .F.,
 ( 4, 4 ),
 ( 3.282350919460095015E-07, 0.005493070069591948594 ),
 .UNSPECIFIED. ) ;
#8794 = ADVANCED_FACE ( 'NONE', ( #634 ), #1999, .T. ) ;
#8795 = DIRECTION ( 'NONE',  ( -3.469446951953611033E-15, 0.000000000000000000, 1.000000000000000000 ) ) ;
#8796 = CARTESIAN_POINT ( 'NONE',  ( 2.121320926934517459, 0.5145943117222571139, 1.799542086783134653 ) ) ;
#8797 = CARTESIAN_POINT ( 'NONE',  ( -2.047196828785463829, 0.5639694227494328471, -1.790975452365409559 ) ) ;
#8798 = EDGE_LOOP ( 'NONE', ( #3088, #4267, #7679, #6108 ) ) ;
#8799 = EDGE_CURVE ( 'NONE', #6379, #6782, #8086, .T. ) ;
#8800 = VERTEX_POINT ( 'NONE', #3448 ) ;
#8801 = CARTESIAN_POINT ( 'NONE',  ( -1.229627716723141972, 0.000000000000000000, 2.501809684532825706 ) ) ;
#8802 = DIRECTION ( 'NONE',  ( 0.000000000000000000, -1.000000000000000000, 0.000000000000000000 ) ) ;
#8803 = CARTESIAN_POINT ( 'NONE',  ( -1.277811535945084565, 0.000000000000000000, -1.912380108295854475 ) ) ;
#8804 = FACE_OUTER_BOUND ( 'NONE', #5101, .T. ) ;
#8805 = DIRECTION ( 'NONE',  ( -0.000000000000000000, -1.000000000000000000, -0.000000000000000000 ) ) ;
#8806 = LINE ( 'NONE', #909, #3885 ) ;
#8807 = DIRECTION ( 'NONE',  ( -0.9940345471201625926, 0.000000000000000000, 0.1090656643110612667 ) ) ;
#8808 = ADVANCED_FACE ( 'NONE', ( #2135 ), #2181, .T. ) ;
#8809 = VECTOR ( 'NONE', #1006, 100.0000000000000000 ) ;
#8810 = VERTEX_POINT ( 'NONE', #5664 ) ;
#8811 = ORIENTED_EDGE ( 'NONE', *, *, #6094, .F. ) ;
#8812 = EDGE_LOOP ( 'NONE', ( #5579, #3410, #5209, #4361 ) ) ;
#8813 = AXIS2_PLACEMENT_3D ( 'NONE', #7578, #348, #4795 ) ;
#8814 = EDGE_LOOP ( 'NONE', ( #3007, #224, #1128, #4901, #2670 ) ) ;
#8815 = ORIENTED_EDGE ( 'NONE', *, *, #1276, .T. ) ;
#8816 = FACE_OUTER_BOUND ( 'NONE', #4407, .T. ) ;
#8817 = CARTESIAN_POINT ( 'NONE',  ( 2.571758278209441957E-16, 0.000000000000000000, 2.100000000000000089 ) ) ;
#8818 = FACE_OUTER_BOUND ( 'NONE', #4453, .T. ) ;
#8819 = FACE_OUTER_BOUND ( 'NONE', #7513, .T. ) ;
#8820 = CARTESIAN_POINT ( 'NONE',  ( 0.3086245775753157505, 0.5102758125174865489, -2.770039643070351776 ) ) ;
#8821 = ORIENTED_EDGE ( 'NONE', *, *, #2662, .F. ) ;
#8822 = VERTEX_POINT ( 'NONE', #2889 ) ;
#8823 = EDGE_CURVE ( 'NONE', #839, #2485, #7817, .T. ) ;
#8824 = CARTESIAN_POINT ( 'NONE',  ( 2.198824775545439536, 0.5560460307591195139, 1.617949687865629427 ) ) ;
#8825 = B_SPLINE_CURVE_WITH_KNOTS ( 'NONE', 3,
 ( #4852, #3577, #5654, #7715, #3436, #2825, #6312, #5697, #1368, #2735 ),
 .UNSPECIFIED., .F., .F.,
 ( 4, 2, 2, 2, 4 ),
 ( 0.000000000000000000, 0.0003831395918290998390, 0.0007662791836581996779, 0.001149418775487299517, 0.001532558367316399356 ),
 .UNSPECIFIED. ) ;
#8826 = B_SPLINE_CURVE_WITH_KNOTS ( 'NONE', 3,
 ( #890, #6543, #5828, #3759 ),
 .UNSPECIFIED., .F., .F.,
 ( 4, 4 ),
 ( 0.0008222123455998645979, 0.001178204275153688866 ),
 .UNSPECIFIED. ) ;
#8827 = CIRCLE ( 'NONE', #4017, 0.1000000000000000888 ) ;
#8828 = ORIENTED_EDGE ( 'NONE', *, *, #9028, .F. ) ;
#8829 = ORIENTED_EDGE ( 'NONE', *, *, #7181, .T. ) ;
#8830 = CARTESIAN_POINT ( 'NONE',  ( -0.2765890575571219867, 0.000000000000000000, -2.684058973958862726 ) ) ;
#8831 = LINE ( 'NONE', #5874, #1090 ) ;
#8832 = DIRECTION ( 'NONE',  ( 0.2796370174246706197, 0.000000000000000000, -0.9601057954651843751 ) ) ;
#8833 = LINE ( 'NONE', #6729, #4967 ) ;
#8834 = CARTESIAN_POINT ( 'NONE',  ( 0.000000000000000000, 0.9000000000000001332, 0.000000000000000000 ) ) ;
#8835 = ORIENTED_EDGE ( 'NONE', *, *, #5943, .T. ) ;
#8836 = ORIENTED_EDGE ( 'NONE', *, *, #9055, .T. ) ;
#8837 = VECTOR ( 'NONE', #7857, 100.0000000000000000 ) ;
#8838 = CARTESIAN_POINT ( 'NONE',  ( -2.717352668980064223, 0.000000000000000000, -0.1208403870883521108 ) ) ;
#8839 = LINE ( 'NONE', #7254, #6981 ) ;
#8840 = MECHANICAL_CONTEXT ( 'NONE', #5743, 'mechanical' ) ;
#8841 = CARTESIAN_POINT ( 'NONE',  ( 1.445997286892674927, 0.8000000000000000444, -0.9727922061357825445 ) ) ;
#8842 = CARTESIAN_POINT ( 'NONE',  ( -2.131752242351193871, 0.5013837380188959081, 1.812718732419738465 ) ) ;
#8843 = ORIENTED_EDGE ( 'NONE', *, *, #8074, .T. ) ;
#8844 = ORIENTED_EDGE ( 'NONE', *, *, #6302, .T. ) ;
#8845 = ADVANCED_FACE ( 'NONE', ( #9228 ), #5001, .T. ) ;
#8846 = EDGE_CURVE ( 'NONE', #2086, #781, #2082, .T. ) ;
#8847 = CARTESIAN_POINT ( 'NONE',  ( -0.9271593159764039971, 0.000000000000000000, -2.104845743231120725 ) ) ;
#8848 = VECTOR ( 'NONE', #4500, 100.0000000000000000 ) ;
#8849 = PLANE ( 'NONE',  #5440 ) ;
#8850 = CARTESIAN_POINT ( 'NONE',  ( 0.1437017210597991146, 0.000000000000000000, -2.796310035629892887 ) ) ;
#8851 = CARTESIAN_POINT ( 'NONE',  ( -1.357174072685348731, 0.000000000000000000, 2.357262493485909882 ) ) ;
#8852 = VECTOR ( 'NONE', #8642, 100.0000000000000000 ) ;
#8853 = CARTESIAN_POINT ( 'NONE',  ( -1.912380108295837822, 0.9000000000000002442, -1.277811535945108545 ) ) ;
#8854 = CARTESIAN_POINT ( 'NONE',  ( -1.626345596729073639, 0.000000000000000000, 1.626345596729044107 ) ) ;
#8855 = FACE_OUTER_BOUND ( 'NONE', #6555, .T. ) ;
#8856 = EDGE_LOOP ( 'NONE', ( #4009, #6751, #2720, #2258 ) ) ;
#8857 = ORIENTED_EDGE ( 'NONE', *, *, #2973, .T. ) ;
#8858 = ORIENTED_EDGE ( 'NONE', *, *, #2662, .T. ) ;
#8859 = VECTOR ( 'NONE', #6070, 100.0000000000000000 ) ;
#8860 = EDGE_CURVE ( 'NONE', #7827, #2637, #4233, .T. ) ;
#8861 = EDGE_CURVE ( 'NONE', #1212, #8351, #5620, .T. ) ;
#8862 = ORIENTED_EDGE ( 'NONE', *, *, #3999, .T. ) ;
#8863 = ORIENTED_EDGE ( 'NONE', *, *, #8782, .T. ) ;
#8864 = CARTESIAN_POINT ( 'NONE',  ( 0.000000000000000000, 0.000000000000000000, 0.000000000000000000 ) ) ;
#8865 = CARTESIAN_POINT ( 'NONE',  ( -2.444435101997065818, 0.5013837380188961301, 1.362003618849582764 ) ) ;
#8866 = CARTESIAN_POINT ( 'NONE',  ( -2.697194602940288455, 0.5639694227494327361, -0.3517800458163080624 ) ) ;
#8867 = LINE ( 'NONE', #4644, #3190 ) ;
#8868 = LINE ( 'NONE', #6624, #1976 ) ;
#8869 = AXIS2_PLACEMENT_3D ( 'NONE', #783, #4959, #3657 ) ;
#8870 = VERTEX_POINT ( 'NONE', #9181 ) ;
#8871 = VERTEX_POINT ( 'NONE', #724 ) ;
#8872 = AXIS2_PLACEMENT_3D ( 'NONE', #6725, #4605, #5079 ) ;
#8873 = DIRECTION ( 'NONE',  ( 0.000000000000000000, 0.000000000000000000, 1.000000000000000000 ) ) ;
#8874 = ORIENTED_EDGE ( 'NONE', *, *, #5830, .T. ) ;
#8875 = ORIENTED_EDGE ( 'NONE', *, *, #4322, .T. ) ;
#8876 = DIRECTION ( 'NONE',  ( -0.000000000000000000, 1.000000000000000000, -0.000000000000000000 ) ) ;
#8877 = DIRECTION ( 'NONE',  ( -0.000000000000000000, -1.000000000000000000, -0.000000000000000000 ) ) ;
#8878 = CARTESIAN_POINT ( 'NONE',  ( 1.674570589714841518, 0.000000000000000000, -2.115771117704258852 ) ) ;
#8879 = CARTESIAN_POINT ( 'NONE',  ( -1.658458538036006180, 0.5639694227494324030, -2.155950649801664287 ) ) ;
#8880 = CARTESIAN_POINT ( 'NONE',  ( 2.131752242351181437, 0.000000000000000000, -1.812718732419753564 ) ) ;
#8881 = ADVANCED_FACE ( 'NONE', ( #8474 ), #2038, .T. ) ;
#8882 = VERTEX_POINT ( 'NONE', #1331 ) ;
#8883 = EDGE_CURVE ( 'NONE', #7888, #3697, #7396, .T. ) ;
#8884 = ORIENTED_EDGE ( 'NONE', *, *, #3635, .F. ) ;
#8885 = AXIS2_PLACEMENT_3D ( 'NONE', #3980, #1291, #8386 ) ;
#8886 = CIRCLE ( 'NONE', #5284, 0.1000000000000000888 ) ;
#8887 = ORIENTED_EDGE ( 'NONE', *, *, #9207, .F. ) ;
#8888 = AXIS2_PLACEMENT_3D ( 'NONE', #7024, #4250, #4296 ) ;
#8889 = DIRECTION ( 'NONE',  ( -0.08853317464705610929, 0.000000000000000000, 0.9960732287271423235 ) ) ;
#8890 = DIRECTION ( 'NONE',  ( -0.7809991007975021216, 0.000000000000000000, -0.6245321485347997692 ) ) ;
#8891 = EDGE_CURVE ( 'NONE', #6897, #4483, #7965, .T. ) ;
#8892 = VECTOR ( 'NONE', #5917, 100.0000000000000000 ) ;
#8893 = DIRECTION ( 'NONE',  ( 0.000000000000000000, 0.000000000000000000, 1.000000000000000000 ) ) ;
#8894 = DIRECTION ( 'NONE',  ( 0.000000000000000000, 1.000000000000000000, 0.000000000000000000 ) ) ;
#8895 = EDGE_CURVE ( 'NONE', #7221, #5595, #480, .T. ) ;
#8896 = VERTEX_POINT ( 'NONE', #1573 ) ;
#8897 = ORIENTED_EDGE ( 'NONE', *, *, #5336, .F. ) ;
#8898 = AXIS2_PLACEMENT_3D ( 'NONE', #3164, #1854, #7006 ) ;
#8899 = CONICAL_SURFACE ( 'NONE', #4844, 2.299999999999999822, 0.8960553845713439269 ) ;
#8900 = PRODUCT_DEFINITION ( 'UNKNOWN', '', #1430, #3910 ) ;
#8901 = CARTESIAN_POINT ( 'NONE',  ( -0.3698982907904227457, 0.5101996115923984609, -2.762620796854904359 ) ) ;
#8902 = CARTESIAN_POINT ( 'NONE',  ( 1.679843241754553462, 0.5152387927717596572, -2.216279089384438183 ) ) ;
#8903 = VECTOR ( 'NONE', #8671, 100.0000000000000000 ) ;
#8904 = DIRECTION ( 'NONE',  ( -0.000000000000000000, 1.000000000000000000, -0.000000000000000000 ) ) ;
#8905 = CARTESIAN_POINT ( 'NONE',  ( 2.154640415614399451, 0.000000000000000000, -1.785452745114184392 ) ) ;
#8906 = DIRECTION ( 'NONE',  ( 0.000000000000000000, 0.000000000000000000, -1.000000000000000000 ) ) ;
#8907 = CARTESIAN_POINT ( 'NONE',  ( 0.000000000000000000, 1.000000000000000000, -2.299999999999999822 ) ) ;
#8908 = PLANE ( 'NONE',  #5508 ) ;
#8909 = VERTEX_POINT ( 'NONE', #117 ) ;
#8910 = ORIENTED_EDGE ( 'NONE', *, *, #4986, .T. ) ;
#8911 = LINE ( 'NONE', #4544, #8513 ) ;
#8912 = CC_DESIGN_PERSON_AND_ORGANIZATION_ASSIGNMENT ( #6502, #3817, ( #8900 ) ) ;
#8913 = EDGE_LOOP ( 'NONE', ( #5822, #6024, #4270, #1567 ) ) ;
#8914 = VERTEX_POINT ( 'NONE', #8853 ) ;
#8915 = FACE_OUTER_BOUND ( 'NONE', #276, .T. ) ;
#8916 = PLANE ( 'NONE',  #4055 ) ;
#8917 = CARTESIAN_POINT ( 'NONE',  ( -1.634248292248229986E-14, 0.9000000000000004663, 2.299999999999999378 ) ) ;
#8918 = FACE_OUTER_BOUND ( 'NONE', #5310, .T. ) ;
#8919 = CARTESIAN_POINT ( 'NONE',  ( 0.2740066885232117500, 0.5013175801480322935, -2.784936085595039135 ) ) ;
#8920 = B_SPLINE_CURVE_WITH_KNOTS ( 'NONE', 3,
 ( #8241, #5288, #3825, #8150 ),
 .UNSPECIFIED., .F., .F.,
 ( 4, 4 ),
 ( 0.0008222321815043405263, 0.001178224111058162951 ),
 .UNSPECIFIED. ) ;
#8921 = ADVANCED_FACE ( 'NONE', ( #5289 ), #6338, .T. ) ;
#8922 = EDGE_CURVE ( 'NONE', #3407, #4697, #4393, .T. ) ;
#8923 = ORIENTED_EDGE ( 'NONE', *, *, #4413, .T. ) ;
#8924 = EDGE_CURVE ( 'NONE', #4724, #3956, #4831, .T. ) ;
#8925 = EDGE_CURVE ( 'NONE', #4375, #5270, #959, .T. ) ;
#8926 = ORIENTED_EDGE ( 'NONE', *, *, #2844, .T. ) ;
#8927 = CARTESIAN_POINT ( 'NONE',  ( 1.272792206135787918, 0.8000000000000000444, 1.472792206135783211 ) ) ;
#8928 = EDGE_LOOP ( 'NONE', ( #6025, #2575, #7501, #7753 ) ) ;
#8929 = EDGE_LOOP ( 'NONE', ( #8667, #4362, #6193, #3884 ) ) ;
#8930 = FACE_BOUND ( 'NONE', #5866, .T. ) ;
#8931 = CARTESIAN_POINT ( 'NONE',  ( 2.245281531994570923, 0.8999999999999998002, -0.4987091758571420286 ) ) ;
#8932 = PLANE ( 'NONE',  #500 ) ;
#8933 = DIRECTION ( 'NONE',  ( 0.000000000000000000, -1.000000000000000000, 0.000000000000000000 ) ) ;
#8934 = CYLINDRICAL_SURFACE ( 'NONE', #4377, 0.1000000000000000472 ) ;
#8935 = ORIENTED_EDGE ( 'NONE', *, *, #1330, .T. ) ;
#8936 = EDGE_CURVE ( 'NONE', #1885, #4439, #8101, .T. ) ;
#8937 = VERTEX_POINT ( 'NONE', #8014 ) ;
#8938 = ORIENTED_EDGE ( 'NONE', *, *, #8349, .F. ) ;
#8939 = LINE ( 'NONE', #1649, #4190 ) ;
#8940 = CARTESIAN_POINT ( 'NONE',  ( 2.464262899386311378, 0.5639694227494312928, 1.151527806643384055 ) ) ;
#8941 = DIRECTION ( 'NONE',  ( 1.734723475976805517E-15, 0.000000000000000000, 1.000000000000000000 ) ) ;
#8942 = ORIENTED_EDGE ( 'NONE', *, *, #6224, .T. ) ;
#8943 = ORIENTED_EDGE ( 'NONE', *, *, #8993, .T. ) ;
#8944 = EDGE_CURVE ( 'NONE', #4601, #3943, #7064, .T. ) ;
#8945 = CARTESIAN_POINT ( 'NONE',  ( -0.4082981140704597389, 0.5482992156844558318, -2.709035401558047340 ) ) ;
#8946 = EDGE_CURVE ( 'NONE', #4723, #3890, #4268, .T. ) ;
#8947 = DIRECTION ( 'NONE',  ( -0.000000000000000000, 1.000000000000000000, -0.000000000000000000 ) ) ;
#8948 = DIRECTION ( 'NONE',  ( -0.000000000000000000, -1.000000000000000000, -0.000000000000000000 ) ) ;
#8949 = FACE_OUTER_BOUND ( 'NONE', #9203, .T. ) ;
#8950 = PLANE ( 'NONE',  #1633 ) ;
#8951 = DIRECTION ( 'NONE',  ( 0.000000000000000000, 0.000000000000000000, -1.000000000000000000 ) ) ;
#8952 = ORIENTED_EDGE ( 'NONE', *, *, #6425, .T. ) ;
#8953 = CARTESIAN_POINT ( 'NONE',  ( -1.277811535945102106, 0.8999999999999998002, 1.912380108295842707 ) ) ;
#8954 = ORIENTED_EDGE ( 'NONE', *, *, #5875, .F. ) ;
#8955 = ORIENTED_EDGE ( 'NONE', *, *, #7770, .T. ) ;
#8956 = DIRECTION ( 'NONE',  ( -0.000000000000000000, -1.000000000000000000, -0.000000000000000000 ) ) ;
#8957 = DIRECTION ( 'NONE',  ( 0.3024055482589636523, 0.000000000000000000, 0.9531793558308926384 ) ) ;
#8958 = CARTESIAN_POINT ( 'NONE',  ( 2.155950649801646968, 0.000000000000000000, -1.658458538036028829 ) ) ;
#8959 = DIRECTION ( 'NONE',  ( 0.000000000000000000, 0.000000000000000000, -1.000000000000000000 ) ) ;
#8960 = CARTESIAN_POINT ( 'NONE',  ( -0.3517800458162986255, 0.5639694227494327361, 2.697194602940289787 ) ) ;
#8961 = ORIENTED_EDGE ( 'NONE', *, *, #8400, .F. ) ;
#8962 = ORIENTED_EDGE ( 'NONE', *, *, #2544, .F. ) ;
#8963 = AXIS2_PLACEMENT_3D ( 'NONE', #3038, #5242, #1620 ) ;
#8964 = DIRECTION ( 'NONE',  ( 0.6245321485348047652, 0.000000000000000000, -0.7809991007974981247 ) ) ;
#8965 = EDGE_CURVE ( 'NONE', #7967, #7295, #1523, .T. ) ;
#8966 = ORIENTED_EDGE ( 'NONE', *, *, #8672, .T. ) ;
#8967 = ORIENTED_EDGE ( 'NONE', *, *, #5725, .T. ) ;
#8968 = CARTESIAN_POINT ( 'NONE',  ( -2.576739882529719416, 0.5639694227494319589, -0.8712172545039937877 ) ) ;
#8969 = CARTESIAN_POINT ( 'NONE',  ( 1.099587125378900243, 0.8000000000000000444, 1.572792206135783299 ) ) ;
#8970 = DIRECTION ( 'NONE',  ( 0.000000000000000000, 0.000000000000000000, 1.000000000000000000 ) ) ;
#8971 = CARTESIAN_POINT ( 'NONE',  ( -0.8801718944397228794, 0.8999999999999999112, 2.124922924775952460 ) ) ;
#8972 = CARTESIAN_POINT ( 'NONE',  ( 2.154640415614399451, 0.000000000000000000, -1.785452745114184392 ) ) ;
#8973 = VERTEX_POINT ( 'NONE', #1663 ) ;
#8974 = ORIENTED_EDGE ( 'NONE', *, *, #7262, .T. ) ;
#8975 = ORIENTED_EDGE ( 'NONE', *, *, #6854, .T. ) ;
#8976 = VECTOR ( 'NONE', #3832, 100.0000000000000000 ) ;
#8977 = CARTESIAN_POINT ( 'NONE',  ( 1.626345596729050325, 0.000000000000000000, 1.626345596729067422 ) ) ;
#8978 = DIRECTION ( 'NONE',  ( 0.000000000000000000, 0.000000000000000000, 1.000000000000000000 ) ) ;
#8979 = EDGE_CURVE ( 'NONE', #559, #2934, #4536, .T. ) ;
#8980 = CARTESIAN_POINT ( 'NONE',  ( 0.2057855830998543689, 0.000000000000000000, 2.792427670287675134 ) ) ;
#8981 = CARTESIAN_POINT ( 'NONE',  ( -1.413921236619436916, 0.5482992156844531673, -2.346573436627297671 ) ) ;
#8982 = ORIENTED_EDGE ( 'NONE', *, *, #5529, .T. ) ;
#8983 = B_SPLINE_CURVE_WITH_KNOTS ( 'NONE', 3,
 ( #4941, #6314, #8555, #15 ),
 .UNSPECIFIED., .F., .F.,
 ( 4, 4 ),
 ( 3.282350919536033106E-07, 0.005493070069607282682 ),
 .UNSPECIFIED. ) ;
#8984 = VECTOR ( 'NONE', #3732, 100.0000000000000000 ) ;
#8985 = CYLINDRICAL_SURFACE ( 'NONE', #7970, 0.1000000000000000888 ) ;
#8986 = FACE_OUTER_BOUND ( 'NONE', #4558, .T. ) ;
#8987 = DIRECTION ( 'NONE',  ( -0.4629747100609429844, 0.000000000000000000, 0.8863714897513265134 ) ) ;
#8988 = AXIS2_PLACEMENT_3D ( 'NONE', #706, #1406, #4277 ) ;
#8989 = CARTESIAN_POINT ( 'NONE',  ( 1.530808498934191571E-16, 0.4000000000000000222, 1.250000000000000000 ) ) ;
#8990 = DIRECTION ( 'NONE',  ( -0.000000000000000000, 1.000000000000000000, -0.000000000000000000 ) ) ;
#8991 = CARTESIAN_POINT ( 'NONE',  ( 1.272792206135787918, 0.8000000000000000444, 1.272792206135783255 ) ) ;
#8992 = EDGE_CURVE ( 'NONE', #4765, #3116, #821, .T. ) ;
#8993 = EDGE_CURVE ( 'NONE', #1827, #5223, #6611, .T. ) ;
#8994 = CARTESIAN_POINT ( 'NONE',  ( 1.229627716723125541, 0.000000000000000000, -2.401809684532834943 ) ) ;
#8995 = VECTOR ( 'NONE', #3459, 100.0000000000000000 ) ;
#8996 = VECTOR ( 'NONE', #4886, 100.0000000000000000 ) ;
#8997 = ORIENTED_EDGE ( 'NONE', *, *, #4046, .T. ) ;
#8998 = DIRECTION ( 'NONE',  ( 0.000000000000000000, -1.000000000000000000, 0.000000000000000000 ) ) ;
#8999 = DIRECTION ( 'NONE',  ( -0.000000000000000000, -1.000000000000000000, -0.000000000000000000 ) ) ;
#9000 = CARTESIAN_POINT ( 'NONE',  ( -2.786066592457916435, 0.5013837380188957971, -0.2610551053411910294 ) ) ;
#9001 = CARTESIAN_POINT ( 'NONE',  ( 2.439451456656917649, 0.7884388346744656273, 0.04037680660731790550 ) ) ;
#9002 = CARTESIAN_POINT ( 'NONE',  ( -2.789162174454036691, 0.5013837380188959081, -0.2255907582982829562 ) ) ;
#9003 = DIRECTION ( 'NONE',  ( 0.000000000000000000, 1.000000000000000000, 0.000000000000000000 ) ) ;
#9004 = ORIENTED_EDGE ( 'NONE', *, *, #4430, .T. ) ;
#9005 = AXIS2_PLACEMENT_3D ( 'NONE', #1266, #4128, #7004 ) ;
#9006 = ORIENTED_EDGE ( 'NONE', *, *, #6975, .T. ) ;
#9007 = PLANE ( 'NONE',  #1111 ) ;
#9008 = EDGE_LOOP ( 'NONE', ( #4592, #1249, #226, #4779 ) ) ;
#9009 = ORIENTED_EDGE ( 'NONE', *, *, #4349, .T. ) ;
#9010 = CARTESIAN_POINT ( 'NONE',  ( -1.764915053207610107, 0.000000000000000000, 2.171495263774698703 ) ) ;
#9011 = CARTESIAN_POINT ( 'NONE',  ( 2.378574613530785697, 0.5270647222874784710, -1.412143514359731844 ) ) ;
#9012 = AXIS2_PLACEMENT_3D ( 'NONE', #6527, #7829, #5718 ) ;
#9013 = DIRECTION ( 'NONE',  ( -0.8758678859938374694, 0.000000000000000000, 0.4825509779128897003 ) ) ;
#9014 = CARTESIAN_POINT ( 'NONE',  ( -0.9708409617377659062, 0.7884388346700346162, 2.238307736424239636 ) ) ;
#9015 = CARTESIAN_POINT ( 'NONE',  ( 0.000000000000000000, 0.000000000000000000, 0.000000000000000000 ) ) ;
#9016 = VERTEX_POINT ( 'NONE', #3731 ) ;
#9017 = ORIENTED_EDGE ( 'NONE', *, *, #7939, .T. ) ;
#9018 = AXIS2_PLACEMENT_3D ( 'NONE', #2530, #6992, #4118 ) ;
#9019 = EDGE_LOOP ( 'NONE', ( #6857, #1765, #3929, #8938, #2452 ) ) ;
#9020 = CARTESIAN_POINT ( 'NONE',  ( -2.299999999999999822, 0.9000000000000001332, -2.493622752942928889E-14 ) ) ;
#9021 = CARTESIAN_POINT ( 'NONE',  ( 2.496510180834937920, 0.5013176973172508433, 1.264272188000580721 ) ) ;
#9022 = B_SPLINE_CURVE_WITH_KNOTS ( 'NONE', 3,
 ( #2272, #4994, #8010, #1569, #2220, #7163, #4440, #7304, #3726, #5089 ),
 .UNSPECIFIED., .F., .F.,
 ( 4, 2, 2, 2, 4 ),
 ( 0.000000000000000000, 0.0003831395918291002727, 0.0007662791836582005453, 0.001149418775487300818, 0.001532558367316401091 ),
 .UNSPECIFIED. ) ;
#9024 = CARTESIAN_POINT ( 'NONE',  ( -1.099587125378900687, 0.8000000000000000444, -0.9727922061357825445 ) ) ;
#9023 = AXIS2_PLACEMENT_3D ( 'NONE', #704, #7292, #4426 ) ;
#9025 = CARTESIAN_POINT ( 'NONE',  ( 0.000000000000000000, 0.9000000000000001332, 0.000000000000000000 ) ) ;
#9026 = B_SPLINE_CURVE_WITH_KNOTS ( 'NONE', 3,
 ( #3146, #4468, #5121, #7380 ),
 .UNSPECIFIED., .F., .F.,
 ( 4, 4 ),
 ( 0.001041868518098981082, 0.006534610352613583022 ),
 .UNSPECIFIED. ) ;
#9027 = EDGE_LOOP ( 'NONE', ( #5842, #5318, #7106, #1478 ) ) ;
#9028 = EDGE_CURVE ( 'NONE', #7507, #7253, #6194, .T. ) ;
#9029 = VECTOR ( 'NONE', #1842, 100.0000000000000142 ) ;
#9030 = EDGE_CURVE ( 'NONE', #5231, #2514, #5904, .T. ) ;
#9031 = ADVANCED_FACE ( 'NONE', ( #8763 ), #2326, .T. ) ;
#9032 = CARTESIAN_POINT ( 'NONE',  ( 1.351601172150509900, 0.5014441230611187406, 2.450144786393178453 ) ) ;
#9033 = AXIS2_PLACEMENT_3D ( 'NONE', #6013, #6628, #4463 ) ;
#9034 = CIRCLE ( 'NONE', #3332, 0.1000000000000000888 ) ;
#9035 = CARTESIAN_POINT ( 'NONE',  ( -2.385378121632429238, 0.000000000000000000, -1.261207873146526159 ) ) ;
#9036 = PLANE ( 'NONE',  #5291 ) ;
#9037 = CARTESIAN_POINT ( 'NONE',  ( 2.438073872837081879, 0.000000000000000000, -1.205986615744112589 ) ) ;
#9038 = CIRCLE ( 'NONE', #3633, 0.1000000000000000888 ) ;
#9039 = DIRECTION ( 'NONE',  ( -0.4797759913888166028, 0.000000000000000000, -0.8773910177833360580 ) ) ;
#9040 = ORIENTED_EDGE ( 'NONE', *, *, #6135, .T. ) ;
#9041 = VECTOR ( 'NONE', #2712, 100.0000000000000000 ) ;
#9042 = CARTESIAN_POINT ( 'NONE',  ( 0.9122522659845493376, 0.6763576274056528614, 2.413098568542472400 ) ) ;
#9043 = AXIS2_PLACEMENT_3D ( 'NONE', #4343, #6515, #215 ) ;
#9044 = AXIS2_PLACEMENT_3D ( 'NONE', #3670, #6541, #96 ) ;
#9045 = ORIENTED_EDGE ( 'NONE', *, *, #7796, .T. ) ;
#9046 = LINE ( 'NONE', #6805, #627 ) ;
#9047 = LINE ( 'NONE', #7503, #5711 ) ;
#9048 = CARTESIAN_POINT ( 'NONE',  ( -1.662073109026478201, 0.000000000000000000, -1.589815391877640316 ) ) ;
#9049 = CARTESIAN_POINT ( 'NONE',  ( 0.000000000000000000, 0.9000000000000001332, 0.000000000000000000 ) ) ;
#9050 = DIRECTION ( 'NONE',  ( -0.4825509779128867582, 0.000000000000000000, -0.8758678859938391348 ) ) ;
#9051 = ORIENTED_EDGE ( 'NONE', *, *, #5336, .T. ) ;
#9052 = EDGE_LOOP ( 'NONE', ( #2806, #2706, #6753, #1065 ) ) ;
#9053 = B_SPLINE_CURVE_WITH_KNOTS ( 'NONE', 3,
 ( #4095, #9114, #5509, #1932, #6259, #7712, #2683, #1982, #4282, #5650 ),
 .UNSPECIFIED., .F., .F.,
 ( 4, 2, 2, 2, 4 ),
 ( 0.000000000000000000, 0.0003831395918290998390, 0.0007662791836581996779, 0.001149418775487299517, 0.001532558367316399356 ),
 .UNSPECIFIED. ) ;
#9054 = DIRECTION ( 'NONE',  ( 0.9960732287271422125, 0.000000000000000000, 0.08853317464705609541 ) ) ;
#9055 = EDGE_CURVE ( 'NONE', #4970, #9225, #908, .T. ) ;
#9056 = ORIENTED_EDGE ( 'NONE', *, *, #6596, .T. ) ;
#9057 = ORIENTED_EDGE ( 'NONE', *, *, #7023, .T. ) ;
#9058 = CYLINDRICAL_SURFACE ( 'NONE', #6449, 0.1000000000000000888 ) ;
#9059 = LINE ( 'NONE', #4119, #6910 ) ;
#9060 = EDGE_CURVE ( 'NONE', #3684, #979, #1684, .T. ) ;
#9061 = CARTESIAN_POINT ( 'NONE',  ( -2.155950649801658958, 0.000000000000000000, 1.658458538036013508 ) ) ;
#9062 = PLANE ( 'NONE',  #6944 ) ;
#9063 = CARTESIAN_POINT ( 'NONE',  ( -2.717352668980064223, 0.5639694227494329581, -0.1208403870883520970 ) ) ;
#9064 = AXIS2_PLACEMENT_3D ( 'NONE', #8051, #5044, #816 ) ;
#9065 = EDGE_LOOP ( 'NONE', ( #3107, #6092, #3378, #5807 ) ) ;
#9066 = ORIENTED_EDGE ( 'NONE', *, *, #7813, .T. ) ;
#9067 = ORIENTED_EDGE ( 'NONE', *, *, #3515, .F. ) ;
#9068 = EDGE_CURVE ( 'NONE', #3859, #1035, #6791, .T. ) ;
#9069 = CARTESIAN_POINT ( 'NONE',  ( 2.193772081687386244, 0.5013837380188954640, 1.737147339532188361 ) ) ;
#9070 = CARTESIAN_POINT ( 'NONE',  ( 2.784880372713972374, 0.5013175801480324045, -0.2745723508974654559 ) ) ;
#9071 = DIRECTION ( 'NONE',  ( -0.4999999999999994449, 0.000000000000000000, 0.8660254037844389297 ) ) ;
#9072 = DIRECTION ( 'NONE',  ( 0.000000000000000000, 1.000000000000000000, -0.000000000000000000 ) ) ;
#9073 = CARTESIAN_POINT ( 'NONE',  ( -1.628446463627823970, 0.5469355218732210311, 2.205242457077114082 ) ) ;
#9074 = VERTEX_POINT ( 'NONE', #8989 ) ;
#9075 = AXIS2_PLACEMENT_3D ( 'NONE', #4097, #5695, #4987 ) ;
#9076 = ADVANCED_FACE ( 'NONE', ( #4099 ), #2641, .T. ) ;
#9077 = CARTESIAN_POINT ( 'NONE',  ( 2.628037299076494193, 0.5152387927717603233, -0.9094978139467321254 ) ) ;
#9078 = EDGE_CURVE ( 'NONE', #3141, #8767, #9038, .T. ) ;
#9079 = DIRECTION ( 'NONE',  ( 0.000000000000000000, 0.000000000000000000, 1.000000000000000000 ) ) ;
#9080 = CARTESIAN_POINT ( 'NONE',  ( -1.940294437034811192, 0.9000000000000001332, -1.235013156857758032 ) ) ;
#9081 = CARTESIAN_POINT ( 'NONE',  ( -2.679180215114806085, 0.5032447133622975910, 0.7996444743394127697 ) ) ;
#9082 = CARTESIAN_POINT ( 'NONE',  ( 0.8288578182228232283, 0.000000000000000000, 2.567814011882545877 ) ) ;
#9083 = ORIENTED_EDGE ( 'NONE', *, *, #4889, .T. ) ;
#9084 = CARTESIAN_POINT ( 'NONE',  ( -0.7071693041342073105, 0.5639694227494327361, -2.626503284226974877 ) ) ;
#9085 = ORIENTED_EDGE ( 'NONE', *, *, #8477, .F. ) ;
#9086 = DIRECTION ( 'NONE',  ( -0.7659158829736008034, 0.000000000000000000, 0.6429407905933247624 ) ) ;
#9087 = CARTESIAN_POINT ( 'NONE',  ( 2.585593199994430158, 0.000000000000000000, 0.7716099316312621248 ) ) ;
#9088 = EDGE_CURVE ( 'NONE', #3693, #6398, #3942, .T. ) ;
#9089 = CARTESIAN_POINT ( 'NONE',  ( 2.400455205148184223, 0.7884388346761193045, -0.4363123926319507073 ) ) ;
#9090 = CARTESIAN_POINT ( 'NONE',  ( -0.2168951061243597489, 0.000000000000000000, 2.689540963694128095 ) ) ;
#9091 = LINE ( 'NONE', #4402, #1080 ) ;
#9092 = ORIENTED_EDGE ( 'NONE', *, *, #638, .F. ) ;
#9093 = ORIENTED_EDGE ( 'NONE', *, *, #1248, .T. ) ;
#9094 = CARTESIAN_POINT ( 'NONE',  ( -2.068424656239787218, 0.5208144798885364635, 1.848424653360435377 ) ) ;
#9095 = ORIENTED_EDGE ( 'NONE', *, *, #2397, .T. ) ;
#9096 = ORIENTED_EDGE ( 'NONE', *, *, #5169, .F. ) ;
#9097 = CARTESIAN_POINT ( 'NONE',  ( 2.567814011882543213, 0.000000000000000000, -0.8288578182228321101 ) ) ;
#9098 = CARTESIAN_POINT ( 'NONE',  ( 2.786066592457918656, 0.5013837380188954640, 0.2610551053411716560 ) ) ;
#9099 = CARTESIAN_POINT ( 'NONE',  ( -1.619202367649564378, 0.8000000000000000444, -1.272792206135783255 ) ) ;
#9100 = DIRECTION ( 'NONE',  ( -0.000000000000000000, -1.000000000000000000, -0.000000000000000000 ) ) ;
#9101 = CARTESIAN_POINT ( 'NONE',  ( -2.490520000137329326, 0.5013837380188956860, -1.275784838658433396 ) ) ;
#9102 = ADVANCED_FACE ( 'NONE', ( #6922 ), #439, .T. ) ;
#9103 = ORIENTED_EDGE ( 'NONE', *, *, #2794, .F. ) ;
#9104 = ORIENTED_EDGE ( 'NONE', *, *, #7727, .F. ) ;
#9105 = AXIS2_PLACEMENT_3D ( 'NONE', #7260, #949, #5186 ) ;
#9106 = EDGE_LOOP ( 'NONE', ( #964, #8033, #395, #3126 ) ) ;
#9107 = CARTESIAN_POINT ( 'NONE',  ( -1.313887210115762816, 0.000000000000000000, -2.356772047004897175 ) ) ;
#9108 = CARTESIAN_POINT ( 'NONE',  ( -1.775495203750112383, 0.5013175801480324045, -2.162999178840625092 ) ) ;
#9109 = PLANE ( 'NONE',  #8582 ) ;
#9110 = VECTOR ( 'NONE', #3292, 100.0000000000000142 ) ;
#9111 = CARTESIAN_POINT ( 'NONE',  ( 0.7995736333737202273, 0.5013837380188951309, -2.681603779540952193 ) ) ;
#9112 = DIRECTION ( 'NONE',  ( -0.4999999999999998335, 0.000000000000000000, 0.8660254037844388186 ) ) ;
#9113 = ORIENTED_EDGE ( 'NONE', *, *, #6326, .T. ) ;
#9114 = CARTESIAN_POINT ( 'NONE',  ( -2.695187706012777351, 0.5013176973172512874, -0.7529345773185408541 ) ) ;
#9115 = ORIENTED_EDGE ( 'NONE', *, *, #4897, .T. ) ;
#9116 = DIRECTION ( 'NONE',  ( -0.8863714897513236268, 0.000000000000000000, -0.4629747100609484800 ) ) ;
#9117 = CARTESIAN_POINT ( 'NONE',  ( 1.383281390021742663, 0.5032341246880195351, 2.429823699374449308 ) ) ;
#9118 = DIRECTION ( 'NONE',  ( 0.000000000000000000, 1.000000000000000000, -0.000000000000000000 ) ) ;
#9119 = DIRECTION ( 'NONE',  ( 0.000000000000000000, 0.000000000000000000, -1.000000000000000000 ) ) ;
#9120 = CARTESIAN_POINT ( 'NONE',  ( -2.713997647364022381, 0.5639694227494324030, 0.1811758727515754008 ) ) ;
#9121 = EDGE_CURVE ( 'NONE', #4611, #3693, #8194, .T. ) ;
#9122 = AXIS2_PLACEMENT_3D ( 'NONE', #4290, #4485, #2980 ) ;
#9123 = ORIENTED_EDGE ( 'NONE', *, *, #5637, .T. ) ;
#9124 = EDGE_CURVE ( 'NONE', #630, #5836, #5051, .T. ) ;
#9125 = CARTESIAN_POINT ( 'NONE',  ( -2.697194602940288455, 0.5639694227494327361, -0.3517800458163080624 ) ) ;
#9126 = CARTESIAN_POINT ( 'NONE',  ( -0.05109392178899865855, 0.8999999999999999112, -2.299432410651859104 ) ) ;
#9127 = VECTOR ( 'NONE', #4676, 100.0000000000000000 ) ;
#9128 = ORIENTED_EDGE ( 'NONE', *, *, #116, .T. ) ;
#9129 = PLANE ( 'NONE',  #3935 ) ;
#9130 = LINE ( 'NONE', #2081, #4838 ) ;
#9131 = PLANE ( 'NONE',  #208 ) ;
#9132 = DIRECTION ( 'NONE',  ( 0.000000000000000000, 0.000000000000000000, 1.000000000000000000 ) ) ;
#9133 = FACE_OUTER_BOUND ( 'NONE', #2486, .T. ) ;
#9134 = VERTEX_POINT ( 'NONE', #4049 ) ;
#9135 = ADVANCED_FACE ( 'NONE', ( #5378 ), #4981, .T. ) ;
#9136 = ORIENTED_EDGE ( 'NONE', *, *, #5381, .T. ) ;
#9137 = VECTOR ( 'NONE', #5974, 100.0000000000000000 ) ;
#9138 = EDGE_CURVE ( 'NONE', #5795, #4303, #1702, .T. ) ;
#9139 = ADVANCED_FACE ( 'NONE', ( #8375 ), #9036, .T. ) ;
#9140 = DIRECTION ( 'NONE',  ( 0.2781170528593689961, 0.000000000000000000, -0.9605471903601712214 ) ) ;
#9141 = ORIENTED_EDGE ( 'NONE', *, *, #6023, .F. ) ;
#9142 = ORIENTED_EDGE ( 'NONE', *, *, #7122, .F. ) ;
#9143 = CARTESIAN_POINT ( 'NONE',  ( -2.143951337957551218, 0.8999999999999995781, -0.8327500588231913081 ) ) ;
#9144 = DIRECTION ( 'NONE',  ( 0.000000000000000000, 0.000000000000000000, -1.000000000000000000 ) ) ;
#9145 = CARTESIAN_POINT ( 'NONE',  ( 1.277811535945086563, 0.000000000000000000, -1.912380108295853143 ) ) ;
#9146 = CARTESIAN_POINT ( 'NONE',  ( -1.883521912966402034, 0.000000000000000000, 1.319979243539603386 ) ) ;
#9147 = DIRECTION ( 'NONE',  ( 0.000000000000000000, 1.000000000000000000, 0.000000000000000000 ) ) ;
#9148 = VECTOR ( 'NONE', #6589, 100.0000000000000000 ) ;
#9149 = ORIENTED_EDGE ( 'NONE', *, *, #5311, .T. ) ;
#9150 = VERTEX_POINT ( 'NONE', #1048 ) ;
#9151 = ORIENTED_EDGE ( 'NONE', *, *, #2733, .F. ) ;
#9152 = ADVANCED_FACE ( 'NONE', ( #8949 ), #486, .T. ) ;
#9153 = FACE_OUTER_BOUND ( 'NONE', #7889, .T. ) ;
#9154 = ORIENTED_EDGE ( 'NONE', *, *, #7195, .T. ) ;
#9155 = CARTESIAN_POINT ( 'NONE',  ( 2.500094159924721282, 0.5032341246880186469, 1.251814605096348565 ) ) ;
#9156 = EDGE_CURVE ( 'NONE', #6615, #1955, #1981, .T. ) ;
#9157 = CARTESIAN_POINT ( 'NONE',  ( -2.154640415614411886, 0.000000000000000000, 1.785452745114168849 ) ) ;
#9158 = CARTESIAN_POINT ( 'NONE',  ( -1.409205145698852135, 0.5639694227494287393, -2.326531492179000793 ) ) ;
#9159 = CARTESIAN_POINT ( 'NONE',  ( 1.272792206135787918, 1.000000000000000000, 1.472792206135783211 ) ) ;
#9160 = FACE_OUTER_BOUND ( 'NONE', #124, .T. ) ;
#9161 = VECTOR ( 'NONE', #4861, 100.0000000000000000 ) ;
#9162 = ORIENTED_EDGE ( 'NONE', *, *, #7651, .F. ) ;
#9163 = VECTOR ( 'NONE', #8146, 100.0000000000000000 ) ;
#9164 = CARTESIAN_POINT ( 'NONE',  ( 2.659274715570398850, 0.5013176973172520645, -0.8713238407688792542 ) ) ;
#9165 = EDGE_CURVE ( 'NONE', #1897, #3784, #3368, .T. ) ;
#9166 = ORIENTED_EDGE ( 'NONE', *, *, #872, .F. ) ;
#9167 = AXIS2_PLACEMENT_3D ( 'NONE', #3711, #7148, #5175 ) ;
#9168 = CYLINDRICAL_SURFACE ( 'NONE', #4431, 0.09999999999999992228 ) ;
#9169 = EDGE_CURVE ( 'NONE', #4410, #1213, #6132, .T. ) ;
#9170 = CARTESIAN_POINT ( 'NONE',  ( 1.875677327064320998, 0.000000000000000000, 2.078902249923464396 ) ) ;
#9171 = CARTESIAN_POINT ( 'NONE',  ( 1.266739089305539245, 0.5172237555934202646, 2.472913796514972784 ) ) ;
#9172 = CARTESIAN_POINT ( 'NONE',  ( 1.883521912966392930, 0.8999999999999998002, -1.319979243539616709 ) ) ;
#9173 = CIRCLE ( 'NONE', #6038, 2.299999999999999822 ) ;
#9174 = AXIS2_PLACEMENT_3D ( 'NONE', #406, #9086, #2651 ) ;
#9175 = CARTESIAN_POINT ( 'NONE',  ( -1.795696000592547303, 0.5560412871706275073, 2.056234383696376788 ) ) ;
#9176 = DIRECTION ( 'NONE',  ( 0.000000000000000000, 0.000000000000000000, -1.000000000000000000 ) ) ;
#9177 = ORIENTED_EDGE ( 'NONE', *, *, #5996, .F. ) ;
#9178 = DIRECTION ( 'NONE',  ( 0.9940345471201617045, 0.000000000000000000, -0.1090656643110699681 ) ) ;
#9179 = ORGANIZATION ( 'UNSPECIFIED', 'UNSPECIFIED', '' ) ;
#9180 = FACE_OUTER_BOUND ( 'NONE', #9027, .T. ) ;
#9181 = CARTESIAN_POINT ( 'NONE',  ( -0.8327500588231837586, 0.8999999999999998002, 2.143951337957554326 ) ) ;
#9182 = CARTESIAN_POINT ( 'NONE',  ( 0.000000000000000000, 0.9000000000000001332, 0.000000000000000000 ) ) ;
#9183 = CARTESIAN_POINT ( 'NONE',  ( 2.578525685088084440, 0.000000000000000000, -0.7949084059125692825 ) ) ;
#9184 = VECTOR ( 'NONE', #2000, 100.0000000000000284 ) ;
#9185 = AXIS2_PLACEMENT_3D ( 'NONE', #7191, #8497, #5028 ) ;
#9186 = VERTEX_POINT ( 'NONE', #7622 ) ;
#9187 = CARTESIAN_POINT ( 'NONE',  ( -1.685092957961713322, 0.5130222161702869821, 2.215771117704256721 ) ) ;
#9188 = ORIENTED_EDGE ( 'NONE', *, *, #1094, .T. ) ;
#9189 = VERTEX_POINT ( 'NONE', #9080 ) ;
#9190 = CARTESIAN_POINT ( 'NONE',  ( -1.696401953625582548, 0.7884388346700345052, -1.753503381137265116 ) ) ;
#9191 = CARTESIAN_POINT ( 'NONE',  ( -2.131752242351193871, 0.000000000000000000, 1.812718732419738465 ) ) ;
#9192 = CARTESIAN_POINT ( 'NONE',  ( 0.9282438859800703490, 0.000000000000000000, 2.556750127584891619 ) ) ;
#9193 = EDGE_CURVE ( 'NONE', #8521, #3606, #1936, .T. ) ;
#9194 = DIRECTION ( 'NONE',  ( 0.000000000000000000, 1.000000000000000000, 0.000000000000000000 ) ) ;
#9195 = CARTESIAN_POINT ( 'NONE',  ( 2.413098568542469735, 0.6763576274056525284, -0.9122522659845576642 ) ) ;
#9196 = EDGE_CURVE ( 'NONE', #6281, #8199, #1376, .T. ) ;
#9197 = EDGE_CURVE ( 'NONE', #7872, #5540, #4613, .T. ) ;
#9198 = ORIENTED_EDGE ( 'NONE', *, *, #7212, .F. ) ;
#9199 = ORIENTED_EDGE ( 'NONE', *, *, #2653, .F. ) ;
#9200 = VERTEX_POINT ( 'NONE', #1460 ) ;
#9201 = CARTESIAN_POINT ( 'NONE',  ( 0.9373384435179834551, 0.000000000000000000, 2.638445876326303896 ) ) ;
#9202 = ORIENTED_EDGE ( 'NONE', *, *, #4408, .T. ) ;
#9203 = EDGE_LOOP ( 'NONE', ( #1423, #8835, #448, #9199 ) ) ;
#9204 = DIRECTION ( 'NONE',  ( 0.9596619953882969956, 0.000000000000000000, 0.2811562814652244224 ) ) ;
#9205 = CARTESIAN_POINT ( 'NONE',  ( 2.147011024526660261, 0.5014441230611187406, -1.794541407549374412 ) ) ;
#9206 = DIRECTION ( 'NONE',  ( 0.000000000000000000, 0.000000000000000000, 1.000000000000000000 ) ) ;
#9207 = EDGE_CURVE ( 'NONE', #5640, #741, #2728, .T. ) ;
#9208 = VECTOR ( 'NONE', #7873, 100.0000000000000000 ) ;
#9209 = CARTESIAN_POINT ( 'NONE',  ( -0.2740066885232302352, 0.5013175801480322935, 2.784936085595037358 ) ) ;
#9210 = LINE ( 'NONE', #6256, #7614 ) ;
#9211 = VERTEX_POINT ( 'NONE', #4894 ) ;
#9212 = CARTESIAN_POINT ( 'NONE',  ( -2.124922924775949795, 0.8999999999999998002, -0.8801718944397305400 ) ) ;
#9213 = CARTESIAN_POINT ( 'NONE',  ( 2.637374236227603141, 0.5101996115923989050, -0.9017513797204661508 ) ) ;
#9214 = EDGE_LOOP ( 'NONE', ( #7425, #2569, #7607, #3768 ) ) ;
#9215 = DIRECTION ( 'NONE',  ( 0.4629747100609484800, 0.000000000000000000, -0.8863714897513236268 ) ) ;
#9216 = B_SPLINE_CURVE_WITH_KNOTS ( 'NONE', 3,
 ( #3659, #4458, #129, #1537 ),
 .UNSPECIFIED., .F., .F.,
 ( 4, 4 ),
 ( 0.001041907151302071902, 0.006534648985770984478 ),
 .UNSPECIFIED. ) ;
#9217 =( NAMED_UNIT ( * ) PLANE_ANGLE_UNIT ( ) SI_UNIT ( $, .RADIAN. ) );
#9218 = DIRECTION ( 'NONE',  ( 0.000000000000000000, 1.000000000000000000, 0.000000000000000000 ) ) ;
#9219 = LINE ( 'NONE', #7118, #1305 ) ;
#9220 = CIRCLE ( 'NONE', #3525, 0.1000000000000000888 ) ;
#9221 = EDGE_CURVE ( 'NONE', #3693, #3738, #6464, .T. ) ;
#9222 = CARTESIAN_POINT ( 'NONE',  ( -1.802889012249431655, 0.5271463900493871257, 2.097806567263114097 ) ) ;
#9223 = EDGE_CURVE ( 'NONE', #1672, #7330, #7476, .T. ) ;
#9224 = DIRECTION ( 'NONE',  ( 0.000000000000000000, 0.000000000000000000, 1.000000000000000000 ) ) ;
#9225 = VERTEX_POINT ( 'NONE', #4139 ) ;
#9226 = CARTESIAN_POINT ( 'NONE',  ( 1.802661376420855888, 0.5340002883789662924, -2.086682955803379258 ) ) ;
#9227 = CARTESIAN_POINT ( 'NONE',  ( -0.05109392178899865855, 0.000000000000000000, -2.299432410651859104 ) ) ;
#9228 = FACE_OUTER_BOUND ( 'NONE', #3937, .T. ) ;
#9229 = CARTESIAN_POINT ( 'NONE',  ( -1.275784838658426068, 0.5013837380188954640, 2.490520000137332879 ) ) ;
#9230 = FACE_OUTER_BOUND ( 'NONE', #8258, .T. ) ;
#9231 = ORIENTED_EDGE ( 'NONE', *, *, #5232, .F. ) ;
#9232 = CARTESIAN_POINT ( 'NONE',  ( -0.3517800458162985699, 0.000000000000000000, 2.697194602940290231 ) ) ;
#9233 = EDGE_LOOP ( 'NONE', ( #6538, #6762, #8061, #5956, #4571, #718 ) ) ;
#9234 = ORIENTED_EDGE ( 'NONE', *, *, #1994, .F. ) ;
#9235 = CARTESIAN_POINT ( 'NONE',  ( 1.940294437034820074, 0.000000000000000000, 1.235013156857745820 ) ) ;
#9236 = CARTESIAN_POINT ( 'NONE',  ( 0.8249980577172126850, 0.5013837380188960191, 2.673891364733726572 ) ) ;
#9237 = CARTESIAN_POINT ( 'NONE',  ( 2.816687638038912056E-16, 0.000000000000000000, 2.299999999999999822 ) ) ;
#9238 = CARTESIAN_POINT ( 'NONE',  ( 2.796310035629891999, 0.000000000000000000, 0.1437017210598083017 ) ) ;
#9239 = CARTESIAN_POINT ( 'NONE',  ( 2.641564709370463504, 0.5639694227494326251, 0.6486476801571736672 ) ) ;
#9240 = EDGE_CURVE ( 'NONE', #4945, #940, #8425, .T. ) ;
#9241 = ORIENTED_EDGE ( 'NONE', *, *, #4493, .F. ) ;
#9242 = ORIENTED_EDGE ( 'NONE', *, *, #3334, .T. ) ;
#9243 = EDGE_CURVE ( 'NONE', #1827, #299, #7681, .T. ) ;
#9244 = DIRECTION ( 'NONE',  ( 0.4797759913888262062, 0.000000000000000000, 0.8773910177833307289 ) ) ;
#9245 = ORIENTED_EDGE ( 'NONE', *, *, #5010, .F. ) ;
#9246 = ORIENTED_EDGE ( 'NONE', *, *, #9254, .F. ) ;
#9247 = CARTESIAN_POINT ( 'NONE',  ( -1.237995030786159134, 0.5340002883789695121, -2.463980945508431830 ) ) ;
#9248 = CARTESIAN_POINT ( 'NONE',  ( 2.679180215114798536, 0.5032447133622987012, -0.7996444743394324206 ) ) ;
#9249 = DIRECTION ( 'NONE',  ( 0.000000000000000000, 1.000000000000000000, -0.000000000000000000 ) ) ;
#9251 = LINE ( 'NONE', #4976, #7781 ) ;
#9250 = CIRCLE ( 'NONE', #4905, 0.7500000000000000000 ) ;
#9252 = DIRECTION ( 'NONE',  ( 0.6441522441032622170, 0.000000000000000000, 0.7648973044904338048 ) ) ;
#9253 = ORIENTED_EDGE ( 'NONE', *, *, #4226, .F. ) ;
#9254 = EDGE_CURVE ( 'NONE', #3982, #5968, #4988, .T. ) ;
#9255 = CIRCLE ( 'NONE', #4312, 2.299999999999999378 ) ;
#9256 = CARTESIAN_POINT ( 'NONE',  ( -2.047196828785463829, 0.000000000000000000, -1.790975452365409559 ) ) ;
#9257 = CARTESIAN_POINT ( 'NONE',  ( -1.619202367649563268, 0.4000000000000000222, 1.272792206135783255 ) ) ;
#9258 = ORIENTED_EDGE ( 'NONE', *, *, #4725, .T. ) ;
#9259 = CARTESIAN_POINT ( 'NONE',  ( -0.8589474700274556396, 0.5013837380188961301, -2.663179691528192450 ) ) ;
#9260 =( LENGTH_UNIT ( ) NAMED_UNIT ( * ) SI_UNIT ( .CENTI., .METRE. ) );
#9261 = CARTESIAN_POINT ( 'NONE',  ( 2.192260848153295694, 0.5639694227494324030, 1.610155365304522412 ) ) ;
#9262 = LINE ( 'NONE', #5656, #7609 ) ;
#9263 = FACE_OUTER_BOUND ( 'NONE', #4956, .T. ) ;
#9264 = UNCERTAINTY_MEASURE_WITH_UNIT (LENGTH_MEASURE( 1.000000000000000082E-05 ), #9260, 'distance_accuracy_value', 'NONE');
#9265 = VECTOR ( 'NONE', #7065, 100.0000000000000000 ) ;
#9266 = CARTESIAN_POINT ( 'NONE',  ( 0.000000000000000000, 0.8000000000000000444, 0.000000000000000000 ) ) ;
#9267 = EDGE_LOOP ( 'NONE', ( #8887, #3639, #2593, #1777 ) ) ;
#9268 = CARTESIAN_POINT ( 'NONE',  ( -1.674570589714856617, 0.000000000000000000, 2.115771117704246862 ) ) ;
#9269 = FACE_OUTER_BOUND ( 'NONE', #4221, .T. ) ;
#9270 = EDGE_CURVE ( 'NONE', #2664, #5836, #8553, .T. ) ;
#9271 = CARTESIAN_POINT ( 'NONE',  ( 0.000000000000000000, 0.000000000000000000, 0.000000000000000000 ) ) ;
#9272 = LINE ( 'NONE', #822, #8984 ) ;
#9273 = CARTESIAN_POINT ( 'NONE',  ( -0.8589474700274556396, 0.5013837380188961301, -2.663179691528192450 ) ) ;
#9274 = ADVANCED_FACE ( 'NONE', ( #2688 ), #8465, .T. ) ;
#9275 = ORIENTED_EDGE ( 'NONE', *, *, #5584, .F. ) ;
#9276 = DIRECTION ( 'NONE',  ( 0.4999999999999998335, 0.000000000000000000, 0.8660254037844388186 ) ) ;
#9277 = VERTEX_POINT ( 'NONE', #1986 ) ;
#9278 = ORIENTED_EDGE ( 'NONE', *, *, #9243, .T. ) ;
#9279 = CARTESIAN_POINT ( 'NONE',  ( 2.327222263625912557, 0.6763576274005862476, -1.113231976729077477 ) ) ;
#9280 = CARTESIAN_POINT ( 'NONE',  ( 0.7949084059125600676, 0.5048081289386103787, 2.678525685088086750 ) ) ;
#9281 = DIRECTION ( 'NONE',  ( 0.000000000000000000, 1.000000000000000000, -0.000000000000000000 ) ) ;
#9282 = CARTESIAN_POINT ( 'NONE',  ( 2.255806144927428036, 0.9000000000000001332, 0.4487077406371041133 ) ) ;
#9283 = CARTESIAN_POINT ( 'NONE',  ( 1.883521912966392930, 0.8999999999999998002, -1.319979243539616709 ) ) ;
#9284 = AXIS2_PLACEMENT_3D ( 'NONE', #7393, #8605, #811 ) ;
#9285 = ORIENTED_EDGE ( 'NONE', *, *, #284, .T. ) ;
#9286 = B_SPLINE_CURVE_WITH_KNOTS ( 'NONE', 3,
 ( #5511, #6041, #7156, #4285 ),
 .UNSPECIFIED., .F., .F.,
 ( 4, 4 ),
 ( 3.282350919362918630E-07, 0.005493070069594656497 ),
 .UNSPECIFIED. ) ;
#9287 = ORIENTED_EDGE ( 'NONE', *, *, #6687, .T. ) ;
#9288 = EDGE_CURVE ( 'NONE', #4859, #1565, #8825, .T. ) ;
#9289 = CYLINDRICAL_SURFACE ( 'NONE', #3331, 0.1000000000000000056 ) ;
#9290 = CONICAL_SURFACE ( 'NONE', #6929, 2.299999999999999822, 0.8960553845713439269 ) ;
#9291 = ORIENTED_EDGE ( 'NONE', *, *, #7149, .T. ) ;
#9292 = ORIENTED_EDGE ( 'NONE', *, *, #8410, .T. ) ;
#9293 = CARTESIAN_POINT ( 'NONE',  ( 1.912380108295848036, 0.8999999999999995781, 1.277811535945095001 ) ) ;
#9294 = VECTOR ( 'NONE', #4619, 100.0000000000000000 ) ;
#9295 = CARTESIAN_POINT ( 'NONE',  ( 1.319979243539610270, 0.8999999999999998002, 1.883521912966397371 ) ) ;
#9296 = DIRECTION ( 'NONE',  ( 0.000000000000000000, 1.000000000000000000, 0.000000000000000000 ) ) ;
#9297 = CARTESIAN_POINT ( 'NONE',  ( 0.2610551053411629963, 0.000000000000000000, -2.786066592457919544 ) ) ;
ENDSEC;
END-ISO-10303-21;
