ISO-10303-21;
HEADER;
FILE_DESCRIPTION (( 'STEP AP203' ),
    '1' );
FILE_NAME ('기어_모터.STEP',
    '2024-09-26T14:21:17',
    ( '' ),
    ( '' ),
    'SwSTEP 2.0',
    'SolidWorks 2022',
    '' );
FILE_SCHEMA (( 'CONFIG_CONTROL_DESIGN' ));
ENDSEC;

DATA;
#1 = LINE ( 'NONE', #447, #153 ) ;
#2 = EDGE_CURVE ( 'NONE', #1182, #205, #2174, .T. ) ;
#3 = ORIENTED_EDGE ( 'NONE', *, *, #1716, .F. ) ;
#4 = CARTESIAN_POINT ( 'NONE',  ( -0.07660256648269651858, 0.1695242084174024833, -0.2387127335481921409 ) ) ;
#5 = ORIENTED_EDGE ( 'NONE', *, *, #1593, .F. ) ;
#6 = ORIENTED_EDGE ( 'NONE', *, *, #2659, .T. ) ;
#7 = AXIS2_PLACEMENT_3D ( 'NONE', #2209, #1785, #1980 ) ;
#8 = DIRECTION ( 'NONE',  ( -0.6903055965600474186, 0.000000000000000000, 0.7235179219327446676 ) ) ;
#9 = CARTESIAN_POINT ( 'NONE',  ( 0.4001094313074273212, 1.800000000000000266, 1.131332154134605750 ) ) ;
#10 = AXIS2_PLACEMENT_3D ( 'NONE', #2412, #1388, #1427 ) ;
#11 = CARTESIAN_POINT ( 'NONE',  ( 0.7629182656124979811, 0.6000000000000001998, -0.9262589918563913782 ) ) ;
#12 = CARTESIAN_POINT ( 'NONE',  ( 0.4207046846251443761, 0.6000000000000001998, 1.123836094959784759 ) ) ;
#13 = AXIS2_PLACEMENT_3D ( 'NONE', #1836, #2660, #2415 ) ;
#14 = ORIENTED_EDGE ( 'NONE', *, *, #2434, .F. ) ;
#15 = ADVANCED_FACE ( 'NONE', ( #1080 ), #2532, .F. ) ;
#16 = DIRECTION ( 'NONE',  ( 0.000000000000000000, 0.000000000000000000, 1.000000000000000000 ) ) ;
#17 = ORIENTED_EDGE ( 'NONE', *, *, #2464, .F. ) ;
#18 = ORIENTED_EDGE ( 'NONE', *, *, #1116, .F. ) ;
#19 = CARTESIAN_POINT ( 'NONE',  ( -0.1927483542730134281, 1.800000000000000266, 0.1283251930536057628 ) ) ;
#20 = ADVANCED_FACE ( 'NONE', ( #1320 ), #1291, .T. ) ;
#21 = CARTESIAN_POINT ( 'NONE',  ( -0.2250140070994483543, 0.6000000000000001998, -0.05466241721916125645 ) ) ;
#22 = CARTESIAN_POINT ( 'NONE',  ( -0.06516796160567810137, 1.800000000000000266, 0.2221990549650482427 ) ) ;
#23 = LINE ( 'NONE', #845, #1250 ) ;
#24 = ADVANCED_FACE ( 'NONE', ( #261 ), #1521, .F. ) ;
#25 = DIRECTION ( 'NONE',  ( 0.5926557500867170036, 0.000000000000000000, 0.8054558720930347082 ) ) ;
#26 = PLANE ( 'NONE',  #915 ) ;
#27 = ORIENTED_EDGE ( 'NONE', *, *, #1098, .T. ) ;
#28 = EDGE_LOOP ( 'NONE', ( #178, #2073 ) ) ;
#29 = ORIENTED_EDGE ( 'NONE', *, *, #2403, .T. ) ;
#30 = CARTESIAN_POINT ( 'NONE',  ( -0.9074438356277567674, 0.6000000000000001998, 0.6502748350794124166 ) ) ;
#31 = DIRECTION ( 'NONE',  ( -0.000000000000000000, 1.000000000000000000, -0.000000000000000000 ) ) ;
#32 = CARTESIAN_POINT ( 'NONE',  ( 0.000000000000000000, 1.800000000000000266, -0.2500000000000000000 ) ) ;
#33 = CARTESIAN_POINT ( 'NONE',  ( 1.044666403009869349, 0.6000000000000001998, 0.5904846369063477818 ) ) ;
#34 = CARTESIAN_POINT ( 'NONE',  ( 0.000000000000000000, 0.000000000000000000, 0.000000000000000000 ) ) ;
#35 = CYLINDRICAL_SURFACE ( 'NONE', #1760, 0.5500000000000000444 ) ;
#36 = AXIS2_PLACEMENT_3D ( 'NONE', #48, #1341, #2336 ) ;
#37 = CARTESIAN_POINT ( 'NONE',  ( -0.04927641940391681158, 0.4420182300517558893, 0.2452737283056676543 ) ) ;
#38 = EDGE_CURVE ( 'NONE', #791, #318, #980, .T. ) ;
#39 = CARTESIAN_POINT ( 'NONE',  ( -0.09290524455817082694, 1.800000000000000266, 0.2121035095909064305 ) ) ;
#40 = ORIENTED_EDGE ( 'NONE', *, *, #101, .T. ) ;
#41 = VERTEX_POINT ( 'NONE', #1096 ) ;
#42 = CIRCLE ( 'NONE', #1303, 0.09999999999999992228 ) ;
#43 = EDGE_LOOP ( 'NONE', ( #1621, #1561, #2071, #1695 ) ) ;
#44 = DIRECTION ( 'NONE',  ( 0.000000000000000000, 0.000000000000000000, 1.000000000000000000 ) ) ;
#45 = LINE ( 'NONE', #1326, #1889 ) ;
#46 = FACE_OUTER_BOUND ( 'NONE', #511, .T. ) ;
#47 = DIRECTION ( 'NONE',  ( 0.000000000000000000, 0.000000000000000000, 1.000000000000000000 ) ) ;
#48 = CARTESIAN_POINT ( 'NONE',  ( -0.09290524455817082694, 0.6000000000000001998, 0.2121035095909064305 ) ) ;
#49 = CIRCLE ( 'NONE', #748, 0.09999999999999992228 ) ;
#50 = CIRCLE ( 'NONE', #1225, 0.1000000000000000056 ) ;
#51 = DIRECTION ( 'NONE',  ( -0.000000000000000000, 1.000000000000000000, -0.000000000000000000 ) ) ;
#52 = CARTESIAN_POINT ( 'NONE',  ( -0.5390597967047109362, 1.800000000000000266, 0.1091537245204012158 ) ) ;
#53 = CARTESIAN_POINT ( 'NONE',  ( -0.1489729164705539399, 0.3201627708936944927, 0.2007812852393309477 ) ) ;
#54 = CIRCLE ( 'NONE', #1978, 0.1000000000000000056 ) ;
#55 = DIRECTION ( 'NONE',  ( -0.8054558720930199422, 0.000000000000000000, -0.5926557500867367656 ) ) ;
#56 = ORIENTED_EDGE ( 'NONE', *, *, #2381, .F. ) ;
#57 = VERTEX_POINT ( 'NONE', #2517 ) ;
#58 = CARTESIAN_POINT ( 'NONE',  ( 0.1490249381767701220, 0.2803205873646686941, 1.190712084830312767 ) ) ;
#59 = CARTESIAN_POINT ( 'NONE',  ( 0.000000000000000000, 0.6000000000000001998, 0.000000000000000000 ) ) ;
#60 = AXIS2_PLACEMENT_3D ( 'NONE', #140, #2627, #1372 ) ;
#61 = FACE_OUTER_BOUND ( 'NONE', #1057, .T. ) ;
#62 = CIRCLE ( 'NONE', #1453, 0.09999999999999992228 ) ;
#63 = CARTESIAN_POINT ( 'NONE',  ( 6.955665787562055791E-17, 0.4500000000000000666, -1.200000000000000178 ) ) ;
#64 = EDGE_CURVE ( 'NONE', #896, #656, #1704, .T. ) ;
#65 =( LENGTH_UNIT ( ) NAMED_UNIT ( * ) SI_UNIT ( .CENTI., .METRE. ) );
#66 = EDGE_CURVE ( 'NONE', #57, #1583, #62, .T. ) ;
#67 = CARTESIAN_POINT ( 'NONE',  ( -0.4001094313074419206, 1.800000000000000266, 1.131332154134600643 ) ) ;
#68 = CARTESIAN_POINT ( 'NONE',  ( 0.000000000000000000, 1.800000000000000266, 0.000000000000000000 ) ) ;
#69 = B_SPLINE_CURVE_WITH_KNOTS ( 'NONE', 3,
 ( #1379, #1810, #986, #1826, #779, #578, #1431, #1874, #4, #2684, #606, #1226 ),
 .UNSPECIFIED., .F., .F.,
 ( 4, 2, 2, 2, 2, 4 ),
 ( 0.002406702440273466703, 0.002707412865412093302, 0.003008123290550719902, 0.003609544140827975270, 0.004210964991105230204, 0.004812385841382486006 ),
 .UNSPECIFIED. ) ;
#70 = DIRECTION ( 'NONE',  ( -0.9595811439619406080, 0.000000000000000000, 0.2814321022070750966 ) ) ;
#71 = ORIENTED_EDGE ( 'NONE', *, *, #1766, .F. ) ;
#72 = ORIENTED_EDGE ( 'NONE', *, *, #1727, .T. ) ;
#73 = ORIENTED_EDGE ( 'NONE', *, *, #1382, .T. ) ;
#74 = CARTESIAN_POINT ( 'NONE',  ( -0.4828197307831066376, 0.6000000000000001998, 1.006576764843545524 ) ) ;
#75 = DIRECTION ( 'NONE',  ( -1.734723475976807094E-15, 0.000000000000000000, 1.000000000000000000 ) ) ;
#76 = DIRECTION ( 'NONE',  ( 0.000000000000000000, 0.000000000000000000, 1.000000000000000000 ) ) ;
#77 = EDGE_CURVE ( 'NONE', #403, #1945, #2284, .T. ) ;
#78 = CARTESIAN_POINT ( 'NONE',  ( -0.1094326088066388813, 0.6000000000000001998, -1.111006831700932285 ) ) ;
#79 = CARTESIAN_POINT ( 'NONE',  ( 0.07647608071997777368, 0.1694737448699067395, -0.2387415909511509948 ) ) ;
#80 = CARTESIAN_POINT ( 'NONE',  ( -0.3667669786984883440, 1.800000000000000266, 1.037054474623383848 ) ) ;
#81 = CARTESIAN_POINT ( 'NONE',  ( 0.1489702076851350254, 0.2798295918370471425, 0.2007832030475124874 ) ) ;
#82 = DIRECTION ( 'NONE',  ( 0.000000000000000000, 0.000000000000000000, 1.000000000000000000 ) ) ;
#83 = VECTOR ( 'NONE', #2355, 100.0000000000000000 ) ;
#84 = VECTOR ( 'NONE', #1417, 100.0000000000000000 ) ;
#85 = ADVANCED_FACE ( 'NONE', ( #1976 ), #687, .T. ) ;
#86 = VERTEX_POINT ( 'NONE', #1089 ) ;
#87 = CARTESIAN_POINT ( 'NONE',  ( 1.075125368411997462, 0.6000000000000001998, -0.3006943932855038470 ) ) ;
#88 = DIRECTION ( 'NONE',  ( 0.000000000000000000, 0.000000000000000000, 1.000000000000000000 ) ) ;
#89 = VECTOR ( 'NONE', #1852, 100.0000000000000000 ) ;
#90 = CIRCLE ( 'NONE', #522, 1.200000000000000178 ) ;
#91 = CARTESIAN_POINT ( 'NONE',  ( 0.6993417434781231679, 0.6000000000000001998, -0.9490707425350255466 ) ) ;
#92 = DIRECTION ( 'NONE',  ( 0.4437860331726071750, 0.000000000000000000, -0.8961327785328028206 ) ) ;
#93 = CYLINDRICAL_SURFACE ( 'NONE', #1872, 0.1000000000000000888 ) ;
#94 = CIRCLE ( 'NONE', #1620, 0.09999999999999992228 ) ;
#95 = DIRECTION ( 'NONE',  ( -0.000000000000000000, -1.000000000000000000, -0.000000000000000000 ) ) ;
#96 = CARTESIAN_POINT ( 'NONE',  ( 1.081499009481418527, 0.6000000000000001998, -0.2008977164895394130 ) ) ;
#97 = CARTESIAN_POINT ( 'NONE',  ( -0.9074438356277567674, 0.6000000000000001998, 0.6502748350794124166 ) ) ;
#98 = ORIENTED_EDGE ( 'NONE', *, *, #2318, .F. ) ;
#99 = CIRCLE ( 'NONE', #1404, 1.200000000000000178 ) ;
#100 = VERTEX_POINT ( 'NONE', #2550 ) ;
#101 = EDGE_CURVE ( 'NONE', #736, #427, #1446, .T. ) ;
#102 = VECTOR ( 'NONE', #442, 100.0000000000000142 ) ;
#103 = LINE ( 'NONE', #1143, #272 ) ;
#104 = CIRCLE ( 'NONE', #1272, 0.09999999999999992228 ) ;
#105 = VERTEX_POINT ( 'NONE', #1540 ) ;
#106 = CARTESIAN_POINT ( 'NONE',  ( -0.1499999999999999944, 0.2999999999999999889, -0.2000000000000000389 ) ) ;
#107 = AXIS2_PLACEMENT_3D ( 'NONE', #1354, #334, #755 ) ;
#108 = CARTESIAN_POINT ( 'NONE',  ( -0.09919600698925032378, 0.4129413712717528440, -1.195913162440635391 ) ) ;
#109 = CARTESIAN_POINT ( 'NONE',  ( 0.7147320307829380104, 1.800000000000000266, -0.8361567581338429367 ) ) ;
#110 = EDGE_CURVE ( 'NONE', #1171, #1378, #256, .T. ) ;
#111 = DIRECTION ( 'NONE',  ( 0.000000000000000000, 0.000000000000000000, 1.000000000000000000 ) ) ;
#112 = DIRECTION ( 'NONE',  ( 0.000000000000000000, 0.000000000000000000, 1.000000000000000000 ) ) ;
#113 = CARTESIAN_POINT ( 'NONE',  ( 0.9074438356277469975, 0.6000000000000001998, 0.6502748350794238519 ) ) ;
#114 = ORIENTED_EDGE ( 'NONE', *, *, #281, .F. ) ;
#115 = ORIENTED_EDGE ( 'NONE', *, *, #1390, .F. ) ;
#116 = ADVANCED_FACE ( 'NONE', ( #61 ), #1314, .T. ) ;
#117 = ORIENTED_EDGE ( 'NONE', *, *, #404, .F. ) ;
#118 = DIRECTION ( 'NONE',  ( -0.000000000000000000, -1.000000000000000000, 0.000000000000000000 ) ) ;
#119 = ORIENTED_EDGE ( 'NONE', *, *, #2215, .T. ) ;
#120 = DIRECTION ( 'NONE',  ( 0.000000000000000000, 0.000000000000000000, 1.000000000000000000 ) ) ;
#121 = LINE ( 'NONE', #335, #2405 ) ;
#122 = EDGE_CURVE ( 'NONE', #1861, #978, #2502, .T. ) ;
#123 = DIRECTION ( 'NONE',  ( 1.000000000000000000, 0.000000000000000000, 0.000000000000000000 ) ) ;
#124 = CARTESIAN_POINT ( 'NONE',  ( 0.01004529661631145890, 0.6000000000000001998, -1.099954131778180466 ) ) ;
#125 = DIRECTION ( 'NONE',  ( -0.000000000000000000, -1.000000000000000000, -0.000000000000000000 ) ) ;
#126 = CARTESIAN_POINT ( 'NONE',  ( 0.01388868282657064121, 0.6000000000000001998, 0.5498246124805101775 ) ) ;
#127 = ORIENTED_EDGE ( 'NONE', *, *, #228, .F. ) ;
#128 = CYLINDRICAL_SURFACE ( 'NONE', #1187, 0.5500000000000000444 ) ;
#129 = ORIENTED_EDGE ( 'NONE', *, *, #669, .T. ) ;
#130 = ADVANCED_FACE ( 'NONE', ( #702 ), #887, .F. ) ;
#131 = AXIS2_PLACEMENT_3D ( 'NONE', #459, #2569, #301 ) ;
#132 = AXIS2_PLACEMENT_3D ( 'NONE', #357, #2611, #1008 ) ;
#133 = DIRECTION ( 'NONE',  ( 0.000000000000000000, 1.000000000000000000, 0.000000000000000000 ) ) ;
#134 = ORIENTED_EDGE ( 'NONE', *, *, #1159, .T. ) ;
#135 = CARTESIAN_POINT ( 'NONE',  ( 0.1130060339245261836, 0.3991213464966358315, -1.194687273877797162 ) ) ;
#136 = DIRECTION ( 'NONE',  ( 0.000000000000000000, 0.000000000000000000, 1.000000000000000000 ) ) ;
#137 = VERTEX_POINT ( 'NONE', #91 ) ;
#138 = VERTEX_POINT ( 'NONE', #1726 ) ;
#139 = DIRECTION ( 'NONE',  ( 0.000000000000000000, 0.000000000000000000, 1.000000000000000000 ) ) ;
#140 = CARTESIAN_POINT ( 'NONE',  ( 0.09290524455817072980, 0.6000000000000001998, 0.2121035095909205859 ) ) ;
#141 = FACE_OUTER_BOUND ( 'NONE', #1293, .T. ) ;
#142 = ORIENTED_EDGE ( 'NONE', *, *, #411, .T. ) ;
#143 = DIRECTION ( 'NONE',  ( -0.000000000000000000, 1.000000000000000000, -0.000000000000000000 ) ) ;
#144 = ORIENTED_EDGE ( 'NONE', *, *, #2621, .F. ) ;
#145 = ADVANCED_FACE ( 'NONE', ( #484 ), #2183, .T. ) ;
#146 = AXIS2_PLACEMENT_3D ( 'NONE', #814, #203, #1248 ) ;
#147 = AXIS2_PLACEMENT_3D ( 'NONE', #858, #1923, #1968 ) ;
#148 = DIRECTION ( 'NONE',  ( -0.1105269992275175472, 0.000000000000000000, 0.9938731219032740372 ) ) ;
#149 = ORIENTED_EDGE ( 'NONE', *, *, #1142, .F. ) ;
#150 = VERTEX_POINT ( 'NONE', #1498 ) ;
#151 = VECTOR ( 'NONE', #1992, 100.0000000000000000 ) ;
#152 = DIRECTION ( 'NONE',  ( -0.000000000000000000, 1.000000000000000000, -0.000000000000000000 ) ) ;
#153 = VECTOR ( 'NONE', #2531, 100.0000000000000000 ) ;
#154 = CARTESIAN_POINT ( 'NONE',  ( -0.1499999999999999944, 0.3195933977698598993, -1.190588089979065956 ) ) ;
#155 = ADVANCED_FACE ( 'NONE', ( #46 ), #1949, .T. ) ;
#156 = ORIENTED_EDGE ( 'NONE', *, *, #1897, .T. ) ;
#157 = CARTESIAN_POINT ( 'NONE',  ( 0.3856459609063823124, 1.800000000000000266, 1.030183087046469215 ) ) ;
#158 = LINE ( 'NONE', #529, #759 ) ;
#159 = LINE ( 'NONE', #982, #2344 ) ;
#160 = ORIENTED_EDGE ( 'NONE', *, *, #956, .F. ) ;
#161 = CYLINDRICAL_SURFACE ( 'NONE', #582, 0.5500000000000000444 ) ;
#162 = AXIS2_PLACEMENT_3D ( 'NONE', #460, #25, #2146 ) ;
#163 = CARTESIAN_POINT ( 'NONE',  ( 0.000000000000000000, 0.6000000000000001998, 0.000000000000000000 ) ) ;
#164 = ORIENTED_EDGE ( 'NONE', *, *, #1462, .T. ) ;
#165 = VERTEX_POINT ( 'NONE', #1919 ) ;
#166 = SECURITY_CLASSIFICATION ( '', '', #1005 ) ;
#167 = LINE ( 'NONE', #1145, #1983 ) ;
#168 = LINE ( 'NONE', #1757, #408 ) ;
#169 = PERSON_AND_ORGANIZATION ( #1663, #1859 ) ;
#170 = ORIENTED_EDGE ( 'NONE', *, *, #1918, .F. ) ;
#171 = EDGE_CURVE ( 'NONE', #1139, #1166, #718, .T. ) ;
#172 = EDGE_CURVE ( 'NONE', #241, #2014, #1075, .T. ) ;
#173 = DIRECTION ( 'NONE',  ( 0.000000000000000000, 1.000000000000000000, 0.000000000000000000 ) ) ;
#174 = DIRECTION ( 'NONE',  ( -0.000000000000000000, -1.000000000000000000, -0.000000000000000000 ) ) ;
#175 = PLANE ( 'NONE',  #13 ) ;
#176 = ADVANCED_FACE ( 'NONE', ( #916 ), #1713, .T. ) ;
#177 = LINE ( 'NONE', #2256, #89 ) ;
#178 = ORIENTED_EDGE ( 'NONE', *, *, #1011, .F. ) ;
#179 = ORIENTED_EDGE ( 'NONE', *, *, #627, .T. ) ;
#180 = VECTOR ( 'NONE', #2491, 100.0000000000000000 ) ;
#181 = CARTESIAN_POINT ( 'NONE',  ( 0.000000000000000000, 1.800000000000000266, 0.000000000000000000 ) ) ;
#182 = VERTEX_POINT ( 'NONE', #1131 ) ;
#183 = FACE_OUTER_BOUND ( 'NONE', #767, .T. ) ;
#184 = AXIS2_PLACEMENT_3D ( 'NONE', #2083, #1021, #1457 ) ;
#185 = DIRECTION ( 'NONE',  ( 0.000000000000000000, 1.000000000000000000, -0.000000000000000000 ) ) ;
#186 = AXIS2_PLACEMENT_3D ( 'NONE', #1499, #2323, #688 ) ;
#187 = CARTESIAN_POINT ( 'NONE',  ( -0.7979716675667877235, 0.6000000000000001998, -0.7807386846551491733 ) ) ;
#188 = EDGE_LOOP ( 'NONE', ( #1231, #1903 ) ) ;
#189 = LINE ( 'NONE', #388, #1002 ) ;
#190 = ORIENTED_EDGE ( 'NONE', *, *, #191, .F. ) ;
#191 = EDGE_CURVE ( 'NONE', #1583, #2122, #933, .T. ) ;
#192 = ORIENTED_EDGE ( 'NONE', *, *, #2048, .F. ) ;
#193 = VECTOR ( 'NONE', #2199, 100.0000000000000000 ) ;
#194 = DIRECTION ( 'NONE',  ( -3.469446951953614189E-15, 0.000000000000000000, 1.000000000000000000 ) ) ;
#195 = ORIENTED_EDGE ( 'NONE', *, *, #2249, .F. ) ;
#196 = CIRCLE ( 'NONE', #2070, 0.1000000000000000056 ) ;
#197 = DIRECTION ( 'NONE',  ( 0.000000000000000000, 0.000000000000000000, -1.000000000000000000 ) ) ;
#198 = CARTESIAN_POINT ( 'NONE',  ( -0.2301396498166507765, 0.6000000000000001998, -0.02559345286327369476 ) ) ;
#199 = EDGE_CURVE ( 'NONE', #105, #319, #1893, .T. ) ;
#200 = DIRECTION ( 'NONE',  ( 0.000000000000000000, 1.000000000000000000, -0.000000000000000000 ) ) ;
#201 = ORIENTED_EDGE ( 'NONE', *, *, #2261, .F. ) ;
#202 = EDGE_CURVE ( 'NONE', #781, #379, #1631, .T. ) ;
#203 = DIRECTION ( 'NONE',  ( 0.000000000000000000, 1.000000000000000000, 0.000000000000000000 ) ) ;
#204 = ORIENTED_EDGE ( 'NONE', *, *, #2553, .F. ) ;
#205 = VERTEX_POINT ( 'NONE', #2205 ) ;
#206 = DIRECTION ( 'NONE',  ( 0.000000000000000000, 1.000000000000000000, 0.000000000000000000 ) ) ;
#207 = EDGE_CURVE ( 'NONE', #1577, #1228, #2019, .T. ) ;
#208 = CARTESIAN_POINT ( 'NONE',  ( 0.4692177406207709289, 1.800000000000000266, -0.2869402583931697226 ) ) ;
#209 = CARTESIAN_POINT ( 'NONE',  ( -0.2250140070994483543, 0.6000000000000001998, -0.05466241721916125645 ) ) ;
#210 = CARTESIAN_POINT ( 'NONE',  ( 0.000000000000000000, 1.800000000000000266, 0.000000000000000000 ) ) ;
#211 = EDGE_LOOP ( 'NONE', ( #988, #1395, #645, #349 ) ) ;
#212 = CARTESIAN_POINT ( 'NONE',  ( 0.1458297500228999122, 0.3401902180373828632, -0.2032643992522632503 ) ) ;
#213 = EDGE_LOOP ( 'NONE', ( #280, #2685, #758, #2361, #1876, #331, #1749, #1191, #2588, #951, #1913, #2084, #2257, #795, #1058, #2599, #436, #1778, #932, #600, #2686, #839, #2440, #865, #983, #1338, #1873, #2509 ) ) ;
#214 = ADVANCED_FACE ( 'NONE', ( #2406 ), #2622, .F. ) ;
#215 = ORIENTED_EDGE ( 'NONE', *, *, #2289, .F. ) ;
#216 = PLANE ( 'NONE',  #2315 ) ;
#217 = AXIS2_PLACEMENT_3D ( 'NONE', #2681, #1686, #1275 ) ;
#218 = CARTESIAN_POINT ( 'NONE',  ( 1.016876444434387405, 0.6000000000000001998, 0.4607319966215167040 ) ) ;
#219 = CARTESIAN_POINT ( 'NONE',  ( -0.009920855927734936741, 0.4500000000000000666, 1.200000000000000400 ) ) ;
#220 = CIRCLE ( 'NONE', #568, 0.1000000000000000888 ) ;
#221 = DIRECTION ( 'NONE',  ( 0.000000000000000000, 0.000000000000000000, 1.000000000000000000 ) ) ;
#222 = VERTEX_POINT ( 'NONE', #2390 ) ;
#223 = CARTESIAN_POINT ( 'NONE',  ( -1.179817101252453648, 1.800000000000000266, -0.2191611452613305422 ) ) ;
#224 = ORIENTED_EDGE ( 'NONE', *, *, #2418, .T. ) ;
#225 = EDGE_LOOP ( 'NONE', ( #538, #2011, #1172, #1014 ) ) ;
#226 = B_SPLINE_CURVE_WITH_KNOTS ( 'NONE', 3,
 ( #906, #458, #472, #2369, #1332, #1533, #1301, #503, #1110, #2143, #1289, #1093, #2129, #1746, #2175, #300 ),
 .UNSPECIFIED., .F., .F.,
 ( 4, 2, 2, 2, 2, 2, 2, 4 ),
 ( 0.007212126382676885099, 0.007512113309299870388, 0.007812100235922855677, 0.008412074089168827123, 0.008712061015791814148, 0.009012047942414802906, 0.009312034869037789930, 0.009612021795660778689 ),
 .UNSPECIFIED. ) ;
#227 = CIRCLE ( 'NONE', #2230, 1.200000000000000178 ) ;
#228 = EDGE_CURVE ( 'NONE', #1523, #2506, #167, .T. ) ;
#229 = DIRECTION ( 'NONE',  ( -0.7235179219327610989, 0.000000000000000000, 0.6903055965600299881 ) ) ;
#230 = EDGE_CURVE ( 'NONE', #2435, #1861, #586, .T. ) ;
#231 = CARTESIAN_POINT ( 'NONE',  ( -0.3667669786984883440, 1.800000000000000266, 1.037054474623383848 ) ) ;
#232 = VECTOR ( 'NONE', #1775, 100.0000000000000000 ) ;
#233 = CARTESIAN_POINT ( 'NONE',  ( -0.09147230415783315360, 0.4192845023997280318, 1.196536458766459754 ) ) ;
#234 = CIRCLE ( 'NONE', #1138, 0.5500000000000000444 ) ;
#235 = CYLINDRICAL_SURFACE ( 'NONE', #494, 0.1499999999999999944 ) ;
#236 = AXIS2_PLACEMENT_3D ( 'NONE', #2430, #1185, #560 ) ;
#237 = ORIENTED_EDGE ( 'NONE', *, *, #2131, .T. ) ;
#238 = VECTOR ( 'NONE', #741, 100.0000000000000142 ) ;
#239 = PLANE ( 'NONE',  #825 ) ;
#240 = ORIENTED_EDGE ( 'NONE', *, *, #1678, .T. ) ;
#241 = VERTEX_POINT ( 'NONE', #1157 ) ;
#242 = CARTESIAN_POINT ( 'NONE',  ( 0.5390597967047112693, 0.6000000000000001998, 0.1091537245204009937 ) ) ;
#243 = CARTESIAN_POINT ( 'NONE',  ( -1.113130914605218402, 1.800000000000000266, -0.08515423011525796726 ) ) ;
#244 = DIRECTION ( 'NONE',  ( -0.5541807347870509881, 0.000000000000000000, 0.8323963678385942755 ) ) ;
#245 = ADVANCED_FACE ( 'NONE', ( #1815 ), #1368, .T. ) ;
#246 = ADVANCED_FACE ( 'NONE', ( #2436 ), #1795, .T. ) ;
#247 = CARTESIAN_POINT ( 'NONE',  ( 0.3856459609063823124, 0.6000000000000001998, 1.030183087046469215 ) ) ;
#248 = CARTESIAN_POINT ( 'NONE',  ( 0.6993417434781231679, 1.800000000000000266, -0.8490707425350254578 ) ) ;
#249 = CARTESIAN_POINT ( 'NONE',  ( 0.000000000000000000, 0.2999999999999999889, -1.200000000000000178 ) ) ;
#250 = CARTESIAN_POINT ( 'NONE',  ( -0.3856459609063957461, 1.800000000000000266, 1.030183087046464552 ) ) ;
#251 = EDGE_LOOP ( 'NONE', ( #1635, #1219, #828, #2035 ) ) ;
#252 = ORIENTED_EDGE ( 'NONE', *, *, #2481, .T. ) ;
#253 = ORIENTED_EDGE ( 'NONE', *, *, #1409, .T. ) ;
#254 = CARTESIAN_POINT ( 'NONE',  ( -0.06516796160567810137, 0.6000000000000001998, 0.2221990549650482427 ) ) ;
#255 = CYLINDRICAL_SURFACE ( 'NONE', #1530, 0.09999999999999992228 ) ;
#256 = LINE ( 'NONE', #1935, #883 ) ;
#257 = DIRECTION ( 'NONE',  ( -1.734723475976807094E-15, 0.000000000000000000, 1.000000000000000000 ) ) ;
#258 = FACE_OUTER_BOUND ( 'NONE', #1588, .T. ) ;
#259 = DIRECTION ( 'NONE',  ( 0.000000000000000000, 1.000000000000000000, -0.000000000000000000 ) ) ;
#260 = CARTESIAN_POINT ( 'NONE',  ( 0.04932303395678314106, 0.1580020144565132123, 0.2452622531569176867 ) ) ;
#261 = FACE_OUTER_BOUND ( 'NONE', #1616, .T. ) ;
#262 = LINE ( 'NONE', #654, #1124 ) ;
#263 = ORIENTED_EDGE ( 'NONE', *, *, #593, .T. ) ;
#264 = AXIS2_PLACEMENT_3D ( 'NONE', #1921, #485, #2113 ) ;
#265 = ORIENTED_EDGE ( 'NONE', *, *, #38, .T. ) ;
#266 = CARTESIAN_POINT ( 'NONE',  ( 0.1129418610997761363, 0.2008045532972607128, 1.194693412250031450 ) ) ;
#267 = CARTESIAN_POINT ( 'NONE',  ( 0.000000000000000000, 0.6000000000000001998, 0.000000000000000000 ) ) ;
#268 = EDGE_CURVE ( 'NONE', #1353, #818, #1260, .T. ) ;
#269 = DIRECTION ( 'NONE',  ( -0.9938731219032741482, 0.000000000000000000, 0.1105269992275175611 ) ) ;
#270 = CARTESIAN_POINT ( 'NONE',  ( 0.3667669786984751878, 0.6000000000000001998, 1.037054474623388733 ) ) ;
#271 = DIRECTION ( 'NONE',  ( -0.000000000000000000, 1.000000000000000000, -0.000000000000000000 ) ) ;
#272 = VECTOR ( 'NONE', #942, 100.0000000000000000 ) ;
#273 = VECTOR ( 'NONE', #51, 100.0000000000000000 ) ;
#274 = CARTESIAN_POINT ( 'NONE',  ( 0.2250140070994613717, 0.6000000000000001998, -0.05466241721915871682 ) ) ;
#275 = CARTESIAN_POINT ( 'NONE',  ( 2.054667113738647348E-24, 0.1499999999999999944, -1.200000000000000178 ) ) ;
#276 = LINE ( 'NONE', #1360, #1886 ) ;
#277 = DIRECTION ( 'NONE',  ( 0.000000000000000000, 1.000000000000000000, 0.000000000000000000 ) ) ;
#278 = VECTOR ( 'NONE', #295, 100.0000000000000000 ) ;
#279 = ORIENTED_EDGE ( 'NONE', *, *, #1548, .T. ) ;
#280 = ORIENTED_EDGE ( 'NONE', *, *, #2238, .F. ) ;
#281 = EDGE_CURVE ( 'NONE', #973, #304, #2036, .T. ) ;
#282 = DIRECTION ( 'NONE',  ( 0.000000000000000000, 0.000000000000000000, 1.000000000000000000 ) ) ;
#283 = DIRECTION ( 'NONE',  ( -0.000000000000000000, -1.000000000000000000, -0.000000000000000000 ) ) ;
#284 = CARTESIAN_POINT ( 'NONE',  ( -0.1306504625794554786, 0.3762127570212727146, -0.2133370021453727949 ) ) ;
#285 = AXIS2_PLACEMENT_3D ( 'NONE', #1514, #2125, #1528 ) ;
#286 = CARTESIAN_POINT ( 'NONE',  ( -1.084987704384508644, 0.6000000000000001998, -0.1811123445114513064 ) ) ;
#287 = CARTESIAN_POINT ( 'NONE',  ( 1.033707897610256943, 0.6000000000000001998, 0.6094653250334943762 ) ) ;
#288 = EDGE_CURVE ( 'NONE', #86, #105, #603, .T. ) ;
#289 = LINE ( 'NONE', #274, #2573 ) ;
#290 = CARTESIAN_POINT ( 'NONE',  ( 0.1196717582843324912, 0.2075674577814556609, 0.2200021355007100998 ) ) ;
#291 = FACE_OUTER_BOUND ( 'NONE', #866, .T. ) ;
#292 = ORIENTED_EDGE ( 'NONE', *, *, #2374, .T. ) ;
#293 = ORIENTED_EDGE ( 'NONE', *, *, #2249, .T. ) ;
#294 = CARTESIAN_POINT ( 'NONE',  ( 0.1499999999999999944, 0.2999999999999999889, 1.190588089979065956 ) ) ;
#295 = DIRECTION ( 'NONE',  ( -0.000000000000000000, -1.000000000000000000, -0.000000000000000000 ) ) ;
#296 = CARTESIAN_POINT ( 'NONE',  ( -0.02016017590339700891, 0.4489733007799557307, -0.2493801759460810563 ) ) ;
#297 = FACE_OUTER_BOUND ( 'NONE', #684, .T. ) ;
#298 = DIRECTION ( 'NONE',  ( 0.000000000000000000, 0.000000000000000000, 1.000000000000000000 ) ) ;
#299 = PRODUCT_RELATED_PRODUCT_CATEGORY ( 'detail', '', ( #1797 ) ) ;
#300 = CARTESIAN_POINT ( 'NONE',  ( 0.1499999999999999944, 0.2999999999999999889, 0.2000000000000000111 ) ) ;
#301 = DIRECTION ( 'NONE',  ( 0.000000000000000000, 0.000000000000000000, 1.000000000000000000 ) ) ;
#302 = LINE ( 'NONE', #1123, #1046 ) ;
#303 = ADVANCED_FACE ( 'NONE', ( #1392 ), #2254, .T. ) ;
#304 = VERTEX_POINT ( 'NONE', #984 ) ;
#305 = ORIENTED_EDGE ( 'NONE', *, *, #1982, .F. ) ;
#306 = CARTESIAN_POINT ( 'NONE',  ( -0.1500000000000036304, 0.2898060190757079657, 0.1999999999999972633 ) ) ;
#307 = AXIS2_PLACEMENT_3D ( 'NONE', #2533, #462, #1478 ) ;
#308 = CIRCLE ( 'NONE', #2360, 0.2500000000000000000 ) ;
#309 = EDGE_CURVE ( 'NONE', #2372, #2200, #750, .T. ) ;
#310 = ORIENTED_EDGE ( 'NONE', *, *, #2126, .F. ) ;
#311 = CARTESIAN_POINT ( 'NONE',  ( 0.2250140070994613717, 0.6000000000000001998, -0.05466241721915871682 ) ) ;
#312 = CYLINDRICAL_SURFACE ( 'NONE', #1660, 0.09999999999999992228 ) ;
#313 = CARTESIAN_POINT ( 'NONE',  ( 3.061616997868383018E-17, 1.800000000000000266, 0.2500000000000000000 ) ) ;
#314 = ADVANCED_FACE ( 'NONE', ( #1824 ), #2614, .T. ) ;
#315 = LINE ( 'NONE', #528, #2102 ) ;
#316 = LINE ( 'NONE', #733, #83 ) ;
#317 = CARTESIAN_POINT ( 'NONE',  ( 0.000000000000000000, 0.6000000000000001998, 0.000000000000000000 ) ) ;
#318 = VERTEX_POINT ( 'NONE', #2647 ) ;
#319 = VERTEX_POINT ( 'NONE', #1428 ) ;
#320 = ORIENTED_EDGE ( 'NONE', *, *, #1736, .T. ) ;
#321 = FACE_OUTER_BOUND ( 'NONE', #1206, .T. ) ;
#322 = ORIENTED_EDGE ( 'NONE', *, *, #350, .T. ) ;
#323 = DIRECTION ( 'NONE',  ( 0.000000000000000000, 0.000000000000000000, 1.000000000000000000 ) ) ;
#324 = AXIS2_PLACEMENT_3D ( 'NONE', #1211, #2242, #803 ) ;
#325 = LINE ( 'NONE', #1796, #151 ) ;
#326 = CYLINDRICAL_SURFACE ( 'NONE', #7, 0.5500000000000000444 ) ;
#327 = FACE_OUTER_BOUND ( 'NONE', #1538, .T. ) ;
#328 = ADVANCED_FACE ( 'NONE', ( #341 ), #1640, .T. ) ;
#329 = CARTESIAN_POINT ( 'NONE',  ( 1.084987704384511087, 0.6000000000000001998, -0.1811123445114376507 ) ) ;
#330 = VERTEX_POINT ( 'NONE', #547 ) ;
#331 = ORIENTED_EDGE ( 'NONE', *, *, #669, .F. ) ;
#332 = CARTESIAN_POINT ( 'NONE',  ( 0.000000000000000000, 1.800000000000000266, 0.000000000000000000 ) ) ;
#333 = ORIENTED_EDGE ( 'NONE', *, *, #2375, .F. ) ;
#334 = DIRECTION ( 'NONE',  ( 0.000000000000000000, 1.000000000000000000, -0.000000000000000000 ) ) ;
#335 = CARTESIAN_POINT ( 'NONE',  ( 1.075125368411997684, 0.6000000000000001998, -0.3006943932855038470 ) ) ;
#336 = APPLICATION_PROTOCOL_DEFINITION ( 'international standard', 'config_control_design', 1994, #588 ) ;
#337 = CARTESIAN_POINT ( 'NONE',  ( 0.6993417434781231679, 0.6000000000000001998, -0.8490707425350254578 ) ) ;
#338 = CYLINDRICAL_SURFACE ( 'NONE', #2630, 0.1000000000000000888 ) ;
#339 = CARTESIAN_POINT ( 'NONE',  ( -0.7147320307829269082, 1.800000000000000266, -0.8361567581338522626 ) ) ;
#340 = ORIENTED_EDGE ( 'NONE', *, *, #2, .F. ) ;
#341 = FACE_OUTER_BOUND ( 'NONE', #580, .T. ) ;
#342 = ORIENTED_EDGE ( 'NONE', *, *, #1825, .T. ) ;
#343 = AXIS2_PLACEMENT_3D ( 'NONE', #836, #200, #2080 ) ;
#344 = VECTOR ( 'NONE', #2692, 100.0000000000000142 ) ;
#345 = EDGE_CURVE ( 'NONE', #1523, #2615, #1410, .T. ) ;
#346 = CARTESIAN_POINT ( 'NONE',  ( 0.4831064234473415042, 1.800000000000000266, -0.2628843540873402884 ) ) ;
#347 = ORIENTED_EDGE ( 'NONE', *, *, #443, .T. ) ;
#348 = ORIENTED_EDGE ( 'NONE', *, *, #2536, .F. ) ;
#349 = ORIENTED_EDGE ( 'NONE', *, *, #2359, .T. ) ;
#350 = EDGE_CURVE ( 'NONE', #1667, #402, #1488, .T. ) ;
#351 = CARTESIAN_POINT ( 'NONE',  ( 0.1499999999999999944, 0.3000000000000003220, -1.190588089979078168 ) ) ;
#352 = LINE ( 'NONE', #2020, #397 ) ;
#353 = COORDINATED_UNIVERSAL_TIME_OFFSET ( 9, 0, .AHEAD. ) ;
#354 = ORIENTED_EDGE ( 'NONE', *, *, #2, .T. ) ;
#355 = DIRECTION ( 'NONE',  ( 0.5926557500867366546, 0.000000000000000000, -0.8054558720930200533 ) ) ;
#356 = DIRECTION ( 'NONE',  ( 0.000000000000000000, 0.000000000000000000, 1.000000000000000000 ) ) ;
#357 = CARTESIAN_POINT ( 'NONE',  ( 0.000000000000000000, 0.000000000000000000, 0.000000000000000000 ) ) ;
#358 = ORIENTED_EDGE ( 'NONE', *, *, #1848, .F. ) ;
#359 = DIRECTION ( 'NONE',  ( 0.000000000000000000, 1.000000000000000000, -0.000000000000000000 ) ) ;
#360 = VECTOR ( 'NONE', #2443, 100.0000000000000000 ) ;
#361 = CARTESIAN_POINT ( 'NONE',  ( -0.1500000000000000222, 0.2902077152509543456, 1.190588089979066178 ) ) ;
#362 = ORIENTED_EDGE ( 'NONE', *, *, #1586, .F. ) ;
#363 = EDGE_CURVE ( 'NONE', #2654, #1493, #104, .T. ) ;
#364 = EDGE_LOOP ( 'NONE', ( #1632, #786, #2641, #697 ) ) ;
#365 = VECTOR ( 'NONE', #1103, 100.0000000000000000 ) ;
#366 = CARTESIAN_POINT ( 'NONE',  ( 0.1302036548494276136, 0.3751197047929683004, -1.192927869845733069 ) ) ;
#367 = AXIS2_PLACEMENT_3D ( 'NONE', #859, #614, #2505 ) ;
#368 = DIRECTION ( 'NONE',  ( 0.000000000000000000, 0.000000000000000000, 1.000000000000000000 ) ) ;
#369 = DATE_AND_TIME ( #2023, #890 ) ;
#370 = EDGE_LOOP ( 'NONE', ( #862, #240, #2111, #1630 ) ) ;
#371 = AXIS2_PLACEMENT_3D ( 'NONE', #1405, #359, #766 ) ;
#372 = CARTESIAN_POINT ( 'NONE',  ( 0.1749999999999999889, 1.800000000000000266, -0.5214163403653553353 ) ) ;
#373 = CARTESIAN_POINT ( 'NONE',  ( 0.000000000000000000, 1.800000000000000266, 0.000000000000000000 ) ) ;
#374 = ORIENTED_EDGE ( 'NONE', *, *, #598, .T. ) ;
#375 = EDGE_CURVE ( 'NONE', #1042, #850, #1578, .T. ) ;
#376 = FACE_OUTER_BOUND ( 'NONE', #799, .T. ) ;
#377 = CARTESIAN_POINT ( 'NONE',  ( 0.000000000000000000, 1.800000000000000266, 0.000000000000000000 ) ) ;
#378 = ORIENTED_EDGE ( 'NONE', *, *, #2499, .T. ) ;
#379 = VERTEX_POINT ( 'NONE', #1167 ) ;
#380 = LINE ( 'NONE', #1204, #873 ) ;
#381 = PERSON_AND_ORGANIZATION ( #1663, #1859 ) ;
#382 = ORIENTED_EDGE ( 'NONE', *, *, #2048, .T. ) ;
#383 = CYLINDRICAL_SURFACE ( 'NONE', #2522, 0.1000000000000000888 ) ;
#384 = CARTESIAN_POINT ( 'NONE',  ( 0.01475869999346611158, 1.800000000000000266, -0.2310875678648547371 ) ) ;
#385 = DIRECTION ( 'NONE',  ( 0.4437860331726071750, 0.000000000000000000, -0.8961327785328028206 ) ) ;
#386 = ADVANCED_FACE ( 'NONE', ( #376 ), #161, .T. ) ;
#387 = ORIENTED_EDGE ( 'NONE', *, *, #110, .F. ) ;
#388 = CARTESIAN_POINT ( 'NONE',  ( 1.183622950237648519, 1.800000000000000266, -0.1975771031033864977 ) ) ;
#389 = ORIENTED_EDGE ( 'NONE', *, *, #2397, .F. ) ;
#390 = ORIENTED_EDGE ( 'NONE', *, *, #1081, .F. ) ;
#391 = VECTOR ( 'NONE', #1908, 100.0000000000000000 ) ;
#392 = DIRECTION ( 'NONE',  ( -0.000000000000000000, -1.000000000000000000, 0.000000000000000000 ) ) ;
#393 = ADVANCED_FACE ( 'NONE', ( #1200 ), #128, .T. ) ;
#394 = ORIENTED_EDGE ( 'NONE', *, *, #2184, .F. ) ;
#395 = LINE ( 'NONE', #1867, #2098 ) ;
#396 = CARTESIAN_POINT ( 'NONE',  ( 0.000000000000000000, 0.6000000000000001998, 0.5500000000000000444 ) ) ;
#397 = VECTOR ( 'NONE', #2623, 100.0000000000000142 ) ;
#398 = ADVANCED_FACE ( 'NONE', ( #2446 ), #175, .T. ) ;
#399 = CARTESIAN_POINT ( 'NONE',  ( -0.01004529661631145890, 0.6000000000000001998, -1.099954131778180466 ) ) ;
#400 = VERTEX_POINT ( 'NONE', #2631 ) ;
#401 = DIRECTION ( 'NONE',  ( 0.000000000000000000, 0.000000000000000000, 1.000000000000000000 ) ) ;
#402 = VERTEX_POINT ( 'NONE', #2460 ) ;
#403 = VERTEX_POINT ( 'NONE', #1997 ) ;
#404 = EDGE_CURVE ( 'NONE', #1914, #1000, #1419, .T. ) ;
#405 = CIRCLE ( 'NONE', #1799, 1.200000000000000178 ) ;
#406 = AXIS2_PLACEMENT_3D ( 'NONE', #317, #908, #1503 ) ;
#407 = CARTESIAN_POINT ( 'NONE',  ( 1.081499009481418527, 1.800000000000000266, -0.2008977164895394130 ) ) ;
#408 = VECTOR ( 'NONE', #719, 100.0000000000000000 ) ;
#409 = DIRECTION ( 'NONE',  ( 0.9717376987671088040, 0.000000000000000000, 0.2360632220291923322 ) ) ;
#410 = CARTESIAN_POINT ( 'NONE',  ( -0.1598460454937845054, 1.800000000000000266, -0.1675366377458817890 ) ) ;
#411 = EDGE_CURVE ( 'NONE', #2572, #850, #1849, .T. ) ;
#412 = DIRECTION ( 'NONE',  ( 0.000000000000000000, 0.000000000000000000, -1.000000000000000000 ) ) ;
#413 = ORIENTED_EDGE ( 'NONE', *, *, #571, .F. ) ;
#414 = AXIS2_PLACEMENT_3D ( 'NONE', #465, #2525, #44 ) ;
#415 = AXIS2_PLACEMENT_3D ( 'NONE', #1105, #672, #2334 ) ;
#416 = LINE ( 'NONE', #1239, #2442 ) ;
#417 = ORIENTED_EDGE ( 'NONE', *, *, #1116, .T. ) ;
#418 = ORIENTED_EDGE ( 'NONE', *, *, #429, .F. ) ;
#419 = CARTESIAN_POINT ( 'NONE',  ( 0.2771537008451940842, 0.6000000000000001998, 1.081433077940647580 ) ) ;
#420 = LOCAL_TIME ( 23, 21, 17.00000000000000000, #2453 ) ;
#421 = DIRECTION ( 'NONE',  ( -0.000000000000000000, -0.000000000000000000, 1.000000000000000000 ) ) ;
#422 = DIRECTION ( 'NONE',  ( 0.000000000000000000, 0.000000000000000000, -1.000000000000000000 ) ) ;
#423 = FACE_OUTER_BOUND ( 'NONE', #1202, .T. ) ;
#424 = EDGE_CURVE ( 'NONE', #1378, #880, #2577, .T. ) ;
#425 = ORIENTED_EDGE ( 'NONE', *, *, #1036, .T. ) ;
#426 = CARTESIAN_POINT ( 'NONE',  ( 0.07655777198328812816, 0.4304960511442505466, -0.2387241715997304725 ) ) ;
#427 = VERTEX_POINT ( 'NONE', #1039 ) ;
#428 = ORIENTED_EDGE ( 'NONE', *, *, #2223, .T. ) ;
#429 = EDGE_CURVE ( 'NONE', #957, #1294, #1, .T. ) ;
#430 = DIRECTION ( 'NONE',  ( -0.000000000000000000, 1.000000000000000000, -0.000000000000000000 ) ) ;
#431 = CARTESIAN_POINT ( 'NONE',  ( 1.033707897610257165, 1.800000000000000266, 0.6094653250334944872 ) ) ;
#432 = CARTESIAN_POINT ( 'NONE',  ( -0.6993417434781120656, 1.800000000000000266, -0.9490707425350346504 ) ) ;
#433 = VECTOR ( 'NONE', #1082, 100.0000000000000000 ) ;
#434 = DIRECTION ( 'NONE',  ( -0.000000000000000000, 1.000000000000000000, -0.000000000000000000 ) ) ;
#435 = AXIS2_PLACEMENT_3D ( 'NONE', #1907, #1474, #2158 ) ;
#436 = ORIENTED_EDGE ( 'NONE', *, *, #288, .T. ) ;
#437 = CARTESIAN_POINT ( 'NONE',  ( 0.7797076699450231629, 0.6000000000000001998, -0.9121710088732831734 ) ) ;
#438 = ORIENTED_EDGE ( 'NONE', *, *, #2465, .F. ) ;
#439 = ORIENTED_EDGE ( 'NONE', *, *, #2465, .T. ) ;
#440 = AXIS2_PLACEMENT_3D ( 'NONE', #787, #1385, #1358 ) ;
#441 = ADVANCED_FACE ( 'NONE', ( #1860 ), #35, .T. ) ;
#442 = DIRECTION ( 'NONE',  ( 0.5541807347870308931, 0.000000000000000000, 0.8323963678386074871 ) ) ;
#443 = EDGE_CURVE ( 'NONE', #2109, #2377, #926, .T. ) ;
#444 = DIRECTION ( 'NONE',  ( -0.000000000000000000, -1.000000000000000000, 0.000000000000000000 ) ) ;
#445 = FACE_OUTER_BOUND ( 'NONE', #1617, .T. ) ;
#446 = AXIS2_PLACEMENT_3D ( 'NONE', #407, #583, #1232 ) ;
#447 = CARTESIAN_POINT ( 'NONE',  ( -1.183622950237645854, 1.800000000000000266, -0.1975771031034014302 ) ) ;
#448 = CARTESIAN_POINT ( 'NONE',  ( -0.03966086740369547531, 0.4450024757923131125, 0.2470286767929099903 ) ) ;
#449 = DIRECTION ( 'NONE',  ( 0.000000000000000000, 1.000000000000000000, -0.000000000000000000 ) ) ;
#450 = ORIENTED_EDGE ( 'NONE', *, *, #2118, .T. ) ;
#451 = VERTEX_POINT ( 'NONE', #12 ) ;
#452 = VERTEX_POINT ( 'NONE', #1652 ) ;
#453 = CARTESIAN_POINT ( 'NONE',  ( -0.04833167970005667474, 0.1576598181222970962, 1.199060779147126832 ) ) ;
#454 = CARTESIAN_POINT ( 'NONE',  ( -1.044666403009877120, 1.800000000000000266, 0.5904846369063341260 ) ) ;
#455 = CARTESIAN_POINT ( 'NONE',  ( 3.146557907803509084E-17, 0.4500000000000000666, -0.2500000000000000000 ) ) ;
#456 = DIRECTION ( 'NONE',  ( -0.000000000000000000, -1.000000000000000000, -0.000000000000000000 ) ) ;
#457 = CYLINDRICAL_SURFACE ( 'NONE', #1608, 0.09999999999999992228 ) ;
#458 = CARTESIAN_POINT ( 'NONE',  ( 0.01017284227057551824, 0.4500000000000001221, 0.2500000000000000000 ) ) ;
#459 = CARTESIAN_POINT ( 'NONE',  ( 0.000000000000000000, 1.800000000000000266, 0.000000000000000000 ) ) ;
#460 = CARTESIAN_POINT ( 'NONE',  ( -0.1372344052584719143, 0.6000000000000001998, -0.1865100567276329058 ) ) ;
#461 = ADVANCED_FACE ( 'NONE', ( #423 ), #2069, .F. ) ;
#462 = DIRECTION ( 'NONE',  ( -0.000000000000000000, -1.000000000000000000, 0.000000000000000000 ) ) ;
#463 = ORIENTED_EDGE ( 'NONE', *, *, #1066, .F. ) ;
#464 = VERTEX_POINT ( 'NONE', #626 ) ;
#465 = CARTESIAN_POINT ( 'NONE',  ( 0.000000000000000000, 0.000000000000000000, 0.000000000000000000 ) ) ;
#466 = CARTESIAN_POINT ( 'NONE',  ( 0.1598460454937802311, 1.800000000000000266, -0.1675366377458692990 ) ) ;
#467 = CARTESIAN_POINT ( 'NONE',  ( 0.2301396498166507765, 0.6000000000000001998, -0.02559345286327369476 ) ) ;
#468 = DIRECTION ( 'NONE',  ( -0.000000000000000000, -1.000000000000000000, -0.000000000000000000 ) ) ;
#469 = CARTESIAN_POINT ( 'NONE',  ( 0.000000000000000000, 1.800000000000000266, 0.000000000000000000 ) ) ;
#470 = AXIS2_PLACEMENT_3D ( 'NONE', #2130, #1747, #1981 ) ;
#471 = CIRCLE ( 'NONE', #217, 1.200000000000000178 ) ;
#472 = CARTESIAN_POINT ( 'NONE',  ( 0.02015144382132022516, 0.4489760622579745397, 0.2493817962058806070 ) ) ;
#473 = CARTESIAN_POINT ( 'NONE',  ( 0.1450016711795401314, 0.2603328410602310239, 0.2036677018059353805 ) ) ;
#474 = DIRECTION ( 'NONE',  ( -0.000000000000000000, -1.000000000000000000, -0.000000000000000000 ) ) ;
#475 = ADVANCED_FACE ( 'NONE', ( #1439 ), #235, .F. ) ;
#476 = DIRECTION ( 'NONE',  ( 0.000000000000000000, 1.000000000000000000, -0.000000000000000000 ) ) ;
#477 = ORIENTED_EDGE ( 'NONE', *, *, #2318, .T. ) ;
#478 = EDGE_LOOP ( 'NONE', ( #204, #2429, #523, #961 ) ) ;
#479 = AXIS2_PLACEMENT_3D ( 'NONE', #2285, #2078, #2503 ) ;
#480 = ORIENTED_EDGE ( 'NONE', *, *, #1690, .T. ) ;
#481 = LINE ( 'NONE', #30, #979 ) ;
#482 = DIRECTION ( 'NONE',  ( 0.9595811439619339467, 0.000000000000000000, 0.2814321022070977452 ) ) ;
#483 = ADVANCED_FACE ( 'NONE', ( #1687 ), #664, .T. ) ;
#484 = FACE_OUTER_BOUND ( 'NONE', #2345, .T. ) ;
#485 = DIRECTION ( 'NONE',  ( 0.000000000000000000, 1.000000000000000000, 0.000000000000000000 ) ) ;
#486 = CARTESIAN_POINT ( 'NONE',  ( 0.1094326088066388813, 0.6000000000000001998, -1.111006831700932063 ) ) ;
#487 = CIRCLE ( 'NONE', #2021, 1.200000000000000178 ) ;
#488 = VECTOR ( 'NONE', #2586, 100.0000000000000000 ) ;
#489 = CARTESIAN_POINT ( 'NONE',  ( -1.075125368411992799, 0.6000000000000001998, -0.3006943932855173363 ) ) ;
#490 = CARTESIAN_POINT ( 'NONE',  ( 0.1129508771821199770, 0.2008144638178276653, -1.194692572163531752 ) ) ;
#491 = DIRECTION ( 'NONE',  ( 0.000000000000000000, 0.000000000000000000, 1.000000000000000000 ) ) ;
#492 = CARTESIAN_POINT ( 'NONE',  ( -0.07595060953455301522, 0.4297074058416559539, 0.2383340627914500298 ) ) ;
#493 = AXIS2_PLACEMENT_3D ( 'NONE', #1783, #2037, #1193 ) ;
#494 = AXIS2_PLACEMENT_3D ( 'NONE', #639, #812, #2276 ) ;
#495 = EDGE_LOOP ( 'NONE', ( #2466, #2208, #1266, #417 ) ) ;
#496 = ORIENTED_EDGE ( 'NONE', *, *, #2294, .F. ) ;
#497 = CARTESIAN_POINT ( 'NONE',  ( 0.01959346281040406229, 0.1499999999999999944, 1.200000000000000622 ) ) ;
#498 = CARTESIAN_POINT ( 'NONE',  ( 1.179817101252456535, 0.6000000000000001998, -0.2191611452613156930 ) ) ;
#499 = CARTESIAN_POINT ( 'NONE',  ( -0.04936584141163565670, 0.4419846138529499591, -0.2452543776576562862 ) ) ;
#500 = CARTESIAN_POINT ( 'NONE',  ( -0.04840445664142121324, 0.4423155268895058168, -1.199057836652599462 ) ) ;
#501 = EDGE_CURVE ( 'NONE', #451, #2519, #1455, .T. ) ;
#502 = CARTESIAN_POINT ( 'NONE',  ( 0.2011021855291286464, 1.800000000000000266, -0.5119159217834585718 ) ) ;
#503 = CARTESIAN_POINT ( 'NONE',  ( 0.1130816588063667805, 0.3990151857773640010, 0.2230876277256147455 ) ) ;
#504 = CARTESIAN_POINT ( 'NONE',  ( 0.000000000000000000, 1.800000000000000266, 0.000000000000000000 ) ) ;
#505 = DIRECTION ( 'NONE',  ( 0.000000000000000000, 0.000000000000000000, -1.000000000000000000 ) ) ;
#506 = VERTEX_POINT ( 'NONE', #1490 ) ;
#507 = EDGE_CURVE ( 'NONE', #559, #2109, #2297, .T. ) ;
#508 = ORIENTED_EDGE ( 'NONE', *, *, #1238, .F. ) ;
#509 = CARTESIAN_POINT ( 'NONE',  ( -0.01973934962297294385, 0.1509812504006435852, 1.199876225547626740 ) ) ;
#510 = EDGE_CURVE ( 'NONE', #1646, #1350, #1261, .T. ) ;
#511 = EDGE_LOOP ( 'NONE', ( #1597, #2000, #2301, #1536 ) ) ;
#512 = CARTESIAN_POINT ( 'NONE',  ( -0.07652570891822692289, 0.4305001277837035012, -0.2387270410084602057 ) ) ;
#513 = CARTESIAN_POINT ( 'NONE',  ( 0.01388868282657064121, 1.800000000000000266, 0.5498246124805101775 ) ) ;
#514 = CARTESIAN_POINT ( 'NONE',  ( 1.469576158976824046E-16, 0.000000000000000000, 1.200000000000000178 ) ) ;
#515 = PLANE ( 'NONE',  #147 ) ;
#516 = DIRECTION ( 'NONE',  ( 1.734723475976807094E-15, 0.000000000000000000, 1.000000000000000000 ) ) ;
#517 = CARTESIAN_POINT ( 'NONE',  ( 0.000000000000000000, 0.000000000000000000, -1.200000000000000178 ) ) ;
#518 = ORIENTED_EDGE ( 'NONE', *, *, #2659, .F. ) ;
#519 = B_SPLINE_CURVE_WITH_KNOTS ( 'NONE', 3,
 ( #1051, #2090, #834, #2479, #1027, #612, #233, #857, #1701, #2114, #2528, #2504, #219, #2079 ),
 .UNSPECIFIED., .F., .F.,
 ( 4, 2, 2, 2, 2, 2, 4 ),
 ( 0.004694271117601926321, 0.005281178672838762224, 0.005868086228075598126, 0.006161540005694014777, 0.006454993783312431427, 0.006748447560930848077, 0.007041901338549265595 ),
 .UNSPECIFIED. ) ;
#520 = ORIENTED_EDGE ( 'NONE', *, *, #510, .T. ) ;
#521 = CARTESIAN_POINT ( 'NONE',  ( -0.2301396498166507765, 0.6000000000000001998, -0.02559345286327369476 ) ) ;
#522 = AXIS2_PLACEMENT_3D ( 'NONE', #660, #2551, #872 ) ;
#523 = ORIENTED_EDGE ( 'NONE', *, *, #1967, .T. ) ;
#524 = EDGE_CURVE ( 'NONE', #41, #1348, #1032, .T. ) ;
#525 = CARTESIAN_POINT ( 'NONE',  ( 0.2301396498166507765, 1.800000000000000266, -0.02559345286327369476 ) ) ;
#526 = DIRECTION ( 'NONE',  ( 0.000000000000000000, 0.000000000000000000, 1.000000000000000000 ) ) ;
#527 = CARTESIAN_POINT ( 'NONE',  ( 0.1449772021735721561, 0.2602448397667359026, -0.2036851958135768303 ) ) ;
#528 = CARTESIAN_POINT ( 'NONE',  ( 0.1598460454937802311, 0.6000000000000001998, -0.1675366377458692990 ) ) ;
#529 = CARTESIAN_POINT ( 'NONE',  ( 0.4828197307830938145, 0.6000000000000001998, 1.006576764843552407 ) ) ;
#530 = DIRECTION ( 'NONE',  ( -0.000000000000000000, -1.000000000000000000, 0.000000000000000000 ) ) ;
#531 = VECTOR ( 'NONE', #1989, 100.0000000000000000 ) ;
#532 = ORIENTED_EDGE ( 'NONE', *, *, #1848, .T. ) ;
#533 = VECTOR ( 'NONE', #95, 100.0000000000000000 ) ;
#534 = VERTEX_POINT ( 'NONE', #1277 ) ;
#535 = EDGE_LOOP ( 'NONE', ( #1765, #2544, #2178, #1885 ) ) ;
#536 = AXIS2_PLACEMENT_3D ( 'NONE', #913, #2332, #1072 ) ;
#537 = DIRECTION ( 'NONE',  ( -0.000000000000000000, -1.000000000000000000, -0.000000000000000000 ) ) ;
#538 = ORIENTED_EDGE ( 'NONE', *, *, #122, .F. ) ;
#539 = CARTESIAN_POINT ( 'NONE',  ( 0.000000000000000000, 0.6000000000000001998, 0.000000000000000000 ) ) ;
#540 = CARTESIAN_POINT ( 'NONE',  ( 0.4692177406207709289, 0.6000000000000001998, -0.2869402583931697226 ) ) ;
#541 = PERSON_AND_ORGANIZATION_ROLE ( 'classification_officer' ) ;
#542 = ORIENTED_EDGE ( 'NONE', *, *, #1273, .T. ) ;
#543 = CARTESIAN_POINT ( 'NONE',  ( -0.03897770450016369709, 0.1548209704635521988, -1.199405402831780876 ) ) ;
#544 = PLANE ( 'NONE',  #60 ) ;
#545 = DIRECTION ( 'NONE',  ( 0.000000000000000000, 1.000000000000000000, -0.000000000000000000 ) ) ;
#546 = ORIENTED_EDGE ( 'NONE', *, *, #507, .F. ) ;
#547 = CARTESIAN_POINT ( 'NONE',  ( 1.016876444434387405, 1.800000000000000266, 0.4607319966215167040 ) ) ;
#548 = ORIENTED_EDGE ( 'NONE', *, *, #623, .F. ) ;
#549 = CC_DESIGN_SECURITY_CLASSIFICATION ( #166, ( #636 ) ) ;
#550 = EDGE_CURVE ( 'NONE', #222, #1069, #23, .T. ) ;
#551 = DIRECTION ( 'NONE',  ( 0.000000000000000000, 1.000000000000000000, 0.000000000000000000 ) ) ;
#552 = ORIENTED_EDGE ( 'NONE', *, *, #1548, .F. ) ;
#553 = CARTESIAN_POINT ( 'NONE',  ( 0.1348063445743689637, 0.3665111809749014848, -1.192409991548627479 ) ) ;
#554 = CARTESIAN_POINT ( 'NONE',  ( -0.01004529661631145890, 1.800000000000000266, -1.099954131778180466 ) ) ;
#555 = ORIENTED_EDGE ( 'NONE', *, *, #884, .F. ) ;
#556 = CARTESIAN_POINT ( 'NONE',  ( -0.009792281164430720677, 0.1500000000000000222, -1.200000000000000622 ) ) ;
#557 = CARTESIAN_POINT ( 'NONE',  ( 0.000000000000000000, 0.6000000000000001998, 0.000000000000000000 ) ) ;
#558 = LINE ( 'NONE', #396, #2053 ) ;
#559 = VERTEX_POINT ( 'NONE', #1476 ) ;
#560 = DIRECTION ( 'NONE',  ( 0.000000000000000000, 0.000000000000000000, 1.000000000000000000 ) ) ;
#561 = ADVANCED_FACE ( 'NONE', ( #2116 ), #1236, .T. ) ;
#562 = AXIS2_PLACEMENT_3D ( 'NONE', #68, #1732, #1094 ) ;
#563 = AXIS2_PLACEMENT_3D ( 'NONE', #373, #545, #2227 ) ;
#564 = CARTESIAN_POINT ( 'NONE',  ( 0.000000000000000000, 1.800000000000000266, 0.000000000000000000 ) ) ;
#565 = VERTEX_POINT ( 'NONE', #1884 ) ;
#566 = ORIENTED_EDGE ( 'NONE', *, *, #350, .F. ) ;
#567 = DIRECTION ( 'NONE',  ( -0.000000000000000000, -1.000000000000000000, -0.000000000000000000 ) ) ;
#568 = AXIS2_PLACEMENT_3D ( 'NONE', #250, #1068, #2300 ) ;
#569 = FACE_OUTER_BOUND ( 'NONE', #251, .T. ) ;
#570 = AXIS2_PLACEMENT_3D ( 'NONE', #2638, #1541, #2407 ) ;
#571 = EDGE_CURVE ( 'NONE', #2601, #1767, #691, .T. ) ;
#572 = CARTESIAN_POINT ( 'NONE',  ( 0.000000000000000000, 0.000000000000000000, 0.000000000000000000 ) ) ;
#573 = VERTEX_POINT ( 'NONE', #1677 ) ;
#574 = CARTESIAN_POINT ( 'NONE',  ( -0.01973957837616850328, 0.1509813397229126664, -1.199876214797051199 ) ) ;
#575 = DIRECTION ( 'NONE',  ( 0.000000000000000000, 0.000000000000000000, 1.000000000000000000 ) ) ;
#576 = AXIS2_PLACEMENT_3D ( 'NONE', #337, #1149, #2225 ) ;
#577 = DIRECTION ( 'NONE',  ( 0.5541807347870308931, 0.000000000000000000, 0.8323963678386075982 ) ) ;
#578 = CARTESIAN_POINT ( 'NONE',  ( -0.1306467740595189109, 0.2237620980589252184, -0.2133404466709560854 ) ) ;
#579 = ORIENTED_EDGE ( 'NONE', *, *, #2524, .T. ) ;
#580 = EDGE_LOOP ( 'NONE', ( #1901, #1029, #1944, #1902 ) ) ;
#581 = AXIS2_PLACEMENT_3D ( 'NONE', #181, #1866, #819 ) ;
#582 = AXIS2_PLACEMENT_3D ( 'NONE', #2013, #143, #1611 ) ;
#583 = DIRECTION ( 'NONE',  ( 0.000000000000000000, 1.000000000000000000, 0.000000000000000000 ) ) ;
#584 = PERSON_AND_ORGANIZATION ( #1663, #1859 ) ;
#585 = EDGE_LOOP ( 'NONE', ( #770, #192, #1990, #378, #2523, #2121 ) ) ;
#586 = CIRCLE ( 'NONE', #800, 0.1000000000000000056 ) ;
#587 = EDGE_CURVE ( 'NONE', #2200, #1776, #2342, .T. ) ;
#588 = APPLICATION_CONTEXT ( 'configuration controlled 3d designs of mechanical parts and assemblies' ) ;
#589 = DIRECTION ( 'NONE',  ( 0.2360632220291923322, 0.000000000000000000, -0.9717376987671088040 ) ) ;
#590 = CARTESIAN_POINT ( 'NONE',  ( 0.000000000000000000, 1.800000000000000266, 0.000000000000000000 ) ) ;
#591 = DIRECTION ( 'NONE',  ( 0.000000000000000000, 0.000000000000000000, 1.000000000000000000 ) ) ;
#592 = VERTEX_POINT ( 'NONE', #1135 ) ;
#593 = EDGE_CURVE ( 'NONE', #1579, #2258, #2558, .T. ) ;
#594 = CARTESIAN_POINT ( 'NONE',  ( 0.1499999999999999944, 0.2999999999999999889, -0.2000000000000000111 ) ) ;
#595 = ORIENTED_EDGE ( 'NONE', *, *, #1654, .T. ) ;
#596 = ORIENTED_EDGE ( 'NONE', *, *, #2118, .F. ) ;
#597 = CARTESIAN_POINT ( 'NONE',  ( 0.1499999999999999944, 0.2999999999999999889, 1.190588089979065956 ) ) ;
#598 = EDGE_CURVE ( 'NONE', #1069, #1956, #1297, .T. ) ;
#599 = APPROVAL_DATE_TIME ( #2607, #1802 ) ;
#600 = ORIENTED_EDGE ( 'NONE', *, *, #593, .F. ) ;
#601 = DIRECTION ( 'NONE',  ( 0.000000000000000000, 1.000000000000000000, 0.000000000000000000 ) ) ;
#602 = LINE ( 'NONE', #198, #1694 ) ;
#603 = LINE ( 'NONE', #1377, #1276 ) ;
#604 = ADVANCED_FACE ( 'NONE', ( #921 ), #1111, .T. ) ;
#605 = ORIENTED_EDGE ( 'NONE', *, *, #853, .T. ) ;
#606 = CARTESIAN_POINT ( 'NONE',  ( -0.02029740244957603870, 0.1499999999999999112, -0.2500000000000000555 ) ) ;
#607 = ORIENTED_EDGE ( 'NONE', *, *, #230, .T. ) ;
#608 = ORIENTED_EDGE ( 'NONE', *, *, #768, .F. ) ;
#609 = FACE_OUTER_BOUND ( 'NONE', #928, .T. ) ;
#610 = EDGE_CURVE ( 'NONE', #806, #1353, #2247, .T. ) ;
#611 = DIRECTION ( 'NONE',  ( -0.000000000000000000, -1.000000000000000000, -0.000000000000000000 ) ) ;
#612 = CARTESIAN_POINT ( 'NONE',  ( -0.09918612150805494743, 0.4129503634603490236, 1.195913999732094446 ) ) ;
#613 = AXIS2_PLACEMENT_3D ( 'NONE', #1450, #601, #2051 ) ;
#614 = DIRECTION ( 'NONE',  ( -0.000000000000000000, -0.000000000000000000, 1.000000000000000000 ) ) ;
#615 = ORIENTED_EDGE ( 'NONE', *, *, #1127, .T. ) ;
#616 = CARTESIAN_POINT ( 'NONE',  ( 0.09256576059395330014, 0.4195997633757477807, -0.2327193396248968538 ) ) ;
#617 = ORIENTED_EDGE ( 'NONE', *, *, #641, .F. ) ;
#618 = EDGE_LOOP ( 'NONE', ( #1263, #2454, #1216, #725, #1020, #2497 ) ) ;
#619 = CIRCLE ( 'NONE', #2400, 0.1000000000000000056 ) ;
#620 = CIRCLE ( 'NONE', #2617, 0.5500000000000000444 ) ;
#621 = DIRECTION ( 'NONE',  ( 0.000000000000000000, 1.000000000000000000, -0.000000000000000000 ) ) ;
#622 = CIRCLE ( 'NONE', #446, 0.1000000000000000056 ) ;
#623 = EDGE_CURVE ( 'NONE', #138, #165, #1740, .T. ) ;
#624 = CARTESIAN_POINT ( 'NONE',  ( 1.081499009481418527, 1.800000000000000266, -0.2008977164895394130 ) ) ;
#625 = DIRECTION ( 'NONE',  ( -0.000000000000000000, 1.000000000000000000, -0.000000000000000000 ) ) ;
#626 = CARTESIAN_POINT ( 'NONE',  ( -0.1094326088066388397, 1.800000000000000266, -1.111006831700932507 ) ) ;
#627 = EDGE_CURVE ( 'NONE', #2625, #2122, #2437, .T. ) ;
#628 = ORIENTED_EDGE ( 'NONE', *, *, #2215, .F. ) ;
#629 = AXIS2_PLACEMENT_3D ( 'NONE', #1994, #125, #745 ) ;
#630 = AXIS2_PLACEMENT_3D ( 'NONE', #249, #1477, #1720 ) ;
#631 = CARTESIAN_POINT ( 'NONE',  ( 0.1190739587132963184, 0.3917243806699728381, -0.2199079832601556206 ) ) ;
#632 = APPROVAL ( #1205, 'UNSPECIFIED' ) ;
#633 = ORIENTED_EDGE ( 'NONE', *, *, #1307, .F. ) ;
#634 = VERTEX_POINT ( 'NONE', #1763 ) ;
#635 = CARTESIAN_POINT ( 'NONE',  ( -0.3640597967047108918, 0.6000000000000001998, 0.4122626158449546052 ) ) ;
#636 = PRODUCT_DEFINITION_FORMATION_WITH_SPECIFIED_SOURCE ( 'ANY', '', #1797, .NOT_KNOWN. ) ;
#637 = CARTESIAN_POINT ( 'NONE',  ( 3.061616997868383018E-17, 0.000000000000000000, 0.2500000000000000000 ) ) ;
#638 = CARTESIAN_POINT ( 'NONE',  ( -0.7147320307829269082, 1.800000000000000266, -0.8361567581338522626 ) ) ;
#639 = CARTESIAN_POINT ( 'NONE',  ( 0.000000000000000000, 0.2999999999999999889, -1.200000000000000178 ) ) ;
#640 = ORIENTED_EDGE ( 'NONE', *, *, #2511, .F. ) ;
#641 = EDGE_CURVE ( 'NONE', #1791, #1420, #316, .T. ) ;
#642 = EDGE_CURVE ( 'NONE', #592, #1044, #1651, .T. ) ;
#643 = LINE ( 'NONE', #999, #1965 ) ;
#644 = EDGE_LOOP ( 'NONE', ( #749, #508, #1267, #1240, #1781, #2060 ) ) ;
#645 = ORIENTED_EDGE ( 'NONE', *, *, #1471, .T. ) ;
#646 = LINE ( 'NONE', #1284, #2493 ) ;
#647 = VECTOR ( 'NONE', #174, 100.0000000000000000 ) ;
#648 = EDGE_CURVE ( 'NONE', #150, #1754, #1397, .T. ) ;
#649 = CARTESIAN_POINT ( 'NONE',  ( -0.2075070542664605444, 0.6000000000000001998, 0.1027623748112558577 ) ) ;
#650 = LINE ( 'NONE', #22, #180 ) ;
#651 = AXIS2_PLACEMENT_3D ( 'NONE', #2119, #1292, #1492 ) ;
#652 = DIRECTION ( 'NONE',  ( 0.000000000000000000, 0.000000000000000000, 1.000000000000000000 ) ) ;
#653 = CARTESIAN_POINT ( 'NONE',  ( -0.1306313367120978397, 0.3762645248751571025, 0.2133500818569267488 ) ) ;
#654 = CARTESIAN_POINT ( 'NONE',  ( 0.1372344052584839325, 1.800000000000000266, -0.1865100567276396504 ) ) ;
#655 = VERTEX_POINT ( 'NONE', #1924 ) ;
#656 = VERTEX_POINT ( 'NONE', #52 ) ;
#657 = EDGE_LOOP ( 'NONE', ( #1594, #1083, #2224, #520 ) ) ;
#658 = DIRECTION ( 'NONE',  ( -0.000000000000000000, -1.000000000000000000, 0.000000000000000000 ) ) ;
#659 = CARTESIAN_POINT ( 'NONE',  ( 0.01475869999346611158, 0.6000000000000001998, -0.2310875678648547371 ) ) ;
#660 = CARTESIAN_POINT ( 'NONE',  ( 0.000000000000000000, 1.800000000000000266, 0.000000000000000000 ) ) ;
#661 = FACE_OUTER_BOUND ( 'NONE', #941, .T. ) ;
#662 = EDGE_CURVE ( 'NONE', #1776, #1722, #2002, .T. ) ;
#663 = CARTESIAN_POINT ( 'NONE',  ( -1.179817101252453648, 1.800000000000000266, -0.2191611452613305422 ) ) ;
#664 = CYLINDRICAL_SURFACE ( 'NONE', #1532, 0.1000000000000000888 ) ;
#665 = CARTESIAN_POINT ( 'NONE',  ( -0.1499999999999999944, 0.3000000000000059286, 0.2000000000004805711 ) ) ;
#666 = CARTESIAN_POINT ( 'NONE',  ( -0.1499999999999999944, 0.3000000000000059286, 0.2000000000004805711 ) ) ;
#667 = ORIENTED_EDGE ( 'NONE', *, *, #1307, .T. ) ;
#668 = ORIENTED_EDGE ( 'NONE', *, *, #345, .F. ) ;
#669 = EDGE_CURVE ( 'NONE', #973, #2218, #2162, .T. ) ;
#670 = CARTESIAN_POINT ( 'NONE',  ( 0.1301672860705156698, 0.2248163969614302149, 1.192931876409221381 ) ) ;
#671 = DIRECTION ( 'NONE',  ( 0.000000000000000000, 0.000000000000000000, -1.000000000000000000 ) ) ;
#672 = DIRECTION ( 'NONE',  ( 0.000000000000000000, 1.000000000000000000, -0.000000000000000000 ) ) ;
#673 = ADVANCED_FACE ( 'NONE', ( #1969 ), #544, .T. ) ;
#674 = DIRECTION ( 'NONE',  ( 0.000000000000000000, 1.000000000000000000, 0.000000000000000000 ) ) ;
#675 = LINE ( 'NONE', #1743, #1033 ) ;
#676 = CC_DESIGN_APPROVAL ( #1802, ( #166 ) ) ;
#677 = FACE_OUTER_BOUND ( 'NONE', #478, .T. ) ;
#678 = CARTESIAN_POINT ( 'NONE',  ( 0.1301690577431533768, 0.2248202821437595422, -1.192931664396664537 ) ) ;
#679 = CARTESIAN_POINT ( 'NONE',  ( 0.000000000000000000, 1.800000000000000266, 0.000000000000000000 ) ) ;
#680 = CARTESIAN_POINT ( 'NONE',  ( -0.01018082033057153037, 0.4500000000000002331, 0.2500000000000000555 ) ) ;
#681 = EDGE_LOOP ( 'NONE', ( #2134, #463, #2649, #1987 ) ) ;
#682 = ADVANCED_FACE ( 'NONE', ( #2210 ), #338, .T. ) ;
#683 = VERTEX_POINT ( 'NONE', #964 ) ;
#684 = EDGE_LOOP ( 'NONE', ( #2314, #263, #2613, #1097, #119, #1422, #2045, #2269, #783, #439, #1853, #1252, #56, #265, #1054, #987, #2245, #2233, #72, #1801, #253, #1247, #1306, #320, #1854, #195, #134, #179, #1152, #2277, #1708, #1363, #170, #1721, #1181, #1563, #2056, #2232, #912, #2546, #2482, #27, #615, #322, #215, #2619, #1509, #532, #1655, #142, #292, #737, #347, #6, #607, #1709, #1506, #252, #1467, #2050 ) ) ;
#685 = DIRECTION ( 'NONE',  ( 0.9595811439619339467, 0.000000000000000000, 0.2814321022070977452 ) ) ;
#686 = CARTESIAN_POINT ( 'NONE',  ( 3.061616997868383018E-17, 1.800000000000000266, 0.2500000000000000000 ) ) ;
#687 = CYLINDRICAL_SURFACE ( 'NONE', #285, 0.09999999999999992228 ) ;
#688 = DIRECTION ( 'NONE',  ( 0.000000000000000000, 0.000000000000000000, 1.000000000000000000 ) ) ;
#689 =( NAMED_UNIT ( * ) SI_UNIT ( $, .STERADIAN. ) SOLID_ANGLE_UNIT ( ) );
#690 = EDGE_CURVE ( 'NONE', #1433, #2635, #158, .T. ) ;
#691 = CIRCLE ( 'NONE', #343, 1.200000000000000178 ) ;
#692 = VECTOR ( 'NONE', #2471, 100.0000000000000142 ) ;
#693 = LINE ( 'NONE', #489, #1356 ) ;
#694 = CARTESIAN_POINT ( 'NONE',  ( 0.1423182838010191853, 0.2516031202943435074, -1.191536783494139939 ) ) ;
#695 = DIRECTION ( 'NONE',  ( 0.000000000000000000, 1.000000000000000000, -0.000000000000000000 ) ) ;
#696 = DIRECTION ( 'NONE',  ( 0.000000000000000000, 0.000000000000000000, 1.000000000000000000 ) ) ;
#697 = ORIENTED_EDGE ( 'NONE', *, *, #2171, .T. ) ;
#698 = ORIENTED_EDGE ( 'NONE', *, *, #424, .F. ) ;
#699 = CARTESIAN_POINT ( 'NONE',  ( 2.054667113738647348E-24, 0.1499999999999999944, -1.200000000000000178 ) ) ;
#700 = FACE_OUTER_BOUND ( 'NONE', #43, .T. ) ;
#701 = CIRCLE ( 'NONE', #2567, 0.09999999999999992228 ) ;
#702 = FACE_OUTER_BOUND ( 'NONE', #1458, .T. ) ;
#703 = DIRECTION ( 'NONE',  ( -3.469446951953616950E-15, 0.000000000000000000, 1.000000000000000000 ) ) ;
#704 = DIRECTION ( 'NONE',  ( -0.000000000000000000, -1.000000000000000000, -0.000000000000000000 ) ) ;
#705 = EDGE_CURVE ( 'NONE', #86, #1322, #2282, .T. ) ;
#706 = AXIS2_PLACEMENT_3D ( 'NONE', #776, #185, #1180 ) ;
#707 = DIRECTION ( 'NONE',  ( 0.000000000000000000, 1.000000000000000000, 0.000000000000000000 ) ) ;
#708 = CARTESIAN_POINT ( 'NONE',  ( 0.1499999999999999944, 0.2999999999999999889, 0.2000000000000000111 ) ) ;
#709 = DIRECTION ( 'NONE',  ( 1.734723475976807094E-15, 0.000000000000000000, 1.000000000000000000 ) ) ;
#710 = VECTOR ( 'NONE', #2526, 100.0000000000000000 ) ;
#711 = VECTOR ( 'NONE', #1790, 100.0000000000000142 ) ;
#712 = ORIENTED_EDGE ( 'NONE', *, *, #2645, .T. ) ;
#713 = EDGE_CURVE ( 'NONE', #815, #1042, #763, .T. ) ;
#714 = ORIENTED_EDGE ( 'NONE', *, *, #2294, .T. ) ;
#715 = AXIS2_PLACEMENT_3D ( 'NONE', #2001, #1602, #2637 ) ;
#716 = CARTESIAN_POINT ( 'NONE',  ( -0.09208538070083782667, 0.1799509604293342835, 1.196543996344435978 ) ) ;
#717 = ORIENTED_EDGE ( 'NONE', *, *, #2645, .F. ) ;
#718 = LINE ( 'NONE', #730, #1582 ) ;
#719 = DIRECTION ( 'NONE',  ( -0.000000000000000000, 1.000000000000000000, -0.000000000000000000 ) ) ;
#720 = CARTESIAN_POINT ( 'NONE',  ( -0.4207046846251588645, 1.800000000000000266, 1.123836094959779208 ) ) ;
#721 = DIRECTION ( 'NONE',  ( -0.000000000000000000, -1.000000000000000000, 0.000000000000000000 ) ) ;
#722 = DIRECTION ( 'NONE',  ( -0.000000000000000000, -1.000000000000000000, 0.000000000000000000 ) ) ;
#723 = FACE_OUTER_BOUND ( 'NONE', #2604, .T. ) ;
#724 = ORIENTED_EDGE ( 'NONE', *, *, #1674, .F. ) ;
#725 = ORIENTED_EDGE ( 'NONE', *, *, #807, .F. ) ;
#726 = ADVANCED_FACE ( 'NONE', ( #2411 ), #2426, .T. ) ;
#727 = EDGE_CURVE ( 'NONE', #1577, #2107, #1812, .T. ) ;
#728 = LINE ( 'NONE', #1550, #2271 ) ;
#729 = ORIENTED_EDGE ( 'NONE', *, *, #922, .T. ) ;
#730 = CARTESIAN_POINT ( 'NONE',  ( -0.09290524455817082694, 0.6000000000000001998, 0.2121035095909064305 ) ) ;
#731 = LINE ( 'NONE', #2582, #1920 ) ;
#732 = CARTESIAN_POINT ( 'NONE',  ( 1.469576158976824046E-16, 1.800000000000000266, 1.200000000000000178 ) ) ;
#733 = CARTESIAN_POINT ( 'NONE',  ( 0.2771537008451939177, 0.6000000000000001998, 1.081433077940647358 ) ) ;
#734 = LINE ( 'NONE', #1970, #488 ) ;
#735 = ORIENTED_EDGE ( 'NONE', *, *, #782, .F. ) ;
#736 = VERTEX_POINT ( 'NONE', #2198 ) ;
#737 = ORIENTED_EDGE ( 'NONE', *, *, #1373, .F. ) ;
#738 = DIRECTION ( 'NONE',  ( 0.000000000000000000, 0.000000000000000000, 1.000000000000000000 ) ) ;
#739 = CIRCLE ( 'NONE', #2483, 0.1000000000000000056 ) ;
#740 = ORIENTED_EDGE ( 'NONE', *, *, #1411, .F. ) ;
#741 = DIRECTION ( 'NONE',  ( 0.1105269992275175334, 0.000000000000000000, 0.9938731219032740372 ) ) ;
#742 = DIRECTION ( 'NONE',  ( 0.000000000000000000, 1.000000000000000000, -0.000000000000000000 ) ) ;
#743 = APPROVAL_ROLE ( '' ) ;
#744 = CARTESIAN_POINT ( 'NONE',  ( -0.1500000000000000222, 0.2902079021229719835, -1.190588089979066178 ) ) ;
#745 = DIRECTION ( 'NONE',  ( 0.000000000000000000, 0.000000000000000000, -1.000000000000000000 ) ) ;
#746 = CARTESIAN_POINT ( 'NONE',  ( -0.6993417434781120656, 1.800000000000000266, -0.8490707425350345616 ) ) ;
#747 = ADVANCED_FACE ( 'NONE', ( #327 ), #1150, .T. ) ;
#748 = AXIS2_PLACEMENT_3D ( 'NONE', #1129, #2419, #1155 ) ;
#749 = ORIENTED_EDGE ( 'NONE', *, *, #1485, .F. ) ;
#750 = LINE ( 'NONE', #2229, #1141 ) ;
#751 = EDGE_LOOP ( 'NONE', ( #2298, #2216, #771, #1241 ) ) ;
#752 = AXIS2_PLACEMENT_3D ( 'NONE', #773, #2206, #526 ) ;
#753 = CARTESIAN_POINT ( 'NONE',  ( -0.3856459609063957461, 0.6000000000000001998, 1.030183087046464552 ) ) ;
#754 = ORIENTED_EDGE ( 'NONE', *, *, #2138, .F. ) ;
#755 = DIRECTION ( 'NONE',  ( 0.000000000000000000, 0.000000000000000000, 1.000000000000000000 ) ) ;
#756 = CARTESIAN_POINT ( 'NONE',  ( -0.1311003107488376285, 0.3754625545361564565, -1.192840895703887849 ) ) ;
#757 = COORDINATED_UNIVERSAL_TIME_OFFSET ( 9, 0, .AHEAD. ) ;
#758 = ORIENTED_EDGE ( 'NONE', *, *, #191, .T. ) ;
#759 = VECTOR ( 'NONE', #949, 100.0000000000000000 ) ;
#760 = EDGE_CURVE ( 'NONE', #1754, #1182, #2213, .T. ) ;
#761 = VECTOR ( 'NONE', #2366, 100.0000000000000142 ) ;
#762 = CARTESIAN_POINT ( 'NONE',  ( 0.2250140070994613717, 1.800000000000000266, -0.05466241721915871682 ) ) ;
#763 = LINE ( 'NONE', #1590, #1452 ) ;
#764 = DIRECTION ( 'NONE',  ( -0.000000000000000000, -1.000000000000000000, -0.000000000000000000 ) ) ;
#765 = EDGE_LOOP ( 'NONE', ( #1986, #2343, #1282, #2099 ) ) ;
#766 = DIRECTION ( 'NONE',  ( 0.000000000000000000, 0.000000000000000000, 1.000000000000000000 ) ) ;
#767 = EDGE_LOOP ( 'NONE', ( #740, #5, #1850, #1822, #1807, #40 ) ) ;
#768 = EDGE_CURVE ( 'NONE', #2590, #2237, #481, .T. ) ;
#769 = LINE ( 'NONE', #972, #881 ) ;
#770 = ORIENTED_EDGE ( 'NONE', *, *, #1690, .F. ) ;
#771 = ORIENTED_EDGE ( 'NONE', *, *, #946, .F. ) ;
#772 = CARTESIAN_POINT ( 'NONE',  ( 0.1499999999999999944, 0.3099119711711161851, -1.190588089979066178 ) ) ;
#773 = CARTESIAN_POINT ( 'NONE',  ( -0.7147320307829269082, 0.6000000000000001998, -0.8361567581338522626 ) ) ;
#774 = ORIENTED_EDGE ( 'NONE', *, *, #1259, .T. ) ;
#775 = CARTESIAN_POINT ( 'NONE',  ( -1.551374007668935619E-19, 0.1499999999999999944, -0.2500000000000000000 ) ) ;
#776 = CARTESIAN_POINT ( 'NONE',  ( 0.000000000000000000, 0.6000000000000001998, 0.000000000000000000 ) ) ;
#777 = DIRECTION ( 'NONE',  ( -0.000000000000000000, -1.000000000000000000, 0.000000000000000000 ) ) ;
#778 = AXIS2_PLACEMENT_3D ( 'NONE', #469, #1092, #1937 ) ;
#779 = CARTESIAN_POINT ( 'NONE',  ( -0.1420148006854199396, 0.2507354518703924229, -0.2057971764280572824 ) ) ;
#780 = CC_DESIGN_DATE_AND_TIME_ASSIGNMENT ( #369, #1784, ( #166 ) ) ;
#781 = VERTEX_POINT ( 'NONE', #2155 ) ;
#782 = EDGE_CURVE ( 'NONE', #1401, #1930, #2500, .T. ) ;
#783 = ORIENTED_EDGE ( 'NONE', *, *, #705, .T. ) ;
#784 = CIRCLE ( 'NONE', #1744, 0.1000000000000000056 ) ;
#785 = CARTESIAN_POINT ( 'NONE',  ( 0.6993417434781231679, 0.6000000000000001998, -0.8490707425350254578 ) ) ;
#786 = ORIENTED_EDGE ( 'NONE', *, *, #1864, .F. ) ;
#787 = CARTESIAN_POINT ( 'NONE',  ( -1.084987704384508644, 1.800000000000000266, -0.1811123445114513064 ) ) ;
#788 = CYLINDRICAL_SURFACE ( 'NONE', #2093, 0.1000000000000000888 ) ;
#789 = EDGE_CURVE ( 'NONE', #815, #1069, #196, .T. ) ;
#790 = DIRECTION ( 'NONE',  ( -0.000000000000000000, -1.000000000000000000, -0.000000000000000000 ) ) ;
#791 = VERTEX_POINT ( 'NONE', #1483 ) ;
#792 = EDGE_CURVE ( 'NONE', #1470, #2579, #1947, .T. ) ;
#793 = LINE ( 'NONE', #2072, #1613 ) ;
#794 = VERTEX_POINT ( 'NONE', #74 ) ;
#795 = ORIENTED_EDGE ( 'NONE', *, *, #202, .F. ) ;
#796 = AXIS2_PLACEMENT_3D ( 'NONE', #2047, #621, #2687 ) ;
#797 = LINE ( 'NONE', #1003, #2456 ) ;
#798 = COORDINATED_UNIVERSAL_TIME_OFFSET ( 9, 0, .AHEAD. ) ;
#799 = EDGE_LOOP ( 'NONE', ( #628, #596, #477, #1460 ) ) ;
#800 = AXIS2_PLACEMENT_3D ( 'NONE', #975, #2195, #120 ) ;
#801 = CARTESIAN_POINT ( 'NONE',  ( 0.3427811001016385362, 1.800000000000000266, 0.4301175623165258699 ) ) ;
#802 = CARTESIAN_POINT ( 'NONE',  ( 0.01095850539961249967, 0.6000000000000001998, -1.199949961939833054 ) ) ;
#803 = DIRECTION ( 'NONE',  ( 0.000000000000000000, 0.000000000000000000, -1.000000000000000000 ) ) ;
#804 = VERTEX_POINT ( 'NONE', #1510 ) ;
#805 = CARTESIAN_POINT ( 'NONE',  ( -0.7979716675667878345, 0.6000000000000001998, -0.7807386846551492843 ) ) ;
#806 = VERTEX_POINT ( 'NONE', #699 ) ;
#807 = EDGE_CURVE ( 'NONE', #1059, #683, #2024, .T. ) ;
#808 = ORIENTED_EDGE ( 'NONE', *, *, #1055, .F. ) ;
#809 = CARTESIAN_POINT ( 'NONE',  ( 0.5390597967047112693, 0.6000000000000001998, 0.1091537245204009937 ) ) ;
#810 = CARTESIAN_POINT ( 'NONE',  ( 0.4828197307830938145, 1.800000000000000266, 1.006576764843552407 ) ) ;
#811 = CYLINDRICAL_SURFACE ( 'NONE', #817, 0.1000000000000000888 ) ;
#812 = DIRECTION ( 'NONE',  ( -0.000000000000000000, -0.000000000000000000, 1.000000000000000000 ) ) ;
#813 = ORIENTED_EDGE ( 'NONE', *, *, #2492, .T. ) ;
#814 = CARTESIAN_POINT ( 'NONE',  ( -0.6993417434781120656, 1.800000000000000266, -0.8490707425350345616 ) ) ;
#815 = VERTEX_POINT ( 'NONE', #87 ) ;
#816 = AXIS2_PLACEMENT_3D ( 'NONE', #504, #2176, #1718 ) ;
#817 = AXIS2_PLACEMENT_3D ( 'NONE', #638, #844, #1464 ) ;
#818 = VERTEX_POINT ( 'NONE', #2180 ) ;
#819 = DIRECTION ( 'NONE',  ( 0.000000000000000000, 0.000000000000000000, 1.000000000000000000 ) ) ;
#820 = EDGE_CURVE ( 'NONE', #2579, #896, #1235, .T. ) ;
#821 = FACE_OUTER_BOUND ( 'NONE', #2476, .T. ) ;
#822 = CYLINDRICAL_SURFACE ( 'NONE', #1513, 0.5500000000000000444 ) ;
#823 = AXIS2_PLACEMENT_3D ( 'NONE', #1132, #1771, #368 ) ;
#824 = DIRECTION ( 'NONE',  ( 0.000000000000000000, 1.000000000000000000, -0.000000000000000000 ) ) ;
#825 = AXIS2_PLACEMENT_3D ( 'NONE', #2518, #847, #1056 ) ;
#826 = ORIENTED_EDGE ( 'NONE', *, *, #172, .T. ) ;
#827 = CARTESIAN_POINT ( 'NONE',  ( 0.1499999999999999944, 0.2999999999999999889, 1.190588089979065956 ) ) ;
#828 = ORIENTED_EDGE ( 'NONE', *, *, #1482, .F. ) ;
#829 = ORIENTED_EDGE ( 'NONE', *, *, #2621, .T. ) ;
#830 = AXIS2_PLACEMENT_3D ( 'NONE', #329, #1995, #1345 ) ;
#831 = DIRECTION ( 'NONE',  ( 0.7235179219327446676, 0.000000000000000000, 0.6903055965600474186 ) ) ;
#832 = CIRCLE ( 'NONE', #1229, 0.1000000000000000056 ) ;
#833 = CARTESIAN_POINT ( 'NONE',  ( 1.044666403009869349, 1.800000000000000266, 0.5904846369063477818 ) ) ;
#834 = CARTESIAN_POINT ( 'NONE',  ( -0.1460598081459722752, 0.3393528977296491611, 1.191101703425605729 ) ) ;
#835 = EDGE_CURVE ( 'NONE', #2255, #2672, #875, .T. ) ;
#836 = CARTESIAN_POINT ( 'NONE',  ( 0.000000000000000000, 0.6000000000000001998, 0.000000000000000000 ) ) ;
#837 = EDGE_LOOP ( 'NONE', ( #939, #608, #2413, #114 ) ) ;
#838 = DIRECTION ( 'NONE',  ( -0.000000000000000000, -1.000000000000000000, -0.000000000000000000 ) ) ;
#839 = ORIENTED_EDGE ( 'NONE', *, *, #1593, .T. ) ;
#840 = ORIENTED_EDGE ( 'NONE', *, *, #789, .T. ) ;
#841 = EDGE_CURVE ( 'NONE', #683, #1408, #2151, .T. ) ;
#842 = FACE_OUTER_BOUND ( 'NONE', #1670, .T. ) ;
#843 = CARTESIAN_POINT ( 'NONE',  ( 0.9576108694257136067, 0.6000000000000001998, 0.5412775838308186982 ) ) ;
#844 = DIRECTION ( 'NONE',  ( -0.000000000000000000, -1.000000000000000000, -0.000000000000000000 ) ) ;
#845 = CARTESIAN_POINT ( 'NONE',  ( 1.081499009481418527, 1.800000000000000266, -0.3008977164895393908 ) ) ;
#846 = CARTESIAN_POINT ( 'NONE',  ( -0.3667669786984883440, 0.6000000000000001998, 1.037054474623383848 ) ) ;
#847 = DIRECTION ( 'NONE',  ( 0.8961327785328029316, 0.000000000000000000, 0.4437860331726071750 ) ) ;
#848 = ORIENTED_EDGE ( 'NONE', *, *, #2238, .T. ) ;
#849 = ORIENTED_EDGE ( 'NONE', *, *, #228, .T. ) ;
#850 = VERTEX_POINT ( 'NONE', #346 ) ;
#851 = CARTESIAN_POINT ( 'NONE',  ( 0.1452062831157930056, 0.2611303868818076745, 1.191183796272949902 ) ) ;
#852 = LINE ( 'NONE', #659, #710 ) ;
#853 = EDGE_CURVE ( 'NONE', #2579, #2469, #769, .T. ) ;
#854 = AXIS2_PLACEMENT_3D ( 'NONE', #2309, #1234, #244 ) ;
#855 = CARTESIAN_POINT ( 'NONE',  ( -0.01095850539961249967, 0.6000000000000001998, -1.199949961939833054 ) ) ;
#856 = B_SPLINE_CURVE_WITH_KNOTS ( 'NONE', 3,
 ( #2676, #2467, #1217, #1830, #1413, #1843, #1855, #2665, #2100, #1434, #1647, #1024, #2248, #597 ),
 .UNSPECIFIED., .F., .F.,
 ( 4, 2, 2, 2, 2, 2, 4 ),
 ( 0.007041901338549265595, 0.007335090863838372201, 0.007628280389127478807, 0.007921469914416584546, 0.008214659439705691152, 0.008801038490283904364, 0.009387417540862117576 ),
 .UNSPECIFIED. ) ;
#857 = CARTESIAN_POINT ( 'NONE',  ( -0.07518021091366157427, 0.4301687782368384116, 1.197670495366860210 ) ) ;
#858 = CARTESIAN_POINT ( 'NONE',  ( -0.1598460454937845054, 0.6000000000000001998, -0.1675366377458817890 ) ) ;
#859 = CARTESIAN_POINT ( 'NONE',  ( 0.000000000000000000, 0.2999999999999999889, -1.200000000000000178 ) ) ;
#860 = CIRCLE ( 'NONE', #435, 0.5500000000000000444 ) ;
#861 = ADVANCED_FACE ( 'NONE', ( #321 ), #2033, .F. ) ;
#862 = ORIENTED_EDGE ( 'NONE', *, *, #411, .F. ) ;
#863 = LINE ( 'NONE', #39, #2097 ) ;
#864 = ORIENTED_EDGE ( 'NONE', *, *, #662, .F. ) ;
#865 = ORIENTED_EDGE ( 'NONE', *, *, #1761, .T. ) ;
#866 = EDGE_LOOP ( 'NONE', ( #2246, #127, #1203, #579 ) ) ;
#867 = EDGE_CURVE ( 'NONE', #565, #656, #1407, .T. ) ;
#868 = CARTESIAN_POINT ( 'NONE',  ( -0.1301213761053099938, 0.2247418445532191611, 1.192936801383460255 ) ) ;
#869 = CARTESIAN_POINT ( 'NONE',  ( -0.2075070542664605444, 1.800000000000000266, 0.1027623748112558577 ) ) ;
#870 = CIRCLE ( 'NONE', #2236, 0.09999999999999992228 ) ;
#871 = CARTESIAN_POINT ( 'NONE',  ( 0.000000000000000000, 0.6000000000000001998, 0.000000000000000000 ) ) ;
#872 = DIRECTION ( 'NONE',  ( 0.000000000000000000, 0.000000000000000000, 1.000000000000000000 ) ) ;
#873 = VECTOR ( 'NONE', #430, 100.0000000000000000 ) ;
#874 =( NAMED_UNIT ( * ) PLANE_ANGLE_UNIT ( ) SI_UNIT ( $, .RADIAN. ) );
#875 = CIRCLE ( 'NONE', #414, 1.200000000000000178 ) ;
#876 = EDGE_CURVE ( 'NONE', #1930, #1412, #405, .T. ) ;
#877 = DIRECTION ( 'NONE',  ( 0.000000000000000000, -0.000000000000000000, 1.000000000000000000 ) ) ;
#878 = CARTESIAN_POINT ( 'NONE',  ( 0.1490244893363607548, 0.2803183257226958824, -1.190712140280492326 ) ) ;
#879 = CARTESIAN_POINT ( 'NONE',  ( 3.061616788933203702E-17, 0.4500000000000000666, 0.2500000000000000000 ) ) ;
#880 = VERTEX_POINT ( 'NONE', #2634 ) ;
#881 = VECTOR ( 'NONE', #1189, 100.0000000000000000 ) ;
#882 = ORIENTED_EDGE ( 'NONE', *, *, #2086, .F. ) ;
#883 = VECTOR ( 'NONE', #2539, 100.0000000000000000 ) ;
#884 = EDGE_CURVE ( 'NONE', #318, #1022, #2149, .T. ) ;
#885 = CARTESIAN_POINT ( 'NONE',  ( -0.1197722202682173359, 0.2077041464670962567, 0.2199447582141909607 ) ) ;
#886 = FACE_OUTER_BOUND ( 'NONE', #1183, .T. ) ;
#887 = PLANE ( 'NONE',  #1324 ) ;
#888 = CARTESIAN_POINT ( 'NONE',  ( -0.009923620935214906569, 0.4499999999999996225, -1.200000000000000178 ) ) ;
#889 = CARTESIAN_POINT ( 'NONE',  ( 0.09274566448888385550, 0.1805666587885250696, -0.2326388886286585300 ) ) ;
#890 = LOCAL_TIME ( 23, 21, 17.00000000000000000, #757 ) ;
#891 = DIRECTION ( 'NONE',  ( 0.000000000000000000, 0.000000000000000000, 1.000000000000000000 ) ) ;
#892 = CARTESIAN_POINT ( 'NONE',  ( 0.09191327284952693910, 0.1810658515416384839, 0.2326462108734203005 ) ) ;
#893 = DIRECTION ( 'NONE',  ( -0.000000000000000000, 1.000000000000000000, -0.000000000000000000 ) ) ;
#894 = CARTESIAN_POINT ( 'NONE',  ( -0.1499999999999963030, 0.3101910732381155111, 0.2000000000000027867 ) ) ;
#895 = ORIENTED_EDGE ( 'NONE', *, *, #2409, .F. ) ;
#896 = VERTEX_POINT ( 'NONE', #2432 ) ;
#897 = CARTESIAN_POINT ( 'NONE',  ( -0.1489705258374798558, 0.2798196948465658251, 0.2007830750595809011 ) ) ;
#898 = PLANE ( 'NONE',  #2067 ) ;
#899 = EDGE_CURVE ( 'NONE', #1899, #205, #2602, .T. ) ;
#900 = DIRECTION ( 'NONE',  ( 0.000000000000000000, 0.000000000000000000, -1.000000000000000000 ) ) ;
#901 = DIRECTION ( 'NONE',  ( -0.000000000000000000, -1.000000000000000000, 0.000000000000000000 ) ) ;
#902 = CARTESIAN_POINT ( 'NONE',  ( 0.4828197307830938145, 0.6000000000000001998, 1.006576764843552407 ) ) ;
#903 = AXIS2_PLACEMENT_3D ( 'NONE', #1518, #1940, #112 ) ;
#904 = VECTOR ( 'NONE', #1676, 100.0000000000000000 ) ;
#905 = EDGE_CURVE ( 'NONE', #1420, #1380, #49, .T. ) ;
#906 = CARTESIAN_POINT ( 'NONE',  ( 3.061616788933203702E-17, 0.4500000000000000666, 0.2500000000000000000 ) ) ;
#907 = DIRECTION ( 'NONE',  ( -0.000000000000000000, -1.000000000000000000, -0.000000000000000000 ) ) ;
#908 = DIRECTION ( 'NONE',  ( 0.000000000000000000, 1.000000000000000000, -0.000000000000000000 ) ) ;
#909 = CIRCLE ( 'NONE', #2186, 0.1000000000000000056 ) ;
#910 = ORIENTED_EDGE ( 'NONE', *, *, #1507, .F. ) ;
#911 = VECTOR ( 'NONE', #2691, 100.0000000000000000 ) ;
#912 = ORIENTED_EDGE ( 'NONE', *, *, #1169, .F. ) ;
#913 = CARTESIAN_POINT ( 'NONE',  ( 0.000000000000000000, 0.6000000000000001998, 0.000000000000000000 ) ) ;
#914 = LINE ( 'NONE', #663, #533 ) ;
#915 = AXIS2_PLACEMENT_3D ( 'NONE', #981, #355, #1161 ) ;
#916 = FACE_OUTER_BOUND ( 'NONE', #2059, .T. ) ;
#917 = CARTESIAN_POINT ( 'NONE',  ( -0.4828197307831066376, 1.800000000000000266, 1.006576764843545524 ) ) ;
#918 = DIRECTION ( 'NONE',  ( 0.000000000000000000, 0.000000000000000000, -1.000000000000000000 ) ) ;
#919 = VECTOR ( 'NONE', #2029, 100.0000000000000000 ) ;
#920 = CARTESIAN_POINT ( 'NONE',  ( 1.113130914605218624, 0.6000000000000001998, -0.08515423011524361763 ) ) ;
#921 = FACE_OUTER_BOUND ( 'NONE', #837, .T. ) ;
#922 = EDGE_CURVE ( 'NONE', #319, #962, #2063, .T. ) ;
#923 = DIRECTION ( 'NONE',  ( -0.000000000000000000, 1.000000000000000000, -0.000000000000000000 ) ) ;
#924 = EDGE_CURVE ( 'NONE', #804, #1367, #487, .T. ) ;
#925 = VECTOR ( 'NONE', #1270, 100.0000000000000000 ) ;
#926 = CIRCLE ( 'NONE', #2458, 0.1000000000000000056 ) ;
#927 = ORIENTED_EDGE ( 'NONE', *, *, #1127, .F. ) ;
#928 = EDGE_LOOP ( 'NONE', ( #2495, #1681, #1391, #895 ) ) ;
#929 = AXIS2_PLACEMENT_3D ( 'NONE', #1173, #1991, #323 ) ;
#930 = DIRECTION ( 'NONE',  ( 0.000000000000000000, 0.000000000000000000, 1.000000000000000000 ) ) ;
#931 = EDGE_CURVE ( 'NONE', #534, #896, #103, .T. ) ;
#932 = ORIENTED_EDGE ( 'NONE', *, *, #1851, .T. ) ;
#933 = LINE ( 'NONE', #2139, #1813 ) ;
#934 = FACE_OUTER_BOUND ( 'NONE', #681, .T. ) ;
#935 = CARTESIAN_POINT ( 'NONE',  ( -0.4831064234473415042, 0.6000000000000001998, -0.2628843540873400664 ) ) ;
#936 = FACE_OUTER_BOUND ( 'NONE', #2166, .T. ) ;
#937 = CARTESIAN_POINT ( 'NONE',  ( 2.783254092006724554E-17, 0.1499999999999999389, 0.2500000000000000555 ) ) ;
#938 = LINE ( 'NONE', #126, #1755 ) ;
#939 = ORIENTED_EDGE ( 'NONE', *, *, #1074, .F. ) ;
#940 = EDGE_LOOP ( 'NONE', ( #943, #848, #1973, #2675, #774, #29, #1599, #2433, #1794, #2373, #2152, #1280, #2251, #2135, #518, #2331, #2039, #1683, #2201, #425, #413, #2291, #2598, #73, #1508, #2074, #1321, #1827 ) ) ;
#941 = EDGE_LOOP ( 'NONE', ( #1001, #224, #974, #1237 ) ) ;
#942 = DIRECTION ( 'NONE',  ( 0.8054558720930344862, 0.000000000000000000, -0.5926557500867170036 ) ) ;
#943 = ORIENTED_EDGE ( 'NONE', *, *, #924, .F. ) ;
#944 = CARTESIAN_POINT ( 'NONE',  ( 0.1490271973571904440, 0.3196583071466616577, -1.190711796501568998 ) ) ;
#945 = CARTESIAN_POINT ( 'NONE',  ( -0.09148581869598088057, 0.4192746530259859883, -1.196535458661584839 ) ) ;
#946 = EDGE_CURVE ( 'NONE', #2520, #2435, #728, .T. ) ;
#947 = PERSON_AND_ORGANIZATION_ROLE ( 'design_supplier' ) ;
#948 = CARTESIAN_POINT ( 'NONE',  ( -0.1490187552475278898, 0.2802607008262029131, -1.190712876105085805 ) ) ;
#949 = DIRECTION ( 'NONE',  ( -0.000000000000000000, -1.000000000000000000, -0.000000000000000000 ) ) ;
#950 = DIRECTION ( 'NONE',  ( 0.000000000000000000, 1.000000000000000000, -0.000000000000000000 ) ) ;
#951 = ORIENTED_EDGE ( 'NONE', *, *, #2081, .F. ) ;
#952 = CARTESIAN_POINT ( 'NONE',  ( -0.01475869999346142263, 1.800000000000000266, -0.2310875678648671161 ) ) ;
#953 = ORIENTED_EDGE ( 'NONE', *, *, #1586, .T. ) ;
#954 = CARTESIAN_POINT ( 'NONE',  ( 0.6303111838221202579, 1.800000000000000266, -0.9214225347283018230 ) ) ;
#955 = VECTOR ( 'NONE', #1256, 100.0000000000000000 ) ;
#956 = EDGE_CURVE ( 'NONE', #1294, #1504, #619, .T. ) ;
#957 = VERTEX_POINT ( 'NONE', #2231 ) ;
#958 = CARTESIAN_POINT ( 'NONE',  ( 0.09229289532853561517, 0.4198484109636209660, -1.196525890128386393 ) ) ;
#959 = CARTESIAN_POINT ( 'NONE',  ( 4.622949392850764262E-16, 0.4500000000000000666, 1.200000000000000178 ) ) ;
#960 = PERSON_AND_ORGANIZATION_ROLE ( 'design_owner' ) ;
#961 = ORIENTED_EDGE ( 'NONE', *, *, #1779, .T. ) ;
#962 = VERTEX_POINT ( 'NONE', #2448 ) ;
#963 = DIRECTION ( 'NONE',  ( 0.000000000000000000, 1.000000000000000000, 0.000000000000000000 ) ) ;
#964 = CARTESIAN_POINT ( 'NONE',  ( 1.469576177339086582E-16, 0.1499999999999999944, 1.200000000000000178 ) ) ;
#965 = LINE ( 'NONE', #2240, #360 ) ;
#966 = ADVANCED_FACE ( 'NONE', ( #2387 ), #1780, .T. ) ;
#967 = VECTOR ( 'NONE', #551, 100.0000000000000000 ) ;
#968 = ORIENTED_EDGE ( 'NONE', *, *, #199, .T. ) ;
#969 = VECTOR ( 'NONE', #70, 99.99999999999998579 ) ;
#970 = DIRECTION ( 'NONE',  ( -0.000000000000000000, 1.000000000000000000, -0.000000000000000000 ) ) ;
#971 = ORIENTED_EDGE ( 'NONE', *, *, #1551, .T. ) ;
#972 = CARTESIAN_POINT ( 'NONE',  ( -0.5438832856307670438, 0.6000000000000001998, 0.08179835946693278514 ) ) ;
#973 = VERTEX_POINT ( 'NONE', #2402 ) ;
#974 = ORIENTED_EDGE ( 'NONE', *, *, #587, .F. ) ;
#975 = CARTESIAN_POINT ( 'NONE',  ( 0.6993417434781231679, 1.800000000000000266, -0.8490707425350254578 ) ) ;
#976 = DIRECTION ( 'NONE',  ( 0.000000000000000000, 0.000000000000000000, 1.000000000000000000 ) ) ;
#977 = APPROVAL_DATE_TIME ( #1195, #1636 ) ;
#978 = VERTEX_POINT ( 'NONE', #954 ) ;
#979 = VECTOR ( 'NONE', #1295, 100.0000000000000000 ) ;
#980 = CIRCLE ( 'NONE', #2077, 0.1000000000000000056 ) ;
#981 = CARTESIAN_POINT ( 'NONE',  ( 0.1372344052584839325, 0.6000000000000001998, -0.1865100567276396504 ) ) ;
#982 = CARTESIAN_POINT ( 'NONE',  ( 0.5438832856307670438, 0.6000000000000001998, 0.08179835946693249371 ) ) ;
#983 = ORIENTED_EDGE ( 'NONE', *, *, #835, .T. ) ;
#984 = CARTESIAN_POINT ( 'NONE',  ( -1.033707897610264936, 1.800000000000000266, 0.6094653250334809425 ) ) ;
#985 = EDGE_CURVE ( 'NONE', #2218, #794, #1569, .T. ) ;
#986 = CARTESIAN_POINT ( 'NONE',  ( -0.1489794630191631497, 0.2798788265585015478, -0.2007764420347235290 ) ) ;
#987 = ORIENTED_EDGE ( 'NONE', *, *, #1438, .T. ) ;
#988 = ORIENTED_EDGE ( 'NONE', *, *, #309, .F. ) ;
#989 = DIRECTION ( 'NONE',  ( -0.000000000000000000, 1.000000000000000000, -0.000000000000000000 ) ) ;
#990 = CARTESIAN_POINT ( 'NONE',  ( 0.01475869999346611158, 0.6000000000000001998, -0.2310875678648547371 ) ) ;
#991 = EDGE_CURVE ( 'NONE', #1956, #1552, #1351, .T. ) ;
#992 = APPROVAL_STATUS ( 'not_yet_approved' ) ;
#993 = EDGE_LOOP ( 'NONE', ( #1547, #237, #1929, #1823 ) ) ;
#994 = CARTESIAN_POINT ( 'NONE',  ( 0.1499999999999999944, 0.2999999999999999889, -0.2000000000000000111 ) ) ;
#995 = DIRECTION ( 'NONE',  ( 0.000000000000000000, 1.000000000000000000, 0.000000000000000000 ) ) ;
#996 = EDGE_CURVE ( 'NONE', #427, #1281, #69, .T. ) ;
#997 = DIRECTION ( 'NONE',  ( -0.8323963678386075982, 0.000000000000000000, 0.5541807347870308931 ) ) ;
#998 = CIRCLE ( 'NONE', #1653, 0.1000000000000000056 ) ;
#999 = CARTESIAN_POINT ( 'NONE',  ( -0.2075070542664605444, 0.6000000000000001998, 0.1027623748112558577 ) ) ;
#1000 = VERTEX_POINT ( 'NONE', #805 ) ;
#1001 = ORIENTED_EDGE ( 'NONE', *, *, #623, .T. ) ;
#1002 = VECTOR ( 'NONE', #838, 100.0000000000000000 ) ;
#1003 = CARTESIAN_POINT ( 'NONE',  ( 0.09290524455817072980, 1.800000000000000266, 0.2121035095909205859 ) ) ;
#1004 = CIRCLE ( 'NONE', #186, 0.5500000000000000444 ) ;
#1005 = SECURITY_CLASSIFICATION_LEVEL ( 'unclassified' ) ;
#1006 = ORIENTED_EDGE ( 'NONE', *, *, #2243, .T. ) ;
#1007 = DIRECTION ( 'NONE',  ( -0.000000000000000000, -1.000000000000000000, -0.000000000000000000 ) ) ;
#1008 = DIRECTION ( 'NONE',  ( 0.000000000000000000, 0.000000000000000000, 1.000000000000000000 ) ) ;
#1009 = EDGE_CURVE ( 'NONE', #452, #2559, #2488, .T. ) ;
#1010 = DIRECTION ( 'NONE',  ( -0.000000000000000000, -1.000000000000000000, -0.000000000000000000 ) ) ;
#1011 = EDGE_CURVE ( 'NONE', #100, #1899, #1312, .T. ) ;
#1012 = VERTEX_POINT ( 'NONE', #1862 ) ;
#1013 = CARTESIAN_POINT ( 'NONE',  ( 1.081499009481418527, 1.800000000000000266, -0.2008977164895394130 ) ) ;
#1014 = ORIENTED_EDGE ( 'NONE', *, *, #2639, .F. ) ;
#1015 = ORIENTED_EDGE ( 'NONE', *, *, #1208, .F. ) ;
#1016 = DIRECTION ( 'NONE',  ( -0.2814321022070750411, 0.000000000000000000, -0.9595811439619406080 ) ) ;
#1017 = DIRECTION ( 'NONE',  ( -0.000000000000000000, -0.000000000000000000, 1.000000000000000000 ) ) ;
#1018 = DIRECTION ( 'NONE',  ( -0.1105269992275175334, 0.000000000000000000, 0.9938731219032740372 ) ) ;
#1019 = CARTESIAN_POINT ( 'NONE',  ( 0.4692177406207709289, 0.6000000000000001998, -0.2869402583931697226 ) ) ;
#1020 = ORIENTED_EDGE ( 'NONE', *, *, #2600, .F. ) ;
#1021 = DIRECTION ( 'NONE',  ( 0.000000000000000000, 1.000000000000000000, 0.000000000000000000 ) ) ;
#1022 = VERTEX_POINT ( 'NONE', #223 ) ;
#1023 = ORIENTED_EDGE ( 'NONE', *, *, #996, .T. ) ;
#1024 = CARTESIAN_POINT ( 'NONE',  ( 0.1460090851899571718, 0.3395289008472151537, 1.191107985022656912 ) ) ;
#1025 = EDGE_CURVE ( 'NONE', #222, #2572, #909, .T. ) ;
#1026 = DIRECTION ( 'NONE',  ( -0.5541807347870509881, 0.000000000000000000, 0.8323963678385942755 ) ) ;
#1027 = CARTESIAN_POINT ( 'NONE',  ( -0.1199284249306363653, 0.3921946750967708062, 1.194072819686371467 ) ) ;
#1028 = DIRECTION ( 'NONE',  ( 0.000000000000000000, 0.000000000000000000, 1.000000000000000000 ) ) ;
#1029 = ORIENTED_EDGE ( 'NONE', *, *, #853, .F. ) ;
#1030 = CARTESIAN_POINT ( 'NONE',  ( -0.9475655728094094510, 0.6000000000000001998, 0.5586765479473575491 ) ) ;
#1031 = ORIENTED_EDGE ( 'NONE', *, *, #1243, .T. ) ;
#1032 = CIRCLE ( 'NONE', #2689, 0.1000000000000000056 ) ;
#1033 = VECTOR ( 'NONE', #2541, 100.0000000000000000 ) ;
#1034 = EDGE_LOOP ( 'NONE', ( #698, #387, #480, #1224 ) ) ;
#1035 = CARTESIAN_POINT ( 'NONE',  ( 0.1598460454937802311, 0.6000000000000001998, -0.1675366377458692990 ) ) ;
#1036 = EDGE_CURVE ( 'NONE', #1335, #1767, #189, .T. ) ;
#1037 = DIRECTION ( 'NONE',  ( 0.000000000000000000, 1.000000000000000000, 0.000000000000000000 ) ) ;
#1038 = CARTESIAN_POINT ( 'NONE',  ( -0.4692177406207710399, 1.800000000000000266, -0.2869402583931695561 ) ) ;
#1039 = CARTESIAN_POINT ( 'NONE',  ( -0.1499999999999999944, 0.2999999999999999889, -0.2000000000000000389 ) ) ;
#1040 = EDGE_CURVE ( 'NONE', #1012, #506, #793, .T. ) ;
#1041 = CIRCLE ( 'NONE', #1400, 0.2500000000000000000 ) ;
#1042 = VERTEX_POINT ( 'NONE', #1680 ) ;
#1043 = DIRECTION ( 'NONE',  ( 0.000000000000000000, 1.000000000000000000, 0.000000000000000000 ) ) ;
#1044 = VERTEX_POINT ( 'NONE', #2474 ) ;
#1045 = EDGE_LOOP ( 'NONE', ( #2085, #2062, #2181, #2007 ) ) ;
#1046 = VECTOR ( 'NONE', #1535, 100.0000000000000000 ) ;
#1047 = LINE ( 'NONE', #869, #1186 ) ;
#1048 = AXIS2_PLACEMENT_3D ( 'NONE', #1146, #1355, #1603 ) ;
#1049 = VECTOR ( 'NONE', #1010, 100.0000000000000000 ) ;
#1050 = CARTESIAN_POINT ( 'NONE',  ( -1.113130914605218402, 0.6000000000000001998, -0.08515423011525798114 ) ) ;
#1051 = CARTESIAN_POINT ( 'NONE',  ( -0.1499999999999999944, 0.2999999999999999889, 1.190588089979066178 ) ) ;
#1052 = AXIS2_PLACEMENT_3D ( 'NONE', #1595, #1625, #1808 ) ;
#1053 = DIRECTION ( 'NONE',  ( -0.000000000000000000, -1.000000000000000000, 0.000000000000000000 ) ) ;
#1054 = ORIENTED_EDGE ( 'NONE', *, *, #884, .T. ) ;
#1055 = EDGE_CURVE ( 'NONE', #1791, #2629, #643, .T. ) ;
#1056 = DIRECTION ( 'NONE',  ( 0.4437860331726071750, 0.000000000000000000, -0.8961327785328029316 ) ) ;
#1057 = EDGE_LOOP ( 'NONE', ( #1988, #1396, #840, #374, #2399, #156, #1737 ) ) ;
#1058 = ORIENTED_EDGE ( 'NONE', *, *, #1520, .T. ) ;
#1059 = VERTEX_POINT ( 'NONE', #827 ) ;
#1060 = CARTESIAN_POINT ( 'NONE',  ( -0.06516796160567810137, 0.6000000000000001998, 0.2221990549650482427 ) ) ;
#1061 = EDGE_CURVE ( 'NONE', #1199, #736, #1892, .T. ) ;
#1062 = PLANE ( 'NONE',  #2057 ) ;
#1063 = CARTESIAN_POINT ( 'NONE',  ( 0.1499999999999999944, 0.2999999999999999889, -1.200000000000000178 ) ) ;
#1064 = DIRECTION ( 'NONE',  ( 0.000000000000000000, 0.000000000000000000, 1.000000000000000000 ) ) ;
#1065 = CARTESIAN_POINT ( 'NONE',  ( 0.000000000000000000, 0.6000000000000001998, 0.000000000000000000 ) ) ;
#1066 = EDGE_CURVE ( 'NONE', #330, #1432, #416, .T. ) ;
#1067 = DIRECTION ( 'NONE',  ( 0.000000000000000000, 1.000000000000000000, -0.000000000000000000 ) ) ;
#1068 = DIRECTION ( 'NONE',  ( 0.000000000000000000, 1.000000000000000000, 0.000000000000000000 ) ) ;
#1069 = VERTEX_POINT ( 'NONE', #1421 ) ;
#1070 = EDGE_LOOP ( 'NONE', ( #2636, #1769 ) ) ;
#1071 = ORIENTED_EDGE ( 'NONE', *, *, #207, .T. ) ;
#1072 = DIRECTION ( 'NONE',  ( 0.000000000000000000, 0.000000000000000000, 1.000000000000000000 ) ) ;
#1073 = CARTESIAN_POINT ( 'NONE',  ( 1.044666403009869793, 1.800000000000000266, 0.5904846369063478928 ) ) ;
#1074 = EDGE_CURVE ( 'NONE', #2237, #973, #784, .T. ) ;
#1075 = LINE ( 'NONE', #467, #761 ) ;
#1076 = CARTESIAN_POINT ( 'NONE',  ( 0.000000000000000000, 1.800000000000000266, 0.000000000000000000 ) ) ;
#1077 = LINE ( 'NONE', #1501, #1313 ) ;
#1078 = CARTESIAN_POINT ( 'NONE',  ( 0.03963203964370945465, 0.1549868639999270048, 0.2470349166629234039 ) ) ;
#1079 = CIRCLE ( 'NONE', #479, 0.1000000000000000056 ) ;
#1080 = FACE_OUTER_BOUND ( 'NONE', #765, .T. ) ;
#1081 = EDGE_CURVE ( 'NONE', #559, #1646, #2267, .T. ) ;
#1082 = DIRECTION ( 'NONE',  ( -0.000000000000000000, 1.000000000000000000, -0.000000000000000000 ) ) ;
#1083 = ORIENTED_EDGE ( 'NONE', *, *, #375, .F. ) ;
#1084 = ORIENTED_EDGE ( 'NONE', *, *, #1471, .F. ) ;
#1085 = CARTESIAN_POINT ( 'NONE',  ( -0.009792137460975154986, 0.1499999999999999944, 1.199999999999999956 ) ) ;
#1086 = LINE ( 'NONE', #19, #102 ) ;
#1087 = AXIS2_PLACEMENT_3D ( 'NONE', #753, #1792, #2618 ) ;
#1088 = VECTOR ( 'NONE', #721, 100.0000000000000000 ) ;
#1089 = CARTESIAN_POINT ( 'NONE',  ( -0.7629182656124858797, 1.800000000000000266, -0.9262589918564012592 ) ) ;
#1090 = DIRECTION ( 'NONE',  ( 0.000000000000000000, -0.000000000000000000, 1.000000000000000000 ) ) ;
#1091 = CIRCLE ( 'NONE', #1932, 0.5500000000000000444 ) ;
#1092 = DIRECTION ( 'NONE',  ( -0.000000000000000000, -1.000000000000000000, -0.000000000000000000 ) ) ;
#1093 = CARTESIAN_POINT ( 'NONE',  ( 0.1420513824774197187, 0.3491608653217049829, 0.2057718790216662985 ) ) ;
#1094 = DIRECTION ( 'NONE',  ( 0.000000000000000000, 0.000000000000000000, 1.000000000000000000 ) ) ;
#1095 = CARTESIAN_POINT ( 'NONE',  ( -0.2011021855291288407, 1.800000000000000266, -0.5119159217834585718 ) ) ;
#1096 = CARTESIAN_POINT ( 'NONE',  ( -1.081499009481415863, 0.6000000000000001998, -0.3008977164895529910 ) ) ;
#1097 = ORIENTED_EDGE ( 'NONE', *, *, #1619, .T. ) ;
#1098 = EDGE_CURVE ( 'NONE', #1412, #330, #1254, .T. ) ;
#1099 = ORIENTED_EDGE ( 'NONE', *, *, #2147, .F. ) ;
#1100 = AXIS2_PLACEMENT_3D ( 'NONE', #557, #1359, #356 ) ;
#1101 = AXIS2_PLACEMENT_3D ( 'NONE', #311, #1756, #1298 ) ;
#1102 = CARTESIAN_POINT ( 'NONE',  ( 1.081499009481418527, 0.6000000000000001998, -0.2008977164895394130 ) ) ;
#1103 = DIRECTION ( 'NONE',  ( 0.000000000000000000, 1.000000000000000000, 0.000000000000000000 ) ) ;
#1104 = EDGE_CURVE ( 'NONE', #1658, #304, #2521, .T. ) ;
#1105 = CARTESIAN_POINT ( 'NONE',  ( 0.000000000000000000, 0.6000000000000001998, 0.000000000000000000 ) ) ;
#1106 = CARTESIAN_POINT ( 'NONE',  ( 0.2075070542664687601, 0.6000000000000001998, 0.1027623748112659746 ) ) ;
#1107 = CC_DESIGN_PERSON_AND_ORGANIZATION_ASSIGNMENT ( #381, #2038, ( #1596 ) ) ;
#1108 = CARTESIAN_POINT ( 'NONE',  ( 0.1499999999999999944, 0.2999999999999999889, -0.2000000000000000111 ) ) ;
#1109 = CC_DESIGN_APPROVAL ( #1636, ( #1596 ) ) ;
#1110 = CARTESIAN_POINT ( 'NONE',  ( 0.1192387308663110934, 0.3915085299053651102, 0.2198180430939624674 ) ) ;
#1111 = CYLINDRICAL_SURFACE ( 'NONE', #2091, 0.1000000000000000056 ) ;
#1112 = DIRECTION ( 'NONE',  ( 0.000000000000000000, 1.000000000000000000, -0.000000000000000000 ) ) ;
#1113 = ORIENTED_EDGE ( 'NONE', *, *, #1985, .T. ) ;
#1114 = CARTESIAN_POINT ( 'NONE',  ( -0.1449876069715302362, 0.2602752456388959246, 0.2036778206465928165 ) ) ;
#1115 = CARTESIAN_POINT ( 'NONE',  ( 0.1749999999999999889, 0.6000000000000001998, -0.5214163403653553353 ) ) ;
#1116 = EDGE_CURVE ( 'NONE', #2014, #1228, #177, .T. ) ;
#1117 = DIRECTION ( 'NONE',  ( -0.000000000000000000, -1.000000000000000000, -0.000000000000000000 ) ) ;
#1118 = EDGE_CURVE ( 'NONE', #1362, #2191, #2673, .T. ) ;
#1119 = DIRECTION ( 'NONE',  ( 0.000000000000000000, 1.000000000000000000, 0.000000000000000000 ) ) ;
#1120 = CARTESIAN_POINT ( 'NONE',  ( 0.1298197946888507148, 0.2242493516333713965, -0.2137396121839529872 ) ) ;
#1121 = CARTESIAN_POINT ( 'NONE',  ( 0.6993417434781231679, 1.800000000000000266, -0.9490707425350255466 ) ) ;
#1122 = DIRECTION ( 'NONE',  ( 0.000000000000000000, 0.000000000000000000, 1.000000000000000000 ) ) ;
#1123 = CARTESIAN_POINT ( 'NONE',  ( 0.01095850539961250140, 1.800000000000000266, -1.199949961939833276 ) ) ;
#1124 = VECTOR ( 'NONE', #55, 100.0000000000000000 ) ;
#1125 = ORIENTED_EDGE ( 'NONE', *, *, #905, .F. ) ;
#1126 = AXIS2_PLACEMENT_3D ( 'NONE', #1963, #674, #2512 ) ;
#1127 = EDGE_CURVE ( 'NONE', #330, #1667, #262, .T. ) ;
#1128 = ORIENTED_EDGE ( 'NONE', *, *, #2445, .T. ) ;
#1129 = CARTESIAN_POINT ( 'NONE',  ( 0.3667669786984751878, 1.800000000000000266, 1.037054474623388733 ) ) ;
#1130 = ORIENTED_EDGE ( 'NONE', *, *, #1551, .F. ) ;
#1131 = CARTESIAN_POINT ( 'NONE',  ( -0.4831064234473415042, 1.800000000000000266, -0.2628843540873400664 ) ) ;
#1132 = CARTESIAN_POINT ( 'NONE',  ( 0.000000000000000000, 0.6000000000000001998, 0.000000000000000000 ) ) ;
#1133 = CARTESIAN_POINT ( 'NONE',  ( 0.000000000000000000, 0.6000000000000001998, 0.000000000000000000 ) ) ;
#1134 = DIRECTION ( 'NONE',  ( -0.8054558720930199422, 0.000000000000000000, -0.5926557500867367656 ) ) ;
#1135 = CARTESIAN_POINT ( 'NONE',  ( -0.3640597967047108918, 1.800000000000000266, 0.4122626158449546052 ) ) ;
#1136 = DIRECTION ( 'NONE',  ( -0.000000000000000000, 1.000000000000000000, -0.000000000000000000 ) ) ;
#1137 = ORIENTED_EDGE ( 'NONE', *, *, #77, .F. ) ;
#1138 = AXIS2_PLACEMENT_3D ( 'NONE', #2379, #742, #136 ) ;
#1139 = VERTEX_POINT ( 'NONE', #1279 ) ;
#1140 = ORIENTED_EDGE ( 'NONE', *, *, #501, .F. ) ;
#1141 = VECTOR ( 'NONE', #385, 100.0000000000000142 ) ;
#1142 = EDGE_CURVE ( 'NONE', #2633, #1139, #2656, .T. ) ;
#1143 = CARTESIAN_POINT ( 'NONE',  ( -0.1372344052584719143, 0.6000000000000001998, -0.1865100567276329058 ) ) ;
#1144 = ORIENTED_EDGE ( 'NONE', *, *, #648, .F. ) ;
#1145 = CARTESIAN_POINT ( 'NONE',  ( -0.4692177406207710399, 0.6000000000000001998, -0.2869402583931695561 ) ) ;
#1146 = CARTESIAN_POINT ( 'NONE',  ( 0.000000000000000000, 1.800000000000000266, 0.000000000000000000 ) ) ;
#1147 = PERSON_AND_ORGANIZATION ( #1663, #1859 ) ;
#1148 = ADVANCED_FACE ( 'NONE', ( #1265 ), #2313, .T. ) ;
#1149 = DIRECTION ( 'NONE',  ( -0.000000000000000000, -1.000000000000000000, 0.000000000000000000 ) ) ;
#1150 = CYLINDRICAL_SURFACE ( 'NONE', #629, 0.1000000000000000056 ) ;
#1151 = LINE ( 'NONE', #113, #2022 ) ;
#1152 = ORIENTED_EDGE ( 'NONE', *, *, #2054, .T. ) ;
#1153 = EDGE_CURVE ( 'NONE', #2520, #2385, #1698, .T. ) ;
#1154 = EDGE_LOOP ( 'NONE', ( #2179, #310, #1336, #190 ) ) ;
#1155 = DIRECTION ( 'NONE',  ( 0.000000000000000000, 0.000000000000000000, 1.000000000000000000 ) ) ;
#1156 = EDGE_LOOP ( 'NONE', ( #1308, #1031, #279, #2153, #144, #1456, #115, #717, #1144, #2508 ) ) ;
#1157 = CARTESIAN_POINT ( 'NONE',  ( 0.1094326088066388397, 0.6000000000000001998, -1.111006831700932507 ) ) ;
#1158 = DIRECTION ( 'NONE',  ( -0.000000000000000000, -1.000000000000000000, -0.000000000000000000 ) ) ;
#1159 = EDGE_CURVE ( 'NONE', #1480, #2625, #220, .T. ) ;
#1160 = ORIENTED_EDGE ( 'NONE', *, *, #2418, .F. ) ;
#1161 = DIRECTION ( 'NONE',  ( -0.8054558720930200533, 0.000000000000000000, -0.5926557500867366546 ) ) ;
#1162 = CARTESIAN_POINT ( 'NONE',  ( 0.6993417434781231679, 1.800000000000000266, -0.8490707425350254578 ) ) ;
#1163 = AXIS2_PLACEMENT_3D ( 'NONE', #1065, #1222, #221 ) ;
#1164 = DIRECTION ( 'NONE',  ( 0.000000000000000000, 1.000000000000000000, -0.000000000000000000 ) ) ;
#1165 = VECTOR ( 'NONE', #2296, 100.0000000000000142 ) ;
#1166 = VERTEX_POINT ( 'NONE', #1912 ) ;
#1167 = CARTESIAN_POINT ( 'NONE',  ( -1.179817101252453648, 0.6000000000000001998, -0.2191611452613305422 ) ) ;
#1168 = ORIENTED_EDGE ( 'NONE', *, *, #66, .T. ) ;
#1169 = EDGE_CURVE ( 'NONE', #1401, #880, #863, .T. ) ;
#1170 = DIRECTION ( 'NONE',  ( 0.000000000000000000, 1.000000000000000000, -0.000000000000000000 ) ) ;
#1171 = VERTEX_POINT ( 'NONE', #1705 ) ;
#1172 = ORIENTED_EDGE ( 'NONE', *, *, #1268, .F. ) ;
#1173 = CARTESIAN_POINT ( 'NONE',  ( -0.6993417434781120656, 0.6000000000000001998, -0.8490707425350345616 ) ) ;
#1174 = PLANE ( 'NONE',  #823 ) ;
#1175 = VECTOR ( 'NONE', #1589, 100.0000000000000142 ) ;
#1176 = PERSON_AND_ORGANIZATION ( #1663, #1859 ) ;
#1177 = VERTEX_POINT ( 'NONE', #437 ) ;
#1178 = CYLINDRICAL_SURFACE ( 'NONE', #440, 0.1000000000000000194 ) ;
#1179 = DIRECTION ( 'NONE',  ( 0.000000000000000000, 0.000000000000000000, 1.000000000000000000 ) ) ;
#1180 = DIRECTION ( 'NONE',  ( 0.000000000000000000, 0.000000000000000000, 1.000000000000000000 ) ) ;
#1181 = ORIENTED_EDGE ( 'NONE', *, *, #1752, .T. ) ;
#1182 = VERTEX_POINT ( 'NONE', #666 ) ;
#1183 = EDGE_LOOP ( 'NONE', ( #668, #14, #595, #2268, #2486, #2398, #1113 ) ) ;
#1184 = AXIS2_PLACEMENT_3D ( 'NONE', #2163, #950, #2145 ) ;
#1185 = DIRECTION ( 'NONE',  ( 0.000000000000000000, 1.000000000000000000, -0.000000000000000000 ) ) ;
#1186 = VECTOR ( 'NONE', #1511, 100.0000000000000000 ) ;
#1187 = AXIS2_PLACEMENT_3D ( 'NONE', #2264, #970, #2042 ) ;
#1188 = ADVANCED_FACE ( 'NONE', ( #2329 ), #239, .T. ) ;
#1189 = DIRECTION ( 'NONE',  ( -0.000000000000000000, 1.000000000000000000, -0.000000000000000000 ) ) ;
#1190 = ORIENTED_EDGE ( 'NONE', *, *, #1877, .F. ) ;
#1191 = ORIENTED_EDGE ( 'NONE', *, *, #1104, .F. ) ;
#1192 = CARTESIAN_POINT ( 'NONE',  ( 0.01982888319974657199, 0.4499999999999997335, -1.200000000000000178 ) ) ;
#1193 = DIRECTION ( 'NONE',  ( 0.000000000000000000, 0.000000000000000000, -1.000000000000000000 ) ) ;
#1194 = ADVANCED_FACE ( 'NONE', ( #1900 ), #26, .T. ) ;
#1195 = DATE_AND_TIME ( #2250, #2678 ) ;
#1196 = ORIENTED_EDGE ( 'NONE', *, *, #363, .F. ) ;
#1197 = LINE ( 'NONE', #732, #1262 ) ;
#1198 = LINE ( 'NONE', #1576, #647 ) ;
#1199 = VERTEX_POINT ( 'NONE', #994 ) ;
#1200 = FACE_OUTER_BOUND ( 'NONE', #495, .T. ) ;
#1201 = DIRECTION ( 'NONE',  ( 0.000000000000000000, 0.000000000000000000, 1.000000000000000000 ) ) ;
#1202 = EDGE_LOOP ( 'NONE', ( #1971, #2561, #1023, #829, #1376, #2386 ) ) ;
#1203 = ORIENTED_EDGE ( 'NONE', *, *, #345, .T. ) ;
#1204 = CARTESIAN_POINT ( 'NONE',  ( 0.2011021855291286464, 0.6000000000000001998, -0.5119159217834585718 ) ) ;
#1205 = APPROVAL_STATUS ( 'not_yet_approved' ) ;
#1206 = EDGE_LOOP ( 'NONE', ( #1309, #2260, #340, #2288, #712, #2674, #2424, #2317, #1425, #552 ) ) ;
#1207 = ADVANCED_FACE ( 'NONE', ( #2008 ), #1178, .T. ) ;
#1208 = EDGE_CURVE ( 'NONE', #2519, #1433, #701, .T. ) ;
#1209 = LINE ( 'NONE', #431, #955 ) ;
#1210 = CARTESIAN_POINT ( 'NONE',  ( -0.2771537008452080175, 1.800000000000000266, 1.081433077940644694 ) ) ;
#1211 = CARTESIAN_POINT ( 'NONE',  ( 1.081499009481418527, 1.800000000000000266, -0.2008977164895394130 ) ) ;
#1212 = EDGE_LOOP ( 'NONE', ( #1865, #333, #1384, #546 ) ) ;
#1213 = VECTOR ( 'NONE', #271, 100.0000000000000000 ) ;
#1214 = DIRECTION ( 'NONE',  ( 0.000000000000000000, 1.000000000000000000, 0.000000000000000000 ) ) ;
#1215 = ORIENTED_EDGE ( 'NONE', *, *, #2202, .F. ) ;
#1216 = ORIENTED_EDGE ( 'NONE', *, *, #841, .F. ) ;
#1217 = CARTESIAN_POINT ( 'NONE',  ( 0.01965826119980933206, 0.4490272062240374118, 1.199877298038820816 ) ) ;
#1218 = VECTOR ( 'NONE', #456, 100.0000000000000000 ) ;
#1219 = ORIENTED_EDGE ( 'NONE', *, *, #1036, .F. ) ;
#1220 = CARTESIAN_POINT ( 'NONE',  ( 0.2771537008451940842, 1.800000000000000266, 1.081433077940647580 ) ) ;
#1221 = CARTESIAN_POINT ( 'NONE',  ( -0.01388868282657046774, 0.6000000000000001998, 0.5498246124805100665 ) ) ;
#1222 = DIRECTION ( 'NONE',  ( 0.000000000000000000, 1.000000000000000000, -0.000000000000000000 ) ) ;
#1223 = AXIS2_PLACEMENT_3D ( 'NONE', #2648, #118, #1394 ) ;
#1224 = ORIENTED_EDGE ( 'NONE', *, *, #2202, .T. ) ;
#1225 = AXIS2_PLACEMENT_3D ( 'NONE', #1941, #530, #709 ) ;
#1226 = CARTESIAN_POINT ( 'NONE',  ( -1.551374007668935619E-19, 0.1499999999999999944, -0.2500000000000000000 ) ) ;
#1227 = CC_DESIGN_PERSON_AND_ORGANIZATION_ASSIGNMENT ( #1147, #2408, ( #636 ) ) ;
#1228 = VERTEX_POINT ( 'NONE', #372 ) ;
#1229 = AXIS2_PLACEMENT_3D ( 'NONE', #1424, #1659, #2487 ) ;
#1230 = EDGE_CURVE ( 'NONE', #1335, #1552, #227, .T. ) ;
#1231 = ORIENTED_EDGE ( 'NONE', *, *, #2017, .T. ) ;
#1232 = DIRECTION ( 'NONE',  ( 0.000000000000000000, 0.000000000000000000, 1.000000000000000000 ) ) ;
#1233 = CARTESIAN_POINT ( 'NONE',  ( 0.4001094313074273212, 0.6000000000000001998, 1.131332154134605750 ) ) ;
#1234 = DIRECTION ( 'NONE',  ( -0.8323963678385942755, 0.000000000000000000, -0.5541807347870509881 ) ) ;
#1235 = CIRCLE ( 'NONE', #536, 0.5500000000000000444 ) ;
#1236 = PLANE ( 'NONE',  #1163 ) ;
#1237 = ORIENTED_EDGE ( 'NONE', *, *, #2359, .F. ) ;
#1238 = EDGE_CURVE ( 'NONE', #1432, #1751, #2197, .T. ) ;
#1239 = CARTESIAN_POINT ( 'NONE',  ( 1.016876444434387183, 0.6000000000000001998, 0.4607319966215166485 ) ) ;
#1240 = ORIENTED_EDGE ( 'NONE', *, *, #571, .T. ) ;
#1241 = ORIENTED_EDGE ( 'NONE', *, *, #1825, .F. ) ;
#1242 = LINE ( 'NONE', #2076, #1406 ) ;
#1243 = EDGE_CURVE ( 'NONE', #1899, #100, #1041, .T. ) ;
#1244 = CARTESIAN_POINT ( 'NONE',  ( -0.4828197307831065821, 0.6000000000000001998, 1.006576764843545524 ) ) ;
#1245 = LINE ( 'NONE', #2286, #2003 ) ;
#1246 = DIRECTION ( 'NONE',  ( -0.000000000000000000, 1.000000000000000000, -0.000000000000000000 ) ) ;
#1247 = ORIENTED_EDGE ( 'NONE', *, *, #1104, .T. ) ;
#1248 = DIRECTION ( 'NONE',  ( 0.000000000000000000, 0.000000000000000000, 1.000000000000000000 ) ) ;
#1249 = EDGE_LOOP ( 'NONE', ( #1196, #1130, #910, #1605 ) ) ;
#1250 = VECTOR ( 'NONE', #1703, 100.0000000000000000 ) ;
#1251 = CIRCLE ( 'NONE', #132, 1.200000000000000178 ) ;
#1252 = ORIENTED_EDGE ( 'NONE', *, *, #1661, .T. ) ;
#1253 = FACE_OUTER_BOUND ( 'NONE', #993, .T. ) ;
#1254 = CIRCLE ( 'NONE', #1473, 0.1000000000000000056 ) ;
#1255 = VECTOR ( 'NONE', #611, 100.0000000000000000 ) ;
#1256 = DIRECTION ( 'NONE',  ( -0.000000000000000000, -1.000000000000000000, -0.000000000000000000 ) ) ;
#1257 = CC_DESIGN_DATE_AND_TIME_ASSIGNMENT ( #1414, #2439, ( #1596 ) ) ;
#1258 = CARTESIAN_POINT ( 'NONE',  ( 0.000000000000000000, 0.6000000000000001998, 0.000000000000000000 ) ) ;
#1259 = EDGE_CURVE ( 'NONE', #683, #2672, #1197, .T. ) ;
#1260 = B_SPLINE_CURVE_WITH_KNOTS ( 'NONE', 3,
 ( #351, #772, #944, #1567, #2234, #553, #366, #1584, #135, #958, #2422, #2219, #1192, #1381 ),
 .UNSPECIFIED., .F., .F.,
 ( 4, 2, 2, 2, 2, 2, 4 ),
 ( 0.007041906503979927789, 0.007335096053987911514, 0.007628285603995894372, 0.007921475154003878097, 0.008214664704011860955, 0.008801043804027828404, 0.009387422904043795854 ),
 .UNSPECIFIED. ) ;
#1261 = LINE ( 'NONE', #1019, #1512 ) ;
#1262 = VECTOR ( 'NONE', #2455, 100.0000000000000000 ) ;
#1263 = ORIENTED_EDGE ( 'NONE', *, *, #760, .T. ) ;
#1264 = ADVANCED_BREP_SHAPE_REPRESENTATION ( '기어_모터', ( #1641, #1591 ), #1556 ) ;
#1265 = FACE_OUTER_BOUND ( 'NONE', #1863, .T. ) ;
#1266 = ORIENTED_EDGE ( 'NONE', *, *, #1955, .T. ) ;
#1267 = ORIENTED_EDGE ( 'NONE', *, *, #1418, .T. ) ;
#1268 = EDGE_CURVE ( 'NONE', #400, #137, #1750, .T. ) ;
#1269 = CIRCLE ( 'NONE', #1442, 0.5500000000000000444 ) ;
#1270 = DIRECTION ( 'NONE',  ( -0.000000000000000000, 1.000000000000000000, -0.000000000000000000 ) ) ;
#1271 = VECTOR ( 'NONE', #2259, 100.0000000000000000 ) ;
#1272 = AXIS2_PLACEMENT_3D ( 'NONE', #399, #777, #591 ) ;
#1273 = EDGE_CURVE ( 'NONE', #962, #1362, #315, .T. ) ;
#1274 = CARTESIAN_POINT ( 'NONE',  ( 0.2011021855291286464, 0.6000000000000001998, -0.5119159217834585718 ) ) ;
#1275 = DIRECTION ( 'NONE',  ( 0.000000000000000000, 0.000000000000000000, 1.000000000000000000 ) ) ;
#1276 = VECTOR ( 'NONE', #790, 100.0000000000000000 ) ;
#1277 = CARTESIAN_POINT ( 'NONE',  ( -1.016876444434392734, 0.6000000000000001998, 0.4607319966215029927 ) ) ;
#1278 = CARTESIAN_POINT ( 'NONE',  ( 0.000000000000000000, 0.6000000000000001998, 0.000000000000000000 ) ) ;
#1279 = CARTESIAN_POINT ( 'NONE',  ( 0.9074438356277469975, 0.6000000000000001998, 0.6502748350794238519 ) ) ;
#1280 = ORIENTED_EDGE ( 'NONE', *, *, #2184, .T. ) ;
#1281 = VERTEX_POINT ( 'NONE', #775 ) ;
#1282 = ORIENTED_EDGE ( 'NONE', *, *, #867, .T. ) ;
#1283 = CARTESIAN_POINT ( 'NONE',  ( -0.02021788203308512097, 0.1499999999999994948, 0.2500000000000003331 ) ) ;
#1284 = CARTESIAN_POINT ( 'NONE',  ( 0.000000000000000000, 1.800000000000000266, -1.200000000000000178 ) ) ;
#1285 = CARTESIAN_POINT ( 'NONE',  ( -0.09279837996178137705, 0.4193853271793889226, -0.2326155275317395021 ) ) ;
#1286 = CARTESIAN_POINT ( 'NONE',  ( -0.9576108694257207121, 0.6000000000000001998, 0.5412775838308063747 ) ) ;
#1287 = PLANE ( 'NONE',  #854 ) ;
#1288 = ADVANCED_FACE ( 'NONE', ( #936 ), #326, .T. ) ;
#1289 = CARTESIAN_POINT ( 'NONE',  ( 0.1344772980793278450, 0.3671657817955585879, 0.2107997100594236062 ) ) ;
#1290 = CARTESIAN_POINT ( 'NONE',  ( 0.1452067248912300435, 0.2611326130196069406, -1.191183741695493792 ) ) ;
#1291 = PLANE ( 'NONE',  #2632 ) ;
#1292 = DIRECTION ( 'NONE',  ( 0.000000000000000000, 1.000000000000000000, -0.000000000000000000 ) ) ;
#1293 = EDGE_LOOP ( 'NONE', ( #1099, #1888, #3, #2463 ) ) ;
#1294 = VERTEX_POINT ( 'NONE', #2642 ) ;
#1295 = DIRECTION ( 'NONE',  ( -0.000000000000000000, -1.000000000000000000, 0.000000000000000000 ) ) ;
#1296 = CARTESIAN_POINT ( 'NONE',  ( 0.7147320307829380104, 0.6000000000000001998, -0.8361567581338429367 ) ) ;
#1297 = CIRCLE ( 'NONE', #1387, 0.1000000000000000056 ) ;
#1298 = DIRECTION ( 'NONE',  ( -0.2360632220291690730, 0.000000000000000000, -0.9717376987671143551 ) ) ;
#1299 = CARTESIAN_POINT ( 'NONE',  ( 1.179817101252456535, 1.800000000000000266, -0.2191611452613156930 ) ) ;
#1300 = CARTESIAN_POINT ( 'NONE',  ( -1.551374007668935619E-19, 0.1499999999999999944, -0.2500000000000000000 ) ) ;
#1301 = CARTESIAN_POINT ( 'NONE',  ( 0.09284533547626389050, 0.4193550081563476306, 0.2325982555628225978 ) ) ;
#1302 = CARTESIAN_POINT ( 'NONE',  ( 0.09942569887819818764, 0.1872799638460689031, 0.2294996682819301637 ) ) ;
#1303 = AXIS2_PLACEMENT_3D ( 'NONE', #270, #2565, #703 ) ;
#1304 = LINE ( 'NONE', #2371, #1668 ) ;
#1305 = DIRECTION ( 'NONE',  ( 0.000000000000000000, 0.000000000000000000, 1.000000000000000000 ) ) ;
#1306 = ORIENTED_EDGE ( 'NONE', *, *, #1798, .T. ) ;
#1307 = EDGE_CURVE ( 'NONE', #2385, #241, #94, .T. ) ;
#1308 = ORIENTED_EDGE ( 'NONE', *, *, #899, .F. ) ;
#1309 = ORIENTED_EDGE ( 'NONE', *, *, #1011, .T. ) ;
#1310 = CARTESIAN_POINT ( 'NONE',  ( -0.09285755557734799714, 0.1806627313051564487, 0.2325909623912266744 ) ) ;
#1311 = PLANE ( 'NONE',  #2362 ) ;
#1312 = CIRCLE ( 'NONE', #184, 0.2500000000000000000 ) ;
#1313 = VECTOR ( 'NONE', #1731, 100.0000000000000000 ) ;
#1314 = PLANE ( 'NONE',  #2164 ) ;
#1315 = LINE ( 'NONE', #1936, #2658 ) ;
#1316 = CIRCLE ( 'NONE', #796, 0.5500000000000000444 ) ;
#1317 = LINE ( 'NONE', #1121, #1800 ) ;
#1318 = CARTESIAN_POINT ( 'NONE',  ( 0.1499999999999999944, 0.3000000000000003220, -1.190588089979078168 ) ) ;
#1319 = DIRECTION ( 'NONE',  ( 0.000000000000000000, 0.000000000000000000, -1.000000000000000000 ) ) ;
#1320 = FACE_OUTER_BOUND ( 'NONE', #1777, .T. ) ;
#1321 = ORIENTED_EDGE ( 'NONE', *, *, #1752, .F. ) ;
#1322 = VERTEX_POINT ( 'NONE', #1803 ) ;
#1323 = EDGE_CURVE ( 'NONE', #1875, #806, #1327, .T. ) ;
#1324 = AXIS2_PLACEMENT_3D ( 'NONE', #1962, #269, #1770 ) ;
#1325 = CARTESIAN_POINT ( 'NONE',  ( -0.07660891194670174653, 0.1695432915180917766, 0.2387028445750456751 ) ) ;
#1326 = CARTESIAN_POINT ( 'NONE',  ( -0.1598460454937845054, 0.6000000000000001998, -0.1675366377458817890 ) ) ;
#1327 = B_SPLINE_CURVE_WITH_KNOTS ( 'NONE', 3,
 ( #2609, #744, #948, #2026, #1773, #1557, #1606, #1993, #1573, #2410, #1820, #2441, #543, #574, #556, #2040 ),
 .UNSPECIFIED., .F., .F.,
 ( 4, 2, 2, 2, 2, 2, 2, 4 ),
 ( 0.002347688008153802838, 0.002641011185565253667, 0.002934334362976704063, 0.003520980717799604854, 0.003814303895211055249, 0.004107627072622506079, 0.004400950250033956040, 0.004694273427445406870 ),
 .UNSPECIFIED. ) ;
#1328 = CARTESIAN_POINT ( 'NONE',  ( -0.1457623310571367903, 0.3403889904528309973, -0.2033114918084812095 ) ) ;
#1329 = CARTESIAN_POINT ( 'NONE',  ( -0.06657006093333382724, 0.4347780679633039824, -1.198186594002826899 ) ) ;
#1330 = CYLINDRICAL_SURFACE ( 'NONE', #778, 1.200000000000000178 ) ;
#1331 = EDGE_CURVE ( 'NONE', #1433, #1378, #1371, .T. ) ;
#1332 = CARTESIAN_POINT ( 'NONE',  ( 0.04940416502819738875, 0.4419714406376621385, 0.2452467133843125591 ) ) ;
#1333 = CARTESIAN_POINT ( 'NONE',  ( 0.01959330605853971605, 0.1500000000000000222, -1.200000000000000622 ) ) ;
#1334 = DIRECTION ( 'NONE',  ( -0.000000000000000000, -1.000000000000000000, -0.000000000000000000 ) ) ;
#1335 = VERTEX_POINT ( 'NONE', #2425 ) ;
#1336 = ORIENTED_EDGE ( 'NONE', *, *, #2054, .F. ) ;
#1337 = CARTESIAN_POINT ( 'NONE',  ( -0.1192654073697457934, 0.2085061472790659953, 1.194070997562317826 ) ) ;
#1338 = ORIENTED_EDGE ( 'NONE', *, *, #1259, .F. ) ;
#1339 = CARTESIAN_POINT ( 'NONE',  ( -1.081499009481415863, 1.800000000000000266, -0.2008977164895529854 ) ) ;
#1340 = FACE_OUTER_BOUND ( 'NONE', #1447, .T. ) ;
#1341 = DIRECTION ( 'NONE',  ( 0.4012173718165514269, 0.000000000000000000, -0.9159828713205390160 ) ) ;
#1342 = CIRCLE ( 'NONE', #1835, 0.5500000000000000444 ) ;
#1343 = DIRECTION ( 'NONE',  ( -0.000000000000000000, -1.000000000000000000, 0.000000000000000000 ) ) ;
#1344 = CARTESIAN_POINT ( 'NONE',  ( 0.1420123618304745539, 0.2507274531020603492, 0.2057989291596221126 ) ) ;
#1345 = DIRECTION ( 'NONE',  ( 1.734723475976807094E-15, 0.000000000000000000, 1.000000000000000000 ) ) ;
#1346 = ADVANCED_FACE ( 'NONE', ( #1833 ), #2655, .T. ) ;
#1347 = AXIS2_PLACEMENT_3D ( 'NONE', #1691, #449, #2133 ) ;
#1348 = VERTEX_POINT ( 'NONE', #2680 ) ;
#1349 = AXIS2_PLACEMENT_3D ( 'NONE', #1685, #1037, #1649 ) ;
#1350 = VERTEX_POINT ( 'NONE', #208 ) ;
#1351 = LINE ( 'NONE', #1580, #967 ) ;
#1352 = ADVANCED_FACE ( 'NONE', ( #183 ), #2262, .F. ) ;
#1353 = VERTEX_POINT ( 'NONE', #2295 ) ;
#1354 = CARTESIAN_POINT ( 'NONE',  ( 0.000000000000000000, 0.6000000000000001998, 0.000000000000000000 ) ) ;
#1355 = DIRECTION ( 'NONE',  ( 0.000000000000000000, 1.000000000000000000, -0.000000000000000000 ) ) ;
#1356 = VECTOR ( 'NONE', #2115, 100.0000000000000000 ) ;
#1357 = ADVANCED_FACE ( 'NONE', ( #1662 ), #383, .T. ) ;
#1358 = DIRECTION ( 'NONE',  ( 0.000000000000000000, 0.000000000000000000, -1.000000000000000000 ) ) ;
#1359 = DIRECTION ( 'NONE',  ( 0.000000000000000000, 1.000000000000000000, -0.000000000000000000 ) ) ;
#1360 = CARTESIAN_POINT ( 'NONE',  ( -0.3427811001016384251, 0.6000000000000001998, 0.4301175623165260919 ) ) ;
#1361 = AXIS2_PLACEMENT_3D ( 'NONE', #2562, #1916, #2123 ) ;
#1362 = VERTEX_POINT ( 'NONE', #1857 ) ;
#1363 = ORIENTED_EDGE ( 'NONE', *, *, #662, .T. ) ;
#1364 = ADVANCED_FACE ( 'NONE', ( #821 ), #2272, .F. ) ;
#1365 = CARTESIAN_POINT ( 'NONE',  ( -1.081499009481415863, 1.800000000000000266, -0.2008977164895529854 ) ) ;
#1366 = AXIS2_PLACEMENT_3D ( 'NONE', #1278, #1067, #1911 ) ;
#1367 = VERTEX_POINT ( 'NONE', #1233 ) ;
#1368 = CYLINDRICAL_SURFACE ( 'NONE', #715, 0.1000000000000000888 ) ;
#1369 = CYLINDRICAL_SURFACE ( 'NONE', #1671, 0.5500000000000000444 ) ;
#1370 = SHAPE_DEFINITION_REPRESENTATION ( #2644, #1264 ) ;
#1371 = LINE ( 'NONE', #762, #1175 ) ;
#1372 = DIRECTION ( 'NONE',  ( 0.9159828713205488970, 0.000000000000000000, -0.4012173718165286118 ) ) ;
#1373 = EDGE_CURVE ( 'NONE', #2109, #1350, #395, .T. ) ;
#1374 = APPROVAL_PERSON_ORGANIZATION ( #2624, #632, #2640 ) ;
#1375 = CARTESIAN_POINT ( 'NONE',  ( 0.7629182656124979811, 1.800000000000000266, -0.9262589918563913782 ) ) ;
#1376 = ORIENTED_EDGE ( 'NONE', *, *, #2337, .F. ) ;
#1377 = CARTESIAN_POINT ( 'NONE',  ( -0.7629182656124858797, 1.800000000000000266, -0.9262589918564011482 ) ) ;
#1378 = VERTEX_POINT ( 'NONE', #801 ) ;
#1379 = CARTESIAN_POINT ( 'NONE',  ( -0.1499999999999999944, 0.2999999999999999889, -0.2000000000000000389 ) ) ;
#1380 = VERTEX_POINT ( 'NONE', #9 ) ;
#1381 = CARTESIAN_POINT ( 'NONE',  ( 6.955665787562055791E-17, 0.4500000000000000666, -1.200000000000000178 ) ) ;
#1382 = EDGE_CURVE ( 'NONE', #1930, #2633, #1209, .T. ) ;
#1383 = CARTESIAN_POINT ( 'NONE',  ( -0.1199293533540684853, 0.3921919453829680879, -1.194072656838588653 ) ) ;
#1384 = ORIENTED_EDGE ( 'NONE', *, *, #443, .F. ) ;
#1385 = DIRECTION ( 'NONE',  ( -0.000000000000000000, -1.000000000000000000, -0.000000000000000000 ) ) ;
#1386 = CARTESIAN_POINT ( 'NONE',  ( 0.01004529661631145890, 1.800000000000000266, -1.099954131778180466 ) ) ;
#1387 = AXIS2_PLACEMENT_3D ( 'NONE', #96, #722, #516 ) ;
#1388 = DIRECTION ( 'NONE',  ( -0.000000000000000000, 1.000000000000000000, -0.000000000000000000 ) ) ;
#1389 = AXIS2_PLACEMENT_3D ( 'NONE', #1133, #1922, #298 ) ;
#1390 = EDGE_CURVE ( 'NONE', #1415, #655, #2012, .T. ) ;
#1391 = ORIENTED_EDGE ( 'NONE', *, *, #2289, .T. ) ;
#1392 = FACE_OUTER_BOUND ( 'NONE', #2094, .T. ) ;
#1393 = EDGE_CURVE ( 'NONE', #794, #1480, #1675, .T. ) ;
#1394 = DIRECTION ( 'NONE',  ( 0.000000000000000000, 0.000000000000000000, 1.000000000000000000 ) ) ;
#1395 = ORIENTED_EDGE ( 'NONE', *, *, #2126, .T. ) ;
#1396 = ORIENTED_EDGE ( 'NONE', *, *, #713, .F. ) ;
#1397 = B_SPLINE_CURVE_WITH_KNOTS ( 'NONE', 3,
 ( #708, #2370, #81, #473, #1344, #2189, #290, #1302, #892, #2144, #1534, #260, #1078, #1545, #2383, #937 ),
 .UNSPECIFIED., .F., .F.,
 ( 4, 2, 2, 2, 2, 2, 2, 4 ),
 ( 0.000000000000000000, 0.0003009857561057634277, 0.0006019715122115268553, 0.001203943024423054144, 0.001504928780528818223, 0.001805914536634582084, 0.002106900292740345945, 0.002407886048846110023 ),
 .UNSPECIFIED. ) ;
#1398 = DIRECTION ( 'NONE',  ( 0.000000000000000000, 0.000000000000000000, -1.000000000000000000 ) ) ;
#1399 = CYLINDRICAL_SURFACE ( 'NONE', #493, 0.09999999999999997780 ) ;
#1400 = AXIS2_PLACEMENT_3D ( 'NONE', #2239, #2188, #139 ) ;
#1401 = VERTEX_POINT ( 'NONE', #2089 ) ;
#1402 = CARTESIAN_POINT ( 'NONE',  ( 0.1372344052584839325, 0.6000000000000001998, -0.1865100567276396504 ) ) ;
#1403 = DIRECTION ( 'NONE',  ( 0.000000000000000000, 0.000000000000000000, -1.000000000000000000 ) ) ;
#1404 = AXIS2_PLACEMENT_3D ( 'NONE', #2160, #259, #1064 ) ;
#1405 = CARTESIAN_POINT ( 'NONE',  ( 0.000000000000000000, 0.6000000000000001998, 0.000000000000000000 ) ) ;
#1406 = VECTOR ( 'NONE', #206, 100.0000000000000000 ) ;
#1407 = LINE ( 'NONE', #2589, #531 ) ;
#1408 = VERTEX_POINT ( 'NONE', #1846 ) ;
#1409 = EDGE_CURVE ( 'NONE', #565, #1658, #1079, .T. ) ;
#1410 = CIRCLE ( 'NONE', #371, 0.5500000000000000444 ) ;
#1411 = EDGE_CURVE ( 'NONE', #1875, #427, #2668, .T. ) ;
#1412 = VERTEX_POINT ( 'NONE', #833 ) ;
#1413 = CARTESIAN_POINT ( 'NONE',  ( 0.04836298322796596383, 0.4423288851403701649, 1.199059445122528489 ) ) ;
#1414 = DATE_AND_TIME ( #1817, #420 ) ;
#1415 = VERTEX_POINT ( 'NONE', #637 ) ;
#1416 = DIRECTION ( 'NONE',  ( 1.000000000000000000, 0.000000000000000000, 0.000000000000000000 ) ) ;
#1417 = DIRECTION ( 'NONE',  ( 0.9979667679596431196, 0.000000000000000000, 0.06373641069423109651 ) ) ;
#1418 = EDGE_CURVE ( 'NONE', #1432, #2601, #2140, .T. ) ;
#1419 = LINE ( 'NONE', #187, #1049 ) ;
#1420 = VERTEX_POINT ( 'NONE', #1220 ) ;
#1421 = CARTESIAN_POINT ( 'NONE',  ( 1.081499009481418527, 0.6000000000000001998, -0.3008977164895393908 ) ) ;
#1422 = ORIENTED_EDGE ( 'NONE', *, *, #1961, .F. ) ;
#1423 = ORIENTED_EDGE ( 'NONE', *, *, #2081, .T. ) ;
#1424 = CARTESIAN_POINT ( 'NONE',  ( -0.9475655728094094510, 1.800000000000000266, 0.5586765479473575491 ) ) ;
#1425 = ORIENTED_EDGE ( 'NONE', *, *, #101, .F. ) ;
#1426 = DIRECTION ( 'NONE',  ( 0.000000000000000000, 0.000000000000000000, -1.000000000000000000 ) ) ;
#1427 = DIRECTION ( 'NONE',  ( 0.000000000000000000, 0.000000000000000000, 1.000000000000000000 ) ) ;
#1428 = CARTESIAN_POINT ( 'NONE',  ( -0.6993417434781120656, 0.6000000000000001998, -0.9490707425350346504 ) ) ;
#1429 = ADVANCED_FACE ( 'NONE', ( #2064 ), #1638, .T. ) ;
#1430 = ORIENTED_EDGE ( 'NONE', *, *, #931, .T. ) ;
#1431 = CARTESIAN_POINT ( 'NONE',  ( -0.1197318267358552513, 0.2076292933312058608, -0.2199734885210378188 ) ) ;
#1432 = VERTEX_POINT ( 'NONE', #218 ) ;
#1433 = VERTEX_POINT ( 'NONE', #810 ) ;
#1434 = CARTESIAN_POINT ( 'NONE',  ( 0.1198488748222583666, 0.3922923055847563623, 1.194080687130727014 ) ) ;
#1435 = VECTOR ( 'NONE', #92, 100.0000000000000142 ) ;
#1436 = CARTESIAN_POINT ( 'NONE',  ( 0.000000000000000000, 0.2999999999999999889, -1.200000000000000178 ) ) ;
#1437 = FACE_OUTER_BOUND ( 'NONE', #2535, .T. ) ;
#1438 = EDGE_CURVE ( 'NONE', #1022, #1294, #1745, .T. ) ;
#1439 = FACE_OUTER_BOUND ( 'NONE', #618, .T. ) ;
#1440 = VECTOR ( 'NONE', #1768, 100.0000000000000000 ) ;
#1441 = ORIENTED_EDGE ( 'NONE', *, *, #1153, .T. ) ;
#1442 = AXIS2_PLACEMENT_3D ( 'NONE', #2556, #695, #491 ) ;
#1443 = CARTESIAN_POINT ( 'NONE',  ( 0.04925804661638469306, 0.4420254301079918346, -0.2452778536329641434 ) ) ;
#1444 = EDGE_LOOP ( 'NONE', ( #2316, #1626, #160, #418 ) ) ;
#1445 = VECTOR ( 'NONE', #1917, 100.0000000000000000 ) ;
#1446 = B_SPLINE_CURVE_WITH_KNOTS ( 'NONE', 3,
 ( #455, #2564, #296, #2591, #499, #512, #1285, #1553, #284, #1328, #2349, #106 ),
 .UNSPECIFIED., .F., .F.,
 ( 4, 2, 2, 2, 2, 4 ),
 ( 9.527597113808246714E-19, 0.0003008378050341839883, 0.0006016756100683670009, 0.001203351220136733568, 0.001805026830205099918, 0.002406702440273466703 ),
 .UNSPECIFIED. ) ;
#1447 = EDGE_LOOP ( 'NONE', ( #548, #1084, #1168, #2016, #1735, #953, #2475, #2545 ) ) ;
#1448 = EDGE_CURVE ( 'NONE', #1504, #1470, #2478, .T. ) ;
#1449 = DIRECTION ( 'NONE',  ( 0.9979667679596431196, 0.000000000000000000, 0.06373641069423109651 ) ) ;
#1450 = CARTESIAN_POINT ( 'NONE',  ( 0.000000000000000000, 0.000000000000000000, 0.000000000000000000 ) ) ;
#1451 = DIRECTION ( 'NONE',  ( -0.000000000000000000, -1.000000000000000000, -0.000000000000000000 ) ) ;
#1452 = VECTOR ( 'NONE', #2610, 100.0000000000000142 ) ;
#1453 = AXIS2_PLACEMENT_3D ( 'NONE', #846, #1688, #2312 ) ;
#1454 = EDGE_CURVE ( 'NONE', #2107, #1579, #90, .T. ) ;
#1455 = LINE ( 'NONE', #1465, #2365 ) ;
#1456 = ORIENTED_EDGE ( 'NONE', *, *, #1643, .T. ) ;
#1457 = DIRECTION ( 'NONE',  ( 0.000000000000000000, 0.000000000000000000, 1.000000000000000000 ) ) ;
#1458 = EDGE_LOOP ( 'NONE', ( #2650, #1522, #1071, #18 ) ) ;
#1459 = APPROVAL_PERSON_ORGANIZATION ( #1844, #1802, #2666 ) ;
#1460 = ORIENTED_EDGE ( 'NONE', *, *, #1118, .T. ) ;
#1461 = DIRECTION ( 'NONE',  ( 0.9159828713205488970, 0.000000000000000000, -0.4012173718165286118 ) ) ;
#1462 = EDGE_CURVE ( 'NONE', #1470, #957, #1614, .T. ) ;
#1463 = DIRECTION ( 'NONE',  ( -0.000000000000000000, -1.000000000000000000, 0.000000000000000000 ) ) ;
#1464 = DIRECTION ( 'NONE',  ( 0.000000000000000000, 0.000000000000000000, -1.000000000000000000 ) ) ;
#1465 = CARTESIAN_POINT ( 'NONE',  ( 0.4207046846251443761, 1.800000000000000266, 1.123836094959784759 ) ) ;
#1466 = ADVANCED_FACE ( 'NONE', ( #297, #2335 ), #2540, .T. ) ;
#1467 = ORIENTED_EDGE ( 'NONE', *, *, #207, .F. ) ;
#1468 = DIRECTION ( 'NONE',  ( -0.000000000000000000, -1.000000000000000000, -0.000000000000000000 ) ) ;
#1469 = VERTEX_POINT ( 'NONE', #1274 ) ;
#1470 = VERTEX_POINT ( 'NONE', #2127 ) ;
#1471 = EDGE_CURVE ( 'NONE', #57, #138, #1728, .T. ) ;
#1472 = LINE ( 'NONE', #1073, #365 ) ;
#1473 = AXIS2_PLACEMENT_3D ( 'NONE', #2095, #1043, #16 ) ;
#1474 = DIRECTION ( 'NONE',  ( 0.000000000000000000, 1.000000000000000000, -0.000000000000000000 ) ) ;
#1475 = CARTESIAN_POINT ( 'NONE',  ( -0.9074438356277567674, 1.800000000000000266, 0.6502748350794124166 ) ) ;
#1476 = CARTESIAN_POINT ( 'NONE',  ( 0.7979716675667973824, 0.6000000000000001998, -0.7807386846551379600 ) ) ;
#1477 = DIRECTION ( 'NONE',  ( -0.000000000000000000, -0.000000000000000000, 1.000000000000000000 ) ) ;
#1478 = DIRECTION ( 'NONE',  ( 0.000000000000000000, 0.000000000000000000, 1.000000000000000000 ) ) ;
#1479 = ORIENTED_EDGE ( 'NONE', *, *, #985, .T. ) ;
#1480 = VERTEX_POINT ( 'NONE', #917 ) ;
#1481 = ORIENTED_EDGE ( 'NONE', *, *, #550, .F. ) ;
#1482 = EDGE_CURVE ( 'NONE', #634, #1335, #2187, .T. ) ;
#1483 = CARTESIAN_POINT ( 'NONE',  ( -1.075125368411993243, 1.800000000000000266, -0.3006943932855173918 ) ) ;
#1484 = LINE ( 'NONE', #242, #2620 ) ;
#1485 = EDGE_CURVE ( 'NONE', #1751, #506, #1004, .T. ) ;
#1486 = LINE ( 'NONE', #78, #1218 ) ;
#1487 = FACE_OUTER_BOUND ( 'NONE', #1034, .T. ) ;
#1488 = CIRCLE ( 'NONE', #236, 0.5500000000000000444 ) ;
#1489 = LINE ( 'NONE', #2190, #193 ) ;
#1490 = CARTESIAN_POINT ( 'NONE',  ( 0.5438832856307670438, 0.6000000000000001998, 0.08179835946693249371 ) ) ;
#1491 = CARTESIAN_POINT ( 'NONE',  ( -0.09940291763827086013, 0.4127420730586368047, 0.2295101296428031790 ) ) ;
#1492 = DIRECTION ( 'NONE',  ( 0.000000000000000000, 0.000000000000000000, 1.000000000000000000 ) ) ;
#1493 = VERTEX_POINT ( 'NONE', #855 ) ;
#1494 = ORIENTED_EDGE ( 'NONE', *, *, #1982, .T. ) ;
#1495 = CC_DESIGN_APPROVAL ( #632, ( #636 ) ) ;
#1496 = CARTESIAN_POINT ( 'NONE',  ( -0.1451790510834863601, 0.2610223926636791036, 1.191187132647900881 ) ) ;
#1497 = DIRECTION ( 'NONE',  ( 0.000000000000000000, 1.000000000000000000, -0.000000000000000000 ) ) ;
#1498 = CARTESIAN_POINT ( 'NONE',  ( 0.1499999999999999944, 0.2999999999999999889, 0.2000000000000000111 ) ) ;
#1499 = CARTESIAN_POINT ( 'NONE',  ( 0.000000000000000000, 0.6000000000000001998, 0.000000000000000000 ) ) ;
#1500 = LINE ( 'NONE', #486, #1213 ) ;
#1501 = CARTESIAN_POINT ( 'NONE',  ( -0.1499999999999999944, 0.2999999999999999889, -1.200000000000000178 ) ) ;
#1502 = CARTESIAN_POINT ( 'NONE',  ( 0.1500000000000000777, 0.2900790839175833025, -1.190588089979066178 ) ) ;
#1503 = DIRECTION ( 'NONE',  ( 0.000000000000000000, 0.000000000000000000, 1.000000000000000000 ) ) ;
#1504 = VERTEX_POINT ( 'NONE', #243 ) ;
#1505 = CC_DESIGN_PERSON_AND_ORGANIZATION_ASSIGNMENT ( #1604, #960, ( #1797 ) ) ;
#1506 = ORIENTED_EDGE ( 'NONE', *, *, #2553, .T. ) ;
#1507 = EDGE_CURVE ( 'NONE', #2258, #464, #1699, .T. ) ;
#1508 = ORIENTED_EDGE ( 'NONE', *, *, #2499, .F. ) ;
#1509 = ORIENTED_EDGE ( 'NONE', *, *, #1230, .T. ) ;
#1510 = CARTESIAN_POINT ( 'NONE',  ( 1.469576158976824046E-16, 0.6000000000000001998, 1.200000000000000178 ) ) ;
#1511 = DIRECTION ( 'NONE',  ( -0.4437860331725861363, 0.000000000000000000, -0.8961327785328133677 ) ) ;
#1512 = VECTOR ( 'NONE', #2092, 100.0000000000000000 ) ;
#1513 = AXIS2_PLACEMENT_3D ( 'NONE', #1258, #1883, #1650 ) ;
#1514 = CARTESIAN_POINT ( 'NONE',  ( 0.3856459609063823124, 1.800000000000000266, 1.030183087046469215 ) ) ;
#1515 = FACE_OUTER_BOUND ( 'NONE', #1890, .T. ) ;
#1516 = CARTESIAN_POINT ( 'NONE',  ( 0.01388868282657064121, 0.6000000000000001998, 0.5498246124805101775 ) ) ;
#1517 = DIRECTION ( 'NONE',  ( -0.000000000000000000, 1.000000000000000000, -0.000000000000000000 ) ) ;
#1518 = CARTESIAN_POINT ( 'NONE',  ( 0.000000000000000000, 0.6000000000000001998, 0.000000000000000000 ) ) ;
#1519 = CYLINDRICAL_SURFACE ( 'NONE', #2401, 0.1000000000000000056 ) ;
#1520 = EDGE_CURVE ( 'NONE', #781, #1322, #1315, .T. ) ;
#1521 = CYLINDRICAL_SURFACE ( 'NONE', #630, 0.1499999999999999944 ) ;
#1522 = ORIENTED_EDGE ( 'NONE', *, *, #2661, .T. ) ;
#1523 = VERTEX_POINT ( 'NONE', #2527 ) ;
#1524 = CARTESIAN_POINT ( 'NONE',  ( 0.1499999999999999944, 0.2900763693782225650, 1.190588089979065733 ) ) ;
#1525 = DIRECTION ( 'NONE',  ( 0.000000000000000000, 1.000000000000000000, -0.000000000000000000 ) ) ;
#1526 = ADVANCED_FACE ( 'NONE', ( #1515 ), #1062, .F. ) ;
#1527 = CIRCLE ( 'NONE', #706, 0.5500000000000000444 ) ;
#1528 = DIRECTION ( 'NONE',  ( 0.000000000000000000, 0.000000000000000000, -1.000000000000000000 ) ) ;
#1529 = CARTESIAN_POINT ( 'NONE',  ( -0.01967942577557374798, 0.4490249395011093880, -1.199877011129761417 ) ) ;
#1530 = AXIS2_PLACEMENT_3D ( 'NONE', #2156, #283, #671 ) ;
#1531 = CARTESIAN_POINT ( 'NONE',  ( -0.1094326088066388397, 0.6000000000000001998, -1.111006831700932507 ) ) ;
#1532 = AXIS2_PLACEMENT_3D ( 'NONE', #248, #1871, #412 ) ;
#1533 = CARTESIAN_POINT ( 'NONE',  ( 0.07656703104080044009, 0.4304765713569433938, 0.2387140078616235006 ) ) ;
#1534 = CARTESIAN_POINT ( 'NONE',  ( 0.06739290908882487885, 0.1656333918651822779, 0.2409243248550368699 ) ) ;
#1535 = DIRECTION ( 'NONE',  ( -0.000000000000000000, -1.000000000000000000, -0.000000000000000000 ) ) ;
#1536 = ORIENTED_EDGE ( 'NONE', *, *, #524, .F. ) ;
#1537 = CARTESIAN_POINT ( 'NONE',  ( -0.1130699050959302066, 0.2009390648552027425, 1.194681760843983920 ) ) ;
#1538 = EDGE_LOOP ( 'NONE', ( #149, #1975, #735, #496 ) ) ;
#1539 = CLOSED_SHELL ( 'NONE', ( #682, #1346, #2182, #1357, #2571, #461, #475, #861, #2322, #1466, #2043, #2688, #214, #24, #1352, #393, #130, #2101, #398, #2328, #1819, #303, #1904, #386, #1856, #966, #1148, #246, #1364, #673, #20, #328, #15, #1880, #145, #441, #2593, #1869, #116, #1288, #1841, #1194, #726, #2603, #2679, #176, #561, #1648, #1526, #1188, #1637, #1600, #1931, #2447, #2549, #1946, #245, #155, #1207, #604, #1429, #2516, #85, #747, #1612, #1689, #314, #483, #2612 ) ) ;
#1540 = CARTESIAN_POINT ( 'NONE',  ( -0.7629182656124858797, 0.6000000000000001998, -0.9262589918564012592 ) ) ;
#1541 = DIRECTION ( 'NONE',  ( -0.000000000000000000, -1.000000000000000000, -0.000000000000000000 ) ) ;
#1542 = EDGE_CURVE ( 'NONE', #165, #2629, #860, .T. ) ;
#1543 = CARTESIAN_POINT ( 'NONE',  ( 0.000000000000000000, 1.800000000000000266, 0.000000000000000000 ) ) ;
#1544 = LINE ( 'NONE', #920, #273 ) ;
#1545 = CARTESIAN_POINT ( 'NONE',  ( 0.02008047674042337180, 0.1510158309323653136, 0.2493866938528504773 ) ) ;
#1546 = LINE ( 'NONE', #1984, #969 ) ;
#1547 = ORIENTED_EDGE ( 'NONE', *, *, #1985, .F. ) ;
#1548 = EDGE_CURVE ( 'NONE', #100, #736, #2307, .T. ) ;
#1549 = ORIENTED_EDGE ( 'NONE', *, *, #2445, .F. ) ;
#1550 = CARTESIAN_POINT ( 'NONE',  ( 0.7629182656124980921, 1.800000000000000266, -0.9262589918563916003 ) ) ;
#1551 = EDGE_CURVE ( 'NONE', #464, #2654, #1486, .T. ) ;
#1552 = VERTEX_POINT ( 'NONE', #1299 ) ;
#1553 = CARTESIAN_POINT ( 'NONE',  ( -0.1197423980355522832, 0.3923371744312998399, -0.2199619991841681999 ) ) ;
#1554 = FACE_OUTER_BOUND ( 'NONE', #2018, .T. ) ;
#1555 = CARTESIAN_POINT ( 'NONE',  ( 0.01013200228117252036, 0.1499999999999999389, -0.2500000000000000000 ) ) ;
#1556 =( GEOMETRIC_REPRESENTATION_CONTEXT ( 3 ) GLOBAL_UNCERTAINTY_ASSIGNED_CONTEXT ( ( #1729 ) ) GLOBAL_UNIT_ASSIGNED_CONTEXT ( ( #65, #874, #689 ) ) REPRESENTATION_CONTEXT ( 'NONE', 'WORKASPACE' ) );
#1557 = CARTESIAN_POINT ( 'NONE',  ( -0.1310495946834132341, 0.2244175198640644964, -1.192846774120097653 ) ) ;
#1558 = CARTESIAN_POINT ( 'NONE',  ( 0.07547194977856079567, 0.1689041990702688512, -1.197760776211684419 ) ) ;
#1559 = CARTESIAN_POINT ( 'NONE',  ( -1.081499009481415863, 1.800000000000000266, -0.2008977164895529854 ) ) ;
#1560 = ORIENTED_EDGE ( 'NONE', *, *, #1066, .T. ) ;
#1561 = ORIENTED_EDGE ( 'NONE', *, *, #2005, .F. ) ;
#1562 = AXIS2_PLACEMENT_3D ( 'NONE', #2185, #1977, #2235 ) ;
#1563 = ORIENTED_EDGE ( 'NONE', *, *, #1208, .T. ) ;
#1564 = DIRECTION ( 'NONE',  ( 0.000000000000000000, 1.000000000000000000, 0.000000000000000000 ) ) ;
#1565 = ORIENTED_EDGE ( 'NONE', *, *, #1918, .T. ) ;
#1566 = EDGE_CURVE ( 'NONE', #573, #534, #739, .T. ) ;
#1567 = CARTESIAN_POINT ( 'NONE',  ( 0.1452154011861681859, 0.3388335145248497215, -1.191182679163222957 ) ) ;
#1568 = CARTESIAN_POINT ( 'NONE',  ( -0.1460586334824744703, 0.3393543415749317727, -1.191101830041129572 ) ) ;
#1569 = CIRCLE ( 'NONE', #1087, 0.1000000000000000888 ) ;
#1570 = CIRCLE ( 'NONE', #830, 0.1000000000000000056 ) ;
#1571 = APPROVAL_DATE_TIME ( #1587, #632 ) ;
#1572 = ORIENTED_EDGE ( 'NONE', *, *, #1268, .T. ) ;
#1573 = CARTESIAN_POINT ( 'NONE',  ( -0.09149440159621624602, 0.1807350073832443560, -1.196534577145223821 ) ) ;
#1574 = AXIS2_PLACEMENT_3D ( 'NONE', #2124, #2137, #1697 ) ;
#1575 = CARTESIAN_POINT ( 'NONE',  ( 2.783254092006724554E-17, 0.1499999999999999389, 0.2500000000000000555 ) ) ;
#1576 = CARTESIAN_POINT ( 'NONE',  ( -0.4207046846251589756, 1.800000000000000266, 1.123836094959779430 ) ) ;
#1577 = VERTEX_POINT ( 'NONE', #1714 ) ;
#1578 = LINE ( 'NONE', #2032, #2241 ) ;
#1579 = VERTEX_POINT ( 'NONE', #1742 ) ;
#1580 = CARTESIAN_POINT ( 'NONE',  ( 1.179817101252456535, 1.800000000000000266, -0.2191611452613156930 ) ) ;
#1581 = AXIS2_PLACEMENT_3D ( 'NONE', #1386, #2226, #1179 ) ;
#1582 = VECTOR ( 'NONE', #1741, 100.0000000000000000 ) ;
#1583 = VERTEX_POINT ( 'NONE', #2141 ) ;
#1584 = CARTESIAN_POINT ( 'NONE',  ( 0.1193277676219663408, 0.3914157845160757820, -1.194064813259810620 ) ) ;
#1585 = CARTESIAN_POINT ( 'NONE',  ( 0.000000000000000000, 0.6000000000000001998, 0.000000000000000000 ) ) ;
#1586 = EDGE_CURVE ( 'NONE', #1367, #1791, #42, .T. ) ;
#1587 = DATE_AND_TIME ( #2049, #1723 ) ;
#1588 = EDGE_LOOP ( 'NONE', ( #1609, #117, #438, #1706 ) ) ;
#1589 = DIRECTION ( 'NONE',  ( -0.2360632220291690730, 0.000000000000000000, -0.9717376987671143551 ) ) ;
#1590 = CARTESIAN_POINT ( 'NONE',  ( -0.01475869999346142263, 0.6000000000000001998, -0.2310875678648671161 ) ) ;
#1591 = AXIS2_PLACEMENT_3D ( 'NONE', #572, #1831, #123 ) ;
#1592 = LINE ( 'NONE', #209, #904 ) ;
#1593 = EDGE_CURVE ( 'NONE', #818, #1875, #1882, .T. ) ;
#1594 = ORIENTED_EDGE ( 'NONE', *, *, #2374, .F. ) ;
#1595 = CARTESIAN_POINT ( 'NONE',  ( 0.000000000000000000, 0.6000000000000001998, 0.000000000000000000 ) ) ;
#1596 = PRODUCT_DEFINITION ( 'UNKNOWN', '', #636, #2351 ) ;
#1597 = ORIENTED_EDGE ( 'NONE', *, *, #2223, .F. ) ;
#1598 = CARTESIAN_POINT ( 'NONE',  ( -1.084987704384508644, 1.800000000000000266, -0.1811123445114513064 ) ) ;
#1599 = ORIENTED_EDGE ( 'NONE', *, *, #1761, .F. ) ;
#1600 = ADVANCED_FACE ( 'NONE', ( #1816 ), #312, .T. ) ;
#1601 = ORIENTED_EDGE ( 'NONE', *, *, #792, .T. ) ;
#1602 = DIRECTION ( 'NONE',  ( -0.000000000000000000, -1.000000000000000000, -0.000000000000000000 ) ) ;
#1603 = DIRECTION ( 'NONE',  ( 0.000000000000000000, 0.000000000000000000, 1.000000000000000000 ) ) ;
#1604 = PERSON_AND_ORGANIZATION ( #1663, #1859 ) ;
#1605 = ORIENTED_EDGE ( 'NONE', *, *, #1851, .F. ) ;
#1606 = CARTESIAN_POINT ( 'NONE',  ( -0.1200493837639303313, 0.2079150879801629770, -1.194062586788670943 ) ) ;
#1607 = CYLINDRICAL_SURFACE ( 'NONE', #10, 0.5500000000000000444 ) ;
#1608 = AXIS2_PLACEMENT_3D ( 'NONE', #1664, #1451, #422 ) ;
#1609 = ORIENTED_EDGE ( 'NONE', *, *, #1654, .F. ) ;
#1610 = EDGE_CURVE ( 'NONE', #1583, #804, #2266, .T. ) ;
#1611 = DIRECTION ( 'NONE',  ( 0.000000000000000000, 0.000000000000000000, 1.000000000000000000 ) ) ;
#1612 = ADVANCED_FACE ( 'NONE', ( #934 ), #2592, .T. ) ;
#1613 = VECTOR ( 'NONE', #1656, 99.99999999999998579 ) ;
#1614 = CIRCLE ( 'NONE', #1789, 0.1000000000000000056 ) ;
#1615 = DIRECTION ( 'NONE',  ( 0.000000000000000000, 0.000000000000000000, 1.000000000000000000 ) ) ;
#1616 = EDGE_LOOP ( 'NONE', ( #882, #354, #1693, #1818, #71, #348 ) ) ;
#1617 = EDGE_LOOP ( 'NONE', ( #362, #724, #1125, #617 ) ) ;
#1618 = CARTESIAN_POINT ( 'NONE',  ( 0.06516796160566946938, 0.6000000000000001998, 0.2221990549650382507 ) ) ;
#1619 = EDGE_CURVE ( 'NONE', #464, #2120, #352, .T. ) ;
#1620 = AXIS2_PLACEMENT_3D ( 'NONE', #124, #1343, #111 ) ;
#1621 = ORIENTED_EDGE ( 'NONE', *, *, #1566, .F. ) ;
#1622 = CARTESIAN_POINT ( 'NONE',  ( 0.000000000000000000, 1.800000000000000266, 0.000000000000000000 ) ) ;
#1623 = DIRECTION ( 'NONE',  ( 0.000000000000000000, 0.000000000000000000, 1.000000000000000000 ) ) ;
#1624 = AXIS2_PLACEMENT_3D ( 'NONE', #34, #2542, #877 ) ;
#1625 = DIRECTION ( 'NONE',  ( -0.000000000000000000, 1.000000000000000000, -0.000000000000000000 ) ) ;
#1626 = ORIENTED_EDGE ( 'NONE', *, *, #1448, .F. ) ;
#1627 = AXIS2_PLACEMENT_3D ( 'NONE', #1618, #1016, #2283 ) ;
#1628 = AXIS2_PLACEMENT_3D ( 'NONE', #2682, #824, #2480 ) ;
#1629 = CARTESIAN_POINT ( 'NONE',  ( 0.1297853262289537235, 0.3758138427240694246, -0.2137613104395852115 ) ) ;
#1630 = ORIENTED_EDGE ( 'NONE', *, *, #375, .T. ) ;
#1631 = CIRCLE ( 'NONE', #107, 1.200000000000000178 ) ;
#1632 = ORIENTED_EDGE ( 'NONE', *, *, #642, .F. ) ;
#1633 = LINE ( 'NONE', #2293, #1271 ) ;
#1634 = COORDINATED_UNIVERSAL_TIME_OFFSET ( 9, 0, .AHEAD. ) ;
#1635 = ORIENTED_EDGE ( 'NONE', *, *, #2310, .F. ) ;
#1636 = APPROVAL ( #2006, 'UNSPECIFIED' ) ;
#1637 = ADVANCED_FACE ( 'NONE', ( #1340 ), #1174, .T. ) ;
#1638 = CYLINDRICAL_SURFACE ( 'NONE', #2444, 0.09999999999999992228 ) ;
#1639 = LINE ( 'NONE', #2211, #692 ) ;
#1640 = CYLINDRICAL_SURFACE ( 'NONE', #1052, 0.5500000000000000444 ) ;
#1641 = MANIFOLD_SOLID_BREP ( '필렛1', #1539 ) ;
#1642 = ORIENTED_EDGE ( 'NONE', *, *, #2171, .F. ) ;
#1643 = EDGE_CURVE ( 'NONE', #1281, #655, #731, .T. ) ;
#1644 = CARTESIAN_POINT ( 'NONE',  ( 0.02036695977412593048, 0.4489430361130139491, -0.2493620704352219053 ) ) ;
#1645 = EDGE_LOOP ( 'NONE', ( #640, #1811, #1601, #605 ) ) ;
#1646 = VERTEX_POINT ( 'NONE', #540 ) ;
#1647 = CARTESIAN_POINT ( 'NONE',  ( 0.1310254956582276031, 0.3755877400622145146, 1.192849196013586077 ) ) ;
#1648 = ADVANCED_FACE ( 'NONE', ( #1554 ), #1369, .T. ) ;
#1649 = DIRECTION ( 'NONE',  ( 0.000000000000000000, 0.000000000000000000, 1.000000000000000000 ) ) ;
#1650 = DIRECTION ( 'NONE',  ( 0.000000000000000000, 0.000000000000000000, 1.000000000000000000 ) ) ;
#1651 = CIRCLE ( 'NONE', #470, 0.5500000000000000444 ) ;
#1652 = CARTESIAN_POINT ( 'NONE',  ( -0.6303111838221073793, 1.800000000000000266, -0.9214225347283090395 ) ) ;
#1653 = AXIS2_PLACEMENT_3D ( 'NONE', #339, #995, #1623 ) ;
#1654 = EDGE_CURVE ( 'NONE', #1000, #781, #2027, .T. ) ;
#1655 = ORIENTED_EDGE ( 'NONE', *, *, #1025, .T. ) ;
#1656 = DIRECTION ( 'NONE',  ( -0.9595811439619406080, 0.000000000000000000, 0.2814321022070750966 ) ) ;
#1657 = ORIENTED_EDGE ( 'NONE', *, *, #690, .T. ) ;
#1658 = VERTEX_POINT ( 'NONE', #2606 ) ;
#1659 = DIRECTION ( 'NONE',  ( 0.000000000000000000, 1.000000000000000000, 0.000000000000000000 ) ) ;
#1660 = AXIS2_PLACEMENT_3D ( 'NONE', #554, #2222, #2196 ) ;
#1661 = EDGE_CURVE ( 'NONE', #2506, #182, #2154, .T. ) ;
#1662 = FACE_OUTER_BOUND ( 'NONE', #2265, .T. ) ;
#1663 = PERSON ( 'UNSPECIFIED', 'UNSPECIFIED', 'UNSPECIFIED', ('UNSPECIFIED'), ('UNSPECIFIED'), ('UNSPECIFIED') ) ;
#1664 = CARTESIAN_POINT ( 'NONE',  ( 0.3667669786984751878, 1.800000000000000266, 1.037054474623388733 ) ) ;
#1665 = DIRECTION ( 'NONE',  ( 0.000000000000000000, 0.000000000000000000, 1.000000000000000000 ) ) ;
#1666 = AXIS2_PLACEMENT_3D ( 'NONE', #521, #1999, #148 ) ;
#1667 = VERTEX_POINT ( 'NONE', #2438 ) ;
#1668 = VECTOR ( 'NONE', #1334, 100.0000000000000000 ) ;
#1669 = DIRECTION ( 'NONE',  ( -3.469446951953614189E-15, 0.000000000000000000, 1.000000000000000000 ) ) ;
#1670 = EDGE_LOOP ( 'NONE', ( #633, #394, #2346, #1915 ) ) ;
#1671 = AXIS2_PLACEMENT_3D ( 'NONE', #1585, #2391, #976 ) ;
#1672 = ORIENTED_EDGE ( 'NONE', *, *, #792, .F. ) ;
#1673 = CARTESIAN_POINT ( 'NONE',  ( 0.6993417434781231679, 1.800000000000000266, -0.9490707425350255466 ) ) ;
#1674 = EDGE_CURVE ( 'NONE', #1380, #1367, #325, .T. ) ;
#1675 = LINE ( 'NONE', #1244, #911 ) ;
#1676 = DIRECTION ( 'NONE',  ( 0.2360632220291923877, 0.000000000000000000, -0.9717376987671088040 ) ) ;
#1677 = CARTESIAN_POINT ( 'NONE',  ( -1.044666403009877120, 0.6000000000000001998, 0.5904846369063342371 ) ) ;
#1678 = EDGE_CURVE ( 'NONE', #2572, #815, #121, .T. ) ;
#1679 = ORIENTED_EDGE ( 'NONE', *, *, #2280, .T. ) ;
#1680 = CARTESIAN_POINT ( 'NONE',  ( 0.4831064234473415042, 0.6000000000000001998, -0.2628843540873402884 ) ) ;
#1681 = ORIENTED_EDGE ( 'NONE', *, *, #2106, .T. ) ;
#1682 = LOCAL_TIME ( 23, 21, 17.00000000000000000, #798 ) ;
#1683 = ORIENTED_EDGE ( 'NONE', *, *, #991, .T. ) ;
#1684 = DIRECTION ( 'NONE',  ( -0.000000000000000000, -1.000000000000000000, -0.000000000000000000 ) ) ;
#1685 = CARTESIAN_POINT ( 'NONE',  ( 0.000000000000000000, 1.800000000000000266, 0.000000000000000000 ) ) ;
#1686 = DIRECTION ( 'NONE',  ( 0.000000000000000000, 1.000000000000000000, -0.000000000000000000 ) ) ;
#1687 = FACE_OUTER_BOUND ( 'NONE', #751, .T. ) ;
#1688 = DIRECTION ( 'NONE',  ( -0.000000000000000000, -1.000000000000000000, 0.000000000000000000 ) ) ;
#1689 = ADVANCED_FACE ( 'NONE', ( #569 ), #1399, .T. ) ;
#1690 = EDGE_CURVE ( 'NONE', #1171, #1166, #234, .T. ) ;
#1691 = CARTESIAN_POINT ( 'NONE',  ( 0.000000000000000000, 0.6000000000000001998, 0.000000000000000000 ) ) ;
#1692 = VERTEX_POINT ( 'NONE', #959 ) ;
#1693 = ORIENTED_EDGE ( 'NONE', *, *, #2068, .T. ) ;
#1694 = VECTOR ( 'NONE', #1018, 100.0000000000000142 ) ;
#1695 = ORIENTED_EDGE ( 'NONE', *, *, #2427, .F. ) ;
#1696 = CARTESIAN_POINT ( 'NONE',  ( 0.1423155773407660529, 0.2515957149265425907, 1.191537104410333558 ) ) ;
#1697 = DIRECTION ( 'NONE',  ( -0.9979667679596445629, 0.000000000000000000, 0.06373641069420751815 ) ) ;
#1698 = CIRCLE ( 'NONE', #1347, 1.200000000000000178 ) ;
#1699 = CIRCLE ( 'NONE', #1126, 0.09999999999999992228 ) ;
#1700 = DIRECTION ( 'NONE',  ( 0.000000000000000000, 1.000000000000000000, 0.000000000000000000 ) ) ;
#1701 = CARTESIAN_POINT ( 'NONE',  ( -0.06656798824605170140, 0.4347792894734280322, 1.198186729140739981 ) ) ;
#1702 = CARTESIAN_POINT ( 'NONE',  ( 0.01095850539961249967, 1.800000000000000266, -1.199949961939833054 ) ) ;
#1703 = DIRECTION ( 'NONE',  ( -0.000000000000000000, -1.000000000000000000, -0.000000000000000000 ) ) ;
#1704 = LINE ( 'NONE', #1943, #1719 ) ;
#1705 = CARTESIAN_POINT ( 'NONE',  ( 0.3427811001016385362, 0.6000000000000001998, 0.4301175623165258699 ) ) ;
#1706 = ORIENTED_EDGE ( 'NONE', *, *, #1520, .F. ) ;
#1707 = AXIS2_PLACEMENT_3D ( 'NONE', #247, #1909, #2530 ) ;
#1708 = ORIENTED_EDGE ( 'NONE', *, *, #587, .T. ) ;
#1709 = ORIENTED_EDGE ( 'NONE', *, *, #122, .T. ) ;
#1710 = CARTESIAN_POINT ( 'NONE',  ( -0.1348196764516860213, 0.2335152260675167346, 1.192408482894740773 ) ) ;
#1711 = CYLINDRICAL_SURFACE ( 'NONE', #2275, 0.1000000000000000056 ) ;
#1712 = VECTOR ( 'NONE', #685, 100.0000000000000000 ) ;
#1713 = PLANE ( 'NONE',  #1101 ) ;
#1714 = CARTESIAN_POINT ( 'NONE',  ( 0.1094326088066388397, 1.800000000000000266, -1.111006831700932507 ) ) ;
#1715 = CARTESIAN_POINT ( 'NONE',  ( 0.03969754442338949141, 0.1550029411809578095, -0.2470254375493554089 ) ) ;
#1716 = EDGE_CURVE ( 'NONE', #962, #452, #168, .T. ) ;
#1717 = CARTESIAN_POINT ( 'NONE',  ( -0.1749999999999999889, 1.800000000000000266, -0.5214163403653553353 ) ) ;
#1718 = DIRECTION ( 'NONE',  ( 0.000000000000000000, 0.000000000000000000, 1.000000000000000000 ) ) ;
#1719 = VECTOR ( 'NONE', #2165, 100.0000000000000000 ) ;
#1720 = DIRECTION ( 'NONE',  ( 1.000000000000000000, 0.000000000000000000, 0.000000000000000000 ) ) ;
#1721 = ORIENTED_EDGE ( 'NONE', *, *, #905, .T. ) ;
#1722 = VERTEX_POINT ( 'NONE', #513 ) ;
#1723 = LOCAL_TIME ( 23, 21, 17.00000000000000000, #1634 ) ;
#1724 = CARTESIAN_POINT ( 'NONE',  ( -0.1306870341775871747, 0.2238583524247260426, 0.2133136878037527051 ) ) ;
#1725 = DIRECTION ( 'NONE',  ( -0.000000000000000000, -1.000000000000000000, -0.000000000000000000 ) ) ;
#1726 = CARTESIAN_POINT ( 'NONE',  ( -0.01388868282657046774, 0.6000000000000001998, 0.5498246124805100665 ) ) ;
#1727 = EDGE_CURVE ( 'NONE', #2469, #656, #1316, .T. ) ;
#1728 = LINE ( 'NONE', #1106, #1435 ) ;
#1729 = UNCERTAINTY_MEASURE_WITH_UNIT (LENGTH_MEASURE( 1.000000000000000082E-05 ), #65, 'distance_accuracy_value', 'NONE');
#1730 = CARTESIAN_POINT ( 'NONE',  ( 0.02009467905589478604, 0.1510159539646598881, -0.2493865788356263158 ) ) ;
#1731 = DIRECTION ( 'NONE',  ( -0.000000000000000000, -0.000000000000000000, 1.000000000000000000 ) ) ;
#1732 = DIRECTION ( 'NONE',  ( 0.000000000000000000, 1.000000000000000000, 0.000000000000000000 ) ) ;
#1733 = CARTESIAN_POINT ( 'NONE',  ( -0.4207046846251588645, 0.6000000000000001998, 1.123836094959779208 ) ) ;
#1734 = CARTESIAN_POINT ( 'NONE',  ( -0.1196987836876112349, 0.3924070423395629170, 0.2199899083102110353 ) ) ;
#1735 = ORIENTED_EDGE ( 'NONE', *, *, #924, .T. ) ;
#1736 = EDGE_CURVE ( 'NONE', #2590, #592, #797, .T. ) ;
#1737 = ORIENTED_EDGE ( 'NONE', *, *, #1081, .T. ) ;
#1738 = CARTESIAN_POINT ( 'NONE',  ( -0.04033562554858564908, 0.1541887676164988841, 0.2474287992725991980 ) ) ;
#1739 = DIRECTION ( 'NONE',  ( 0.000000000000000000, 0.000000000000000000, 1.000000000000000000 ) ) ;
#1740 = CIRCLE ( 'NONE', #903, 0.5500000000000000444 ) ;
#1741 = DIRECTION ( 'NONE',  ( -0.9159828713205390160, 0.000000000000000000, -0.4012173718165514269 ) ) ;
#1742 = CARTESIAN_POINT ( 'NONE',  ( 0.000000000000000000, 1.800000000000000266, -1.200000000000000178 ) ) ;
#1743 = CARTESIAN_POINT ( 'NONE',  ( 0.6303111838221201468, 0.6000000000000001998, -0.9214225347283016010 ) ) ;
#1744 = AXIS2_PLACEMENT_3D ( 'NONE', #1030, #2462, #1669 ) ;
#1745 = CIRCLE ( 'NONE', #1349, 1.200000000000000178 ) ;
#1746 = CARTESIAN_POINT ( 'NONE',  ( 0.1489692853393794481, 0.3201562310144865364, 0.2007837056113156715 ) ) ;
#1747 = DIRECTION ( 'NONE',  ( 0.000000000000000000, 1.000000000000000000, -0.000000000000000000 ) ) ;
#1748 = CARTESIAN_POINT ( 'NONE',  ( -0.01388868282657046774, 1.800000000000000266, 0.5498246124805100665 ) ) ;
#1749 = ORIENTED_EDGE ( 'NONE', *, *, #281, .T. ) ;
#1750 = CIRCLE ( 'NONE', #576, 0.1000000000000000056 ) ;
#1751 = VERTEX_POINT ( 'NONE', #809 ) ;
#1752 = EDGE_CURVE ( 'NONE', #1380, #2519, #1758, .T. ) ;
#1753 = CARTESIAN_POINT ( 'NONE',  ( 1.469576177339086582E-16, 0.1499999999999999944, 1.200000000000000178 ) ) ;
#1754 = VERTEX_POINT ( 'NONE', #2477 ) ;
#1755 = VECTOR ( 'NONE', #923, 100.0000000000000000 ) ;
#1756 = DIRECTION ( 'NONE',  ( 0.9717376987671144661, 0.000000000000000000, -0.2360632220291691008 ) ) ;
#1757 = CARTESIAN_POINT ( 'NONE',  ( -0.6303111838221073793, 0.6000000000000001998, -0.9214225347283090395 ) ) ;
#1758 = CIRCLE ( 'NONE', #581, 1.200000000000000178 ) ;
#1759 = FACE_OUTER_BOUND ( 'NONE', #1845, .T. ) ;
#1760 = AXIS2_PLACEMENT_3D ( 'NONE', #2105, #434, #1665 ) ;
#1761 = EDGE_CURVE ( 'NONE', #806, #2255, #1633, .T. ) ;
#1762 = CARTESIAN_POINT ( 'NONE',  ( 0.7979716675667973824, 1.800000000000000266, -0.7807386846551379600 ) ) ;
#1763 = CARTESIAN_POINT ( 'NONE',  ( 1.113130914605218846, 1.800000000000000266, -0.08515423011524370089 ) ) ;
#1764 = LINE ( 'NONE', #2177, #232 ) ;
#1765 = ORIENTED_EDGE ( 'NONE', *, *, #1025, .F. ) ;
#1766 = EDGE_CURVE ( 'NONE', #1692, #1059, #856, .T. ) ;
#1767 = VERTEX_POINT ( 'NONE', #2061 ) ;
#1768 = DIRECTION ( 'NONE',  ( -0.000000000000000000, -1.000000000000000000, -0.000000000000000000 ) ) ;
#1769 = ORIENTED_EDGE ( 'NONE', *, *, #2403, .F. ) ;
#1770 = DIRECTION ( 'NONE',  ( 0.1105269992275175472, 0.000000000000000000, 0.9938731219032740372 ) ) ;
#1771 = DIRECTION ( 'NONE',  ( 0.000000000000000000, 1.000000000000000000, -0.000000000000000000 ) ) ;
#1772 = CARTESIAN_POINT ( 'NONE',  ( 0.1489561379329928381, 0.2797285696770914210, -0.2007937178195054739 ) ) ;
#1773 = CARTESIAN_POINT ( 'NONE',  ( -0.1423402231916096605, 0.2516684600461639998, -1.191534144101886517 ) ) ;
#1774 = CARTESIAN_POINT ( 'NONE',  ( 0.03935303670164450041, 0.1539402083831956092, -1.199490821447564581 ) ) ;
#1775 = DIRECTION ( 'NONE',  ( -0.000000000000000000, -1.000000000000000000, -0.000000000000000000 ) ) ;
#1776 = VERTEX_POINT ( 'NONE', #1878 ) ;
#1777 = EDGE_LOOP ( 'NONE', ( #1137, #2031, #2292, #129, #1479, #813 ) ) ;
#1778 = ORIENTED_EDGE ( 'NONE', *, *, #2243, .F. ) ;
#1779 = EDGE_CURVE ( 'NONE', #1469, #2664, #380, .T. ) ;
#1780 = PLANE ( 'NONE',  #1666 ) ;
#1781 = ORIENTED_EDGE ( 'NONE', *, *, #2310, .T. ) ;
#1782 = CARTESIAN_POINT ( 'NONE',  ( 0.000000000000000000, 1.800000000000000266, 0.000000000000000000 ) ) ;
#1783 = CARTESIAN_POINT ( 'NONE',  ( 1.084987704384511087, 1.800000000000000266, -0.1811123445114376507 ) ) ;
#1784 = DATE_TIME_ROLE ( 'classification_date' ) ;
#1785 = DIRECTION ( 'NONE',  ( -0.000000000000000000, 1.000000000000000000, -0.000000000000000000 ) ) ;
#1786 = DIRECTION ( 'NONE',  ( 0.000000000000000000, 0.000000000000000000, 1.000000000000000000 ) ) ;
#1787 = CYLINDRICAL_SURFACE ( 'NONE', #2150, 1.200000000000000178 ) ;
#1788 = ORIENTED_EDGE ( 'NONE', *, *, #1864, .T. ) ;
#1789 = AXIS2_PLACEMENT_3D ( 'NONE', #286, #444, #257 ) ;
#1790 = DIRECTION ( 'NONE',  ( -0.9979667679596445629, 0.000000000000000000, 0.06373641069420751815 ) ) ;
#1791 = VERTEX_POINT ( 'NONE', #419 ) ;
#1792 = DIRECTION ( 'NONE',  ( -0.000000000000000000, -1.000000000000000000, 0.000000000000000000 ) ) ;
#1793 = B_SPLINE_CURVE_WITH_KNOTS ( 'NONE', 3,
 ( #1300, #1555, #1730, #1715, #2352, #79, #889, #1964, #2583, #1120, #1951, #2380, #527, #1772, #2159, #1108 ),
 .UNSPECIFIED., .F., .F.,
 ( 4, 2, 2, 2, 2, 2, 2, 4 ),
 ( 0.004812385841382486006, 0.005112601469568996138, 0.005412817097755505402, 0.006013248354128524799, 0.006313463982315034931, 0.006613679610501544195, 0.006913895238688054327, 0.007214110866874563592 ),
 .UNSPECIFIED. ) ;
#1794 = ORIENTED_EDGE ( 'NONE', *, *, #268, .T. ) ;
#1795 = CYLINDRICAL_SURFACE ( 'NONE', #2459, 0.5500000000000000444 ) ;
#1796 = CARTESIAN_POINT ( 'NONE',  ( 0.4001094313074274322, 1.800000000000000266, 1.131332154134605750 ) ) ;
#1797 = PRODUCT ( '기어_모터', '기어_모터', '', ( #2653 ) ) ;
#1798 = EDGE_CURVE ( 'NONE', #304, #2590, #832, .T. ) ;
#1799 = AXIS2_PLACEMENT_3D ( 'NONE', #564, #1974, #2244 ) ;
#1800 = VECTOR ( 'NONE', #1939, 100.0000000000000000 ) ;
#1801 = ORIENTED_EDGE ( 'NONE', *, *, #867, .F. ) ;
#1802 = APPROVAL ( #992, 'UNSPECIFIED' ) ;
#1803 = CARTESIAN_POINT ( 'NONE',  ( -0.7797076699450112836, 1.800000000000000266, -0.9121710088732933874 ) ) ;
#1804 = CIRCLE ( 'NONE', #2110, 0.1000000000000000056 ) ;
#1805 = DIRECTION ( 'NONE',  ( 0.000000000000000000, 1.000000000000000000, 0.000000000000000000 ) ) ;
#1806 = LINE ( 'NONE', #384, #84 ) ;
#1807 = ORIENTED_EDGE ( 'NONE', *, *, #1061, .T. ) ;
#1808 = DIRECTION ( 'NONE',  ( 0.000000000000000000, 0.000000000000000000, 1.000000000000000000 ) ) ;
#1809 = ORIENTED_EDGE ( 'NONE', *, *, #404, .T. ) ;
#1810 = CARTESIAN_POINT ( 'NONE',  ( -0.1500000000000068223, 0.2898429328953113782, -0.2000000000001921352 ) ) ;
#1811 = ORIENTED_EDGE ( 'NONE', *, *, #1448, .T. ) ;
#1812 = CIRCLE ( 'NONE', #1581, 0.09999999999999992228 ) ;
#1813 = VECTOR ( 'NONE', #1829, 100.0000000000000000 ) ;
#1814 = ORIENTED_EDGE ( 'NONE', *, *, #2147, .T. ) ;
#1815 = FACE_OUTER_BOUND ( 'NONE', #2281, .T. ) ;
#1816 = FACE_OUTER_BOUND ( 'NONE', #1249, .T. ) ;
#1817 = CALENDAR_DATE ( 2024, 26, 9 ) ;
#1818 = ORIENTED_EDGE ( 'NONE', *, *, #2600, .T. ) ;
#1819 = ADVANCED_FACE ( 'NONE', ( #1253 ), #2652, .F. ) ;
#1820 = CARTESIAN_POINT ( 'NONE',  ( -0.06648512973981356156, 0.1651804917207614631, -1.198191280391258218 ) ) ;
#1821 = LINE ( 'NONE', #2643, #2560 ) ;
#1822 = ORIENTED_EDGE ( 'NONE', *, *, #2337, .T. ) ;
#1823 = ORIENTED_EDGE ( 'NONE', *, *, #2524, .F. ) ;
#1824 = FACE_OUTER_BOUND ( 'NONE', #2683, .T. ) ;
#1825 = EDGE_CURVE ( 'NONE', #137, #2520, #1804, .T. ) ;
#1826 = CARTESIAN_POINT ( 'NONE',  ( -0.1449969116478254938, 0.2603056977044092002, -0.2036711950428767848 ) ) ;
#1827 = ORIENTED_EDGE ( 'NONE', *, *, #1674, .T. ) ;
#1828 = ORIENTED_EDGE ( 'NONE', *, *, #1619, .F. ) ;
#1829 = DIRECTION ( 'NONE',  ( 0.000000000000000000, 1.000000000000000000, 0.000000000000000000 ) ) ;
#1830 = CARTESIAN_POINT ( 'NONE',  ( 0.03883355259422546779, 0.4452153938852668746, 1.199409826862883444 ) ) ;
#1831 = DIRECTION ( 'NONE',  ( 0.000000000000000000, 0.000000000000000000, 1.000000000000000000 ) ) ;
#1832 = EDGE_LOOP ( 'NONE', ( #2389, #2461, #2587, #1788 ) ) ;
#1833 = FACE_OUTER_BOUND ( 'NONE', #535, .T. ) ;
#1834 = DIRECTION ( 'NONE',  ( -0.000000000000000000, 1.000000000000000000, -0.000000000000000000 ) ) ;
#1835 = AXIS2_PLACEMENT_3D ( 'NONE', #590, #1164, #2628 ) ;
#1836 = CARTESIAN_POINT ( 'NONE',  ( 0.000000000000000000, 0.6000000000000001998, 0.000000000000000000 ) ) ;
#1837 = AXIS2_PLACEMENT_3D ( 'NONE', #377, #1214, #1201 ) ;
#1838 = VECTOR ( 'NONE', #421, 100.0000000000000000 ) ;
#1839 = DIRECTION ( 'NONE',  ( 0.000000000000000000, 1.000000000000000000, 0.000000000000000000 ) ) ;
#1840 = ORIENTED_EDGE ( 'NONE', *, *, #2030, .F. ) ;
#1841 = ADVANCED_FACE ( 'NONE', ( #609 ), #2451, .F. ) ;
#1842 = ORIENTED_EDGE ( 'NONE', *, *, #1542, .T. ) ;
#1843 = CARTESIAN_POINT ( 'NONE',  ( 0.06651148242592269666, 0.4348062031121542326, 1.198189782041960472 ) ) ;
#1844 = PERSON_AND_ORGANIZATION ( #1663, #1859 ) ;
#1845 = EDGE_LOOP ( 'NONE', ( #1998, #714, #2279, #1215 ) ) ;
#1846 = CARTESIAN_POINT ( 'NONE',  ( -0.1499999999999999944, 0.2999999999999999889, 1.190588089979066178 ) ) ;
#1847 = DIRECTION ( 'NONE',  ( -0.000000000000000000, 1.000000000000000000, -0.000000000000000000 ) ) ;
#1848 = EDGE_CURVE ( 'NONE', #1552, #222, #622, .T. ) ;
#1849 = LINE ( 'NONE', #952, #711 ) ;
#1850 = ORIENTED_EDGE ( 'NONE', *, *, #268, .F. ) ;
#1851 = EDGE_CURVE ( 'NONE', #1493, #2258, #1242, .T. ) ;
#1852 = DIRECTION ( 'NONE',  ( -0.000000000000000000, 1.000000000000000000, -0.000000000000000000 ) ) ;
#1853 = ORIENTED_EDGE ( 'NONE', *, *, #1877, .T. ) ;
#1854 = ORIENTED_EDGE ( 'NONE', *, *, #642, .T. ) ;
#1855 = CARTESIAN_POINT ( 'NONE',  ( 0.07512008093121066987, 0.4302034425503079573, 1.197674282002804125 ) ) ;
#1856 = ADVANCED_FACE ( 'NONE', ( #2087 ), #216, .F. ) ;
#1857 = CARTESIAN_POINT ( 'NONE',  ( -0.2011021855291288407, 0.6000000000000001998, -0.5119159217834585718 ) ) ;
#1858 = LINE ( 'NONE', #410, #1165 ) ;
#1859 = ORGANIZATION ( 'UNSPECIFIED', 'UNSPECIFIED', '' ) ;
#1860 = FACE_OUTER_BOUND ( 'NONE', #657, .T. ) ;
#1861 = VERTEX_POINT ( 'NONE', #1673 ) ;
#1862 = CARTESIAN_POINT ( 'NONE',  ( 1.113130914605218846, 0.6000000000000001998, -0.08515423011524370089 ) ) ;
#1863 = EDGE_LOOP ( 'NONE', ( #98, #1549, #2194, #1006, #968, #729, #542 ) ) ;
#1864 = EDGE_CURVE ( 'NONE', #403, #592, #2501, .T. ) ;
#1865 = ORIENTED_EDGE ( 'NONE', *, *, #1897, .F. ) ;
#1866 = DIRECTION ( 'NONE',  ( 0.000000000000000000, 1.000000000000000000, 0.000000000000000000 ) ) ;
#1867 = CARTESIAN_POINT ( 'NONE',  ( 0.1927483542730002997, 1.800000000000000266, 0.1283251930536036811 ) ) ;
#1868 = LINE ( 'NONE', #1063, #391 ) ;
#1869 = ADVANCED_FACE ( 'NONE', ( #2538 ), #1934, .T. ) ;
#1870 = VECTOR ( 'NONE', #1246, 100.0000000000000000 ) ;
#1871 = DIRECTION ( 'NONE',  ( -0.000000000000000000, -1.000000000000000000, -0.000000000000000000 ) ) ;
#1872 = AXIS2_PLACEMENT_3D ( 'NONE', #109, #1979, #918 ) ;
#1873 = ORIENTED_EDGE ( 'NONE', *, *, #841, .T. ) ;
#1874 = CARTESIAN_POINT ( 'NONE',  ( -0.09262976944914878830, 0.1804684828348822601, -0.2326881427950670267 ) ) ;
#1875 = VERTEX_POINT ( 'NONE', #2305 ) ;
#1876 = ORIENTED_EDGE ( 'NONE', *, *, #2464, .T. ) ;
#1877 = EDGE_CURVE ( 'NONE', #1914, #2506, #1086, .T. ) ;
#1878 = CARTESIAN_POINT ( 'NONE',  ( 0.000000000000000000, 1.800000000000000266, 0.5500000000000000444 ) ) ;
#1879 = AXIS2_PLACEMENT_3D ( 'NONE', #1436, #1017, #1416 ) ;
#1880 = ADVANCED_FACE ( 'NONE', ( #1906 ), #1311, .T. ) ;
#1881 = CARTESIAN_POINT ( 'NONE',  ( -0.6993417434781120656, 1.800000000000000266, -0.8490707425350345616 ) ) ;
#1882 = B_SPLINE_CURVE_WITH_KNOTS ( 'NONE', 3,
 ( #63, #888, #1529, #2367, #500, #1329, #2173, #945, #108, #1383, #756, #1568, #154, #2423 ),
 .UNSPECIFIED., .F., .F.,
 ( 4, 2, 2, 2, 2, 2, 4 ),
 ( 1.390161712811664342E-18, 0.0002934610010192271437, 0.0005869220020384528780, 0.0008803830030576786665, 0.001173844004076904455, 0.001760766006115353863, 0.002347688008153802838 ),
 .UNSPECIFIED. ) ;
#1883 = DIRECTION ( 'NONE',  ( -0.000000000000000000, 1.000000000000000000, -0.000000000000000000 ) ) ;
#1884 = CARTESIAN_POINT ( 'NONE',  ( -1.016876444434392734, 1.800000000000000266, 0.4607319966215029927 ) ) ;
#1885 = ORIENTED_EDGE ( 'NONE', *, *, #1678, .F. ) ;
#1886 = VECTOR ( 'NONE', #1136, 100.0000000000000000 ) ;
#1887 = CARTESIAN_POINT ( 'NONE',  ( 3.146557907803509084E-17, 0.4500000000000000666, -0.2500000000000000000 ) ) ;
#1888 = ORIENTED_EDGE ( 'NONE', *, *, #1009, .F. ) ;
#1889 = VECTOR ( 'NONE', #229, 100.0000000000000142 ) ;
#1890 = EDGE_LOOP ( 'NONE', ( #808, #2450, #1565, #2330 ) ) ;
#1891 = CARTESIAN_POINT ( 'NONE',  ( -0.7979716675667878345, 1.800000000000000266, -0.7807386846551492843 ) ) ;
#1892 = B_SPLINE_CURVE_WITH_KNOTS ( 'NONE', 3,
 ( #594, #2290, #212, #2662, #1629, #631, #2507, #616, #426, #1443, #2044, #1644, #2278, #1887 ),
 .UNSPECIFIED., .F., .F.,
 ( 4, 2, 2, 2, 2, 2, 4 ),
 ( 0.007214110866874563592, 0.007814385748341114851, 0.008114523189074391782, 0.008414660629807666978, 0.009014935511274217370, 0.009315072952007494300, 0.009615210392740769496 ),
 .UNSPECIFIED. ) ;
#1893 = CIRCLE ( 'NONE', #929, 0.1000000000000000056 ) ;
#1894 = DIRECTION ( 'NONE',  ( 0.000000000000000000, 0.000000000000000000, -1.000000000000000000 ) ) ;
#1895 = CARTESIAN_POINT ( 'NONE',  ( -0.5438832856307670438, 0.6000000000000001998, 0.08179835946693278514 ) ) ;
#1896 = EDGE_CURVE ( 'NONE', #1579, #818, #646, .T. ) ;
#1897 = EDGE_CURVE ( 'NONE', #1177, #559, #54, .T. ) ;
#1898 = DIRECTION ( 'NONE',  ( 0.000000000000000000, 0.000000000000000000, 1.000000000000000000 ) ) ;
#1899 = VERTEX_POINT ( 'NONE', #686 ) ;
#1900 = FACE_OUTER_BOUND ( 'NONE', #2228, .T. ) ;
#1901 = ORIENTED_EDGE ( 'NONE', *, *, #1727, .F. ) ;
#1902 = ORIENTED_EDGE ( 'NONE', *, *, #64, .T. ) ;
#1903 = ORIENTED_EDGE ( 'NONE', *, *, #1390, .T. ) ;
#1904 = ADVANCED_FACE ( 'NONE', ( #886 ), #898, .T. ) ;
#1905 = CARTESIAN_POINT ( 'NONE',  ( -0.1499999999999999944, 0.3000000000000059286, 0.2000000000004805711 ) ) ;
#1906 = FACE_OUTER_BOUND ( 'NONE', #1645, .T. ) ;
#1907 = CARTESIAN_POINT ( 'NONE',  ( 0.000000000000000000, 0.6000000000000001998, 0.000000000000000000 ) ) ;
#1908 = DIRECTION ( 'NONE',  ( -0.000000000000000000, -0.000000000000000000, 1.000000000000000000 ) ) ;
#1909 = DIRECTION ( 'NONE',  ( -0.000000000000000000, -1.000000000000000000, 0.000000000000000000 ) ) ;
#1910 = CARTESIAN_POINT ( 'NONE',  ( -1.081499009481415863, 0.6000000000000001998, -0.2008977164895529854 ) ) ;
#1911 = DIRECTION ( 'NONE',  ( 0.000000000000000000, 0.000000000000000000, 1.000000000000000000 ) ) ;
#1912 = CARTESIAN_POINT ( 'NONE',  ( 0.3640597967047113359, 0.6000000000000001998, 0.4122626158449543277 ) ) ;
#1913 = ORIENTED_EDGE ( 'NONE', *, *, #429, .T. ) ;
#1914 = VERTEX_POINT ( 'NONE', #1891 ) ;
#1915 = ORIENTED_EDGE ( 'NONE', *, *, #2661, .F. ) ;
#1916 = DIRECTION ( 'NONE',  ( 0.000000000000000000, 1.000000000000000000, 0.000000000000000000 ) ) ;
#1917 = DIRECTION ( 'NONE',  ( 0.7235179219327446676, 0.000000000000000000, 0.6903055965600473076 ) ) ;
#1918 = EDGE_CURVE ( 'NONE', #1420, #1722, #1047, .T. ) ;
#1919 = CARTESIAN_POINT ( 'NONE',  ( 0.000000000000000000, 0.6000000000000001998, 0.5500000000000000444 ) ) ;
#1920 = VECTOR ( 'NONE', #2004, 100.0000000000000000 ) ;
#1921 = CARTESIAN_POINT ( 'NONE',  ( 1.084987704384511087, 1.800000000000000266, -0.1811123445114376507 ) ) ;
#1922 = DIRECTION ( 'NONE',  ( -0.000000000000000000, 1.000000000000000000, -0.000000000000000000 ) ) ;
#1923 = DIRECTION ( 'NONE',  ( -0.6903055965600300992, 0.000000000000000000, -0.7235179219327612099 ) ) ;
#1924 = CARTESIAN_POINT ( 'NONE',  ( 0.000000000000000000, 0.000000000000000000, -0.2500000000000000000 ) ) ;
#1925 = CARTESIAN_POINT ( 'NONE',  ( 0.000000000000000000, 0.6000000000000001998, 0.000000000000000000 ) ) ;
#1926 = CARTESIAN_POINT ( 'NONE',  ( -0.2011021855291288407, 0.6000000000000001998, -0.5119159217834585718 ) ) ;
#1927 = AXIS2_PLACEMENT_3D ( 'NONE', #1365, #133, #930 ) ;
#1928 = CIRCLE ( 'NONE', #1707, 0.09999999999999992228 ) ;
#1929 = ORIENTED_EDGE ( 'NONE', *, *, #2381, .T. ) ;
#1930 = VERTEX_POINT ( 'NONE', #2348 ) ;
#1931 = ADVANCED_FACE ( 'NONE', ( #842 ), #255, .T. ) ;
#1932 = AXIS2_PLACEMENT_3D ( 'NONE', #59, #1525, #2364 ) ;
#1933 = CARTESIAN_POINT ( 'NONE',  ( -0.1490186513788324396, 0.2802603878356246803, 1.190712888735426800 ) ) ;
#1934 = PLANE ( 'NONE',  #1574 ) ;
#1935 = CARTESIAN_POINT ( 'NONE',  ( 0.3427811001016385362, 0.6000000000000001998, 0.4301175623165258699 ) ) ;
#1936 = CARTESIAN_POINT ( 'NONE',  ( -0.7797076699450112836, 1.800000000000000266, -0.9121710088732936095 ) ) ;
#1937 = DIRECTION ( 'NONE',  ( 0.000000000000000000, 0.000000000000000000, -1.000000000000000000 ) ) ;
#1938 = EDGE_CURVE ( 'NONE', #2601, #1412, #1472, .T. ) ;
#1939 = DIRECTION ( 'NONE',  ( -0.000000000000000000, -1.000000000000000000, -0.000000000000000000 ) ) ;
#1940 = DIRECTION ( 'NONE',  ( 0.000000000000000000, 1.000000000000000000, -0.000000000000000000 ) ) ;
#1941 = CARTESIAN_POINT ( 'NONE',  ( -1.081499009481415863, 0.6000000000000001998, -0.2008977164895529854 ) ) ;
#1942 = AXIS2_PLACEMENT_3D ( 'NONE', #1339, #1117, #900 ) ;
#1943 = CARTESIAN_POINT ( 'NONE',  ( -0.5390597967047109362, 0.6000000000000001998, 0.1091537245204012158 ) ) ;
#1944 = ORIENTED_EDGE ( 'NONE', *, *, #820, .T. ) ;
#1945 = VERTEX_POINT ( 'NONE', #2563 ) ;
#1946 = ADVANCED_FACE ( 'NONE', ( #700 ), #1711, .T. ) ;
#1947 = LINE ( 'NONE', #254, #1712 ) ;
#1948 = DIRECTION ( 'NONE',  ( -0.000000000000000000, -1.000000000000000000, 0.000000000000000000 ) ) ;
#1949 = CYLINDRICAL_SURFACE ( 'NONE', #1942, 0.1000000000000000056 ) ;
#1950 = DIRECTION ( 'NONE',  ( -0.4437860331725860807, 0.000000000000000000, -0.8961327785328133677 ) ) ;
#1951 = CARTESIAN_POINT ( 'NONE',  ( 0.1344008693128468657, 0.2326791562403724700, -0.2108488291656332170 ) ) ;
#1952 = LINE ( 'NONE', #2554, #1088 ) ;
#1953 = CARTESIAN_POINT ( 'NONE',  ( 0.09219530340829772130, 0.1800720591135102355, -1.196533742351279850 ) ) ;
#1954 = CARTESIAN_POINT ( 'NONE',  ( 0.3640597967047113359, 0.6000000000000001998, 0.4122626158449543277 ) ) ;
#1955 = EDGE_CURVE ( 'NONE', #1469, #2014, #1091, .T. ) ;
#1956 = VERTEX_POINT ( 'NONE', #498 ) ;
#1957 = ORIENTED_EDGE ( 'NONE', *, *, #1238, .T. ) ;
#1958 = CARTESIAN_POINT ( 'NONE',  ( 0.1192750470765194665, 0.2085147024177175235, 1.194070118234721978 ) ) ;
#1959 = DIRECTION ( 'NONE',  ( 0.000000000000000000, 1.000000000000000000, 0.000000000000000000 ) ) ;
#1960 = CIRCLE ( 'NONE', #2388, 1.200000000000000178 ) ;
#1961 = EDGE_CURVE ( 'NONE', #452, #2191, #2112, .T. ) ;
#1962 = CARTESIAN_POINT ( 'NONE',  ( 0.2301396498166507765, 0.6000000000000001998, -0.02559345286327369476 ) ) ;
#1963 = CARTESIAN_POINT ( 'NONE',  ( -0.01004529661631145890, 1.800000000000000266, -1.099954131778180466 ) ) ;
#1964 = CARTESIAN_POINT ( 'NONE',  ( 0.1130040387002183289, 0.2008959760855046905, -0.2231271833134749472 ) ) ;
#1965 = VECTOR ( 'NONE', #2484, 100.0000000000000000 ) ;
#1966 = AXIS2_PLACEMENT_3D ( 'NONE', #1076, #1700, #1090 ) ;
#1967 = EDGE_CURVE ( 'NONE', #400, #1469, #45, .T. ) ;
#1968 = DIRECTION ( 'NONE',  ( -0.7235179219327610989, 0.000000000000000000, 0.6903055965600299881 ) ) ;
#1969 = FACE_OUTER_BOUND ( 'NONE', #1832, .T. ) ;
#1970 = CARTESIAN_POINT ( 'NONE',  ( -0.2250140070994483543, 1.800000000000000266, -0.05466241721916125645 ) ) ;
#1971 = ORIENTED_EDGE ( 'NONE', *, *, #1323, .F. ) ;
#1972 = VECTOR ( 'NONE', #1134, 100.0000000000000000 ) ;
#1973 = ORIENTED_EDGE ( 'NONE', *, *, #1766, .T. ) ;
#1974 = DIRECTION ( 'NONE',  ( 0.000000000000000000, 1.000000000000000000, 0.000000000000000000 ) ) ;
#1975 = ORIENTED_EDGE ( 'NONE', *, *, #1382, .F. ) ;
#1976 = FACE_OUTER_BOUND ( 'NONE', #2485, .T. ) ;
#1977 = DIRECTION ( 'NONE',  ( 0.000000000000000000, 1.000000000000000000, -0.000000000000000000 ) ) ;
#1978 = AXIS2_PLACEMENT_3D ( 'NONE', #1296, #1948, #75 ) ;
#1979 = DIRECTION ( 'NONE',  ( -0.000000000000000000, -1.000000000000000000, -0.000000000000000000 ) ) ;
#1980 = DIRECTION ( 'NONE',  ( 0.000000000000000000, 0.000000000000000000, 1.000000000000000000 ) ) ;
#1981 = DIRECTION ( 'NONE',  ( 0.000000000000000000, 0.000000000000000000, 1.000000000000000000 ) ) ;
#1982 = EDGE_CURVE ( 'NONE', #1751, #1667, #1484, .T. ) ;
#1983 = VECTOR ( 'NONE', #152, 100.0000000000000000 ) ;
#1984 = CARTESIAN_POINT ( 'NONE',  ( 0.06516796160566946938, 1.800000000000000266, 0.2221990549650382507 ) ) ;
#1985 = EDGE_CURVE ( 'NONE', #1348, #2615, #852, .T. ) ;
#1986 = ORIENTED_EDGE ( 'NONE', *, *, #931, .F. ) ;
#1987 = ORIENTED_EDGE ( 'NONE', *, *, #1938, .F. ) ;
#1988 = ORIENTED_EDGE ( 'NONE', *, *, #2353, .F. ) ;
#1989 = DIRECTION ( 'NONE',  ( 0.8054558720930344862, 0.000000000000000000, -0.5926557500867170036 ) ) ;
#1990 = ORIENTED_EDGE ( 'NONE', *, *, #2138, .T. ) ;
#1991 = DIRECTION ( 'NONE',  ( -0.000000000000000000, -1.000000000000000000, 0.000000000000000000 ) ) ;
#1992 = DIRECTION ( 'NONE',  ( -0.000000000000000000, -1.000000000000000000, -0.000000000000000000 ) ) ;
#1993 = CARTESIAN_POINT ( 'NONE',  ( -0.09906147130662984468, 0.1869305687043757991, -1.195924811110717245 ) ) ;
#1994 = CARTESIAN_POINT ( 'NONE',  ( 0.9475655728094022345, 1.800000000000000266, 0.5586765479473698726 ) ) ;
#1995 = DIRECTION ( 'NONE',  ( -0.000000000000000000, -1.000000000000000000, 0.000000000000000000 ) ) ;
#1996 = ORIENTED_EDGE ( 'NONE', *, *, #1955, .F. ) ;
#1997 = CARTESIAN_POINT ( 'NONE',  ( -0.3640597967047108918, 0.6000000000000001998, 0.4122626158449546052 ) ) ;
#1998 = ORIENTED_EDGE ( 'NONE', *, *, #171, .F. ) ;
#1999 = DIRECTION ( 'NONE',  ( -0.9938731219032741482, 0.000000000000000000, -0.1105269992275175611 ) ) ;
#2000 = ORIENTED_EDGE ( 'NONE', *, *, #38, .F. ) ;
#2001 = CARTESIAN_POINT ( 'NONE',  ( -0.3856459609063957461, 1.800000000000000266, 1.030183087046464552 ) ) ;
#2002 = CIRCLE ( 'NONE', #816, 0.5500000000000000444 ) ;
#2003 = VECTOR ( 'NONE', #625, 100.0000000000000000 ) ;
#2004 = DIRECTION ( 'NONE',  ( -0.000000000000000000, -1.000000000000000000, -0.000000000000000000 ) ) ;
#2005 = EDGE_CURVE ( 'NONE', #1658, #573, #2320, .T. ) ;
#2006 = APPROVAL_STATUS ( 'not_yet_approved' ) ;
#2007 = ORIENTED_EDGE ( 'NONE', *, *, #1118, .F. ) ;
#2008 = FACE_OUTER_BOUND ( 'NONE', #1444, .T. ) ;
#2009 = DIRECTION ( 'NONE',  ( 0.000000000000000000, 0.000000000000000000, -1.000000000000000000 ) ) ;
#2010 = DIRECTION ( 'NONE',  ( -0.000000000000000000, 1.000000000000000000, -0.000000000000000000 ) ) ;
#2011 = ORIENTED_EDGE ( 'NONE', *, *, #2088, .T. ) ;
#2012 = CIRCLE ( 'NONE', #613, 0.2500000000000000000 ) ;
#2013 = CARTESIAN_POINT ( 'NONE',  ( 0.000000000000000000, 0.6000000000000001998, 0.000000000000000000 ) ) ;
#2014 = VERTEX_POINT ( 'NONE', #1115 ) ;
#2015 = DIRECTION ( 'NONE',  ( 0.000000000000000000, 1.000000000000000000, 0.000000000000000000 ) ) ;
#2016 = ORIENTED_EDGE ( 'NONE', *, *, #1610, .T. ) ;
#2017 = EDGE_CURVE ( 'NONE', #655, #1415, #308, .T. ) ;
#2018 = EDGE_LOOP ( 'NONE', ( #1160, #1842, #1679, #864 ) ) ;
#2019 = LINE ( 'NONE', #525, #238 ) ;
#2020 = CARTESIAN_POINT ( 'NONE',  ( -0.2301396498166507765, 1.800000000000000266, -0.02559345286327369476 ) ) ;
#2021 = AXIS2_PLACEMENT_3D ( 'NONE', #163, #1170, #738 ) ;
#2022 = VECTOR ( 'NONE', #893, 100.0000000000000000 ) ;
#2023 = CALENDAR_DATE ( 2024, 26, 9 ) ;
#2024 = B_SPLINE_CURVE_WITH_KNOTS ( 'NONE', 3,
 ( #294, #1524, #58, #851, #1696, #2376, #670, #1958, #266, #2136, #2363, #2347, #497, #2169 ),
 .UNSPECIFIED., .F., .F.,
 ( 4, 2, 2, 2, 2, 2, 4 ),
 ( 0.000000000000000000, 0.0002934607505703685517, 0.0005869215011407371034, 0.0008803822517111057093, 0.001173843002281474207, 0.001760764503422210985, 0.002347686004562947980 ),
 .UNSPECIFIED. ) ;
#2025 = ORIENTED_EDGE ( 'NONE', *, *, #1331, .F. ) ;
#2026 = CARTESIAN_POINT ( 'NONE',  ( -0.1451787041870691575, 0.2610208620162174364, -1.191187175295525202 ) ) ;
#2027 = CIRCLE ( 'NONE', #752, 0.1000000000000000056 ) ;
#2028 = DIRECTION ( 'NONE',  ( -0.000000000000000000, -1.000000000000000000, -0.000000000000000000 ) ) ;
#2029 = DIRECTION ( 'NONE',  ( -0.000000000000000000, 1.000000000000000000, -0.000000000000000000 ) ) ;
#2030 = EDGE_CURVE ( 'NONE', #1022, #379, #914, .T. ) ;
#2031 = ORIENTED_EDGE ( 'NONE', *, *, #2578, .F. ) ;
#2032 = CARTESIAN_POINT ( 'NONE',  ( 0.4831064234473415042, 0.6000000000000001998, -0.2628843540873402884 ) ) ;
#2033 = CYLINDRICAL_SURFACE ( 'NONE', #2616, 0.2500000000000000000 ) ;
#2034 = ORIENTED_EDGE ( 'NONE', *, *, #199, .F. ) ;
#2035 = ORIENTED_EDGE ( 'NONE', *, *, #2106, .F. ) ;
#2036 = LINE ( 'NONE', #2671, #2670 ) ;
#2037 = DIRECTION ( 'NONE',  ( -0.000000000000000000, -1.000000000000000000, -0.000000000000000000 ) ) ;
#2038 = PERSON_AND_ORGANIZATION_ROLE ( 'creator' ) ;
#2039 = ORIENTED_EDGE ( 'NONE', *, *, #2167, .F. ) ;
#2040 = CARTESIAN_POINT ( 'NONE',  ( 2.054667113738647348E-24, 0.1499999999999999944, -1.200000000000000178 ) ) ;
#2041 = LINE ( 'NONE', #2253, #2515 ) ;
#2042 = DIRECTION ( 'NONE',  ( 0.000000000000000000, 0.000000000000000000, 1.000000000000000000 ) ) ;
#2043 = ADVANCED_FACE ( 'NONE', ( #2325, #2382 ), #2568, .F. ) ;
#2044 = CARTESIAN_POINT ( 'NONE',  ( 0.03984610609279706783, 0.4449521606815330377, -0.2469990750011485381 ) ) ;
#2045 = ORIENTED_EDGE ( 'NONE', *, *, #1009, .T. ) ;
#2046 = ORIENTED_EDGE ( 'NONE', *, *, #510, .F. ) ;
#2047 = CARTESIAN_POINT ( 'NONE',  ( 0.000000000000000000, 1.800000000000000266, 0.000000000000000000 ) ) ;
#2048 = EDGE_CURVE ( 'NONE', #2635, #1171, #289, .T. ) ;
#2049 = CALENDAR_DATE ( 2024, 26, 9 ) ;
#2050 = ORIENTED_EDGE ( 'NONE', *, *, #727, .T. ) ;
#2051 = DIRECTION ( 'NONE',  ( 0.000000000000000000, 0.000000000000000000, 1.000000000000000000 ) ) ;
#2052 = CARTESIAN_POINT ( 'NONE',  ( -0.6993417434781120656, 1.800000000000000266, -0.8490707425350345616 ) ) ;
#2053 = VECTOR ( 'NONE', #2010, 100.0000000000000000 ) ;
#2054 = EDGE_CURVE ( 'NONE', #2122, #2372, #870, .T. ) ;
#2055 = DIRECTION ( 'NONE',  ( -0.000000000000000000, 1.000000000000000000, -0.000000000000000000 ) ) ;
#2056 = ORIENTED_EDGE ( 'NONE', *, *, #1331, .T. ) ;
#2057 = AXIS2_PLACEMENT_3D ( 'NONE', #649, #2350, #1950 ) ;
#2058 = DIRECTION ( 'NONE',  ( -0.5541807347870509881, 0.000000000000000000, 0.8323963678385942755 ) ) ;
#2059 = EDGE_LOOP ( 'NONE', ( #2025, #1657, #382, #2473 ) ) ;
#2060 = ORIENTED_EDGE ( 'NONE', *, *, #1040, .T. ) ;
#2061 = CARTESIAN_POINT ( 'NONE',  ( 1.183622950237648297, 0.6000000000000001998, -0.1975771031033864977 ) ) ;
#2062 = ORIENTED_EDGE ( 'NONE', *, *, #1716, .T. ) ;
#2063 = CIRCLE ( 'NONE', #1223, 0.1000000000000000056 ) ;
#2064 = FACE_OUTER_BOUND ( 'NONE', #1154, .T. ) ;
#2065 = VECTOR ( 'NONE', #2384, 100.0000000000000000 ) ;
#2066 = DIRECTION ( 'NONE',  ( -0.000000000000000000, -1.000000000000000000, -0.000000000000000000 ) ) ;
#2067 = AXIS2_PLACEMENT_3D ( 'NONE', #267, #1497, #1739 ) ;
#2068 = EDGE_CURVE ( 'NONE', #205, #150, #226, .T. ) ;
#2069 = CYLINDRICAL_SURFACE ( 'NONE', #367, 0.1499999999999999944 ) ;
#2070 = AXIS2_PLACEMENT_3D ( 'NONE', #1102, #658, #282 ) ;
#2071 = ORIENTED_EDGE ( 'NONE', *, *, #1409, .F. ) ;
#2072 = CARTESIAN_POINT ( 'NONE',  ( 0.06516796160566946938, 0.6000000000000001998, 0.2221990549650382507 ) ) ;
#2073 = ORIENTED_EDGE ( 'NONE', *, *, #1243, .F. ) ;
#2074 = ORIENTED_EDGE ( 'NONE', *, *, #501, .T. ) ;
#2075 = AXIS2_PLACEMENT_3D ( 'NONE', #2395, #1805, #1786 ) ;
#2076 = CARTESIAN_POINT ( 'NONE',  ( -0.01095850539961250140, 1.800000000000000266, -1.199949961939833276 ) ) ;
#2077 = AXIS2_PLACEMENT_3D ( 'NONE', #2341, #277, #1305 ) ;
#2078 = DIRECTION ( 'NONE',  ( 0.000000000000000000, 1.000000000000000000, 0.000000000000000000 ) ) ;
#2079 = CARTESIAN_POINT ( 'NONE',  ( 4.622949392850764262E-16, 0.4500000000000000666, 1.200000000000000178 ) ) ;
#2080 = DIRECTION ( 'NONE',  ( 0.000000000000000000, 0.000000000000000000, 1.000000000000000000 ) ) ;
#2081 = EDGE_CURVE ( 'NONE', #957, #573, #99, .T. ) ;
#2082 = ORIENTED_EDGE ( 'NONE', *, *, #1159, .F. ) ;
#2083 = CARTESIAN_POINT ( 'NONE',  ( 0.000000000000000000, 1.800000000000000266, 0.000000000000000000 ) ) ;
#2084 = ORIENTED_EDGE ( 'NONE', *, *, #1438, .F. ) ;
#2085 = ORIENTED_EDGE ( 'NONE', *, *, #1273, .F. ) ;
#2086 = EDGE_CURVE ( 'NONE', #1182, #1408, #1077, .T. ) ;
#2087 = FACE_OUTER_BOUND ( 'NONE', #1045, .T. ) ;
#2088 = EDGE_CURVE ( 'NONE', #1861, #137, #1317, .T. ) ;
#2089 = CARTESIAN_POINT ( 'NONE',  ( 0.9074438356277469975, 1.800000000000000266, 0.6502748350794238519 ) ) ;
#2090 = CARTESIAN_POINT ( 'NONE',  ( -0.1499999999999999944, 0.3195932919553979290, 1.190588089979066178 ) ) ;
#2091 = AXIS2_PLACEMENT_3D ( 'NONE', #2585, #907, #2161 ) ;
#2092 = DIRECTION ( 'NONE',  ( -0.000000000000000000, 1.000000000000000000, -0.000000000000000000 ) ) ;
#2093 = AXIS2_PLACEMENT_3D ( 'NONE', #746, #764, #1403 ) ;
#2094 = EDGE_LOOP ( 'NONE', ( #1190, #1809, #2192, #849 ) ) ;
#2095 = CARTESIAN_POINT ( 'NONE',  ( 0.9576108694257136067, 1.800000000000000266, 0.5412775838308186982 ) ) ;
#2096 = ORIENTED_EDGE ( 'NONE', *, *, #820, .F. ) ;
#2097 = VECTOR ( 'NONE', #2108, 100.0000000000000000 ) ;
#2098 = VECTOR ( 'NONE', #1026, 100.0000000000000000 ) ;
#2099 = ORIENTED_EDGE ( 'NONE', *, *, #64, .F. ) ;
#2100 = CARTESIAN_POINT ( 'NONE',  ( 0.09912184178939649482, 0.4130056020596133970, 1.195919299335856500 ) ) ;
#2101 = ADVANCED_FACE ( 'NONE', ( #677 ), #515, .T. ) ;
#2102 = VECTOR ( 'NONE', #2394, 100.0000000000000000 ) ;
#2103 = DIRECTION ( 'NONE',  ( 1.734723475976807094E-15, 0.000000000000000000, 1.000000000000000000 ) ) ;
#2104 = CARTESIAN_POINT ( 'NONE',  ( 0.09290524455817072980, 0.6000000000000001998, 0.2121035095909205859 ) ) ;
#2105 = CARTESIAN_POINT ( 'NONE',  ( 0.000000000000000000, 0.6000000000000001998, 0.000000000000000000 ) ) ;
#2106 = EDGE_CURVE ( 'NONE', #1012, #634, #1544, .T. ) ;
#2107 = VERTEX_POINT ( 'NONE', #1702 ) ;
#2108 = DIRECTION ( 'NONE',  ( -0.9159828713205390160, 0.000000000000000000, -0.4012173718165514269 ) ) ;
#2109 = VERTEX_POINT ( 'NONE', #1762 ) ;
#2110 = AXIS2_PLACEMENT_3D ( 'NONE', #785, #392, #194 ) ;
#2111 = ORIENTED_EDGE ( 'NONE', *, *, #713, .T. ) ;
#2112 = LINE ( 'NONE', #466, #1445 ) ;
#2113 = DIRECTION ( 'NONE',  ( 0.000000000000000000, 0.000000000000000000, 1.000000000000000000 ) ) ;
#2114 = CARTESIAN_POINT ( 'NONE',  ( -0.04839712108531348672, 0.4423182089570484310, 1.199058152726032445 ) ) ;
#2115 = DIRECTION ( 'NONE',  ( -0.000000000000000000, 1.000000000000000000, -0.000000000000000000 ) ) ;
#2116 = FACE_OUTER_BOUND ( 'NONE', #585, .T. ) ;
#2117 = CARTESIAN_POINT ( 'NONE',  ( -0.02019049707044808309, 0.4489665942994000014, 0.2493762125570875288 ) ) ;
#2118 = EDGE_CURVE ( 'NONE', #2420, #2120, #2338, .T. ) ;
#2119 = CARTESIAN_POINT ( 'NONE',  ( 0.000000000000000000, 0.6000000000000001998, 0.000000000000000000 ) ) ;
#2120 = VERTEX_POINT ( 'NONE', #1717 ) ;
#2121 = ORIENTED_EDGE ( 'NONE', *, *, #171, .T. ) ;
#2122 = VERTEX_POINT ( 'NONE', #67 ) ;
#2123 = DIRECTION ( 'NONE',  ( 0.000000000000000000, 0.000000000000000000, 1.000000000000000000 ) ) ;
#2124 = CARTESIAN_POINT ( 'NONE',  ( -0.01475869999346142263, 0.6000000000000001998, -0.2310875678648671161 ) ) ;
#2125 = DIRECTION ( 'NONE',  ( -0.000000000000000000, -1.000000000000000000, -0.000000000000000000 ) ) ;
#2126 = EDGE_CURVE ( 'NONE', #2372, #57, #1952, .T. ) ;
#2127 = CARTESIAN_POINT ( 'NONE',  ( -1.113130914605218402, 0.6000000000000001998, -0.08515423011525796726 ) ) ;
#2128 = CYLINDRICAL_SURFACE ( 'NONE', #1389, 0.5500000000000000444 ) ;
#2129 = CARTESIAN_POINT ( 'NONE',  ( 0.1450250503481770037, 0.3395709033854866776, 0.2036508757286490390 ) ) ;
#2130 = CARTESIAN_POINT ( 'NONE',  ( 0.000000000000000000, 1.800000000000000266, 0.000000000000000000 ) ) ;
#2131 = EDGE_CURVE ( 'NONE', #1348, #791, #693, .T. ) ;
#2132 = CARTESIAN_POINT ( 'NONE',  ( -0.1420051277839517734, 0.3492924908527583749, 0.2058038983424518298 ) ) ;
#2133 = DIRECTION ( 'NONE',  ( 0.000000000000000000, 0.000000000000000000, 1.000000000000000000 ) ) ;
#2134 = ORIENTED_EDGE ( 'NONE', *, *, #1418, .F. ) ;
#2135 = ORIENTED_EDGE ( 'NONE', *, *, #946, .T. ) ;
#2136 = CARTESIAN_POINT ( 'NONE',  ( 0.09219259703971439956, 0.1800711561298895258, 1.196533901776413167 ) ) ;
#2137 = DIRECTION ( 'NONE',  ( -0.06373641069420753202, 0.000000000000000000, -0.9979667679596446739 ) ) ;
#2138 = EDGE_CURVE ( 'NONE', #2635, #451, #1928, .T. ) ;
#2139 = CARTESIAN_POINT ( 'NONE',  ( -0.4001094313074419206, 1.800000000000000266, 1.131332154134600865 ) ) ;
#2140 = CIRCLE ( 'NONE', #2608, 0.1000000000000000056 ) ;
#2141 = CARTESIAN_POINT ( 'NONE',  ( -0.4001094313074419206, 0.6000000000000001998, 1.131332154134600643 ) ) ;
#2142 = DIRECTION ( 'NONE',  ( 0.000000000000000000, 1.000000000000000000, 0.000000000000000000 ) ) ;
#2143 = CARTESIAN_POINT ( 'NONE',  ( 0.1299064116204389496, 0.3756043001683818106, 0.2136870871816284045 ) ) ;
#2144 = CARTESIAN_POINT ( 'NONE',  ( 0.07589271244432732599, 0.1702553369372374059, 0.2383539497417951070 ) ) ;
#2145 = DIRECTION ( 'NONE',  ( 0.000000000000000000, 0.000000000000000000, 1.000000000000000000 ) ) ;
#2146 = DIRECTION ( 'NONE',  ( 0.8054558720930347082, 0.000000000000000000, -0.5926557500867170036 ) ) ;
#2147 = EDGE_CURVE ( 'NONE', #2559, #319, #1489, .T. ) ;
#2148 = EDGE_LOOP ( 'NONE', ( #1828, #971, #1128, #450 ) ) ;
#2149 = CIRCLE ( 'NONE', #1927, 0.1000000000000000056 ) ;
#2150 = AXIS2_PLACEMENT_3D ( 'NONE', #679, #2356, #1319 ) ;
#2151 = B_SPLINE_CURVE_WITH_KNOTS ( 'NONE', 3,
 ( #1753, #1085, #509, #2319, #453, #2576, #716, #1537, #1337, #868, #1710, #2537, #1496, #1933, #361, #2203 ),
 .UNSPECIFIED., .F., .F.,
 ( 4, 2, 2, 2, 2, 2, 2, 4 ),
 ( 0.002347686004562947980, 0.002641009143692820381, 0.002934332282822692782, 0.003520978561082437584, 0.003814301700212309985, 0.004107624839342181519, 0.004400947978472053920, 0.004694271117601926321 ),
 .UNSPECIFIED. ) ;
#2152 = ORIENTED_EDGE ( 'NONE', *, *, #1454, .F. ) ;
#2153 = ORIENTED_EDGE ( 'NONE', *, *, #1061, .F. ) ;
#2154 = CIRCLE ( 'NONE', #1048, 0.5500000000000000444 ) ;
#2155 = CARTESIAN_POINT ( 'NONE',  ( -0.7797076699450112836, 0.6000000000000001998, -0.9121710088732933874 ) ) ;
#2156 = CARTESIAN_POINT ( 'NONE',  ( 0.01004529661631145890, 1.800000000000000266, -1.099954131778180466 ) ) ;
#2157 = CARTESIAN_POINT ( 'NONE',  ( 0.6993417434781231679, 1.800000000000000266, -0.8490707425350254578 ) ) ;
#2158 = DIRECTION ( 'NONE',  ( 0.000000000000000000, 0.000000000000000000, 1.000000000000000000 ) ) ;
#2159 = CARTESIAN_POINT ( 'NONE',  ( 0.1500000000000000777, 0.2899250999840383702, -0.2000000000000000389 ) ) ;
#2160 = CARTESIAN_POINT ( 'NONE',  ( 0.000000000000000000, 0.6000000000000001998, 0.000000000000000000 ) ) ;
#2161 = DIRECTION ( 'NONE',  ( 0.000000000000000000, 0.000000000000000000, -1.000000000000000000 ) ) ;
#2162 = CIRCLE ( 'NONE', #2414, 1.200000000000000178 ) ;
#2163 = CARTESIAN_POINT ( 'NONE',  ( 0.000000000000000000, 0.6000000000000001998, 0.000000000000000000 ) ) ;
#2164 = AXIS2_PLACEMENT_3D ( 'NONE', #871, #2580, #76 ) ;
#2165 = DIRECTION ( 'NONE',  ( -0.000000000000000000, 1.000000000000000000, -0.000000000000000000 ) ) ;
#2166 = EDGE_LOOP ( 'NONE', ( #566, #305, #2667, #2404 ) ) ;
#2167 = EDGE_CURVE ( 'NONE', #1956, #1177, #2529, .T. ) ;
#2168 = ORIENTED_EDGE ( 'NONE', *, *, #507, .T. ) ;
#2169 = CARTESIAN_POINT ( 'NONE',  ( 1.469576177339086582E-16, 0.1499999999999999944, 1.200000000000000178 ) ) ;
#2170 = CARTESIAN_POINT ( 'NONE',  ( 0.000000000000000000, 0.000000000000000000, 0.000000000000000000 ) ) ;
#2171 = EDGE_CURVE ( 'NONE', #1945, #1044, #276, .T. ) ;
#2172 = DIRECTION ( 'NONE',  ( 0.000000000000000000, 0.000000000000000000, 1.000000000000000000 ) ) ;
#2173 = CARTESIAN_POINT ( 'NONE',  ( -0.07518405217382301275, 0.4301670318309021024, -1.197670287331070060 ) ) ;
#2174 = B_SPLINE_CURVE_WITH_KNOTS ( 'NONE', 3,
 ( #665, #894, #53, #2357, #2132, #653, #1734, #1491, #2327, #492, #2557, #37, #448, #2117, #680, #879 ),
 .UNSPECIFIED., .F., .F.,
 ( 4, 2, 2, 2, 2, 2, 2, 4 ),
 ( 0.004810348849722996707, 0.005110571041342232106, 0.005410793232961467504, 0.006011237616199939168, 0.006311459807819175434, 0.006611681999438411700, 0.006911904191057648833, 0.007212126382676885099 ),
 .UNSPECIFIED. ) ;
#2175 = CARTESIAN_POINT ( 'NONE',  ( 0.1499999999999999944, 0.3101719309041144346, 0.2000000000000001221 ) ) ;
#2176 = DIRECTION ( 'NONE',  ( 0.000000000000000000, 1.000000000000000000, -0.000000000000000000 ) ) ;
#2177 = CARTESIAN_POINT ( 'NONE',  ( 1.469576158976824046E-16, 1.800000000000000266, 1.200000000000000178 ) ) ;
#2178 = ORIENTED_EDGE ( 'NONE', *, *, #789, .F. ) ;
#2179 = ORIENTED_EDGE ( 'NONE', *, *, #66, .F. ) ;
#2180 = CARTESIAN_POINT ( 'NONE',  ( 6.955665787562055791E-17, 0.4500000000000000666, -1.200000000000000178 ) ) ;
#2181 = ORIENTED_EDGE ( 'NONE', *, *, #1961, .T. ) ;
#2182 = ADVANCED_FACE ( 'NONE', ( #723 ), #1519, .T. ) ;
#2183 = PLANE ( 'NONE',  #415 ) ;
#2184 = EDGE_CURVE ( 'NONE', #2107, #2385, #302, .T. ) ;
#2185 = CARTESIAN_POINT ( 'NONE',  ( 0.000000000000000000, 0.6000000000000001998, 0.000000000000000000 ) ) ;
#2186 = AXIS2_PLACEMENT_3D ( 'NONE', #1013, #1839, #401 ) ;
#2187 = CIRCLE ( 'NONE', #264, 0.1000000000000000056 ) ;
#2188 = DIRECTION ( 'NONE',  ( 0.000000000000000000, 1.000000000000000000, 0.000000000000000000 ) ) ;
#2189 = CARTESIAN_POINT ( 'NONE',  ( 0.1306362597053064289, 0.2237415787461813077, 0.2133471543608557175 ) ) ;
#2190 = CARTESIAN_POINT ( 'NONE',  ( -0.6993417434781120656, 1.800000000000000266, -0.9490707425350346504 ) ) ;
#2191 = VERTEX_POINT ( 'NONE', #1095 ) ;
#2192 = ORIENTED_EDGE ( 'NONE', *, *, #2434, .T. ) ;
#2193 = CARTESIAN_POINT ( 'NONE',  ( 3.061616997868383018E-17, 1.800000000000000266, 0.2500000000000000000 ) ) ;
#2194 = ORIENTED_EDGE ( 'NONE', *, *, #363, .T. ) ;
#2195 = DIRECTION ( 'NONE',  ( 0.000000000000000000, 1.000000000000000000, 0.000000000000000000 ) ) ;
#2196 = DIRECTION ( 'NONE',  ( 0.000000000000000000, 0.000000000000000000, -1.000000000000000000 ) ) ;
#2197 = LINE ( 'NONE', #1402, #1972 ) ;
#2198 = CARTESIAN_POINT ( 'NONE',  ( 3.146557907803509084E-17, 0.4500000000000000666, -0.2500000000000000000 ) ) ;
#2199 = DIRECTION ( 'NONE',  ( -0.000000000000000000, -1.000000000000000000, -0.000000000000000000 ) ) ;
#2200 = VERTEX_POINT ( 'NONE', #1748 ) ;
#2201 = ORIENTED_EDGE ( 'NONE', *, *, #1230, .F. ) ;
#2202 = EDGE_CURVE ( 'NONE', #1166, #880, #2396, .T. ) ;
#2203 = CARTESIAN_POINT ( 'NONE',  ( -0.1499999999999999944, 0.2999999999999999889, 1.190588089979066178 ) ) ;
#2204 = ORIENTED_EDGE ( 'NONE', *, *, #985, .F. ) ;
#2205 = CARTESIAN_POINT ( 'NONE',  ( 3.061616788933203702E-17, 0.4500000000000000666, 0.2500000000000000000 ) ) ;
#2206 = DIRECTION ( 'NONE',  ( -0.000000000000000000, -1.000000000000000000, 0.000000000000000000 ) ) ;
#2207 = APPLICATION_PROTOCOL_DEFINITION ( 'international standard', 'config_control_design', 1994, #2299 ) ;
#2208 = ORIENTED_EDGE ( 'NONE', *, *, #1779, .F. ) ;
#2209 = CARTESIAN_POINT ( 'NONE',  ( 0.000000000000000000, 0.6000000000000001998, 0.000000000000000000 ) ) ;
#2210 = FACE_OUTER_BOUND ( 'NONE', #225, .T. ) ;
#2211 = CARTESIAN_POINT ( 'NONE',  ( -0.1927483542730134281, 0.6000000000000001998, 0.1283251930536057628 ) ) ;
#2212 = ORIENTED_EDGE ( 'NONE', *, *, #1373, .T. ) ;
#2213 = B_SPLINE_CURVE_WITH_KNOTS ( 'NONE', 3,
 ( #1575, #1283, #1738, #1325, #1310, #885, #1724, #2547, #1114, #897, #306, #1905 ),
 .UNSPECIFIED., .F., .F.,
 ( 4, 2, 2, 2, 2, 4 ),
 ( 0.002407886048846110023, 0.003008501749065331261, 0.003609117449284552498, 0.004209733149503774169, 0.004510040999613385004, 0.004810348849722996707 ),
 .UNSPECIFIED. ) ;
#2214 = DIRECTION ( 'NONE',  ( 0.000000000000000000, 1.000000000000000000, 0.000000000000000000 ) ) ;
#2215 = EDGE_CURVE ( 'NONE', #2120, #2191, #620, .T. ) ;
#2216 = ORIENTED_EDGE ( 'NONE', *, *, #230, .F. ) ;
#2217 = DIRECTION ( 'NONE',  ( 0.000000000000000000, 0.000000000000000000, -1.000000000000000000 ) ) ;
#2218 = VERTEX_POINT ( 'NONE', #1733 ) ;
#2219 = CARTESIAN_POINT ( 'NONE',  ( 0.03952895793749931080, 0.4460090970104485519, -1.199484588226934489 ) ) ;
#2220 = AXIS2_PLACEMENT_3D ( 'NONE', #210, #2514, #652 ) ;
#2221 = VECTOR ( 'NONE', #704, 100.0000000000000000 ) ;
#2222 = DIRECTION ( 'NONE',  ( -0.000000000000000000, -1.000000000000000000, -0.000000000000000000 ) ) ;
#2223 = EDGE_CURVE ( 'NONE', #318, #41, #1304, .T. ) ;
#2224 = ORIENTED_EDGE ( 'NONE', *, *, #2353, .T. ) ;
#2225 = DIRECTION ( 'NONE',  ( 0.000000000000000000, 0.000000000000000000, 1.000000000000000000 ) ) ;
#2226 = DIRECTION ( 'NONE',  ( 0.000000000000000000, 1.000000000000000000, 0.000000000000000000 ) ) ;
#2227 = DIRECTION ( 'NONE',  ( 0.000000000000000000, 0.000000000000000000, 1.000000000000000000 ) ) ;
#2228 = EDGE_LOOP ( 'NONE', ( #927, #1560, #1957, #1494 ) ) ;
#2229 = CARTESIAN_POINT ( 'NONE',  ( 0.2075070542664687601, 1.800000000000000266, 0.1027623748112659746 ) ) ;
#2230 = AXIS2_PLACEMENT_3D ( 'NONE', #1622, #173, #2626 ) ;
#2231 = CARTESIAN_POINT ( 'NONE',  ( -1.183622950237645854, 0.6000000000000001998, -0.1975771031034014302 ) ) ;
#2232 = ORIENTED_EDGE ( 'NONE', *, *, #424, .T. ) ;
#2233 = ORIENTED_EDGE ( 'NONE', *, *, #2511, .T. ) ;
#2234 = CARTESIAN_POINT ( 'NONE',  ( 0.1423289220280530010, 0.3483628544082338352, -1.191535486855861192 ) ) ;
#2235 = DIRECTION ( 'NONE',  ( 0.000000000000000000, 0.000000000000000000, 1.000000000000000000 ) ) ;
#2236 = AXIS2_PLACEMENT_3D ( 'NONE', #80, #707, #891 ) ;
#2237 = VERTEX_POINT ( 'NONE', #97 ) ;
#2238 = EDGE_CURVE ( 'NONE', #804, #1692, #1764, .T. ) ;
#2239 = CARTESIAN_POINT ( 'NONE',  ( 0.000000000000000000, 1.800000000000000266, 0.000000000000000000 ) ) ;
#2240 = CARTESIAN_POINT ( 'NONE',  ( 0.1499999999999999944, 0.2999999999999999889, -1.200000000000000178 ) ) ;
#2241 = VECTOR ( 'NONE', #2055, 100.0000000000000000 ) ;
#2242 = DIRECTION ( 'NONE',  ( -0.000000000000000000, -1.000000000000000000, -0.000000000000000000 ) ) ;
#2243 = EDGE_CURVE ( 'NONE', #1493, #105, #2490, .T. ) ;
#2244 = DIRECTION ( 'NONE',  ( 0.000000000000000000, 0.000000000000000000, 1.000000000000000000 ) ) ;
#2245 = ORIENTED_EDGE ( 'NONE', *, *, #956, .T. ) ;
#2246 = ORIENTED_EDGE ( 'NONE', *, *, #1661, .F. ) ;
#2247 = B_SPLINE_CURVE_WITH_KNOTS ( 'NONE', 3,
 ( #275, #1333, #1774, #1558, #1953, #490, #2596, #678, #2555, #694, #1290, #878, #1502, #1318 ),
 .UNSPECIFIED., .F., .F.,
 ( 4, 2, 2, 2, 2, 2, 4 ),
 ( 0.004694273427445406870, 0.005281181696579036883, 0.005868089965712666028, 0.006161544100279481469, 0.006454998234846296909, 0.006748452369413112349, 0.007041906503979927789 ),
 .UNSPECIFIED. ) ;
#2248 = CARTESIAN_POINT ( 'NONE',  ( 0.1499999999999999944, 0.3198289178057953097, 1.190588089979066178 ) ) ;
#2249 = EDGE_CURVE ( 'NONE', #1480, #1044, #734, .T. ) ;
#2250 = CALENDAR_DATE ( 2024, 26, 9 ) ;
#2251 = ORIENTED_EDGE ( 'NONE', *, *, #1153, .F. ) ;
#2252 = DIRECTION ( 'NONE',  ( -0.000000000000000000, -1.000000000000000000, -0.000000000000000000 ) ) ;
#2253 = CARTESIAN_POINT ( 'NONE',  ( 0.7797076699450232740, 1.800000000000000266, -0.9121710088732831734 ) ) ;
#2254 = PLANE ( 'NONE',  #2321 ) ;
#2255 = VERTEX_POINT ( 'NONE', #517 ) ;
#2256 = CARTESIAN_POINT ( 'NONE',  ( 0.1749999999999999889, 0.6000000000000001998, -0.5214163403653553353 ) ) ;
#2257 = ORIENTED_EDGE ( 'NONE', *, *, #2030, .T. ) ;
#2258 = VERTEX_POINT ( 'NONE', #2340 ) ;
#2259 = DIRECTION ( 'NONE',  ( -0.000000000000000000, -1.000000000000000000, -0.000000000000000000 ) ) ;
#2260 = ORIENTED_EDGE ( 'NONE', *, *, #899, .T. ) ;
#2261 = EDGE_CURVE ( 'NONE', #379, #41, #50, .T. ) ;
#2262 = CYLINDRICAL_SURFACE ( 'NONE', #1879, 0.1499999999999999944 ) ;
#2263 = CARTESIAN_POINT ( 'NONE',  ( 0.7797076699450231629, 1.800000000000000266, -0.9121710088732831734 ) ) ;
#2264 = CARTESIAN_POINT ( 'NONE',  ( 0.000000000000000000, 0.6000000000000001998, 0.000000000000000000 ) ) ;
#2265 = EDGE_LOOP ( 'NONE', ( #389, #1814, #2034, #2646 ) ) ;
#2266 = CIRCLE ( 'NONE', #1562, 1.200000000000000178 ) ;
#2267 = LINE ( 'NONE', #2496, #2302 ) ;
#2268 = ORIENTED_EDGE ( 'NONE', *, *, #202, .T. ) ;
#2269 = ORIENTED_EDGE ( 'NONE', *, *, #2397, .T. ) ;
#2270 = DIRECTION ( 'NONE',  ( -0.06373641069423111039, 0.000000000000000000, 0.9979667679596432306 ) ) ;
#2271 = VECTOR ( 'NONE', #2015, 100.0000000000000000 ) ;
#2272 = PLANE ( 'NONE',  #2303 ) ;
#2273 = VECTOR ( 'NONE', #1517, 100.0000000000000000 ) ;
#2274 = CARTESIAN_POINT ( 'NONE',  ( 0.4207046846251443761, 1.800000000000000266, 1.123836094959784759 ) ) ;
#2275 = AXIS2_PLACEMENT_3D ( 'NONE', #2333, #1684, #2510 ) ;
#2276 = DIRECTION ( 'NONE',  ( 1.000000000000000000, 0.000000000000000000, 0.000000000000000000 ) ) ;
#2277 = ORIENTED_EDGE ( 'NONE', *, *, #309, .T. ) ;
#2278 = CARTESIAN_POINT ( 'NONE',  ( 0.01016375752803207709, 0.4499999999999996225, -0.2500000000000000555 ) ) ;
#2279 = ORIENTED_EDGE ( 'NONE', *, *, #1169, .T. ) ;
#2280 = EDGE_CURVE ( 'NONE', #2629, #1722, #938, .T. ) ;
#2281 = EDGE_LOOP ( 'NONE', ( #2204, #17, #2082, #2358 ) ) ;
#2282 = CIRCLE ( 'NONE', #2075, 1.200000000000000178 ) ;
#2283 = DIRECTION ( 'NONE',  ( -0.9595811439619406080, 0.000000000000000000, 0.2814321022070750411 ) ) ;
#2284 = CIRCLE ( 'NONE', #1366, 0.5500000000000000444 ) ;
#2285 = CARTESIAN_POINT ( 'NONE',  ( -0.9576108694257207121, 1.800000000000000266, 0.5412775838308063747 ) ) ;
#2286 = CARTESIAN_POINT ( 'NONE',  ( -0.4831064234473415042, 0.6000000000000001998, -0.2628843540873400664 ) ) ;
#2287 = DIRECTION ( 'NONE',  ( 0.000000000000000000, 1.000000000000000000, 0.000000000000000000 ) ) ;
#2288 = ORIENTED_EDGE ( 'NONE', *, *, #760, .F. ) ;
#2289 = EDGE_CURVE ( 'NONE', #634, #402, #1546, .T. ) ;
#2290 = CARTESIAN_POINT ( 'NONE',  ( 0.1499999999999999944, 0.3201445522653190712, -0.1999999999999999556 ) ) ;
#2291 = ORIENTED_EDGE ( 'NONE', *, *, #1938, .T. ) ;
#2292 = ORIENTED_EDGE ( 'NONE', *, *, #1074, .T. ) ;
#2293 = CARTESIAN_POINT ( 'NONE',  ( 0.000000000000000000, 1.800000000000000266, -1.200000000000000178 ) ) ;
#2294 = EDGE_CURVE ( 'NONE', #1139, #1401, #1151, .T. ) ;
#2295 = CARTESIAN_POINT ( 'NONE',  ( 0.1499999999999999944, 0.3000000000000003220, -1.190588089979078168 ) ) ;
#2296 = DIRECTION ( 'NONE',  ( -0.7235179219327610989, 0.000000000000000000, 0.6903055965600299881 ) ) ;
#2297 = LINE ( 'NONE', #2326, #1870 ) ;
#2298 = ORIENTED_EDGE ( 'NONE', *, *, #2088, .F. ) ;
#2299 = APPLICATION_CONTEXT ( 'configuration controlled 3d designs of mechanical parts and assemblies' ) ;
#2300 = DIRECTION ( 'NONE',  ( 0.000000000000000000, 0.000000000000000000, 1.000000000000000000 ) ) ;
#2301 = ORIENTED_EDGE ( 'NONE', *, *, #2131, .F. ) ;
#2302 = VECTOR ( 'NONE', #2058, 100.0000000000000000 ) ;
#2303 = AXIS2_PLACEMENT_3D ( 'NONE', #21, #409, #589 ) ;
#2304 = ORIENTED_EDGE ( 'NONE', *, *, #1967, .F. ) ;
#2305 = CARTESIAN_POINT ( 'NONE',  ( -0.1499999999999999944, 0.2999999999999999889, -1.190588089979065956 ) ) ;
#2306 = AXIS2_PLACEMENT_3D ( 'NONE', #624, #1007, #1426 ) ;
#2307 = LINE ( 'NONE', #32, #2393 ) ;
#2308 = CC_DESIGN_PERSON_AND_ORGANIZATION_ASSIGNMENT ( #169, #541, ( #166 ) ) ;
#2309 = CARTESIAN_POINT ( 'NONE',  ( 0.1927483542730002997, 0.6000000000000001998, 0.1283251930536036811 ) ) ;
#2310 = EDGE_CURVE ( 'NONE', #1767, #1012, #1570, .T. ) ;
#2311 = DIRECTION ( 'NONE',  ( 0.000000000000000000, 1.000000000000000000, 0.000000000000000000 ) ) ;
#2312 = DIRECTION ( 'NONE',  ( 0.000000000000000000, 0.000000000000000000, 1.000000000000000000 ) ) ;
#2313 = PLANE ( 'NONE',  #651 ) ;
#2314 = ORIENTED_EDGE ( 'NONE', *, *, #1454, .T. ) ;
#2315 = AXIS2_PLACEMENT_3D ( 'NONE', #1035, #8, #831 ) ;
#2316 = ORIENTED_EDGE ( 'NONE', *, *, #1462, .F. ) ;
#2317 = ORIENTED_EDGE ( 'NONE', *, *, #996, .F. ) ;
#2318 = EDGE_CURVE ( 'NONE', #2420, #1362, #1269, .T. ) ;
#2319 = CARTESIAN_POINT ( 'NONE',  ( -0.03897921755597629628, 0.1548213161155622131, 1.199405360650302121 ) ) ;
#2320 = LINE ( 'NONE', #454, #278 ) ;
#2321 = AXIS2_PLACEMENT_3D ( 'NONE', #2472, #997, #577 ) ;
#2322 = ADVANCED_FACE ( 'NONE', ( #2597 ), #1787, .T. ) ;
#2323 = DIRECTION ( 'NONE',  ( 0.000000000000000000, 1.000000000000000000, -0.000000000000000000 ) ) ;
#2324 = CARTESIAN_POINT ( 'NONE',  ( 1.075125368411997462, 1.800000000000000266, -0.3006943932855038470 ) ) ;
#2325 = FACE_OUTER_BOUND ( 'NONE', #1070, .T. ) ;
#2326 = CARTESIAN_POINT ( 'NONE',  ( 0.7979716675667972714, 0.6000000000000001998, -0.7807386846551378490 ) ) ;
#2327 = CARTESIAN_POINT ( 'NONE',  ( -0.09189423855668467367, 0.4189451770309723377, 0.2326522501404963694 ) ) ;
#2328 = ADVANCED_FACE ( 'NONE', ( #291 ), #1607, .T. ) ;
#2329 = FACE_OUTER_BOUND ( 'NONE', #211, .T. ) ;
#2330 = ORIENTED_EDGE ( 'NONE', *, *, #2280, .F. ) ;
#2331 = ORIENTED_EDGE ( 'NONE', *, *, #2375, .T. ) ;
#2332 = DIRECTION ( 'NONE',  ( 0.000000000000000000, 1.000000000000000000, -0.000000000000000000 ) ) ;
#2333 = CARTESIAN_POINT ( 'NONE',  ( -0.9576108694257207121, 1.800000000000000266, 0.5412775838308063747 ) ) ;
#2334 = DIRECTION ( 'NONE',  ( 0.000000000000000000, 0.000000000000000000, 1.000000000000000000 ) ) ;
#2335 = FACE_BOUND ( 'NONE', #28, .T. ) ;
#2336 = DIRECTION ( 'NONE',  ( -0.9159828713205390160, 0.000000000000000000, -0.4012173718165514269 ) ) ;
#2337 = EDGE_CURVE ( 'NONE', #1353, #1199, #965, .T. ) ;
#2338 = LINE ( 'NONE', #2584, #2273 ) ;
#2339 = DIRECTION ( 'NONE',  ( 0.000000000000000000, 1.000000000000000000, -0.000000000000000000 ) ) ;
#2340 = CARTESIAN_POINT ( 'NONE',  ( -0.01095850539961249967, 1.800000000000000266, -1.199949961939833054 ) ) ;
#2341 = CARTESIAN_POINT ( 'NONE',  ( -1.081499009481415863, 1.800000000000000266, -0.2008977164895529854 ) ) ;
#2342 = CIRCLE ( 'NONE', #2220, 0.5500000000000000444 ) ;
#2343 = ORIENTED_EDGE ( 'NONE', *, *, #2427, .T. ) ;
#2344 = VECTOR ( 'NONE', #1847, 100.0000000000000000 ) ;
#2345 = EDGE_LOOP ( 'NONE', ( #2096, #1672, #164, #1423, #2449, #1430 ) ) ;
#2346 = ORIENTED_EDGE ( 'NONE', *, *, #727, .F. ) ;
#2347 = CARTESIAN_POINT ( 'NONE',  ( 0.03935446184452996016, 0.1539413710685139103, 1.199490696586807070 ) ) ;
#2348 = CARTESIAN_POINT ( 'NONE',  ( 1.033707897610256943, 1.800000000000000266, 0.6094653250334943762 ) ) ;
#2349 = CARTESIAN_POINT ( 'NONE',  ( -0.1500000000000035749, 0.3203227392063859313, -0.2000000000001946887 ) ) ;
#2350 = DIRECTION ( 'NONE',  ( 0.8961327785328133677, 0.000000000000000000, -0.4437860331725860807 ) ) ;
#2351 = DESIGN_CONTEXT ( 'detailed design', #2299, 'design' ) ;
#2352 = CARTESIAN_POINT ( 'NONE',  ( 0.04934063009438237335, 0.1580073038074387426, -0.2452591216752868231 ) ) ;
#2353 = EDGE_CURVE ( 'NONE', #1042, #1646, #1527, .T. ) ;
#2354 = DIRECTION ( 'NONE',  ( -0.2360632220291690730, 0.000000000000000000, -0.9717376987671143551 ) ) ;
#2355 = DIRECTION ( 'NONE',  ( -0.000000000000000000, 1.000000000000000000, -0.000000000000000000 ) ) ;
#2356 = DIRECTION ( 'NONE',  ( -0.000000000000000000, -1.000000000000000000, -0.000000000000000000 ) ) ;
#2357 = CARTESIAN_POINT ( 'NONE',  ( -0.1449921687497404965, 0.3397081625500479873, 0.2036745574325546371 ) ) ;
#2358 = ORIENTED_EDGE ( 'NONE', *, *, #1393, .F. ) ;
#2359 = EDGE_CURVE ( 'NONE', #138, #2200, #2428, .T. ) ;
#2360 = AXIS2_PLACEMENT_3D ( 'NONE', #2170, #1959, #88 ) ;
#2361 = ORIENTED_EDGE ( 'NONE', *, *, #627, .F. ) ;
#2362 = AXIS2_PLACEMENT_3D ( 'NONE', #1060, #2548, #482 ) ;
#2363 = CARTESIAN_POINT ( 'NONE',  ( 0.07546302746486534263, 0.1688999304414558755, 1.197761260164650343 ) ) ;
#2364 = DIRECTION ( 'NONE',  ( 0.000000000000000000, 0.000000000000000000, 1.000000000000000000 ) ) ;
#2365 = VECTOR ( 'NONE', #2287, 100.0000000000000000 ) ;
#2366 = DIRECTION ( 'NONE',  ( 0.1105269992275175334, 0.000000000000000000, 0.9938731219032740372 ) ) ;
#2367 = CARTESIAN_POINT ( 'NONE',  ( -0.03886971616883094088, 0.4452062586706240777, -1.199408715493388788 ) ) ;
#2368 = FACE_OUTER_BOUND ( 'NONE', #213, .T. ) ;
#2369 = CARTESIAN_POINT ( 'NONE',  ( 0.03974367353163882344, 0.4449840964664270593, 0.2470178159185399680 ) ) ;
#2370 = CARTESIAN_POINT ( 'NONE',  ( 0.1499999999999999944, 0.2897942008716994922, 0.2000000000000000389 ) ) ;
#2371 = CARTESIAN_POINT ( 'NONE',  ( -1.081499009481415863, 1.800000000000000266, -0.3008977164895529910 ) ) ;
#2372 = VERTEX_POINT ( 'NONE', #1210 ) ;
#2373 = ORIENTED_EDGE ( 'NONE', *, *, #1896, .F. ) ;
#2374 = EDGE_CURVE ( 'NONE', #850, #1350, #2452, .T. ) ;
#2375 = EDGE_CURVE ( 'NONE', #2377, #1177, #2041, .T. ) ;
#2376 = CARTESIAN_POINT ( 'NONE',  ( 0.1347782414593097500, 0.2334303072228502973, 1.192413191963899166 ) ) ;
#2377 = VERTEX_POINT ( 'NONE', #2263 ) ;
#2378 = DIRECTION ( 'NONE',  ( 0.000000000000000000, 1.000000000000000000, 0.000000000000000000 ) ) ;
#2379 = CARTESIAN_POINT ( 'NONE',  ( 0.000000000000000000, 0.6000000000000001998, 0.000000000000000000 ) ) ;
#2380 = CARTESIAN_POINT ( 'NONE',  ( 0.1420058781104925894, 0.2507047643415205584, -0.2058036759016592665 ) ) ;
#2381 = EDGE_CURVE ( 'NONE', #791, #182, #1806, .T. ) ;
#2382 = FACE_BOUND ( 'NONE', #188, .T. ) ;
#2383 = CARTESIAN_POINT ( 'NONE',  ( 0.01013176063889812024, 0.1499999999999994948, 0.2500000000000003331 ) ) ;
#2384 = DIRECTION ( 'NONE',  ( -0.000000000000000000, 1.000000000000000000, -0.000000000000000000 ) ) ;
#2385 = VERTEX_POINT ( 'NONE', #802 ) ;
#2386 = ORIENTED_EDGE ( 'NONE', *, *, #610, .F. ) ;
#2387 = FACE_OUTER_BOUND ( 'NONE', #2148, .T. ) ;
#2388 = AXIS2_PLACEMENT_3D ( 'NONE', #1543, #2142, #2552 ) ;
#2389 = ORIENTED_EDGE ( 'NONE', *, *, #1736, .F. ) ;
#2390 = CARTESIAN_POINT ( 'NONE',  ( 1.081499009481418527, 1.800000000000000266, -0.3008977164895393908 ) ) ;
#2391 = DIRECTION ( 'NONE',  ( -0.000000000000000000, 1.000000000000000000, -0.000000000000000000 ) ) ;
#2392 = FACE_OUTER_BOUND ( 'NONE', #1212, .T. ) ;
#2393 = VECTOR ( 'NONE', #468, 100.0000000000000000 ) ;
#2394 = DIRECTION ( 'NONE',  ( 0.7235179219327446676, 0.000000000000000000, 0.6903055965600473076 ) ) ;
#2395 = CARTESIAN_POINT ( 'NONE',  ( 0.000000000000000000, 1.800000000000000266, 0.000000000000000000 ) ) ;
#2396 = LINE ( 'NONE', #1954, #2065 ) ;
#2397 = EDGE_CURVE ( 'NONE', #2559, #86, #2651, .T. ) ;
#2398 = ORIENTED_EDGE ( 'NONE', *, *, #524, .T. ) ;
#2399 = ORIENTED_EDGE ( 'NONE', *, *, #2167, .T. ) ;
#2400 = AXIS2_PLACEMENT_3D ( 'NONE', #1598, #1564, #1615 ) ;
#2401 = AXIS2_PLACEMENT_3D ( 'NONE', #1559, #474, #505 ) ;
#2402 = CARTESIAN_POINT ( 'NONE',  ( -1.033707897610264936, 0.6000000000000001998, 0.6094653250334809425 ) ) ;
#2403 = EDGE_CURVE ( 'NONE', #2672, #2255, #1251, .T. ) ;
#2404 = ORIENTED_EDGE ( 'NONE', *, *, #2409, .T. ) ;
#2405 = VECTOR ( 'NONE', #1158, 100.0000000000000000 ) ;
#2406 = FACE_OUTER_BOUND ( 'NONE', #1156, .T. ) ;
#2407 = DIRECTION ( 'NONE',  ( 0.000000000000000000, 0.000000000000000000, -1.000000000000000000 ) ) ;
#2408 = PERSON_AND_ORGANIZATION_ROLE ( 'creator' ) ;
#2409 = EDGE_CURVE ( 'NONE', #506, #402, #159, .T. ) ;
#2410 = CARTESIAN_POINT ( 'NONE',  ( -0.07525862020160337118, 0.1698788869065619989, -1.197665378940587333 ) ) ;
#2411 = FACE_OUTER_BOUND ( 'NONE', #644, .T. ) ;
#2412 = CARTESIAN_POINT ( 'NONE',  ( 0.000000000000000000, 0.6000000000000001998, 0.000000000000000000 ) ) ;
#2413 = ORIENTED_EDGE ( 'NONE', *, *, #1798, .F. ) ;
#2414 = AXIS2_PLACEMENT_3D ( 'NONE', #2543, #2339, #1122 ) ;
#2415 = DIRECTION ( 'NONE',  ( 0.000000000000000000, 0.000000000000000000, 1.000000000000000000 ) ) ;
#2416 = AXIS2_PLACEMENT_3D ( 'NONE', #2157, #2378, #2172 ) ;
#2417 = ORIENTED_EDGE ( 'NONE', *, *, #690, .F. ) ;
#2418 = EDGE_CURVE ( 'NONE', #165, #1776, #558, .T. ) ;
#2419 = DIRECTION ( 'NONE',  ( 0.000000000000000000, 1.000000000000000000, 0.000000000000000000 ) ) ;
#2420 = VERTEX_POINT ( 'NONE', #2669 ) ;
#2421 = APPROVAL_PERSON_ORGANIZATION ( #584, #1636, #743 ) ;
#2422 = CARTESIAN_POINT ( 'NONE',  ( 0.07558814870138050312, 0.4310252903119439760, -1.197752999447490474 ) ) ;
#2423 = CARTESIAN_POINT ( 'NONE',  ( -0.1499999999999999944, 0.2999999999999999889, -1.190588089979065956 ) ) ;
#2424 = ORIENTED_EDGE ( 'NONE', *, *, #1643, .F. ) ;
#2425 = CARTESIAN_POINT ( 'NONE',  ( 1.183622950237648297, 1.800000000000000266, -0.1975771031033864977 ) ) ;
#2426 = PLANE ( 'NONE',  #1100 ) ;
#2427 = EDGE_CURVE ( 'NONE', #534, #565, #1821, .T. ) ;
#2428 = LINE ( 'NONE', #1221, #919 ) ;
#2429 = ORIENTED_EDGE ( 'NONE', *, *, #2639, .T. ) ;
#2430 = CARTESIAN_POINT ( 'NONE',  ( 0.000000000000000000, 1.800000000000000266, 0.000000000000000000 ) ) ;
#2431 = ORIENTED_EDGE ( 'NONE', *, *, #598, .F. ) ;
#2432 = CARTESIAN_POINT ( 'NONE',  ( -0.5390597967047109362, 0.6000000000000001998, 0.1091537245204012158 ) ) ;
#2433 = ORIENTED_EDGE ( 'NONE', *, *, #610, .T. ) ;
#2434 = EDGE_CURVE ( 'NONE', #1000, #1523, #1639, .T. ) ;
#2435 = VERTEX_POINT ( 'NONE', #1375 ) ;
#2436 = FACE_OUTER_BOUND ( 'NONE', #364, .T. ) ;
#2437 = CIRCLE ( 'NONE', #131, 1.200000000000000178 ) ;
#2438 = CARTESIAN_POINT ( 'NONE',  ( 0.5390597967047112693, 1.800000000000000266, 0.1091537245204009937 ) ) ;
#2439 = DATE_TIME_ROLE ( 'creation_date' ) ;
#2440 = ORIENTED_EDGE ( 'NONE', *, *, #1323, .T. ) ;
#2441 = CARTESIAN_POINT ( 'NONE',  ( -0.04832717700171119263, 0.1576586628831217474, -1.199060924576065057 ) ) ;
#2442 = VECTOR ( 'NONE', #1468, 100.0000000000000000 ) ;
#2443 = DIRECTION ( 'NONE',  ( -0.000000000000000000, -0.000000000000000000, 1.000000000000000000 ) ) ;
#2444 = AXIS2_PLACEMENT_3D ( 'NONE', #231, #2470, #197 ) ;
#2445 = EDGE_CURVE ( 'NONE', #2654, #2420, #602, .T. ) ;
#2446 = FACE_OUTER_BOUND ( 'NONE', #2574, .T. ) ;
#2447 = ADVANCED_FACE ( 'NONE', ( #141 ), #788, .T. ) ;
#2448 = CARTESIAN_POINT ( 'NONE',  ( -0.6303111838221073793, 0.6000000000000001998, -0.9214225347283090395 ) ) ;
#2449 = ORIENTED_EDGE ( 'NONE', *, *, #1566, .T. ) ;
#2450 = ORIENTED_EDGE ( 'NONE', *, *, #641, .T. ) ;
#2451 = PLANE ( 'NONE',  #1627 ) ;
#2452 = CIRCLE ( 'NONE', #563, 0.5500000000000000444 ) ;
#2453 = COORDINATED_UNIVERSAL_TIME_OFFSET ( 9, 0, .AHEAD. ) ;
#2454 = ORIENTED_EDGE ( 'NONE', *, *, #2086, .T. ) ;
#2455 = DIRECTION ( 'NONE',  ( -0.000000000000000000, -1.000000000000000000, -0.000000000000000000 ) ) ;
#2456 = VECTOR ( 'NONE', #1461, 100.0000000000000142 ) ;
#2457 = CARTESIAN_POINT ( 'NONE',  ( -0.5438832856307670438, 1.800000000000000266, 0.08179835946693278514 ) ) ;
#2458 = AXIS2_PLACEMENT_3D ( 'NONE', #2494, #2311, #1028 ) ;
#2459 = AXIS2_PLACEMENT_3D ( 'NONE', #539, #989, #2605 ) ;
#2460 = CARTESIAN_POINT ( 'NONE',  ( 0.5438832856307670438, 1.800000000000000266, 0.08179835946693249371 ) ) ;
#2461 = ORIENTED_EDGE ( 'NONE', *, *, #768, .T. ) ;
#2462 = DIRECTION ( 'NONE',  ( -0.000000000000000000, -1.000000000000000000, 0.000000000000000000 ) ) ;
#2463 = ORIENTED_EDGE ( 'NONE', *, *, #922, .F. ) ;
#2464 = EDGE_CURVE ( 'NONE', #2625, #2218, #1198, .T. ) ;
#2465 = EDGE_CURVE ( 'NONE', #1322, #1914, #998, .T. ) ;
#2466 = ORIENTED_EDGE ( 'NONE', *, *, #2481, .F. ) ;
#2467 = CARTESIAN_POINT ( 'NONE',  ( 0.009911922291546464148, 0.4500000000000000666, 1.200000000000000400 ) ) ;
#2468 = CALENDAR_DATE ( 2024, 26, 9 ) ;
#2469 = VERTEX_POINT ( 'NONE', #2457 ) ;
#2470 = DIRECTION ( 'NONE',  ( -0.000000000000000000, -1.000000000000000000, -0.000000000000000000 ) ) ;
#2471 = DIRECTION ( 'NONE',  ( 0.5541807347870308931, 0.000000000000000000, 0.8323963678386074871 ) ) ;
#2472 = CARTESIAN_POINT ( 'NONE',  ( -0.1927483542730134281, 0.6000000000000001998, 0.1283251930536057628 ) ) ;
#2473 = ORIENTED_EDGE ( 'NONE', *, *, #110, .T. ) ;
#2474 = CARTESIAN_POINT ( 'NONE',  ( -0.3427811001016384251, 1.800000000000000266, 0.4301175623165260919 ) ) ;
#2475 = ORIENTED_EDGE ( 'NONE', *, *, #1055, .T. ) ;
#2476 = EDGE_LOOP ( 'NONE', ( #2663, #2498, #293, #1642 ) ) ;
#2477 = CARTESIAN_POINT ( 'NONE',  ( 2.783254092006724554E-17, 0.1499999999999999389, 0.2500000000000000555 ) ) ;
#2478 = LINE ( 'NONE', #1050, #1255 ) ;
#2479 = CARTESIAN_POINT ( 'NONE',  ( -0.1310960071483258105, 0.3754715510979109161, 1.192841386089862343 ) ) ;
#2480 = DIRECTION ( 'NONE',  ( 0.000000000000000000, 0.000000000000000000, 1.000000000000000000 ) ) ;
#2481 = EDGE_CURVE ( 'NONE', #2664, #1228, #1342, .T. ) ;
#2482 = ORIENTED_EDGE ( 'NONE', *, *, #876, .T. ) ;
#2483 = AXIS2_PLACEMENT_3D ( 'NONE', #1286, #901, #47 ) ;
#2484 = DIRECTION ( 'NONE',  ( -0.4437860331725861363, 0.000000000000000000, -0.8961327785328133677 ) ) ;
#2485 = EDGE_LOOP ( 'NONE', ( #754, #2417, #1015, #1140 ) ) ;
#2486 = ORIENTED_EDGE ( 'NONE', *, *, #2261, .T. ) ;
#2487 = DIRECTION ( 'NONE',  ( 0.000000000000000000, 0.000000000000000000, 1.000000000000000000 ) ) ;
#2488 = CIRCLE ( 'NONE', #146, 0.1000000000000000056 ) ;
#2489 = CARTESIAN_POINT ( 'NONE',  ( -0.1499999999999999944, 0.2999999999999999889, -1.200000000000000178 ) ) ;
#2490 = CIRCLE ( 'NONE', #1184, 1.200000000000000178 ) ;
#2491 = DIRECTION ( 'NONE',  ( 0.9595811439619339467, 0.000000000000000000, 0.2814321022070977452 ) ) ;
#2492 = EDGE_CURVE ( 'NONE', #794, #1945, #1592, .T. ) ;
#2493 = VECTOR ( 'NONE', #1725, 100.0000000000000000 ) ;
#2494 = CARTESIAN_POINT ( 'NONE',  ( 0.7147320307829380104, 1.800000000000000266, -0.8361567581338429367 ) ) ;
#2495 = ORIENTED_EDGE ( 'NONE', *, *, #1040, .F. ) ;
#2496 = CARTESIAN_POINT ( 'NONE',  ( 0.1927483542730002997, 0.6000000000000001998, 0.1283251930536036811 ) ) ;
#2497 = ORIENTED_EDGE ( 'NONE', *, *, #648, .T. ) ;
#2498 = ORIENTED_EDGE ( 'NONE', *, *, #1393, .T. ) ;
#2499 = EDGE_CURVE ( 'NONE', #451, #2633, #471, .T. ) ;
#2500 = CIRCLE ( 'NONE', #1361, 0.1000000000000000056 ) ;
#2501 = LINE ( 'NONE', #635, #925 ) ;
#2502 = CIRCLE ( 'NONE', #2416, 0.1000000000000000056 ) ;
#2503 = DIRECTION ( 'NONE',  ( 0.000000000000000000, 0.000000000000000000, 1.000000000000000000 ) ) ;
#2504 = CARTESIAN_POINT ( 'NONE',  ( -0.01968174036597850410, 0.4490244844553061276, 1.199876955300741566 ) ) ;
#2505 = DIRECTION ( 'NONE',  ( 1.000000000000000000, 0.000000000000000000, 0.000000000000000000 ) ) ;
#2506 = VERTEX_POINT ( 'NONE', #1038 ) ;
#2507 = CARTESIAN_POINT ( 'NONE',  ( 0.1130121669199307677, 0.3991028808185194676, -0.2231253636310943089 ) ) ;
#2508 = ORIENTED_EDGE ( 'NONE', *, *, #2068, .F. ) ;
#2509 = ORIENTED_EDGE ( 'NONE', *, *, #2536, .T. ) ;
#2510 = DIRECTION ( 'NONE',  ( 0.000000000000000000, 0.000000000000000000, -1.000000000000000000 ) ) ;
#2511 = EDGE_CURVE ( 'NONE', #1504, #2469, #650, .T. ) ;
#2512 = DIRECTION ( 'NONE',  ( 0.000000000000000000, 0.000000000000000000, 1.000000000000000000 ) ) ;
#2513 = LINE ( 'NONE', #2104, #344 ) ;
#2514 = DIRECTION ( 'NONE',  ( 0.000000000000000000, 1.000000000000000000, -0.000000000000000000 ) ) ;
#2515 = VECTOR ( 'NONE', #2066, 100.0000000000000000 ) ;
#2516 = ADVANCED_FACE ( 'NONE', ( #445 ), #457, .T. ) ;
#2517 = CARTESIAN_POINT ( 'NONE',  ( -0.2771537008452080175, 0.6000000000000001998, 1.081433077940644694 ) ) ;
#2518 = CARTESIAN_POINT ( 'NONE',  ( 0.2075070542664687601, 0.6000000000000001998, 0.1027623748112659746 ) ) ;
#2519 = VERTEX_POINT ( 'NONE', #2274 ) ;
#2520 = VERTEX_POINT ( 'NONE', #11 ) ;
#2521 = CIRCLE ( 'NONE', #1837, 1.200000000000000178 ) ;
#2522 = AXIS2_PLACEMENT_3D ( 'NONE', #1881, #2252, #1894 ) ;
#2523 = ORIENTED_EDGE ( 'NONE', *, *, #1142, .T. ) ;
#2524 = EDGE_CURVE ( 'NONE', #2615, #182, #1245, .T. ) ;
#2525 = DIRECTION ( 'NONE',  ( 0.000000000000000000, 1.000000000000000000, 0.000000000000000000 ) ) ;
#2526 = DIRECTION ( 'NONE',  ( 0.9979667679596431196, 0.000000000000000000, 0.06373641069423109651 ) ) ;
#2527 = CARTESIAN_POINT ( 'NONE',  ( -0.4692177406207710399, 0.6000000000000001998, -0.2869402583931695561 ) ) ;
#2528 = CARTESIAN_POINT ( 'NONE',  ( -0.03886756488489658684, 0.4452066812199836354, 1.199408767337278192 ) ) ;
#2529 = CIRCLE ( 'NONE', #406, 1.200000000000000178 ) ;
#2530 = DIRECTION ( 'NONE',  ( 0.000000000000000000, 0.000000000000000000, 1.000000000000000000 ) ) ;
#2531 = DIRECTION ( 'NONE',  ( 0.000000000000000000, 1.000000000000000000, 0.000000000000000000 ) ) ;
#2532 = PLANE ( 'NONE',  #162 ) ;
#2533 = CARTESIAN_POINT ( 'NONE',  ( 0.9475655728094022345, 0.6000000000000001998, 0.5586765479473698726 ) ) ;
#2534 = ORIENTED_EDGE ( 'NONE', *, *, #991, .F. ) ;
#2535 = EDGE_LOOP ( 'NONE', ( #390, #2168, #2212, #2046 ) ) ;
#2536 = EDGE_CURVE ( 'NONE', #1408, #1692, #519, .T. ) ;
#2537 = CARTESIAN_POINT ( 'NONE',  ( -0.1423413932577122232, 0.2516730086924084397, 1.191533995739662677 ) ) ;
#2538 = FACE_OUTER_BOUND ( 'NONE', #370, .T. ) ;
#2539 = DIRECTION ( 'NONE',  ( -0.000000000000000000, 1.000000000000000000, -0.000000000000000000 ) ) ;
#2540 = PLANE ( 'NONE',  #1966 ) ;
#2541 = DIRECTION ( 'NONE',  ( -0.000000000000000000, -1.000000000000000000, -0.000000000000000000 ) ) ;
#2542 = DIRECTION ( 'NONE',  ( 0.000000000000000000, 1.000000000000000000, 0.000000000000000000 ) ) ;
#2543 = CARTESIAN_POINT ( 'NONE',  ( 0.000000000000000000, 0.6000000000000001998, 0.000000000000000000 ) ) ;
#2544 = ORIENTED_EDGE ( 'NONE', *, *, #550, .T. ) ;
#2545 = ORIENTED_EDGE ( 'NONE', *, *, #1542, .F. ) ;
#2546 = ORIENTED_EDGE ( 'NONE', *, *, #782, .T. ) ;
#2547 = CARTESIAN_POINT ( 'NONE',  ( -0.1419933982847807752, 0.2506843058150614589, 0.2058114001220104905 ) ) ;
#2548 = DIRECTION ( 'NONE',  ( -0.2814321022070977452, 0.000000000000000000, 0.9595811439619339467 ) ) ;
#2549 = ADVANCED_FACE ( 'NONE', ( #258 ), #811, .T. ) ;
#2550 = CARTESIAN_POINT ( 'NONE',  ( 0.000000000000000000, 1.800000000000000266, -0.2500000000000000000 ) ) ;
#2551 = DIRECTION ( 'NONE',  ( 0.000000000000000000, 1.000000000000000000, 0.000000000000000000 ) ) ;
#2552 = DIRECTION ( 'NONE',  ( 0.000000000000000000, 0.000000000000000000, 1.000000000000000000 ) ) ;
#2553 = EDGE_CURVE ( 'NONE', #978, #2664, #1858, .T. ) ;
#2554 = CARTESIAN_POINT ( 'NONE',  ( -0.2771537008452079620, 0.6000000000000001998, 1.081433077940644694 ) ) ;
#2555 = CARTESIAN_POINT ( 'NONE',  ( 0.1347794877761763765, 0.2334324287351359772, -1.192413053433423187 ) ) ;
#2556 = CARTESIAN_POINT ( 'NONE',  ( 0.000000000000000000, 0.6000000000000001998, 0.000000000000000000 ) ) ;
#2557 = CARTESIAN_POINT ( 'NONE',  ( -0.06745392723323440087, 0.4343402801735863905, 0.2409093916953980452 ) ) ;
#2558 = CIRCLE ( 'NONE', #562, 1.200000000000000178 ) ;
#2559 = VERTEX_POINT ( 'NONE', #432 ) ;
#2560 = VECTOR ( 'NONE', #1834, 100.0000000000000000 ) ;
#2561 = ORIENTED_EDGE ( 'NONE', *, *, #1411, .T. ) ;
#2562 = CARTESIAN_POINT ( 'NONE',  ( 0.9475655728094022345, 1.800000000000000266, 0.5586765479473698726 ) ) ;
#2563 = CARTESIAN_POINT ( 'NONE',  ( -0.3427811001016384251, 0.6000000000000001998, 0.4301175623165260919 ) ) ;
#2564 = CARTESIAN_POINT ( 'NONE',  ( -0.01018747443891904712, 0.4499999999999995115, -0.2499999999999999722 ) ) ;
#2565 = DIRECTION ( 'NONE',  ( -0.000000000000000000, -1.000000000000000000, 0.000000000000000000 ) ) ;
#2566 = LINE ( 'NONE', #313, #2221 ) ;
#2567 = AXIS2_PLACEMENT_3D ( 'NONE', #157, #963, #2595 ) ;
#2568 = PLANE ( 'NONE',  #1624 ) ;
#2569 = DIRECTION ( 'NONE',  ( 0.000000000000000000, 1.000000000000000000, 0.000000000000000000 ) ) ;
#2570 = CARTESIAN_POINT ( 'NONE',  ( 0.000000000000000000, 1.800000000000000266, 0.000000000000000000 ) ) ;
#2571 = ADVANCED_FACE ( 'NONE', ( #661 ), #822, .T. ) ;
#2572 = VERTEX_POINT ( 'NONE', #2324 ) ;
#2573 = VECTOR ( 'NONE', #2354, 100.0000000000000142 ) ;
#2574 = EDGE_LOOP ( 'NONE', ( #1996, #2304, #1572, #342, #1441, #667, #826 ) ) ;
#2575 = AXIS2_PLACEMENT_3D ( 'NONE', #990, #2270, #1449 ) ;
#2576 = CARTESIAN_POINT ( 'NONE',  ( -0.07558284851316876551, 0.1689505911151790718, 1.197755420115811820 ) ) ;
#2577 = CIRCLE ( 'NONE', #1628, 0.5500000000000000444 ) ;
#2578 = EDGE_CURVE ( 'NONE', #2237, #403, #2513, .T. ) ;
#2579 = VERTEX_POINT ( 'NONE', #1895 ) ;
#2580 = DIRECTION ( 'NONE',  ( 0.000000000000000000, 1.000000000000000000, -0.000000000000000000 ) ) ;
#2581 = AXIS2_PLACEMENT_3D ( 'NONE', #1782, #567, #1398 ) ;
#2582 = CARTESIAN_POINT ( 'NONE',  ( 0.000000000000000000, 1.800000000000000266, -0.2500000000000000000 ) ) ;
#2583 = CARTESIAN_POINT ( 'NONE',  ( 0.1191562233247065034, 0.2083859494181561078, -0.2198626738502800493 ) ) ;
#2584 = CARTESIAN_POINT ( 'NONE',  ( -0.1749999999999999889, 0.6000000000000001998, -0.5214163403653553353 ) ) ;
#2585 = CARTESIAN_POINT ( 'NONE',  ( -0.9475655728094094510, 1.800000000000000266, 0.5586765479473575491 ) ) ;
#2586 = DIRECTION ( 'NONE',  ( 0.2360632220291923877, 0.000000000000000000, -0.9717376987671088040 ) ) ;
#2587 = ORIENTED_EDGE ( 'NONE', *, *, #2578, .T. ) ;
#2588 = ORIENTED_EDGE ( 'NONE', *, *, #2005, .T. ) ;
#2589 = CARTESIAN_POINT ( 'NONE',  ( -0.1372344052584719143, 1.800000000000000266, -0.1865100567276329058 ) ) ;
#2590 = VERTEX_POINT ( 'NONE', #1475 ) ;
#2591 = CARTESIAN_POINT ( 'NONE',  ( -0.03970659325439466342, 0.4449926325364882418, -0.2470228558240802341 ) ) ;
#2592 = CYLINDRICAL_SURFACE ( 'NONE', #570, 0.1000000000000000056 ) ;
#2593 = ADVANCED_FACE ( 'NONE', ( #1437 ), #1287, .F. ) ;
#2594 = PLANE ( 'NONE',  #36 ) ;
#2595 = DIRECTION ( 'NONE',  ( 0.000000000000000000, 0.000000000000000000, 1.000000000000000000 ) ) ;
#2596 = CARTESIAN_POINT ( 'NONE',  ( 0.1192849285792568215, 0.2085282590931717972, -1.194069112458645998 ) ) ;
#2597 = FACE_OUTER_BOUND ( 'NONE', #940, .T. ) ;
#2598 = ORIENTED_EDGE ( 'NONE', *, *, #876, .F. ) ;
#2599 = ORIENTED_EDGE ( 'NONE', *, *, #705, .F. ) ;
#2600 = EDGE_CURVE ( 'NONE', #150, #1059, #1868, .T. ) ;
#2601 = VERTEX_POINT ( 'NONE', #33 ) ;
#2602 = LINE ( 'NONE', #2193, #1440 ) ;
#2603 = ADVANCED_FACE ( 'NONE', ( #1487 ), #2128, .T. ) ;
#2604 = EDGE_LOOP ( 'NONE', ( #555, #428, #201, #1840 ) ) ;
#2605 = DIRECTION ( 'NONE',  ( 0.000000000000000000, 0.000000000000000000, 1.000000000000000000 ) ) ;
#2606 = CARTESIAN_POINT ( 'NONE',  ( -1.044666403009877120, 1.800000000000000266, 0.5904846369063342371 ) ) ;
#2607 = DATE_AND_TIME ( #2468, #1682 ) ;
#2608 = AXIS2_PLACEMENT_3D ( 'NONE', #843, #1463, #2103 ) ;
#2609 = CARTESIAN_POINT ( 'NONE',  ( -0.1499999999999999944, 0.2999999999999999889, -1.190588089979065956 ) ) ;
#2610 = DIRECTION ( 'NONE',  ( -0.9979667679596445629, 0.000000000000000000, 0.06373641069420751815 ) ) ;
#2611 = DIRECTION ( 'NONE',  ( 0.000000000000000000, 1.000000000000000000, 0.000000000000000000 ) ) ;
#2612 = ADVANCED_FACE ( 'NONE', ( #2392 ), #93, .T. ) ;
#2613 = ORIENTED_EDGE ( 'NONE', *, *, #1507, .T. ) ;
#2614 = CYLINDRICAL_SURFACE ( 'NONE', #324, 0.1000000000000000056 ) ;
#2615 = VERTEX_POINT ( 'NONE', #935 ) ;
#2616 = AXIS2_PLACEMENT_3D ( 'NONE', #332, #537, #2217 ) ;
#2617 = AXIS2_PLACEMENT_3D ( 'NONE', #2570, #1112, #82 ) ;
#2618 = DIRECTION ( 'NONE',  ( 0.000000000000000000, 0.000000000000000000, 1.000000000000000000 ) ) ;
#2619 = ORIENTED_EDGE ( 'NONE', *, *, #1482, .T. ) ;
#2620 = VECTOR ( 'NONE', #31, 100.0000000000000000 ) ;
#2621 = EDGE_CURVE ( 'NONE', #1281, #1199, #1793, .T. ) ;
#2622 = CYLINDRICAL_SURFACE ( 'NONE', #2581, 0.2500000000000000000 ) ;
#2623 = DIRECTION ( 'NONE',  ( -0.1105269992275175334, 0.000000000000000000, 0.9938731219032740372 ) ) ;
#2624 = PERSON_AND_ORGANIZATION ( #1663, #1859 ) ;
#2625 = VERTEX_POINT ( 'NONE', #720 ) ;
#2626 = DIRECTION ( 'NONE',  ( 0.000000000000000000, 0.000000000000000000, 1.000000000000000000 ) ) ;
#2627 = DIRECTION ( 'NONE',  ( 0.4012173718165286673, 0.000000000000000000, 0.9159828713205490081 ) ) ;
#2628 = DIRECTION ( 'NONE',  ( 0.000000000000000000, 0.000000000000000000, 1.000000000000000000 ) ) ;
#2629 = VERTEX_POINT ( 'NONE', #1516 ) ;
#2630 = AXIS2_PLACEMENT_3D ( 'NONE', #1162, #2028, #2009 ) ;
#2631 = CARTESIAN_POINT ( 'NONE',  ( 0.6303111838221202579, 0.6000000000000001998, -0.9214225347283018230 ) ) ;
#2632 = AXIS2_PLACEMENT_3D ( 'NONE', #1925, #476, #696 ) ;
#2633 = VERTEX_POINT ( 'NONE', #287 ) ;
#2634 = CARTESIAN_POINT ( 'NONE',  ( 0.3640597967047113359, 1.800000000000000266, 0.4122626158449543277 ) ) ;
#2635 = VERTEX_POINT ( 'NONE', #902 ) ;
#2636 = ORIENTED_EDGE ( 'NONE', *, *, #835, .F. ) ;
#2637 = DIRECTION ( 'NONE',  ( 0.000000000000000000, 0.000000000000000000, -1.000000000000000000 ) ) ;
#2638 = CARTESIAN_POINT ( 'NONE',  ( 0.9576108694257136067, 1.800000000000000266, 0.5412775838308186982 ) ) ;
#2639 = EDGE_CURVE ( 'NONE', #978, #400, #675, .T. ) ;
#2640 = APPROVAL_ROLE ( '' ) ;
#2641 = ORIENTED_EDGE ( 'NONE', *, *, #77, .T. ) ;
#2642 = CARTESIAN_POINT ( 'NONE',  ( -1.183622950237645854, 1.800000000000000266, -0.1975771031034014302 ) ) ;
#2643 = CARTESIAN_POINT ( 'NONE',  ( -1.016876444434392290, 0.6000000000000001998, 0.4607319966215028262 ) ) ;
#2644 = PRODUCT_DEFINITION_SHAPE ( 'NONE', 'NONE',  #1596 ) ;
#2645 = EDGE_CURVE ( 'NONE', #1754, #1415, #2566, .T. ) ;
#2646 = ORIENTED_EDGE ( 'NONE', *, *, #288, .F. ) ;
#2647 = CARTESIAN_POINT ( 'NONE',  ( -1.081499009481415863, 1.800000000000000266, -0.3008977164895529910 ) ) ;
#2648 = CARTESIAN_POINT ( 'NONE',  ( -0.6993417434781120656, 0.6000000000000001998, -0.8490707425350345616 ) ) ;
#2649 = ORIENTED_EDGE ( 'NONE', *, *, #1098, .F. ) ;
#2650 = ORIENTED_EDGE ( 'NONE', *, *, #172, .F. ) ;
#2651 = CIRCLE ( 'NONE', #2690, 0.1000000000000000056 ) ;
#2652 = PLANE ( 'NONE',  #2575 ) ;
#2653 = MECHANICAL_CONTEXT ( 'NONE', #588, 'mechanical' ) ;
#2654 = VERTEX_POINT ( 'NONE', #1531 ) ;
#2655 = CYLINDRICAL_SURFACE ( 'NONE', #2306, 0.1000000000000000056 ) ;
#2656 = CIRCLE ( 'NONE', #307, 0.1000000000000000056 ) ;
#2657 = DIRECTION ( 'NONE',  ( 0.000000000000000000, 1.000000000000000000, 0.000000000000000000 ) ) ;
#2658 = VECTOR ( 'NONE', #1119, 100.0000000000000000 ) ;
#2659 = EDGE_CURVE ( 'NONE', #2377, #2435, #1960, .T. ) ;
#2660 = DIRECTION ( 'NONE',  ( 0.000000000000000000, 1.000000000000000000, -0.000000000000000000 ) ) ;
#2661 = EDGE_CURVE ( 'NONE', #241, #1577, #1500, .T. ) ;
#2662 = CARTESIAN_POINT ( 'NONE',  ( 0.1344622346283960990, 0.3671959810044217454, -0.2108093699471619564 ) ) ;
#2663 = ORIENTED_EDGE ( 'NONE', *, *, #2492, .F. ) ;
#2664 = VERTEX_POINT ( 'NONE', #502 ) ;
#2665 = CARTESIAN_POINT ( 'NONE',  ( 0.09141622904543093842, 0.4193274322114421415, 1.196540757933952426 ) ) ;
#2666 = APPROVAL_ROLE ( '' ) ;
#2667 = ORIENTED_EDGE ( 'NONE', *, *, #1485, .T. ) ;
#2668 = LINE ( 'NONE', #2489, #1838 ) ;
#2669 = CARTESIAN_POINT ( 'NONE',  ( -0.1749999999999999889, 0.6000000000000001998, -0.5214163403653553353 ) ) ;
#2670 = VECTOR ( 'NONE', #2214, 100.0000000000000000 ) ;
#2671 = CARTESIAN_POINT ( 'NONE',  ( -1.033707897610264936, 1.800000000000000266, 0.6094653250334809425 ) ) ;
#2672 = VERTEX_POINT ( 'NONE', #514 ) ;
#2673 = LINE ( 'NONE', #1926, #433 ) ;
#2674 = ORIENTED_EDGE ( 'NONE', *, *, #2017, .F. ) ;
#2675 = ORIENTED_EDGE ( 'NONE', *, *, #807, .T. ) ;
#2676 = CARTESIAN_POINT ( 'NONE',  ( 4.622949392850764262E-16, 0.4500000000000000666, 1.200000000000000178 ) ) ;
#2677 = CC_DESIGN_PERSON_AND_ORGANIZATION_ASSIGNMENT ( #1176, #947, ( #636 ) ) ;
#2678 = LOCAL_TIME ( 23, 21, 17.00000000000000000, #353 ) ;
#2679 = ADVANCED_FACE ( 'NONE', ( #1759 ), #2594, .F. ) ;
#2680 = CARTESIAN_POINT ( 'NONE',  ( -1.075125368411993243, 0.6000000000000001998, -0.3006943932855173918 ) ) ;
#2681 = CARTESIAN_POINT ( 'NONE',  ( 0.000000000000000000, 0.6000000000000001998, 0.000000000000000000 ) ) ;
#2682 = CARTESIAN_POINT ( 'NONE',  ( 0.000000000000000000, 1.800000000000000266, 0.000000000000000000 ) ) ;
#2683 = EDGE_LOOP ( 'NONE', ( #1481, #358, #2534, #2431 ) ) ;
#2684 = CARTESIAN_POINT ( 'NONE',  ( -0.04013059437793475848, 0.1541184700665809426, -0.2474697107620643932 ) ) ;
#2685 = ORIENTED_EDGE ( 'NONE', *, *, #1610, .F. ) ;
#2686 = ORIENTED_EDGE ( 'NONE', *, *, #1896, .T. ) ;
#2687 = DIRECTION ( 'NONE',  ( 0.000000000000000000, 0.000000000000000000, 1.000000000000000000 ) ) ;
#2688 = ADVANCED_FACE ( 'NONE', ( #2368 ), #1330, .T. ) ;
#2689 = AXIS2_PLACEMENT_3D ( 'NONE', #1910, #1053, #1898 ) ;
#2690 = AXIS2_PLACEMENT_3D ( 'NONE', #2052, #2657, #575 ) ;
#2691 = DIRECTION ( 'NONE',  ( -0.000000000000000000, 1.000000000000000000, -0.000000000000000000 ) ) ;
#2692 = DIRECTION ( 'NONE',  ( 0.9159828713205488970, 0.000000000000000000, -0.4012173718165286118 ) ) ;
ENDSEC;
END-ISO-10303-21;
