ISO-10303-21;
HEADER;
FILE_DESCRIPTION (( 'STEP AP203' ),
    '1' );
FILE_NAME ('±â¾î_ºÕ¾Ï.STEP',
    '2024-09-26T14:19:04',
    ( '' ),
    ( '' ),
    'SwSTEP 2.0',
    'SolidWorks 2022',
    '' );
FILE_SCHEMA (( 'CONFIG_CONTROL_DESIGN' ));
ENDSEC;

DATA;
#1 = DIRECTION ( 'NONE',  ( 0.000000000000000000, 0.000000000000000000, 1.000000000000000000 ) ) ;
#2 = CARTESIAN_POINT ( 'NONE',  ( -0.7071067811865462405, 0.2999999999999999889, 0.7071067811865487940 ) ) ;
#3 = VECTOR ( 'NONE', #936, 100.0000000000000000 ) ;
#4 = ORIENTED_EDGE ( 'NONE', *, *, #959, .T. ) ;
#5 = ORIENTED_EDGE ( 'NONE', *, *, #1467, .T. ) ;
#6 = DIRECTION ( 'NONE',  ( 0.000000000000000000, 0.000000000000000000, 1.000000000000000000 ) ) ;
#7 = CARTESIAN_POINT ( 'NONE',  ( -2.622059920280549683, 0.5999999999999999778, 0.3220737908087763501 ) ) ;
#8 = FACE_OUTER_BOUND ( 'NONE', #1375, .T. ) ;
#9 = EDGE_CURVE ( 'NONE', #4846, #2964, #2652, .T. ) ;
#10 = CARTESIAN_POINT ( 'NONE',  ( 1.234778102581726600, 0.000000000000000000, -2.447975330630792090 ) ) ;
#11 = ADVANCED_FACE ( 'NONE', ( #5246 ), #5206, .T. ) ;
#12 = ORIENTED_EDGE ( 'NONE', *, *, #3900, .F. ) ;
#13 = ORIENTED_EDGE ( 'NONE', *, *, #6143, .T. ) ;
#14 = DIRECTION ( 'NONE',  ( -0.000000000000000000, 1.000000000000000000, -0.000000000000000000 ) ) ;
#15 = CARTESIAN_POINT ( 'NONE',  ( 2.207032380760797885, 0.5999999999999999778, 1.629620990999920638 ) ) ;
#16 = DIRECTION ( 'NONE',  ( -0.000000000000000000, -1.000000000000000000, -0.000000000000000000 ) ) ;
#17 = ORIENTED_EDGE ( 'NONE', *, *, #4171, .T. ) ;
#18 = EDGE_CURVE ( 'NONE', #6924, #3339, #4239, .T. ) ;
#19 = EDGE_CURVE ( 'NONE', #6775, #4084, #354, .T. ) ;
#20 = LINE ( 'NONE', #5596, #900 ) ;
#21 = ORIENTED_EDGE ( 'NONE', *, *, #431, .F. ) ;
#22 = LINE ( 'NONE', #4106, #7476 ) ;
#23 = DIRECTION ( 'NONE',  ( 0.000000000000000000, 0.000000000000000000, 1.000000000000000000 ) ) ;
#24 = CARTESIAN_POINT ( 'NONE',  ( 2.735459543879638300, 0.5999999999999999778, -0.2095652352663483764 ) ) ;
#25 = CIRCLE ( 'NONE', #457, 0.1000000000000000888 ) ;
#26 = CARTESIAN_POINT ( 'NONE',  ( -1.192611158318741538, 0.000000000000000000, -0.9097684458441224198 ) ) ;
#27 = VERTEX_POINT ( 'NONE', #7364 ) ;
#28 = DIRECTION ( 'NONE',  ( 0.000000000000000000, 0.000000000000000000, 1.000000000000000000 ) ) ;
#29 = CARTESIAN_POINT ( 'NONE',  ( 0.7806153992595061819, 0.000000000000000000, 2.523800576651533678 ) ) ;
#30 = EDGE_LOOP ( 'NONE', ( #7562, #1674, #1429, #3254 ) ) ;
#31 = AXIS2_PLACEMENT_3D ( 'NONE', #3000, #6351, #5121 ) ;
#32 = AXIS2_PLACEMENT_3D ( 'NONE', #6411, #6327, #1473 ) ;
#33 = AXIS2_PLACEMENT_3D ( 'NONE', #2881, #5646, #1357 ) ;
#34 = DIRECTION ( 'NONE',  ( -0.000000000000000000, -1.000000000000000000, -0.000000000000000000 ) ) ;
#35 = ORIENTED_EDGE ( 'NONE', *, *, #521, .T. ) ;
#36 = DIRECTION ( 'NONE',  ( 0.3813157012030660709, 0.000000000000000000, 0.9244448799230887692 ) ) ;
#37 = CARTESIAN_POINT ( 'NONE',  ( 0.7071067811865463515, 0.5999999999999999778, 0.5571067811865486608 ) ) ;
#38 = LOCAL_TIME ( 23, 19, 4.000000000000000000, #6798 ) ;
#39 = AXIS2_PLACEMENT_3D ( 'NONE', #7826, #8602, #5761 ) ;
#40 = CARTESIAN_POINT ( 'NONE',  ( -2.734163426567457034, 0.000000000000000000, -0.2039866142975462759 ) ) ;
#41 = ORIENTED_EDGE ( 'NONE', *, *, #4948, .F. ) ;
#42 = ORIENTED_EDGE ( 'NONE', *, *, #7609, .F. ) ;
#43 = EDGE_CURVE ( 'NONE', #5271, #1031, #6689, .T. ) ;
#44 = VERTEX_POINT ( 'NONE', #3114 ) ;
#45 = AXIS2_PLACEMENT_3D ( 'NONE', #7670, #3519, #4832 ) ;
#46 = DIRECTION ( 'NONE',  ( 0.000000000000000000, 0.000000000000000000, 1.000000000000000000 ) ) ;
#47 = CARTESIAN_POINT ( 'NONE',  ( 1.167737622746305437, 0.5999999999999999778, -2.482548156321913613 ) ) ;
#48 = LINE ( 'NONE', #692, #4176 ) ;
#49 = ORIENTED_EDGE ( 'NONE', *, *, #6097, .F. ) ;
#50 = VECTOR ( 'NONE', #4099, 100.0000000000000142 ) ;
#51 = EDGE_CURVE ( 'NONE', #5277, #3203, #7989, .T. ) ;
#52 = ORIENTED_EDGE ( 'NONE', *, *, #3869, .F. ) ;
#53 = DIRECTION ( 'NONE',  ( 0.000000000000000000, 1.000000000000000000, 0.000000000000000000 ) ) ;
#54 = LINE ( 'NONE', #7073, #1087 ) ;
#55 = DIRECTION ( 'NONE',  ( 0.4843486746042916513, -0.000000000000000000, 0.8748750547415705681 ) ) ;
#56 = DIRECTION ( 'NONE',  ( 0.000000000000000000, 1.000000000000000000, -0.000000000000000000 ) ) ;
#57 = AXIS2_PLACEMENT_3D ( 'NONE', #2695, #607, #5281 ) ;
#58 = ORIENTED_EDGE ( 'NONE', *, *, #897, .T. ) ;
#59 = EDGE_CURVE ( 'NONE', #4631, #3171, #4648, .T. ) ;
#60 = CARTESIAN_POINT ( 'NONE',  ( 0.3281231852442048069, 0.5999999999999999778, -2.723782605007123880 ) ) ;
#61 = DIRECTION ( 'NONE',  ( 0.6457217067881142469, -0.000000000000000000, 0.7635728369858666431 ) ) ;
#62 = DIRECTION ( 'NONE',  ( 0.000000000000000000, 1.000000000000000000, 0.000000000000000000 ) ) ;
#63 = ORIENTED_EDGE ( 'NONE', *, *, #2045, .F. ) ;
#64 = ADVANCED_FACE ( 'NONE', ( #1762 ), #6824, .F. ) ;
#65 = AXIS2_PLACEMENT_3D ( 'NONE', #114, #6366, #711 ) ;
#66 = DIRECTION ( 'NONE',  ( 0.000000000000000000, 1.000000000000000000, 0.000000000000000000 ) ) ;
#67 = VECTOR ( 'NONE', #7697, 100.0000000000000000 ) ;
#68 = CARTESIAN_POINT ( 'NONE',  ( -0.2446220771390319182, 0.000000000000000000, 2.630416277254186141 ) ) ;
#69 = LINE ( 'NONE', #7046, #1018 ) ;
#70 = DIRECTION ( 'NONE',  ( 0.000000000000000000, 1.000000000000000000, 0.000000000000000000 ) ) ;
#71 = CARTESIAN_POINT ( 'NONE',  ( 0.7071067811865463515, 0.2999999999999999889, -1.057111781186548694 ) ) ;
#72 = EDGE_CURVE ( 'NONE', #4148, #8929, #1993, .T. ) ;
#73 = ORIENTED_EDGE ( 'NONE', *, *, #8392, .T. ) ;
#74 = CARTESIAN_POINT ( 'NONE',  ( 0.9097684458441869237, 0.000000000000000000, 1.192611158318692466 ) ) ;
#75 = LINE ( 'NONE', #4198, #8453 ) ;
#76 = ORIENTED_EDGE ( 'NONE', *, *, #8262, .T. ) ;
#77 = EDGE_CURVE ( 'NONE', #5006, #1918, #3385, .T. ) ;
#78 = CARTESIAN_POINT ( 'NONE',  ( 0.000000000000000000, 0.5999999999999999778, 0.000000000000000000 ) ) ;
#79 = ORIENTED_EDGE ( 'NONE', *, *, #2045, .T. ) ;
#80 = CARTESIAN_POINT ( 'NONE',  ( 0.4682167728388227368, 0.000000000000000000, 2.353884672967692993 ) ) ;
#81 = DIRECTION ( 'NONE',  ( 0.000000000000000000, 1.000000000000000000, -0.000000000000000000 ) ) ;
#82 = CIRCLE ( 'NONE', #6299, 0.1000000000000000888 ) ;
#83 = FACE_OUTER_BOUND ( 'NONE', #861, .T. ) ;
#84 = ORIENTED_EDGE ( 'NONE', *, *, #5617, .F. ) ;
#85 = EDGE_CURVE ( 'NONE', #7784, #4678, #7416, .T. ) ;
#86 = ORIENTED_EDGE ( 'NONE', *, *, #3541, .F. ) ;
#87 = VECTOR ( 'NONE', #4495, 100.0000000000000000 ) ;
#88 = VERTEX_POINT ( 'NONE', #8228 ) ;
#89 = AXIS2_PLACEMENT_3D ( 'NONE', #8321, #7642, #851 ) ;
#90 = CIRCLE ( 'NONE', #5158, 0.1000000000000000056 ) ;
#91 = AXIS2_PLACEMENT_3D ( 'NONE', #2664, #5435, #8190 ) ;
#92 = AXIS2_PLACEMENT_3D ( 'NONE', #836, #6404, #194 ) ;
#93 = DIRECTION ( 'NONE',  ( 0.000000000000000000, 1.000000000000000000, 0.000000000000000000 ) ) ;
#94 = CARTESIAN_POINT ( 'NONE',  ( -1.188943870924979551, 0.000000000000000000, 2.359097756358868647 ) ) ;
#95 = AXIS2_PLACEMENT_3D ( 'NONE', #68, #4828, #5475 ) ;
#96 = ORIENTED_EDGE ( 'NONE', *, *, #8233, .F. ) ;
#97 = VERTEX_POINT ( 'NONE', #1351 ) ;
#98 = DIRECTION ( 'NONE',  ( 0.000000000000000000, 1.000000000000000000, -0.000000000000000000 ) ) ;
#99 = CARTESIAN_POINT ( 'NONE',  ( 2.339055835819626950, 0.000000000000000000, -0.5374177117646692370 ) ) ;
#100 = VECTOR ( 'NONE', #5539, 100.0000000000000000 ) ;
#101 = AXIS2_PLACEMENT_3D ( 'NONE', #7334, #2482, #5256 ) ;
#102 = DIRECTION ( 'NONE',  ( 0.8748750547415704570, 0.000000000000000000, -0.4843486746042915958 ) ) ;
#103 = ADVANCED_FACE ( 'NONE', ( #4195 ), #6959, .F. ) ;
#104 = LINE ( 'NONE', #4992, #2985 ) ;
#105 = ORIENTED_EDGE ( 'NONE', *, *, #1628, .F. ) ;
#106 = LINE ( 'NONE', #742, #5698 ) ;
#107 = CARTESIAN_POINT ( 'NONE',  ( -2.116023764122559658, 0.5999999999999999778, 1.631331240123582216 ) ) ;
#108 = VERTEX_POINT ( 'NONE', #8313 ) ;
#109 = EDGE_CURVE ( 'NONE', #946, #4455, #4062, .T. ) ;
#110 = DIRECTION ( 'NONE',  ( 0.000000000000000000, 0.000000000000000000, 1.000000000000000000 ) ) ;
#111 = EDGE_LOOP ( 'NONE', ( #8572, #4818, #1271, #52 ) ) ;
#112 = DIRECTION ( 'NONE',  ( -0.7060595114480029411, 0.000000000000000000, -0.7081525021447057089 ) ) ;
#113 = DIRECTION ( 'NONE',  ( 0.000000000000000000, 1.000000000000000000, -0.000000000000000000 ) ) ;
#114 = CARTESIAN_POINT ( 'NONE',  ( 2.607432228139167307, 0.000000000000000000, 0.8532020157591899689 ) ) ;
#115 = DIRECTION ( 'NONE',  ( 0.000000000000000000, 1.000000000000000000, -0.000000000000000000 ) ) ;
#116 = ORIENTED_EDGE ( 'NONE', *, *, #2319, .F. ) ;
#117 = DIRECTION ( 'NONE',  ( 0.000000000000000000, 0.000000000000000000, -1.000000000000000000 ) ) ;
#118 = DIRECTION ( 'NONE',  ( 0.000000000000000000, 0.000000000000000000, 1.000000000000000000 ) ) ;
#119 = VERTEX_POINT ( 'NONE', #26 ) ;
#120 = CARTESIAN_POINT ( 'NONE',  ( -0.7071067811865462405, 0.2999999999999999889, -0.7071067811865486830 ) ) ;
#121 = AXIS2_PLACEMENT_3D ( 'NONE', #6174, #4934, #2142 ) ;
#122 = ORIENTED_EDGE ( 'NONE', *, *, #5088, .F. ) ;
#123 = EDGE_CURVE ( 'NONE', #2079, #2548, #2162, .T. ) ;
#124 = DIRECTION ( 'NONE',  ( 0.000000000000000000, 0.000000000000000000, 1.000000000000000000 ) ) ;
#125 = DIRECTION ( 'NONE',  ( -0.000000000000000000, -1.000000000000000000, -0.000000000000000000 ) ) ;
#126 = ORIENTED_EDGE ( 'NONE', *, *, #6439, .F. ) ;
#127 = ORIENTED_EDGE ( 'NONE', *, *, #7656, .T. ) ;
#128 = VERTEX_POINT ( 'NONE', #752 ) ;
#129 = EDGE_CURVE ( 'NONE', #2871, #3719, #6124, .T. ) ;
#130 = EDGE_CURVE ( 'NONE', #7798, #460, #3475, .T. ) ;
#131 = DIRECTION ( 'NONE',  ( 6.938893903907222067E-15, 0.000000000000000000, 1.000000000000000000 ) ) ;
#132 = CARTESIAN_POINT ( 'NONE',  ( 2.243427132316891282, 0.000000000000000000, 0.8526632993066454169 ) ) ;
#133 = CARTESIAN_POINT ( 'NONE',  ( 1.697056274847810409, 0.000000000000000000, 1.697056274847619672 ) ) ;
#134 = ORIENTED_EDGE ( 'NONE', *, *, #8849, .T. ) ;
#135 = EDGE_LOOP ( 'NONE', ( #6270, #7438, #8335, #920 ) ) ;
#136 = DIRECTION ( 'NONE',  ( -0.9995204884380808341, 0.000000000000000000, 0.03096438587313432925 ) ) ;
#137 = DIRECTION ( 'NONE',  ( -0.000000000000000000, -1.000000000000000000, 0.000000000000000000 ) ) ;
#138 = DIRECTION ( 'NONE',  ( -0.7071067811865475727, 0.000000000000000000, -0.7071067811865475727 ) ) ;
#139 = CIRCLE ( 'NONE', #5216, 0.1000000000000000888 ) ;
#140 = CARTESIAN_POINT ( 'NONE',  ( -2.012801425311599779, 0.000000000000000000, -1.757108023884285553 ) ) ;
#141 = ORIENTED_EDGE ( 'NONE', *, *, #4492, .T. ) ;
#142 = CYLINDRICAL_SURFACE ( 'NONE', #780, 0.1000000000000000888 ) ;
#143 = ADVANCED_FACE ( 'NONE', ( #8904 ), #2708, .T. ) ;
#144 = LINE ( 'NONE', #8430, #2703 ) ;
#145 = EDGE_CURVE ( 'NONE', #2672, #5933, #8268, .T. ) ;
#146 = AXIS2_PLACEMENT_3D ( 'NONE', #6957, #5516, #1395 ) ;
#147 = ORIENTED_EDGE ( 'NONE', *, *, #524, .F. ) ;
#148 = VECTOR ( 'NONE', #8297, 100.0000000000000142 ) ;
#149 = DIRECTION ( 'NONE',  ( 0.000000000000000000, 1.000000000000000000, -0.000000000000000000 ) ) ;
#150 = CARTESIAN_POINT ( 'NONE',  ( -2.243427132316819339, 0.000000000000000000, -0.8526632993067863042 ) ) ;
#151 = LINE ( 'NONE', #2918, #291 ) ;
#152 = EDGE_CURVE ( 'NONE', #4389, #8776, #7564, .T. ) ;
#153 = DIRECTION ( 'NONE',  ( 0.000000000000000000, 1.000000000000000000, 0.000000000000000000 ) ) ;
#154 = CARTESIAN_POINT ( 'NONE',  ( 0.4207093742621254573, 0.000000000000000000, 2.638522656287547896 ) ) ;
#155 = ORIENTED_EDGE ( 'NONE', *, *, #999, .F. ) ;
#156 = EDGE_CURVE ( 'NONE', #8705, #1763, #572, .T. ) ;
#157 = DIRECTION ( 'NONE',  ( 0.000000000000000000, 0.000000000000000000, 1.000000000000000000 ) ) ;
#158 = DIRECTION ( 'NONE',  ( 0.000000000000000000, 1.000000000000000000, 0.000000000000000000 ) ) ;
#159 = ORIENTED_EDGE ( 'NONE', *, *, #7102, .F. ) ;
#160 = DIRECTION ( 'NONE',  ( -0.000000000000000000, -1.000000000000000000, -0.000000000000000000 ) ) ;
#161 = EDGE_CURVE ( 'NONE', #8185, #7613, #8858, .T. ) ;
#162 = AXIS2_PLACEMENT_3D ( 'NONE', #4125, #690, #500 ) ;
#163 = CARTESIAN_POINT ( 'NONE',  ( -1.349411140906878970, 0.000000000000000000, -2.386702695098058769 ) ) ;
#164 = DIRECTION ( 'NONE',  ( 0.9863558345325442733, 0.000000000000000000, 0.1646273600699716677 ) ) ;
#165 = LINE ( 'NONE', #809, #4253 ) ;
#166 = ORIENTED_EDGE ( 'NONE', *, *, #6946, .F. ) ;
#167 = ORIENTED_EDGE ( 'NONE', *, *, #3286, .F. ) ;
#168 = ORIENTED_EDGE ( 'NONE', *, *, #8035, .T. ) ;
#169 = VECTOR ( 'NONE', #8711, 100.0000000000000142 ) ;
#170 = EDGE_CURVE ( 'NONE', #799, #6120, #7841, .T. ) ;
#171 = CIRCLE ( 'NONE', #1343, 0.3500050000000000106 ) ;
#172 = AXIS2_PLACEMENT_3D ( 'NONE', #7200, #136, #997 ) ;
#173 = VECTOR ( 'NONE', #1121, 100.0000000000000000 ) ;
#174 = DIRECTION ( 'NONE',  ( -0.6229269433213771023, 0.000000000000000000, 0.7822800159049736468 ) ) ;
#175 = LINE ( 'NONE', #132, #4152 ) ;
#176 = CIRCLE ( 'NONE', #5678, 0.1499999999999999667 ) ;
#177 = DIRECTION ( 'NONE',  ( 0.000000000000000000, 0.000000000000000000, -1.000000000000000000 ) ) ;
#178 = ORIENTED_EDGE ( 'NONE', *, *, #5772, .T. ) ;
#179 = ORIENTED_EDGE ( 'NONE', *, *, #4159, .T. ) ;
#180 = ORIENTED_EDGE ( 'NONE', *, *, #3034, .F. ) ;
#181 = FACE_OUTER_BOUND ( 'NONE', #8272, .T. ) ;
#182 = DIRECTION ( 'NONE',  ( 0.000000000000000000, 0.000000000000000000, 1.000000000000000000 ) ) ;
#183 = EDGE_CURVE ( 'NONE', #6476, #1134, #5478, .T. ) ;
#184 = VECTOR ( 'NONE', #7633, 100.0000000000000000 ) ;
#185 = VECTOR ( 'NONE', #16, 100.0000000000000000 ) ;
#186 = EDGE_CURVE ( 'NONE', #1319, #4307, #667, .T. ) ;
#187 = CARTESIAN_POINT ( 'NONE',  ( -1.345492771289866774, 0.000000000000000000, 2.390879693008519880 ) ) ;
#188 = DIRECTION ( 'NONE',  ( 0.000000000000000000, 1.000000000000000000, 0.000000000000000000 ) ) ;
#189 = CIRCLE ( 'NONE', #5262, 2.400000000000000355 ) ;
#190 = FACE_OUTER_BOUND ( 'NONE', #4952, .T. ) ;
#191 = ORIENTED_EDGE ( 'NONE', *, *, #5783, .T. ) ;
#192 = PERSON_AND_ORGANIZATION_ROLE ( 'design_supplier' ) ;
#193 = LINE ( 'NONE', #377, #5276 ) ;
#194 = DIRECTION ( 'NONE',  ( 0.000000000000000000, 0.000000000000000000, 1.000000000000000000 ) ) ;
#195 = ORIENTED_EDGE ( 'NONE', *, *, #4448, .F. ) ;
#196 = CARTESIAN_POINT ( 'NONE',  ( 2.129434459435529448, 0.000000000000000000, 1.727069502064252804 ) ) ;
#197 = CIRCLE ( 'NONE', #3535, 0.3500050000000000106 ) ;
#198 = ORIENTED_EDGE ( 'NONE', *, *, #1269, .T. ) ;
#199 = CYLINDRICAL_SURFACE ( 'NONE', #3418, 0.1499999999999999667 ) ;
#200 = FACE_OUTER_BOUND ( 'NONE', #5409, .T. ) ;
#201 = CARTESIAN_POINT ( 'NONE',  ( 2.604099926062591663, 0.000000000000000000, -0.8578599868702639908 ) ) ;
#202 = DIRECTION ( 'NONE',  ( -0.000000000000000000, -1.000000000000000000, 0.000000000000000000 ) ) ;
#203 = ORIENTED_EDGE ( 'NONE', *, *, #4494, .T. ) ;
#204 = FACE_OUTER_BOUND ( 'NONE', #1592, .T. ) ;
#205 = DIRECTION ( 'NONE',  ( 0.000000000000000000, 0.000000000000000000, 1.000000000000000000 ) ) ;
#206 = VERTEX_POINT ( 'NONE', #6920 ) ;
#207 = VECTOR ( 'NONE', #722, 100.0000000000000000 ) ;
#208 = AXIS2_PLACEMENT_3D ( 'NONE', #8833, #8698, #1234 ) ;
#209 = CARTESIAN_POINT ( 'NONE',  ( -2.158023279829105689, 0.000000000000000000, 1.693987021127794534 ) ) ;
#210 = ADVANCED_FACE ( 'NONE', ( #2077 ), #712, .T. ) ;
#211 = CARTESIAN_POINT ( 'NONE',  ( 1.234778102581726600, 0.000000000000000000, -2.447975330630792090 ) ) ;
#212 = CARTESIAN_POINT ( 'NONE',  ( 0.000000000000000000, 0.000000000000000000, 0.000000000000000000 ) ) ;
#213 = LINE ( 'NONE', #8282, #1511 ) ;
#214 = ORIENTED_EDGE ( 'NONE', *, *, #3805, .F. ) ;
#215 = ORIENTED_EDGE ( 'NONE', *, *, #3500, .T. ) ;
#216 = ORIENTED_EDGE ( 'NONE', *, *, #8481, .T. ) ;
#217 = AXIS2_PLACEMENT_3D ( 'NONE', #8184, #4393, #7158 ) ;
#218 = EDGE_CURVE ( 'NONE', #6716, #8241, #2080, .T. ) ;
#219 = CIRCLE ( 'NONE', #3697, 0.6750000000000000444 ) ;
#220 = VECTOR ( 'NONE', #3328, 100.0000000000000000 ) ;
#221 = DIRECTION ( 'NONE',  ( -0.000000000000000000, -1.000000000000000000, -0.000000000000000000 ) ) ;
#222 = DIRECTION ( 'NONE',  ( 0.000000000000000000, 0.000000000000000000, 1.000000000000000000 ) ) ;
#223 = ORIENTED_EDGE ( 'NONE', *, *, #6500, .F. ) ;
#224 = EDGE_CURVE ( 'NONE', #1036, #1947, #5405, .T. ) ;
#225 = CARTESIAN_POINT ( 'NONE',  ( -2.339055835819531470, 0.000000000000000000, 0.5374177117645743129 ) ) ;
#226 = VERTEX_POINT ( 'NONE', #154 ) ;
#227 = ORIENTED_EDGE ( 'NONE', *, *, #7488, .T. ) ;
#228 = CIRCLE ( 'NONE', #5298, 0.09999999999999992228 ) ;
#229 = ORIENTED_EDGE ( 'NONE', *, *, #6353, .T. ) ;
#230 = LINE ( 'NONE', #7072, #4947 ) ;
#231 = CARTESIAN_POINT ( 'NONE',  ( -2.276678570840593441, 0.000000000000000000, 1.398403686497507348 ) ) ;
#232 = VECTOR ( 'NONE', #7445, 100.0000000000000000 ) ;
#233 = AXIS2_PLACEMENT_3D ( 'NONE', #5805, #5944, #2450 ) ;
#234 = CARTESIAN_POINT ( 'NONE',  ( -2.721423057264497736, 0.000000000000000000, 0.3333417546314537683 ) ) ;
#235 = VECTOR ( 'NONE', #4059, 100.0000000000000000 ) ;
#236 = CARTESIAN_POINT ( 'NONE',  ( 0.000000000000000000, 0.5999999999999999778, -0.6750000000000000444 ) ) ;
#237 = CYLINDRICAL_SURFACE ( 'NONE', #7451, 0.1000000000000000056 ) ;
#238 = ADVANCED_FACE ( 'NONE', ( #7048 ), #7132, .T. ) ;
#239 = EDGE_LOOP ( 'NONE', ( #3509, #7766, #8745, #6165 ) ) ;
#240 = VECTOR ( 'NONE', #6109, 100.0000000000000000 ) ;
#241 = DIRECTION ( 'NONE',  ( -0.000000000000000000, -1.000000000000000000, 0.000000000000000000 ) ) ;
#242 = CARTESIAN_POINT ( 'NONE',  ( 0.3333417546315485258, 0.000000000000000000, 2.721423057264499068 ) ) ;
#243 = AXIS2_PLACEMENT_3D ( 'NONE', #3374, #2741, #2067 ) ;
#244 = CIRCLE ( 'NONE', #7480, 0.1499999999999999667 ) ;
#245 = ORIENTED_EDGE ( 'NONE', *, *, #4016, .F. ) ;
#246 = DIRECTION ( 'NONE',  ( -0.000000000000000000, -1.000000000000000000, 0.000000000000000000 ) ) ;
#247 = EDGE_CURVE ( 'NONE', #7652, #8537, #7126, .T. ) ;
#248 = ADVANCED_FACE ( 'NONE', ( #5011 ), #8527, .T. ) ;
#249 = DIRECTION ( 'NONE',  ( 0.8887757427182936265, 0.000000000000000000, 0.4583423165664997079 ) ) ;
#250 = DIRECTION ( 'NONE',  ( 0.000000000000000000, 1.000000000000000000, 0.000000000000000000 ) ) ;
#251 = FACE_OUTER_BOUND ( 'NONE', #3172, .T. ) ;
#252 = DIRECTION ( 'NONE',  ( 0.000000000000000000, 1.000000000000000000, 0.000000000000000000 ) ) ;
#253 = EDGE_LOOP ( 'NONE', ( #6913, #2192, #3099, #7718 ) ) ;
#254 = DIRECTION ( 'NONE',  ( -0.000000000000000000, -1.000000000000000000, -0.000000000000000000 ) ) ;
#255 = FACE_OUTER_BOUND ( 'NONE', #3746, .T. ) ;
#256 = ORIENTED_EDGE ( 'NONE', *, *, #7348, .T. ) ;
#257 = LINE ( 'NONE', #7772, #5241 ) ;
#258 = CARTESIAN_POINT ( 'NONE',  ( -2.350168206146002081, 0.000000000000000000, 1.415403089884399002 ) ) ;
#259 = CARTESIAN_POINT ( 'NONE',  ( -2.189266539367739295, 0.000000000000000000, 0.9834185373504257255 ) ) ;
#260 = DIRECTION ( 'NONE',  ( 0.8306464755968354652, 0.000000000000000000, 0.5568001729333028615 ) ) ;
#261 = ORIENTED_EDGE ( 'NONE', *, *, #803, .F. ) ;
#262 = ORIENTED_EDGE ( 'NONE', *, *, #1661, .F. ) ;
#263 = ORIENTED_EDGE ( 'NONE', *, *, #5987, .F. ) ;
#264 = EDGE_CURVE ( 'NONE', #1624, #8164, #1936, .T. ) ;
#265 = EDGE_CURVE ( 'NONE', #3292, #3267, #1611, .T. ) ;
#266 = VECTOR ( 'NONE', #4766, 100.0000000000000000 ) ;
#267 = DIRECTION ( 'NONE',  ( -0.000000000000000000, -1.000000000000000000, -0.000000000000000000 ) ) ;
#268 = DIRECTION ( 'NONE',  ( 0.000000000000000000, 1.000000000000000000, -0.000000000000000000 ) ) ;
#269 = ORIENTED_EDGE ( 'NONE', *, *, #1621, .T. ) ;
#270 = DIRECTION ( 'NONE',  ( 0.000000000000000000, 0.000000000000000000, 1.000000000000000000 ) ) ;
#271 = ORIENTED_EDGE ( 'NONE', *, *, #542, .F. ) ;
#272 = ORIENTED_EDGE ( 'NONE', *, *, #2130, .F. ) ;
#273 = VERTEX_POINT ( 'NONE', #7000 ) ;
#274 = DIRECTION ( 'NONE',  ( 0.000000000000000000, 0.000000000000000000, 1.000000000000000000 ) ) ;
#275 = CARTESIAN_POINT ( 'NONE',  ( 0.7334758920361070800, 0.000000000000000000, -2.641831428724034314 ) ) ;
#276 = ADVANCED_FACE ( 'NONE', ( #5825 ), #2201, .T. ) ;
#277 = CYLINDRICAL_SURFACE ( 'NONE', #2851, 0.1000000000000000056 ) ;
#278 = CARTESIAN_POINT ( 'NONE',  ( -2.740449271673743414, 0.000000000000000000, -0.1288188395258227925 ) ) ;
#279 = DIRECTION ( 'NONE',  ( 0.000000000000000000, 0.000000000000000000, 1.000000000000000000 ) ) ;
#280 = ORIENTED_EDGE ( 'NONE', *, *, #8080, .T. ) ;
#281 = CARTESIAN_POINT ( 'NONE',  ( 2.390879693008614471, 0.000000000000000000, 1.345492771289868772 ) ) ;
#282 = CARTESIAN_POINT ( 'NONE',  ( 0.000000000000000000, 0.5999999999999999778, 0.000000000000000000 ) ) ;
#283 = ORIENTED_EDGE ( 'NONE', *, *, #3391, .T. ) ;
#284 = VECTOR ( 'NONE', #1409, 100.0000000000000000 ) ;
#285 = EDGE_CURVE ( 'NONE', #7577, #6890, #7765, .T. ) ;
#286 = LINE ( 'NONE', #7886, #5812 ) ;
#287 = CYLINDRICAL_SURFACE ( 'NONE', #1676, 0.1000000000000000888 ) ;
#288 = ORIENTED_EDGE ( 'NONE', *, *, #1857, .F. ) ;
#289 = DIRECTION ( 'NONE',  ( -0.1126796382267744728, 0.000000000000000000, -0.9936313698394809713 ) ) ;
#290 = LINE ( 'NONE', #3875, #5393 ) ;
#291 = VECTOR ( 'NONE', #7801, 99.99999999999998579 ) ;
#292 = DIRECTION ( 'NONE',  ( 0.000000000000000000, 1.000000000000000000, 0.000000000000000000 ) ) ;
#293 = CARTESIAN_POINT ( 'NONE',  ( 0.000000000000000000, 0.5999999999999999778, 0.000000000000000000 ) ) ;
#294 = CARTESIAN_POINT ( 'NONE',  ( -2.339055835819531470, 0.5999999999999999778, 0.5374177117645743129 ) ) ;
#295 = DIRECTION ( 'NONE',  ( 0.000000000000000000, 0.000000000000000000, 1.000000000000000000 ) ) ;
#296 = VERTEX_POINT ( 'NONE', #7847 ) ;
#297 = EDGE_CURVE ( 'NONE', #2937, #8733, #5052, .T. ) ;
#298 = EDGE_CURVE ( 'NONE', #3964, #637, #1202, .T. ) ;
#299 = FACE_OUTER_BOUND ( 'NONE', #8163, .T. ) ;
#300 = DIRECTION ( 'NONE',  ( 0.000000000000000000, 1.000000000000000000, -0.000000000000000000 ) ) ;
#301 = DIRECTION ( 'NONE',  ( 0.000000000000000000, 1.000000000000000000, 0.000000000000000000 ) ) ;
#302 = DIRECTION ( 'NONE',  ( 0.000000000000000000, 0.000000000000000000, 1.000000000000000000 ) ) ;
#303 = ORIENTED_EDGE ( 'NONE', *, *, #1841, .F. ) ;
#304 = ORIENTED_EDGE ( 'NONE', *, *, #4841, .F. ) ;
#305 = EDGE_LOOP ( 'NONE', ( #2944, #141, #58, #1201 ) ) ;
#306 = CARTESIAN_POINT ( 'NONE',  ( -1.415403089884388343, 0.000000000000000000, -2.350168206146088234 ) ) ;
#307 = DIRECTION ( 'NONE',  ( 0.000000000000000000, 0.000000000000000000, 1.000000000000000000 ) ) ;
#308 = VERTEX_POINT ( 'NONE', #5144 ) ;
#309 = EDGE_CURVE ( 'NONE', #5271, #2283, #1524, .T. ) ;
#310 = LINE ( 'NONE', #364, #3412 ) ;
#311 = ORIENTED_EDGE ( 'NONE', *, *, #3465, .T. ) ;
#312 = ORIENTED_EDGE ( 'NONE', *, *, #5324, .F. ) ;
#313 = ORIENTED_EDGE ( 'NONE', *, *, #1302, .T. ) ;
#314 = CARTESIAN_POINT ( 'NONE',  ( 0.000000000000000000, 0.000000000000000000, 0.000000000000000000 ) ) ;
#315 = CARTESIAN_POINT ( 'NONE',  ( 1.688628483116678902, 0.5999999999999999778, -2.160044913421789392 ) ) ;
#316 = VECTOR ( 'NONE', #1068, 100.0000000000000000 ) ;
#317 = CIRCLE ( 'NONE', #7688, 0.1000000000000000888 ) ;
#318 = CARTESIAN_POINT ( 'NONE',  ( -2.630416277254184809, 0.000000000000000000, -0.2446220771391268423 ) ) ;
#319 = CC_DESIGN_DATE_AND_TIME_ASSIGNMENT ( #5355, #549, ( #3813 ) ) ;
#320 = DIRECTION ( 'NONE',  ( 0.000000000000000000, 1.000000000000000000, 0.000000000000000000 ) ) ;
#321 = CIRCLE ( 'NONE', #4266, 0.1000000000000000888 ) ;
#322 = CARTESIAN_POINT ( 'NONE',  ( 1.349411140906982665, 0.000000000000000000, 2.386702695097974836 ) ) ;
#323 = EDGE_CURVE ( 'NONE', #7195, #7798, #477, .T. ) ;
#324 = ORIENTED_EDGE ( 'NONE', *, *, #1941, .T. ) ;
#325 = VECTOR ( 'NONE', #2468, 100.0000000000000142 ) ;
#326 = CIRCLE ( 'NONE', #8864, 0.1000000000000000888 ) ;
#327 = DIRECTION ( 'NONE',  ( -0.4843486746042915958, 0.000000000000000000, -0.8748750547415706791 ) ) ;
#328 = DIRECTION ( 'NONE',  ( -0.000000000000000000, -1.000000000000000000, -0.000000000000000000 ) ) ;
#329 = ORIENTED_EDGE ( 'NONE', *, *, #4895, .F. ) ;
#330 = CARTESIAN_POINT ( 'NONE',  ( -0.7071067811865462405, 0.2999999999999999889, 0.7071067811865487940 ) ) ;
#331 = VECTOR ( 'NONE', #3334, 100.0000000000000142 ) ;
#332 = SECURITY_CLASSIFICATION ( '', '', #5183 ) ;
#333 = DIRECTION ( 'NONE',  ( 0.000000000000000000, 0.000000000000000000, 1.000000000000000000 ) ) ;
#334 = VERTEX_POINT ( 'NONE', #8394 ) ;
#335 = EDGE_CURVE ( 'NONE', #5862, #1525, #4375, .T. ) ;
#336 = VERTEX_POINT ( 'NONE', #8437 ) ;
#337 = FACE_OUTER_BOUND ( 'NONE', #4429, .T. ) ;
#338 = CARTESIAN_POINT ( 'NONE',  ( 0.9273757962659440190, 0.000000000000000000, 2.505747855997265461 ) ) ;
#339 = EDGE_CURVE ( 'NONE', #6890, #5362, #4237, .T. ) ;
#340 = LINE ( 'NONE', #201, #3243 ) ;
#341 = LINE ( 'NONE', #15, #4383 ) ;
#342 = DIRECTION ( 'NONE',  ( 0.000000000000000000, 1.000000000000000000, 0.000000000000000000 ) ) ;
#343 = CARTESIAN_POINT ( 'NONE',  ( 0.3220737908088710522, 0.000000000000000000, 2.622059920280551015 ) ) ;
#344 = ORIENTED_EDGE ( 'NONE', *, *, #8684, .F. ) ;
#345 = CIRCLE ( 'NONE', #4394, 1.500000000000000000 ) ;
#346 = DIRECTION ( 'NONE',  ( 0.000000000000000000, 0.000000000000000000, 1.000000000000000000 ) ) ;
#347 = EDGE_CURVE ( 'NONE', #898, #1875, #4326, .T. ) ;
#348 = CARTESIAN_POINT ( 'NONE',  ( 0.000000000000000000, 0.000000000000000000, -0.6750000000000000444 ) ) ;
#349 = CARTESIAN_POINT ( 'NONE',  ( -0.5374177117645578816, 0.000000000000000000, -2.339055835819605633 ) ) ;
#351 = EDGE_CURVE ( 'NONE', #2443, #5756, #3664, .T. ) ;
#350 = VECTOR ( 'NONE', #1492, 100.0000000000000000 ) ;
#352 = VECTOR ( 'NONE', #3497, 100.0000000000000000 ) ;
#353 = CARTESIAN_POINT ( 'NONE',  ( 1.391627140053462997, 0.5999999999999999778, 1.955344957562864305 ) ) ;
#354 = LINE ( 'NONE', #4610, #6131 ) ;
#355 = ORIENTED_EDGE ( 'NONE', *, *, #3551, .T. ) ;
#356 = ORIENTED_EDGE ( 'NONE', *, *, #5763, .F. ) ;
#357 = VECTOR ( 'NONE', #3691, 100.0000000000000000 ) ;
#358 = EDGE_CURVE ( 'NONE', #3926, #7870, #1645, .T. ) ;
#359 = DIRECTION ( 'NONE',  ( 0.000000000000000000, 0.000000000000000000, 1.000000000000000000 ) ) ;
#360 = CARTESIAN_POINT ( 'NONE',  ( -2.033973951400470437, 0.5999999999999999778, -1.273950534763560016 ) ) ;
#361 = VERTEX_POINT ( 'NONE', #3918 ) ;
#362 = ADVANCED_FACE ( 'NONE', ( #7310 ), #7397, .T. ) ;
#363 = CIRCLE ( 'NONE', #5434, 0.1000000000000000056 ) ;
#364 = CARTESIAN_POINT ( 'NONE',  ( 2.350168206146098004, 0.000000000000000000, -1.415403089884493593 ) ) ;
#365 = ORIENTED_EDGE ( 'NONE', *, *, #5416, .F. ) ;
#366 = VERTEX_POINT ( 'NONE', #1153 ) ;
#367 = ORIENTED_EDGE ( 'NONE', *, *, #4650, .F. ) ;
#368 = CARTESIAN_POINT ( 'NONE',  ( 0.7071067811865463515, 0.2999999999999999889, 0.7071067811865487940 ) ) ;
#369 = CARTESIAN_POINT ( 'NONE',  ( -0.5779473370187012682, 0.000000000000000000, 1.384188164821890332 ) ) ;
#370 = AXIS2_PLACEMENT_3D ( 'NONE', #4313, #3042, #3815 ) ;
#371 = CIRCLE ( 'NONE', #5149, 0.1000000000000000888 ) ;
#372 = FACE_OUTER_BOUND ( 'NONE', #1516, .T. ) ;
#373 = CIRCLE ( 'NONE', #6891, 0.1000000000000000056 ) ;
#374 = CARTESIAN_POINT ( 'NONE',  ( 2.400000000000000355, 0.5999999999999999778, 4.663370384294650662E-13 ) ) ;
#375 = VERTEX_POINT ( 'NONE', #4501 ) ;
#376 = VECTOR ( 'NONE', #4637, 100.0000000000000000 ) ;
#377 = CARTESIAN_POINT ( 'NONE',  ( 1.955344957562959562, 0.5999999999999999778, -1.391627140053462108 ) ) ;
#378 = DIRECTION ( 'NONE',  ( 0.000000000000000000, 1.000000000000000000, 0.000000000000000000 ) ) ;
#379 = CIRCLE ( 'NONE', #7883, 2.400000000000000355 ) ;
#380 = ORIENTED_EDGE ( 'NONE', *, *, #8726, .T. ) ;
#381 = ADVANCED_FACE ( 'NONE', ( #1711 ), #7262, .T. ) ;
#382 = AXIS2_PLACEMENT_3D ( 'NONE', #7678, #5019, #4118 ) ;
#383 = CARTESIAN_POINT ( 'NONE',  ( -0.8532020157591891918, 0.000000000000000000, 2.607432228139071828 ) ) ;
#384 = CARTESIAN_POINT ( 'NONE',  ( -1.306420027913586024, 0.000000000000000000, -2.410503452114974188 ) ) ;
#385 = ORIENTED_EDGE ( 'NONE', *, *, #697, .F. ) ;
#386 = VECTOR ( 'NONE', #2764, 100.0000000000000000 ) ;
#387 = ORIENTED_EDGE ( 'NONE', *, *, #3121, .T. ) ;
#388 = FACE_OUTER_BOUND ( 'NONE', #1023, .T. ) ;
#389 = CYLINDRICAL_SURFACE ( 'NONE', #1627, 0.1499999999999999667 ) ;
#390 = DIRECTION ( 'NONE',  ( 0.000000000000000000, 1.000000000000000000, -0.000000000000000000 ) ) ;
#391 = DIRECTION ( 'NONE',  ( 0.1936385776162479200, 0.000000000000000000, 0.9810729337102092051 ) ) ;
#392 = DIRECTION ( 'NONE',  ( -0.000000000000000000, -1.000000000000000000, -0.000000000000000000 ) ) ;
#393 = DIRECTION ( 'NONE',  ( -0.2253661878322334167, 0.000000000000000000, -0.9742741305104876126 ) ) ;
#394 = ORIENTED_EDGE ( 'NONE', *, *, #2686, .F. ) ;
#395 = EDGE_CURVE ( 'NONE', #6801, #5955, #6005, .T. ) ;
#396 = AXIS2_PLACEMENT_3D ( 'NONE', #318, #3978, #8775 ) ;
#397 = AXIS2_PLACEMENT_3D ( 'NONE', #2949, #5762, #3631 ) ;
#398 = CARTESIAN_POINT ( 'NONE',  ( 2.523800576651628713, 0.000000000000000000, -0.7806153992595054047 ) ) ;
#399 = DIRECTION ( 'NONE',  ( -0.000000000000000000, -1.000000000000000000, -0.000000000000000000 ) ) ;
#400 = LINE ( 'NONE', #6558, #3035 ) ;
#401 = ADVANCED_FACE ( 'NONE', ( #2467 ), #8714, .T. ) ;
#402 = LINE ( 'NONE', #5885, #4272 ) ;
#403 = ORIENTED_EDGE ( 'NONE', *, *, #5763, .T. ) ;
#404 = ORIENTED_EDGE ( 'NONE', *, *, #5804, .F. ) ;
#405 = ORIENTED_EDGE ( 'NONE', *, *, #5536, .T. ) ;
#406 = EDGE_CURVE ( 'NONE', #6427, #946, #629, .T. ) ;
#407 = CARTESIAN_POINT ( 'NONE',  ( 0.7071067811865463515, 0.000000000000000000, -0.5571067811865485497 ) ) ;
#408 = CARTESIAN_POINT ( 'NONE',  ( -2.398956528258401111, 0.5999999999999999778, 0.07076422490293553247 ) ) ;
#409 = ORIENTED_EDGE ( 'NONE', *, *, #4886, .F. ) ;
#410 = LINE ( 'NONE', #2444, #1244 ) ;
#411 = ORIENTED_EDGE ( 'NONE', *, *, #3805, .T. ) ;
#412 = VERTEX_POINT ( 'NONE', #1115 ) ;
#413 = ORIENTED_EDGE ( 'NONE', *, *, #886, .F. ) ;
#414 = ADVANCED_FACE ( 'NONE', ( #8077 ), #3832, .T. ) ;
#415 = EDGE_CURVE ( 'NONE', #2174, #799, #8757, .T. ) ;
#416 = CARTESIAN_POINT ( 'NONE',  ( -1.626335788784444736, 0.5999999999999999778, 2.081816911831198436 ) ) ;
#417 = AXIS2_PLACEMENT_3D ( 'NONE', #1784, #3903, #4719 ) ;
#418 = CARTESIAN_POINT ( 'NONE',  ( -2.001228534340539156, 0.000000000000000000, 1.724533010878227079 ) ) ;
#419 = EDGE_LOOP ( 'NONE', ( #329, #5479, #7050, #443 ) ) ;
#420 = ORIENTED_EDGE ( 'NONE', *, *, #8242, .T. ) ;
#421 = FACE_OUTER_BOUND ( 'NONE', #4776, .T. ) ;
#422 = CARTESIAN_POINT ( 'NONE',  ( 2.400000000000048761, 0.000000000000000000, -1.145856321779169858E-13 ) ) ;
#423 = ORIENTED_EDGE ( 'NONE', *, *, #3648, .F. ) ;
#424 = DIRECTION ( 'NONE',  ( 0.000000000000000000, 1.000000000000000000, 0.000000000000000000 ) ) ;
#425 = DIRECTION ( 'NONE',  ( 0.000000000000000000, 1.000000000000000000, 0.000000000000000000 ) ) ;
#426 = ORIENTED_EDGE ( 'NONE', *, *, #1164, .T. ) ;
#427 = ADVANCED_FACE ( 'NONE', ( #8628, #1888 ), #8671, .T. ) ;
#428 = ORIENTED_EDGE ( 'NONE', *, *, #5513, .F. ) ;
#429 = CARTESIAN_POINT ( 'NONE',  ( 2.627596965865379719, 0.000000000000000000, -0.2732470260463680245 ) ) ;
#430 = LINE ( 'NONE', #5872, #2065 ) ;
#431 = EDGE_CURVE ( 'NONE', #3203, #3795, #4601, .T. ) ;
#432 = CARTESIAN_POINT ( 'NONE',  ( 2.634511253708374579, 0.000000000000000000, 0.1956532809641159110 ) ) ;
#433 = CARTESIAN_POINT ( 'NONE',  ( 0.8530903815704035109, 0.000000000000000000, -2.532002169471284869 ) ) ;
#434 = FACE_OUTER_BOUND ( 'NONE', #8896, .T. ) ;
#435 = DIRECTION ( 'NONE',  ( 0.000000000000000000, 1.000000000000000000, -0.000000000000000000 ) ) ;
#436 = ORIENTED_EDGE ( 'NONE', *, *, #1467, .F. ) ;
#437 = DIRECTION ( 'NONE',  ( 0.000000000000000000, 0.000000000000000000, 1.000000000000000000 ) ) ;
#438 = AXIS2_PLACEMENT_3D ( 'NONE', #8721, #4512, #8638 ) ;
#439 = CARTESIAN_POINT ( 'NONE',  ( -0.7071067811865462405, 0.2999999999999999889, 0.7071067811865487940 ) ) ;
#440 = CARTESIAN_POINT ( 'NONE',  ( 0.000000000000000000, 0.000000000000000000, 0.000000000000000000 ) ) ;
#441 = EDGE_CURVE ( 'NONE', #1997, #8064, #3103, .T. ) ;
#442 = CARTESIAN_POINT ( 'NONE',  ( 0.000000000000000000, 0.5999999999999999778, 0.000000000000000000 ) ) ;
#443 = ORIENTED_EDGE ( 'NONE', *, *, #1724, .F. ) ;
#444 = ORIENTED_EDGE ( 'NONE', *, *, #3637, .F. ) ;
#445 = ORIENTED_EDGE ( 'NONE', *, *, #4233, .T. ) ;
#446 = ORIENTED_EDGE ( 'NONE', *, *, #8426, .T. ) ;
#447 = CARTESIAN_POINT ( 'NONE',  ( -1.234778102581629788, 0.5999999999999999778, 2.447975330630697943 ) ) ;
#448 = CARTESIAN_POINT ( 'NONE',  ( -2.299215189623816880, 0.000000000000000000, 1.400976273446458586 ) ) ;
#449 = EDGE_LOOP ( 'NONE', ( #7823, #2445, #8928, #6419 ) ) ;
#450 = FACE_OUTER_BOUND ( 'NONE', #4022, .T. ) ;
#451 = VERTEX_POINT ( 'NONE', #3193 ) ;
#452 = ORIENTED_EDGE ( 'NONE', *, *, #5783, .F. ) ;
#453 = ORIENTED_EDGE ( 'NONE', *, *, #8629, .F. ) ;
#454 = EDGE_CURVE ( 'NONE', #6972, #2422, #517, .T. ) ;
#455 = DIRECTION ( 'NONE',  ( -0.8482738040849265859, 0.000000000000000000, -0.5295578847522596222 ) ) ;
#456 = DIRECTION ( 'NONE',  ( -0.000000000000000000, -1.000000000000000000, 0.000000000000000000 ) ) ;
#457 = AXIS2_PLACEMENT_3D ( 'NONE', #1227, #3990, #5401 ) ;
#458 = ADVANCED_FACE ( 'NONE', ( #3283 ), #5960, .T. ) ;
#459 = ORIENTED_EDGE ( 'NONE', *, *, #3274, .T. ) ;
#460 = VERTEX_POINT ( 'NONE', #5372 ) ;
#461 = EDGE_CURVE ( 'NONE', #6674, #366, #2427, .T. ) ;
#462 = DIRECTION ( 'NONE',  ( 0.001479967914611224865, 0.000000000000000000, -0.9999989048468862496 ) ) ;
#463 = CARTESIAN_POINT ( 'NONE',  ( -0.6973863064758748509, 0.000000000000000000, -2.579234484275303441 ) ) ;
#464 = ORIENTED_EDGE ( 'NONE', *, *, #7546, .T. ) ;
#465 = VECTOR ( 'NONE', #6677, 100.0000000000000000 ) ;
#466 = DIRECTION ( 'NONE',  ( 0.9804954788761439666, 0.000000000000000000, 0.1965416391084622294 ) ) ;
#467 = LINE ( 'NONE', #650, #3413 ) ;
#468 = ORIENTED_EDGE ( 'NONE', *, *, #347, .F. ) ;
#469 = AXIS2_PLACEMENT_3D ( 'NONE', #5664, #2449, #8183 ) ;
#470 = ORIENTED_EDGE ( 'NONE', *, *, #6776, .T. ) ;
#471 = CARTESIAN_POINT ( 'NONE',  ( -0.7071067811865462405, 0.2999999999999999889, -0.7071067811865486830 ) ) ;
#472 = DIRECTION ( 'NONE',  ( 0.000000000000000000, 1.000000000000000000, 0.000000000000000000 ) ) ;
#473 = FACE_OUTER_BOUND ( 'NONE', #6381, .T. ) ;
#474 = DIRECTION ( 'NONE',  ( 0.6229269433213771023, 0.000000000000000000, -0.7822800159049736468 ) ) ;
#475 = DIRECTION ( 'NONE',  ( 0.000000000000000000, 1.000000000000000000, -0.000000000000000000 ) ) ;
#476 = ORIENTED_EDGE ( 'NONE', *, *, #5427, .T. ) ;
#477 = CIRCLE ( 'NONE', #8286, 2.400000000000000355 ) ;
#478 = VECTOR ( 'NONE', #254, 100.0000000000000000 ) ;
#479 = CARTESIAN_POINT ( 'NONE',  ( -2.579234484275229278, 0.000000000000000000, 0.6973863064758916153 ) ) ;
#480 = VECTOR ( 'NONE', #1199, 100.0000000000000000 ) ;
#481 = CARTESIAN_POINT ( 'NONE',  ( -2.001228534340539156, 0.5999999999999999778, 1.724533010878227079 ) ) ;
#482 = DIRECTION ( 'NONE',  ( 0.000000000000000000, 1.000000000000000000, -0.000000000000000000 ) ) ;
#483 = CARTESIAN_POINT ( 'NONE',  ( -0.3281231852440847918, 0.5999999999999999778, 2.723782605007078139 ) ) ;
#484 = DIRECTION ( 'NONE',  ( -0.000000000000000000, -1.000000000000000000, 0.000000000000000000 ) ) ;
#485 = ORIENTED_EDGE ( 'NONE', *, *, #4844, .F. ) ;
#486 = ORIENTED_EDGE ( 'NONE', *, *, #6039, .F. ) ;
#487 = EDGE_CURVE ( 'NONE', #7751, #8741, #341, .T. ) ;
#488 = FACE_OUTER_BOUND ( 'NONE', #1082, .T. ) ;
#489 = ORIENTED_EDGE ( 'NONE', *, *, #7231, .T. ) ;
#490 = AXIS2_PLACEMENT_3D ( 'NONE', #7492, #2511, #4051 ) ;
#491 = FACE_OUTER_BOUND ( 'NONE', #8621, .T. ) ;
#492 = LINE ( 'NONE', #8096, #7182 ) ;
#493 = VERTEX_POINT ( 'NONE', #8844 ) ;
#494 = DIRECTION ( 'NONE',  ( -0.7822800159049736468, 0.000000000000000000, -0.6229269433213771023 ) ) ;
#495 = ORIENTED_EDGE ( 'NONE', *, *, #8707, .F. ) ;
#496 = ORIENTED_EDGE ( 'NONE', *, *, #7331, .F. ) ;
#497 = AXIS2_PLACEMENT_3D ( 'NONE', #1858, #7408, #6733 ) ;
#498 = ADVANCED_FACE ( 'NONE', ( #4144 ), #2026, .T. ) ;
#499 = EDGE_CURVE ( 'NONE', #6068, #5182, #2648, .T. ) ;
#500 = DIRECTION ( 'NONE',  ( 0.000000000000000000, 0.000000000000000000, 1.000000000000000000 ) ) ;
#501 =( NAMED_UNIT ( * ) PLANE_ANGLE_UNIT ( ) SI_UNIT ( $, .RADIAN. ) );
#502 = CARTESIAN_POINT ( 'NONE',  ( 0.7071067811865463515, 0.5999999999999999778, 0.7071067811865487940 ) ) ;
#503 = ORIENTED_EDGE ( 'NONE', *, *, #4411, .F. ) ;
#504 = ORIENTED_EDGE ( 'NONE', *, *, #1964, .F. ) ;
#505 = DIRECTION ( 'NONE',  ( -0.000000000000000000, -1.000000000000000000, -0.000000000000000000 ) ) ;
#506 = CARTESIAN_POINT ( 'NONE',  ( 1.384188164821842815, 0.5999999999999999778, -0.5779473370188143999 ) ) ;
#507 = ORIENTED_EDGE ( 'NONE', *, *, #1280, .F. ) ;
#508 = DIRECTION ( 'NONE',  ( 0.000000000000000000, 1.000000000000000000, 0.000000000000000000 ) ) ;
#509 = EDGE_CURVE ( 'NONE', #2709, #4083, #5418, .T. ) ;
#510 = CARTESIAN_POINT ( 'NONE',  ( 0.7071067811865463515, 0.000000000000000000, -0.7071067811865486830 ) ) ;
#511 = EDGE_LOOP ( 'NONE', ( #2069, #644, #489, #6029 ) ) ;
#512 = AXIS2_PLACEMENT_3D ( 'NONE', #3190, #7737, #177 ) ;
#513 = AXIS2_PLACEMENT_3D ( 'NONE', #4406, #149, #8351 ) ;
#514 = ORIENTED_EDGE ( 'NONE', *, *, #2704, .F. ) ;
#515 = LINE ( 'NONE', #5326, #7463 ) ;
#516 = DIRECTION ( 'NONE',  ( 0.000000000000000000, 0.000000000000000000, -1.000000000000000000 ) ) ;
#517 = LINE ( 'NONE', #5874, #5689 ) ;
#518 = PLANE ( 'NONE',  #2934 ) ;
#519 = VECTOR ( 'NONE', #8678, 100.0000000000000000 ) ;
#520 = ORIENTED_EDGE ( 'NONE', *, *, #5904, .T. ) ;
#521 = EDGE_CURVE ( 'NONE', #2343, #5758, #1206, .T. ) ;
#522 = AXIS2_PLACEMENT_3D ( 'NONE', #4398, #8471, #8513 ) ;
#523 = AXIS2_PLACEMENT_3D ( 'NONE', #1546, #174, #4302 ) ;
#524 = EDGE_CURVE ( 'NONE', #636, #4546, #8220, .T. ) ;
#525 = DIRECTION ( 'NONE',  ( 0.000000000000000000, 0.000000000000000000, 1.000000000000000000 ) ) ;
#526 = VECTOR ( 'NONE', #6916, 100.0000000000000000 ) ;
#527 = CARTESIAN_POINT ( 'NONE',  ( 0.7071067811865463515, 0.5999999999999999778, 0.7071067811865487940 ) ) ;
#528 = CARTESIAN_POINT ( 'NONE',  ( -0.7807048762483498328, 0.5999999999999999778, 2.628261797879662520 ) ) ;
#529 = LINE ( 'NONE', #5379, #6290 ) ;
#530 = DIRECTION ( 'NONE',  ( -0.000000000000000000, -1.000000000000000000, -0.000000000000000000 ) ) ;
#531 = ORIENTED_EDGE ( 'NONE', *, *, #7465, .T. ) ;
#532 = CARTESIAN_POINT ( 'NONE',  ( -0.9834185373504160665, 0.000000000000000000, -2.189266539367825448 ) ) ;
#533 = LINE ( 'NONE', #7921, #2245 ) ;
#534 = EDGE_LOOP ( 'NONE', ( #3209, #3266, #1870, #6517 ) ) ;
#535 = AXIS2_PLACEMENT_3D ( 'NONE', #1790, #6629, #6536 ) ;
#536 = VECTOR ( 'NONE', #1133, 99.99999999999998579 ) ;
#537 = LINE ( 'NONE', #4654, #5464 ) ;
#538 = ORIENTED_EDGE ( 'NONE', *, *, #8629, .T. ) ;
#539 = LINE ( 'NONE', #7371, #6033 ) ;
#540 = DIRECTION ( 'NONE',  ( 0.000000000000000000, 0.000000000000000000, 1.000000000000000000 ) ) ;
#541 = ORIENTED_EDGE ( 'NONE', *, *, #6588, .F. ) ;
#542 = EDGE_CURVE ( 'NONE', #3668, #6062, #8894, .T. ) ;
#543 = CARTESIAN_POINT ( 'NONE',  ( 1.584075160862711718, 0.5999999999999999778, 1.301232448387978913 ) ) ;
#544 = VERTEX_POINT ( 'NONE', #5550 ) ;
#545 = VERTEX_POINT ( 'NONE', #4186 ) ;
#546 = EDGE_CURVE ( 'NONE', #4514, #2499, #2696, .T. ) ;
#547 = VERTEX_POINT ( 'NONE', #4741 ) ;
#548 = LINE ( 'NONE', #5450, #4944 ) ;
#549 = DATE_TIME_ROLE ( 'creation_date' ) ;
#550 = DIRECTION ( 'NONE',  ( -0.000000000000000000, -1.000000000000000000, 0.000000000000000000 ) ) ;
#551 = ORIENTED_EDGE ( 'NONE', *, *, #6439, .T. ) ;
#552 = ADVANCED_FACE ( 'NONE', ( #4687 ), #8259, .T. ) ;
#553 = ORIENTED_EDGE ( 'NONE', *, *, #2176, .F. ) ;
#554 = DIRECTION ( 'NONE',  ( -0.3813157012030642945, 0.000000000000000000, -0.9244448799230895464 ) ) ;
#555 = DIRECTION ( 'NONE',  ( 0.000000000000000000, 0.000000000000000000, 1.000000000000000000 ) ) ;
#556 = ORIENTED_EDGE ( 'NONE', *, *, #6776, .F. ) ;
#557 = DIRECTION ( 'NONE',  ( 0.000000000000000000, 1.000000000000000000, 0.000000000000000000 ) ) ;
#558 = VECTOR ( 'NONE', #4342, 100.0000000000000000 ) ;
#559 = LINE ( 'NONE', #1382, #1540 ) ;
#560 = ORIENTED_EDGE ( 'NONE', *, *, #2055, .T. ) ;
#561 = ORIENTED_EDGE ( 'NONE', *, *, #8392, .F. ) ;
#562 = CARTESIAN_POINT ( 'NONE',  ( -0.7058615068732724263, 0.000000000000000000, 2.545719797106929416 ) ) ;
#563 = CARTESIAN_POINT ( 'NONE',  ( -2.604099926062496628, 0.5999999999999999778, 0.8578599868701691777 ) ) ;
#564 = DIRECTION ( 'NONE',  ( -0.000000000000000000, 1.000000000000000000, -0.000000000000000000 ) ) ;
#565 = DIRECTION ( 'NONE',  ( -0.9804954788761442996, 0.000000000000000000, -0.1965416391084608694 ) ) ;
#566 = VERTEX_POINT ( 'NONE', #6864 ) ;
#567 = EDGE_CURVE ( 'NONE', #547, #3051, #7448, .T. ) ;
#568 = CARTESIAN_POINT ( 'NONE',  ( 1.187169910238791593, 0.000000000000000000, 2.393621897785532582 ) ) ;
#569 = DIRECTION ( 'NONE',  ( 0.000000000000000000, 1.000000000000000000, -0.000000000000000000 ) ) ;
#570 = DIRECTION ( 'NONE',  ( -0.7286628425356521666, 0.000000000000000000, -0.6848725880832605695 ) ) ;
#571 = DIRECTION ( 'NONE',  ( 0.000000000000000000, 0.000000000000000000, 1.000000000000000000 ) ) ;
#572 = LINE ( 'NONE', #6103, #331 ) ;
#573 = EDGE_CURVE ( 'NONE', #8486, #361, #189, .T. ) ;
#574 = EDGE_LOOP ( 'NONE', ( #8889, #3696, #4404, #1928 ) ) ;
#575 = DIRECTION ( 'NONE',  ( 0.000000000000000000, 0.000000000000000000, 1.000000000000000000 ) ) ;
#576 = LINE ( 'NONE', #275, #3687 ) ;
#577 = ORIENTED_EDGE ( 'NONE', *, *, #7075, .F. ) ;
#578 = EDGE_CURVE ( 'NONE', #206, #6552, #5162, .T. ) ;
#579 = CIRCLE ( 'NONE', #3761, 0.1499999999999999667 ) ;
#580 = FACE_OUTER_BOUND ( 'NONE', #1141, .T. ) ;
#581 = ORIENTED_EDGE ( 'NONE', *, *, #4536, .F. ) ;
#582 = LINE ( 'NONE', #5346, #2399 ) ;
#583 = CARTESIAN_POINT ( 'NONE',  ( 2.217310878027162424, 0.000000000000000000, 0.9184402376761060527 ) ) ;
#584 = CARTESIAN_POINT ( 'NONE',  ( 2.353884672967815117, 0.000000000000000000, 0.4682167728385950856 ) ) ;
#585 = ORIENTED_EDGE ( 'NONE', *, *, #981, .T. ) ;
#586 = VERTEX_POINT ( 'NONE', #656 ) ;
#587 = AXIS2_PLACEMENT_3D ( 'NONE', #2706, #3383, #1305 ) ;
#588 = ORIENTED_EDGE ( 'NONE', *, *, #2737, .F. ) ;
#589 = CIRCLE ( 'NONE', #3772, 2.400000000000000355 ) ;
#590 = EDGE_CURVE ( 'NONE', #4568, #6526, #8920, .T. ) ;
#591 = DIRECTION ( 'NONE',  ( 3.469446951953611033E-15, 0.000000000000000000, 1.000000000000000000 ) ) ;
#592 = DIRECTION ( 'NONE',  ( 0.000000000000000000, 1.000000000000000000, 0.000000000000000000 ) ) ;
#593 = CARTESIAN_POINT ( 'NONE',  ( 2.116023764122655137, 0.000000000000000000, -1.631331240123676363 ) ) ;
#594 = EDGE_LOOP ( 'NONE', ( #3073, #7004, #4477, #1776 ) ) ;
#595 = ORIENTED_EDGE ( 'NONE', *, *, #6854, .T. ) ;
#596 = DIRECTION ( 'NONE',  ( -0.000000000000000000, -1.000000000000000000, -0.000000000000000000 ) ) ;
#597 = LINE ( 'NONE', #4133, #8634 ) ;
#598 = DIRECTION ( 'NONE',  ( -0.000000000000000000, -1.000000000000000000, -0.000000000000000000 ) ) ;
#599 = EDGE_CURVE ( 'NONE', #939, #8835, #8478, .T. ) ;
#600 = CARTESIAN_POINT ( 'NONE',  ( -1.415403089884388343, 0.000000000000000000, -2.350168206146088234 ) ) ;
#601 = VECTOR ( 'NONE', #4718, 100.0000000000000000 ) ;
#602 = ORIENTED_EDGE ( 'NONE', *, *, #5548, .F. ) ;
#603 = ORIENTED_EDGE ( 'NONE', *, *, #740, .T. ) ;
#604 = PLANE ( 'NONE',  #1971 ) ;
#605 = PLANE ( 'NONE',  #6543 ) ;
#606 = AXIS2_PLACEMENT_3D ( 'NONE', #5194, #7938, #1750 ) ;
#607 = DIRECTION ( 'NONE',  ( 0.000000000000000000, 1.000000000000000000, -0.000000000000000000 ) ) ;
#608 = DIRECTION ( 'NONE',  ( 0.000000000000000000, 0.000000000000000000, 1.000000000000000000 ) ) ;
#609 = CYLINDRICAL_SURFACE ( 'NONE', #5829, 2.400000000000000355 ) ;
#610 = VERTEX_POINT ( 'NONE', #4824 ) ;
#611 = AXIS2_PLACEMENT_3D ( 'NONE', #1557, #781, #6311 ) ;
#612 = EDGE_CURVE ( 'NONE', #2736, #636, #1431, .T. ) ;
#613 = CARTESIAN_POINT ( 'NONE',  ( -2.129434459435418869, 0.000000000000000000, -1.727069502064385809 ) ) ;
#614 = CIRCLE ( 'NONE', #6694, 0.1000000000000000888 ) ;
#615 = EDGE_CURVE ( 'NONE', #5956, #5980, #6773, .T. ) ;
#616 = DIRECTION ( 'NONE',  ( 0.000000000000000000, 1.000000000000000000, -0.000000000000000000 ) ) ;
#617 = CARTESIAN_POINT ( 'NONE',  ( 1.584075160862711718, 0.5999999999999999778, 1.301232448387978691 ) ) ;
#618 = DIRECTION ( 'NONE',  ( 0.9115869641266043377, 0.000000000000000000, -0.4111072935797187577 ) ) ;
#619 = DIRECTION ( 'NONE',  ( -0.000000000000000000, -1.000000000000000000, -0.000000000000000000 ) ) ;
#620 = ORIENTED_EDGE ( 'NONE', *, *, #8059, .T. ) ;
#621 = VECTOR ( 'NONE', #7383, 100.0000000000000000 ) ;
#622 = VECTOR ( 'NONE', #6816, 100.0000000000000142 ) ;
#623 = DIRECTION ( 'NONE',  ( 0.000000000000000000, 1.000000000000000000, 0.000000000000000000 ) ) ;
#624 = DIRECTION ( 'NONE',  ( -0.000000000000000000, -1.000000000000000000, 0.000000000000000000 ) ) ;
#625 = VECTOR ( 'NONE', #2768, 100.0000000000000284 ) ;
#626 = ORIENTED_EDGE ( 'NONE', *, *, #922, .T. ) ;
#627 = DIRECTION ( 'NONE',  ( 0.000000000000000000, 0.000000000000000000, 1.000000000000000000 ) ) ;
#628 = EDGE_CURVE ( 'NONE', #3719, #932, #4867, .T. ) ;
#629 = CIRCLE ( 'NONE', #2940, 0.1000000000000000888 ) ;
#630 = EDGE_LOOP ( 'NONE', ( #272, #4921, #4158, #2292 ) ) ;
#631 = EDGE_CURVE ( 'NONE', #2729, #3399, #2825, .T. ) ;
#632 = DIRECTION ( 'NONE',  ( -0.9244448799230886582, 0.000000000000000000, 0.3813157012030664039 ) ) ;
#633 = DIRECTION ( 'NONE',  ( -0.000000000000000000, -1.000000000000000000, 0.000000000000000000 ) ) ;
#634 = DIRECTION ( 'NONE',  ( -0.000000000000000000, -1.000000000000000000, -0.000000000000000000 ) ) ;
#635 = VERTEX_POINT ( 'NONE', #5043 ) ;
#636 = VERTEX_POINT ( 'NONE', #8518 ) ;
#637 = VERTEX_POINT ( 'NONE', #2152 ) ;
#638 = VECTOR ( 'NONE', #6050, 100.0000000000000142 ) ;
#639 = EDGE_CURVE ( 'NONE', #5673, #8357, #6452, .T. ) ;
#640 = CYLINDRICAL_SURFACE ( 'NONE', #5087, 2.050000000000000266 ) ;
#641 = EDGE_CURVE ( 'NONE', #5573, #8106, #6467, .T. ) ;
#642 = LINE ( 'NONE', #2812, #5335 ) ;
#643 = ORIENTED_EDGE ( 'NONE', *, *, #7315, .T. ) ;
#644 = ORIENTED_EDGE ( 'NONE', *, *, #3596, .T. ) ;
#645 = VECTOR ( 'NONE', #1811, 100.0000000000000142 ) ;
#646 = VECTOR ( 'NONE', #2455, 100.0000000000000000 ) ;
#647 = CARTESIAN_POINT ( 'NONE',  ( -1.188943870924979551, 0.5999999999999999778, 2.459097756358868736 ) ) ;
#648 = CARTESIAN_POINT ( 'NONE',  ( -1.584075160862660425, 0.5999999999999999778, -1.301232448388041529 ) ) ;
#649 = FACE_OUTER_BOUND ( 'NONE', #2265, .T. ) ;
#650 = CARTESIAN_POINT ( 'NONE',  ( 0.7071067811865463515, 0.2999999999999999889, -0.3571017811865486169 ) ) ;
#651 = ORIENTED_EDGE ( 'NONE', *, *, #6469, .F. ) ;
#652 = ORIENTED_EDGE ( 'NONE', *, *, #406, .F. ) ;
#653 = CARTESIAN_POINT ( 'NONE',  ( -2.001228534340539156, 0.000000000000000000, 1.824533010878227168 ) ) ;
#654 = AXIS2_PLACEMENT_3D ( 'NONE', #29, #624, #1443 ) ;
#655 = CARTESIAN_POINT ( 'NONE',  ( 0.3960907847707367258, 0.4500000000000000666, -0.5465684680071672963 ) ) ;
#656 = CARTESIAN_POINT ( 'NONE',  ( 0.3960907847707368368, 0.5999999999999999778, -0.5465684680071672963 ) ) ;
#657 = EDGE_CURVE ( 'NONE', #566, #6436, #786, .T. ) ;
#658 = LINE ( 'NONE', #7627, #8861 ) ;
#659 = VERTEX_POINT ( 'NONE', #7797 ) ;
#660 = AXIS2_PLACEMENT_3D ( 'NONE', #562, #6002, #2556 ) ;
#661 = DIRECTION ( 'NONE',  ( -0.3813157012030642390, 0.000000000000000000, -0.9244448799230896574 ) ) ;
#662 = AXIS2_PLACEMENT_3D ( 'NONE', #1191, #1794, #8620 ) ;
#663 = VECTOR ( 'NONE', #7513, 100.0000000000000000 ) ;
#664 = CARTESIAN_POINT ( 'NONE',  ( 1.568230811125884916, 0.000000000000000000, -2.163203714024811486 ) ) ;
#665 = CARTESIAN_POINT ( 'NONE',  ( 0.7071067811865463515, 0.000000000000000000, 0.7071067811865487940 ) ) ;
#666 = FACE_BOUND ( 'NONE', #6074, .T. ) ;
#667 = LINE ( 'NONE', #3434, #1060 ) ;
#668 = VERTEX_POINT ( 'NONE', #1604 ) ;
#669 = EDGE_CURVE ( 'NONE', #6306, #2478, #2555, .T. ) ;
#670 = DIRECTION ( 'NONE',  ( 0.000000000000000000, 0.000000000000000000, -1.000000000000000000 ) ) ;
#671 = CARTESIAN_POINT ( 'NONE',  ( 0.7071067811865463515, 0.2999999999999999889, 0.5571067811865486608 ) ) ;
#672 = VERTEX_POINT ( 'NONE', #107 ) ;
#673 = AXIS2_PLACEMENT_3D ( 'NONE', #7894, #7217, #1016 ) ;
#674 = VECTOR ( 'NONE', #2595, 100.0000000000000000 ) ;
#675 = CIRCLE ( 'NONE', #5735, 0.1000000000000000888 ) ;
#676 = FACE_OUTER_BOUND ( 'NONE', #6623, .T. ) ;
#677 = EDGE_CURVE ( 'NONE', #5277, #1655, #2870, .T. ) ;
#678 = ORIENTED_EDGE ( 'NONE', *, *, #8189, .F. ) ;
#679 = DIRECTION ( 'NONE',  ( 0.000000000000000000, 1.000000000000000000, -0.000000000000000000 ) ) ;
#680 = DIRECTION ( 'NONE',  ( -0.000000000000000000, -1.000000000000000000, -0.000000000000000000 ) ) ;
#681 = VECTOR ( 'NONE', #6519, 100.0000000000000000 ) ;
#682 = DIRECTION ( 'NONE',  ( 0.000000000000000000, 0.000000000000000000, 1.000000000000000000 ) ) ;
#683 = VERTEX_POINT ( 'NONE', #2191 ) ;
#684 = ORIENTED_EDGE ( 'NONE', *, *, #2906, .T. ) ;
#685 = AXIS2_PLACEMENT_3D ( 'NONE', #8385, #3554, #6318 ) ;
#686 = AXIS2_PLACEMENT_3D ( 'NONE', #2090, #81, #8958 ) ;
#687 = VERTEX_POINT ( 'NONE', #4951 ) ;
#688 = EDGE_CURVE ( 'NONE', #1763, #3880, #966, .T. ) ;
#689 = AXIS2_PLACEMENT_3D ( 'NONE', #8156, #4086, #7486 ) ;
#690 = DIRECTION ( 'NONE',  ( 0.000000000000000000, 1.000000000000000000, -0.000000000000000000 ) ) ;
#691 = APPROVAL_ROLE ( '' ) ;
#692 = CARTESIAN_POINT ( 'NONE',  ( -1.434177131589198462, 0.000000000000000000, 0.1772313681304759359 ) ) ;
#693 = ORIENTED_EDGE ( 'NONE', *, *, #4885, .F. ) ;
#694 = ORIENTED_EDGE ( 'NONE', *, *, #7308, .T. ) ;
#695 = LINE ( 'NONE', #2183, #1491 ) ;
#696 = DIRECTION ( 'NONE',  ( 0.000000000000000000, 0.000000000000000000, 1.000000000000000000 ) ) ;
#697 = EDGE_CURVE ( 'NONE', #1294, #2901, #144, .T. ) ;
#698 = EDGE_CURVE ( 'NONE', #6497, #8142, #3638, .T. ) ;
#699 = DIRECTION ( 'NONE',  ( 0.000000000000000000, 0.000000000000000000, 1.000000000000000000 ) ) ;
#700 = DIRECTION ( 'NONE',  ( 0.000000000000000000, 1.000000000000000000, 0.000000000000000000 ) ) ;
#701 = VERTEX_POINT ( 'NONE', #242 ) ;
#702 = ORIENTED_EDGE ( 'NONE', *, *, #5618, .F. ) ;
#703 = CARTESIAN_POINT ( 'NONE',  ( 2.163203714024812818, 0.5999999999999999778, 1.568230811125788993 ) ) ;
#704 = DIRECTION ( 'NONE',  ( -0.000000000000000000, -1.000000000000000000, -0.000000000000000000 ) ) ;
#705 = CARTESIAN_POINT ( 'NONE',  ( 1.345492771289964029, 0.000000000000000000, -2.390879693008613582 ) ) ;
#706 = ORIENTED_EDGE ( 'NONE', *, *, #1561, .T. ) ;
#707 = LINE ( 'NONE', #2829, #2492 ) ;
#708 = EDGE_CURVE ( 'NONE', #5580, #3272, #4355, .T. ) ;
#709 = DIRECTION ( 'NONE',  ( 0.000000000000000000, 0.000000000000000000, -1.000000000000000000 ) ) ;
#710 = CARTESIAN_POINT ( 'NONE',  ( -2.400000000000000799, 0.000000000000000000, -1.543903893619358314E-14 ) ) ;
#711 = DIRECTION ( 'NONE',  ( 0.2761438516273067578, 0.000000000000000000, -0.9611163161701271607 ) ) ;
#712 = CYLINDRICAL_SURFACE ( 'NONE', #4673, 0.1000000000000000888 ) ;
#713 = EDGE_LOOP ( 'NONE', ( #7809, #1407, #693, #7287 ) ) ;
#714 = CARTESIAN_POINT ( 'NONE',  ( 0.000000000000000000, 0.5999999999999999778, 0.000000000000000000 ) ) ;
#715 = CARTESIAN_POINT ( 'NONE',  ( -2.032959116562876201, 0.000000000000000000, 1.687011257416912491 ) ) ;
#716 = ORIENTED_EDGE ( 'NONE', *, *, #6442, .F. ) ;
#717 = PLANE ( 'NONE',  #2133 ) ;
#718 = ADVANCED_FACE ( 'NONE', ( #7123 ), #3600, .F. ) ;
#719 = ORIENTED_EDGE ( 'NONE', *, *, #1967, .T. ) ;
#720 = DIRECTION ( 'NONE',  ( 0.000000000000000000, 1.000000000000000000, 0.000000000000000000 ) ) ;
#721 = DIRECTION ( 'NONE',  ( 0.000000000000000000, 0.000000000000000000, 1.000000000000000000 ) ) ;
#722 = DIRECTION ( 'NONE',  ( 0.000000000000000000, 1.000000000000000000, 0.000000000000000000 ) ) ;
#723 = ORIENTED_EDGE ( 'NONE', *, *, #8592, .F. ) ;
#724 = VERTEX_POINT ( 'NONE', #5770 ) ;
#725 = ORIENTED_EDGE ( 'NONE', *, *, #7184, .T. ) ;
#726 = EDGE_CURVE ( 'NONE', #2969, #7595, #8624, .T. ) ;
#727 = VECTOR ( 'NONE', #6292, 100.0000000000000000 ) ;
#728 = ADVANCED_FACE ( 'NONE', ( #5676 ), #2322, .T. ) ;
#729 = DIRECTION ( 'NONE',  ( 0.8322909278351849904, 0.000000000000000000, -0.5543390762369607705 ) ) ;
#730 = CARTESIAN_POINT ( 'NONE',  ( -0.1288188395257280905, 0.000000000000000000, 2.740449271673744303 ) ) ;
#731 = CARTESIAN_POINT ( 'NONE',  ( -0.9834185373504160665, 0.5999999999999999778, -2.189266539367825448 ) ) ;
#732 = VECTOR ( 'NONE', #2160, 100.0000000000000142 ) ;
#733 = ADVANCED_FACE ( 'NONE', ( #8477 ), #965, .T. ) ;
#734 = ORIENTED_EDGE ( 'NONE', *, *, #1185, .T. ) ;
#735 = ORIENTED_EDGE ( 'NONE', *, *, #1245, .F. ) ;
#736 = LINE ( 'NONE', #2817, #4668 ) ;
#737 = CARTESIAN_POINT ( 'NONE',  ( -1.789105181557039348, 0.000000000000000000, -2.077585818039219490 ) ) ;
#738 = DIRECTION ( 'NONE',  ( 0.8887757427182937375, 0.000000000000000000, 0.4583423165664997079 ) ) ;
#739 = CARTESIAN_POINT ( 'NONE',  ( 0.1021246730581688578, 0.000000000000000000, -2.669900510597300602 ) ) ;
#740 = EDGE_CURVE ( 'NONE', #5940, #3934, #6319, .T. ) ;
#741 = EDGE_CURVE ( 'NONE', #1352, #8500, #1649, .T. ) ;
#742 = CARTESIAN_POINT ( 'NONE',  ( -2.243427132316819339, 0.000000000000000000, -0.8526632993067863042 ) ) ;
#743 = CARTESIAN_POINT ( 'NONE',  ( -0.7392001813109233543, 0.000000000000000000, -2.642014306544175017 ) ) ;
#744 = CARTESIAN_POINT ( 'NONE',  ( -1.257985160453157114, 0.5999999999999999778, -2.323015946640817120 ) ) ;
#745 = EDGE_LOOP ( 'NONE', ( #6953, #3534, #1195, #5026 ) ) ;
#746 = LINE ( 'NONE', #613, #6837 ) ;
#747 = ORIENTED_EDGE ( 'NONE', *, *, #1080, .T. ) ;
#748 = DIRECTION ( 'NONE',  ( -0.03096438587316997781, 0.000000000000000000, -0.9995204884380797239 ) ) ;
#749 = DIRECTION ( 'NONE',  ( 3.469446951953614189E-15, 0.000000000000000000, 1.000000000000000000 ) ) ;
#750 = DIRECTION ( 'NONE',  ( 0.000000000000000000, 1.000000000000000000, -0.000000000000000000 ) ) ;
#751 = VECTOR ( 'NONE', #4405, 100.0000000000000142 ) ;
#752 = CARTESIAN_POINT ( 'NONE',  ( 0.7807048762484454230, 0.5999999999999999778, -2.628261797879757111 ) ) ;
#753 = ORIENTED_EDGE ( 'NONE', *, *, #7606, .T. ) ;
#754 = CARTESIAN_POINT ( 'NONE',  ( 0.7071067811865463515, 0.5999999999999999778, 0.8571067811865488162 ) ) ;
#755 = DIRECTION ( 'NONE',  ( 0.000000000000000000, 0.000000000000000000, 1.000000000000000000 ) ) ;
#756 = ORIENTED_EDGE ( 'NONE', *, *, #6766, .T. ) ;
#757 = VECTOR ( 'NONE', #6155, 100.0000000000000000 ) ;
#758 = CIRCLE ( 'NONE', #1338, 0.1000000000000000888 ) ;
#759 = AXIS2_PLACEMENT_3D ( 'NONE', #8578, #8493, #5691 ) ;
#760 = CARTESIAN_POINT ( 'NONE',  ( 0.1915770065031300318, 0.000000000000000000, -1.487715782862875979 ) ) ;
#761 = ORIENTED_EDGE ( 'NONE', *, *, #7907, .F. ) ;
#762 = CYLINDRICAL_SURFACE ( 'NONE', #2834, 0.1000000000000000888 ) ;
#763 = LINE ( 'NONE', #583, #6229 ) ;
#764 = AXIS2_PLACEMENT_3D ( 'NONE', #2697, #7357, #1341 ) ;
#765 = CIRCLE ( 'NONE', #2935, 0.1000000000000000888 ) ;
#766 = DIRECTION ( 'NONE',  ( -0.000000000000000000, -1.000000000000000000, -0.000000000000000000 ) ) ;
#767 = ORIENTED_EDGE ( 'NONE', *, *, #5715, .T. ) ;
#768 = ORIENTED_EDGE ( 'NONE', *, *, #8080, .F. ) ;
#769 = ORIENTED_EDGE ( 'NONE', *, *, #1901, .F. ) ;
#770 = EDGE_CURVE ( 'NONE', #4381, #1319, #8199, .T. ) ;
#771 = VECTOR ( 'NONE', #6461, 100.0000000000000000 ) ;
#772 = LINE ( 'NONE', #8289, #7326 ) ;
#773 = LINE ( 'NONE', #2679, #3743 ) ;
#774 = LINE ( 'NONE', #1502, #6255 ) ;
#775 = VERTEX_POINT ( 'NONE', #7346 ) ;
#776 = ORIENTED_EDGE ( 'NONE', *, *, #567, .T. ) ;
#777 = CARTESIAN_POINT ( 'NONE',  ( -2.508844294584582801, 0.5999999999999999778, 0.8274237474220399458 ) ) ;
#778 = DIRECTION ( 'NONE',  ( -0.08333333333332929027, 0.000000000000000000, 0.9965217285917834511 ) ) ;
#779 = EDGE_CURVE ( 'NONE', #4888, #6480, #3140, .T. ) ;
#780 = AXIS2_PLACEMENT_3D ( 'NONE', #2911, #5675, #2025 ) ;
#781 = DIRECTION ( 'NONE',  ( 0.3813157012030660709, -0.000000000000000000, 0.9244448799230887692 ) ) ;
#782 = LINE ( 'NONE', #140, #2547 ) ;
#783 = CIRCLE ( 'NONE', #2668, 1.500000000000000000 ) ;
#784 = ORIENTED_EDGE ( 'NONE', *, *, #1573, .T. ) ;
#785 = CARTESIAN_POINT ( 'NONE',  ( 1.789105181557133495, 0.5999999999999999778, 2.077585818039126675 ) ) ;
#786 = LINE ( 'NONE', #4907, #6755 ) ;
#787 = ORIENTED_EDGE ( 'NONE', *, *, #2404, .F. ) ;
#788 = ADVANCED_FACE ( 'NONE', ( #3954 ), #1877, .T. ) ;
#789 = DIRECTION ( 'NONE',  ( -0.8482738040849265859, 0.000000000000000000, -0.5295578847522597332 ) ) ;
#790 = VECTOR ( 'NONE', #2314, 100.0000000000000000 ) ;
#791 = ORIENTED_EDGE ( 'NONE', *, *, #4384, .T. ) ;
#792 = FACE_OUTER_BOUND ( 'NONE', #7062, .T. ) ;
#793 = CARTESIAN_POINT ( 'NONE',  ( -0.1021246730580500084, 0.000000000000000000, 2.669900510597250864 ) ) ;
#794 = FACE_BOUND ( 'NONE', #8277, .T. ) ;
#795 = DIRECTION ( 'NONE',  ( 0.000000000000000000, 1.000000000000000000, -0.000000000000000000 ) ) ;
#796 = ORIENTED_EDGE ( 'NONE', *, *, #1094, .F. ) ;
#797 = CARTESIAN_POINT ( 'NONE',  ( 0.7071067811865463515, 0.5999999999999999778, -0.8571067811865488162 ) ) ;
#798 = DIRECTION ( 'NONE',  ( 0.000000000000000000, 0.000000000000000000, 1.000000000000000000 ) ) ;
#799 = VERTEX_POINT ( 'NONE', #5910 ) ;
#800 = EDGE_CURVE ( 'NONE', #7729, #5702, #3866, .T. ) ;
#801 = VECTOR ( 'NONE', #3770, 100.0000000000000000 ) ;
#802 = AXIS2_PLACEMENT_3D ( 'NONE', #5527, #8872, #682 ) ;
#803 = EDGE_CURVE ( 'NONE', #8869, #5362, #7296, .T. ) ;
#804 = DIRECTION ( 'NONE',  ( -0.000000000000000000, -1.000000000000000000, -0.000000000000000000 ) ) ;
#805 = AXIS2_PLACEMENT_3D ( 'NONE', #1366, #8917, #2720 ) ;
#806 = ORIENTED_EDGE ( 'NONE', *, *, #7082, .T. ) ;
#807 = CARTESIAN_POINT ( 'NONE',  ( -1.301232448388041529, 0.000000000000000000, -1.584075160862660869 ) ) ;
#808 = CARTESIAN_POINT ( 'NONE',  ( -2.116023764122559658, 0.000000000000000000, 1.631331240123582216 ) ) ;
#809 = CARTESIAN_POINT ( 'NONE',  ( -0.3986086914365977729, 0.5999999999999999778, 2.366666666666620955 ) ) ;
#810 = ORIENTED_EDGE ( 'NONE', *, *, #3465, .F. ) ;
#811 = ORIENTED_EDGE ( 'NONE', *, *, #4979, .T. ) ;
#812 = CIRCLE ( 'NONE', #6602, 0.3500050000000000106 ) ;
#813 = VERTEX_POINT ( 'NONE', #8743 ) ;
#814 = VECTOR ( 'NONE', #720, 100.0000000000000000 ) ;
#815 = AXIS2_PLACEMENT_3D ( 'NONE', #8685, #7819, #3802 ) ;
#816 = EDGE_CURVE ( 'NONE', #2006, #8044, #8614, .T. ) ;
#817 = AXIS2_PLACEMENT_3D ( 'NONE', #3731, #919, #5724 ) ;
#818 = DIRECTION ( 'NONE',  ( 0.4111072935797187577, -0.000000000000000000, 0.9115869641266043377 ) ) ;
#819 = DIRECTION ( 'NONE',  ( 0.000000000000000000, 0.000000000000000000, 1.000000000000000000 ) ) ;
#820 = EDGE_CURVE ( 'NONE', #6665, #6242, #5460, .T. ) ;
#821 = CARTESIAN_POINT ( 'NONE',  ( -0.4682167728387098826, 0.5999999999999999778, -2.353884672967753389 ) ) ;
#822 = FACE_OUTER_BOUND ( 'NONE', #7063, .T. ) ;
#823 = ORIENTED_EDGE ( 'NONE', *, *, #4808, .T. ) ;
#824 = ORIENTED_EDGE ( 'NONE', *, *, #1517, .F. ) ;
#825 = FACE_OUTER_BOUND ( 'NONE', #5358, .T. ) ;
#826 = DIRECTION ( 'NONE',  ( 0.000000000000000000, 1.000000000000000000, -0.000000000000000000 ) ) ;
#827 = AXIS2_PLACEMENT_3D ( 'NONE', #8091, #5179, #1691 ) ;
#828 = VECTOR ( 'NONE', #2103, 100.0000000000000000 ) ;
#829 = AXIS2_PLACEMENT_3D ( 'NONE', #7913, #1726, #2994 ) ;
#830 = CARTESIAN_POINT ( 'NONE',  ( 1.257985160453262363, 0.5999999999999999778, 2.323015946640732299 ) ) ;
#831 = EDGE_CURVE ( 'NONE', #2280, #4563, #7931, .T. ) ;
#832 = DIRECTION ( 'NONE',  ( -0.000000000000000000, -1.000000000000000000, -0.000000000000000000 ) ) ;
#833 = ADVANCED_FACE ( 'NONE', ( #4450 ), #2546, .T. ) ;
#834 = ORIENTED_EDGE ( 'NONE', *, *, #1829, .F. ) ;
#835 = CARTESIAN_POINT ( 'NONE',  ( 2.160044913421790724, 0.000000000000000000, 1.688628483116583201 ) ) ;
#836 = CARTESIAN_POINT ( 'NONE',  ( 0.000000000000000000, 0.000000000000000000, 0.000000000000000000 ) ) ;
#837 = ORIENTED_EDGE ( 'NONE', *, *, #8922, .F. ) ;
#838 = CYLINDRICAL_SURFACE ( 'NONE', #7464, 0.1000000000000000888 ) ;
#839 = DIRECTION ( 'NONE',  ( 0.9995204884380797239, 0.000000000000000000, -0.03096438587316997781 ) ) ;
#840 = CARTESIAN_POINT ( 'NONE',  ( 2.217310878027337839, 0.5999999999999999778, -0.9184402376756140018 ) ) ;
#841 = EDGE_CURVE ( 'NONE', #5683, #4888, #1545, .T. ) ;
#842 = CARTESIAN_POINT ( 'NONE',  ( -0.3427293705100528109, 0.5999999999999999778, 2.649780135015810778 ) ) ;
#843 = DIRECTION ( 'NONE',  ( 0.000000000000000000, 1.000000000000000000, 0.000000000000000000 ) ) ;
#844 = ORIENTED_EDGE ( 'NONE', *, *, #5186, .T. ) ;
#845 = DIRECTION ( 'NONE',  ( -0.5568001729333029726, 0.000000000000000000, 0.8306464755968353542 ) ) ;
#846 = DIRECTION ( 'NONE',  ( -0.000000000000000000, -1.000000000000000000, 0.000000000000000000 ) ) ;
#847 = VERTEX_POINT ( 'NONE', #422 ) ;
#848 = DIRECTION ( 'NONE',  ( 0.000000000000000000, 1.000000000000000000, 0.000000000000000000 ) ) ;
#849 = CIRCLE ( 'NONE', #4037, 0.1000000000000000888 ) ;
#850 = ADVANCED_FACE ( 'NONE', ( #1184 ), #2364, .T. ) ;
#851 = DIRECTION ( 'NONE',  ( 0.000000000000000000, 0.000000000000000000, 1.000000000000000000 ) ) ;
#852 = DIRECTION ( 'NONE',  ( 0.9659258262890682012, 0.000000000000000000, -0.2588190451025209060 ) ) ;
#853 = EDGE_CURVE ( 'NONE', #7024, #2343, #3819, .T. ) ;
#854 = CARTESIAN_POINT ( 'NONE',  ( 2.386702695098069427, 0.000000000000000000, -1.349411140906982220 ) ) ;
#855 = ORIENTED_EDGE ( 'NONE', *, *, #981, .F. ) ;
#856 = VERTEX_POINT ( 'NONE', #5319 ) ;
#857 = ORIENTED_EDGE ( 'NONE', *, *, #7379, .T. ) ;
#858 = FACE_OUTER_BOUND ( 'NONE', #3951, .T. ) ;
#859 = CARTESIAN_POINT ( 'NONE',  ( -0.1956532809641148840, 0.5999999999999999778, 2.634511253708279543 ) ) ;
#860 = DIRECTION ( 'NONE',  ( -0.000000000000000000, -1.000000000000000000, -0.000000000000000000 ) ) ;
#861 = EDGE_LOOP ( 'NONE', ( #2237, #7968, #6073, #5932, #1175, #6043, #3349, #6448, #6631, #4497, #3503, #1551, #1487, #7081, #8240, #4620, #1861, #2890, #7022, #7484, #6765, #6753, #311, #8352, #3377, #4259, #7628, #7214, #5947, #6993, #8727, #2220, #520, #1738, #6572, #8377, #7282, #3488, #2453, #3760, #7806, #756, #7674, #4698, #725, #6858, #3904, #3908, #4847, #5325, #5157, #3169, #8528, #4242, #6981, #8269, #4006, #753, #3892, #5887, #6654, #8717, #3913, #706, #4562, #1684, #2926, #7960, #2552, #2618, #6571, #2304, #8326, #7053, #3662, #7867, #8547, #3855, #1367, #8950, #2181, #8753, #7011, #2807, #269, #7531, #8781, #8658, #4900, #470, #5200, #6515, #2717, #6080, #3257, #6712, #5396, #6705, #256, #4801, #8831, #6485, #8881, #6563, #7568, #8832, #7038, #7229, #355, #4797, #2488, #283, #6176, #5030, #6048, #7420, #1247, #6516, #4863, #2397, #5846, #445, #1279, #5391, #8217, #5208, #7470, #1764, #203, #3835, #6206, #5911, #7601, #6015, #420, #5120, #2847, #4064, #5790, #2008, #4228, #948, #5466, #8302, #3293, #1720, #5546, #380, #4722, #7593, #1315, #6465, #4664, #3129, #811, #5353, #411, #4296, #5604, #2271, #4833, #3245, #8599, #7128, #229, #3335, #2945, #8365, #8200, #1958, #8571, #6840, #8415, #7860, #8515, #3550, #2219, #8865, #8344, #5662, #1985, #7433, #7706, #403, #3092, #4540, #7507, #6828, #7001, #178, #5939, #5537, #791, #7084, #4665, #3327, #2651, #6980, #2461, #7602, #1165, #8158, #7756, #4055, #3682, #2862 ) ) ;
#862 = ORIENTED_EDGE ( 'NONE', *, *, #5560, .F. ) ;
#863 = EDGE_LOOP ( 'NONE', ( #313, #3128, #6192, #5609 ) ) ;
#864 = DIRECTION ( 'NONE',  ( 0.000000000000000000, 0.000000000000000000, 1.000000000000000000 ) ) ;
#865 = FACE_OUTER_BOUND ( 'NONE', #5529, .T. ) ;
#866 = ADVANCED_FACE ( 'NONE', ( #5131 ), #3181, .T. ) ;
#867 = DIRECTION ( 'NONE',  ( 0.000000000000000000, 1.000000000000000000, 0.000000000000000000 ) ) ;
#868 = VECTOR ( 'NONE', #8322, 100.0000000000000000 ) ;
#869 = DIRECTION ( 'NONE',  ( -0.5295578847521640320, 0.000000000000000000, 0.8482738040849864269 ) ) ;
#870 = DIRECTION ( 'NONE',  ( 0.000000000000000000, 1.000000000000000000, -0.000000000000000000 ) ) ;
#871 = ORIENTED_EDGE ( 'NONE', *, *, #1242, .T. ) ;
#872 = PERSON_AND_ORGANIZATION ( #6233, #4378 ) ;
#873 = DIRECTION ( 'NONE',  ( 0.000000000000000000, 1.000000000000000000, 0.000000000000000000 ) ) ;
#874 = CARTESIAN_POINT ( 'NONE',  ( 0.4682167728388227368, 0.000000000000000000, 2.353884672967692993 ) ) ;
#875 = ORIENTED_EDGE ( 'NONE', *, *, #677, .T. ) ;
#876 = EDGE_CURVE ( 'NONE', #7821, #5841, #5810, .T. ) ;
#877 = PLANE ( 'NONE',  #2975 ) ;
#878 = DIRECTION ( 'NONE',  ( 0.000000000000000000, 0.000000000000000000, 1.000000000000000000 ) ) ;
#879 = CARTESIAN_POINT ( 'NONE',  ( -1.846701588524966464, 0.000000000000000000, -2.028878938471578408 ) ) ;
#880 = DIRECTION ( 'NONE',  ( 0.000000000000000000, 0.000000000000000000, 1.000000000000000000 ) ) ;
#881 = CARTESIAN_POINT ( 'NONE',  ( -2.523800576651533678, 0.5999999999999999778, 0.7806153992594102586 ) ) ;
#882 = ORIENTED_EDGE ( 'NONE', *, *, #4871, .F. ) ;
#883 = FACE_OUTER_BOUND ( 'NONE', #1741, .T. ) ;
#884 = DIRECTION ( 'NONE',  ( 0.000000000000000000, 1.000000000000000000, 0.000000000000000000 ) ) ;
#885 = ORIENTED_EDGE ( 'NONE', *, *, #3941, .T. ) ;
#886 = EDGE_CURVE ( 'NONE', #8956, #7935, #3046, .T. ) ;
#887 = EDGE_CURVE ( 'NONE', #7265, #8705, #5751, .T. ) ;
#888 = DIRECTION ( 'NONE',  ( 0.000000000000000000, 0.000000000000000000, 1.000000000000000000 ) ) ;
#889 = VECTOR ( 'NONE', #5494, 100.0000000000000000 ) ;
#890 = DIRECTION ( 'NONE',  ( 0.000000000000000000, 1.000000000000000000, 0.000000000000000000 ) ) ;
#891 = CARTESIAN_POINT ( 'NONE',  ( 1.434177131589206233, 0.5999999999999999778, -0.1772313681305622834 ) ) ;
#892 = DIRECTION ( 'NONE',  ( 0.9233121615203911947, 0.000000000000000000, 0.3840503253332080980 ) ) ;
#893 = EDGE_LOOP ( 'NONE', ( #7223, #6537, #6234, #4122 ) ) ;
#894 = VERTEX_POINT ( 'NONE', #5225 ) ;
#895 = ORIENTED_EDGE ( 'NONE', *, *, #6111, .T. ) ;
#896 = UNCERTAINTY_MEASURE_WITH_UNIT (LENGTH_MEASURE( 1.000000000000000082E-05 ), #8785, 'distance_accuracy_value', 'NONE');
#897 = EDGE_CURVE ( 'NONE', #3601, #2478, #1007, .T. ) ;
#898 = VERTEX_POINT ( 'NONE', #5270 ) ;
#899 = VECTOR ( 'NONE', #5520, 100.0000000000000142 ) ;
#900 = VECTOR ( 'NONE', #3381, 100.0000000000000000 ) ;
#901 = DIRECTION ( 'NONE',  ( 0.000000000000000000, 1.000000000000000000, 0.000000000000000000 ) ) ;
#902 = CARTESIAN_POINT ( 'NONE',  ( 1.568230811125884916, 0.5999999999999999778, -2.163203714024811486 ) ) ;
#903 = ORIENTED_EDGE ( 'NONE', *, *, #8094, .T. ) ;
#904 = CARTESIAN_POINT ( 'NONE',  ( -1.278452291454445167, 0.5999999999999999778, 2.425452518699641846 ) ) ;
#905 = ORIENTED_EDGE ( 'NONE', *, *, #2435, .F. ) ;
#906 = VERTEX_POINT ( 'NONE', #4589 ) ;
#907 = ORIENTED_EDGE ( 'NONE', *, *, #18, .F. ) ;
#908 = PLANE ( 'NONE',  #172 ) ;
#909 = CARTESIAN_POINT ( 'NONE',  ( -2.359097756358873976, 0.5999999999999999778, -1.188943870925120772 ) ) ;
#910 = AXIS2_PLACEMENT_3D ( 'NONE', #5373, #1890, #8119 ) ;
#911 = ADVANCED_FACE ( 'NONE', ( #7527 ), #6083, .T. ) ;
#912 = EDGE_CURVE ( 'NONE', #3934, #1284, #1556, .T. ) ;
#913 = DIRECTION ( 'NONE',  ( 0.000000000000000000, 1.000000000000000000, 0.000000000000000000 ) ) ;
#914 = CARTESIAN_POINT ( 'NONE',  ( 2.447037941066956268, 0.000000000000000000, -1.240428078936179457 ) ) ;
#915 = VECTOR ( 'NONE', #5196, 100.0000000000000000 ) ;
#916 = CARTESIAN_POINT ( 'NONE',  ( -1.995527069526097819, 0.5999999999999999778, -1.333368559247062324 ) ) ;
#917 = EDGE_LOOP ( 'NONE', ( #6379, #4970, #5381, #5070 ) ) ;
#918 = DIRECTION ( 'NONE',  ( 0.000000000000000000, 0.000000000000000000, 1.000000000000000000 ) ) ;
#919 = DIRECTION ( 'NONE',  ( 0.000000000000000000, 1.000000000000000000, 0.000000000000000000 ) ) ;
#920 = ORIENTED_EDGE ( 'NONE', *, *, #6895, .F. ) ;
#921 = FACE_OUTER_BOUND ( 'NONE', #3147, .T. ) ;
#922 = EDGE_CURVE ( 'NONE', #4546, #3987, #597, .T. ) ;
#923 = ORIENTED_EDGE ( 'NONE', *, *, #5536, .F. ) ;
#924 = CARTESIAN_POINT ( 'NONE',  ( -1.955344957562863639, 0.000000000000000000, 1.391627140053368183 ) ) ;
#925 = CARTESIAN_POINT ( 'NONE',  ( -0.07076422490291250922, 0.000000000000000000, -2.398956528258462839 ) ) ;
#926 = EDGE_CURVE ( 'NONE', #4893, #4568, #2731, .T. ) ;
#927 = LINE ( 'NONE', #5195, #5568 ) ;
#928 = DIRECTION ( 'NONE',  ( -0.000000000000000000, -1.000000000000000000, 0.000000000000000000 ) ) ;
#929 = ORIENTED_EDGE ( 'NONE', *, *, #2296, .F. ) ;
#930 = LINE ( 'NONE', #3878, #5392 ) ;
#931 = CARTESIAN_POINT ( 'NONE',  ( 0.5465684680071659640, 0.4500000000000000666, -0.3960907847707385576 ) ) ;
#932 = VERTEX_POINT ( 'NONE', #5458 ) ;
#933 = AXIS2_PLACEMENT_3D ( 'NONE', #8670, #2329, #5143 ) ;
#934 = DIRECTION ( 'NONE',  ( -0.1965416391084608416, 0.000000000000000000, 0.9804954788761441886 ) ) ;
#935 = DIRECTION ( 'NONE',  ( 0.000000000000000000, 1.000000000000000000, 0.000000000000000000 ) ) ;
#936 = DIRECTION ( 'NONE',  ( 0.000000000000000000, 1.000000000000000000, 0.000000000000000000 ) ) ;
#937 = EDGE_CURVE ( 'NONE', #4469, #7384, #4736, .T. ) ;
#938 = CARTESIAN_POINT ( 'NONE',  ( -1.846701588524966464, 0.5999999999999999778, -2.028878938471578408 ) ) ;
#939 = VERTEX_POINT ( 'NONE', #2635 ) ;
#940 = ORIENTED_EDGE ( 'NONE', *, *, #6026, .F. ) ;
#941 = ORIENTED_EDGE ( 'NONE', *, *, #6360, .T. ) ;
#942 = AXIS2_PLACEMENT_3D ( 'NONE', #2570, #2661, #6016 ) ;
#943 = CIRCLE ( 'NONE', #8752, 0.1500000000000000500 ) ;
#944 = CARTESIAN_POINT ( 'NONE',  ( 2.447975330630792978, 0.000000000000000000, 1.234778102581631565 ) ) ;
#945 = CARTESIAN_POINT ( 'NONE',  ( -1.187169910238686565, 0.000000000000000000, -2.393621897785617847 ) ) ;
#946 = VERTEX_POINT ( 'NONE', #1379 ) ;
#947 = DIRECTION ( 'NONE',  ( 0.000000000000000000, -0.000000000000000000, 1.000000000000000000 ) ) ;
#948 = ORIENTED_EDGE ( 'NONE', *, *, #2164, .T. ) ;
#949 = VERTEX_POINT ( 'NONE', #8296 ) ;
#950 = AXIS2_PLACEMENT_3D ( 'NONE', #6069, #1219, #8777 ) ;
#951 = ORIENTED_EDGE ( 'NONE', *, *, #5446, .F. ) ;
#952 = EDGE_CURVE ( 'NONE', #5940, #3964, #1969, .T. ) ;
#953 = CARTESIAN_POINT ( 'NONE',  ( -0.7058615068732724263, 0.000000000000000000, 2.545719797106929416 ) ) ;
#954 = DIRECTION ( 'NONE',  ( 0.9659258262890684232, -0.000000000000000000, 0.2588190451025201289 ) ) ;
#955 = DIRECTION ( 'NONE',  ( -0.000000000000000000, -1.000000000000000000, 0.000000000000000000 ) ) ;
#956 = AXIS2_PLACEMENT_3D ( 'NONE', #3604, #112, #8264 ) ;
#957 = CYLINDRICAL_SURFACE ( 'NONE', #2914, 0.1000000000000000888 ) ;
#958 = CYLINDRICAL_SURFACE ( 'NONE', #5437, 2.050000000000000266 ) ;
#959 = EDGE_CURVE ( 'NONE', #3316, #8044, #3440, .T. ) ;
#960 = ORIENTED_EDGE ( 'NONE', *, *, #5610, .T. ) ;
#961 = COORDINATED_UNIVERSAL_TIME_OFFSET ( 9, 0, .AHEAD. ) ;
#962 = VECTOR ( 'NONE', #7105, 100.0000000000000142 ) ;
#963 = EDGE_CURVE ( 'NONE', #3898, #4678, #2683, .T. ) ;
#964 = CARTESIAN_POINT ( 'NONE',  ( 2.740449271673838894, 0.000000000000000000, 0.1288188395257291452 ) ) ;
#965 = CYLINDRICAL_SURFACE ( 'NONE', #4431, 0.1000000000000000056 ) ;
#966 = CIRCLE ( 'NONE', #5743, 2.400000000000000355 ) ;
#967 = CIRCLE ( 'NONE', #101, 0.3500050000000000106 ) ;
#968 = ORIENTED_EDGE ( 'NONE', *, *, #8216, .T. ) ;
#969 = DIRECTION ( 'NONE',  ( 0.000000000000000000, 1.000000000000000000, -0.000000000000000000 ) ) ;
#970 = CYLINDRICAL_SURFACE ( 'NONE', #4566, 2.400000000000000355 ) ;
#971 = ORIENTED_EDGE ( 'NONE', *, *, #9, .F. ) ;
#972 = ORIENTED_EDGE ( 'NONE', *, *, #3360, .F. ) ;
#973 = CARTESIAN_POINT ( 'NONE',  ( -0.7071067811865462405, 0.5999999999999999778, 0.7071067811865487940 ) ) ;
#974 = CARTESIAN_POINT ( 'NONE',  ( 0.7071067811865463515, 0.2999999999999999889, 0.7071067811865487940 ) ) ;
#975 = FACE_OUTER_BOUND ( 'NONE', #6502, .T. ) ;
#976 = CARTESIAN_POINT ( 'NONE',  ( 0.07076422490303042878, 0.000000000000000000, 2.398956528258402443 ) ) ;
#977 = EDGE_LOOP ( 'NONE', ( #3817, #8073, #155, #1192 ) ) ;
#978 = DIRECTION ( 'NONE',  ( 0.000000000000000000, 0.000000000000000000, -1.000000000000000000 ) ) ;
#979 = DIRECTION ( 'NONE',  ( -0.1126796382267711144, 0.000000000000000000, -0.9936313698394813043 ) ) ;
#980 = ORIENTED_EDGE ( 'NONE', *, *, #4484, .F. ) ;
#981 = EDGE_CURVE ( 'NONE', #1786, #5889, #7479, .T. ) ;
#982 = CARTESIAN_POINT ( 'NONE',  ( 0.000000000000000000, 0.5999999999999999778, 0.000000000000000000 ) ) ;
#983 = DIRECTION ( 'NONE',  ( 0.000000000000000000, 0.000000000000000000, 1.000000000000000000 ) ) ;
#984 = DIRECTION ( 'NONE',  ( 0.000000000000000000, 0.000000000000000000, 1.000000000000000000 ) ) ;
#985 = DIRECTION ( 'NONE',  ( 0.000000000000000000, 0.000000000000000000, 1.000000000000000000 ) ) ;
#986 = EDGE_LOOP ( 'NONE', ( #6021, #2272, #1748, #5191 ) ) ;
#987 = ORIENTED_EDGE ( 'NONE', *, *, #1417, .F. ) ;
#988 = EDGE_LOOP ( 'NONE', ( #2202, #7192, #4408, #1300 ) ) ;
#989 = AXIS2_PLACEMENT_3D ( 'NONE', #2451, #5221, #1097 ) ;
#990 = EDGE_CURVE ( 'NONE', #3417, #2761, #1998, .T. ) ;
#991 = CARTESIAN_POINT ( 'NONE',  ( -2.427585015167203597, 0.000000000000000000, -1.116077586671559096 ) ) ;
#992 = ORIENTED_EDGE ( 'NONE', *, *, #4370, .F. ) ;
#993 = CARTESIAN_POINT ( 'NONE',  ( 1.273950534763518050, 0.5999999999999999778, -2.033973951400561031 ) ) ;
#994 = ORIENTED_EDGE ( 'NONE', *, *, #3776, .F. ) ;
#995 = ORIENTED_EDGE ( 'NONE', *, *, #4213, .F. ) ;
#996 = ORIENTED_EDGE ( 'NONE', *, *, #615, .F. ) ;
#997 = DIRECTION ( 'NONE',  ( 0.03096438587313432925, 0.000000000000000000, 0.9995204884380808341 ) ) ;
#998 = DIRECTION ( 'NONE',  ( -0.2761438516273204691, 0.000000000000000000, 0.9611163161701233859 ) ) ;
#999 = EDGE_CURVE ( 'NONE', #1374, #2891, #5166, .T. ) ;
#1000 = CYLINDRICAL_SURFACE ( 'NONE', #7040, 0.1499999999999999667 ) ;
#1001 = EDGE_CURVE ( 'NONE', #5293, #8741, #1425, .T. ) ;
#1002 = PLANE ( 'NONE',  #8038 ) ;
#1003 = DIRECTION ( 'NONE',  ( -0.000000000000000000, -1.000000000000000000, -0.000000000000000000 ) ) ;
#1004 = ORIENTED_EDGE ( 'NONE', *, *, #7770, .F. ) ;
#1005 = PERSON_AND_ORGANIZATION_ROLE ( 'creator' ) ;
#1006 = DIRECTION ( 'NONE',  ( 0.000000000000000000, 0.000000000000000000, 1.000000000000000000 ) ) ;
#1007 = LINE ( 'NONE', #8699, #5467 ) ;
#1008 = ORIENTED_EDGE ( 'NONE', *, *, #3332, .T. ) ;
#1009 = VECTOR ( 'NONE', #164, 100.0000000000000284 ) ;
#1010 = ADVANCED_FACE ( 'NONE', ( #1329 ), #5499, .T. ) ;
#1011 = DIRECTION ( 'NONE',  ( -0.9115869641266042267, 0.000000000000000000, 0.4111072935797187022 ) ) ;
#1012 = EDGE_CURVE ( 'NONE', #847, #336, #7760, .T. ) ;
#1013 = LINE ( 'NONE', #3187, #1825 ) ;
#1014 = ORIENTED_EDGE ( 'NONE', *, *, #5032, .T. ) ;
#1015 = VERTEX_POINT ( 'NONE', #4812 ) ;
#1016 = DIRECTION ( 'NONE',  ( 0.000000000000000000, 0.000000000000000000, 1.000000000000000000 ) ) ;
#1017 = DIRECTION ( 'NONE',  ( -0.9233121615203854216, 0.000000000000000000, -0.3840503253332221978 ) ) ;
#1018 = VECTOR ( 'NONE', #250, 100.0000000000000000 ) ;
#1019 = FACE_OUTER_BOUND ( 'NONE', #6938, .T. ) ;
#1020 = CARTESIAN_POINT ( 'NONE',  ( 1.153418145417745233, 0.5999999999999999778, 0.8705754329430125393 ) ) ;
#1021 = CARTESIAN_POINT ( 'NONE',  ( -2.077585818039125787, 0.000000000000000000, 1.789105181557038460 ) ) ;
#1022 = CYLINDRICAL_SURFACE ( 'NONE', #4666, 0.1000000000000000888 ) ;
#1023 = EDGE_LOOP ( 'NONE', ( #855, #3540, #2307, #4356 ) ) ;
#1024 = AXIS2_PLACEMENT_3D ( 'NONE', #6135, #508, #4091 ) ;
#1025 = EDGE_CURVE ( 'NONE', #119, #2280, #3867, .T. ) ;
#1026 = CYLINDRICAL_SURFACE ( 'NONE', #7121, 0.1000000000000000888 ) ;
#1027 = DIRECTION ( 'NONE',  ( 0.000000000000000000, 1.000000000000000000, 0.000000000000000000 ) ) ;
#1028 = LINE ( 'NONE', #2565, #7377 ) ;
#1029 = LINE ( 'NONE', #353, #1532 ) ;
#1030 = VERTEX_POINT ( 'NONE', #1920 ) ;
#1031 = VERTEX_POINT ( 'NONE', #8932 ) ;
#1032 = ORIENTED_EDGE ( 'NONE', *, *, #7205, .F. ) ;
#1033 = AXIS2_PLACEMENT_3D ( 'NONE', #3093, #3049, #8567 ) ;
#1034 = DIRECTION ( 'NONE',  ( 0.9863558345325442733, 0.000000000000000000, 0.1646273600699716677 ) ) ;
#1035 = CARTESIAN_POINT ( 'NONE',  ( -2.532002169471212483, 0.000000000000000000, -0.8530903815704531379 ) ) ;
#1036 = VERTEX_POINT ( 'NONE', #3411 ) ;
#1037 = AXIS2_PLACEMENT_3D ( 'NONE', #879, #4323, #7715 ) ;
#1038 = DIRECTION ( 'NONE',  ( 0.1126796382267744728, 0.000000000000000000, 0.9936313698394809713 ) ) ;
#1039 = ORIENTED_EDGE ( 'NONE', *, *, #2956, .T. ) ;
#1040 = ORIENTED_EDGE ( 'NONE', *, *, #5272, .F. ) ;
#1041 = ADVANCED_FACE ( 'NONE', ( #8250 ), #2058, .T. ) ;
#1042 = VERTEX_POINT ( 'NONE', #506 ) ;
#1043 = DIRECTION ( 'NONE',  ( 0.000000000000000000, 0.000000000000000000, 1.000000000000000000 ) ) ;
#1044 = LINE ( 'NONE', #3295, #8167 ) ;
#1045 = AXIS2_PLACEMENT_3D ( 'NONE', #2676, #3452, #591 ) ;
#1046 = AXIS2_PLACEMENT_3D ( 'NONE', #7672, #1478, #6922 ) ;
#1047 = VECTOR ( 'NONE', #661, 99.99999999999998579 ) ;
#1048 = FACE_OUTER_BOUND ( 'NONE', #6000, .T. ) ;
#1049 = AXIS2_PLACEMENT_3D ( 'NONE', #8440, #3105, #2253 ) ;
#1050 = DIRECTION ( 'NONE',  ( -0.03096438587316997781, 0.000000000000000000, -0.9995204884380797239 ) ) ;
#1051 = VECTOR ( 'NONE', #5945, 100.0000000000000000 ) ;
#1052 = VERTEX_POINT ( 'NONE', #2590 ) ;
#1053 = EDGE_CURVE ( 'NONE', #1232, #6405, #8924, .T. ) ;
#1054 = VECTOR ( 'NONE', #6865, 100.0000000000000000 ) ;
#1055 = VECTOR ( 'NONE', #4901, 100.0000000000000000 ) ;
#1056 = LINE ( 'NONE', #964, #6138 ) ;
#1057 = CARTESIAN_POINT ( 'NONE',  ( -1.960117804982567158, 0.000000000000000000, 1.815691707290887580 ) ) ;
#1058 = VERTEX_POINT ( 'NONE', #2231 ) ;
#1059 = CARTESIAN_POINT ( 'NONE',  ( -0.5465684680071659640, 0.4500000000000000666, 0.3960907847707385576 ) ) ;
#1060 = VECTOR ( 'NONE', #8949, 100.0000000000000000 ) ;
#1061 = CARTESIAN_POINT ( 'NONE',  ( -0.5465684680071660750, 0.2999999999999999889, -0.3960907847707385021 ) ) ;
#1062 = EDGE_LOOP ( 'NONE', ( #3201, #4300, #875, #198 ) ) ;
#1063 = ORIENTED_EDGE ( 'NONE', *, *, #8554, .F. ) ;
#1064 = PLANE ( 'NONE',  #8186 ) ;
#1065 = DIRECTION ( 'NONE',  ( -0.9244448799230887692, 0.000000000000000000, 0.3813157012030660709 ) ) ;
#1066 = CARTESIAN_POINT ( 'NONE',  ( 8.266365894244634333E-17, 0.5999999999999999778, 0.6750000000000000444 ) ) ;
#1067 = CARTESIAN_POINT ( 'NONE',  ( 2.082446992096522731, 0.000000000000000000, 1.786076994180915367 ) ) ;
#1068 = DIRECTION ( 'NONE',  ( -0.8138680219351948075, 0.000000000000000000, 0.5810497765865616504 ) ) ;
#1069 = CARTESIAN_POINT ( 'NONE',  ( 0.8578599868702652120, 0.000000000000000000, 2.604099926062496628 ) ) ;
#1070 = ORIENTED_EDGE ( 'NONE', *, *, #5816, .F. ) ;
#1071 = EDGE_CURVE ( 'NONE', #4438, #3027, #6262, .T. ) ;
#1072 = VECTOR ( 'NONE', #8384, 100.0000000000000000 ) ;
#1073 = DIRECTION ( 'NONE',  ( 0.000000000000000000, 1.000000000000000000, 0.000000000000000000 ) ) ;
#1074 = LINE ( 'NONE', #6606, #6175 ) ;
#1075 = DIRECTION ( 'NONE',  ( -0.7635728369858674203, 0.000000000000000000, 0.6457217067881131367 ) ) ;
#1076 = VECTOR ( 'NONE', #3063, 100.0000000000000000 ) ;
#1077 = CIRCLE ( 'NONE', #7269, 2.400000000000000355 ) ;
#1078 = CARTESIAN_POINT ( 'NONE',  ( -0.7212331066169112015, 0.5999999999999999778, 1.918937936964017821 ) ) ;
#1079 = ORIENTED_EDGE ( 'NONE', *, *, #3556, .F. ) ;
#1080 = EDGE_CURVE ( 'NONE', #687, #683, #4902, .T. ) ;
#1081 = ORIENTED_EDGE ( 'NONE', *, *, #4529, .T. ) ;
#1082 = EDGE_LOOP ( 'NONE', ( #5771, #8097, #4743, #7314 ) ) ;
#1083 = EDGE_CURVE ( 'NONE', #8908, #5977, #6188, .T. ) ;
#1084 = FACE_OUTER_BOUND ( 'NONE', #3455, .T. ) ;
#1085 = CARTESIAN_POINT ( 'NONE',  ( 0.3986086914367168443, 0.000000000000000000, -2.366666666666667140 ) ) ;
#1086 = ORIENTED_EDGE ( 'NONE', *, *, #5730, .T. ) ;
#1087 = VECTOR ( 'NONE', #6942, 100.0000000000000000 ) ;
#1088 = DIRECTION ( 'NONE',  ( 0.000000000000000000, 1.000000000000000000, 0.000000000000000000 ) ) ;
#1089 = ORIENTED_EDGE ( 'NONE', *, *, #4373, .F. ) ;
#1090 = VERTEX_POINT ( 'NONE', #8465 ) ;
#1091 = EDGE_LOOP ( 'NONE', ( #6532, #8888, #907, #404 ) ) ;
#1092 = VECTOR ( 'NONE', #6346, 100.0000000000000000 ) ;
#1093 = EDGE_CURVE ( 'NONE', #5756, #2443, #1853, .T. ) ;
#1094 = EDGE_CURVE ( 'NONE', #5564, #6817, #4349, .T. ) ;
#1095 = DIRECTION ( 'NONE',  ( 0.000000000000000000, 0.000000000000000000, 1.000000000000000000 ) ) ;
#1096 = VECTOR ( 'NONE', #5969, 100.0000000000000142 ) ;
#1097 = DIRECTION ( 'NONE',  ( 0.000000000000000000, 0.000000000000000000, 1.000000000000000000 ) ) ;
#1098 = ORIENTED_EDGE ( 'NONE', *, *, #3491, .T. ) ;
#1099 = VECTOR ( 'NONE', #4738, 100.0000000000000000 ) ;
#1100 = CARTESIAN_POINT ( 'NONE',  ( 2.116023764122655137, 0.000000000000000000, -1.631331240123676363 ) ) ;
#1101 = CARTESIAN_POINT ( 'NONE',  ( 1.345492771289964029, 0.000000000000000000, -2.390879693008613582 ) ) ;
#1102 = AXIS2_PLACEMENT_3D ( 'NONE', #5136, #6633, #3911 ) ;
#1103 = ORIENTED_EDGE ( 'NONE', *, *, #2452, .F. ) ;
#1104 = VECTOR ( 'NONE', #4421, 100.0000000000000000 ) ;
#1105 = APPROVAL ( #8561, 'UNSPECIFIED' ) ;
#1106 = DIRECTION ( 'NONE',  ( 0.000000000000000000, 0.000000000000000000, 1.000000000000000000 ) ) ;
#1107 = EDGE_CURVE ( 'NONE', #8142, #1444, #7446, .T. ) ;
#1108 = CARTESIAN_POINT ( 'NONE',  ( -2.359097756358873976, 0.000000000000000000, -1.188943870925120772 ) ) ;
#1109 = ORIENTED_EDGE ( 'NONE', *, *, #2649, .T. ) ;
#1110 = CIRCLE ( 'NONE', #3573, 1.500000000000000000 ) ;
#1111 = ORIENTED_EDGE ( 'NONE', *, *, #6934, .T. ) ;
#1112 = CARTESIAN_POINT ( 'NONE',  ( -2.579234484275229278, 0.000000000000000000, 0.6973863064758915042 ) ) ;
#1113 = LINE ( 'NONE', #8669, #169 ) ;
#1114 = LINE ( 'NONE', #1932, #3965 ) ;
#1115 = CARTESIAN_POINT ( 'NONE',  ( -0.7334758920360030521, 0.000000000000000000, 2.641831428723941944 ) ) ;
#1116 = DIRECTION ( 'NONE',  ( 0.000000000000000000, 1.000000000000000000, 0.000000000000000000 ) ) ;
#1117 = CARTESIAN_POINT ( 'NONE',  ( -0.7334758920360030521, 0.5999999999999999778, 2.641831428723941944 ) ) ;
#1118 = ORIENTED_EDGE ( 'NONE', *, *, #7874, .T. ) ;
#1119 = CIRCLE ( 'NONE', #396, 0.1000000000000000056 ) ;
#1120 = VECTOR ( 'NONE', #7113, 100.0000000000000000 ) ;
#1121 = DIRECTION ( 'NONE',  ( 0.000000000000000000, 1.000000000000000000, 0.000000000000000000 ) ) ;
#1122 = EDGE_CURVE ( 'NONE', #8241, #27, #5035, .T. ) ;
#1123 = LINE ( 'NONE', #5377, #4137 ) ;
#1124 = LINE ( 'NONE', #6012, #3185 ) ;
#1125 = LINE ( 'NONE', #1078, #4980 ) ;
#1126 = ORIENTED_EDGE ( 'NONE', *, *, #5469, .F. ) ;
#1127 = ORIENTED_EDGE ( 'NONE', *, *, #7431, .F. ) ;
#1128 = ORIENTED_EDGE ( 'NONE', *, *, #186, .F. ) ;
#1129 = EDGE_CURVE ( 'NONE', #5359, #1015, #3545, .T. ) ;
#1130 = ORIENTED_EDGE ( 'NONE', *, *, #7896, .F. ) ;
#1131 = EDGE_CURVE ( 'NONE', #544, #6723, #54, .T. ) ;
#1132 = CARTESIAN_POINT ( 'NONE',  ( 1.815691707290982615, 0.000000000000000000, 1.960117804982567824 ) ) ;
#1133 = DIRECTION ( 'NONE',  ( -0.4583423165665139187, 0.000000000000000000, 0.8887757427182865211 ) ) ;
#1134 = VERTEX_POINT ( 'NONE', #4988 ) ;
#1135 = CARTESIAN_POINT ( 'NONE',  ( -2.316920780516968037, 0.5999999999999999778, -1.330667607685552811 ) ) ;
#1136 = VERTEX_POINT ( 'NONE', #6441 ) ;
#1137 = ORIENTED_EDGE ( 'NONE', *, *, #876, .T. ) ;
#1138 = VERTEX_POINT ( 'NONE', #737 ) ;
#1139 = DIRECTION ( 'NONE',  ( 0.000000000000000000, 1.000000000000000000, 0.000000000000000000 ) ) ;
#1140 = CARTESIAN_POINT ( 'NONE',  ( 0.000000000000000000, 0.5999999999999999778, 0.000000000000000000 ) ) ;
#1141 = EDGE_LOOP ( 'NONE', ( #1224, #4479, #652, #5044 ) ) ;
#1142 = ORIENTED_EDGE ( 'NONE', *, *, #4494, .F. ) ;
#1143 = DIRECTION ( 'NONE',  ( 0.000000000000000000, 1.000000000000000000, 0.000000000000000000 ) ) ;
#1144 = DIRECTION ( 'NONE',  ( 0.000000000000000000, 1.000000000000000000, -0.000000000000000000 ) ) ;
#1145 = VERTEX_POINT ( 'NONE', #99 ) ;
#1146 = CARTESIAN_POINT ( 'NONE',  ( 1.693987021127889570, 0.000000000000000000, 2.158023279829106134 ) ) ;
#1147 = CARTESIAN_POINT ( 'NONE',  ( 0.7071067811865463515, 0.5999999999999999778, 0.7071067811865487940 ) ) ;
#1148 = ORIENTED_EDGE ( 'NONE', *, *, #5708, .F. ) ;
#1149 = VERTEX_POINT ( 'NONE', #2864 ) ;
#1150 = DIRECTION ( 'NONE',  ( -3.469446951953611033E-15, 0.000000000000000000, 1.000000000000000000 ) ) ;
#1151 = DIRECTION ( 'NONE',  ( 0.9115869641266043377, 0.000000000000000000, -0.4111072935797187577 ) ) ;
#1152 = CYLINDRICAL_SURFACE ( 'NONE', #1806, 0.09999999999999992228 ) ;
#1153 = CARTESIAN_POINT ( 'NONE',  ( 1.192611158318790832, 0.5999999999999999778, 0.9097684458440579158 ) ) ;
#1154 = ADVANCED_FACE ( 'NONE', ( #8379 ), #6391, .T. ) ;
#1155 = CARTESIAN_POINT ( 'NONE',  ( -2.630416277254184809, 0.000000000000000000, -0.2446220771391268423 ) ) ;
#1156 = ORIENTED_EDGE ( 'NONE', *, *, #3727, .F. ) ;
#1157 = CARTESIAN_POINT ( 'NONE',  ( 2.299215189623912803, 0.5999999999999999778, -1.300976273446553089 ) ) ;
#1158 = AXIS2_PLACEMENT_3D ( 'NONE', #4073, #633, #6115 ) ;
#1159 = DIRECTION ( 'NONE',  ( 0.000000000000000000, 0.000000000000000000, 1.000000000000000000 ) ) ;
#1160 = CARTESIAN_POINT ( 'NONE',  ( 0.2039866142975655938, 0.000000000000000000, -2.734163426567504551 ) ) ;
#1161 = CARTESIAN_POINT ( 'NONE',  ( 1.629620991000016339, 0.000000000000000000, -2.207032380760796553 ) ) ;
#1162 = DIRECTION ( 'NONE',  ( 0.1936385776162478645, 0.000000000000000000, 0.9810729337102092051 ) ) ;
#1163 = ORIENTED_EDGE ( 'NONE', *, *, #8035, .F. ) ;
#1164 = EDGE_CURVE ( 'NONE', #5340, #1997, #2184, .T. ) ;
#1165 = ORIENTED_EDGE ( 'NONE', *, *, #4885, .T. ) ;
#1166 = ADVANCED_FACE ( 'NONE', ( #865 ), #5714, .T. ) ;
#1167 = CARTESIAN_POINT ( 'NONE',  ( -1.333368559247055218, 0.000000000000000000, -1.995527069526102704 ) ) ;
#1168 = EDGE_LOOP ( 'NONE', ( #6157, #3591, #5490, #626 ) ) ;
#1169 = CARTESIAN_POINT ( 'NONE',  ( 0.07076422490303042878, 0.5999999999999999778, 2.398956528258402443 ) ) ;
#1170 = DIRECTION ( 'NONE',  ( -0.1936385776162455608, 0.000000000000000000, -0.9810729337102095382 ) ) ;
#1171 = ORIENTED_EDGE ( 'NONE', *, *, #4529, .F. ) ;
#1172 = CARTESIAN_POINT ( 'NONE',  ( 2.630416277254280732, 0.000000000000000000, 0.2446220771390327231 ) ) ;
#1173 = ORIENTED_EDGE ( 'NONE', *, *, #4117, .F. ) ;
#1174 = ORIENTED_EDGE ( 'NONE', *, *, #7814, .T. ) ;
#1175 = ORIENTED_EDGE ( 'NONE', *, *, #1313, .T. ) ;
#1176 = EDGE_CURVE ( 'NONE', #4068, #3795, #4939, .T. ) ;
#1177 = DIRECTION ( 'NONE',  ( 0.000000000000000000, 1.000000000000000000, 0.000000000000000000 ) ) ;
#1178 = APPROVAL_DATE_TIME ( #3453, #1548 ) ;
#1179 = CARTESIAN_POINT ( 'NONE',  ( 0.1956532809642323179, 0.000000000000000000, -2.634511253708326173 ) ) ;
#1180 = AXIS2_PLACEMENT_3D ( 'NONE', #8287, #4804, #4623 ) ;
#1181 = VERTEX_POINT ( 'NONE', #8511 ) ;
#1182 = ORIENTED_EDGE ( 'NONE', *, *, #6300, .F. ) ;
#1183 = CYLINDRICAL_SURFACE ( 'NONE', #2523, 0.1000000000000000888 ) ;
#1184 = FACE_OUTER_BOUND ( 'NONE', #4854, .T. ) ;
#1185 = EDGE_CURVE ( 'NONE', #7078, #1681, #1506, .T. ) ;
#1186 = ORIENTED_EDGE ( 'NONE', *, *, #3463, .F. ) ;
#1187 = CIRCLE ( 'NONE', #1780, 2.400000000000000355 ) ;
#1188 = EDGE_CURVE ( 'NONE', #3450, #2531, #6443, .T. ) ;
#1189 = AXIS2_PLACEMENT_3D ( 'NONE', #4552, #6643, #7313 ) ;
#1190 = CARTESIAN_POINT ( 'NONE',  ( -1.918937936963991175, 0.000000000000000000, 0.7212331066169809235 ) ) ;
#1191 = CARTESIAN_POINT ( 'NONE',  ( 0.000000000000000000, 0.5999999999999999778, 0.000000000000000000 ) ) ;
#1192 = ORIENTED_EDGE ( 'NONE', *, *, #6586, .F. ) ;
#1193 = AXIS2_PLACEMENT_3D ( 'NONE', #5283, #6006, #6144 ) ;
#1194 = CIRCLE ( 'NONE', #8422, 0.1000000000000000888 ) ;
#1195 = ORIENTED_EDGE ( 'NONE', *, *, #887, .F. ) ;
#1196 = CARTESIAN_POINT ( 'NONE',  ( 1.415403089884493815, 0.5999999999999999778, 2.350168206146002969 ) ) ;
#1197 = DIRECTION ( 'NONE',  ( 0.000000000000000000, 1.000000000000000000, -0.000000000000000000 ) ) ;
#1198 = CARTESIAN_POINT ( 'NONE',  ( 0.000000000000000000, 0.5999999999999999778, 0.000000000000000000 ) ) ;
#1199 = DIRECTION ( 'NONE',  ( 0.000000000000000000, 1.000000000000000000, 0.000000000000000000 ) ) ;
#1200 = CARTESIAN_POINT ( 'NONE',  ( -1.330649513548147533, 0.000000000000000000, 0.5636016986461265255 ) ) ;
#1201 = ORIENTED_EDGE ( 'NONE', *, *, #669, .F. ) ;
#1202 = CIRCLE ( 'NONE', #3221, 0.3500049999999999550 ) ;
#1203 = DIRECTION ( 'NONE',  ( -0.000000000000000000, 1.000000000000000000, -0.000000000000000000 ) ) ;
#1204 = EDGE_CURVE ( 'NONE', #7739, #3230, #8020, .T. ) ;
#1205 = ADVANCED_FACE ( 'NONE', ( #6352 ), #6574, .T. ) ;
#1206 = CIRCLE ( 'NONE', #7272, 0.1000000000000000888 ) ;
#1207 = FACE_OUTER_BOUND ( 'NONE', #8873, .T. ) ;
#1208 = DIRECTION ( 'NONE',  ( 0.000000000000000000, 0.000000000000000000, 1.000000000000000000 ) ) ;
#1209 = CARTESIAN_POINT ( 'NONE',  ( 1.995527069526506825, 0.5999999999999999778, -1.333368559246450147 ) ) ;
#1210 = VERTEX_POINT ( 'NONE', #3974 ) ;
#1211 = ORIENTED_EDGE ( 'NONE', *, *, #3602, .F. ) ;
#1212 = CARTESIAN_POINT ( 'NONE',  ( 1.746356292197643878, 0.000000000000000000, 1.646280565608930768 ) ) ;
#1213 = CYLINDRICAL_SURFACE ( 'NONE', #2963, 0.1000000000000000888 ) ;
#1214 = ORIENTED_EDGE ( 'NONE', *, *, #3977, .F. ) ;
#1215 = DIRECTION ( 'NONE',  ( 0.000000000000000000, 1.000000000000000000, 0.000000000000000000 ) ) ;
#1216 = EDGE_CURVE ( 'NONE', #5293, #4635, #6297, .T. ) ;
#1217 = ORIENTED_EDGE ( 'NONE', *, *, #7023, .T. ) ;
#1218 = VECTOR ( 'NONE', #5507, 100.0000000000000000 ) ;
#1219 = DIRECTION ( 'NONE',  ( -0.9611163161701233859, 0.000000000000000000, -0.2761438516273205246 ) ) ;
#1220 = DIRECTION ( 'NONE',  ( 0.000000000000000000, 0.000000000000000000, -1.000000000000000000 ) ) ;
#1221 = VERTEX_POINT ( 'NONE', #4701 ) ;
#1222 = CARTESIAN_POINT ( 'NONE',  ( -2.366666666666620067, 0.000000000000000000, -0.3986086914366926415 ) ) ;
#1223 = ORIENTED_EDGE ( 'NONE', *, *, #3175, .F. ) ;
#1224 = ORIENTED_EDGE ( 'NONE', *, *, #7814, .F. ) ;
#1225 = ORIENTED_EDGE ( 'NONE', *, *, #2737, .T. ) ;
#1226 = AXIS2_PLACEMENT_3D ( 'NONE', #6958, #8355, #4156 ) ;
#1227 = CARTESIAN_POINT ( 'NONE',  ( 1.687011257417007970, 0.5999999999999999778, 2.032959116562876645 ) ) ;
#1228 = AXIS2_PLACEMENT_3D ( 'NONE', #2818, #4262, #8337 ) ;
#1229 = PERSON_AND_ORGANIZATION ( #6233, #4378 ) ;
#1230 = CYLINDRICAL_SURFACE ( 'NONE', #4762, 0.1000000000000000888 ) ;
#1231 = ADVANCED_FACE ( 'NONE', ( #8134 ), #1213, .T. ) ;
#1232 = VERTEX_POINT ( 'NONE', #2614 ) ;
#1233 = ORIENTED_EDGE ( 'NONE', *, *, #6314, .F. ) ;
#1234 = DIRECTION ( 'NONE',  ( 0.9999989048468862496, 0.000000000000000000, 0.001479967914598829832 ) ) ;
#1235 = DIRECTION ( 'NONE',  ( -0.000000000000000000, -1.000000000000000000, 0.000000000000000000 ) ) ;
#1236 = VECTOR ( 'NONE', #5038, 100.0000000000000000 ) ;
#1237 = EDGE_LOOP ( 'NONE', ( #5934, #1225, #3693, #3787 ) ) ;
#1238 = VECTOR ( 'NONE', #7533, 100.0000000000000000 ) ;
#1239 = VECTOR ( 'NONE', #5789, 100.0000000000000000 ) ;
#1240 = FACE_OUTER_BOUND ( 'NONE', #239, .T. ) ;
#1241 = DIRECTION ( 'NONE',  ( -0.000000000000000000, 1.000000000000000000, -0.000000000000000000 ) ) ;
#1242 = EDGE_CURVE ( 'NONE', #5702, #4169, #533, .T. ) ;
#1243 = VERTEX_POINT ( 'NONE', #1733 ) ;
#1244 = VECTOR ( 'NONE', #1038, 99.99999999999998579 ) ;
#1245 = EDGE_CURVE ( 'NONE', #659, #5683, #1044, .T. ) ;
#1246 = VECTOR ( 'NONE', #7441, 100.0000000000000000 ) ;
#1247 = ORIENTED_EDGE ( 'NONE', *, *, #5843, .T. ) ;
#1248 = DIRECTION ( 'NONE',  ( 0.000000000000000000, 1.000000000000000000, 0.000000000000000000 ) ) ;
#1249 = FACE_OUTER_BOUND ( 'NONE', #5389, .T. ) ;
#1250 = DIRECTION ( 'NONE',  ( 0.000000000000000000, 1.000000000000000000, -0.000000000000000000 ) ) ;
#1251 = CARTESIAN_POINT ( 'NONE',  ( 0.000000000000000000, 0.5999999999999999778, 0.000000000000000000 ) ) ;
#1252 = VECTOR ( 'NONE', #5525, 100.0000000000000000 ) ;
#1253 = VERTEX_POINT ( 'NONE', #369 ) ;
#1254 = AXIS2_PLACEMENT_3D ( 'NONE', #8424, #2233, #3135 ) ;
#1255 = CIRCLE ( 'NONE', #2843, 0.1000000000000000056 ) ;
#1256 = CARTESIAN_POINT ( 'NONE',  ( 2.109316400261558755, 0.5999999999999999778, -1.751583428095818018 ) ) ;
#1257 = AXIS2_PLACEMENT_3D ( 'NONE', #5085, #2240, #7838 ) ;
#1258 = CIRCLE ( 'NONE', #6031, 0.3500050000000000106 ) ;
#1259 = CARTESIAN_POINT ( 'NONE',  ( -1.751583428095722317, 0.000000000000000000, -2.109316400261558311 ) ) ;
#1260 = DIRECTION ( 'NONE',  ( -0.000000000000000000, -1.000000000000000000, 0.000000000000000000 ) ) ;
#1261 = CARTESIAN_POINT ( 'NONE',  ( 2.033973951400561919, 0.000000000000000000, 1.273950534763422793 ) ) ;
#1262 = ORIENTED_EDGE ( 'NONE', *, *, #5560, .T. ) ;
#1263 = VERTEX_POINT ( 'NONE', #6064 ) ;
#1264 = VECTOR ( 'NONE', #6789, 100.0000000000000000 ) ;
#1265 = CYLINDRICAL_SURFACE ( 'NONE', #8280, 0.1000000000000000888 ) ;
#1266 = CARTESIAN_POINT ( 'NONE',  ( 2.581141827647937870, 0.5999999999999999778, -0.9297114442668632517 ) ) ;
#1267 = VERTEX_POINT ( 'NONE', #3764 ) ;
#1268 = CIRCLE ( 'NONE', #4299, 2.050000000000000266 ) ;
#1269 = EDGE_CURVE ( 'NONE', #1655, #1821, #576, .T. ) ;
#1270 = FACE_OUTER_BOUND ( 'NONE', #1168, .T. ) ;
#1271 = ORIENTED_EDGE ( 'NONE', *, *, #6578, .F. ) ;
#1272 = CARTESIAN_POINT ( 'NONE',  ( 1.757108023884250025, 0.000000000000000000, -2.012801425311709913 ) ) ;
#1273 = CARTESIAN_POINT ( 'NONE',  ( -2.726960102849231848, 0.000000000000000000, 0.2845149898689516843 ) ) ;
#1274 = ORIENTED_EDGE ( 'NONE', *, *, #3219, .T. ) ;
#1275 = DIRECTION ( 'NONE',  ( 0.000000000000000000, 1.000000000000000000, 0.000000000000000000 ) ) ;
#1276 = ORIENTED_EDGE ( 'NONE', *, *, #2607, .F. ) ;
#1277 = VERTEX_POINT ( 'NONE', #315 ) ;
#1278 = CC_DESIGN_PERSON_AND_ORGANIZATION_ASSIGNMENT ( #3729, #192, ( #6698 ) ) ;
#1279 = ORIENTED_EDGE ( 'NONE', *, *, #8082, .T. ) ;
#1280 = EDGE_CURVE ( 'NONE', #7111, #4076, #8863, .T. ) ;
#1281 = DIRECTION ( 'NONE',  ( -0.000000000000000000, -1.000000000000000000, -0.000000000000000000 ) ) ;
#1282 = CALENDAR_DATE ( 2024, 26, 9 ) ;
#1283 = CARTESIAN_POINT ( 'NONE',  ( -1.626335788784444736, 0.000000000000000000, 2.081816911831198436 ) ) ;
#1284 = VERTEX_POINT ( 'NONE', #7873 ) ;
#1285 = VERTEX_POINT ( 'NONE', #5852 ) ;
#1286 = CYLINDRICAL_SURFACE ( 'NONE', #8585, 0.1000000000000000888 ) ;
#1287 = CARTESIAN_POINT ( 'NONE',  ( 0.000000000000000000, 0.000000000000000000, 0.000000000000000000 ) ) ;
#1288 = ADVANCED_FACE ( 'NONE', ( #3247 ), #1686, .T. ) ;
#1289 = EDGE_CURVE ( 'NONE', #4985, #4297, #2382, .T. ) ;
#1290 = DIRECTION ( 'NONE',  ( -0.000000000000000000, -1.000000000000000000, 0.000000000000000000 ) ) ;
#1291 = CIRCLE ( 'NONE', #7500, 0.6750000000000000444 ) ;
#1292 = FACE_OUTER_BOUND ( 'NONE', #2050, .T. ) ;
#1293 = VERTEX_POINT ( 'NONE', #6487 ) ;
#1294 = VERTEX_POINT ( 'NONE', #5176 ) ;
#1295 = DIRECTION ( 'NONE',  ( -0.000000000000000000, -1.000000000000000000, 0.000000000000000000 ) ) ;
#1296 = CARTESIAN_POINT ( 'NONE',  ( 1.815691707290982615, 0.5999999999999999778, 1.960117804982567824 ) ) ;
#1297 = CARTESIAN_POINT ( 'NONE',  ( 0.5779473370187572234, 0.5999999999999999778, -1.384188164821867018 ) ) ;
#1298 = DIRECTION ( 'NONE',  ( 0.000000000000000000, 0.000000000000000000, 1.000000000000000000 ) ) ;
#1299 = DIRECTION ( 'NONE',  ( 0.000000000000000000, 1.000000000000000000, -0.000000000000000000 ) ) ;
#1300 = ORIENTED_EDGE ( 'NONE', *, *, #8455, .F. ) ;
#1301 = EDGE_CURVE ( 'NONE', #2891, #1136, #8603, .T. ) ;
#1302 = EDGE_CURVE ( 'NONE', #5779, #97, #8088, .T. ) ;
#1303 = LINE ( 'NONE', #6193, #1047 ) ;
#1304 = CYLINDRICAL_SURFACE ( 'NONE', #1692, 0.1500000000000000500 ) ;
#1305 = DIRECTION ( 'NONE',  ( 0.000000000000000000, 0.000000000000000000, 1.000000000000000000 ) ) ;
#1306 = CARTESIAN_POINT ( 'NONE',  ( 1.697056274847714930, 0.000000000000000000, -1.697056274847809298 ) ) ;
#1307 = DIRECTION ( 'NONE',  ( -0.000000000000000000, 1.000000000000000000, -0.000000000000000000 ) ) ;
#1308 = EDGE_LOOP ( 'NONE', ( #6081, #227, #8314, #195 ) ) ;
#1309 = DIRECTION ( 'NONE',  ( 0.000000000000000000, 0.000000000000000000, 1.000000000000000000 ) ) ;
#1310 = DIRECTION ( 'NONE',  ( 0.000000000000000000, 1.000000000000000000, -0.000000000000000000 ) ) ;
#1311 = EDGE_LOOP ( 'NONE', ( #3938, #6343, #7071, #7442 ) ) ;
#1312 = EDGE_CURVE ( 'NONE', #1795, #5073, #363, .T. ) ;
#1313 = EDGE_CURVE ( 'NONE', #8841, #3026, #3811, .T. ) ;
#1314 = CARTESIAN_POINT ( 'NONE',  ( -2.427585015167203597, 0.000000000000000000, -1.116077586671559096 ) ) ;
#1315 = ORIENTED_EDGE ( 'NONE', *, *, #5446, .T. ) ;
#1316 = CARTESIAN_POINT ( 'NONE',  ( 1.746356292197643878, 0.000000000000000000, 1.646280565608930768 ) ) ;
#1317 = CARTESIAN_POINT ( 'NONE',  ( 8.266365894244634333E-17, 0.000000000000000000, 0.6750000000000000444 ) ) ;
#1318 = DIRECTION ( 'NONE',  ( 0.000000000000000000, 1.000000000000000000, -0.000000000000000000 ) ) ;
#1319 = VERTEX_POINT ( 'NONE', #5432 ) ;
#1320 = ORIENTED_EDGE ( 'NONE', *, *, #1164, .F. ) ;
#1321 = CIRCLE ( 'NONE', #1457, 0.1000000000000000056 ) ;
#1322 = ORIENTED_EDGE ( 'NONE', *, *, #19, .T. ) ;
#1323 = CARTESIAN_POINT ( 'NONE',  ( 0.000000000000000000, 0.5999999999999999778, 0.000000000000000000 ) ) ;
#1324 = CARTESIAN_POINT ( 'NONE',  ( -1.815691707290889578, 0.5999999999999999778, -1.960117804982664413 ) ) ;
#1325 = ADVANCED_FACE ( 'NONE', ( #4651 ), #2357, .T. ) ;
#1326 = ORIENTED_EDGE ( 'NONE', *, *, #3094, .F. ) ;
#1327 = ORIENTED_EDGE ( 'NONE', *, *, #2770, .T. ) ;
#1328 = CARTESIAN_POINT ( 'NONE',  ( 2.033973951400561919, 0.5999999999999999778, 1.273950534763422793 ) ) ;
#1329 = FACE_OUTER_BOUND ( 'NONE', #7188, .T. ) ;
#1330 = DIRECTION ( 'NONE',  ( 0.000000000000000000, 1.000000000000000000, 0.000000000000000000 ) ) ;
#1331 = DIRECTION ( 'NONE',  ( 0.000000000000000000, 1.000000000000000000, 0.000000000000000000 ) ) ;
#1332 = AXIS2_PLACEMENT_3D ( 'NONE', #5264, #7877, #1826 ) ;
#1333 = VERTEX_POINT ( 'NONE', #5802 ) ;
#1334 = ADVANCED_FACE ( 'NONE', ( #5122 ), #8952, .T. ) ;
#1335 = ORIENTED_EDGE ( 'NONE', *, *, #6266, .T. ) ;
#1336 = DIRECTION ( 'NONE',  ( -0.3043623944812922644, 0.000000000000000000, -0.9525563147791390461 ) ) ;
#1337 = CARTESIAN_POINT ( 'NONE',  ( 2.022465555004995252, 0.5999999999999999778, -0.3348627761014013604 ) ) ;
#1338 = AXIS2_PLACEMENT_3D ( 'NONE', #1570, #113, #4959 ) ;
#1339 = DIRECTION ( 'NONE',  ( -0.5568001729333029726, 0.000000000000000000, 0.8306464755968353542 ) ) ;
#1340 = DIRECTION ( 'NONE',  ( -0.9999989048468862496, 0.000000000000000000, -0.001479967914598831133 ) ) ;
#1341 = DIRECTION ( 'NONE',  ( 0.1646273600699720008, 0.000000000000000000, -0.9863558345325442733 ) ) ;
#1342 = ORIENTED_EDGE ( 'NONE', *, *, #2810, .F. ) ;
#1343 = AXIS2_PLACEMENT_3D ( 'NONE', #4003, #557, #699 ) ;
#1344 = AXIS2_PLACEMENT_3D ( 'NONE', #7242, #7288, #5480 ) ;
#1345 = DIRECTION ( 'NONE',  ( -0.000000000000000000, -1.000000000000000000, -0.000000000000000000 ) ) ;
#1346 = VECTOR ( 'NONE', #1073, 100.0000000000000000 ) ;
#1347 = CARTESIAN_POINT ( 'NONE',  ( -0.7071067811865462405, 0.5999999999999999778, 0.7071067811865487940 ) ) ;
#1348 = DIRECTION ( 'NONE',  ( 0.000000000000000000, 1.000000000000000000, -0.000000000000000000 ) ) ;
#1349 = EDGE_CURVE ( 'NONE', #3439, #8776, #7637, .T. ) ;
#1350 = DIRECTION ( 'NONE',  ( -0.08333333333332929027, 0.000000000000000000, 0.9965217285917834511 ) ) ;
#1351 = CARTESIAN_POINT ( 'NONE',  ( -2.649780135015809890, 0.000000000000000000, -0.3427293705101477350 ) ) ;
#1352 = VERTEX_POINT ( 'NONE', #1996 ) ;
#1353 = AXIS2_PLACEMENT_3D ( 'NONE', #8640, #484, #1897 ) ;
#1354 = EDGE_CURVE ( 'NONE', #1446, #3668, #4556, .T. ) ;
#1355 = AXIS2_PLACEMENT_3D ( 'NONE', #7429, #8205, #8149 ) ;
#1356 = CARTESIAN_POINT ( 'NONE',  ( -1.757108023884153658, 0.000000000000000000, 2.012801425311615766 ) ) ;
#1357 = DIRECTION ( 'NONE',  ( 0.000000000000000000, 0.000000000000000000, -1.000000000000000000 ) ) ;
#1358 = ORIENTED_EDGE ( 'NONE', *, *, #4561, .F. ) ;
#1359 = CARTESIAN_POINT ( 'NONE',  ( 0.8274237474221359800, 0.000000000000000000, 2.508844294584582801 ) ) ;
#1360 = VECTOR ( 'NONE', #3741, 100.0000000000000000 ) ;
#1361 = ORIENTED_EDGE ( 'NONE', *, *, #51, .F. ) ;
#1362 = EDGE_CURVE ( 'NONE', #3898, #8357, #7732, .T. ) ;
#1363 = LINE ( 'NONE', #1316, #1986 ) ;
#1364 = DIRECTION ( 'NONE',  ( -0.000000000000000000, -1.000000000000000000, -0.000000000000000000 ) ) ;
#1365 = ADVANCED_FACE ( 'NONE', ( #5481 ), #7592, .T. ) ;
#1366 = CARTESIAN_POINT ( 'NONE',  ( 0.000000000000000000, 0.5999999999999999778, 0.000000000000000000 ) ) ;
#1367 = ORIENTED_EDGE ( 'NONE', *, *, #1131, .T. ) ;
#1368 = ORIENTED_EDGE ( 'NONE', *, *, #3445, .F. ) ;
#1369 = ORIENTED_EDGE ( 'NONE', *, *, #1688, .F. ) ;
#1370 = AXIS2_PLACEMENT_3D ( 'NONE', #8756, #8116, #516 ) ;
#1371 = DIRECTION ( 'NONE',  ( -0.7071067811865474617, 0.000000000000000000, 0.7071067811865476838 ) ) ;
#1372 = DIRECTION ( 'NONE',  ( -0.000000000000000000, -1.000000000000000000, 0.000000000000000000 ) ) ;
#1373 = LINE ( 'NONE', #7650, #3890 ) ;
#1374 = VERTEX_POINT ( 'NONE', #2083 ) ;
#1375 = EDGE_LOOP ( 'NONE', ( #367, #3780, #3520, #5170 ) ) ;
#1376 = AXIS2_PLACEMENT_3D ( 'NONE', #7949, #3113, #2436 ) ;
#1377 = VECTOR ( 'NONE', #327, 100.0000000000000142 ) ;
#1378 = PLANE ( 'NONE',  #1512 ) ;
#1379 = CARTESIAN_POINT ( 'NONE',  ( -1.727069502064252138, 0.5999999999999999778, 2.129434459435434412 ) ) ;
#1380 = EDGE_CURVE ( 'NONE', #2092, #3926, #75, .T. ) ;
#1381 = LINE ( 'NONE', #1427, #1778 ) ;
#1382 = CARTESIAN_POINT ( 'NONE',  ( -2.339055835819531470, 0.5999999999999999778, 0.5374177117645743129 ) ) ;
#1383 = VERTEX_POINT ( 'NONE', #4112 ) ;
#1384 = ORIENTED_EDGE ( 'NONE', *, *, #8556, .T. ) ;
#1385 = CIRCLE ( 'NONE', #4850, 0.1000000000000000888 ) ;
#1386 = DIRECTION ( 'NONE',  ( 0.000000000000000000, 1.000000000000000000, -0.000000000000000000 ) ) ;
#1387 = CARTESIAN_POINT ( 'NONE',  ( -0.6609787525251635820, 0.000000000000000000, 2.662660998464533080 ) ) ;
#1388 = CARTESIAN_POINT ( 'NONE',  ( -2.299215189623816880, 0.000000000000000000, 1.300976273446458498 ) ) ;
#1389 = VERTEX_POINT ( 'NONE', #6877 ) ;
#1390 = EDGE_CURVE ( 'NONE', #4881, #1058, #1819, .T. ) ;
#1391 = VECTOR ( 'NONE', #6703, 100.0000000000000000 ) ;
#1392 = DIRECTION ( 'NONE',  ( -0.6457217067881142469, 0.000000000000000000, -0.7635728369858664211 ) ) ;
#1393 = AXIS2_PLACEMENT_3D ( 'NONE', #6088, #3416, #8934 ) ;
#1394 = CARTESIAN_POINT ( 'NONE',  ( 2.579234484275324757, 0.000000000000000000, -0.6973863064759869834 ) ) ;
#1395 = DIRECTION ( 'NONE',  ( 0.000000000000000000, 0.000000000000000000, 1.000000000000000000 ) ) ;
#1396 = CIRCLE ( 'NONE', #5592, 2.050000000000000266 ) ;
#1397 = DIRECTION ( 'NONE',  ( 0.000000000000000000, 1.000000000000000000, 0.000000000000000000 ) ) ;
#1398 = CARTESIAN_POINT ( 'NONE',  ( 1.153418145417745233, 0.000000000000000000, 0.8705754329430125393 ) ) ;
#1399 = ORIENTED_EDGE ( 'NONE', *, *, #657, .F. ) ;
#1400 = CYLINDRICAL_SURFACE ( 'NONE', #2071, 2.400000000000000355 ) ;
#1401 = CARTESIAN_POINT ( 'NONE',  ( 0.000000000000000000, 0.5999999999999999778, 0.000000000000000000 ) ) ;
#1402 = ORIENTED_EDGE ( 'NONE', *, *, #5159, .T. ) ;
#1403 = CIRCLE ( 'NONE', #3998, 0.1000000000000000888 ) ;
#1404 = VECTOR ( 'NONE', #2197, 100.0000000000000000 ) ;
#1405 = EDGE_CURVE ( 'NONE', #1383, #7477, #3976, .T. ) ;
#1406 = DIRECTION ( 'NONE',  ( -0.5295578847522990351, 0.000000000000000000, 0.8482738040849021610 ) ) ;
#1407 = ORIENTED_EDGE ( 'NONE', *, *, #4145, .T. ) ;
#1408 = DIRECTION ( 'NONE',  ( 0.000000000000000000, 0.000000000000000000, 1.000000000000000000 ) ) ;
#1409 = DIRECTION ( 'NONE',  ( 0.000000000000000000, 1.000000000000000000, 0.000000000000000000 ) ) ;
#1410 = VECTOR ( 'NONE', #2481, 100.0000000000000000 ) ;
#1411 = CARTESIAN_POINT ( 'NONE',  ( -1.384188164821861466, 0.5999999999999999778, 0.5779473370187698800 ) ) ;
#1412 = EDGE_LOOP ( 'NONE', ( #768, #8087, #7335, #980 ) ) ;
#1413 = EDGE_LOOP ( 'NONE', ( #6661, #426, #3087, #4586 ) ) ;
#1414 = VECTOR ( 'NONE', #7754, 100.0000000000000142 ) ;
#1415 = AXIS2_PLACEMENT_3D ( 'NONE', #2268, #5845, #8503 ) ;
#1416 = ORIENTED_EDGE ( 'NONE', *, *, #6484, .T. ) ;
#1417 = EDGE_CURVE ( 'NONE', #724, #2632, #1385, .T. ) ;
#1418 = EDGE_CURVE ( 'NONE', #6062, #4962, #3362, .T. ) ;
#1419 = DIRECTION ( 'NONE',  ( -0.4111072935797187577, 0.000000000000000000, -0.9115869641266043377 ) ) ;
#1420 = CARTESIAN_POINT ( 'NONE',  ( -0.07076422490291250922, 0.000000000000000000, -2.398956528258462839 ) ) ;
#1421 = FACE_OUTER_BOUND ( 'NONE', #2023, .T. ) ;
#1422 = VERTEX_POINT ( 'NONE', #671 ) ;
#1423 = VERTEX_POINT ( 'NONE', #3523 ) ;
#1424 = DIRECTION ( 'NONE',  ( 0.9659258262890682012, 0.000000000000000000, -0.2588190451025209060 ) ) ;
#1425 = LINE ( 'NONE', #5408, #6323 ) ;
#1426 = PRODUCT_DEFINITION_SHAPE ( 'NONE', 'NONE',  #3813 ) ;
#1427 = CARTESIAN_POINT ( 'NONE',  ( 2.339055835819626950, 0.5999999999999999778, -0.5374177117646692370 ) ) ;
#1428 = CARTESIAN_POINT ( 'NONE',  ( 1.391627140053462997, 0.5999999999999999778, 1.955344957562864305 ) ) ;
#1429 = ORIENTED_EDGE ( 'NONE', *, *, #4273, .F. ) ;
#1430 = LINE ( 'NONE', #8940, #1218 ) ;
#1431 = LINE ( 'NONE', #7579, #3134 ) ;
#1432 = DIRECTION ( 'NONE',  ( 0.000000000000000000, 0.000000000000000000, 1.000000000000000000 ) ) ;
#1433 = ORIENTED_EDGE ( 'NONE', *, *, #8300, .F. ) ;
#1434 = DIRECTION ( 'NONE',  ( 0.000000000000000000, 0.000000000000000000, -1.000000000000000000 ) ) ;
#1435 = VERTEX_POINT ( 'NONE', #6283 ) ;
#1436 = PLANE ( 'NONE',  #1989 ) ;
#1437 = DIRECTION ( 'NONE',  ( 0.000000000000000000, 1.000000000000000000, -0.000000000000000000 ) ) ;
#1438 = EDGE_CURVE ( 'NONE', #1803, #5634, #7260, .T. ) ;
#1439 = FACE_OUTER_BOUND ( 'NONE', #5406, .T. ) ;
#1440 = DIRECTION ( 'NONE',  ( 0.000000000000000000, 1.000000000000000000, -0.000000000000000000 ) ) ;
#1441 = ORIENTED_EDGE ( 'NONE', *, *, #5930, .T. ) ;
#1442 = CARTESIAN_POINT ( 'NONE',  ( 1.273950534763518050, 0.5999999999999999778, -2.033973951400561031 ) ) ;
#1443 = DIRECTION ( 'NONE',  ( 0.000000000000000000, 0.000000000000000000, 1.000000000000000000 ) ) ;
#1444 = VERTEX_POINT ( 'NONE', #1479 ) ;
#1445 = CARTESIAN_POINT ( 'NONE',  ( -1.391627140053367073, 0.5999999999999999778, -1.955344957562958896 ) ) ;
#1446 = VERTEX_POINT ( 'NONE', #5563 ) ;
#1447 = DIRECTION ( 'NONE',  ( 0.000000000000000000, 1.000000000000000000, 0.000000000000000000 ) ) ;
#1448 = CARTESIAN_POINT ( 'NONE',  ( -2.581141827647842835, 0.000000000000000000, 0.9297114442667682166 ) ) ;
#1449 = ADVANCED_FACE ( 'NONE', ( #2166 ), #4792, .T. ) ;
#1450 = DIRECTION ( 'NONE',  ( 0.000000000000000000, 0.000000000000000000, 1.000000000000000000 ) ) ;
#1451 = EDGE_LOOP ( 'NONE', ( #987, #8731, #2728, #882 ) ) ;
#1452 = ORIENTED_EDGE ( 'NONE', *, *, #3174, .T. ) ;
#1453 = EDGE_LOOP ( 'NONE', ( #6878, #1791, #3688, #7761 ) ) ;
#1454 = AXIS2_PLACEMENT_3D ( 'NONE', #5020, #4972, #1622 ) ;
#1455 = LINE ( 'NONE', #730, #962 ) ;
#1456 = CYLINDRICAL_SURFACE ( 'NONE', #6057, 1.500000000000000000 ) ;
#1457 = AXIS2_PLACEMENT_3D ( 'NONE', #6917, #1260, #749 ) ;
#1458 = ORIENTED_EDGE ( 'NONE', *, *, #4063, .F. ) ;
#1459 = VERTEX_POINT ( 'NONE', #7549 ) ;
#1460 = ADVANCED_FACE ( 'NONE', ( #3570 ), #6333, .F. ) ;
#1461 = CARTESIAN_POINT ( 'NONE',  ( -1.995527069526024322, 0.000000000000000000, 1.333368559247054552 ) ) ;
#1462 = CARTESIAN_POINT ( 'NONE',  ( -1.232618059797795373, 0.000000000000000000, 2.336574944427812106 ) ) ;
#1463 = CARTESIAN_POINT ( 'NONE',  ( 0.2845149898690463308, 0.000000000000000000, 2.726960102849232737 ) ) ;
#1464 = DIRECTION ( 'NONE',  ( 0.000000000000000000, 1.000000000000000000, 0.000000000000000000 ) ) ;
#1465 = EDGE_CURVE ( 'NONE', #724, #8632, #4751, .T. ) ;
#1466 = ORIENTED_EDGE ( 'NONE', *, *, #573, .T. ) ;
#1467 = EDGE_CURVE ( 'NONE', #5065, #2417, #6258, .T. ) ;
#1468 = CARTESIAN_POINT ( 'NONE',  ( 0.7071067811865463515, 0.2999999999999999889, -0.7071067811865486830 ) ) ;
#1469 = DIRECTION ( 'NONE',  ( 0.000000000000000000, 1.000000000000000000, 0.000000000000000000 ) ) ;
#1470 = EDGE_LOOP ( 'NONE', ( #6619, #5799, #2371, #1130 ) ) ;
#1471 = DIRECTION ( 'NONE',  ( -0.2588190451025209060, 0.000000000000000000, -0.9659258262890682012 ) ) ;
#1472 = CYLINDRICAL_SURFACE ( 'NONE', #2845, 2.400000000000000355 ) ;
#1473 = DIRECTION ( 'NONE',  ( 0.000000000000000000, 0.000000000000000000, 1.000000000000000000 ) ) ;
#1474 = FACE_BOUND ( 'NONE', #5636, .T. ) ;
#1475 = AXIS2_PLACEMENT_3D ( 'NONE', #4849, #1419, #1011 ) ;
#1476 = DIRECTION ( 'NONE',  ( 0.000000000000000000, 0.000000000000000000, 1.000000000000000000 ) ) ;
#1477 = ORIENTED_EDGE ( 'NONE', *, *, #7676, .F. ) ;
#1478 = DIRECTION ( 'NONE',  ( 0.000000000000000000, 1.000000000000000000, 0.000000000000000000 ) ) ;
#1479 = CARTESIAN_POINT ( 'NONE',  ( -1.330667607685409815, 0.000000000000000000, 2.316920780516966261 ) ) ;
#1480 = ORIENTED_EDGE ( 'NONE', *, *, #3853, .F. ) ;
#1481 = AXIS2_PLACEMENT_3D ( 'NONE', #7179, #3104, #4460 ) ;
#1482 = AXIS2_PLACEMENT_3D ( 'NONE', #5621, #1930, #6813 ) ;
#1483 = EDGE_CURVE ( 'NONE', #5643, #6239, #5521, .T. ) ;
#1484 = EDGE_CURVE ( 'NONE', #6775, #88, #4090, .T. ) ;
#1485 = CIRCLE ( 'NONE', #1923, 2.400000000000000355 ) ;
#1486 = DIRECTION ( 'NONE',  ( 0.6848725880832606805, 0.000000000000000000, -0.7286628425356519445 ) ) ;
#1487 = ORIENTED_EDGE ( 'NONE', *, *, #7864, .T. ) ;
#1488 = CYLINDRICAL_SURFACE ( 'NONE', #7885, 0.09999999999999992228 ) ;
#1489 = FACE_OUTER_BOUND ( 'NONE', #8182, .T. ) ;
#1490 = AXIS2_PLACEMENT_3D ( 'NONE', #744, #8260, #4146 ) ;
#1491 = VECTOR ( 'NONE', #53, 100.0000000000000000 ) ;
#1492 = DIRECTION ( 'NONE',  ( 0.000000000000000000, 1.000000000000000000, 0.000000000000000000 ) ) ;
#1493 = ORIENTED_EDGE ( 'NONE', *, *, #7624, .F. ) ;
#1494 = VERTEX_POINT ( 'NONE', #4329 ) ;
#1495 = ORIENTED_EDGE ( 'NONE', *, *, #6374, .F. ) ;
#1496 = EDGE_CURVE ( 'NONE', #8026, #2937, #1485, .T. ) ;
#1497 = AXIS2_PLACEMENT_3D ( 'NONE', #2375, #3566, #1659 ) ;
#1498 = ADVANCED_FACE ( 'NONE', ( #8530 ), #7052, .T. ) ;
#1499 = CARTESIAN_POINT ( 'NONE',  ( 1.789105181557133495, 0.000000000000000000, 2.077585818039126675 ) ) ;
#1500 = CARTESIAN_POINT ( 'NONE',  ( 2.129434459435529448, 0.5999999999999999778, 1.727069502064252804 ) ) ;
#1501 = CARTESIAN_POINT ( 'NONE',  ( -1.757108023884153658, 0.5999999999999999778, 2.012801425311615766 ) ) ;
#1502 = CARTESIAN_POINT ( 'NONE',  ( 0.9273757962659440190, 0.000000000000000000, 2.505747855997265461 ) ) ;
#1503 = ORIENTED_EDGE ( 'NONE', *, *, #7635, .F. ) ;
#1504 = VERTEX_POINT ( 'NONE', #7808 ) ;
#1505 = DIRECTION ( 'NONE',  ( 0.000000000000000000, 0.000000000000000000, 1.000000000000000000 ) ) ;
#1506 = LINE ( 'NONE', #7827, #790 ) ;
#1507 = CIRCLE ( 'NONE', #8301, 0.1500000000000000500 ) ;
#1508 = DIRECTION ( 'NONE',  ( 0.8322909278351849904, 0.000000000000000000, -0.5543390762369607705 ) ) ;
#1509 = EDGE_CURVE ( 'NONE', #7100, #5914, #4953, .T. ) ;
#1510 = CARTESIAN_POINT ( 'NONE',  ( -2.641831428723966813, 0.000000000000000000, -0.7334758920361473811 ) ) ;
#1511 = VECTOR ( 'NONE', #766, 100.0000000000000000 ) ;
#1512 = AXIS2_PLACEMENT_3D ( 'NONE', #3458, #7526, #2682 ) ;
#1513 = ORIENTED_EDGE ( 'NONE', *, *, #5398, .F. ) ;
#1514 = DIRECTION ( 'NONE',  ( 0.000000000000000000, 1.000000000000000000, 0.000000000000000000 ) ) ;
#1515 = CARTESIAN_POINT ( 'NONE',  ( 0.000000000000000000, 0.5999999999999999778, 0.000000000000000000 ) ) ;
#1516 = EDGE_LOOP ( 'NONE', ( #7490, #8683, #2088, #3222 ) ) ;
#1517 = EDGE_CURVE ( 'NONE', #308, #1232, #2925, .T. ) ;
#1518 = ADVANCED_FACE ( 'NONE', ( #5827 ), #7180, .F. ) ;
#1519 = DIRECTION ( 'NONE',  ( 0.000000000000000000, 0.000000000000000000, 1.000000000000000000 ) ) ;
#1520 = AXIS2_PLACEMENT_3D ( 'NONE', #6106, #7412, #8812 ) ;
#1521 = LINE ( 'NONE', #4154, #1404 ) ;
#1522 = CARTESIAN_POINT ( 'NONE',  ( -0.7392001813109233543, 0.000000000000000000, -2.642014306544175017 ) ) ;
#1523 = DIRECTION ( 'NONE',  ( 0.000000000000000000, 0.000000000000000000, 1.000000000000000000 ) ) ;
#1524 = LINE ( 'NONE', #4281, #771 ) ;
#1525 = VERTEX_POINT ( 'NONE', #1713 ) ;
#1526 = CARTESIAN_POINT ( 'NONE',  ( 0.2446220771391517390, 0.5999999999999999778, -2.630416277254231883 ) ) ;
#1527 = DIRECTION ( 'NONE',  ( 0.000000000000000000, 0.000000000000000000, 1.000000000000000000 ) ) ;
#1528 = EDGE_LOOP ( 'NONE', ( #1636, #2597 ) ) ;
#1529 = AXIS2_PLACEMENT_3D ( 'NONE', #5907, #7077, #5181 ) ;
#1530 = VECTOR ( 'NONE', #7196, 100.0000000000000000 ) ;
#1531 = CARTESIAN_POINT ( 'NONE',  ( 0.4682167728388299532, 0.5999999999999999778, 2.353884672967729408 ) ) ;
#1532 = VECTOR ( 'NONE', #260, 99.99999999999998579 ) ;
#1533 = ORIENTED_EDGE ( 'NONE', *, *, #351, .T. ) ;
#1534 = FACE_OUTER_BOUND ( 'NONE', #4121, .T. ) ;
#1535 = CARTESIAN_POINT ( 'NONE',  ( 2.359097756358963682, 0.5999999999999999778, 1.188943870924981105 ) ) ;
#1536 = CIRCLE ( 'NONE', #7744, 0.1000000000000000888 ) ;
#1537 = CARTESIAN_POINT ( 'NONE',  ( -1.391627140053367073, 0.5999999999999999778, -1.955344957562958896 ) ) ;
#1538 = ORIENTED_EDGE ( 'NONE', *, *, #1931, .F. ) ;
#1539 = ORIENTED_EDGE ( 'NONE', *, *, #8930, .F. ) ;
#1540 = VECTOR ( 'NONE', #4005, 100.0000000000000142 ) ;
#1541 = EDGE_CURVE ( 'NONE', #5795, #8691, #2928, .T. ) ;
#1542 = VERTEX_POINT ( 'NONE', #2294 ) ;
#1543 = AXIS2_PLACEMENT_3D ( 'NONE', #4029, #6834, #6700 ) ;
#1544 = VECTOR ( 'NONE', #93, 100.0000000000000000 ) ;
#1545 = CIRCLE ( 'NONE', #7755, 0.1000000000000000888 ) ;
#1546 = CARTESIAN_POINT ( 'NONE',  ( -1.786076994180914701, 0.000000000000000000, 2.082446992096427696 ) ) ;
#1547 = DIRECTION ( 'NONE',  ( -0.000000000000000000, -1.000000000000000000, 0.000000000000000000 ) ) ;
#1548 = APPROVAL ( #3263, 'UNSPECIFIED' ) ;
#1549 = DIRECTION ( 'NONE',  ( 0.9525563147791390461, 0.000000000000000000, -0.3043623944812922644 ) ) ;
#1550 = ORIENTED_EDGE ( 'NONE', *, *, #4859, .F. ) ;
#1551 = ORIENTED_EDGE ( 'NONE', *, *, #2009, .T. ) ;
#1552 = EDGE_CURVE ( 'NONE', #946, #8500, #8397, .T. ) ;
#1553 = ORIENTED_EDGE ( 'NONE', *, *, #2895, .F. ) ;
#1554 = CYLINDRICAL_SURFACE ( 'NONE', #3215, 0.1000000000000000056 ) ;
#1555 = CARTESIAN_POINT ( 'NONE',  ( -2.508844294584582801, 0.000000000000000000, 0.9274237474220400346 ) ) ;
#1556 = CIRCLE ( 'NONE', #4009, 0.3500049999999999550 ) ;
#1557 = CARTESIAN_POINT ( 'NONE',  ( 2.398956528258497478, 0.000000000000000000, -0.07076422490302955448 ) ) ;
#1558 = DIRECTION ( 'NONE',  ( -0.2588190451025232375, 0.000000000000000000, 0.9659258262890675351 ) ) ;
#1559 = CARTESIAN_POINT ( 'NONE',  ( 1.330649513548197715, 0.5999999999999999778, -0.5636016986461896972 ) ) ;
#1560 = ORIENTED_EDGE ( 'NONE', *, *, #4583, .F. ) ;
#1561 = EDGE_CURVE ( 'NONE', #8539, #2079, #7833, .T. ) ;
#1562 = LINE ( 'NONE', #8517, #1377 ) ;
#1563 = DIRECTION ( 'NONE',  ( 0.3538925688897121558, 0.000000000000000000, -0.9352860790606477570 ) ) ;
#1564 = VERTEX_POINT ( 'NONE', #7901 ) ;
#1565 = ADVANCED_FACE ( 'NONE', ( #7768 ), #2204, .T. ) ;
#1566 = EDGE_CURVE ( 'NONE', #1435, #7032, #176, .T. ) ;
#1567 = DIRECTION ( 'NONE',  ( 0.000000000000000000, 1.000000000000000000, -0.000000000000000000 ) ) ;
#1568 = ORIENTED_EDGE ( 'NONE', *, *, #1588, .T. ) ;
#1569 = FACE_OUTER_BOUND ( 'NONE', #6060, .T. ) ;
#1570 = CARTESIAN_POINT ( 'NONE',  ( -0.1956532809641148840, 0.5999999999999999778, 2.634511253708279543 ) ) ;
#1571 = CARTESIAN_POINT ( 'NONE',  ( 0.000000000000000000, 0.000000000000000000, 0.000000000000000000 ) ) ;
#1572 = DIRECTION ( 'NONE',  ( -0.5543390762369589941, 0.000000000000000000, -0.8322909278351859896 ) ) ;
#1573 = EDGE_CURVE ( 'NONE', #2355, #1058, #7137, .T. ) ;
#1574 = ORIENTED_EDGE ( 'NONE', *, *, #5919, .F. ) ;
#1575 = CARTESIAN_POINT ( 'NONE',  ( -1.688628483116582535, 0.5999999999999999778, 2.160044913421695689 ) ) ;
#1576 = CARTESIAN_POINT ( 'NONE',  ( -0.2095652352662305540, 0.000000000000000000, -2.735459543879603661 ) ) ;
#1577 = EDGE_LOOP ( 'NONE', ( #4652, #1368, #5848, #3259 ) ) ;
#1578 = EDGE_CURVE ( 'NONE', #3450, #7256, #3745, .T. ) ;
#1579 = LINE ( 'NONE', #7855, #4805 ) ;
#1580 = CIRCLE ( 'NONE', #6640, 2.400000000000000355 ) ;
#1581 = LINE ( 'NONE', #1717, #6604 ) ;
#1582 = CARTESIAN_POINT ( 'NONE',  ( -2.627596965865283796, 0.5999999999999999778, 0.2732470260462742662 ) ) ;
#1583 = CARTESIAN_POINT ( 'NONE',  ( -2.649780135015809890, 0.5999999999999999778, -0.3427293705101477350 ) ) ;
#1584 = ORIENTED_EDGE ( 'NONE', *, *, #2704, .T. ) ;
#1585 = ADVANCED_FACE ( 'NONE', ( #255 ), #1022, .T. ) ;
#1586 = ORIENTED_EDGE ( 'NONE', *, *, #8015, .F. ) ;
#1587 = ORIENTED_EDGE ( 'NONE', *, *, #297, .F. ) ;
#1588 = EDGE_CURVE ( 'NONE', #2886, #8486, #5781, .T. ) ;
#1589 = CARTESIAN_POINT ( 'NONE',  ( -0.3986086914365977729, 0.000000000000000000, 2.366666666666620955 ) ) ;
#1590 = DIRECTION ( 'NONE',  ( 0.000000000000000000, 0.000000000000000000, 1.000000000000000000 ) ) ;
#1591 = FACE_OUTER_BOUND ( 'NONE', #8750, .T. ) ;
#1592 = EDGE_LOOP ( 'NONE', ( #4361, #423, #8773, #127 ) ) ;
#1593 = ORIENTED_EDGE ( 'NONE', *, *, #5328, .F. ) ;
#1594 = EDGE_LOOP ( 'NONE', ( #6751, #7325, #2438, #4417 ) ) ;
#1595 = CARTESIAN_POINT ( 'NONE',  ( -0.7806153992593933832, 0.5999999999999999778, -2.523800576651607397 ) ) ;
#1596 = DIRECTION ( 'NONE',  ( 0.001479967914598353433, 0.000000000000000000, -0.9999989048468862496 ) ) ;
#1597 = DIRECTION ( 'NONE',  ( 0.000000000000000000, 0.000000000000000000, 1.000000000000000000 ) ) ;
#1598 = EDGE_CURVE ( 'NONE', #7119, #6017, #6406, .T. ) ;
#1599 = AXIS2_PLACEMENT_3D ( 'NONE', #212, #8402, #984 ) ;
#1600 = DIRECTION ( 'NONE',  ( 0.000000000000000000, 1.000000000000000000, 0.000000000000000000 ) ) ;
#1601 = FACE_OUTER_BOUND ( 'NONE', #2345, .T. ) ;
#1602 = EDGE_LOOP ( 'NONE', ( #6359, #6274, #8005, #2542 ) ) ;
#1603 = FACE_OUTER_BOUND ( 'NONE', #8531, .T. ) ;
#1604 = CARTESIAN_POINT ( 'NONE',  ( 2.316920780517060852, 0.000000000000000000, 1.330667607685411591 ) ) ;
#1605 = ORIENTED_EDGE ( 'NONE', *, *, #521, .F. ) ;
#1606 = EDGE_CURVE ( 'NONE', #8441, #1333, #4229, .T. ) ;
#1607 = CARTESIAN_POINT ( 'NONE',  ( -1.415403089884388343, 0.5999999999999999778, -2.350168206146088234 ) ) ;
#1608 = CARTESIAN_POINT ( 'NONE',  ( 2.012801425311710801, 0.000000000000000000, 1.757108023884154324 ) ) ;
#1609 = LINE ( 'NONE', #8391, #732 ) ;
#1610 = DIRECTION ( 'NONE',  ( 0.000000000000000000, 0.000000000000000000, 1.000000000000000000 ) ) ;
#1611 = LINE ( 'NONE', #3692, #5679 ) ;
#1612 = ORIENTED_EDGE ( 'NONE', *, *, #1484, .F. ) ;
#1613 = ADVANCED_FACE ( 'NONE', ( #1851 ), #3156, .T. ) ;
#1614 = DIRECTION ( 'NONE',  ( 0.000000000000000000, 1.000000000000000000, 0.000000000000000000 ) ) ;
#1615 = CARTESIAN_POINT ( 'NONE',  ( 0.000000000000000000, 0.000000000000000000, 0.000000000000000000 ) ) ;
#1616 = ORIENTED_EDGE ( 'NONE', *, *, #5594, .T. ) ;
#1617 = CARTESIAN_POINT ( 'NONE',  ( 1.687011257417007970, 0.000000000000000000, 2.032959116562876645 ) ) ;
#1618 = ADVANCED_FACE ( 'NONE', ( #5238 ), #5924, .T. ) ;
#1619 = VECTOR ( 'NONE', #7254, 100.0000000000000142 ) ;
#1620 = LINE ( 'NONE', #6512, #2120 ) ;
#1621 = EDGE_CURVE ( 'NONE', #7351, #6924, #8631, .T. ) ;
#1622 = DIRECTION ( 'NONE',  ( 0.000000000000000000, 0.000000000000000000, -1.000000000000000000 ) ) ;
#1623 = CARTESIAN_POINT ( 'NONE',  ( 0.6210341264648777670, 0.000000000000000000, -2.598675585582238323 ) ) ;
#1624 = VERTEX_POINT ( 'NONE', #2469 ) ;
#1625 = ORIENTED_EDGE ( 'NONE', *, *, #2078, .F. ) ;
#1626 = ORIENTED_EDGE ( 'NONE', *, *, #2835, .F. ) ;
#1627 = AXIS2_PLACEMENT_3D ( 'NONE', #8166, #3372, #6347 ) ;
#1628 = EDGE_CURVE ( 'NONE', #5436, #1695, #7987, .T. ) ;
#1629 = CIRCLE ( 'NONE', #6691, 0.1000000000000000888 ) ;
#1630 = EDGE_CURVE ( 'NONE', #6224, #5914, #2429, .T. ) ;
#1631 = VECTOR ( 'NONE', #7498, 100.0000000000000284 ) ;
#1632 = FACE_OUTER_BOUND ( 'NONE', #1470, .T. ) ;
#1633 = DIRECTION ( 'NONE',  ( 0.000000000000000000, 0.000000000000000000, 1.000000000000000000 ) ) ;
#1634 = ORIENTED_EDGE ( 'NONE', *, *, #5465, .T. ) ;
#1635 = DIRECTION ( 'NONE',  ( 0.000000000000000000, 1.000000000000000000, -0.000000000000000000 ) ) ;
#1636 = ORIENTED_EDGE ( 'NONE', *, *, #6836, .F. ) ;
#1637 = EDGE_LOOP ( 'NONE', ( #3214, #4153, #651, #6217 ) ) ;
#1638 = ORIENTED_EDGE ( 'NONE', *, *, #4370, .T. ) ;
#1639 = DIRECTION ( 'NONE',  ( 0.000000000000000000, 0.000000000000000000, 1.000000000000000000 ) ) ;
#1640 = DIRECTION ( 'NONE',  ( 0.000000000000000000, 1.000000000000000000, 0.000000000000000000 ) ) ;
#1641 = AXIS2_PLACEMENT_3D ( 'NONE', #1398, #6199, #6874 ) ;
#1642 = CIRCLE ( 'NONE', #3368, 0.1000000000000000888 ) ;
#1643 = DIRECTION ( 'NONE',  ( 0.000000000000000000, 1.000000000000000000, 0.000000000000000000 ) ) ;
#1644 = DIRECTION ( 'NONE',  ( -0.9659258262890676461, 0.000000000000000000, -0.2588190451025232930 ) ) ;
#1645 = CIRCLE ( 'NONE', #8719, 2.400000000000000355 ) ;
#1646 = CARTESIAN_POINT ( 'NONE',  ( 1.687011257417007970, 0.000000000000000000, 2.032959116562876645 ) ) ;
#1647 = EDGE_LOOP ( 'NONE', ( #2526, #1533 ) ) ;
#1648 = CARTESIAN_POINT ( 'NONE',  ( 0.5374177117646703472, 0.000000000000000000, 2.339055835819531914 ) ) ;
#1649 = LINE ( 'NONE', #6496, #3860 ) ;
#1650 = EDGE_CURVE ( 'NONE', #1389, #4514, #3834, .T. ) ;
#1651 = ORIENTED_EDGE ( 'NONE', *, *, #697, .T. ) ;
#1652 = CYLINDRICAL_SURFACE ( 'NONE', #8848, 0.3500050000000000106 ) ;
#1653 = LINE ( 'NONE', #2286, #4419 ) ;
#1654 = CIRCLE ( 'NONE', #1948, 0.1000000000000000888 ) ;
#1655 = VERTEX_POINT ( 'NONE', #4503 ) ;
#1656 = DIRECTION ( 'NONE',  ( 0.000000000000000000, 0.000000000000000000, 1.000000000000000000 ) ) ;
#1657 = CARTESIAN_POINT ( 'NONE',  ( 1.240428078936179901, 0.5999999999999999778, 2.447037941066861233 ) ) ;
#1658 = LINE ( 'NONE', #4412, #3677 ) ;
#1659 = DIRECTION ( 'NONE',  ( 0.000000000000000000, 0.000000000000000000, -1.000000000000000000 ) ) ;
#1660 = EDGE_LOOP ( 'NONE', ( #2581, #5212, #7951, #5650 ) ) ;
#1661 = EDGE_CURVE ( 'NONE', #3827, #6187, #2781, .T. ) ;
#1662 = DIRECTION ( 'NONE',  ( 0.000000000000000000, 1.000000000000000000, -0.000000000000000000 ) ) ;
#1663 = DIRECTION ( 'NONE',  ( 0.000000000000000000, 0.000000000000000000, 1.000000000000000000 ) ) ;
#1664 = ORIENTED_EDGE ( 'NONE', *, *, #5503, .F. ) ;
#1665 = CIRCLE ( 'NONE', #4696, 0.1499999999999999667 ) ;
#1666 = FACE_OUTER_BOUND ( 'NONE', #6053, .T. ) ;
#1667 = PLANE ( 'NONE',  #3130 ) ;
#1668 = CARTESIAN_POINT ( 'NONE',  ( -0.4082915092341266039, 0.000000000000000000, -2.712923616234249380 ) ) ;
#1669 = LINE ( 'NONE', #1719, #3414 ) ;
#1670 = VERTEX_POINT ( 'NONE', #1117 ) ;
#1671 = ORIENTED_EDGE ( 'NONE', *, *, #770, .T. ) ;
#1672 = VECTOR ( 'NONE', #5719, 100.0000000000000000 ) ;
#1673 = EDGE_CURVE ( 'NONE', #7366, #4803, #321, .T. ) ;
#1674 = ORIENTED_EDGE ( 'NONE', *, *, #6182, .F. ) ;
#1675 = EDGE_CURVE ( 'NONE', #8929, #8185, #1970, .T. ) ;
#1676 = AXIS2_PLACEMENT_3D ( 'NONE', #3050, #5190, #6589 ) ;
#1677 = CARTESIAN_POINT ( 'NONE',  ( -2.012801425311599779, 0.000000000000000000, -1.757108023884285553 ) ) ;
#1678 = LINE ( 'NONE', #7194, #558 ) ;
#1679 = EDGE_LOOP ( 'NONE', ( #3983, #7376, #7012, #485 ) ) ;
#1680 = CARTESIAN_POINT ( 'NONE',  ( -2.299215189623816880, 0.5999999999999999778, 1.300976273446458498 ) ) ;
#1681 = VERTEX_POINT ( 'NONE', #6446 ) ;
#1682 = ORIENTED_EDGE ( 'NONE', *, *, #1349, .T. ) ;
#1683 = CIRCLE ( 'NONE', #3564, 2.050000000000000266 ) ;
#1684 = ORIENTED_EDGE ( 'NONE', *, *, #1879, .T. ) ;
#1685 = CARTESIAN_POINT ( 'NONE',  ( -0.2095652352662305540, 0.000000000000000000, -2.735459543879603661 ) ) ;
#1686 = CYLINDRICAL_SURFACE ( 'NONE', #1520, 2.400000000000000355 ) ;
#1687 = ADVANCED_FACE ( 'NONE', ( #1601 ), #7204, .T. ) ;
#1688 = EDGE_CURVE ( 'NONE', #3316, #1042, #7925, .T. ) ;
#1689 = AXIS2_PLACEMENT_3D ( 'NONE', #600, #5462, #6313 ) ;
#1690 = AXIS2_PLACEMENT_3D ( 'NONE', #3666, #6432, #4851 ) ;
#1691 = DIRECTION ( 'NONE',  ( 0.000000000000000000, 0.000000000000000000, 1.000000000000000000 ) ) ;
#1692 = AXIS2_PLACEMENT_3D ( 'NONE', #527, #1990, #2520 ) ;
#1693 = CARTESIAN_POINT ( 'NONE',  ( 1.646280565609026247, 0.000000000000000000, -1.746356292197642324 ) ) ;
#1694 = DIRECTION ( 'NONE',  ( 0.000000000000000000, 0.000000000000000000, 1.000000000000000000 ) ) ;
#1695 = VERTEX_POINT ( 'NONE', #2279 ) ;
#1696 = PERSON_AND_ORGANIZATION ( #6233, #4378 ) ;
#1697 = VECTOR ( 'NONE', #7594, 100.0000000000000000 ) ;
#1698 = FACE_OUTER_BOUND ( 'NONE', #2480, .T. ) ;
#1699 = DIRECTION ( 'NONE',  ( 0.000000000000000000, 0.000000000000000000, 1.000000000000000000 ) ) ;
#1700 = ADVANCED_FACE ( 'NONE', ( #190 ), #3680, .T. ) ;
#1701 = VECTOR ( 'NONE', #8066, 100.0000000000000000 ) ;
#1702 = VECTOR ( 'NONE', #2757, 100.0000000000000000 ) ;
#1703 = ORIENTED_EDGE ( 'NONE', *, *, #9, .T. ) ;
#1704 = LINE ( 'NONE', #1059, #4358 ) ;
#1705 = DIRECTION ( 'NONE',  ( 0.000000000000000000, 1.000000000000000000, -0.000000000000000000 ) ) ;
#1706 = ORIENTED_EDGE ( 'NONE', *, *, #7013, .T. ) ;
#1707 = EDGE_LOOP ( 'NONE', ( #7173, #4636, #1900, #7730 ) ) ;
#1708 = CARTESIAN_POINT ( 'NONE',  ( -1.751583428095722317, 0.000000000000000000, -2.109316400261557867 ) ) ;
#1709 = CYLINDRICAL_SURFACE ( 'NONE', #5669, 0.1000000000000000888 ) ;
#1710 = DIRECTION ( 'NONE',  ( 0.000000000000000000, 1.000000000000000000, 0.000000000000000000 ) ) ;
#1711 = FACE_OUTER_BOUND ( 'NONE', #2502, .T. ) ;
#1712 = PLANE ( 'NONE',  #1481 ) ;
#1713 = CARTESIAN_POINT ( 'NONE',  ( -1.631331240123580884, 0.000000000000000000, -2.116023764122654693 ) ) ;
#1714 = ORIENTED_EDGE ( 'NONE', *, *, #152, .T. ) ;
#1715 = LINE ( 'NONE', #7006, #4225 ) ;
#1716 = ADVANCED_FACE ( 'NONE', ( #7792 ), #958, .F. ) ;
#1717 = CARTESIAN_POINT ( 'NONE',  ( 2.158023279829201613, 0.5999999999999999778, -1.693987021127888681 ) ) ;
#1718 = DIRECTION ( 'NONE',  ( -0.000000000000000000, -1.000000000000000000, -0.000000000000000000 ) ) ;
#1719 = CARTESIAN_POINT ( 'NONE',  ( -1.629620990999919972, 0.000000000000000000, 2.207032380760702850 ) ) ;
#1720 = ORIENTED_EDGE ( 'NONE', *, *, #5644, .T. ) ;
#1721 = VERTEX_POINT ( 'NONE', #5766 ) ;
#1722 = EDGE_LOOP ( 'NONE', ( #2939, #4596, #620, #191 ) ) ;
#1723 = AXIS2_PLACEMENT_3D ( 'NONE', #1140, #6037, #8693 ) ;
#1724 = EDGE_CURVE ( 'NONE', #375, #4369, #2409, .T. ) ;
#1725 = LINE ( 'NONE', #7865, #7471 ) ;
#1726 = DIRECTION ( 'NONE',  ( 0.000000000000000000, 1.000000000000000000, -0.000000000000000000 ) ) ;
#1727 = ORIENTED_EDGE ( 'NONE', *, *, #1216, .F. ) ;
#1728 = CARTESIAN_POINT ( 'NONE',  ( 1.687011257417007970, 0.000000000000000000, 2.032959116562876645 ) ) ;
#1729 = ORIENTED_EDGE ( 'NONE', *, *, #7702, .F. ) ;
#1730 = EDGE_LOOP ( 'NONE', ( #1086, #5317, #8937, #5454 ) ) ;
#1731 = ORIENTED_EDGE ( 'NONE', *, *, #1941, .F. ) ;
#1732 = CARTESIAN_POINT ( 'NONE',  ( 2.001228534340635523, 0.000000000000000000, -1.724533010878321226 ) ) ;
#1733 = CARTESIAN_POINT ( 'NONE',  ( 2.579234484275324757, 0.5999999999999999778, -0.6973863064759869834 ) ) ;
#1734 = DIRECTION ( 'NONE',  ( 3.469446951953611033E-15, 0.000000000000000000, 1.000000000000000000 ) ) ;
#1735 = CARTESIAN_POINT ( 'NONE',  ( 0.7806153992595061819, 0.000000000000000000, 2.523800576651533678 ) ) ;
#1736 = DIRECTION ( 'NONE',  ( 0.000000000000000000, 0.000000000000000000, -1.000000000000000000 ) ) ;
#1737 = ADVANCED_FACE ( 'NONE', ( #3136, #2318 ), #5126, .T. ) ;
#1738 = ORIENTED_EDGE ( 'NONE', *, *, #2085, .T. ) ;
#1739 = DIRECTION ( 'NONE',  ( 0.000000000000000000, 1.000000000000000000, 0.000000000000000000 ) ) ;
#1740 = CARTESIAN_POINT ( 'NONE',  ( -1.487715782862877978, 0.5999999999999999778, 0.1915770065031124070 ) ) ;
#1741 = EDGE_LOOP ( 'NONE', ( #4597, #3928, #7927, #2182 ) ) ;
#1742 = VECTOR ( 'NONE', #3615, 100.0000000000000000 ) ;
#1743 = LINE ( 'NONE', #4493, #7114 ) ;
#1744 = FACE_OUTER_BOUND ( 'NONE', #6336, .T. ) ;
#1745 = EDGE_CURVE ( 'NONE', #894, #3672, #6298, .T. ) ;
#1746 = VERTEX_POINT ( 'NONE', #7834 ) ;
#1747 = EDGE_CURVE ( 'NONE', #4846, #701, #7118, .T. ) ;
#1748 = ORIENTED_EDGE ( 'NONE', *, *, #2572, .T. ) ;
#1749 = LINE ( 'NONE', #6545, #6171 ) ;
#1750 = DIRECTION ( 'NONE',  ( 0.000000000000000000, 0.000000000000000000, 1.000000000000000000 ) ) ;
#1751 = CIRCLE ( 'NONE', #3768, 2.400000000000000355 ) ;
#1752 = CARTESIAN_POINT ( 'NONE',  ( -1.301232448388041529, 0.5999999999999999778, -1.584075160862660869 ) ) ;
#1753 = CARTESIAN_POINT ( 'NONE',  ( 0.000000000000000000, 0.5999999999999999778, 0.000000000000000000 ) ) ;
#1754 = CARTESIAN_POINT ( 'NONE',  ( 1.240428078936179901, 0.000000000000000000, 2.447037941066861233 ) ) ;
#1755 = DIRECTION ( 'NONE',  ( 0.000000000000000000, 0.000000000000000000, 1.000000000000000000 ) ) ;
#1756 = VERTEX_POINT ( 'NONE', #8514 ) ;
#1757 = VECTOR ( 'NONE', #138, 100.0000000000000000 ) ;
#1758 = CARTESIAN_POINT ( 'NONE',  ( 2.189266539367835218, 0.000000000000000000, -0.9834185373505203165 ) ) ;
#1759 = CARTESIAN_POINT ( 'NONE',  ( 2.390879693008614471, 0.5999999999999999778, 1.345492771289868772 ) ) ;
#1760 = DIRECTION ( 'NONE',  ( -0.000000000000000000, -1.000000000000000000, 0.000000000000000000 ) ) ;
#1761 = DIRECTION ( 'NONE',  ( -0.000000000000000000, -1.000000000000000000, 0.000000000000000000 ) ) ;
#1762 = FACE_OUTER_BOUND ( 'NONE', #305, .T. ) ;
#1763 = VERTEX_POINT ( 'NONE', #916 ) ;
#1764 = ORIENTED_EDGE ( 'NONE', *, *, #641, .T. ) ;
#1765 = ADVANCED_FACE ( 'NONE', ( #7163 ), #237, .T. ) ;
#1766 = EDGE_CURVE ( 'NONE', #6770, #5573, #8559, .T. ) ;
#1767 = CIRCLE ( 'NONE', #8121, 0.1000000000000000888 ) ;
#1768 = FACE_OUTER_BOUND ( 'NONE', #7694, .T. ) ;
#1769 = CARTESIAN_POINT ( 'NONE',  ( 1.153418145417745233, 0.000000000000000000, 0.8705754329430125393 ) ) ;
#1770 = ORIENTED_EDGE ( 'NONE', *, *, #7976, .F. ) ;
#1771 = AXIS2_PLACEMENT_3D ( 'NONE', #3605, #2966, #7307 ) ;
#1772 = CARTESIAN_POINT ( 'NONE',  ( 2.581141827647937870, 0.000000000000000000, -0.9297114442668632517 ) ) ;
#1773 = ORIENTED_EDGE ( 'NONE', *, *, #726, .F. ) ;
#1774 = ORIENTED_EDGE ( 'NONE', *, *, #7551, .F. ) ;
#1775 = EDGE_CURVE ( 'NONE', #8691, #1542, #6531, .T. ) ;
#1776 = ORIENTED_EDGE ( 'NONE', *, *, #5512, .T. ) ;
#1777 = LINE ( 'NONE', #532, #3944 ) ;
#1778 = VECTOR ( 'NONE', #1508, 100.0000000000000000 ) ;
#1779 = EDGE_CURVE ( 'NONE', #3230, #6368, #3086, .T. ) ;
#1780 = AXIS2_PLACEMENT_3D ( 'NONE', #3973, #2082, #8230 ) ;
#1781 = VECTOR ( 'NONE', #4644, 100.0000000000000000 ) ;
#1782 = FACE_OUTER_BOUND ( 'NONE', #2791, .T. ) ;
#1783 = VECTOR ( 'NONE', #884, 100.0000000000000000 ) ;
#1784 = CARTESIAN_POINT ( 'NONE',  ( 2.630416277254280732, 0.5999999999999999778, 0.2446220771390327231 ) ) ;
#1785 = AXIS2_PLACEMENT_3D ( 'NONE', #7151, #1547, #7066 ) ;
#1786 = VERTEX_POINT ( 'NONE', #6399 ) ;
#1787 = VECTOR ( 'NONE', #5097, 100.0000000000000000 ) ;
#1788 = AXIS2_PLACEMENT_3D ( 'NONE', #8510, #6527, #7872 ) ;
#1789 = DIRECTION ( 'NONE',  ( -0.000000000000000000, 1.000000000000000000, -0.000000000000000000 ) ) ;
#1790 = CARTESIAN_POINT ( 'NONE',  ( -2.581141827647842835, 0.000000000000000000, 0.9297114442667682166 ) ) ;
#1791 = ORIENTED_EDGE ( 'NONE', *, *, #5930, .F. ) ;
#1792 = EDGE_CURVE ( 'NONE', #8079, #7164, #8472, .T. ) ;
#1793 = DIRECTION ( 'NONE',  ( 0.000000000000000000, 1.000000000000000000, 0.000000000000000000 ) ) ;
#1794 = DIRECTION ( 'NONE',  ( -0.000000000000000000, -1.000000000000000000, -0.000000000000000000 ) ) ;
#1795 = VERTEX_POINT ( 'NONE', #6580 ) ;
#1796 = EDGE_LOOP ( 'NONE', ( #8239, #7238, #929, #8000 ) ) ;
#1797 = CARTESIAN_POINT ( 'NONE',  ( 2.032959116562972124, 0.000000000000000000, -1.687011257417006416 ) ) ;
#1798 = DIRECTION ( 'NONE',  ( 0.000000000000000000, 0.000000000000000000, 1.000000000000000000 ) ) ;
#1799 = DIRECTION ( 'NONE',  ( 0.000000000000000000, 1.000000000000000000, 0.000000000000000000 ) ) ;
#1800 = CARTESIAN_POINT ( 'NONE',  ( -2.642014306544101299, 0.000000000000000000, 0.7392001813109403408 ) ) ;
#1801 = CARTESIAN_POINT ( 'NONE',  ( -2.508844294584582801, 0.000000000000000000, 0.8274237474220399458 ) ) ;
#1802 = DIRECTION ( 'NONE',  ( -0.000000000000000000, -1.000000000000000000, -0.000000000000000000 ) ) ;
#1803 = VERTEX_POINT ( 'NONE', #374 ) ;
#1804 = EDGE_CURVE ( 'NONE', #334, #4068, #2822, .T. ) ;
#1805 = EDGE_CURVE ( 'NONE', #5073, #3304, #8062, .T. ) ;
#1806 = AXIS2_PLACEMENT_3D ( 'NONE', #4012, #5417, #5959 ) ;
#1807 = DIRECTION ( 'NONE',  ( 0.000000000000000000, 1.000000000000000000, 0.000000000000000000 ) ) ;
#1808 = CARTESIAN_POINT ( 'NONE',  ( 1.188943870925076585, 0.5999999999999999778, -2.359097756358962350 ) ) ;
#1809 = DIRECTION ( 'NONE',  ( 0.000000000000000000, 1.000000000000000000, -0.000000000000000000 ) ) ;
#1810 = CIRCLE ( 'NONE', #6304, 0.1000000000000000888 ) ;
#1811 = DIRECTION ( 'NONE',  ( -0.8322909278351855455, 0.000000000000000000, 0.5543390762369597713 ) ) ;
#1812 = CARTESIAN_POINT ( 'NONE',  ( 0.2732470260463688572, 0.000000000000000000, 2.627596965865284684 ) ) ;
#1813 = ORIENTED_EDGE ( 'NONE', *, *, #129, .T. ) ;
#1814 = EDGE_LOOP ( 'NONE', ( #4164, #4713, #6415, #8651 ) ) ;
#1815 = VERTEX_POINT ( 'NONE', #7966 ) ;
#1816 = DIRECTION ( 'NONE',  ( 0.000000000000000000, 1.000000000000000000, -0.000000000000000000 ) ) ;
#1817 = CARTESIAN_POINT ( 'NONE',  ( -2.390879693008521656, 0.5999999999999999778, -1.345492771290010880 ) ) ;
#1818 = ORIENTED_EDGE ( 'NONE', *, *, #1301, .T. ) ;
#1819 = CIRCLE ( 'NONE', #6879, 0.1000000000000000888 ) ;
#1820 = DIRECTION ( 'NONE',  ( 0.000000000000000000, 1.000000000000000000, -0.000000000000000000 ) ) ;
#1821 = VERTEX_POINT ( 'NONE', #1915 ) ;
#1822 = ORIENTED_EDGE ( 'NONE', *, *, #8915, .F. ) ;
#1823 = ORIENTED_EDGE ( 'NONE', *, *, #2568, .T. ) ;
#1824 = AXIS2_PLACEMENT_3D ( 'NONE', #7822, #3626, #3421 ) ;
#1825 = VECTOR ( 'NONE', #3778, 100.0000000000000142 ) ;
#1826 = DIRECTION ( 'NONE',  ( 0.000000000000000000, 0.000000000000000000, 1.000000000000000000 ) ) ;
#1827 = VECTOR ( 'NONE', #4206, 100.0000000000000142 ) ;
#1828 = DIRECTION ( 'NONE',  ( 0.000000000000000000, 1.000000000000000000, -0.000000000000000000 ) ) ;
#1829 = EDGE_CURVE ( 'NONE', #7916, #894, #3177, .T. ) ;
#1830 = ORIENTED_EDGE ( 'NONE', *, *, #6143, .F. ) ;
#1831 = AXIS2_PLACEMENT_3D ( 'NONE', #7306, #1929, #5917 ) ;
#1832 = ORIENTED_EDGE ( 'NONE', *, *, #6788, .F. ) ;
#1833 = DIRECTION ( 'NONE',  ( 0.000000000000000000, 1.000000000000000000, 0.000000000000000000 ) ) ;
#1834 = DIRECTION ( 'NONE',  ( -0.000000000000000000, -1.000000000000000000, -0.000000000000000000 ) ) ;
#1835 = VECTOR ( 'NONE', #188, 100.0000000000000000 ) ;
#1836 = ORIENTED_EDGE ( 'NONE', *, *, #6205, .F. ) ;
#1837 = AXIS2_PLACEMENT_3D ( 'NONE', #6161, #3207, #8913 ) ;
#1838 = LINE ( 'NONE', #383, #751 ) ;
#1839 = DIRECTION ( 'NONE',  ( 0.000000000000000000, 1.000000000000000000, 0.000000000000000000 ) ) ;
#1840 = ORIENTED_EDGE ( 'NONE', *, *, #6195, .T. ) ;
#1841 = EDGE_CURVE ( 'NONE', #5758, #8632, #7267, .T. ) ;
#1842 = AXIS2_PLACEMENT_3D ( 'NONE', #3981, #8870, #2003 ) ;
#1843 = VERTEX_POINT ( 'NONE', #6799 ) ;
#1844 = VECTOR ( 'NONE', #7235, 100.0000000000000142 ) ;
#1845 = CARTESIAN_POINT ( 'NONE',  ( 0.5374177117646703472, 0.5999999999999999778, 2.339055835819531914 ) ) ;
#1846 = DIRECTION ( 'NONE',  ( 0.9659258262890677571, -0.000000000000000000, 0.2588190451025230154 ) ) ;
#1847 = ADVANCED_FACE ( 'NONE', ( #1963 ), #3862, .T. ) ;
#1848 = CARTESIAN_POINT ( 'NONE',  ( -1.955344957562863639, 0.5999999999999999778, 1.391627140053368183 ) ) ;
#1849 = DIRECTION ( 'NONE',  ( 0.000000000000000000, 1.000000000000000000, -0.000000000000000000 ) ) ;
#1850 = CARTESIAN_POINT ( 'NONE',  ( 0.7071067811865463515, 0.000000000000000000, 0.5571067811865486608 ) ) ;
#1851 = FACE_OUTER_BOUND ( 'NONE', #6040, .T. ) ;
#1852 = ORIENTED_EDGE ( 'NONE', *, *, #43, .T. ) ;
#1853 = CIRCLE ( 'NONE', #2276, 0.6750000000000000444 ) ;
#1854 = CARTESIAN_POINT ( 'NONE',  ( 0.7071067811865463515, 0.5999999999999999778, 0.3571017811865486724 ) ) ;
#1855 = DIRECTION ( 'NONE',  ( -0.000000000000000000, -1.000000000000000000, 0.000000000000000000 ) ) ;
#1856 = DIRECTION ( 'NONE',  ( 0.000000000000000000, 0.000000000000000000, -1.000000000000000000 ) ) ;
#1857 = EDGE_CURVE ( 'NONE', #2417, #5984, #3264, .T. ) ;
#1858 = CARTESIAN_POINT ( 'NONE',  ( -0.8274237474220257349, 0.000000000000000000, -2.508844294584655632 ) ) ;
#1859 = EDGE_LOOP ( 'NONE', ( #3006, #3720, #3568, #7825 ) ) ;
#1860 = ORIENTED_EDGE ( 'NONE', *, *, #2185, .F. ) ;
#1861 = ORIENTED_EDGE ( 'NONE', *, *, #509, .T. ) ;
#1862 = ORIENTED_EDGE ( 'NONE', *, *, #415, .T. ) ;
#1863 = EDGE_CURVE ( 'NONE', #3399, #4924, #6123, .T. ) ;
#1864 = CYLINDRICAL_SURFACE ( 'NONE', #8771, 0.3500049999999999550 ) ;
#1865 = CYLINDRICAL_SURFACE ( 'NONE', #2857, 1.500000000000000000 ) ;
#1866 = ORIENTED_EDGE ( 'NONE', *, *, #1804, .F. ) ;
#1867 = ADVANCED_FACE ( 'NONE', ( #8786 ), #1230, .T. ) ;
#1868 = CARTESIAN_POINT ( 'NONE',  ( 2.022465555004995252, 0.000000000000000000, -0.3348627761014013604 ) ) ;
#1869 = ORIENTED_EDGE ( 'NONE', *, *, #7733, .F. ) ;
#1870 = ORIENTED_EDGE ( 'NONE', *, *, #8676, .T. ) ;
#1871 = ORIENTED_EDGE ( 'NONE', *, *, #1517, .T. ) ;
#1872 = CARTESIAN_POINT ( 'NONE',  ( 2.523800576651628713, 0.5999999999999999778, -0.7806153992595054047 ) ) ;
#1873 = DIRECTION ( 'NONE',  ( -1.734723475976805517E-15, 0.000000000000000000, 1.000000000000000000 ) ) ;
#1874 = ORIENTED_EDGE ( 'NONE', *, *, #1122, .F. ) ;
#1875 = VERTEX_POINT ( 'NONE', #5989 ) ;
#1876 = DIRECTION ( 'NONE',  ( 0.000000000000000000, 0.000000000000000000, 1.000000000000000000 ) ) ;
#1877 = PLANE ( 'NONE',  #535 ) ;
#1878 = ORIENTED_EDGE ( 'NONE', *, *, #6061, .F. ) ;
#1879 = EDGE_CURVE ( 'NONE', #1918, #7358, #7924, .T. ) ;
#1880 = EDGE_CURVE ( 'NONE', #7935, #2254, #849, .T. ) ;
#1881 = LINE ( 'NONE', #3956, #5672 ) ;
#1882 = DIRECTION ( 'NONE',  ( 0.000000000000000000, 0.000000000000000000, 1.000000000000000000 ) ) ;
#1883 = ORIENTED_EDGE ( 'NONE', *, *, #8274, .F. ) ;
#1884 = ORIENTED_EDGE ( 'NONE', *, *, #7230, .T. ) ;
#1885 = CARTESIAN_POINT ( 'NONE',  ( -0.9834185373504160665, 0.000000000000000000, -2.189266539367825448 ) ) ;
#1886 = DIRECTION ( 'NONE',  ( 0.3840503253332221978, 0.000000000000000000, -0.9233121615203854216 ) ) ;
#1887 = DIRECTION ( 'NONE',  ( 0.000000000000000000, 0.000000000000000000, 1.000000000000000000 ) ) ;
#1888 = FACE_OUTER_BOUND ( 'NONE', #7778, .T. ) ;
#1889 = AXIS2_PLACEMENT_3D ( 'NONE', #8497, #5747, #7058 ) ;
#1890 = DIRECTION ( 'NONE',  ( 0.9965217285917835621, -0.000000000000000000, 0.08333333333332945680 ) ) ;
#1891 = ORIENTED_EDGE ( 'NONE', *, *, #8853, .F. ) ;
#1892 = EDGE_CURVE ( 'NONE', #2736, #3987, #8739, .T. ) ;
#1893 = CARTESIAN_POINT ( 'NONE',  ( 1.629620991000016339, 0.5999999999999999778, -2.207032380760796553 ) ) ;
#1894 = AXIS2_PLACEMENT_3D ( 'NONE', #3517, #1348, #6278 ) ;
#1895 = CARTESIAN_POINT ( 'NONE',  ( -0.9097684458441224198, 0.5999999999999999778, -1.192611158318741538 ) ) ;
#1896 = CARTESIAN_POINT ( 'NONE',  ( 0.6210341264648777670, 0.5999999999999999778, -2.598675585582238323 ) ) ;
#1897 = DIRECTION ( 'NONE',  ( 0.000000000000000000, 0.000000000000000000, 1.000000000000000000 ) ) ;
#1898 = ORIENTED_EDGE ( 'NONE', *, *, #5512, .F. ) ;
#1899 = DIRECTION ( 'NONE',  ( -0.000000000000000000, -1.000000000000000000, 0.000000000000000000 ) ) ;
#1900 = ORIENTED_EDGE ( 'NONE', *, *, #5644, .F. ) ;
#1901 = EDGE_CURVE ( 'NONE', #4893, #119, #5265, .T. ) ;
#1902 = DIRECTION ( 'NONE',  ( 0.000000000000000000, 0.000000000000000000, 1.000000000000000000 ) ) ;
#1903 = ORIENTED_EDGE ( 'NONE', *, *, #2583, .T. ) ;
#1904 = CYLINDRICAL_SURFACE ( 'NONE', #1837, 0.1000000000000000056 ) ;
#1905 = CARTESIAN_POINT ( 'NONE',  ( -2.336574944427815659, 0.5999999999999999778, -1.232618059797938814 ) ) ;
#1906 = EDGE_LOOP ( 'NONE', ( #4308, #7352, #3618, #8813 ) ) ;
#1907 = FACE_OUTER_BOUND ( 'NONE', #3716, .T. ) ;
#1908 = ORIENTED_EDGE ( 'NONE', *, *, #3830, .T. ) ;
#1909 = ORIENTED_EDGE ( 'NONE', *, *, #43, .F. ) ;
#1910 = ORIENTED_EDGE ( 'NONE', *, *, #841, .F. ) ;
#1911 = EDGE_CURVE ( 'NONE', #2574, #4438, #6349, .T. ) ;
#1912 = ADVANCED_FACE ( 'NONE', ( #3353 ), #4534, .T. ) ;
#1913 = CARTESIAN_POINT ( 'NONE',  ( -0.7071067811865462405, 0.2999999999999999889, 0.7071067811865487940 ) ) ;
#1914 = DIRECTION ( 'NONE',  ( -0.9965217285917835621, 0.000000000000000000, -0.08333333333332929027 ) ) ;
#1915 = CARTESIAN_POINT ( 'NONE',  ( 0.7334758920361070800, 0.5999999999999999778, -2.641831428724034314 ) ) ;
#1916 = CIRCLE ( 'NONE', #5532, 2.400000000000000355 ) ;
#1917 = ORIENTED_EDGE ( 'NONE', *, *, #3514, .T. ) ;
#1918 = VERTEX_POINT ( 'NONE', #7292 ) ;
#1919 = DIRECTION ( 'NONE',  ( -0.000000000000000000, -1.000000000000000000, -0.000000000000000000 ) ) ;
#1920 = CARTESIAN_POINT ( 'NONE',  ( -0.3348627761012806237, 0.5999999999999999778, 2.022465555005015236 ) ) ;
#1921 = ORIENTED_EDGE ( 'NONE', *, *, #5975, .F. ) ;
#1922 = CIRCLE ( 'NONE', #3359, 2.400000000000000355 ) ;
#1923 = AXIS2_PLACEMENT_3D ( 'NONE', #1615, #6370, #1663 ) ;
#1924 = CYLINDRICAL_SURFACE ( 'NONE', #1024, 0.1000000000000000056 ) ;
#1925 = CARTESIAN_POINT ( 'NONE',  ( 2.604099926062591663, 0.000000000000000000, -0.8578599868702639908 ) ) ;
#1926 = ORIENTED_EDGE ( 'NONE', *, *, #1312, .T. ) ;
#1927 = CIRCLE ( 'NONE', #2215, 2.050000000000000266 ) ;
#1928 = ORIENTED_EDGE ( 'NONE', *, *, #7944, .T. ) ;
#1929 = DIRECTION ( 'NONE',  ( 0.000000000000000000, 1.000000000000000000, 0.000000000000000000 ) ) ;
#1930 = DIRECTION ( 'NONE',  ( -0.000000000000000000, -1.000000000000000000, -0.000000000000000000 ) ) ;
#1931 = EDGE_CURVE ( 'NONE', #4514, #8869, #2440, .T. ) ;
#1932 = CARTESIAN_POINT ( 'NONE',  ( -1.330667607685409815, 0.000000000000000000, 2.316920780516966261 ) ) ;
#1933 = DIRECTION ( 'NONE',  ( -0.000000000000000000, -1.000000000000000000, 0.000000000000000000 ) ) ;
#1934 = LINE ( 'NONE', #4781, #4095 ) ;
#1935 = VERTEX_POINT ( 'NONE', #5314 ) ;
#1936 = CIRCLE ( 'NONE', #3812, 0.1000000000000000888 ) ;
#1937 = DIRECTION ( 'NONE',  ( -0.000000000000000000, -1.000000000000000000, -0.000000000000000000 ) ) ;
#1938 = CC_DESIGN_PERSON_AND_ORGANIZATION_ASSIGNMENT ( #4624, #7566, ( #3449 ) ) ;
#1939 = LINE ( 'NONE', #4557, #235 ) ;
#1940 = CARTESIAN_POINT ( 'NONE',  ( -0.5374177117645578816, 0.000000000000000000, -2.339055835819605633 ) ) ;
#1941 = EDGE_CURVE ( 'NONE', #5982, #2002, #7640, .T. ) ;
#1942 = LINE ( 'NONE', #483, #1096 ) ;
#1943 = ORIENTED_EDGE ( 'NONE', *, *, #6710, .F. ) ;
#1944 = EDGE_LOOP ( 'NONE', ( #365, #4023, #5133, #3807 ) ) ;
#1945 = DIRECTION ( 'NONE',  ( -0.000000000000000000, -1.000000000000000000, -0.000000000000000000 ) ) ;
#1946 = DIRECTION ( 'NONE',  ( 0.000000000000000000, 1.000000000000000000, -0.000000000000000000 ) ) ;
#1947 = VERTEX_POINT ( 'NONE', #6625 ) ;
#1948 = AXIS2_PLACEMENT_3D ( 'NONE', #6227, #4778, #4866 ) ;
#1949 = CARTESIAN_POINT ( 'NONE',  ( -2.386702695097973947, 0.000000000000000000, 1.349411140906887629 ) ) ;
#1950 = ORIENTED_EDGE ( 'NONE', *, *, #1289, .T. ) ;
#1951 = VECTOR ( 'NONE', #7436, 100.0000000000000000 ) ;
#1952 = CARTESIAN_POINT ( 'NONE',  ( -0.5636016986460542499, 0.000000000000000000, 1.330649513548161966 ) ) ;
#1953 = LINE ( 'NONE', #1817, #536 ) ;
#1954 = ORIENTED_EDGE ( 'NONE', *, *, #8481, .F. ) ;
#1955 = ADVANCED_FACE ( 'NONE', ( #4625 ), #6709, .F. ) ;
#1956 = LINE ( 'NONE', #5488, #6163 ) ;
#1957 = ORIENTED_EDGE ( 'NONE', *, *, #6477, .T. ) ;
#1958 = ORIENTED_EDGE ( 'NONE', *, *, #6087, .T. ) ;
#1959 = EDGE_CURVE ( 'NONE', #3304, #4612, #5197, .T. ) ;
#1960 = AXIS2_PLACEMENT_3D ( 'NONE', #4236, #7632, #5686 ) ;
#1961 = CARTESIAN_POINT ( 'NONE',  ( 0.3427293705101727150, 0.5999999999999999778, -2.649780135015856519 ) ) ;
#1962 = DIRECTION ( 'NONE',  ( -0.2588190451025232375, -0.000000000000000000, 0.9659258262890675351 ) ) ;
#1963 = FACE_OUTER_BOUND ( 'NONE', #3808, .T. ) ;
#1964 = EDGE_CURVE ( 'NONE', #4096, #5942, #1291, .T. ) ;
#1965 = ORIENTED_EDGE ( 'NONE', *, *, #4795, .F. ) ;
#1966 = VERTEX_POINT ( 'NONE', #1500 ) ;
#1967 = EDGE_CURVE ( 'NONE', #4096, #3827, #5922, .T. ) ;
#1968 = LINE ( 'NONE', #8108, #3395 ) ;
#1969 = LINE ( 'NONE', #8211, #828 ) ;
#1970 = CIRCLE ( 'NONE', #5575, 2.400000000000000355 ) ;
#1971 = AXIS2_PLACEMENT_3D ( 'NONE', #225, #4257, #8938 ) ;
#1972 = AXIS2_PLACEMENT_3D ( 'NONE', #5428, #3291, #4788 ) ;
#1973 = CARTESIAN_POINT ( 'NONE',  ( 1.487715782862867764, 0.5999999999999999778, -0.1915770065031913993 ) ) ;
#1974 = DIRECTION ( 'NONE',  ( 0.000000000000000000, 0.000000000000000000, 1.000000000000000000 ) ) ;
#1975 = ORIENTED_EDGE ( 'NONE', *, *, #1362, .T. ) ;
#1976 = CIRCLE ( 'NONE', #4140, 0.1000000000000000888 ) ;
#1977 = ADVANCED_FACE ( 'NONE', ( #5495 ), #8245, .T. ) ;
#1978 = VECTOR ( 'NONE', #4232, 100.0000000000000142 ) ;
#1979 = ORIENTED_EDGE ( 'NONE', *, *, #628, .F. ) ;
#1980 = CARTESIAN_POINT ( 'NONE',  ( -0.7071067811865462405, 0.000000000000000000, 0.8571067811865488162 ) ) ;
#1981 = EDGE_CURVE ( 'NONE', #1030, #8294, #2019, .T. ) ;
#1982 = FACE_OUTER_BOUND ( 'NONE', #1602, .T. ) ;
#1983 = DIRECTION ( 'NONE',  ( 0.000000000000000000, 1.000000000000000000, 0.000000000000000000 ) ) ;
#1984 = FACE_OUTER_BOUND ( 'NONE', #7388, .T. ) ;
#1985 = ORIENTED_EDGE ( 'NONE', *, *, #8189, .T. ) ;
#1986 = VECTOR ( 'NONE', #8236, 100.0000000000000000 ) ;
#1987 = DIRECTION ( 'NONE',  ( 0.000000000000000000, 1.000000000000000000, -0.000000000000000000 ) ) ;
#1988 = VECTOR ( 'NONE', #5861, 100.0000000000000142 ) ;
#1989 = AXIS2_PLACEMENT_3D ( 'NONE', #7045, #839, #748 ) ;
#1990 = DIRECTION ( 'NONE',  ( -0.000000000000000000, -1.000000000000000000, -0.000000000000000000 ) ) ;
#1991 = CARTESIAN_POINT ( 'NONE',  ( 1.300976273446553533, 0.5999999999999999778, 2.299215189623817768 ) ) ;
#1992 = LINE ( 'NONE', #5338, #5000 ) ;
#1993 = LINE ( 'NONE', #2790, #8868 ) ;
#1994 = ORIENTED_EDGE ( 'NONE', *, *, #1964, .T. ) ;
#1995 = CARTESIAN_POINT ( 'NONE',  ( 1.384188164821842815, 0.5999999999999999778, -0.5779473370188143999 ) ) ;
#1996 = CARTESIAN_POINT ( 'NONE',  ( -1.688628483116582535, 0.000000000000000000, 2.160044913421695689 ) ) ;
#1997 = VERTEX_POINT ( 'NONE', #4807 ) ;
#1998 = CIRCLE ( 'NONE', #7042, 0.1000000000000000888 ) ;
#1999 = CIRCLE ( 'NONE', #829, 2.400000000000000355 ) ;
#2000 = EDGE_CURVE ( 'NONE', #2827, #5779, #2733, .T. ) ;
#2001 = CARTESIAN_POINT ( 'NONE',  ( -2.726960102849231848, 0.000000000000000000, 0.2845149898689516843 ) ) ;
#2002 = VERTEX_POINT ( 'NONE', #5578 ) ;
#2003 = DIRECTION ( 'NONE',  ( 8.673617379884027583E-16, 0.000000000000000000, 1.000000000000000000 ) ) ;
#2004 = LINE ( 'NONE', #8367, #6324 ) ;
#2005 = LINE ( 'NONE', #8822, #663 ) ;
#2006 = VERTEX_POINT ( 'NONE', #4852 ) ;
#2007 = ORIENTED_EDGE ( 'NONE', *, *, #264, .F. ) ;
#2008 = ORIENTED_EDGE ( 'NONE', *, *, #2105, .T. ) ;
#2009 = EDGE_CURVE ( 'NONE', #7099, #5760, #1580, .T. ) ;
#2010 = CARTESIAN_POINT ( 'NONE',  ( 0.000000000000000000, 0.5999999999999999778, 0.000000000000000000 ) ) ;
#2011 = CARTESIAN_POINT ( 'NONE',  ( 0.1772313681304959754, 0.5999999999999999778, -1.434177131589196463 ) ) ;
#2012 = LINE ( 'NONE', #731, #7786 ) ;
#2013 = VERTEX_POINT ( 'NONE', #2860 ) ;
#2014 = EDGE_CURVE ( 'NONE', #5187, #6963, #2012, .T. ) ;
#2015 = ORIENTED_EDGE ( 'NONE', *, *, #6382, .T. ) ;
#2016 = CARTESIAN_POINT ( 'NONE',  ( 0.2732470260463688572, 0.5999999999999999778, 2.727596965865284773 ) ) ;
#2017 = DIRECTION ( 'NONE',  ( 0.000000000000000000, 1.000000000000000000, -0.000000000000000000 ) ) ;
#2018 = DIRECTION ( 'NONE',  ( 0.000000000000000000, 0.000000000000000000, 1.000000000000000000 ) ) ;
#2019 = CIRCLE ( 'NONE', #4320, 2.050000000000000266 ) ;
#2020 = EDGE_CURVE ( 'NONE', #7181, #4083, #1373, .T. ) ;
#2021 = CARTESIAN_POINT ( 'NONE',  ( -0.8526632993066447508, 0.000000000000000000, 2.243427132316796246 ) ) ;
#2022 = ORIENTED_EDGE ( 'NONE', *, *, #6328, .T. ) ;
#2023 = EDGE_LOOP ( 'NONE', ( #7961, #3009, #5700, #2387 ) ) ;
#2024 = DIRECTION ( 'NONE',  ( -0.8306464755968349101, 0.000000000000000000, -0.5568001729333034167 ) ) ;
#2025 = DIRECTION ( 'NONE',  ( 0.000000000000000000, 0.000000000000000000, 1.000000000000000000 ) ) ;
#2026 = PLANE ( 'NONE',  #4102 ) ;
#2027 = DIRECTION ( 'NONE',  ( 0.000000000000000000, 0.000000000000000000, -1.000000000000000000 ) ) ;
#2028 = ORIENTED_EDGE ( 'NONE', *, *, #7626, .F. ) ;
#2029 = ADVANCED_FACE ( 'NONE', ( #1421 ), #4256, .T. ) ;
#2030 = ADVANCED_FACE ( 'NONE', ( #5451 ), #5620, .T. ) ;
#2031 = CARTESIAN_POINT ( 'NONE',  ( -1.746356292197535298, 0.5999999999999999778, -1.646280565609058222 ) ) ;
#2032 = CARTESIAN_POINT ( 'NONE',  ( 0.2446220771391517390, 0.000000000000000000, -2.630416277254231883 ) ) ;
#2033 = DIRECTION ( 'NONE',  ( 0.000000000000000000, 0.000000000000000000, 1.000000000000000000 ) ) ;
#2034 = LINE ( 'NONE', #7543, #7863 ) ;
#2035 = DIRECTION ( 'NONE',  ( 0.9999989048468862496, 0.000000000000000000, 0.001479967914598829832 ) ) ;
#2036 = EDGE_LOOP ( 'NONE', ( #3897, #7621, #3125, #7769 ) ) ;
#2037 = DIRECTION ( 'NONE',  ( 0.3043623944812920423, -0.000000000000000000, 0.9525563147791391572 ) ) ;
#2038 = DIRECTION ( 'NONE',  ( 0.000000000000000000, 0.000000000000000000, 1.000000000000000000 ) ) ;
#2039 = ORIENTED_EDGE ( 'NONE', *, *, #6940, .T. ) ;
#2040 = CIRCLE ( 'NONE', #1889, 0.1000000000000000888 ) ;
#2041 = DIRECTION ( 'NONE',  ( 0.000000000000000000, 1.000000000000000000, -0.000000000000000000 ) ) ;
#2042 = EDGE_LOOP ( 'NONE', ( #5552, #6907, #6475, #4170 ) ) ;
#2043 = LINE ( 'NONE', #3300, #5882 ) ;
#2044 = DIRECTION ( 'NONE',  ( 0.000000000000000000, 0.000000000000000000, -1.000000000000000000 ) ) ;
#2045 = EDGE_CURVE ( 'NONE', #2280, #3367, #48, .T. ) ;
#2046 = DIRECTION ( 'NONE',  ( 0.000000000000000000, 1.000000000000000000, -0.000000000000000000 ) ) ;
#2047 = ORIENTED_EDGE ( 'NONE', *, *, #5610, .F. ) ;
#2048 = ORIENTED_EDGE ( 'NONE', *, *, #3164, .F. ) ;
#2049 = EDGE_CURVE ( 'NONE', #5444, #1815, #3454, .T. ) ;
#2050 = EDGE_LOOP ( 'NONE', ( #5320, #6933, #1671, #459 ) ) ;
#2051 = DIRECTION ( 'NONE',  ( -0.000000000000000000, -1.000000000000000000, -0.000000000000000000 ) ) ;
#2052 =( NAMED_UNIT ( * ) SI_UNIT ( $, .STERADIAN. ) SOLID_ANGLE_UNIT ( ) );
#2053 = DIRECTION ( 'NONE',  ( 0.000000000000000000, 0.000000000000000000, 1.000000000000000000 ) ) ;
#2054 = ORIENTED_EDGE ( 'NONE', *, *, #3941, .F. ) ;
#2055 = EDGE_CURVE ( 'NONE', #6017, #1243, #642, .T. ) ;
#2056 = ORIENTED_EDGE ( 'NONE', *, *, #770, .F. ) ;
#2057 = CARTESIAN_POINT ( 'NONE',  ( -2.393621897785532138, 0.000000000000000000, 1.187169910238696557 ) ) ;
#2058 = PLANE ( 'NONE',  #5025 ) ;
#2059 = CARTESIAN_POINT ( 'NONE',  ( -2.398956528258401111, 0.000000000000000000, 0.07076422490293553247 ) ) ;
#2060 = CARTESIAN_POINT ( 'NONE',  ( -0.4682167728386048555, 0.5999999999999999778, 2.353884672967773817 ) ) ;
#2061 = VECTOR ( 'NONE', #1281, 100.0000000000000000 ) ;
#2062 = EDGE_LOOP ( 'NONE', ( #8400, #2303, #5249, #1874 ) ) ;
#2063 = ORIENTED_EDGE ( 'NONE', *, *, #8372, .F. ) ;
#2064 = CARTESIAN_POINT ( 'NONE',  ( -2.022465555005004134, 0.5999999999999999778, 0.3348627761013463489 ) ) ;
#2065 = VECTOR ( 'NONE', #8755, 100.0000000000000000 ) ;
#2066 = CARTESIAN_POINT ( 'NONE',  ( -1.626335788784444736, 0.000000000000000000, 2.181816911831198524 ) ) ;
#2067 = DIRECTION ( 'NONE',  ( 0.000000000000000000, 0.000000000000000000, 1.000000000000000000 ) ) ;
#2068 = CARTESIAN_POINT ( 'NONE',  ( -1.398403686497499798, 0.000000000000000000, -2.276678570840681815 ) ) ;
#2069 = ORIENTED_EDGE ( 'NONE', *, *, #6553, .F. ) ;
#2070 = ADVANCED_FACE ( 'NONE', ( #8375 ), #1456, .T. ) ;
#2071 = AXIS2_PLACEMENT_3D ( 'NONE', #714, #5605, #117 ) ;
#2072 = DIRECTION ( 'NONE',  ( 0.000000000000000000, 1.000000000000000000, -0.000000000000000000 ) ) ;
#2073 = AXIS2_PLACEMENT_3D ( 'NONE', #3790, #6682, #6556 ) ;
#2074 = CYLINDRICAL_SURFACE ( 'NONE', #5163, 0.1000000000000000888 ) ;
#2075 = DIRECTION ( 'NONE',  ( 0.000000000000000000, 1.000000000000000000, -0.000000000000000000 ) ) ;
#2076 = DIRECTION ( 'NONE',  ( 0.000000000000000000, 1.000000000000000000, 0.000000000000000000 ) ) ;
#2077 = FACE_OUTER_BOUND ( 'NONE', #8697, .T. ) ;
#2078 = EDGE_CURVE ( 'NONE', #668, #1459, #773, .T. ) ;
#2079 = VERTEX_POINT ( 'NONE', #1324 ) ;
#2080 = CIRCLE ( 'NONE', #8420, 0.1000000000000000888 ) ;
#2081 = AXIS2_PLACEMENT_3D ( 'NONE', #3406, #2678, #4670 ) ;
#2082 = DIRECTION ( 'NONE',  ( 0.000000000000000000, 1.000000000000000000, -0.000000000000000000 ) ) ;
#2083 = CARTESIAN_POINT ( 'NONE',  ( -2.721423057264497736, 0.5999999999999999778, 0.3333417546314537683 ) ) ;
#2084 = ORIENTED_EDGE ( 'NONE', *, *, #1675, .F. ) ;
#2085 = EDGE_CURVE ( 'NONE', #1821, #7206, #6780, .T. ) ;
#2086 = CYLINDRICAL_SURFACE ( 'NONE', #4007, 0.1000000000000000888 ) ;
#2087 = AXIS2_PLACEMENT_3D ( 'NONE', #1067, #6679, #474 ) ;
#2088 = ORIENTED_EDGE ( 'NONE', *, *, #85, .F. ) ;
#2089 = LINE ( 'NONE', #4292, #2267 ) ;
#2090 = CARTESIAN_POINT ( 'NONE',  ( 0.000000000000000000, 0.5999999999999999778, 0.000000000000000000 ) ) ;
#2091 = DIRECTION ( 'NONE',  ( 0.1936385776162478645, 0.000000000000000000, 0.9810729337102092051 ) ) ;
#2092 = VERTEX_POINT ( 'NONE', #7820 ) ;
#2093 = VERTEX_POINT ( 'NONE', #2942 ) ;
#2094 = VERTEX_POINT ( 'NONE', #2306 ) ;
#2095 = VECTOR ( 'NONE', #1339, 100.0000000000000142 ) ;
#2096 = FACE_OUTER_BOUND ( 'NONE', #1311, .T. ) ;
#2097 = CARTESIAN_POINT ( 'NONE',  ( 0.3333417546315485258, 0.000000000000000000, 2.721423057264499068 ) ) ;
#2098 = DIRECTION ( 'NONE',  ( -0.9863558345325383891, 0.000000000000000000, -0.1646273600700072781 ) ) ;
#2099 = VERTEX_POINT ( 'NONE', #4386 ) ;
#2100 = ORIENTED_EDGE ( 'NONE', *, *, #7793, .T. ) ;
#2101 = AXIS2_PLACEMENT_3D ( 'NONE', #5051, #3783, #3645 ) ;
#2102 = CARTESIAN_POINT ( 'NONE',  ( -1.629620990999919972, 0.5999999999999999778, 2.207032380760702850 ) ) ;
#2103 = DIRECTION ( 'NONE',  ( -0.000000000000000000, 1.000000000000000000, -0.000000000000000000 ) ) ;
#2104 = CARTESIAN_POINT ( 'NONE',  ( 0.2446220771391517390, 0.000000000000000000, -2.630416277254231883 ) ) ;
#2105 = EDGE_CURVE ( 'NONE', #7344, #6284, #3307, .T. ) ;
#2106 = LINE ( 'NONE', #4816, #4858 ) ;
#2107 = ORIENTED_EDGE ( 'NONE', *, *, #6383, .F. ) ;
#2108 = VERTEX_POINT ( 'NONE', #3029 ) ;
#2109 = LINE ( 'NONE', #4226, #6424 ) ;
#2110 = DIRECTION ( 'NONE',  ( 0.9965217285917833401, 0.000000000000000000, 0.08333333333333109438 ) ) ;
#2111 = FACE_OUTER_BOUND ( 'NONE', #4759, .T. ) ;
#2112 = EDGE_LOOP ( 'NONE', ( #4573, #245, #5455, #3157 ) ) ;
#2113 = ADVANCED_FACE ( 'NONE', ( #2350 ), #3757, .F. ) ;
#2114 = AXIS2_PLACEMENT_3D ( 'NONE', #5661, #1549, #1336 ) ;
#2115 = DIRECTION ( 'NONE',  ( 0.9352860790606644104, 0.000000000000000000, 0.3538925688896681909 ) ) ;
#2116 = EDGE_CURVE ( 'NONE', #1052, #8560, #1678, .T. ) ;
#2117 = VERTEX_POINT ( 'NONE', #6385 ) ;
#2118 = LINE ( 'NONE', #664, #8626 ) ;
#2119 = LINE ( 'NONE', #617, #4058 ) ;
#2120 = VECTOR ( 'NONE', #3748, 100.0000000000000000 ) ;
#2121 = LINE ( 'NONE', #4879, #6429 ) ;
#2122 = DIRECTION ( 'NONE',  ( 0.000000000000000000, 0.000000000000000000, -1.000000000000000000 ) ) ;
#2123 = ORIENTED_EDGE ( 'NONE', *, *, #615, .T. ) ;
#2124 = CARTESIAN_POINT ( 'NONE',  ( 0.4082915092342454533, 0.000000000000000000, 2.712923616234188540 ) ) ;
#2125 = CARTESIAN_POINT ( 'NONE',  ( -0.1288188395257280905, 0.000000000000000000, 2.740449271673744303 ) ) ;
#2126 = ORIENTED_EDGE ( 'NONE', *, *, #2151, .T. ) ;
#2127 = AXIS2_PLACEMENT_3D ( 'NONE', #7203, #6624, #8013 ) ;
#2128 = LINE ( 'NONE', #5566, #240 ) ;
#2129 = EDGE_LOOP ( 'NONE', ( #2662, #3277, #7339, #5247 ) ) ;
#2130 = EDGE_CURVE ( 'NONE', #2972, #5384, #2872, .T. ) ;
#2131 = DIRECTION ( 'NONE',  ( 0.000000000000000000, 1.000000000000000000, 0.000000000000000000 ) ) ;
#2132 = LINE ( 'NONE', #37, #2601 ) ;
#2133 = AXIS2_PLACEMENT_3D ( 'NONE', #6830, #3483, #1486 ) ;
#2134 = CARTESIAN_POINT ( 'NONE',  ( -1.746356292197535298, 0.000000000000000000, -1.646280565609058222 ) ) ;
#2135 = VERTEX_POINT ( 'NONE', #2394 ) ;
#2136 = ORIENTED_EDGE ( 'NONE', *, *, #2243, .F. ) ;
#2137 = VECTOR ( 'NONE', #3397, 100.0000000000000142 ) ;
#2138 = VERTEX_POINT ( 'NONE', #945 ) ;
#2139 = EDGE_CURVE ( 'NONE', #7798, #1181, #175, .T. ) ;
#2140 = EDGE_CURVE ( 'NONE', #8500, #44, #2416, .T. ) ;
#2141 = DIRECTION ( 'NONE',  ( 0.9115869641266042267, 0.000000000000000000, -0.4111072935797187022 ) ) ;
#2142 = DIRECTION ( 'NONE',  ( 0.000000000000000000, 0.000000000000000000, 1.000000000000000000 ) ) ;
#2143 = ORIENTED_EDGE ( 'NONE', *, *, #6066, .F. ) ;
#2144 = VERTEX_POINT ( 'NONE', #902 ) ;
#2145 = LINE ( 'NONE', #4132, #1055 ) ;
#2146 = CARTESIAN_POINT ( 'NONE',  ( 2.730068450113459111, 0.000000000000000000, 0.2529554104723656938 ) ) ;
#2147 = LINE ( 'NONE', #5584, #5653 ) ;
#2148 = DIRECTION ( 'NONE',  ( -0.000000000000000000, -1.000000000000000000, -0.000000000000000000 ) ) ;
#2149 = ORIENTED_EDGE ( 'NONE', *, *, #8036, .F. ) ;
#2150 = DIRECTION ( 'NONE',  ( 0.000000000000000000, 1.000000000000000000, 0.000000000000000000 ) ) ;
#2151 = EDGE_CURVE ( 'NONE', #4760, #6524, #5598, .T. ) ;
#2152 = CARTESIAN_POINT ( 'NONE',  ( -0.7071067811865462405, 0.5999999999999999778, -1.057111781186548694 ) ) ;
#2153 = EDGE_CURVE ( 'NONE', #8741, #8086, #8340, .T. ) ;
#2154 = CARTESIAN_POINT ( 'NONE',  ( 0.000000000000000000, 0.5999999999999999778, 0.000000000000000000 ) ) ;
#2155 = ORIENTED_EDGE ( 'NONE', *, *, #1053, .F. ) ;
#2156 = AXIS2_PLACEMENT_3D ( 'NONE', #4081, #268, #5794 ) ;
#2157 = LINE ( 'NONE', #2874, #5725 ) ;
#2158 = ORIENTED_EDGE ( 'NONE', *, *, #3977, .T. ) ;
#2159 = LINE ( 'NONE', #2832, #4147 ) ;
#2160 = DIRECTION ( 'NONE',  ( 0.8887757427182937375, 0.000000000000000000, 0.4583423165664997079 ) ) ;
#2161 = DIRECTION ( 'NONE',  ( 0.000000000000000000, 1.000000000000000000, 0.000000000000000000 ) ) ;
#2162 = LINE ( 'NONE', #6783, #6407 ) ;
#2163 = VERTEX_POINT ( 'NONE', #6479 ) ;
#2164 = EDGE_CURVE ( 'NONE', #2420, #2422, #4432, .T. ) ;
#2165 = CARTESIAN_POINT ( 'NONE',  ( 2.628261797879757999, 0.000000000000000000, 0.7807048762483506099 ) ) ;
#2166 = FACE_OUTER_BOUND ( 'NONE', #3347, .T. ) ;
#2167 = ORIENTED_EDGE ( 'NONE', *, *, #2619, .F. ) ;
#2168 = DIRECTION ( 'NONE',  ( 0.000000000000000000, 0.000000000000000000, 1.000000000000000000 ) ) ;
#2169 = ORIENTED_EDGE ( 'NONE', *, *, #4105, .F. ) ;
#2170 = DIRECTION ( 'NONE',  ( -0.000000000000000000, -1.000000000000000000, 0.000000000000000000 ) ) ;
#2171 = DIRECTION ( 'NONE',  ( 0.000000000000000000, 1.000000000000000000, 0.000000000000000000 ) ) ;
#2172 = CARTESIAN_POINT ( 'NONE',  ( -0.9184402376762259568, 0.000000000000000000, -2.217310878027085153 ) ) ;
#2173 = ORIENTED_EDGE ( 'NONE', *, *, #8191, .T. ) ;
#2174 = VERTEX_POINT ( 'NONE', #991 ) ;
#2175 = EDGE_LOOP ( 'NONE', ( #6244, #1818, #7432, #4809 ) ) ;
#2176 = EDGE_CURVE ( 'NONE', #7821, #7101, #3585, .T. ) ;
#2177 = CARTESIAN_POINT ( 'NONE',  ( 0.3348627761013417969, 0.5999999999999999778, -2.022465555005005022 ) ) ;
#2178 = CARTESIAN_POINT ( 'NONE',  ( 0.000000000000000000, 0.5999999999999999778, 0.000000000000000000 ) ) ;
#2179 = AXIS2_PLACEMENT_3D ( 'NONE', #665, #1437, #23 ) ;
#2180 = DIRECTION ( 'NONE',  ( 0.8306464755968354652, 0.000000000000000000, 0.5568001729333027505 ) ) ;
#2181 = ORIENTED_EDGE ( 'NONE', *, *, #3788, .T. ) ;
#2182 = ORIENTED_EDGE ( 'NONE', *, *, #6653, .T. ) ;
#2183 = CARTESIAN_POINT ( 'NONE',  ( -1.697056274847618784, 0.000000000000000000, 1.697056274847715374 ) ) ;
#2184 = LINE ( 'NONE', #231, #67 ) ;
#2185 = EDGE_CURVE ( 'NONE', #8383, #6926, #244, .T. ) ;
#2186 = EDGE_CURVE ( 'NONE', #27, #2674, #4737, .T. ) ;
#2187 = DIRECTION ( 'NONE',  ( -0.2253661878322332224, 0.000000000000000000, -0.9742741305104876126 ) ) ;
#2188 = CARTESIAN_POINT ( 'NONE',  ( -2.217310878027015875, 0.000000000000000000, 0.9184402376762299536 ) ) ;
#2189 = ORIENTED_EDGE ( 'NONE', *, *, #3402, .T. ) ;
#2190 = LINE ( 'NONE', #655, #5268 ) ;
#2191 = CARTESIAN_POINT ( 'NONE',  ( -2.508844294584582801, 0.5999999999999999778, 0.9274237474220400346 ) ) ;
#2192 = ORIENTED_EDGE ( 'NONE', *, *, #8159, .T. ) ;
#2193 = CIRCLE ( 'NONE', #1045, 0.1000000000000000888 ) ;
#2194 = CARTESIAN_POINT ( 'NONE',  ( 1.646280565609026247, 0.000000000000000000, -1.746356292197642324 ) ) ;
#2195 = EDGE_CURVE ( 'NONE', #5006, #6825, #1999, .T. ) ;
#2196 = AXIS2_PLACEMENT_3D ( 'NONE', #3699, #6470, #888 ) ;
#2197 = DIRECTION ( 'NONE',  ( 0.000000000000000000, -1.000000000000000000, 0.000000000000000000 ) ) ;
#2198 = DIRECTION ( 'NONE',  ( -0.000000000000000000, -1.000000000000000000, -0.000000000000000000 ) ) ;
#2199 = CARTESIAN_POINT ( 'NONE',  ( -1.918937936963990953, 0.5999999999999999778, 0.7212331066169808125 ) ) ;
#2200 = AXIS2_PLACEMENT_3D ( 'NONE', #7116, #3678, #4264 ) ;
#2201 = CYLINDRICAL_SURFACE ( 'NONE', #5545, 2.400000000000000355 ) ;
#2202 = ORIENTED_EDGE ( 'NONE', *, *, #7713, .T. ) ;
#2203 = FACE_OUTER_BOUND ( 'NONE', #2062, .T. ) ;
#2204 = PLANE ( 'NONE',  #8125 ) ;
#2205 = ORIENTED_EDGE ( 'NONE', *, *, #5501, .T. ) ;
#2206 = AXIS2_PLACEMENT_3D ( 'NONE', #368, #6785, #575 ) ;
#2207 = VECTOR ( 'NONE', #2563, 100.0000000000000000 ) ;
#2208 = AXIS2_PLACEMENT_3D ( 'NONE', #7851, #3786, #1527 ) ;
#2209 = CARTESIAN_POINT ( 'NONE',  ( -1.240428078936074430, 0.000000000000000000, -2.447037941066946054 ) ) ;
#2210 = EDGE_CURVE ( 'NONE', #4015, #3719, #5755, .T. ) ;
#2211 = ORIENTED_EDGE ( 'NONE', *, *, #8704, .F. ) ;
#2212 = VECTOR ( 'NONE', #1307, 100.0000000000000000 ) ;
#2213 = DIRECTION ( 'NONE',  ( 0.000000000000000000, 1.000000000000000000, 0.000000000000000000 ) ) ;
#2214 = LINE ( 'NONE', #4334, #1009 ) ;
#2215 = AXIS2_PLACEMENT_3D ( 'NONE', #3284, #475, #3919 ) ;
#2216 = AXIS2_PLACEMENT_3D ( 'NONE', #314, #7741, #7157 ) ;
#2217 = LINE ( 'NONE', #4974, #8899 ) ;
#2218 = VERTEX_POINT ( 'NONE', #1035 ) ;
#2219 = ORIENTED_EDGE ( 'NONE', *, *, #2236, .T. ) ;
#2220 = ORIENTED_EDGE ( 'NONE', *, *, #3541, .T. ) ;
#2221 = VECTOR ( 'NONE', #2657, 100.0000000000000142 ) ;
#2222 = ADVANCED_FACE ( 'NONE', ( #6345 ), #2897, .T. ) ;
#2223 = DIRECTION ( 'NONE',  ( 0.000000000000000000, 1.000000000000000000, -0.000000000000000000 ) ) ;
#2224 = DIRECTION ( 'NONE',  ( 0.7286628425356181937, 0.000000000000000000, 0.6848725880832966517 ) ) ;
#2225 = EDGE_CURVE ( 'NONE', #636, #5647, #5311, .T. ) ;
#2226 = DIRECTION ( 'NONE',  ( 0.000000000000000000, 1.000000000000000000, 0.000000000000000000 ) ) ;
#2227 = FACE_OUTER_BOUND ( 'NONE', #2569, .T. ) ;
#2228 = ORIENTED_EDGE ( 'NONE', *, *, #7583, .F. ) ;
#2229 = ORIENTED_EDGE ( 'NONE', *, *, #4105, .T. ) ;
#2230 = CARTESIAN_POINT ( 'NONE',  ( 1.257985160453262363, 0.5999999999999999778, 2.423015946640732388 ) ) ;
#2231 = CARTESIAN_POINT ( 'NONE',  ( -2.299215189623816880, 0.5999999999999999778, 1.400976273446458586 ) ) ;
#2232 = CARTESIAN_POINT ( 'NONE',  ( 0.8110516387076353029, 0.000000000000000000, 2.619056208129447505 ) ) ;
#2233 = DIRECTION ( 'NONE',  ( 0.000000000000000000, 1.000000000000000000, 0.000000000000000000 ) ) ;
#2234 = EDGE_CURVE ( 'NONE', #2094, #1746, #6756, .T. ) ;
#2236 = EDGE_CURVE ( 'NONE', #1966, #2310, #492, .T. ) ;
#2235 = AXIS2_PLACEMENT_3D ( 'NONE', #2385, #5061, #302 ) ;
#2237 = ORIENTED_EDGE ( 'NONE', *, *, #4784, .T. ) ;
#2238 = COORDINATED_UNIVERSAL_TIME_OFFSET ( 9, 0, .AHEAD. ) ;
#2239 = DIRECTION ( 'NONE',  ( 0.000000000000000000, 0.000000000000000000, 1.000000000000000000 ) ) ;
#2240 = DIRECTION ( 'NONE',  ( -0.8482738040849864269, 0.000000000000000000, -0.5295578847521639210 ) ) ;
#2241 = ORIENTED_EDGE ( 'NONE', *, *, #3174, .F. ) ;
#2242 = DIRECTION ( 'NONE',  ( 0.2588190451025201289, -0.000000000000000000, -0.9659258262890684232 ) ) ;
#2243 = EDGE_CURVE ( 'NONE', #5266, #7099, #4658, .T. ) ;
#2244 = EDGE_CURVE ( 'NONE', #296, #1267, #6024, .T. ) ;
#2245 = VECTOR ( 'NONE', #998, 100.0000000000000000 ) ;
#2246 = ORIENTED_EDGE ( 'NONE', *, *, #2000, .F. ) ;
#2247 = FACE_OUTER_BOUND ( 'NONE', #5511, .T. ) ;
#2248 = CARTESIAN_POINT ( 'NONE',  ( 0.2529554104724850427, 0.000000000000000000, -2.730068450113410261 ) ) ;
#2249 = FACE_BOUND ( 'NONE', #6218, .T. ) ;
#2250 = DIRECTION ( 'NONE',  ( 0.000000000000000000, 0.000000000000000000, 1.000000000000000000 ) ) ;
#2251 = ORIENTED_EDGE ( 'NONE', *, *, #8311, .T. ) ;
#2252 = FACE_OUTER_BOUND ( 'NONE', #5726, .T. ) ;
#2253 = DIRECTION ( 'NONE',  ( 0.000000000000000000, 0.000000000000000000, 1.000000000000000000 ) ) ;
#2254 = VERTEX_POINT ( 'NONE', #8778 ) ;
#2255 = AXIS2_PLACEMENT_3D ( 'NONE', #5797, #3758, #8055 ) ;
#2256 = CIRCLE ( 'NONE', #5880, 2.400000000000000355 ) ;
#2257 = CARTESIAN_POINT ( 'NONE',  ( -2.730068450113363188, 0.5999999999999999778, -0.2529554104724597852 ) ) ;
#2258 = CIRCLE ( 'NONE', #7440, 2.400000000000000355 ) ;
#2259 = DIRECTION ( 'NONE',  ( 0.000000000000000000, 1.000000000000000000, 0.000000000000000000 ) ) ;
#2260 = LINE ( 'NONE', #5106, #1742 ) ;
#2261 = AXIS2_PLACEMENT_3D ( 'NONE', #4409, #6410, #7800 ) ;
#2262 = FACE_BOUND ( 'NONE', #3708, .T. ) ;
#2263 = ORIENTED_EDGE ( 'NONE', *, *, #8644, .F. ) ;
#2264 = VERTEX_POINT ( 'NONE', #408 ) ;
#2265 = EDGE_LOOP ( 'NONE', ( #405, #2612, #1326, #8796 ) ) ;
#2266 = EDGE_CURVE ( 'NONE', #1181, #3409, #6567, .T. ) ;
#2267 = VECTOR ( 'NONE', #7597, 100.0000000000000000 ) ;
#2268 = CARTESIAN_POINT ( 'NONE',  ( 1.232618059797892629, 0.000000000000000000, -2.336574944427905809 ) ) ;
#2269 = PLANE ( 'NONE',  #4268 ) ;
#2270 = ORIENTED_EDGE ( 'NONE', *, *, #6111, .F. ) ;
#2271 = ORIENTED_EDGE ( 'NONE', *, *, #5328, .T. ) ;
#2272 = ORIENTED_EDGE ( 'NONE', *, *, #708, .F. ) ;
#2273 = FACE_OUTER_BOUND ( 'NONE', #4353, .T. ) ;
#2274 = DIRECTION ( 'NONE',  ( -0.9233121615203913057, 0.000000000000000000, -0.3840503253332080424 ) ) ;
#2275 = ADVANCED_FACE ( 'NONE', ( #6070 ), #1865, .T. ) ;
#2276 = AXIS2_PLACEMENT_3D ( 'NONE', #2904, #5665, #182 ) ;
#2277 = CARTESIAN_POINT ( 'NONE',  ( 0.8705754329431263372, 0.000000000000000000, 1.153418145417631768 ) ) ;
#2278 = CARTESIAN_POINT ( 'NONE',  ( 2.665728535985686154, 0.000000000000000000, -0.1808025380540591309 ) ) ;
#2279 = CARTESIAN_POINT ( 'NONE',  ( 0.8578599868702652120, 0.5999999999999999778, 2.604099926062496628 ) ) ;
#2280 = VERTEX_POINT ( 'NONE', #5897 ) ;
#2281 = FACE_OUTER_BOUND ( 'NONE', #2534, .T. ) ;
#2282 = DIRECTION ( 'NONE',  ( 0.000000000000000000, 1.000000000000000000, -0.000000000000000000 ) ) ;
#2283 = VERTEX_POINT ( 'NONE', #2621 ) ;
#2284 = EDGE_CURVE ( 'NONE', #1253, #6524, #4524, .T. ) ;
#2285 = ADVANCED_FACE ( 'NONE', ( #3851 ), #7372, .T. ) ;
#2286 = CARTESIAN_POINT ( 'NONE',  ( -0.1772313681304269473, 0.5999999999999999778, 1.434177131589170040 ) ) ;
#2287 = ORIENTED_EDGE ( 'NONE', *, *, #1747, .T. ) ;
#2288 = LINE ( 'NONE', #1708, #8466 ) ;
#2289 = CARTESIAN_POINT ( 'NONE',  ( -0.7392001813109233543, 0.5999999999999999778, -2.642014306544175017 ) ) ;
#2290 = DIRECTION ( 'NONE',  ( 0.000000000000000000, 1.000000000000000000, 0.000000000000000000 ) ) ;
#2291 = DIRECTION ( 'NONE',  ( 0.000000000000000000, 0.000000000000000000, 1.000000000000000000 ) ) ;
#2292 = ORIENTED_EDGE ( 'NONE', *, *, #4124, .F. ) ;
#2293 = CARTESIAN_POINT ( 'NONE',  ( 1.349411140906982665, 0.000000000000000000, 2.386702695097974836 ) ) ;
#2294 = CARTESIAN_POINT ( 'NONE',  ( 1.349411140906982665, 0.5999999999999999778, 2.386702695097974836 ) ) ;
#2295 = ORIENTED_EDGE ( 'NONE', *, *, #7033, .F. ) ;
#2296 = EDGE_CURVE ( 'NONE', #3880, #6568, #6747, .T. ) ;
#2297 = ADVANCED_FACE ( 'NONE', ( #3933 ), #2576, .F. ) ;
#2298 = CYLINDRICAL_SURFACE ( 'NONE', #5818, 0.3500049999999999550 ) ;
#2299 = DIRECTION ( 'NONE',  ( 0.000000000000000000, 1.000000000000000000, 0.000000000000000000 ) ) ;
#2300 = DIRECTION ( 'NONE',  ( 0.000000000000000000, 1.000000000000000000, 0.000000000000000000 ) ) ;
#2301 = CARTESIAN_POINT ( 'NONE',  ( -1.187169910238686565, 0.5999999999999999778, -2.393621897785617847 ) ) ;
#2302 = ORIENTED_EDGE ( 'NONE', *, *, #3916, .F. ) ;
#2303 = ORIENTED_EDGE ( 'NONE', *, *, #6008, .F. ) ;
#2304 = ORIENTED_EDGE ( 'NONE', *, *, #688, .T. ) ;
#2305 = DIRECTION ( 'NONE',  ( -0.2253661878322332224, 0.000000000000000000, -0.9742741305104876126 ) ) ;
#2306 = CARTESIAN_POINT ( 'NONE',  ( -2.012801425311599779, 0.5999999999999999778, -1.757108023884285553 ) ) ;
#2307 = ORIENTED_EDGE ( 'NONE', *, *, #726, .T. ) ;
#2308 = EDGE_CURVE ( 'NONE', #6568, #1090, #5895, .T. ) ;
#2309 = PLANE ( 'NONE',  #2114 ) ;
#2310 = VERTEX_POINT ( 'NONE', #3168 ) ;
#2311 = ORIENTED_EDGE ( 'NONE', *, *, #8930, .T. ) ;
#2312 = ORIENTED_EDGE ( 'NONE', *, *, #8214, .T. ) ;
#2313 = CARTESIAN_POINT ( 'NONE',  ( -0.8530903815703079207, 0.000000000000000000, 2.532002169471190278 ) ) ;
#2314 = DIRECTION ( 'NONE',  ( -0.5295578847521640320, 0.000000000000000000, 0.8482738040849864269 ) ) ;
#2315 = CARTESIAN_POINT ( 'NONE',  ( 2.276678570840689364, 0.000000000000000000, -1.398403686497601717 ) ) ;
#2316 = CIRCLE ( 'NONE', #7658, 0.1000000000000000888 ) ;
#2317 = LINE ( 'NONE', #2278, #1835 ) ;
#2318 = FACE_OUTER_BOUND ( 'NONE', #4130, .T. ) ;
#2319 = EDGE_CURVE ( 'NONE', #7384, #6294, #967, .T. ) ;
#2320 = ORIENTED_EDGE ( 'NONE', *, *, #3826, .T. ) ;
#2321 = PLANE ( 'NONE',  #5842 ) ;
#2322 = PLANE ( 'NONE',  #1257 ) ;
#2323 = ORIENTED_EDGE ( 'NONE', *, *, #4124, .T. ) ;
#2324 = LINE ( 'NONE', #5635, #4135 ) ;
#2325 = EDGE_CURVE ( 'NONE', #6331, #108, #1268, .T. ) ;
#2326 = CARTESIAN_POINT ( 'NONE',  ( 2.012801425311710801, 0.000000000000000000, 1.757108023884154324 ) ) ;
#2327 = CARTESIAN_POINT ( 'NONE',  ( 1.746356292197643878, 0.000000000000000000, 1.646280565608930768 ) ) ;
#2328 = EDGE_CURVE ( 'NONE', #5980, #2420, #8819, .T. ) ;
#2329 = DIRECTION ( 'NONE',  ( 0.000000000000000000, 1.000000000000000000, -0.000000000000000000 ) ) ;
#2330 = CARTESIAN_POINT ( 'NONE',  ( 1.724533010878322115, 0.000000000000000000, 2.001228534340540044 ) ) ;
#2331 = ORIENTED_EDGE ( 'NONE', *, *, #4031, .F. ) ;
#2332 = LINE ( 'NONE', #3744, #1787 ) ;
#2333 = CARTESIAN_POINT ( 'NONE',  ( -0.9297114442667512302, 0.000000000000000000, -2.581141827647916998 ) ) ;
#2334 = ORIENTED_EDGE ( 'NONE', *, *, #3840, .T. ) ;
#2335 = PLANE ( 'NONE',  #7972 ) ;
#2336 = VECTOR ( 'NONE', #8148, 100.0000000000000000 ) ;
#2337 = EDGE_CURVE ( 'NONE', #1090, #1232, #1953, .T. ) ;
#2338 = CARTESIAN_POINT ( 'NONE',  ( 2.712923616234283575, 0.000000000000000000, -0.4082915092342445651 ) ) ;
#2339 = DIRECTION ( 'NONE',  ( 0.000000000000000000, 0.000000000000000000, 1.000000000000000000 ) ) ;
#2340 = EDGE_CURVE ( 'NONE', #1253, #6650, #7469, .T. ) ;
#2341 = DIRECTION ( 'NONE',  ( 0.1965416391084624237, 0.000000000000000000, -0.9804954788761439666 ) ) ;
#2342 = ORIENTED_EDGE ( 'NONE', *, *, #612, .F. ) ;
#2343 = VERTEX_POINT ( 'NONE', #3803 ) ;
#2344 = AXIS2_PLACEMENT_3D ( 'NONE', #7460, #8906, #670 ) ;
#2345 = EDGE_LOOP ( 'NONE', ( #1550, #6259, #2211, #8783 ) ) ;
#2346 = VECTOR ( 'NONE', #7394, 100.0000000000000142 ) ;
#2347 = AXIS2_PLACEMENT_3D ( 'NONE', #7720, #6551, #295 ) ;
#2348 = AXIS2_PLACEMENT_3D ( 'NONE', #3544, #8210, #6307 ) ;
#2349 = LINE ( 'NONE', #8003, #2553 ) ;
#2350 = FACE_OUTER_BOUND ( 'NONE', #2693, .T. ) ;
#2351 = ORIENTED_EDGE ( 'NONE', *, *, #4614, .F. ) ;
#2352 = LINE ( 'NONE', #8006, #5296 ) ;
#2353 = ORIENTED_EDGE ( 'NONE', *, *, #3003, .F. ) ;
#2354 = ORIENTED_EDGE ( 'NONE', *, *, #2883, .F. ) ;
#2355 = VERTEX_POINT ( 'NONE', #448 ) ;
#2356 = CARTESIAN_POINT ( 'NONE',  ( 2.532150166262745472, 0.000000000000000000, 0.7530904910856199841 ) ) ;
#2357 = CYLINDRICAL_SURFACE ( 'NONE', #217, 2.400000000000000355 ) ;
#2358 = AXIS2_PLACEMENT_3D ( 'NONE', #2525, #5970, #3842 ) ;
#2359 = DIRECTION ( 'NONE',  ( 0.7071067811865476838, 0.000000000000000000, 0.7071067811865474617 ) ) ;
#2360 = CYLINDRICAL_SURFACE ( 'NONE', #3204, 0.1000000000000000888 ) ;
#2361 = CARTESIAN_POINT ( 'NONE',  ( 0.2095652352663492646, 0.000000000000000000, 2.735459543879543265 ) ) ;
#2362 = ORIENTED_EDGE ( 'NONE', *, *, #5919, .T. ) ;
#2363 = CARTESIAN_POINT ( 'NONE',  ( 0.7071067811865463515, 0.000000000000000000, -0.7071067811865486830 ) ) ;
#2364 = CYLINDRICAL_SURFACE ( 'NONE', #6183, 2.400000000000000355 ) ;
#2365 = VERTEX_POINT ( 'NONE', #5979 ) ;
#2366 = ADVANCED_FACE ( 'NONE', ( #5570 ), #2719, .T. ) ;
#2367 = FACE_OUTER_BOUND ( 'NONE', #6960, .T. ) ;
#2368 = DIRECTION ( 'NONE',  ( -0.9659258262890573210, 0.000000000000000000, 0.2588190451025618177 ) ) ;
#2369 = VECTOR ( 'NONE', #6451, 99.99999999999998579 ) ;
#2370 = ORIENTED_EDGE ( 'NONE', *, *, #5695, .F. ) ;
#2371 = ORIENTED_EDGE ( 'NONE', *, *, #5469, .T. ) ;
#2372 = CARTESIAN_POINT ( 'NONE',  ( -0.7071067811865462405, 0.2999999999999999889, 1.057111781186548694 ) ) ;
#2373 = CARTESIAN_POINT ( 'NONE',  ( -0.8578599868701547448, 0.000000000000000000, -2.604099926062569459 ) ) ;
#2374 = CARTESIAN_POINT ( 'NONE',  ( 0.7392001813110363750, 0.000000000000000000, 2.642014306544101299 ) ) ;
#2375 = CARTESIAN_POINT ( 'NONE',  ( 0.000000000000000000, 0.5999999999999999778, 0.000000000000000000 ) ) ;
#2376 = FACE_OUTER_BOUND ( 'NONE', #8054, .T. ) ;
#2377 = DIRECTION ( 'NONE',  ( 0.7822800159049736468, 0.000000000000000000, 0.6229269433213771023 ) ) ;
#2378 = ORIENTED_EDGE ( 'NONE', *, *, #2105, .F. ) ;
#2379 = VECTOR ( 'NONE', #4960, 100.0000000000000000 ) ;
#2380 = EDGE_CURVE ( 'NONE', #5110, #3256, #6034, .T. ) ;
#2381 = CARTESIAN_POINT ( 'NONE',  ( 0.000000000000000000, 0.5999999999999999778, 0.000000000000000000 ) ) ;
#2382 = CIRCLE ( 'NONE', #942, 0.1000000000000000888 ) ;
#2383 = CYLINDRICAL_SURFACE ( 'NONE', #5009, 0.1000000000000000888 ) ;
#2384 = CARTESIAN_POINT ( 'NONE',  ( 2.398956528258497478, 0.000000000000000000, -0.07076422490302955448 ) ) ;
#2385 = CARTESIAN_POINT ( 'NONE',  ( 0.000000000000000000, 0.5999999999999999778, 0.000000000000000000 ) ) ;
#2386 = ORIENTED_EDGE ( 'NONE', *, *, #7686, .T. ) ;
#2387 = ORIENTED_EDGE ( 'NONE', *, *, #1766, .F. ) ;
#2388 = ORIENTED_EDGE ( 'NONE', *, *, #7367, .F. ) ;
#2389 = VECTOR ( 'NONE', #7559, 100.0000000000000142 ) ;
#2390 = AXIS2_PLACEMENT_3D ( 'NONE', #442, #3024, #4513 ) ;
#2391 = EDGE_CURVE ( 'NONE', #1221, #3495, #4166, .T. ) ;
#2392 = CIRCLE ( 'NONE', #7745, 0.1000000000000000888 ) ;
#2393 = DIRECTION ( 'NONE',  ( 0.2253661878321989442, 0.000000000000000000, 0.9742741305104953842 ) ) ;
#2394 = CARTESIAN_POINT ( 'NONE',  ( 0.7071067811865463515, 0.2999999999999999889, -0.5571067811865485497 ) ) ;
#2395 = EDGE_LOOP ( 'NONE', ( #4999, #5137, #3030, #8935 ) ) ;
#2396 = DIRECTION ( 'NONE',  ( -0.9742741305104876126, 0.000000000000000000, 0.2253661878322333889 ) ) ;
#2397 = ORIENTED_EDGE ( 'NONE', *, *, #1552, .T. ) ;
#2398 = ORIENTED_EDGE ( 'NONE', *, *, #5640, .F. ) ;
#2399 = VECTOR ( 'NONE', #2718, 100.0000000000000142 ) ;
#2400 = EDGE_LOOP ( 'NONE', ( #4414, #4790, #5815, #1625 ) ) ;
#2401 = DIRECTION ( 'NONE',  ( 0.3840503253332088751, 0.000000000000000000, -0.9233121615203908616 ) ) ;
#2402 = DIRECTION ( 'NONE',  ( -0.000000000000000000, -1.000000000000000000, -0.000000000000000000 ) ) ;
#2403 = EDGE_CURVE ( 'NONE', #273, #4068, #2004, .T. ) ;
#2404 = EDGE_CURVE ( 'NONE', #8810, #4892, #3486, .T. ) ;
#2405 = DIRECTION ( 'NONE',  ( 0.000000000000000000, 1.000000000000000000, -0.000000000000000000 ) ) ;
#2406 = AXIS2_PLACEMENT_3D ( 'NONE', #6715, #3774, #8018 ) ;
#2407 = VECTOR ( 'NONE', #4958, 100.0000000000000000 ) ;
#2408 = CARTESIAN_POINT ( 'NONE',  ( -1.153418145417695717, 0.5999999999999999778, -0.8705754329430767102 ) ) ;
#2409 = LINE ( 'NONE', #2953, #7016 ) ;
#2410 = ORIENTED_EDGE ( 'NONE', *, *, #1354, .T. ) ;
#2411 = DATE_AND_TIME ( #4995, #6989 ) ;
#2412 = AXIS2_PLACEMENT_3D ( 'NONE', #5803, #2616, #1734 ) ;
#2413 = LINE ( 'NONE', #7930, #8883 ) ;
#2414 = CARTESIAN_POINT ( 'NONE',  ( 0.7212331066169688221, 0.5999999999999999778, -1.918937936963996060 ) ) ;
#2415 = AXIS2_PLACEMENT_3D ( 'NONE', #6903, #2017, #555 ) ;
#2416 = CIRCLE ( 'NONE', #3280, 0.1000000000000000888 ) ;
#2417 = VERTEX_POINT ( 'NONE', #4926 ) ;
#2418 = CYLINDRICAL_SURFACE ( 'NONE', #8267, 0.1000000000000000056 ) ;
#2419 = CARTESIAN_POINT ( 'NONE',  ( 2.366666666666715546, 0.5999999999999999778, 0.3986086914365986611 ) ) ;
#2420 = VERTEX_POINT ( 'NONE', #6246 ) ;
#2421 = EDGE_CURVE ( 'NONE', #1843, #932, #5526, .T. ) ;
#2422 = VERTEX_POINT ( 'NONE', #8237 ) ;
#2423 = CARTESIAN_POINT ( 'NONE',  ( 2.366666666666715546, 0.5999999999999999778, 0.3986086914365986611 ) ) ;
#2424 = LINE ( 'NONE', #5141, #2346 ) ;
#2425 = EDGE_CURVE ( 'NONE', #4612, #1795, #8914, .T. ) ;
#2426 = CARTESIAN_POINT ( 'NONE',  ( -1.398403686497499798, 0.000000000000000000, -2.276678570840681815 ) ) ;
#2427 = LINE ( 'NONE', #1020, #6416 ) ;
#2428 = PLANE ( 'NONE',  #3070 ) ;
#2429 = LINE ( 'NONE', #8716, #6979 ) ;
#2430 = EDGE_LOOP ( 'NONE', ( #2446, #3742, #4755, #5351 ) ) ;
#2431 = FACE_OUTER_BOUND ( 'NONE', #4767, .T. ) ;
#2432 = EDGE_CURVE ( 'NONE', #4319, #5065, #7598, .T. ) ;
#2433 = FACE_OUTER_BOUND ( 'NONE', #6047, .T. ) ;
#2434 = CARTESIAN_POINT ( 'NONE',  ( 1.960117804982663303, 0.5999999999999999778, -1.815691707290981505 ) ) ;
#2435 = EDGE_CURVE ( 'NONE', #6068, #3844, #5439, .T. ) ;
#2436 = DIRECTION ( 'NONE',  ( 0.000000000000000000, 0.000000000000000000, 1.000000000000000000 ) ) ;
#2437 = DIRECTION ( 'NONE',  ( 0.03096438587313433619, 0.000000000000000000, 0.9995204884380808341 ) ) ;
#2438 = ORIENTED_EDGE ( 'NONE', *, *, #6205, .T. ) ;
#2439 = ORIENTED_EDGE ( 'NONE', *, *, #6340, .F. ) ;
#2440 = CIRCLE ( 'NONE', #8946, 0.1000000000000000888 ) ;
#2441 = DIRECTION ( 'NONE',  ( 0.000000000000000000, 1.000000000000000000, -0.000000000000000000 ) ) ;
#2442 = CARTESIAN_POINT ( 'NONE',  ( -0.5779473370187013792, 0.5999999999999999778, 1.384188164821890332 ) ) ;
#2443 = VERTEX_POINT ( 'NONE', #1317 ) ;
#2444 = CARTESIAN_POINT ( 'NONE',  ( -2.735459543879542377, 0.000000000000000000, 0.2095652352662545348 ) ) ;
#2445 = ORIENTED_EDGE ( 'NONE', *, *, #454, .T. ) ;
#2446 = ORIENTED_EDGE ( 'NONE', *, *, #2380, .F. ) ;
#2447 = ORIENTED_EDGE ( 'NONE', *, *, #2425, .T. ) ;
#2448 = ADVANCED_FACE ( 'NONE', ( #4030 ), #2803, .T. ) ;
#2449 = DIRECTION ( 'NONE',  ( -0.000000000000000000, 1.000000000000000000, -0.000000000000000000 ) ) ;
#2450 = DIRECTION ( 'NONE',  ( 0.000000000000000000, 0.000000000000000000, 1.000000000000000000 ) ) ;
#2451 = CARTESIAN_POINT ( 'NONE',  ( 0.000000000000000000, 0.000000000000000000, 0.000000000000000000 ) ) ;
#2452 = EDGE_CURVE ( 'NONE', #6723, #7729, #4193, .T. ) ;
#2453 = ORIENTED_EDGE ( 'NONE', *, *, #7691, .T. ) ;
#2454 = EDGE_CURVE ( 'NONE', #1422, #8782, #2132, .T. ) ;
#2455 = DIRECTION ( 'NONE',  ( -0.000000000000000000, 1.000000000000000000, -0.000000000000000000 ) ) ;
#2456 = CARTESIAN_POINT ( 'NONE',  ( 1.626335788784541103, 0.000000000000000000, -2.081816911831292138 ) ) ;
#2457 = ORIENTED_EDGE ( 'NONE', *, *, #1312, .F. ) ;
#2458 = VECTOR ( 'NONE', #852, 100.0000000000000000 ) ;
#2459 = DIRECTION ( 'NONE',  ( 0.4843486746042913182, 0.000000000000000000, 0.8748750547415707901 ) ) ;
#2460 = DIRECTION ( 'NONE',  ( 0.000000000000000000, 0.000000000000000000, 1.000000000000000000 ) ) ;
#2461 = ORIENTED_EDGE ( 'NONE', *, *, #4210, .T. ) ;
#2462 = VERTEX_POINT ( 'NONE', #4890 ) ;
#2463 = LINE ( 'NONE', #2646, #3120 ) ;
#2464 = DIRECTION ( 'NONE',  ( 0.000000000000000000, 0.000000000000000000, 1.000000000000000000 ) ) ;
#2465 = VECTOR ( 'NONE', #4155, 100.0000000000000142 ) ;
#2466 = DIRECTION ( 'NONE',  ( 0.000000000000000000, 1.000000000000000000, 0.000000000000000000 ) ) ;
#2467 = FACE_OUTER_BOUND ( 'NONE', #6592, .T. ) ;
#2468 = DIRECTION ( 'NONE',  ( 0.8748750547415706791, 0.000000000000000000, -0.4843486746042915958 ) ) ;
#2469 = CARTESIAN_POINT ( 'NONE',  ( 1.815691707290982615, 0.000000000000000000, 1.960117804982567824 ) ) ;
#2470 = VERTEX_POINT ( 'NONE', #3528 ) ;
#2471 = EDGE_CURVE ( 'NONE', #4628, #4168, #7643, .T. ) ;
#2472 = CYLINDRICAL_SURFACE ( 'NONE', #4814, 2.050000000000000266 ) ;
#2473 = LINE ( 'NONE', #3702, #8618 ) ;
#2474 = CARTESIAN_POINT ( 'NONE',  ( 2.336574944427907141, 0.000000000000000000, 1.232618059797797150 ) ) ;
#2475 = CARTESIAN_POINT ( 'NONE',  ( -2.001228534340539156, 0.000000000000000000, 1.724533010878227079 ) ) ;
#2476 = ORIENTED_EDGE ( 'NONE', *, *, #4614, .T. ) ;
#2477 = ORIENTED_EDGE ( 'NONE', *, *, #3360, .T. ) ;
#2478 = VERTEX_POINT ( 'NONE', #4205 ) ;
#2479 = EDGE_CURVE ( 'NONE', #4319, #1374, #4757, .T. ) ;
#2480 = EDGE_LOOP ( 'NONE', ( #7835, #6728, #7301, #6794 ) ) ;
#2481 = DIRECTION ( 'NONE',  ( -0.000000000000000000, -1.000000000000000000, -0.000000000000000000 ) ) ;
#2482 = DIRECTION ( 'NONE',  ( 0.000000000000000000, 1.000000000000000000, -0.000000000000000000 ) ) ;
#2483 = ORIENTED_EDGE ( 'NONE', *, *, #740, .F. ) ;
#2484 = VECTOR ( 'NONE', #7218, 100.0000000000000000 ) ;
#2485 = LINE ( 'NONE', #5258, #3117 ) ;
#2486 = ORIENTED_EDGE ( 'NONE', *, *, #6641, .F. ) ;
#2487 = ORIENTED_EDGE ( 'NONE', *, *, #8762, .F. ) ;
#2488 = ORIENTED_EDGE ( 'NONE', *, *, #7624, .T. ) ;
#2489 = CIRCLE ( 'NONE', #6398, 0.1000000000000000888 ) ;
#2490 = EDGE_CURVE ( 'NONE', #7195, #1134, #763, .T. ) ;
#2491 = AXIS2_PLACEMENT_3D ( 'NONE', #1526, #4964, #3477 ) ;
#2492 = VECTOR ( 'NONE', #4057, 100.0000000000000000 ) ;
#2493 = EDGE_CURVE ( 'NONE', #1136, #4894, #5067, .T. ) ;
#2494 = DIRECTION ( 'NONE',  ( -0.8306464755968352431, 0.000000000000000000, -0.5568001729333030836 ) ) ;
#2495 = AXIS2_PLACEMENT_3D ( 'NONE', #6599, #393, #4603 ) ;
#2496 = DIRECTION ( 'NONE',  ( 3.469446951953611033E-15, 0.000000000000000000, 1.000000000000000000 ) ) ;
#2497 = VERTEX_POINT ( 'NONE', #8871 ) ;
#2498 = AXIS2_PLACEMENT_3D ( 'NONE', #2154, #6273, #5510 ) ;
#2499 = VERTEX_POINT ( 'NONE', #6162 ) ;
#2500 = CARTESIAN_POINT ( 'NONE',  ( -0.7071067811865462405, 0.2999999999999999889, -0.7071067811865486830 ) ) ;
#2501 = DIRECTION ( 'NONE',  ( 0.000000000000000000, 0.000000000000000000, -1.000000000000000000 ) ) ;
#2502 = EDGE_LOOP ( 'NONE', ( #8113, #3220, #6635, #1081 ) ) ;
#2503 = CARTESIAN_POINT ( 'NONE',  ( -0.4682167728385941974, 0.000000000000000000, 2.353884672967720082 ) ) ;
#2504 = VECTOR ( 'NONE', #1983, 100.0000000000000000 ) ;
#2505 = ADVANCED_FACE ( 'NONE', ( #5487 ), #4119, .T. ) ;
#2506 = CARTESIAN_POINT ( 'NONE',  ( -0.2732470260462505074, 0.5999999999999999778, -2.627596965865345524 ) ) ;
#2507 = ORIENTED_EDGE ( 'NONE', *, *, #3675, .T. ) ;
#2508 = ORIENTED_EDGE ( 'NONE', *, *, #6328, .F. ) ;
#2509 = DIRECTION ( 'NONE',  ( 0.000000000000000000, 1.000000000000000000, 0.000000000000000000 ) ) ;
#2510 = CARTESIAN_POINT ( 'NONE',  ( 1.631331240123677695, 0.000000000000000000, 2.116023764122560102 ) ) ;
#2511 = DIRECTION ( 'NONE',  ( 0.000000000000000000, 1.000000000000000000, 0.000000000000000000 ) ) ;
#2512 = DIRECTION ( 'NONE',  ( 0.000000000000000000, 1.000000000000000000, 0.000000000000000000 ) ) ;
#2513 = DIRECTION ( 'NONE',  ( -0.000000000000000000, -1.000000000000000000, -0.000000000000000000 ) ) ;
#2514 = CARTESIAN_POINT ( 'NONE',  ( 0.000000000000000000, 0.000000000000000000, 0.000000000000000000 ) ) ;
#2515 = ORIENTED_EDGE ( 'NONE', *, *, #6685, .T. ) ;
#2516 = VECTOR ( 'NONE', #6190, 100.0000000000000142 ) ;
#2517 = EDGE_CURVE ( 'NONE', #4390, #6476, #5639, .T. ) ;
#2518 = EDGE_CURVE ( 'NONE', #226, #701, #2316, .T. ) ;
#2519 = DIRECTION ( 'NONE',  ( 0.000000000000000000, 0.000000000000000000, 1.000000000000000000 ) ) ;
#2520 = DIRECTION ( 'NONE',  ( 0.000000000000000000, 0.000000000000000000, -1.000000000000000000 ) ) ;
#2521 = CARTESIAN_POINT ( 'NONE',  ( 1.646280565609026247, 0.5999999999999999778, -1.746356292197642324 ) ) ;
#2522 = AXIS2_PLACEMENT_3D ( 'NONE', #2920, #2161, #3606 ) ;
#2523 = AXIS2_PLACEMENT_3D ( 'NONE', #5950, #3268, #1876 ) ;
#2524 = LINE ( 'NONE', #6013, #5703 ) ;
#2525 = CARTESIAN_POINT ( 'NONE',  ( 0.2732470260463688572, 0.000000000000000000, 2.627596965865284684 ) ) ;
#2526 = ORIENTED_EDGE ( 'NONE', *, *, #1093, .T. ) ;
#2527 = EDGE_LOOP ( 'NONE', ( #4615, #2645, #8215, #3661 ) ) ;
#2528 = EDGE_LOOP ( 'NONE', ( #1513, #8921, #994, #8235 ) ) ;
#2529 = PLANE ( 'NONE',  #5888 ) ;
#2530 = DIRECTION ( 'NONE',  ( -0.2588190451025206840, 0.000000000000000000, 0.9659258262890684232 ) ) ;
#2531 = VERTEX_POINT ( 'NONE', #3703 ) ;
#2532 = EDGE_CURVE ( 'NONE', #6926, #8383, #579, .T. ) ;
#2533 = DIRECTION ( 'NONE',  ( 0.9999989048468862496, -0.000000000000000000, 0.001479967914598353433 ) ) ;
#2534 = EDGE_LOOP ( 'NONE', ( #5443, #7144, #4672, #5261 ) ) ;
#2535 = ORIENTED_EDGE ( 'NONE', *, *, #1390, .F. ) ;
#2536 = EDGE_CURVE ( 'NONE', #3668, #668, #2040, .T. ) ;
#2537 = EDGE_LOOP ( 'NONE', ( #5156, #7060, #4049, #3858 ) ) ;
#2538 = AXIS2_PLACEMENT_3D ( 'NONE', #8732, #2533, #6569 ) ;
#2539 = AXIS2_PLACEMENT_3D ( 'NONE', #3146, #7255, #2368 ) ;
#2540 = CARTESIAN_POINT ( 'NONE',  ( 1.187169910238791593, 0.000000000000000000, 2.393621897785532582 ) ) ;
#2541 = CARTESIAN_POINT ( 'NONE',  ( -1.153418145417695717, 0.000000000000000000, -0.8705754329430767102 ) ) ;
#2542 = ORIENTED_EDGE ( 'NONE', *, *, #8176, .T. ) ;
#2543 = EDGE_CURVE ( 'NONE', #4041, #8241, #6472, .T. ) ;
#2544 = ORIENTED_EDGE ( 'NONE', *, *, #5998, .T. ) ;
#2545 = CARTESIAN_POINT ( 'NONE',  ( 0.000000000000000000, 0.000000000000000000, 0.000000000000000000 ) ) ;
#2546 = CYLINDRICAL_SURFACE ( 'NONE', #2406, 0.1000000000000000888 ) ;
#2547 = VECTOR ( 'NONE', #4351, 100.0000000000000000 ) ;
#2548 = VERTEX_POINT ( 'NONE', #8448 ) ;
#2549 = CIRCLE ( 'NONE', #7612, 2.400000000000000355 ) ;
#2550 = CARTESIAN_POINT ( 'NONE',  ( 2.033973951400561919, 0.000000000000000000, 1.273950534763422793 ) ) ;
#2551 = PLANE ( 'NONE',  #1102 ) ;
#2552 = ORIENTED_EDGE ( 'NONE', *, *, #6553, .T. ) ;
#2553 = VECTOR ( 'NONE', #267, 100.0000000000000000 ) ;
#2554 = ORIENTED_EDGE ( 'NONE', *, *, #8082, .F. ) ;
#2555 = CIRCLE ( 'NONE', #685, 0.1500000000000000500 ) ;
#2556 = DIRECTION ( 'NONE',  ( 0.000000000000000000, 0.000000000000000000, 1.000000000000000000 ) ) ;
#2557 = FACE_OUTER_BOUND ( 'NONE', #7216, .T. ) ;
#2558 = DIRECTION ( 'NONE',  ( 0.000000000000000000, 1.000000000000000000, 0.000000000000000000 ) ) ;
#2559 = DIRECTION ( 'NONE',  ( -0.000000000000000000, -1.000000000000000000, -0.000000000000000000 ) ) ;
#2560 = DIRECTION ( 'NONE',  ( 0.000000000000000000, 1.000000000000000000, -0.000000000000000000 ) ) ;
#2561 = ORIENTED_EDGE ( 'NONE', *, *, #8581, .T. ) ;
#2562 = EDGE_CURVE ( 'NONE', #6866, #7870, #6513, .T. ) ;
#2563 = DIRECTION ( 'NONE',  ( -0.000000000000000000, -1.000000000000000000, -0.000000000000000000 ) ) ;
#2564 = DIRECTION ( 'NONE',  ( 0.000000000000000000, 1.000000000000000000, -0.000000000000000000 ) ) ;
#2565 = CARTESIAN_POINT ( 'NONE',  ( -2.734163426567457034, 0.000000000000000000, -0.2039866142975462759 ) ) ;
#2566 = LINE ( 'NONE', #7457, #3557 ) ;
#2567 = ORIENTED_EDGE ( 'NONE', *, *, #7757, .T. ) ;
#2568 = EDGE_CURVE ( 'NONE', #4702, #8349, #5652, .T. ) ;
#2569 = EDGE_LOOP ( 'NONE', ( #4327, #5721, #8057, #7227 ) ) ;
#2570 = CARTESIAN_POINT ( 'NONE',  ( 2.299215189623912803, 0.000000000000000000, -1.300976273446553089 ) ) ;
#2571 = ORIENTED_EDGE ( 'NONE', *, *, #8445, .T. ) ;
#2572 = EDGE_CURVE ( 'NONE', #5580, #5673, #8525, .T. ) ;
#2573 = DIRECTION ( 'NONE',  ( 0.1126796382267744590, 0.000000000000000000, 0.9936313698394808602 ) ) ;
#2574 = VERTEX_POINT ( 'NONE', #3657 ) ;
#2575 = DIRECTION ( 'NONE',  ( -0.9659258262890683122, 0.000000000000000000, -0.2588190451025206840 ) ) ;
#2576 = CYLINDRICAL_SURFACE ( 'NONE', #4582, 0.1500000000000001332 ) ;
#2577 = ORIENTED_EDGE ( 'NONE', *, *, #4616, .F. ) ;
#2578 = DIRECTION ( 'NONE',  ( 0.000000000000000000, 0.000000000000000000, 1.000000000000000000 ) ) ;
#2579 = EDGE_LOOP ( 'NONE', ( #356, #7794, #4768, #7622 ) ) ;
#2580 = EDGE_LOOP ( 'NONE', ( #6590, #5374, #2946, #2636 ) ) ;
#2581 = ORIENTED_EDGE ( 'NONE', *, *, #6393, .F. ) ;
#2582 = VECTOR ( 'NONE', #7342, 100.0000000000000000 ) ;
#2583 = EDGE_CURVE ( 'NONE', #3827, #6294, #2260, .T. ) ;
#2584 = DIRECTION ( 'NONE',  ( 0.000000000000000000, 0.000000000000000000, -1.000000000000000000 ) ) ;
#2585 = COORDINATED_UNIVERSAL_TIME_OFFSET ( 9, 0, .AHEAD. ) ;
#2586 = DIRECTION ( 'NONE',  ( -0.000000000000000000, 1.000000000000000000, -0.000000000000000000 ) ) ;
#2587 = ORIENTED_EDGE ( 'NONE', *, *, #6577, .T. ) ;
#2588 = ORIENTED_EDGE ( 'NONE', *, *, #351, .F. ) ;
#2589 = PLANE ( 'NONE',  #208 ) ;
#2590 = CARTESIAN_POINT ( 'NONE',  ( -1.116077586671414323, 0.5999999999999999778, 2.427585015167194715 ) ) ;
#2591 = ORIENTED_EDGE ( 'NONE', *, *, #5905, .F. ) ;
#2592 = CC_DESIGN_PERSON_AND_ORGANIZATION_ASSIGNMENT ( #7795, #8474, ( #332 ) ) ;
#2593 = DIRECTION ( 'NONE',  ( 0.5568001729333030836, 0.000000000000000000, -0.8306464755968352431 ) ) ;
#2594 = ADVANCED_FACE ( 'NONE', ( #3749 ), #6377, .T. ) ;
#2595 = DIRECTION ( 'NONE',  ( 0.000000000000000000, 1.000000000000000000, 0.000000000000000000 ) ) ;
#2596 = ORIENTED_EDGE ( 'NONE', *, *, #5364, .F. ) ;
#2597 = ORIENTED_EDGE ( 'NONE', *, *, #7488, .F. ) ;
#2598 = DIRECTION ( 'NONE',  ( 0.000000000000000000, -0.000000000000000000, 1.000000000000000000 ) ) ;
#2599 = DIRECTION ( 'NONE',  ( 0.000000000000000000, 1.000000000000000000, 0.000000000000000000 ) ) ;
#2600 = DIRECTION ( 'NONE',  ( 0.000000000000000000, 1.000000000000000000, 0.000000000000000000 ) ) ;
#2601 = VECTOR ( 'NONE', #7556, 100.0000000000000000 ) ;
#2602 = CYLINDRICAL_SURFACE ( 'NONE', #1193, 0.1000000000000000888 ) ;
#2603 = ORIENTED_EDGE ( 'NONE', *, *, #6653, .F. ) ;
#2604 = EDGE_CURVE ( 'NONE', #4604, #8294, #6422, .T. ) ;
#2605 = LINE ( 'NONE', #1758, #1346 ) ;
#2606 = AXIS2_PLACEMENT_3D ( 'NONE', #8679, #1809, #6647 ) ;
#2607 = EDGE_CURVE ( 'NONE', #5984, #4319, #8814, .T. ) ;
#2608 = DIRECTION ( 'NONE',  ( 0.2588190451025201289, -0.000000000000000000, -0.9659258262890684232 ) ) ;
#2609 = LINE ( 'NONE', #5378, #6373 ) ;
#2610 = DIRECTION ( 'NONE',  ( 0.9525563147791390461, 0.000000000000000000, -0.3043623944812919868 ) ) ;
#2611 = DIRECTION ( 'NONE',  ( 0.000000000000000000, 0.000000000000000000, 1.000000000000000000 ) ) ;
#2612 = ORIENTED_EDGE ( 'NONE', *, *, #1857, .T. ) ;
#2613 = CARTESIAN_POINT ( 'NONE',  ( 0.000000000000000000, 0.5999999999999999778, 0.000000000000000000 ) ) ;
#2614 = CARTESIAN_POINT ( 'NONE',  ( -2.447975330630702828, 0.5999999999999999778, -1.234778102581772341 ) ) ;
#2615 = ORIENTED_EDGE ( 'NONE', *, *, #4407, .F. ) ;
#2616 = DIRECTION ( 'NONE',  ( -0.000000000000000000, -1.000000000000000000, 0.000000000000000000 ) ) ;
#2617 = EDGE_CURVE ( 'NONE', #2891, #2738, #2214, .T. ) ;
#2618 = ORIENTED_EDGE ( 'NONE', *, *, #887, .T. ) ;
#2619 = EDGE_CURVE ( 'NONE', #4439, #7634, #5835, .T. ) ;
#2620 = CARTESIAN_POINT ( 'NONE',  ( 0.9834185373505206496, 0.000000000000000000, 2.189266539367740183 ) ) ;
#2621 = CARTESIAN_POINT ( 'NONE',  ( -0.3986086914365977729, 0.5999999999999999778, 2.366666666666620955 ) ) ;
#2622 = ORIENTED_EDGE ( 'NONE', *, *, #3776, .T. ) ;
#2623 = CARTESIAN_POINT ( 'NONE',  ( -2.545719797106954729, 0.000000000000000000, -0.7058615068734153120 ) ) ;
#2624 = ORIENTED_EDGE ( 'NONE', *, *, #5705, .T. ) ;
#2625 = VERTEX_POINT ( 'NONE', #7857 ) ;
#2626 = EDGE_LOOP ( 'NONE', ( #3995, #8046, #4470, #2270 ) ) ;
#2627 = EDGE_CURVE ( 'NONE', #5647, #3971, #5697, .T. ) ;
#2628 = CARTESIAN_POINT ( 'NONE',  ( 2.730068450113459111, 0.5999999999999999778, 0.2529554104723656938 ) ) ;
#2629 = CYLINDRICAL_SURFACE ( 'NONE', #1355, 2.400000000000000355 ) ;
#2630 = DIRECTION ( 'NONE',  ( 0.000000000000000000, 0.000000000000000000, 1.000000000000000000 ) ) ;
#2631 = CIRCLE ( 'NONE', #7685, 2.400000000000000355 ) ;
#2632 = VERTEX_POINT ( 'NONE', #808 ) ;
#2633 = ORIENTED_EDGE ( 'NONE', *, *, #2813, .T. ) ;
#2634 = DIRECTION ( 'NONE',  ( 0.000000000000000000, 0.000000000000000000, 1.000000000000000000 ) ) ;
#2635 = CARTESIAN_POINT ( 'NONE',  ( 2.665728535985686154, 0.5999999999999999778, -0.1808025380540591309 ) ) ;
#2636 = ORIENTED_EDGE ( 'NONE', *, *, #897, .F. ) ;
#2637 = CIRCLE ( 'NONE', #2206, 0.3500050000000000106 ) ;
#2638 = AXIS2_PLACEMENT_3D ( 'NONE', #4599, #1065, #7354 ) ;
#2639 = AXIS2_PLACEMENT_3D ( 'NONE', #1401, #4161, #2038 ) ;
#2640 = PLANE ( 'NONE',  #5242 ) ;
#2641 = LINE ( 'NONE', #6768, #2692 ) ;
#2642 = ORIENTED_EDGE ( 'NONE', *, *, #6800, .T. ) ;
#2643 = AXIS2_PLACEMENT_3D ( 'NONE', #1155, #5331, #3424 ) ;
#2644 = AXIS2_PLACEMENT_3D ( 'NONE', #3763, #4309, #8549 ) ;
#2645 = ORIENTED_EDGE ( 'NONE', *, *, #3311, .F. ) ;
#2646 = CARTESIAN_POINT ( 'NONE',  ( 0.6973863064759876496, 0.000000000000000000, 2.579234484275229278 ) ) ;
#2647 = LINE ( 'NONE', #3961, #4837 ) ;
#2648 = LINE ( 'NONE', #6272, #50 ) ;
#2649 = EDGE_CURVE ( 'NONE', #7671, #8507, #5788, .T. ) ;
#2650 = CARTESIAN_POINT ( 'NONE',  ( 0.8110516387076353029, 0.5999999999999999778, 2.619056208129447505 ) ) ;
#2651 = ORIENTED_EDGE ( 'NONE', *, *, #8922, .T. ) ;
#2652 = CIRCLE ( 'NONE', #2358, 0.1000000000000000888 ) ;
#2653 = CARTESIAN_POINT ( 'NONE',  ( 2.712923616234283575, 0.5999999999999999778, -0.4082915092342445651 ) ) ;
#2654 = CARTESIAN_POINT ( 'NONE',  ( -2.447037941066860345, 0.000000000000000000, 1.240428078936084866 ) ) ;
#2655 = LINE ( 'NONE', #8947, #2465 ) ;
#2656 = FACE_OUTER_BOUND ( 'NONE', #5223, .T. ) ;
#2657 = DIRECTION ( 'NONE',  ( -0.9804954788761413020, 0.000000000000000000, -0.1965416391084758019 ) ) ;
#2658 = ORIENTED_EDGE ( 'NONE', *, *, #2518, .T. ) ;
#2659 = EDGE_CURVE ( 'NONE', #336, #493, #8584, .T. ) ;
#2660 = PLANE ( 'NONE',  #8409 ) ;
#2661 = DIRECTION ( 'NONE',  ( -0.000000000000000000, -1.000000000000000000, 0.000000000000000000 ) ) ;
#2662 = ORIENTED_EDGE ( 'NONE', *, *, #8118, .F. ) ;
#2663 = AXIS2_PLACEMENT_3D ( 'NONE', #6505, #3323, #8843 ) ;
#2664 = CARTESIAN_POINT ( 'NONE',  ( -1.664776807732114339, 0.000000000000000000, 2.051206457844936715 ) ) ;
#2665 = ADVANCED_FACE ( 'NONE', ( #1489 ), #3579, .T. ) ;
#2666 = ORIENTED_EDGE ( 'NONE', *, *, #853, .F. ) ;
#2667 = AXIS2_PLACEMENT_3D ( 'NONE', #3530, #6559, #4559 ) ;
#2668 = AXIS2_PLACEMENT_3D ( 'NONE', #2545, #7345, #7295 ) ;
#2669 = CARTESIAN_POINT ( 'NONE',  ( 2.028878938471578852, 0.000000000000000000, -1.846701588525061943 ) ) ;
#2670 = CARTESIAN_POINT ( 'NONE',  ( 0.000000000000000000, 0.5999999999999999778, 0.000000000000000000 ) ) ;
#2671 = CARTESIAN_POINT ( 'NONE',  ( 2.082446992096522731, 0.000000000000000000, 1.786076994180915367 ) ) ;
#2672 = VERTEX_POINT ( 'NONE', #6732 ) ;
#2673 = ORIENTED_EDGE ( 'NONE', *, *, #3287, .T. ) ;
#2674 = VERTEX_POINT ( 'NONE', #528 ) ;
#2675 = EDGE_CURVE ( 'NONE', #4656, #5110, #1124, .T. ) ;
#2676 = CARTESIAN_POINT ( 'NONE',  ( -1.257985160453157114, 0.000000000000000000, -2.323015946640817120 ) ) ;
#2677 = AXIS2_PLACEMENT_3D ( 'NONE', #6156, #5606, #6923 ) ;
#2678 = DIRECTION ( 'NONE',  ( 0.000000000000000000, 0.000000000000000000, 1.000000000000000000 ) ) ;
#2679 = CARTESIAN_POINT ( 'NONE',  ( 2.316920780517060852, 0.000000000000000000, 1.330667607685411591 ) ) ;
#2680 = ORIENTED_EDGE ( 'NONE', *, *, #264, .T. ) ;
#2681 = ORIENTED_EDGE ( 'NONE', *, *, #3011, .T. ) ;
#2682 = DIRECTION ( 'NONE',  ( -0.9863558345325442733, 0.000000000000000000, -0.1646273600699716400 ) ) ;
#2683 = LINE ( 'NONE', #3358, #5894 ) ;
#2684 = EDGE_CURVE ( 'NONE', #4337, #4307, #6944, .T. ) ;
#2685 = CIRCLE ( 'NONE', #3261, 2.400000000000000355 ) ;
#2686 = EDGE_CURVE ( 'NONE', #5444, #2006, #8521, .T. ) ;
#2687 = CIRCLE ( 'NONE', #2667, 1.500000000000000000 ) ;
#2688 = DIRECTION ( 'NONE',  ( 0.000000000000000000, 0.000000000000000000, -1.000000000000000000 ) ) ;
#2689 = CARTESIAN_POINT ( 'NONE',  ( 0.000000000000000000, 0.5999999999999999778, 0.000000000000000000 ) ) ;
#2690 = EDGE_LOOP ( 'NONE', ( #8820, #4611, #5850, #3400 ) ) ;
#2691 = CIRCLE ( 'NONE', #673, 0.3500050000000000106 ) ;
#2692 = VECTOR ( 'NONE', #8298, 100.0000000000000000 ) ;
#2693 = EDGE_LOOP ( 'NONE', ( #5316, #5663, #885, #5898 ) ) ;
#2694 = LINE ( 'NONE', #8218, #6885 ) ;
#2695 = CARTESIAN_POINT ( 'NONE',  ( -1.300976273446450060, 0.5999999999999999778, -2.299215189623901701 ) ) ;
#2696 = LINE ( 'NONE', #743, #3378 ) ;
#2697 = CARTESIAN_POINT ( 'NONE',  ( 0.4082915092342454533, 0.000000000000000000, 2.712923616234188540 ) ) ;
#2698 = AXIS2_PLACEMENT_3D ( 'NONE', #4204, #2170, #8447 ) ;
#2699 = EDGE_LOOP ( 'NONE', ( #1173, #7660, #734, #8317 ) ) ;
#2700 = VECTOR ( 'NONE', #5619, 100.0000000000000142 ) ;
#2701 = DIRECTION ( 'NONE',  ( 0.000000000000000000, 0.000000000000000000, 1.000000000000000000 ) ) ;
#2702 = ADVANCED_FACE ( 'NONE', ( #3884 ), #7996, .T. ) ;
#2703 = VECTOR ( 'NONE', #7036, 100.0000000000000142 ) ;
#2704 = EDGE_CURVE ( 'NONE', #6817, #8601, #1028, .T. ) ;
#2705 = DIRECTION ( 'NONE',  ( -0.9611163161701273827, 0.000000000000000000, -0.2761438516273062582 ) ) ;
#2706 = CARTESIAN_POINT ( 'NONE',  ( 0.000000000000000000, 0.5999999999999999778, 0.000000000000000000 ) ) ;
#2707 = CARTESIAN_POINT ( 'NONE',  ( 0.000000000000000000, 0.5999999999999999778, 0.000000000000000000 ) ) ;
#2708 = PLANE ( 'NONE',  #1641 ) ;
#2709 = VERTEX_POINT ( 'NONE', #2434 ) ;
#2710 = AXIS2_PLACEMENT_3D ( 'NONE', #8815, #955, #5078 ) ;
#2711 = LINE ( 'NONE', #6105, #4371 ) ;
#2712 = DIRECTION ( 'NONE',  ( 0.000000000000000000, 1.000000000000000000, -0.000000000000000000 ) ) ;
#2713 = ORIENTED_EDGE ( 'NONE', *, *, #820, .F. ) ;
#2714 = AXIS2_PLACEMENT_3D ( 'NONE', #6179, #3269, #4856 ) ;
#2715 = DIRECTION ( 'NONE',  ( 0.000000000000000000, 0.000000000000000000, 1.000000000000000000 ) ) ;
#2716 = EDGE_CURVE ( 'NONE', #5048, #1294, #3112, .T. ) ;
#2717 = ORIENTED_EDGE ( 'NONE', *, *, #2479, .T. ) ;
#2718 = DIRECTION ( 'NONE',  ( -0.6848725880832606805, 0.000000000000000000, 0.7286628425356518335 ) ) ;
#2719 = PLANE ( 'NONE',  #7328 ) ;
#2720 = DIRECTION ( 'NONE',  ( 0.000000000000000000, 0.000000000000000000, 1.000000000000000000 ) ) ;
#2721 = ORIENTED_EDGE ( 'NONE', *, *, #2225, .F. ) ;
#2722 = ORIENTED_EDGE ( 'NONE', *, *, #6577, .F. ) ;
#2723 = VERTEX_POINT ( 'NONE', #2521 ) ;
#2724 = FACE_OUTER_BOUND ( 'NONE', #5306, .T. ) ;
#2725 = LINE ( 'NONE', #2011, #7698 ) ;
#2726 = DIRECTION ( 'NONE',  ( 0.000000000000000000, 0.000000000000000000, 1.000000000000000000 ) ) ;
#2727 = EDGE_CURVE ( 'NONE', #6242, #7458, #4053, .T. ) ;
#2728 = ORIENTED_EDGE ( 'NONE', *, *, #3391, .F. ) ;
#2729 = VERTEX_POINT ( 'NONE', #8042 ) ;
#2730 = DIRECTION ( 'NONE',  ( 0.000000000000000000, 1.000000000000000000, 0.000000000000000000 ) ) ;
#2731 = LINE ( 'NONE', #648, #100 ) ;
#2732 = DIRECTION ( 'NONE',  ( -0.000000000000000000, -1.000000000000000000, -0.000000000000000000 ) ) ;
#2733 = CIRCLE ( 'NONE', #5492, 2.400000000000000355 ) ;
#2734 = DIRECTION ( 'NONE',  ( -0.000000000000000000, 1.000000000000000000, -0.000000000000000000 ) ) ;
#2735 = ADVANCED_FACE ( 'NONE', ( #3290 ), #4646, .T. ) ;
#2736 = VERTEX_POINT ( 'NONE', #7321 ) ;
#2737 = EDGE_CURVE ( 'NONE', #8452, #2871, #5968, .T. ) ;
#2738 = VERTEX_POINT ( 'NONE', #8084 ) ;
#2739 = CARTESIAN_POINT ( 'NONE',  ( 1.345492771289964029, 0.5999999999999999778, -2.390879693008613582 ) ) ;
#2740 = LINE ( 'NONE', #835, #4114 ) ;
#2741 = DIRECTION ( 'NONE',  ( 0.000000000000000000, 1.000000000000000000, -0.000000000000000000 ) ) ;
#2742 = CARTESIAN_POINT ( 'NONE',  ( 2.723782605007173174, 0.5999999999999999778, 0.3281231852440856800 ) ) ;
#2743 = ORIENTED_EDGE ( 'NONE', *, *, #6684, .T. ) ;
#2744 = FACE_OUTER_BOUND ( 'NONE', #4215, .T. ) ;
#2745 = DIRECTION ( 'NONE',  ( 0.000000000000000000, 1.000000000000000000, 0.000000000000000000 ) ) ;
#2746 = DIRECTION ( 'NONE',  ( 0.000000000000000000, 1.000000000000000000, -0.000000000000000000 ) ) ;
#2747 = FACE_BOUND ( 'NONE', #6841, .T. ) ;
#2748 = CARTESIAN_POINT ( 'NONE',  ( 0.000000000000000000, 0.000000000000000000, 0.000000000000000000 ) ) ;
#2749 = ORIENTED_EDGE ( 'NONE', *, *, #1688, .T. ) ;
#2750 = CARTESIAN_POINT ( 'NONE',  ( -2.410503452114888479, 0.000000000000000000, 1.306420027913596238 ) ) ;
#2751 = CARTESIAN_POINT ( 'NONE',  ( 2.336574944427907141, 0.000000000000000000, 1.232618059797797150 ) ) ;
#2752 = ORIENTED_EDGE ( 'NONE', *, *, #6054, .T. ) ;
#2753 = VECTOR ( 'NONE', #3160, 100.0000000000000000 ) ;
#2754 = CARTESIAN_POINT ( 'NONE',  ( -1.333368559246977503, 0.5999999999999999778, 1.995527069526154440 ) ) ;
#2755 = ORIENTED_EDGE ( 'NONE', *, *, #1606, .T. ) ;
#2756 = LINE ( 'NONE', #5696, #1252 ) ;
#2757 = DIRECTION ( 'NONE',  ( -0.3043623944812922644, 0.000000000000000000, -0.9525563147791390461 ) ) ;
#2758 = CARTESIAN_POINT ( 'NONE',  ( 1.786076994181011068, 0.5999999999999999778, -2.082446992096521399 ) ) ;
#2759 = ORIENTED_EDGE ( 'NONE', *, *, #1588, .F. ) ;
#2760 = ORIENTED_EDGE ( 'NONE', *, *, #2432, .F. ) ;
#2761 = VERTEX_POINT ( 'NONE', #1160 ) ;
#2762 = EDGE_CURVE ( 'NONE', #4076, #451, #6365, .T. ) ;
#2763 = CARTESIAN_POINT ( 'NONE',  ( 0.000000000000000000, 0.5999999999999999778, 0.000000000000000000 ) ) ;
#2764 = DIRECTION ( 'NONE',  ( 0.000000000000000000, 1.000000000000000000, 0.000000000000000000 ) ) ;
#2765 = DIRECTION ( 'NONE',  ( 0.000000000000000000, 0.000000000000000000, 1.000000000000000000 ) ) ;
#2766 = ORIENTED_EDGE ( 'NONE', *, *, #6867, .F. ) ;
#2767 = ORIENTED_EDGE ( 'NONE', *, *, #1418, .F. ) ;
#2768 = DIRECTION ( 'NONE',  ( 0.9804954788761439666, 0.000000000000000000, 0.1965416391084622294 ) ) ;
#2769 = DIRECTION ( 'NONE',  ( 0.000000000000000000, 1.000000000000000000, 0.000000000000000000 ) ) ;
#2770 = EDGE_CURVE ( 'NONE', #2355, #4986, #139, .T. ) ;
#2771 = EDGE_CURVE ( 'NONE', #1145, #5505, #7906, .T. ) ;
#2772 = FACE_OUTER_BOUND ( 'NONE', #6325, .T. ) ;
#2773 = DIRECTION ( 'NONE',  ( -0.000000000000000000, -1.000000000000000000, -0.000000000000000000 ) ) ;
#2774 = AXIS2_PLACEMENT_3D ( 'NONE', #1913, #3308, #8828 ) ;
#2775 = ORIENTED_EDGE ( 'NONE', *, *, #4679, .F. ) ;
#2776 = ORIENTED_EDGE ( 'NONE', *, *, #7039, .F. ) ;
#2777 = CARTESIAN_POINT ( 'NONE',  ( -2.545719797106954729, 0.5999999999999999778, -0.7058615068734153120 ) ) ;
#2778 = CARTESIAN_POINT ( 'NONE',  ( 2.336574944427907141, 0.000000000000000000, 1.332618059797797239 ) ) ;
#2779 = DIRECTION ( 'NONE',  ( 0.000000000000000000, 0.000000000000000000, 1.000000000000000000 ) ) ;
#2780 = ORIENTED_EDGE ( 'NONE', *, *, #6752, .F. ) ;
#2781 = CIRCLE ( 'NONE', #1189, 0.3500050000000000106 ) ;
#2782 = EDGE_CURVE ( 'NONE', #7577, #8869, #3242, .T. ) ;
#2783 = AXIS2_PLACEMENT_3D ( 'NONE', #705, #5591, #8347 ) ;
#2784 = AXIS2_PLACEMENT_3D ( 'NONE', #4328, #7091, #4919 ) ;
#2785 = CARTESIAN_POINT ( 'NONE',  ( -2.217310878027079379, 0.5999999999999999778, -0.9184402376762377251 ) ) ;
#2786 = VECTOR ( 'NONE', #66, 100.0000000000000000 ) ;
#2787 = FACE_OUTER_BOUND ( 'NONE', #8953, .T. ) ;
#2788 = FACE_OUTER_BOUND ( 'NONE', #1859, .T. ) ;
#2789 = PLANE ( 'NONE',  #4840 ) ;
#2790 = CARTESIAN_POINT ( 'NONE',  ( -2.207032380760688639, 0.000000000000000000, -1.629620991000054531 ) ) ;
#2791 = EDGE_LOOP ( 'NONE', ( #216, #4487, #1493, #3137 ) ) ;
#2792 = CLOSED_SHELL ( 'NONE', ( #4641, #7811, #6170, #5263, #8341, #2113, #5456, #3297, #8273, #2735, #3789, #8362, #5388, #4335, #4772, #7240, #7853, #2029, #4978, #7049, #8866, #210, #718, #1518, #6394, #5927, #6154, #3205, #3361, #2297, #4968, #64, #1460, #8663, #8508, #8927, #6488, #4423, #2594, #3342, #8541, #6630, #6009, #6722, #7516, #238, #4069, #5132, #3663, #7585, #4731, #1288, #8444, #3700, #8532, #850, #1325, #6720, #276, #8736, #5003, #2448, #2665, #1977, #362, #1716, #5164, #3457, #2275, #3538, #2070, #4440, #3848, #103, #5066, #1010, #6918, #7270, #1334, #3622, #4667, #3229, #4103, #3143, #3717, #1041, #143, #4471, #1205, #5493, #8807, #3837, #3065, #3885, #6450, #4079, #3952, #5943, #8320, #3068, #2865, #2030, #1565, #8009, #4721, #6489, #2285, #728, #8654, #6669, #911, #8902, #8373, #7135, #3567, #3754, #4507, #7395, #4693, #1618, #7407, #7146, #6605, #6447, #4506, #8049, #2366, #4896, #2884, #8846, #8653, #4324, #7283, #7992, #4594, #7771, #4554, #5658, #401, #3010, #7782, #498, #3231, #5345, #4927, #5565, #6099, #8417, #7779, #8837, #3082, #3119, #1449, #7148, #414, #4945, #8291, #552, #5113, #6225, #8821, #6125, #5231, #1166, #5222, #3271, #4288, #5796, #5986, #6113, #788, #381, #6423, #1154, #4937, #4783, #4332, #8939, #2702, #5077, #5530, #7963, #2222, #7539, #4252, #6275, #7061, #3182, #3403, #1765, #7496, #248, #4314, #6076, #7434, #866, #7953, #4653, #5045, #1231, #6030, #1847, #5720, #7359, #458, #833, #1365, #5633, #6880, #5807, #8787, #7974, #1613, #1912, #2894, #6809, #8744, #4771, #5063, #5949, #7512, #8694, #4180, #3533, #3166, #3044, #5178, #4221, #8817, #8877, #8483, #8251, #1585, #4304, #11, #1498, #8361, #5103, #3816, #3755, #1687, #6697, #1867, #3084, #7750, #1700, #5553, #5631, #2505, #7574, #733, #4580, #7964, #6337, #7743, #6564, #4004, #1737, #1955, #427 ) ) ;
#2793 = CC_DESIGN_SECURITY_CLASSIFICATION ( #332, ( #6698 ) ) ;
#2794 = DIRECTION ( 'NONE',  ( 0.8322909278351849904, 0.000000000000000000, -0.5543390762369607705 ) ) ;
#2795 = DIRECTION ( 'NONE',  ( -0.000000000000000000, -1.000000000000000000, 0.000000000000000000 ) ) ;
#2796 = ORIENTED_EDGE ( 'NONE', *, *, #5177, .T. ) ;
#2797 = EDGE_CURVE ( 'NONE', #8961, #3212, #4626, .T. ) ;
#2798 = EDGE_CURVE ( 'NONE', #2093, #8539, #400, .T. ) ;
#2799 = DIRECTION ( 'NONE',  ( -0.000000000000000000, -1.000000000000000000, -0.000000000000000000 ) ) ;
#2800 = AXIS2_PLACEMENT_3D ( 'NONE', #6051, #2512, #5282 ) ;
#2801 = VERTEX_POINT ( 'NONE', #3839 ) ;
#2802 = CARTESIAN_POINT ( 'NONE',  ( -0.3333417546314321744, 0.5999999999999999778, -2.721423057264559464 ) ) ;
#2803 = CYLINDRICAL_SURFACE ( 'NONE', #2893, 2.400000000000000355 ) ;
#2804 = LINE ( 'NONE', #7098, #5727 ) ;
#2805 = ORIENTED_EDGE ( 'NONE', *, *, #3402, .F. ) ;
#2806 = ORIENTED_EDGE ( 'NONE', *, *, #5864, .T. ) ;
#2807 = ORIENTED_EDGE ( 'NONE', *, *, #7213, .T. ) ;
#2808 = CIRCLE ( 'NONE', #57, 0.1000000000000000888 ) ;
#2809 = PLANE ( 'NONE',  #4078 ) ;
#2810 = EDGE_CURVE ( 'NONE', #7181, #4251, #8090, .T. ) ;
#2811 = CARTESIAN_POINT ( 'NONE',  ( -0.8526632993066447508, 0.5999999999999999778, 2.243427132316796246 ) ) ;
#2812 = CARTESIAN_POINT ( 'NONE',  ( 2.579234484275324757, 0.000000000000000000, -0.6973863064759868724 ) ) ;
#2813 = EDGE_CURVE ( 'NONE', #4929, #7195, #6101, .T. ) ;
#2814 = ORIENTED_EDGE ( 'NONE', *, *, #2000, .T. ) ;
#2815 = EDGE_LOOP ( 'NONE', ( #8102, #6007, #3608, #3489 ) ) ;
#2816 = AXIS2_PLACEMENT_3D ( 'NONE', #8436, #6999, #6237 ) ;
#2817 = CARTESIAN_POINT ( 'NONE',  ( 0.07076422490303042878, 0.000000000000000000, 2.398956528258402443 ) ) ;
#2818 = CARTESIAN_POINT ( 'NONE',  ( 0.000000000000000000, 0.2999999999999999889, 0.000000000000000000 ) ) ;
#2819 = LINE ( 'NONE', #2277, #4294 ) ;
#2820 = DIRECTION ( 'NONE',  ( 0.000000000000000000, 1.000000000000000000, 0.000000000000000000 ) ) ;
#2821 = EDGE_CURVE ( 'NONE', #1542, #2013, #5365, .T. ) ;
#2822 = CIRCLE ( 'NONE', #3549, 2.400000000000000355 ) ;
#2823 = ORIENTED_EDGE ( 'NONE', *, *, #323, .F. ) ;
#2824 = LINE ( 'NONE', #60, #7858 ) ;
#2825 = LINE ( 'NONE', #8117, #4874 ) ;
#2826 = CARTESIAN_POINT ( 'NONE',  ( -1.188943870924979551, 0.000000000000000000, 2.359097756358868647 ) ) ;
#2827 = VERTEX_POINT ( 'NONE', #8127 ) ;
#2828 = AXIS2_PLACEMENT_3D ( 'NONE', #8460, #5506, #2024 ) ;
#2829 = CARTESIAN_POINT ( 'NONE',  ( -0.5465684680071659640, 0.4500000000000000666, -0.3960907847707385576 ) ) ;
#2830 = VECTOR ( 'NONE', #1839, 100.0000000000000000 ) ;
#2831 = ORIENTED_EDGE ( 'NONE', *, *, #6066, .T. ) ;
#2832 = CARTESIAN_POINT ( 'NONE',  ( 1.693987021127889570, 0.5999999999999999778, 2.158023279829106134 ) ) ;
#2833 = PLANE ( 'NONE',  #1037 ) ;
#2834 = AXIS2_PLACEMENT_3D ( 'NONE', #3443, #2131, #4925 ) ;
#2835 = EDGE_CURVE ( 'NONE', #3171, #5187, #3040, .T. ) ;
#2836 = CARTESIAN_POINT ( 'NONE',  ( -0.7071067811865462405, 0.000000000000000000, -0.7071067811865486830 ) ) ;
#2837 = DIRECTION ( 'NONE',  ( 0.000000000000000000, 0.000000000000000000, 1.000000000000000000 ) ) ;
#2838 = ORIENTED_EDGE ( 'NONE', *, *, #6821, .F. ) ;
#2839 = LINE ( 'NONE', #797, #7401 ) ;
#2840 = DIRECTION ( 'NONE',  ( 0.9995204884380797239, 0.000000000000000000, -0.03096438587317042537 ) ) ;
#2841 = ORIENTED_EDGE ( 'NONE', *, *, #2649, .F. ) ;
#2842 = AXIS2_PLACEMENT_3D ( 'NONE', #416, #3814, #8655 ) ;
#2843 = AXIS2_PLACEMENT_3D ( 'NONE', #6384, #2223, #5577 ) ;
#2844 = AXIS2_PLACEMENT_3D ( 'NONE', #2456, #6583, #7970 ) ;
#2845 = AXIS2_PLACEMENT_3D ( 'NONE', #2875, #6998, #709 ) ;
#2846 = LINE ( 'NONE', #8318, #1697 ) ;
#2847 = ORIENTED_EDGE ( 'NONE', *, *, #1892, .T. ) ;
#2848 = EDGE_CURVE ( 'NONE', #8782, #5574, #7528, .T. ) ;
#2849 = LINE ( 'NONE', #163, #814 ) ;
#2850 = CARTESIAN_POINT ( 'NONE',  ( 2.735459543879638300, 0.000000000000000000, -0.2095652352663483764 ) ) ;
#2851 = AXIS2_PLACEMENT_3D ( 'NONE', #4201, #5523, #627 ) ;
#2852 = EDGE_CURVE ( 'NONE', #5259, #119, #4192, .T. ) ;
#2853 = FACE_BOUND ( 'NONE', #3389, .T. ) ;
#2854 = ORIENTED_EDGE ( 'NONE', *, *, #1496, .T. ) ;
#2855 = ORIENTED_EDGE ( 'NONE', *, *, #4373, .T. ) ;
#2856 = AXIS2_PLACEMENT_3D ( 'NONE', #8565, #1144, #3224 ) ;
#2857 = AXIS2_PLACEMENT_3D ( 'NONE', #3124, #4709, #1220 ) ;
#2858 = ORIENTED_EDGE ( 'NONE', *, *, #6929, .F. ) ;
#2859 = CARTESIAN_POINT ( 'NONE',  ( 1.751583428095819128, 0.000000000000000000, 2.109316400261462832 ) ) ;
#2860 = CARTESIAN_POINT ( 'NONE',  ( 1.398403686497602161, 0.5999999999999999778, 2.276678570840594773 ) ) ;
#2861 = ORIENTED_EDGE ( 'NONE', *, *, #7054, .F. ) ;
#2862 = ORIENTED_EDGE ( 'NONE', *, *, #8891, .T. ) ;
#2863 = LINE ( 'NONE', #4769, #5680 ) ;
#2864 = CARTESIAN_POINT ( 'NONE',  ( -1.333368559247055440, 0.5999999999999999778, -1.995527069526102260 ) ) ;
#2865 = ADVANCED_FACE ( 'NONE', ( #2788 ), #6197, .T. ) ;
#2866 = CARTESIAN_POINT ( 'NONE',  ( 2.427585015167289306, 0.000000000000000000, 1.116077586671416100 ) ) ;
#2867 = CARTESIAN_POINT ( 'NONE',  ( 0.000000000000000000, 0.000000000000000000, -2.050000000000000266 ) ) ;
#2868 = ORIENTED_EDGE ( 'NONE', *, *, #1650, .T. ) ;
#2869 = LINE ( 'NONE', #3506, #2516 ) ;
#2870 = LINE ( 'NONE', #3008, #4001 ) ;
#2871 = VERTEX_POINT ( 'NONE', #4746 ) ;
#2872 = CIRCLE ( 'NONE', #1785, 0.1000000000000000888 ) ;
#2873 = EDGE_CURVE ( 'NONE', #2938, #6289, #3625, .T. ) ;
#2874 = CARTESIAN_POINT ( 'NONE',  ( 1.333368559247149587, 0.000000000000000000, 1.995527069526024988 ) ) ;
#2875 = CARTESIAN_POINT ( 'NONE',  ( 0.000000000000000000, 0.5999999999999999778, 0.000000000000000000 ) ) ;
#2876 = PLANE ( 'NONE',  #3352 ) ;
#2877 = CARTESIAN_POINT ( 'NONE',  ( -2.160044913421682367, 0.5999999999999999778, -1.688628483116714429 ) ) ;
#2878 = DIRECTION ( 'NONE',  ( 0.000000000000000000, 1.000000000000000000, 0.000000000000000000 ) ) ;
#2879 = ORIENTED_EDGE ( 'NONE', *, *, #7184, .F. ) ;
#2880 = CARTESIAN_POINT ( 'NONE',  ( -1.116077586671414323, 0.000000000000000000, 2.427585015167194715 ) ) ;
#2881 = CARTESIAN_POINT ( 'NONE',  ( 0.7071067811865463515, 0.5999999999999999778, 0.7071067811865487940 ) ) ;
#2882 = ORIENTED_EDGE ( 'NONE', *, *, #1566, .F. ) ;
#2883 = EDGE_CURVE ( 'NONE', #610, #4028, #2655, .T. ) ;
#2884 = ADVANCED_FACE ( 'NONE', ( #4107 ), #5426, .T. ) ;
#2885 = DIRECTION ( 'NONE',  ( 0.000000000000000000, 0.000000000000000000, 1.000000000000000000 ) ) ;
#2886 = VERTEX_POINT ( 'NONE', #8901 ) ;
#2887 = DIRECTION ( 'NONE',  ( 0.000000000000000000, 1.000000000000000000, -0.000000000000000000 ) ) ;
#2888 = DIRECTION ( 'NONE',  ( 0.000000000000000000, 1.000000000000000000, -0.000000000000000000 ) ) ;
#2889 = CARTESIAN_POINT ( 'NONE',  ( -2.189266539367739295, 0.000000000000000000, 0.9834185373504257255 ) ) ;
#2890 = ORIENTED_EDGE ( 'NONE', *, *, #3935, .T. ) ;
#2891 = VERTEX_POINT ( 'NONE', #3431 ) ;
#2892 = ORIENTED_EDGE ( 'NONE', *, *, #1630, .T. ) ;
#2893 = AXIS2_PLACEMENT_3D ( 'NONE', #2670, #1364, #2044 ) ;
#2894 = ADVANCED_FACE ( 'NONE', ( #4695 ), #8310, .T. ) ;
#2895 = EDGE_CURVE ( 'NONE', #5702, #2218, #1321, .T. ) ;
#2896 = LINE ( 'NONE', #2811, #2700 ) ;
#2897 = PLANE ( 'NONE',  #8203 ) ;
#2898 = AXIS2_PLACEMENT_3D ( 'NONE', #5476, #6820, #7456 ) ;
#2899 = CARTESIAN_POINT ( 'NONE',  ( -2.427585015167203597, 0.5999999999999999778, -1.116077586671559096 ) ) ;
#2900 = DIRECTION ( 'NONE',  ( 0.000000000000000000, 1.000000000000000000, 0.000000000000000000 ) ) ;
#2901 = VERTEX_POINT ( 'NONE', #710 ) ;
#2902 = ORIENTED_EDGE ( 'NONE', *, *, #4677, .F. ) ;
#2903 = FACE_OUTER_BOUND ( 'NONE', #3479, .T. ) ;
#2904 = CARTESIAN_POINT ( 'NONE',  ( 0.000000000000000000, 0.000000000000000000, 0.000000000000000000 ) ) ;
#2905 = VECTOR ( 'NONE', #4311, 100.0000000000000000 ) ;
#2906 = EDGE_CURVE ( 'NONE', #5012, #8416, #1751, .T. ) ;
#2907 = EDGE_CURVE ( 'NONE', #4101, #8192, #3329, .T. ) ;
#2908 = CARTESIAN_POINT ( 'NONE',  ( -2.116023764122559658, 0.000000000000000000, 1.631331240123582216 ) ) ;
#2909 = CYLINDRICAL_SURFACE ( 'NONE', #1254, 0.1000000000000000888 ) ;
#2910 = VERTEX_POINT ( 'NONE', #4787 ) ;
#2911 = CARTESIAN_POINT ( 'NONE',  ( 2.336574944427907141, 0.000000000000000000, 1.232618059797797150 ) ) ;
#2912 = DIRECTION ( 'NONE',  ( -0.000000000000000000, -1.000000000000000000, -0.000000000000000000 ) ) ;
#2913 = EDGE_LOOP ( 'NONE', ( #1852, #8451, #2838, #6523 ) ) ;
#2914 = AXIS2_PLACEMENT_3D ( 'NONE', #5988, #1139, #4444 ) ;
#2915 = CARTESIAN_POINT ( 'NONE',  ( 1.188943870925076585, 0.000000000000000000, -2.359097756358962350 ) ) ;
#2916 = VECTOR ( 'NONE', #2900, 100.0000000000000000 ) ;
#2917 = DIRECTION ( 'NONE',  ( -0.000000000000000000, -1.000000000000000000, 0.000000000000000000 ) ) ;
#2918 = CARTESIAN_POINT ( 'NONE',  ( -0.5636016986460542499, 0.5999999999999999778, 1.330649513548161966 ) ) ;
#2919 = EDGE_CURVE ( 'NONE', #2729, #7978, #8825, .T. ) ;
#2920 = CARTESIAN_POINT ( 'NONE',  ( -0.7071067811865462405, 0.2999999999999999889, -0.7071067811865486830 ) ) ;
#2921 = AXIS2_PLACEMENT_3D ( 'NONE', #2059, #4815, #7573 ) ;
#2922 = CARTESIAN_POINT ( 'NONE',  ( 2.299215189623912803, 0.000000000000000000, -1.300976273446553089 ) ) ;
#2923 = EDGE_LOOP ( 'NONE', ( #2879, #476, #8048, #6200 ) ) ;
#2924 = CYLINDRICAL_SURFACE ( 'NONE', #1046, 0.1000000000000000888 ) ;
#2925 = LINE ( 'NONE', #3610, #7692 ) ;
#2926 = ORIENTED_EDGE ( 'NONE', *, *, #3621, .T. ) ;
#2927 = VECTOR ( 'NONE', #7540, 100.0000000000000142 ) ;
#2928 = CIRCLE ( 'NONE', #1049, 0.1000000000000000888 ) ;
#2929 = LINE ( 'NONE', #5694, #3799 ) ;
#2930 = VECTOR ( 'NONE', #8576, 100.0000000000000000 ) ;
#2931 = CARTESIAN_POINT ( 'NONE',  ( 0.000000000000000000, 0.000000000000000000, 0.000000000000000000 ) ) ;
#2932 = CARTESIAN_POINT ( 'NONE',  ( 2.189266539367835218, 0.5999999999999999778, -0.9834185373505203165 ) ) ;
#2933 = EDGE_CURVE ( 'NONE', #6674, #296, #2119, .T. ) ;
#2934 = AXIS2_PLACEMENT_3D ( 'NONE', #6680, #565, #7537 ) ;
#2935 = AXIS2_PLACEMENT_3D ( 'NONE', #5581, #8336, #6 ) ;
#2936 = FACE_BOUND ( 'NONE', #8107, .T. ) ;
#2937 = VERTEX_POINT ( 'NONE', #4878 ) ;
#2938 = VERTEX_POINT ( 'NONE', #7631 ) ;
#2939 = ORIENTED_EDGE ( 'NONE', *, *, #4126, .F. ) ;
#2940 = AXIS2_PLACEMENT_3D ( 'NONE', #3236, #4640, #7220 ) ;
#2941 = DIRECTION ( 'NONE',  ( -0.000000000000000000, 1.000000000000000000, -0.000000000000000000 ) ) ;
#2942 = CARTESIAN_POINT ( 'NONE',  ( -1.751583428095722317, 0.5999999999999999778, -2.109316400261558311 ) ) ;
#2943 = CYLINDRICAL_SURFACE ( 'NONE', #1824, 2.400000000000000355 ) ;
#2944 = ORIENTED_EDGE ( 'NONE', *, *, #7655, .F. ) ;
#2945 = ORIENTED_EDGE ( 'NONE', *, *, #6948, .T. ) ;
#2946 = ORIENTED_EDGE ( 'NONE', *, *, #5159, .F. ) ;
#2947 = EDGE_CURVE ( 'NONE', #2310, #7751, #5219, .T. ) ;
#2948 = DIRECTION ( 'NONE',  ( 0.000000000000000000, 1.000000000000000000, 0.000000000000000000 ) ) ;
#2949 = CARTESIAN_POINT ( 'NONE',  ( 1.664776807732210706, 0.5999999999999999778, -2.051206457845030862 ) ) ;
#2950 = AXIS2_PLACEMENT_3D ( 'NONE', #4500, #1799, #880 ) ;
#2951 = LINE ( 'NONE', #5036, #7954 ) ;
#2952 = CARTESIAN_POINT ( 'NONE',  ( 1.697056274848241397, 0.5999999999999999778, -1.697056274847186907 ) ) ;
#2953 = CARTESIAN_POINT ( 'NONE',  ( 0.3427293705101727150, 0.000000000000000000, -2.649780135015856519 ) ) ;
#2954 = AXIS2_PLACEMENT_3D ( 'NONE', #6209, #1318, #7374 ) ;
#2955 = AXIS2_PLACEMENT_3D ( 'NONE', #4449, #7208, #1006 ) ;
#2956 = EDGE_CURVE ( 'NONE', #4760, #949, #2609, .T. ) ;
#2957 = ORIENTED_EDGE ( 'NONE', *, *, #5732, .F. ) ;
#2958 = EDGE_CURVE ( 'NONE', #6497, #5573, #1609, .T. ) ;
#2959 = DIRECTION ( 'NONE',  ( 0.000000000000000000, 1.000000000000000000, -0.000000000000000000 ) ) ;
#2960 = CARTESIAN_POINT ( 'NONE',  ( 2.627596965865379719, 0.000000000000000000, -0.2732470260463680245 ) ) ;
#2961 = VERTEX_POINT ( 'NONE', #7763 ) ;
#2962 = LINE ( 'NONE', #4910, #3849 ) ;
#2963 = AXIS2_PLACEMENT_3D ( 'NONE', #4481, #8772, #7201 ) ;
#2964 = VERTEX_POINT ( 'NONE', #5734 ) ;
#2965 = LINE ( 'NONE', #2326, #5448 ) ;
#2966 = DIRECTION ( 'NONE',  ( 0.1126796382267744590, -0.000000000000000000, 0.9936313698394808602 ) ) ;
#2967 = CARTESIAN_POINT ( 'NONE',  ( 2.158023279829201613, 0.000000000000000000, -1.693987021127888681 ) ) ;
#2968 = CARTESIAN_POINT ( 'NONE',  ( -0.5374177117645578816, 0.5999999999999999778, -2.339055835819605633 ) ) ;
#2969 = VERTEX_POINT ( 'NONE', #7086 ) ;
#2970 = DIRECTION ( 'NONE',  ( -0.000000000000000000, -1.000000000000000000, 0.000000000000000000 ) ) ;
#2971 = DIRECTION ( 'NONE',  ( 0.000000000000000000, 0.000000000000000000, 1.000000000000000000 ) ) ;
#2972 = VERTEX_POINT ( 'NONE', #8488 ) ;
#2973 = AXIS2_PLACEMENT_3D ( 'NONE', #5981, #7337, #947 ) ;
#2974 = EDGE_CURVE ( 'NONE', #566, #6305, #5008, .T. ) ;
#2975 = AXIS2_PLACEMENT_3D ( 'NONE', #2194, #4957, #6322 ) ;
#2976 = EDGE_CURVE ( 'NONE', #1389, #7869, #3739, .T. ) ;
#2977 = CARTESIAN_POINT ( 'NONE',  ( 2.734163426567552957, 0.5999999999999999778, 0.2039866142974488539 ) ) ;
#2978 = CIRCLE ( 'NONE', #4861, 2.400000000000000355 ) ;
#2979 = CARTESIAN_POINT ( 'NONE',  ( 0.000000000000000000, 0.5999999999999999778, 0.000000000000000000 ) ) ;
#2980 = DIRECTION ( 'NONE',  ( -0.000000000000000000, -1.000000000000000000, 0.000000000000000000 ) ) ;
#2981 = AXIS2_PLACEMENT_3D ( 'NONE', #3914, #3233, #4547 ) ;
#2982 = FACE_BOUND ( 'NONE', #5868, .T. ) ;
#2983 = ORIENTED_EDGE ( 'NONE', *, *, #6412, .T. ) ;
#2984 = ORIENTED_EDGE ( 'NONE', *, *, #6561, .T. ) ;
#2985 = VECTOR ( 'NONE', #1600, 100.0000000000000000 ) ;
#2986 = ORIENTED_EDGE ( 'NONE', *, *, #6182, .T. ) ;
#2987 = AXIS2_PLACEMENT_3D ( 'NONE', #5203, #935, #983 ) ;
#2988 = DESIGN_CONTEXT ( 'detailed design', #6044, 'design' ) ;
#2989 = EDGE_CURVE ( 'NONE', #4177, #1542, #6364, .T. ) ;
#2990 = VECTOR ( 'NONE', #5168, 100.0000000000000000 ) ;
#2991 = VECTOR ( 'NONE', #8660, 100.0000000000000000 ) ;
#2992 = VECTOR ( 'NONE', #3208, 100.0000000000000000 ) ;
#2993 = DIRECTION ( 'NONE',  ( 0.000000000000000000, 0.000000000000000000, 1.000000000000000000 ) ) ;
#2994 = DIRECTION ( 'NONE',  ( 0.000000000000000000, 0.000000000000000000, 1.000000000000000000 ) ) ;
#2995 = EDGE_LOOP ( 'NONE', ( #951, #2015, #2561, #8623 ) ) ;
#2996 = CARTESIAN_POINT ( 'NONE',  ( 0.000000000000000000, 0.5999999999999999778, 2.400000000000000355 ) ) ;
#2997 = ORIENTED_EDGE ( 'NONE', *, *, #2139, .F. ) ;
#2998 = VERTEX_POINT ( 'NONE', #925 ) ;
#2999 = ORIENTED_EDGE ( 'NONE', *, *, #7244, .F. ) ;
#3000 = CARTESIAN_POINT ( 'NONE',  ( -0.8532020157591891918, 0.000000000000000000, 2.607432228139071828 ) ) ;
#3001 = DIRECTION ( 'NONE',  ( -0.3840503253332079869, 0.000000000000000000, 0.9233121615203911947 ) ) ;
#3002 = CARTESIAN_POINT ( 'NONE',  ( -2.482548156321824351, 0.5999999999999999778, -1.167737622746353843 ) ) ;
#3003 = EDGE_CURVE ( 'NONE', #6650, #6289, #151, .T. ) ;
#3004 = CARTESIAN_POINT ( 'NONE',  ( 0.1772313681304959754, 0.000000000000000000, -1.434177131589196463 ) ) ;
#3005 = DIRECTION ( 'NONE',  ( 0.000000000000000000, 0.000000000000000000, 1.000000000000000000 ) ) ;
#3006 = ORIENTED_EDGE ( 'NONE', *, *, #2782, .T. ) ;
#3007 = CARTESIAN_POINT ( 'NONE',  ( -0.7058615068732724263, 0.000000000000000000, 2.545719797106929416 ) ) ;
#3008 = CARTESIAN_POINT ( 'NONE',  ( 0.8532020157592847820, 0.000000000000000000, -2.607432228139166419 ) ) ;
#3009 = ORIENTED_EDGE ( 'NONE', *, *, #4056, .T. ) ;
#3010 = ADVANCED_FACE ( 'NONE', ( #4363 ), #3563, .T. ) ;
#3011 = EDGE_CURVE ( 'NONE', #3439, #2729, #4922, .T. ) ;
#3012 = CARTESIAN_POINT ( 'NONE',  ( 1.300976273446553533, 0.000000000000000000, 2.299215189623817768 ) ) ;
#3013 = CYLINDRICAL_SURFACE ( 'NONE', #3558, 0.3500050000000000106 ) ;
#3014 = CYLINDRICAL_SURFACE ( 'NONE', #3505, 0.1000000000000000888 ) ;
#3015 = CARTESIAN_POINT ( 'NONE',  ( 1.333368559247156249, 0.5999999999999999778, 1.995527069526034980 ) ) ;
#3016 = CARTESIAN_POINT ( 'NONE',  ( 0.000000000000000000, 0.000000000000000000, 0.000000000000000000 ) ) ;
#3017 = ORIENTED_EDGE ( 'NONE', *, *, #7322, .F. ) ;
#3018 = LINE ( 'NONE', #3194, #4224 ) ;
#3019 = CARTESIAN_POINT ( 'NONE',  ( -0.2446220771390319182, 0.000000000000000000, 2.630416277254186141 ) ) ;
#3020 = ORIENTED_EDGE ( 'NONE', *, *, #1107, .T. ) ;
#3021 = CARTESIAN_POINT ( 'NONE',  ( 0.3986086914367168443, 0.5999999999999999778, -2.366666666666667140 ) ) ;
#3022 = DIRECTION ( 'NONE',  ( -0.9999989048468862496, 0.000000000000000000, -0.001479967914611224865 ) ) ;
#3023 = DIRECTION ( 'NONE',  ( 0.7071067811865476838, 0.000000000000000000, 0.7071067811865474617 ) ) ;
#3024 = DIRECTION ( 'NONE',  ( 0.000000000000000000, 1.000000000000000000, -0.000000000000000000 ) ) ;
#3025 = VERTEX_POINT ( 'NONE', #8435 ) ;
#3026 = VERTEX_POINT ( 'NONE', #840 ) ;
#3027 = VERTEX_POINT ( 'NONE', #4235 ) ;
#3028 = CARTESIAN_POINT ( 'NONE',  ( 1.257985160453262363, 0.000000000000000000, 2.323015946640732299 ) ) ;
#3029 = CARTESIAN_POINT ( 'NONE',  ( 1.333368559247663399, 0.5999999999999999778, -1.995527069525695918 ) ) ;
#3030 = ORIENTED_EDGE ( 'NONE', *, *, #2471, .T. ) ;
#3031 = FACE_OUTER_BOUND ( 'NONE', #2430, .T. ) ;
#3032 = ORIENTED_EDGE ( 'NONE', *, *, #7596, .F. ) ;
#3033 = ORIENTED_EDGE ( 'NONE', *, *, #6127, .F. ) ;
#3034 = EDGE_CURVE ( 'NONE', #2138, #6963, #69, .T. ) ;
#3035 = VECTOR ( 'NONE', #1075, 100.0000000000000000 ) ;
#3036 = ORIENTED_EDGE ( 'NONE', *, *, #5864, .F. ) ;
#3037 = DIRECTION ( 'NONE',  ( 0.4843486746042913182, 0.000000000000000000, 0.8748750547415707901 ) ) ;
#3038 = DIRECTION ( 'NONE',  ( 0.000000000000000000, 1.000000000000000000, 0.000000000000000000 ) ) ;
#3039 = DIRECTION ( 'NONE',  ( -0.9936313698394808602, 0.000000000000000000, 0.1126796382267744590 ) ) ;
#3040 = CIRCLE ( 'NONE', #587, 2.400000000000000355 ) ;
#3041 = DIRECTION ( 'NONE',  ( -0.3538925688896682464, 0.000000000000000000, 0.9352860790606644104 ) ) ;
#3042 = DIRECTION ( 'NONE',  ( 0.000000000000000000, 1.000000000000000000, 0.000000000000000000 ) ) ;
#3043 = ORIENTED_EDGE ( 'NONE', *, *, #2797, .T. ) ;
#3044 = ADVANCED_FACE ( 'NONE', ( #8524 ), #3014, .T. ) ;
#3045 = PLANE ( 'NONE',  #7435 ) ;
#3046 = LINE ( 'NONE', #4539, #7893 ) ;
#3047 = ORIENTED_EDGE ( 'NONE', *, *, #6525, .T. ) ;
#3048 = EDGE_CURVE ( 'NONE', #2422, #566, #758, .T. ) ;
#3049 = DIRECTION ( 'NONE',  ( 0.000000000000000000, 1.000000000000000000, -0.000000000000000000 ) ) ;
#3050 = CARTESIAN_POINT ( 'NONE',  ( 1.257985160453262363, 0.000000000000000000, 2.323015946640732299 ) ) ;
#3051 = VERTEX_POINT ( 'NONE', #2248 ) ;
#3052 = CARTESIAN_POINT ( 'NONE',  ( -1.786076994180914701, 0.000000000000000000, 2.082446992096427696 ) ) ;
#3053 = DIRECTION ( 'NONE',  ( 0.000000000000000000, 0.000000000000000000, 1.000000000000000000 ) ) ;
#3054 = CARTESIAN_POINT ( 'NONE',  ( -1.746356292197535298, 0.5999999999999999778, -1.646280565609058222 ) ) ;
#3055 = DIRECTION ( 'NONE',  ( 0.000000000000000000, 0.000000000000000000, 1.000000000000000000 ) ) ;
#3056 = LINE ( 'NONE', #7807, #8421 ) ;
#3057 = DIRECTION ( 'NONE',  ( 0.000000000000000000, 0.000000000000000000, 1.000000000000000000 ) ) ;
#3058 = ORIENTED_EDGE ( 'NONE', *, *, #3648, .T. ) ;
#3059 = EDGE_CURVE ( 'NONE', #8507, #7577, #8275, .T. ) ;
#3060 = CARTESIAN_POINT ( 'NONE',  ( 2.726960102849327772, 0.000000000000000000, -0.2845149898690454426 ) ) ;
#3061 = CARTESIAN_POINT ( 'NONE',  ( -2.366666666666620067, 0.000000000000000000, -0.3986086914366926415 ) ) ;
#3062 = CARTESIAN_POINT ( 'NONE',  ( 0.8705754329431263372, 0.5999999999999999778, 1.153418145417631768 ) ) ;
#3063 = DIRECTION ( 'NONE',  ( -0.000000000000000000, -1.000000000000000000, -0.000000000000000000 ) ) ;
#3064 = ORIENTED_EDGE ( 'NONE', *, *, #6194, .T. ) ;
#3065 = ADVANCED_FACE ( 'NONE', ( #4410 ), #2833, .T. ) ;
#3066 = ORIENTED_EDGE ( 'NONE', *, *, #123, .T. ) ;
#3067 = ORIENTED_EDGE ( 'NONE', *, *, #2078, .T. ) ;
#3068 = ADVANCED_FACE ( 'NONE', ( #5601 ), #2876, .T. ) ;
#3069 = CIRCLE ( 'NONE', #2196, 0.3500049999999999550 ) ;
#3070 = AXIS2_PLACEMENT_3D ( 'NONE', #3785, #8630, #3833 ) ;
#3071 = VECTOR ( 'NONE', #6902, 100.0000000000000000 ) ;
#3072 = CARTESIAN_POINT ( 'NONE',  ( -0.7530904910856193180, 0.5999999999999999778, 2.532150166262649993 ) ) ;
#3073 = ORIENTED_EDGE ( 'NONE', *, *, #4482, .F. ) ;
#3074 = DIRECTION ( 'NONE',  ( -0.9995204884380796129, 0.000000000000000000, 0.03096438587317090069 ) ) ;
#3075 = ORIENTED_EDGE ( 'NONE', *, *, #2568, .F. ) ;
#3076 = ORIENTED_EDGE ( 'NONE', *, *, #2782, .F. ) ;
#3077 = EDGE_LOOP ( 'NONE', ( #7889, #3671, #6295, #3285 ) ) ;
#3078 = LINE ( 'NONE', #5851, #5248 ) ;
#3079 = DIRECTION ( 'NONE',  ( 0.9936313698394809713, 0.000000000000000000, -0.1126796382267744728 ) ) ;
#3080 = AXIS2_PLACEMENT_3D ( 'NONE', #2748, #5429, #7503 ) ;
#3081 = CC_DESIGN_APPROVAL ( #1105, ( #6698 ) ) ;
#3082 = ADVANCED_FACE ( 'NONE', ( #200 ), #4913, .T. ) ;
#3083 = CYLINDRICAL_SURFACE ( 'NONE', #7329, 2.400000000000000355 ) ;
#3084 = ADVANCED_FACE ( 'NONE', ( #3191 ), #1709, .T. ) ;
#3085 = DIRECTION ( 'NONE',  ( 0.000000000000000000, 0.000000000000000000, 1.000000000000000000 ) ) ;
#3086 = LINE ( 'NONE', #5856, #6729 ) ;
#3087 = ORIENTED_EDGE ( 'NONE', *, *, #441, .T. ) ;
#3088 = APPROVAL_DATE_TIME ( #7928, #8454 ) ;
#3089 = AXIS2_PLACEMENT_3D ( 'NONE', #6271, #8258, #5549 ) ;
#3090 = FACE_OUTER_BOUND ( 'NONE', #2579, .T. ) ;
#3091 = DIRECTION ( 'NONE',  ( -0.000000000000000000, -1.000000000000000000, -0.000000000000000000 ) ) ;
#3092 = ORIENTED_EDGE ( 'NONE', *, *, #2517, .T. ) ;
#3093 = CARTESIAN_POINT ( 'NONE',  ( 0.000000000000000000, 0.5999999999999999778, 0.000000000000000000 ) ) ;
#3094 = EDGE_CURVE ( 'NONE', #2264, #5984, #2424, .T. ) ;
#3095 = AXIS2_PLACEMENT_3D ( 'NONE', #3659, #6425, #6970 ) ;
#3096 = CARTESIAN_POINT ( 'NONE',  ( -0.7071067811865462405, 0.2999999999999999889, -1.057111781186548694 ) ) ;
#3097 = CIRCLE ( 'NONE', #8154, 0.09999999999999992228 ) ;
#3098 = ORIENTED_EDGE ( 'NONE', *, *, #5400, .F. ) ;
#3099 = ORIENTED_EDGE ( 'NONE', *, *, #3988, .F. ) ;
#3100 = DIRECTION ( 'NONE',  ( -0.000000000000000000, -1.000000000000000000, -0.000000000000000000 ) ) ;
#3101 = DIRECTION ( 'NONE',  ( 0.000000000000000000, 1.000000000000000000, -0.000000000000000000 ) ) ;
#3102 = DIRECTION ( 'NONE',  ( -0.6457217067881142469, 0.000000000000000000, -0.7635728369858666431 ) ) ;
#3103 = LINE ( 'NONE', #6726, #7849 ) ;
#3104 = DIRECTION ( 'NONE',  ( 0.1936385776162477257, -0.000000000000000000, 0.9810729337102092051 ) ) ;
#3105 = DIRECTION ( 'NONE',  ( -0.000000000000000000, -1.000000000000000000, 0.000000000000000000 ) ) ;
#3106 = ORIENTED_EDGE ( 'NONE', *, *, #6684, .F. ) ;
#3107 = CIRCLE ( 'NONE', #1226, 0.1000000000000000888 ) ;
#3108 = CARTESIAN_POINT ( 'NONE',  ( 0.6210341264648777670, 0.000000000000000000, -2.598675585582238323 ) ) ;
#3109 = AXIS2_PLACEMENT_3D ( 'NONE', #5582, #2274, #3001 ) ;
#3110 = EDGE_CURVE ( 'NONE', #6825, #5384, #1113, .T. ) ;
#3111 = DIRECTION ( 'NONE',  ( 0.2253661878322334167, -0.000000000000000000, 0.9742741305104876126 ) ) ;
#3112 = LINE ( 'NONE', #4608, #4478 ) ;
#3113 = DIRECTION ( 'NONE',  ( 0.000000000000000000, 1.000000000000000000, -0.000000000000000000 ) ) ;
#3114 = CARTESIAN_POINT ( 'NONE',  ( -1.626335788784444736, 0.5999999999999999778, 2.181816911831198524 ) ) ;
#3115 = VERTEX_POINT ( 'NONE', #5234 ) ;
#3116 = VERTEX_POINT ( 'NONE', #2510 ) ;
#3117 = VECTOR ( 'NONE', #5304, 100.0000000000000000 ) ;
#3118 = VECTOR ( 'NONE', #8808, 100.0000000000000000 ) ;
#3119 = ADVANCED_FACE ( 'NONE', ( #7895 ), #3782, .T. ) ;
#3120 = VECTOR ( 'NONE', #6724, 100.0000000000000000 ) ;
#3121 = EDGE_CURVE ( 'NONE', #8395, #6068, #7552, .T. ) ;
#3122 = CIRCLE ( 'NONE', #7304, 0.3500050000000000106 ) ;
#3123 = LINE ( 'NONE', #306, #5016 ) ;
#3124 = CARTESIAN_POINT ( 'NONE',  ( 0.000000000000000000, 0.5999999999999999778, 0.000000000000000000 ) ) ;
#3125 = ORIENTED_EDGE ( 'NONE', *, *, #4592, .T. ) ;
#3126 = MANIFOLD_SOLID_BREP ( 'ÄÆ-µ¹Ãâ4', #2792 ) ;
#3127 = LINE ( 'NONE', #5899, #8897 ) ;
#3128 = ORIENTED_EDGE ( 'NONE', *, *, #5804, .T. ) ;
#3129 = ORIENTED_EDGE ( 'NONE', *, *, #85, .T. ) ;
#3130 = AXIS2_PLACEMENT_3D ( 'NONE', #258, #3111, #8582 ) ;
#3131 = ORIENTED_EDGE ( 'NONE', *, *, #3572, .T. ) ;
#3132 = CARTESIAN_POINT ( 'NONE',  ( -0.7071067811865462405, 0.2999999999999999889, -0.5571067811865486608 ) ) ;
#3133 = CIRCLE ( 'NONE', #8047, 1.500000000000000000 ) ;
#3134 = VECTOR ( 'NONE', #3467, 100.0000000000000000 ) ;
#3135 = DIRECTION ( 'NONE',  ( 0.000000000000000000, 0.000000000000000000, 1.000000000000000000 ) ) ;
#3136 = FACE_BOUND ( 'NONE', #1528, .T. ) ;
#3137 = ORIENTED_EDGE ( 'NONE', *, *, #1630, .F. ) ;
#3138 = AXIS2_PLACEMENT_3D ( 'NONE', #7876, #5386, #4027 ) ;
#3139 = LINE ( 'NONE', #7079, #6430 ) ;
#3140 = LINE ( 'NONE', #6668, #1988 ) ;
#3141 = AXIS2_PLACEMENT_3D ( 'NONE', #1287, #4045, #6804 ) ;
#3142 = AXIS2_PLACEMENT_3D ( 'NONE', #1905, #3982, #540 ) ;
#3143 = ADVANCED_FACE ( 'NONE', ( #8028 ), #5327, .T. ) ;
#3144 = ORIENTED_EDGE ( 'NONE', *, *, #8207, .F. ) ;
#3145 = CARTESIAN_POINT ( 'NONE',  ( -1.697056274847666080, 0.5999999999999999778, 1.697056274847762447 ) ) ;
#3146 = CARTESIAN_POINT ( 'NONE',  ( -1.434177131589198462, 0.000000000000000000, 0.1772313681304759359 ) ) ;
#3147 = EDGE_LOOP ( 'NONE', ( #2173, #5323, #409, #7178 ) ) ;
#3148 = ORIENTED_EDGE ( 'NONE', *, *, #5177, .F. ) ;
#3149 = FACE_OUTER_BOUND ( 'NONE', #3931, .T. ) ;
#3150 = CARTESIAN_POINT ( 'NONE',  ( -0.9184402376762178521, 0.5999999999999999778, -2.217310878027087817 ) ) ;
#3151 = EDGE_CURVE ( 'NONE', #7024, #4622, #4457, .T. ) ;
#3152 = DIRECTION ( 'NONE',  ( 0.7635728369858666431, 0.000000000000000000, -0.6457217067881142469 ) ) ;
#3153 = DIRECTION ( 'NONE',  ( 0.7286628425356181937, 0.000000000000000000, 0.6848725880832966517 ) ) ;
#3154 = EDGE_CURVE ( 'NONE', #7101, #1494, #3915, .T. ) ;
#3155 = CARTESIAN_POINT ( 'NONE',  ( 2.217310878027110910, 0.000000000000000000, -0.9184402376763248776 ) ) ;
#3156 = CYLINDRICAL_SURFACE ( 'NONE', #3942, 0.1000000000000000888 ) ;
#3157 = ORIENTED_EDGE ( 'NONE', *, *, #1775, .F. ) ;
#3158 = LINE ( 'NONE', #8636, #5974 ) ;
#3159 = LINE ( 'NONE', #5928, #519 ) ;
#3160 = DIRECTION ( 'NONE',  ( 0.000000000000000000, 1.000000000000000000, 0.000000000000000000 ) ) ;
#3161 = CARTESIAN_POINT ( 'NONE',  ( 2.508844294584677836, 0.000000000000000000, -0.8274237474221348698 ) ) ;
#3162 = ORIENTED_EDGE ( 'NONE', *, *, #1509, .F. ) ;
#3163 = ORIENTED_EDGE ( 'NONE', *, *, #1766, .T. ) ;
#3164 = EDGE_CURVE ( 'NONE', #6939, #949, #290, .T. ) ;
#3165 = ORIENTED_EDGE ( 'NONE', *, *, #5682, .F. ) ;
#3166 = ADVANCED_FACE ( 'NONE', ( #5821 ), #7259, .T. ) ;
#3167 = PLANE ( 'NONE',  #3427 ) ;
#3168 = CARTESIAN_POINT ( 'NONE',  ( 2.160044913421790724, 0.5999999999999999778, 1.688628483116583201 ) ) ;
#3169 = ORIENTED_EDGE ( 'NONE', *, *, #8175, .T. ) ;
#3170 = DIRECTION ( 'NONE',  ( 0.1965416391084624237, 0.000000000000000000, -0.9804954788761439666 ) ) ;
#3171 = VERTEX_POINT ( 'NONE', #3150 ) ;
#3172 = EDGE_LOOP ( 'NONE', ( #5397, #1148, #3598, #2370 ) ) ;
#3173 = ORIENTED_EDGE ( 'NONE', *, *, #1805, .F. ) ;
#3174 = EDGE_CURVE ( 'NONE', #2499, #7869, #3829, .T. ) ;
#3175 = EDGE_CURVE ( 'NONE', #2901, #2497, #430, .T. ) ;
#3176 = CARTESIAN_POINT ( 'NONE',  ( -0.1808025380539415861, 0.5999999999999999778, -2.665728535985651959 ) ) ;
#3177 = LINE ( 'NONE', #593, #621 ) ;
#3178 = ORIENTED_EDGE ( 'NONE', *, *, #4063, .T. ) ;
#3179 = ORIENTED_EDGE ( 'NONE', *, *, #5946, .T. ) ;
#3180 = LINE ( 'NONE', #5407, #1951 ) ;
#3181 = CYLINDRICAL_SURFACE ( 'NONE', #2844, 0.1000000000000000888 ) ;
#3182 = ADVANCED_FACE ( 'NONE', ( #2557 ), #8075, .T. ) ;
#3183 = VERTEX_POINT ( 'NONE', #338 ) ;
#3184 = EDGE_CURVE ( 'NONE', #7164, #8100, #8701, .T. ) ;
#3185 = VECTOR ( 'NONE', #5929, 100.0000000000000000 ) ;
#3186 = CARTESIAN_POINT ( 'NONE',  ( -1.487715782862878422, 0.5999999999999999778, 0.1915770065031124070 ) ) ;
#3187 = CARTESIAN_POINT ( 'NONE',  ( -1.330649513548147533, 0.5999999999999999778, 0.5636016986461265255 ) ) ;
#3188 = ORIENTED_EDGE ( 'NONE', *, *, #2852, .T. ) ;
#3189 = EDGE_LOOP ( 'NONE', ( #6089, #6932, #7417, #3163 ) ) ;
#3190 = CARTESIAN_POINT ( 'NONE',  ( 0.000000000000000000, 0.5999999999999999778, 0.000000000000000000 ) ) ;
#3191 = FACE_OUTER_BOUND ( 'NONE', #5840, .T. ) ;
#3192 = CARTESIAN_POINT ( 'NONE',  ( 2.109316400261558755, 0.000000000000000000, -1.751583428095818018 ) ) ;
#3193 = CARTESIAN_POINT ( 'NONE',  ( 0.4207093742621254573, 0.5999999999999999778, 2.638522656287547896 ) ) ;
#3194 = CARTESIAN_POINT ( 'NONE',  ( 2.581141827647937870, 0.000000000000000000, -0.9297114442668632517 ) ) ;
#3195 = DIRECTION ( 'NONE',  ( 0.000000000000000000, 0.000000000000000000, 1.000000000000000000 ) ) ;
#3196 = ORIENTED_EDGE ( 'NONE', *, *, #6777, .T. ) ;
#3197 = DIRECTION ( 'NONE',  ( -0.000000000000000000, -1.000000000000000000, -0.000000000000000000 ) ) ;
#3198 = EDGE_CURVE ( 'NONE', #3660, #544, #3643, .T. ) ;
#3199 = CARTESIAN_POINT ( 'NONE',  ( -9.367506770274758310E-15, 0.000000000000000000, -2.400000000000000799 ) ) ;
#3200 = PLANE ( 'NONE',  #5145 ) ;
#3201 = ORIENTED_EDGE ( 'NONE', *, *, #5904, .F. ) ;
#3202 = ORIENTED_EDGE ( 'NONE', *, *, #5693, .F. ) ;
#3203 = VERTEX_POINT ( 'NONE', #4499 ) ;
#3204 = AXIS2_PLACEMENT_3D ( 'NONE', #1735, #320, #3085 ) ;
#3205 = ADVANCED_FACE ( 'NONE', ( #6594 ), #389, .F. ) ;
#3206 = ORIENTED_EDGE ( 'NONE', *, *, #2906, .F. ) ;
#3207 = DIRECTION ( 'NONE',  ( 0.000000000000000000, 1.000000000000000000, 0.000000000000000000 ) ) ;
#3208 = DIRECTION ( 'NONE',  ( 0.000000000000000000, 1.000000000000000000, 0.000000000000000000 ) ) ;
#3209 = ORIENTED_EDGE ( 'NONE', *, *, #7315, .F. ) ;
#3210 = AXIS2_PLACEMENT_3D ( 'NONE', #982, #3747, #6510 ) ;
#3211 = FACE_OUTER_BOUND ( 'NONE', #6145, .T. ) ;
#3212 = VERTEX_POINT ( 'NONE', #7534 ) ;
#3213 = EDGE_LOOP ( 'NONE', ( #3401, #6971, #1862, #3058 ) ) ;
#3214 = ORIENTED_EDGE ( 'NONE', *, *, #1080, .F. ) ;
#3215 = AXIS2_PLACEMENT_3D ( 'NONE', #2356, #3722, #3673 ) ;
#3216 = CIRCLE ( 'NONE', #6402, 0.1000000000000000888 ) ;
#3217 = DIRECTION ( 'NONE',  ( 0.5295578847522597332, 0.000000000000000000, -0.8482738040849266969 ) ) ;
#3218 = DIRECTION ( 'NONE',  ( 0.000000000000000000, 1.000000000000000000, 0.000000000000000000 ) ) ;
#3219 = EDGE_CURVE ( 'NONE', #6796, #8349, #4739, .T. ) ;
#3220 = ORIENTED_EDGE ( 'NONE', *, *, #3853, .T. ) ;
#3221 = AXIS2_PLACEMENT_3D ( 'NONE', #7805, #795, #6367 ) ;
#3222 = ORIENTED_EDGE ( 'NONE', *, *, #6286, .F. ) ;
#3223 = FACE_OUTER_BOUND ( 'NONE', #745, .T. ) ;
#3224 = DIRECTION ( 'NONE',  ( 0.000000000000000000, 0.000000000000000000, 1.000000000000000000 ) ) ;
#3225 = ORIENTED_EDGE ( 'NONE', *, *, #7013, .F. ) ;
#3226 = DIRECTION ( 'NONE',  ( 0.6848725880832605695, 0.000000000000000000, -0.7286628425356521666 ) ) ;
#3227 = VECTOR ( 'NONE', #1572, 100.0000000000000142 ) ;
#3228 = DIRECTION ( 'NONE',  ( 0.000000000000000000, 1.000000000000000000, -0.000000000000000000 ) ) ;
#3229 = ADVANCED_FACE ( 'NONE', ( #2227 ), #3539, .T. ) ;
#3230 = VERTEX_POINT ( 'NONE', #1296 ) ;
#3231 = ADVANCED_FACE ( 'NONE', ( #822 ), #605, .T. ) ;
#3232 = ORIENTED_EDGE ( 'NONE', *, *, #3003, .T. ) ;
#3233 = DIRECTION ( 'NONE',  ( 0.000000000000000000, 1.000000000000000000, -0.000000000000000000 ) ) ;
#3234 = DIRECTION ( 'NONE',  ( -0.000000000000000000, -1.000000000000000000, -0.000000000000000000 ) ) ;
#3235 = FACE_OUTER_BOUND ( 'NONE', #7330, .T. ) ;
#3236 = CARTESIAN_POINT ( 'NONE',  ( -1.664776807732114339, 0.5999999999999999778, 2.051206457844936715 ) ) ;
#3237 = CARTESIAN_POINT ( 'NONE',  ( 1.995527069526090269, 0.5999999999999999778, 1.333368559247073426 ) ) ;
#3238 = ORIENTED_EDGE ( 'NONE', *, *, #441, .F. ) ;
#3239 = VECTOR ( 'NONE', #2150, 100.0000000000000000 ) ;
#3240 = DIRECTION ( 'NONE',  ( -0.8138680219351948075, 0.000000000000000000, 0.5810497765865616504 ) ) ;
#3241 = CARTESIAN_POINT ( 'NONE',  ( -0.9834185373504160665, 0.000000000000000000, -2.189266539367825448 ) ) ;
#3242 = LINE ( 'NONE', #349, #7802 ) ;
#3243 = VECTOR ( 'NONE', #2466, 100.0000000000000000 ) ;
#3244 = CARTESIAN_POINT ( 'NONE',  ( 1.687011257417007970, 0.000000000000000000, 2.132959116562876734 ) ) ;
#3245 = ORIENTED_EDGE ( 'NONE', *, *, #4844, .T. ) ;
#3246 = ORIENTED_EDGE ( 'NONE', *, *, #1841, .T. ) ;
#3247 = FACE_OUTER_BOUND ( 'NONE', #7068, .T. ) ;
#3248 = ORIENTED_EDGE ( 'NONE', *, *, #1302, .F. ) ;
#3249 = EDGE_CURVE ( 'NONE', #8079, #3183, #774, .T. ) ;
#3250 = CARTESIAN_POINT ( 'NONE',  ( 0.000000000000000000, 0.5999999999999999778, 0.000000000000000000 ) ) ;
#3251 = ORIENTED_EDGE ( 'NONE', *, *, #247, .F. ) ;
#3252 = DIRECTION ( 'NONE',  ( 0.000000000000000000, 0.000000000000000000, 1.000000000000000000 ) ) ;
#3253 = DIRECTION ( 'NONE',  ( 8.673617379884027583E-16, 0.000000000000000000, 1.000000000000000000 ) ) ;
#3254 = ORIENTED_EDGE ( 'NONE', *, *, #2055, .F. ) ;
#3255 = DIRECTION ( 'NONE',  ( -0.000000000000000000, -1.000000000000000000, 0.000000000000000000 ) ) ;
#3256 = VERTEX_POINT ( 'NONE', #6420 ) ;
#3257 = ORIENTED_EDGE ( 'NONE', *, *, #2617, .T. ) ;
#3258 = CC_DESIGN_DATE_AND_TIME_ASSIGNMENT ( #2411, #6533, ( #332 ) ) ;
#3259 = ORIENTED_EDGE ( 'NONE', *, *, #1269, .F. ) ;
#3260 = EDGE_CURVE ( 'NONE', #3825, #3732, #6335, .T. ) ;
#3261 = AXIS2_PLACEMENT_3D ( 'NONE', #4526, #6620, #5938 ) ;
#3262 = CARTESIAN_POINT ( 'NONE',  ( -0.1808025380539416416, 0.000000000000000000, -2.665728535985651959 ) ) ;
#3263 = APPROVAL_STATUS ( 'not_yet_approved' ) ;
#3264 = LINE ( 'NONE', #3947, #1051 ) ;
#3265 = VECTOR ( 'NONE', #632, 100.0000000000000142 ) ;
#3266 = ORIENTED_EDGE ( 'NONE', *, *, #4932, .T. ) ;
#3267 = VERTEX_POINT ( 'NONE', #4374 ) ;
#3268 = DIRECTION ( 'NONE',  ( 0.000000000000000000, 1.000000000000000000, 0.000000000000000000 ) ) ;
#3269 = DIRECTION ( 'NONE',  ( 0.000000000000000000, 1.000000000000000000, -0.000000000000000000 ) ) ;
#3270 = AXIS2_PLACEMENT_3D ( 'NONE', #8738, #6579, #1095 ) ;
#3271 = ADVANCED_FACE ( 'NONE', ( #1666 ), #2335, .T. ) ;
#3272 = VERTEX_POINT ( 'NONE', #1531 ) ;
#3273 = AXIS2_PLACEMENT_3D ( 'NONE', #2654, #8178, #3472 ) ;
#3274 = EDGE_CURVE ( 'NONE', #1319, #8100, #257, .T. ) ;
#3275 = CYLINDRICAL_SURFACE ( 'NONE', #7544, 2.050000000000000266 ) ;
#3276 = CARTESIAN_POINT ( 'NONE',  ( 0.8526632993067405630, 0.5999999999999999778, -2.243427132316890837 ) ) ;
#3277 = ORIENTED_EDGE ( 'NONE', *, *, #2049, .F. ) ;
#3278 = AXIS2_PLACEMENT_3D ( 'NONE', #6966, #34, #3340 ) ;
#3279 = VERTEX_POINT ( 'NONE', #3060 ) ;
#3280 = AXIS2_PLACEMENT_3D ( 'NONE', #5707, #7106, #4303 ) ;
#3281 = LINE ( 'NONE', #6676, #1099 ) ;
#3282 = LINE ( 'NONE', #4639, #638 ) ;
#3283 = FACE_OUTER_BOUND ( 'NONE', #5819, .T. ) ;
#3284 = CARTESIAN_POINT ( 'NONE',  ( 0.000000000000000000, 0.000000000000000000, 0.000000000000000000 ) ) ;
#3285 = ORIENTED_EDGE ( 'NONE', *, *, #7854, .T. ) ;
#3286 = EDGE_CURVE ( 'NONE', #2163, #4369, #3655, .T. ) ;
#3287 = EDGE_CURVE ( 'NONE', #5232, #7110, #7403, .T. ) ;
#3288 = CARTESIAN_POINT ( 'NONE',  ( 0.5465684680071660750, 0.2999999999999999889, -0.3960907847707385576 ) ) ;
#3289 = CARTESIAN_POINT ( 'NONE',  ( 2.359097756358963682, 0.000000000000000000, 1.188943870924981105 ) ) ;
#3290 = FACE_OUTER_BOUND ( 'NONE', #2400, .T. ) ;
#3291 = DIRECTION ( 'NONE',  ( -0.08333333333333109438, 0.000000000000000000, 0.9965217285917833401 ) ) ;
#3292 = VERTEX_POINT ( 'NONE', #7055 ) ;
#3293 = ORIENTED_EDGE ( 'NONE', *, *, #6994, .T. ) ;
#3294 = CARTESIAN_POINT ( 'NONE',  ( -5.898059818321142543E-15, 0.5999999999999999778, -2.400000000000000355 ) ) ;
#3295 = CARTESIAN_POINT ( 'NONE',  ( -0.3333417546314321744, 0.000000000000000000, -2.721423057264559464 ) ) ;
#3296 = ORIENTED_EDGE ( 'NONE', *, *, #8288, .F. ) ;
#3297 = ADVANCED_FACE ( 'NONE', ( #299 ), #2298, .F. ) ;
#3298 = DIRECTION ( 'NONE',  ( 0.000000000000000000, 0.000000000000000000, 1.000000000000000000 ) ) ;
#3299 = ORIENTED_EDGE ( 'NONE', *, *, #2659, .F. ) ;
#3300 = CARTESIAN_POINT ( 'NONE',  ( -1.306420027913586024, 0.000000000000000000, -2.410503452114974188 ) ) ;
#3301 = DIRECTION ( 'NONE',  ( 0.000000000000000000, 1.000000000000000000, -0.000000000000000000 ) ) ;
#3302 = ORIENTED_EDGE ( 'NONE', *, *, #7524, .T. ) ;
#3303 = CYLINDRICAL_SURFACE ( 'NONE', #5447, 0.1000000000000000056 ) ;
#3304 = VERTEX_POINT ( 'NONE', #2977 ) ;
#3305 = ORIENTED_EDGE ( 'NONE', *, *, #265, .F. ) ;
#3306 = ORIENTED_EDGE ( 'NONE', *, *, #6180, .T. ) ;
#3307 = CIRCLE ( 'NONE', #8364, 0.1000000000000000888 ) ;
#3308 = DIRECTION ( 'NONE',  ( 0.000000000000000000, 1.000000000000000000, 0.000000000000000000 ) ) ;
#3309 = CARTESIAN_POINT ( 'NONE',  ( 1.626335788784541103, 0.000000000000000000, -2.081816911831292138 ) ) ;
#3310 = DIRECTION ( 'NONE',  ( 0.5295578847522598442, 0.000000000000000000, -0.8482738040849264749 ) ) ;
#3311 = EDGE_CURVE ( 'NONE', #856, #8579, #1579, .T. ) ;
#3312 = EDGE_LOOP ( 'NONE', ( #8962, #6802, #4911, #5380 ) ) ;
#3313 = ORIENTED_EDGE ( 'NONE', *, *, #7205, .T. ) ;
#3314 = CARTESIAN_POINT ( 'NONE',  ( 0.000000000000000000, 0.5999999999999999778, -1.500000000000000000 ) ) ;
#3315 = DIRECTION ( 'NONE',  ( 0.000000000000000000, 1.000000000000000000, 0.000000000000000000 ) ) ;
#3316 = VERTEX_POINT ( 'NONE', #4969 ) ;
#3317 = DIRECTION ( 'NONE',  ( 0.000000000000000000, 0.000000000000000000, 1.000000000000000000 ) ) ;
#3318 = LINE ( 'NONE', #7575, #1246 ) ;
#3319 = ORIENTED_EDGE ( 'NONE', *, *, #7253, .T. ) ;
#3320 = EDGE_CURVE ( 'NONE', #5266, #4985, #3612, .T. ) ;
#3321 = ORIENTED_EDGE ( 'NONE', *, *, #8849, .F. ) ;
#3322 = LINE ( 'NONE', #5957, #232 ) ;
#3323 = DIRECTION ( 'NONE',  ( 0.000000000000000000, 1.000000000000000000, 0.000000000000000000 ) ) ;
#3324 = CARTESIAN_POINT ( 'NONE',  ( 2.028878938471578852, 0.5999999999999999778, -1.846701588525061943 ) ) ;
#3325 = AXIS2_PLACEMENT_3D ( 'NONE', #6339, #125, #1856 ) ;
#3326 = DIRECTION ( 'NONE',  ( 0.2588190451025217942, -0.000000000000000000, 0.9659258262890679791 ) ) ;
#3327 = ORIENTED_EDGE ( 'NONE', *, *, #1911, .T. ) ;
#3328 = DIRECTION ( 'NONE',  ( 0.000000000000000000, 1.000000000000000000, 0.000000000000000000 ) ) ;
#3329 = CIRCLE ( 'NONE', #4483, 0.1000000000000000888 ) ;
#3330 = PLANE ( 'NONE',  #4728 ) ;
#3331 = DIRECTION ( 'NONE',  ( 0.000000000000000000, 1.000000000000000000, -0.000000000000000000 ) ) ;
#3332 = EDGE_CURVE ( 'NONE', #5215, #5293, #2929, .T. ) ;
#3333 = FACE_OUTER_BOUND ( 'NONE', #5295, .T. ) ;
#3334 = DIRECTION ( 'NONE',  ( 0.5810497765865225706, 0.000000000000000000, 0.8138680219352227851 ) ) ;
#3335 = ORIENTED_EDGE ( 'NONE', *, *, #7244, .T. ) ;
#3336 = FACE_OUTER_BOUND ( 'NONE', #8788, .T. ) ;
#3337 = DIRECTION ( 'NONE',  ( 0.000000000000000000, 1.000000000000000000, 0.000000000000000000 ) ) ;
#3339 = VERTEX_POINT ( 'NONE', #2257 ) ;
#3338 = VECTOR ( 'NONE', #913, 100.0000000000000000 ) ;
#3340 = DIRECTION ( 'NONE',  ( 0.000000000000000000, 0.000000000000000000, -1.000000000000000000 ) ) ;
#3341 = ORIENTED_EDGE ( 'NONE', *, *, #4895, .T. ) ;
#3342 = ADVANCED_FACE ( 'NONE', ( #4331 ), #5831, .T. ) ;
#3343 = CARTESIAN_POINT ( 'NONE',  ( -0.7071067811865462405, 0.5999999999999999778, -0.7071067811865486830 ) ) ;
#3344 = DIRECTION ( 'NONE',  ( 0.000000000000000000, 1.000000000000000000, 0.000000000000000000 ) ) ;
#3345 = EDGE_CURVE ( 'NONE', #3256, #3685, #8580, .T. ) ;
#3346 = FACE_OUTER_BOUND ( 'NONE', #2036, .T. ) ;
#3347 = EDGE_LOOP ( 'NONE', ( #1399, #6121, #6704, #8034 ) ) ;
#3348 = ORIENTED_EDGE ( 'NONE', *, *, #7124, .T. ) ;
#3349 = ORIENTED_EDGE ( 'NONE', *, *, #2619, .T. ) ;
#3350 = AXIS2_PLACEMENT_3D ( 'NONE', #5865, #7487, #2018 ) ;
#3351 = CARTESIAN_POINT ( 'NONE',  ( -2.545719797106954729, 0.000000000000000000, -0.7058615068734153120 ) ) ;
#3352 = AXIS2_PLACEMENT_3D ( 'NONE', #1522, #4278, #8354 ) ;
#3353 = FACE_OUTER_BOUND ( 'NONE', #4387, .T. ) ;
#3354 = CIRCLE ( 'NONE', #6810, 0.1000000000000000888 ) ;
#3355 = ORIENTED_EDGE ( 'NONE', *, *, #5832, .T. ) ;
#3356 = VERTEX_POINT ( 'NONE', #5151 ) ;
#3357 = CARTESIAN_POINT ( 'NONE',  ( -0.2732470260462505074, 0.000000000000000000, -2.627596965865345524 ) ) ;
#3358 = CARTESIAN_POINT ( 'NONE',  ( 0.7806153992595061819, 0.000000000000000000, 2.623800576651533767 ) ) ;
#3359 = AXIS2_PLACEMENT_3D ( 'NONE', #5690, #8439, #28 ) ;
#3360 = EDGE_CURVE ( 'NONE', #6315, #4469, #3069, .T. ) ;
#3361 = ADVANCED_FACE ( 'NONE', ( #8495 ), #5785, .F. ) ;
#3362 = CIRCLE ( 'NONE', #8854, 0.1000000000000000888 ) ;
#3363 = CARTESIAN_POINT ( 'NONE',  ( 0.000000000000000000, 0.5999999999999999778, 0.000000000000000000 ) ) ;
#3364 = LINE ( 'NONE', #6136, #5150 ) ;
#3365 = AXIS2_PLACEMENT_3D ( 'NONE', #418, #4671, #2630 ) ;
#3366 = VECTOR ( 'NONE', #7545, 100.0000000000000000 ) ;
#3367 = VERTEX_POINT ( 'NONE', #7183 ) ;
#3368 = AXIS2_PLACEMENT_3D ( 'NONE', #7850, #1662, #4415 ) ;
#3369 = AXIS2_PLACEMENT_3D ( 'NONE', #4938, #8378, #4178 ) ;
#3370 = ORIENTED_EDGE ( 'NONE', *, *, #8581, .F. ) ;
#3371 = CARTESIAN_POINT ( 'NONE',  ( -2.505747855997265461, 0.000000000000000000, 0.9273757962658479848 ) ) ;
#3372 = DIRECTION ( 'NONE',  ( -0.000000000000000000, -1.000000000000000000, -0.000000000000000000 ) ) ;
#3373 = CARTESIAN_POINT ( 'NONE',  ( -2.390879693008521656, 0.000000000000000000, -1.345492771290010880 ) ) ;
#3374 = CARTESIAN_POINT ( 'NONE',  ( 2.627596965865379719, 0.5999999999999999778, -0.2732470260463680245 ) ) ;
#3375 = FACE_OUTER_BOUND ( 'NONE', #1091, .T. ) ;
#3376 = EDGE_CURVE ( 'NONE', #4924, #7256, #8124, .T. ) ;
#3377 = ORIENTED_EDGE ( 'NONE', *, *, #6578, .T. ) ;
#3378 = VECTOR ( 'NONE', #4779, 100.0000000000000000 ) ;
#3379 = EDGE_CURVE ( 'NONE', #7458, #2443, #1715, .T. ) ;
#3380 = LOCAL_TIME ( 23, 19, 4.000000000000000000, #2238 ) ;
#3381 = DIRECTION ( 'NONE',  ( 0.000000000000000000, 1.000000000000000000, 0.000000000000000000 ) ) ;
#3382 = DIRECTION ( 'NONE',  ( 0.000000000000000000, 0.000000000000000000, 1.000000000000000000 ) ) ;
#3383 = DIRECTION ( 'NONE',  ( 0.000000000000000000, 1.000000000000000000, -0.000000000000000000 ) ) ;
#3384 = CARTESIAN_POINT ( 'NONE',  ( 2.619056208129542540, 0.000000000000000000, -0.8110516387076346367 ) ) ;
#3385 = LINE ( 'NONE', #6152, #184 ) ;
#3386 = ORIENTED_EDGE ( 'NONE', *, *, #5001, .F. ) ;
#3387 = DIRECTION ( 'NONE',  ( 0.8482738040849021610, 0.000000000000000000, 0.5295578847522989241 ) ) ;
#3388 = DIRECTION ( 'NONE',  ( -0.000000000000000000, -1.000000000000000000, 0.000000000000000000 ) ) ;
#3389 = EDGE_LOOP ( 'NONE', ( #2749, #8306, #895, #8666 ) ) ;
#3390 = AXIS2_PLACEMENT_3D ( 'NONE', #6910, #14, #7035 ) ;
#3391 = EDGE_CURVE ( 'NONE', #672, #610, #317, .T. ) ;
#3392 = CARTESIAN_POINT ( 'NONE',  ( 2.734163426567552957, 0.000000000000000000, 0.2039866142974488539 ) ) ;
#3393 = ORIENTED_EDGE ( 'NONE', *, *, #1911, .F. ) ;
#3394 = AXIS2_PLACEMENT_3D ( 'NONE', #5838, #8586, #8498 ) ;
#3395 = VECTOR ( 'NONE', #1919, 100.0000000000000000 ) ;
#3396 = FACE_OUTER_BOUND ( 'NONE', #4343, .T. ) ;
#3397 = DIRECTION ( 'NONE',  ( 0.2761438516273066468, 0.000000000000000000, -0.9611163161701271607 ) ) ;
#3398 = CARTESIAN_POINT ( 'NONE',  ( 1.232618059797892629, 0.5999999999999999778, -2.336574944427905809 ) ) ;
#3399 = VERTEX_POINT ( 'NONE', #1854 ) ;
#3400 = ORIENTED_EDGE ( 'NONE', *, *, #1188, .F. ) ;
#3401 = ORIENTED_EDGE ( 'NONE', *, *, #4991, .F. ) ;
#3402 = EDGE_CURVE ( 'NONE', #412, #1670, #5240, .T. ) ;
#3403 = ADVANCED_FACE ( 'NONE', ( #5965 ), #6645, .T. ) ;
#3404 = CARTESIAN_POINT ( 'NONE',  ( -2.532002169471212483, 0.000000000000000000, -0.8530903815704531379 ) ) ;
#3405 = AXIS2_PLACEMENT_3D ( 'NONE', #2751, #4241, #6241 ) ;
#3406 = CARTESIAN_POINT ( 'NONE',  ( 0.000000000000000000, 0.000000000000000000, 0.000000000000000000 ) ) ;
#3407 = DIRECTION ( 'NONE',  ( 0.000000000000000000, 0.000000000000000000, 1.000000000000000000 ) ) ;
#3408 = ORIENTED_EDGE ( 'NONE', *, *, #7023, .F. ) ;
#3409 = VERTEX_POINT ( 'NONE', #4605 ) ;
#3410 = DIRECTION ( 'NONE',  ( 0.000000000000000000, 0.000000000000000000, 1.000000000000000000 ) ) ;
#3411 = CARTESIAN_POINT ( 'NONE',  ( -0.9184402376761279241, 0.5999999999999999778, 2.217310878027124676 ) ) ;
#3412 = VECTOR ( 'NONE', #2396, 100.0000000000000142 ) ;
#3413 = VECTOR ( 'NONE', #2734, 100.0000000000000000 ) ;
#3414 = VECTOR ( 'NONE', #3750, 100.0000000000000000 ) ;
#3415 = CARTESIAN_POINT ( 'NONE',  ( 0.000000000000000000, 0.5999999999999999778, 0.000000000000000000 ) ) ;
#3416 = DIRECTION ( 'NONE',  ( -0.4843486746042907076, 0.000000000000000000, -0.8748750547415710122 ) ) ;
#3417 = VERTEX_POINT ( 'NONE', #7360 ) ;
#3418 = AXIS2_PLACEMENT_3D ( 'NONE', #973, #3100, #5733 ) ;
#3419 = CIRCLE ( 'NONE', #8763, 2.400000000000000355 ) ;
#3420 = ORIENTED_EDGE ( 'NONE', *, *, #3379, .T. ) ;
#3421 = DIRECTION ( 'NONE',  ( 0.000000000000000000, 0.000000000000000000, -1.000000000000000000 ) ) ;
#3422 = LINE ( 'NONE', #8303, #1072 ) ;
#3423 = CARTESIAN_POINT ( 'NONE',  ( 0.2529554104724850427, 0.000000000000000000, -2.730068450113410261 ) ) ;
#3424 = DIRECTION ( 'NONE',  ( 0.000000000000000000, 0.000000000000000000, 1.000000000000000000 ) ) ;
#3425 = AXIS2_PLACEMENT_3D ( 'NONE', #7096, #890, #3656 ) ;
#3426 = ORIENTED_EDGE ( 'NONE', *, *, #677, .F. ) ;
#3427 = AXIS2_PLACEMENT_3D ( 'NONE', #7150, #7912, #2305 ) ;
#3428 = DIRECTION ( 'NONE',  ( 0.000000000000000000, 0.000000000000000000, 1.000000000000000000 ) ) ;
#3429 = AXIS2_PLACEMENT_3D ( 'NONE', #1085, #5211, #1170 ) ;
#3430 = DIRECTION ( 'NONE',  ( 0.2588190451025229599, 0.000000000000000000, -0.9659258262890676461 ) ) ;
#3431 = CARTESIAN_POINT ( 'NONE',  ( -2.638522656287547008, 0.5999999999999999778, 0.4207093742620307553 ) ) ;
#3432 = EDGE_CURVE ( 'NONE', #8880, #5266, #4941, .T. ) ;
#3433 = PLANE ( 'NONE',  #65 ) ;
#3434 = CARTESIAN_POINT ( 'NONE',  ( 0.9834185373505206496, 0.000000000000000000, 2.189266539367740183 ) ) ;
#3435 = ORIENTED_EDGE ( 'NONE', *, *, #7054, .T. ) ;
#3436 = AXIS2_PLACEMENT_3D ( 'NONE', #5608, #1406, #4838 ) ;
#3437 = LINE ( 'NONE', #8951, #899 ) ;
#3438 = CARTESIAN_POINT ( 'NONE',  ( -2.627596965865283796, 0.000000000000000000, 0.2732470260462742662 ) ) ;
#3439 = VERTEX_POINT ( 'NONE', #4508 ) ;
#3440 = CIRCLE ( 'NONE', #2714, 2.050000000000000266 ) ;
#3441 = FACE_OUTER_BOUND ( 'NONE', #4909, .T. ) ;
#3442 = ORIENTED_EDGE ( 'NONE', *, *, #5667, .F. ) ;
#3443 = CARTESIAN_POINT ( 'NONE',  ( -1.300976273446450060, 0.000000000000000000, -2.299215189623901701 ) ) ;
#3444 = CARTESIAN_POINT ( 'NONE',  ( 2.642014306544196334, 0.5999999999999999778, -0.7392001813110355979 ) ) ;
#3445 = EDGE_CURVE ( 'NONE', #7206, #7078, #6055, .T. ) ;
#3446 = CARTESIAN_POINT ( 'NONE',  ( -0.7807048762483498328, 0.000000000000000000, 2.628261797879662520 ) ) ;
#3447 = ORIENTED_EDGE ( 'NONE', *, *, #1959, .F. ) ;
#3448 = EDGE_LOOP ( 'NONE', ( #6808, #3067, #678, #4491 ) ) ;
#3449 = PRODUCT ( '±â¾î_ºÕ¾Ï', '±â¾î_ºÕ¾Ï', '', ( #6036 ) ) ;
#3450 = VERTEX_POINT ( 'NONE', #3288 ) ;
#3451 = EDGE_CURVE ( 'NONE', #7751, #5215, #3158, .T. ) ;
#3452 = DIRECTION ( 'NONE',  ( -0.000000000000000000, -1.000000000000000000, 0.000000000000000000 ) ) ;
#3453 = DATE_AND_TIME ( #1282, #38 ) ;
#3454 = LINE ( 'NONE', #6215, #266 ) ;
#3455 = EDGE_LOOP ( 'NONE', ( #7776, #531, #4184, #6612 ) ) ;
#3456 = EDGE_LOOP ( 'NONE', ( #4946, #6670, #7399, #496 ) ) ;
#3457 = ADVANCED_FACE ( 'NONE', ( #2431 ), #3921, .F. ) ;
#3458 = CARTESIAN_POINT ( 'NONE',  ( 2.712923616234283575, 0.000000000000000000, -0.4082915092342445651 ) ) ;
#3459 = DIRECTION ( 'NONE',  ( 0.000000000000000000, 1.000000000000000000, -0.000000000000000000 ) ) ;
#3460 = DIRECTION ( 'NONE',  ( 0.000000000000000000, 1.000000000000000000, -0.000000000000000000 ) ) ;
#3461 = LINE ( 'NONE', #10, #674 ) ;
#3462 = ORIENTED_EDGE ( 'NONE', *, *, #2848, .T. ) ;
#3463 = EDGE_CURVE ( 'NONE', #6350, #7652, #7271, .T. ) ;
#3464 = ORIENTED_EDGE ( 'NONE', *, *, #7702, .T. ) ;
#3465 = EDGE_CURVE ( 'NONE', #2144, #2108, #7945, .T. ) ;
#3466 = LINE ( 'NONE', #6403, #2369 ) ;
#3467 = DIRECTION ( 'NONE',  ( -0.000000000000000000, -1.000000000000000000, -0.000000000000000000 ) ) ;
#3468 = FACE_OUTER_BOUND ( 'NONE', #4271, .T. ) ;
#3469 = VERTEX_POINT ( 'NONE', #8718 ) ;
#3470 = DIRECTION ( 'NONE',  ( -0.7071067811865475727, 0.000000000000000000, -0.7071067811865475727 ) ) ;
#3471 = ORIENTED_EDGE ( 'NONE', *, *, #2933, .F. ) ;
#3472 = DIRECTION ( 'NONE',  ( 0.4843486746042913182, 0.000000000000000000, 0.8748750547415707901 ) ) ;
#3473 = DIRECTION ( 'NONE',  ( 0.8322909278351861007, 0.000000000000000000, -0.5543390762369591052 ) ) ;
#3474 = DIRECTION ( 'NONE',  ( 0.000000000000000000, 1.000000000000000000, -0.000000000000000000 ) ) ;
#3475 = LINE ( 'NONE', #6280, #5104 ) ;
#3476 = EDGE_LOOP ( 'NONE', ( #444, #5524, #1651, #7474 ) ) ;
#3477 = DIRECTION ( 'NONE',  ( 0.000000000000000000, 0.000000000000000000, 1.000000000000000000 ) ) ;
#3478 = CARTESIAN_POINT ( 'NONE',  ( 0.7071067811865463515, 0.2999999999999999889, 1.057111781186548694 ) ) ;
#3479 = EDGE_LOOP ( 'NONE', ( #7044, #4975, #5711, #2189 ) ) ;
#3480 = EDGE_CURVE ( 'NONE', #4962, #1446, #8804, .T. ) ;
#3481 = EDGE_CURVE ( 'NONE', #8284, #4439, #2605, .T. ) ;
#3482 = AXIS2_PLACEMENT_3D ( 'NONE', #5204, #482, #4558 ) ;
#3483 = DIRECTION ( 'NONE',  ( 0.7286628425356519445, -0.000000000000000000, 0.6848725880832606805 ) ) ;
#3484 = ORIENTED_EDGE ( 'NONE', *, *, #8300, .T. ) ;
#3485 = CARTESIAN_POINT ( 'NONE',  ( 0.1808025380540600191, 0.5999999999999999778, 2.665728535985591119 ) ) ;
#3486 = LINE ( 'NONE', #4799, #8050 ) ;
#3487 = FACE_OUTER_BOUND ( 'NONE', #6769, .T. ) ;
#3488 = ORIENTED_EDGE ( 'NONE', *, *, #8470, .T. ) ;
#3489 = ORIENTED_EDGE ( 'NONE', *, *, #3891, .F. ) ;
#3490 = ORIENTED_EDGE ( 'NONE', *, *, #7606, .F. ) ;
#3491 = EDGE_CURVE ( 'NONE', #635, #1277, #3966, .T. ) ;
#3492 = CARTESIAN_POINT ( 'NONE',  ( -1.188943870924979551, 0.5999999999999999778, 2.359097756358868647 ) ) ;
#3493 = LINE ( 'NONE', #47, #3859 ) ;
#3494 = DIRECTION ( 'NONE',  ( 0.000000000000000000, 1.000000000000000000, -0.000000000000000000 ) ) ;
#3495 = VERTEX_POINT ( 'NONE', #8081 ) ;
#3496 = ORIENTED_EDGE ( 'NONE', *, *, #3901, .F. ) ;
#3497 = DIRECTION ( 'NONE',  ( 0.000000000000000000, 1.000000000000000000, 0.000000000000000000 ) ) ;
#3498 = DIRECTION ( 'NONE',  ( -0.1646273600699716677, 0.000000000000000000, 0.9863558345325443844 ) ) ;
#3499 = LINE ( 'NONE', #4942, #4067 ) ;
#3500 = EDGE_CURVE ( 'NONE', #8705, #4148, #5288, .T. ) ;
#3501 = DIRECTION ( 'NONE',  ( -0.000000000000000000, -1.000000000000000000, -0.000000000000000000 ) ) ;
#3502 = CIRCLE ( 'NONE', #2774, 0.1500000000000000500 ) ;
#3503 = ORIENTED_EDGE ( 'NONE', *, *, #2243, .T. ) ;
#3504 = CIRCLE ( 'NONE', #2491, 0.1000000000000000888 ) ;
#3505 = AXIS2_PLACEMENT_3D ( 'NONE', #5776, #5685, #5092 ) ;
#3506 = CARTESIAN_POINT ( 'NONE',  ( 2.723782605007173174, 0.000000000000000000, 0.3281231852440856800 ) ) ;
#3507 = DIRECTION ( 'NONE',  ( 0.000000000000000000, 1.000000000000000000, 0.000000000000000000 ) ) ;
#3508 = CYLINDRICAL_SURFACE ( 'NONE', #8132, 0.1000000000000000888 ) ;
#3509 = ORIENTED_EDGE ( 'NONE', *, *, #8954, .T. ) ;
#3510 = AXIS2_PLACEMENT_3D ( 'NONE', #343, #4416, #205 ) ;
#3511 = EDGE_CURVE ( 'NONE', #3934, #637, #7993, .T. ) ;
#3512 = AXIS2_PLACEMENT_3D ( 'NONE', #3309, #1372, #6128 ) ;
#3513 = AXIS2_PLACEMENT_3D ( 'NONE', #953, #5075, #864 ) ;
#3514 = EDGE_CURVE ( 'NONE', #7078, #1655, #4949, .T. ) ;
#3515 = DIRECTION ( 'NONE',  ( 0.7071067811865475727, 0.000000000000000000, -0.7071067811865475727 ) ) ;
#3516 = LINE ( 'NONE', #5515, #5891 ) ;
#3517 = CARTESIAN_POINT ( 'NONE',  ( 2.081816911831293471, 0.5999999999999999778, 1.626335788784445402 ) ) ;
#3518 = DIRECTION ( 'NONE',  ( -0.1126796382267744728, 0.000000000000000000, -0.9936313698394809713 ) ) ;
#3519 = DIRECTION ( 'NONE',  ( -0.000000000000000000, -1.000000000000000000, 0.000000000000000000 ) ) ;
#3520 = ORIENTED_EDGE ( 'NONE', *, *, #323, .T. ) ;
#3521 = AXIS2_PLACEMENT_3D ( 'NONE', #4789, #4748, #2837 ) ;
#3522 = CARTESIAN_POINT ( 'NONE',  ( -2.619056208129447505, 0.5999999999999999778, 0.8110516387075393796 ) ) ;
#3523 = CARTESIAN_POINT ( 'NONE',  ( 2.505747855997360496, 0.000000000000000000, -0.9273757962659427978 ) ) ;
#3524 = ORIENTED_EDGE ( 'NONE', *, *, #3891, .T. ) ;
#3525 = CARTESIAN_POINT ( 'NONE',  ( -0.7071067811865462405, 0.000000000000000000, 0.7071067811865487940 ) ) ;
#3526 = VERTEX_POINT ( 'NONE', #4464 ) ;
#3527 = CARTESIAN_POINT ( 'NONE',  ( 0.07076422490303042878, 0.5999999999999999778, 2.398956528258402443 ) ) ;
#3528 = CARTESIAN_POINT ( 'NONE',  ( 1.631331240123677695, 0.5999999999999999778, 2.116023764122560102 ) ) ;
#3529 = CIRCLE ( 'NONE', #6997, 2.400000000000000355 ) ;
#3530 = CARTESIAN_POINT ( 'NONE',  ( 0.000000000000000000, 0.5999999999999999778, 0.000000000000000000 ) ) ;
#3531 = EDGE_LOOP ( 'NONE', ( #3542, #42, #8136, #4238 ) ) ;
#3532 = ORIENTED_EDGE ( 'NONE', *, *, #3260, .T. ) ;
#3533 = ADVANCED_FACE ( 'NONE', ( #7224 ), #1026, .T. ) ;
#3534 = ORIENTED_EDGE ( 'NONE', *, *, #3500, .F. ) ;
#3535 = AXIS2_PLACEMENT_3D ( 'NONE', #8526, #390, #7261 ) ;
#3536 = DIRECTION ( 'NONE',  ( -0.6848725880832606805, 0.000000000000000000, 0.7286628425356518335 ) ) ;
#3537 = DIRECTION ( 'NONE',  ( 0.000000000000000000, 0.000000000000000000, -1.000000000000000000 ) ) ;
#3538 = ADVANCED_FACE ( 'NONE', ( #8675 ), #2472, .F. ) ;
#3539 = CYLINDRICAL_SURFACE ( 'NONE', #1482, 2.400000000000000355 ) ;
#3540 = ORIENTED_EDGE ( 'NONE', *, *, #7907, .T. ) ;
#3541 = EDGE_CURVE ( 'NONE', #3795, #128, #614, .T. ) ;
#3542 = ORIENTED_EDGE ( 'NONE', *, *, #358, .F. ) ;
#3543 = CIRCLE ( 'NONE', #2816, 2.400000000000000355 ) ;
#3544 = CARTESIAN_POINT ( 'NONE',  ( -0.8274237474220257349, 0.5999999999999999778, -2.508844294584655632 ) ) ;
#3545 = LINE ( 'NONE', #6983, #5289 ) ;
#3546 = AXIS2_PLACEMENT_3D ( 'NONE', #5341, #954, #6528 ) ;
#3547 = CARTESIAN_POINT ( 'NONE',  ( -1.584075160862660869, 0.000000000000000000, -1.301232448388041973 ) ) ;
#3548 = CARTESIAN_POINT ( 'NONE',  ( 2.740449271673838894, 0.5999999999999999778, 0.1288188395257291452 ) ) ;
#3549 = AXIS2_PLACEMENT_3D ( 'NONE', #8657, #4993, #7749 ) ;
#3550 = ORIENTED_EDGE ( 'NONE', *, *, #4040, .T. ) ;
#3551 = EDGE_CURVE ( 'NONE', #5340, #7100, #6098, .T. ) ;
#3552 = VECTOR ( 'NONE', #494, 100.0000000000000142 ) ;
#3553 = CARTESIAN_POINT ( 'NONE',  ( -2.579234484275229278, 0.5999999999999999778, 0.6973863064758915042 ) ) ;
#3554 = DIRECTION ( 'NONE',  ( 0.000000000000000000, 1.000000000000000000, -0.000000000000000000 ) ) ;
#3555 = ORIENTED_EDGE ( 'NONE', *, *, #1863, .T. ) ;
#3556 = EDGE_CURVE ( 'NONE', #3526, #4258, #1303, .T. ) ;
#3557 = VECTOR ( 'NONE', #618, 100.0000000000000142 ) ;
#3558 = AXIS2_PLACEMENT_3D ( 'NONE', #4498, #7129, #1656 ) ;
#3559 = CARTESIAN_POINT ( 'NONE',  ( 2.641831428724037423, 0.000000000000000000, 0.7334758920360040513 ) ) ;
#3560 = VECTOR ( 'NONE', #6857, 100.0000000000000000 ) ;
#3561 = ORIENTED_EDGE ( 'NONE', *, *, #7705, .F. ) ;
#3562 = DIRECTION ( 'NONE',  ( 0.000000000000000000, 0.000000000000000000, 1.000000000000000000 ) ) ;
#3563 = PLANE ( 'NONE',  #6518 ) ;
#3564 = AXIS2_PLACEMENT_3D ( 'NONE', #8957, #2887, #5651 ) ;
#3565 = DIRECTION ( 'NONE',  ( 0.000000000000000000, 0.000000000000000000, 1.000000000000000000 ) ) ;
#3566 = DIRECTION ( 'NONE',  ( -0.000000000000000000, -1.000000000000000000, -0.000000000000000000 ) ) ;
#3567 = ADVANCED_FACE ( 'NONE', ( #2744 ), #4827, .T. ) ;
#3568 = ORIENTED_EDGE ( 'NONE', *, *, #339, .F. ) ;
#3569 = CARTESIAN_POINT ( 'NONE',  ( -1.789105181557039348, 0.5999999999999999778, -2.077585818039219490 ) ) ;
#3570 = FACE_OUTER_BOUND ( 'NONE', #1308, .T. ) ;
#3571 = ORIENTED_EDGE ( 'NONE', *, *, #7686, .F. ) ;
#3572 = EDGE_CURVE ( 'NONE', #4469, #3887, #707, .T. ) ;
#3573 = AXIS2_PLACEMENT_3D ( 'NONE', #6617, #2441, #2993 ) ;
#3574 = VECTOR ( 'NONE', #2110, 100.0000000000000142 ) ;
#3575 = AXIS2_PLACEMENT_3D ( 'NONE', #4191, #5556, #8224 ) ;
#3576 = CARTESIAN_POINT ( 'NONE',  ( -2.032959116562876201, 0.5999999999999999778, 1.687011257416912491 ) ) ;
#3577 = ORIENTED_EDGE ( 'NONE', *, *, #7667, .T. ) ;
#3578 = LINE ( 'NONE', #3527, #7605 ) ;
#3579 = CYLINDRICAL_SURFACE ( 'NONE', #3325, 2.400000000000000355 ) ;
#3580 = DIRECTION ( 'NONE',  ( 0.000000000000000000, 0.000000000000000000, 1.000000000000000000 ) ) ;
#3581 = ORIENTED_EDGE ( 'NONE', *, *, #6964, .T. ) ;
#3582 = EDGE_CURVE ( 'NONE', #3495, #8841, #5674, .T. ) ;
#3583 = ORIENTED_EDGE ( 'NONE', *, *, #5315, .F. ) ;
#3584 = AXIS2_PLACEMENT_3D ( 'NONE', #3997, #6134, #8791 ) ;
#3585 = CIRCLE ( 'NONE', #1415, 0.1000000000000000888 ) ;
#3586 = EDGE_LOOP ( 'NONE', ( #7248, #581, #7547, #2241 ) ) ;
#3587 = EDGE_CURVE ( 'NONE', #4142, #8579, #8944, .T. ) ;
#3588 = CARTESIAN_POINT ( 'NONE',  ( -2.028878938471482929, 0.000000000000000000, 1.846701588524967796 ) ) ;
#3589 = DIRECTION ( 'NONE',  ( -0.7060595114480024970, 0.000000000000000000, -0.7081525021447061530 ) ) ;
#3590 = CARTESIAN_POINT ( 'NONE',  ( 0.1915770065031300040, 0.5999999999999999778, -1.487715782862875535 ) ) ;
#3591 = ORIENTED_EDGE ( 'NONE', *, *, #612, .T. ) ;
#3592 = ORIENTED_EDGE ( 'NONE', *, *, #2244, .F. ) ;
#3593 = CYLINDRICAL_SURFACE ( 'NONE', #469, 0.3500050000000000106 ) ;
#3594 = DIRECTION ( 'NONE',  ( 0.000000000000000000, 0.000000000000000000, 1.000000000000000000 ) ) ;
#3595 = CARTESIAN_POINT ( 'NONE',  ( -0.1915770065030700242, 0.000000000000000000, 1.487715782862883751 ) ) ;
#3596 = EDGE_CURVE ( 'NONE', #1746, #2972, #746, .T. ) ;
#3597 = DIRECTION ( 'NONE',  ( -0.9352860790606477570, 0.000000000000000000, -0.3538925688897124333 ) ) ;
#3598 = ORIENTED_EDGE ( 'NONE', *, *, #1083, .F. ) ;
#3599 = DIRECTION ( 'NONE',  ( 0.000000000000000000, 1.000000000000000000, 0.000000000000000000 ) ) ;
#3600 = CYLINDRICAL_SURFACE ( 'NONE', #5890, 0.6750000000000000444 ) ;
#3601 = VERTEX_POINT ( 'NONE', #8174 ) ;
#3602 = EDGE_CURVE ( 'NONE', #5622, #8058, #3216, .T. ) ;
#3603 = DIRECTION ( 'NONE',  ( 0.000000000000000000, 1.000000000000000000, 0.000000000000000000 ) ) ;
#3604 = CARTESIAN_POINT ( 'NONE',  ( -2.189266539367739295, 0.000000000000000000, 0.9834185373504257255 ) ) ;
#3605 = CARTESIAN_POINT ( 'NONE',  ( 0.2095652352663492646, 0.000000000000000000, 2.735459543879543265 ) ) ;
#3606 = DIRECTION ( 'NONE',  ( 0.000000000000000000, 0.000000000000000000, 1.000000000000000000 ) ) ;
#3607 = DIRECTION ( 'NONE',  ( 0.000000000000000000, 0.000000000000000000, 1.000000000000000000 ) ) ;
#3608 = ORIENTED_EDGE ( 'NONE', *, *, #8797, .F. ) ;
#3609 = DIRECTION ( 'NONE',  ( 0.000000000000000000, 0.000000000000000000, -1.000000000000000000 ) ) ;
#3610 = CARTESIAN_POINT ( 'NONE',  ( -2.447975330630702828, 0.000000000000000000, -1.234778102581772341 ) ) ;
#3611 = ORIENTED_EDGE ( 'NONE', *, *, #6287, .T. ) ;
#3612 = LINE ( 'NONE', #6375, #7115 ) ;
#3613 = EDGE_CURVE ( 'NONE', #7581, #5561, #5514, .T. ) ;
#3614 = CARTESIAN_POINT ( 'NONE',  ( 2.398956528258497478, 0.5999999999999999778, -0.07076422490302955448 ) ) ;
#3615 = DIRECTION ( 'NONE',  ( -0.000000000000000000, 1.000000000000000000, -0.000000000000000000 ) ) ;
#3616 = CYLINDRICAL_SURFACE ( 'NONE', #8153, 0.1000000000000000888 ) ;
#3617 = ORIENTED_EDGE ( 'NONE', *, *, #1417, .T. ) ;
#3618 = ORIENTED_EDGE ( 'NONE', *, *, #7431, .T. ) ;
#3619 = ORIENTED_EDGE ( 'NONE', *, *, #5878, .F. ) ;
#3620 = AXIS2_PLACEMENT_3D ( 'NONE', #2474, #7948, #7362 ) ;
#3621 = EDGE_CURVE ( 'NONE', #7358, #2094, #7584, .T. ) ;
#3622 = ADVANCED_FACE ( 'NONE', ( #4104 ), #4744, .T. ) ;
#3623 = CARTESIAN_POINT ( 'NONE',  ( 2.163203714024812818, 0.000000000000000000, 1.568230811125788993 ) ) ;
#3624 = DIRECTION ( 'NONE',  ( -0.000000000000000000, 1.000000000000000000, -0.000000000000000000 ) ) ;
#3625 = CIRCLE ( 'NONE', #7952, 2.050000000000000266 ) ;
#3626 = DIRECTION ( 'NONE',  ( -0.000000000000000000, -1.000000000000000000, -0.000000000000000000 ) ) ;
#3627 = ORIENTED_EDGE ( 'NONE', *, *, #1242, .F. ) ;
#3628 = ORIENTED_EDGE ( 'NONE', *, *, #8761, .T. ) ;
#3629 = ORIENTED_EDGE ( 'NONE', *, *, #3881, .T. ) ;
#3630 = LINE ( 'NONE', #7112, #7979 ) ;
#3631 = DIRECTION ( 'NONE',  ( 0.000000000000000000, 0.000000000000000000, 1.000000000000000000 ) ) ;
#3632 = CARTESIAN_POINT ( 'NONE',  ( -2.386702695097973947, 0.5999999999999999778, 1.349411140906887629 ) ) ;
#3633 = CARTESIAN_POINT ( 'NONE',  ( 0.000000000000000000, 0.5999999999999999778, 0.000000000000000000 ) ) ;
#3634 = DIRECTION ( 'NONE',  ( 0.000000000000000000, 0.000000000000000000, 1.000000000000000000 ) ) ;
#3635 = ORIENTED_EDGE ( 'NONE', *, *, #2471, .F. ) ;
#3636 = LINE ( 'NONE', #5042, #6565 ) ;
#3637 = EDGE_CURVE ( 'NONE', #5048, #2497, #6232, .T. ) ;
#3638 = LINE ( 'NONE', #7708, #3712 ) ;
#3639 = EDGE_CURVE ( 'NONE', #3356, #2738, #6276, .T. ) ;
#3640 = EDGE_LOOP ( 'NONE', ( #8016, #1369, #3355, #4504 ) ) ;
#3641 = AXIS2_PLACEMENT_3D ( 'NONE', #7529, #3460, #5500 ) ;
#3642 = DIRECTION ( 'NONE',  ( 0.000000000000000000, 1.000000000000000000, 0.000000000000000000 ) ) ;
#3643 = CIRCLE ( 'NONE', #606, 2.400000000000000355 ) ;
#3644 = CARTESIAN_POINT ( 'NONE',  ( -1.629620990999919972, 0.000000000000000000, 2.207032380760702850 ) ) ;
#3645 = DIRECTION ( 'NONE',  ( -0.4843486746042915958, 0.000000000000000000, -0.8748750547415704570 ) ) ;
#3646 = DIRECTION ( 'NONE',  ( 0.000000000000000000, 1.000000000000000000, 0.000000000000000000 ) ) ;
#3647 = ORIENTED_EDGE ( 'NONE', *, *, #3451, .T. ) ;
#3648 = EDGE_CURVE ( 'NONE', #799, #3660, #20, .T. ) ;
#3649 = CARTESIAN_POINT ( 'NONE',  ( 2.339055835819626950, 0.000000000000000000, -0.5374177117646692370 ) ) ;
#3650 = DIRECTION ( 'NONE',  ( 0.000000000000000000, 1.000000000000000000, 0.000000000000000000 ) ) ;
#3651 = VERTEX_POINT ( 'NONE', #6148 ) ;
#3652 = AXIS2_PLACEMENT_3D ( 'NONE', #6332, #4197, #8315 ) ;
#3653 = AXIS2_PLACEMENT_3D ( 'NONE', #6818, #2072, #3428 ) ;
#3654 = VECTOR ( 'NONE', #1802, 100.0000000000000000 ) ;
#3655 = LINE ( 'NONE', #3021, #6395 ) ;
#3656 = DIRECTION ( 'NONE',  ( 0.000000000000000000, 0.000000000000000000, 1.000000000000000000 ) ) ;
#3657 = CARTESIAN_POINT ( 'NONE',  ( 2.649780135015905813, 0.5999999999999999778, 0.3427293705100536991 ) ) ;
#3658 = AXIS2_PLACEMENT_3D ( 'NONE', #3991, #1914, #5402 ) ;
#3659 = CARTESIAN_POINT ( 'NONE',  ( 2.532150166262745472, 0.5999999999999999778, 0.7530904910856199841 ) ) ;
#3660 = VERTEX_POINT ( 'NONE', #2785 ) ;
#3661 = ORIENTED_EDGE ( 'NONE', *, *, #2771, .T. ) ;
#3662 = ORIENTED_EDGE ( 'NONE', *, *, #2337, .T. ) ;
#3663 = ADVANCED_FACE ( 'NONE', ( #5554 ), #8308, .T. ) ;
#3664 = CIRCLE ( 'NONE', #3957, 0.6750000000000000444 ) ;
#3665 = EDGE_LOOP ( 'NONE', ( #6888, #7190, #4462, #8283 ) ) ;
#3666 = CARTESIAN_POINT ( 'NONE',  ( 1.257985160453262363, 0.000000000000000000, 2.323015946640732299 ) ) ;
#3667 = CARTESIAN_POINT ( 'NONE',  ( 0.7071067811865463515, 0.2999999999999999889, -0.7071067811865486830 ) ) ;
#3668 = VERTEX_POINT ( 'NONE', #4189 ) ;
#3669 = CARTESIAN_POINT ( 'NONE',  ( 1.192611158318790388, 0.5999999999999999778, 0.9097684458440576938 ) ) ;
#3670 = ORIENTED_EDGE ( 'NONE', *, *, #7302, .T. ) ;
#3671 = ORIENTED_EDGE ( 'NONE', *, *, #7159, .F. ) ;
#3672 = VERTEX_POINT ( 'NONE', #1256 ) ;
#3673 = DIRECTION ( 'NONE',  ( 0.000000000000000000, 0.000000000000000000, 1.000000000000000000 ) ) ;
#3674 = CARTESIAN_POINT ( 'NONE',  ( -2.712923616234187207, 0.000000000000000000, 0.4082915092341506957 ) ) ;
#3675 = EDGE_CURVE ( 'NONE', #4307, #4101, #6778, .T. ) ;
#3676 = EDGE_CURVE ( 'NONE', #1681, #7410, #4276, .T. ) ;
#3677 = VECTOR ( 'NONE', #292, 100.0000000000000000 ) ;
#3678 = DIRECTION ( 'NONE',  ( -0.000000000000000000, -1.000000000000000000, 0.000000000000000000 ) ) ;
#3679 = CYLINDRICAL_SURFACE ( 'NONE', #4141, 0.09999999999999992228 ) ;
#3680 = CYLINDRICAL_SURFACE ( 'NONE', #370, 0.09999999999999992228 ) ;
#3681 = VECTOR ( 'NONE', #2290, 100.0000000000000000 ) ;
#3682 = ORIENTED_EDGE ( 'NONE', *, *, #3587, .T. ) ;
#3683 = CARTESIAN_POINT ( 'NONE',  ( -0.7071067811865462405, 0.2999999999999999889, -0.3571017811865486724 ) ) ;
#3684 = DIRECTION ( 'NONE',  ( 0.000000000000000000, 0.000000000000000000, 1.000000000000000000 ) ) ;
#3685 = VERTEX_POINT ( 'NONE', #5004 ) ;
#3686 = LINE ( 'NONE', #196, #8025 ) ;
#3687 = VECTOR ( 'NONE', #3337, 100.0000000000000000 ) ;
#3688 = ORIENTED_EDGE ( 'NONE', *, *, #3582, .F. ) ;
#3689 = LINE ( 'NONE', #6458, #4274 ) ;
#3690 = DIRECTION ( 'NONE',  ( 0.000000000000000000, 1.000000000000000000, 0.000000000000000000 ) ) ;
#3691 = DIRECTION ( 'NONE',  ( 0.9525563147791390461, 0.000000000000000000, -0.3043623944812919868 ) ) ;
#3692 = CARTESIAN_POINT ( 'NONE',  ( 2.721423057264594103, 0.000000000000000000, -0.3333417546315476376 ) ) ;
#3693 = ORIENTED_EDGE ( 'NONE', *, *, #3735, .T. ) ;
#3694 = DIRECTION ( 'NONE',  ( -0.7081525021447057089, 0.000000000000000000, 0.7060595114480030521 ) ) ;
#3695 = DIRECTION ( 'NONE',  ( -0.000000000000000000, 1.000000000000000000, -0.000000000000000000 ) ) ;
#3696 = ORIENTED_EDGE ( 'NONE', *, *, #8936, .F. ) ;
#3697 = AXIS2_PLACEMENT_3D ( 'NONE', #6481, #3718, #270 ) ;
#3698 = CIRCLE ( 'NONE', #6019, 0.1000000000000000888 ) ;
#3699 = CARTESIAN_POINT ( 'NONE',  ( -0.7071067811865462405, 0.5999999999999999778, -0.7071067811865486830 ) ) ;
#3700 = ADVANCED_FACE ( 'NONE', ( #7711 ), #970, .T. ) ;
#3701 = CIRCLE ( 'NONE', #4279, 2.050000000000000266 ) ;
#3702 = CARTESIAN_POINT ( 'NONE',  ( -2.243427132316819339, 0.000000000000000000, -0.8526632993067863042 ) ) ;
#3703 = CARTESIAN_POINT ( 'NONE',  ( 0.3960907847707368923, 0.2999999999999999889, -0.5465684680071671853 ) ) ;
#3704 = CARTESIAN_POINT ( 'NONE',  ( 1.273950534763518050, 0.000000000000000000, -2.033973951400561031 ) ) ;
#3705 = EDGE_LOOP ( 'NONE', ( #7483, #8256, #2743, #8405 ) ) ;
#3706 = ORIENTED_EDGE ( 'NONE', *, *, #7757, .F. ) ;
#3707 = VECTOR ( 'NONE', #832, 100.0000000000000000 ) ;
#3708 = EDGE_LOOP ( 'NONE', ( #6832, #446, #1823, #1433 ) ) ;
#3709 = AXIS2_PLACEMENT_3D ( 'NONE', #7995, #5334, #8766 ) ;
#3710 = EDGE_CURVE ( 'NONE', #7683, #7365, #2157, .T. ) ;
#3711 = VECTOR ( 'NONE', #221, 100.0000000000000000 ) ;
#3712 = VECTOR ( 'NONE', #7080, 100.0000000000000000 ) ;
#3713 = VECTOR ( 'NONE', #2530, 99.99999999999998579 ) ;
#3714 = CARTESIAN_POINT ( 'NONE',  ( 0.1808025380540600191, 0.000000000000000000, 2.665728535985591119 ) ) ;
#3715 = DIRECTION ( 'NONE',  ( 0.000000000000000000, 1.000000000000000000, -0.000000000000000000 ) ) ;
#3716 = EDGE_LOOP ( 'NONE', ( #1089, #7871, #1869, #3017 ) ) ;
#3717 = ADVANCED_FACE ( 'NONE', ( #7666 ), #5729, .T. ) ;
#3718 = DIRECTION ( 'NONE',  ( 0.000000000000000000, 1.000000000000000000, -0.000000000000000000 ) ) ;
#3719 = VERTEX_POINT ( 'NONE', #3559 ) ;
#3720 = ORIENTED_EDGE ( 'NONE', *, *, #803, .T. ) ;
#3721 = ORIENTED_EDGE ( 'NONE', *, *, #2244, .T. ) ;
#3722 = DIRECTION ( 'NONE',  ( 0.000000000000000000, 1.000000000000000000, 0.000000000000000000 ) ) ;
#3723 = DIRECTION ( 'NONE',  ( 0.000000000000000000, 0.000000000000000000, 1.000000000000000000 ) ) ;
#3724 = FACE_OUTER_BOUND ( 'NONE', #6226, .T. ) ;
#3725 = PLANE ( 'NONE',  #8695 ) ;
#3726 = CARTESIAN_POINT ( 'NONE',  ( 0.000000000000000000, 0.5999999999999999778, 0.000000000000000000 ) ) ;
#3727 = EDGE_CURVE ( 'NONE', #6239, #5841, #7028, .T. ) ;
#3728 = ORIENTED_EDGE ( 'NONE', *, *, #4932, .F. ) ;
#3729 = PERSON_AND_ORGANIZATION ( #6233, #4378 ) ;
#3730 = DIRECTION ( 'NONE',  ( 0.5543390762369602154, 0.000000000000000000, 0.8322909278351852125 ) ) ;
#3731 = CARTESIAN_POINT ( 'NONE',  ( -0.7071067811865462405, 0.2999999999999999889, -0.7071067811865486830 ) ) ;
#3732 = VERTEX_POINT ( 'NONE', #7083 ) ;
#3733 = DIRECTION ( 'NONE',  ( -0.000000000000000000, 1.000000000000000000, -0.000000000000000000 ) ) ;
#3734 = CARTESIAN_POINT ( 'NONE',  ( 0.000000000000000000, 0.5999999999999999778, 0.000000000000000000 ) ) ;
#3735 = EDGE_CURVE ( 'NONE', #2871, #8395, #2962, .T. ) ;
#3736 = EDGE_LOOP ( 'NONE', ( #5482, #6649, #2814, #5615 ) ) ;
#3737 = EDGE_CURVE ( 'NONE', #6348, #1149, #7127, .T. ) ;
#3738 = LINE ( 'NONE', #5049, #4569 ) ;
#3739 = LINE ( 'NONE', #2289, #8101 ) ;
#3740 = DIRECTION ( 'NONE',  ( -0.000000000000000000, -1.000000000000000000, -0.000000000000000000 ) ) ;
#3741 = DIRECTION ( 'NONE',  ( -0.8748750547415710122, 0.000000000000000000, 0.4843486746042906521 ) ) ;
#3742 = ORIENTED_EDGE ( 'NONE', *, *, #2675, .F. ) ;
#3743 = VECTOR ( 'NONE', #7520, 100.0000000000000000 ) ;
#3744 = CARTESIAN_POINT ( 'NONE',  ( -0.3427293705100527554, 0.000000000000000000, 2.649780135015810778 ) ) ;
#3745 = LINE ( 'NONE', #931, #6842 ) ;
#3746 = EDGE_LOOP ( 'NONE', ( #6900, #1163, #2378, #495 ) ) ;
#3747 = DIRECTION ( 'NONE',  ( 0.000000000000000000, 1.000000000000000000, -0.000000000000000000 ) ) ;
#3748 = DIRECTION ( 'NONE',  ( -0.000000000000000000, -1.000000000000000000, -0.000000000000000000 ) ) ;
#3749 = FACE_OUTER_BOUND ( 'NONE', #3531, .T. ) ;
#3750 = DIRECTION ( 'NONE',  ( 0.8138680219351948075, 0.000000000000000000, -0.5810497765865616504 ) ) ;
#3751 = VERTEX_POINT ( 'NONE', #6996 ) ;
#3752 = ORIENTED_EDGE ( 'NONE', *, *, #6383, .T. ) ;
#3753 = ORIENTED_EDGE ( 'NONE', *, *, #2225, .T. ) ;
#3754 = ADVANCED_FACE ( 'NONE', ( #921 ), #877, .T. ) ;
#3755 = ADVANCED_FACE ( 'NONE', ( #7759 ), #8432, .T. ) ;
#3756 = CARTESIAN_POINT ( 'NONE',  ( 1.918937936963974522, 0.000000000000000000, -0.7212331066170256655 ) ) ;
#3757 = CYLINDRICAL_SURFACE ( 'NONE', #5623, 0.3500050000000000106 ) ;
#3758 = DIRECTION ( 'NONE',  ( -0.000000000000000000, -1.000000000000000000, -0.000000000000000000 ) ) ;
#3759 = ORIENTED_EDGE ( 'NONE', *, *, #4446, .T. ) ;
#3760 = ORIENTED_EDGE ( 'NONE', *, *, #7626, .T. ) ;
#3761 = AXIS2_PLACEMENT_3D ( 'NONE', #7813, #301, #7097 ) ;
#3762 = EDGE_LOOP ( 'NONE', ( #3032, #4306 ) ) ;
#3763 = CARTESIAN_POINT ( 'NONE',  ( 0.000000000000000000, 0.000000000000000000, 0.000000000000000000 ) ) ;
#3764 = CARTESIAN_POINT ( 'NONE',  ( 1.192611158318790832, 0.000000000000000000, 0.9097684458440579158 ) ) ;
#3765 = EDGE_CURVE ( 'NONE', #5933, #586, #3122, .T. ) ;
#3766 = DIRECTION ( 'NONE',  ( 0.7286628425356181937, 0.000000000000000000, 0.6848725880832966517 ) ) ;
#3767 = EDGE_CURVE ( 'NONE', #1030, #7285, #1653, .T. ) ;
#3768 = AXIS2_PLACEMENT_3D ( 'NONE', #8265, #2075, #6236 ) ;
#3769 = CARTESIAN_POINT ( 'NONE',  ( -0.1956532809641148840, 0.000000000000000000, 2.634511253708279543 ) ) ;
#3770 = DIRECTION ( 'NONE',  ( 0.000000000000000000, 1.000000000000000000, 0.000000000000000000 ) ) ;
#3771 = VERTEX_POINT ( 'NONE', #7041 ) ;
#3772 = AXIS2_PLACEMENT_3D ( 'NONE', #3363, #8793, #7389 ) ;
#3773 = CARTESIAN_POINT ( 'NONE',  ( -1.664776807732114339, 0.000000000000000000, 2.051206457844936715 ) ) ;
#3774 = DIRECTION ( 'NONE',  ( 0.000000000000000000, 1.000000000000000000, 0.000000000000000000 ) ) ;
#3775 = ORIENTED_EDGE ( 'NONE', *, *, #7104, .F. ) ;
#3776 = EDGE_CURVE ( 'NONE', #1966, #206, #3686, .T. ) ;
#3777 = CARTESIAN_POINT ( 'NONE',  ( 0.000000000000000000, 0.000000000000000000, 0.000000000000000000 ) ) ;
#3778 = DIRECTION ( 'NONE',  ( 0.9659258262890679791, -0.000000000000000000, -0.2588190451025217942 ) ) ;
#3779 = ORIENTED_EDGE ( 'NONE', *, *, #5715, .F. ) ;
#3780 = ORIENTED_EDGE ( 'NONE', *, *, #2490, .F. ) ;
#3781 = DIRECTION ( 'NONE',  ( 0.000000000000000000, 1.000000000000000000, 0.000000000000000000 ) ) ;
#3782 = PLANE ( 'NONE',  #2638 ) ;
#3783 = DIRECTION ( 'NONE',  ( 0.8748750547415705681, 0.000000000000000000, -0.4843486746042916513 ) ) ;
#3784 = DIRECTION ( 'NONE',  ( -0.7071067811865476838, -0.000000000000000000, -0.7071067811865473507 ) ) ;
#3785 = CARTESIAN_POINT ( 'NONE',  ( 0.8532020157592847820, 0.000000000000000000, -2.607432228139166419 ) ) ;
#3786 = DIRECTION ( 'NONE',  ( -0.000000000000000000, -1.000000000000000000, 0.000000000000000000 ) ) ;
#3787 = ORIENTED_EDGE ( 'NONE', *, *, #6671, .T. ) ;
#3788 = EDGE_CURVE ( 'NONE', #7729, #3115, #2324, .T. ) ;
#3789 = ADVANCED_FACE ( 'NONE', ( #6456 ), #838, .T. ) ;
#3790 = CARTESIAN_POINT ( 'NONE',  ( 0.000000000000000000, 0.5999999999999999778, 0.000000000000000000 ) ) ;
#3791 = VECTOR ( 'NONE', #8123, 100.0000000000000000 ) ;
#3792 = CIRCLE ( 'NONE', #7967, 0.1000000000000000056 ) ;
#3793 = LINE ( 'NONE', #2338, #5452 ) ;
#3794 = DIRECTION ( 'NONE',  ( -6.938893903907233900E-15, 0.000000000000000000, 1.000000000000000000 ) ) ;
#3795 = VERTEX_POINT ( 'NONE', #5089 ) ;
#3796 = EDGE_LOOP ( 'NONE', ( #7570, #7943, #5404, #3305 ) ) ;
#3797 = AXIS2_PLACEMENT_3D ( 'NONE', #7719, #6369, #157 ) ;
#3798 = ORIENTED_EDGE ( 'NONE', *, *, #8380, .F. ) ;
#3799 = VECTOR ( 'NONE', #5058, 100.0000000000000000 ) ;
#3800 = CIRCLE ( 'NONE', #1490, 0.1000000000000000888 ) ;
#3801 = AXIS2_PLACEMENT_3D ( 'NONE', #1595, #5801, #6486 ) ;
#3802 = DIRECTION ( 'NONE',  ( 0.000000000000000000, 0.000000000000000000, 1.000000000000000000 ) ) ;
#3803 = CARTESIAN_POINT ( 'NONE',  ( -1.960117804982567158, 0.000000000000000000, 1.815691707290887580 ) ) ;
#3804 = ORIENTED_EDGE ( 'NONE', *, *, #1483, .T. ) ;
#3805 = EDGE_CURVE ( 'NONE', #1695, #8079, #8187, .T. ) ;
#3806 = CARTESIAN_POINT ( 'NONE',  ( 0.000000000000000000, 0.5999999999999999778, 0.000000000000000000 ) ) ;
#3807 = ORIENTED_EDGE ( 'NONE', *, *, #2340, .T. ) ;
#3808 = EDGE_LOOP ( 'NONE', ( #4793, #4214, #2028, #1495 ) ) ;
#3809 = ORIENTED_EDGE ( 'NONE', *, *, #639, .F. ) ;
#3810 = CARTESIAN_POINT ( 'NONE',  ( 1.687011257417007970, 0.000000000000000000, 2.032959116562876645 ) ) ;
#3811 = LINE ( 'NONE', #1266, #8746 ) ;
#3812 = AXIS2_PLACEMENT_3D ( 'NONE', #2330, #5687, #5642 ) ;
#3813 = PRODUCT_DEFINITION ( 'UNKNOWN', '', #6698, #2988 ) ;
#3814 = DIRECTION ( 'NONE',  ( 0.000000000000000000, 1.000000000000000000, -0.000000000000000000 ) ) ;
#3815 = DIRECTION ( 'NONE',  ( 0.000000000000000000, 0.000000000000000000, 1.000000000000000000 ) ) ;
#3816 = ADVANCED_FACE ( 'NONE', ( #7171 ), #287, .T. ) ;
#3817 = ORIENTED_EDGE ( 'NONE', *, *, #2493, .F. ) ;
#3818 = DIRECTION ( 'NONE',  ( 0.5568001729333029726, 0.000000000000000000, -0.8306464755968353542 ) ) ;
#3819 = LINE ( 'NONE', #1057, #5017 ) ;
#3820 = ORIENTED_EDGE ( 'NONE', *, *, #698, .F. ) ;
#3821 = DIRECTION ( 'NONE',  ( -0.7286628425356521666, 0.000000000000000000, -0.6848725880832605695 ) ) ;
#3822 = AXIS2_PLACEMENT_3D ( 'NONE', #4248, #6247, #3580 ) ;
#3823 = CARTESIAN_POINT ( 'NONE',  ( 0.7806153992595061819, 0.000000000000000000, 2.623800576651533767 ) ) ;
#3824 = VECTOR ( 'NONE', #7386, 100.0000000000000142 ) ;
#3825 = VERTEX_POINT ( 'NONE', #384 ) ;
#3826 = EDGE_CURVE ( 'NONE', #2174, #308, #6167, .T. ) ;
#3827 = VERTEX_POINT ( 'NONE', #8071 ) ;
#3828 = DIRECTION ( 'NONE',  ( 0.000000000000000000, 1.000000000000000000, 0.000000000000000000 ) ) ;
#3829 = LINE ( 'NONE', #2373, #2484 ) ;
#3830 = EDGE_CURVE ( 'NONE', #8776, #3399, #812, .T. ) ;
#3831 = CARTESIAN_POINT ( 'NONE',  ( -1.757108023884153658, 0.000000000000000000, 2.012801425311615766 ) ) ;
#3832 = PLANE ( 'NONE',  #8293 ) ;
#3833 = DIRECTION ( 'NONE',  ( -0.9611163161701274937, 0.000000000000000000, -0.2761438516273063137 ) ) ;
#3834 = LINE ( 'NONE', #5962, #3654 ) ;
#3835 = ORIENTED_EDGE ( 'NONE', *, *, #6534, .T. ) ;
#3836 = CARTESIAN_POINT ( 'NONE',  ( -2.163203714024708457, 0.000000000000000000, -1.568230811125923330 ) ) ;
#3837 = ADVANCED_FACE ( 'NONE', ( #7934 ), #6719, .T. ) ;
#3838 = CARTESIAN_POINT ( 'NONE',  ( -2.001228534340539156, 0.000000000000000000, 1.824533010878227168 ) ) ;
#3839 = CARTESIAN_POINT ( 'NONE',  ( 1.960117804982663303, 0.000000000000000000, -1.815691707290981505 ) ) ;
#3840 = EDGE_CURVE ( 'NONE', #5430, #813, #943, .T. ) ;
#3841 = DIRECTION ( 'NONE',  ( 0.000000000000000000, 1.000000000000000000, 0.000000000000000000 ) ) ;
#3842 = DIRECTION ( 'NONE',  ( -1.084202172485503487E-14, 0.000000000000000000, 1.000000000000000000 ) ) ;
#3843 = ORIENTED_EDGE ( 'NONE', *, *, #4301, .F. ) ;
#3844 = VERTEX_POINT ( 'NONE', #2419 ) ;
#3845 = VECTOR ( 'NONE', #6793, 100.0000000000000000 ) ;
#3846 = VECTOR ( 'NONE', #6822, 100.0000000000000000 ) ;
#3847 = AXIS2_PLACEMENT_3D ( 'NONE', #6593, #2917, #5684 ) ;
#3848 = ADVANCED_FACE ( 'NONE', ( #1744 ), #7390, .T. ) ;
#3849 = VECTOR ( 'NONE', #789, 100.0000000000000000 ) ;
#3850 = DIRECTION ( 'NONE',  ( 0.000000000000000000, 0.000000000000000000, 1.000000000000000000 ) ) ;
#3851 = FACE_OUTER_BOUND ( 'NONE', #7462, .T. ) ;
#3852 = VERTEX_POINT ( 'NONE', #3958 ) ;
#3853 = EDGE_CURVE ( 'NONE', #8537, #6801, #7212, .T. ) ;
#3854 = CYLINDRICAL_SURFACE ( 'NONE', #2255, 2.400000000000000355 ) ;
#3855 = ORIENTED_EDGE ( 'NONE', *, *, #3198, .T. ) ;
#3856 = EDGE_LOOP ( 'NONE', ( #126, #1605, #2666, #223 ) ) ;
#3857 = VECTOR ( 'NONE', #6421, 100.0000000000000000 ) ;
#3858 = ORIENTED_EDGE ( 'NONE', *, *, #2319, .T. ) ;
#3859 = VECTOR ( 'NONE', #3536, 100.0000000000000142 ) ;
#3860 = VECTOR ( 'NONE', #5590, 100.0000000000000000 ) ;
#3861 = CYLINDRICAL_SURFACE ( 'NONE', #6823, 0.1000000000000000888 ) ;
#3862 = CYLINDRICAL_SURFACE ( 'NONE', #8860, 0.1000000000000000888 ) ;
#3863 = VERTEX_POINT ( 'NONE', #7300 ) ;
#3864 = CIRCLE ( 'NONE', #8201, 1.500000000000000000 ) ;
#3865 = FACE_OUTER_BOUND ( 'NONE', #1730, .T. ) ;
#3866 = LINE ( 'NONE', #5994, #5597 ) ;
#3867 = CIRCLE ( 'NONE', #8202, 1.500000000000000000 ) ;
#3868 = ORIENTED_EDGE ( 'NONE', *, *, #3901, .T. ) ;
#3869 = EDGE_CURVE ( 'NONE', #8700, #8463, #4543, .T. ) ;
#3870 = DIRECTION ( 'NONE',  ( -0.000000000000000000, -1.000000000000000000, -0.000000000000000000 ) ) ;
#3871 = CARTESIAN_POINT ( 'NONE',  ( -2.619056208129447505, 0.000000000000000000, 0.8110516387075393796 ) ) ;
#3872 = ORIENTED_EDGE ( 'NONE', *, *, #5585, .T. ) ;
#3873 = ORIENTED_EDGE ( 'NONE', *, *, #2956, .F. ) ;
#3874 = DIRECTION ( 'NONE',  ( -0.2253661878322332224, 0.000000000000000000, -0.9742741305104876126 ) ) ;
#3875 = CARTESIAN_POINT ( 'NONE',  ( -1.384188164821861022, 0.5999999999999999778, 0.5779473370187696579 ) ) ;
#3876 = DIRECTION ( 'NONE',  ( 0.000000000000000000, 1.000000000000000000, -0.000000000000000000 ) ) ;
#3877 = DIRECTION ( 'NONE',  ( 0.000000000000000000, 1.000000000000000000, 0.000000000000000000 ) ) ;
#3878 = CARTESIAN_POINT ( 'NONE',  ( -2.189266539367739295, 0.000000000000000000, 0.9834185373504257255 ) ) ;
#3879 = DIRECTION ( 'NONE',  ( 0.000000000000000000, 1.000000000000000000, 0.000000000000000000 ) ) ;
#3880 = VERTEX_POINT ( 'NONE', #8665 ) ;
#3881 = EDGE_CURVE ( 'NONE', #1293, #4084, #3989, .T. ) ;
#3882 = DIRECTION ( 'NONE',  ( 0.000000000000000000, 0.000000000000000000, 1.000000000000000000 ) ) ;
#3883 = CARTESIAN_POINT ( 'NONE',  ( 0.7071067811865463515, 0.5999999999999999778, -1.057111781186548694 ) ) ;
#3884 = FACE_OUTER_BOUND ( 'NONE', #863, .T. ) ;
#3885 = ADVANCED_FACE ( 'NONE', ( #8749 ), #2551, .T. ) ;
#3886 = CARTESIAN_POINT ( 'NONE',  ( -2.082446992096411265, 0.000000000000000000, -1.786076994181047484 ) ) ;
#3887 = VERTEX_POINT ( 'NONE', #1061 ) ;
#3888 = ORIENTED_EDGE ( 'NONE', *, *, #5822, .T. ) ;
#3889 = ORIENTED_EDGE ( 'NONE', *, *, #8538, .F. ) ;
#3890 = VECTOR ( 'NONE', #4212, 100.0000000000000000 ) ;
#3891 = EDGE_CURVE ( 'NONE', #3212, #7634, #5228, .T. ) ;
#3892 = ORIENTED_EDGE ( 'NONE', *, *, #3737, .T. ) ;
#3893 = CARTESIAN_POINT ( 'NONE',  ( -0.2845149898689275370, 0.000000000000000000, -2.726960102849293577 ) ) ;
#3894 = DIRECTION ( 'NONE',  ( -0.000000000000000000, -1.000000000000000000, -0.000000000000000000 ) ) ;
#3895 = ORIENTED_EDGE ( 'NONE', *, *, #2236, .F. ) ;
#3896 = LINE ( 'NONE', #993, #7017 ) ;
#3897 = ORIENTED_EDGE ( 'NONE', *, *, #4753, .F. ) ;
#3898 = VERTEX_POINT ( 'NONE', #3823 ) ;
#3899 = ORIENTED_EDGE ( 'NONE', *, *, #1606, .F. ) ;
#3900 = EDGE_CURVE ( 'NONE', #1624, #6482, #7887, .T. ) ;
#3901 = EDGE_CURVE ( 'NONE', #2938, #6939, #1013, .T. ) ;
#3902 = CARTESIAN_POINT ( 'NONE',  ( -2.393621897785532138, 0.5999999999999999778, 1.187169910238696557 ) ) ;
#3903 = DIRECTION ( 'NONE',  ( 0.000000000000000000, 1.000000000000000000, -0.000000000000000000 ) ) ;
#3904 = ORIENTED_EDGE ( 'NONE', *, *, #779, .T. ) ;
#3905 = ORIENTED_EDGE ( 'NONE', *, *, #2684, .T. ) ;
#3906 = DIRECTION ( 'NONE',  ( -0.000000000000000000, -1.000000000000000000, 0.000000000000000000 ) ) ;
#3907 = DIRECTION ( 'NONE',  ( 0.000000000000000000, 1.000000000000000000, 0.000000000000000000 ) ) ;
#3908 = ORIENTED_EDGE ( 'NONE', *, *, #8520, .T. ) ;
#3909 = AXIS2_PLACEMENT_3D ( 'NONE', #6928, #6792, #721 ) ;
#3910 = PLANE ( 'NONE',  #4655 ) ;
#3911 = DIRECTION ( 'NONE',  ( -0.7635728369858674203, 0.000000000000000000, 0.6457217067881131367 ) ) ;
#3912 = EDGE_LOOP ( 'NONE', ( #7373, #5877, #4627, #5973 ) ) ;
#3913 = ORIENTED_EDGE ( 'NONE', *, *, #2798, .T. ) ;
#3914 = CARTESIAN_POINT ( 'NONE',  ( 0.000000000000000000, 0.000000000000000000, 0.000000000000000000 ) ) ;
#3915 = LINE ( 'NONE', #6504, #465 ) ;
#3916 = EDGE_CURVE ( 'NONE', #2365, #3469, #5954, .T. ) ;
#3917 = DIRECTION ( 'NONE',  ( -0.4583423165665138632, 0.000000000000000000, 0.8887757427182864101 ) ) ;
#3918 = CARTESIAN_POINT ( 'NONE',  ( -0.9834185373504160665, 0.000000000000000000, -2.189266539367825448 ) ) ;
#3919 = DIRECTION ( 'NONE',  ( 0.000000000000000000, 0.000000000000000000, 1.000000000000000000 ) ) ;
#3920 = EDGE_LOOP ( 'NONE', ( #8130, #2447, #7168, #8725 ) ) ;
#3921 = CYLINDRICAL_SURFACE ( 'NONE', #2073, 2.050000000000000266 ) ;
#3922 = CARTESIAN_POINT ( 'NONE',  ( 1.727069502064348505, 0.5999999999999999778, -2.129434459435528559 ) ) ;
#3923 = DIRECTION ( 'NONE',  ( 0.000000000000000000, 0.000000000000000000, 1.000000000000000000 ) ) ;
#3924 = EDGE_CURVE ( 'NONE', #4258, #8667, #3698, .T. ) ;
#3925 = CARTESIAN_POINT ( 'NONE',  ( 2.189266539367835218, 0.000000000000000000, -0.9834185373505203165 ) ) ;
#3926 = VERTEX_POINT ( 'NONE', #7350 ) ;
#3927 = ORIENTED_EDGE ( 'NONE', *, *, #5832, .F. ) ;
#3928 = ORIENTED_EDGE ( 'NONE', *, *, #8094, .F. ) ;
#3929 = DIRECTION ( 'NONE',  ( -0.000000000000000000, -1.000000000000000000, -0.000000000000000000 ) ) ;
#3930 = VECTOR ( 'NONE', #1793, 100.0000000000000000 ) ;
#3931 = EDGE_LOOP ( 'NONE', ( #603, #6702, #6462, #3202 ) ) ;
#3932 = CARTESIAN_POINT ( 'NONE',  ( 2.398956528258497478, 0.000000000000000000, -0.07076422490302955448 ) ) ;
#3933 = FACE_OUTER_BOUND ( 'NONE', #3312, .T. ) ;
#3934 = VERTEX_POINT ( 'NONE', #3096 ) ;
#3935 = EDGE_CURVE ( 'NONE', #4083, #2723, #379, .T. ) ;
#3936 = AXIS2_PLACEMENT_3D ( 'NONE', #6003, #8574, #6637 ) ;
#3937 = LINE ( 'NONE', #4758, #1391 ) ;
#3938 = ORIENTED_EDGE ( 'NONE', *, *, #509, .F. ) ;
#3939 = EDGE_LOOP ( 'NONE', ( #7918, #6107, #1211, #7090 ) ) ;
#3940 = ORIENTED_EDGE ( 'NONE', *, *, #5640, .T. ) ;
#3941 = EDGE_CURVE ( 'NONE', #3025, #3751, #467, .T. ) ;
#3942 = AXIS2_PLACEMENT_3D ( 'NONE', #7942, #5876, #1755 ) ;
#3943 = APPROVAL_PERSON_ORGANIZATION ( #4039, #1548, #691 ) ;
#3944 = VECTOR ( 'NONE', #5431, 99.99999999999998579 ) ;
#3945 = PLANE ( 'NONE',  #7828 ) ;
#3946 = CALENDAR_DATE ( 2024, 26, 9 ) ;
#3947 = CARTESIAN_POINT ( 'NONE',  ( -2.665728535985590675, 0.000000000000000000, 0.1808025380539653726 ) ) ;
#3948 = EDGE_CURVE ( 'NONE', #4924, #7978, #3364, .T. ) ;
#3949 = ORIENTED_EDGE ( 'NONE', *, *, #2403, .T. ) ;
#3950 = LOCAL_TIME ( 23, 19, 4.000000000000000000, #961 ) ;
#3951 = EDGE_LOOP ( 'NONE', ( #6721, #5593, #1682, #1908 ) ) ;
#3952 = ADVANCED_FACE ( 'NONE', ( #8213 ), #7530, .T. ) ;
#3953 = CARTESIAN_POINT ( 'NONE',  ( 0.5465684680071659640, 0.2999999999999999889, 0.3960907847707386686 ) ) ;
#3954 = FACE_OUTER_BOUND ( 'NONE', #2395, .T. ) ;
#3955 = ORIENTED_EDGE ( 'NONE', *, *, #5079, .T. ) ;
#3956 = CARTESIAN_POINT ( 'NONE',  ( 0.7071067811865463515, 0.5999999999999999778, -0.5571067811865486608 ) ) ;
#3957 = AXIS2_PLACEMENT_3D ( 'NONE', #6506, #7940, #4459 ) ;
#3958 = CARTESIAN_POINT ( 'NONE',  ( 0.2039866142975655938, 0.5999999999999999778, -2.734163426567504551 ) ) ;
#3959 = ORIENTED_EDGE ( 'NONE', *, *, #1561, .F. ) ;
#3960 = CARTESIAN_POINT ( 'NONE',  ( -0.7071067811865462405, 0.5999999999999999778, 0.3571017811865487279 ) ) ;
#3961 = CARTESIAN_POINT ( 'NONE',  ( -1.995527069526024322, 0.000000000000000000, 1.333368559247054552 ) ) ;
#3962 = CARTESIAN_POINT ( 'NONE',  ( -2.642014306544101299, 0.000000000000000000, 0.7392001813109403408 ) ) ;
#3963 = DIRECTION ( 'NONE',  ( 0.000000000000000000, 0.000000000000000000, 1.000000000000000000 ) ) ;
#3964 = VERTEX_POINT ( 'NONE', #5502 ) ;
#3965 = VECTOR ( 'NONE', #6814, 100.0000000000000000 ) ;
#3966 = LINE ( 'NONE', #5333, #173 ) ;
#3967 = CYLINDRICAL_SURFACE ( 'NONE', #3709, 0.1000000000000000056 ) ;
#3968 = DIRECTION ( 'NONE',  ( 0.000000000000000000, 1.000000000000000000, -0.000000000000000000 ) ) ;
#3969 = CIRCLE ( 'NONE', #933, 2.400000000000000355 ) ;
#3970 = DIRECTION ( 'NONE',  ( 0.9804954788761439666, 0.000000000000000000, 0.1965416391084622294 ) ) ;
#3971 = VERTEX_POINT ( 'NONE', #4862 ) ;
#3972 = ORIENTED_EDGE ( 'NONE', *, *, #1745, .F. ) ;
#3973 = CARTESIAN_POINT ( 'NONE',  ( 0.000000000000000000, 0.5999999999999999778, 0.000000000000000000 ) ) ;
#3974 = CARTESIAN_POINT ( 'NONE',  ( -2.410503452114888479, 0.5999999999999999778, 1.306420027913596238 ) ) ;
#3975 = ORIENTED_EDGE ( 'NONE', *, *, #937, .F. ) ;
#3976 = CIRCLE ( 'NONE', #4127, 2.400000000000000355 ) ;
#3977 = EDGE_CURVE ( 'NONE', #1525, #6811, #2106, .T. ) ;
#3978 = DIRECTION ( 'NONE',  ( -0.000000000000000000, -1.000000000000000000, 0.000000000000000000 ) ) ;
#3979 = ORIENTED_EDGE ( 'NONE', *, *, #8853, .T. ) ;
#3980 = AXIS2_PLACEMENT_3D ( 'NONE', #1646, #6492, #3634 ) ;
#3981 = CARTESIAN_POINT ( 'NONE',  ( -0.1956532809641148840, 0.000000000000000000, 2.634511253708279543 ) ) ;
#3982 = DIRECTION ( 'NONE',  ( 0.000000000000000000, 1.000000000000000000, -0.000000000000000000 ) ) ;
#3983 = ORIENTED_EDGE ( 'NONE', *, *, #7465, .F. ) ;
#3984 = DIRECTION ( 'NONE',  ( 0.000000000000000000, 0.000000000000000000, -1.000000000000000000 ) ) ;
#3985 = ORIENTED_EDGE ( 'NONE', *, *, #2454, .F. ) ;
#3986 = ORIENTED_EDGE ( 'NONE', *, *, #5142, .T. ) ;
#3987 = VERTEX_POINT ( 'NONE', #2060 ) ;
#3988 = EDGE_CURVE ( 'NONE', #7870, #4315, #7620, .T. ) ;
#3989 = CIRCLE ( 'NONE', #7603, 2.050000000000000266 ) ;
#3990 = DIRECTION ( 'NONE',  ( 0.000000000000000000, 1.000000000000000000, -0.000000000000000000 ) ) ;
#3991 = CARTESIAN_POINT ( 'NONE',  ( -2.723782605007077251, 0.000000000000000000, -0.3281231852441796604 ) ) ;
#3992 = CARTESIAN_POINT ( 'NONE',  ( 2.051206457845031750, 0.000000000000000000, 1.664776807732115005 ) ) ;
#3993 = VECTOR ( 'NONE', #6207, 100.0000000000000000 ) ;
#3994 = ORIENTED_EDGE ( 'NONE', *, *, #285, .T. ) ;
#3995 = ORIENTED_EDGE ( 'NONE', *, *, #5229, .F. ) ;
#3996 = DIRECTION ( 'NONE',  ( 0.9244448799230895464, 0.000000000000000000, -0.3813157012030642945 ) ) ;
#3997 = CARTESIAN_POINT ( 'NONE',  ( 1.167737622746305437, 0.000000000000000000, -2.482548156321913613 ) ) ;
#3998 = AXIS2_PLACEMENT_3D ( 'NONE', #4943, #6355, #5587 ) ;
#3999 = AXIS2_PLACEMENT_3D ( 'NONE', #5068, #1816, #359 ) ;
#4000 = EDGE_LOOP ( 'NONE', ( #4435, #3524, #2167, #6231 ) ) ;
#4001 = VECTOR ( 'NONE', #6358, 100.0000000000000142 ) ;
#4002 = VECTOR ( 'NONE', #6326, 100.0000000000000000 ) ;
#4003 = CARTESIAN_POINT ( 'NONE',  ( 0.7071067811865463515, 0.2999999999999999889, -0.7071067811865486830 ) ) ;
#4004 = ADVANCED_FACE ( 'NONE', ( #6807 ), #4183, .F. ) ;
#4005 = DIRECTION ( 'NONE',  ( -0.8322909278351855455, 0.000000000000000000, 0.5543390762369597713 ) ) ;
#4006 = ORIENTED_EDGE ( 'NONE', *, *, #347, .T. ) ;
#4007 = AXIS2_PLACEMENT_3D ( 'NONE', #1359, #6204, #7508 ) ;
#4008 = ORIENTED_EDGE ( 'NONE', *, *, #6097, .T. ) ;
#4009 = AXIS2_PLACEMENT_3D ( 'NONE', #8834, #2769, #6853 ) ;
#4010 = VECTOR ( 'NONE', #5302, 100.0000000000000142 ) ;
#4011 = LINE ( 'NONE', #1845, #7027 ) ;
#4012 = CARTESIAN_POINT ( 'NONE',  ( -2.523800576651533678, 0.000000000000000000, 0.7806153992594102586 ) ) ;
#4013 = DIRECTION ( 'NONE',  ( 0.7635728369858666431, 0.000000000000000000, -0.6457217067881142469 ) ) ;
#4014 = FACE_OUTER_BOUND ( 'NONE', #4043, .T. ) ;
#4015 = VERTEX_POINT ( 'NONE', #6945 ) ;
#4016 = EDGE_CURVE ( 'NONE', #2013, #5795, #3318, .T. ) ;
#4017 = EDGE_CURVE ( 'NONE', #8643, #7652, #559, .T. ) ;
#4018 = CARTESIAN_POINT ( 'NONE',  ( -2.353884672967692548, 0.000000000000000000, 0.4682167728387278682 ) ) ;
#4019 = CARTESIAN_POINT ( 'NONE',  ( -0.2529554104723649721, 0.000000000000000000, 2.730068450113364520 ) ) ;
#4020 = CARTESIAN_POINT ( 'NONE',  ( -1.192611158318741316, 0.5999999999999999778, -0.9097684458441224198 ) ) ;
#4021 = DIRECTION ( 'NONE',  ( -0.9936313698394811933, 0.000000000000000000, 0.1126796382267711005 ) ) ;
#4022 = EDGE_LOOP ( 'NONE', ( #8600, #1441, #538, #6137 ) ) ;
#4023 = ORIENTED_EDGE ( 'NONE', *, *, #3164, .T. ) ;
#4024 = CYLINDRICAL_SURFACE ( 'NONE', #1344, 0.1000000000000000888 ) ;
#4025 = DIRECTION ( 'NONE',  ( -0.9995204884380796129, 0.000000000000000000, 0.03096438587317090069 ) ) ;
#4026 = ORIENTED_EDGE ( 'NONE', *, *, #5453, .F. ) ;
#4027 = DIRECTION ( 'NONE',  ( 0.5295578847522598442, 0.000000000000000000, -0.8482738040849265859 ) ) ;
#4028 = VERTEX_POINT ( 'NONE', #5411 ) ;
#4029 = CARTESIAN_POINT ( 'NONE',  ( 0.7806153992595061819, 0.000000000000000000, 2.523800576651533678 ) ) ;
#4030 = FACE_OUTER_BOUND ( 'NONE', #5086, .T. ) ;
#4031 = EDGE_CURVE ( 'NONE', #8284, #3212, #8887, .T. ) ;
#4032 = LINE ( 'NONE', #2758, #3552 ) ;
#4033 = ORIENTED_EDGE ( 'NONE', *, *, #8642, .T. ) ;
#4034 = EDGE_LOOP ( 'NONE', ( #8874, #304, #4761, #8431 ) ) ;
#4035 = EDGE_CURVE ( 'NONE', #4177, #775, #2641, .T. ) ;
#4036 = ORIENTED_EDGE ( 'NONE', *, *, #186, .T. ) ;
#4037 = AXIS2_PLACEMENT_3D ( 'NONE', #1283, #550, #2496 ) ;
#4038 = CARTESIAN_POINT ( 'NONE',  ( -2.386702695097973947, 0.000000000000000000, 1.349411140906887629 ) ) ;
#4039 = PERSON_AND_ORGANIZATION ( #6233, #4378 ) ;
#4040 = EDGE_CURVE ( 'NONE', #8019, #1966, #2392, .T. ) ;
#4041 = VERTEX_POINT ( 'NONE', #2021 ) ;
#4042 = EDGE_CURVE ( 'NONE', #1564, #8700, #2256, .T. ) ;
#4043 = EDGE_LOOP ( 'NONE', ( #2048, #3496, #3670, #1039 ) ) ;
#4044 = CYLINDRICAL_SURFACE ( 'NONE', #8012, 0.3500049999999999550 ) ;
#4045 = DIRECTION ( 'NONE',  ( 0.000000000000000000, 1.000000000000000000, -0.000000000000000000 ) ) ;
#4046 = CARTESIAN_POINT ( 'NONE',  ( 0.1021246730581688439, 0.5999999999999999778, -2.669900510597300602 ) ) ;
#4047 = PLANE ( 'NONE',  #1689 ) ;
#4048 = VERTEX_POINT ( 'NONE', #1428 ) ;
#4049 = ORIENTED_EDGE ( 'NONE', *, *, #4583, .T. ) ;
#4050 = DIRECTION ( 'NONE',  ( 0.000000000000000000, 0.000000000000000000, 1.000000000000000000 ) ) ;
#4051 = DIRECTION ( 'NONE',  ( 0.000000000000000000, 0.000000000000000000, 1.000000000000000000 ) ) ;
#4052 = DIRECTION ( 'NONE',  ( 0.5295578847522598442, 0.000000000000000000, -0.8482738040849264749 ) ) ;
#4053 = CIRCLE ( 'NONE', #3482, 0.6750000000000000444 ) ;
#4054 = CYLINDRICAL_SURFACE ( 'NONE', #7411, 0.1000000000000000888 ) ;
#4055 = ORIENTED_EDGE ( 'NONE', *, *, #5252, .T. ) ;
#4056 = EDGE_CURVE ( 'NONE', #1263, #8106, #6185, .T. ) ;
#4057 = DIRECTION ( 'NONE',  ( 0.000000000000000000, -1.000000000000000000, 0.000000000000000000 ) ) ;
#4058 = VECTOR ( 'NONE', #7542, 100.0000000000000000 ) ;
#4059 = DIRECTION ( 'NONE',  ( -0.000000000000000000, -1.000000000000000000, -0.000000000000000000 ) ) ;
#4060 = DIRECTION ( 'NONE',  ( 0.000000000000000000, 0.000000000000000000, 1.000000000000000000 ) ) ;
#4061 = CARTESIAN_POINT ( 'NONE',  ( -0.2095652352662305540, 0.5999999999999999778, -2.735459543879603661 ) ) ;
#4062 = LINE ( 'NONE', #4917, #8568 ) ;
#4063 = EDGE_CURVE ( 'NONE', #5841, #2099, #3461, .T. ) ;
#4064 = ORIENTED_EDGE ( 'NONE', *, *, #4753, .T. ) ;
#4065 = CYLINDRICAL_SURFACE ( 'NONE', #2344, 2.400000000000000355 ) ;
#4066 = CARTESIAN_POINT ( 'NONE',  ( -2.158023279829105689, 0.000000000000000000, 1.693987021127794534 ) ) ;
#4068 = VERTEX_POINT ( 'NONE', #3276 ) ;
#4067 = VECTOR ( 'NONE', #6985, 100.0000000000000000 ) ;
#4069 = ADVANCED_FACE ( 'NONE', ( #1292 ), #6046, .T. ) ;
#4070 = DIRECTION ( 'NONE',  ( -0.000000000000000000, -1.000000000000000000, -0.000000000000000000 ) ) ;
#4071 = ORIENTED_EDGE ( 'NONE', *, *, #4841, .T. ) ;
#4072 = CARTESIAN_POINT ( 'NONE',  ( -0.7071067811865462405, 0.2999999999999999889, 0.8571067811865488162 ) ) ;
#4073 = CARTESIAN_POINT ( 'NONE',  ( -2.622059920280549683, 0.000000000000000000, 0.3220737908087763501 ) ) ;
#4074 = CARTESIAN_POINT ( 'NONE',  ( 0.000000000000000000, 0.5999999999999999778, 0.000000000000000000 ) ) ;
#4075 = ORIENTED_EDGE ( 'NONE', *, *, #4606, .F. ) ;
#4076 = VERTEX_POINT ( 'NONE', #8112 ) ;
#4077 = VERTEX_POINT ( 'NONE', #1925 ) ;
#4078 = AXIS2_PLACEMENT_3D ( 'NONE', #6935, #4172, #729 ) ;
#4079 = ADVANCED_FACE ( 'NONE', ( #4681 ), #4047, .T. ) ;
#4080 = DIRECTION ( 'NONE',  ( 0.000000000000000000, 0.000000000000000000, 1.000000000000000000 ) ) ;
#4081 = CARTESIAN_POINT ( 'NONE',  ( 0.7058615068733764542, 0.5999999999999999778, -2.545719797107021787 ) ) ;
#4082 = CIRCLE ( 'NONE', #2200, 0.1000000000000000056 ) ;
#4083 = VERTEX_POINT ( 'NONE', #2952 ) ;
#4084 = VERTEX_POINT ( 'NONE', #2867 ) ;
#4085 = DIRECTION ( 'NONE',  ( 0.000000000000000000, 1.000000000000000000, 0.000000000000000000 ) ) ;
#4086 = DIRECTION ( 'NONE',  ( -0.000000000000000000, -1.000000000000000000, -0.000000000000000000 ) ) ;
#4087 = AXIS2_PLACEMENT_3D ( 'NONE', #2613, #7505, #1309 ) ;
#4088 = VECTOR ( 'NONE', #5201, 100.0000000000000000 ) ;
#4089 = CC_DESIGN_PERSON_AND_ORGANIZATION_ASSIGNMENT ( #1696, #1005, ( #6698 ) ) ;
#4090 = CIRCLE ( 'NONE', #2347, 2.050000000000000266 ) ;
#4091 = DIRECTION ( 'NONE',  ( 0.000000000000000000, 0.000000000000000000, 1.000000000000000000 ) ) ;
#4092 = EDGE_CURVE ( 'NONE', #545, #3256, #104, .T. ) ;
#4093 = DIRECTION ( 'NONE',  ( 0.000000000000000000, 0.000000000000000000, 1.000000000000000000 ) ) ;
#4094 = AXIS2_PLACEMENT_3D ( 'NONE', #6238, #619, #8181 ) ;
#4095 = VECTOR ( 'NONE', #7449, 100.0000000000000284 ) ;
#4096 = VERTEX_POINT ( 'NONE', #7748 ) ;
#4097 = LINE ( 'NONE', #3669, #1238 ) ;
#4098 = DIRECTION ( 'NONE',  ( 0.000000000000000000, -1.000000000000000000, 0.000000000000000000 ) ) ;
#4099 = DIRECTION ( 'NONE',  ( 0.9810729337102092051, 0.000000000000000000, -0.1936385776162476979 ) ) ;
#4100 = PLANE ( 'NONE',  #910 ) ;
#4101 = VERTEX_POINT ( 'NONE', #7076 ) ;
#4102 = AXIS2_PLACEMENT_3D ( 'NONE', #6142, #61, #4013 ) ;
#4103 = ADVANCED_FACE ( 'NONE', ( #5628 ), #8382, .T. ) ;
#4104 = FACE_OUTER_BOUND ( 'NONE', #5579, .T. ) ;
#4105 = EDGE_CURVE ( 'NONE', #6334, #5756, #7117, .T. ) ;
#4106 = CARTESIAN_POINT ( 'NONE',  ( -2.662660998464557949, 0.000000000000000000, -0.6609787525253106866 ) ) ;
#4107 = FACE_OUTER_BOUND ( 'NONE', #3920, .T. ) ;
#4108 = DIRECTION ( 'NONE',  ( 0.7081525021447053758, 0.000000000000000000, -0.7060595114480031631 ) ) ;
#4109 = DIRECTION ( 'NONE',  ( -0.000000000000000000, -1.000000000000000000, -0.000000000000000000 ) ) ;
#4110 = ORIENTED_EDGE ( 'NONE', *, *, #5753, .F. ) ;
#4111 = LINE ( 'NONE', #8133, #757 ) ;
#4112 = CARTESIAN_POINT ( 'NONE',  ( -1.697056274847618784, 0.000000000000000000, 1.697056274847715374 ) ) ;
#4113 = ORIENTED_EDGE ( 'NONE', *, *, #1650, .F. ) ;
#4114 = VECTOR ( 'NONE', #3599, 100.0000000000000000 ) ;
#4115 = DIRECTION ( 'NONE',  ( 0.000000000000000000, 1.000000000000000000, -0.000000000000000000 ) ) ;
#4116 = ORIENTED_EDGE ( 'NONE', *, *, #2933, .T. ) ;
#4117 = EDGE_CURVE ( 'NONE', #7206, #2117, #5718, .T. ) ;
#4118 = DIRECTION ( 'NONE',  ( -0.5810497765865625386, 0.000000000000000000, -0.8138680219351942524 ) ) ;
#4119 = CYLINDRICAL_SURFACE ( 'NONE', #7946, 0.1000000000000000056 ) ;
#4120 = CARTESIAN_POINT ( 'NONE',  ( 0.000000000000000000, 0.5999999999999999778, 0.000000000000000000 ) ) ;
#4121 = EDGE_LOOP ( 'NONE', ( #7189, #1822, #3490, #84 ) ) ;
#4122 = ORIENTED_EDGE ( 'NONE', *, *, #4357, .F. ) ;
#4123 = ORIENTED_EDGE ( 'NONE', *, *, #7929, .T. ) ;
#4124 = EDGE_CURVE ( 'NONE', #5384, #2094, #782, .T. ) ;
#4125 = CARTESIAN_POINT ( 'NONE',  ( 0.000000000000000000, 0.5999999999999999778, 0.000000000000000000 ) ) ;
#4126 = EDGE_CURVE ( 'NONE', #2738, #8643, #3419, .T. ) ;
#4127 = AXIS2_PLACEMENT_3D ( 'NONE', #8231, #6962, #798 ) ;
#4128 = LINE ( 'NONE', #7382, #6554 ) ;
#4129 = DIRECTION ( 'NONE',  ( 0.000000000000000000, 0.000000000000000000, 1.000000000000000000 ) ) ;
#4130 = EDGE_LOOP ( 'NONE', ( #4802, #2681, #6795, #2439 ) ) ;
#4131 = ORIENTED_EDGE ( 'NONE', *, *, #2627, .T. ) ;
#4132 = CARTESIAN_POINT ( 'NONE',  ( 2.400000000000048761, 0.000000000000000000, -1.145856321779169858E-13 ) ) ;
#4133 = CARTESIAN_POINT ( 'NONE',  ( -0.4682167728385941974, 0.000000000000000000, 2.353884672967720082 ) ) ;
#4134 = AXIS2_PLACEMENT_3D ( 'NONE', #429, #1295, #4050 ) ;
#4135 = VECTOR ( 'NONE', #6501, 100.0000000000000000 ) ;
#4136 = FACE_OUTER_BOUND ( 'NONE', #5056, .T. ) ;
#4137 = VECTOR ( 'NONE', #2705, 100.0000000000000142 ) ;
#4138 = CARTESIAN_POINT ( 'NONE',  ( -2.189266539367739295, 0.5999999999999999778, 0.9834185373504257255 ) ) ;
#4139 = VERTEX_POINT ( 'NONE', #4312 ) ;
#4140 = AXIS2_PLACEMENT_3D ( 'NONE', #1797, #8074, #1150 ) ;
#4141 = AXIS2_PLACEMENT_3D ( 'NONE', #6445, #2820, #7832 ) ;
#4142 = VERTEX_POINT ( 'NONE', #7701 ) ;
#4143 = DIRECTION ( 'NONE',  ( 0.000000000000000000, 0.000000000000000000, 1.000000000000000000 ) ) ;
#4144 = FACE_OUTER_BOUND ( 'NONE', #8406, .T. ) ;
#4145 = EDGE_CURVE ( 'NONE', #493, #939, #2317, .T. ) ;
#4146 = DIRECTION ( 'NONE',  ( 0.000000000000000000, 0.000000000000000000, 1.000000000000000000 ) ) ;
#4147 = VECTOR ( 'NONE', #4277, 100.0000000000000142 ) ;
#4148 = VERTEX_POINT ( 'NONE', #5765 ) ;
#4149 = CIRCLE ( 'NONE', #5309, 0.3500049999999999550 ) ;
#4150 = CARTESIAN_POINT ( 'NONE',  ( 1.786076994181011068, 0.000000000000000000, -2.082446992096521399 ) ) ;
#4151 = AXIS2_PLACEMENT_3D ( 'NONE', #7493, #1933, #6191 ) ;
#4152 = VECTOR ( 'NONE', #7781, 100.0000000000000000 ) ;
#4153 = ORIENTED_EDGE ( 'NONE', *, *, #4159, .F. ) ;
#4154 = CARTESIAN_POINT ( 'NONE',  ( -0.3960907847707367258, 0.4500000000000000666, 0.5465684680071672963 ) ) ;
#4155 = DIRECTION ( 'NONE',  ( 0.6457217067881142469, 0.000000000000000000, 0.7635728369858664211 ) ) ;
#4156 = DIRECTION ( 'NONE',  ( -8.673617379884027583E-16, 0.000000000000000000, 1.000000000000000000 ) ) ;
#4157 = CARTESIAN_POINT ( 'NONE',  ( 2.482548156321914945, 0.5999999999999999778, 1.167737622746210180 ) ) ;
#4158 = ORIENTED_EDGE ( 'NONE', *, *, #2234, .F. ) ;
#4159 = EDGE_CURVE ( 'NONE', #4628, #687, #7888, .T. ) ;
#4160 = LINE ( 'NONE', #2124, #6692 ) ;
#4161 = DIRECTION ( 'NONE',  ( 0.000000000000000000, 1.000000000000000000, -0.000000000000000000 ) ) ;
#4162 = ORIENTED_EDGE ( 'NONE', *, *, #8516, .T. ) ;
#4163 = CARTESIAN_POINT ( 'NONE',  ( 0.000000000000000000, 0.5999999999999999778, 0.000000000000000000 ) ) ;
#4164 = ORIENTED_EDGE ( 'NONE', *, *, #2518, .F. ) ;
#4165 = CARTESIAN_POINT ( 'NONE',  ( 2.390879693008614471, 0.000000000000000000, 1.345492771289868772 ) ) ;
#4166 = LINE ( 'NONE', #3444, #1702 ) ;
#4167 = LINE ( 'NONE', #6930, #207 ) ;
#4168 = VERTEX_POINT ( 'NONE', #2188 ) ;
#4169 = VERTEX_POINT ( 'NONE', #1510 ) ;
#4170 = ORIENTED_EDGE ( 'NONE', *, *, #7919, .T. ) ;
#4171 = EDGE_CURVE ( 'NONE', #8961, #4297, #5080, .T. ) ;
#4172 = DIRECTION ( 'NONE',  ( 0.5543390762369607705, -0.000000000000000000, 0.8322909278351849904 ) ) ;
#4173 = DIRECTION ( 'NONE',  ( 0.000000000000000000, 1.000000000000000000, 0.000000000000000000 ) ) ;
#4174 = DIRECTION ( 'NONE',  ( 0.000000000000000000, 1.000000000000000000, 0.000000000000000000 ) ) ;
#4175 = ORIENTED_EDGE ( 'NONE', *, *, #5617, .T. ) ;
#4176 = VECTOR ( 'NONE', #8206, 100.0000000000000142 ) ;
#4177 = VERTEX_POINT ( 'NONE', #7791 ) ;
#4178 = DIRECTION ( 'NONE',  ( 0.000000000000000000, 0.000000000000000000, 1.000000000000000000 ) ) ;
#4179 = DIRECTION ( 'NONE',  ( 0.9659258262890682012, 0.000000000000000000, -0.2588190451025209060 ) ) ;
#4180 = ADVANCED_FACE ( 'NONE', ( #4265 ), #3679, .T. ) ;
#4181 = EDGE_CURVE ( 'NONE', #4663, #3417, #6268, .T. ) ;
#4182 = CARTESIAN_POINT ( 'NONE',  ( 0.5465684680071658530, 0.5999999999999999778, 0.3960907847707385576 ) ) ;
#4183 = CYLINDRICAL_SURFACE ( 'NONE', #5449, 0.3500050000000000106 ) ;
#4184 = ORIENTED_EDGE ( 'NONE', *, *, #2907, .F. ) ;
#4185 = DIRECTION ( 'NONE',  ( -0.000000000000000000, -1.000000000000000000, -0.000000000000000000 ) ) ;
#4186 = CARTESIAN_POINT ( 'NONE',  ( -1.273950534763421238, 0.000000000000000000, 2.033973951400467328 ) ) ;
#4187 = CARTESIAN_POINT ( 'NONE',  ( -0.6973863064758748509, 0.000000000000000000, -2.579234484275303441 ) ) ;
#4188 = ORIENTED_EDGE ( 'NONE', *, *, #8131, .T. ) ;
#4189 = CARTESIAN_POINT ( 'NONE',  ( 2.336574944427907141, 0.000000000000000000, 1.332618059797797239 ) ) ;
#4190 = EDGE_CURVE ( 'NONE', #2254, #1352, #1403, .T. ) ;
#4191 = CARTESIAN_POINT ( 'NONE',  ( 2.001228534340635523, 0.000000000000000000, -1.724533010878321226 ) ) ;
#4192 = LINE ( 'NONE', #4020, #7232 ) ;
#4193 = CIRCLE ( 'NONE', #3909, 0.1000000000000000056 ) ;
#4194 = FACE_BOUND ( 'NONE', #6249, .T. ) ;
#4195 = FACE_OUTER_BOUND ( 'NONE', #1906, .T. ) ;
#4196 = ORIENTED_EDGE ( 'NONE', *, *, #5286, .F. ) ;
#4197 = DIRECTION ( 'NONE',  ( -0.000000000000000000, -1.000000000000000000, -0.000000000000000000 ) ) ;
#4198 = CARTESIAN_POINT ( 'NONE',  ( -2.581141827647842835, 0.5999999999999999778, 0.9297114442667682166 ) ) ;
#4199 = ORIENTED_EDGE ( 'NONE', *, *, #6867, .T. ) ;
#4200 = VECTOR ( 'NONE', #5050, 100.0000000000000142 ) ;
#4201 = CARTESIAN_POINT ( 'NONE',  ( -2.627596965865283796, 0.000000000000000000, 0.2732470260462742662 ) ) ;
#4202 = EDGE_CURVE ( 'NONE', #5278, #1293, #7031, .T. ) ;
#4203 = ORIENTED_EDGE ( 'NONE', *, *, #5915, .T. ) ;
#4204 = CARTESIAN_POINT ( 'NONE',  ( -2.299215189623816880, 0.000000000000000000, 1.300976273446458498 ) ) ;
#4205 = CARTESIAN_POINT ( 'NONE',  ( -0.7071067811865462405, 0.000000000000000000, 0.5571067811865486608 ) ) ;
#4206 = DIRECTION ( 'NONE',  ( 0.6848725880832606805, 0.000000000000000000, -0.7286628425356518335 ) ) ;
#4207 = ORIENTED_EDGE ( 'NONE', *, *, #1880, .T. ) ;
#4208 = ORIENTED_EDGE ( 'NONE', *, *, #3376, .F. ) ;
#4209 = EDGE_LOOP ( 'NONE', ( #5023, #2957, #1910, #735 ) ) ;
#4210 = EDGE_CURVE ( 'NONE', #4612, #1803, #4904, .T. ) ;
#4211 = CARTESIAN_POINT ( 'NONE',  ( 1.156264662635030700E-13, 0.000000000000000000, 2.399999999999953726 ) ) ;
#4212 = DIRECTION ( 'NONE',  ( 0.000000000000000000, 1.000000000000000000, 0.000000000000000000 ) ) ;
#4213 = EDGE_CURVE ( 'NONE', #7613, #6568, #7659, .T. ) ;
#4214 = ORIENTED_EDGE ( 'NONE', *, *, #4181, .F. ) ;
#4215 = EDGE_LOOP ( 'NONE', ( #6250, #7378, #2515, #1098 ) ) ;
#4216 = DIRECTION ( 'NONE',  ( 0.000000000000000000, 1.000000000000000000, 0.000000000000000000 ) ) ;
#4217 = DIRECTION ( 'NONE',  ( 0.000000000000000000, 1.000000000000000000, -0.000000000000000000 ) ) ;
#4218 = LINE ( 'NONE', #5543, #1757 ) ;
#4219 = FACE_OUTER_BOUND ( 'NONE', #6887, .T. ) ;
#4220 = CIRCLE ( 'NONE', #1033, 2.400000000000000355 ) ;
#4221 = ADVANCED_FACE ( 'NONE', ( #4219 ), #2909, .T. ) ;
#4222 = EDGE_CURVE ( 'NONE', #7256, #3751, #6022, .T. ) ;
#4223 = ORIENTED_EDGE ( 'NONE', *, *, #3379, .F. ) ;
#4224 = VECTOR ( 'NONE', #6642, 100.0000000000000142 ) ;
#4225 = VECTOR ( 'NONE', #804, 100.0000000000000000 ) ;
#4226 = CARTESIAN_POINT ( 'NONE',  ( 0.5374177117646703472, 0.000000000000000000, 2.339055835819531914 ) ) ;
#4227 = DIRECTION ( 'NONE',  ( 0.000000000000000000, 1.000000000000000000, -0.000000000000000000 ) ) ;
#4228 = ORIENTED_EDGE ( 'NONE', *, *, #7095, .T. ) ;
#4229 = CIRCLE ( 'NONE', #6547, 0.09999999999999992228 ) ;
#4230 = CIRCLE ( 'NONE', #2498, 2.400000000000000355 ) ;
#4231 = VECTOR ( 'NONE', #1424, 100.0000000000000000 ) ;
#4232 = DIRECTION ( 'NONE',  ( 0.2253661878321989442, 0.000000000000000000, 0.9742741305104953842 ) ) ;
#4233 = EDGE_CURVE ( 'NONE', #44, #8956, #6896, .T. ) ;
#4234 = CARTESIAN_POINT ( 'NONE',  ( 2.366666666666715546, 0.000000000000000000, 0.3986086914365986611 ) ) ;
#4235 = CARTESIAN_POINT ( 'NONE',  ( 2.730068450113459111, 0.000000000000000000, 0.2529554104723656938 ) ) ;
#4236 = CARTESIAN_POINT ( 'NONE',  ( -0.1956532809641148840, 0.000000000000000000, 2.634511253708279543 ) ) ;
#4237 = LINE ( 'NONE', #2968, #3227 ) ;
#4238 = ORIENTED_EDGE ( 'NONE', *, *, #2562, .T. ) ;
#4239 = CIRCLE ( 'NONE', #4817, 0.1000000000000000056 ) ;
#4240 = CARTESIAN_POINT ( 'NONE',  ( 0.000000000000000000, 0.5999999999999999778, 0.000000000000000000 ) ) ;
#4241 = DIRECTION ( 'NONE',  ( -0.000000000000000000, -1.000000000000000000, 0.000000000000000000 ) ) ;
#4242 = ORIENTED_EDGE ( 'NONE', *, *, #2835, .T. ) ;
#4243 = CARTESIAN_POINT ( 'NONE',  ( 2.642014306544196334, 0.000000000000000000, -0.7392001813110355979 ) ) ;
#4244 = ORIENTED_EDGE ( 'NONE', *, *, #1792, .F. ) ;
#4245 = FACE_OUTER_BOUND ( 'NONE', #8588, .T. ) ;
#4246 = CARTESIAN_POINT ( 'NONE',  ( -0.8526632993066447508, 0.000000000000000000, 2.243427132316796246 ) ) ;
#4247 = AXIS2_PLACEMENT_3D ( 'NONE', #2363, #5130, #5184 ) ;
#4248 = CARTESIAN_POINT ( 'NONE',  ( 0.7071067811865463515, 0.2999999999999999889, 0.7071067811865487940 ) ) ;
#4249 = EDGE_LOOP ( 'NONE', ( #262, #1903, #2752, #4587 ) ) ;
#4250 = ORIENTED_EDGE ( 'NONE', *, *, #6087, .F. ) ;
#4251 = VERTEX_POINT ( 'NONE', #1693 ) ;
#4252 = ADVANCED_FACE ( 'NONE', ( #8060 ), #5906, .T. ) ;
#4253 = VECTOR ( 'NONE', #2091, 100.0000000000000000 ) ;
#4254 = VECTOR ( 'NONE', #596, 100.0000000000000000 ) ;
#4255 = FACE_OUTER_BOUND ( 'NONE', #6626, .T. ) ;
#4256 = CYLINDRICAL_SURFACE ( 'NONE', #5046, 0.1000000000000000888 ) ;
#4257 = DIRECTION ( 'NONE',  ( -0.5543390762369598823, 0.000000000000000000, -0.8322909278351855455 ) ) ;
#4258 = VERTEX_POINT ( 'NONE', #3176 ) ;
#4259 = ORIENTED_EDGE ( 'NONE', *, *, #6741, .T. ) ;
#4260 = AXIS2_PLACEMENT_3D ( 'NONE', #5824, #1710, #1610 ) ;
#4261 = CARTESIAN_POINT ( 'NONE',  ( 2.033973951400561919, 0.5999999999999999778, 1.273950534763422793 ) ) ;
#4262 = DIRECTION ( 'NONE',  ( 0.000000000000000000, 1.000000000000000000, 0.000000000000000000 ) ) ;
#4263 = EDGE_CURVE ( 'NONE', #2108, #8463, #8330, .T. ) ;
#4264 = DIRECTION ( 'NONE',  ( 0.000000000000000000, 0.000000000000000000, 1.000000000000000000 ) ) ;
#4265 = FACE_OUTER_BOUND ( 'NONE', #8687, .T. ) ;
#4266 = AXIS2_PLACEMENT_3D ( 'NONE', #7264, #435, #3195 ) ;
#4267 = ORIENTED_EDGE ( 'NONE', *, *, #3480, .F. ) ;
#4268 = AXIS2_PLACEMENT_3D ( 'NONE', #5029, #7783, #8257 ) ;
#4269 = FACE_OUTER_BOUND ( 'NONE', #7239, .T. ) ;
#4270 = DIRECTION ( 'NONE',  ( 0.000000000000000000, 0.000000000000000000, -1.000000000000000000 ) ) ;
#4271 = EDGE_LOOP ( 'NONE', ( #8540, #6947, #7138, #1142 ) ) ;
#4272 = VECTOR ( 'NONE', #6648, 100.0000000000000142 ) ;
#4273 = EDGE_CURVE ( 'NONE', #1243, #1221, #90, .T. ) ;
#4274 = VECTOR ( 'NONE', #3828, 100.0000000000000000 ) ;
#4275 = DIRECTION ( 'NONE',  ( 0.000000000000000000, 0.000000000000000000, 1.000000000000000000 ) ) ;
#4276 = CIRCLE ( 'NONE', #8327, 2.400000000000000355 ) ;
#4277 = DIRECTION ( 'NONE',  ( 0.7635728369858664211, 0.000000000000000000, -0.6457217067881142469 ) ) ;
#4278 = DIRECTION ( 'NONE',  ( -0.3043623944812903770, 0.000000000000000000, -0.9525563147791396013 ) ) ;
#4279 = AXIS2_PLACEMENT_3D ( 'NONE', #6338, #679, #124 ) ;
#4280 = FACE_BOUND ( 'NONE', #6356, .T. ) ;
#4281 = CARTESIAN_POINT ( 'NONE',  ( -0.3986086914365977729, 0.000000000000000000, 2.366666666666620955 ) ) ;
#4282 = EDGE_LOOP ( 'NONE', ( #716, #3979, #1137, #3178 ) ) ;
#4283 = CYLINDRICAL_SURFACE ( 'NONE', #7687, 2.400000000000000355 ) ;
#4284 = CARTESIAN_POINT ( 'NONE',  ( -2.323015946640731411, 0.000000000000000000, 1.257985160453167328 ) ) ;
#4285 = ORIENTED_EDGE ( 'NONE', *, *, #7369, .F. ) ;
#4286 = EDGE_CURVE ( 'NONE', #8601, #5048, #7317, .T. ) ;
#4287 = CIRCLE ( 'NONE', #6611, 0.1000000000000000888 ) ;
#4288 = ADVANCED_FACE ( 'NONE', ( #1782 ), #1002, .T. ) ;
#4289 = VECTOR ( 'NONE', #3907, 100.0000000000000000 ) ;
#4290 = DIRECTION ( 'NONE',  ( -0.000000000000000000, -1.000000000000000000, 0.000000000000000000 ) ) ;
#4291 = VERTEX_POINT ( 'NONE', #7291 ) ;
#4292 = CARTESIAN_POINT ( 'NONE',  ( 1.757108023884250025, 0.000000000000000000, -2.012801425311709913 ) ) ;
#4293 = DIRECTION ( 'NONE',  ( 0.000000000000000000, 0.000000000000000000, 1.000000000000000000 ) ) ;
#4294 = VECTOR ( 'NONE', #2359, 100.0000000000000000 ) ;
#4295 = DIRECTION ( 'NONE',  ( 0.000000000000000000, 1.000000000000000000, 0.000000000000000000 ) ) ;
#4296 = ORIENTED_EDGE ( 'NONE', *, *, #1792, .T. ) ;
#4297 = VERTEX_POINT ( 'NONE', #5312 ) ;
#4298 = VECTOR ( 'NONE', #7742, 100.0000000000000000 ) ;
#4299 = AXIS2_PLACEMENT_3D ( 'NONE', #5936, #3301, #8004 ) ;
#4300 = ORIENTED_EDGE ( 'NONE', *, *, #7705, .T. ) ;
#4301 = EDGE_CURVE ( 'NONE', #3863, #273, #8852, .T. ) ;
#4302 = DIRECTION ( 'NONE',  ( 0.7822800159049736468, 0.000000000000000000, 0.6229269433213771023 ) ) ;
#4303 = DIRECTION ( 'NONE',  ( 0.000000000000000000, 0.000000000000000000, 1.000000000000000000 ) ) ;
#4304 = ADVANCED_FACE ( 'NONE', ( #5180 ), #3861, .T. ) ;
#4305 = CARTESIAN_POINT ( 'NONE',  ( 2.410503452114984402, 0.000000000000000000, -1.306420027913691051 ) ) ;
#4306 = ORIENTED_EDGE ( 'NONE', *, *, #4492, .F. ) ;
#4307 = VERTEX_POINT ( 'NONE', #2540 ) ;
#4308 = ORIENTED_EDGE ( 'NONE', *, *, #19, .F. ) ;
#4309 = DIRECTION ( 'NONE',  ( 0.000000000000000000, 1.000000000000000000, -0.000000000000000000 ) ) ;
#4310 = DIRECTION ( 'NONE',  ( -1.734723475976805517E-15, 0.000000000000000000, 1.000000000000000000 ) ) ;
#4311 = DIRECTION ( 'NONE',  ( -0.000000000000000000, -1.000000000000000000, -0.000000000000000000 ) ) ;
#4312 = CARTESIAN_POINT ( 'NONE',  ( 2.410503452114984402, 0.5999999999999999778, -1.306420027913691051 ) ) ;
#4313 = CARTESIAN_POINT ( 'NONE',  ( 2.359097756358963682, 0.000000000000000000, 1.188943870924981105 ) ) ;
#4314 = ADVANCED_FACE ( 'NONE', ( #1048 ), #957, .T. ) ;
#4315 = VERTEX_POINT ( 'NONE', #3902 ) ;
#4316 = APPROVAL_ROLE ( '' ) ;
#4317 = DIRECTION ( 'NONE',  ( 0.000000000000000000, 1.000000000000000000, 0.000000000000000000 ) ) ;
#4318 = CARTESIAN_POINT ( 'NONE',  ( 0.5374177117646703472, 0.000000000000000000, 2.339055835819531914 ) ) ;
#4319 = VERTEX_POINT ( 'NONE', #7245 ) ;
#4320 = AXIS2_PLACEMENT_3D ( 'NONE', #5534, #6937, #2053 ) ;
#4321 = DIRECTION ( 'NONE',  ( -0.000000000000000000, -1.000000000000000000, -0.000000000000000000 ) ) ;
#4322 = CARTESIAN_POINT ( 'NONE',  ( -0.1956532809641148840, 0.000000000000000000, 2.634511253708279543 ) ) ;
#4323 = DIRECTION ( 'NONE',  ( -0.9115869641266186596, 0.000000000000000000, 0.4111072935796869499 ) ) ;
#4324 = ADVANCED_FACE ( 'NONE', ( #6530 ), #6663, .T. ) ;
#4325 = DIRECTION ( 'NONE',  ( -0.6229269433213877605, 0.000000000000000000, 0.7822800159049652091 ) ) ;
#4326 = LINE ( 'NONE', #5737, #1360 ) ;
#4327 = ORIENTED_EDGE ( 'NONE', *, *, #2195, .T. ) ;
#4328 = CARTESIAN_POINT ( 'NONE',  ( 2.545719797107024895, 0.5999999999999999778, 0.7058615068732734255 ) ) ;
#4329 = CARTESIAN_POINT ( 'NONE',  ( 1.330667607685506848, 0.5999999999999999778, -2.316920780517059963 ) ) ;
#4330 = ORIENTED_EDGE ( 'NONE', *, *, #3735, .F. ) ;
#4331 = FACE_OUTER_BOUND ( 'NONE', #5547, .T. ) ;
#4332 = ADVANCED_FACE ( 'NONE', ( #7162 ), #3725, .T. ) ;
#4333 = DIRECTION ( 'NONE',  ( -0.000000000000000000, -1.000000000000000000, -0.000000000000000000 ) ) ;
#4334 = CARTESIAN_POINT ( 'NONE',  ( -2.712923616234187207, 0.5999999999999999778, 0.4082915092341506957 ) ) ;
#4335 = ADVANCED_FACE ( 'NONE', ( #372 ), #2360, .T. ) ;
#4336 = CARTESIAN_POINT ( 'NONE',  ( -0.7071067811865462405, 0.2999999999999999889, -0.8571067811865485941 ) ) ;
#4337 = VERTEX_POINT ( 'NONE', #5855 ) ;
#4338 = ORIENTED_EDGE ( 'NONE', *, *, #1598, .T. ) ;
#4339 = ORIENTED_EDGE ( 'NONE', *, *, #8092, .F. ) ;
#4340 = VECTOR ( 'NONE', #7774, 100.0000000000000142 ) ;
#4341 = FACE_OUTER_BOUND ( 'NONE', #5712, .T. ) ;
#4342 = DIRECTION ( 'NONE',  ( -0.000000000000000000, -1.000000000000000000, -0.000000000000000000 ) ) ;
#4343 = EDGE_LOOP ( 'NONE', ( #2302, #1503, #4382, #7816 ) ) ;
#4344 = PLANE ( 'NONE',  #2828 ) ;
#4345 = ORIENTED_EDGE ( 'NONE', *, *, #4677, .T. ) ;
#4346 = EDGE_LOOP ( 'NONE', ( #577, #3066, #5655, #4853 ) ) ;
#4347 = ORIENTED_EDGE ( 'NONE', *, *, #130, .F. ) ;
#4348 = DIRECTION ( 'NONE',  ( 0.000000000000000000, 0.000000000000000000, 1.000000000000000000 ) ) ;
#4349 = LINE ( 'NONE', #7654, #8485 ) ;
#4350 = DIRECTION ( 'NONE',  ( 0.000000000000000000, 1.000000000000000000, -0.000000000000000000 ) ) ;
#4351 = DIRECTION ( 'NONE',  ( 0.000000000000000000, 1.000000000000000000, 0.000000000000000000 ) ) ;
#4352 = DIRECTION ( 'NONE',  ( 0.000000000000000000, 1.000000000000000000, 0.000000000000000000 ) ) ;
#4353 = EDGE_LOOP ( 'NONE', ( #4689, #5226, #1568, #4643 ) ) ;
#4354 = CYLINDRICAL_SURFACE ( 'NONE', #2955, 0.3500050000000000106 ) ;
#4355 = LINE ( 'NONE', #874, #7475 ) ;
#4356 = ORIENTED_EDGE ( 'NONE', *, *, #7991, .T. ) ;
#4357 = EDGE_CURVE ( 'NONE', #4568, #5259, #8607, .T. ) ;
#4358 = VECTOR ( 'NONE', #8021, 100.0000000000000000 ) ;
#4359 = CARTESIAN_POINT ( 'NONE',  ( 0.000000000000000000, 0.000000000000000000, 0.000000000000000000 ) ) ;
#4360 = AXIS2_PLACEMENT_3D ( 'NONE', #5918, #1886, #1017 ) ;
#4361 = ORIENTED_EDGE ( 'NONE', *, *, #3198, .F. ) ;
#4362 = LINE ( 'NONE', #2423, #6601 ) ;
#4363 = FACE_OUTER_BOUND ( 'NONE', #6096, .T. ) ;
#4364 = PLANE ( 'NONE',  #5997 ) ;
#4365 = CARTESIAN_POINT ( 'NONE',  ( -0.7530904910856193180, 0.000000000000000000, 2.532150166262649993 ) ) ;
#4366 = EDGE_LOOP ( 'NONE', ( #2007, #4026, #6560, #6644 ) ) ;
#4367 = CARTESIAN_POINT ( 'NONE',  ( 1.273950534763518050, 0.000000000000000000, -2.033973951400561031 ) ) ;
#4368 = CARTESIAN_POINT ( 'NONE',  ( -0.7071067811865462405, 0.000000000000000000, -0.7071067811865486830 ) ) ;
#4369 = VERTEX_POINT ( 'NONE', #1961 ) ;
#4370 = EDGE_CURVE ( 'NONE', #3825, #2138, #2193, .T. ) ;
#4371 = VECTOR ( 'NONE', #3387, 100.0000000000000142 ) ;
#4372 = AXIS2_PLACEMENT_3D ( 'NONE', #6914, #3515, #3470 ) ;
#4373 = EDGE_CURVE ( 'NONE', #6431, #4169, #3792, .T. ) ;
#4374 = CARTESIAN_POINT ( 'NONE',  ( 2.721423057264594103, 0.5999999999999999778, -0.3333417546315476376 ) ) ;
#4375 = CIRCLE ( 'NONE', #6850, 0.1000000000000000888 ) ;
#4376 = CARTESIAN_POINT ( 'NONE',  ( -1.724533010878228190, 0.000000000000000000, -2.001228534340632859 ) ) ;
#4377 = DIRECTION ( 'NONE',  ( 0.000000000000000000, 0.000000000000000000, 1.000000000000000000 ) ) ;
#4378 = ORGANIZATION ( 'UNSPECIFIED', 'UNSPECIFIED', '' ) ;
#4379 = CARTESIAN_POINT ( 'NONE',  ( 2.051206457845031750, 0.000000000000000000, 1.664776807732115005 ) ) ;
#4380 = ORIENTED_EDGE ( 'NONE', *, *, #7421, .F. ) ;
#4381 = VERTEX_POINT ( 'NONE', #8204 ) ;
#4382 = ORIENTED_EDGE ( 'NONE', *, *, #8591, .F. ) ;
#4383 = VECTOR ( 'NONE', #5508, 100.0000000000000000 ) ;
#4384 = EDGE_CURVE ( 'NONE', #8452, #906, #6213, .T. ) ;
#4385 = LINE ( 'NONE', #5793, #7890 ) ;
#4386 = CARTESIAN_POINT ( 'NONE',  ( 1.234778102581726600, 0.5999999999999999778, -2.447975330630792090 ) ) ;
#4387 = EDGE_LOOP ( 'NONE', ( #6973, #8792, #2155, #824 ) ) ;
#4388 = DIRECTION ( 'NONE',  ( 0.000000000000000000, 0.000000000000000000, 1.000000000000000000 ) ) ;
#4389 = VERTEX_POINT ( 'NONE', #6797 ) ;
#4390 = VERTEX_POINT ( 'NONE', #6126 ) ;
#4391 = ORIENTED_EDGE ( 'NONE', *, *, #1465, .T. ) ;
#4392 = DIRECTION ( 'NONE',  ( -0.9936313698394811933, 0.000000000000000000, 0.1126796382267711005 ) ) ;
#4393 = DIRECTION ( 'NONE',  ( -0.000000000000000000, -1.000000000000000000, -0.000000000000000000 ) ) ;
#4394 = AXIS2_PLACEMENT_3D ( 'NONE', #1198, #3876, #1887 ) ;
#4395 = EDGE_CURVE ( 'NONE', #906, #3844, #1916, .T. ) ;
#4396 = EDGE_CURVE ( 'NONE', #2218, #6723, #7481, .T. ) ;
#4397 = CARTESIAN_POINT ( 'NONE',  ( -1.333368559247055218, 0.000000000000000000, -1.995527069526102704 ) ) ;
#4398 = CARTESIAN_POINT ( 'NONE',  ( -2.508844294584582801, 0.000000000000000000, 0.8274237474220399458 ) ) ;
#4399 = CARTESIAN_POINT ( 'NONE',  ( 2.032959116562972124, 0.5999999999999999778, -1.687011257417006416 ) ) ;
#4400 = CIRCLE ( 'NONE', #2522, 0.3500049999999999550 ) ;
#4401 = VERTEX_POINT ( 'NONE', #6897 ) ;
#4402 = DIRECTION ( 'NONE',  ( -0.9352860790606477570, 0.000000000000000000, -0.3538925688897124333 ) ) ;
#4403 = CARTESIAN_POINT ( 'NONE',  ( -1.188943870924979551, 0.5999999999999999778, 2.359097756358868647 ) ) ;
#4404 = ORIENTED_EDGE ( 'NONE', *, *, #4202, .T. ) ;
#4405 = DIRECTION ( 'NONE',  ( 0.9611163161701273827, 0.000000000000000000, 0.2761438516273062582 ) ) ;
#4406 = CARTESIAN_POINT ( 'NONE',  ( 0.8274237474221359800, 0.5999999999999999778, 2.508844294584582801 ) ) ;
#4407 = EDGE_CURVE ( 'NONE', #2470, #7366, #25, .T. ) ;
#4408 = ORIENTED_EDGE ( 'NONE', *, *, #7793, .F. ) ;
#4409 = CARTESIAN_POINT ( 'NONE',  ( -1.687011257416911159, 0.5999999999999999778, -2.032959116562971236 ) ) ;
#4410 = FACE_OUTER_BOUND ( 'NONE', #4346, .T. ) ;
#4411 = EDGE_CURVE ( 'NONE', #4986, #4881, #7428, .T. ) ;
#4412 = CARTESIAN_POINT ( 'NONE',  ( 1.257985160453262363, 0.000000000000000000, 2.423015946640732388 ) ) ;
#4413 = DIRECTION ( 'NONE',  ( 0.000000000000000000, 0.000000000000000000, -1.000000000000000000 ) ) ;
#4414 = ORIENTED_EDGE ( 'NONE', *, *, #2536, .F. ) ;
#4415 = DIRECTION ( 'NONE',  ( 0.000000000000000000, 0.000000000000000000, 1.000000000000000000 ) ) ;
#4416 = DIRECTION ( 'NONE',  ( 0.000000000000000000, 1.000000000000000000, 0.000000000000000000 ) ) ;
#4417 = ORIENTED_EDGE ( 'NONE', *, *, #265, .T. ) ;
#4418 = CIRCLE ( 'NONE', #7734, 0.1000000000000000888 ) ;
#4419 = VECTOR ( 'NONE', #2242, 100.0000000000000142 ) ;
#4420 = CARTESIAN_POINT ( 'NONE',  ( -1.273950534763421238, 0.5999999999999999778, 2.033973951400467328 ) ) ;
#4421 = DIRECTION ( 'NONE',  ( 0.000000000000000000, 1.000000000000000000, 0.000000000000000000 ) ) ;
#4422 = DIRECTION ( 'NONE',  ( 0.7081525021447053758, 0.000000000000000000, -0.7060595114480031631 ) ) ;
#4423 = ADVANCED_FACE ( 'NONE', ( #8878 ), #6035, .T. ) ;
#4424 = CARTESIAN_POINT ( 'NONE',  ( -1.960117804982567158, 0.5999999999999999778, 1.815691707290887580 ) ) ;
#4425 = ORIENTED_EDGE ( 'NONE', *, *, #5513, .T. ) ;
#4426 = EDGE_LOOP ( 'NONE', ( #7370, #702, #1320, #7721 ) ) ;
#4427 = AXIS2_PLACEMENT_3D ( 'NONE', #2689, #2773, #5367 ) ;
#4428 = AXIS2_PLACEMENT_3D ( 'NONE', #8331, #5027, #131 ) ;
#4429 = EDGE_LOOP ( 'NONE', ( #8816, #5738, #3555, #6248 ) ) ;
#4430 = CIRCLE ( 'NONE', #95, 0.1000000000000000888 ) ;
#4431 = AXIS2_PLACEMENT_3D ( 'NONE', #2960, #1469, #4998 ) ;
#4432 = CIRCLE ( 'NONE', #8635, 0.1000000000000000888 ) ;
#4433 = DIRECTION ( 'NONE',  ( 0.000000000000000000, 1.000000000000000000, 0.000000000000000000 ) ) ;
#4434 = CARTESIAN_POINT ( 'NONE',  ( 0.000000000000000000, 0.5999999999999999778, 0.000000000000000000 ) ) ;
#4435 = ORIENTED_EDGE ( 'NONE', *, *, #4031, .T. ) ;
#4436 = CARTESIAN_POINT ( 'NONE',  ( -1.167737622746208181, 0.5999999999999999778, 2.482548156321819910 ) ) ;
#4437 = EDGE_LOOP ( 'NONE', ( #122, #8494, #1274, #3075 ) ) ;
#4438 = VERTEX_POINT ( 'NONE', #2628 ) ;
#4439 = VERTEX_POINT ( 'NONE', #6846 ) ;
#4440 = ADVANCED_FACE ( 'NONE', ( #2724 ), #640, .F. ) ;
#4441 = DIRECTION ( 'NONE',  ( 0.000000000000000000, 1.000000000000000000, -0.000000000000000000 ) ) ;
#4442 = CARTESIAN_POINT ( 'NONE',  ( 0.2095652352663492646, 0.5999999999999999778, 2.735459543879543265 ) ) ;
#4443 = FACE_OUTER_BOUND ( 'NONE', #8450, .T. ) ;
#4444 = DIRECTION ( 'NONE',  ( 0.000000000000000000, 0.000000000000000000, 1.000000000000000000 ) ) ;
#4445 = CARTESIAN_POINT ( 'NONE',  ( -1.234778102581629788, 0.000000000000000000, 2.447975330630697943 ) ) ;
#4446 = EDGE_CURVE ( 'NONE', #3339, #5564, #7518, .T. ) ;
#4447 = EDGE_LOOP ( 'NONE', ( #5207, #8506, #4821, #7278 ) ) ;
#4448 = EDGE_CURVE ( 'NONE', #5574, #8782, #7400, .T. ) ;
#4449 = CARTESIAN_POINT ( 'NONE',  ( -0.7071067811865462405, 0.2999999999999999889, 0.7071067811865487940 ) ) ;
#4450 = FACE_OUTER_BOUND ( 'NONE', #3586, .T. ) ;
#4451 = ORIENTED_EDGE ( 'NONE', *, *, #5079, .F. ) ;
#4452 = LINE ( 'NONE', #7975, #3930 ) ;
#4453 = CARTESIAN_POINT ( 'NONE',  ( 1.846701588525063054, 0.000000000000000000, 2.028878938471483373 ) ) ;
#4454 = ORIENTED_EDGE ( 'NONE', *, *, #2873, .F. ) ;
#4455 = VERTEX_POINT ( 'NONE', #8243 ) ;
#4456 = DIRECTION ( 'NONE',  ( -0.000000000000000000, -1.000000000000000000, 0.000000000000000000 ) ) ;
#4457 = LINE ( 'NONE', #6546, #8553 ) ;
#4458 = CARTESIAN_POINT ( 'NONE',  ( -1.789105181557039348, 0.000000000000000000, -2.077585818039219490 ) ) ;
#4459 = DIRECTION ( 'NONE',  ( 0.000000000000000000, 0.000000000000000000, 1.000000000000000000 ) ) ;
#4460 = DIRECTION ( 'NONE',  ( 0.9810729337102092051, 0.000000000000000000, -0.1936385776162477257 ) ) ;
#4461 = CARTESIAN_POINT ( 'NONE',  ( -1.786076994180914701, 0.5999999999999999778, 2.082446992096427696 ) ) ;
#4462 = ORIENTED_EDGE ( 'NONE', *, *, #6588, .T. ) ;
#4463 = EDGE_CURVE ( 'NONE', #1285, #7265, #548, .T. ) ;
#4464 = CARTESIAN_POINT ( 'NONE',  ( -0.07076422490291250922, 0.5999999999999999778, -2.398956528258462839 ) ) ;
#4465 = LINE ( 'NONE', #7273, #1104 ) ;
#4466 = CARTESIAN_POINT ( 'NONE',  ( 0.3220737908088710522, 0.5999999999999999778, 2.622059920280551015 ) ) ;
#4467 = DIRECTION ( 'NONE',  ( 0.000000000000000000, 1.000000000000000000, 0.000000000000000000 ) ) ;
#4468 = ORIENTED_EDGE ( 'NONE', *, *, #831, .F. ) ;
#4469 = VERTEX_POINT ( 'NONE', #8784 ) ;
#4470 = ORIENTED_EDGE ( 'NONE', *, *, #816, .T. ) ;
#4471 = ADVANCED_FACE ( 'NONE', ( #7565 ), #3945, .T. ) ;
#4472 = LINE ( 'NONE', #3893, #1410 ) ;
#4473 = CARTESIAN_POINT ( 'NONE',  ( 2.607432228139167307, 0.000000000000000000, 0.8532020157591899689 ) ) ;
#4474 = ORIENTED_EDGE ( 'NONE', *, *, #4784, .F. ) ;
#4475 = PLANE ( 'NONE',  #2973 ) ;
#4476 = ORIENTED_EDGE ( 'NONE', *, *, #7215, .F. ) ;
#4477 = ORIENTED_EDGE ( 'NONE', *, *, #7369, .T. ) ;
#4478 = VECTOR ( 'NONE', #1718, 100.0000000000000000 ) ;
#4479 = ORIENTED_EDGE ( 'NONE', *, *, #109, .F. ) ;
#4480 = DIRECTION ( 'NONE',  ( -0.3840503253332080980, 0.000000000000000000, 0.9233121615203911947 ) ) ;
#4481 = CARTESIAN_POINT ( 'NONE',  ( 0.7058615068733764542, 0.000000000000000000, -2.545719797107021787 ) ) ;
#4482 = EDGE_CURVE ( 'NONE', #6368, #5359, #4940, .T. ) ;
#4483 = AXIS2_PLACEMENT_3D ( 'NONE', #8179, #3331, #4060 ) ;
#4484 = EDGE_CURVE ( 'NONE', #7695, #4258, #6077, .T. ) ;
#4485 = DIRECTION ( 'NONE',  ( 0.9352860790606644104, 0.000000000000000000, 0.3538925688896682464 ) ) ;
#4486 = CARTESIAN_POINT ( 'NONE',  ( 0.9297114442668643619, 0.5999999999999999778, 2.581141827647842835 ) ) ;
#4487 = ORIENTED_EDGE ( 'NONE', *, *, #4871, .T. ) ;
#4488 = AXIS2_PLACEMENT_3D ( 'NONE', #6806, #5461, #2593 ) ;
#4489 = CARTESIAN_POINT ( 'NONE',  ( -0.8578599868701547448, 0.5999999999999999778, -2.604099926062569459 ) ) ;
#4490 = CARTESIAN_POINT ( 'NONE',  ( -0.3220737908087550894, 0.5999999999999999778, -2.622059920280611856 ) ) ;
#4491 = ORIENTED_EDGE ( 'NONE', *, *, #8176, .F. ) ;
#4492 = EDGE_CURVE ( 'NONE', #5531, #3601, #3502, .T. ) ;
#4493 = CARTESIAN_POINT ( 'NONE',  ( -2.022465555005004134, 0.5999999999999999778, 0.3348627761013463489 ) ) ;
#4494 = EDGE_CURVE ( 'NONE', #8106, #1052, #8551, .T. ) ;
#4495 = DIRECTION ( 'NONE',  ( 0.000000000000000000, 1.000000000000000000, 0.000000000000000000 ) ) ;
#4496 = EDGE_LOOP ( 'NONE', ( #5412, #4735, #3047, #1871 ) ) ;
#4497 = ORIENTED_EDGE ( 'NONE', *, *, #3432, .T. ) ;
#4498 = CARTESIAN_POINT ( 'NONE',  ( 0.7071067811865463515, 0.2999999999999999889, 0.7071067811865487940 ) ) ;
#4499 = CARTESIAN_POINT ( 'NONE',  ( 0.8530903815704035109, 0.000000000000000000, -2.532002169471284869 ) ) ;
#4500 = CARTESIAN_POINT ( 'NONE',  ( 1.664776807732210706, 0.000000000000000000, -2.051206457845030862 ) ) ;
#4501 = CARTESIAN_POINT ( 'NONE',  ( 0.3427293705101727150, 0.000000000000000000, -2.649780135015856519 ) ) ;
#4502 = CYLINDRICAL_SURFACE ( 'NONE', #7268, 2.400000000000000355 ) ;
#4503 = CARTESIAN_POINT ( 'NONE',  ( 0.7334758920361070800, 0.000000000000000000, -2.641831428724034314 ) ) ;
#4504 = ORIENTED_EDGE ( 'NONE', *, *, #2049, .T. ) ;
#4505 = CIRCLE ( 'NONE', #3641, 2.400000000000000355 ) ;
#4506 = ADVANCED_FACE ( 'NONE', ( #6254 ), #2809, .T. ) ;
#4507 = ADVANCED_FACE ( 'NONE', ( #2096 ), #7608, .T. ) ;
#4508 = CARTESIAN_POINT ( 'NONE',  ( 0.7071067811865463515, 0.2999999999999999889, 1.057111781186548916 ) ) ;
#4509 = AXIS2_PLACEMENT_3D ( 'NONE', #1157, #7318, #346 ) ;
#4510 = AXIS2_PLACEMENT_3D ( 'NONE', #2104, #6354, #7657 ) ;
#4511 = DIRECTION ( 'NONE',  ( 0.000000000000000000, 0.000000000000000000, 1.000000000000000000 ) ) ;
#4512 = DIRECTION ( 'NONE',  ( -0.1936385776162479200, 0.000000000000000000, -0.9810729337102092051 ) ) ;
#4513 = DIRECTION ( 'NONE',  ( 0.000000000000000000, 0.000000000000000000, 1.000000000000000000 ) ) ;
#4514 = VERTEX_POINT ( 'NONE', #5227 ) ;
#4515 = ORIENTED_EDGE ( 'NONE', *, *, #7478, .T. ) ;
#4516 = CIRCLE ( 'NONE', #6542, 2.050000000000000266 ) ;
#4517 = ORIENTED_EDGE ( 'NONE', *, *, #5229, .T. ) ;
#4518 = VECTOR ( 'NONE', #1203, 100.0000000000000000 ) ;
#4519 = VECTOR ( 'NONE', #4965, 100.0000000000000000 ) ;
#4520 = AXIS2_PLACEMENT_3D ( 'NONE', #293, #8490, #3055 ) ;
#4521 = AXIS2_PLACEMENT_3D ( 'NONE', #1801, #1614, #5780 ) ;
#4522 = CIRCLE ( 'NONE', #3369, 1.500000000000000000 ) ;
#4523 = CARTESIAN_POINT ( 'NONE',  ( 1.746356292197643878, 0.5999999999999999778, 1.646280565608930768 ) ) ;
#4524 = LINE ( 'NONE', #8646, #3713 ) ;
#4525 = ORIENTED_EDGE ( 'NONE', *, *, #4411, .T. ) ;
#4526 = CARTESIAN_POINT ( 'NONE',  ( 0.000000000000000000, 0.000000000000000000, 0.000000000000000000 ) ) ;
#4527 = ORIENTED_EDGE ( 'NONE', *, *, #3737, .F. ) ;
#4528 = ORIENTED_EDGE ( 'NONE', *, *, #6994, .F. ) ;
#4529 = EDGE_CURVE ( 'NONE', #5955, #7504, #4452, .T. ) ;
#4530 = ORIENTED_EDGE ( 'NONE', *, *, #5287, .T. ) ;
#4531 = CARTESIAN_POINT ( 'NONE',  ( 1.273950534763518050, 0.000000000000000000, -2.033973951400561031 ) ) ;
#4532 = AXIS2_PLACEMENT_3D ( 'NONE', #7536, #1340, #8304 ) ;
#4533 = CARTESIAN_POINT ( 'NONE',  ( -2.634511253708278655, 0.5999999999999999778, -0.1956532809642133330 ) ) ;
#4534 = CYLINDRICAL_SURFACE ( 'NONE', #8656, 0.1000000000000000888 ) ;
#4535 = ORIENTED_EDGE ( 'NONE', *, *, #8045, .T. ) ;
#4536 = EDGE_CURVE ( 'NONE', #4631, #2886, #286, .T. ) ;
#4537 = CIRCLE ( 'NONE', #6285, 0.1000000000000000056 ) ;
#4538 = DIRECTION ( 'NONE',  ( 0.000000000000000000, 0.000000000000000000, 1.000000000000000000 ) ) ;
#4539 = CARTESIAN_POINT ( 'NONE',  ( -1.568230811125788327, 0.000000000000000000, 2.163203714024717783 ) ) ;
#4540 = ORIENTED_EDGE ( 'NONE', *, *, #183, .T. ) ;
#4541 = LINE ( 'NONE', #8619, #6538 ) ;
#4542 = AXIS2_PLACEMENT_3D ( 'NONE', #8180, #6102, #571 ) ;
#4543 = LINE ( 'NONE', #5814, #87 ) ;
#4544 = AXIS2_PLACEMENT_3D ( 'NONE', #7969, #3906, #8065 ) ;
#4545 = ORIENTED_EDGE ( 'NONE', *, *, #779, .F. ) ;
#4546 = VERTEX_POINT ( 'NONE', #2503 ) ;
#4547 = DIRECTION ( 'NONE',  ( 0.000000000000000000, 0.000000000000000000, 1.000000000000000000 ) ) ;
#4548 = DIRECTION ( 'NONE',  ( 0.2588190451025229599, 0.000000000000000000, -0.9659258262890676461 ) ) ;
#4549 = LINE ( 'NONE', #1848, #2095 ) ;
#4550 = CARTESIAN_POINT ( 'NONE',  ( -2.482548156321824351, 0.000000000000000000, -1.167737622746353843 ) ) ;
#4551 = CARTESIAN_POINT ( 'NONE',  ( -2.734163426567457034, 0.5999999999999999778, -0.2039866142975462759 ) ) ;
#4552 = CARTESIAN_POINT ( 'NONE',  ( -0.7071067811865462405, 0.2999999999999999889, 0.7071067811865487940 ) ) ;
#4553 = EDGE_LOOP ( 'NONE', ( #6921, #3955, #585, #8504, #1612, #7228 ) ) ;
#4554 = ADVANCED_FACE ( 'NONE', ( #6632 ), #3910, .T. ) ;
#4555 = CARTESIAN_POINT ( 'NONE',  ( 0.000000000000000000, 0.5999999999999999778, 0.000000000000000000 ) ) ;
#4556 = CIRCLE ( 'NONE', #3405, 0.1000000000000000888 ) ;
#4557 = CARTESIAN_POINT ( 'NONE',  ( 2.505747855997360496, 0.000000000000000000, -0.9273757962659427978 ) ) ;
#4558 = DIRECTION ( 'NONE',  ( 0.000000000000000000, 0.000000000000000000, 1.000000000000000000 ) ) ;
#4559 = DIRECTION ( 'NONE',  ( 0.000000000000000000, 0.000000000000000000, 1.000000000000000000 ) ) ;
#4560 = DIRECTION ( 'NONE',  ( 0.000000000000000000, 1.000000000000000000, -0.000000000000000000 ) ) ;
#4561 = EDGE_CURVE ( 'NONE', #3367, #6526, #1743, .T. ) ;
#4562 = ORIENTED_EDGE ( 'NONE', *, *, #7075, .T. ) ;
#4563 = VERTEX_POINT ( 'NONE', #3186 ) ;
#4564 = AXIS2_PLACEMENT_3D ( 'NONE', #4711, #2046, #6838 ) ;
#4565 = EDGE_CURVE ( 'NONE', #1210, #4881, #4541, .T. ) ;
#4566 = AXIS2_PLACEMENT_3D ( 'NONE', #3734, #4321, #8389 ) ;
#4567 = AXIS2_PLACEMENT_3D ( 'NONE', #3161, #1761, #7908 ) ;
#4568 = VERTEX_POINT ( 'NONE', #7211 ) ;
#4569 = VECTOR ( 'NONE', #289, 99.99999999999998579 ) ;
#4570 = AXIS2_PLACEMENT_3D ( 'NONE', #3004, #1644, #1558 ) ;
#4571 = LINE ( 'NONE', #1132, #3711 ) ;
#4572 = DIRECTION ( 'NONE',  ( -0.9742741305104876126, 0.000000000000000000, 0.2253661878322333889 ) ) ;
#4573 = ORIENTED_EDGE ( 'NONE', *, *, #1541, .F. ) ;
#4574 = DIRECTION ( 'NONE',  ( 0.000000000000000000, 0.000000000000000000, 1.000000000000000000 ) ) ;
#4575 = ORIENTED_EDGE ( 'NONE', *, *, #8762, .T. ) ;
#4576 = EDGE_LOOP ( 'NONE', ( #6600, #5109 ) ) ;
#4577 = AXIS2_PLACEMENT_3D ( 'NONE', #8496, #300, #5243 ) ;
#4578 = ORIENTED_EDGE ( 'NONE', *, *, #7266, .F. ) ;
#4579 = AXIS2_PLACEMENT_3D ( 'NONE', #3525, #4887, #8911 ) ;
#4580 = ADVANCED_FACE ( 'NONE', ( #7299 ), #2418, .T. ) ;
#4581 = AXIS2_PLACEMENT_3D ( 'NONE', #4403, #2282, #5632 ) ;
#4582 = AXIS2_PLACEMENT_3D ( 'NONE', #5347, #3894, #6701 ) ;
#4583 = EDGE_CURVE ( 'NONE', #4096, #7384, #1704, .T. ) ;
#4584 = DIRECTION ( 'NONE',  ( 0.000000000000000000, 1.000000000000000000, 0.000000000000000000 ) ) ;
#4585 = DIRECTION ( 'NONE',  ( 0.000000000000000000, 0.000000000000000000, 1.000000000000000000 ) ) ;
#4586 = ORIENTED_EDGE ( 'NONE', *, *, #7583, .T. ) ;
#4587 = ORIENTED_EDGE ( 'NONE', *, *, #5594, .F. ) ;
#4588 = CARTESIAN_POINT ( 'NONE',  ( -2.523800576651533678, 0.000000000000000000, 0.7806153992594102586 ) ) ;
#4589 = CARTESIAN_POINT ( 'NONE',  ( 2.353884672967686775, 0.5999999999999999778, 0.4682167728390421169 ) ) ;
#4590 = AXIS2_PLACEMENT_3D ( 'NONE', #7, #5361, #7616 ) ;
#4591 = ORIENTED_EDGE ( 'NONE', *, *, #7367, .T. ) ;
#4592 = EDGE_CURVE ( 'NONE', #4546, #5271, #2631, .T. ) ;
#4593 = LINE ( 'NONE', #1146, #1619 ) ;
#4594 = ADVANCED_FACE ( 'NONE', ( #5953 ), #7933, .T. ) ;
#4595 = DIRECTION ( 'NONE',  ( 0.000000000000000000, 0.000000000000000000, 1.000000000000000000 ) ) ;
#4596 = ORIENTED_EDGE ( 'NONE', *, *, #3639, .F. ) ;
#4597 = ORIENTED_EDGE ( 'NONE', *, *, #5843, .F. ) ;
#4598 = DIRECTION ( 'NONE',  ( 0.000000000000000000, 1.000000000000000000, 0.000000000000000000 ) ) ;
#4599 = CARTESIAN_POINT ( 'NONE',  ( 0.07076422490303042878, 0.000000000000000000, 2.398956528258402443 ) ) ;
#4600 = CARTESIAN_POINT ( 'NONE',  ( 2.323015946640827334, 0.000000000000000000, -1.257985160453261919 ) ) ;
#4601 = LINE ( 'NONE', #433, #480 ) ;
#4602 = PLANE ( 'NONE',  #764 ) ;
#4603 = DIRECTION ( 'NONE',  ( -0.9742741305104875016, 0.000000000000000000, 0.2253661878322333889 ) ) ;
#4604 = VERTEX_POINT ( 'NONE', #7170 ) ;
#4605 = CARTESIAN_POINT ( 'NONE',  ( 2.532002169471285313, 0.5999999999999999778, 0.8530903815703085868 ) ) ;
#4606 = EDGE_CURVE ( 'NONE', #6716, #412, #1838, .T. ) ;
#4607 = FACE_OUTER_BOUND ( 'NONE', #977, .T. ) ;
#4608 = CARTESIAN_POINT ( 'NONE',  ( -2.669900510597245535, 0.000000000000000000, -0.1021246730581469170 ) ) ;
#4609 = PLANE ( 'NONE',  #1972 ) ;
#4610 = CARTESIAN_POINT ( 'NONE',  ( 0.000000000000000000, 0.5999999999999999778, -2.050000000000000266 ) ) ;
#4611 = ORIENTED_EDGE ( 'NONE', *, *, #4763, .T. ) ;
#4612 = VERTEX_POINT ( 'NONE', #5189 ) ;
#4613 = CARTESIAN_POINT ( 'NONE',  ( -1.626335788784444736, 0.000000000000000000, 2.081816911831198436 ) ) ;
#4614 = EDGE_CURVE ( 'NONE', #5232, #8164, #4593, .T. ) ;
#4615 = ORIENTED_EDGE ( 'NONE', *, *, #8891, .F. ) ;
#4616 = EDGE_CURVE ( 'NONE', #7504, #683, #1767, .T. ) ;
#4617 = CARTESIAN_POINT ( 'NONE',  ( -2.598675585582184588, 0.5999999999999999778, -0.6210341264649250625 ) ) ;
#4618 = DIRECTION ( 'NONE',  ( 0.6229269433213771023, 0.000000000000000000, -0.7822800159049736468 ) ) ;
#4619 = CYLINDRICAL_SURFACE ( 'NONE', #5138, 2.400000000000000355 ) ;
#4620 = ORIENTED_EDGE ( 'NONE', *, *, #5375, .T. ) ;
#4621 = EDGE_LOOP ( 'NONE', ( #116, #3975, #972, #1126, #4899, #4380, #6380, #7538, #6203, #7338, #4208, #7651, #6075, #4712, #3225, #4918, #2713, #6437 ) ) ;
#4622 = VERTEX_POINT ( 'NONE', #3145 ) ;
#4623 = DIRECTION ( 'NONE',  ( 0.000000000000000000, 0.000000000000000000, 1.000000000000000000 ) ) ;
#4624 = PERSON_AND_ORGANIZATION ( #6233, #4378 ) ;
#4625 = FACE_OUTER_BOUND ( 'NONE', #2537, .T. ) ;
#4626 = CIRCLE ( 'NONE', #5786, 0.09999999999999992228 ) ;
#4627 = ORIENTED_EDGE ( 'NONE', *, *, #5753, .T. ) ;
#4628 = VERTEX_POINT ( 'NONE', #5912 ) ;
#4629 = LINE ( 'NONE', #5993, #3824 ) ;
#4630 = DIRECTION ( 'NONE',  ( 0.000000000000000000, 1.000000000000000000, -0.000000000000000000 ) ) ;
#4631 = VERTEX_POINT ( 'NONE', #5996 ) ;
#4632 = VECTOR ( 'NONE', #6969, 99.99999999999998579 ) ;
#4633 = CYLINDRICAL_SURFACE ( 'NONE', #6090, 2.400000000000000355 ) ;
#4634 = DIRECTION ( 'NONE',  ( -0.000000000000000000, -1.000000000000000000, 0.000000000000000000 ) ) ;
#4635 = VERTEX_POINT ( 'NONE', #8748 ) ;
#4636 = ORIENTED_EDGE ( 'NONE', *, *, #5363, .T. ) ;
#4637 = DIRECTION ( 'NONE',  ( 0.001479967914598353433, 0.000000000000000000, -0.9999989048468862496 ) ) ;
#4638 = CARTESIAN_POINT ( 'NONE',  ( 0.000000000000000000, 0.5999999999999999778, 0.000000000000000000 ) ) ;
#4639 = CARTESIAN_POINT ( 'NONE',  ( -1.391627140053367073, 0.000000000000000000, -1.955344957562958896 ) ) ;
#4640 = DIRECTION ( 'NONE',  ( 0.000000000000000000, 1.000000000000000000, -0.000000000000000000 ) ) ;
#4641 = ADVANCED_FACE ( 'NONE', ( #5321 ), #1652, .F. ) ;
#4642 = PLANE ( 'NONE',  #5540 ) ;
#4643 = ORIENTED_EDGE ( 'NONE', *, *, #6833, .T. ) ;
#4644 = DIRECTION ( 'NONE',  ( -0.000000000000000000, -1.000000000000000000, -0.000000000000000000 ) ) ;
#4645 = CARTESIAN_POINT ( 'NONE',  ( -2.665728535985590675, 0.5999999999999999778, 0.1808025380539654281 ) ) ;
#4646 = CYLINDRICAL_SURFACE ( 'NONE', #3620, 0.1000000000000000888 ) ;
#4647 = DIRECTION ( 'NONE',  ( 0.000000000000000000, 1.000000000000000000, -0.000000000000000000 ) ) ;
#4648 = LINE ( 'NONE', #8809, #6269 ) ;
#4649 = ORIENTED_EDGE ( 'NONE', *, *, #8445, .F. ) ;
#4650 = EDGE_CURVE ( 'NONE', #1134, #1181, #4220, .T. ) ;
#4651 = FACE_OUTER_BOUND ( 'NONE', #2042, .T. ) ;
#4652 = ORIENTED_EDGE ( 'NONE', *, *, #3514, .F. ) ;
#4653 = ADVANCED_FACE ( 'NONE', ( #2367 ), #5135, .T. ) ;
#4654 = CARTESIAN_POINT ( 'NONE',  ( -2.398956528258401111, 0.000000000000000000, 0.07076422490293553247 ) ) ;
#4655 = AXIS2_PLACEMENT_3D ( 'NONE', #2550, #8664, #466 ) ;
#4656 = VERTEX_POINT ( 'NONE', #4680 ) ;
#4657 = FACE_OUTER_BOUND ( 'NONE', #8334, .T. ) ;
#4658 = LINE ( 'NONE', #8730, #6468 ) ;
#4659 = ORIENTED_EDGE ( 'NONE', *, *, #6964, .F. ) ;
#4660 = VECTOR ( 'NONE', #1116, 100.0000000000000000 ) ;
#4661 = AXIS2_PLACEMENT_3D ( 'NONE', #1617, #4290, #8399 ) ;
#4662 = DIRECTION ( 'NONE',  ( -0.7822800159049736468, 0.000000000000000000, -0.6229269433213771023 ) ) ;
#4663 = VERTEX_POINT ( 'NONE', #4046 ) ;
#4664 = ORIENTED_EDGE ( 'NONE', *, *, #6372, .T. ) ;
#4665 = ORIENTED_EDGE ( 'NONE', *, *, #6223, .T. ) ;
#4666 = AXIS2_PLACEMENT_3D ( 'NONE', #3019, #3650, #6418 ) ;
#4667 = ADVANCED_FACE ( 'NONE', ( #4136 ), #3275, .F. ) ;
#4668 = VECTOR ( 'NONE', #2730, 100.0000000000000000 ) ;
#4669 = DIRECTION ( 'NONE',  ( -0.000000000000000000, -1.000000000000000000, 0.000000000000000000 ) ) ;
#4670 = DIRECTION ( 'NONE',  ( 1.000000000000000000, 0.000000000000000000, 0.000000000000000000 ) ) ;
#4671 = DIRECTION ( 'NONE',  ( -0.000000000000000000, -1.000000000000000000, 0.000000000000000000 ) ) ;
#4672 = ORIENTED_EDGE ( 'NONE', *, *, #3900, .T. ) ;
#4673 = AXIS2_PLACEMENT_3D ( 'NONE', #6330, #843, #7899 ) ;
#4674 = ORIENTED_EDGE ( 'NONE', *, *, #5041, .T. ) ;
#4675 = FACE_OUTER_BOUND ( 'NONE', #5420, .T. ) ;
#4676 = DIRECTION ( 'NONE',  ( 0.000000000000000000, 1.000000000000000000, -0.000000000000000000 ) ) ;
#4677 = EDGE_CURVE ( 'NONE', #1935, #2998, #4505, .T. ) ;
#4678 = VERTEX_POINT ( 'NONE', #8111 ) ;
#4679 = EDGE_CURVE ( 'NONE', #3450, #3025, #171, .T. ) ;
#4680 = CARTESIAN_POINT ( 'NONE',  ( -1.333368559246941309, 0.000000000000000000, 1.995527069526100261 ) ) ;
#4681 = FACE_OUTER_BOUND ( 'NONE', #7409, .T. ) ;
#4682 = EDGE_LOOP ( 'NONE', ( #7818, #7155, #3393, #5677 ) ) ;
#4683 = EDGE_LOOP ( 'NONE', ( #5257, #7988, #2776, #6132 ) ) ;
#4684 = DIRECTION ( 'NONE',  ( 0.5543390762369602154, 0.000000000000000000, 0.8322909278351852125 ) ) ;
#4685 = CARTESIAN_POINT ( 'NONE',  ( 1.391627140053462997, 0.000000000000000000, 1.955344957562864305 ) ) ;
#4686 = DIRECTION ( 'NONE',  ( -0.8887757427182864101, 0.000000000000000000, -0.4583423165665138632 ) ) ;
#4687 = FACE_OUTER_BOUND ( 'NONE', #6493, .T. ) ;
#4688 = FACE_OUTER_BOUND ( 'NONE', #5656, .T. ) ;
#4689 = ORIENTED_EDGE ( 'NONE', *, *, #59, .F. ) ;
#4690 = CIRCLE ( 'NONE', #4544, 0.1000000000000000888 ) ;
#4691 = DIRECTION ( 'NONE',  ( 0.000000000000000000, 0.000000000000000000, 1.000000000000000000 ) ) ;
#4692 = EDGE_CURVE ( 'NONE', #4148, #1285, #8827, .T. ) ;
#4693 = ADVANCED_FACE ( 'NONE', ( #1240 ), #6221, .T. ) ;
#4694 = DIRECTION ( 'NONE',  ( -0.7060595114480026080, 0.000000000000000000, -0.7081525021447060420 ) ) ;
#4695 = FACE_OUTER_BOUND ( 'NONE', #7638, .T. ) ;
#4696 = AXIS2_PLACEMENT_3D ( 'NONE', #2836, #3474, #1523 ) ;
#4697 = DIRECTION ( 'NONE',  ( 0.7060595114480032741, -0.000000000000000000, 0.7081525021447054868 ) ) ;
#4698 = ORIENTED_EDGE ( 'NONE', *, *, #3924, .T. ) ;
#4699 = ORIENTED_EDGE ( 'NONE', *, *, #2604, .T. ) ;
#4700 = DIRECTION ( 'NONE',  ( 0.9804954788761439666, -0.000000000000000000, 0.1965416391084623959 ) ) ;
#4701 = CARTESIAN_POINT ( 'NONE',  ( 2.619056208129542540, 0.5999999999999999778, -0.8110516387076346367 ) ) ;
#4702 = VERTEX_POINT ( 'NONE', #1973 ) ;
#4703 = VECTOR ( 'NONE', #2402, 100.0000000000000000 ) ;
#4704 = DIRECTION ( 'NONE',  ( 0.000000000000000000, 0.000000000000000000, 1.000000000000000000 ) ) ;
#4705 = EDGE_CURVE ( 'NONE', #8560, #1263, #2489, .T. ) ;
#4706 = ORIENTED_EDGE ( 'NONE', *, *, #7926, .T. ) ;
#4707 = VECTOR ( 'NONE', #7878, 99.99999999999998579 ) ;
#4708 = DIRECTION ( 'NONE',  ( -0.2588190451025206840, 0.000000000000000000, 0.9659258262890683122 ) ) ;
#4709 = DIRECTION ( 'NONE',  ( -0.000000000000000000, -1.000000000000000000, -0.000000000000000000 ) ) ;
#4710 = ORIENTED_EDGE ( 'NONE', *, *, #8836, .F. ) ;
#4711 = CARTESIAN_POINT ( 'NONE',  ( 1.626335788784541103, 0.5999999999999999778, -2.081816911831292138 ) ) ;
#4712 = ORIENTED_EDGE ( 'NONE', *, *, #152, .F. ) ;
#4713 = ORIENTED_EDGE ( 'NONE', *, *, #6382, .F. ) ;
#4714 = ORIENTED_EDGE ( 'NONE', *, *, #3710, .T. ) ;
#4715 = CIRCLE ( 'NONE', #3394, 2.400000000000000355 ) ;
#4716 = VECTOR ( 'NONE', #5279, 100.0000000000000000 ) ;
#4717 = AXIS2_PLACEMENT_3D ( 'NONE', #1108, #4634, #1882 ) ;
#4718 = DIRECTION ( 'NONE',  ( -0.8482738040849265859, 0.000000000000000000, -0.5295578847522597332 ) ) ;
#4719 = DIRECTION ( 'NONE',  ( 0.000000000000000000, 0.000000000000000000, 1.000000000000000000 ) ) ;
#4720 = CIRCLE ( 'NONE', #4577, 0.1000000000000000056 ) ;
#4721 = ADVANCED_FACE ( 'NONE', ( #2772 ), #2640, .T. ) ;
#4722 = ORIENTED_EDGE ( 'NONE', *, *, #1280, .T. ) ;
#4723 = ORIENTED_EDGE ( 'NONE', *, *, #3767, .T. ) ;
#4724 = CARTESIAN_POINT ( 'NONE',  ( 2.051206457845031750, 0.5999999999999999778, 1.764776807732115094 ) ) ;
#4725 = DIRECTION ( 'NONE',  ( 0.000000000000000000, 0.000000000000000000, 1.000000000000000000 ) ) ;
#4726 = CIRCLE ( 'NONE', #815, 0.1000000000000000888 ) ;
#4727 = AXIS2_PLACEMENT_3D ( 'NONE', #8346, #4227, #6992 ) ;
#4728 = AXIS2_PLACEMENT_3D ( 'NONE', #3241, #5967, #4694 ) ;
#4729 = CARTESIAN_POINT ( 'NONE',  ( -1.188943870924979551, 0.000000000000000000, 2.359097756358868647 ) ) ;
#4730 = DIRECTION ( 'NONE',  ( 0.000000000000000000, 1.000000000000000000, -0.000000000000000000 ) ) ;
#4731 = ADVANCED_FACE ( 'NONE', ( #8 ), #4633, .T. ) ;
#4732 = ORIENTED_EDGE ( 'NONE', *, *, #6671, .F. ) ;
#4733 = VECTOR ( 'NONE', #3766, 100.0000000000000000 ) ;
#4734 = EDGE_CURVE ( 'NONE', #2135, #5430, #1881, .T. ) ;
#4735 = ORIENTED_EDGE ( 'NONE', *, *, #5364, .T. ) ;
#4736 = CIRCLE ( 'NONE', #6616, 0.6750000000000000444 ) ;
#4737 = CIRCLE ( 'NONE', #7618, 0.1000000000000000888 ) ;
#4738 = DIRECTION ( 'NONE',  ( -0.000000000000000000, -1.000000000000000000, -0.000000000000000000 ) ) ;
#4739 = LINE ( 'NONE', #1337, #2916 ) ;
#4740 = CARTESIAN_POINT ( 'NONE',  ( -0.9097684458441224198, 0.000000000000000000, -1.192611158318741538 ) ) ;
#4741 = CARTESIAN_POINT ( 'NONE',  ( 0.2529554104724850427, 0.5999999999999999778, -2.730068450113410261 ) ) ;
#4742 = CARTESIAN_POINT ( 'NONE',  ( 0.9297114442668643619, 0.000000000000000000, 2.581141827647842835 ) ) ;
#4743 = ORIENTED_EDGE ( 'NONE', *, *, #2140, .F. ) ;
#4744 = PLANE ( 'NONE',  #4372 ) ;
#4745 = CARTESIAN_POINT ( 'NONE',  ( -0.1772313681304269473, 0.000000000000000000, 1.434177131589170040 ) ) ;
#4746 = CARTESIAN_POINT ( 'NONE',  ( 2.598675585582251202, 0.000000000000000000, 0.6210341264647807336 ) ) ;
#4747 = CARTESIAN_POINT ( 'NONE',  ( 2.217310878027162424, 0.000000000000000000, 0.9184402376761060527 ) ) ;
#4748 = DIRECTION ( 'NONE',  ( 0.000000000000000000, 1.000000000000000000, -0.000000000000000000 ) ) ;
#4749 = EDGE_LOOP ( 'NONE', ( #6454, #7327, #4116, #3721 ) ) ;
#4750 = CARTESIAN_POINT ( 'NONE',  ( 2.353884672967815117, 0.000000000000000000, 0.4682167728385950856 ) ) ;
#4751 = LINE ( 'NONE', #4066, #8413 ) ;
#4752 = ORIENTED_EDGE ( 'NONE', *, *, #1775, .T. ) ;
#4753 = EDGE_CURVE ( 'NONE', #3987, #2283, #589, .T. ) ;
#4754 = DIRECTION ( 'NONE',  ( 0.000000000000000000, 0.000000000000000000, -1.000000000000000000 ) ) ;
#4755 = ORIENTED_EDGE ( 'NONE', *, *, #8207, .T. ) ;
#4756 = FACE_OUTER_BOUND ( 'NONE', #6544, .T. ) ;
#4757 = LINE ( 'NONE', #6835, #4632 ) ;
#4758 = CARTESIAN_POINT ( 'NONE',  ( -0.3348627761012807347, 0.5999999999999999778, 2.022465555005014792 ) ) ;
#4759 = EDGE_LOOP ( 'NONE', ( #6967, #784, #2535, #503 ) ) ;
#4760 = VERTEX_POINT ( 'NONE', #1190 ) ;
#4761 = ORIENTED_EDGE ( 'NONE', *, *, #4042, .T. ) ;
#4762 = AXIS2_PLACEMENT_3D ( 'NONE', #3992, #6759, #5403 ) ;
#4763 = EDGE_CURVE ( 'NONE', #3025, #2672, #4928, .T. ) ;
#4764 = CARTESIAN_POINT ( 'NONE',  ( 2.662660998464628559, 0.5999999999999999778, 0.6609787525251646922 ) ) ;
#4765 = DIRECTION ( 'NONE',  ( 0.5568001729333029726, 0.000000000000000000, -0.8306464755968353542 ) ) ;
#4766 = DIRECTION ( 'NONE',  ( -0.9659258262890682012, -0.000000000000000000, 0.2588190451025209060 ) ) ;
#4767 = EDGE_LOOP ( 'NONE', ( #3106, #7560, #6666, #6860 ) ) ;
#4768 = ORIENTED_EDGE ( 'NONE', *, *, #5668, .T. ) ;
#4769 = CARTESIAN_POINT ( 'NONE',  ( 2.033973951400561919, 0.000000000000000000, 1.273950534763422793 ) ) ;
#4770 = CARTESIAN_POINT ( 'NONE',  ( 0.1956532809642323179, 0.000000000000000000, -2.634511253708326173 ) ) ;
#4771 = ADVANCED_FACE ( 'NONE', ( #6717 ), #1924, .T. ) ;
#4772 = ADVANCED_FACE ( 'NONE', ( #8838 ), #7439, .T. ) ;
#4773 = DIRECTION ( 'NONE',  ( -0.3538925688897467392, 0.000000000000000000, 0.9352860790606346564 ) ) ;
#4774 = CARTESIAN_POINT ( 'NONE',  ( 0.7071067811865463515, 0.2999999999999999889, 0.7071067811865487940 ) ) ;
#4775 = ORIENTED_EDGE ( 'NONE', *, *, #4561, .T. ) ;
#4776 = EDGE_LOOP ( 'NONE', ( #7911, #2483, #6760, #6931 ) ) ;
#4777 = DIRECTION ( 'NONE',  ( -0.4583423165665139187, 0.000000000000000000, 0.8887757427182865211 ) ) ;
#4778 = DIRECTION ( 'NONE',  ( 0.000000000000000000, 1.000000000000000000, -0.000000000000000000 ) ) ;
#4779 = DIRECTION ( 'NONE',  ( -0.9525563147791396013, 0.000000000000000000, 0.3043623944812903770 ) ) ;
#4780 = AXIS2_PLACEMENT_3D ( 'NONE', #4466, #8806, #3923 ) ;
#4781 = CARTESIAN_POINT ( 'NONE',  ( -1.646280565608930102, 0.000000000000000000, 1.746356292197548843 ) ) ;
#4782 = ORIENTED_EDGE ( 'NONE', *, *, #170, .F. ) ;
#4783 = ADVANCED_FACE ( 'NONE', ( #649 ), #6184, .T. ) ;
#4784 = EDGE_CURVE ( 'NONE', #5505, #1243, #1381, .T. ) ;
#4785 = DIRECTION ( 'NONE',  ( 0.6229269433213771023, 0.000000000000000000, -0.7822800159049736468 ) ) ;
#4786 = LINE ( 'NONE', #6196, #4002 ) ;
#4787 = CARTESIAN_POINT ( 'NONE',  ( -0.2845149898689275925, 0.000000000000000000, -2.726960102849293577 ) ) ;
#4788 = DIRECTION ( 'NONE',  ( 0.9965217285917833401, 0.000000000000000000, 0.08333333333333109438 ) ) ;
#4789 = CARTESIAN_POINT ( 'NONE',  ( 0.7071067811865463515, 0.5999999999999999778, 0.7071067811865487940 ) ) ;
#4790 = ORIENTED_EDGE ( 'NONE', *, *, #542, .T. ) ;
#4791 = DIRECTION ( 'NONE',  ( 0.9525563147791390461, 0.000000000000000000, -0.3043623944812919868 ) ) ;
#4792 = PLANE ( 'NONE',  #8558 ) ;
#4793 = ORIENTED_EDGE ( 'NONE', *, *, #990, .F. ) ;
#4794 = EDGE_CURVE ( 'NONE', #7111, #4846, #7029, .T. ) ;
#4795 = EDGE_CURVE ( 'NONE', #5889, #88, #4218, .T. ) ;
#4796 = DIRECTION ( 'NONE',  ( 0.000000000000000000, 0.000000000000000000, -1.000000000000000000 ) ) ;
#4797 = ORIENTED_EDGE ( 'NONE', *, *, #1509, .T. ) ;
#4798 = CARTESIAN_POINT ( 'NONE',  ( 2.077585818039222154, 0.000000000000000000, -1.789105181557132385 ) ) ;
#4799 = CARTESIAN_POINT ( 'NONE',  ( 0.8110516387076353029, 0.000000000000000000, 2.619056208129447505 ) ) ;
#4800 = DIRECTION ( 'NONE',  ( 0.000000000000000000, 1.000000000000000000, -0.000000000000000000 ) ) ;
#4801 = ORIENTED_EDGE ( 'NONE', *, *, #4616, .T. ) ;
#4802 = ORIENTED_EDGE ( 'NONE', *, *, #8372, .T. ) ;
#4803 = VERTEX_POINT ( 'NONE', #6943 ) ;
#4804 = DIRECTION ( 'NONE',  ( 0.000000000000000000, 1.000000000000000000, -0.000000000000000000 ) ) ;
#4805 = VECTOR ( 'NONE', #848, 100.0000000000000000 ) ;
#4806 = APPLICATION_PROTOCOL_DEFINITION ( 'international standard', 'config_control_design', 1994, #6044 ) ;
#4807 = CARTESIAN_POINT ( 'NONE',  ( -2.276678570840593441, 0.000000000000000000, 1.398403686497507348 ) ) ;
#4808 = EDGE_CURVE ( 'NONE', #5795, #7683, #2147, .T. ) ;
#4809 = ORIENTED_EDGE ( 'NONE', *, *, #3639, .T. ) ;
#4810 = ORIENTED_EDGE ( 'NONE', *, *, #7421, .T. ) ;
#4811 = LINE ( 'NONE', #4261, #625 ) ;
#4812 = CARTESIAN_POINT ( 'NONE',  ( 2.012801425311710801, 0.5999999999999999778, 1.757108023884154324 ) ) ;
#4813 = VECTOR ( 'NONE', #8862, 100.0000000000000000 ) ;
#4814 = AXIS2_PLACEMENT_3D ( 'NONE', #4555, #1937, #5423 ) ;
#4815 = DIRECTION ( 'NONE',  ( -0.3813157012030664039, 0.000000000000000000, -0.9244448799230886582 ) ) ;
#4816 = CARTESIAN_POINT ( 'NONE',  ( -1.631331240123580884, 0.000000000000000000, -2.116023764122654693 ) ) ;
#4817 = AXIS2_PLACEMENT_3D ( 'NONE', #5886, #4560, #8723 ) ;
#4818 = ORIENTED_EDGE ( 'NONE', *, *, #3154, .T. ) ;
#4819 = EDGE_CURVE ( 'NONE', #4041, #1947, #7074, .T. ) ;
#4820 = AXIS2_PLACEMENT_3D ( 'NONE', #1388, #7580, #1432 ) ;
#4821 = ORIENTED_EDGE ( 'NONE', *, *, #2974, .F. ) ;
#4822 = LINE ( 'NONE', #3371, #8024 ) ;
#4823 = DIRECTION ( 'NONE',  ( 0.000000000000000000, 0.000000000000000000, 1.000000000000000000 ) ) ;
#4824 = CARTESIAN_POINT ( 'NONE',  ( -2.109316400261462388, 0.5999999999999999778, 1.751583428095723871 ) ) ;
#4825 = DIRECTION ( 'NONE',  ( 0.08333333333332944293, 0.000000000000000000, -0.9965217285917834511 ) ) ;
#4826 = ORIENTED_EDGE ( 'NONE', *, *, #876, .F. ) ;
#4827 = PLANE ( 'NONE',  #5250 ) ;
#4828 = DIRECTION ( 'NONE',  ( -0.000000000000000000, -1.000000000000000000, 0.000000000000000000 ) ) ;
#4829 = CARTESIAN_POINT ( 'NONE',  ( 0.000000000000000000, 0.5999999999999999778, 0.000000000000000000 ) ) ;
#4830 = EDGE_CURVE ( 'NONE', #2365, #460, #4082, .T. ) ;
#4831 = LINE ( 'NONE', #6279, #5127 ) ;
#4832 = DIRECTION ( 'NONE',  ( 0.000000000000000000, 0.000000000000000000, 1.000000000000000000 ) ) ;
#4833 = ORIENTED_EDGE ( 'NONE', *, *, #2907, .T. ) ;
#4834 = DIRECTION ( 'NONE',  ( 0.000000000000000000, 1.000000000000000000, -0.000000000000000000 ) ) ;
#4835 = CARTESIAN_POINT ( 'NONE',  ( -1.257985160453157114, 0.000000000000000000, -2.323015946640817120 ) ) ;
#4836 = ORIENTED_EDGE ( 'NONE', *, *, #335, .F. ) ;
#4837 = VECTOR ( 'NONE', #6725, 100.0000000000000000 ) ;
#4838 = DIRECTION ( 'NONE',  ( 0.8482738040849020500, 0.000000000000000000, 0.5295578847522989241 ) ) ;
#4839 = VERTEX_POINT ( 'NONE', #3595 ) ;
#4840 = AXIS2_PLACEMENT_3D ( 'NONE', #1571, #750, #3565 ) ;
#4841 = EDGE_CURVE ( 'NONE', #1564, #2108, #5670, .T. ) ;
#4842 = CARTESIAN_POINT ( 'NONE',  ( 1.995527069526120023, 0.000000000000000000, -1.333368559247149143 ) ) ;
#4843 = DIRECTION ( 'NONE',  ( -0.000000000000000000, -1.000000000000000000, -0.000000000000000000 ) ) ;
#4844 = EDGE_CURVE ( 'NONE', #8192, #4177, #3354, .T. ) ;
#4845 = DIRECTION ( 'NONE',  ( -0.8306464755968349101, 0.000000000000000000, -0.5568001729333034167 ) ) ;
#4846 = VERTEX_POINT ( 'NONE', #7790 ) ;
#4847 = ORIENTED_EDGE ( 'NONE', *, *, #339, .T. ) ;
#4848 = ORIENTED_EDGE ( 'NONE', *, *, #8015, .T. ) ;
#4849 = CARTESIAN_POINT ( 'NONE',  ( 2.028878938471578852, 0.000000000000000000, -1.846701588525061943 ) ) ;
#4850 = AXIS2_PLACEMENT_3D ( 'NONE', #715, #2795, #755 ) ;
#4851 = DIRECTION ( 'NONE',  ( 3.469446951953611033E-15, 0.000000000000000000, 1.000000000000000000 ) ) ;
#4852 = CARTESIAN_POINT ( 'NONE',  ( 0.7212331066169689331, 0.000000000000000000, -1.918937936963996060 ) ) ;
#4853 = ORIENTED_EDGE ( 'NONE', *, *, #77, .T. ) ;
#4854 = EDGE_LOOP ( 'NONE', ( #5528, #2047, #324, #7133 ) ) ;
#4855 = LINE ( 'NONE', #6219, #4231 ) ;
#4856 = DIRECTION ( 'NONE',  ( 0.000000000000000000, 0.000000000000000000, 1.000000000000000000 ) ) ;
#4857 = CIRCLE ( 'NONE', #4564, 0.1000000000000000888 ) ;
#4858 = VECTOR ( 'NONE', #1331, 100.0000000000000000 ) ;
#4859 = EDGE_CURVE ( 'NONE', #7110, #7366, #2951, .T. ) ;
#4860 = CARTESIAN_POINT ( 'NONE',  ( -0.8526632993066447508, 0.000000000000000000, 2.243427132316796246 ) ) ;
#4861 = AXIS2_PLACEMENT_3D ( 'NONE', #2931, #8366, #1408 ) ;
#4862 = CARTESIAN_POINT ( 'NONE',  ( -0.7058615068732724263, 0.5999999999999999778, 2.645719797106929505 ) ) ;
#4863 = ORIENTED_EDGE ( 'NONE', *, *, #406, .T. ) ;
#4864 = VECTOR ( 'NONE', #1464, 100.0000000000000000 ) ;
#4865 = VERTEX_POINT ( 'NONE', #7619 ) ;
#4866 = DIRECTION ( 'NONE',  ( 0.000000000000000000, 0.000000000000000000, 1.000000000000000000 ) ) ;
#4867 = LINE ( 'NONE', #7625, #8339 ) ;
#4868 = CYLINDRICAL_SURFACE ( 'NONE', #4820, 0.1000000000000000888 ) ;
#4869 = AXIS2_PLACEMENT_3D ( 'NONE', #1808, #7499, #7361 ) ;
#4870 = ORIENTED_EDGE ( 'NONE', *, *, #2176, .T. ) ;
#4871 = EDGE_CURVE ( 'NONE', #2632, #672, #4903, .T. ) ;
#4872 = VECTOR ( 'NONE', #7510, 100.0000000000000000 ) ;
#4873 = CARTESIAN_POINT ( 'NONE',  ( 0.000000000000000000, 0.5999999999999999778, 0.000000000000000000 ) ) ;
#4874 = VECTOR ( 'NONE', #564, 100.0000000000000000 ) ;
#4875 = VECTOR ( 'NONE', #6656, 100.0000000000000000 ) ;
#4876 = ORIENTED_EDGE ( 'NONE', *, *, #7991, .F. ) ;
#4877 = DIRECTION ( 'NONE',  ( -0.000000000000000000, -1.000000000000000000, -0.000000000000000000 ) ) ;
#4878 = CARTESIAN_POINT ( 'NONE',  ( 0.07076422490303042878, 0.000000000000000000, 2.398956528258402443 ) ) ;
#4879 = CARTESIAN_POINT ( 'NONE',  ( -2.642014306544101299, 0.5999999999999999778, 0.7392001813109403408 ) ) ;
#4880 = DIRECTION ( 'NONE',  ( -0.000000000000000000, -1.000000000000000000, -0.000000000000000000 ) ) ;
#4881 = VERTEX_POINT ( 'NONE', #3632 ) ;
#4882 = LINE ( 'NONE', #3649, #5972 ) ;
#4883 = DIRECTION ( 'NONE',  ( 0.3538925688897121558, 0.000000000000000000, -0.9352860790606477570 ) ) ;
#4884 = ORIENTED_EDGE ( 'NONE', *, *, #573, .F. ) ;
#4885 = EDGE_CURVE ( 'NONE', #5634, #939, #3499, .T. ) ;
#4886 = EDGE_CURVE ( 'NONE', #2723, #8908, #8423, .T. ) ;
#4887 = DIRECTION ( 'NONE',  ( 0.000000000000000000, 1.000000000000000000, -0.000000000000000000 ) ) ;
#4888 = VERTEX_POINT ( 'NONE', #4990 ) ;
#4889 = CARTESIAN_POINT ( 'NONE',  ( 0.5374177117646703472, 0.000000000000000000, 2.339055835819531914 ) ) ;
#4890 = CARTESIAN_POINT ( 'NONE',  ( 1.487715782862867764, 0.000000000000000000, -0.1915770065031913993 ) ) ;
#4891 = CARTESIAN_POINT ( 'NONE',  ( -1.687011257416911159, 0.000000000000000000, -2.032959116562971236 ) ) ;
#4892 = VERTEX_POINT ( 'NONE', #2232 ) ;
#4893 = VERTEX_POINT ( 'NONE', #3547 ) ;
#4894 = VERTEX_POINT ( 'NONE', #234 ) ;
#4895 = EDGE_CURVE ( 'NONE', #3051, #375, #7973, .T. ) ;
#4896 = ADVANCED_FACE ( 'NONE', ( #7746 ), #6444, .T. ) ;
#4897 = CYLINDRICAL_SURFACE ( 'NONE', #8622, 0.3500050000000000106 ) ;
#4898 = DIRECTION ( 'NONE',  ( 0.000000000000000000, 1.000000000000000000, 0.000000000000000000 ) ) ;
#4899 = ORIENTED_EDGE ( 'NONE', *, *, #298, .F. ) ;
#4900 = ORIENTED_EDGE ( 'NONE', *, *, #3637, .T. ) ;
#4901 = DIRECTION ( 'NONE',  ( 0.000000000000000000, 1.000000000000000000, 0.000000000000000000 ) ) ;
#4902 = LINE ( 'NONE', #1555, #1120 ) ;
#4903 = LINE ( 'NONE', #2908, #8408 ) ;
#4904 = LINE ( 'NONE', #3548, #5300 ) ;
#4905 = ORIENTED_EDGE ( 'NONE', *, *, #2328, .T. ) ;
#4906 = CARTESIAN_POINT ( 'NONE',  ( -0.9184402376761043874, 0.000000000000000000, 2.217310878027067833 ) ) ;
#4907 = CARTESIAN_POINT ( 'NONE',  ( -0.1288188395257280905, 0.5999999999999999778, 2.740449271673744303 ) ) ;
#4908 = CARTESIAN_POINT ( 'NONE',  ( 1.757108023884250025, 0.5999999999999999778, -2.012801425311709913 ) ) ;
#4909 = EDGE_LOOP ( 'NONE', ( #3386, #6681, #214, #105 ) ) ;
#4910 = CARTESIAN_POINT ( 'NONE',  ( 2.662660998464628559, 0.000000000000000000, 0.6609787525251646922 ) ) ;
#4911 = ORIENTED_EDGE ( 'NONE', *, *, #8455, .T. ) ;
#4912 = CARTESIAN_POINT ( 'NONE',  ( 0.5374177117646703472, 0.5999999999999999778, 2.339055835819531914 ) ) ;
#4913 = PLANE ( 'NONE',  #1771 ) ;
#4914 = EDGE_CURVE ( 'NONE', #8142, #6770, #6396, .T. ) ;
#4915 = AXIS2_PLACEMENT_3D ( 'NONE', #1582, #2888, #4377 ) ;
#4916 = CARTESIAN_POINT ( 'NONE',  ( 0.5465684680071659640, 0.5999999999999999778, -0.3960907847707385576 ) ) ;
#4917 = CARTESIAN_POINT ( 'NONE',  ( -1.727069502064252138, 0.000000000000000000, 2.129434459435434412 ) ) ;
#4918 = ORIENTED_EDGE ( 'NONE', *, *, #2727, .F. ) ;
#4919 = DIRECTION ( 'NONE',  ( 0.000000000000000000, 0.000000000000000000, 1.000000000000000000 ) ) ;
#4920 = DIRECTION ( 'NONE',  ( 0.000000000000000000, 0.000000000000000000, 1.000000000000000000 ) ) ;
#4921 = ORIENTED_EDGE ( 'NONE', *, *, #3596, .F. ) ;
#4922 = CIRCLE ( 'NONE', #7663, 0.3500050000000000106 ) ;
#4923 = LINE ( 'NONE', #4243, #5459 ) ;
#4924 = VERTEX_POINT ( 'NONE', #4182 ) ;
#4925 = DIRECTION ( 'NONE',  ( 0.000000000000000000, 0.000000000000000000, 1.000000000000000000 ) ) ;
#4926 = CARTESIAN_POINT ( 'NONE',  ( -2.665728535985590675, 0.000000000000000000, 0.1808025380539654281 ) ) ;
#4927 = ADVANCED_FACE ( 'NONE', ( #6267 ), #5717, .T. ) ;
#4928 = CIRCLE ( 'NONE', #6110, 0.3500050000000000106 ) ;
#4929 = VERTEX_POINT ( 'NONE', #2866 ) ;
#4930 = ORIENTED_EDGE ( 'NONE', *, *, #2543, .T. ) ;
#4931 = ORIENTED_EDGE ( 'NONE', *, *, #7104, .T. ) ;
#4932 = EDGE_CURVE ( 'NONE', #8589, #108, #2819, .T. ) ;
#4933 = CARTESIAN_POINT ( 'NONE',  ( 0.7807048762484454230, 0.000000000000000000, -2.628261797879757111 ) ) ;
#4934 = DIRECTION ( 'NONE',  ( 0.000000000000000000, 1.000000000000000000, -0.000000000000000000 ) ) ;
#4935 = ORIENTED_EDGE ( 'NONE', *, *, #8147, .T. ) ;
#4936 = ORIENTED_EDGE ( 'NONE', *, *, #8704, .T. ) ;
#4937 = ADVANCED_FACE ( 'NONE', ( #7368 ), #7466, .T. ) ;
#4938 = CARTESIAN_POINT ( 'NONE',  ( 0.000000000000000000, 0.000000000000000000, 0.000000000000000000 ) ) ;
#4939 = LINE ( 'NONE', #7789, #5863 ) ;
#4940 = CIRCLE ( 'NONE', #162, 2.400000000000000355 ) ;
#4941 = CIRCLE ( 'NONE', #4509, 0.1000000000000000888 ) ;
#4942 = CARTESIAN_POINT ( 'NONE',  ( 2.398956528258497478, 0.5999999999999999778, -0.07076422490302955448 ) ) ;
#4943 = CARTESIAN_POINT ( 'NONE',  ( -1.626335788784444736, 0.000000000000000000, 2.081816911831198436 ) ) ;
#4944 = VECTOR ( 'NONE', #1177, 100.0000000000000000 ) ;
#4945 = ADVANCED_FACE ( 'NONE', ( #1270 ), #5343, .T. ) ;
#4946 = ORIENTED_EDGE ( 'NONE', *, *, #6934, .F. ) ;
#4947 = VECTOR ( 'NONE', #3037, 100.0000000000000142 ) ;
#4948 = EDGE_CURVE ( 'NONE', #5012, #1149, #6743, .T. ) ;
#4949 = CIRCLE ( 'NONE', #8281, 0.1000000000000000888 ) ;
#4950 = LINE ( 'NONE', #5589, #7142 ) ;
#4951 = CARTESIAN_POINT ( 'NONE',  ( -2.508844294584582801, 0.000000000000000000, 0.9274237474220400346 ) ) ;
#4952 = EDGE_LOOP ( 'NONE', ( #2591, #5774, #6634, #6065 ) ) ;
#4953 = CIRCLE ( 'NONE', #7404, 2.400000000000000355 ) ;
#4954 = AXIS2_PLACEMENT_3D ( 'NONE', #502, #1828, #7430 ) ;
#4955 = CC_DESIGN_APPROVAL ( #1548, ( #3813 ) ) ;
#4956 = CIRCLE ( 'NONE', #1788, 0.1000000000000000888 ) ;
#4957 = DIRECTION ( 'NONE',  ( 0.9233121615203909727, -0.000000000000000000, 0.3840503253332088751 ) ) ;
#4958 = DIRECTION ( 'NONE',  ( 0.4111072935796869499, 0.000000000000000000, 0.9115869641266186596 ) ) ;
#4959 = DIRECTION ( 'NONE',  ( 0.000000000000000000, 0.000000000000000000, 1.000000000000000000 ) ) ;
#4960 = DIRECTION ( 'NONE',  ( -0.000000000000000000, -1.000000000000000000, -0.000000000000000000 ) ) ;
#4961 = CARTESIAN_POINT ( 'NONE',  ( 0.000000000000000000, 0.5999999999999999778, 0.000000000000000000 ) ) ;
#4962 = VERTEX_POINT ( 'NONE', #7831 ) ;
#4963 = AXIS2_PLACEMENT_3D ( 'NONE', #8356, #5518, #2122 ) ;
#4964 = DIRECTION ( 'NONE',  ( 0.000000000000000000, 1.000000000000000000, -0.000000000000000000 ) ) ;
#4965 = DIRECTION ( 'NONE',  ( -0.000000000000000000, -1.000000000000000000, -0.000000000000000000 ) ) ;
#4966 = ORIENTED_EDGE ( 'NONE', *, *, #3613, .T. ) ;
#4967 = EDGE_CURVE ( 'NONE', #5564, #97, #1119, .T. ) ;
#4968 = ADVANCED_FACE ( 'NONE', ( #5124 ), #1000, .F. ) ;
#4969 = CARTESIAN_POINT ( 'NONE',  ( 1.918937936963974522, 0.5999999999999999778, -0.7212331066170256655 ) ) ;
#4970 = ORIENTED_EDGE ( 'NONE', *, *, #8591, .T. ) ;
#4971 = CARTESIAN_POINT ( 'NONE',  ( 0.1288188395258484942, 0.000000000000000000, -2.740449271673790488 ) ) ;
#4972 = DIRECTION ( 'NONE',  ( -0.000000000000000000, -1.000000000000000000, -0.000000000000000000 ) ) ;
#4973 = AXIS2_PLACEMENT_3D ( 'NONE', #432, #2599, #6141 ) ;
#4974 = CARTESIAN_POINT ( 'NONE',  ( 1.697056274847810409, 0.000000000000000000, 1.697056274847619672 ) ) ;
#4975 = ORIENTED_EDGE ( 'NONE', *, *, #6008, .T. ) ;
#4976 = ORIENTED_EDGE ( 'NONE', *, *, #5400, .T. ) ;
#4977 = ORIENTED_EDGE ( 'NONE', *, *, #8191, .F. ) ;
#4978 = ADVANCED_FACE ( 'NONE', ( #488 ), #8606, .T. ) ;
#4979 = EDGE_CURVE ( 'NONE', #4678, #8810, #8923, .T. ) ;
#4980 = VECTOR ( 'NONE', #3841, 100.0000000000000000 ) ;
#4981 = CARTESIAN_POINT ( 'NONE',  ( 2.649780135015905813, 0.000000000000000000, 0.3427293705100536991 ) ) ;
#4982 = CARTESIAN_POINT ( 'NONE',  ( -0.7058615068732724263, 0.000000000000000000, 2.545719797106929416 ) ) ;
#4983 = LINE ( 'NONE', #3590, #6449 ) ;
#4984 = DIRECTION ( 'NONE',  ( -0.000000000000000000, -1.000000000000000000, -0.000000000000000000 ) ) ;
#4985 = VERTEX_POINT ( 'NONE', #2315 ) ;
#4986 = VERTEX_POINT ( 'NONE', #1949 ) ;
#4987 = DIRECTION ( 'NONE',  ( 0.000000000000000000, 1.000000000000000000, -0.000000000000000000 ) ) ;
#4988 = CARTESIAN_POINT ( 'NONE',  ( 2.217310878027016763, 0.5999999999999999778, 0.9184402376763888265 ) ) ;
#4989 = AXIS2_PLACEMENT_3D ( 'NONE', #6737, #1946, #3723 ) ;
#4990 = CARTESIAN_POINT ( 'NONE',  ( -0.4207093742620088839, 0.5999999999999999778, -2.638522656287612289 ) ) ;
#4991 = EDGE_CURVE ( 'NONE', #6405, #3660, #8555, .T. ) ;
#4992 = CARTESIAN_POINT ( 'NONE',  ( -1.273950534763421238, 0.000000000000000000, 2.033973951400467328 ) ) ;
#4993 = DIRECTION ( 'NONE',  ( 0.000000000000000000, 1.000000000000000000, -0.000000000000000000 ) ) ;
#4994 = ORIENTED_EDGE ( 'NONE', *, *, #6855, .F. ) ;
#4995 = CALENDAR_DATE ( 2024, 26, 9 ) ;
#4996 = CIRCLE ( 'NONE', #7303, 2.400000000000000355 ) ;
#4997 = DIRECTION ( 'NONE',  ( -0.8322909278351853235, 0.000000000000000000, 0.5543390762369603264 ) ) ;
#4998 = DIRECTION ( 'NONE',  ( 0.000000000000000000, 0.000000000000000000, 1.000000000000000000 ) ) ;
#4999 = ORIENTED_EDGE ( 'NONE', *, *, #1380, .F. ) ;
#5000 = VECTOR ( 'NONE', #2610, 100.0000000000000000 ) ;
#5001 = EDGE_CURVE ( 'NONE', #3183, #5436, #5021, .T. ) ;
#5002 = CIRCLE ( 'NONE', #3847, 0.1000000000000000888 ) ;
#5003 = ADVANCED_FACE ( 'NONE', ( #4443 ), #3083, .T. ) ;
#5004 = CARTESIAN_POINT ( 'NONE',  ( -1.330667607685409815, 0.5999999999999999778, 2.316920780516966261 ) ) ;
#5005 = AXIS2_PLACEMENT_3D ( 'NONE', #3012, #5047, #110 ) ;
#5006 = VERTEX_POINT ( 'NONE', #8512 ) ;
#5007 = PLANE ( 'NONE',  #6309 ) ;
#5008 = LINE ( 'NONE', #793, #6951 ) ;
#5009 = AXIS2_PLACEMENT_3D ( 'NONE', #4376, #1027, #4511 ) ;
#5010 = FACE_BOUND ( 'NONE', #6955, .T. ) ;
#5011 = FACE_OUTER_BOUND ( 'NONE', #135, .T. ) ;
#5012 = VERTEX_POINT ( 'NONE', #4397 ) ;
#5013 = CYLINDRICAL_SURFACE ( 'NONE', #3652, 2.400000000000000355 ) ;
#5014 = CARTESIAN_POINT ( 'NONE',  ( -1.724533010878228190, 0.5999999999999999778, -2.001228534340632859 ) ) ;
#5015 = ORIENTED_EDGE ( 'NONE', *, *, #1552, .F. ) ;
#5016 = VECTOR ( 'NONE', #2393, 100.0000000000000142 ) ;
#5017 = VECTOR ( 'NONE', #328, 100.0000000000000000 ) ;
#5018 = DIRECTION ( 'NONE',  ( 0.000000000000000000, 1.000000000000000000, 0.000000000000000000 ) ) ;
#5019 = DIRECTION ( 'NONE',  ( 0.8138680219351942524, 0.000000000000000000, -0.5810497765865625386 ) ) ;
#5020 = CARTESIAN_POINT ( 'NONE',  ( 0.000000000000000000, 0.5999999999999999778, 0.000000000000000000 ) ) ;
#5021 = CIRCLE ( 'NONE', #2412, 0.1000000000000000888 ) ;
#5022 = FACE_BOUND ( 'NONE', #4553, .T. ) ;
#5023 = ORIENTED_EDGE ( 'NONE', *, *, #7253, .F. ) ;
#5024 = ORIENTED_EDGE ( 'NONE', *, *, #5667, .T. ) ;
#5025 = AXIS2_PLACEMENT_3D ( 'NONE', #7572, #6042, #4179 ) ;
#5026 = ORIENTED_EDGE ( 'NONE', *, *, #4463, .F. ) ;
#5027 = DIRECTION ( 'NONE',  ( -0.000000000000000000, -1.000000000000000000, 0.000000000000000000 ) ) ;
#5028 = DIRECTION ( 'NONE',  ( 0.000000000000000000, 1.000000000000000000, -0.000000000000000000 ) ) ;
#5029 = CARTESIAN_POINT ( 'NONE',  ( 0.3281231852442048069, 0.000000000000000000, -2.723782605007123880 ) ) ;
#5030 = ORIENTED_EDGE ( 'NONE', *, *, #5892, .T. ) ;
#5031 = ORIENTED_EDGE ( 'NONE', *, *, #4181, .T. ) ;
#5032 = EDGE_CURVE ( 'NONE', #1504, #2264, #537, .T. ) ;
#5033 = EDGE_LOOP ( 'NONE', ( #6028, #7305, #4199, #5759 ) ) ;
#5034 = DIRECTION ( 'NONE',  ( -0.000000000000000000, -1.000000000000000000, 0.000000000000000000 ) ) ;
#5035 = LINE ( 'NONE', #5626, #5134 ) ;
#5036 = CARTESIAN_POINT ( 'NONE',  ( 1.687011257417007970, 0.000000000000000000, 2.132959116562876734 ) ) ;
#5037 = DIRECTION ( 'NONE',  ( -0.4843486746042915958, 0.000000000000000000, -0.8748750547415706791 ) ) ;
#5038 = DIRECTION ( 'NONE',  ( -0.9659258262890682012, -0.000000000000000000, 0.2588190451025209060 ) ) ;
#5039 = EDGE_LOOP ( 'NONE', ( #8760, #7324, #8617, #4752 ) ) ;
#5040 = APPROVAL_DATE_TIME ( #7880, #1105 ) ;
#5041 = EDGE_CURVE ( 'NONE', #1267, #2462, #3864, .T. ) ;
#5042 = CARTESIAN_POINT ( 'NONE',  ( -0.8532020157591891918, 0.5999999999999999778, 2.607432228139071828 ) ) ;
#5043 = CARTESIAN_POINT ( 'NONE',  ( 1.688628483116678902, 0.000000000000000000, -2.160044913421789392 ) ) ;
#5044 = ORIENTED_EDGE ( 'NONE', *, *, #8403, .F. ) ;
#5045 = ADVANCED_FACE ( 'NONE', ( #5854 ), #7161, .T. ) ;
#5046 = AXIS2_PLACEMENT_3D ( 'NONE', #94, #8290, #4129 ) ;
#5047 = DIRECTION ( 'NONE',  ( 0.000000000000000000, 1.000000000000000000, 0.000000000000000000 ) ) ;
#5048 = VERTEX_POINT ( 'NONE', #6067 ) ;
#5049 = CARTESIAN_POINT ( 'NONE',  ( 2.735459543879638300, 0.000000000000000000, -0.2095652352663483764 ) ) ;
#5050 = DIRECTION ( 'NONE',  ( 0.8748750547415706791, 0.000000000000000000, -0.4843486746042915958 ) ) ;
#5051 = CARTESIAN_POINT ( 'NONE',  ( 2.447037941066956268, 0.000000000000000000, -1.240428078936179457 ) ) ;
#5052 = LINE ( 'NONE', #976, #2930 ) ;
#5053 = ORIENTED_EDGE ( 'NONE', *, *, #4565, .F. ) ;
#5054 = CYLINDRICAL_SURFACE ( 'NONE', #4521, 0.1000000000000000888 ) ;
#5055 = DIRECTION ( 'NONE',  ( -0.9936313698394811933, 0.000000000000000000, 0.1126796382267711005 ) ) ;
#5056 = EDGE_LOOP ( 'NONE', ( #1358, #3442, #7424, #7932 ) ) ;
#5057 = EDGE_CURVE ( 'NONE', #2548, #1138, #5893, .T. ) ;
#5058 = DIRECTION ( 'NONE',  ( -0.5810497765865625386, 0.000000000000000000, -0.8138680219351942524 ) ) ;
#5059 = DIRECTION ( 'NONE',  ( 0.000000000000000000, 1.000000000000000000, -0.000000000000000000 ) ) ;
#5060 = CARTESIAN_POINT ( 'NONE',  ( 0.3220737908088710522, 0.000000000000000000, 2.622059920280551015 ) ) ;
#5061 = DIRECTION ( 'NONE',  ( 0.000000000000000000, 1.000000000000000000, -0.000000000000000000 ) ) ;
#5062 = EDGE_LOOP ( 'NONE', ( #1402, #7286 ) ) ;
#5063 = ADVANCED_FACE ( 'NONE', ( #3724 ), #277, .T. ) ;
#5064 = EDGE_LOOP ( 'NONE', ( #1361, #3561, #86, #21 ) ) ;
#5065 = VERTEX_POINT ( 'NONE', #2001 ) ;
#5066 = ADVANCED_FACE ( 'NONE', ( #676 ), #8276, .F. ) ;
#5067 = CIRCLE ( 'NONE', #1158, 0.1000000000000000056 ) ;
#5068 = CARTESIAN_POINT ( 'NONE',  ( 2.001228534340635523, 0.5999999999999999778, -1.724533010878321226 ) ) ;
#5069 = DIRECTION ( 'NONE',  ( 0.000000000000000000, 0.000000000000000000, 1.000000000000000000 ) ) ;
#5070 = ORIENTED_EDGE ( 'NONE', *, *, #628, .T. ) ;
#5071 = LINE ( 'NONE', #2739, #5583 ) ;
#5072 = ORIENTED_EDGE ( 'NONE', *, *, #183, .F. ) ;
#5073 = VERTEX_POINT ( 'NONE', #3392 ) ;
#5074 = EDGE_LOOP ( 'NONE', ( #4468, #79, #4775, #4649 ) ) ;
#5075 = DIRECTION ( 'NONE',  ( 0.000000000000000000, 1.000000000000000000, 0.000000000000000000 ) ) ;
#5076 = DIRECTION ( 'NONE',  ( 0.9863558345325442733, 0.000000000000000000, 0.1646273600699716400 ) ) ;
#5077 = ADVANCED_FACE ( 'NONE', ( #6159 ), #7553, .T. ) ;
#5078 = DIRECTION ( 'NONE',  ( -3.469446951953611033E-15, 0.000000000000000000, 1.000000000000000000 ) ) ;
#5079 = EDGE_CURVE ( 'NONE', #4401, #1786, #5595, .T. ) ;
#5080 = LINE ( 'NONE', #914, #7172 ) ;
#5081 = DIRECTION ( 'NONE',  ( 0.000000000000000000, 1.000000000000000000, -0.000000000000000000 ) ) ;
#5082 = VERTEX_POINT ( 'NONE', #1445 ) ;
#5083 = PERSON_AND_ORGANIZATION ( #6233, #4378 ) ;
#5084 = CARTESIAN_POINT ( 'NONE',  ( 0.6973863064759875385, 0.5999999999999999778, 2.579234484275229278 ) ) ;
#5085 = CARTESIAN_POINT ( 'NONE',  ( 0.6609787525252591722, 0.000000000000000000, -2.662660998464627671 ) ) ;
#5086 = EDGE_LOOP ( 'NONE', ( #7561, #8519, #7677, #3994 ) ) ;
#5087 = AXIS2_PLACEMENT_3D ( 'NONE', #2763, #2051, #5533 ) ;
#5088 = EDGE_CURVE ( 'NONE', #2462, #4702, #2846, .T. ) ;
#5089 = CARTESIAN_POINT ( 'NONE',  ( 0.8530903815704035109, 0.5999999999999999778, -2.532002169471284869 ) ) ;
#5090 = CIRCLE ( 'NONE', #8552, 1.500000000000000000 ) ;
#5091 = DIRECTION ( 'NONE',  ( 0.000000000000000000, 1.000000000000000000, 0.000000000000000000 ) ) ;
#5092 = DIRECTION ( 'NONE',  ( 0.000000000000000000, 0.000000000000000000, 1.000000000000000000 ) ) ;
#5093 = AXIS2_PLACEMENT_3D ( 'NONE', #5014, #6508, #2971 ) ;
#5094 = CARTESIAN_POINT ( 'NONE',  ( 0.7071067811865463515, 0.2999999999999999889, 0.8571067811865488162 ) ) ;
#5095 = CARTESIAN_POINT ( 'NONE',  ( -0.5374177117645578816, 0.000000000000000000, -2.339055835819605633 ) ) ;
#5096 = VERTEX_POINT ( 'NONE', #760 ) ;
#5097 = DIRECTION ( 'NONE',  ( 0.000000000000000000, 1.000000000000000000, 0.000000000000000000 ) ) ;
#5098 = DIRECTION ( 'NONE',  ( 0.03096438587313433619, 0.000000000000000000, 0.9995204884380808341 ) ) ;
#5099 = ORIENTED_EDGE ( 'NONE', *, *, #7336, .F. ) ;
#5100 = LOCAL_TIME ( 23, 19, 4.000000000000000000, #2585 ) ;
#5101 = CIRCLE ( 'NONE', #39, 2.400000000000000355 ) ;
#5102 = DIRECTION ( 'NONE',  ( 0.000000000000000000, 0.000000000000000000, -1.000000000000000000 ) ) ;
#5103 = ADVANCED_FACE ( 'NONE', ( #3441 ), #2086, .T. ) ;
#5104 = VECTOR ( 'NONE', #2035, 100.0000000000000000 ) ;
#5105 = DIRECTION ( 'NONE',  ( -0.6457217067881142469, 0.000000000000000000, -0.7635728369858664211 ) ) ;
#5106 = CARTESIAN_POINT ( 'NONE',  ( -0.7071067811865462405, 0.2999999999999999889, 0.3571017811865487279 ) ) ;
#5107 = DIRECTION ( 'NONE',  ( -0.6229269433213877605, 0.000000000000000000, 0.7822800159049652091 ) ) ;
#5108 = ORIENTED_EDGE ( 'NONE', *, *, #7976, .T. ) ;
#5109 = ORIENTED_EDGE ( 'NONE', *, *, #5837, .F. ) ;
#5110 = VERTEX_POINT ( 'NONE', #2754 ) ;
#5111 = VECTOR ( 'NONE', #6094, 100.0000000000000142 ) ;
#5112 = EDGE_CURVE ( 'NONE', #6405, #2174, #6925, .T. ) ;
#5113 = ADVANCED_FACE ( 'NONE', ( #8363 ), #717, .T. ) ;
#5114 = DIRECTION ( 'NONE',  ( 0.000000000000000000, 0.000000000000000000, 1.000000000000000000 ) ) ;
#5115 = CARTESIAN_POINT ( 'NONE',  ( 0.000000000000000000, 0.000000000000000000, 0.000000000000000000 ) ) ;
#5116 = ORIENTED_EDGE ( 'NONE', *, *, #5946, .F. ) ;
#5117 = DIRECTION ( 'NONE',  ( -0.03096438587317090416, 0.000000000000000000, -0.9995204884380797239 ) ) ;
#5118 = ORIENTED_EDGE ( 'NONE', *, *, #5618, .T. ) ;
#5119 = ORIENTED_EDGE ( 'NONE', *, *, #4692, .T. ) ;
#5120 = ORIENTED_EDGE ( 'NONE', *, *, #8836, .T. ) ;
#5121 = DIRECTION ( 'NONE',  ( 0.9611163161701274937, 0.000000000000000000, 0.2761438516273063137 ) ) ;
#5122 = FACE_OUTER_BOUND ( 'NONE', #893, .T. ) ;
#5123 = CIRCLE ( 'NONE', #3089, 0.1000000000000000056 ) ;
#5124 = FACE_OUTER_BOUND ( 'NONE', #3456, .T. ) ;
#5125 = DIRECTION ( 'NONE',  ( 0.000000000000000000, 0.000000000000000000, 1.000000000000000000 ) ) ;
#5126 = PLANE ( 'NONE',  #1529 ) ;
#5127 = VECTOR ( 'NONE', #1397, 100.0000000000000000 ) ;
#5128 = ORIENTED_EDGE ( 'NONE', *, *, #7231, .F. ) ;
#5129 = CALENDAR_DATE ( 2024, 26, 9 ) ;
#5130 = DIRECTION ( 'NONE',  ( 0.000000000000000000, 1.000000000000000000, -0.000000000000000000 ) ) ;
#5131 = FACE_OUTER_BOUND ( 'NONE', #8056, .T. ) ;
#5132 = ADVANCED_FACE ( 'NONE', ( #6243 ), #6881, .T. ) ;
#5133 = ORIENTED_EDGE ( 'NONE', *, *, #8592, .T. ) ;
#5134 = VECTOR ( 'NONE', #1640, 100.0000000000000000 ) ;
#5135 = CYLINDRICAL_SURFACE ( 'NONE', #3350, 0.1000000000000000888 ) ;
#5136 = CARTESIAN_POINT ( 'NONE',  ( -1.693987021127793202, 0.000000000000000000, -2.158023279829201169 ) ) ;
#5137 = ORIENTED_EDGE ( 'NONE', *, *, #6469, .T. ) ;
#5138 = AXIS2_PLACEMENT_3D ( 'NONE', #4120, #8143, #3984 ) ;
#5139 = ORIENTED_EDGE ( 'NONE', *, *, #4171, .F. ) ;
#5140 = DIRECTION ( 'NONE',  ( 0.9810729337102092051, 0.000000000000000000, -0.1936385776162476979 ) ) ;
#5141 = CARTESIAN_POINT ( 'NONE',  ( -2.398956528258401111, 0.5999999999999999778, 0.07076422490293553247 ) ) ;
#5142 = EDGE_CURVE ( 'NONE', #5182, #2574, #2128, .T. ) ;
#5143 = DIRECTION ( 'NONE',  ( 0.000000000000000000, 0.000000000000000000, 1.000000000000000000 ) ) ;
#5144 = CARTESIAN_POINT ( 'NONE',  ( -2.447975330630702828, 0.000000000000000000, -1.234778102581772341 ) ) ;
#5145 = AXIS2_PLACEMENT_3D ( 'NONE', #1161, #8857, #5292 ) ;
#5146 = EDGE_CURVE ( 'NONE', #1015, #8019, #4287, .T. ) ;
#5147 = CARTESIAN_POINT ( 'NONE',  ( 0.000000000000000000, 0.5999999999999999778, 0.000000000000000000 ) ) ;
#5148 = ORIENTED_EDGE ( 'NONE', *, *, #5416, .T. ) ;
#5149 = AXIS2_PLACEMENT_3D ( 'NONE', #6189, #1635, #6812 ) ;
#5150 = VECTOR ( 'NONE', #8254, 100.0000000000000000 ) ;
#5151 = CARTESIAN_POINT ( 'NONE',  ( -2.353884672967692548, 0.000000000000000000, 0.4682167728387278682 ) ) ;
#5152 = VECTOR ( 'NONE', #4333, 100.0000000000000000 ) ;
#5153 = CARTESIAN_POINT ( 'NONE',  ( -0.8705754329430767102, 0.000000000000000000, -1.153418145417695717 ) ) ;
#5154 = CARTESIAN_POINT ( 'NONE',  ( -2.299215189623816880, 0.000000000000000000, 1.300976273446458498 ) ) ;
#5155 = DIRECTION ( 'NONE',  ( -0.000000000000000000, -1.000000000000000000, 0.000000000000000000 ) ) ;
#5156 = ORIENTED_EDGE ( 'NONE', *, *, #2583, .F. ) ;
#5157 = ORIENTED_EDGE ( 'NONE', *, *, #2976, .T. ) ;
#5158 = AXIS2_PLACEMENT_3D ( 'NONE', #1872, #5220, #5125 ) ;
#5159 = EDGE_CURVE ( 'NONE', #2478, #6306, #8338, .T. ) ;
#5160 = VECTOR ( 'NONE', #5659, 100.0000000000000000 ) ;
#5161 = ORIENTED_EDGE ( 'NONE', *, *, #8616, .F. ) ;
#5162 = CIRCLE ( 'NONE', #4151, 0.1000000000000000888 ) ;
#5163 = AXIS2_PLACEMENT_3D ( 'NONE', #2032, #2745, #3562 ) ;
#5164 = ADVANCED_FACE ( 'NONE', ( #6288 ), #7639, .T. ) ;
#5165 = AXIS2_PLACEMENT_3D ( 'NONE', #7922, #3039, #2573 ) ;
#5166 = CIRCLE ( 'NONE', #4590, 0.1000000000000000056 ) ;
#5167 = AXIS2_PLACEMENT_3D ( 'NONE', #4434, #3715, #222 ) ;
#5168 = DIRECTION ( 'NONE',  ( 0.000000000000000000, 1.000000000000000000, 0.000000000000000000 ) ) ;
#5169 = CARTESIAN_POINT ( 'NONE',  ( -0.7071067811865462405, 0.2999999999999999889, -0.7071067811865486830 ) ) ;
#5170 = ORIENTED_EDGE ( 'NONE', *, *, #2139, .T. ) ;
#5171 = PLANE ( 'NONE',  #2538 ) ;
#5172 = ORIENTED_EDGE ( 'NONE', *, *, #1628, .T. ) ;
#5173 = ORIENTED_EDGE ( 'NONE', *, *, #2675, .T. ) ;
#5174 = ORIENTED_EDGE ( 'NONE', *, *, #5668, .F. ) ;
#5175 = LINE ( 'NONE', #1685, #8563 ) ;
#5176 = CARTESIAN_POINT ( 'NONE',  ( -2.669900510597245535, 0.000000000000000000, -0.1021246730581469170 ) ) ;
#5177 = EDGE_CURVE ( 'NONE', #7119, #4077, #4923, .T. ) ;
#5178 = ADVANCED_FACE ( 'NONE', ( #580 ), #8867, .T. ) ;
#5179 = DIRECTION ( 'NONE',  ( 0.000000000000000000, 1.000000000000000000, -0.000000000000000000 ) ) ;
#5180 = FACE_OUTER_BOUND ( 'NONE', #4447, .T. ) ;
#5181 = DIRECTION ( 'NONE',  ( 0.000000000000000000, -0.000000000000000000, 1.000000000000000000 ) ) ;
#5182 = VERTEX_POINT ( 'NONE', #4981 ) ;
#5183 = SECURITY_CLASSIFICATION_LEVEL ( 'unclassified' ) ;
#5184 = DIRECTION ( 'NONE',  ( 0.000000000000000000, 0.000000000000000000, 1.000000000000000000 ) ) ;
#5185 = DIRECTION ( 'NONE',  ( -0.000000000000000000, -1.000000000000000000, -0.000000000000000000 ) ) ;
#5186 = EDGE_CURVE ( 'NONE', #701, #4076, #6301, .T. ) ;
#5187 = VERTEX_POINT ( 'NONE', #5706 ) ;
#5188 = EDGE_CURVE ( 'NONE', #8164, #7739, #7018, .T. ) ;
#5189 = CARTESIAN_POINT ( 'NONE',  ( 2.669900510597345900, 0.5999999999999999778, 0.1021246730580511464 ) ) ;
#5190 = DIRECTION ( 'NONE',  ( 0.000000000000000000, 1.000000000000000000, 0.000000000000000000 ) ) ;
#5191 = ORIENTED_EDGE ( 'NONE', *, *, #7648, .T. ) ;
#5192 = ORIENTED_EDGE ( 'NONE', *, *, #5784, .F. ) ;
#5193 = DIRECTION ( 'NONE',  ( -0.4583423165664997634, 0.000000000000000000, 0.8887757427182937375 ) ) ;
#5194 = CARTESIAN_POINT ( 'NONE',  ( 0.000000000000000000, 0.5999999999999999778, 0.000000000000000000 ) ) ;
#5195 = CARTESIAN_POINT ( 'NONE',  ( 2.638522656287642931, 0.000000000000000000, -0.4207093742621246246 ) ) ;
#5196 = DIRECTION ( 'NONE',  ( 0.3043623944812919868, 0.000000000000000000, 0.9525563147791390461 ) ) ;
#5197 = CIRCLE ( 'NONE', #121, 0.1000000000000000056 ) ;
#5198 = DIRECTION ( 'NONE',  ( -0.000000000000000000, -1.000000000000000000, -0.000000000000000000 ) ) ;
#5199 = DIRECTION ( 'NONE',  ( 0.000000000000000000, 1.000000000000000000, 0.000000000000000000 ) ) ;
#5200 = ORIENTED_EDGE ( 'NONE', *, *, #3094, .T. ) ;
#5201 = DIRECTION ( 'NONE',  ( 0.000000000000000000, 1.000000000000000000, 0.000000000000000000 ) ) ;
#5202 = EDGE_CURVE ( 'NONE', #4865, #5473, #6181, .T. ) ;
#5203 = CARTESIAN_POINT ( 'NONE',  ( -0.2732470260462505074, 0.000000000000000000, -2.627596965865345524 ) ) ;
#5204 = CARTESIAN_POINT ( 'NONE',  ( 0.000000000000000000, 0.5999999999999999778, 0.000000000000000000 ) ) ;
#5205 = DIRECTION ( 'NONE',  ( -0.7822800159049652091, 0.000000000000000000, -0.6229269433213877605 ) ) ;
#5206 = CYLINDRICAL_SURFACE ( 'NONE', #8138, 0.1000000000000000888 ) ;
#5207 = ORIENTED_EDGE ( 'NONE', *, *, #454, .F. ) ;
#5208 = ORIENTED_EDGE ( 'NONE', *, *, #6965, .T. ) ;
#5209 = EDGE_CURVE ( 'NONE', #1947, #27, #2896, .T. ) ;
#5210 = CARTESIAN_POINT ( 'NONE',  ( 0.9834185373505206496, 0.5999999999999999778, 2.189266539367740183 ) ) ;
#5211 = DIRECTION ( 'NONE',  ( 0.9810729337102096492, 0.000000000000000000, -0.1936385776162455885 ) ) ;
#5212 = ORIENTED_EDGE ( 'NONE', *, *, #8661, .F. ) ;
#5213 = CARTESIAN_POINT ( 'NONE',  ( 2.051206457845031750, 0.000000000000000000, 1.764776807732115094 ) ) ;
#5214 = ORIENTED_EDGE ( 'NONE', *, *, #8242, .F. ) ;
#5215 = VERTEX_POINT ( 'NONE', #3623 ) ;
#5216 = AXIS2_PLACEMENT_3D ( 'NONE', #5154, #1760, #7274 ) ;
#5217 = ORIENTED_EDGE ( 'NONE', *, *, #7497, .T. ) ;
#5218 = FACE_OUTER_BOUND ( 'NONE', #5808, .T. ) ;
#5219 = CIRCLE ( 'NONE', #1894, 0.1000000000000000888 ) ;
#5220 = DIRECTION ( 'NONE',  ( 0.000000000000000000, 1.000000000000000000, -0.000000000000000000 ) ) ;
#5221 = DIRECTION ( 'NONE',  ( 0.000000000000000000, 1.000000000000000000, -0.000000000000000000 ) ) ;
#5222 = ADVANCED_FACE ( 'NONE', ( #4341 ), #7780, .T. ) ;
#5223 = EDGE_LOOP ( 'NONE', ( #6735, #168, #2123, #4905 ) ) ;
#5224 = LINE ( 'NONE', #6041, #5853 ) ;
#5225 = CARTESIAN_POINT ( 'NONE',  ( 2.116023764122655137, 0.5999999999999999778, -1.631331240123676363 ) ) ;
#5226 = ORIENTED_EDGE ( 'NONE', *, *, #4536, .T. ) ;
#5227 = CARTESIAN_POINT ( 'NONE',  ( -0.8110516387075223932, 0.000000000000000000, -2.619056208129521224 ) ) ;
#5228 = LINE ( 'NONE', #7977, #6740 ) ;
#5229 = EDGE_CURVE ( 'NONE', #2961, #7604, #7735, .T. ) ;
#5230 = ORIENTED_EDGE ( 'NONE', *, *, #6613, .T. ) ;
#5231 = ADVANCED_FACE ( 'NONE', ( #4255 ), #8411, .T. ) ;
#5232 = VERTEX_POINT ( 'NONE', #2859 ) ;
#5233 = CARTESIAN_POINT ( 'NONE',  ( 0.8526632993067405630, 0.000000000000000000, -2.243427132316890837 ) ) ;
#5234 = CARTESIAN_POINT ( 'NONE',  ( -2.641831428723966813, 0.5999999999999999778, -0.7334758920361473811 ) ) ;
#5235 = CARTESIAN_POINT ( 'NONE',  ( -2.598675585582184588, 0.000000000000000000, -0.6210341264649250625 ) ) ;
#5236 = CARTESIAN_POINT ( 'NONE',  ( -0.3986086914365977729, 0.000000000000000000, 2.366666666666620955 ) ) ;
#5237 = FACE_OUTER_BOUND ( 'NONE', #1062, .T. ) ;
#5238 = FACE_OUTER_BOUND ( 'NONE', #7785, .T. ) ;
#5239 = ORIENTED_EDGE ( 'NONE', *, *, #3219, .F. ) ;
#5240 = LINE ( 'NONE', #8039, #3791 ) ;
#5241 = VECTOR ( 'NONE', #5018, 100.0000000000000000 ) ;
#5242 = AXIS2_PLACEMENT_3D ( 'NONE', #8933, #5410, #4773 ) ;
#5243 = DIRECTION ( 'NONE',  ( 0.000000000000000000, 0.000000000000000000, 1.000000000000000000 ) ) ;
#5244 = DIRECTION ( 'NONE',  ( -0.5543390762369589941, 0.000000000000000000, -0.8322909278351859896 ) ) ;
#5245 = FACE_OUTER_BOUND ( 'NONE', #511, .T. ) ;
#5246 = FACE_OUTER_BOUND ( 'NONE', #8548, .T. ) ;
#5247 = ORIENTED_EDGE ( 'NONE', *, *, #6995, .F. ) ;
#5248 = VECTOR ( 'NONE', #4480, 100.0000000000000284 ) ;
#5249 = ORIENTED_EDGE ( 'NONE', *, *, #2186, .F. ) ;
#5250 = AXIS2_PLACEMENT_3D ( 'NONE', #4150, #4785, #5474 ) ;
#5251 = EDGE_CURVE ( 'NONE', #3863, #334, #772, .T. ) ;
#5252 = EDGE_CURVE ( 'NONE', #3267, #4142, #1255, .T. ) ;
#5253 = VECTOR ( 'NONE', #4825, 100.0000000000000142 ) ;
#5254 = ORIENTED_EDGE ( 'NONE', *, *, #8118, .T. ) ;
#5255 = CARTESIAN_POINT ( 'NONE',  ( 0.4082915092342454533, 0.5999999999999999778, 2.712923616234188540 ) ) ;
#5256 = DIRECTION ( 'NONE',  ( 0.000000000000000000, 0.000000000000000000, 1.000000000000000000 ) ) ;
#5257 = ORIENTED_EDGE ( 'NONE', *, *, #7302, .F. ) ;
#5258 = CARTESIAN_POINT ( 'NONE',  ( -0.7071067811865462405, 0.5999999999999999778, -0.8571067811865485941 ) ) ;
#5259 = VERTEX_POINT ( 'NONE', #7065 ) ;
#5260 = ORIENTED_EDGE ( 'NONE', *, *, #8963, .F. ) ;
#5261 = ORIENTED_EDGE ( 'NONE', *, *, #6893, .T. ) ;
#5262 = AXIS2_PLACEMENT_3D ( 'NONE', #8941, #1250, #1298 ) ;
#5263 = ADVANCED_FACE ( 'NONE', ( #858 ), #4897, .F. ) ;
#5264 = CARTESIAN_POINT ( 'NONE',  ( 0.000000000000000000, 0.000000000000000000, 0.000000000000000000 ) ) ;
#5265 = LINE ( 'NONE', #2541, #2582 ) ;
#5266 = VERTEX_POINT ( 'NONE', #8458 ) ;
#5267 = ORIENTED_EDGE ( 'NONE', *, *, #3676, .F. ) ;
#5268 = VECTOR ( 'NONE', #4098, 100.0000000000000000 ) ;
#5269 = CARTESIAN_POINT ( 'NONE',  ( -1.568230811125788327, 0.000000000000000000, 2.163203714024717783 ) ) ;
#5270 = CARTESIAN_POINT ( 'NONE',  ( -1.306420027913586024, 0.5999999999999999778, -2.410503452114974188 ) ) ;
#5271 = VERTEX_POINT ( 'NONE', #1589 ) ;
#5272 = EDGE_CURVE ( 'NONE', #6305, #8026, #1455, .T. ) ;
#5273 = DIRECTION ( 'NONE',  ( 0.000000000000000000, 1.000000000000000000, 0.000000000000000000 ) ) ;
#5274 = VECTOR ( 'NONE', #6378, 100.0000000000000000 ) ;
#5275 = CARTESIAN_POINT ( 'NONE',  ( 0.000000000000000000, 0.5999999999999999778, 0.000000000000000000 ) ) ;
#5276 = VECTOR ( 'NONE', #3818, 100.0000000000000142 ) ;
#5277 = VERTEX_POINT ( 'NONE', #4933 ) ;
#5278 = VERTEX_POINT ( 'NONE', #2177 ) ;
#5279 = DIRECTION ( 'NONE',  ( 0.000000000000000000, 1.000000000000000000, 0.000000000000000000 ) ) ;
#5280 = CARTESIAN_POINT ( 'NONE',  ( 0.000000000000000000, 0.000000000000000000, 0.000000000000000000 ) ) ;
#5281 = DIRECTION ( 'NONE',  ( 0.000000000000000000, 0.000000000000000000, 1.000000000000000000 ) ) ;
#5282 = DIRECTION ( 'NONE',  ( 0.000000000000000000, 0.000000000000000000, 1.000000000000000000 ) ) ;
#5283 = CARTESIAN_POINT ( 'NONE',  ( -2.051206457844922060, 0.000000000000000000, -1.664776807732246899 ) ) ;
#5284 = DIRECTION ( 'NONE',  ( -0.9810729337102092051, 0.000000000000000000, 0.1936385776162478645 ) ) ;
#5285 = ORIENTED_EDGE ( 'NONE', *, *, #7635, .T. ) ;
#5286 = EDGE_CURVE ( 'NONE', #8026, #6436, #6936, .T. ) ;
#5287 = EDGE_CURVE ( 'NONE', #775, #4337, #7034, .T. ) ;
#5288 = LINE ( 'NONE', #3836, #1781 ) ;
#5289 = VECTOR ( 'NONE', #6308, 100.0000000000000284 ) ;
#5290 = CARTESIAN_POINT ( 'NONE',  ( -2.604099926062496628, 0.000000000000000000, 0.8578599868701691777 ) ) ;
#5291 = DIRECTION ( 'NONE',  ( 0.000000000000000000, 1.000000000000000000, 0.000000000000000000 ) ) ;
#5292 = DIRECTION ( 'NONE',  ( -0.8138680219351949185, 0.000000000000000000, 0.5810497765865615394 ) ) ;
#5293 = VERTEX_POINT ( 'NONE', #6977 ) ;
#5294 = ORIENTED_EDGE ( 'NONE', *, *, #8428, .F. ) ;
#5295 = EDGE_LOOP ( 'NONE', ( #810, #4008, #4033, #4071 ) ) ;
#5296 = VECTOR ( 'NONE', #7153, 100.0000000000000000 ) ;
#5297 = VECTOR ( 'NONE', #5913, 100.0000000000000000 ) ;
#5298 = AXIS2_PLACEMENT_3D ( 'NONE', #3289, #1855, #8126 ) ;
#5299 = ORIENTED_EDGE ( 'NONE', *, *, #6685, .F. ) ;
#5300 = VECTOR ( 'NONE', #3597, 100.0000000000000142 ) ;
#5301 = LINE ( 'NONE', #3932, #4872 ) ;
#5302 = DIRECTION ( 'NONE',  ( -0.7071067811865476838, -0.000000000000000000, -0.7071067811865473507 ) ) ;
#5303 = VERTEX_POINT ( 'NONE', #7610 ) ;
#5304 = DIRECTION ( 'NONE',  ( -0.000000000000000000, -1.000000000000000000, -0.000000000000000000 ) ) ;
#5305 = EDGE_LOOP ( 'NONE', ( #8823, #1840, #3313, #857 ) ) ;
#5306 = EDGE_LOOP ( 'NONE', ( #3927, #4, #6483, #394 ) ) ;
#5307 = AXIS2_PLACEMENT_3D ( 'NONE', #3644, #7844, #7937 ) ;
#5308 = ORIENTED_EDGE ( 'NONE', *, *, #1094, .T. ) ;
#5309 = AXIS2_PLACEMENT_3D ( 'NONE', #3343, #8052, #3252 ) ;
#5310 = AXIS2_PLACEMENT_3D ( 'NONE', #5471, #6815, #608 ) ;
#5311 = CIRCLE ( 'NONE', #7043, 0.1000000000000000888 ) ;
#5312 = CARTESIAN_POINT ( 'NONE',  ( 2.386702695098069427, 0.000000000000000000, -1.349411140906982220 ) ) ;
#5313 = CARTESIAN_POINT ( 'NONE',  ( -1.995527069526097819, 0.000000000000000000, -1.333368559247062324 ) ) ;
#5314 = CARTESIAN_POINT ( 'NONE',  ( -9.367506770274758310E-15, 0.000000000000000000, -2.400000000000000799 ) ) ;
#5315 = EDGE_CURVE ( 'NONE', #2998, #3526, #6256, .T. ) ;
#5316 = ORIENTED_EDGE ( 'NONE', *, *, #145, .F. ) ;
#5317 = ORIENTED_EDGE ( 'NONE', *, *, #4396, .T. ) ;
#5318 = CARTESIAN_POINT ( 'NONE',  ( 1.232618059797892629, 0.000000000000000000, -2.336574944427905809 ) ) ;
#5319 = CARTESIAN_POINT ( 'NONE',  ( 2.353884672967788472, 0.000000000000000000, -0.4682167728388216821 ) ) ;
#5320 = ORIENTED_EDGE ( 'NONE', *, *, #3184, .F. ) ;
#5321 = FACE_OUTER_BOUND ( 'NONE', #4249, .T. ) ;
#5322 = DIRECTION ( 'NONE',  ( 0.000000000000000000, 1.000000000000000000, -0.000000000000000000 ) ) ;
#5323 = ORIENTED_EDGE ( 'NONE', *, *, #5695, .T. ) ;
#5324 = EDGE_CURVE ( 'NONE', #5643, #334, #3493, .T. ) ;
#5325 = ORIENTED_EDGE ( 'NONE', *, *, #8233, .T. ) ;
#5326 = CARTESIAN_POINT ( 'NONE',  ( -2.077585818039125787, 0.000000000000000000, 1.789105181557038460 ) ) ;
#5327 = PLANE ( 'NONE',  #7830 ) ;
#5328 = EDGE_CURVE ( 'NONE', #8100, #4101, #5844, .T. ) ;
#5329 = CYLINDRICAL_SURFACE ( 'NONE', #7427, 2.400000000000000355 ) ;
#5330 = DIRECTION ( 'NONE',  ( 0.3043623944812919868, 0.000000000000000000, 0.9525563147791390461 ) ) ;
#5331 = DIRECTION ( 'NONE',  ( 0.000000000000000000, 1.000000000000000000, 0.000000000000000000 ) ) ;
#5332 = ORIENTED_EDGE ( 'NONE', *, *, #3948, .F. ) ;
#5333 = CARTESIAN_POINT ( 'NONE',  ( 1.688628483116678902, 0.000000000000000000, -2.160044913421789392 ) ) ;
#5335 = VECTOR ( 'NONE', #8332, 100.0000000000000000 ) ;
#5334 = DIRECTION ( 'NONE',  ( 0.000000000000000000, 1.000000000000000000, 0.000000000000000000 ) ) ;
#5336 = CARTESIAN_POINT ( 'NONE',  ( 2.598675585582251202, 0.000000000000000000, 0.6210341264647807336 ) ) ;
#5337 = EDGE_CURVE ( 'NONE', #7665, #4390, #7234, .T. ) ;
#5338 = CARTESIAN_POINT ( 'NONE',  ( 0.7392001813110363750, 0.5999999999999999778, 2.642014306544101299 ) ) ;
#5339 = VERTEX_POINT ( 'NONE', #5754 ) ;
#5340 = VERTEX_POINT ( 'NONE', #7955 ) ;
#5341 = CARTESIAN_POINT ( 'NONE',  ( -0.1772313681304269473, 0.000000000000000000, 1.434177131589170040 ) ) ;
#5342 = EDGE_LOOP ( 'NONE', ( #3471, #3484, #5239, #3165 ) ) ;
#5343 = PLANE ( 'NONE',  #3138 ) ;
#5344 = ORIENTED_EDGE ( 'NONE', *, *, #2210, .F. ) ;
#5345 = ADVANCED_FACE ( 'NONE', ( #1768 ), #3167, .T. ) ;
#5346 = CARTESIAN_POINT ( 'NONE',  ( 1.167737622746305437, 0.000000000000000000, -2.482548156321913613 ) ) ;
#5347 = CARTESIAN_POINT ( 'NONE',  ( 0.7071067811865463515, 0.5999999999999999778, -0.7071067811865486830 ) ) ;
#5348 = ORIENTED_EDGE ( 'NONE', *, *, #1001, .T. ) ;
#5349 = EDGE_CURVE ( 'NONE', #1136, #3356, #4385, .T. ) ;
#5350 = CARTESIAN_POINT ( 'NONE',  ( 0.000000000000000000, 0.5999999999999999778, -2.050000000000000266 ) ) ;
#5351 = ORIENTED_EDGE ( 'NONE', *, *, #4092, .T. ) ;
#5352 = VERTEX_POINT ( 'NONE', #6478 ) ;
#5353 = ORIENTED_EDGE ( 'NONE', *, *, #7191, .T. ) ;
#5354 = CARTESIAN_POINT ( 'NONE',  ( 0.8705754329431263372, 0.000000000000000000, 1.153418145417631768 ) ) ;
#5355 = DATE_AND_TIME ( #3946, #5100 ) ;
#5356 = CARTESIAN_POINT ( 'NONE',  ( -0.7071067811865462405, 0.2999999999999999889, 0.7071067811865487940 ) ) ;
#5357 = VECTOR ( 'NONE', #4422, 100.0000000000000142 ) ;
#5358 = EDGE_LOOP ( 'NONE', ( #5535, #6341, #8063, #8943 ) ) ;
#5359 = VERTEX_POINT ( 'NONE', #4523 ) ;
#5360 = FACE_OUTER_BOUND ( 'NONE', #7414, .T. ) ;
#5361 = DIRECTION ( 'NONE',  ( 0.000000000000000000, 1.000000000000000000, -0.000000000000000000 ) ) ;
#5362 = VERTEX_POINT ( 'NONE', #8593 ) ;
#5363 = EDGE_CURVE ( 'NONE', #8733, #5622, #5935, .T. ) ;
#5364 = EDGE_CURVE ( 'NONE', #1090, #8427, #2349, .T. ) ;
#5365 = CIRCLE ( 'NONE', #8386, 0.1000000000000000888 ) ;
#5366 = DIRECTION ( 'NONE',  ( 0.000000000000000000, 0.000000000000000000, -1.000000000000000000 ) ) ;
#5367 = DIRECTION ( 'NONE',  ( 0.000000000000000000, 0.000000000000000000, -1.000000000000000000 ) ) ;
#5368 = EDGE_LOOP ( 'NONE', ( #3798, #4515, #2831, #3064 ) ) ;
#5369 = ORIENTED_EDGE ( 'NONE', *, *, #3916, .T. ) ;
#5370 = CARTESIAN_POINT ( 'NONE',  ( -0.1021246730580500084, 0.000000000000000000, 2.669900510597250864 ) ) ;
#5371 = CARTESIAN_POINT ( 'NONE',  ( 0.000000000000000000, 0.5999999999999999778, 0.000000000000000000 ) ) ;
#5372 = CARTESIAN_POINT ( 'NONE',  ( 2.532002169471285313, 0.000000000000000000, 0.8530903815703085868 ) ) ;
#5373 = CARTESIAN_POINT ( 'NONE',  ( 2.723782605007173174, 0.000000000000000000, 0.3281231852440856800 ) ) ;
#5374 = ORIENTED_EDGE ( 'NONE', *, *, #7655, .T. ) ;
#5375 = EDGE_CURVE ( 'NONE', #3771, #2709, #8475, .T. ) ;
#5376 = DIRECTION ( 'NONE',  ( -0.000000000000000000, -1.000000000000000000, -0.000000000000000000 ) ) ;
#5377 = CARTESIAN_POINT ( 'NONE',  ( 0.8532020157592847820, 0.5999999999999999778, -2.607432228139166419 ) ) ;
#5378 = CARTESIAN_POINT ( 'NONE',  ( -1.330649513548147533, 0.000000000000000000, 0.5636016986461265255 ) ) ;
#5379 = CARTESIAN_POINT ( 'NONE',  ( -2.082446992096411265, 0.000000000000000000, -1.786076994181047484 ) ) ;
#5380 = ORIENTED_EDGE ( 'NONE', *, *, #3840, .F. ) ;
#5381 = ORIENTED_EDGE ( 'NONE', *, *, #2210, .T. ) ;
#5382 = FACE_OUTER_BOUND ( 'NONE', #6562, .T. ) ;
#5383 = CARTESIAN_POINT ( 'NONE',  ( -2.366666666666620067, 0.000000000000000000, -0.3986086914366926415 ) ) ;
#5384 = VERTEX_POINT ( 'NONE', #1677 ) ;
#5385 = EDGE_CURVE ( 'NONE', #7423, #5012, #3123, .T. ) ;
#5386 = DIRECTION ( 'NONE',  ( 0.8482738040849265859, -0.000000000000000000, 0.5295578847522598442 ) ) ;
#5387 = VECTOR ( 'NONE', #8925, 100.0000000000000000 ) ;
#5388 = ADVANCED_FACE ( 'NONE', ( #1084 ), #5896, .T. ) ;
#5389 = EDGE_LOOP ( 'NONE', ( #1586, #1480, #3251, #1186 ) ) ;
#5390 = CARTESIAN_POINT ( 'NONE',  ( -0.2039866142974479934, 0.000000000000000000, 2.734163426567457922 ) ) ;
#5391 = ORIENTED_EDGE ( 'NONE', *, *, #2380, .T. ) ;
#5392 = VECTOR ( 'NONE', #3694, 100.0000000000000000 ) ;
#5393 = VECTOR ( 'NONE', #3234, 100.0000000000000000 ) ;
#5394 = DIRECTION ( 'NONE',  ( 0.000000000000000000, 1.000000000000000000, 0.000000000000000000 ) ) ;
#5395 = ORIENTED_EDGE ( 'NONE', *, *, #72, .F. ) ;
#5396 = ORIENTED_EDGE ( 'NONE', *, *, #4017, .T. ) ;
#5397 = ORIENTED_EDGE ( 'NONE', *, *, #5202, .F. ) ;
#5398 = EDGE_CURVE ( 'NONE', #6552, #8019, #1725, .T. ) ;
#5399 = VECTOR ( 'NONE', #2401, 100.0000000000000142 ) ;
#5400 = EDGE_CURVE ( 'NONE', #5259, #4563, #3133, .T. ) ;
#5401 = DIRECTION ( 'NONE',  ( 0.000000000000000000, 0.000000000000000000, 1.000000000000000000 ) ) ;
#5402 = DIRECTION ( 'NONE',  ( -0.08333333333332927639, 0.000000000000000000, 0.9965217285917834511 ) ) ;
#5403 = DIRECTION ( 'NONE',  ( 0.000000000000000000, 0.000000000000000000, 1.000000000000000000 ) ) ;
#5404 = ORIENTED_EDGE ( 'NONE', *, *, #5252, .F. ) ;
#5405 = CIRCLE ( 'NONE', #4520, 2.400000000000000355 ) ;
#5406 = EDGE_LOOP ( 'NONE', ( #3148, #4338, #1063, #2486, #4110, #4162, #1836, #7892, #3299, #8099, #1004, #1926, #3571, #2642, #7879, #5991, #4330, #1813, #5344, #5285, #7917, #4347, #2823, #8067, #8319, #5174, #2410, #7950, #8546, #1727, #5792, #968, #2780, #8461, #806, #8918, #4285, #12, #2680, #2351, #2673, #2587, #3706, #6166, #6130, #6851, #344, #4530, #3905, #1128, #2056, #2487, #7509, #2388, #4425, #1975, #3809, #5782, #3370, #2658, #6699, #1703, #1335, #1587, #8779, #1040, #1634, #3306, #996, #2544, #1909, #7444, #147, #3753, #3752, #4075, #8325, #6908, #1574, #2766, #6071, #1384, #6784, #3020, #2295, #3144, #4659, #4207, #6153, #6119, #1174, #6990, #7971, #3775, #35, #3246, #5688, #3617, #1954, #7515, #3238, #5118, #1327, #3296, #2755, #2263, #5925, #3635, #179, #4123, #5971, #4848, #3408, #7525, #6400, #6387, #541, #5, #923, #7007, #385, #8370, #796, #8120, #3248, #2246, #2143, #2855, #3627, #7839, #6738, #4782, #6901, #2320, #6474, #4935, #8072, #2084, #5395, #5119, #5128, #7103, #8501, #5624, #1878, #8919, #1032, #6426, #7343, #3206, #6610, #7294, #5901, #1638, #561, #4884, #2759, #1884, #8960, #7147, #3076, #7914, #2841, #3319, #8093, #280, #940, #2902, #2398, #7236, #7107, #3341, #3321, #5267, #7936, #1917, #3426, #6281, #1182, #3843, #602, #8255, #4826, #4870, #5607, #7340, #7391, #2311, #5299, #7862, #4977, #1342, #7277, #5489, #7645, #3611, #7647, #1731, #8595, #1950, #5139, #3043, #2331, #6320, #453, #5937 ) ) ;
#5407 = CARTESIAN_POINT ( 'NONE',  ( -0.9097684458441224198, 0.5999999999999999778, -1.192611158318741538 ) ) ;
#5408 = CARTESIAN_POINT ( 'NONE',  ( 1.995527069526194852, 0.000000000000000000, 1.333368559246942198 ) ) ;
#5409 = EDGE_LOOP ( 'NONE', ( #507, #8110, #2287, #844 ) ) ;
#5410 = DIRECTION ( 'NONE',  ( -0.9352860790606347674, 0.000000000000000000, -0.3538925688897467947 ) ) ;
#5411 = CARTESIAN_POINT ( 'NONE',  ( -2.077585818039125787, 0.5999999999999999778, 1.789105181557038460 ) ) ;
#5412 = ORIENTED_EDGE ( 'NONE', *, *, #2337, .F. ) ;
#5413 = CIRCLE ( 'NONE', #4247, 0.1500000000000000500 ) ;
#5414 = ORIENTED_EDGE ( 'NONE', *, *, #72, .T. ) ;
#5415 = LINE ( 'NONE', #5233, #376 ) ;
#5416 = EDGE_CURVE ( 'NONE', #6939, #6650, #1110, .T. ) ;
#5417 = DIRECTION ( 'NONE',  ( 0.000000000000000000, 1.000000000000000000, 0.000000000000000000 ) ) ;
#5418 = LINE ( 'NONE', #3324, #5111 ) ;
#5419 = CYLINDRICAL_SURFACE ( 'NONE', #2643, 0.1000000000000000056 ) ;
#5420 = EDGE_LOOP ( 'NONE', ( #553, #1891, #7154, #7473 ) ) ;
#5421 = VECTOR ( 'NONE', #4845, 100.0000000000000142 ) ;
#5422 = VECTOR ( 'NONE', #4216, 100.0000000000000000 ) ;
#5423 = DIRECTION ( 'NONE',  ( 0.000000000000000000, 0.000000000000000000, -1.000000000000000000 ) ) ;
#5424 = PRODUCT_RELATED_PRODUCT_CATEGORY ( 'detail', '', ( #3449 ) ) ;
#5425 = CARTESIAN_POINT ( 'NONE',  ( 0.000000000000000000, 0.5999999999999999778, 0.000000000000000000 ) ) ;
#5426 = PLANE ( 'NONE',  #6805 ) ;
#5427 = EDGE_CURVE ( 'NONE', #8667, #2910, #4472, .T. ) ;
#5428 = CARTESIAN_POINT ( 'NONE',  ( -0.3281231852440847918, 0.000000000000000000, 2.723782605007078139 ) ) ;
#5429 = DIRECTION ( 'NONE',  ( 0.000000000000000000, 1.000000000000000000, -0.000000000000000000 ) ) ;
#5430 = VERTEX_POINT ( 'NONE', #407 ) ;
#5431 = DIRECTION ( 'NONE',  ( -0.7060595114480024970, 0.000000000000000000, -0.7081525021447061530 ) ) ;
#5432 = CARTESIAN_POINT ( 'NONE',  ( 0.9834185373505206496, 0.000000000000000000, 2.189266539367740183 ) ) ;
#5433 = ORIENTED_EDGE ( 'NONE', *, *, #4819, .F. ) ;
#5434 = AXIS2_PLACEMENT_3D ( 'NONE', #6786, #1899, #8550 ) ;
#5435 = DIRECTION ( 'NONE',  ( 0.000000000000000000, 1.000000000000000000, 0.000000000000000000 ) ) ;
#5436 = VERTEX_POINT ( 'NONE', #7193 ) ;
#5437 = AXIS2_PLACEMENT_3D ( 'NONE', #3726, #1003, #1736 ) ;
#5438 = LINE ( 'NONE', #2669, #6466 ) ;
#5439 = LINE ( 'NONE', #8194, #284 ) ;
#5440 = EDGE_CURVE ( 'NONE', #7423, #3732, #4726, .T. ) ;
#5441 = VECTOR ( 'NONE', #2226, 100.0000000000000000 ) ;
#5442 = LINE ( 'NONE', #584, #3845 ) ;
#5443 = ORIENTED_EDGE ( 'NONE', *, *, #1779, .F. ) ;
#5444 = VERTEX_POINT ( 'NONE', #3756 ) ;
#5445 = ORIENTED_EDGE ( 'NONE', *, *, #7039, .T. ) ;
#5446 = EDGE_CURVE ( 'NONE', #451, #3272, #6566, .T. ) ;
#5447 = AXIS2_PLACEMENT_3D ( 'NONE', #2623, #7010, #8324 ) ;
#5448 = VECTOR ( 'NONE', #3781, 100.0000000000000000 ) ;
#5449 = AXIS2_PLACEMENT_3D ( 'NONE', #4774, #1241, #5544 ) ;
#5450 = CARTESIAN_POINT ( 'NONE',  ( -2.160044913421682367, 0.000000000000000000, -1.688628483116714429 ) ) ;
#5451 = FACE_OUTER_BOUND ( 'NONE', #6457, .T. ) ;
#5452 = VECTOR ( 'NONE', #7225, 100.0000000000000284 ) ;
#5453 = EDGE_CURVE ( 'NONE', #3230, #1624, #4571, .T. ) ;
#5454 = ORIENTED_EDGE ( 'NONE', *, *, #7656, .F. ) ;
#5455 = ORIENTED_EDGE ( 'NONE', *, *, #2821, .F. ) ;
#5456 = ADVANCED_FACE ( 'NONE', ( #1632 ), #1864, .F. ) ;
#5457 = LINE ( 'NONE', #8249, #5422 ) ;
#5458 = CARTESIAN_POINT ( 'NONE',  ( 2.641831428724037423, 0.5999999999999999778, 0.7334758920360040513 ) ) ;
#5459 = VECTOR ( 'NONE', #7675, 100.0000000000000000 ) ;
#5460 = CIRCLE ( 'NONE', #2856, 0.3500050000000000106 ) ;
#5461 = DIRECTION ( 'NONE',  ( 0.8306464755968352431, -0.000000000000000000, 0.5568001729333030836 ) ) ;
#5462 = DIRECTION ( 'NONE',  ( -0.9742741305104954952, 0.000000000000000000, 0.2253661878321989720 ) ) ;
#5463 = VERTEX_POINT ( 'NONE', #4617 ) ;
#5464 = VECTOR ( 'NONE', #5764, 100.0000000000000000 ) ;
#5465 = EDGE_CURVE ( 'NONE', #6305, #6972, #5742, .T. ) ;
#5466 = ORIENTED_EDGE ( 'NONE', *, *, #3048, .T. ) ;
#5467 = VECTOR ( 'NONE', #1834, 100.0000000000000000 ) ;
#5468 = FACE_OUTER_BOUND ( 'NONE', #6706, .T. ) ;
#5469 = EDGE_CURVE ( 'NONE', #637, #6315, #4149, .T. ) ;
#5470 = CYLINDRICAL_SURFACE ( 'NONE', #7576, 0.09999999999999992228 ) ;
#5471 = CARTESIAN_POINT ( 'NONE',  ( 0.000000000000000000, 0.5999999999999999778, 0.000000000000000000 ) ) ;
#5472 = LINE ( 'NONE', #4742, #622 ) ;
#5473 = VERTEX_POINT ( 'NONE', #1272 ) ;
#5474 = DIRECTION ( 'NONE',  ( -0.7822800159049736468, 0.000000000000000000, -0.6229269433213771023 ) ) ;
#5475 = DIRECTION ( 'NONE',  ( 0.000000000000000000, 0.000000000000000000, 1.000000000000000000 ) ) ;
#5476 = CARTESIAN_POINT ( 'NONE',  ( 0.7071067811865463515, 0.2999999999999999889, 0.7071067811865487940 ) ) ;
#5477 = FACE_OUTER_BOUND ( 'NONE', #4000, .T. ) ;
#5478 = LINE ( 'NONE', #4157, #3366 ) ;
#5479 = ORIENTED_EDGE ( 'NONE', *, *, #567, .F. ) ;
#5480 = DIRECTION ( 'NONE',  ( 0.000000000000000000, 0.000000000000000000, 1.000000000000000000 ) ) ;
#5481 = FACE_OUTER_BOUND ( 'NONE', #5908, .T. ) ;
#5482 = ORIENTED_EDGE ( 'NONE', *, *, #7213, .F. ) ;
#5483 = EDGE_CURVE ( 'NONE', #2801, #7181, #5438, .T. ) ;
#5484 = CARTESIAN_POINT ( 'NONE',  ( 2.051206457845031750, 0.5999999999999999778, 1.664776807732115005 ) ) ;
#5485 = ORIENTED_EDGE ( 'NONE', *, *, #1981, .F. ) ;
#5486 = DIRECTION ( 'NONE',  ( -0.000000000000000000, 1.000000000000000000, -0.000000000000000000 ) ) ;
#5487 = FACE_OUTER_BOUND ( 'NONE', #4682, .T. ) ;
#5488 = CARTESIAN_POINT ( 'NONE',  ( 1.786076994181011068, 0.000000000000000000, -2.082446992096521399 ) ) ;
#5489 = ORIENTED_EDGE ( 'NONE', *, *, #8274, .T. ) ;
#5490 = ORIENTED_EDGE ( 'NONE', *, *, #524, .T. ) ;
#5491 = ORIENTED_EDGE ( 'NONE', *, *, #2404, .T. ) ;
#5492 = AXIS2_PLACEMENT_3D ( 'NONE', #7611, #3494, #3407 ) ;
#5493 = ADVANCED_FACE ( 'NONE', ( #4756 ), #2529, .T. ) ;
#5494 = DIRECTION ( 'NONE',  ( 0.000000000000000000, 1.000000000000000000, 0.000000000000000000 ) ) ;
#5495 = FACE_OUTER_BOUND ( 'NONE', #8587, .T. ) ;
#5496 = ORIENTED_EDGE ( 'NONE', *, *, #4233, .F. ) ;
#5497 = ORIENTED_EDGE ( 'NONE', *, *, #4794, .F. ) ;
#5498 = CARTESIAN_POINT ( 'NONE',  ( -2.033973951400470437, 0.000000000000000000, -1.273950534763560016 ) ) ;
#5499 = CYLINDRICAL_SURFACE ( 'NONE', #689, 1.500000000000000000 ) ;
#5500 = DIRECTION ( 'NONE',  ( 0.000000000000000000, 0.000000000000000000, 1.000000000000000000 ) ) ;
#5501 = EDGE_CURVE ( 'NONE', #336, #5634, #5301, .T. ) ;
#5502 = CARTESIAN_POINT ( 'NONE',  ( -0.3960907847707366702, 0.5999999999999999778, -0.5465684680071674073 ) ) ;
#5503 = EDGE_CURVE ( 'NONE', #6825, #7358, #539, .T. ) ;
#5504 = ORIENTED_EDGE ( 'NONE', *, *, #6195, .F. ) ;
#5505 = VERTEX_POINT ( 'NONE', #6114 ) ;
#5506 = DIRECTION ( 'NONE',  ( 0.5568001729333035277, 0.000000000000000000, -0.8306464755968350211 ) ) ;
#5507 = DIRECTION ( 'NONE',  ( -0.000000000000000000, -1.000000000000000000, -0.000000000000000000 ) ) ;
#5508 = DIRECTION ( 'NONE',  ( -0.5810497765865625386, 0.000000000000000000, -0.8138680219351942524 ) ) ;
#5509 = VECTOR ( 'NONE', #6058, 100.0000000000000000 ) ;
#5510 = DIRECTION ( 'NONE',  ( 0.000000000000000000, 0.000000000000000000, 1.000000000000000000 ) ) ;
#5511 = EDGE_LOOP ( 'NONE', ( #5692, #215, #5414, #5849 ) ) ;
#5512 = EDGE_CURVE ( 'NONE', #8398, #5359, #1363, .T. ) ;
#5513 = EDGE_CURVE ( 'NONE', #4892, #3898, #8759, .T. ) ;
#5514 = LINE ( 'NONE', #8263, #6117 ) ;
#5515 = CARTESIAN_POINT ( 'NONE',  ( 0.5636016986461230838, 0.5999999999999999778, -1.330649513548187279 ) ) ;
#5516 = DIRECTION ( 'NONE',  ( 0.000000000000000000, 1.000000000000000000, 0.000000000000000000 ) ) ;
#5517 = LINE ( 'NONE', #8266, #8590 ) ;
#5518 = DIRECTION ( 'NONE',  ( -0.000000000000000000, -1.000000000000000000, -0.000000000000000000 ) ) ;
#5519 = VERTEX_POINT ( 'NONE', #1169 ) ;
#5520 = DIRECTION ( 'NONE',  ( -0.9659258262890573210, 0.000000000000000000, 0.2588190451025618177 ) ) ;
#5521 = LINE ( 'NONE', #8271, #4519 ) ;
#5522 = ORIENTED_EDGE ( 'NONE', *, *, #6216, .T. ) ;
#5523 = DIRECTION ( 'NONE',  ( 0.000000000000000000, 1.000000000000000000, 0.000000000000000000 ) ) ;
#5524 = ORIENTED_EDGE ( 'NONE', *, *, #2716, .T. ) ;
#5525 = DIRECTION ( 'NONE',  ( -0.000000000000000000, 1.000000000000000000, -0.000000000000000000 ) ) ;
#5526 = LINE ( 'NONE', #7511, #2137 ) ;
#5527 = CARTESIAN_POINT ( 'NONE',  ( 0.000000000000000000, 0.5999999999999999778, 0.000000000000000000 ) ) ;
#5528 = ORIENTED_EDGE ( 'NONE', *, *, #2009, .F. ) ;
#5529 = EDGE_LOOP ( 'NONE', ( #6875, #8371, #5616, #2603 ) ) ;
#5530 = ADVANCED_FACE ( 'NONE', ( #491 ), #6791, .T. ) ;
#5531 = VERTEX_POINT ( 'NONE', #4072 ) ;
#5532 = AXIS2_PLACEMENT_3D ( 'NONE', #1323, #7381, #1 ) ;
#5533 = DIRECTION ( 'NONE',  ( 0.000000000000000000, 0.000000000000000000, -1.000000000000000000 ) ) ;
#5534 = CARTESIAN_POINT ( 'NONE',  ( 0.000000000000000000, 0.5999999999999999778, 0.000000000000000000 ) ) ;
#5535 = ORIENTED_EDGE ( 'NONE', *, *, #6263, .F. ) ;
#5536 = EDGE_CURVE ( 'NONE', #1504, #2417, #6023, .T. ) ;
#5537 = ORIENTED_EDGE ( 'NONE', *, *, #8538, .T. ) ;
#5538 = CARTESIAN_POINT ( 'NONE',  ( -1.278452291454445167, 0.000000000000000000, 2.425452518699641846 ) ) ;
#5539 = DIRECTION ( 'NONE',  ( 0.000000000000000000, 1.000000000000000000, 0.000000000000000000 ) ) ;
#5540 = AXIS2_PLACEMENT_3D ( 'NONE', #1200, #3326, #6727 ) ;
#5541 = CIRCLE ( 'NONE', #2784, 0.09999999999999992228 ) ;
#5542 = VECTOR ( 'NONE', #3240, 100.0000000000000000 ) ;
#5543 = CARTESIAN_POINT ( 'NONE',  ( -0.8705754329430767102, 0.5999999999999999778, -1.153418145417695717 ) ) ;
#5544 = DIRECTION ( 'NONE',  ( 0.000000000000000000, 0.000000000000000000, 1.000000000000000000 ) ) ;
#5545 = AXIS2_PLACEMENT_3D ( 'NONE', #4961, #7177, #4413 ) ;
#5546 = ORIENTED_EDGE ( 'NONE', *, *, #3602, .T. ) ;
#5547 = EDGE_LOOP ( 'NONE', ( #3162, #2228, #2624, #2892 ) ) ;
#5548 = EDGE_CURVE ( 'NONE', #6239, #3863, #582, .T. ) ;
#5549 = DIRECTION ( 'NONE',  ( 3.469446951953614189E-15, 0.000000000000000000, 1.000000000000000000 ) ) ;
#5550 = CARTESIAN_POINT ( 'NONE',  ( -2.243427132316819339, 0.5999999999999999778, -0.8526632993067863042 ) ) ;
#5551 = CARTESIAN_POINT ( 'NONE',  ( 2.386702695098069427, 0.5999999999999999778, -1.349411140906982220 ) ) ;
#5552 = ORIENTED_EDGE ( 'NONE', *, *, #3935, .F. ) ;
#5553 = ADVANCED_FACE ( 'NONE', ( #3396 ), #1904, .T. ) ;
#5554 = FACE_OUTER_BOUND ( 'NONE', #594, .T. ) ;
#5555 = ORIENTED_EDGE ( 'NONE', *, *, #5088, .T. ) ;
#5556 = DIRECTION ( 'NONE',  ( 0.000000000000000000, 1.000000000000000000, 0.000000000000000000 ) ) ;
#5557 = DIRECTION ( 'NONE',  ( -0.5543390762369591052, 0.000000000000000000, -0.8322909278351861007 ) ) ;
#5558 = CARTESIAN_POINT ( 'NONE',  ( 1.631331240123677695, 0.000000000000000000, 2.116023764122560102 ) ) ;
#5559 = CARTESIAN_POINT ( 'NONE',  ( 0.7806153992595061819, 0.5999999999999999778, 2.523800576651533678 ) ) ;
#5560 = EDGE_CURVE ( 'NONE', #898, #3825, #2043, .T. ) ;
#5561 = VERTEX_POINT ( 'NONE', #4798 ) ;
#5562 = DIRECTION ( 'NONE',  ( 0.000000000000000000, 0.000000000000000000, 1.000000000000000000 ) ) ;
#5563 = CARTESIAN_POINT ( 'NONE',  ( 2.425452518699736437, 0.000000000000000000, 1.278452291454447165 ) ) ;
#5564 = VERTEX_POINT ( 'NONE', #8729 ) ;
#5565 = ADVANCED_FACE ( 'NONE', ( #4657 ), #7418, .T. ) ;
#5566 = CARTESIAN_POINT ( 'NONE',  ( 2.649780135015905813, 0.000000000000000000, 0.3427293705100536436 ) ) ;
#5567 = ORIENTED_EDGE ( 'NONE', *, *, #1483, .F. ) ;
#5568 = VECTOR ( 'NONE', #7939, 100.0000000000000000 ) ;
#5569 = CARTESIAN_POINT ( 'NONE',  ( -0.7058615068732724263, 0.000000000000000000, 2.645719797106929505 ) ) ;
#5570 = FACE_OUTER_BOUND ( 'NONE', #1594, .T. ) ;
#5571 = LINE ( 'NONE', #7680, #1827 ) ;
#5572 = ORIENTED_EDGE ( 'NONE', *, *, #7497, .F. ) ;
#5573 = VERTEX_POINT ( 'NONE', #447 ) ;
#5574 = VERTEX_POINT ( 'NONE', #5978 ) ;
#5575 = AXIS2_PLACEMENT_3D ( 'NONE', #2514, #5081, #279 ) ;
#5576 = DIRECTION ( 'NONE',  ( 0.000000000000000000, 1.000000000000000000, -0.000000000000000000 ) ) ;
#5577 = DIRECTION ( 'NONE',  ( 0.000000000000000000, 0.000000000000000000, 1.000000000000000000 ) ) ;
#5578 = CARTESIAN_POINT ( 'NONE',  ( 1.955344957562959562, 0.000000000000000000, -1.391627140053462108 ) ) ;
#5579 = EDGE_LOOP ( 'NONE', ( #1127, #1965, #4876, #767 ) ) ;
#5580 = VERTEX_POINT ( 'NONE', #80 ) ;
#5581 = CARTESIAN_POINT ( 'NONE',  ( -2.336574944427815659, 0.000000000000000000, -1.232618059797938814 ) ) ;
#5582 = CARTESIAN_POINT ( 'NONE',  ( -1.646280565608930102, 0.000000000000000000, 1.746356292197548843 ) ) ;
#5583 = VECTOR ( 'NONE', #7108, 100.0000000000000000 ) ;
#5584 = CARTESIAN_POINT ( 'NONE',  ( 1.415403089884493815, 0.000000000000000000, 2.350168206146002969 ) ) ;
#5585 = EDGE_CURVE ( 'NONE', #2901, #1504, #2978, .T. ) ;
#5586 = AXIS2_PLACEMENT_3D ( 'NONE', #2979, #5059, #8041 ) ;
#5587 = DIRECTION ( 'NONE',  ( 0.000000000000000000, 0.000000000000000000, 1.000000000000000000 ) ) ;
#5588 = VECTOR ( 'NONE', #901, 100.0000000000000000 ) ;
#5589 = CARTESIAN_POINT ( 'NONE',  ( 0.7807048762484454230, 0.000000000000000000, -2.628261797879757111 ) ) ;
#5590 = DIRECTION ( 'NONE',  ( 0.000000000000000000, 1.000000000000000000, 0.000000000000000000 ) ) ;
#5591 = DIRECTION ( 'NONE',  ( 0.4583423165665007071, 0.000000000000000000, -0.8887757427182931824 ) ) ;
#5592 = AXIS2_PLACEMENT_3D ( 'NONE', #5425, #569, #6686 ) ;
#5593 = ORIENTED_EDGE ( 'NONE', *, *, #3011, .F. ) ;
#5594 = EDGE_CURVE ( 'NONE', #6187, #6665, #2756, .T. ) ;
#5595 = CIRCLE ( 'NONE', #8633, 1.500000000000000000 ) ;
#5596 = CARTESIAN_POINT ( 'NONE',  ( -2.217310878027081156, 0.000000000000000000, -0.9184402376762339504 ) ) ;
#5597 = VECTOR ( 'NONE', #5185, 100.0000000000000000 ) ;
#5598 = CIRCLE ( 'NONE', #6904, 2.050000000000000266 ) ;
#5599 = EDGE_LOOP ( 'NONE', ( #556, #1223, #3872, #1014 ) ) ;
#5600 = FACE_OUTER_BOUND ( 'NONE', #253, .T. ) ;
#5601 = FACE_OUTER_BOUND ( 'NONE', #8724, .T. ) ;
#5602 = FACE_OUTER_BOUND ( 'NONE', #449, .T. ) ;
#5603 = DIRECTION ( 'NONE',  ( 0.5810497765865225706, 0.000000000000000000, 0.8138680219352227851 ) ) ;
#5604 = ORIENTED_EDGE ( 'NONE', *, *, #3184, .T. ) ;
#5605 = DIRECTION ( 'NONE',  ( -0.000000000000000000, -1.000000000000000000, -0.000000000000000000 ) ) ;
#5606 = DIRECTION ( 'NONE',  ( -0.7071067811865476838, 0.000000000000000000, 0.7071067811865474617 ) ) ;
#5607 = ORIENTED_EDGE ( 'NONE', *, *, #6986, .F. ) ;
#5608 = CARTESIAN_POINT ( 'NONE',  ( -2.662660998464557949, 0.000000000000000000, -0.6609787525253106866 ) ) ;
#5609 = ORIENTED_EDGE ( 'NONE', *, *, #6754, .F. ) ;
#5610 = EDGE_CURVE ( 'NONE', #5982, #7099, #6883, .T. ) ;
#5611 = LINE ( 'NONE', #4165, #3993 ) ;
#5612 = DIRECTION ( 'NONE',  ( 0.9936313698394808602, 0.000000000000000000, -0.1126796382267744590 ) ) ;
#5613 = CARTESIAN_POINT ( 'NONE',  ( -1.631331240123580884, 0.5999999999999999778, -2.116023764122654693 ) ) ;
#5614 = VERTEX_POINT ( 'NONE', #807 ) ;
#5615 = ORIENTED_EDGE ( 'NONE', *, *, #6754, .T. ) ;
#5616 = ORIENTED_EDGE ( 'NONE', *, *, #8323, .F. ) ;
#5617 = EDGE_CURVE ( 'NONE', #3732, #1875, #2849, .T. ) ;
#5618 = EDGE_CURVE ( 'NONE', #1997, #2355, #8188, .T. ) ;
#5619 = DIRECTION ( 'NONE',  ( -0.001479967914598831350, 0.000000000000000000, 0.9999989048468862496 ) ) ;
#5620 = PLANE ( 'NONE',  #8069 ) ;
#5621 = CARTESIAN_POINT ( 'NONE',  ( 0.000000000000000000, 0.5999999999999999778, 0.000000000000000000 ) ) ;
#5622 = VERTEX_POINT ( 'NONE', #3485 ) ;
#5623 = AXIS2_PLACEMENT_3D ( 'NONE', #3667, #3624, #1633 ) ;
#5624 = ORIENTED_EDGE ( 'NONE', *, *, #2195, .F. ) ;
#5625 = CARTESIAN_POINT ( 'NONE',  ( 0.7212331066169689331, 0.5999999999999999778, -1.918937936963996060 ) ) ;
#5626 = CARTESIAN_POINT ( 'NONE',  ( -0.8530903815703079207, 0.000000000000000000, 2.532002169471190278 ) ) ;
#5627 = DIRECTION ( 'NONE',  ( 0.000000000000000000, 1.000000000000000000, 0.000000000000000000 ) ) ;
#5628 = FACE_OUTER_BOUND ( 'NONE', #574, .T. ) ;
#5629 = ORIENTED_EDGE ( 'NONE', *, *, #7191, .F. ) ;
#5630 = CARTESIAN_POINT ( 'NONE',  ( -0.1808025380539415861, 0.000000000000000000, -2.665728535985651959 ) ) ;
#5631 = ADVANCED_FACE ( 'NONE', ( #4245 ), #1488, .T. ) ;
#5632 = DIRECTION ( 'NONE',  ( 0.000000000000000000, 0.000000000000000000, 1.000000000000000000 ) ) ;
#5633 = ADVANCED_FACE ( 'NONE', ( #1534 ), #762, .T. ) ;
#5634 = VERTEX_POINT ( 'NONE', #3614 ) ;
#5635 = CARTESIAN_POINT ( 'NONE',  ( -2.607432228139094033, 0.5999999999999999778, -0.8532020157593352971 ) ) ;
#5636 = EDGE_LOOP ( 'NONE', ( #7392, #3592, #8407, #4339 ) ) ;
#5637 = LINE ( 'NONE', #8309, #7897 ) ;
#5638 = DIRECTION ( 'NONE',  ( 0.9659258262890679791, -0.000000000000000000, -0.2588190451025217942 ) ) ;
#5639 = CIRCLE ( 'NONE', #5941, 0.09999999999999992228 ) ;
#5640 = EDGE_CURVE ( 'NONE', #3417, #1935, #6245, .T. ) ;
#5641 = LINE ( 'NONE', #24, #7582 ) ;
#5642 = DIRECTION ( 'NONE',  ( -3.469446951953611033E-15, 0.000000000000000000, 1.000000000000000000 ) ) ;
#5643 = VERTEX_POINT ( 'NONE', #6927 ) ;
#5644 = EDGE_CURVE ( 'NONE', #5519, #5622, #3578, .T. ) ;
#5645 = DIRECTION ( 'NONE',  ( -0.000000000000000000, -1.000000000000000000, -0.000000000000000000 ) ) ;
#5646 = DIRECTION ( 'NONE',  ( -0.000000000000000000, -1.000000000000000000, -0.000000000000000000 ) ) ;
#5647 = VERTEX_POINT ( 'NONE', #5569 ) ;
#5648 = AXIS2_PLACEMENT_3D ( 'NONE', #1940, #3473, #5557 ) ;
#5649 = DIRECTION ( 'NONE',  ( -0.1936385776162455608, 0.000000000000000000, -0.9810729337102095382 ) ) ;
#5650 = ORIENTED_EDGE ( 'NONE', *, *, #4145, .F. ) ;
#5651 = DIRECTION ( 'NONE',  ( 0.000000000000000000, 0.000000000000000000, 1.000000000000000000 ) ) ;
#5652 = LINE ( 'NONE', #891, #2458 ) ;
#5653 = VECTOR ( 'NONE', #2187, 100.0000000000000000 ) ;
#5654 = DIRECTION ( 'NONE',  ( 0.000000000000000000, 0.000000000000000000, 1.000000000000000000 ) ) ;
#5655 = ORIENTED_EDGE ( 'NONE', *, *, #6061, .T. ) ;
#5656 = EDGE_LOOP ( 'NONE', ( #837, #6839, #2386, #8798 ) ) ;
#5657 = ORIENTED_EDGE ( 'NONE', *, *, #3481, .T. ) ;
#5658 = ADVANCED_FACE ( 'NONE', ( #8278 ), #7773, .T. ) ;
#5659 = DIRECTION ( 'NONE',  ( 0.000000000000000000, 1.000000000000000000, 0.000000000000000000 ) ) ;
#5660 = CARTESIAN_POINT ( 'NONE',  ( -2.482548156321824351, 0.000000000000000000, -1.167737622746353843 ) ) ;
#5661 = CARTESIAN_POINT ( 'NONE',  ( 2.642014306544196334, 0.000000000000000000, -0.7392001813110355979 ) ) ;
#5662 = ORIENTED_EDGE ( 'NONE', *, *, #2153, .T. ) ;
#5663 = ORIENTED_EDGE ( 'NONE', *, *, #4763, .F. ) ;
#5664 = CARTESIAN_POINT ( 'NONE',  ( 0.7071067811865463515, 0.2999999999999999889, -0.7071067811865486830 ) ) ;
#5665 = DIRECTION ( 'NONE',  ( 0.000000000000000000, 1.000000000000000000, -0.000000000000000000 ) ) ;
#5666 = AXIS2_PLACEMENT_3D ( 'NONE', #7923, #3217, #455 ) ;
#5667 = EDGE_CURVE ( 'NONE', #4893, #3367, #3701, .T. ) ;
#5668 = EDGE_CURVE ( 'NONE', #1446, #7665, #5611, .T. ) ;
#5669 = AXIS2_PLACEMENT_3D ( 'NONE', #5958, #472, #3053 ) ;
#5670 = LINE ( 'NONE', #8342, #8388 ) ;
#5671 = CARTESIAN_POINT ( 'NONE',  ( 0.6609787525252591722, 0.5999999999999999778, -2.662660998464627671 ) ) ;
#5672 = VECTOR ( 'NONE', #598, 100.0000000000000000 ) ;
#5673 = VERTEX_POINT ( 'NONE', #4889 ) ;
#5674 = CIRCLE ( 'NONE', #3653, 0.1000000000000000056 ) ;
#5675 = DIRECTION ( 'NONE',  ( 0.000000000000000000, 1.000000000000000000, 0.000000000000000000 ) ) ;
#5676 = FACE_OUTER_BOUND ( 'NONE', #2699, .T. ) ;
#5677 = ORIENTED_EDGE ( 'NONE', *, *, #5142, .F. ) ;
#5678 = AXIS2_PLACEMENT_3D ( 'NONE', #4368, #7092, #6464 ) ;
#5679 = VECTOR ( 'NONE', #3646, 100.0000000000000000 ) ;
#5680 = VECTOR ( 'NONE', #7696, 100.0000000000000000 ) ;
#5681 = DIRECTION ( 'NONE',  ( 3.469446951953611033E-15, 0.000000000000000000, 1.000000000000000000 ) ) ;
#5682 = EDGE_CURVE ( 'NONE', #296, #6796, #1683, .T. ) ;
#5683 = VERTEX_POINT ( 'NONE', #2802 ) ;
#5684 = DIRECTION ( 'NONE',  ( 0.000000000000000000, 0.000000000000000000, 1.000000000000000000 ) ) ;
#5685 = DIRECTION ( 'NONE',  ( 0.000000000000000000, 1.000000000000000000, 0.000000000000000000 ) ) ;
#5686 = DIRECTION ( 'NONE',  ( 0.000000000000000000, 0.000000000000000000, 1.000000000000000000 ) ) ;
#5687 = DIRECTION ( 'NONE',  ( -0.000000000000000000, -1.000000000000000000, 0.000000000000000000 ) ) ;
#5688 = ORIENTED_EDGE ( 'NONE', *, *, #1465, .F. ) ;
#5689 = VECTOR ( 'NONE', #2600, 100.0000000000000000 ) ;
#5690 = CARTESIAN_POINT ( 'NONE',  ( 0.000000000000000000, 0.5999999999999999778, 0.000000000000000000 ) ) ;
#5691 = DIRECTION ( 'NONE',  ( 0.000000000000000000, 0.000000000000000000, -1.000000000000000000 ) ) ;
#5692 = ORIENTED_EDGE ( 'NONE', *, *, #156, .F. ) ;
#5693 = EDGE_CURVE ( 'NONE', #5940, #3887, #6899, .T. ) ;
#5694 = CARTESIAN_POINT ( 'NONE',  ( 2.207032380760797885, 0.000000000000000000, 1.629620990999920638 ) ) ;
#5695 = EDGE_CURVE ( 'NONE', #5473, #8908, #2089, .T. ) ;
#5696 = CARTESIAN_POINT ( 'NONE',  ( -0.7071067811865462405, 0.2999999999999999889, 1.057111781186548694 ) ) ;
#5697 = LINE ( 'NONE', #7141, #3 ) ;
#5698 = VECTOR ( 'NONE', #7623, 100.0000000000000000 ) ;
#5699 = LINE ( 'NONE', #2172, #350 ) ;
#5700 = ORIENTED_EDGE ( 'NONE', *, *, #641, .F. ) ;
#5701 = EDGE_LOOP ( 'NONE', ( #8151, #8198, #8247, #2997 ) ) ;
#5702 = VERTEX_POINT ( 'NONE', #7726 ) ;
#5703 = VECTOR ( 'NONE', #6782, 100.0000000000000000 ) ;
#5704 = VECTOR ( 'NONE', #505, 100.0000000000000000 ) ;
#5705 = EDGE_CURVE ( 'NONE', #8064, #6224, #6742, .T. ) ;
#5706 = CARTESIAN_POINT ( 'NONE',  ( -0.9834185373504160665, 0.5999999999999999778, -2.189266539367825448 ) ) ;
#5707 = CARTESIAN_POINT ( 'NONE',  ( -1.626335788784444736, 0.5999999999999999778, 2.081816911831198436 ) ) ;
#5708 = EDGE_CURVE ( 'NONE', #5977, #4865, #6376, .T. ) ;
#5709 = CARTESIAN_POINT ( 'NONE',  ( -2.598675585582184588, 0.000000000000000000, -0.6210341264649250625 ) ) ;
#5710 = ORIENTED_EDGE ( 'NONE', *, *, #4301, .T. ) ;
#5711 = ORIENTED_EDGE ( 'NONE', *, *, #4606, .T. ) ;
#5712 = EDGE_LOOP ( 'NONE', ( #8007, #6521, #4931, #903 ) ) ;
#5713 = CARTESIAN_POINT ( 'NONE',  ( 0.000000000000000000, 0.5999999999999999778, 0.000000000000000000 ) ) ;
#5714 = PLANE ( 'NONE',  #3109 ) ;
#5715 = EDGE_CURVE ( 'NONE', #7595, #5614, #6557, .T. ) ;
#5716 = AXIS2_PLACEMENT_3D ( 'NONE', #4835, #8359, #7003 ) ;
#5717 = PLANE ( 'NONE',  #6186 ) ;
#5718 = LINE ( 'NONE', #5671, #5731 ) ;
#5719 = DIRECTION ( 'NONE',  ( 0.000000000000000000, 1.000000000000000000, 0.000000000000000000 ) ) ;
#5720 = ADVANCED_FACE ( 'NONE', ( #7185 ), #7905, .T. ) ;
#5721 = ORIENTED_EDGE ( 'NONE', *, *, #5503, .T. ) ;
#5722 = CIRCLE ( 'NONE', #4134, 0.1000000000000000056 ) ;
#5723 = LINE ( 'NONE', #3683, #646 ) ;
#5724 = DIRECTION ( 'NONE',  ( 0.000000000000000000, 0.000000000000000000, 1.000000000000000000 ) ) ;
#5725 = VECTOR ( 'NONE', #3642, 100.0000000000000000 ) ;
#5726 = EDGE_LOOP ( 'NONE', ( #1774, #5161, #76, #5657 ) ) ;
#5727 = VECTOR ( 'NONE', #892, 100.0000000000000284 ) ;
#5728 = AXIS2_PLACEMENT_3D ( 'NONE', #471, #1248, #2598 ) ;
#5729 = PLANE ( 'NONE',  #6453 ) ;
#5730 = EDGE_CURVE ( 'NONE', #6120, #2218, #2473, .T. ) ;
#5731 = VECTOR ( 'NONE', #869, 100.0000000000000000 ) ;
#5732 = EDGE_CURVE ( 'NONE', #4888, #7671, #1620, .T. ) ;
#5733 = DIRECTION ( 'NONE',  ( 0.000000000000000000, 0.000000000000000000, -1.000000000000000000 ) ) ;
#5734 = CARTESIAN_POINT ( 'NONE',  ( 0.2732470260463688572, 0.000000000000000000, 2.727596965865284773 ) ) ;
#5735 = AXIS2_PLACEMENT_3D ( 'NONE', #481, #616, #3382 ) ;
#5736 = DIRECTION ( 'NONE',  ( -0.000000000000000000, -1.000000000000000000, -0.000000000000000000 ) ) ;
#5737 = CARTESIAN_POINT ( 'NONE',  ( -1.240428078936074430, 0.5999999999999999778, -2.447037941066946054 ) ) ;
#5738 = ORIENTED_EDGE ( 'NONE', *, *, #631, .T. ) ;
#5739 = DIRECTION ( 'NONE',  ( 0.000000000000000000, 0.000000000000000000, 1.000000000000000000 ) ) ;
#5740 = DIRECTION ( 'NONE',  ( 0.000000000000000000, 1.000000000000000000, -0.000000000000000000 ) ) ;
#5741 = ORIENTED_EDGE ( 'NONE', *, *, #1188, .T. ) ;
#5742 = CIRCLE ( 'NONE', #1842, 0.1000000000000000888 ) ;
#5743 = AXIS2_PLACEMENT_3D ( 'NONE', #282, #7167, #3684 ) ;
#5744 = VECTOR ( 'NONE', #8053, 100.0000000000000000 ) ;
#5745 = DIRECTION ( 'NONE',  ( -0.000000000000000000, -1.000000000000000000, -0.000000000000000000 ) ) ;
#5746 = LINE ( 'NONE', #8534, #7030 ) ;
#5747 = DIRECTION ( 'NONE',  ( -0.000000000000000000, -1.000000000000000000, 0.000000000000000000 ) ) ;
#5748 = LINE ( 'NONE', #938, #8442 ) ;
#5749 = ORIENTED_EDGE ( 'NONE', *, *, #8915, .T. ) ;
#5750 = ORIENTED_EDGE ( 'NONE', *, *, #4448, .T. ) ;
#5751 = CIRCLE ( 'NONE', #6909, 0.1000000000000000888 ) ;
#5752 = ORIENTED_EDGE ( 'NONE', *, *, #831, .T. ) ;
#5753 = EDGE_CURVE ( 'NONE', #2625, #856, #3793, .T. ) ;
#5754 = CARTESIAN_POINT ( 'NONE',  ( 2.160044913421790724, 0.000000000000000000, 1.688628483116583201 ) ) ;
#5755 = LINE ( 'NONE', #4473, #1844 ) ;
#5756 = VERTEX_POINT ( 'NONE', #348 ) ;
#5757 = FACE_OUTER_BOUND ( 'NONE', #6744, .T. ) ;
#5758 = VERTEX_POINT ( 'NONE', #3838 ) ;
#5759 = ORIENTED_EDGE ( 'NONE', *, *, #8963, .T. ) ;
#5760 = VERTEX_POINT ( 'NONE', #7140 ) ;
#5761 = DIRECTION ( 'NONE',  ( 0.000000000000000000, 0.000000000000000000, 1.000000000000000000 ) ) ;
#5762 = DIRECTION ( 'NONE',  ( 0.000000000000000000, 1.000000000000000000, -0.000000000000000000 ) ) ;
#5763 = EDGE_CURVE ( 'NONE', #4962, #4390, #5883, .T. ) ;
#5764 = DIRECTION ( 'NONE',  ( 0.000000000000000000, 1.000000000000000000, 0.000000000000000000 ) ) ;
#5765 = CARTESIAN_POINT ( 'NONE',  ( -2.163203714024708457, 0.000000000000000000, -1.568230811125923330 ) ) ;
#5766 = CARTESIAN_POINT ( 'NONE',  ( 1.391627140053462997, 0.000000000000000000, 1.955344957562864305 ) ) ;
#5767 = ORIENTED_EDGE ( 'NONE', *, *, #7379, .F. ) ;
#5768 = APPROVAL_STATUS ( 'not_yet_approved' ) ;
#5769 = CARTESIAN_POINT ( 'NONE',  ( -2.189266539367739295, 0.5999999999999999778, 0.9834185373504257255 ) ) ;
#5770 = CARTESIAN_POINT ( 'NONE',  ( -2.109316400261462388, 0.000000000000000000, 1.751583428095723871 ) ) ;
#5771 = ORIENTED_EDGE ( 'NONE', *, *, #4190, .F. ) ;
#5772 = EDGE_CURVE ( 'NONE', #3469, #1843, #4720, .T. ) ;
#5773 = CARTESIAN_POINT ( 'NONE',  ( 2.051206457845031750, 0.000000000000000000, 1.664776807732115005 ) ) ;
#5774 = ORIENTED_EDGE ( 'NONE', *, *, #7124, .F. ) ;
#5775 = FACE_OUTER_BOUND ( 'NONE', #3189, .T. ) ;
#5776 = CARTESIAN_POINT ( 'NONE',  ( -2.001228534340539156, 0.000000000000000000, 1.724533010878227079 ) ) ;
#5777 = DIRECTION ( 'NONE',  ( 0.000000000000000000, 0.000000000000000000, 1.000000000000000000 ) ) ;
#5778 = DIRECTION ( 'NONE',  ( 0.000000000000000000, 1.000000000000000000, -0.000000000000000000 ) ) ;
#5779 = VERTEX_POINT ( 'NONE', #3061 ) ;
#5780 = DIRECTION ( 'NONE',  ( 0.000000000000000000, 0.000000000000000000, 1.000000000000000000 ) ) ;
#5781 = LINE ( 'NONE', #2333, #8712 ) ;
#5782 = ORIENTED_EDGE ( 'NONE', *, *, #2572, .F. ) ;
#5783 = EDGE_CURVE ( 'NONE', #4291, #8643, #5746, .T. ) ;
#5784 = EDGE_CURVE ( 'NONE', #3672, #3771, #1581, .T. ) ;
#5785 = CYLINDRICAL_SURFACE ( 'NONE', #5966, 0.1500000000000001332 ) ;
#5786 = AXIS2_PLACEMENT_3D ( 'NONE', #8767, #7226, #3794 ) ;
#5787 = LINE ( 'NONE', #8637, #3857 ) ;
#5788 = LINE ( 'NONE', #1668, #8677 ) ;
#5789 = DIRECTION ( 'NONE',  ( 0.2588190451025229599, 0.000000000000000000, -0.9659258262890676461 ) ) ;
#5790 = ORIENTED_EDGE ( 'NONE', *, *, #6821, .T. ) ;
#5791 = ORIENTED_EDGE ( 'NONE', *, *, #2391, .F. ) ;
#5792 = ORIENTED_EDGE ( 'NONE', *, *, #3332, .F. ) ;
#5793 = CARTESIAN_POINT ( 'NONE',  ( -2.712923616234187207, 0.000000000000000000, 0.4082915092341506957 ) ) ;
#5794 = DIRECTION ( 'NONE',  ( 0.000000000000000000, 0.000000000000000000, 1.000000000000000000 ) ) ;
#5795 = VERTEX_POINT ( 'NONE', #7856 ) ;
#5796 = ADVANCED_FACE ( 'NONE', ( #5834 ), #1667, .T. ) ;
#5797 = CARTESIAN_POINT ( 'NONE',  ( 0.000000000000000000, 0.5999999999999999778, 0.000000000000000000 ) ) ;
#5798 = EDGE_LOOP ( 'NONE', ( #8649, #3420, #8145, #2169, #4810, #6584, #8770, #7517, #7641, #1560, #1994, #263 ) ) ;
#5799 = ORIENTED_EDGE ( 'NONE', *, *, #3511, .T. ) ;
#5800 = ORIENTED_EDGE ( 'NONE', *, *, #2284, .T. ) ;
#5801 = DIRECTION ( 'NONE',  ( 0.000000000000000000, 1.000000000000000000, -0.000000000000000000 ) ) ;
#5802 = CARTESIAN_POINT ( 'NONE',  ( -2.393621897785532138, 0.000000000000000000, 1.187169910238696557 ) ) ;
#5803 = CARTESIAN_POINT ( 'NONE',  ( 0.8274237474221359800, 0.000000000000000000, 2.508844294584582801 ) ) ;
#5804 = EDGE_CURVE ( 'NONE', #97, #6924, #5787, .T. ) ;
#5805 = CARTESIAN_POINT ( 'NONE',  ( 0.000000000000000000, 0.5999999999999999778, 0.000000000000000000 ) ) ;
#5806 = CARTESIAN_POINT ( 'NONE',  ( 2.508844294584677836, 0.000000000000000000, -0.8274237474221348698 ) ) ;
#5807 = ADVANCED_FACE ( 'NONE', ( #2433 ), #2383, .T. ) ;
#5808 = EDGE_LOOP ( 'NONE', ( #7957, #428, #787, #8840 ) ) ;
#5809 = PLANE ( 'NONE',  #8433 ) ;
#5810 = LINE ( 'NONE', #1101, #2991 ) ;
#5811 = EDGE_LOOP ( 'NONE', ( #2999, #8610, #2312, #6160 ) ) ;
#5812 = VECTOR ( 'NONE', #3870, 100.0000000000000000 ) ;
#5813 = CARTESIAN_POINT ( 'NONE',  ( 2.622059920280646050, 0.000000000000000000, -0.3220737908088701640 ) ) ;
#5814 = CARTESIAN_POINT ( 'NONE',  ( 1.273950534763518050, 0.000000000000000000, -2.033973951400561031 ) ) ;
#5815 = ORIENTED_EDGE ( 'NONE', *, *, #7891, .F. ) ;
#5816 = EDGE_CURVE ( 'NONE', #2964, #8058, #4465, .T. ) ;
#5817 = CIRCLE ( 'NONE', #6975, 2.400000000000000355 ) ;
#5818 = AXIS2_PLACEMENT_3D ( 'NONE', #120, #7139, #2885 ) ;
#5819 = EDGE_LOOP ( 'NONE', ( #1538, #4113, #96, #261 ) ) ;
#5820 = CARTESIAN_POINT ( 'NONE',  ( -1.345492771289866774, 0.000000000000000000, 2.390879693008519880 ) ) ;
#5821 = FACE_OUTER_BOUND ( 'NONE', #1451, .T. ) ;
#5822 = EDGE_CURVE ( 'NONE', #7285, #4839, #1074, .T. ) ;
#5823 = VECTOR ( 'NONE', #5284, 100.0000000000000000 ) ;
#5824 = CARTESIAN_POINT ( 'NONE',  ( -0.3220737908087550894, 0.000000000000000000, -2.622059920280611856 ) ) ;
#5825 = FACE_OUTER_BOUND ( 'NONE', #6388, .T. ) ;
#5826 = LINE ( 'NONE', #3155, #4660 ) ;
#5827 = FACE_OUTER_BOUND ( 'NONE', #8641, .T. ) ;
#5828 = EDGE_LOOP ( 'NONE', ( #7251, #3888, #5108, #643 ) ) ;
#5829 = AXIS2_PLACEMENT_3D ( 'NONE', #1251, #2513, #2027 ) ;
#5830 = CIRCLE ( 'NONE', #2216, 2.400000000000000355 ) ;
#5831 = CYLINDRICAL_SURFACE ( 'NONE', #6108, 2.400000000000000355 ) ;
#5832 = EDGE_CURVE ( 'NONE', #3316, #5444, #3159, .T. ) ;
#5833 = VECTOR ( 'NONE', #1162, 100.0000000000000000 ) ;
#5834 = FACE_OUTER_BOUND ( 'NONE', #1413, .T. ) ;
#5835 = LINE ( 'NONE', #2932, #5357 ) ;
#5836 = CC_DESIGN_APPROVAL ( #8454, ( #332 ) ) ;
#5837 = EDGE_CURVE ( 'NONE', #2135, #1756, #7319, .T. ) ;
#5838 = CARTESIAN_POINT ( 'NONE',  ( 0.000000000000000000, 0.000000000000000000, 0.000000000000000000 ) ) ;
#5839 = ORIENTED_EDGE ( 'NONE', *, *, #6833, .F. ) ;
#5840 = EDGE_LOOP ( 'NONE', ( #7884, #8248, #8462, #8905 ) ) ;
#5841 = VERTEX_POINT ( 'NONE', #211 ) ;
#5842 = AXIS2_PLACEMENT_3D ( 'NONE', #1648, #4997, #3730 ) ;
#5843 = EDGE_CURVE ( 'NONE', #4622, #7450, #8469, .T. ) ;
#5844 = LINE ( 'NONE', #5210, #8916 ) ;
#5845 = DIRECTION ( 'NONE',  ( -0.000000000000000000, -1.000000000000000000, 0.000000000000000000 ) ) ;
#5846 = ORIENTED_EDGE ( 'NONE', *, *, #2140, .T. ) ;
#5847 = DIRECTION ( 'NONE',  ( 0.000000000000000000, 1.000000000000000000, -0.000000000000000000 ) ) ;
#5848 = ORIENTED_EDGE ( 'NONE', *, *, #2085, .F. ) ;
#5849 = ORIENTED_EDGE ( 'NONE', *, *, #7159, .T. ) ;
#5850 = ORIENTED_EDGE ( 'NONE', *, *, #6263, .T. ) ;
#5851 = CARTESIAN_POINT ( 'NONE',  ( -1.646280565608930102, 0.5999999999999999778, 1.746356292197548843 ) ) ;
#5852 = CARTESIAN_POINT ( 'NONE',  ( -2.160044913421682367, 0.000000000000000000, -1.688628483116714429 ) ) ;
#5853 = VECTOR ( 'NONE', #1143, 100.0000000000000000 ) ;
#5854 = FACE_OUTER_BOUND ( 'NONE', #5064, .T. ) ;
#5855 = CARTESIAN_POINT ( 'NONE',  ( 1.257985160453262363, 0.000000000000000000, 2.423015946640732388 ) ) ;
#5856 = CARTESIAN_POINT ( 'NONE',  ( 1.846701588525063054, 0.5999999999999999778, 2.028878938471483373 ) ) ;
#5857 = VECTOR ( 'NONE', #70, 100.0000000000000000 ) ;
#5858 = VERTEX_POINT ( 'NONE', #8720 ) ;
#5859 = SHAPE_DEFINITION_REPRESENTATION ( #1426, #8596 ) ;
#5860 = FACE_OUTER_BOUND ( 'NONE', #6434, .T. ) ;
#5861 = DIRECTION ( 'NONE',  ( -0.1646273600700072226, 0.000000000000000000, 0.9863558345325382781 ) ) ;
#5862 = VERTEX_POINT ( 'NONE', #1259 ) ;
#5863 = VECTOR ( 'NONE', #1596, 100.0000000000000000 ) ;
#5864 = EDGE_CURVE ( 'NONE', #1935, #8376, #7320, .T. ) ;
#5865 = CARTESIAN_POINT ( 'NONE',  ( 1.188943870925076585, 0.000000000000000000, -2.359097756358962350 ) ) ;
#5866 = DIRECTION ( 'NONE',  ( 0.000000000000000000, 0.000000000000000000, 1.000000000000000000 ) ) ;
#5867 = VECTOR ( 'NONE', #1050, 100.0000000000000142 ) ;
#5868 = EDGE_LOOP ( 'NONE', ( #4723, #3302, #4699, #5485 ) ) ;
#5869 = CIRCLE ( 'NONE', #805, 2.400000000000000355 ) ;
#5870 = ORIENTED_EDGE ( 'NONE', *, *, #546, .T. ) ;
#5871 = CARTESIAN_POINT ( 'NONE',  ( -2.353884672967749836, 0.000000000000000000, -0.4682167728387245376 ) ) ;
#5872 = CARTESIAN_POINT ( 'NONE',  ( -2.400000000000000799, 0.000000000000000000, -1.543903893619358314E-14 ) ) ;
#5873 = LINE ( 'NONE', #4458, #3681 ) ;
#5874 = CARTESIAN_POINT ( 'NONE',  ( -0.1956532809641148840, 0.000000000000000000, 2.734511253708279632 ) ) ;
#5875 = LINE ( 'NONE', #1754, #325 ) ;
#5876 = DIRECTION ( 'NONE',  ( 0.000000000000000000, 1.000000000000000000, 0.000000000000000000 ) ) ;
#5877 = ORIENTED_EDGE ( 'NONE', *, *, #7426, .T. ) ;
#5878 = EDGE_CURVE ( 'NONE', #6331, #4839, #6819, .T. ) ;
#5879 = CIRCLE ( 'NONE', #1831, 0.6750000000000000444 ) ;
#5880 = AXIS2_PLACEMENT_3D ( 'NONE', #6222, #4730, #4093 ) ;
#5881 = DIRECTION ( 'NONE',  ( 0.000000000000000000, 1.000000000000000000, 0.000000000000000000 ) ) ;
#5882 = VECTOR ( 'NONE', #8818, 100.0000000000000000 ) ;
#5883 = LINE ( 'NONE', #1759, #8329 ) ;
#5884 = DIRECTION ( 'NONE',  ( -0.000000000000000000, -1.000000000000000000, 0.000000000000000000 ) ) ;
#5885 = CARTESIAN_POINT ( 'NONE',  ( -1.273950534763421238, 0.000000000000000000, 2.033973951400467328 ) ) ;
#5886 = CARTESIAN_POINT ( 'NONE',  ( -2.630416277254184809, 0.5999999999999999778, -0.2446220771391268423 ) ) ;
#5887 = ORIENTED_EDGE ( 'NONE', *, *, #8350, .T. ) ;
#5888 = AXIS2_PLACEMENT_3D ( 'NONE', #1952, #2575, #4708 ) ;
#5889 = VERTEX_POINT ( 'NONE', #1895 ) ;
#5890 = AXIS2_PLACEMENT_3D ( 'NONE', #1515, #2912, #4270 ) ;
#5891 = VECTOR ( 'NONE', #3430, 100.0000000000000000 ) ;
#5892 = EDGE_CURVE ( 'NONE', #4028, #3651, #675, .T. ) ;
#5893 = CIRCLE ( 'NONE', #2710, 0.1000000000000000888 ) ;
#5894 = VECTOR ( 'NONE', #6763, 100.0000000000000000 ) ;
#5895 = CIRCLE ( 'NONE', #3142, 0.1000000000000000888 ) ;
#5896 = CYLINDRICAL_SURFACE ( 'NONE', #7617, 0.1000000000000000888 ) ;
#5897 = CARTESIAN_POINT ( 'NONE',  ( -1.487715782862878422, 0.000000000000000000, 0.1915770065031124070 ) ) ;
#5898 = ORIENTED_EDGE ( 'NONE', *, *, #7443, .T. ) ;
#5899 = CARTESIAN_POINT ( 'NONE',  ( -2.721423057264497736, 0.000000000000000000, 0.3333417546314537683 ) ) ;
#5900 = EDGE_LOOP ( 'NONE', ( #8438, #1111, #2882, #8689 ) ) ;
#5901 = ORIENTED_EDGE ( 'NONE', *, *, #3260, .F. ) ;
#5902 = ORIENTED_EDGE ( 'NONE', *, *, #3676, .T. ) ;
#5903 = CARTESIAN_POINT ( 'NONE',  ( -1.391627140053367073, 0.000000000000000000, -1.955344957562958896 ) ) ;
#5904 = EDGE_CURVE ( 'NONE', #128, #1821, #1123, .T. ) ;
#5905 = EDGE_CURVE ( 'NONE', #4929, #7665, #228, .T. ) ;
#5906 = PLANE ( 'NONE',  #2127 ) ;
#5907 = CARTESIAN_POINT ( 'NONE',  ( 0.7071067811865463515, 0.2999999999999999889, 0.7071067811865487940 ) ) ;
#5908 = EDGE_LOOP ( 'NONE', ( #992, #862, #7145, #180 ) ) ;
#5909 = LINE ( 'NONE', #6852, #352 ) ;
#5910 = CARTESIAN_POINT ( 'NONE',  ( -2.217310878027081156, 0.000000000000000000, -0.9184402376762339504 ) ) ;
#5911 = ORIENTED_EDGE ( 'NONE', *, *, #5209, .T. ) ;
#5912 = CARTESIAN_POINT ( 'NONE',  ( -2.505747855997265461, 0.000000000000000000, 0.9273757962658479848 ) ) ;
#5913 = DIRECTION ( 'NONE',  ( -0.000000000000000000, -1.000000000000000000, -0.000000000000000000 ) ) ;
#5914 = VERTEX_POINT ( 'NONE', #6149 ) ;
#5915 = EDGE_CURVE ( 'NONE', #5278, #6775, #1396, .T. ) ;
#5916 = VERTEX_POINT ( 'NONE', #6779 ) ;
#5917 = DIRECTION ( 'NONE',  ( 0.000000000000000000, 0.000000000000000000, 1.000000000000000000 ) ) ;
#5918 = CARTESIAN_POINT ( 'NONE',  ( -1.746356292197535298, 0.000000000000000000, -1.646280565609058222 ) ) ;
#5919 = EDGE_CURVE ( 'NONE', #7725, #4041, #2549, .T. ) ;
#5920 = CYLINDRICAL_SURFACE ( 'NONE', #4260, 0.1000000000000000888 ) ;
#5921 = CARTESIAN_POINT ( 'NONE',  ( -0.7071067811865462405, 0.2999999999999999889, 0.7071067811865487940 ) ) ;
#5922 = CIRCLE ( 'NONE', #7070, 0.3500050000000000106 ) ;
#5923 = LINE ( 'NONE', #7312, #316 ) ;
#5924 = PLANE ( 'NONE',  #2495 ) ;
#5925 = ORIENTED_EDGE ( 'NONE', *, *, #7064, .F. ) ;
#5926 = CARTESIAN_POINT ( 'NONE',  ( -2.299215189623816880, 0.000000000000000000, 1.300976273446458498 ) ) ;
#5927 = ADVANCED_FACE ( 'NONE', ( #6731 ), #1304, .F. ) ;
#5928 = CARTESIAN_POINT ( 'NONE',  ( 1.918937936963974078, 0.5999999999999999778, -0.7212331066170255545 ) ) ;
#5929 = DIRECTION ( 'NONE',  ( 0.000000000000000000, 1.000000000000000000, 0.000000000000000000 ) ) ;
#5930 = EDGE_CURVE ( 'NONE', #8841, #1423, #1939, .T. ) ;
#5931 = CARTESIAN_POINT ( 'NONE',  ( -2.339055835819531470, 0.000000000000000000, 0.5374177117645743129 ) ) ;
#5932 = ORIENTED_EDGE ( 'NONE', *, *, #3582, .T. ) ;
#5933 = VERTEX_POINT ( 'NONE', #3883 ) ;
#5934 = ORIENTED_EDGE ( 'NONE', *, *, #4384, .F. ) ;
#5935 = LINE ( 'NONE', #3714, #6316 ) ;
#5936 = CARTESIAN_POINT ( 'NONE',  ( 0.000000000000000000, 0.000000000000000000, 0.000000000000000000 ) ) ;
#5937 = ORIENTED_EDGE ( 'NONE', *, *, #6974, .T. ) ;
#5938 = DIRECTION ( 'NONE',  ( 0.000000000000000000, 0.000000000000000000, 1.000000000000000000 ) ) ;
#5939 = ORIENTED_EDGE ( 'NONE', *, *, #2421, .T. ) ;
#5940 = VERTEX_POINT ( 'NONE', #6646 ) ;
#5941 = AXIS2_PLACEMENT_3D ( 'NONE', #1535, #7727, #2339 ) ;
#5942 = VERTEX_POINT ( 'NONE', #6056 ) ;
#5943 = ADVANCED_FACE ( 'NONE', ( #8900 ), #3330, .T. ) ;
#5944 = DIRECTION ( 'NONE',  ( 0.000000000000000000, 1.000000000000000000, -0.000000000000000000 ) ) ;
#5945 = DIRECTION ( 'NONE',  ( 0.000000000000000000, 1.000000000000000000, 0.000000000000000000 ) ) ;
#5946 = EDGE_CURVE ( 'NONE', #6187, #5942, #8333, .T. ) ;
#5947 = ORIENTED_EDGE ( 'NONE', *, *, #5324, .T. ) ;
#5948 = ORIENTED_EDGE ( 'NONE', *, *, #1122, .T. ) ;
#5949 = ADVANCED_FACE ( 'NONE', ( #4607 ), #3967, .T. ) ;
#5950 = CARTESIAN_POINT ( 'NONE',  ( -2.081816911831186001, 0.000000000000000000, -1.626335788784575520 ) ) ;
#5951 = DIRECTION ( 'NONE',  ( 0.000000000000000000, 1.000000000000000000, -0.000000000000000000 ) ) ;
#5952 = ORIENTED_EDGE ( 'NONE', *, *, #3249, .T. ) ;
#5953 = FACE_OUTER_BOUND ( 'NONE', #7731, .T. ) ;
#5954 = LINE ( 'NONE', #8703, #2830 ) ;
#5955 = VERTEX_POINT ( 'NONE', #5290 ) ;
#5956 = VERTEX_POINT ( 'NONE', #4019 ) ;
#5957 = CARTESIAN_POINT ( 'NONE',  ( 0.4207093742621254573, 0.000000000000000000, 2.638522656287547896 ) ) ;
#5958 = CARTESIAN_POINT ( 'NONE',  ( 2.081816911831293471, 0.000000000000000000, 1.626335788784445402 ) ) ;
#5959 = DIRECTION ( 'NONE',  ( 0.000000000000000000, 0.000000000000000000, 1.000000000000000000 ) ) ;
#5960 = CYLINDRICAL_SURFACE ( 'NONE', #2800, 0.1000000000000000888 ) ;
#5961 = FACE_OUTER_BOUND ( 'NONE', #3077, .T. ) ;
#5962 = CARTESIAN_POINT ( 'NONE',  ( -0.8110516387075223932, 0.000000000000000000, -2.619056208129521224 ) ) ;
#5963 = ORIENTED_EDGE ( 'NONE', *, *, #2284, .F. ) ;
#5964 = AXIS2_PLACEMENT_3D ( 'NONE', #2010, #6173, #2584 ) ;
#5965 = FACE_OUTER_BOUND ( 'NONE', #30, .T. ) ;
#5966 = AXIS2_PLACEMENT_3D ( 'NONE', #8533, #7904, #5102 ) ;
#5967 = DIRECTION ( 'NONE',  ( 0.7081525021447060420, 0.000000000000000000, -0.7060595114480026080 ) ) ;
#5968 = LINE ( 'NONE', #5336, #5509 ) ;
#5969 = DIRECTION ( 'NONE',  ( 0.9965217285917833401, 0.000000000000000000, 0.08333333333333109438 ) ) ;
#5970 = DIRECTION ( 'NONE',  ( -0.000000000000000000, -1.000000000000000000, 0.000000000000000000 ) ) ;
#5971 = ORIENTED_EDGE ( 'NONE', *, *, #395, .F. ) ;
#5972 = VECTOR ( 'NONE', #2794, 100.0000000000000000 ) ;
#5973 = ORIENTED_EDGE ( 'NONE', *, *, #3311, .T. ) ;
#5974 = VECTOR ( 'NONE', #5376, 100.0000000000000000 ) ;
#5975 = EDGE_CURVE ( 'NONE', #2099, #5643, #8765, .T. ) ;
#5976 =( GEOMETRIC_REPRESENTATION_CONTEXT ( 3 ) GLOBAL_UNCERTAINTY_ASSIGNED_CONTEXT ( ( #896 ) ) GLOBAL_UNIT_ASSIGNED_CONTEXT ( ( #8785, #501, #2052 ) ) REPRESENTATION_CONTEXT ( 'NONE', 'WORKASPACE' ) );
#5977 = VERTEX_POINT ( 'NONE', #3922 ) ;
#5978 = CARTESIAN_POINT ( 'NONE',  ( 0.7071067811865463515, 0.000000000000000000, 0.8571067811865488162 ) ) ;
#5979 = CARTESIAN_POINT ( 'NONE',  ( 2.532150166262745472, 0.000000000000000000, 0.8530904910856199619 ) ) ;
#5980 = VERTEX_POINT ( 'NONE', #6100 ) ;
#5981 = CARTESIAN_POINT ( 'NONE',  ( 0.7071067811865463515, 0.2999999999999999889, -0.7071067811865486830 ) ) ;
#5982 = VERTEX_POINT ( 'NONE', #8083 ) ;
#5983 = ORIENTED_EDGE ( 'NONE', *, *, #4202, .F. ) ;
#5984 = VERTEX_POINT ( 'NONE', #4645 ) ;
#5985 = AXIS2_PLACEMENT_3D ( 'NONE', #7985, #2559, #7356 ) ;
#5986 = ADVANCED_FACE ( 'NONE', ( #1207 ), #8855, .T. ) ;
#5987 = EDGE_CURVE ( 'NONE', #6242, #5942, #1521, .T. ) ;
#5988 = CARTESIAN_POINT ( 'NONE',  ( 2.032959116562972124, 0.000000000000000000, -1.687011257417006416 ) ) ;
#5989 = CARTESIAN_POINT ( 'NONE',  ( -1.349411140906878970, 0.5999999999999999778, -2.386702695098058769 ) ) ;
#5990 = ORIENTED_EDGE ( 'NONE', *, *, #2014, .F. ) ;
#5991 = ORIENTED_EDGE ( 'NONE', *, *, #3121, .F. ) ;
#5992 = CIRCLE ( 'NONE', #490, 0.1500000000000000500 ) ;
#5993 = CARTESIAN_POINT ( 'NONE',  ( 0.1772313681304959754, 0.000000000000000000, -1.434177131589196463 ) ) ;
#5994 = CARTESIAN_POINT ( 'NONE',  ( -2.628261797879685613, 0.000000000000000000, -0.7807048762484964932 ) ) ;
#5995 = ORIENTED_EDGE ( 'NONE', *, *, #6374, .T. ) ;
#5996 = CARTESIAN_POINT ( 'NONE',  ( -0.9273757962658337739, 0.5999999999999999778, -2.505747855997342288 ) ) ;
#5998 = EDGE_CURVE ( 'NONE', #5956, #1031, #4430, .T. ) ;
#5997 = AXIS2_PLACEMENT_3D ( 'NONE', #2967, #3152, #3102 ) ;
#5999 = DIRECTION ( 'NONE',  ( 0.000000000000000000, 0.000000000000000000, 1.000000000000000000 ) ) ;
#6000 = EDGE_LOOP ( 'NONE', ( #8144, #2861, #3972, #834 ) ) ;
#6001 = ORIENTED_EDGE ( 'NONE', *, *, #123, .F. ) ;
#6002 = DIRECTION ( 'NONE',  ( -0.000000000000000000, -1.000000000000000000, 0.000000000000000000 ) ) ;
#6003 = CARTESIAN_POINT ( 'NONE',  ( -2.032959116562876201, 0.000000000000000000, 1.687011257416912491 ) ) ;
#6004 = CARTESIAN_POINT ( 'NONE',  ( -0.5374177117645578816, 0.000000000000000000, -2.339055835819605633 ) ) ;
#6005 = LINE ( 'NONE', #1800, #915 ) ;
#6006 = DIRECTION ( 'NONE',  ( 0.000000000000000000, 1.000000000000000000, 0.000000000000000000 ) ) ;
#6007 = ORIENTED_EDGE ( 'NONE', *, *, #6484, .F. ) ;
#6008 = EDGE_CURVE ( 'NONE', #2674, #6716, #6363, .T. ) ;
#6009 = ADVANCED_FACE ( 'NONE', ( #7668 ), #1472, .T. ) ;
#6010 = CARTESIAN_POINT ( 'NONE',  ( 2.425452518699736437, 0.000000000000000000, 1.278452291454447165 ) ) ;
#6011 = DIRECTION ( 'NONE',  ( 0.000000000000000000, 1.000000000000000000, 0.000000000000000000 ) ) ;
#6012 = CARTESIAN_POINT ( 'NONE',  ( -1.333368559246941309, 0.000000000000000000, 1.995527069526100261 ) ) ;
#6013 = CARTESIAN_POINT ( 'NONE',  ( 2.427585015167289306, 0.000000000000000000, 1.116077586671416100 ) ) ;
#6014 = ORIENTED_EDGE ( 'NONE', *, *, #5209, .F. ) ;
#6015 = ORIENTED_EDGE ( 'NONE', *, *, #7803, .T. ) ;
#6016 = DIRECTION ( 'NONE',  ( 0.000000000000000000, 0.000000000000000000, 1.000000000000000000 ) ) ;
#6017 = VERTEX_POINT ( 'NONE', #1394 ) ;
#6018 = AXIS2_PLACEMENT_3D ( 'NONE', #4074, #634, #7472 ) ;
#6019 = AXIS2_PLACEMENT_3D ( 'NONE', #2506, #6540, #333 ) ;
#6020 = DIRECTION ( 'NONE',  ( 0.000000000000000000, 0.000000000000000000, -1.000000000000000000 ) ) ;
#6021 = ORIENTED_EDGE ( 'NONE', *, *, #8569, .F. ) ;
#6022 = CIRCLE ( 'NONE', #3270, 0.3500050000000000106 ) ;
#6023 = LINE ( 'NONE', #6746, #3265 ) ;
#6024 = LINE ( 'NONE', #1769, #4010 ) ;
#6025 = VERTEX_POINT ( 'NONE', #4912 ) ;
#6026 = EDGE_CURVE ( 'NONE', #2998, #7695, #5637, .T. ) ;
#6027 = DIRECTION ( 'NONE',  ( 0.000000000000000000, 0.000000000000000000, 1.000000000000000000 ) ) ;
#6028 = ORIENTED_EDGE ( 'NONE', *, *, #6534, .F. ) ;
#6029 = ORIENTED_EDGE ( 'NONE', *, *, #4463, .T. ) ;
#6030 = ADVANCED_FACE ( 'NONE', ( #7541 ), #2074, .T. ) ;
#6031 = AXIS2_PLACEMENT_3D ( 'NONE', #1347, #6277, #6956 ) ;
#6032 = EDGE_LOOP ( 'NONE', ( #7959, #776, #3196, #5995 ) ) ;
#6033 = VECTOR ( 'NONE', #8095, 100.0000000000000000 ) ;
#6034 = CIRCLE ( 'NONE', #686, 2.400000000000000355 ) ;
#6035 = CYLINDRICAL_SURFACE ( 'NONE', #5964, 2.400000000000000355 ) ;
#6036 = MECHANICAL_CONTEXT ( 'NONE', #7709, 'mechanical' ) ;
#6037 = DIRECTION ( 'NONE',  ( 0.000000000000000000, 1.000000000000000000, -0.000000000000000000 ) ) ;
#6038 = ORIENTED_EDGE ( 'NONE', *, *, #5892, .F. ) ;
#6039 = EDGE_CURVE ( 'NONE', #4663, #8376, #4786, .T. ) ;
#6040 = EDGE_LOOP ( 'NONE', ( #8803, #2596, #8001, #995 ) ) ;
#6041 = CARTESIAN_POINT ( 'NONE',  ( 1.646280565609026247, 0.000000000000000000, -1.746356292197642324 ) ) ;
#6042 = DIRECTION ( 'NONE',  ( 0.2588190451025209060, -0.000000000000000000, 0.9659258262890682012 ) ) ;
#6043 = ORIENTED_EDGE ( 'NONE', *, *, #7551, .T. ) ;
#6044 = APPLICATION_CONTEXT ( 'configuration controlled 3d designs of mechanical parts and assemblies' ) ;
#6045 = DIRECTION ( 'NONE',  ( -0.000000000000000000, -1.000000000000000000, -0.000000000000000000 ) ) ;
#6046 = CYLINDRICAL_SURFACE ( 'NONE', #4427, 2.400000000000000355 ) ;
#6047 = EDGE_LOOP ( 'NONE', ( #7152, #6001, #3959, #5767 ) ) ;
#6048 = ORIENTED_EDGE ( 'NONE', *, *, #6500, .T. ) ;
#6049 = DIRECTION ( 'NONE',  ( -0.8138680219352227851, 0.000000000000000000, 0.5810497765865225706 ) ) ;
#6050 = DIRECTION ( 'NONE',  ( -0.8306464755968349101, 0.000000000000000000, -0.5568001729333034167 ) ) ;
#6051 = CARTESIAN_POINT ( 'NONE',  ( -0.7806153992593933832, 0.000000000000000000, -2.523800576651607397 ) ) ;
#6052 = FACE_OUTER_BOUND ( 'NONE', #2995, .T. ) ;
#6053 = EDGE_LOOP ( 'NONE', ( #2354, #4706, #4391, #7347 ) ) ;
#6054 = EDGE_CURVE ( 'NONE', #6294, #6665, #1258, .T. ) ;
#6055 = LINE ( 'NONE', #3108, #8410 ) ;
#6057 = AXIS2_PLACEMENT_3D ( 'NONE', #8879, #8926, #6978 ) ;
#6056 = CARTESIAN_POINT ( 'NONE',  ( -0.3960907847707366702, 0.2999999999999999889, 0.5465684680071672963 ) ) ;
#6058 = DIRECTION ( 'NONE',  ( -0.000000000000000000, -1.000000000000000000, -0.000000000000000000 ) ) ;
#6059 = CARTESIAN_POINT ( 'NONE',  ( 0.2845149898690463308, 0.5999999999999999778, 2.726960102849232737 ) ) ;
#6060 = EDGE_LOOP ( 'NONE', ( #2554, #6622, #3581, #5173 ) ) ;
#6061 = EDGE_CURVE ( 'NONE', #2548, #5006, #8390, .T. ) ;
#6062 = VERTEX_POINT ( 'NONE', #7714 ) ;
#6063 = LINE ( 'NONE', #1356, #4813 ) ;
#6064 = CARTESIAN_POINT ( 'NONE',  ( -1.188943870924979551, 0.000000000000000000, 2.459097756358868736 ) ) ;
#6065 = ORIENTED_EDGE ( 'NONE', *, *, #5337, .F. ) ;
#6066 = EDGE_CURVE ( 'NONE', #6431, #2827, #22, .T. ) ;
#6067 = CARTESIAN_POINT ( 'NONE',  ( -2.669900510597245535, 0.5999999999999999778, -0.1021246730581469170 ) ) ;
#6068 = VERTEX_POINT ( 'NONE', #4234 ) ;
#6069 = CARTESIAN_POINT ( 'NONE',  ( -2.607432228139094033, 0.000000000000000000, -0.8532020157593352971 ) ) ;
#6070 = FACE_OUTER_BOUND ( 'NONE', #7210, .T. ) ;
#6071 = ORIENTED_EDGE ( 'NONE', *, *, #4705, .T. ) ;
#6072 = FACE_OUTER_BOUND ( 'NONE', #4034, .T. ) ;
#6073 = ORIENTED_EDGE ( 'NONE', *, *, #2391, .T. ) ;
#6074 = EDGE_LOOP ( 'NONE', ( #3462, #5750 ) ) ;
#6075 = ORIENTED_EDGE ( 'NONE', *, *, #3830, .F. ) ;
#6076 = ADVANCED_FACE ( 'NONE', ( #2787 ), #6871, .T. ) ;
#6077 = LINE ( 'NONE', #3262, #6252 ) ;
#6078 = CARTESIAN_POINT ( 'NONE',  ( -2.359097756358873976, 0.000000000000000000, -1.188943870925120772 ) ) ;
#6079 = VECTOR ( 'NONE', #2300, 100.0000000000000000 ) ;
#6080 = ORIENTED_EDGE ( 'NONE', *, *, #999, .T. ) ;
#6081 = ORIENTED_EDGE ( 'NONE', *, *, #8583, .F. ) ;
#6082 = PLANE ( 'NONE',  #6869 ) ;
#6083 = PLANE ( 'NONE',  #3584 ) ;
#6084 = EDGE_LOOP ( 'NONE', ( #73, #8146, #5990, #2508 ) ) ;
#6085 = VECTOR ( 'NONE', #570, 100.0000000000000000 ) ;
#6086 = DIRECTION ( 'NONE',  ( 0.000000000000000000, 0.000000000000000000, 1.000000000000000000 ) ) ;
#6087 = EDGE_CURVE ( 'NONE', #4803, #7739, #2159, .T. ) ;
#6088 = CARTESIAN_POINT ( 'NONE',  ( -1.240428078936074430, 0.000000000000000000, -2.447037941066946054 ) ) ;
#6089 = ORIENTED_EDGE ( 'NONE', *, *, #2958, .F. ) ;
#6090 = AXIS2_PLACEMENT_3D ( 'NONE', #3415, #2732, #5366 ) ;
#6091 = ORIENTED_EDGE ( 'NONE', *, *, #8348, .T. ) ;
#6092 = CARTESIAN_POINT ( 'NONE',  ( -0.7071067811865462405, 0.5999999999999999778, -0.3571017811865486724 ) ) ;
#6093 = PLANE ( 'NONE',  #8002 ) ;
#6094 = DIRECTION ( 'NONE',  ( -0.9115869641266043377, 0.000000000000000000, 0.4111072935797187577 ) ) ;
#6095 = DIRECTION ( 'NONE',  ( 0.000000000000000000, 0.000000000000000000, 1.000000000000000000 ) ) ;
#6096 = EDGE_LOOP ( 'NONE', ( #595, #13, #8480, #1898 ) ) ;
#6097 = EDGE_CURVE ( 'NONE', #2144, #5352, #2118, .T. ) ;
#6098 = LINE ( 'NONE', #8898, #7558 ) ;
#6099 = ADVANCED_FACE ( 'NONE', ( #792 ), #1436, .T. ) ;
#6100 = CARTESIAN_POINT ( 'NONE',  ( -0.2039866142974479934, 0.000000000000000000, 2.734163426567457922 ) ) ;
#6101 = LINE ( 'NONE', #6781, #6085 ) ;
#6102 = DIRECTION ( 'NONE',  ( -0.000000000000000000, -1.000000000000000000, 0.000000000000000000 ) ) ;
#6103 = CARTESIAN_POINT ( 'NONE',  ( -2.207032380760688639, 0.5999999999999999778, -1.629620991000054531 ) ) ;
#6104 = ORIENTED_EDGE ( 'NONE', *, *, #7874, .F. ) ;
#6105 = CARTESIAN_POINT ( 'NONE',  ( -2.662660998464557949, 0.5999999999999999778, -0.6609787525253106866 ) ) ;
#6106 = CARTESIAN_POINT ( 'NONE',  ( 0.000000000000000000, 0.5999999999999999778, 0.000000000000000000 ) ) ;
#6107 = ORIENTED_EDGE ( 'NONE', *, *, #5816, .T. ) ;
#6108 = AXIS2_PLACEMENT_3D ( 'NONE', #2381, #5745, #7094 ) ;
#6109 = DIRECTION ( 'NONE',  ( 0.000000000000000000, 1.000000000000000000, 0.000000000000000000 ) ) ;
#6110 = AXIS2_PLACEMENT_3D ( 'NONE', #8886, #1330, #6086 ) ;
#6111 = EDGE_CURVE ( 'NONE', #7604, #8044, #3516, .T. ) ;
#6112 = EDGE_LOOP ( 'NONE', ( #6652, #3820, #8544, #5572 ) ) ;
#6113 = ADVANCED_FACE ( 'NONE', ( #5600 ), #8353, .T. ) ;
#6114 = CARTESIAN_POINT ( 'NONE',  ( 2.339055835819626950, 0.5999999999999999778, -0.5374177117646692370 ) ) ;
#6115 = DIRECTION ( 'NONE',  ( 0.000000000000000000, 0.000000000000000000, 1.000000000000000000 ) ) ;
#6116 = VECTOR ( 'NONE', #1945, 100.0000000000000000 ) ;
#6117 = VECTOR ( 'NONE', #1392, 100.0000000000000142 ) ;
#6118 = CYLINDRICAL_SURFACE ( 'NONE', #8751, 0.1000000000000000888 ) ;
#6119 = ORIENTED_EDGE ( 'NONE', *, *, #6216, .F. ) ;
#6120 = VERTEX_POINT ( 'NONE', #150 ) ;
#6121 = ORIENTED_EDGE ( 'NONE', *, *, #2974, .T. ) ;
#6122 = VECTOR ( 'NONE', #2377, 100.0000000000000142 ) ;
#6123 = CIRCLE ( 'NONE', #4954, 0.3500050000000000106 ) ;
#6124 = CIRCLE ( 'NONE', #45, 0.09999999999999992228 ) ;
#6125 = ADVANCED_FACE ( 'NONE', ( #1569 ), #7085, .T. ) ;
#6126 = CARTESIAN_POINT ( 'NONE',  ( 2.447975330630792978, 0.5999999999999999778, 1.234778102581631565 ) ) ;
#6127 = EDGE_CURVE ( 'NONE', #6811, #2093, #8040, .T. ) ;
#6128 = DIRECTION ( 'NONE',  ( 0.000000000000000000, 0.000000000000000000, 1.000000000000000000 ) ) ;
#6129 = CARTESIAN_POINT ( 'NONE',  ( -0.7806153992593933832, 0.000000000000000000, -2.523800576651607397 ) ) ;
#6130 = ORIENTED_EDGE ( 'NONE', *, *, #4808, .F. ) ;
#6131 = VECTOR ( 'NONE', #530, 100.0000000000000000 ) ;
#6132 = ORIENTED_EDGE ( 'NONE', *, *, #2151, .F. ) ;
#6133 = CARTESIAN_POINT ( 'NONE',  ( 0.9834185373505206496, 0.5999999999999999778, 2.189266539367740183 ) ) ;
#6134 = DIRECTION ( 'NONE',  ( -0.7286628425356518335, 0.000000000000000000, -0.6848725880832607915 ) ) ;
#6135 = CARTESIAN_POINT ( 'NONE',  ( -2.634511253708278655, 0.000000000000000000, -0.1956532809642133330 ) ) ;
#6136 = CARTESIAN_POINT ( 'NONE',  ( 0.5465684680071659640, 0.4500000000000000666, 0.3960907847707386686 ) ) ;
#6137 = ORIENTED_EDGE ( 'NONE', *, *, #8616, .T. ) ;
#6138 = VECTOR ( 'NONE', #4402, 100.0000000000000142 ) ;
#6139 = ORIENTED_EDGE ( 'NONE', *, *, #6752, .T. ) ;
#6140 = CARTESIAN_POINT ( 'NONE',  ( -0.7212331066169112015, 0.000000000000000000, 1.918937936964017599 ) ) ;
#6141 = DIRECTION ( 'NONE',  ( 0.000000000000000000, 0.000000000000000000, 1.000000000000000000 ) ) ;
#6142 = CARTESIAN_POINT ( 'NONE',  ( 1.693987021127889570, 0.000000000000000000, 2.158023279829106134 ) ) ;
#6143 = EDGE_CURVE ( 'NONE', #6211, #1015, #2965, .T. ) ;
#6144 = DIRECTION ( 'NONE',  ( 0.000000000000000000, 0.000000000000000000, 1.000000000000000000 ) ) ;
#6145 = EDGE_LOOP ( 'NONE', ( #8139, #7817, #8509, #7198 ) ) ;
#6146 = AXIS2_PLACEMENT_3D ( 'NONE', #2475, #4467, #7187 ) ;
#6147 = AXIS2_PLACEMENT_3D ( 'NONE', #3773, #241, #2239 ) ;
#6148 = CARTESIAN_POINT ( 'NONE',  ( -2.001228534340539156, 0.5999999999999999778, 1.824533010878227168 ) ) ;
#6149 = CARTESIAN_POINT ( 'NONE',  ( -1.955344957562863639, 0.5999999999999999778, 1.391627140053368183 ) ) ;
#6150 = DIRECTION ( 'NONE',  ( 0.000000000000000000, 1.000000000000000000, -0.000000000000000000 ) ) ;
#6151 = CARTESIAN_POINT ( 'NONE',  ( -2.353884672967751612, 0.5999999999999999778, -0.4682167728387188199 ) ) ;
#6152 = CARTESIAN_POINT ( 'NONE',  ( -1.697056274847723589, 0.000000000000000000, -1.697056274847705382 ) ) ;
#6153 = ORIENTED_EDGE ( 'NONE', *, *, #4190, .T. ) ;
#6154 = ADVANCED_FACE ( 'NONE', ( #7174 ), #199, .F. ) ;
#6155 = DIRECTION ( 'NONE',  ( 0.000000000000000000, 1.000000000000000000, 0.000000000000000000 ) ) ;
#6156 = CARTESIAN_POINT ( 'NONE',  ( -1.153418145417695717, 0.000000000000000000, -0.8705754329430767102 ) ) ;
#6157 = ORIENTED_EDGE ( 'NONE', *, *, #1892, .F. ) ;
#6158 = AXIS2_PLACEMENT_3D ( 'NONE', #3674, #3498, #5076 ) ;
#6159 = FACE_OUTER_BOUND ( 'NONE', #5368, .T. ) ;
#6160 = ORIENTED_EDGE ( 'NONE', *, *, #8036, .T. ) ;
#6161 = CARTESIAN_POINT ( 'NONE',  ( 2.532150166262745472, 0.000000000000000000, 0.7530904910856199841 ) ) ;
#6162 = CARTESIAN_POINT ( 'NONE',  ( -0.8578599868701547448, 0.000000000000000000, -2.604099926062569459 ) ) ;
#6163 = VECTOR ( 'NONE', #4662, 100.0000000000000142 ) ;
#6164 = DIRECTION ( 'NONE',  ( 0.000000000000000000, 0.000000000000000000, 1.000000000000000000 ) ) ;
#6165 = ORIENTED_EDGE ( 'NONE', *, *, #7875, .F. ) ;
#6166 = ORIENTED_EDGE ( 'NONE', *, *, #8214, .F. ) ;
#6167 = CIRCLE ( 'NONE', #4717, 0.1000000000000000888 ) ;
#6168 = ORIENTED_EDGE ( 'NONE', *, *, #2340, .F. ) ;
#6169 = CIRCLE ( 'NONE', #2954, 0.09999999999999992228 ) ;
#6170 = ADVANCED_FACE ( 'NONE', ( #337 ), #3013, .F. ) ;
#6171 = VECTOR ( 'NONE', #6503, 100.0000000000000000 ) ;
#6172 = VECTOR ( 'NONE', #6673, 100.0000000000000142 ) ;
#6173 = DIRECTION ( 'NONE',  ( -0.000000000000000000, -1.000000000000000000, -0.000000000000000000 ) ) ;
#6174 = CARTESIAN_POINT ( 'NONE',  ( 2.634511253708374579, 0.5999999999999999778, 0.1956532809641159110 ) ) ;
#6175 = VECTOR ( 'NONE', #399, 100.0000000000000000 ) ;
#6176 = ORIENTED_EDGE ( 'NONE', *, *, #2883, .T. ) ;
#6177 = ORIENTED_EDGE ( 'NONE', *, *, #3491, .F. ) ;
#6178 = CARTESIAN_POINT ( 'NONE',  ( 0.9273757962659440190, 0.5999999999999999778, 2.505747855997265461 ) ) ;
#6179 = CARTESIAN_POINT ( 'NONE',  ( 0.000000000000000000, 0.5999999999999999778, 0.000000000000000000 ) ) ;
#6180 = EDGE_CURVE ( 'NONE', #6972, #5980, #1536, .T. ) ;
#6181 = CIRCLE ( 'NONE', #4428, 0.1000000000000000888 ) ;
#6182 = EDGE_CURVE ( 'NONE', #1221, #7119, #1749, .T. ) ;
#6183 = AXIS2_PLACEMENT_3D ( 'NONE', #7250, #7209, #2501 ) ;
#6184 = PLANE ( 'NONE',  #2921 ) ;
#6185 = LINE ( 'NONE', #7489, #8457 ) ;
#6186 = AXIS2_PLACEMENT_3D ( 'NONE', #8468, #55, #102 ) ;
#6187 = VERTEX_POINT ( 'NONE', #2372 ) ;
#6188 = CIRCLE ( 'NONE', #397, 0.1000000000000000888 ) ;
#6189 = CARTESIAN_POINT ( 'NONE',  ( -2.001228534340539156, 0.5999999999999999778, 1.724533010878227079 ) ) ;
#6190 = DIRECTION ( 'NONE',  ( 0.08333333333332944293, 0.000000000000000000, -0.9965217285917834511 ) ) ;
#6191 = DIRECTION ( 'NONE',  ( 0.000000000000000000, 0.000000000000000000, 1.000000000000000000 ) ) ;
#6192 = ORIENTED_EDGE ( 'NONE', *, *, #1621, .F. ) ;
#6193 = CARTESIAN_POINT ( 'NONE',  ( -0.07076422490291250922, 0.5999999999999999778, -2.398956528258462839 ) ) ;
#6194 = EDGE_CURVE ( 'NONE', #2827, #7125, #8487, .T. ) ;
#6195 = EDGE_CURVE ( 'NONE', #2093, #5862, #2288, .T. ) ;
#6196 = CARTESIAN_POINT ( 'NONE',  ( 0.1288188395258484942, 0.5999999999999999778, -2.740449271673790488 ) ) ;
#6197 = PLANE ( 'NONE',  #5648 ) ;
#6198 = CARTESIAN_POINT ( 'NONE',  ( -0.1915770065030699965, 0.5999999999999999778, 1.487715782862883751 ) ) ;
#6199 = DIRECTION ( 'NONE',  ( 0.7071067811865473507, 0.000000000000000000, -0.7071067811865476838 ) ) ;
#6200 = ORIENTED_EDGE ( 'NONE', *, *, #1245, .T. ) ;
#6201 = CARTESIAN_POINT ( 'NONE',  ( -2.425452518699644511, 0.000000000000000000, -1.278452291454589940 ) ) ;
#6202 = DIRECTION ( 'NONE',  ( 0.000000000000000000, 0.000000000000000000, 1.000000000000000000 ) ) ;
#6203 = ORIENTED_EDGE ( 'NONE', *, *, #7443, .F. ) ;
#6204 = DIRECTION ( 'NONE',  ( 0.000000000000000000, 1.000000000000000000, 0.000000000000000000 ) ) ;
#6205 = EDGE_CURVE ( 'NONE', #3279, #3292, #3738, .T. ) ;
#6206 = ORIENTED_EDGE ( 'NONE', *, *, #224, .T. ) ;
#6207 = DIRECTION ( 'NONE',  ( 0.4583423165665007071, 0.000000000000000000, -0.8887757427182931824 ) ) ;
#6208 = DIRECTION ( 'NONE',  ( -0.1126796382267744590, 0.000000000000000000, -0.9936313698394808602 ) ) ;
#6209 = CARTESIAN_POINT ( 'NONE',  ( -2.323015946640731411, 0.5999999999999999778, 1.257985160453167328 ) ) ;
#6210 = ORIENTED_EDGE ( 'NONE', *, *, #4017, .F. ) ;
#6211 = VERTEX_POINT ( 'NONE', #1608 ) ;
#6212 = ORIENTED_EDGE ( 'NONE', *, *, #6223, .F. ) ;
#6213 = LINE ( 'NONE', #4764, #601 ) ;
#6214 = CARTESIAN_POINT ( 'NONE',  ( 1.955344957562959562, 0.000000000000000000, -1.391627140053462108 ) ) ;
#6215 = CARTESIAN_POINT ( 'NONE',  ( 1.330649513548197715, 0.000000000000000000, -0.5636016986461896972 ) ) ;
#6216 = EDGE_CURVE ( 'NONE', #4455, #1352, #7258, .T. ) ;
#6217 = ORIENTED_EDGE ( 'NONE', *, *, #8070, .F. ) ;
#6218 = EDGE_LOOP ( 'NONE', ( #63, #8740, #769, #5024 ) ) ;
#6219 = CARTESIAN_POINT ( 'NONE',  ( 1.434177131589206233, 0.000000000000000000, -0.1772313681305622834 ) ) ;
#6220 = DIRECTION ( 'NONE',  ( 0.000000000000000000, 0.000000000000000000, 1.000000000000000000 ) ) ;
#6221 = PLANE ( 'NONE',  #4488 ) ;
#6222 = CARTESIAN_POINT ( 'NONE',  ( 0.000000000000000000, 0.000000000000000000, 0.000000000000000000 ) ) ;
#6223 = EDGE_CURVE ( 'NONE', #3844, #2574, #4362, .T. ) ;
#6224 = VERTEX_POINT ( 'NONE', #924 ) ;
#6225 = ADVANCED_FACE ( 'NONE', ( #5775 ), #1064, .T. ) ;
#6226 = EDGE_LOOP ( 'NONE', ( #436, #2760, #1276, #288 ) ) ;
#6227 = CARTESIAN_POINT ( 'NONE',  ( 0.1956532809642323179, 0.5999999999999999778, -2.634511253708326173 ) ) ;
#6228 = CARTESIAN_POINT ( 'NONE',  ( -0.3281231852440847918, 0.000000000000000000, 2.723782605007078139 ) ) ;
#6229 = VECTOR ( 'NONE', #3344, 100.0000000000000000 ) ;
#6230 = FACE_OUTER_BOUND ( 'NONE', #4282, .T. ) ;
#6231 = ORIENTED_EDGE ( 'NONE', *, *, #3481, .F. ) ;
#6232 = LINE ( 'NONE', #7453, #8708 ) ;
#6233 = PERSON ( 'UNSPECIFIED', 'UNSPECIFIED', 'UNSPECIFIED', ('UNSPECIFIED'), ('UNSPECIFIED'), ('UNSPECIFIED') ) ;
#6234 = ORIENTED_EDGE ( 'NONE', *, *, #2852, .F. ) ;
#6235 = CARTESIAN_POINT ( 'NONE',  ( -1.846701588524966464, 0.000000000000000000, -2.028878938471578408 ) ) ;
#6236 = DIRECTION ( 'NONE',  ( 0.000000000000000000, 0.000000000000000000, 1.000000000000000000 ) ) ;
#6237 = DIRECTION ( 'NONE',  ( 0.000000000000000000, 0.000000000000000000, 1.000000000000000000 ) ) ;
#6238 = CARTESIAN_POINT ( 'NONE',  ( -0.7071067811865462405, 0.5999999999999999778, 0.7071067811865487940 ) ) ;
#6239 = VERTEX_POINT ( 'NONE', #8573 ) ;
#6240 = DIRECTION ( 'NONE',  ( -0.000000000000000000, -1.000000000000000000, -0.000000000000000000 ) ) ;
#6241 = DIRECTION ( 'NONE',  ( 0.000000000000000000, 0.000000000000000000, 1.000000000000000000 ) ) ;
#6242 = VERTEX_POINT ( 'NONE', #8523 ) ;
#6243 = FACE_OUTER_BOUND ( 'NONE', #5811, .T. ) ;
#6244 = ORIENTED_EDGE ( 'NONE', *, *, #2617, .F. ) ;
#6245 = LINE ( 'NONE', #4971, #6312 ) ;
#6246 = CARTESIAN_POINT ( 'NONE',  ( -0.2039866142974479934, 0.5999999999999999778, 2.734163426567457922 ) ) ;
#6247 = DIRECTION ( 'NONE',  ( 0.000000000000000000, 1.000000000000000000, 0.000000000000000000 ) ) ;
#6248 = ORIENTED_EDGE ( 'NONE', *, *, #3948, .T. ) ;
#6249 = EDGE_LOOP ( 'NONE', ( #6296, #6621 ) ) ;
#6250 = ORIENTED_EDGE ( 'NONE', *, *, #6764, .F. ) ;
#6251 = EDGE_CURVE ( 'NONE', #460, #3409, #3689, .T. ) ;
#6252 = VECTOR ( 'NONE', #8103, 100.0000000000000000 ) ;
#6253 = AXIS2_PLACEMENT_3D ( 'NONE', #1732, #5034, #274 ) ;
#6254 = FACE_OUTER_BOUND ( 'NONE', #7740, .T. ) ;
#6255 = VECTOR ( 'NONE', #4984, 100.0000000000000000 ) ;
#6256 = LINE ( 'NONE', #1420, #7752 ) ;
#6257 = DIRECTION ( 'NONE',  ( -0.000000000000000000, -1.000000000000000000, -0.000000000000000000 ) ) ;
#6258 = CIRCLE ( 'NONE', #7983, 0.1000000000000000056 ) ;
#6259 = ORIENTED_EDGE ( 'NONE', *, *, #3287, .F. ) ;
#6260 = ORIENTED_EDGE ( 'NONE', *, *, #3345, .F. ) ;
#6261 = CARTESIAN_POINT ( 'NONE',  ( 0.000000000000000000, 0.000000000000000000, 0.000000000000000000 ) ) ;
#6262 = LINE ( 'NONE', #2146, #4298 ) ;
#6263 = EDGE_CURVE ( 'NONE', #2672, #2531, #2691, .T. ) ;
#6264 = VECTOR ( 'NONE', #5198, 100.0000000000000000 ) ;
#6265 = CIRCLE ( 'NONE', #2348, 0.1000000000000000888 ) ;
#6266 = EDGE_CURVE ( 'NONE', #2964, #8733, #5002, .T. ) ;
#6267 = FACE_OUTER_BOUND ( 'NONE', #5039, .T. ) ;
#6268 = LINE ( 'NONE', #739, #7607 ) ;
#6269 = VECTOR ( 'NONE', #2437, 100.0000000000000142 ) ;
#6270 = ORIENTED_EDGE ( 'NONE', *, *, #1289, .F. ) ;
#6271 = CARTESIAN_POINT ( 'NONE',  ( 2.532150166262745472, 0.000000000000000000, 0.7530904910856199841 ) ) ;
#6272 = CARTESIAN_POINT ( 'NONE',  ( 2.366666666666715546, 0.000000000000000000, 0.3986086914365986611 ) ) ;
#6273 = DIRECTION ( 'NONE',  ( 0.000000000000000000, 1.000000000000000000, -0.000000000000000000 ) ) ;
#6274 = ORIENTED_EDGE ( 'NONE', *, *, #1001, .F. ) ;
#6275 = ADVANCED_FACE ( 'NONE', ( #2247 ), #5007, .T. ) ;
#6276 = LINE ( 'NONE', #4018, #2786 ) ;
#6277 = DIRECTION ( 'NONE',  ( 0.000000000000000000, 1.000000000000000000, -0.000000000000000000 ) ) ;
#6278 = DIRECTION ( 'NONE',  ( 0.000000000000000000, 0.000000000000000000, 1.000000000000000000 ) ) ;
#6279 = CARTESIAN_POINT ( 'NONE',  ( -1.391627140053367073, 0.000000000000000000, -1.955344957562958896 ) ) ;
#6280 = CARTESIAN_POINT ( 'NONE',  ( 2.243427132316891282, 0.000000000000000000, 0.8526632993066454169 ) ) ;
#6281 = ORIENTED_EDGE ( 'NONE', *, *, #51, .T. ) ;
#6282 = DIRECTION ( 'NONE',  ( -0.000000000000000000, -1.000000000000000000, -0.000000000000000000 ) ) ;
#6283 = CARTESIAN_POINT ( 'NONE',  ( -0.7071067811865462405, 0.000000000000000000, -0.8571067811865485941 ) ) ;
#6284 = VERTEX_POINT ( 'NONE', #8710 ) ;
#6285 = AXIS2_PLACEMENT_3D ( 'NONE', #2777, #1386, #4143 ) ;
#6286 = EDGE_CURVE ( 'NONE', #8357, #7784, #2463, .T. ) ;
#6287 = EDGE_CURVE ( 'NONE', #7581, #7916, #1976, .T. ) ;
#6288 = FACE_OUTER_BOUND ( 'NONE', #5828, .T. ) ;
#6289 = VERTEX_POINT ( 'NONE', #8668 ) ;
#6290 = VECTOR ( 'NONE', #4325, 100.0000000000000000 ) ;
#6291 = DIRECTION ( 'NONE',  ( 0.000000000000000000, 0.000000000000000000, 1.000000000000000000 ) ) ;
#6292 = DIRECTION ( 'NONE',  ( 0.9995204884380797239, 0.000000000000000000, -0.03096438587317042537 ) ) ;
#6293 = CARTESIAN_POINT ( 'NONE',  ( 0.000000000000000000, 0.5999999999999999778, 0.000000000000000000 ) ) ;
#6294 = VERTEX_POINT ( 'NONE', #3960 ) ;
#6295 = ORIENTED_EDGE ( 'NONE', *, *, #1675, .T. ) ;
#6296 = ORIENTED_EDGE ( 'NONE', *, *, #1566, .T. ) ;
#6297 = CIRCLE ( 'NONE', #4989, 2.400000000000000355 ) ;
#6298 = CIRCLE ( 'NONE', #8172, 0.1000000000000000888 ) ;
#6299 = AXIS2_PLACEMENT_3D ( 'NONE', #3398, #4800, #6164 ) ;
#6300 = EDGE_CURVE ( 'NONE', #273, #3203, #5415, .T. ) ;
#6301 = LINE ( 'NONE', #2097, #386 ) ;
#6302 = DIRECTION ( 'NONE',  ( 0.000000000000000000, 0.000000000000000000, 1.000000000000000000 ) ) ;
#6303 = EDGE_CURVE ( 'NONE', #8632, #4028, #515, .T. ) ;
#6304 = AXIS2_PLACEMENT_3D ( 'NONE', #4379, #5155, #985 ) ;
#6305 = VERTEX_POINT ( 'NONE', #5370 ) ;
#6306 = VERTEX_POINT ( 'NONE', #1980 ) ;
#6307 = DIRECTION ( 'NONE',  ( 0.000000000000000000, 0.000000000000000000, 1.000000000000000000 ) ) ;
#6308 = DIRECTION ( 'NONE',  ( 0.9233121615203911947, 0.000000000000000000, 0.3840503253332080980 ) ) ;
#6309 = AXIS2_PLACEMENT_3D ( 'NONE', #7762, #6049, #7353 ) ;
#6310 = VECTOR ( 'NONE', #8839, 100.0000000000000142 ) ;
#6311 = DIRECTION ( 'NONE',  ( 0.9244448799230887692, 0.000000000000000000, -0.3813157012030660709 ) ) ;
#6312 = VECTOR ( 'NONE', #7008, 100.0000000000000000 ) ;
#6313 = DIRECTION ( 'NONE',  ( 0.2253661878321989442, 0.000000000000000000, 0.9742741305104953842 ) ) ;
#6314 = EDGE_CURVE ( 'NONE', #2709, #2801, #3281, .T. ) ;
#6315 = VERTEX_POINT ( 'NONE', #6092 ) ;
#6316 = VECTOR ( 'NONE', #7333, 100.0000000000000000 ) ;
#6317 = CYLINDRICAL_SURFACE ( 'NONE', #3390, 0.3500050000000000106 ) ;
#6318 = DIRECTION ( 'NONE',  ( 0.000000000000000000, 0.000000000000000000, 1.000000000000000000 ) ) ;
#6319 = CIRCLE ( 'NONE', #817, 0.3500049999999999550 ) ;
#6320 = ORIENTED_EDGE ( 'NONE', *, *, #8262, .F. ) ;
#6321 = VECTOR ( 'NONE', #738, 100.0000000000000142 ) ;
#6322 = DIRECTION ( 'NONE',  ( 0.3840503253332088196, 0.000000000000000000, -0.9233121615203908616 ) ) ;
#6323 = VECTOR ( 'NONE', #8109, 100.0000000000000000 ) ;
#6324 = VECTOR ( 'NONE', #2171, 100.0000000000000000 ) ;
#6325 = EDGE_LOOP ( 'NONE', ( #486, #5031, #3940, #2806 ) ) ;
#6326 = DIRECTION ( 'NONE',  ( -0.3538925688897467392, 0.000000000000000000, 0.9352860790606346564 ) ) ;
#6327 = DIRECTION ( 'NONE',  ( 0.000000000000000000, 1.000000000000000000, -0.000000000000000000 ) ) ;
#6328 = EDGE_CURVE ( 'NONE', #361, #5187, #8799, .T. ) ;
#6329 = FACE_BOUND ( 'NONE', #1647, .T. ) ;
#6330 = CARTESIAN_POINT ( 'NONE',  ( -2.508844294584582801, 0.000000000000000000, 0.8274237474220399458 ) ) ;
#6331 = VERTEX_POINT ( 'NONE', #8115 ) ;
#6332 = CARTESIAN_POINT ( 'NONE',  ( 0.000000000000000000, 0.5999999999999999778, 0.000000000000000000 ) ) ;
#6333 = CYLINDRICAL_SURFACE ( 'NONE', #33, 0.1500000000000000500 ) ;
#6334 = VERTEX_POINT ( 'NONE', #7491 ) ;
#6335 = LINE ( 'NONE', #2209, #7684 ) ;
#6336 = EDGE_LOOP ( 'NONE', ( #761, #4451, #1957, #941 ) ) ;
#6337 = ADVANCED_FACE ( 'NONE', ( #8754, #3149 ), #8842, .T. ) ;
#6338 = CARTESIAN_POINT ( 'NONE',  ( 0.000000000000000000, 0.000000000000000000, 0.000000000000000000 ) ) ;
#6339 = CARTESIAN_POINT ( 'NONE',  ( 0.000000000000000000, 0.5999999999999999778, 0.000000000000000000 ) ) ;
#6340 = EDGE_CURVE ( 'NONE', #5858, #7978, #5879, .T. ) ;
#6341 = ORIENTED_EDGE ( 'NONE', *, *, #145, .T. ) ;
#6342 = ORIENTED_EDGE ( 'NONE', *, *, #1578, .F. ) ;
#6343 = ORIENTED_EDGE ( 'NONE', *, *, #6314, .T. ) ;
#6344 = DIRECTION ( 'NONE',  ( 0.000000000000000000, 1.000000000000000000, 0.000000000000000000 ) ) ;
#6345 = FACE_OUTER_BOUND ( 'NONE', #3213, .T. ) ;
#6346 = DIRECTION ( 'NONE',  ( 0.000000000000000000, 1.000000000000000000, 0.000000000000000000 ) ) ;
#6347 = DIRECTION ( 'NONE',  ( 0.000000000000000000, 0.000000000000000000, -1.000000000000000000 ) ) ;
#6348 = VERTEX_POINT ( 'NONE', #8027 ) ;
#6349 = CIRCLE ( 'NONE', #417, 0.1000000000000000056 ) ;
#6350 = VERTEX_POINT ( 'NONE', #1112 ) ;
#6351 = DIRECTION ( 'NONE',  ( -0.2761438516273063137, 0.000000000000000000, 0.9611163161701274937 ) ) ;
#6352 = FACE_OUTER_BOUND ( 'NONE', #3705, .T. ) ;
#6353 = EDGE_CURVE ( 'NONE', #2013, #7365, #7393, .T. ) ;
#6354 = DIRECTION ( 'NONE',  ( -0.000000000000000000, -1.000000000000000000, 0.000000000000000000 ) ) ;
#6355 = DIRECTION ( 'NONE',  ( -0.000000000000000000, -1.000000000000000000, 0.000000000000000000 ) ) ;
#6356 = EDGE_LOOP ( 'NONE', ( #2100, #2334 ) ) ;
#6357 = FACE_OUTER_BOUND ( 'NONE', #8650, .T. ) ;
#6358 = DIRECTION ( 'NONE',  ( -0.9611163161701273827, 0.000000000000000000, -0.2761438516273062582 ) ) ;
#6359 = ORIENTED_EDGE ( 'NONE', *, *, #2153, .F. ) ;
#6360 = EDGE_CURVE ( 'NONE', #5096, #2969, #6894, .T. ) ;
#6361 = DIRECTION ( 'NONE',  ( 0.000000000000000000, 0.000000000000000000, 1.000000000000000000 ) ) ;
#6362 = ORIENTED_EDGE ( 'NONE', *, *, #3376, .T. ) ;
#6363 = LINE ( 'NONE', #7586, #526 ) ;
#6364 = LINE ( 'NONE', #1657, #4200 ) ;
#6365 = CIRCLE ( 'NONE', #4780, 0.1000000000000000888 ) ;
#6366 = DIRECTION ( 'NONE',  ( 0.9611163161701272717, -0.000000000000000000, 0.2761438516273068133 ) ) ;
#6367 = DIRECTION ( 'NONE',  ( 0.000000000000000000, 0.000000000000000000, 1.000000000000000000 ) ) ;
#6368 = VERTEX_POINT ( 'NONE', #7981 ) ;
#6369 = DIRECTION ( 'NONE',  ( -0.000000000000000000, -1.000000000000000000, 0.000000000000000000 ) ) ;
#6370 = DIRECTION ( 'NONE',  ( 0.000000000000000000, 1.000000000000000000, -0.000000000000000000 ) ) ;
#6371 = ORIENTED_EDGE ( 'NONE', *, *, #7082, .F. ) ;
#6372 = EDGE_CURVE ( 'NONE', #6025, #7784, #4011, .T. ) ;
#6373 = VECTOR ( 'NONE', #5638, 100.0000000000000142 ) ;
#6374 = EDGE_CURVE ( 'NONE', #2761, #3852, #6771, .T. ) ;
#6375 = CARTESIAN_POINT ( 'NONE',  ( 2.276678570840689364, 0.000000000000000000, -1.398403686497601717 ) ) ;
#6376 = LINE ( 'NONE', #7812, #5152 ) ;
#6377 = CYLINDRICAL_SURFACE ( 'NONE', #1454, 2.400000000000000355 ) ;
#6378 = DIRECTION ( 'NONE',  ( 0.000000000000000000, 1.000000000000000000, 0.000000000000000000 ) ) ;
#6379 = ORIENTED_EDGE ( 'NONE', *, *, #2421, .F. ) ;
#6380 = ORIENTED_EDGE ( 'NONE', *, *, #6613, .F. ) ;
#6381 = EDGE_LOOP ( 'NONE', ( #2457, #6748, #3447, #3173 ) ) ;
#6382 = EDGE_CURVE ( 'NONE', #451, #226, #3322, .T. ) ;
#6383 = EDGE_CURVE ( 'NONE', #5647, #412, #6591, .T. ) ;
#6384 = CARTESIAN_POINT ( 'NONE',  ( 2.622059920280646050, 0.5999999999999999778, -0.3220737908088701640 ) ) ;
#6385 = CARTESIAN_POINT ( 'NONE',  ( 0.4682167728386980032, 0.5999999999999999778, -2.353884672967755609 ) ) ;
#6386 = FACE_OUTER_BOUND ( 'NONE', #6032, .T. ) ;
#6387 = ORIENTED_EDGE ( 'NONE', *, *, #2493, .T. ) ;
#6388 = EDGE_LOOP ( 'NONE', ( #1866, #6693, #5710, #3949 ) ) ;
#6389 = ORIENTED_EDGE ( 'NONE', *, *, #8288, .T. ) ;
#6390 = CARTESIAN_POINT ( 'NONE',  ( 1.301232448388103702, 0.5999999999999999778, 1.584075160862609133 ) ) ;
#6391 = PLANE ( 'NONE',  #6158 ) ;
#6392 = AXIS2_PLACEMENT_3D ( 'NONE', #8702, #3226, #3821 ) ;
#6393 = EDGE_CURVE ( 'NONE', #3279, #493, #5722, .T. ) ;
#6394 = ADVANCED_FACE ( 'NONE', ( #388 ), #6636, .T. ) ;
#6395 = VECTOR ( 'NONE', #5649, 100.0000000000000000 ) ;
#6396 = LINE ( 'NONE', #187, #6321 ) ;
#6397 = DIRECTION ( 'NONE',  ( 0.000000000000000000, 0.000000000000000000, 1.000000000000000000 ) ) ;
#6398 = AXIS2_PLACEMENT_3D ( 'NONE', #4729, #1290, #8212 ) ;
#6399 = CARTESIAN_POINT ( 'NONE',  ( 0.000000000000000000, 0.5999999999999999778, -1.500000000000000000 ) ) ;
#6400 = ORIENTED_EDGE ( 'NONE', *, *, #5349, .F. ) ;
#6401 = AXIS2_PLACEMENT_3D ( 'NONE', #8652, #2037, #4791 ) ;
#6402 = AXIS2_PLACEMENT_3D ( 'NONE', #8223, #1987, #4691 ) ;
#6403 = CARTESIAN_POINT ( 'NONE',  ( 1.391627140053462997, 0.000000000000000000, 1.955344957562864305 ) ) ;
#6404 = DIRECTION ( 'NONE',  ( 0.000000000000000000, 1.000000000000000000, -0.000000000000000000 ) ) ;
#6405 = VERTEX_POINT ( 'NONE', #2899 ) ;
#6406 = CIRCLE ( 'NONE', #2208, 0.1000000000000000056 ) ;
#6407 = VECTOR ( 'NONE', #4880, 100.0000000000000000 ) ;
#6408 = CIRCLE ( 'NONE', #3512, 0.1000000000000000888 ) ;
#6409 = CARTESIAN_POINT ( 'NONE',  ( 1.330649513548197715, 0.000000000000000000, -0.5636016986461896972 ) ) ;
#6410 = DIRECTION ( 'NONE',  ( 0.000000000000000000, 1.000000000000000000, -0.000000000000000000 ) ) ;
#6411 = CARTESIAN_POINT ( 'NONE',  ( 0.000000000000000000, 0.000000000000000000, 0.000000000000000000 ) ) ;
#6412 = EDGE_CURVE ( 'NONE', #4381, #7164, #7067, .T. ) ;
#6413 = CYLINDRICAL_SURFACE ( 'NONE', #2950, 0.1000000000000000888 ) ;
#6414 = DIRECTION ( 'NONE',  ( 0.000000000000000000, 0.000000000000000000, 1.000000000000000000 ) ) ;
#6415 = ORIENTED_EDGE ( 'NONE', *, *, #2762, .F. ) ;
#6416 = VECTOR ( 'NONE', #3784, 100.0000000000000142 ) ;
#6417 = CARTESIAN_POINT ( 'NONE',  ( -1.188943870924979551, 0.000000000000000000, 2.359097756358868647 ) ) ;
#6418 = DIRECTION ( 'NONE',  ( 0.000000000000000000, 0.000000000000000000, 1.000000000000000000 ) ) ;
#6419 = ORIENTED_EDGE ( 'NONE', *, *, #2328, .F. ) ;
#6420 = CARTESIAN_POINT ( 'NONE',  ( -1.273950534763421238, 0.5999999999999999778, 2.033973951400467328 ) ) ;
#6421 = DIRECTION ( 'NONE',  ( 0.000000000000000000, 1.000000000000000000, 0.000000000000000000 ) ) ;
#6422 = LINE ( 'NONE', #3062, #7087 ) ;
#6423 = ADVANCED_FACE ( 'NONE', ( #5757 ), #604, .T. ) ;
#6424 = VECTOR ( 'NONE', #7535, 100.0000000000000000 ) ;
#6425 = DIRECTION ( 'NONE',  ( 0.000000000000000000, 1.000000000000000000, -0.000000000000000000 ) ) ;
#6426 = ORIENTED_EDGE ( 'NONE', *, *, #335, .T. ) ;
#6427 = VERTEX_POINT ( 'NONE', #1501 ) ;
#6428 = ORIENTED_EDGE ( 'NONE', *, *, #741, .T. ) ;
#6429 = VECTOR ( 'NONE', #8575, 100.0000000000000000 ) ;
#6430 = VECTOR ( 'NONE', #873, 100.0000000000000000 ) ;
#6431 = VERTEX_POINT ( 'NONE', #5709 ) ;
#6432 = DIRECTION ( 'NONE',  ( -0.000000000000000000, -1.000000000000000000, 0.000000000000000000 ) ) ;
#6433 = DIRECTION ( 'NONE',  ( 0.000000000000000000, 1.000000000000000000, -0.000000000000000000 ) ) ;
#6434 = EDGE_LOOP ( 'NONE', ( #2107, #4131, #5214, #2805 ) ) ;
#6435 = CARTESIAN_POINT ( 'NONE',  ( 0.9184402376763262099, 0.000000000000000000, 2.217310878027016319 ) ) ;
#6436 = VERTEX_POINT ( 'NONE', #2996 ) ;
#6437 = ORIENTED_EDGE ( 'NONE', *, *, #6054, .F. ) ;
#6438 = ORIENTED_EDGE ( 'NONE', *, *, #4016, .T. ) ;
#6439 = EDGE_CURVE ( 'NONE', #5758, #3651, #8505, .T. ) ;
#6440 = PLANE ( 'NONE',  #31 ) ;
#6441 = CARTESIAN_POINT ( 'NONE',  ( -2.638522656287547008, 0.000000000000000000, 0.4207093742620307553 ) ) ;
#6442 = EDGE_CURVE ( 'NONE', #5303, #2099, #5071, .T. ) ;
#6443 = CIRCLE ( 'NONE', #1228, 0.6750000000000000444 ) ;
#6444 = PLANE ( 'NONE',  #611 ) ;
#6445 = CARTESIAN_POINT ( 'NONE',  ( -2.323015946640731411, 0.000000000000000000, 1.257985160453167328 ) ) ;
#6446 = CARTESIAN_POINT ( 'NONE',  ( 0.4682167728387007788, 0.000000000000000000, -2.353884672967754721 ) ) ;
#6447 = ADVANCED_FACE ( 'NONE', ( #1591 ), #2309, .T. ) ;
#6448 = ORIENTED_EDGE ( 'NONE', *, *, #8797, .T. ) ;
#6449 = VECTOR ( 'NONE', #7020, 100.0000000000000000 ) ;
#6450 = ADVANCED_FACE ( 'NONE', ( #5468 ), #4344, .T. ) ;
#6451 = DIRECTION ( 'NONE',  ( 0.8306464755968354652, 0.000000000000000000, 0.5568001729333028615 ) ) ;
#6452 = LINE ( 'NONE', #4318, #1414 ) ;
#6453 = AXIS2_PLACEMENT_3D ( 'NONE', #6409, #1471, #8484 ) ;
#6454 = ORIENTED_EDGE ( 'NONE', *, *, #6498, .F. ) ;
#6455 = VECTOR ( 'NONE', #1447, 100.0000000000000000 ) ;
#6456 = FACE_OUTER_BOUND ( 'NONE', #7554, .T. ) ;
#6457 = EDGE_LOOP ( 'NONE', ( #4545, #8789, #1109, #2039 ) ) ;
#6458 = CARTESIAN_POINT ( 'NONE',  ( 2.532002169471285313, 0.000000000000000000, 0.8530903815703085868 ) ) ;
#6459 = DIRECTION ( 'NONE',  ( 0.000000000000000000, 0.000000000000000000, 1.000000000000000000 ) ) ;
#6460 = LINE ( 'NONE', #1752, #6718 ) ;
#6461 = DIRECTION ( 'NONE',  ( 0.000000000000000000, 1.000000000000000000, 0.000000000000000000 ) ) ;
#6462 = ORIENTED_EDGE ( 'NONE', *, *, #7266, .T. ) ;
#6463 = CARTESIAN_POINT ( 'NONE',  ( 1.751583428095819128, 0.000000000000000000, 2.109316400261462832 ) ) ;
#6464 = DIRECTION ( 'NONE',  ( 0.000000000000000000, 0.000000000000000000, 1.000000000000000000 ) ) ;
#6465 = ORIENTED_EDGE ( 'NONE', *, *, #8569, .T. ) ;
#6466 = VECTOR ( 'NONE', #8193, 100.0000000000000142 ) ;
#6467 = CIRCLE ( 'NONE', #4581, 0.1000000000000000888 ) ;
#6468 = VECTOR ( 'NONE', #4572, 100.0000000000000142 ) ;
#6469 = EDGE_CURVE ( 'NONE', #2092, #4628, #4822, .T. ) ;
#6470 = DIRECTION ( 'NONE',  ( 0.000000000000000000, 1.000000000000000000, -0.000000000000000000 ) ) ;
#6471 = DIRECTION ( 'NONE',  ( -0.7071067811865475727, 0.000000000000000000, -0.7071067811865475727 ) ) ;
#6472 = LINE ( 'NONE', #4246, #4340 ) ;
#6473 = CARTESIAN_POINT ( 'NONE',  ( -0.1956532809641148840, 0.000000000000000000, 2.734511253708279632 ) ) ;
#6474 = ORIENTED_EDGE ( 'NONE', *, *, #6525, .F. ) ;
#6475 = ORIENTED_EDGE ( 'NONE', *, *, #2810, .T. ) ;
#6476 = VERTEX_POINT ( 'NONE', #8890 ) ;
#6477 = EDGE_CURVE ( 'NONE', #4401, #5096, #4983, .T. ) ;
#6478 = CARTESIAN_POINT ( 'NONE',  ( 1.568230811125884916, 0.000000000000000000, -2.163203714024811486 ) ) ;
#6479 = CARTESIAN_POINT ( 'NONE',  ( 0.3986086914367168443, 0.5999999999999999778, -2.366666666666667140 ) ) ;
#6480 = VERTEX_POINT ( 'NONE', #821 ) ;
#6481 = CARTESIAN_POINT ( 'NONE',  ( 0.000000000000000000, 0.5999999999999999778, 0.000000000000000000 ) ) ;
#6482 = VERTEX_POINT ( 'NONE', #133 ) ;
#6483 = ORIENTED_EDGE ( 'NONE', *, *, #816, .F. ) ;
#6484 = EDGE_CURVE ( 'NONE', #4139, #8961, #6861, .T. ) ;
#6485 = ORIENTED_EDGE ( 'NONE', *, *, #1380, .T. ) ;
#6486 = DIRECTION ( 'NONE',  ( 0.000000000000000000, 0.000000000000000000, 1.000000000000000000 ) ) ;
#6487 = CARTESIAN_POINT ( 'NONE',  ( 0.3348627761013417969, 0.000000000000000000, -2.022465555005005022 ) ) ;
#6488 = ADVANCED_FACE ( 'NONE', ( #7693 ), #2943, .T. ) ;
#6489 = ADVANCED_FACE ( 'NONE', ( #6386 ), #2269, .T. ) ;
#6490 = DIRECTION ( 'NONE',  ( 0.000000000000000000, 0.000000000000000000, 1.000000000000000000 ) ) ;
#6491 = AXIS2_PLACEMENT_3D ( 'NONE', #5356, #2586, #2765 ) ;
#6492 = DIRECTION ( 'NONE',  ( 0.000000000000000000, 1.000000000000000000, 0.000000000000000000 ) ) ;
#6493 = EDGE_LOOP ( 'NONE', ( #4930, #5948, #6014, #5433 ) ) ;
#6494 = APPROVAL_ROLE ( '' ) ;
#6495 = DIRECTION ( 'NONE',  ( 0.9115869641266043377, 0.000000000000000000, -0.4111072935797187577 ) ) ;
#6496 = CARTESIAN_POINT ( 'NONE',  ( -1.688628483116582535, 0.000000000000000000, 2.160044913421695689 ) ) ;
#6497 = VERTEX_POINT ( 'NONE', #904 ) ;
#6498 = EDGE_CURVE ( 'NONE', #366, #1267, #4097, .T. ) ;
#6499 = DIRECTION ( 'NONE',  ( 0.000000000000000000, 0.000000000000000000, 1.000000000000000000 ) ) ;
#6500 = EDGE_CURVE ( 'NONE', #3651, #7024, #371, .T. ) ;
#6501 = DIRECTION ( 'NONE',  ( -0.2761438516273204691, 0.000000000000000000, 0.9611163161701233859 ) ) ;
#6502 = EDGE_LOOP ( 'NONE', ( #5192, #3435, #4966, #4535 ) ) ;
#6503 = DIRECTION ( 'NONE',  ( -0.000000000000000000, -1.000000000000000000, -0.000000000000000000 ) ) ;
#6504 = CARTESIAN_POINT ( 'NONE',  ( 1.330667607685506848, 0.000000000000000000, -2.316920780517059963 ) ) ;
#6505 = CARTESIAN_POINT ( 'NONE',  ( 0.7071067811865463515, 0.2999999999999999889, 0.7071067811865487940 ) ) ;
#6506 = CARTESIAN_POINT ( 'NONE',  ( 0.000000000000000000, 0.000000000000000000, 0.000000000000000000 ) ) ;
#6507 = CARTESIAN_POINT ( 'NONE',  ( 0.000000000000000000, 0.000000000000000000, 0.000000000000000000 ) ) ;
#6508 = DIRECTION ( 'NONE',  ( 0.000000000000000000, 1.000000000000000000, -0.000000000000000000 ) ) ;
#6509 = ORIENTED_EDGE ( 'NONE', *, *, #800, .T. ) ;
#6510 = DIRECTION ( 'NONE',  ( 0.000000000000000000, 0.000000000000000000, 1.000000000000000000 ) ) ;
#6511 = VECTOR ( 'NONE', #7679, 100.0000000000000000 ) ;
#6512 = CARTESIAN_POINT ( 'NONE',  ( -0.4207093742620088839, 0.000000000000000000, -2.638522656287612289 ) ) ;
#6513 = LINE ( 'NONE', #259, #6079 ) ;
#6514 = CARTESIAN_POINT ( 'NONE',  ( 0.5636016986461230838, 0.000000000000000000, -1.330649513548187279 ) ) ;
#6515 = ORIENTED_EDGE ( 'NONE', *, *, #2607, .T. ) ;
#6516 = ORIENTED_EDGE ( 'NONE', *, *, #8323, .T. ) ;
#6517 = ORIENTED_EDGE ( 'NONE', *, *, #2604, .F. ) ;
#6518 = AXIS2_PLACEMENT_3D ( 'NONE', #2327, #7130, #7669 ) ;
#6519 = DIRECTION ( 'NONE',  ( 0.1646273600699720008, 0.000000000000000000, -0.9863558345325442733 ) ) ;
#6520 = DIRECTION ( 'NONE',  ( 0.000000000000000000, 1.000000000000000000, 0.000000000000000000 ) ) ;
#6521 = ORIENTED_EDGE ( 'NONE', *, *, #853, .T. ) ;
#6522 = LINE ( 'NONE', #4436, #6739 ) ;
#6523 = ORIENTED_EDGE ( 'NONE', *, *, #309, .F. ) ;
#6524 = VERTEX_POINT ( 'NONE', #6140 ) ;
#6525 = EDGE_CURVE ( 'NONE', #8427, #308, #2694, .T. ) ;
#6526 = VERTEX_POINT ( 'NONE', #2064 ) ;
#6527 = DIRECTION ( 'NONE',  ( -0.000000000000000000, -1.000000000000000000, 0.000000000000000000 ) ) ;
#6528 = DIRECTION ( 'NONE',  ( 0.2588190451025201289, 0.000000000000000000, -0.9659258262890684232 ) ) ;
#6529 = CARTESIAN_POINT ( 'NONE',  ( 0.000000000000000000, 0.000000000000000000, 0.000000000000000000 ) ) ;
#6530 = FACE_OUTER_BOUND ( 'NONE', #1237, .T. ) ;
#6531 = LINE ( 'NONE', #322, #1672 ) ;
#6532 = ORIENTED_EDGE ( 'NONE', *, *, #4967, .F. ) ;
#6533 = DATE_TIME_ROLE ( 'classification_date' ) ;
#6534 = EDGE_CURVE ( 'NONE', #1052, #1036, #6522, .T. ) ;
#6535 = CARTESIAN_POINT ( 'NONE',  ( 1.278452291454542644, 0.000000000000000000, -2.425452518699735549 ) ) ;
#6536 = DIRECTION ( 'NONE',  ( 0.9995204884380797239, 0.000000000000000000, -0.03096438587317042537 ) ) ;
#6537 = ORIENTED_EDGE ( 'NONE', *, *, #1901, .T. ) ;
#6538 = VECTOR ( 'NONE', #2459, 100.0000000000000142 ) ;
#6539 = DIRECTION ( 'NONE',  ( 0.000000000000000000, 1.000000000000000000, -0.000000000000000000 ) ) ;
#6540 = DIRECTION ( 'NONE',  ( 0.000000000000000000, 1.000000000000000000, -0.000000000000000000 ) ) ;
#6541 = ORIENTED_EDGE ( 'NONE', *, *, #6948, .F. ) ;
#6542 = AXIS2_PLACEMENT_3D ( 'NONE', #5713, #4441, #4348 ) ;
#6543 = AXIS2_PLACEMENT_3D ( 'NONE', #4685, #6862, #2180 ) ;
#6544 = EDGE_LOOP ( 'NONE', ( #6168, #5800, #5445, #2353 ) ) ;
#6545 = CARTESIAN_POINT ( 'NONE',  ( 2.619056208129542540, 0.000000000000000000, -0.8110516387076346367 ) ) ;
#6546 = CARTESIAN_POINT ( 'NONE',  ( -2.028878938471482929, 0.5999999999999999778, 1.846701588524967796 ) ) ;
#6547 = AXIS2_PLACEMENT_3D ( 'NONE', #4284, #846, #8032 ) ;
#6548 = CARTESIAN_POINT ( 'NONE',  ( 0.3986086914367168443, 0.000000000000000000, -2.366666666666667140 ) ) ;
#6549 = DIRECTION ( 'NONE',  ( 0.9742741305104876126, 0.000000000000000000, -0.2253661878322333889 ) ) ;
#6550 = CARTESIAN_POINT ( 'NONE',  ( 2.726960102849327772, 0.000000000000000000, -0.2845149898690454426 ) ) ;
#6551 = DIRECTION ( 'NONE',  ( 0.000000000000000000, 1.000000000000000000, -0.000000000000000000 ) ) ;
#6552 = VERTEX_POINT ( 'NONE', #5213 ) ;
#6553 = EDGE_CURVE ( 'NONE', #1746, #7265, #8648, .T. ) ;
#6554 = VECTOR ( 'NONE', #592, 100.0000000000000000 ) ;
#6555 = CIRCLE ( 'NONE', #2644, 2.400000000000000355 ) ;
#6556 = DIRECTION ( 'NONE',  ( 0.000000000000000000, 0.000000000000000000, -1.000000000000000000 ) ) ;
#6557 = LINE ( 'NONE', #5153, #7169 ) ;
#6558 = CARTESIAN_POINT ( 'NONE',  ( -1.693987021127793202, 0.5999999999999999778, -2.158023279829201169 ) ) ;
#6559 = DIRECTION ( 'NONE',  ( 0.000000000000000000, 1.000000000000000000, -0.000000000000000000 ) ) ;
#6560 = ORIENTED_EDGE ( 'NONE', *, *, #1204, .F. ) ;
#6561 = EDGE_CURVE ( 'NONE', #4985, #5982, #310, .T. ) ;
#6562 = EDGE_LOOP ( 'NONE', ( #5629, #5491, #4591, #5172 ) ) ;
#6563 = ORIENTED_EDGE ( 'NONE', *, *, #3988, .T. ) ;
#6564 = ADVANCED_FACE ( 'NONE', ( #7237, #7915 ), #4475, .T. ) ;
#6565 = VECTOR ( 'NONE', #7881, 100.0000000000000142 ) ;
#6566 = LINE ( 'NONE', #5255, #681 ) ;
#6567 = LINE ( 'NONE', #7281, #5744 ) ;
#6568 = VERTEX_POINT ( 'NONE', #1135 ) ;
#6569 = DIRECTION ( 'NONE',  ( 0.001479967914598353433, 0.000000000000000000, -0.9999989048468862496 ) ) ;
#6570 = EDGE_LOOP ( 'NONE', ( #4976, #2571, #8681, #7109 ) ) ;
#6571 = ORIENTED_EDGE ( 'NONE', *, *, #156, .T. ) ;
#6572 = ORIENTED_EDGE ( 'NONE', *, *, #4117, .T. ) ;
#6573 = CARTESIAN_POINT ( 'NONE',  ( 0.6973863064759875385, 0.000000000000000000, 2.579234484275229278 ) ) ;
#6574 = PLANE ( 'NONE',  #3546 ) ;
#6575 = AXIS2_PLACEMENT_3D ( 'NONE', #6293, #7775, #1450 ) ;
#6576 = AXIS2_PLACEMENT_3D ( 'NONE', #8429, #2959, #918 ) ;
#6577 = EDGE_CURVE ( 'NONE', #7110, #3116, #7165, .T. ) ;
#6578 = EDGE_CURVE ( 'NONE', #8463, #1494, #3896, .T. ) ;
#6579 = DIRECTION ( 'NONE',  ( 0.000000000000000000, 1.000000000000000000, -0.000000000000000000 ) ) ;
#6580 = CARTESIAN_POINT ( 'NONE',  ( 2.669900510597345900, 0.000000000000000000, 0.1021246730580511464 ) ) ;
#6581 = ORIENTED_EDGE ( 'NONE', *, *, #7380, .T. ) ;
#6582 = CARTESIAN_POINT ( 'NONE',  ( 0.3960907847707367258, 0.4500000000000000666, 0.5465684680071672963 ) ) ;
#6583 = DIRECTION ( 'NONE',  ( 0.000000000000000000, 1.000000000000000000, 0.000000000000000000 ) ) ;
#6584 = ORIENTED_EDGE ( 'NONE', *, *, #952, .F. ) ;
#6585 = VECTOR ( 'NONE', #7506, 100.0000000000000000 ) ;
#6586 = EDGE_CURVE ( 'NONE', #4894, #1374, #3127, .T. ) ;
#6587 = DIRECTION ( 'NONE',  ( 0.000000000000000000, 0.000000000000000000, 1.000000000000000000 ) ) ;
#6588 = EDGE_CURVE ( 'NONE', #5065, #4894, #410, .T. ) ;
#6589 = DIRECTION ( 'NONE',  ( 0.000000000000000000, 0.000000000000000000, 1.000000000000000000 ) ) ;
#6590 = ORIENTED_EDGE ( 'NONE', *, *, #7596, .T. ) ;
#6591 = CIRCLE ( 'NONE', #660, 0.1000000000000000888 ) ;
#6592 = EDGE_LOOP ( 'NONE', ( #3895, #2622, #6139, #3577 ) ) ;
#6593 = CARTESIAN_POINT ( 'NONE',  ( 0.2732470260463688572, 0.000000000000000000, 2.627596965865284684 ) ) ;
#6594 = FACE_OUTER_BOUND ( 'NONE', #5900, .T. ) ;
#6595 = CARTESIAN_POINT ( 'NONE',  ( -1.646280565608930102, 0.000000000000000000, 1.746356292197548843 ) ) ;
#6596 = DIRECTION ( 'NONE',  ( -0.9810729337102092051, 0.000000000000000000, 0.1936385776162479200 ) ) ;
#6597 = CIRCLE ( 'NONE', #2390, 2.400000000000000355 ) ;
#6598 = LINE ( 'NONE', #6550, #6264 ) ;
#6599 = CARTESIAN_POINT ( 'NONE',  ( 2.350168206146098004, 0.000000000000000000, -1.415403089884493593 ) ) ;
#6600 = ORIENTED_EDGE ( 'NONE', *, *, #7713, .F. ) ;
#6601 = VECTOR ( 'NONE', #5140, 100.0000000000000142 ) ;
#6602 = AXIS2_PLACEMENT_3D ( 'NONE', #1147, #5322, #5999 ) ;
#6603 = CARTESIAN_POINT ( 'NONE',  ( 0.7058615068733764542, 0.000000000000000000, -2.545719797107021787 ) ) ;
#6604 = VECTOR ( 'NONE', #5105, 100.0000000000000142 ) ;
#6605 = ADVANCED_FACE ( 'NONE', ( #450 ), #7958, .T. ) ;
#6606 = CARTESIAN_POINT ( 'NONE',  ( -0.1915770065030699965, 0.5999999999999999778, 1.487715782862883529 ) ) ;
#6607 = CARTESIAN_POINT ( 'NONE',  ( 1.257985160453262363, 0.000000000000000000, 2.323015946640732299 ) ) ;
#6608 = FACE_OUTER_BOUND ( 'NONE', #7532, .T. ) ;
#6609 = ORIENTED_EDGE ( 'NONE', *, *, #4948, .T. ) ;
#6610 = ORIENTED_EDGE ( 'NONE', *, *, #5385, .F. ) ;
#6611 = AXIS2_PLACEMENT_3D ( 'NONE', #5484, #2041, #2168 ) ;
#6612 = ORIENTED_EDGE ( 'NONE', *, *, #3675, .F. ) ;
#6613 = EDGE_CURVE ( 'NONE', #586, #6334, #219, .T. ) ;
#6614 = AXIS2_PLACEMENT_3D ( 'NONE', #4613, #1643, #1902 ) ;
#6615 = EDGE_CURVE ( 'NONE', #2117, #2163, #4996, .T. ) ;
#6616 = AXIS2_PLACEMENT_3D ( 'NONE', #7437, #3459, #696 ) ;
#6617 = CARTESIAN_POINT ( 'NONE',  ( 0.000000000000000000, 0.5999999999999999778, 0.000000000000000000 ) ) ;
#6618 = DIRECTION ( 'NONE',  ( -0.9804954788761413020, 0.000000000000000000, -0.1965416391084758019 ) ) ;
#6619 = ORIENTED_EDGE ( 'NONE', *, *, #912, .F. ) ;
#6620 = DIRECTION ( 'NONE',  ( 0.000000000000000000, 1.000000000000000000, -0.000000000000000000 ) ) ;
#6621 = ORIENTED_EDGE ( 'NONE', *, *, #7331, .T. ) ;
#6622 = ORIENTED_EDGE ( 'NONE', *, *, #886, .T. ) ;
#6623 = EDGE_LOOP ( 'NONE', ( #4223, #1706, #6104, #8171, #5332, #6362, #6342, #5741, #1477, #5230, #2229, #2588 ) ) ;
#6624 = DIRECTION ( 'NONE',  ( 0.1965416391084758019, 0.000000000000000000, -0.9804954788761413020 ) ) ;
#6625 = CARTESIAN_POINT ( 'NONE',  ( -0.8526632993066447508, 0.5999999999999999778, 2.243427132316796246 ) ) ;
#6626 = EDGE_LOOP ( 'NONE', ( #5015, #8051, #5522, #6428 ) ) ;
#6627 = ORIENTED_EDGE ( 'NONE', *, *, #3463, .T. ) ;
#6628 = DIRECTION ( 'NONE',  ( -0.9999989048468862496, 0.000000000000000000, -0.001479967914611224865 ) ) ;
#6629 = DIRECTION ( 'NONE',  ( 0.03096438587317042537, -0.000000000000000000, 0.9995204884380797239 ) ) ;
#6630 = ADVANCED_FACE ( 'NONE', ( #3031 ), #3854, .T. ) ;
#6631 = ORIENTED_EDGE ( 'NONE', *, *, #7840, .T. ) ;
#6632 = FACE_OUTER_BOUND ( 'NONE', #3448, .T. ) ;
#6633 = DIRECTION ( 'NONE',  ( -0.6457217067881131367, 0.000000000000000000, -0.7635728369858674203 ) ) ;
#6634 = ORIENTED_EDGE ( 'NONE', *, *, #2517, .F. ) ;
#6635 = ORIENTED_EDGE ( 'NONE', *, *, #395, .T. ) ;
#6636 = CYLINDRICAL_SURFACE ( 'NONE', #512, 1.500000000000000000 ) ;
#6637 = DIRECTION ( 'NONE',  ( 0.000000000000000000, 0.000000000000000000, 1.000000000000000000 ) ) ;
#6638 = DIRECTION ( 'NONE',  ( 0.000000000000000000, 0.000000000000000000, 1.000000000000000000 ) ) ;
#6639 = DIRECTION ( 'NONE',  ( 0.000000000000000000, -0.000000000000000000, 1.000000000000000000 ) ) ;
#6640 = AXIS2_PLACEMENT_3D ( 'NONE', #7567, #7690, #819 ) ;
#6641 = EDGE_CURVE ( 'NONE', #856, #1145, #2685, .T. ) ;
#6642 = DIRECTION ( 'NONE',  ( -0.9995204884380796129, 0.000000000000000000, 0.03096438587317090069 ) ) ;
#6643 = DIRECTION ( 'NONE',  ( 0.000000000000000000, 1.000000000000000000, 0.000000000000000000 ) ) ;
#6644 = ORIENTED_EDGE ( 'NONE', *, *, #5188, .F. ) ;
#6645 = CYLINDRICAL_SURFACE ( 'NONE', #7252, 0.1000000000000000056 ) ;
#6646 = CARTESIAN_POINT ( 'NONE',  ( -0.3960907847707365592, 0.2999999999999999889, -0.5465684680071674073 ) ) ;
#6647 = DIRECTION ( 'NONE',  ( 0.000000000000000000, 0.000000000000000000, 1.000000000000000000 ) ) ;
#6648 = DIRECTION ( 'NONE',  ( -0.1965416391084608416, 0.000000000000000000, 0.9804954788761441886 ) ) ;
#6649 = ORIENTED_EDGE ( 'NONE', *, *, #6194, .F. ) ;
#6650 = VERTEX_POINT ( 'NONE', #7868 ) ;
#6651 = EDGE_CURVE ( 'NONE', #6926, #1435, #2485, .T. ) ;
#6652 = ORIENTED_EDGE ( 'NONE', *, *, #1107, .F. ) ;
#6653 = EDGE_CURVE ( 'NONE', #7477, #7450, #2352, .T. ) ;
#6654 = ORIENTED_EDGE ( 'NONE', *, *, #6855, .T. ) ;
#6655 = DIRECTION ( 'NONE',  ( 0.7060595114480027190, 0.000000000000000000, 0.7081525021447059309 ) ) ;
#6656 = DIRECTION ( 'NONE',  ( 0.000000000000000000, 1.000000000000000000, 0.000000000000000000 ) ) ;
#6657 = DIRECTION ( 'NONE',  ( 0.000000000000000000, 0.000000000000000000, 1.000000000000000000 ) ) ;
#6658 = ORIENTED_EDGE ( 'NONE', *, *, #5375, .F. ) ;
#6659 = ORIENTED_EDGE ( 'NONE', *, *, #7944, .F. ) ;
#6660 = AXIS2_PLACEMENT_3D ( 'NONE', #6607, #5884, #7406 ) ;
#6661 = ORIENTED_EDGE ( 'NONE', *, *, #3551, .F. ) ;
#6662 = EDGE_CURVE ( 'NONE', #1058, #5340, #4418, .T. ) ;
#6663 = PLANE ( 'NONE',  #5666 ) ;
#6664 = DIRECTION ( 'NONE',  ( 0.000000000000000000, 0.000000000000000000, 1.000000000000000000 ) ) ;
#6665 = VERTEX_POINT ( 'NONE', #8598 ) ;
#6666 = ORIENTED_EDGE ( 'NONE', *, *, #8676, .F. ) ;
#6667 = LINE ( 'NONE', #6803, #4254 ) ;
#6668 = CARTESIAN_POINT ( 'NONE',  ( -0.4082915092341266039, 0.5999999999999999778, -2.712923616234249380 ) ) ;
#6669 = ADVANCED_FACE ( 'NONE', ( #3211 ), #5171, .T. ) ;
#6670 = ORIENTED_EDGE ( 'NONE', *, *, #2185, .T. ) ;
#6671 = EDGE_CURVE ( 'NONE', #8395, #906, #5442, .T. ) ;
#6672 = DIRECTION ( 'NONE',  ( 0.000000000000000000, 0.000000000000000000, 1.000000000000000000 ) ) ;
#6673 = DIRECTION ( 'NONE',  ( -0.4111072935797187577, 0.000000000000000000, -0.9115869641266043377 ) ) ;
#6674 = VERTEX_POINT ( 'NONE', #543 ) ;
#6675 = ORIENTED_EDGE ( 'NONE', *, *, #3320, .T. ) ;
#6676 = CARTESIAN_POINT ( 'NONE',  ( 1.960117804982663303, 0.000000000000000000, -1.815691707290981505 ) ) ;
#6677 = DIRECTION ( 'NONE',  ( 0.000000000000000000, 1.000000000000000000, 0.000000000000000000 ) ) ;
#6678 = DIRECTION ( 'NONE',  ( 0.000000000000000000, 1.000000000000000000, -0.000000000000000000 ) ) ;
#6679 = DIRECTION ( 'NONE',  ( 0.7822800159049736468, -0.000000000000000000, 0.6229269433213771023 ) ) ;
#6680 = CARTESIAN_POINT ( 'NONE',  ( -1.273950534763421238, 0.000000000000000000, 2.033973951400467328 ) ) ;
#6681 = ORIENTED_EDGE ( 'NONE', *, *, #3249, .F. ) ;
#6682 = DIRECTION ( 'NONE',  ( -0.000000000000000000, -1.000000000000000000, -0.000000000000000000 ) ) ;
#6683 = AXIS2_PLACEMENT_3D ( 'NONE', #5280, #1197, #1798 ) ;
#6684 = EDGE_CURVE ( 'NONE', #1030, #6331, #3937, .T. ) ;
#6685 = EDGE_CURVE ( 'NONE', #4865, #635, #1956, .T. ) ;
#6686 = DIRECTION ( 'NONE',  ( 0.000000000000000000, 0.000000000000000000, 1.000000000000000000 ) ) ;
#6687 = CARTESIAN_POINT ( 'NONE',  ( 2.339055835819626950, 0.000000000000000000, -0.5374177117646692370 ) ) ;
#6688 = CARTESIAN_POINT ( 'NONE',  ( 1.330667607685506848, 0.000000000000000000, -2.316920780517059963 ) ) ;
#6689 = LINE ( 'NONE', #8769, #5833 ) ;
#6690 = ORIENTED_EDGE ( 'NONE', *, *, #7712, .F. ) ;
#6691 = AXIS2_PLACEMENT_3D ( 'NONE', #8758, #2560, #6095 ) ;
#6692 = VECTOR ( 'NONE', #7636, 100.0000000000000000 ) ;
#6693 = ORIENTED_EDGE ( 'NONE', *, *, #5251, .F. ) ;
#6694 = AXIS2_PLACEMENT_3D ( 'NONE', #6870, #6954, #2701 ) ;
#6695 = DIRECTION ( 'NONE',  ( 0.000000000000000000, 0.000000000000000000, -1.000000000000000000 ) ) ;
#6696 = AXIS2_PLACEMENT_3D ( 'NONE', #5559, #1440, #1476 ) ;
#6697 = ADVANCED_FACE ( 'NONE', ( #8238 ), #6118, .T. ) ;
#6698 = PRODUCT_DEFINITION_FORMATION_WITH_SPECIFIED_SOURCE ( 'ANY', '', #3449, .NOT_KNOWN. ) ;
#6699 = ORIENTED_EDGE ( 'NONE', *, *, #1747, .F. ) ;
#6700 = DIRECTION ( 'NONE',  ( -8.673617379884027583E-15, 0.000000000000000000, 1.000000000000000000 ) ) ;
#6701 = DIRECTION ( 'NONE',  ( 0.000000000000000000, 0.000000000000000000, -1.000000000000000000 ) ) ;
#6702 = ORIENTED_EDGE ( 'NONE', *, *, #912, .T. ) ;
#6703 = DIRECTION ( 'NONE',  ( -0.000000000000000000, -1.000000000000000000, -0.000000000000000000 ) ) ;
#6704 = ORIENTED_EDGE ( 'NONE', *, *, #5272, .T. ) ;
#6705 = ORIENTED_EDGE ( 'NONE', *, *, #247, .T. ) ;
#6706 = EDGE_LOOP ( 'NONE', ( #464, #2158, #4994, #7156 ) ) ;
#6707 = AXIS2_PLACEMENT_3D ( 'NONE', #3962, #8030, #5330 ) ;
#6708 = DIRECTION ( 'NONE',  ( 0.7071067811865476838, 0.000000000000000000, 0.7071067811865474617 ) ) ;
#6709 = CYLINDRICAL_SURFACE ( 'NONE', #6491, 0.3500050000000000106 ) ;
#6710 = EDGE_CURVE ( 'NONE', #1277, #2144, #4857, .T. ) ;
#6711 = ORIENTED_EDGE ( 'NONE', *, *, #7896, .T. ) ;
#6712 = ORIENTED_EDGE ( 'NONE', *, *, #4126, .T. ) ;
#6713 = CIRCLE ( 'NONE', #2663, 0.1500000000000000500 ) ;
#6714 = DIRECTION ( 'NONE',  ( 0.000000000000000000, 0.000000000000000000, 1.000000000000000000 ) ) ;
#6715 = CARTESIAN_POINT ( 'NONE',  ( -0.8274237474220257349, 0.000000000000000000, -2.508844294584655632 ) ) ;
#6716 = VERTEX_POINT ( 'NONE', #3446 ) ;
#6717 = FACE_OUTER_BOUND ( 'NONE', #8014, .T. ) ;
#6718 = VECTOR ( 'NONE', #5736, 100.0000000000000000 ) ;
#6719 = PLANE ( 'NONE',  #2539 ) ;
#6720 = ADVANCED_FACE ( 'NONE', ( #6072 ), #8959, .T. ) ;
#6721 = ORIENTED_EDGE ( 'NONE', *, *, #631, .F. ) ;
#6722 = ADVANCED_FACE ( 'NONE', ( #3346 ), #4619, .T. ) ;
#6723 = VERTEX_POINT ( 'NONE', #7422 ) ;
#6724 = DIRECTION ( 'NONE',  ( 0.000000000000000000, 1.000000000000000000, 0.000000000000000000 ) ) ;
#6725 = DIRECTION ( 'NONE',  ( 0.000000000000000000, 1.000000000000000000, 0.000000000000000000 ) ) ;
#6726 = CARTESIAN_POINT ( 'NONE',  ( -2.350168206146002081, 0.000000000000000000, 1.415403089884399002 ) ) ;
#6727 = DIRECTION ( 'NONE',  ( 0.9659258262890679791, 0.000000000000000000, -0.2588190451025217942 ) ) ;
#6728 = ORIENTED_EDGE ( 'NONE', *, *, #6286, .T. ) ;
#6729 = VECTOR ( 'NONE', #8609, 100.0000000000000142 ) ;
#6730 = DIRECTION ( 'NONE',  ( -0.000000000000000000, -1.000000000000000000, 0.000000000000000000 ) ) ;
#6731 = FACE_OUTER_BOUND ( 'NONE', #8299, .T. ) ;
#6732 = CARTESIAN_POINT ( 'NONE',  ( 0.7071067811865463515, 0.2999999999999999889, -1.057111781186548694 ) ) ;
#6733 = DIRECTION ( 'NONE',  ( -1.734723475976805517E-15, 0.000000000000000000, 1.000000000000000000 ) ) ;
#6734 = ORIENTED_EDGE ( 'NONE', *, *, #6360, .F. ) ;
#6735 = ORIENTED_EDGE ( 'NONE', *, *, #7095, .F. ) ;
#6736 = CARTESIAN_POINT ( 'NONE',  ( 2.022465555004995252, 0.5999999999999999778, -0.3348627761014013604 ) ) ;
#6737 = CARTESIAN_POINT ( 'NONE',  ( 0.000000000000000000, 0.000000000000000000, 0.000000000000000000 ) ) ;
#6738 = ORIENTED_EDGE ( 'NONE', *, *, #5730, .F. ) ;
#6739 = VECTOR ( 'NONE', #7284, 100.0000000000000142 ) ;
#6740 = VECTOR ( 'NONE', #425, 100.0000000000000000 ) ;
#6741 = EDGE_CURVE ( 'NONE', #1494, #5303, #82, .T. ) ;
#6742 = CIRCLE ( 'NONE', #89, 2.400000000000000355 ) ;
#6743 = LINE ( 'NONE', #1167, #1264 ) ;
#6744 = EDGE_LOOP ( 'NONE', ( #1217, #6627, #6210, #452 ) ) ;
#6745 = VECTOR ( 'NONE', #2148, 100.0000000000000000 ) ;
#6746 = CARTESIAN_POINT ( 'NONE',  ( -2.398956528258401111, 0.000000000000000000, 0.07076422490293553247 ) ) ;
#6747 = LINE ( 'NONE', #360, #8774 ) ;
#6748 = ORIENTED_EDGE ( 'NONE', *, *, #2425, .F. ) ;
#6749 = AXIS2_PLACEMENT_3D ( 'NONE', #3588, #818, #2141 ) ;
#6750 = CARTESIAN_POINT ( 'NONE',  ( -1.234778102581629788, 0.000000000000000000, 2.447975330630697943 ) ) ;
#6751 = ORIENTED_EDGE ( 'NONE', *, *, #7293, .F. ) ;
#6752 = EDGE_CURVE ( 'NONE', #206, #5339, #6886, .T. ) ;
#6753 = ORIENTED_EDGE ( 'NONE', *, *, #6710, .T. ) ;
#6754 = EDGE_CURVE ( 'NONE', #5779, #7351, #8196, .T. ) ;
#6755 = VECTOR ( 'NONE', #1563, 100.0000000000000142 ) ;
#6756 = CIRCLE ( 'NONE', #8479, 0.1000000000000000888 ) ;
#6757 = CARTESIAN_POINT ( 'NONE',  ( -2.730068450113363188, 0.000000000000000000, -0.2529554104724597852 ) ) ;
#6758 = PERSON_AND_ORGANIZATION_ROLE ( 'creator' ) ;
#6759 = DIRECTION ( 'NONE',  ( 0.000000000000000000, 1.000000000000000000, 0.000000000000000000 ) ) ;
#6760 = ORIENTED_EDGE ( 'NONE', *, *, #952, .T. ) ;
#6761 = ORIENTED_EDGE ( 'NONE', *, *, #3881, .F. ) ;
#6762 = CARTESIAN_POINT ( 'NONE',  ( -2.243427132316819339, 0.000000000000000000, -0.8526632993067863042 ) ) ;
#6763 = DIRECTION ( 'NONE',  ( 0.000000000000000000, 1.000000000000000000, 0.000000000000000000 ) ) ;
#6764 = EDGE_CURVE ( 'NONE', #5977, #1277, #4032, .T. ) ;
#6765 = ORIENTED_EDGE ( 'NONE', *, *, #6764, .T. ) ;
#6766 = EDGE_CURVE ( 'NONE', #8376, #3526, #8605, .T. ) ;
#6767 = DIRECTION ( 'NONE',  ( 0.000000000000000000, 1.000000000000000000, 0.000000000000000000 ) ) ;
#6768 = CARTESIAN_POINT ( 'NONE',  ( 1.306420027913691495, 0.000000000000000000, 2.410503452114889367 ) ) ;
#6769 = EDGE_LOOP ( 'NONE', ( #4836, #5504, #3033, #1214 ) ) ;
#6770 = VERTEX_POINT ( 'NONE', #6750 ) ;
#6771 = LINE ( 'NONE', #8165, #8037 ) ;
#6772 = DIRECTION ( 'NONE',  ( -0.000000000000000000, -1.000000000000000000, -0.000000000000000000 ) ) ;
#6773 = LINE ( 'NONE', #6228, #3574 ) ;
#6774 = CARTESIAN_POINT ( 'NONE',  ( 0.3986086914367168443, 0.000000000000000000, -2.366666666666667140 ) ) ;
#6775 = VERTEX_POINT ( 'NONE', #5350 ) ;
#6776 = EDGE_CURVE ( 'NONE', #2497, #2264, #5869, .T. ) ;
#6777 = EDGE_CURVE ( 'NONE', #3051, #2761, #2005, .T. ) ;
#6778 = LINE ( 'NONE', #568, #220 ) ;
#6780 = CIRCLE ( 'NONE', #2156, 0.1000000000000000888 ) ;
#6779 = CARTESIAN_POINT ( 'NONE',  ( 2.217310878027110910, 0.000000000000000000, -0.9184402376763248776 ) ) ;
#6781 = CARTESIAN_POINT ( 'NONE',  ( 2.482548156321914945, 0.000000000000000000, 1.167737622746210180 ) ) ;
#6782 = DIRECTION ( 'NONE',  ( -0.000000000000000000, -1.000000000000000000, -0.000000000000000000 ) ) ;
#6783 = CARTESIAN_POINT ( 'NONE',  ( -1.815691707290889578, 0.000000000000000000, -1.960117804982664413 ) ) ;
#6784 = ORIENTED_EDGE ( 'NONE', *, *, #4914, .F. ) ;
#6785 = DIRECTION ( 'NONE',  ( 0.000000000000000000, 1.000000000000000000, 0.000000000000000000 ) ) ;
#6786 = CARTESIAN_POINT ( 'NONE',  ( 2.634511253708374579, 0.000000000000000000, 0.1956532809641159110 ) ) ;
#6787 = ORIENTED_EDGE ( 'NONE', *, *, #1354, .F. ) ;
#6788 = EDGE_CURVE ( 'NONE', #4315, #1210, #6169, .T. ) ;
#6789 = DIRECTION ( 'NONE',  ( 0.000000000000000000, 1.000000000000000000, 0.000000000000000000 ) ) ;
#6790 = ORIENTED_EDGE ( 'NONE', *, *, #2716, .F. ) ;
#6791 = PLANE ( 'NONE',  #950 ) ;
#6792 = DIRECTION ( 'NONE',  ( 0.000000000000000000, 1.000000000000000000, -0.000000000000000000 ) ) ;
#6793 = DIRECTION ( 'NONE',  ( 0.000000000000000000, 1.000000000000000000, 0.000000000000000000 ) ) ;
#6794 = ORIENTED_EDGE ( 'NONE', *, *, #7648, .F. ) ;
#6795 = ORIENTED_EDGE ( 'NONE', *, *, #2919, .T. ) ;
#6796 = VERTEX_POINT ( 'NONE', #1868 ) ;
#6797 = CARTESIAN_POINT ( 'NONE',  ( 0.3960907847707368368, 0.5999999999999999778, 0.5465684680071674073 ) ) ;
#6798 = COORDINATED_UNIVERSAL_TIME_OFFSET ( 9, 0, .AHEAD. ) ;
#6799 = CARTESIAN_POINT ( 'NONE',  ( 2.628261797879757999, 0.5999999999999999778, 0.7807048762483506099 ) ) ;
#6800 = EDGE_CURVE ( 'NONE', #3027, #5182, #373, .T. ) ;
#6801 = VERTEX_POINT ( 'NONE', #8780 ) ;
#6802 = ORIENTED_EDGE ( 'NONE', *, *, #5837, .T. ) ;
#6803 = CARTESIAN_POINT ( 'NONE',  ( -0.2529554104723650831, 0.000000000000000000, 2.730068450113364520 ) ) ;
#6804 = DIRECTION ( 'NONE',  ( 0.000000000000000000, 0.000000000000000000, 1.000000000000000000 ) ) ;
#6805 = AXIS2_PLACEMENT_3D ( 'NONE', #7587, #8226, #6872 ) ;
#6806 = CARTESIAN_POINT ( 'NONE',  ( 1.955344957562959562, 0.000000000000000000, -1.391627140053462108 ) ) ;
#6807 = FACE_OUTER_BOUND ( 'NONE', #7999, .T. ) ;
#6808 = ORIENTED_EDGE ( 'NONE', *, *, #7160, .T. ) ;
#6809 = ADVANCED_FACE ( 'NONE', ( #1907 ), #3303, .T. ) ;
#6810 = AXIS2_PLACEMENT_3D ( 'NONE', #830, #4350, #1597 ) ;
#6811 = VERTEX_POINT ( 'NONE', #5613 ) ;
#6812 = DIRECTION ( 'NONE',  ( 0.000000000000000000, 0.000000000000000000, 1.000000000000000000 ) ) ;
#6813 = DIRECTION ( 'NONE',  ( 0.000000000000000000, 0.000000000000000000, -1.000000000000000000 ) ) ;
#6814 = DIRECTION ( 'NONE',  ( 0.000000000000000000, 1.000000000000000000, 0.000000000000000000 ) ) ;
#6815 = DIRECTION ( 'NONE',  ( 0.000000000000000000, 1.000000000000000000, -0.000000000000000000 ) ) ;
#6816 = DIRECTION ( 'NONE',  ( -0.03096438587316997781, 0.000000000000000000, -0.9995204884380797239 ) ) ;
#6817 = VERTEX_POINT ( 'NONE', #40 ) ;
#6818 = CARTESIAN_POINT ( 'NONE',  ( 2.508844294584677836, 0.5999999999999999778, -0.8274237474221348698 ) ) ;
#6819 = LINE ( 'NONE', #4745, #8033 ) ;
#6820 = DIRECTION ( 'NONE',  ( 0.000000000000000000, 1.000000000000000000, 0.000000000000000000 ) ) ;
#6821 = EDGE_CURVE ( 'NONE', #2283, #7344, #165, .T. ) ;
#6822 = DIRECTION ( 'NONE',  ( -0.7635728369858674203, 0.000000000000000000, 0.6457217067881131367 ) ) ;
#6823 = AXIS2_PLACEMENT_3D ( 'NONE', #3769, #4584, #7341 ) ;
#6824 = CYLINDRICAL_SURFACE ( 'NONE', #4094, 0.1499999999999999667 ) ;
#6825 = VERTEX_POINT ( 'NONE', #2134 ) ;
#6826 = FACE_OUTER_BOUND ( 'NONE', #111, .T. ) ;
#6827 = DIRECTION ( 'NONE',  ( 0.6457217067881142469, 0.000000000000000000, 0.7635728369858664211 ) ) ;
#6828 = ORIENTED_EDGE ( 'NONE', *, *, #2266, .T. ) ;
#6829 = AXIS2_PLACEMENT_3D ( 'NONE', #4638, #3101, #2464 ) ;
#6830 = CARTESIAN_POINT ( 'NONE',  ( -1.167737622746208181, 0.000000000000000000, 2.482548156321819910 ) ) ;
#6831 = AXIS2_PLACEMENT_3D ( 'NONE', #6905, #8253, #8160 ) ;
#6832 = ORIENTED_EDGE ( 'NONE', *, *, #461, .T. ) ;
#6833 = EDGE_CURVE ( 'NONE', #8486, #3171, #5699, .T. ) ;
#6834 = DIRECTION ( 'NONE',  ( -0.000000000000000000, -1.000000000000000000, 0.000000000000000000 ) ) ;
#6835 = CARTESIAN_POINT ( 'NONE',  ( -2.735459543879542377, 0.5999999999999999778, 0.2095652352662545348 ) ) ;
#6836 = EDGE_CURVE ( 'NONE', #1422, #7385, #8011, .T. ) ;
#6837 = VECTOR ( 'NONE', #1345, 100.0000000000000000 ) ;
#6838 = DIRECTION ( 'NONE',  ( 0.000000000000000000, 0.000000000000000000, 1.000000000000000000 ) ) ;
#6839 = ORIENTED_EDGE ( 'NONE', *, *, #1071, .T. ) ;
#6840 = ORIENTED_EDGE ( 'NONE', *, *, #1779, .T. ) ;
#6841 = EDGE_LOOP ( 'NONE', ( #723, #3873, #2126, #5963 ) ) ;
#6842 = VECTOR ( 'NONE', #3695, 100.0000000000000000 ) ;
#6843 = VECTOR ( 'NONE', #252, 100.0000000000000000 ) ;
#6844 = AXIS2_PLACEMENT_3D ( 'NONE', #8895, #1299, #7398 ) ;
#6845 = CIRCLE ( 'NONE', #7413, 0.1000000000000000888 ) ;
#6846 = CARTESIAN_POINT ( 'NONE',  ( 2.189266539367835218, 0.5999999999999999778, -0.9834185373505203165 ) ) ;
#6847 = PLANE ( 'NONE',  #3658 ) ;
#6848 = CARTESIAN_POINT ( 'NONE',  ( 0.000000000000000000, 0.2999999999999999889, 0.000000000000000000 ) ) ;
#6849 = ORIENTED_EDGE ( 'NONE', *, *, #2532, .F. ) ;
#6850 = AXIS2_PLACEMENT_3D ( 'NONE', #7717, #202, #3607 ) ;
#6851 = ORIENTED_EDGE ( 'NONE', *, *, #1541, .T. ) ;
#6852 = CARTESIAN_POINT ( 'NONE',  ( 1.391627140053462997, 0.000000000000000000, 1.955344957562864305 ) ) ;
#6853 = DIRECTION ( 'NONE',  ( 0.000000000000000000, 0.000000000000000000, 1.000000000000000000 ) ) ;
#6854 = EDGE_CURVE ( 'NONE', #8398, #6211, #2804, .T. ) ;
#6855 = EDGE_CURVE ( 'NONE', #5082, #6811, #8368, .T. ) ;
#6856 = CARTESIAN_POINT ( 'NONE',  ( 0.2732470260463688572, 0.000000000000000000, 2.627596965865284684 ) ) ;
#6857 = DIRECTION ( 'NONE',  ( -0.7081525021447057089, 0.000000000000000000, 0.7060595114480030521 ) ) ;
#6858 = ORIENTED_EDGE ( 'NONE', *, *, #841, .T. ) ;
#6859 = VECTOR ( 'NONE', #7309, 100.0000000000000000 ) ;
#6860 = ORIENTED_EDGE ( 'NONE', *, *, #2325, .F. ) ;
#6861 = LINE ( 'NONE', #4305, #8173 ) ;
#6862 = DIRECTION ( 'NONE',  ( -0.5568001729333027505, 0.000000000000000000, 0.8306464755968354652 ) ) ;
#6863 = CARTESIAN_POINT ( 'NONE',  ( 1.333368559247149587, 0.000000000000000000, 1.995527069526024988 ) ) ;
#6864 = CARTESIAN_POINT ( 'NONE',  ( -0.1021246730580500084, 0.5999999999999999778, 2.669900510597250864 ) ) ;
#6865 = DIRECTION ( 'NONE',  ( -0.1936385776162455608, 0.000000000000000000, -0.9810729337102095382 ) ) ;
#6866 = VERTEX_POINT ( 'NONE', #2889 ) ;
#6867 = EDGE_CURVE ( 'NONE', #8560, #7725, #5571, .T. ) ;
#6868 = CIRCLE ( 'NONE', #1376, 0.1000000000000000888 ) ;
#6869 = AXIS2_PLACEMENT_3D ( 'NONE', #6762, #462, #6628 ) ;
#6870 = CARTESIAN_POINT ( 'NONE',  ( 0.7530904910857149082, 0.5999999999999999778, -2.532150166262744584 ) ) ;
#6871 = CYLINDRICAL_SURFACE ( 'NONE', #3575, 0.1000000000000000888 ) ;
#6872 = DIRECTION ( 'NONE',  ( -0.9352860790606477570, 0.000000000000000000, -0.3538925688897123778 ) ) ;
#6873 = LINE ( 'NONE', #8085, #3118 ) ;
#6874 = DIRECTION ( 'NONE',  ( -0.7071067811865476838, 0.000000000000000000, -0.7071067811865473507 ) ) ;
#6875 = ORIENTED_EDGE ( 'NONE', *, *, #8747, .T. ) ;
#6876 = FACE_OUTER_BOUND ( 'NONE', #8473, .T. ) ;
#6877 = CARTESIAN_POINT ( 'NONE',  ( -0.8110516387075223932, 0.5999999999999999778, -2.619056208129521224 ) ) ;
#6878 = ORIENTED_EDGE ( 'NONE', *, *, #6974, .F. ) ;
#6879 = AXIS2_PLACEMENT_3D ( 'NONE', #8907, #2712, #4920 ) ;
#6880 = ADVANCED_FACE ( 'NONE', ( #3487 ), #3616, .T. ) ;
#6881 = CYLINDRICAL_SURFACE ( 'NONE', #3278, 2.400000000000000355 ) ;
#6882 = ORIENTED_EDGE ( 'NONE', *, *, #6766, .F. ) ;
#6883 = LINE ( 'NONE', #4842, #6455 ) ;
#6884 = CARTESIAN_POINT ( 'NONE',  ( 2.630416277254280732, 0.000000000000000000, 0.2446220771390327231 ) ) ;
#6885 = VECTOR ( 'NONE', #4777, 99.99999999999998579 ) ;
#6886 = LINE ( 'NONE', #2671, #2389 ) ;
#6887 = EDGE_LOOP ( 'NONE', ( #6690, #8197, #413, #5496 ) ) ;
#6888 = ORIENTED_EDGE ( 'NONE', *, *, #2479, .F. ) ;
#6889 = AXIS2_PLACEMENT_3D ( 'NONE', #4873, #7629, #1434 ) ;
#6890 = VERTEX_POINT ( 'NONE', #8404 ) ;
#6891 = AXIS2_PLACEMENT_3D ( 'NONE', #1172, #3255, #6027 ) ;
#6892 = VECTOR ( 'NONE', #8805, 100.0000000000000000 ) ;
#6893 = EDGE_CURVE ( 'NONE', #6482, #6368, #2217, .T. ) ;
#6894 = CIRCLE ( 'NONE', #2981, 1.500000000000000000 ) ;
#6895 = EDGE_CURVE ( 'NONE', #4297, #8880, #7059, .T. ) ;
#6896 = CIRCLE ( 'NONE', #2842, 0.1000000000000000888 ) ;
#6897 = CARTESIAN_POINT ( 'NONE',  ( 0.1915770065031300040, 0.5999999999999999778, -1.487715782862875979 ) ) ;
#6898 = CARTESIAN_POINT ( 'NONE',  ( -0.4082915092341266039, 0.000000000000000000, -2.712923616234249380 ) ) ;
#6899 = CIRCLE ( 'NONE', #7747, 0.6750000000000000444 ) ;
#6900 = ORIENTED_EDGE ( 'NONE', *, *, #5998, .F. ) ;
#6901 = ORIENTED_EDGE ( 'NONE', *, *, #415, .F. ) ;
#6902 = DIRECTION ( 'NONE',  ( 0.8138680219351948075, 0.000000000000000000, -0.5810497765865616504 ) ) ;
#6903 = CARTESIAN_POINT ( 'NONE',  ( 0.000000000000000000, 0.5999999999999999778, 0.000000000000000000 ) ) ;
#6904 = AXIS2_PLACEMENT_3D ( 'NONE', #5115, #6433, #8594 ) ;
#6905 = CARTESIAN_POINT ( 'NONE',  ( -2.081816911831186001, 0.000000000000000000, -1.626335788784575520 ) ) ;
#6906 = CARTESIAN_POINT ( 'NONE',  ( 2.189266539367835218, 0.000000000000000000, -0.9834185373505203165 ) ) ;
#6907 = ORIENTED_EDGE ( 'NONE', *, *, #2020, .F. ) ;
#6908 = ORIENTED_EDGE ( 'NONE', *, *, #2543, .F. ) ;
#6909 = AXIS2_PLACEMENT_3D ( 'NONE', #7882, #5951, #1699 ) ;
#6910 = CARTESIAN_POINT ( 'NONE',  ( 0.7071067811865463515, 0.2999999999999999889, -0.7071067811865486830 ) ) ;
#6911 = DIRECTION ( 'NONE',  ( -0.000000000000000000, -1.000000000000000000, 0.000000000000000000 ) ) ;
#6912 = FACE_OUTER_BOUND ( 'NONE', #3736, .T. ) ;
#6913 = ORIENTED_EDGE ( 'NONE', *, *, #8644, .T. ) ;
#6914 = CARTESIAN_POINT ( 'NONE',  ( -0.8705754329430767102, 0.000000000000000000, -1.153418145417695717 ) ) ;
#6915 = ORIENTED_EDGE ( 'NONE', *, *, #8350, .F. ) ;
#6916 = DIRECTION ( 'NONE',  ( -0.000000000000000000, -1.000000000000000000, -0.000000000000000000 ) ) ;
#6917 = CARTESIAN_POINT ( 'NONE',  ( -2.532150166262673530, 0.000000000000000000, -0.7530904910857644241 ) ) ;
#6918 = ADVANCED_FACE ( 'NONE', ( #7600, #83, #2936, #8449, #2982, #2262, #2853, #5022 ), #7644, .T. ) ;
#6919 = FACE_OUTER_BOUND ( 'NONE', #917, .T. ) ;
#6920 = CARTESIAN_POINT ( 'NONE',  ( 2.129434459435529448, 0.000000000000000000, 1.727069502064252804 ) ) ;
#6921 = ORIENTED_EDGE ( 'NONE', *, *, #8936, .T. ) ;
#6922 = DIRECTION ( 'NONE',  ( 0.000000000000000000, 0.000000000000000000, 1.000000000000000000 ) ) ;
#6923 = DIRECTION ( 'NONE',  ( 0.7071067811865474617, 0.000000000000000000, 0.7071067811865476838 ) ) ;
#6924 = VERTEX_POINT ( 'NONE', #1583 ) ;
#6925 = LINE ( 'NONE', #1314, #7903 ) ;
#6926 = VERTEX_POINT ( 'NONE', #4336 ) ;
#6927 = CARTESIAN_POINT ( 'NONE',  ( 1.116077586671511357, 0.5999999999999999778, -2.427585015167288862 ) ) ;
#6928 = CARTESIAN_POINT ( 'NONE',  ( -2.532150166262673530, 0.5999999999999999778, -0.7530904910857644241 ) ) ;
#6929 = EDGE_CURVE ( 'NONE', #3409, #3469, #7722, .T. ) ;
#6930 = CARTESIAN_POINT ( 'NONE',  ( -0.4682167728387174321, 0.000000000000000000, -2.353884672967752056 ) ) ;
#6931 = ORIENTED_EDGE ( 'NONE', *, *, #298, .T. ) ;
#6932 = ORIENTED_EDGE ( 'NONE', *, *, #698, .T. ) ;
#6933 = ORIENTED_EDGE ( 'NONE', *, *, #6412, .F. ) ;
#6934 = EDGE_CURVE ( 'NONE', #8383, #7032, #213, .T. ) ;
#6935 = CARTESIAN_POINT ( 'NONE',  ( 2.339055835819626950, 0.000000000000000000, -0.5374177117646692370 ) ) ;
#6936 = LINE ( 'NONE', #4211, #5588 ) ;
#6937 = DIRECTION ( 'NONE',  ( 0.000000000000000000, 1.000000000000000000, -0.000000000000000000 ) ) ;
#6938 = EDGE_LOOP ( 'NONE', ( #8387, #1416, #17, #8682 ) ) ;
#6939 = VERTEX_POINT ( 'NONE', #1411 ) ;
#6940 = EDGE_CURVE ( 'NONE', #8507, #6480, #4167, .T. ) ;
#6941 = FACE_OUTER_BOUND ( 'NONE', #3912, .T. ) ;
#6942 = DIRECTION ( 'NONE',  ( -0.9999989048468862496, 0.000000000000000000, -0.001479967914611224865 ) ) ;
#6943 = CARTESIAN_POINT ( 'NONE',  ( 1.751583428095819128, 0.5999999999999999778, 2.109316400261462832 ) ) ;
#6944 = CIRCLE ( 'NONE', #6660, 0.1000000000000000888 ) ;
#6945 = CARTESIAN_POINT ( 'NONE',  ( 2.628261797879757999, 0.000000000000000000, 0.7807048762483506099 ) ) ;
#6946 = EDGE_CURVE ( 'NONE', #1042, #7604, #2687, .T. ) ;
#6947 = ORIENTED_EDGE ( 'NONE', *, *, #4705, .F. ) ;
#6948 = EDGE_CURVE ( 'NONE', #4048, #2470, #1029, .T. ) ;
#6949 = CARTESIAN_POINT ( 'NONE',  ( 2.393621897785627617, 0.5999999999999999778, -1.187169910238791370 ) ) ;
#6950 = DIRECTION ( 'NONE',  ( 0.000000000000000000, 0.000000000000000000, 1.000000000000000000 ) ) ;
#6951 = VECTOR ( 'NONE', #2198, 100.0000000000000000 ) ;
#6952 = DIRECTION ( 'NONE',  ( -0.000000000000000000, -1.000000000000000000, -0.000000000000000000 ) ) ;
#6953 = ORIENTED_EDGE ( 'NONE', *, *, #4692, .F. ) ;
#6954 = DIRECTION ( 'NONE',  ( 0.000000000000000000, 1.000000000000000000, -0.000000000000000000 ) ) ;
#6955 = EDGE_LOOP ( 'NONE', ( #6734, #6659, #3629, #3628, #3779, #1773 ) ) ;
#6956 = DIRECTION ( 'NONE',  ( 0.000000000000000000, 0.000000000000000000, 1.000000000000000000 ) ) ;
#6957 = CARTESIAN_POINT ( 'NONE',  ( -2.532150166262673530, 0.000000000000000000, -0.7530904910857644241 ) ) ;
#6958 = CARTESIAN_POINT ( 'NONE',  ( -0.3220737908087550894, 0.000000000000000000, -2.622059920280611856 ) ) ;
#6959 = CYLINDRICAL_SURFACE ( 'NONE', #4963, 2.050000000000000266 ) ;
#6960 = EDGE_LOOP ( 'NONE', ( #1156, #5567, #1921, #1458 ) ) ;
#6961 = LINE ( 'NONE', #754, #8122 ) ;
#6962 = DIRECTION ( 'NONE',  ( 0.000000000000000000, 1.000000000000000000, -0.000000000000000000 ) ) ;
#6963 = VERTEX_POINT ( 'NONE', #2301 ) ;
#6964 = EDGE_CURVE ( 'NONE', #7935, #4656, #1669, .T. ) ;
#6965 = EDGE_CURVE ( 'NONE', #3685, #6497, #6868, .T. ) ;
#6966 = CARTESIAN_POINT ( 'NONE',  ( 0.000000000000000000, 0.5999999999999999778, 0.000000000000000000 ) ) ;
#6967 = ORIENTED_EDGE ( 'NONE', *, *, #2770, .F. ) ;
#6968 = CARTESIAN_POINT ( 'NONE',  ( 2.545719797107024895, 0.000000000000000000, 0.7058615068732734255 ) ) ;
#6969 = DIRECTION ( 'NONE',  ( 0.1126796382267744728, 0.000000000000000000, 0.9936313698394809713 ) ) ;
#6970 = DIRECTION ( 'NONE',  ( 0.000000000000000000, 0.000000000000000000, 1.000000000000000000 ) ) ;
#6971 = ORIENTED_EDGE ( 'NONE', *, *, #5112, .T. ) ;
#6972 = VERTEX_POINT ( 'NONE', #6473 ) ;
#6973 = ORIENTED_EDGE ( 'NONE', *, *, #3826, .F. ) ;
#6974 = EDGE_CURVE ( 'NONE', #1423, #4077, #7311, .T. ) ;
#6975 = AXIS2_PLACEMENT_3D ( 'NONE', #8492, #4834, #5562 ) ;
#6976 = VECTOR ( 'NONE', #934, 100.0000000000000142 ) ;
#6977 = CARTESIAN_POINT ( 'NONE',  ( 1.995527069526194852, 0.000000000000000000, 1.333368559246942198 ) ) ;
#6978 = DIRECTION ( 'NONE',  ( 0.000000000000000000, 0.000000000000000000, -1.000000000000000000 ) ) ;
#6979 = VECTOR ( 'NONE', #5199, 100.0000000000000000 ) ;
#6980 = ORIENTED_EDGE ( 'NONE', *, *, #1959, .T. ) ;
#6981 = ORIENTED_EDGE ( 'NONE', *, *, #2014, .T. ) ;
#6982 = DIRECTION ( 'NONE',  ( 0.000000000000000000, 0.000000000000000000, 1.000000000000000000 ) ) ;
#6983 = CARTESIAN_POINT ( 'NONE',  ( 1.746356292197643878, 0.5999999999999999778, 1.646280565608930768 ) ) ;
#6984 = CIRCLE ( 'NONE', #6253, 0.1000000000000000888 ) ;
#6985 = DIRECTION ( 'NONE',  ( 0.9244448799230887692, 0.000000000000000000, -0.3813157012030660709 ) ) ;
#6986 = EDGE_CURVE ( 'NONE', #8700, #7101, #7323, .T. ) ;
#6987 = CARTESIAN_POINT ( 'NONE',  ( -2.316920780516968037, 0.000000000000000000, -1.330667607685552811 ) ) ;
#6988 = AXIS2_PLACEMENT_3D ( 'NONE', #2922, #2878, #2291 ) ;
#6989 = LOCAL_TIME ( 23, 19, 4.000000000000000000, #7207 ) ;
#6990 = ORIENTED_EDGE ( 'NONE', *, *, #8747, .F. ) ;
#6991 = CARTESIAN_POINT ( 'NONE',  ( -0.4207093742620088839, 0.000000000000000000, -2.638522656287612289 ) ) ;
#6992 = DIRECTION ( 'NONE',  ( 0.000000000000000000, 0.000000000000000000, 1.000000000000000000 ) ) ;
#6993 = ORIENTED_EDGE ( 'NONE', *, *, #1804, .T. ) ;
#6994 = EDGE_CURVE ( 'NONE', #6436, #5519, #6597, .T. ) ;
#6995 = EDGE_CURVE ( 'NONE', #2961, #2006, #7275, .T. ) ;
#6996 = CARTESIAN_POINT ( 'NONE',  ( 0.7071067811865463515, 0.5999999999999999778, -0.3571017811865486169 ) ) ;
#6997 = AXIS2_PLACEMENT_3D ( 'NONE', #7396, #6678, #7447 ) ;
#6998 = DIRECTION ( 'NONE',  ( -0.000000000000000000, -1.000000000000000000, -0.000000000000000000 ) ) ;
#6999 = DIRECTION ( 'NONE',  ( 0.000000000000000000, 1.000000000000000000, -0.000000000000000000 ) ) ;
#7000 = CARTESIAN_POINT ( 'NONE',  ( 0.8526632993067405630, 0.000000000000000000, -2.243427132316890837 ) ) ;
#7001 = ORIENTED_EDGE ( 'NONE', *, *, #6929, .T. ) ;
#7002 = CARTESIAN_POINT ( 'NONE',  ( -0.4682167728387174321, 0.000000000000000000, -2.353884672967752056 ) ) ;
#7003 = DIRECTION ( 'NONE',  ( 0.000000000000000000, 0.000000000000000000, 1.000000000000000000 ) ) ;
#7004 = ORIENTED_EDGE ( 'NONE', *, *, #6893, .F. ) ;
#7005 = CIRCLE ( 'NONE', #6576, 0.1000000000000000888 ) ;
#7006 = CARTESIAN_POINT ( 'NONE',  ( 8.266365894244634333E-17, 0.5999999999999999778, 0.6750000000000000444 ) ) ;
#7007 = ORIENTED_EDGE ( 'NONE', *, *, #5585, .F. ) ;
#7008 = DIRECTION ( 'NONE',  ( -0.3538925688897467392, 0.000000000000000000, 0.9352860790606346564 ) ) ;
#7009 = DIRECTION ( 'NONE',  ( 8.673617379884027583E-16, 0.000000000000000000, 1.000000000000000000 ) ) ;
#7010 = DIRECTION ( 'NONE',  ( 0.000000000000000000, 1.000000000000000000, 0.000000000000000000 ) ) ;
#7011 = ORIENTED_EDGE ( 'NONE', *, *, #8380, .T. ) ;
#7012 = ORIENTED_EDGE ( 'NONE', *, *, #4035, .F. ) ;
#7013 = EDGE_CURVE ( 'NONE', #7458, #4389, #7021, .T. ) ;
#7014 = ORIENTED_EDGE ( 'NONE', *, *, #4396, .F. ) ;
#7015 = VECTOR ( 'NONE', #7461, 100.0000000000000000 ) ;
#7016 = VECTOR ( 'NONE', #4352, 100.0000000000000000 ) ;
#7017 = VECTOR ( 'NONE', #3170, 100.0000000000000000 ) ;
#7018 = LINE ( 'NONE', #1499, #1544 ) ;
#7019 = DIRECTION ( 'NONE',  ( -0.1646273600700072504, 0.000000000000000000, 0.9863558345325382781 ) ) ;
#7020 = DIRECTION ( 'NONE',  ( -0.000000000000000000, -1.000000000000000000, -0.000000000000000000 ) ) ;
#7021 = CIRCLE ( 'NONE', #2235, 0.6750000000000000444 ) ;
#7022 = ORIENTED_EDGE ( 'NONE', *, *, #4886, .T. ) ;
#7023 = EDGE_CURVE ( 'NONE', #4291, #6350, #7815, .T. ) ;
#7024 = VERTEX_POINT ( 'NONE', #4424 ) ;
#7025 = LINE ( 'NONE', #7571, #5399 ) ;
#7026 = CARTESIAN_POINT ( 'NONE',  ( 1.724533010878322115, 0.5999999999999999778, 2.001228534340540044 ) ) ;
#7027 = VECTOR ( 'NONE', #4684, 100.0000000000000142 ) ;
#7028 = CIRCLE ( 'NONE', #8615, 0.1000000000000000888 ) ;
#7029 = LINE ( 'NONE', #1463, #2905 ) ;
#7030 = VECTOR ( 'NONE', #2299, 100.0000000000000000 ) ;
#7031 = LINE ( 'NONE', #8343, #6745 ) ;
#7032 = VERTEX_POINT ( 'NONE', #7143 ) ;
#7033 = EDGE_CURVE ( 'NONE', #545, #1444, #402, .T. ) ;
#7034 = CIRCLE ( 'NONE', #1690, 0.1000000000000000888 ) ;
#7035 = DIRECTION ( 'NONE',  ( 0.000000000000000000, 0.000000000000000000, 1.000000000000000000 ) ) ;
#7036 = DIRECTION ( 'NONE',  ( 0.9352860790606644104, 0.000000000000000000, 0.3538925688896681909 ) ) ;
#7037 = VECTOR ( 'NONE', #378, 100.0000000000000000 ) ;
#7038 = ORIENTED_EDGE ( 'NONE', *, *, #1390, .T. ) ;
#7039 = EDGE_CURVE ( 'NONE', #6524, #6289, #1125, .T. ) ;
#7040 = AXIS2_PLACEMENT_3D ( 'NONE', #8137, #3929, #6695 ) ;
#7041 = CARTESIAN_POINT ( 'NONE',  ( 2.077585818039222154, 0.5999999999999999778, -1.789105181557132385 ) ) ;
#7042 = AXIS2_PLACEMENT_3D ( 'NONE', #4770, #1235, #4725 ) ;
#7043 = AXIS2_PLACEMENT_3D ( 'NONE', #4982, #7956, #3253 ) ;
#7044 = ORIENTED_EDGE ( 'NONE', *, *, #7803, .F. ) ;
#7045 = CARTESIAN_POINT ( 'NONE',  ( 0.9297114442668643619, 0.000000000000000000, 2.581141827647842835 ) ) ;
#7046 = CARTESIAN_POINT ( 'NONE',  ( -1.187169910238686565, 0.000000000000000000, -2.393621897785617847 ) ) ;
#7047 = LINE ( 'NONE', #5558, #5857 ) ;
#7048 = FACE_OUTER_BOUND ( 'NONE', #986, .T. ) ;
#7049 = ADVANCED_FACE ( 'NONE', ( #6608 ), #8680, .T. ) ;
#7050 = ORIENTED_EDGE ( 'NONE', *, *, #8470, .F. ) ;
#7051 = CARTESIAN_POINT ( 'NONE',  ( -1.955344957562863639, 0.000000000000000000, 1.391627140053368183 ) ) ;
#7052 = CYLINDRICAL_SURFACE ( 'NONE', #3510, 0.1000000000000000888 ) ;
#7053 = ORIENTED_EDGE ( 'NONE', *, *, #2308, .T. ) ;
#7054 = EDGE_CURVE ( 'NONE', #3672, #7581, #8639, .T. ) ;
#7055 = CARTESIAN_POINT ( 'NONE',  ( 2.721423057264594103, 0.000000000000000000, -0.3333417546315476376 ) ) ;
#7056 = ORIENTED_EDGE ( 'NONE', *, *, #1349, .F. ) ;
#7057 = DIRECTION ( 'NONE',  ( 0.000000000000000000, 0.000000000000000000, 1.000000000000000000 ) ) ;
#7058 = DIRECTION ( 'NONE',  ( 0.000000000000000000, 0.000000000000000000, 1.000000000000000000 ) ) ;
#7059 = LINE ( 'NONE', #854, #5274 ) ;
#7060 = ORIENTED_EDGE ( 'NONE', *, *, #1967, .F. ) ;
#7061 = ADVANCED_FACE ( 'NONE', ( #5245 ), #7997, .T. ) ;
#7062 = EDGE_LOOP ( 'NONE', ( #4244, #5952, #4575, #2983 ) ) ;
#7063 = EDGE_LOOP ( 'NONE', ( #2567, #7682, #6541, #2149 ) ) ;
#7064 = EDGE_CURVE ( 'NONE', #4168, #6866, #4715, .T. ) ;
#7065 = CARTESIAN_POINT ( 'NONE',  ( -1.192611158318741538, 0.5999999999999999778, -0.9097684458441224198 ) ) ;
#7066 = DIRECTION ( 'NONE',  ( 3.469446951953611033E-15, 0.000000000000000000, 1.000000000000000000 ) ) ;
#7067 = LINE ( 'NONE', #6435, #1092 ) ;
#7068 = EDGE_LOOP ( 'NONE', ( #8709, #4732, #387, #8491 ) ) ;
#7069 = ORIENTED_EDGE ( 'NONE', *, *, #5188, .T. ) ;
#7070 = AXIS2_PLACEMENT_3D ( 'NONE', #2, #4174, #2726 ) ;
#7071 = ORIENTED_EDGE ( 'NONE', *, *, #5483, .T. ) ;
#7072 = CARTESIAN_POINT ( 'NONE',  ( -2.447037941066860345, 0.000000000000000000, 1.240428078936084866 ) ) ;
#7073 = CARTESIAN_POINT ( 'NONE',  ( -2.243427132316819339, 0.5999999999999999778, -0.8526632993067863042 ) ) ;
#7074 = LINE ( 'NONE', #4860, #3338 ) ;
#7075 = EDGE_CURVE ( 'NONE', #2079, #1918, #5748, .T. ) ;
#7076 = CARTESIAN_POINT ( 'NONE',  ( 1.187169910238791593, 0.5999999999999999778, 2.393621897785532582 ) ) ;
#7077 = DIRECTION ( 'NONE',  ( 0.000000000000000000, 1.000000000000000000, 0.000000000000000000 ) ) ;
#7078 = VERTEX_POINT ( 'NONE', #1623 ) ;
#7079 = CARTESIAN_POINT ( 'NONE',  ( 1.955344957562959562, 0.000000000000000000, -1.391627140053462108 ) ) ;
#7080 = DIRECTION ( 'NONE',  ( -0.000000000000000000, -1.000000000000000000, -0.000000000000000000 ) ) ;
#7081 = ORIENTED_EDGE ( 'NONE', *, *, #1745, .T. ) ;
#7082 = EDGE_CURVE ( 'NONE', #6552, #6211, #1810, .T. ) ;
#7083 = CARTESIAN_POINT ( 'NONE',  ( -1.349411140906878970, 0.000000000000000000, -2.386702695098058769 ) ) ;
#7084 = ORIENTED_EDGE ( 'NONE', *, *, #4395, .T. ) ;
#7085 = PLANE ( 'NONE',  #5307 ) ;
#7086 = CARTESIAN_POINT ( 'NONE',  ( 0.000000000000000000, 0.000000000000000000, -1.500000000000000000 ) ) ;
#7087 = VECTOR ( 'NONE', #3023, 100.0000000000000000 ) ;
#7088 = PLANE ( 'NONE',  #2101 ) ;
#7089 = DIRECTION ( 'NONE',  ( 8.673617379884027583E-16, 0.000000000000000000, 1.000000000000000000 ) ) ;
#7090 = ORIENTED_EDGE ( 'NONE', *, *, #5363, .F. ) ;
#7091 = DIRECTION ( 'NONE',  ( 0.000000000000000000, 1.000000000000000000, -0.000000000000000000 ) ) ;
#7092 = DIRECTION ( 'NONE',  ( 0.000000000000000000, 1.000000000000000000, -0.000000000000000000 ) ) ;
#7093 = ORIENTED_EDGE ( 'NONE', *, *, #1438, .F. ) ;
#7094 = DIRECTION ( 'NONE',  ( 0.000000000000000000, 0.000000000000000000, -1.000000000000000000 ) ) ;
#7095 = EDGE_CURVE ( 'NONE', #6284, #2420, #1942, .T. ) ;
#7096 = CARTESIAN_POINT ( 'NONE',  ( 0.7071067811865463515, 0.2999999999999999889, -0.7071067811865486830 ) ) ;
#7097 = DIRECTION ( 'NONE',  ( 0.000000000000000000, 0.000000000000000000, 1.000000000000000000 ) ) ;
#7098 = CARTESIAN_POINT ( 'NONE',  ( 1.746356292197643878, 0.000000000000000000, 1.646280565608930768 ) ) ;
#7099 = VERTEX_POINT ( 'NONE', #1209 ) ;
#7100 = VERTEX_POINT ( 'NONE', #8722 ) ;
#7101 = VERTEX_POINT ( 'NONE', #6688 ) ;
#7102 = EDGE_CURVE ( 'NONE', #1294, #6817, #7454, .T. ) ;
#7103 = ORIENTED_EDGE ( 'NONE', *, *, #2130, .T. ) ;
#7104 = EDGE_CURVE ( 'NONE', #2343, #1383, #2566, .T. ) ;
#7105 = DIRECTION ( 'NONE',  ( 0.3538925688897121558, 0.000000000000000000, -0.9352860790606477570 ) ) ;
#7106 = DIRECTION ( 'NONE',  ( 0.000000000000000000, 1.000000000000000000, -0.000000000000000000 ) ) ;
#7107 = ORIENTED_EDGE ( 'NONE', *, *, #6777, .F. ) ;
#7108 = DIRECTION ( 'NONE',  ( -0.8887757427182931824, 0.000000000000000000, -0.4583423165665007071 ) ) ;
#7109 = ORIENTED_EDGE ( 'NONE', *, *, #4357, .T. ) ;
#7110 = VERTEX_POINT ( 'NONE', #3244 ) ;
#7111 = VERTEX_POINT ( 'NONE', #6059 ) ;
#7112 = CARTESIAN_POINT ( 'NONE',  ( 0.3986086914367168443, 0.000000000000000000, -2.366666666666667140 ) ) ;
#7113 = DIRECTION ( 'NONE',  ( 0.000000000000000000, 1.000000000000000000, 0.000000000000000000 ) ) ;
#7114 = VECTOR ( 'NONE', #424, 100.0000000000000000 ) ;
#7115 = VECTOR ( 'NONE', #160, 100.0000000000000000 ) ;
#7116 = CARTESIAN_POINT ( 'NONE',  ( 2.532150166262745472, 0.000000000000000000, 0.7530904910856199841 ) ) ;
#7117 = LINE ( 'NONE', #236, #3707 ) ;
#7118 = LINE ( 'NONE', #2361, #4707 ) ;
#7119 = VERTEX_POINT ( 'NONE', #3384 ) ;
#7120 = CIRCLE ( 'NONE', #8850, 0.1000000000000000888 ) ;
#7121 = AXIS2_PLACEMENT_3D ( 'NONE', #5926, #1807, #2519 ) ;
#7122 = CYLINDRICAL_SURFACE ( 'NONE', #8443, 0.1000000000000000888 ) ;
#7123 = FACE_OUTER_BOUND ( 'NONE', #5798, .T. ) ;
#7124 = EDGE_CURVE ( 'NONE', #6476, #4929, #2524, .T. ) ;
#7125 = VERTEX_POINT ( 'NONE', #6151 ) ;
#7126 = CIRCLE ( 'NONE', #7703, 0.09999999999999992228 ) ;
#7127 = LINE ( 'NONE', #1607, #1978 ) ;
#7128 = ORIENTED_EDGE ( 'NONE', *, *, #2821, .T. ) ;
#7129 = DIRECTION ( 'NONE',  ( -0.000000000000000000, 1.000000000000000000, -0.000000000000000000 ) ) ;
#7130 = DIRECTION ( 'NONE',  ( -0.3840503253332080424, 0.000000000000000000, 0.9233121615203913057 ) ) ;
#7131 = DIRECTION ( 'NONE',  ( 0.000000000000000000, 1.000000000000000000, -0.000000000000000000 ) ) ;
#7132 = CYLINDRICAL_SURFACE ( 'NONE', #1497, 2.400000000000000355 ) ;
#7133 = ORIENTED_EDGE ( 'NONE', *, *, #7875, .T. ) ;
#7134 = VECTOR ( 'NONE', #3153, 100.0000000000000000 ) ;
#7135 = ADVANCED_FACE ( 'NONE', ( #3333 ), #3200, .T. ) ;
#7136 = LINE ( 'NONE', #6463, #478 ) ;
#7137 = LINE ( 'NONE', #7222, #1783 ) ;
#7138 = ORIENTED_EDGE ( 'NONE', *, *, #2116, .F. ) ;
#7139 = DIRECTION ( 'NONE',  ( -0.000000000000000000, 1.000000000000000000, -0.000000000000000000 ) ) ;
#7140 = CARTESIAN_POINT ( 'NONE',  ( 1.955344957562959562, 0.5999999999999999778, -1.391627140053462108 ) ) ;
#7141 = CARTESIAN_POINT ( 'NONE',  ( -0.7058615068732724263, 0.000000000000000000, 2.645719797106929505 ) ) ;
#7142 = VECTOR ( 'NONE', #4185, 100.0000000000000000 ) ;
#7143 = CARTESIAN_POINT ( 'NONE',  ( -0.7071067811865462405, 0.000000000000000000, -0.5571067811865486608 ) ) ;
#7144 = ORIENTED_EDGE ( 'NONE', *, *, #5453, .T. ) ;
#7145 = ORIENTED_EDGE ( 'NONE', *, *, #8876, .F. ) ;
#7146 = ADVANCED_FACE ( 'NONE', ( #5477 ), #8128, .T. ) ;
#7147 = ORIENTED_EDGE ( 'NONE', *, *, #1931, .T. ) ;
#7148 = ADVANCED_FACE ( 'NONE', ( #2656 ), #4609, .T. ) ;
#7149 = CIRCLE ( 'NONE', #8307, 0.6750000000000000444 ) ;
#7150 = CARTESIAN_POINT ( 'NONE',  ( 1.415403089884493815, 0.000000000000000000, 2.350168206146002969 ) ) ;
#7151 = CARTESIAN_POINT ( 'NONE',  ( -2.051206457844922060, 0.000000000000000000, -1.664776807732246899 ) ) ;
#7152 = ORIENTED_EDGE ( 'NONE', *, *, #5057, .F. ) ;
#7153 = DIRECTION ( 'NONE',  ( 0.000000000000000000, 1.000000000000000000, 0.000000000000000000 ) ) ;
#7154 = ORIENTED_EDGE ( 'NONE', *, *, #6741, .F. ) ;
#7155 = ORIENTED_EDGE ( 'NONE', *, *, #1071, .F. ) ;
#7156 = ORIENTED_EDGE ( 'NONE', *, *, #7308, .F. ) ;
#7157 = DIRECTION ( 'NONE',  ( 0.000000000000000000, 0.000000000000000000, 1.000000000000000000 ) ) ;
#7158 = DIRECTION ( 'NONE',  ( 0.000000000000000000, 0.000000000000000000, -1.000000000000000000 ) ) ;
#7159 = EDGE_CURVE ( 'NONE', #8929, #1763, #6873, .T. ) ;
#7160 = EDGE_CURVE ( 'NONE', #4635, #668, #7363, .T. ) ;
#7161 = CYLINDRICAL_SURFACE ( 'NONE', #8482, 0.1000000000000000888 ) ;
#7162 = FACE_OUTER_BOUND ( 'NONE', #3476, .T. ) ;
#7163 = FACE_OUTER_BOUND ( 'NONE', #1453, .T. ) ;
#7164 = VERTEX_POINT ( 'NONE', #8043 ) ;
#7165 = CIRCLE ( 'NONE', #8456, 0.1000000000000000888 ) ;
#7166 = DIRECTION ( 'NONE',  ( 0.8887757427182931824, -0.000000000000000000, 0.4583423165665007071 ) ) ;
#7167 = DIRECTION ( 'NONE',  ( 0.000000000000000000, 1.000000000000000000, -0.000000000000000000 ) ) ;
#7168 = ORIENTED_EDGE ( 'NONE', *, *, #7770, .T. ) ;
#7169 = VECTOR ( 'NONE', #6471, 100.0000000000000000 ) ;
#7170 = CARTESIAN_POINT ( 'NONE',  ( 0.9097684458441869237, 0.5999999999999999778, 1.192611158318692466 ) ) ;
#7171 = FACE_OUTER_BOUND ( 'NONE', #1679, .T. ) ;
#7172 = VECTOR ( 'NONE', #5037, 100.0000000000000142 ) ;
#7173 = ORIENTED_EDGE ( 'NONE', *, *, #297, .T. ) ;
#7174 = FACE_OUTER_BOUND ( 'NONE', #2580, .T. ) ;
#7175 = AXIS2_PLACEMENT_3D ( 'NONE', #439, #6011, #7455 ) ;
#7176 = LINE ( 'NONE', #5235, #8728 ) ;
#7177 = DIRECTION ( 'NONE',  ( -0.000000000000000000, -1.000000000000000000, -0.000000000000000000 ) ) ;
#7178 = ORIENTED_EDGE ( 'NONE', *, *, #7919, .F. ) ;
#7179 = CARTESIAN_POINT ( 'NONE',  ( 2.366666666666715546, 0.000000000000000000, 0.3986086914365986611 ) ) ;
#7180 = CYLINDRICAL_SURFACE ( 'NONE', #759, 2.050000000000000266 ) ;
#7181 = VERTEX_POINT ( 'NONE', #1306 ) ;
#7182 = VECTOR ( 'NONE', #4618, 100.0000000000000142 ) ;
#7183 = CARTESIAN_POINT ( 'NONE',  ( -2.022465555005004134, 0.000000000000000000, 0.3348627761013463489 ) ) ;
#7184 = EDGE_CURVE ( 'NONE', #8667, #5683, #8768, .T. ) ;
#7185 = FACE_OUTER_BOUND ( 'NONE', #1412, .T. ) ;
#7186 = DIRECTION ( 'NONE',  ( -0.1646273600700072226, 0.000000000000000000, 0.9863558345325382781 ) ) ;
#7187 = DIRECTION ( 'NONE',  ( 0.000000000000000000, 0.000000000000000000, 1.000000000000000000 ) ) ;
#7188 = EDGE_LOOP ( 'NONE', ( #7276, #5752, #3098, #3188 ) ) ;
#7189 = ORIENTED_EDGE ( 'NONE', *, *, #5440, .F. ) ;
#7190 = ORIENTED_EDGE ( 'NONE', *, *, #2432, .T. ) ;
#7191 = EDGE_CURVE ( 'NONE', #8810, #1695, #1992, .T. ) ;
#7192 = ORIENTED_EDGE ( 'NONE', *, *, #4734, .T. ) ;
#7193 = CARTESIAN_POINT ( 'NONE',  ( 0.8578599868702652120, 0.000000000000000000, 2.604099926062496628 ) ) ;
#7194 = CARTESIAN_POINT ( 'NONE',  ( -1.116077586671414323, 0.000000000000000000, 2.427585015167194715 ) ) ;
#7195 = VERTEX_POINT ( 'NONE', #4747 ) ;
#7196 = DIRECTION ( 'NONE',  ( -0.6229269433213877605, 0.000000000000000000, 0.7822800159049652091 ) ) ;
#7197 = ORIENTED_EDGE ( 'NONE', *, *, #487, .F. ) ;
#7198 = ORIENTED_EDGE ( 'NONE', *, *, #2403, .F. ) ;
#7199 = EDGE_LOOP ( 'NONE', ( #8647, #5369, #2858, #7257 ) ) ;
#7200 = CARTESIAN_POINT ( 'NONE',  ( -0.9297114442667512302, 0.000000000000000000, -2.581141827647916998 ) ) ;
#7201 = DIRECTION ( 'NONE',  ( 0.000000000000000000, 0.000000000000000000, 1.000000000000000000 ) ) ;
#7202 = DIRECTION ( 'NONE',  ( -0.000000000000000000, -1.000000000000000000, -0.000000000000000000 ) ) ;
#7203 = CARTESIAN_POINT ( 'NONE',  ( -2.033973951400470437, 0.000000000000000000, -1.273950534763560016 ) ) ;
#7204 = CYLINDRICAL_SURFACE ( 'NONE', #3980, 0.1000000000000000888 ) ;
#7205 = EDGE_CURVE ( 'NONE', #5862, #1138, #8903, .T. ) ;
#7206 = VERTEX_POINT ( 'NONE', #1896 ) ;
#7207 = COORDINATED_UNIVERSAL_TIME_OFFSET ( 9, 0, .AHEAD. ) ;
#7208 = DIRECTION ( 'NONE',  ( -0.000000000000000000, 1.000000000000000000, -0.000000000000000000 ) ) ;
#7209 = DIRECTION ( 'NONE',  ( -0.000000000000000000, -1.000000000000000000, -0.000000000000000000 ) ) ;
#7210 = EDGE_LOOP ( 'NONE', ( #7425, #8114, #4674, #5555 ) ) ;
#7211 = CARTESIAN_POINT ( 'NONE',  ( -1.584075160862660869, 0.5999999999999999778, -1.301232448388041973 ) ) ;
#7212 = LINE ( 'NONE', #3871, #5297 ) ;
#7213 = EDGE_CURVE ( 'NONE', #7125, #7351, #2258, .T. ) ;
#7214 = ORIENTED_EDGE ( 'NONE', *, *, #5975, .T. ) ;
#7215 = EDGE_CURVE ( 'NONE', #3339, #8601, #2034, .T. ) ;
#7216 = EDGE_LOOP ( 'NONE', ( #8152, #2323, #7523, #1664 ) ) ;
#7217 = DIRECTION ( 'NONE',  ( 0.000000000000000000, 1.000000000000000000, 0.000000000000000000 ) ) ;
#7218 = DIRECTION ( 'NONE',  ( 0.000000000000000000, 1.000000000000000000, 0.000000000000000000 ) ) ;
#7219 = CARTESIAN_POINT ( 'NONE',  ( -0.5465684680071659640, 0.5999999999999999778, 0.3960907847707385576 ) ) ;
#7220 = DIRECTION ( 'NONE',  ( 0.000000000000000000, 0.000000000000000000, 1.000000000000000000 ) ) ;
#7221 = DIRECTION ( 'NONE',  ( 0.000000000000000000, 1.000000000000000000, -0.000000000000000000 ) ) ;
#7222 = CARTESIAN_POINT ( 'NONE',  ( -2.299215189623816880, 0.000000000000000000, 1.400976273446458586 ) ) ;
#7223 = ORIENTED_EDGE ( 'NONE', *, *, #926, .F. ) ;
#7224 = FACE_OUTER_BOUND ( 'NONE', #4426, .T. ) ;
#7225 = DIRECTION ( 'NONE',  ( -0.9863558345325442733, 0.000000000000000000, -0.1646273600699716677 ) ) ;
#7226 = DIRECTION ( 'NONE',  ( -0.000000000000000000, -1.000000000000000000, 0.000000000000000000 ) ) ;
#7227 = ORIENTED_EDGE ( 'NONE', *, *, #77, .F. ) ;
#7228 = ORIENTED_EDGE ( 'NONE', *, *, #5915, .F. ) ;
#7229 = ORIENTED_EDGE ( 'NONE', *, *, #6662, .T. ) ;
#7230 = EDGE_CURVE ( 'NONE', #2886, #2499, #8737, .T. ) ;
#7231 = EDGE_CURVE ( 'NONE', #2972, #1285, #529, .T. ) ;
#7232 = VECTOR ( 'NONE', #8856, 100.0000000000000000 ) ;
#7233 = AXIS2_PLACEMENT_3D ( 'NONE', #6856, #6767, #3317 ) ;
#7234 = LINE ( 'NONE', #944, #2990 ) ;
#7235 = DIRECTION ( 'NONE',  ( 0.2761438516273066468, 0.000000000000000000, -0.9611163161701271607 ) ) ;
#7236 = ORIENTED_EDGE ( 'NONE', *, *, #990, .T. ) ;
#7237 = FACE_BOUND ( 'NONE', #4576, .T. ) ;
#7238 = ORIENTED_EDGE ( 'NONE', *, *, #4213, .T. ) ;
#7239 = EDGE_LOOP ( 'NONE', ( #2054, #2775, #7909, #8662 ) ) ;
#7240 = ADVANCED_FACE ( 'NONE', ( #5602 ), #8312, .T. ) ;
#7241 = ORIENTED_EDGE ( 'NONE', *, *, #5548, .T. ) ;
#7242 = CARTESIAN_POINT ( 'NONE',  ( 0.7806153992595061819, 0.000000000000000000, 2.523800576651533678 ) ) ;
#7243 = CARTESIAN_POINT ( 'NONE',  ( -2.638522656287547008, 0.000000000000000000, 0.4207093742620307553 ) ) ;
#7244 = EDGE_CURVE ( 'NONE', #7365, #4048, #3543, .T. ) ;
#7245 = CARTESIAN_POINT ( 'NONE',  ( -2.726960102849231848, 0.5999999999999999778, 0.2845149898689516843 ) ) ;
#7246 = DIRECTION ( 'NONE',  ( 0.000000000000000000, 1.000000000000000000, 0.000000000000000000 ) ) ;
#7247 = AXIS2_PLACEMENT_3D ( 'NONE', #3492, #5576, #46 ) ;
#7248 = ORIENTED_EDGE ( 'NONE', *, *, #7230, .F. ) ;
#7249 = CARTESIAN_POINT ( 'NONE',  ( 1.846701588525063054, 0.000000000000000000, 2.028878938471483373 ) ) ;
#7250 = CARTESIAN_POINT ( 'NONE',  ( 0.000000000000000000, 0.5999999999999999778, 0.000000000000000000 ) ) ;
#7251 = ORIENTED_EDGE ( 'NONE', *, *, #7524, .F. ) ;
#7252 = AXIS2_PLACEMENT_3D ( 'NONE', #398, #5881, #437 ) ;
#7253 = EDGE_CURVE ( 'NONE', #7671, #659, #3107, .T. ) ;
#7254 = DIRECTION ( 'NONE',  ( 0.7635728369858664211, 0.000000000000000000, -0.6457217067881142469 ) ) ;
#7255 = DIRECTION ( 'NONE',  ( -0.2588190451025618177, 0.000000000000000000, -0.9659258262890573210 ) ) ;
#7256 = VERTEX_POINT ( 'NONE', #4916 ) ;
#7257 = ORIENTED_EDGE ( 'NONE', *, *, #6251, .F. ) ;
#7258 = LINE ( 'NONE', #3052, #8612 ) ;
#7259 = CYLINDRICAL_SURFACE ( 'NONE', #3936, 0.1000000000000000888 ) ;
#7260 = CIRCLE ( 'NONE', #2639, 2.400000000000000355 ) ;
#7261 = DIRECTION ( 'NONE',  ( 0.000000000000000000, 0.000000000000000000, 1.000000000000000000 ) ) ;
#7262 = PLANE ( 'NONE',  #6707 ) ;
#7263 = DIRECTION ( 'NONE',  ( -0.000000000000000000, -1.000000000000000000, -0.000000000000000000 ) ) ;
#7264 = CARTESIAN_POINT ( 'NONE',  ( 1.687011257417007970, 0.5999999999999999778, 2.032959116562876645 ) ) ;
#7265 = VERTEX_POINT ( 'NONE', #2877 ) ;
#7266 = EDGE_CURVE ( 'NONE', #1284, #3887, #4400, .T. ) ;
#7267 = CIRCLE ( 'NONE', #3365, 0.1000000000000000888 ) ;
#7268 = AXIS2_PLACEMENT_3D ( 'NONE', #8672, #392, #978 ) ;
#7269 = AXIS2_PLACEMENT_3D ( 'NONE', #6261, #8295, #3410 ) ;
#7270 = ADVANCED_FACE ( 'NONE', ( #2747, #2249, #794, #1474, #7764, #5010, #1439, #666, #7588, #4194, #4280, #6329 ), #2789, .F. ) ;
#7271 = LINE ( 'NONE', #479, #4088 ) ;
#7272 = AXIS2_PLACEMENT_3D ( 'NONE', #8169, #6911, #6950 ) ;
#7273 = CARTESIAN_POINT ( 'NONE',  ( 0.2732470260463688572, 0.000000000000000000, 2.727596965865284773 ) ) ;
#7274 = DIRECTION ( 'NONE',  ( 0.000000000000000000, 0.000000000000000000, 1.000000000000000000 ) ) ;
#7275 = LINE ( 'NONE', #6514, #1239 ) ;
#7276 = ORIENTED_EDGE ( 'NONE', *, *, #1025, .T. ) ;
#7277 = ORIENTED_EDGE ( 'NONE', *, *, #5483, .F. ) ;
#7278 = ORIENTED_EDGE ( 'NONE', *, *, #3048, .F. ) ;
#7279 = CIRCLE ( 'NONE', #6147, 0.1000000000000000888 ) ;
#7280 = DIRECTION ( 'NONE',  ( 0.000000000000000000, 1.000000000000000000, -0.000000000000000000 ) ) ;
#7281 = CARTESIAN_POINT ( 'NONE',  ( 2.243427132316891282, 0.5999999999999999778, 0.8526632993066454169 ) ) ;
#7282 = ORIENTED_EDGE ( 'NONE', *, *, #3286, .T. ) ;
#7283 = ADVANCED_FACE ( 'NONE', ( #6919 ), #3433, .T. ) ;
#7284 = DIRECTION ( 'NONE',  ( 0.6848725880832606805, 0.000000000000000000, -0.7286628425356518335 ) ) ;
#7285 = VERTEX_POINT ( 'NONE', #6198 ) ;
#7286 = ORIENTED_EDGE ( 'NONE', *, *, #669, .T. ) ;
#7287 = ORIENTED_EDGE ( 'NONE', *, *, #5501, .F. ) ;
#7288 = DIRECTION ( 'NONE',  ( 0.000000000000000000, 1.000000000000000000, 0.000000000000000000 ) ) ;
#7289 = AXIS2_PLACEMENT_3D ( 'NONE', #3886, #5205, #5107 ) ;
#7290 = VECTOR ( 'NONE', #7753, 100.0000000000000000 ) ;
#7291 = CARTESIAN_POINT ( 'NONE',  ( -2.339055835819531470, 0.000000000000000000, 0.5374177117645743129 ) ) ;
#7292 = CARTESIAN_POINT ( 'NONE',  ( -1.697056274847723367, 0.5999999999999999778, -1.697056274847704938 ) ) ;
#7293 = EDGE_CURVE ( 'NONE', #8835, #3267, #5641, .T. ) ;
#7294 = ORIENTED_EDGE ( 'NONE', *, *, #5440, .T. ) ;
#7295 = DIRECTION ( 'NONE',  ( 0.000000000000000000, 0.000000000000000000, 1.000000000000000000 ) ) ;
#7296 = LINE ( 'NONE', #463, #1701 ) ;
#7297 = ORIENTED_EDGE ( 'NONE', *, *, #5385, .T. ) ;
#7298 = VECTOR ( 'NONE', #3079, 99.99999999999998579 ) ;
#7299 = FACE_OUTER_BOUND ( 'NONE', #3796, .T. ) ;
#7300 = CARTESIAN_POINT ( 'NONE',  ( 0.9184402376762011988, 0.000000000000000000, -2.217310878027161536 ) ) ;
#7301 = ORIENTED_EDGE ( 'NONE', *, *, #6372, .F. ) ;
#7302 = EDGE_CURVE ( 'NONE', #2938, #4760, #8393, .T. ) ;
#7303 = AXIS2_PLACEMENT_3D ( 'NONE', #3806, #5847, #6657 ) ;
#7304 = AXIS2_PLACEMENT_3D ( 'NONE', #7843, #8522, #1519 ) ;
#7305 = ORIENTED_EDGE ( 'NONE', *, *, #2116, .T. ) ;
#7306 = CARTESIAN_POINT ( 'NONE',  ( 0.000000000000000000, 0.2999999999999999889, 0.000000000000000000 ) ) ;
#7307 = DIRECTION ( 'NONE',  ( 0.9936313698394808602, 0.000000000000000000, -0.1126796382267744590 ) ) ;
#7308 = EDGE_CURVE ( 'NONE', #8416, #5082, #4831, .T. ) ;
#7309 = DIRECTION ( 'NONE',  ( 0.000000000000000000, 1.000000000000000000, 0.000000000000000000 ) ) ;
#7310 = FACE_OUTER_BOUND ( 'NONE', #1944, .T. ) ;
#7311 = CIRCLE ( 'NONE', #4567, 0.1000000000000000056 ) ;
#7312 = CARTESIAN_POINT ( 'NONE',  ( 1.629620991000016339, 0.000000000000000000, -2.207032380760796553 ) ) ;
#7313 = DIRECTION ( 'NONE',  ( 0.000000000000000000, 0.000000000000000000, 1.000000000000000000 ) ) ;
#7314 = ORIENTED_EDGE ( 'NONE', *, *, #741, .F. ) ;
#7315 = EDGE_CURVE ( 'NONE', #8589, #4604, #7716, .T. ) ;
#7316 = VECTOR ( 'NONE', #5091, 100.0000000000000000 ) ;
#7317 = CIRCLE ( 'NONE', #8467, 0.1000000000000000056 ) ;
#7318 = DIRECTION ( 'NONE',  ( 0.000000000000000000, 1.000000000000000000, -0.000000000000000000 ) ) ;
#7319 = CIRCLE ( 'NONE', #3425, 0.1500000000000000500 ) ;
#7320 = LINE ( 'NONE', #3199, #6892 ) ;
#7321 = CARTESIAN_POINT ( 'NONE',  ( -0.6210341264647797344, 0.5999999999999999778, 2.598675585582155723 ) ) ;
#7322 = EDGE_CURVE ( 'NONE', #4169, #3115, #5517, .T. ) ;
#7323 = LINE ( 'NONE', #3704, #8882 ) ;
#7324 = ORIENTED_EDGE ( 'NONE', *, *, #4035, .T. ) ;
#7325 = ORIENTED_EDGE ( 'NONE', *, *, #8661, .T. ) ;
#7326 = VECTOR ( 'NONE', #6344, 100.0000000000000000 ) ;
#7327 = ORIENTED_EDGE ( 'NONE', *, *, #461, .F. ) ;
#7328 = AXIS2_PLACEMENT_3D ( 'NONE', #2850, #5612, #6208 ) ;
#7329 = AXIS2_PLACEMENT_3D ( 'NONE', #3250, #7202, #6020 ) ;
#7330 = EDGE_LOOP ( 'NONE', ( #4528, #4196, #2854, #4188 ) ) ;
#7331 = EDGE_CURVE ( 'NONE', #7032, #1435, #1665, .T. ) ;
#7332 = AXIS2_PLACEMENT_3D ( 'NONE', #909, #4217, #8419 ) ;
#7333 = DIRECTION ( 'NONE',  ( 0.000000000000000000, 1.000000000000000000, 0.000000000000000000 ) ) ;
#7334 = CARTESIAN_POINT ( 'NONE',  ( -0.7071067811865462405, 0.5999999999999999778, 0.7071067811865487940 ) ) ;
#7335 = ORIENTED_EDGE ( 'NONE', *, *, #3924, .F. ) ;
#7336 = EDGE_CURVE ( 'NONE', #3116, #2470, #7047, .T. ) ;
#7337 = DIRECTION ( 'NONE',  ( 0.000000000000000000, 1.000000000000000000, 0.000000000000000000 ) ) ;
#7338 = ORIENTED_EDGE ( 'NONE', *, *, #4222, .F. ) ;
#7339 = ORIENTED_EDGE ( 'NONE', *, *, #2686, .T. ) ;
#7340 = ORIENTED_EDGE ( 'NONE', *, *, #4042, .F. ) ;
#7341 = DIRECTION ( 'NONE',  ( 0.000000000000000000, 0.000000000000000000, 1.000000000000000000 ) ) ;
#7342 = DIRECTION ( 'NONE',  ( 0.7071067811865474617, -0.000000000000000000, 0.7071067811865476838 ) ) ;
#7343 = ORIENTED_EDGE ( 'NONE', *, *, #7546, .F. ) ;
#7344 = VERTEX_POINT ( 'NONE', #842 ) ;
#7345 = DIRECTION ( 'NONE',  ( 0.000000000000000000, 1.000000000000000000, -0.000000000000000000 ) ) ;
#7346 = CARTESIAN_POINT ( 'NONE',  ( 1.306420027913691717, 0.000000000000000000, 2.410503452114889367 ) ) ;
#7347 = ORIENTED_EDGE ( 'NONE', *, *, #6303, .T. ) ;
#7348 = EDGE_CURVE ( 'NONE', #8537, #7504, #2121, .T. ) ;
#7349 = CARTESIAN_POINT ( 'NONE',  ( -2.508844294584582801, 0.5999999999999999778, 0.8274237474220399458 ) ) ;
#7350 = CARTESIAN_POINT ( 'NONE',  ( -2.217310878027073162, 0.5999999999999999778, 0.9184402376762536013 ) ) ;
#7351 = VERTEX_POINT ( 'NONE', #8489 ) ;
#7352 = ORIENTED_EDGE ( 'NONE', *, *, #1484, .T. ) ;
#7353 = DIRECTION ( 'NONE',  ( 0.5810497765865225706, 0.000000000000000000, 0.8138680219352227851 ) ) ;
#7354 = DIRECTION ( 'NONE',  ( 0.3813157012030660709, 0.000000000000000000, 0.9244448799230887692 ) ) ;
#7355 = FACE_OUTER_BOUND ( 'NONE', #2815, .T. ) ;
#7356 = DIRECTION ( 'NONE',  ( 0.000000000000000000, 0.000000000000000000, -1.000000000000000000 ) ) ;
#7357 = DIRECTION ( 'NONE',  ( 0.9863558345325442733, -0.000000000000000000, 0.1646273600699720008 ) ) ;
#7358 = VERTEX_POINT ( 'NONE', #3054 ) ;
#7359 = ADVANCED_FACE ( 'NONE', ( #7984 ), #5920, .T. ) ;
#7360 = CARTESIAN_POINT ( 'NONE',  ( 0.1021246730581688439, 0.000000000000000000, -2.669900510597300602 ) ) ;
#7361 = DIRECTION ( 'NONE',  ( 0.000000000000000000, 0.000000000000000000, 1.000000000000000000 ) ) ;
#7362 = DIRECTION ( 'NONE',  ( 0.000000000000000000, 0.000000000000000000, 1.000000000000000000 ) ) ;
#7363 = LINE ( 'NONE', #1261, #8177 ) ;
#7364 = CARTESIAN_POINT ( 'NONE',  ( -0.8530903815703079207, 0.5999999999999999778, 2.532002169471190278 ) ) ;
#7365 = VERTEX_POINT ( 'NONE', #3015 ) ;
#7366 = VERTEX_POINT ( 'NONE', #7804 ) ;
#7367 = EDGE_CURVE ( 'NONE', #4892, #5436, #7898, .T. ) ;
#7368 = FACE_OUTER_BOUND ( 'NONE', #3665, .T. ) ;
#7369 = EDGE_CURVE ( 'NONE', #6482, #8398, #3969, .T. ) ;
#7370 = ORIENTED_EDGE ( 'NONE', *, *, #1573, .F. ) ;
#7371 = CARTESIAN_POINT ( 'NONE',  ( -1.746356292197535298, 0.000000000000000000, -1.646280565609058222 ) ) ;
#7372 = PLANE ( 'NONE',  #3429 ) ;
#7373 = ORIENTED_EDGE ( 'NONE', *, *, #3587, .F. ) ;
#7374 = DIRECTION ( 'NONE',  ( 0.000000000000000000, 0.000000000000000000, 1.000000000000000000 ) ) ;
#7375 = EDGE_LOOP ( 'NONE', ( #7197, #3647, #1008, #5348 ) ) ;
#7376 = ORIENTED_EDGE ( 'NONE', *, *, #5287, .F. ) ;
#7377 = VECTOR ( 'NONE', #5291, 100.0000000000000000 ) ;
#7378 = ORIENTED_EDGE ( 'NONE', *, *, #5708, .T. ) ;
#7379 = EDGE_CURVE ( 'NONE', #1138, #8539, #5873, .T. ) ;
#7380 = EDGE_CURVE ( 'NONE', #4077, #3495, #340, .T. ) ;
#7381 = DIRECTION ( 'NONE',  ( 0.000000000000000000, 1.000000000000000000, -0.000000000000000000 ) ) ;
#7382 = CARTESIAN_POINT ( 'NONE',  ( -0.9184402376761043874, 0.000000000000000000, 2.217310878027067833 ) ) ;
#7383 = DIRECTION ( 'NONE',  ( 0.000000000000000000, 1.000000000000000000, 0.000000000000000000 ) ) ;
#7384 = VERTEX_POINT ( 'NONE', #7219 ) ;
#7385 = VERTEX_POINT ( 'NONE', #5094 ) ;
#7386 = DIRECTION ( 'NONE',  ( -0.2588190451025232375, -0.000000000000000000, 0.9659258262890675351 ) ) ;
#7387 = DIRECTION ( 'NONE',  ( 0.000000000000000000, 0.000000000000000000, 1.000000000000000000 ) ) ;
#7388 = EDGE_LOOP ( 'NONE', ( #7861, #5217, #6260, #8360 ) ) ;
#7389 = DIRECTION ( 'NONE',  ( 0.000000000000000000, 0.000000000000000000, 1.000000000000000000 ) ) ;
#7390 = CYLINDRICAL_SURFACE ( 'NONE', #662, 1.500000000000000000 ) ;
#7391 = ORIENTED_EDGE ( 'NONE', *, *, #8642, .F. ) ;
#7392 = ORIENTED_EDGE ( 'NONE', *, *, #5041, .F. ) ;
#7393 = LINE ( 'NONE', #1196, #8909 ) ;
#7394 = DIRECTION ( 'NONE',  ( -0.9244448799230886582, 0.000000000000000000, 0.3813157012030664039 ) ) ;
#7395 = ADVANCED_FACE ( 'NONE', ( #975 ), #4364, .T. ) ;
#7396 = CARTESIAN_POINT ( 'NONE',  ( 0.000000000000000000, 0.5999999999999999778, 0.000000000000000000 ) ) ;
#7397 = CYLINDRICAL_SURFACE ( 'NONE', #5985, 1.500000000000000000 ) ;
#7398 = DIRECTION ( 'NONE',  ( 0.000000000000000000, 0.000000000000000000, 1.000000000000000000 ) ) ;
#7399 = ORIENTED_EDGE ( 'NONE', *, *, #6651, .T. ) ;
#7400 = CIRCLE ( 'NONE', #1180, 0.1500000000000000500 ) ;
#7401 = VECTOR ( 'NONE', #5645, 100.0000000000000000 ) ;
#7402 = CARTESIAN_POINT ( 'NONE',  ( -0.7071067811865462405, 0.2999999999999999889, -1.057111781186548694 ) ) ;
#7403 = CIRCLE ( 'NONE', #4661, 0.1000000000000000888 ) ;
#7404 = AXIS2_PLACEMENT_3D ( 'NONE', #5147, #5740, #3057 ) ;
#7405 = CARTESIAN_POINT ( 'NONE',  ( 0.000000000000000000, 0.000000000000000000, 0.000000000000000000 ) ) ;
#7406 = DIRECTION ( 'NONE',  ( 0.000000000000000000, 0.000000000000000000, 1.000000000000000000 ) ) ;
#7407 = ADVANCED_FACE ( 'NONE', ( #1019 ), #7088, .T. ) ;
#7408 = DIRECTION ( 'NONE',  ( -0.000000000000000000, -1.000000000000000000, 0.000000000000000000 ) ) ;
#7409 = EDGE_LOOP ( 'NONE', ( #4527, #5749, #7297, #6609 ) ) ;
#7410 = VERTEX_POINT ( 'NONE', #6548 ) ;
#7411 = AXIS2_PLACEMENT_3D ( 'NONE', #8031, #8170, #3963 ) ;
#7412 = DIRECTION ( 'NONE',  ( -0.000000000000000000, -1.000000000000000000, -0.000000000000000000 ) ) ;
#7413 = AXIS2_PLACEMENT_3D ( 'NONE', #8464, #4987, #1639 ) ;
#7414 = EDGE_LOOP ( 'NONE', ( #8023, #8089, #1079, #3583 ) ) ;
#7415 = CARTESIAN_POINT ( 'NONE',  ( 0.7530904910857149082, 0.000000000000000000, -2.532150166262744584 ) ) ;
#7416 = CIRCLE ( 'NONE', #6696, 0.1000000000000000888 ) ;
#7417 = ORIENTED_EDGE ( 'NONE', *, *, #4914, .T. ) ;
#7418 = PLANE ( 'NONE',  #8910 ) ;
#7419 = DIRECTION ( 'NONE',  ( 0.000000000000000000, 0.000000000000000000, 1.000000000000000000 ) ) ;
#7420 = ORIENTED_EDGE ( 'NONE', *, *, #3151, .T. ) ;
#7421 = EDGE_CURVE ( 'NONE', #6334, #3964, #7149, .T. ) ;
#7422 = CARTESIAN_POINT ( 'NONE',  ( -2.532002169471212483, 0.5999999999999999778, -0.8530903815704531379 ) ) ;
#7423 = VERTEX_POINT ( 'NONE', #2426 ) ;
#7424 = ORIENTED_EDGE ( 'NONE', *, *, #926, .T. ) ;
#7425 = ORIENTED_EDGE ( 'NONE', *, *, #8426, .F. ) ;
#7426 = EDGE_CURVE ( 'NONE', #4142, #2625, #927, .T. ) ;
#7427 = AXIS2_PLACEMENT_3D ( 'NONE', #5371, #6772, #8076 ) ;
#7428 = LINE ( 'NONE', #4038, #889 ) ;
#7429 = CARTESIAN_POINT ( 'NONE',  ( 0.000000000000000000, 0.5999999999999999778, 0.000000000000000000 ) ) ;
#7430 = DIRECTION ( 'NONE',  ( 0.000000000000000000, 0.000000000000000000, 1.000000000000000000 ) ) ;
#7431 = EDGE_CURVE ( 'NONE', #88, #5614, #6460, .T. ) ;
#7432 = ORIENTED_EDGE ( 'NONE', *, *, #5349, .T. ) ;
#7433 = ORIENTED_EDGE ( 'NONE', *, *, #7891, .T. ) ;
#7434 = ADVANCED_FACE ( 'NONE', ( #251 ), #6413, .T. ) ;
#7435 = AXIS2_PLACEMENT_3D ( 'NONE', #281, #7166, #8476 ) ;
#7436 = DIRECTION ( 'NONE',  ( 0.000000000000000000, 1.000000000000000000, 0.000000000000000000 ) ) ;
#7437 = CARTESIAN_POINT ( 'NONE',  ( 0.000000000000000000, 0.5999999999999999778, 0.000000000000000000 ) ) ;
#7438 = ORIENTED_EDGE ( 'NONE', *, *, #3320, .F. ) ;
#7439 = CYLINDRICAL_SURFACE ( 'NONE', #7233, 0.1000000000000000888 ) ;
#7440 = AXIS2_PLACEMENT_3D ( 'NONE', #2707, #4647, #8227 ) ;
#7441 = DIRECTION ( 'NONE',  ( -0.000000000000000000, -1.000000000000000000, -0.000000000000000000 ) ) ;
#7442 = ORIENTED_EDGE ( 'NONE', *, *, #2020, .T. ) ;
#7443 = EDGE_CURVE ( 'NONE', #3751, #5933, #197, .T. ) ;
#7444 = ORIENTED_EDGE ( 'NONE', *, *, #4592, .F. ) ;
#7445 = DIRECTION ( 'NONE',  ( -0.000000000000000000, -1.000000000000000000, -0.000000000000000000 ) ) ;
#7446 = CIRCLE ( 'NONE', #8597, 0.1000000000000000888 ) ;
#7447 = DIRECTION ( 'NONE',  ( 0.000000000000000000, 0.000000000000000000, 1.000000000000000000 ) ) ;
#7448 = LINE ( 'NONE', #3423, #8425 ) ;
#7449 = DIRECTION ( 'NONE',  ( -0.3840503253332080980, 0.000000000000000000, 0.9233121615203911947 ) ) ;
#7450 = VERTEX_POINT ( 'NONE', #7846 ) ;
#7451 = AXIS2_PLACEMENT_3D ( 'NONE', #5806, #7246, #1694 ) ;
#7452 = VECTOR ( 'NONE', #1275, 100.0000000000000000 ) ;
#7453 = CARTESIAN_POINT ( 'NONE',  ( -2.740449271673743414, 0.5999999999999999778, -0.1288188395258227925 ) ) ;
#7454 = CIRCLE ( 'NONE', #4542, 0.1000000000000000056 ) ;
#7455 = DIRECTION ( 'NONE',  ( 0.000000000000000000, 0.000000000000000000, 1.000000000000000000 ) ) ;
#7456 = DIRECTION ( 'NONE',  ( 0.000000000000000000, 0.000000000000000000, 1.000000000000000000 ) ) ;
#7457 = CARTESIAN_POINT ( 'NONE',  ( -2.028878938471482929, 0.000000000000000000, 1.846701588524967796 ) ) ;
#7458 = VERTEX_POINT ( 'NONE', #1066 ) ;
#7459 = VERTEX_POINT ( 'NONE', #3831 ) ;
#7460 = CARTESIAN_POINT ( 'NONE',  ( 0.000000000000000000, 0.5999999999999999778, 0.000000000000000000 ) ) ;
#7461 = DIRECTION ( 'NONE',  ( -0.9810729337102092051, 0.000000000000000000, 0.1936385776162478645 ) ) ;
#7462 = EDGE_LOOP ( 'NONE', ( #134, #7495, #167, #8875 ) ) ;
#7463 = VECTOR ( 'NONE', #2509, 100.0000000000000000 ) ;
#7464 = AXIS2_PLACEMENT_3D ( 'NONE', #5773, #3603, #6361 ) ;
#7465 = EDGE_CURVE ( 'NONE', #4337, #8192, #1658, .T. ) ;
#7466 = PLANE ( 'NONE',  #5165 ) ;
#7467 = ORIENTED_EDGE ( 'NONE', *, *, #5398, .T. ) ;
#7468 = CARTESIAN_POINT ( 'NONE',  ( -0.7071067811865462405, 0.2999999999999999889, -0.7071067811865486830 ) ) ;
#7469 = LINE ( 'NONE', #2442, #4875 ) ;
#7470 = ORIENTED_EDGE ( 'NONE', *, *, #2958, .T. ) ;
#7471 = VECTOR ( 'NONE', #4433, 100.0000000000000000 ) ;
#7472 = DIRECTION ( 'NONE',  ( 0.000000000000000000, 0.000000000000000000, -1.000000000000000000 ) ) ;
#7473 = ORIENTED_EDGE ( 'NONE', *, *, #3154, .F. ) ;
#7474 = ORIENTED_EDGE ( 'NONE', *, *, #3175, .T. ) ;
#7475 = VECTOR ( 'NONE', #7662, 100.0000000000000000 ) ;
#7476 = VECTOR ( 'NONE', #8945, 100.0000000000000142 ) ;
#7477 = VERTEX_POINT ( 'NONE', #6595 ) ;
#7478 = EDGE_CURVE ( 'NONE', #5463, #6431, #7176, .T. ) ;
#7479 = CIRCLE ( 'NONE', #2415, 1.500000000000000000 ) ;
#7480 = AXIS2_PLACEMENT_3D ( 'NONE', #5169, #6520, #307 ) ;
#7481 = LINE ( 'NONE', #3404, #5387 ) ;
#7482 = DIRECTION ( 'NONE',  ( 0.000000000000000000, 1.000000000000000000, 0.000000000000000000 ) ) ;
#7483 = ORIENTED_EDGE ( 'NONE', *, *, #5822, .F. ) ;
#7484 = ORIENTED_EDGE ( 'NONE', *, *, #1083, .T. ) ;
#7485 = CARTESIAN_POINT ( 'NONE',  ( 1.156264662635030700E-13, 0.000000000000000000, 2.399999999999953726 ) ) ;
#7486 = DIRECTION ( 'NONE',  ( 0.000000000000000000, 0.000000000000000000, -1.000000000000000000 ) ) ;
#7487 = DIRECTION ( 'NONE',  ( 0.000000000000000000, 1.000000000000000000, 0.000000000000000000 ) ) ;
#7488 = EDGE_CURVE ( 'NONE', #7385, #1422, #6713, .T. ) ;
#7489 = CARTESIAN_POINT ( 'NONE',  ( -1.188943870924979551, 0.000000000000000000, 2.459097756358868736 ) ) ;
#7490 = ORIENTED_EDGE ( 'NONE', *, *, #1362, .F. ) ;
#7491 = CARTESIAN_POINT ( 'NONE',  ( 0.000000000000000000, 0.5999999999999999778, -0.6750000000000000444 ) ) ;
#7492 = CARTESIAN_POINT ( 'NONE',  ( -0.7071067811865462405, 0.2999999999999999889, 0.7071067811865487940 ) ) ;
#7493 = CARTESIAN_POINT ( 'NONE',  ( 2.051206457845031750, 0.000000000000000000, 1.664776807732115005 ) ) ;
#7494 = FACE_OUTER_BOUND ( 'NONE', #630, .T. ) ;
#7495 = ORIENTED_EDGE ( 'NONE', *, *, #1724, .T. ) ;
#7496 = ADVANCED_FACE ( 'NONE', ( #7355 ), #5470, .T. ) ;
#7497 = EDGE_CURVE ( 'NONE', #1444, #3685, #1114, .T. ) ;
#7498 = DIRECTION ( 'NONE',  ( -0.9863558345325442733, 0.000000000000000000, -0.1646273600699716677 ) ) ;
#7500 = AXIS2_PLACEMENT_3D ( 'NONE', #6848, #4898, #6302 ) ;
#7499 = DIRECTION ( 'NONE',  ( 0.000000000000000000, 1.000000000000000000, -0.000000000000000000 ) ) ;
#7501 = DIRECTION ( 'NONE',  ( 0.000000000000000000, 0.000000000000000000, 1.000000000000000000 ) ) ;
#7502 = CARTESIAN_POINT ( 'NONE',  ( -1.693987021127793202, 0.000000000000000000, -2.158023279829201169 ) ) ;
#7503 = DIRECTION ( 'NONE',  ( 0.000000000000000000, 0.000000000000000000, 1.000000000000000000 ) ) ;
#7504 = VERTEX_POINT ( 'NONE', #563 ) ;
#7505 = DIRECTION ( 'NONE',  ( 0.000000000000000000, 1.000000000000000000, -0.000000000000000000 ) ) ;
#7506 = DIRECTION ( 'NONE',  ( -0.000000000000000000, 1.000000000000000000, -0.000000000000000000 ) ) ;
#7507 = ORIENTED_EDGE ( 'NONE', *, *, #4650, .T. ) ;
#7508 = DIRECTION ( 'NONE',  ( 0.000000000000000000, 0.000000000000000000, 1.000000000000000000 ) ) ;
#7509 = ORIENTED_EDGE ( 'NONE', *, *, #5001, .T. ) ;
#7510 = DIRECTION ( 'NONE',  ( 0.000000000000000000, 1.000000000000000000, 0.000000000000000000 ) ) ;
#7511 = CARTESIAN_POINT ( 'NONE',  ( 2.607432228139167307, 0.5999999999999999778, 0.8532020157591899689 ) ) ;
#7512 = ADVANCED_FACE ( 'NONE', ( #1249 ), #1152, .T. ) ;
#7513 = DIRECTION ( 'NONE',  ( -0.9965217285917832291, 0.000000000000000000, -0.08333333333333295401 ) ) ;
#7514 = ORIENTED_EDGE ( 'NONE', *, *, #820, .T. ) ;
#7515 = ORIENTED_EDGE ( 'NONE', *, *, #5705, .F. ) ;
#7516 = ADVANCED_FACE ( 'NONE', ( #3235 ), #5329, .T. ) ;
#7517 = ORIENTED_EDGE ( 'NONE', *, *, #3572, .F. ) ;
#7518 = LINE ( 'NONE', #6757, #2061 ) ;
#7519 = CARTESIAN_POINT ( 'NONE',  ( -1.568230811125788327, 0.5999999999999999778, 2.163203714024717783 ) ) ;
#7520 = DIRECTION ( 'NONE',  ( 0.000000000000000000, 1.000000000000000000, 0.000000000000000000 ) ) ;
#7521 = VECTOR ( 'NONE', #4843, 100.0000000000000000 ) ;
#7522 = CC_DESIGN_PERSON_AND_ORGANIZATION_ASSIGNMENT ( #1229, #6758, ( #3813 ) ) ;
#7523 = ORIENTED_EDGE ( 'NONE', *, *, #3621, .F. ) ;
#7524 = EDGE_CURVE ( 'NONE', #7285, #4604, #345, .T. ) ;
#7525 = ORIENTED_EDGE ( 'NONE', *, *, #8059, .F. ) ;
#7526 = DIRECTION ( 'NONE',  ( 0.1646273600699716677, 0.000000000000000000, -0.9863558345325443844 ) ) ;
#7527 = FACE_OUTER_BOUND ( 'NONE', #7590, .T. ) ;
#7528 = CIRCLE ( 'NONE', #2179, 0.1500000000000000500 ) ;
#7529 = CARTESIAN_POINT ( 'NONE',  ( 0.000000000000000000, 0.000000000000000000, 0.000000000000000000 ) ) ;
#7530 = PLANE ( 'NONE',  #1393 ) ;
#7531 = ORIENTED_EDGE ( 'NONE', *, *, #18, .T. ) ;
#7532 = EDGE_LOOP ( 'NONE', ( #303, #551, #6038, #8674 ) ) ;
#7533 = DIRECTION ( 'NONE',  ( -0.000000000000000000, -1.000000000000000000, -0.000000000000000000 ) ) ;
#7534 = CARTESIAN_POINT ( 'NONE',  ( 2.393621897785627617, 0.000000000000000000, -1.187169910238791370 ) ) ;
#7535 = DIRECTION ( 'NONE',  ( 0.000000000000000000, 1.000000000000000000, 0.000000000000000000 ) ) ;
#7536 = CARTESIAN_POINT ( 'NONE',  ( -0.8526632993066447508, 0.000000000000000000, 2.243427132316796246 ) ) ;
#7537 = DIRECTION ( 'NONE',  ( -0.1965416391084608416, 0.000000000000000000, 0.9804954788761441886 ) ) ;
#7538 = ORIENTED_EDGE ( 'NONE', *, *, #3765, .F. ) ;
#7539 = ADVANCED_FACE ( 'NONE', ( #8168 ), #6093, .T. ) ;
#7540 = DIRECTION ( 'NONE',  ( -0.9233121615203854216, 0.000000000000000000, -0.3840503253332221978 ) ) ;
#7541 = FACE_OUTER_BOUND ( 'NONE', #419, .T. ) ;
#7542 = DIRECTION ( 'NONE',  ( -0.000000000000000000, -1.000000000000000000, -0.000000000000000000 ) ) ;
#7543 = CARTESIAN_POINT ( 'NONE',  ( -2.723782605007077251, 0.5999999999999999778, -0.3281231852441796604 ) ) ;
#7544 = AXIS2_PLACEMENT_3D ( 'NONE', #8068, #6045, #2688 ) ;
#7545 = DIRECTION ( 'NONE',  ( -0.7286628425356521666, 0.000000000000000000, -0.6848725880832605695 ) ) ;
#7546 = EDGE_CURVE ( 'NONE', #8416, #1525, #3282, .T. ) ;
#7547 = ORIENTED_EDGE ( 'NONE', *, *, #8175, .F. ) ;
#7548 = LINE ( 'NONE', #1995, #6116 ) ;
#7549 = CARTESIAN_POINT ( 'NONE',  ( 2.316920780517060852, 0.5999999999999999778, 1.330667607685411591 ) ) ;
#7550 = ORIENTED_EDGE ( 'NONE', *, *, #8045, .F. ) ;
#7551 = EDGE_CURVE ( 'NONE', #3026, #4439, #3529, .T. ) ;
#7552 = CIRCLE ( 'NONE', #6683, 2.400000000000000355 ) ;
#7553 = PLANE ( 'NONE',  #3436 ) ;
#7554 = EDGE_LOOP ( 'NONE', ( #6371, #7467, #8008, #1830 ) ) ;
#7555 = DIRECTION ( 'NONE',  ( -0.7081525021447059309, 0.000000000000000000, 0.7060595114480027190 ) ) ;
#7556 = DIRECTION ( 'NONE',  ( -0.000000000000000000, -1.000000000000000000, -0.000000000000000000 ) ) ;
#7557 = CIRCLE ( 'NONE', #3797, 0.1000000000000000056 ) ;
#7558 = VECTOR ( 'NONE', #8851, 100.0000000000000142 ) ;
#7559 = DIRECTION ( 'NONE',  ( 0.6229269433213771023, 0.000000000000000000, -0.7822800159049736468 ) ) ;
#7560 = ORIENTED_EDGE ( 'NONE', *, *, #1981, .T. ) ;
#7561 = ORIENTED_EDGE ( 'NONE', *, *, #8520, .F. ) ;
#7562 = ORIENTED_EDGE ( 'NONE', *, *, #1598, .F. ) ;
#7563 = VECTOR ( 'NONE', #3879, 100.0000000000000000 ) ;
#7564 = CIRCLE ( 'NONE', #3521, 0.3500050000000000106 ) ;
#7565 = FACE_OUTER_BOUND ( 'NONE', #534, .T. ) ;
#7566 = PERSON_AND_ORGANIZATION_ROLE ( 'design_owner' ) ;
#7567 = CARTESIAN_POINT ( 'NONE',  ( 0.000000000000000000, 0.5999999999999999778, 0.000000000000000000 ) ) ;
#7568 = ORIENTED_EDGE ( 'NONE', *, *, #6788, .T. ) ;
#7569 = VECTOR ( 'NONE', #4052, 100.0000000000000000 ) ;
#7570 = ORIENTED_EDGE ( 'NONE', *, *, #8516, .F. ) ;
#7571 = CARTESIAN_POINT ( 'NONE',  ( 1.646280565609026247, 0.000000000000000000, -1.746356292197642324 ) ) ;
#7572 = CARTESIAN_POINT ( 'NONE',  ( 1.434177131589206233, 0.000000000000000000, -0.1772313681305622834 ) ) ;
#7573 = DIRECTION ( 'NONE',  ( -0.9244448799230886582, 0.000000000000000000, 0.3813157012030664039 ) ) ;
#7574 = ADVANCED_FACE ( 'NONE', ( #473 ), #8713, .T. ) ;
#7575 = CARTESIAN_POINT ( 'NONE',  ( 1.398403686497602161, 0.000000000000000000, 2.276678570840594773 ) ) ;
#7576 = AXIS2_PLACEMENT_3D ( 'NONE', #4600, #2558, #6638 ) ;
#7577 = VERTEX_POINT ( 'NONE', #6004 ) ;
#7578 = DIRECTION ( 'NONE',  ( -0.9965217285917832291, 0.000000000000000000, -0.08333333333333295401 ) ) ;
#7579 = CARTESIAN_POINT ( 'NONE',  ( -0.6210341264647797344, 0.000000000000000000, 2.598675585582155723 ) ) ;
#7580 = DIRECTION ( 'NONE',  ( 0.000000000000000000, 1.000000000000000000, 0.000000000000000000 ) ) ;
#7581 = VERTEX_POINT ( 'NONE', #3192 ) ;
#7582 = VECTOR ( 'NONE', #3518, 99.99999999999998579 ) ;
#7583 = EDGE_CURVE ( 'NONE', #8064, #7100, #2647, .T. ) ;
#7584 = LINE ( 'NONE', #2031, #2927 ) ;
#7585 = ADVANCED_FACE ( 'NONE', ( #1982 ), #8800, .T. ) ;
#7586 = CARTESIAN_POINT ( 'NONE',  ( -0.7807048762483498328, 0.000000000000000000, 2.628261797879662520 ) ) ;
#7587 = CARTESIAN_POINT ( 'NONE',  ( 2.740449271673838894, 0.000000000000000000, 0.1288188395257291452 ) ) ;
#7588 = FACE_BOUND ( 'NONE', #5062, .T. ) ;
#7589 = CARTESIAN_POINT ( 'NONE',  ( -2.033973951400470437, 0.000000000000000000, -1.273950534763560016 ) ) ;
#7590 = EDGE_LOOP ( 'NONE', ( #312, #3804, #7241, #8690 ) ) ;
#7591 = CARTESIAN_POINT ( 'NONE',  ( 2.353884672967866631, 0.5999999999999999778, -0.4682167728381401162 ) ) ;
#7592 = CYLINDRICAL_SURFACE ( 'NONE', #5716, 0.1000000000000000888 ) ;
#7593 = ORIENTED_EDGE ( 'NONE', *, *, #2762, .T. ) ;
#7594 = DIRECTION ( 'NONE',  ( 0.000000000000000000, 1.000000000000000000, 0.000000000000000000 ) ) ;
#7595 = VERTEX_POINT ( 'NONE', #4740 ) ;
#7596 = EDGE_CURVE ( 'NONE', #3601, #5531, #5992, .T. ) ;
#7597 = DIRECTION ( 'NONE',  ( 0.000000000000000000, 1.000000000000000000, 0.000000000000000000 ) ) ;
#7598 = LINE ( 'NONE', #1273, #868 ) ;
#7599 = AXIS2_PLACEMENT_3D ( 'NONE', #1772, #5117, #3074 ) ;
#7600 = FACE_BOUND ( 'NONE', #4621, .T. ) ;
#7601 = ORIENTED_EDGE ( 'NONE', *, *, #2186, .T. ) ;
#7602 = ORIENTED_EDGE ( 'NONE', *, *, #1438, .T. ) ;
#7603 = AXIS2_PLACEMENT_3D ( 'NONE', #8570, #3228, #2460 ) ;
#7604 = VERTEX_POINT ( 'NONE', #1297 ) ;
#7605 = VECTOR ( 'NONE', #36, 100.0000000000000000 ) ;
#7606 = EDGE_CURVE ( 'NONE', #1875, #6348, #2808, .T. ) ;
#7607 = VECTOR ( 'NONE', #3501, 100.0000000000000000 ) ;
#7608 = PLANE ( 'NONE',  #1475 ) ;
#7609 = EDGE_CURVE ( 'NONE', #4168, #3926, #8893, .T. ) ;
#7610 = CARTESIAN_POINT ( 'NONE',  ( 1.278452291454542644, 0.5999999999999999778, -2.425452518699735549 ) ) ;
#7611 = CARTESIAN_POINT ( 'NONE',  ( 0.000000000000000000, 0.000000000000000000, 0.000000000000000000 ) ) ;
#7612 = AXIS2_PLACEMENT_3D ( 'NONE', #7405, #2564, #1159 ) ;
#7613 = VERTEX_POINT ( 'NONE', #8219 ) ;
#7614 = EDGE_LOOP ( 'NONE', ( #8261, #5260, #2362, #8328 ) ) ;
#7615 = LINE ( 'NONE', #2102, #3071 ) ;
#7616 = DIRECTION ( 'NONE',  ( 0.000000000000000000, 0.000000000000000000, 1.000000000000000000 ) ) ;
#7617 = AXIS2_PLACEMENT_3D ( 'NONE', #3028, #8645, #5114 ) ;
#7618 = AXIS2_PLACEMENT_3D ( 'NONE', #3072, #5028, #1590 ) ;
#7619 = CARTESIAN_POINT ( 'NONE',  ( 1.727069502064348505, 0.000000000000000000, -2.129434459435528559 ) ) ;
#7620 = LINE ( 'NONE', #4138, #3560 ) ;
#7621 = ORIENTED_EDGE ( 'NONE', *, *, #922, .F. ) ;
#7622 = ORIENTED_EDGE ( 'NONE', *, *, #5337, .T. ) ;
#7623 = DIRECTION ( 'NONE',  ( 0.000000000000000000, 1.000000000000000000, 0.000000000000000000 ) ) ;
#7624 = EDGE_CURVE ( 'NONE', #5914, #672, #4549, .T. ) ;
#7625 = CARTESIAN_POINT ( 'NONE',  ( 2.641831428724037423, 0.000000000000000000, 0.7334758920360040513 ) ) ;
#7626 = EDGE_CURVE ( 'NONE', #3852, #4663, #1654, .T. ) ;
#7627 = CARTESIAN_POINT ( 'NONE',  ( 1.278452291454542644, 0.000000000000000000, -2.425452518699735549 ) ) ;
#7628 = ORIENTED_EDGE ( 'NONE', *, *, #6442, .T. ) ;
#7629 = DIRECTION ( 'NONE',  ( -0.000000000000000000, -1.000000000000000000, -0.000000000000000000 ) ) ;
#7630 = DIRECTION ( 'NONE',  ( -0.3813157012030642390, 0.000000000000000000, -0.9244448799230896574 ) ) ;
#7631 = CARTESIAN_POINT ( 'NONE',  ( -1.918937936963991175, 0.5999999999999999778, 0.7212331066169809235 ) ) ;
#7632 = DIRECTION ( 'NONE',  ( 0.000000000000000000, 1.000000000000000000, 0.000000000000000000 ) ) ;
#7633 = DIRECTION ( 'NONE',  ( 0.000000000000000000, 1.000000000000000000, 0.000000000000000000 ) ) ;
#7634 = VERTEX_POINT ( 'NONE', #6949 ) ;
#7635 = EDGE_CURVE ( 'NONE', #4015, #2365, #5123, .T. ) ;
#7636 = DIRECTION ( 'NONE',  ( 0.1646273600699720008, 0.000000000000000000, -0.9863558345325442733 ) ) ;
#7637 = LINE ( 'NONE', #3478, #6585 ) ;
#7638 = EDGE_LOOP ( 'NONE', ( #1553, #8696, #1103, #7014 ) ) ;
#7639 = CYLINDRICAL_SURFACE ( 'NONE', #8195, 1.500000000000000000 ) ;
#7640 = CIRCLE ( 'NONE', #989, 2.400000000000000355 ) ;
#7641 = ORIENTED_EDGE ( 'NONE', *, *, #937, .T. ) ;
#7642 = DIRECTION ( 'NONE',  ( 0.000000000000000000, 1.000000000000000000, -0.000000000000000000 ) ) ;
#7643 = LINE ( 'NONE', #1448, #727 ) ;
#7644 = PLANE ( 'NONE',  #6575 ) ;
#7645 = ORIENTED_EDGE ( 'NONE', *, *, #3613, .F. ) ;
#7646 = ORIENTED_EDGE ( 'NONE', *, *, #1012, .T. ) ;
#7647 = ORIENTED_EDGE ( 'NONE', *, *, #8954, .F. ) ;
#7648 = EDGE_CURVE ( 'NONE', #5673, #6025, #2109, .T. ) ;
#7649 = CARTESIAN_POINT ( 'NONE',  ( 0.7071067811865463515, 0.2999999999999999889, 0.7071067811865487940 ) ) ;
#7650 = CARTESIAN_POINT ( 'NONE',  ( 1.697056274847714930, 0.000000000000000000, -1.697056274847809298 ) ) ;
#7651 = ORIENTED_EDGE ( 'NONE', *, *, #1863, .F. ) ;
#7652 = VERTEX_POINT ( 'NONE', #3553 ) ;
#7653 = CARTESIAN_POINT ( 'NONE',  ( 1.789105181557133495, 0.000000000000000000, 2.077585818039126675 ) ) ;
#7654 = CARTESIAN_POINT ( 'NONE',  ( -2.723782605007077251, 0.000000000000000000, -0.3281231852441796604 ) ) ;
#7655 = EDGE_CURVE ( 'NONE', #5531, #6306, #3422, .T. ) ;
#7656 = EDGE_CURVE ( 'NONE', #6120, #544, #106, .T. ) ;
#7657 = DIRECTION ( 'NONE',  ( 0.000000000000000000, 0.000000000000000000, 1.000000000000000000 ) ) ;
#7658 = AXIS2_PLACEMENT_3D ( 'NONE', #5060, #2980, #7009 ) ;
#7659 = LINE ( 'NONE', #6987, #4864 ) ;
#7660 = ORIENTED_EDGE ( 'NONE', *, *, #3445, .T. ) ;
#7661 = CARTESIAN_POINT ( 'NONE',  ( -2.628261797879685613, 0.5999999999999999778, -0.7807048762484964932 ) ) ;
#7662 = DIRECTION ( 'NONE',  ( 0.000000000000000000, 1.000000000000000000, 0.000000000000000000 ) ) ;
#7663 = AXIS2_PLACEMENT_3D ( 'NONE', #974, #3690, #6459 ) ;
#7664 = LINE ( 'NONE', #2068, #185 ) ;
#7665 = VERTEX_POINT ( 'NONE', #7707 ) ;
#7666 = FACE_OUTER_BOUND ( 'NONE', #3640, .T. ) ;
#7667 = EDGE_CURVE ( 'NONE', #5339, #2310, #2740, .T. ) ;
#7668 = FACE_OUTER_BOUND ( 'NONE', #7614, .T. ) ;
#7669 = DIRECTION ( 'NONE',  ( 0.9233121615203911947, 0.000000000000000000, 0.3840503253332079869 ) ) ;
#7670 = CARTESIAN_POINT ( 'NONE',  ( 2.545719797107024895, 0.000000000000000000, 0.7058615068732734255 ) ) ;
#7671 = VERTEX_POINT ( 'NONE', #6991 ) ;
#7672 = CARTESIAN_POINT ( 'NONE',  ( -0.7530904910856193180, 0.000000000000000000, 2.532150166262649993 ) ) ;
#7673 = CARTESIAN_POINT ( 'NONE',  ( 2.336574944427907141, 0.5999999999999999778, 1.232618059797797150 ) ) ;
#7674 = ORIENTED_EDGE ( 'NONE', *, *, #3556, .T. ) ;
#7675 = DIRECTION ( 'NONE',  ( -0.3043623944812922644, 0.000000000000000000, -0.9525563147791390461 ) ) ;
#7676 = EDGE_CURVE ( 'NONE', #586, #2531, #2190, .T. ) ;
#7677 = ORIENTED_EDGE ( 'NONE', *, *, #3059, .T. ) ;
#7678 = CARTESIAN_POINT ( 'NONE',  ( 2.207032380760797885, 0.000000000000000000, 1.629620990999920638 ) ) ;
#7679 = DIRECTION ( 'NONE',  ( 0.9244448799230887692, 0.000000000000000000, -0.3813157012030660709 ) ) ;
#7680 = CARTESIAN_POINT ( 'NONE',  ( -1.167737622746208181, 0.000000000000000000, 2.482548156321819910 ) ) ;
#7681 = EDGE_LOOP ( 'NONE', ( #6849, #1860 ) ) ;
#7682 = ORIENTED_EDGE ( 'NONE', *, *, #7336, .T. ) ;
#7683 = VERTEX_POINT ( 'NONE', #6863 ) ;
#7684 = VECTOR ( 'NONE', #7810, 100.0000000000000000 ) ;
#7685 = AXIS2_PLACEMENT_3D ( 'NONE', #3777, #6539, #1106 ) ;
#7686 = EDGE_CURVE ( 'NONE', #3027, #5073, #2869, .T. ) ;
#7687 = AXIS2_PLACEMENT_3D ( 'NONE', #4240, #6240, #3609 ) ;
#7688 = AXIS2_PLACEMENT_3D ( 'NONE', #3576, #8764, #3882 ) ;
#7689 = CARTESIAN_POINT ( 'NONE',  ( 0.5779473370187570014, 0.5999999999999999778, -1.384188164821866573 ) ) ;
#7690 = DIRECTION ( 'NONE',  ( 0.000000000000000000, 1.000000000000000000, -0.000000000000000000 ) ) ;
#7691 = EDGE_CURVE ( 'NONE', #547, #3852, #2824, .T. ) ;
#7692 = VECTOR ( 'NONE', #158, 100.0000000000000000 ) ;
#7693 = FACE_OUTER_BOUND ( 'NONE', #5599, .T. ) ;
#7694 = EDGE_LOOP ( 'NONE', ( #8209, #6438, #823, #4714 ) ) ;
#7695 = VERTEX_POINT ( 'NONE', #5630 ) ;
#7696 = DIRECTION ( 'NONE',  ( 0.000000000000000000, 1.000000000000000000, 0.000000000000000000 ) ) ;
#7697 = DIRECTION ( 'NONE',  ( -0.000000000000000000, -1.000000000000000000, -0.000000000000000000 ) ) ;
#7698 = VECTOR ( 'NONE', #1962, 100.0000000000000142 ) ;
#7699 = VECTOR ( 'NONE', #4085, 100.0000000000000000 ) ;
#7700 = CARTESIAN_POINT ( 'NONE',  ( 1.646280565609026247, 0.5999999999999999778, -1.746356292197642324 ) ) ;
#7701 = CARTESIAN_POINT ( 'NONE',  ( 2.638522656287642931, 0.5999999999999999778, -0.4207093742621246246 ) ) ;
#7702 = EDGE_CURVE ( 'NONE', #1210, #8441, #1430, .T. ) ;
#7703 = AXIS2_PLACEMENT_3D ( 'NONE', #881, #115, #2250 ) ;
#7704 = APPROVAL_PERSON_ORGANIZATION ( #872, #8454, #4316 ) ;
#7705 = EDGE_CURVE ( 'NONE', #128, #5277, #4950, .T. ) ;
#7706 = ORIENTED_EDGE ( 'NONE', *, *, #1418, .T. ) ;
#7707 = CARTESIAN_POINT ( 'NONE',  ( 2.447975330630792978, 0.000000000000000000, 1.234778102581631565 ) ) ;
#7708 = CARTESIAN_POINT ( 'NONE',  ( -1.278452291454445167, 0.000000000000000000, 2.425452518699641846 ) ) ;
#7709 = APPLICATION_CONTEXT ( 'configuration controlled 3d designs of mechanical parts and assemblies' ) ;
#7710 = ORIENTED_EDGE ( 'NONE', *, *, #2627, .F. ) ;
#7711 = FACE_OUTER_BOUND ( 'NONE', #2527, .T. ) ;
#7712 = EDGE_CURVE ( 'NONE', #2254, #44, #8345, .T. ) ;
#7713 = EDGE_CURVE ( 'NONE', #1756, #2135, #1507, .T. ) ;
#7714 = CARTESIAN_POINT ( 'NONE',  ( 2.336574944427907141, 0.5999999999999999778, 1.332618059797797239 ) ) ;
#7715 = DIRECTION ( 'NONE',  ( 0.4111072935796869499, 0.000000000000000000, 0.9115869641266186596 ) ) ;
#7716 = LINE ( 'NONE', #8948, #8161 ) ;
#7717 = CARTESIAN_POINT ( 'NONE',  ( -1.687011257416911159, 0.000000000000000000, -2.032959116562971236 ) ) ;
#7718 = ORIENTED_EDGE ( 'NONE', *, *, #2562, .F. ) ;
#7719 = CARTESIAN_POINT ( 'NONE',  ( 2.622059920280646050, 0.000000000000000000, -0.3220737908088701640 ) ) ;
#7720 = CARTESIAN_POINT ( 'NONE',  ( 0.000000000000000000, 0.5999999999999999778, 0.000000000000000000 ) ) ;
#7721 = ORIENTED_EDGE ( 'NONE', *, *, #6662, .F. ) ;
#7722 = CIRCLE ( 'NONE', #3095, 0.1000000000000000056 ) ;
#7723 = AXIS2_PLACEMENT_3D ( 'NONE', #8017, #3996, #554 ) ;
#7724 = DIRECTION ( 'NONE',  ( -0.7635728369858666431, 0.000000000000000000, 0.6457217067881142469 ) ) ;
#7725 = VERTEX_POINT ( 'NONE', #4906 ) ;
#7726 = CARTESIAN_POINT ( 'NONE',  ( -2.628261797879685613, 0.000000000000000000, -0.7807048762484964932 ) ) ;
#7727 = DIRECTION ( 'NONE',  ( 0.000000000000000000, 1.000000000000000000, -0.000000000000000000 ) ) ;
#7728 = DIRECTION ( 'NONE',  ( 0.000000000000000000, 1.000000000000000000, 0.000000000000000000 ) ) ;
#7729 = VERTEX_POINT ( 'NONE', #7661 ) ;
#7730 = ORIENTED_EDGE ( 'NONE', *, *, #8131, .F. ) ;
#7731 = EDGE_LOOP ( 'NONE', ( #5072, #3348, #2633, #7902 ) ) ;
#7732 = CIRCLE ( 'NONE', #654, 0.1000000000000000888 ) ;
#7733 = EDGE_CURVE ( 'NONE', #3115, #5463, #4537, .T. ) ;
#7734 = AXIS2_PLACEMENT_3D ( 'NONE', #1680, #1820, #4574 ) ;
#7735 = LINE ( 'NONE', #7689, #5160 ) ;
#7736 = DIRECTION ( 'NONE',  ( 0.000000000000000000, 0.000000000000000000, 1.000000000000000000 ) ) ;
#7737 = DIRECTION ( 'NONE',  ( -0.000000000000000000, -1.000000000000000000, -0.000000000000000000 ) ) ;
#7738 = VECTOR ( 'NONE', #4021, 100.0000000000000000 ) ;
#7739 = VERTEX_POINT ( 'NONE', #785 ) ;
#7740 = EDGE_LOOP ( 'NONE', ( #7980, #560, #4474, #7848 ) ) ;
#7741 = DIRECTION ( 'NONE',  ( 0.000000000000000000, 1.000000000000000000, -0.000000000000000000 ) ) ;
#7742 = DIRECTION ( 'NONE',  ( -0.000000000000000000, -1.000000000000000000, -0.000000000000000000 ) ) ;
#7743 = ADVANCED_FACE ( 'NONE', ( #4269 ), #6317, .F. ) ;
#7744 = AXIS2_PLACEMENT_3D ( 'NONE', #4322, #4456, #878 ) ;
#7745 = AXIS2_PLACEMENT_3D ( 'NONE', #8162, #8795, #1974 ) ;
#7746 = FACE_OUTER_BOUND ( 'NONE', #713, .T. ) ;
#7747 = AXIS2_PLACEMENT_3D ( 'NONE', #8401, #2213, #6291 ) ;
#7748 = CARTESIAN_POINT ( 'NONE',  ( -0.5465684680071658530, 0.2999999999999999889, 0.3960907847707386686 ) ) ;
#7749 = DIRECTION ( 'NONE',  ( 0.000000000000000000, 0.000000000000000000, 1.000000000000000000 ) ) ;
#7750 = ADVANCED_FACE ( 'NONE', ( #6357 ), #142, .T. ) ;
#7751 = VERTEX_POINT ( 'NONE', #703 ) ;
#7752 = VECTOR ( 'NONE', #4173, 100.0000000000000000 ) ;
#7753 = DIRECTION ( 'NONE',  ( -0.000000000000000000, 1.000000000000000000, -0.000000000000000000 ) ) ;
#7754 = DIRECTION ( 'NONE',  ( 0.5543390762369602154, 0.000000000000000000, 0.8322909278351852125 ) ) ;
#7755 = AXIS2_PLACEMENT_3D ( 'NONE', #4490, #4630, #7387 ) ;
#7756 = ORIENTED_EDGE ( 'NONE', *, *, #7293, .T. ) ;
#7757 = EDGE_CURVE ( 'NONE', #1721, #3116, #3466, .T. ) ;
#7758 = AXIS2_PLACEMENT_3D ( 'NONE', #4163, #4070, #4754 ) ;
#7759 = FACE_OUTER_BOUND ( 'NONE', #2112, .T. ) ;
#7760 = CIRCLE ( 'NONE', #3141, 2.400000000000000355 ) ;
#7761 = ORIENTED_EDGE ( 'NONE', *, *, #7380, .F. ) ;
#7762 = CARTESIAN_POINT ( 'NONE',  ( -2.207032380760688639, 0.000000000000000000, -1.629620991000054531 ) ) ;
#7763 = CARTESIAN_POINT ( 'NONE',  ( 0.5779473370187572234, 0.000000000000000000, -1.384188164821867018 ) ) ;
#7764 = FACE_BOUND ( 'NONE', #2129, .T. ) ;
#7765 = LINE ( 'NONE', #5095, #6843 ) ;
#7766 = ORIENTED_EDGE ( 'NONE', *, *, #1829, .T. ) ;
#7767 = CARTESIAN_POINT ( 'NONE',  ( -0.9184402376762259568, 0.000000000000000000, -2.217310878027085153 ) ) ;
#7768 = FACE_OUTER_BOUND ( 'NONE', #2923, .T. ) ;
#7769 = ORIENTED_EDGE ( 'NONE', *, *, #309, .T. ) ;
#7770 = EDGE_CURVE ( 'NONE', #1795, #847, #1056, .T. ) ;
#7771 = ADVANCED_FACE ( 'NONE', ( #3090 ), #3045, .T. ) ;
#7772 = CARTESIAN_POINT ( 'NONE',  ( 0.9834185373505206496, 0.000000000000000000, 2.189266539367740183 ) ) ;
#7773 = PLANE ( 'NONE',  #382 ) ;
#7774 = DIRECTION ( 'NONE',  ( -0.001479967914598831350, 0.000000000000000000, 0.9999989048468862496 ) ) ;
#7775 = DIRECTION ( 'NONE',  ( 0.000000000000000000, 1.000000000000000000, -0.000000000000000000 ) ) ;
#7776 = ORIENTED_EDGE ( 'NONE', *, *, #2684, .F. ) ;
#7777 = ORIENTED_EDGE ( 'NONE', *, *, #2848, .F. ) ;
#7778 = EDGE_LOOP ( 'NONE', ( #719, #8735, #3179, #504 ) ) ;
#7779 = ADVANCED_FACE ( 'NONE', ( #1698 ), #2321, .T. ) ;
#7780 = PLANE ( 'NONE',  #6749 ) ;
#7781 = DIRECTION ( 'NONE',  ( 0.000000000000000000, 1.000000000000000000, 0.000000000000000000 ) ) ;
#7782 = ADVANCED_FACE ( 'NONE', ( #2281 ), #5809, .T. ) ;
#7783 = DIRECTION ( 'NONE',  ( 0.08333333333333295401, 0.000000000000000000, -0.9965217285917832291 ) ) ;
#7784 = VERTEX_POINT ( 'NONE', #5084 ) ;
#7785 = EDGE_LOOP ( 'NONE', ( #2136, #6675, #2984, #960 ) ) ;
#7786 = VECTOR ( 'NONE', #3589, 99.99999999999998579 ) ;
#7787 = ORIENTED_EDGE ( 'NONE', *, *, #2325, .T. ) ;
#7788 = CYLINDRICAL_SURFACE ( 'NONE', #3513, 0.1000000000000000888 ) ;
#7789 = CARTESIAN_POINT ( 'NONE',  ( 0.8526632993067405630, 0.5999999999999999778, -2.243427132316890837 ) ) ;
#7790 = CARTESIAN_POINT ( 'NONE',  ( 0.2845149898690463308, 0.000000000000000000, 2.726960102849232737 ) ) ;
#7791 = CARTESIAN_POINT ( 'NONE',  ( 1.306420027913691717, 0.5999999999999999778, 2.410503452114889367 ) ) ;
#7792 = FACE_OUTER_BOUND ( 'NONE', #4683, .T. ) ;
#7793 = EDGE_CURVE ( 'NONE', #813, #5430, #5413, .T. ) ;
#7794 = ORIENTED_EDGE ( 'NONE', *, *, #3480, .T. ) ;
#7795 = PERSON_AND_ORGANIZATION ( #6233, #4378 ) ;
#7796 = CARTESIAN_POINT ( 'NONE',  ( 2.243427132316891282, 0.000000000000000000, 0.8526632993066454169 ) ) ;
#7797 = CARTESIAN_POINT ( 'NONE',  ( -0.3333417546314321744, 0.000000000000000000, -2.721423057264559464 ) ) ;
#7798 = VERTEX_POINT ( 'NONE', #7796 ) ;
#7799 = DIRECTION ( 'NONE',  ( -0.000000000000000000, -1.000000000000000000, -0.000000000000000000 ) ) ;
#7800 = DIRECTION ( 'NONE',  ( 0.000000000000000000, 0.000000000000000000, 1.000000000000000000 ) ) ;
#7801 = DIRECTION ( 'NONE',  ( -0.2588190451025206840, 0.000000000000000000, 0.9659258262890684232 ) ) ;
#7802 = VECTOR ( 'NONE', #5244, 100.0000000000000142 ) ;
#7803 = EDGE_CURVE ( 'NONE', #2674, #1670, #3636, .T. ) ;
#7804 = CARTESIAN_POINT ( 'NONE',  ( 1.687011257417007970, 0.5999999999999999778, 2.132959116562876734 ) ) ;
#7805 = CARTESIAN_POINT ( 'NONE',  ( -0.7071067811865462405, 0.5999999999999999778, -0.7071067811865486830 ) ) ;
#7806 = ORIENTED_EDGE ( 'NONE', *, *, #6039, .T. ) ;
#7807 = CARTESIAN_POINT ( 'NONE',  ( 1.301232448388103702, 0.5999999999999999778, 1.584075160862609133 ) ) ;
#7808 = CARTESIAN_POINT ( 'NONE',  ( -2.398956528258401111, 0.000000000000000000, 0.07076422490293553247 ) ) ;
#7809 = ORIENTED_EDGE ( 'NONE', *, *, #2659, .T. ) ;
#7810 = DIRECTION ( 'NONE',  ( -0.8748750547415710122, 0.000000000000000000, 0.4843486746042906521 ) ) ;
#7811 = ADVANCED_FACE ( 'NONE', ( #1603 ), #4354, .F. ) ;
#7812 = CARTESIAN_POINT ( 'NONE',  ( 1.727069502064348505, 0.000000000000000000, -2.129434459435528559 ) ) ;
#7813 = CARTESIAN_POINT ( 'NONE',  ( -0.7071067811865462405, 0.2999999999999999889, -0.7071067811865486830 ) ) ;
#7814 = EDGE_CURVE ( 'NONE', #4455, #7459, #7279, .T. ) ;
#7815 = LINE ( 'NONE', #5931, #645 ) ;
#7816 = ORIENTED_EDGE ( 'NONE', *, *, #5772, .F. ) ;
#7817 = ORIENTED_EDGE ( 'NONE', *, *, #431, .T. ) ;
#7818 = ORIENTED_EDGE ( 'NONE', *, *, #6800, .F. ) ;
#7819 = DIRECTION ( 'NONE',  ( -0.000000000000000000, -1.000000000000000000, 0.000000000000000000 ) ) ;
#7820 = CARTESIAN_POINT ( 'NONE',  ( -2.505747855997265461, 0.5999999999999999778, 0.9273757962658479848 ) ) ;
#7821 = VERTEX_POINT ( 'NONE', #6535 ) ;
#7822 = CARTESIAN_POINT ( 'NONE',  ( 0.000000000000000000, 0.5999999999999999778, 0.000000000000000000 ) ) ;
#7823 = ORIENTED_EDGE ( 'NONE', *, *, #6180, .F. ) ;
#7824 = ORIENTED_EDGE ( 'NONE', *, *, #8159, .F. ) ;
#7825 = ORIENTED_EDGE ( 'NONE', *, *, #285, .F. ) ;
#7826 = CARTESIAN_POINT ( 'NONE',  ( 0.000000000000000000, 0.000000000000000000, 0.000000000000000000 ) ) ;
#7827 = CARTESIAN_POINT ( 'NONE',  ( 0.6609787525252591722, 0.000000000000000000, -2.662660998464627671 ) ) ;
#7828 = AXIS2_PLACEMENT_3D ( 'NONE', #5354, #1371, #6708 ) ;
#7829 = VECTOR ( 'NONE', #845, 100.0000000000000142 ) ;
#7830 = AXIS2_PLACEMENT_3D ( 'NONE', #7982, #1846, #4548 ) ;
#7831 = CARTESIAN_POINT ( 'NONE',  ( 2.425452518699736437, 0.5999999999999999778, 1.278452291454447165 ) ) ;
#7832 = DIRECTION ( 'NONE',  ( 0.000000000000000000, 0.000000000000000000, 1.000000000000000000 ) ) ;
#7833 = CIRCLE ( 'NONE', #5093, 0.1000000000000000888 ) ;
#7834 = CARTESIAN_POINT ( 'NONE',  ( -2.129434459435418869, 0.5999999999999999778, -1.727069502064385809 ) ) ;
#7835 = ORIENTED_EDGE ( 'NONE', *, *, #639, .T. ) ;
#7836 = VECTOR ( 'NONE', #7263, 100.0000000000000000 ) ;
#7837 = LINE ( 'NONE', #6582, #7290 ) ;
#7838 = DIRECTION ( 'NONE',  ( -0.5295578847521639210, 0.000000000000000000, 0.8482738040849864269 ) ) ;
#7839 = ORIENTED_EDGE ( 'NONE', *, *, #2895, .T. ) ;
#7840 = EDGE_CURVE ( 'NONE', #4139, #8880, #1562, .T. ) ;
#7841 = CIRCLE ( 'NONE', #3080, 2.400000000000000355 ) ;
#7842 = APPROVAL_PERSON_ORGANIZATION ( #5083, #1105, #6494 ) ;
#7843 = CARTESIAN_POINT ( 'NONE',  ( 0.7071067811865463515, 0.5999999999999999778, -0.7071067811865486830 ) ) ;
#7844 = DIRECTION ( 'NONE',  ( 0.5810497765865615394, -0.000000000000000000, 0.8138680219351949185 ) ) ;
#7845 = DIRECTION ( 'NONE',  ( -0.9525563147791396013, 0.000000000000000000, 0.3043623944812903770 ) ) ;
#7846 = CARTESIAN_POINT ( 'NONE',  ( -1.646280565608930102, 0.5999999999999999778, 1.746356292197548843 ) ) ;
#7847 = CARTESIAN_POINT ( 'NONE',  ( 1.584075160862711718, 0.000000000000000000, 1.301232448387978913 ) ) ;
#7848 = ORIENTED_EDGE ( 'NONE', *, *, #2771, .F. ) ;
#7849 = VECTOR ( 'NONE', #6549, 100.0000000000000142 ) ;
#7850 = CARTESIAN_POINT ( 'NONE',  ( 0.2732470260463688572, 0.5999999999999999778, 2.627596965865284684 ) ) ;
#7851 = CARTESIAN_POINT ( 'NONE',  ( 2.523800576651628713, 0.000000000000000000, -0.7806153992595054047 ) ) ;
#7852 = ORIENTED_EDGE ( 'NONE', *, *, #8726, .F. ) ;
#7853 = ADVANCED_FACE ( 'NONE', ( #5860 ), #7122, .T. ) ;
#7854 = EDGE_CURVE ( 'NONE', #8185, #3880, #2413, .T. ) ;
#7855 = CARTESIAN_POINT ( 'NONE',  ( 2.353884672967788472, 0.000000000000000000, -0.4682167728388216821 ) ) ;
#7856 = CARTESIAN_POINT ( 'NONE',  ( 1.398403686497602161, 0.000000000000000000, 2.276678570840594773 ) ) ;
#7857 = CARTESIAN_POINT ( 'NONE',  ( 2.638522656287642931, 0.000000000000000000, -0.4207093742621246246 ) ) ;
#7858 = VECTOR ( 'NONE', #7578, 100.0000000000000000 ) ;
#7859 = DIRECTION ( 'NONE',  ( 0.4111072935796869499, 0.000000000000000000, 0.9115869641266186596 ) ) ;
#7860 = ORIENTED_EDGE ( 'NONE', *, *, #1129, .T. ) ;
#7861 = ORIENTED_EDGE ( 'NONE', *, *, #7033, .T. ) ;
#7862 = ORIENTED_EDGE ( 'NONE', *, *, #5202, .T. ) ;
#7864 = EDGE_CURVE ( 'NONE', #5760, #894, #193, .T. ) ;
#7863 = VECTOR ( 'NONE', #1350, 100.0000000000000142 ) ;
#7865 = CARTESIAN_POINT ( 'NONE',  ( 2.051206457845031750, 0.000000000000000000, 1.764776807732115094 ) ) ;
#7866 = DIRECTION ( 'NONE',  ( 0.000000000000000000, 1.000000000000000000, -0.000000000000000000 ) ) ;
#7867 = ORIENTED_EDGE ( 'NONE', *, *, #1053, .T. ) ;
#7868 = CARTESIAN_POINT ( 'NONE',  ( -0.5779473370187012682, 0.5999999999999999778, 1.384188164821890332 ) ) ;
#7869 = VERTEX_POINT ( 'NONE', #4489 ) ;
#7870 = VERTEX_POINT ( 'NONE', #5769 ) ;
#7871 = ORIENTED_EDGE ( 'NONE', *, *, #7478, .F. ) ;
#7872 = DIRECTION ( 'NONE',  ( 0.000000000000000000, 0.000000000000000000, 1.000000000000000000 ) ) ;
#7873 = CARTESIAN_POINT ( 'NONE',  ( -0.7071067811865462405, 0.2999999999999999889, -0.3571017811865486724 ) ) ;
#7874 = EDGE_CURVE ( 'NONE', #5858, #4389, #7837, .T. ) ;
#7875 = EDGE_CURVE ( 'NONE', #2002, #5760, #3139, .T. ) ;
#7876 = CARTESIAN_POINT ( 'NONE',  ( -0.6609787525251635820, 0.000000000000000000, 2.662660998464533080 ) ) ;
#7877 = DIRECTION ( 'NONE',  ( 0.000000000000000000, 1.000000000000000000, -0.000000000000000000 ) ) ;
#7878 = DIRECTION ( 'NONE',  ( 0.9936313698394809713, 0.000000000000000000, -0.1126796382267744728 ) ) ;
#7879 = ORIENTED_EDGE ( 'NONE', *, *, #499, .F. ) ;
#7880 = DATE_AND_TIME ( #5129, #3950 ) ;
#7881 = DIRECTION ( 'NONE',  ( 0.9611163161701273827, 0.000000000000000000, 0.2761438516273062582 ) ) ;
#7882 = CARTESIAN_POINT ( 'NONE',  ( -2.081816911831186001, 0.5999999999999999778, -1.626335788784575520 ) ) ;
#7883 = AXIS2_PLACEMENT_3D ( 'NONE', #5275, #8022, #4595 ) ;
#7884 = ORIENTED_EDGE ( 'NONE', *, *, #8216, .F. ) ;
#7885 = AXIS2_PLACEMENT_3D ( 'NONE', #6968, #2259, #7057 ) ;
#7886 = CARTESIAN_POINT ( 'NONE',  ( -0.9273757962658337739, 0.000000000000000000, -2.505747855997342288 ) ) ;
#7887 = LINE ( 'NONE', #4453, #6172 ) ;
#7888 = CIRCLE ( 'NONE', #522, 0.1000000000000000888 ) ;
#7889 = ORIENTED_EDGE ( 'NONE', *, *, #688, .F. ) ;
#7890 = VECTOR ( 'NONE', #1034, 100.0000000000000284 ) ;
#7891 = EDGE_CURVE ( 'NONE', #1459, #6062, #7005, .T. ) ;
#7892 = ORIENTED_EDGE ( 'NONE', *, *, #6393, .T. ) ;
#7893 = VECTOR ( 'NONE', #3091, 100.0000000000000000 ) ;
#7894 = CARTESIAN_POINT ( 'NONE',  ( 0.7071067811865463515, 0.2999999999999999889, -0.7071067811865486830 ) ) ;
#7895 = FACE_OUTER_BOUND ( 'NONE', #1707, .T. ) ;
#7896 = EDGE_CURVE ( 'NONE', #1284, #6315, #5723, .T. ) ;
#7897 = VECTOR ( 'NONE', #7630, 99.99999999999998579 ) ;
#7898 = LINE ( 'NONE', #2374, #357 ) ;
#7899 = DIRECTION ( 'NONE',  ( 0.000000000000000000, 0.000000000000000000, 1.000000000000000000 ) ) ;
#7900 = DIRECTION ( 'NONE',  ( 0.000000000000000000, 0.000000000000000000, 1.000000000000000000 ) ) ;
#7901 = CARTESIAN_POINT ( 'NONE',  ( 1.333368559247037899, 0.000000000000000000, -1.995527069526193964 ) ) ;
#7902 = ORIENTED_EDGE ( 'NONE', *, *, #2490, .T. ) ;
#7903 = VECTOR ( 'NONE', #2799, 100.0000000000000000 ) ;
#7904 = DIRECTION ( 'NONE',  ( -0.000000000000000000, -1.000000000000000000, -0.000000000000000000 ) ) ;
#7905 = CYLINDRICAL_SURFACE ( 'NONE', #2987, 0.1000000000000000888 ) ;
#7906 = LINE ( 'NONE', #6687, #2753 ) ;
#7907 = EDGE_CURVE ( 'NONE', #1786, #2969, #8742, .T. ) ;
#7908 = DIRECTION ( 'NONE',  ( 0.000000000000000000, 0.000000000000000000, 1.000000000000000000 ) ) ;
#7909 = ORIENTED_EDGE ( 'NONE', *, *, #1578, .T. ) ;
#7910 = ORIENTED_EDGE ( 'NONE', *, *, #8157, .F. ) ;
#7911 = ORIENTED_EDGE ( 'NONE', *, *, #3511, .F. ) ;
#7912 = DIRECTION ( 'NONE',  ( 0.9742741305104876126, 0.000000000000000000, -0.2253661878322332224 ) ) ;
#7913 = CARTESIAN_POINT ( 'NONE',  ( 0.000000000000000000, 0.000000000000000000, 0.000000000000000000 ) ) ;
#7914 = ORIENTED_EDGE ( 'NONE', *, *, #3059, .F. ) ;
#7915 = FACE_OUTER_BOUND ( 'NONE', #2690, .T. ) ;
#7916 = VERTEX_POINT ( 'NONE', #1100 ) ;
#7917 = ORIENTED_EDGE ( 'NONE', *, *, #4830, .T. ) ;
#7918 = ORIENTED_EDGE ( 'NONE', *, *, #6266, .F. ) ;
#7919 = EDGE_CURVE ( 'NONE', #4251, #2723, #5224, .T. ) ;
#7920 = FACE_OUTER_BOUND ( 'NONE', #7199, .T. ) ;
#7921 = CARTESIAN_POINT ( 'NONE',  ( -2.607432228139094033, 0.000000000000000000, -0.8532020157593352971 ) ) ;
#7922 = CARTESIAN_POINT ( 'NONE',  ( -2.735459543879542377, 0.000000000000000000, 0.2095652352662545348 ) ) ;
#7923 = CARTESIAN_POINT ( 'NONE',  ( 2.662660998464628559, 0.000000000000000000, 0.6609787525251646922 ) ) ;
#7924 = CIRCLE ( 'NONE', #1723, 2.400000000000000355 ) ;
#7925 = LINE ( 'NONE', #1559, #1236 ) ;
#7926 = EDGE_CURVE ( 'NONE', #610, #724, #1968, .T. ) ;
#7927 = ORIENTED_EDGE ( 'NONE', *, *, #1405, .T. ) ;
#7928 = DATE_AND_TIME ( #8611, #3380 ) ;
#7929 = EDGE_CURVE ( 'NONE', #687, #5955, #4690, .T. ) ;
#7930 = CARTESIAN_POINT ( 'NONE',  ( -2.033973951400470437, 0.000000000000000000, -1.273950534763560016 ) ) ;
#7931 = LINE ( 'NONE', #1740, #4289 ) ;
#7932 = ORIENTED_EDGE ( 'NONE', *, *, #590, .T. ) ;
#7933 = PLANE ( 'NONE',  #6392 ) ;
#7934 = FACE_OUTER_BOUND ( 'NONE', #5074, .T. ) ;
#7935 = VERTEX_POINT ( 'NONE', #5269 ) ;
#7936 = ORIENTED_EDGE ( 'NONE', *, *, #1185, .F. ) ;
#7937 = DIRECTION ( 'NONE',  ( 0.8138680219351949185, 0.000000000000000000, -0.5810497765865615394 ) ) ;
#7938 = DIRECTION ( 'NONE',  ( 0.000000000000000000, 1.000000000000000000, -0.000000000000000000 ) ) ;
#7939 = DIRECTION ( 'NONE',  ( -0.000000000000000000, -1.000000000000000000, -0.000000000000000000 ) ) ;
#7940 = DIRECTION ( 'NONE',  ( 0.000000000000000000, 1.000000000000000000, -0.000000000000000000 ) ) ;
#7941 = CARTESIAN_POINT ( 'NONE',  ( -0.2845149898689275925, 0.5999999999999999778, -2.726960102849293577 ) ) ;
#7942 = CARTESIAN_POINT ( 'NONE',  ( -2.336574944427815659, 0.000000000000000000, -1.232618059797938814 ) ) ;
#7943 = ORIENTED_EDGE ( 'NONE', *, *, #7426, .F. ) ;
#7944 = EDGE_CURVE ( 'NONE', #1293, #5096, #4629, .T. ) ;
#7945 = LINE ( 'NONE', #1893, #5542 ) ;
#7946 = AXIS2_PLACEMENT_3D ( 'NONE', #6884, #8535, #4293 ) ;
#7947 = DIRECTION ( 'NONE',  ( 0.4583423165665007071, 0.000000000000000000, -0.8887757427182931824 ) ) ;
#7948 = DIRECTION ( 'NONE',  ( 0.000000000000000000, 1.000000000000000000, 0.000000000000000000 ) ) ;
#7949 = CARTESIAN_POINT ( 'NONE',  ( -1.232618059797795373, 0.5999999999999999778, 2.336574944427812106 ) ) ;
#7950 = ORIENTED_EDGE ( 'NONE', *, *, #2536, .T. ) ;
#7951 = ORIENTED_EDGE ( 'NONE', *, *, #599, .F. ) ;
#7952 = AXIS2_PLACEMENT_3D ( 'NONE', #4829, #6150, #2033 ) ;
#7953 = ADVANCED_FACE ( 'NONE', ( #4675 ), #1286, .T. ) ;
#7954 = VECTOR ( 'NONE', #5627, 100.0000000000000000 ) ;
#7955 = CARTESIAN_POINT ( 'NONE',  ( -2.276678570840593441, 0.5999999999999999778, 1.398403686497507348 ) ) ;
#7956 = DIRECTION ( 'NONE',  ( -0.000000000000000000, -1.000000000000000000, 0.000000000000000000 ) ) ;
#7957 = ORIENTED_EDGE ( 'NONE', *, *, #963, .F. ) ;
#7958 = PLANE ( 'NONE',  #7599 ) ;
#7959 = ORIENTED_EDGE ( 'NONE', *, *, #7691, .F. ) ;
#7960 = ORIENTED_EDGE ( 'NONE', *, *, #2234, .T. ) ;
#7961 = ORIENTED_EDGE ( 'NONE', *, *, #8556, .F. ) ;
#7962 = DIRECTION ( 'NONE',  ( 0.1965416391084623959, 0.000000000000000000, -0.9804954788761439666 ) ) ;
#7963 = ADVANCED_FACE ( 'NONE', ( #3865 ), #6082, .T. ) ;
#7964 = ADVANCED_FACE ( 'NONE', ( #421 ), #4044, .F. ) ;
#7965 = DIRECTION ( 'NONE',  ( 0.000000000000000000, 1.000000000000000000, -0.000000000000000000 ) ) ;
#7966 = CARTESIAN_POINT ( 'NONE',  ( 1.384188164821842815, 0.000000000000000000, -0.5779473370188143999 ) ) ;
#7967 = AXIS2_PLACEMENT_3D ( 'NONE', #3351, #4669, #4080 ) ;
#7968 = ORIENTED_EDGE ( 'NONE', *, *, #4273, .T. ) ;
#7969 = CARTESIAN_POINT ( 'NONE',  ( -2.508844294584582801, 0.000000000000000000, 0.8274237474220399458 ) ) ;
#7970 = DIRECTION ( 'NONE',  ( 0.000000000000000000, 0.000000000000000000, 1.000000000000000000 ) ) ;
#7971 = ORIENTED_EDGE ( 'NONE', *, *, #1405, .F. ) ;
#7972 = AXIS2_PLACEMENT_3D ( 'NONE', #209, #7724, #8446 ) ;
#7973 = CIRCLE ( 'NONE', #4510, 0.1000000000000000888 ) ;
#7974 = ADVANCED_FACE ( 'NONE', ( #3223 ), #1183, .T. ) ;
#7975 = CARTESIAN_POINT ( 'NONE',  ( -2.604099926062496628, 0.000000000000000000, 0.8578599868701691777 ) ) ;
#7976 = EDGE_CURVE ( 'NONE', #4839, #8589, #783, .T. ) ;
#7977 = CARTESIAN_POINT ( 'NONE',  ( 2.393621897785627617, 0.000000000000000000, -1.187169910238791370 ) ) ;
#7978 = VERTEX_POINT ( 'NONE', #3953 ) ;
#7979 = VECTOR ( 'NONE', #2948, 100.0000000000000000 ) ;
#7980 = ORIENTED_EDGE ( 'NONE', *, *, #8554, .T. ) ;
#7981 = CARTESIAN_POINT ( 'NONE',  ( 1.697056274847801971, 0.5999999999999999778, 1.697056274847626556 ) ) ;
#7982 = CARTESIAN_POINT ( 'NONE',  ( 0.5636016986461230838, 0.000000000000000000, -1.330649513548187279 ) ) ;
#7983 = AXIS2_PLACEMENT_3D ( 'NONE', #3438, #3388, #6202 ) ;
#7984 = FACE_OUTER_BOUND ( 'NONE', #4209, .T. ) ;
#7985 = CARTESIAN_POINT ( 'NONE',  ( 0.000000000000000000, 0.5999999999999999778, 0.000000000000000000 ) ) ;
#7986 = FACE_OUTER_BOUND ( 'NONE', #1637, .T. ) ;
#7987 = LINE ( 'NONE', #1069, #7563 ) ;
#7988 = ORIENTED_EDGE ( 'NONE', *, *, #2873, .T. ) ;
#7989 = CIRCLE ( 'NONE', #1353, 0.1000000000000000888 ) ;
#7990 = CIRCLE ( 'NONE', #6844, 0.09999999999999992228 ) ;
#7991 = EDGE_CURVE ( 'NONE', #7595, #5889, #3180, .T. ) ;
#7992 = ADVANCED_FACE ( 'NONE', ( #8790 ), #2589, .T. ) ;
#7993 = LINE ( 'NONE', #7402, #4518 ) ;
#7994 = AXIS2_PLACEMENT_3D ( 'NONE', #5921, #3877, #6639 ) ;
#7995 = CARTESIAN_POINT ( 'NONE',  ( -2.622059920280549683, 0.000000000000000000, 0.3220737908087763501 ) ) ;
#7996 = PLANE ( 'NONE',  #438 ) ;
#7997 = PLANE ( 'NONE',  #7289 ) ;
#7998 = DIRECTION ( 'NONE',  ( 0.000000000000000000, 1.000000000000000000, 0.000000000000000000 ) ) ;
#7999 = EDGE_LOOP ( 'NONE', ( #7056, #2063, #1118, #1714 ) ) ;
#8000 = ORIENTED_EDGE ( 'NONE', *, *, #7854, .F. ) ;
#8001 = ORIENTED_EDGE ( 'NONE', *, *, #2308, .F. ) ;
#8002 = AXIS2_PLACEMENT_3D ( 'NONE', #3373, #4686, #3917 ) ;
#8003 = CARTESIAN_POINT ( 'NONE',  ( -2.425452518699644511, 0.000000000000000000, -1.278452291454589940 ) ) ;
#8004 = DIRECTION ( 'NONE',  ( 0.000000000000000000, 0.000000000000000000, 1.000000000000000000 ) ) ;
#8005 = ORIENTED_EDGE ( 'NONE', *, *, #1216, .T. ) ;
#8006 = CARTESIAN_POINT ( 'NONE',  ( -1.646280565608930102, 0.000000000000000000, 1.746356292197548843 ) ) ;
#8007 = ORIENTED_EDGE ( 'NONE', *, *, #3151, .F. ) ;
#8008 = ORIENTED_EDGE ( 'NONE', *, *, #5146, .F. ) ;
#8009 = ADVANCED_FACE ( 'NONE', ( #5360 ), #8659, .T. ) ;
#8010 = ORIENTED_EDGE ( 'NONE', *, *, #5315, .T. ) ;
#8011 = CIRCLE ( 'NONE', #3822, 0.1500000000000000500 ) ;
#8012 = AXIS2_PLACEMENT_3D ( 'NONE', #2500, #1789, #4538 ) ;
#8013 = DIRECTION ( 'NONE',  ( -0.9804954788761413020, 0.000000000000000000, -0.1965416391084758019 ) ) ;
#8014 = EDGE_LOOP ( 'NONE', ( #159, #6790, #8129, #514 ) ) ;
#8015 = EDGE_CURVE ( 'NONE', #6801, #6350, #3097, .T. ) ;
#8016 = ORIENTED_EDGE ( 'NONE', *, *, #8348, .F. ) ;
#8017 = CARTESIAN_POINT ( 'NONE',  ( -0.07076422490291250922, 0.000000000000000000, -2.398956528258462839 ) ) ;
#8018 = DIRECTION ( 'NONE',  ( 0.000000000000000000, 0.000000000000000000, 1.000000000000000000 ) ) ;
#8019 = VERTEX_POINT ( 'NONE', #4724 ) ;
#8020 = CIRCLE ( 'NONE', #8892, 0.1000000000000000888 ) ;
#8021 = DIRECTION ( 'NONE',  ( -0.000000000000000000, 1.000000000000000000, -0.000000000000000000 ) ) ;
#8022 = DIRECTION ( 'NONE',  ( 0.000000000000000000, 1.000000000000000000, -0.000000000000000000 ) ) ;
#8023 = ORIENTED_EDGE ( 'NONE', *, *, #6026, .T. ) ;
#8024 = VECTOR ( 'NONE', #8414, 100.0000000000000000 ) ;
#8025 = VECTOR ( 'NONE', #7799, 100.0000000000000000 ) ;
#8026 = VERTEX_POINT ( 'NONE', #7485 ) ;
#8027 = CARTESIAN_POINT ( 'NONE',  ( -1.398403686497499798, 0.5999999999999999778, -2.276678570840681815 ) ) ;
#8028 = FACE_OUTER_BOUND ( 'NONE', #2626, .T. ) ;
#8029 = CARTESIAN_POINT ( 'NONE',  ( -2.217310878027015875, 0.000000000000000000, 0.9184402376762299536 ) ) ;
#8030 = DIRECTION ( 'NONE',  ( -0.9525563147791391572, 0.000000000000000000, 0.3043623944812920423 ) ) ;
#8031 = CARTESIAN_POINT ( 'NONE',  ( -1.232618059797795373, 0.000000000000000000, 2.336574944427812106 ) ) ;
#8032 = DIRECTION ( 'NONE',  ( 0.000000000000000000, 0.000000000000000000, 1.000000000000000000 ) ) ;
#8033 = VECTOR ( 'NONE', #2608, 100.0000000000000142 ) ;
#8034 = ORIENTED_EDGE ( 'NONE', *, *, #5286, .T. ) ;
#8035 = EDGE_CURVE ( 'NONE', #6284, #5956, #6667, .T. ) ;
#8036 = EDGE_CURVE ( 'NONE', #1721, #4048, #5909, .T. ) ;
#8037 = VECTOR ( 'NONE', #4598, 100.0000000000000000 ) ;
#8038 = AXIS2_PLACEMENT_3D ( 'NONE', #8692, #2494, #8557 ) ;
#8039 = CARTESIAN_POINT ( 'NONE',  ( -0.7334758920360030521, 0.000000000000000000, 2.641831428723941944 ) ) ;
#8040 = CIRCLE ( 'NONE', #2261, 0.1000000000000000888 ) ;
#8041 = DIRECTION ( 'NONE',  ( 0.000000000000000000, 0.000000000000000000, 1.000000000000000000 ) ) ;
#8042 = CARTESIAN_POINT ( 'NONE',  ( 0.7071067811865463515, 0.2999999999999999889, 0.3571017811865486724 ) ) ;
#8043 = CARTESIAN_POINT ( 'NONE',  ( 0.9184402376763356468, 0.5999999999999999778, 2.217310878027038523 ) ) ;
#8044 = VERTEX_POINT ( 'NONE', #5625 ) ;
#8045 = EDGE_CURVE ( 'NONE', #5561, #3771, #5457, .T. ) ;
#8046 = ORIENTED_EDGE ( 'NONE', *, *, #6995, .T. ) ;
#8047 = AXIS2_PLACEMENT_3D ( 'NONE', #8502, #7280, #3850 ) ;
#8048 = ORIENTED_EDGE ( 'NONE', *, *, #8252, .T. ) ;
#8049 = ADVANCED_FACE ( 'NONE', ( #6941 ), #1378, .T. ) ;
#8050 = VECTOR ( 'NONE', #680, 100.0000000000000000 ) ;
#8051 = ORIENTED_EDGE ( 'NONE', *, *, #109, .T. ) ;
#8052 = DIRECTION ( 'NONE',  ( 0.000000000000000000, 1.000000000000000000, -0.000000000000000000 ) ) ;
#8053 = DIRECTION ( 'NONE',  ( 0.9999989048468862496, 0.000000000000000000, 0.001479967914598829832 ) ) ;
#8054 = EDGE_LOOP ( 'NONE', ( #8292, #5294, #5902, #2251 ) ) ;
#8055 = DIRECTION ( 'NONE',  ( 0.000000000000000000, 0.000000000000000000, -1.000000000000000000 ) ) ;
#8056 = EDGE_LOOP ( 'NONE', ( #1539, #49, #1943, #6177 ) ) ;
#8057 = ORIENTED_EDGE ( 'NONE', *, *, #1879, .F. ) ;
#8058 = VERTEX_POINT ( 'NONE', #2016 ) ;
#8059 = EDGE_CURVE ( 'NONE', #3356, #4291, #1077, .T. ) ;
#8060 = FACE_OUTER_BOUND ( 'NONE', #1796, .T. ) ;
#8061 = APPLICATION_PROTOCOL_DEFINITION ( 'international standard', 'config_control_design', 1994, #7709 ) ;
#8062 = LINE ( 'NONE', #8105, #8604 ) ;
#8063 = ORIENTED_EDGE ( 'NONE', *, *, #3765, .T. ) ;
#8064 = VERTEX_POINT ( 'NONE', #1461 ) ;
#8065 = DIRECTION ( 'NONE',  ( 0.000000000000000000, 0.000000000000000000, 1.000000000000000000 ) ) ;
#8066 = DIRECTION ( 'NONE',  ( 0.000000000000000000, 1.000000000000000000, 0.000000000000000000 ) ) ;
#8067 = ORIENTED_EDGE ( 'NONE', *, *, #2813, .F. ) ;
#8068 = CARTESIAN_POINT ( 'NONE',  ( 0.000000000000000000, 0.5999999999999999778, 0.000000000000000000 ) ) ;
#8069 = AXIS2_PLACEMENT_3D ( 'NONE', #6898, #2098, #7019 ) ;
#8070 = EDGE_CURVE ( 'NONE', #683, #2092, #1194, .T. ) ;
#8071 = CARTESIAN_POINT ( 'NONE',  ( -0.7071067811865462405, 0.2999999999999999889, 0.3571017811865487279 ) ) ;
#8072 = ORIENTED_EDGE ( 'NONE', *, *, #161, .F. ) ;
#8073 = ORIENTED_EDGE ( 'NONE', *, *, #1301, .F. ) ;
#8074 = DIRECTION ( 'NONE',  ( -0.000000000000000000, -1.000000000000000000, 0.000000000000000000 ) ) ;
#8075 = PLANE ( 'NONE',  #4360 ) ;
#8076 = DIRECTION ( 'NONE',  ( 0.000000000000000000, 0.000000000000000000, -1.000000000000000000 ) ) ;
#8077 = FACE_OUTER_BOUND ( 'NONE', #2913, .T. ) ;
#8078 = CARTESIAN_POINT ( 'NONE',  ( 0.7071067811865463515, 0.5999999999999999778, 1.057111781186548916 ) ) ;
#8079 = VERTEX_POINT ( 'NONE', #6178 ) ;
#8080 = EDGE_CURVE ( 'NONE', #2910, #7695, #326, .T. ) ;
#8081 = CARTESIAN_POINT ( 'NONE',  ( 2.604099926062591663, 0.5999999999999999778, -0.8578599868702639908 ) ) ;
#8082 = EDGE_CURVE ( 'NONE', #8956, #5110, #7615, .T. ) ;
#8083 = CARTESIAN_POINT ( 'NONE',  ( 1.995527069526120023, 0.000000000000000000, -1.333368559247149143 ) ) ;
#8084 = CARTESIAN_POINT ( 'NONE',  ( -2.353884672967747171, 0.5999999999999999778, 0.4682167728387388039 ) ) ;
#8085 = CARTESIAN_POINT ( 'NONE',  ( -1.995527069526097819, 0.000000000000000000, -1.333368559247062324 ) ) ;
#8086 = VERTEX_POINT ( 'NONE', #1328 ) ;
#8087 = ORIENTED_EDGE ( 'NONE', *, *, #5427, .F. ) ;
#8088 = LINE ( 'NONE', #5383, #7015 ) ;
#8089 = ORIENTED_EDGE ( 'NONE', *, *, #4484, .T. ) ;
#8090 = CIRCLE ( 'NONE', #2606, 2.400000000000000355 ) ;
#8091 = CARTESIAN_POINT ( 'NONE',  ( 0.7806153992595061819, 0.5999999999999999778, 2.523800576651533678 ) ) ;
#8092 = EDGE_CURVE ( 'NONE', #2462, #6796, #4855, .T. ) ;
#8093 = ORIENTED_EDGE ( 'NONE', *, *, #8252, .F. ) ;
#8094 = EDGE_CURVE ( 'NONE', #1383, #4622, #695, .T. ) ;
#8095 = DIRECTION ( 'NONE',  ( 0.000000000000000000, 1.000000000000000000, 0.000000000000000000 ) ) ;
#8096 = CARTESIAN_POINT ( 'NONE',  ( 2.082446992096522731, 0.5999999999999999778, 1.786076994180915367 ) ) ;
#8097 = ORIENTED_EDGE ( 'NONE', *, *, #7712, .T. ) ;
#8098 = CARTESIAN_POINT ( 'NONE',  ( 1.724533010878322115, 0.000000000000000000, 2.001228534340540044 ) ) ;
#8099 = ORIENTED_EDGE ( 'NONE', *, *, #1012, .F. ) ;
#8100 = VERTEX_POINT ( 'NONE', #6133 ) ;
#8101 = VECTOR ( 'NONE', #7845, 100.0000000000000000 ) ;
#8102 = ORIENTED_EDGE ( 'NONE', *, *, #2797, .F. ) ;
#8103 = DIRECTION ( 'NONE',  ( 0.000000000000000000, 1.000000000000000000, 0.000000000000000000 ) ) ;
#8104 = LINE ( 'NONE', #6214, #8562 ) ;
#8105 = CARTESIAN_POINT ( 'NONE',  ( 2.734163426567552957, 0.000000000000000000, 0.2039866142974488539 ) ) ;
#8106 = VERTEX_POINT ( 'NONE', #647 ) ;
#8107 = EDGE_LOOP ( 'NONE', ( #3868, #5148, #3232, #4454 ) ) ;
#8108 = CARTESIAN_POINT ( 'NONE',  ( -2.109316400261462388, 0.000000000000000000, 1.751583428095723871 ) ) ;
#8109 = DIRECTION ( 'NONE',  ( 0.000000000000000000, 1.000000000000000000, 0.000000000000000000 ) ) ;
#8110 = ORIENTED_EDGE ( 'NONE', *, *, #4794, .T. ) ;
#8111 = CARTESIAN_POINT ( 'NONE',  ( 0.7806153992595061819, 0.5999999999999999778, 2.623800576651533767 ) ) ;
#8112 = CARTESIAN_POINT ( 'NONE',  ( 0.3333417546315485258, 0.5999999999999999778, 2.721423057264499068 ) ) ;
#8113 = ORIENTED_EDGE ( 'NONE', *, *, #7348, .F. ) ;
#8114 = ORIENTED_EDGE ( 'NONE', *, *, #6498, .T. ) ;
#8115 = CARTESIAN_POINT ( 'NONE',  ( -0.3348627761012806237, 0.000000000000000000, 2.022465555005015236 ) ) ;
#8116 = DIRECTION ( 'NONE',  ( -0.000000000000000000, -1.000000000000000000, -0.000000000000000000 ) ) ;
#8117 = CARTESIAN_POINT ( 'NONE',  ( 0.7071067811865463515, 0.2999999999999999889, 0.3571017811865486724 ) ) ;
#8118 = EDGE_CURVE ( 'NONE', #1815, #2961, #4522, .T. ) ;
#8119 = DIRECTION ( 'NONE',  ( 0.08333333333332944293, 0.000000000000000000, -0.9965217285917834511 ) ) ;
#8120 = ORIENTED_EDGE ( 'NONE', *, *, #4967, .T. ) ;
#8121 = AXIS2_PLACEMENT_3D ( 'NONE', #7349, #969, #6672 ) ;
#8122 = VECTOR ( 'NONE', #6282, 100.0000000000000000 ) ;
#8123 = DIRECTION ( 'NONE',  ( 0.000000000000000000, 1.000000000000000000, 0.000000000000000000 ) ) ;
#8124 = CIRCLE ( 'NONE', #3210, 0.6750000000000000444 ) ;
#8125 = AXIS2_PLACEMENT_3D ( 'NONE', #1576, #979, #5055 ) ;
#8126 = DIRECTION ( 'NONE',  ( -6.938893903907233900E-15, 0.000000000000000000, 1.000000000000000000 ) ) ;
#8127 = CARTESIAN_POINT ( 'NONE',  ( -2.353884672967749836, 0.000000000000000000, -0.4682167728387245376 ) ) ;
#8128 = PLANE ( 'NONE',  #8608 ) ;
#8129 = ORIENTED_EDGE ( 'NONE', *, *, #4286, .F. ) ;
#8130 = ORIENTED_EDGE ( 'NONE', *, *, #4210, .F. ) ;
#8131 = EDGE_CURVE ( 'NONE', #2937, #5519, #736, .T. ) ;
#8132 = AXIS2_PLACEMENT_3D ( 'NONE', #2826, #62, #2779 ) ;
#8133 = CARTESIAN_POINT ( 'NONE',  ( 0.4682167728387007788, 0.000000000000000000, -2.353884672967754721 ) ) ;
#8134 = FACE_OUTER_BOUND ( 'NONE', #1577, .T. ) ;
#8135 = CIRCLE ( 'NONE', #3801, 0.1000000000000000888 ) ;
#8136 = ORIENTED_EDGE ( 'NONE', *, *, #7064, .T. ) ;
#8137 = CARTESIAN_POINT ( 'NONE',  ( -0.7071067811865462405, 0.5999999999999999778, -0.7071067811865486830 ) ) ;
#8138 = AXIS2_PLACEMENT_3D ( 'NONE', #1812, #7998, #2611 ) ;
#8139 = ORIENTED_EDGE ( 'NONE', *, *, #6300, .T. ) ;
#8140 = DIRECTION ( 'NONE',  ( 0.000000000000000000, 0.000000000000000000, 1.000000000000000000 ) ) ;
#8141 = DIRECTION ( 'NONE',  ( 0.000000000000000000, 1.000000000000000000, -0.000000000000000000 ) ) ;
#8142 = VERTEX_POINT ( 'NONE', #5538 ) ;
#8143 = DIRECTION ( 'NONE',  ( -0.000000000000000000, -1.000000000000000000, -0.000000000000000000 ) ) ;
#8144 = ORIENTED_EDGE ( 'NONE', *, *, #6287, .F. ) ;
#8145 = ORIENTED_EDGE ( 'NONE', *, *, #1093, .F. ) ;
#8146 = ORIENTED_EDGE ( 'NONE', *, *, #3034, .T. ) ;
#8147 = EDGE_CURVE ( 'NONE', #8427, #7613, #765, .T. ) ;
#8148 = DIRECTION ( 'NONE',  ( 0.7071067811865474617, -0.000000000000000000, 0.7071067811865476838 ) ) ;
#8149 = DIRECTION ( 'NONE',  ( 0.000000000000000000, 0.000000000000000000, -1.000000000000000000 ) ) ;
#8150 = CARTESIAN_POINT ( 'NONE',  ( -0.6609787525251635820, 0.5999999999999999778, 2.662660998464533080 ) ) ;
#8151 = ORIENTED_EDGE ( 'NONE', *, *, #130, .T. ) ;
#8152 = ORIENTED_EDGE ( 'NONE', *, *, #3110, .T. ) ;
#8153 = AXIS2_PLACEMENT_3D ( 'NONE', #4891, #4295, #5654 ) ;
#8154 = AXIS2_PLACEMENT_3D ( 'NONE', #4588, #8155, #2634 ) ;
#8155 = DIRECTION ( 'NONE',  ( -0.000000000000000000, -1.000000000000000000, 0.000000000000000000 ) ) ;
#8156 = CARTESIAN_POINT ( 'NONE',  ( 0.000000000000000000, 0.5999999999999999778, 0.000000000000000000 ) ) ;
#8157 = EDGE_CURVE ( 'NONE', #847, #1803, #2145, .T. ) ;
#8158 = ORIENTED_EDGE ( 'NONE', *, *, #599, .T. ) ;
#8159 = EDGE_CURVE ( 'NONE', #1333, #4315, #8884, .T. ) ;
#8160 = DIRECTION ( 'NONE',  ( 0.000000000000000000, 0.000000000000000000, 1.000000000000000000 ) ) ;
#8161 = VECTOR ( 'NONE', #153, 100.0000000000000000 ) ;
#8162 = CARTESIAN_POINT ( 'NONE',  ( 2.051206457845031750, 0.5999999999999999778, 1.664776807732115005 ) ) ;
#8163 = EDGE_LOOP ( 'NONE', ( #4578, #6711, #2477, #3131 ) ) ;
#8164 = VERTEX_POINT ( 'NONE', #7653 ) ;
#8165 = CARTESIAN_POINT ( 'NONE',  ( 0.2039866142975655938, 0.000000000000000000, -2.734163426567504551 ) ) ;
#8166 = CARTESIAN_POINT ( 'NONE',  ( -0.7071067811865462405, 0.5999999999999999778, -0.7071067811865486830 ) ) ;
#8167 = VECTOR ( 'NONE', #3038, 100.0000000000000000 ) ;
#8168 = FACE_OUTER_BOUND ( 'NONE', #4496, .T. ) ;
#8169 = CARTESIAN_POINT ( 'NONE',  ( -2.001228534340539156, 0.000000000000000000, 1.724533010878227079 ) ) ;
#8170 = DIRECTION ( 'NONE',  ( 0.000000000000000000, 1.000000000000000000, 0.000000000000000000 ) ) ;
#8171 = ORIENTED_EDGE ( 'NONE', *, *, #6340, .T. ) ;
#8172 = AXIS2_PLACEMENT_3D ( 'NONE', #4399, #870, #3005 ) ;
#8173 = VECTOR ( 'NONE', #860, 100.0000000000000000 ) ;
#8174 = CARTESIAN_POINT ( 'NONE',  ( -0.7071067811865462405, 0.2999999999999999889, 0.5571067811865486608 ) ) ;
#8175 = EDGE_CURVE ( 'NONE', #7869, #4631, #6265, .T. ) ;
#8176 = EDGE_CURVE ( 'NONE', #4635, #8086, #2863, .T. ) ;
#8177 = VECTOR ( 'NONE', #3970, 100.0000000000000284 ) ;
#8178 = DIRECTION ( 'NONE',  ( -0.8748750547415707901, 0.000000000000000000, 0.4843486746042913182 ) ) ;
#8179 = CARTESIAN_POINT ( 'NONE',  ( 1.257985160453262363, 0.5999999999999999778, 2.323015946640732299 ) ) ;
#8180 = CARTESIAN_POINT ( 'NONE',  ( -2.634511253708278655, 0.000000000000000000, -0.1956532809642133330 ) ) ;
#8181 = DIRECTION ( 'NONE',  ( 0.000000000000000000, 0.000000000000000000, -1.000000000000000000 ) ) ;
#8182 = EDGE_LOOP ( 'NONE', ( #1626, #5839, #1466, #2022 ) ) ;
#8183 = DIRECTION ( 'NONE',  ( 0.000000000000000000, 0.000000000000000000, 1.000000000000000000 ) ) ;
#8184 = CARTESIAN_POINT ( 'NONE',  ( 0.000000000000000000, 0.5999999999999999778, 0.000000000000000000 ) ) ;
#8185 = VERTEX_POINT ( 'NONE', #5498 ) ;
#8186 = AXIS2_PLACEMENT_3D ( 'NONE', #5820, #5193, #249 ) ;
#8187 = CIRCLE ( 'NONE', #513, 0.1000000000000000888 ) ;
#8188 = CIRCLE ( 'NONE', #2698, 0.1000000000000000888 ) ;
#8189 = EDGE_CURVE ( 'NONE', #8086, #1459, #4811, .T. ) ;
#8190 = DIRECTION ( 'NONE',  ( 0.000000000000000000, 0.000000000000000000, 1.000000000000000000 ) ) ;
#8191 = EDGE_CURVE ( 'NONE', #4251, #5473, #7025, .T. ) ;
#8192 = VERTEX_POINT ( 'NONE', #2230 ) ;
#8193 = DIRECTION ( 'NONE',  ( -0.9115869641266043377, 0.000000000000000000, 0.4111072935797187577 ) ) ;
#8194 = CARTESIAN_POINT ( 'NONE',  ( 2.366666666666715546, 0.000000000000000000, 0.3986086914365986611 ) ) ;
#8195 = AXIS2_PLACEMENT_3D ( 'NONE', #78, #8234, #4796 ) ;
#8196 = LINE ( 'NONE', #1222, #7452 ) ;
#8197 = ORIENTED_EDGE ( 'NONE', *, *, #1880, .F. ) ;
#8198 = ORIENTED_EDGE ( 'NONE', *, *, #6251, .T. ) ;
#8199 = CIRCLE ( 'NONE', #4727, 2.400000000000000355 ) ;
#8200 = ORIENTED_EDGE ( 'NONE', *, *, #1673, .T. ) ;
#8201 = AXIS2_PLACEMENT_3D ( 'NONE', #6529, #2405, #4704 ) ;
#8202 = AXIS2_PLACEMENT_3D ( 'NONE', #8885, #4676, #6220 ) ;
#8203 = AXIS2_PLACEMENT_3D ( 'NONE', #5660, #8412, #2224 ) ;
#8204 = CARTESIAN_POINT ( 'NONE',  ( 0.9184402376763262099, 0.000000000000000000, 2.217310878027016319 ) ) ;
#8205 = DIRECTION ( 'NONE',  ( -0.000000000000000000, -1.000000000000000000, -0.000000000000000000 ) ) ;
#8206 = DIRECTION ( 'NONE',  ( -0.9659258262890573210, 0.000000000000000000, 0.2588190451025618177 ) ) ;
#8207 = EDGE_CURVE ( 'NONE', #4656, #545, #6555, .T. ) ;
#8208 = ORIENTED_EDGE ( 'NONE', *, *, #129, .F. ) ;
#8209 = ORIENTED_EDGE ( 'NONE', *, *, #6353, .F. ) ;
#8210 = DIRECTION ( 'NONE',  ( 0.000000000000000000, 1.000000000000000000, -0.000000000000000000 ) ) ;
#8211 = CARTESIAN_POINT ( 'NONE',  ( -0.3960907847707366702, 0.4500000000000000666, -0.5465684680071674073 ) ) ;
#8212 = DIRECTION ( 'NONE',  ( 6.938893903907222067E-15, 0.000000000000000000, 1.000000000000000000 ) ) ;
#8213 = FACE_OUTER_BOUND ( 'NONE', #8285, .T. ) ;
#8214 = EDGE_CURVE ( 'NONE', #7683, #1721, #5101, .T. ) ;
#8215 = ORIENTED_EDGE ( 'NONE', *, *, #6641, .T. ) ;
#8216 = EDGE_CURVE ( 'NONE', #5215, #5339, #4956, .T. ) ;
#8217 = ORIENTED_EDGE ( 'NONE', *, *, #3345, .T. ) ;
#8218 = CARTESIAN_POINT ( 'NONE',  ( -2.390879693008521656, 0.000000000000000000, -1.345492771290010880 ) ) ;
#8219 = CARTESIAN_POINT ( 'NONE',  ( -2.316920780516968037, 0.000000000000000000, -1.330667607685552811 ) ) ;
#8220 = LINE ( 'NONE', #1387, #7569 ) ;
#8221 = FACE_OUTER_BOUND ( 'NONE', #6112, .T. ) ;
#8222 = EDGE_LOOP ( 'NONE', ( #166, #6091, #5254, #4517 ) ) ;
#8223 = CARTESIAN_POINT ( 'NONE',  ( 0.2732470260463688572, 0.5999999999999999778, 2.627596965865284684 ) ) ;
#8225 = AXIS2_PLACEMENT_3D ( 'NONE', #2178, #6257, #3537 ) ;
#8224 = DIRECTION ( 'NONE',  ( 0.000000000000000000, 0.000000000000000000, 1.000000000000000000 ) ) ;
#8226 = DIRECTION ( 'NONE',  ( 0.3538925688897123778, 0.000000000000000000, -0.9352860790606477570 ) ) ;
#8227 = DIRECTION ( 'NONE',  ( 0.000000000000000000, 0.000000000000000000, 1.000000000000000000 ) ) ;
#8228 = CARTESIAN_POINT ( 'NONE',  ( -1.301232448388041529, 0.5999999999999999778, -1.584075160862660869 ) ) ;
#8229 = ORIENTED_EDGE ( 'NONE', *, *, #3788, .F. ) ;
#8230 = DIRECTION ( 'NONE',  ( 0.000000000000000000, 0.000000000000000000, 1.000000000000000000 ) ) ;
#8231 = CARTESIAN_POINT ( 'NONE',  ( 0.000000000000000000, 0.000000000000000000, 0.000000000000000000 ) ) ;
#8232 = ORIENTED_EDGE ( 'NONE', *, *, #3274, .F. ) ;
#8233 = EDGE_CURVE ( 'NONE', #5362, #1389, #8135, .T. ) ;
#8234 = DIRECTION ( 'NONE',  ( -0.000000000000000000, -1.000000000000000000, -0.000000000000000000 ) ) ;
#8235 = ORIENTED_EDGE ( 'NONE', *, *, #4040, .F. ) ;
#8236 = DIRECTION ( 'NONE',  ( 0.000000000000000000, 1.000000000000000000, 0.000000000000000000 ) ) ;
#8237 = CARTESIAN_POINT ( 'NONE',  ( -0.1956532809641148840, 0.5999999999999999778, 2.734511253708279632 ) ) ;
#8238 = FACE_OUTER_BOUND ( 'NONE', #4366, .T. ) ;
#8239 = ORIENTED_EDGE ( 'NONE', *, *, #161, .T. ) ;
#8240 = ORIENTED_EDGE ( 'NONE', *, *, #5784, .T. ) ;
#8241 = VERTEX_POINT ( 'NONE', #2313 ) ;
#8242 = EDGE_CURVE ( 'NONE', #1670, #3971, #6845, .T. ) ;
#8243 = CARTESIAN_POINT ( 'NONE',  ( -1.727069502064252138, 0.000000000000000000, 2.129434459435434412 ) ) ;
#8244 = FACE_OUTER_BOUND ( 'NONE', #8847, .T. ) ;
#8245 = CYLINDRICAL_SURFACE ( 'NONE', #8225, 2.400000000000000355 ) ;
#8246 = AXIS2_PLACEMENT_3D ( 'NONE', #440, #3968, #1208 ) ;
#8247 = ORIENTED_EDGE ( 'NONE', *, *, #2266, .F. ) ;
#8248 = ORIENTED_EDGE ( 'NONE', *, *, #3451, .F. ) ;
#8249 = CARTESIAN_POINT ( 'NONE',  ( 2.077585818039222154, 0.000000000000000000, -1.789105181557132385 ) ) ;
#8250 = FACE_OUTER_BOUND ( 'NONE', #4437, .T. ) ;
#8251 = ADVANCED_FACE ( 'NONE', ( #181 ), #7788, .T. ) ;
#8252 = EDGE_CURVE ( 'NONE', #2910, #659, #5175, .T. ) ;
#8253 = DIRECTION ( 'NONE',  ( -0.000000000000000000, -1.000000000000000000, 0.000000000000000000 ) ) ;
#8254 = DIRECTION ( 'NONE',  ( 0.000000000000000000, -1.000000000000000000, 0.000000000000000000 ) ) ;
#8255 = ORIENTED_EDGE ( 'NONE', *, *, #3727, .T. ) ;
#8256 = ORIENTED_EDGE ( 'NONE', *, *, #3767, .F. ) ;
#8257 = DIRECTION ( 'NONE',  ( -0.9965217285917832291, 0.000000000000000000, -0.08333333333333295401 ) ) ;
#8258 = DIRECTION ( 'NONE',  ( -0.000000000000000000, -1.000000000000000000, 0.000000000000000000 ) ) ;
#8259 = PLANE ( 'NONE',  #4532 ) ;
#8260 = DIRECTION ( 'NONE',  ( 0.000000000000000000, 1.000000000000000000, -0.000000000000000000 ) ) ;
#8261 = ORIENTED_EDGE ( 'NONE', *, *, #224, .F. ) ;
#8262 = EDGE_CURVE ( 'NONE', #5916, #8284, #5830, .T. ) ;
#8263 = CARTESIAN_POINT ( 'NONE',  ( 2.158023279829201613, 0.000000000000000000, -1.693987021127888681 ) ) ;
#8264 = DIRECTION ( 'NONE',  ( -0.7081525021447057089, 0.000000000000000000, 0.7060595114480029411 ) ) ;
#8265 = CARTESIAN_POINT ( 'NONE',  ( 0.000000000000000000, 0.000000000000000000, 0.000000000000000000 ) ) ;
#8266 = CARTESIAN_POINT ( 'NONE',  ( -2.641831428723966813, 0.000000000000000000, -0.7334758920361473811 ) ) ;
#8267 = AXIS2_PLACEMENT_3D ( 'NONE', #5813, #5273, #6587 ) ;
#8268 = LINE ( 'NONE', #71, #2212 ) ;
#8269 = ORIENTED_EDGE ( 'NONE', *, *, #8876, .T. ) ;
#8270 = CARTESIAN_POINT ( 'NONE',  ( 2.598675585582251202, 0.5999999999999999778, 0.6210341264647807336 ) ) ;
#8271 = CARTESIAN_POINT ( 'NONE',  ( 1.116077586671511357, 0.000000000000000000, -2.427585015167288862 ) ) ;
#8272 = EDGE_LOOP ( 'NONE', ( #7710, #2721, #2342, #4710 ) ) ;
#8273 = ADVANCED_FACE ( 'NONE', ( #7920 ), #1554, .T. ) ;
#8274 = EDGE_CURVE ( 'NONE', #2801, #5561, #6984, .T. ) ;
#8275 = CIRCLE ( 'NONE', #32, 2.400000000000000355 ) ;
#8276 = CYLINDRICAL_SURFACE ( 'NONE', #7758, 0.6750000000000000444 ) ;
#8277 = EDGE_LOOP ( 'NONE', ( #1770, #3619, #7787, #3728 ) ) ;
#8278 = FACE_OUTER_BOUND ( 'NONE', #7375, .T. ) ;
#8279 = CARTESIAN_POINT ( 'NONE',  ( 2.669900510597345900, 0.000000000000000000, 0.1021246730580511464 ) ) ;
#8280 = AXIS2_PLACEMENT_3D ( 'NONE', #3810, #623, #1043 ) ;
#8281 = AXIS2_PLACEMENT_3D ( 'NONE', #6603, #6730, #525 ) ;
#8282 = CARTESIAN_POINT ( 'NONE',  ( -0.7071067811865462405, 0.5999999999999999778, -0.5571067811865486608 ) ) ;
#8283 = ORIENTED_EDGE ( 'NONE', *, *, #6586, .T. ) ;
#8284 = VERTEX_POINT ( 'NONE', #8418 ) ;
#8285 = EDGE_LOOP ( 'NONE', ( #468, #1262, #3532, #4175 ) ) ;
#8286 = AXIS2_PLACEMENT_3D ( 'NONE', #3016, #5778, #6414 ) ;
#8287 = CARTESIAN_POINT ( 'NONE',  ( 0.7071067811865463515, 0.000000000000000000, 0.7071067811865487940 ) ) ;
#8288 = EDGE_CURVE ( 'NONE', #8441, #4986, #230, .T. ) ;
#8289 = CARTESIAN_POINT ( 'NONE',  ( 0.9184402376762011988, 0.000000000000000000, -2.217310878027161536 ) ) ;
#8290 = DIRECTION ( 'NONE',  ( 0.000000000000000000, 1.000000000000000000, 0.000000000000000000 ) ) ;
#8291 = ADVANCED_FACE ( 'NONE', ( #2903 ), #6440, .T. ) ;
#8292 = ORIENTED_EDGE ( 'NONE', *, *, #6615, .F. ) ;
#8293 = AXIS2_PLACEMENT_3D ( 'NONE', #5236, #6596, #391 ) ;
#8294 = VERTEX_POINT ( 'NONE', #6390 ) ;
#8295 = DIRECTION ( 'NONE',  ( 0.000000000000000000, 1.000000000000000000, -0.000000000000000000 ) ) ;
#8296 = CARTESIAN_POINT ( 'NONE',  ( -1.384188164821861466, 0.000000000000000000, 0.5779473370187697689 ) ) ;
#8297 = DIRECTION ( 'NONE',  ( 0.3840503253332088751, 0.000000000000000000, -0.9233121615203908616 ) ) ;
#8298 = DIRECTION ( 'NONE',  ( -0.000000000000000000, -1.000000000000000000, -0.000000000000000000 ) ) ;
#8299 = EDGE_LOOP ( 'NONE', ( #8826, #8499, #7777, #3985 ) ) ;
#8300 = EDGE_CURVE ( 'NONE', #6674, #8349, #4516, .T. ) ;
#8301 = AXIS2_PLACEMENT_3D ( 'NONE', #1468, #1514, #4823 ) ;
#8302 = ORIENTED_EDGE ( 'NONE', *, *, #657, .T. ) ;
#8303 = CARTESIAN_POINT ( 'NONE',  ( -0.7071067811865462405, 0.5999999999999999778, 0.8571067811865488162 ) ) ;
#8304 = DIRECTION ( 'NONE',  ( -0.001479967914598831133, 0.000000000000000000, 0.9999989048468862496 ) ) ;
#8305 = PLANE ( 'NONE',  #2783 ) ;
#8306 = ORIENTED_EDGE ( 'NONE', *, *, #6946, .T. ) ;
#8307 = AXIS2_PLACEMENT_3D ( 'NONE', #8627, #7131, #5777 ) ;
#8308 = CYLINDRICAL_SURFACE ( 'NONE', #6889, 2.400000000000000355 ) ;
#8309 = CARTESIAN_POINT ( 'NONE',  ( -0.07076422490291250922, 0.000000000000000000, -2.398956528258462839 ) ) ;
#8310 = CYLINDRICAL_SURFACE ( 'NONE', #146, 0.1000000000000000056 ) ;
#8311 = EDGE_CURVE ( 'NONE', #7410, #2163, #3630, .T. ) ;
#8312 = CYLINDRICAL_SURFACE ( 'NONE', #1960, 0.1000000000000000888 ) ;
#8313 = CARTESIAN_POINT ( 'NONE',  ( 1.301232448388103702, 0.000000000000000000, 1.584075160862609133 ) ) ;
#8314 = ORIENTED_EDGE ( 'NONE', *, *, #2454, .T. ) ;
#8315 = DIRECTION ( 'NONE',  ( 0.000000000000000000, 0.000000000000000000, -1.000000000000000000 ) ) ;
#8316 = DIRECTION ( 'NONE',  ( 0.9352860790606477570, -0.000000000000000000, 0.3538925688897121558 ) ) ;
#8317 = ORIENTED_EDGE ( 'NONE', *, *, #8428, .T. ) ;
#8318 = CARTESIAN_POINT ( 'NONE',  ( 1.487715782862867764, 0.5999999999999999778, -0.1915770065031914271 ) ) ;
#8319 = ORIENTED_EDGE ( 'NONE', *, *, #5905, .T. ) ;
#8320 = ADVANCED_FACE ( 'NONE', ( #2273 ), #908, .T. ) ;
#8321 = CARTESIAN_POINT ( 'NONE',  ( 0.000000000000000000, 0.000000000000000000, 0.000000000000000000 ) ) ;
#8322 = DIRECTION ( 'NONE',  ( -0.000000000000000000, -1.000000000000000000, -0.000000000000000000 ) ) ;
#8323 = EDGE_CURVE ( 'NONE', #7450, #6427, #3078, .T. ) ;
#8324 = DIRECTION ( 'NONE',  ( 0.000000000000000000, 0.000000000000000000, 1.000000000000000000 ) ) ;
#8325 = ORIENTED_EDGE ( 'NONE', *, *, #218, .T. ) ;
#8326 = ORIENTED_EDGE ( 'NONE', *, *, #2296, .T. ) ;
#8327 = AXIS2_PLACEMENT_3D ( 'NONE', #4359, #1567, #4275 ) ;
#8328 = ORIENTED_EDGE ( 'NONE', *, *, #4819, .T. ) ;
#8329 = VECTOR ( 'NONE', #7947, 100.0000000000000000 ) ;
#8330 = CIRCLE ( 'NONE', #233, 2.400000000000000355 ) ;
#8331 = CARTESIAN_POINT ( 'NONE',  ( 1.664776807732210706, 0.000000000000000000, -2.051206457845030862 ) ) ;
#8332 = DIRECTION ( 'NONE',  ( 0.000000000000000000, 1.000000000000000000, 0.000000000000000000 ) ) ;
#8333 = CIRCLE ( 'NONE', #7175, 0.3500050000000000106 ) ;
#8334 = EDGE_LOOP ( 'NONE', ( #4036, #2507, #1593, #8232 ) ) ;
#8335 = ORIENTED_EDGE ( 'NONE', *, *, #3432, .F. ) ;
#8336 = DIRECTION ( 'NONE',  ( -0.000000000000000000, -1.000000000000000000, 0.000000000000000000 ) ) ;
#8337 = DIRECTION ( 'NONE',  ( 0.000000000000000000, 0.000000000000000000, 1.000000000000000000 ) ) ;
#8338 = CIRCLE ( 'NONE', #4579, 0.1500000000000000500 ) ;
#8339 = VECTOR ( 'NONE', #3507, 100.0000000000000000 ) ;
#8340 = CIRCLE ( 'NONE', #5167, 2.400000000000000355 ) ;
#8341 = ADVANCED_FACE ( 'NONE', ( #825 ), #3593, .F. ) ;
#8342 = CARTESIAN_POINT ( 'NONE',  ( 1.333368559247037899, 0.000000000000000000, -1.995527069526193964 ) ) ;
#8343 = CARTESIAN_POINT ( 'NONE',  ( 0.3348627761013417969, 0.5999999999999999778, -2.022465555005004578 ) ) ;
#8344 = ORIENTED_EDGE ( 'NONE', *, *, #487, .T. ) ;
#8345 = LINE ( 'NONE', #2066, #3239 ) ;
#8346 = CARTESIAN_POINT ( 'NONE',  ( 0.000000000000000000, 0.000000000000000000, 0.000000000000000000 ) ) ;
#8347 = DIRECTION ( 'NONE',  ( -0.8887757427182931824, 0.000000000000000000, -0.4583423165665007071 ) ) ;
#8348 = EDGE_CURVE ( 'NONE', #1042, #1815, #7548, .T. ) ;
#8349 = VERTEX_POINT ( 'NONE', #6736 ) ;
#8350 = EDGE_CURVE ( 'NONE', #1149, #5082, #1187, .T. ) ;
#8351 = DIRECTION ( 'NONE',  ( 0.000000000000000000, 0.000000000000000000, 1.000000000000000000 ) ) ;
#8352 = ORIENTED_EDGE ( 'NONE', *, *, #4263, .T. ) ;
#8353 = PLANE ( 'NONE',  #956 ) ;
#8354 = DIRECTION ( 'NONE',  ( -0.9525563147791396013, 0.000000000000000000, 0.3043623944812903770 ) ) ;
#8355 = DIRECTION ( 'NONE',  ( -0.000000000000000000, -1.000000000000000000, 0.000000000000000000 ) ) ;
#8356 = CARTESIAN_POINT ( 'NONE',  ( 0.000000000000000000, 0.5999999999999999778, 0.000000000000000000 ) ) ;
#8357 = VERTEX_POINT ( 'NONE', #6573 ) ;
#8358 = LINE ( 'NONE', #2165, #7836 ) ;
#8359 = DIRECTION ( 'NONE',  ( 0.000000000000000000, 1.000000000000000000, 0.000000000000000000 ) ) ;
#8360 = ORIENTED_EDGE ( 'NONE', *, *, #4092, .F. ) ;
#8361 = ADVANCED_FACE ( 'NONE', ( #5218 ), #4024, .T. ) ;
#8362 = ADVANCED_FACE ( 'NONE', ( #3336 ), #1265, .T. ) ;
#8363 = FACE_OUTER_BOUND ( 'NONE', #5033, .T. ) ;
#8364 = AXIS2_PLACEMENT_3D ( 'NONE', #8543, #7866, #7736 ) ;
#8365 = ORIENTED_EDGE ( 'NONE', *, *, #4407, .T. ) ;
#8366 = DIRECTION ( 'NONE',  ( 0.000000000000000000, 1.000000000000000000, -0.000000000000000000 ) ) ;
#8367 = CARTESIAN_POINT ( 'NONE',  ( 0.8526632993067405630, 0.000000000000000000, -2.243427132316890837 ) ) ;
#8368 = LINE ( 'NONE', #1537, #5421 ) ;
#8369 = ORIENTED_EDGE ( 'NONE', *, *, #5987, .T. ) ;
#8370 = ORIENTED_EDGE ( 'NONE', *, *, #7102, .T. ) ;
#8371 = ORIENTED_EDGE ( 'NONE', *, *, #8403, .T. ) ;
#8372 = EDGE_CURVE ( 'NONE', #5858, #3439, #2637, .T. ) ;
#8373 = ADVANCED_FACE ( 'NONE', ( #6826 ), #2660, .T. ) ;
#8374 = DIRECTION ( 'NONE',  ( 0.000000000000000000, 0.000000000000000000, 1.000000000000000000 ) ) ;
#8375 = FACE_OUTER_BOUND ( 'NONE', #8222, .T. ) ;
#8376 = VERTEX_POINT ( 'NONE', #3294 ) ;
#8377 = ORIENTED_EDGE ( 'NONE', *, *, #6615, .T. ) ;
#8378 = DIRECTION ( 'NONE',  ( 0.000000000000000000, 1.000000000000000000, -0.000000000000000000 ) ) ;
#8379 = FACE_OUTER_BOUND ( 'NONE', #2175, .T. ) ;
#8380 = EDGE_CURVE ( 'NONE', #5463, #7125, #2711, .T. ) ;
#8381 = DIRECTION ( 'NONE',  ( 0.000000000000000000, 1.000000000000000000, 0.000000000000000000 ) ) ;
#8382 = PLANE ( 'NONE',  #4570 ) ;
#8383 = VERTEX_POINT ( 'NONE', #3132 ) ;
#8384 = DIRECTION ( 'NONE',  ( -0.000000000000000000, -1.000000000000000000, -0.000000000000000000 ) ) ;
#8385 = CARTESIAN_POINT ( 'NONE',  ( -0.7071067811865462405, 0.000000000000000000, 0.7071067811865487940 ) ) ;
#8386 = AXIS2_PLACEMENT_3D ( 'NONE', #1991, #2746, #7501 ) ;
#8387 = ORIENTED_EDGE ( 'NONE', *, *, #7840, .F. ) ;
#8388 = VECTOR ( 'NONE', #8381, 100.0000000000000000 ) ;
#8389 = DIRECTION ( 'NONE',  ( 0.000000000000000000, 0.000000000000000000, -1.000000000000000000 ) ) ;
#8390 = LINE ( 'NONE', #6235, #2407 ) ;
#8391 = CARTESIAN_POINT ( 'NONE',  ( -1.345492771289866774, 0.5999999999999999778, 2.390879693008519880 ) ) ;
#8392 = EDGE_CURVE ( 'NONE', #361, #2138, #1777, .T. ) ;
#8393 = LINE ( 'NONE', #2199, #2379 ) ;
#8394 = CARTESIAN_POINT ( 'NONE',  ( 0.9184402376768591170, 0.5999999999999999778, -2.217310878026821808 ) ) ;
#8395 = VERTEX_POINT ( 'NONE', #4750 ) ;
#8396 = LINE ( 'NONE', #7051, #7829 ) ;
#8397 = LINE ( 'NONE', #4461, #6122 ) ;
#8398 = VERTEX_POINT ( 'NONE', #1212 ) ;
#8399 = DIRECTION ( 'NONE',  ( -6.938893903907222067E-15, 0.000000000000000000, 1.000000000000000000 ) ) ;
#8400 = ORIENTED_EDGE ( 'NONE', *, *, #218, .F. ) ;
#8401 = CARTESIAN_POINT ( 'NONE',  ( 0.000000000000000000, 0.2999999999999999889, 0.000000000000000000 ) ) ;
#8402 = DIRECTION ( 'NONE',  ( 0.000000000000000000, 1.000000000000000000, -0.000000000000000000 ) ) ;
#8403 = EDGE_CURVE ( 'NONE', #7459, #6427, #6063, .T. ) ;
#8404 = CARTESIAN_POINT ( 'NONE',  ( -0.5374177117645578816, 0.5999999999999999778, -2.339055835819605633 ) ) ;
#8405 = ORIENTED_EDGE ( 'NONE', *, *, #5878, .T. ) ;
#8406 = EDGE_LOOP ( 'NONE', ( #4250, #4936, #2476, #7069 ) ) ;
#8407 = ORIENTED_EDGE ( 'NONE', *, *, #5682, .T. ) ;
#8408 = VECTOR ( 'NONE', #867, 100.0000000000000000 ) ;
#8409 = AXIS2_PLACEMENT_3D ( 'NONE', #4531, #4700, #7962 ) ;
#8410 = VECTOR ( 'NONE', #3197, 100.0000000000000000 ) ;
#8411 = PLANE ( 'NONE',  #523 ) ;
#8412 = DIRECTION ( 'NONE',  ( -0.6848725880832966517, 0.000000000000000000, 0.7286628425356181937 ) ) ;
#8413 = VECTOR ( 'NONE', #6827, 100.0000000000000142 ) ;
#8414 = DIRECTION ( 'NONE',  ( -0.000000000000000000, -1.000000000000000000, -0.000000000000000000 ) ) ;
#8415 = ORIENTED_EDGE ( 'NONE', *, *, #4482, .T. ) ;
#8416 = VERTEX_POINT ( 'NONE', #5903 ) ;
#8417 = ADVANCED_FACE ( 'NONE', ( #5382 ), #8811, .T. ) ;
#8418 = CARTESIAN_POINT ( 'NONE',  ( 2.189266539367835218, 0.000000000000000000, -0.9834185373505203165 ) ) ;
#8419 = DIRECTION ( 'NONE',  ( 0.000000000000000000, 0.000000000000000000, 1.000000000000000000 ) ) ;
#8420 = AXIS2_PLACEMENT_3D ( 'NONE', #4365, #928, #7089 ) ;
#8421 = VECTOR ( 'NONE', #342, 100.0000000000000000 ) ;
#8422 = AXIS2_PLACEMENT_3D ( 'NONE', #777, #98, #1505 ) ;
#8423 = LINE ( 'NONE', #7700, #148 ) ;
#8424 = CARTESIAN_POINT ( 'NONE',  ( -1.626335788784444736, 0.000000000000000000, 2.081816911831198436 ) ) ;
#8425 = VECTOR ( 'NONE', #704, 100.0000000000000000 ) ;
#8426 = EDGE_CURVE ( 'NONE', #366, #4702, #8706, .T. ) ;
#8427 = VERTEX_POINT ( 'NONE', #6201 ) ;
#8428 = EDGE_CURVE ( 'NONE', #1681, #2117, #4111, .T. ) ;
#8429 = CARTESIAN_POINT ( 'NONE',  ( 2.336574944427907141, 0.5999999999999999778, 1.232618059797797150 ) ) ;
#8430 = CARTESIAN_POINT ( 'NONE',  ( -2.740449271673743414, 0.000000000000000000, -0.1288188395258227925 ) ) ;
#8431 = ORIENTED_EDGE ( 'NONE', *, *, #3869, .T. ) ;
#8432 = CYLINDRICAL_SURFACE ( 'NONE', #5005, 0.1000000000000000888 ) ;
#8433 = AXIS2_PLACEMENT_3D ( 'NONE', #7249, #6495, #8564 ) ;
#8434 = DIRECTION ( 'NONE',  ( 0.7822800159049736468, 0.000000000000000000, 0.6229269433213771023 ) ) ;
#8435 = CARTESIAN_POINT ( 'NONE',  ( 0.7071067811865463515, 0.2999999999999999889, -0.3571017811865486169 ) ) ;
#8436 = CARTESIAN_POINT ( 'NONE',  ( 0.000000000000000000, 0.5999999999999999778, 0.000000000000000000 ) ) ;
#8437 = CARTESIAN_POINT ( 'NONE',  ( 2.398956528258497478, 0.000000000000000000, -0.07076422490302955448 ) ) ;
#8438 = ORIENTED_EDGE ( 'NONE', *, *, #2532, .T. ) ;
#8439 = DIRECTION ( 'NONE',  ( 0.000000000000000000, 1.000000000000000000, -0.000000000000000000 ) ) ;
#8440 = CARTESIAN_POINT ( 'NONE',  ( 1.300976273446553533, 0.000000000000000000, 2.299215189623817768 ) ) ;
#8441 = VERTEX_POINT ( 'NONE', #2750 ) ;
#8442 = VECTOR ( 'NONE', #7859, 100.0000000000000000 ) ;
#8443 = AXIS2_PLACEMENT_3D ( 'NONE', #3007, #4317, #8613 ) ;
#8444 = ADVANCED_FACE ( 'NONE', ( #6876 ), #4065, .T. ) ;
#8445 = EDGE_CURVE ( 'NONE', #4563, #6526, #3437, .T. ) ;
#8446 = DIRECTION ( 'NONE',  ( 0.6457217067881142469, 0.000000000000000000, 0.7635728369858666431 ) ) ;
#8447 = DIRECTION ( 'NONE',  ( -3.469446951953611033E-15, 0.000000000000000000, 1.000000000000000000 ) ) ;
#8448 = CARTESIAN_POINT ( 'NONE',  ( -1.815691707290889578, 0.000000000000000000, -1.960117804982664413 ) ) ;
#8449 = FACE_BOUND ( 'NONE', #6570, .T. ) ;
#8450 = EDGE_LOOP ( 'NONE', ( #6882, #3036, #4345, #8010 ) ) ;
#8451 = ORIENTED_EDGE ( 'NONE', *, *, #8707, .T. ) ;
#8452 = VERTEX_POINT ( 'NONE', #8270 ) ;
#8453 = VECTOR ( 'NONE', #2840, 100.0000000000000000 ) ;
#8454 = APPROVAL ( #5768, 'UNSPECIFIED' ) ;
#8455 = EDGE_CURVE ( 'NONE', #1756, #813, #2839, .T. ) ;
#8456 = AXIS2_PLACEMENT_3D ( 'NONE', #1728, #8545, #4388 ) ;
#8457 = VECTOR ( 'NONE', #700, 100.0000000000000000 ) ;
#8458 = CARTESIAN_POINT ( 'NONE',  ( 2.276678570840689364, 0.5999999999999999778, -1.398403686497601717 ) ) ;
#8459 = DIRECTION ( 'NONE',  ( 0.000000000000000000, 1.000000000000000000, -0.000000000000000000 ) ) ;
#8460 = CARTESIAN_POINT ( 'NONE',  ( -1.391627140053367073, 0.000000000000000000, -1.955344957562958896 ) ) ;
#8461 = ORIENTED_EDGE ( 'NONE', *, *, #578, .T. ) ;
#8462 = ORIENTED_EDGE ( 'NONE', *, *, #2947, .F. ) ;
#8463 = VERTEX_POINT ( 'NONE', #1442 ) ;
#8464 = CARTESIAN_POINT ( 'NONE',  ( -0.7058615068732724263, 0.5999999999999999778, 2.545719797106929416 ) ) ;
#8465 = CARTESIAN_POINT ( 'NONE',  ( -2.425452518699644511, 0.5999999999999999778, -1.278452291454589940 ) ) ;
#8466 = VECTOR ( 'NONE', #8625, 100.0000000000000000 ) ;
#8467 = AXIS2_PLACEMENT_3D ( 'NONE', #4533, #7965, #6490 ) ;
#8468 = CARTESIAN_POINT ( 'NONE',  ( 1.240428078936179901, 0.000000000000000000, 2.447037941066861233 ) ) ;
#8469 = CIRCLE ( 'NONE', #5586, 2.400000000000000355 ) ;
#8470 = EDGE_CURVE ( 'NONE', #4369, #547, #3504, .T. ) ;
#8471 = DIRECTION ( 'NONE',  ( -0.000000000000000000, -1.000000000000000000, 0.000000000000000000 ) ) ;
#8472 = LINE ( 'NONE', #4486, #5867 ) ;
#8473 = EDGE_LOOP ( 'NONE', ( #7093, #7910, #7646, #2205 ) ) ;
#8474 = PERSON_AND_ORGANIZATION_ROLE ( 'classification_officer' ) ;
#8475 = CIRCLE ( 'NONE', #3999, 0.1000000000000000888 ) ;
#8476 = DIRECTION ( 'NONE',  ( 0.4583423165665007071, 0.000000000000000000, -0.8887757427182931824 ) ) ;
#8477 = FACE_OUTER_BOUND ( 'NONE', #1660, .T. ) ;
#8478 = CIRCLE ( 'NONE', #243, 0.1000000000000000056 ) ;
#8479 = AXIS2_PLACEMENT_3D ( 'NONE', #8686, #8141, #7419 ) ;
#8480 = ORIENTED_EDGE ( 'NONE', *, *, #1129, .F. ) ;
#8481 = EDGE_CURVE ( 'NONE', #6224, #2632, #8396, .T. ) ;
#8482 = AXIS2_PLACEMENT_3D ( 'NONE', #7415, #1215, #3298 ) ;
#8483 = ADVANCED_FACE ( 'NONE', ( #2203 ), #2924, .T. ) ;
#8484 = DIRECTION ( 'NONE',  ( -0.9659258262890682012, 0.000000000000000000, 0.2588190451025209060 ) ) ;
#8485 = VECTOR ( 'NONE', #778, 100.0000000000000142 ) ;
#8486 = VERTEX_POINT ( 'NONE', #7767 ) ;
#8487 = LINE ( 'NONE', #5871, #7316 ) ;
#8488 = CARTESIAN_POINT ( 'NONE',  ( -2.129434459435418869, 0.000000000000000000, -1.727069502064385809 ) ) ;
#8489 = CARTESIAN_POINT ( 'NONE',  ( -2.366666666666620067, 0.5999999999999999778, -0.3986086914366926415 ) ) ;
#8490 = DIRECTION ( 'NONE',  ( 0.000000000000000000, 1.000000000000000000, -0.000000000000000000 ) ) ;
#8491 = ORIENTED_EDGE ( 'NONE', *, *, #2435, .T. ) ;
#8492 = CARTESIAN_POINT ( 'NONE',  ( 0.000000000000000000, 0.5999999999999999778, 0.000000000000000000 ) ) ;
#8493 = DIRECTION ( 'NONE',  ( -0.000000000000000000, -1.000000000000000000, -0.000000000000000000 ) ) ;
#8494 = ORIENTED_EDGE ( 'NONE', *, *, #8092, .T. ) ;
#8495 = FACE_OUTER_BOUND ( 'NONE', #988, .T. ) ;
#8496 = CARTESIAN_POINT ( 'NONE',  ( 2.532150166262745472, 0.5999999999999999778, 0.7530904910856199841 ) ) ;
#8497 = CARTESIAN_POINT ( 'NONE',  ( 2.336574944427907141, 0.000000000000000000, 1.232618059797797150 ) ) ;
#8498 = DIRECTION ( 'NONE',  ( 0.000000000000000000, 0.000000000000000000, 1.000000000000000000 ) ) ;
#8499 = ORIENTED_EDGE ( 'NONE', *, *, #8583, .T. ) ;
#8500 = VERTEX_POINT ( 'NONE', #1575 ) ;
#8501 = ORIENTED_EDGE ( 'NONE', *, *, #3110, .F. ) ;
#8502 = CARTESIAN_POINT ( 'NONE',  ( 0.000000000000000000, 0.5999999999999999778, 0.000000000000000000 ) ) ;
#8503 = DIRECTION ( 'NONE',  ( 1.734723475976805517E-15, 0.000000000000000000, 1.000000000000000000 ) ) ;
#8504 = ORIENTED_EDGE ( 'NONE', *, *, #4795, .T. ) ;
#8505 = LINE ( 'NONE', #653, #5441 ) ;
#8506 = ORIENTED_EDGE ( 'NONE', *, *, #5465, .F. ) ;
#8507 = VERTEX_POINT ( 'NONE', #7002 ) ;
#8508 = ADVANCED_FACE ( 'NONE', ( #204 ), #4283, .T. ) ;
#8509 = ORIENTED_EDGE ( 'NONE', *, *, #1176, .F. ) ;
#8510 = CARTESIAN_POINT ( 'NONE',  ( 2.081816911831293471, 0.000000000000000000, 1.626335788784445402 ) ) ;
#8511 = CARTESIAN_POINT ( 'NONE',  ( 2.243427132316891282, 0.5999999999999999778, 0.8526632993066454169 ) ) ;
#8512 = CARTESIAN_POINT ( 'NONE',  ( -1.697056274847723589, 0.000000000000000000, -1.697056274847705382 ) ) ;
#8513 = DIRECTION ( 'NONE',  ( 5.204170427930416866E-14, 0.000000000000000000, 1.000000000000000000 ) ) ;
#8514 = CARTESIAN_POINT ( 'NONE',  ( 0.7071067811865463515, 0.2999999999999999889, -0.8571067811865488162 ) ) ;
#8515 = ORIENTED_EDGE ( 'NONE', *, *, #5146, .T. ) ;
#8516 = EDGE_CURVE ( 'NONE', #2625, #3292, #7557, .T. ) ;
#8517 = CARTESIAN_POINT ( 'NONE',  ( 2.447037941066956268, 0.5999999999999999778, -1.240428078936179457 ) ) ;
#8518 = CARTESIAN_POINT ( 'NONE',  ( -0.6210341264647797344, 0.000000000000000000, 2.598675585582155723 ) ) ;
#8519 = ORIENTED_EDGE ( 'NONE', *, *, #6940, .F. ) ;
#8520 = EDGE_CURVE ( 'NONE', #6480, #6890, #1922, .T. ) ;
#8521 = CIRCLE ( 'NONE', #8246, 2.050000000000000266 ) ;
#8522 = DIRECTION ( 'NONE',  ( 0.000000000000000000, 1.000000000000000000, -0.000000000000000000 ) ) ;
#8523 = CARTESIAN_POINT ( 'NONE',  ( -0.3960907847707366702, 0.5999999999999999778, 0.5465684680071672963 ) ) ;
#8524 = FACE_OUTER_BOUND ( 'NONE', #3856, .T. ) ;
#8525 = CIRCLE ( 'NONE', #1599, 2.400000000000000355 ) ;
#8526 = CARTESIAN_POINT ( 'NONE',  ( 0.7071067811865463515, 0.5999999999999999778, -0.7071067811865486830 ) ) ;
#8527 = CYLINDRICAL_SURFACE ( 'NONE', #6988, 0.1000000000000000888 ) ;
#8528 = ORIENTED_EDGE ( 'NONE', *, *, #59, .T. ) ;
#8529 = CARTESIAN_POINT ( 'NONE',  ( -2.163203714024708457, 0.5999999999999999778, -1.568230811125923330 ) ) ;
#8530 = FACE_OUTER_BOUND ( 'NONE', #1814, .T. ) ;
#8531 = EDGE_LOOP ( 'NONE', ( #5116, #1616, #7514, #8369 ) ) ;
#8532 = ADVANCED_FACE ( 'NONE', ( #2252 ), #5013, .T. ) ;
#8533 = CARTESIAN_POINT ( 'NONE',  ( 0.7071067811865463515, 0.5999999999999999778, -0.7071067811865486830 ) ) ;
#8534 = CARTESIAN_POINT ( 'NONE',  ( -2.339055835819531470, 0.000000000000000000, 0.5374177117645743129 ) ) ;
#8535 = DIRECTION ( 'NONE',  ( 0.000000000000000000, 1.000000000000000000, 0.000000000000000000 ) ) ;
#8536 = CARTESIAN_POINT ( 'NONE',  ( 2.109316400261558755, 0.000000000000000000, -1.751583428095818018 ) ) ;
#8537 = VERTEX_POINT ( 'NONE', #3522 ) ;
#8538 = EDGE_CURVE ( 'NONE', #932, #8452, #5541, .T. ) ;
#8539 = VERTEX_POINT ( 'NONE', #3569 ) ;
#8540 = ORIENTED_EDGE ( 'NONE', *, *, #4056, .F. ) ;
#8541 = ADVANCED_FACE ( 'NONE', ( #883 ), #1400, .T. ) ;
#8542 = DIRECTION ( 'NONE',  ( 0.7060595114480027190, 0.000000000000000000, 0.7081525021447059309 ) ) ;
#8543 = CARTESIAN_POINT ( 'NONE',  ( -0.2446220771390319182, 0.5999999999999999778, 2.630416277254186141 ) ) ;
#8544 = ORIENTED_EDGE ( 'NONE', *, *, #6965, .F. ) ;
#8545 = DIRECTION ( 'NONE',  ( -0.000000000000000000, -1.000000000000000000, 0.000000000000000000 ) ) ;
#8546 = ORIENTED_EDGE ( 'NONE', *, *, #7160, .F. ) ;
#8547 = ORIENTED_EDGE ( 'NONE', *, *, #4991, .T. ) ;
#8548 = EDGE_LOOP ( 'NONE', ( #1070, #971, #5497, #7852 ) ) ;
#8549 = DIRECTION ( 'NONE',  ( 0.000000000000000000, 0.000000000000000000, 1.000000000000000000 ) ) ;
#8550 = DIRECTION ( 'NONE',  ( 0.000000000000000000, 0.000000000000000000, 1.000000000000000000 ) ) ;
#8551 = CIRCLE ( 'NONE', #7247, 0.1000000000000000888 ) ;
#8552 = AXIS2_PLACEMENT_3D ( 'NONE', #6507, #7221, #7900 ) ;
#8553 = VECTOR ( 'NONE', #1151, 100.0000000000000142 ) ;
#8554 = EDGE_CURVE ( 'NONE', #1145, #6017, #4882, .T. ) ;
#8555 = LINE ( 'NONE', #3002, #4733 ) ;
#8556 = EDGE_CURVE ( 'NONE', #1263, #6770, #7120, .T. ) ;
#8557 = DIRECTION ( 'NONE',  ( -0.5568001729333030836, 0.000000000000000000, 0.8306464755968352431 ) ) ;
#8558 = AXIS2_PLACEMENT_3D ( 'NONE', #2125, #8316, #4883 ) ;
#8559 = LINE ( 'NONE', #4445, #801 ) ;
#8560 = VERTEX_POINT ( 'NONE', #2880 ) ;
#8561 = APPROVAL_STATUS ( 'not_yet_approved' ) ;
#8562 = VECTOR ( 'NONE', #4765, 100.0000000000000142 ) ;
#8563 = VECTOR ( 'NONE', #4392, 100.0000000000000000 ) ;
#8564 = DIRECTION ( 'NONE',  ( -0.4111072935797187022, 0.000000000000000000, -0.9115869641266042267 ) ) ;
#8565 = CARTESIAN_POINT ( 'NONE',  ( -0.7071067811865462405, 0.5999999999999999778, 0.7071067811865487940 ) ) ;
#8566 = ORIENTED_EDGE ( 'NONE', *, *, #7929, .F. ) ;
#8567 = DIRECTION ( 'NONE',  ( 0.000000000000000000, 0.000000000000000000, 1.000000000000000000 ) ) ;
#8568 = VECTOR ( 'NONE', #4109, 100.0000000000000000 ) ;
#8569 = EDGE_CURVE ( 'NONE', #3272, #6025, #5817, .T. ) ;
#8570 = CARTESIAN_POINT ( 'NONE',  ( 0.000000000000000000, 0.000000000000000000, 0.000000000000000000 ) ) ;
#8571 = ORIENTED_EDGE ( 'NONE', *, *, #1204, .T. ) ;
#8572 = ORIENTED_EDGE ( 'NONE', *, *, #6986, .T. ) ;
#8573 = CARTESIAN_POINT ( 'NONE',  ( 1.116077586671511357, 0.000000000000000000, -2.427585015167288862 ) ) ;
#8574 = DIRECTION ( 'NONE',  ( 0.000000000000000000, 1.000000000000000000, 0.000000000000000000 ) ) ;
#8575 = DIRECTION ( 'NONE',  ( 0.3043623944812919868, 0.000000000000000000, 0.9525563147791390461 ) ) ;
#8576 = DIRECTION ( 'NONE',  ( 0.3813157012030660709, 0.000000000000000000, 0.9244448799230887692 ) ) ;
#8577 = CARTESIAN_POINT ( 'NONE',  ( 0.1808025380540600191, 0.000000000000000000, 2.665728535985591119 ) ) ;
#8578 = CARTESIAN_POINT ( 'NONE',  ( 0.000000000000000000, 0.5999999999999999778, 0.000000000000000000 ) ) ;
#8579 = VERTEX_POINT ( 'NONE', #7591 ) ;
#8580 = LINE ( 'NONE', #4420, #6976 ) ;
#8581 = EDGE_CURVE ( 'NONE', #226, #5580, #4160, .T. ) ;
#8582 = DIRECTION ( 'NONE',  ( 0.9742741305104875016, 0.000000000000000000, -0.2253661878322333889 ) ) ;
#8583 = EDGE_CURVE ( 'NONE', #7385, #5574, #6961, .T. ) ;
#8584 = LINE ( 'NONE', #2384, #6511 ) ;
#8585 = AXIS2_PLACEMENT_3D ( 'NONE', #5318, #1833, #6714 ) ;
#8586 = DIRECTION ( 'NONE',  ( 0.000000000000000000, 1.000000000000000000, -0.000000000000000000 ) ) ;
#8587 = EDGE_LOOP ( 'NONE', ( #6915, #41, #684, #694 ) ) ;
#8588 = EDGE_LOOP ( 'NONE', ( #8208, #588, #3889, #1979 ) ) ;
#8589 = VERTEX_POINT ( 'NONE', #74 ) ;
#8590 = VECTOR ( 'NONE', #2076, 100.0000000000000000 ) ;
#8591 = EDGE_CURVE ( 'NONE', #1843, #4015, #8358, .T. ) ;
#8592 = EDGE_CURVE ( 'NONE', #949, #1253, #5090, .T. ) ;
#8593 = CARTESIAN_POINT ( 'NONE',  ( -0.6973863064758748509, 0.5999999999999999778, -2.579234484275303441 ) ) ;
#8594 = DIRECTION ( 'NONE',  ( 0.000000000000000000, 0.000000000000000000, 1.000000000000000000 ) ) ;
#8595 = ORIENTED_EDGE ( 'NONE', *, *, #6561, .F. ) ;
#8596 = ADVANCED_BREP_SHAPE_REPRESENTATION ( '±â¾î_ºÕ¾Ï', ( #3126, #2081 ), #5976 ) ;
#8597 = AXIS2_PLACEMENT_3D ( 'NONE', #1462, #137, #4310 ) ;
#8598 = CARTESIAN_POINT ( 'NONE',  ( -0.7071067811865462405, 0.5999999999999999778, 1.057111781186548694 ) ) ;
#8599 = ORIENTED_EDGE ( 'NONE', *, *, #2989, .T. ) ;
#8600 = ORIENTED_EDGE ( 'NONE', *, *, #1313, .F. ) ;
#8601 = VERTEX_POINT ( 'NONE', #4551 ) ;
#8602 = DIRECTION ( 'NONE',  ( 0.000000000000000000, 1.000000000000000000, -0.000000000000000000 ) ) ;
#8603 = LINE ( 'NONE', #7243, #4703 ) ;
#8604 = VECTOR ( 'NONE', #8830, 100.0000000000000000 ) ;
#8605 = CIRCLE ( 'NONE', #802, 2.400000000000000355 ) ;
#8606 = CYLINDRICAL_SURFACE ( 'NONE', #6614, 0.1000000000000000888 ) ;
#8607 = LINE ( 'NONE', #2408, #2336 ) ;
#8608 = AXIS2_PLACEMENT_3D ( 'NONE', #3925, #4697, #4108 ) ;
#8609 = DIRECTION ( 'NONE',  ( -0.4111072935797187577, 0.000000000000000000, -0.9115869641266043377 ) ) ;
#8610 = ORIENTED_EDGE ( 'NONE', *, *, #3710, .F. ) ;
#8611 = CALENDAR_DATE ( 2024, 26, 9 ) ;
#8612 = VECTOR ( 'NONE', #8434, 100.0000000000000142 ) ;
#8613 = DIRECTION ( 'NONE',  ( 0.000000000000000000, 0.000000000000000000, 1.000000000000000000 ) ) ;
#8614 = LINE ( 'NONE', #2414, #7037 ) ;
#8615 = AXIS2_PLACEMENT_3D ( 'NONE', #2915, #246, #5681 ) ;
#8616 = EDGE_CURVE ( 'NONE', #5916, #3026, #5826, .T. ) ;
#8617 = ORIENTED_EDGE ( 'NONE', *, *, #8684, .T. ) ;
#8618 = VECTOR ( 'NONE', #3022, 100.0000000000000000 ) ;
#8619 = CARTESIAN_POINT ( 'NONE',  ( -2.447037941066860345, 0.5999999999999999778, 1.240428078936084866 ) ) ;
#8620 = DIRECTION ( 'NONE',  ( 0.000000000000000000, 0.000000000000000000, -1.000000000000000000 ) ) ;
#8621 = EDGE_LOOP ( 'NONE', ( #8229, #6509, #871, #8824 ) ) ;
#8622 = AXIS2_PLACEMENT_3D ( 'NONE', #7649, #2941, #8374 ) ;
#8623 = ORIENTED_EDGE ( 'NONE', *, *, #708, .T. ) ;
#8624 = CIRCLE ( 'NONE', #92, 1.500000000000000000 ) ;
#8625 = DIRECTION ( 'NONE',  ( -0.000000000000000000, -1.000000000000000000, -0.000000000000000000 ) ) ;
#8626 = VECTOR ( 'NONE', #4877, 100.0000000000000000 ) ;
#8627 = CARTESIAN_POINT ( 'NONE',  ( 0.000000000000000000, 0.5999999999999999778, 0.000000000000000000 ) ) ;
#8628 = FACE_BOUND ( 'NONE', #3762, .T. ) ;
#8629 = EDGE_CURVE ( 'NONE', #1423, #5916, #3018, .T. ) ;
#8630 = DIRECTION ( 'NONE',  ( 0.2761438516273063137, 0.000000000000000000, -0.9611163161701274937 ) ) ;
#8631 = LINE ( 'NONE', #8673, #5823 ) ;
#8632 = VERTEX_POINT ( 'NONE', #1021 ) ;
#8633 = AXIS2_PLACEMENT_3D ( 'NONE', #8955, #4115, #2715 ) ;
#8634 = VECTOR ( 'NONE', #3315, 100.0000000000000000 ) ;
#8635 = AXIS2_PLACEMENT_3D ( 'NONE', #859, #8459, #5069 ) ;
#8636 = CARTESIAN_POINT ( 'NONE',  ( 2.163203714024812818, 0.000000000000000000, 1.568230811125788993 ) ) ;
#8637 = CARTESIAN_POINT ( 'NONE',  ( -2.649780135015809890, 0.000000000000000000, -0.3427293705101477350 ) ) ;
#8638 = DIRECTION ( 'NONE',  ( -0.9810729337102092051, 0.000000000000000000, 0.1936385776162479200 ) ) ;
#8639 = LINE ( 'NONE', #8536, #1076 ) ;
#8640 = CARTESIAN_POINT ( 'NONE',  ( 0.7530904910857149082, 0.000000000000000000, -2.532150166262744584 ) ) ;
#8641 = EDGE_LOOP ( 'NONE', ( #4203, #1322, #6761, #5983 ) ) ;
#8642 = EDGE_CURVE ( 'NONE', #5352, #1564, #5923, .T. ) ;
#8643 = VERTEX_POINT ( 'NONE', #294 ) ;
#8644 = EDGE_CURVE ( 'NONE', #6866, #1333, #930, .T. ) ;
#8645 = DIRECTION ( 'NONE',  ( 0.000000000000000000, 1.000000000000000000, 0.000000000000000000 ) ) ;
#8646 = CARTESIAN_POINT ( 'NONE',  ( -0.5636016986460542499, 0.000000000000000000, 1.330649513548161966 ) ) ;
#8647 = ORIENTED_EDGE ( 'NONE', *, *, #4830, .F. ) ;
#8648 = LINE ( 'NONE', #8688, #1530 ) ;
#8649 = ORIENTED_EDGE ( 'NONE', *, *, #2727, .T. ) ;
#8650 = EDGE_LOOP ( 'NONE', ( #271, #6787, #4267, #2767 ) ) ;
#8651 = ORIENTED_EDGE ( 'NONE', *, *, #5186, .F. ) ;
#8652 = CARTESIAN_POINT ( 'NONE',  ( 0.7392001813110363750, 0.000000000000000000, 2.642014306544101299 ) ) ;
#8653 = ADVANCED_FACE ( 'NONE', ( #434 ), #1712, .T. ) ;
#8654 = ADVANCED_FACE ( 'NONE', ( #5237 ), #2428, .T. ) ;
#8655 = DIRECTION ( 'NONE',  ( 0.000000000000000000, 0.000000000000000000, 1.000000000000000000 ) ) ;
#8656 = AXIS2_PLACEMENT_3D ( 'NONE', #6078, #7482, #6664 ) ;
#8657 = CARTESIAN_POINT ( 'NONE',  ( 0.000000000000000000, 0.5999999999999999778, 0.000000000000000000 ) ) ;
#8658 = ORIENTED_EDGE ( 'NONE', *, *, #4286, .T. ) ;
#8659 = PLANE ( 'NONE',  #7723 ) ;
#8660 = DIRECTION ( 'NONE',  ( -0.8887757427182931824, 0.000000000000000000, -0.4583423165665007071 ) ) ;
#8661 = EDGE_CURVE ( 'NONE', #8835, #3279, #6598, .T. ) ;
#8662 = ORIENTED_EDGE ( 'NONE', *, *, #4222, .T. ) ;
#8663 = ADVANCED_FACE ( 'NONE', ( #5961 ), #4502, .T. ) ;
#8664 = DIRECTION ( 'NONE',  ( -0.1965416391084622572, 0.000000000000000000, 0.9804954788761440776 ) ) ;
#8665 = CARTESIAN_POINT ( 'NONE',  ( -2.033973951400470437, 0.5999999999999999778, -1.273950534763560016 ) ) ;
#8666 = ORIENTED_EDGE ( 'NONE', *, *, #959, .F. ) ;
#8667 = VERTEX_POINT ( 'NONE', #7941 ) ;
#8668 = CARTESIAN_POINT ( 'NONE',  ( -0.7212331066169112015, 0.5999999999999999778, 1.918937936964017599 ) ) ;
#8669 = CARTESIAN_POINT ( 'NONE',  ( -1.746356292197535298, 0.000000000000000000, -1.646280565609058222 ) ) ;
#8670 = CARTESIAN_POINT ( 'NONE',  ( 0.000000000000000000, 0.000000000000000000, 0.000000000000000000 ) ) ;
#8671 = PLANE ( 'NONE',  #7994 ) ;
#8672 = CARTESIAN_POINT ( 'NONE',  ( 0.000000000000000000, 0.5999999999999999778, 0.000000000000000000 ) ) ;
#8673 = CARTESIAN_POINT ( 'NONE',  ( -2.366666666666620067, 0.5999999999999999778, -0.3986086914366926415 ) ) ;
#8674 = ORIENTED_EDGE ( 'NONE', *, *, #6303, .F. ) ;
#8675 = FACE_OUTER_BOUND ( 'NONE', #5342, .T. ) ;
#8676 = EDGE_CURVE ( 'NONE', #108, #8294, #3056, .T. ) ;
#8677 = VECTOR ( 'NONE', #7186, 100.0000000000000142 ) ;
#8678 = DIRECTION ( 'NONE',  ( -0.000000000000000000, -1.000000000000000000, -0.000000000000000000 ) ) ;
#8679 = CARTESIAN_POINT ( 'NONE',  ( 0.000000000000000000, 0.000000000000000000, 0.000000000000000000 ) ) ;
#8680 = CYLINDRICAL_SURFACE ( 'NONE', #6146, 0.1000000000000000888 ) ;
#8681 = ORIENTED_EDGE ( 'NONE', *, *, #590, .F. ) ;
#8682 = ORIENTED_EDGE ( 'NONE', *, *, #6895, .T. ) ;
#8683 = ORIENTED_EDGE ( 'NONE', *, *, #963, .T. ) ;
#8684 = EDGE_CURVE ( 'NONE', #775, #8691, #5875, .T. ) ;
#8685 = CARTESIAN_POINT ( 'NONE',  ( -1.300976273446450060, 0.000000000000000000, -2.299215189623901701 ) ) ;
#8686 = CARTESIAN_POINT ( 'NONE',  ( -2.051206457844922060, 0.5999999999999999778, -1.664776807732246899 ) ) ;
#8687 = EDGE_LOOP ( 'NONE', ( #3899, #1729, #1832, #7824 ) ) ;
#8688 = CARTESIAN_POINT ( 'NONE',  ( -2.082446992096411265, 0.5999999999999999778, -1.786076994181047484 ) ) ;
#8689 = ORIENTED_EDGE ( 'NONE', *, *, #6651, .F. ) ;
#8690 = ORIENTED_EDGE ( 'NONE', *, *, #5251, .T. ) ;
#8691 = VERTEX_POINT ( 'NONE', #2293 ) ;
#8692 = CARTESIAN_POINT ( 'NONE',  ( -1.955344957562863639, 0.000000000000000000, 1.391627140053368183 ) ) ;
#8693 = DIRECTION ( 'NONE',  ( 0.000000000000000000, 0.000000000000000000, 1.000000000000000000 ) ) ;
#8694 = ADVANCED_FACE ( 'NONE', ( #7986 ), #5054, .T. ) ;
#8695 = AXIS2_PLACEMENT_3D ( 'NONE', #278, #3041, #4485 ) ;
#8696 = ORIENTED_EDGE ( 'NONE', *, *, #800, .F. ) ;
#8697 = EDGE_LOOP ( 'NONE', ( #8566, #747, #2577, #1171 ) ) ;
#8698 = DIRECTION ( 'NONE',  ( -0.001479967914598829832, 0.000000000000000000, 0.9999989048468862496 ) ) ;
#8699 = CARTESIAN_POINT ( 'NONE',  ( -0.7071067811865462405, 0.5999999999999999778, 0.5571067811865487718 ) ) ;
#8700 = VERTEX_POINT ( 'NONE', #4367 ) ;
#8701 = CIRCLE ( 'NONE', #6829, 2.400000000000000355 ) ;
#8702 = CARTESIAN_POINT ( 'NONE',  ( 2.482548156321914945, 0.000000000000000000, 1.167737622746210180 ) ) ;
#8703 = CARTESIAN_POINT ( 'NONE',  ( 2.532150166262745472, 0.000000000000000000, 0.8530904910856199619 ) ) ;
#8704 = EDGE_CURVE ( 'NONE', #4803, #5232, #7136, .T. ) ;
#8705 = VERTEX_POINT ( 'NONE', #8529 ) ;
#8706 = CIRCLE ( 'NONE', #4087, 1.500000000000000000 ) ;
#8707 = EDGE_CURVE ( 'NONE', #1031, #7344, #2332, .T. ) ;
#8708 = VECTOR ( 'NONE', #2115, 100.0000000000000142 ) ;
#8709 = ORIENTED_EDGE ( 'NONE', *, *, #4395, .F. ) ;
#8710 = CARTESIAN_POINT ( 'NONE',  ( -0.2529554104723649721, 0.5999999999999999778, 2.730068450113364520 ) ) ;
#8711 = DIRECTION ( 'NONE',  ( -0.9233121615203854216, 0.000000000000000000, -0.3840503253332221978 ) ) ;
#8712 = VECTOR ( 'NONE', #5098, 100.0000000000000142 ) ;
#8713 = CYLINDRICAL_SURFACE ( 'NONE', #4973, 0.1000000000000000056 ) ;
#8714 = PLANE ( 'NONE',  #2087 ) ;
#8715 = CARTESIAN_POINT ( 'NONE',  ( 2.726960102849327772, 0.5999999999999999778, -0.2845149898690454426 ) ) ;
#8716 = CARTESIAN_POINT ( 'NONE',  ( -1.955344957562863639, 0.000000000000000000, 1.391627140053368183 ) ) ;
#8717 = ORIENTED_EDGE ( 'NONE', *, *, #6127, .T. ) ;
#8718 = CARTESIAN_POINT ( 'NONE',  ( 2.532150166262745472, 0.5999999999999999778, 0.8530904910856199619 ) ) ;
#8719 = AXIS2_PLACEMENT_3D ( 'NONE', #1753, #1849, #8801 ) ;
#8720 = CARTESIAN_POINT ( 'NONE',  ( 0.3960907847707368368, 0.2999999999999999889, 0.5465684680071672963 ) ) ;
#8721 = CARTESIAN_POINT ( 'NONE',  ( -2.366666666666620067, 0.000000000000000000, -0.3986086914366926415 ) ) ;
#8722 = CARTESIAN_POINT ( 'NONE',  ( -1.995527069526078723, 0.5999999999999999778, 1.333368559247090968 ) ) ;
#8723 = DIRECTION ( 'NONE',  ( 0.000000000000000000, 0.000000000000000000, 1.000000000000000000 ) ) ;
#8724 = EDGE_LOOP ( 'NONE', ( #8859, #2868, #5870, #1452 ) ) ;
#8725 = ORIENTED_EDGE ( 'NONE', *, *, #8157, .T. ) ;
#8726 = EDGE_CURVE ( 'NONE', #8058, #7111, #1642, .T. ) ;
#8727 = ORIENTED_EDGE ( 'NONE', *, *, #1176, .T. ) ;
#8728 = VECTOR ( 'NONE', #3740, 100.0000000000000000 ) ;
#8729 = CARTESIAN_POINT ( 'NONE',  ( -2.730068450113363188, 0.000000000000000000, -0.2529554104724597852 ) ) ;
#8730 = CARTESIAN_POINT ( 'NONE',  ( 2.350168206146098004, 0.5999999999999999778, -1.415403089884493593 ) ) ;
#8731 = ORIENTED_EDGE ( 'NONE', *, *, #7926, .F. ) ;
#8732 = CARTESIAN_POINT ( 'NONE',  ( 0.8526632993067405630, 0.000000000000000000, -2.243427132316890837 ) ) ;
#8733 = VERTEX_POINT ( 'NONE', #8577 ) ;
#8734 = ORIENTED_EDGE ( 'NONE', *, *, #4859, .T. ) ;
#8735 = ORIENTED_EDGE ( 'NONE', *, *, #1661, .T. ) ;
#8736 = ADVANCED_FACE ( 'NONE', ( #2376 ), #609, .T. ) ;
#8737 = CIRCLE ( 'NONE', #497, 0.1000000000000000888 ) ;
#8738 = CARTESIAN_POINT ( 'NONE',  ( 0.7071067811865463515, 0.5999999999999999778, -0.7071067811865486830 ) ) ;
#8739 = LINE ( 'NONE', #8150, #8794 ) ;
#8740 = ORIENTED_EDGE ( 'NONE', *, *, #1025, .F. ) ;
#8741 = VERTEX_POINT ( 'NONE', #3237 ) ;
#8742 = LINE ( 'NONE', #3314, #5704 ) ;
#8743 = CARTESIAN_POINT ( 'NONE',  ( 0.7071067811865463515, 0.000000000000000000, -0.8571067811865488162 ) ) ;
#8744 = ADVANCED_FACE ( 'NONE', ( #3375 ), #5419, .T. ) ;
#8745 = ORIENTED_EDGE ( 'NONE', *, *, #7864, .F. ) ;
#8746 = VECTOR ( 'NONE', #4025, 100.0000000000000142 ) ;
#8747 = EDGE_CURVE ( 'NONE', #7477, #7459, #1934, .T. ) ;
#8748 = CARTESIAN_POINT ( 'NONE',  ( 2.033973951400561919, 0.000000000000000000, 1.273950534763422793 ) ) ;
#8749 = FACE_OUTER_BOUND ( 'NONE', #5305, .T. ) ;
#8750 = EDGE_LOOP ( 'NONE', ( #5791, #2986, #2796, #6581 ) ) ;
#8751 = AXIS2_PLACEMENT_3D ( 'NONE', #8098, #5394, #2578 ) ;
#8752 = AXIS2_PLACEMENT_3D ( 'NONE', #510, #1705, #5866 ) ;
#8753 = ORIENTED_EDGE ( 'NONE', *, *, #7733, .T. ) ;
#8754 = FACE_BOUND ( 'NONE', #7681, .T. ) ;
#8755 = DIRECTION ( 'NONE',  ( 0.000000000000000000, 1.000000000000000000, 0.000000000000000000 ) ) ;
#8756 = CARTESIAN_POINT ( 'NONE',  ( 0.000000000000000000, 0.5999999999999999778, 0.000000000000000000 ) ) ;
#8757 = LINE ( 'NONE', #4550, #7134 ) ;
#8758 = CARTESIAN_POINT ( 'NONE',  ( -0.7058615068732724263, 0.5999999999999999778, 2.545719797106929416 ) ) ;
#8759 = CIRCLE ( 'NONE', #1543, 0.1000000000000000888 ) ;
#8760 = ORIENTED_EDGE ( 'NONE', *, *, #2989, .F. ) ;
#8761 = EDGE_CURVE ( 'NONE', #4084, #5614, #1927, .T. ) ;
#8762 = EDGE_CURVE ( 'NONE', #3183, #4381, #5472, .T. ) ;
#8763 = AXIS2_PLACEMENT_3D ( 'NONE', #3633, #56, #6397 ) ;
#8764 = DIRECTION ( 'NONE',  ( 0.000000000000000000, 1.000000000000000000, -0.000000000000000000 ) ) ;
#8765 = CIRCLE ( 'NONE', #4869, 0.1000000000000000888 ) ;
#8766 = DIRECTION ( 'NONE',  ( 0.000000000000000000, 0.000000000000000000, 1.000000000000000000 ) ) ;
#8767 = CARTESIAN_POINT ( 'NONE',  ( 2.323015946640827334, 0.000000000000000000, -1.257985160453261919 ) ) ;
#8768 = LINE ( 'NONE', #4061, #7738 ) ;
#8769 = CARTESIAN_POINT ( 'NONE',  ( -0.3986086914365977729, 0.000000000000000000, 2.366666666666620955 ) ) ;
#8770 = ORIENTED_EDGE ( 'NONE', *, *, #5693, .T. ) ;
#8771 = AXIS2_PLACEMENT_3D ( 'NONE', #7468, #5486, #8140 ) ;
#8772 = DIRECTION ( 'NONE',  ( 0.000000000000000000, 1.000000000000000000, 0.000000000000000000 ) ) ;
#8773 = ORIENTED_EDGE ( 'NONE', *, *, #170, .T. ) ;
#8774 = VECTOR ( 'NONE', #6618, 100.0000000000000142 ) ;
#8775 = DIRECTION ( 'NONE',  ( 0.000000000000000000, 0.000000000000000000, 1.000000000000000000 ) ) ;
#8776 = VERTEX_POINT ( 'NONE', #8078 ) ;
#8777 = DIRECTION ( 'NONE',  ( -0.2761438516273205246, 0.000000000000000000, 0.9611163161701233859 ) ) ;
#8778 = CARTESIAN_POINT ( 'NONE',  ( -1.626335788784444736, 0.000000000000000000, 2.181816911831198524 ) ) ;
#8779 = ORIENTED_EDGE ( 'NONE', *, *, #1496, .F. ) ;
#8780 = CARTESIAN_POINT ( 'NONE',  ( -2.619056208129447505, 0.000000000000000000, 0.8110516387075393796 ) ) ;
#8781 = ORIENTED_EDGE ( 'NONE', *, *, #7215, .T. ) ;
#8782 = VERTEX_POINT ( 'NONE', #1850 ) ;
#8783 = ORIENTED_EDGE ( 'NONE', *, *, #1673, .F. ) ;
#8784 = CARTESIAN_POINT ( 'NONE',  ( -0.5465684680071659640, 0.5999999999999999778, -0.3960907847707385576 ) ) ;
#8785 =( LENGTH_UNIT ( ) NAMED_UNIT ( * ) SI_UNIT ( .CENTI., .METRE. ) );
#8786 = FACE_OUTER_BOUND ( 'NONE', #2528, .T. ) ;
#8787 = ADVANCED_FACE ( 'NONE', ( #7494 ), #2602, .T. ) ;
#8788 = EDGE_LOOP ( 'NONE', ( #2722, #8734, #2615, #5099 ) ) ;
#8789 = ORIENTED_EDGE ( 'NONE', *, *, #5732, .T. ) ;
#8790 = FACE_OUTER_BOUND ( 'NONE', #5701, .T. ) ;
#8791 = DIRECTION ( 'NONE',  ( -0.6848725880832607915, 0.000000000000000000, 0.7286628425356518335 ) ) ;
#8792 = ORIENTED_EDGE ( 'NONE', *, *, #5112, .F. ) ;
#8793 = DIRECTION ( 'NONE',  ( 0.000000000000000000, 1.000000000000000000, -0.000000000000000000 ) ) ;
#8794 = VECTOR ( 'NONE', #3310, 100.0000000000000000 ) ;
#8795 = DIRECTION ( 'NONE',  ( 0.000000000000000000, 1.000000000000000000, -0.000000000000000000 ) ) ;
#8796 = ORIENTED_EDGE ( 'NONE', *, *, #5032, .F. ) ;
#8797 = EDGE_CURVE ( 'NONE', #7634, #4139, #7990, .T. ) ;
#8798 = ORIENTED_EDGE ( 'NONE', *, *, #1805, .T. ) ;
#8799 = LINE ( 'NONE', #1885, #4716 ) ;
#8800 = CYLINDRICAL_SURFACE ( 'NONE', #1370, 2.400000000000000355 ) ;
#8801 = DIRECTION ( 'NONE',  ( 0.000000000000000000, 0.000000000000000000, 1.000000000000000000 ) ) ;
#8802 = CARTESIAN_POINT ( 'NONE',  ( 2.505747855997360496, 0.5999999999999999778, -0.9273757962659427978 ) ) ;
#8803 = ORIENTED_EDGE ( 'NONE', *, *, #8147, .F. ) ;
#8804 = LINE ( 'NONE', #6010, #2207 ) ;
#8805 = DIRECTION ( 'NONE',  ( 0.000000000000000000, 1.000000000000000000, 0.000000000000000000 ) ) ;
#8806 = DIRECTION ( 'NONE',  ( 0.000000000000000000, 1.000000000000000000, -0.000000000000000000 ) ) ;
#8807 = ADVANCED_FACE ( 'NONE', ( #4014 ), #4642, .T. ) ;
#8808 = DIRECTION ( 'NONE',  ( 0.000000000000000000, 1.000000000000000000, 0.000000000000000000 ) ) ;
#8809 = CARTESIAN_POINT ( 'NONE',  ( -0.9297114442667512302, 0.5999999999999999778, -2.581141827647916998 ) ) ;
#8810 = VERTEX_POINT ( 'NONE', #2650 ) ;
#8811 = PLANE ( 'NONE',  #6401 ) ;
#8812 = DIRECTION ( 'NONE',  ( 0.000000000000000000, 0.000000000000000000, -1.000000000000000000 ) ) ;
#8813 = ORIENTED_EDGE ( 'NONE', *, *, #8761, .F. ) ;
#8814 = CIRCLE ( 'NONE', #4915, 0.1000000000000000056 ) ;
#8815 = CARTESIAN_POINT ( 'NONE',  ( -1.724533010878228190, 0.000000000000000000, -2.001228534340632859 ) ) ;
#8816 = ORIENTED_EDGE ( 'NONE', *, *, #2919, .F. ) ;
#8817 = ADVANCED_FACE ( 'NONE', ( #8221 ), #4054, .T. ) ;
#8818 = DIRECTION ( 'NONE',  ( -0.000000000000000000, -1.000000000000000000, -0.000000000000000000 ) ) ;
#8819 = LINE ( 'NONE', #5390, #2992 ) ;
#8820 = ORIENTED_EDGE ( 'NONE', *, *, #4679, .T. ) ;
#8821 = ADVANCED_FACE ( 'NONE', ( #1984 ), #518, .T. ) ;
#8822 = CARTESIAN_POINT ( 'NONE',  ( 0.3281231852442048069, 0.000000000000000000, -2.723782605007123880 ) ) ;
#8823 = ORIENTED_EDGE ( 'NONE', *, *, #2798, .F. ) ;
#8824 = ORIENTED_EDGE ( 'NONE', *, *, #7322, .T. ) ;
#8825 = CIRCLE ( 'NONE', #2898, 0.3500050000000000106 ) ;
#8826 = ORIENTED_EDGE ( 'NONE', *, *, #6836, .T. ) ;
#8827 = CIRCLE ( 'NONE', #6831, 0.1000000000000000888 ) ;
#8828 = DIRECTION ( 'NONE',  ( 0.000000000000000000, 0.000000000000000000, 1.000000000000000000 ) ) ;
#8829 = CARTESIAN_POINT ( 'NONE',  ( 2.410503452114984402, 0.000000000000000000, -1.306420027913691051 ) ) ;
#8830 = DIRECTION ( 'NONE',  ( 0.000000000000000000, 1.000000000000000000, 0.000000000000000000 ) ) ;
#8831 = ORIENTED_EDGE ( 'NONE', *, *, #8070, .T. ) ;
#8832 = ORIENTED_EDGE ( 'NONE', *, *, #4565, .T. ) ;
#8833 = CARTESIAN_POINT ( 'NONE',  ( 2.243427132316891282, 0.000000000000000000, 0.8526632993066454169 ) ) ;
#8834 = CARTESIAN_POINT ( 'NONE',  ( -0.7071067811865462405, 0.2999999999999999889, -0.7071067811865486830 ) ) ;
#8835 = VERTEX_POINT ( 'NONE', #8715 ) ;
#8836 = EDGE_CURVE ( 'NONE', #3971, #2736, #1629, .T. ) ;
#8837 = ADVANCED_FACE ( 'NONE', ( #6052 ), #4602, .T. ) ;
#8838 = FACE_OUTER_BOUND ( 'NONE', #3939, .T. ) ;
#8839 = DIRECTION ( 'NONE',  ( 0.7081525021447053758, 0.000000000000000000, -0.7060595114480031631 ) ) ;
#8840 = ORIENTED_EDGE ( 'NONE', *, *, #4979, .F. ) ;
#8841 = VERTEX_POINT ( 'NONE', #8802 ) ;
#8842 = PLANE ( 'NONE',  #5728 ) ;
#8843 = DIRECTION ( 'NONE',  ( 0.000000000000000000, 0.000000000000000000, 1.000000000000000000 ) ) ;
#8844 = CARTESIAN_POINT ( 'NONE',  ( 2.665728535985686154, 0.000000000000000000, -0.1808025380540591309 ) ) ;
#8845 = LINE ( 'NONE', #6774, #1054 ) ;
#8846 = ADVANCED_FACE ( 'NONE', ( #4688 ), #4100, .T. ) ;
#8847 = EDGE_LOOP ( 'NONE', ( #4476, #3759, #5308, #1584 ) ) ;
#8848 = AXIS2_PLACEMENT_3D ( 'NONE', #330, #3733, #6499 ) ;
#8849 = EDGE_CURVE ( 'NONE', #7410, #375, #8845, .T. ) ;
#8850 = AXIS2_PLACEMENT_3D ( 'NONE', #6417, #2970, #5739 ) ;
#8851 = DIRECTION ( 'NONE',  ( 0.9742741305104876126, 0.000000000000000000, -0.2253661878322333889 ) ) ;
#8852 = CIRCLE ( 'NONE', #1332, 2.400000000000000355 ) ;
#8853 = EDGE_CURVE ( 'NONE', #5303, #7821, #658, .T. ) ;
#8854 = AXIS2_PLACEMENT_3D ( 'NONE', #7673, #1310, #118 ) ;
#8855 = PLANE ( 'NONE',  #3273 ) ;
#8856 = DIRECTION ( 'NONE',  ( -0.000000000000000000, -1.000000000000000000, -0.000000000000000000 ) ) ;
#8857 = DIRECTION ( 'NONE',  ( -0.5810497765865615394, 0.000000000000000000, -0.8138680219351949185 ) ) ;
#8858 = LINE ( 'NONE', #7589, #2221 ) ;
#8859 = ORIENTED_EDGE ( 'NONE', *, *, #2976, .F. ) ;
#8860 = AXIS2_PLACEMENT_3D ( 'NONE', #1179, #3218, #4585 ) ;
#8861 = VECTOR ( 'NONE', #6952, 100.0000000000000000 ) ;
#8862 = DIRECTION ( 'NONE',  ( 0.000000000000000000, 1.000000000000000000, 0.000000000000000000 ) ) ;
#8863 = LINE ( 'NONE', #4442, #7298 ) ;
#8864 = AXIS2_PLACEMENT_3D ( 'NONE', #3357, #8931, #6982 ) ;
#8865 = ORIENTED_EDGE ( 'NONE', *, *, #2947, .T. ) ;
#8866 = ADVANCED_FACE ( 'NONE', ( #2111 ), #4868, .T. ) ;
#8867 = CYLINDRICAL_SURFACE ( 'NONE', #91, 0.1000000000000000888 ) ;
#8868 = VECTOR ( 'NONE', #5603, 100.0000000000000142 ) ;
#8869 = VERTEX_POINT ( 'NONE', #4187 ) ;
#8870 = DIRECTION ( 'NONE',  ( -0.000000000000000000, -1.000000000000000000, 0.000000000000000000 ) ) ;
#8871 = CARTESIAN_POINT ( 'NONE',  ( -2.400000000000000355, 0.5999999999999999778, -1.569924745759010105E-14 ) ) ;
#8872 = DIRECTION ( 'NONE',  ( 0.000000000000000000, 1.000000000000000000, -0.000000000000000000 ) ) ;
#8873 = EDGE_LOOP ( 'NONE', ( #5053, #3464, #6389, #4525 ) ) ;
#8874 = ORIENTED_EDGE ( 'NONE', *, *, #4263, .F. ) ;
#8875 = ORIENTED_EDGE ( 'NONE', *, *, #8311, .F. ) ;
#8876 = EDGE_CURVE ( 'NONE', #6963, #898, #3800, .T. ) ;
#8877 = ADVANCED_FACE ( 'NONE', ( #3468 ), #3508, .T. ) ;
#8878 = FACE_OUTER_BOUND ( 'NONE', #1722, .T. ) ;
#8879 = CARTESIAN_POINT ( 'NONE',  ( 0.000000000000000000, 0.5999999999999999778, 0.000000000000000000 ) ) ;
#8880 = VERTEX_POINT ( 'NONE', #5551 ) ;
#8881 = ORIENTED_EDGE ( 'NONE', *, *, #358, .T. ) ;
#8882 = VECTOR ( 'NONE', #2341, 100.0000000000000000 ) ;
#8883 = VECTOR ( 'NONE', #1739, 100.0000000000000000 ) ;
#8884 = LINE ( 'NONE', #2057, #7699 ) ;
#8885 = CARTESIAN_POINT ( 'NONE',  ( 0.000000000000000000, 0.000000000000000000, 0.000000000000000000 ) ) ;
#8886 = CARTESIAN_POINT ( 'NONE',  ( 0.7071067811865463515, 0.2999999999999999889, -0.7071067811865486830 ) ) ;
#8887 = LINE ( 'NONE', #6906, #6310 ) ;
#8888 = ORIENTED_EDGE ( 'NONE', *, *, #4446, .F. ) ;
#8889 = ORIENTED_EDGE ( 'NONE', *, *, #6477, .F. ) ;
#8890 = CARTESIAN_POINT ( 'NONE',  ( 2.427585015167289306, 0.5999999999999999778, 1.116077586671416100 ) ) ;
#8891 = EDGE_CURVE ( 'NONE', #8579, #5505, #4230, .T. ) ;
#8892 = AXIS2_PLACEMENT_3D ( 'NONE', #7026, #826, #3594 ) ;
#8893 = LINE ( 'NONE', #8029, #6859 ) ;
#8894 = LINE ( 'NONE', #2778, #2504 ) ;
#8895 = CARTESIAN_POINT ( 'NONE',  ( 2.323015946640827334, 0.5999999999999999778, -1.257985160453261919 ) ) ;
#8896 = EDGE_LOOP ( 'NONE', ( #8912, #3986, #6212, #905 ) ) ;
#8897 = VECTOR ( 'NONE', #1088, 100.0000000000000000 ) ;
#8898 = CARTESIAN_POINT ( 'NONE',  ( -2.350168206146002081, 0.5999999999999999778, 1.415403089884399002 ) ) ;
#8899 = VECTOR ( 'NONE', #7728, 100.0000000000000000 ) ;
#8900 = FACE_OUTER_BOUND ( 'NONE', #6084, .T. ) ;
#8901 = CARTESIAN_POINT ( 'NONE',  ( -0.9273757962658337739, 0.000000000000000000, -2.505747855997342288 ) ) ;
#8902 = ADVANCED_FACE ( 'NONE', ( #6230 ), #8305, .T. ) ;
#8903 = LINE ( 'NONE', #7502, #3846 ) ;
#8904 = FACE_OUTER_BOUND ( 'NONE', #4749, .T. ) ;
#8905 = ORIENTED_EDGE ( 'NONE', *, *, #7667, .F. ) ;
#8906 = DIRECTION ( 'NONE',  ( -0.000000000000000000, -1.000000000000000000, -0.000000000000000000 ) ) ;
#8907 = CARTESIAN_POINT ( 'NONE',  ( -2.299215189623816880, 0.5999999999999999778, 1.300976273446458498 ) ) ;
#8908 = VERTEX_POINT ( 'NONE', #4908 ) ;
#8909 = VECTOR ( 'NONE', #3874, 100.0000000000000000 ) ;
#8910 = AXIS2_PLACEMENT_3D ( 'NONE', #2620, #7555, #6655 ) ;
#8911 = DIRECTION ( 'NONE',  ( 0.000000000000000000, 0.000000000000000000, 1.000000000000000000 ) ) ;
#8912 = ORIENTED_EDGE ( 'NONE', *, *, #499, .T. ) ;
#8913 = DIRECTION ( 'NONE',  ( 0.000000000000000000, 0.000000000000000000, 1.000000000000000000 ) ) ;
#8914 = LINE ( 'NONE', #8279, #7521 ) ;
#8915 = EDGE_CURVE ( 'NONE', #6348, #7423, #7664, .T. ) ;
#8916 = VECTOR ( 'NONE', #8542, 100.0000000000000000 ) ;
#8917 = DIRECTION ( 'NONE',  ( 0.000000000000000000, 1.000000000000000000, -0.000000000000000000 ) ) ;
#8918 = ORIENTED_EDGE ( 'NONE', *, *, #6854, .F. ) ;
#8919 = ORIENTED_EDGE ( 'NONE', *, *, #5057, .T. ) ;
#8920 = CIRCLE ( 'NONE', #5310, 2.050000000000000266 ) ;
#8921 = ORIENTED_EDGE ( 'NONE', *, *, #578, .F. ) ;
#8922 = EDGE_CURVE ( 'NONE', #4438, #3304, #8942, .T. ) ;
#8923 = CIRCLE ( 'NONE', #827, 0.1000000000000000888 ) ;
#8924 = CIRCLE ( 'NONE', #7332, 0.1000000000000000888 ) ;
#8925 = DIRECTION ( 'NONE',  ( 0.000000000000000000, 1.000000000000000000, 0.000000000000000000 ) ) ;
#8926 = DIRECTION ( 'NONE',  ( -0.000000000000000000, -1.000000000000000000, -0.000000000000000000 ) ) ;
#8927 = ADVANCED_FACE ( 'NONE', ( #6912 ), #2629, .T. ) ;
#8928 = ORIENTED_EDGE ( 'NONE', *, *, #2164, .F. ) ;
#8929 = VERTEX_POINT ( 'NONE', #5313 ) ;
#8930 = EDGE_CURVE ( 'NONE', #5352, #635, #6408, .T. ) ;
#8931 = DIRECTION ( 'NONE',  ( -0.000000000000000000, -1.000000000000000000, 0.000000000000000000 ) ) ;
#8932 = CARTESIAN_POINT ( 'NONE',  ( -0.3427293705100528109, 0.000000000000000000, 2.649780135015810778 ) ) ;
#8933 = CARTESIAN_POINT ( 'NONE',  ( 0.1288188395258484942, 0.000000000000000000, -2.740449271673790488 ) ) ;
#8934 = DIRECTION ( 'NONE',  ( -0.8748750547415710122, 0.000000000000000000, 0.4843486746042907076 ) ) ;
#8935 = ORIENTED_EDGE ( 'NONE', *, *, #7609, .T. ) ;
#8936 = EDGE_CURVE ( 'NONE', #5278, #4401, #2725, .T. ) ;
#8937 = ORIENTED_EDGE ( 'NONE', *, *, #1131, .F. ) ;
#8938 = DIRECTION ( 'NONE',  ( -0.8322909278351855455, 0.000000000000000000, 0.5543390762369598823 ) ) ;
#8939 = ADVANCED_FACE ( 'NONE', ( #8244 ), #6847, .T. ) ;
#8940 = CARTESIAN_POINT ( 'NONE',  ( -2.410503452114888479, 0.000000000000000000, 1.306420027913596238 ) ) ;
#8941 = CARTESIAN_POINT ( 'NONE',  ( 0.000000000000000000, 0.000000000000000000, 0.000000000000000000 ) ) ;
#8942 = LINE ( 'NONE', #2742, #5253 ) ;
#8943 = ORIENTED_EDGE ( 'NONE', *, *, #7676, .T. ) ;
#8944 = LINE ( 'NONE', #2653, #1631 ) ;
#8946 = AXIS2_PLACEMENT_3D ( 'NONE', #6129, #456, #1873 ) ;
#8945 = DIRECTION ( 'NONE',  ( 0.8482738040849021610, 0.000000000000000000, 0.5295578847522989241 ) ) ;
#8947 = CARTESIAN_POINT ( 'NONE',  ( -2.158023279829105689, 0.5999999999999999778, 1.693987021127794534 ) ) ;
#8948 = CARTESIAN_POINT ( 'NONE',  ( 0.9097684458441869237, 0.5999999999999999778, 1.192611158318692466 ) ) ;
#8949 = DIRECTION ( 'NONE',  ( 0.7060595114480027190, 0.000000000000000000, 0.7081525021447059309 ) ) ;
#8950 = ORIENTED_EDGE ( 'NONE', *, *, #2452, .T. ) ;
#8951 = CARTESIAN_POINT ( 'NONE',  ( -1.434177131589198462, 0.5999999999999999778, 0.1772313681304759359 ) ) ;
#8952 = PLANE ( 'NONE',  #2677 ) ;
#8953 = EDGE_LOOP ( 'NONE', ( #1883, #1233, #6658, #7550 ) ) ;
#8954 = EDGE_CURVE ( 'NONE', #2002, #7916, #8104, .T. ) ;
#8955 = CARTESIAN_POINT ( 'NONE',  ( 0.000000000000000000, 0.5999999999999999778, 0.000000000000000000 ) ) ;
#8956 = VERTEX_POINT ( 'NONE', #7519 ) ;
#8957 = CARTESIAN_POINT ( 'NONE',  ( 0.000000000000000000, 0.000000000000000000, 0.000000000000000000 ) ) ;
#8958 = DIRECTION ( 'NONE',  ( 0.000000000000000000, 0.000000000000000000, 1.000000000000000000 ) ) ;
#8959 = CYLINDRICAL_SURFACE ( 'NONE', #6018, 2.400000000000000355 ) ;
#8960 = ORIENTED_EDGE ( 'NONE', *, *, #546, .F. ) ;
#8961 = VERTEX_POINT ( 'NONE', #8829 ) ;
#8962 = ORIENTED_EDGE ( 'NONE', *, *, #4734, .F. ) ;
#8963 = EDGE_CURVE ( 'NONE', #7725, #1036, #4128, .T. ) ;
ENDSEC;
END-ISO-10303-21;
