ISO-10303-21;
HEADER;
FILE_DESCRIPTION (( 'STEP AP203' ),
    '1' );
FILE_NAME ('링크_엔드이펙터컨트롤.STEP',
    '2024-09-26T14:18:15',
    ( '' ),
    ( '' ),
    'SwSTEP 2.0',
    'SolidWorks 2022',
    '' );
FILE_SCHEMA (( 'CONFIG_CONTROL_DESIGN' ));
ENDSEC;

DATA;
#1 = CARTESIAN_POINT ( 'NONE',  ( 40.08902937191261628, 6.075874374306483361, -12.76931077162924844 ) ) ;
#2 = B_SPLINE_CURVE_WITH_KNOTS ( 'NONE', 3,
 ( #490, #1452, #1152, #1223 ),
 .UNSPECIFIED., .F., .F.,
 ( 4, 4 ),
 ( 3.211654998531973338E-17, 0.004706457022896909023 ),
 .UNSPECIFIED. ) ;
#3 = VERTEX_POINT ( 'NONE', #929 ) ;
#4 = CARTESIAN_POINT ( 'NONE',  ( 11.43652617608627331, 2.000000000000000000, -13.90979311621184422 ) ) ;
#5 = CYLINDRICAL_SURFACE ( 'NONE', #60, 16.25889575126119624 ) ;
#6 = EDGE_CURVE ( 'NONE', #448, #398, #2, .T. ) ;
#7 = CARTESIAN_POINT ( 'NONE',  ( 39.43831489626717257, 4.706392037272709494, -9.100040332149564648 ) ) ;
#8 = EDGE_CURVE ( 'NONE', #1325, #463, #670, .T. ) ;
#9 = ORIENTED_EDGE ( 'NONE', *, *, #542, .T. ) ;
#10 = PLANE ( 'NONE',  #1140 ) ;
#11 = LOCAL_TIME ( 23, 18, 15.00000000000000000, #1422 ) ;
#12 = CARTESIAN_POINT ( 'NONE',  ( 30.00000000000000000, 2.000000000000000000, 0.4999999999999995559 ) ) ;
#13 = AXIS2_PLACEMENT_3D ( 'NONE', #967, #494, #1075 ) ;
#14 = VECTOR ( 'NONE', #1294, 1000.000000000000000 ) ;
#15 = CIRCLE ( 'NONE', #861, 6.499999999999999112 ) ;
#16 = CIRCLE ( 'NONE', #1354, 1.500000000000003997 ) ;
#17 = DIRECTION ( 'NONE',  ( -0.000000000000000000, 1.000000000000000000, -0.000000000000000000 ) ) ;
#18 = EDGE_CURVE ( 'NONE', #853, #1325, #114, .T. ) ;
#19 = ORIENTED_EDGE ( 'NONE', *, *, #927, .F. ) ;
#20 = DIRECTION ( 'NONE',  ( 0.000000000000000000, 1.000000000000000000, 0.000000000000000000 ) ) ;
#21 = DIRECTION ( 'NONE',  ( 0.000000000000000000, 0.000000000000000000, -1.000000000000000000 ) ) ;
#22 = FACE_OUTER_BOUND ( 'NONE', #95, .T. ) ;
#23 = ORIENTED_EDGE ( 'NONE', *, *, #1449, .T. ) ;
#24 = CARTESIAN_POINT ( 'NONE',  ( 40.51640214750745628, 6.718404867023524574, -5.232470173971511151 ) ) ;
#25 = EDGE_CURVE ( 'NONE', #313, #1043, #1405, .T. ) ;
#26 = CARTESIAN_POINT ( 'NONE',  ( 45.50000000000000711, 8.000000000000000000, -8.500000000000000000 ) ) ;
#27 = PLANE ( 'NONE',  #253 ) ;
#28 =( NAMED_UNIT ( * ) PLANE_ANGLE_UNIT ( ) SI_UNIT ( $, .RADIAN. ) );
#29 = ORIENTED_EDGE ( 'NONE', *, *, #487, .T. ) ;
#30 = CARTESIAN_POINT ( 'NONE',  ( 30.00000000000000000, 6.000000000000000000, 2.000000000000003553 ) ) ;
#31 = ADVANCED_FACE ( 'NONE', ( #1003 ), #1382, .F. ) ;
#32 = ORIENTED_EDGE ( 'NONE', *, *, #560, .T. ) ;
#33 = CARTESIAN_POINT ( 'NONE',  ( 44.07031250000001421, 6.000000000000000000, -3.070312500000007105 ) ) ;
#34 = ORIENTED_EDGE ( 'NONE', *, *, #143, .F. ) ;
#35 = AXIS2_PLACEMENT_3D ( 'NONE', #898, #1358, #462 ) ;
#36 = CARTESIAN_POINT ( 'NONE',  ( 43.57525958187017068, 0.000000000000000000, -13.65222032941307440 ) ) ;
#37 = AXIS2_PLACEMENT_3D ( 'NONE', #687, #245, #351 ) ;
#38 = AXIS2_PLACEMENT_3D ( 'NONE', #517, #1170, #1276 ) ;
#39 = CIRCLE ( 'NONE', #349, 5.500000000000000000 ) ;
#40 = ORIENTED_EDGE ( 'NONE', *, *, #1113, .T. ) ;
#41 = CARTESIAN_POINT ( 'NONE',  ( 15.00000000000000000, 0.000000000000000000, 1.999999999999996669 ) ) ;
#42 = ORIENTED_EDGE ( 'NONE', *, *, #940, .F. ) ;
#43 = DIRECTION ( 'NONE',  ( 0.000000000000000000, 0.000000000000000000, 1.000000000000000000 ) ) ;
#44 = CARTESIAN_POINT ( 'NONE',  ( -2.849685311557194289, 6.000000000000000000, -5.280084622910425907 ) ) ;
#45 = EDGE_CURVE ( 'NONE', #1177, #1024, #90, .T. ) ;
#46 = DIRECTION ( 'NONE',  ( 1.000000000000000000, 0.000000000000000000, 0.000000000000000000 ) ) ;
#47 = VERTEX_POINT ( 'NONE', #479 ) ;
#48 = CARTESIAN_POINT ( 'NONE',  ( 14.99999999999999467, -4.000000000000000000, -29.00000000000000355 ) ) ;
#49 = ORIENTED_EDGE ( 'NONE', *, *, #900, .T. ) ;
#50 = DIRECTION ( 'NONE',  ( 0.000000000000000000, 1.000000000000000000, 0.000000000000000000 ) ) ;
#51 = DIRECTION ( 'NONE',  ( -0.000000000000000000, -1.000000000000000000, -0.000000000000000000 ) ) ;
#52 = CARTESIAN_POINT ( 'NONE',  ( 23.87868899054194927, 4.693406957833706983, 0.4120331310251824641 ) ) ;
#53 = ORIENTED_EDGE ( 'NONE', *, *, #1228, .T. ) ;
#54 = CARTESIAN_POINT ( 'NONE',  ( 45.50000000000000711, 2.000000000000000000, -8.500000000000000000 ) ) ;
#55 = EDGE_LOOP ( 'NONE', ( #9, #895 ) ) ;
#56 = DIRECTION ( 'NONE',  ( 0.000000000000000000, 0.000000000000000000, 1.000000000000000000 ) ) ;
#57 = LINE ( 'NONE', #1297, #1031 ) ;
#58 = CC_DESIGN_APPROVAL ( #456, ( #342 ) ) ;
#59 = CARTESIAN_POINT ( 'NONE',  ( 40.96876485115672750, 6.000000000000000000, -2.523553896680130748 ) ) ;
#60 = AXIS2_PLACEMENT_3D ( 'NONE', #120, #472, #679 ) ;
#61 = ORIENTED_EDGE ( 'NONE', *, *, #630, .F. ) ;
#62 = VECTOR ( 'NONE', #1302, 1000.000000000000000 ) ;
#63 = LINE ( 'NONE', #161, #14 ) ;
#64 = EDGE_CURVE ( 'NONE', #834, #313, #922, .T. ) ;
#65 = AXIS2_PLACEMENT_3D ( 'NONE', #993, #1437, #335 ) ;
#66 = ORIENTED_EDGE ( 'NONE', *, *, #127, .T. ) ;
#67 = B_SPLINE_CURVE_WITH_KNOTS ( 'NONE', 3,
 ( #1127, #364, #247, #1363, #1020, #672, #690, #809, #24, #1259, #239, #1015, #130, #256, #1143, #139 ),
 .UNSPECIFIED., .F., .F.,
 ( 4, 2, 2, 2, 2, 2, 2, 4 ),
 ( 0.0002051037353374107991, 0.0006176109401411256387, 0.001030118144944840424, 0.001442625349748555318, 0.001855132554552270212, 0.002680146964159716046, 0.003092654168963440264, 0.003505161373767163614 ),
 .UNSPECIFIED. ) ;
#68 = CARTESIAN_POINT ( 'NONE',  ( 6.609800644620940524, 4.697108582869572224, 0.4136988622913218006 ) ) ;
#69 = DIRECTION ( 'NONE',  ( 0.000000000000000000, 1.000000000000000000, 0.000000000000000000 ) ) ;
#70 = ORIENTED_EDGE ( 'NONE', *, *, #18, .T. ) ;
#71 = CARTESIAN_POINT ( 'NONE',  ( 40.96876485115672750, 6.000000000000000000, -2.523553896680130748 ) ) ;
#72 = ORIENTED_EDGE ( 'NONE', *, *, #1449, .F. ) ;
#73 = CARTESIAN_POINT ( 'NONE',  ( 35.11077444684462989, 3.350489676668935601, -3.846240815570531879 ) ) ;
#74 = EDGE_CURVE ( 'NONE', #1064, #263, #627, .T. ) ;
#75 = FACE_OUTER_BOUND ( 'NONE', #758, .T. ) ;
#76 = DATE_AND_TIME ( #320, #1116 ) ;
#77 = ORIENTED_EDGE ( 'NONE', *, *, #703, .T. ) ;
#78 = DIRECTION ( 'NONE',  ( 0.000000000000000000, 1.000000000000000000, 0.000000000000000000 ) ) ;
#79 = ORIENTED_EDGE ( 'NONE', *, *, #599, .F. ) ;
#80 = PLANE ( 'NONE',  #180 ) ;
#81 = CARTESIAN_POINT ( 'NONE',  ( 40.21886738051575350, 6.669363091674098243, -10.06918017537989662 ) ) ;
#82 = APPLICATION_CONTEXT ( 'configuration controlled 3d designs of mechanical parts and assemblies' ) ;
#83 = APPROVAL_DATE_TIME ( #76, #456 ) ;
#84 = ORGANIZATION ( 'UNSPECIFIED', 'UNSPECIFIED', '' ) ;
#85 = ORIENTED_EDGE ( 'NONE', *, *, #612, .T. ) ;
#86 = DIRECTION ( 'NONE',  ( -0.000000000000000000, -1.000000000000000000, -0.000000000000000000 ) ) ;
#87 = AXIS2_PLACEMENT_3D ( 'NONE', #399, #1381, #176 ) ;
#88 = ORIENTED_EDGE ( 'NONE', *, *, #194, .T. ) ;
#89 = LINE ( 'NONE', #444, #111 ) ;
#90 = CIRCLE ( 'NONE', #582, 1.500000000000003997 ) ;
#91 = VECTOR ( 'NONE', #1133, 1000.000000000000000 ) ;
#92 = CARTESIAN_POINT ( 'NONE',  ( 45.50000000000000711, 9.500000000000000000, -8.500000000000000000 ) ) ;
#93 = APPROVAL_STATUS ( 'not_yet_approved' ) ;
#94 = EDGE_CURVE ( 'NONE', #443, #1325, #465, .T. ) ;
#95 = EDGE_LOOP ( 'NONE', ( #1248, #1362, #830, #66 ) ) ;
#96 = LINE ( 'NONE', #420, #62 ) ;
#97 = ORIENTED_EDGE ( 'NONE', *, *, #911, .T. ) ;
#98 = CARTESIAN_POINT ( 'NONE',  ( 15.00000000000000000, 6.000000000000000000, 0.4999999999999995559 ) ) ;
#99 = CARTESIAN_POINT ( 'NONE',  ( 40.14561750840984189, 6.000000000000000000, -9.757214434276344051 ) ) ;
#100 = EDGE_CURVE ( 'NONE', #1406, #1388, #113, .T. ) ;
#101 = ORIENTED_EDGE ( 'NONE', *, *, #673, .T. ) ;
#102 = CARTESIAN_POINT ( 'NONE',  ( 41.24531564072198364, 6.000000000000000888, -2.624185096008376572 ) ) ;
#103 = ORIENTED_EDGE ( 'NONE', *, *, #74, .F. ) ;
#104 = DIRECTION ( 'NONE',  ( -0.000000000000000000, -1.000000000000000000, -0.000000000000000000 ) ) ;
#105 = DIRECTION ( 'NONE',  ( 0.000000000000000000, 0.000000000000000000, 1.000000000000000000 ) ) ;
#106 = CARTESIAN_POINT ( 'NONE',  ( 30.00000000000000000, 0.000000000000000000, 0.4999999999999995559 ) ) ;
#107 = CYLINDRICAL_SURFACE ( 'NONE', #1349, 6.499999999999999112 ) ;
#108 = VERTEX_POINT ( 'NONE', #1039 ) ;
#109 = CARTESIAN_POINT ( 'NONE',  ( 10.83974852831078017, 6.000000000000000000, -16.25962279246618181 ) ) ;
#110 = ADVANCED_FACE ( 'NONE', ( #367 ), #27, .F. ) ;
#111 = VECTOR ( 'NONE', #104, 1000.000000000000000 ) ;
#112 = DIRECTION ( 'NONE',  ( 0.000000000000000000, -0.000000000000000000, 1.000000000000000000 ) ) ;
#113 = CIRCLE ( 'NONE', #1050, 1.500000000000003997 ) ;
#114 = B_SPLINE_CURVE_WITH_KNOTS ( 'NONE', 3,
 ( #583, #1111, #361, #1046, #336, #244 ),
 .UNSPECIFIED., .F., .F.,
 ( 4, 2, 4 ),
 ( 0.000000000000000000, 0.002499366522599777516, 0.004998733045199555899 ),
 .UNSPECIFIED. ) ;
#115 = DIRECTION ( 'NONE',  ( 1.000000000000000000, 0.000000000000000000, 0.000000000000000000 ) ) ;
#116 = ORIENTED_EDGE ( 'NONE', *, *, #762, .T. ) ;
#117 = DIRECTION ( 'NONE',  ( 0.000000000000000000, 0.000000000000000000, -1.000000000000000000 ) ) ;
#118 = B_SPLINE_CURVE_WITH_KNOTS ( 'NONE', 3,
 ( #747, #642, #1101, #433, #427, #872, #879, #1091, #1445, #1335, #1326, #769, #1195, #759 ),
 .UNSPECIFIED., .F., .F.,
 ( 4, 2, 2, 2, 2, 2, 4 ),
 ( 0.000000000000000000, 0.0004403875076313783221, 0.0008807750152627566442, 0.001761550030525532804, 0.002642325045788308964, 0.003082712553419692924, 0.003523100061051077318 ),
 .UNSPECIFIED. ) ;
#119 = EDGE_CURVE ( 'NONE', #229, #173, #135, .T. ) ;
#120 = CARTESIAN_POINT ( 'NONE',  ( 37.88541343521348637, 6.000000000000000000, -28.88302273367778739 ) ) ;
#121 = B_SPLINE_CURVE_WITH_KNOTS ( 'NONE', 3,
 ( #1085, #1209, #1023, #7, #1125, #1112 ),
 .UNSPECIFIED., .F., .F.,
 ( 4, 2, 4 ),
 ( 0.000000000000000000, 0.002418226278586575132, 0.004836452557173151132 ),
 .UNSPECIFIED. ) ;
#122 = CARTESIAN_POINT ( 'NONE',  ( 45.50000000000000711, 0.000000000000000000, -14.00000000000000000 ) ) ;
#123 = VERTEX_POINT ( 'NONE', #406 ) ;
#124 = CARTESIAN_POINT ( 'NONE',  ( 9.522774424948341476, 6.000000000000000000, 1.000000000000000000 ) ) ;
#125 = ORIENTED_EDGE ( 'NONE', *, *, #191, .T. ) ;
#126 = LINE ( 'NONE', #588, #159 ) ;
#127 = EDGE_CURVE ( 'NONE', #224, #843, #938, .T. ) ;
#128 = DIRECTION ( 'NONE',  ( 0.000000000000000000, 0.000000000000000000, 1.000000000000000000 ) ) ;
#129 = ORIENTED_EDGE ( 'NONE', *, *, #376, .T. ) ;
#130 = CARTESIAN_POINT ( 'NONE',  ( 39.50168339759616032, 6.070875238076738789, -4.980225979226051258 ) ) ;
#131 = CIRCLE ( 'NONE', #885, 2.000000000000000000 ) ;
#132 = FACE_OUTER_BOUND ( 'NONE', #1172, .T. ) ;
#133 = VECTOR ( 'NONE', #1397, 1000.000000000000000 ) ;
#134 = ORIENTED_EDGE ( 'NONE', *, *, #734, .T. ) ;
#135 = CIRCLE ( 'NONE', #651, 2.000000000000000000 ) ;
#136 = ADVANCED_FACE ( 'NONE', ( #75 ), #185, .T. ) ;
#137 = DIRECTION ( 'NONE',  ( -0.000000000000000000, -1.000000000000000000, -0.000000000000000000 ) ) ;
#138 = VERTEX_POINT ( 'NONE', #272 ) ;
#139 = CARTESIAN_POINT ( 'NONE',  ( 39.01408290042433435, 6.000000000000000000, -4.733983619601223047 ) ) ;
#140 = FACE_OUTER_BOUND ( 'NONE', #824, .T. ) ;
#141 = DIRECTION ( 'NONE',  ( -0.000000000000000000, -1.000000000000000000, -0.000000000000000000 ) ) ;
#142 = CARTESIAN_POINT ( 'NONE',  ( 47.75266112444931821, 2.000000000000000000, -11.88942949110493430 ) ) ;
#143 = EDGE_CURVE ( 'NONE', #1086, #388, #15, .T. ) ;
#144 = VERTEX_POINT ( 'NONE', #1068 ) ;
#145 = PLANE ( 'NONE',  #1426 ) ;
#146 = ORIENTED_EDGE ( 'NONE', *, *, #368, .T. ) ;
#147 = CARTESIAN_POINT ( 'NONE',  ( 45.50000000000000711, 6.000000000000000000, -8.500000000000000000 ) ) ;
#148 = ORIENTED_EDGE ( 'NONE', *, *, #703, .F. ) ;
#149 = CARTESIAN_POINT ( 'NONE',  ( 4.147653237584558283, 4.686854924019814739, -5.156192178073701449 ) ) ;
#150 = EDGE_LOOP ( 'NONE', ( #918, #628, #19, #538 ) ) ;
#151 = DIRECTION ( 'NONE',  ( -0.000000000000000000, -1.000000000000000000, -0.000000000000000000 ) ) ;
#152 = ORIENTED_EDGE ( 'NONE', *, *, #1215, .F. ) ;
#153 = CARTESIAN_POINT ( 'NONE',  ( 44.96032171581769887, 8.000000000000000000, -3.026541554959789160 ) ) ;
#154 = ADVANCED_FACE ( 'NONE', ( #1285 ), #611, .F. ) ;
#155 = LINE ( 'NONE', #424, #419 ) ;
#156 = CIRCLE ( 'NONE', #1351, 5.500000000000000000 ) ;
#157 = AXIS2_PLACEMENT_3D ( 'NONE', #200, #430, #981 ) ;
#158 = CARTESIAN_POINT ( 'NONE',  ( 0.000000000000000000, 0.000000000000000000, 0.000000000000000000 ) ) ;
#159 = VECTOR ( 'NONE', #477, 1000.000000000000000 ) ;
#160 = ORIENTED_EDGE ( 'NONE', *, *, #25, .F. ) ;
#161 = CARTESIAN_POINT ( 'NONE',  ( 34.75633920635549146, 6.000000000000000000, -2.261745345625771009 ) ) ;
#162 = ORIENTED_EDGE ( 'NONE', *, *, #45, .T. ) ;
#163 = DIRECTION ( 'NONE',  ( 0.000000000000000000, 0.000000000000000000, 1.000000000000000000 ) ) ;
#164 = CARTESIAN_POINT ( 'NONE',  ( 8.325792002111709778, 3.354469726057132561, -0.1904886232742792340 ) ) ;
#165 = EDGE_CURVE ( 'NONE', #964, #192, #837, .T. ) ;
#166 = CARTESIAN_POINT ( 'NONE',  ( 5.707569022481848720, 2.000000000000000000, -5.316357385805200231 ) ) ;
#167 = ORIENTED_EDGE ( 'NONE', *, *, #911, .F. ) ;
#168 = CARTESIAN_POINT ( 'NONE',  ( 15.00000000000000000, 6.000000000000000000, -0.9999999999999974465 ) ) ;
#169 = EDGE_LOOP ( 'NONE', ( #432, #1454, #269, #1079 ) ) ;
#170 = DIRECTION ( 'NONE',  ( 0.000000000000000000, 1.000000000000000000, 0.000000000000000000 ) ) ;
#171 = DIRECTION ( 'NONE',  ( 0.000000000000000000, 1.000000000000000000, 0.000000000000000000 ) ) ;
#172 = CARTESIAN_POINT ( 'NONE',  ( 24.52277442494833437, 6.000000000000000000, 1.000000000000000000 ) ) ;
#173 = VERTEX_POINT ( 'NONE', #391 ) ;
#174 = LINE ( 'NONE', #48, #1163 ) ;
#175 = ORIENTED_EDGE ( 'NONE', *, *, #1113, .F. ) ;
#176 = DIRECTION ( 'NONE',  ( 0.000000000000000000, 0.000000000000000000, 1.000000000000000000 ) ) ;
#177 = CARTESIAN_POINT ( 'NONE',  ( 14.99999999999999467, -4.000000000000000000, -22.50000000000000711 ) ) ;
#178 = CIRCLE ( 'NONE', #712, 7.299999999999988276 ) ;
#179 = COORDINATED_UNIVERSAL_TIME_OFFSET ( 9, 0, .AHEAD. ) ;
#180 = AXIS2_PLACEMENT_3D ( 'NONE', #1204, #1103, #974 ) ;
#181 = ADVANCED_FACE ( 'NONE', ( #740 ), #524, .F. ) ;
#182 = ORIENTED_EDGE ( 'NONE', *, *, #407, .F. ) ;
#183 = AXIS2_PLACEMENT_3D ( 'NONE', #331, #237, #447 ) ;
#184 = CARTESIAN_POINT ( 'NONE',  ( 7.500081900165849191, 0.000000000000000000, -22.53504990413950182 ) ) ;
#185 = CONICAL_SURFACE ( 'NONE', #38, 21.05889575126118629, 0.4228539261329427035 ) ;
#186 = VERTEX_POINT ( 'NONE', #414 ) ;
#187 = CARTESIAN_POINT ( 'NONE',  ( 30.00000000000000000, 6.000000000000000000, -1.000000000000004441 ) ) ;
#188 = FACE_OUTER_BOUND ( 'NONE', #1102, .T. ) ;
#189 = EDGE_LOOP ( 'NONE', ( #697, #904, #880, #1357 ) ) ;
#190 = DIRECTION ( 'NONE',  ( 0.000000000000000000, 0.000000000000000000, -1.000000000000000000 ) ) ;
#191 = EDGE_CURVE ( 'NONE', #216, #1304, #57, .T. ) ;
#192 = VERTEX_POINT ( 'NONE', #44 ) ;
#193 = DIRECTION ( 'NONE',  ( -0.000000000000000000, -1.000000000000000000, -0.000000000000000000 ) ) ;
#194 = EDGE_CURVE ( 'NONE', #654, #475, #962, .T. ) ;
#195 = LINE ( 'NONE', #756, #1353 ) ;
#196 = CALENDAR_DATE ( 2024, 26, 9 ) ;
#197 = ORIENTED_EDGE ( 'NONE', *, *, #1283, .F. ) ;
#198 = DIRECTION ( 'NONE',  ( -0.000000000000000000, -1.000000000000000000, -0.000000000000000000 ) ) ;
#199 = ORIENTED_EDGE ( 'NONE', *, *, #599, .T. ) ;
#200 = CARTESIAN_POINT ( 'NONE',  ( 0.000000000000000000, 6.000000000000000000, 0.000000000000000000 ) ) ;
#201 = EDGE_CURVE ( 'NONE', #453, #1150, #276, .T. ) ;
#202 = CARTESIAN_POINT ( 'NONE',  ( 45.50000000000000711, 0.000000000000000000, -8.500000000000000000 ) ) ;
#203 = LOCAL_TIME ( 23, 18, 15.00000000000000000, #312 ) ;
#204 = ORIENTED_EDGE ( 'NONE', *, *, #940, .T. ) ;
#205 = DIRECTION ( 'NONE',  ( 0.000000000000000000, -0.000000000000000000, 1.000000000000000000 ) ) ;
#206 = CIRCLE ( 'NONE', #578, 5.500000000000006217 ) ;
#207 = CIRCLE ( 'NONE', #1402, 7.300000000000001599 ) ;
#208 = VERTEX_POINT ( 'NONE', #969 ) ;
#209 = LINE ( 'NONE', #771, #648 ) ;
#210 = AXIS2_PLACEMENT_3D ( 'NONE', #1390, #1083, #400 ) ;
#211 = DIRECTION ( 'NONE',  ( 9.251858538542971828E-16, 0.000000000000000000, 1.000000000000000000 ) ) ;
#212 = EDGE_CURVE ( 'NONE', #1114, #475, #511, .T. ) ;
#213 = COORDINATED_UNIVERSAL_TIME_OFFSET ( 9, 0, .AHEAD. ) ;
#214 = B_SPLINE_CURVE_WITH_KNOTS ( 'NONE', 3,
 ( #166, #840, #149, #1256 ),
 .UNSPECIFIED., .F., .F.,
 ( 4, 4 ),
 ( 0.000000000000000000, 0.004665447822787254645 ),
 .UNSPECIFIED. ) ;
#215 = ADVANCED_FACE ( 'NONE', ( #603, #188, #384, #501, #951 ), #624, .T. ) ;
#216 = VERTEX_POINT ( 'NONE', #508 ) ;
#217 = DIRECTION ( 'NONE',  ( -0.000000000000000000, -1.000000000000000000, -0.000000000000000000 ) ) ;
#218 = EDGE_LOOP ( 'NONE', ( #1386, #1197 ) ) ;
#219 = DIRECTION ( 'NONE',  ( 0.000000000000000000, 1.000000000000000000, 0.000000000000000000 ) ) ;
#220 = CARTESIAN_POINT ( 'NONE',  ( 22.18331399842717744, 2.000000000000000000, -0.7999999999999917177 ) ) ;
#221 = EDGE_CURVE ( 'NONE', #941, #606, #994, .T. ) ;
#222 = CARTESIAN_POINT ( 'NONE',  ( 37.88541343521348637, 6.000000000000000000, -28.88302273367778739 ) ) ;
#223 = CYLINDRICAL_SURFACE ( 'NONE', #906, 1.499999999999996891 ) ;
#224 = VERTEX_POINT ( 'NONE', #296 ) ;
#225 = DIRECTION ( 'NONE',  ( -0.000000000000000000, -1.000000000000000000, -0.000000000000000000 ) ) ;
#226 = DIRECTION ( 'NONE',  ( -0.000000000000000000, -1.000000000000000000, -0.000000000000000000 ) ) ;
#227 = CC_DESIGN_PERSON_AND_ORGANIZATION_ASSIGNMENT ( #743, #977, ( #342 ) ) ;
#228 = CARTESIAN_POINT ( 'NONE',  ( 42.94313376716384312, 7.529264040635938571, -13.41607396393978036 ) ) ;
#229 = VERTEX_POINT ( 'NONE', #709 ) ;
#230 = VECTOR ( 'NONE', #1021, 1000.000000000000000 ) ;
#231 = CARTESIAN_POINT ( 'NONE',  ( 45.50000000000000711, 8.000000000000000000, -8.500000000000000000 ) ) ;
#232 = VECTOR ( 'NONE', #1109, 1000.000000000000114 ) ;
#233 = CARTESIAN_POINT ( 'NONE',  ( 45.50000000000000711, 6.000000000000000000, -10.00000000000000533 ) ) ;
#234 = CONICAL_SURFACE ( 'NONE', #1450, 9.299999999999988276, 0.4228539261329430921 ) ;
#235 = AXIS2_PLACEMENT_3D ( 'NONE', #1077, #828, #1414 ) ;
#236 = CIRCLE ( 'NONE', #461, 5.500000000000000000 ) ;
#237 = DIRECTION ( 'NONE',  ( -0.000000000000000000, -1.000000000000000000, -0.000000000000000000 ) ) ;
#238 = VERTEX_POINT ( 'NONE', #1159 ) ;
#239 = CARTESIAN_POINT ( 'NONE',  ( 39.98619777168311629, 6.276798414363407908, -5.154403097440615866 ) ) ;
#240 = DIRECTION ( 'NONE',  ( 0.000000000000000000, 0.000000000000000000, -1.000000000000000000 ) ) ;
#241 = ORIENTED_EDGE ( 'NONE', *, *, #194, .F. ) ;
#242 = DIRECTION ( 'NONE',  ( 0.000000000000000000, 1.000000000000000000, 0.000000000000000000 ) ) ;
#243 = DIRECTION ( 'NONE',  ( 0.000000000000000000, 0.000000000000000000, 1.000000000000000000 ) ) ;
#244 = CARTESIAN_POINT ( 'NONE',  ( 21.50126338537480208, 6.000000000000000000, -18.76053822134992544 ) ) ;
#245 = DIRECTION ( 'NONE',  ( 0.000000000000000000, 1.000000000000000000, 0.000000000000000000 ) ) ;
#246 = ORIENTED_EDGE ( 'NONE', *, *, #376, .F. ) ;
#247 = CARTESIAN_POINT ( 'NONE',  ( 41.17771456429640153, 7.750438650331860302, -5.079430810495482618 ) ) ;
#248 = CARTESIAN_POINT ( 'NONE',  ( 44.96032171581769887, 0.000000000000000000, -3.026541554959794045 ) ) ;
#249 = AXIS2_PLACEMENT_3D ( 'NONE', #652, #323, #544 ) ;
#250 = AXIS2_PLACEMENT_3D ( 'NONE', #436, #528, #1329 ) ;
#251 = EDGE_LOOP ( 'NONE', ( #152, #841, #1126, #241 ) ) ;
#252 = EDGE_CURVE ( 'NONE', #1150, #941, #155, .T. ) ;
#253 = AXIS2_PLACEMENT_3D ( 'NONE', #265, #1106, #1181 ) ;
#254 = CARTESIAN_POINT ( 'NONE',  ( 30.00000000000000000, 0.000000000000000000, 0.4999999999999995559 ) ) ;
#255 = ORIENTED_EDGE ( 'NONE', *, *, #1045, .T. ) ;
#256 = CARTESIAN_POINT ( 'NONE',  ( 39.25661920059389587, 6.014483559055253004, -4.867274510341226268 ) ) ;
#257 = VERTEX_POINT ( 'NONE', #876 ) ;
#258 = CARTESIAN_POINT ( 'NONE',  ( 39.01408290042433435, 6.000000000000000000, -4.733983619601223047 ) ) ;
#259 = ORIENTED_EDGE ( 'NONE', *, *, #612, .F. ) ;
#260 = CARTESIAN_POINT ( 'NONE',  ( 30.00000000000000000, 0.000000000000000000, -1.000000000000004441 ) ) ;
#261 = ORIENTED_EDGE ( 'NONE', *, *, #706, .T. ) ;
#262 = DIRECTION ( 'NONE',  ( -0.000000000000000000, -1.000000000000000000, -0.000000000000000000 ) ) ;
#263 = VERTEX_POINT ( 'NONE', #778 ) ;
#264 = DIRECTION ( 'NONE',  ( 0.000000000000000000, 0.000000000000000000, 1.000000000000000000 ) ) ;
#265 = CARTESIAN_POINT ( 'NONE',  ( 0.000000000000000000, 6.000000000000000000, 6.000000000000000000 ) ) ;
#266 = CARTESIAN_POINT ( 'NONE',  ( -12.21198588700807619, 6.000000000000000000, -22.62717172162266621 ) ) ;
#267 = EDGE_LOOP ( 'NONE', ( #1142, #586, #1411, #1327 ) ) ;
#268 = CYLINDRICAL_SURFACE ( 'NONE', #580, 1.499999999999996891 ) ;
#269 = ORIENTED_EDGE ( 'NONE', *, *, #1228, .F. ) ;
#270 = LINE ( 'NONE', #294, #133 ) ;
#271 = ADVANCED_FACE ( 'NONE', ( #529 ), #395, .F. ) ;
#272 = CARTESIAN_POINT ( 'NONE',  ( 45.50000000000000711, 9.500000000000000000, -13.99999999999999645 ) ) ;
#273 = AXIS2_PLACEMENT_3D ( 'NONE', #1211, #1447, #310 ) ;
#274 = AXIS2_PLACEMENT_3D ( 'NONE', #1122, #1348, #579 ) ;
#275 = DIRECTION ( 'NONE',  ( 0.8647889466100898703, 0.000000000000000000, -0.5021355173865031940 ) ) ;
#276 = CIRCLE ( 'NONE', #1141, 6.000000000000000888 ) ;
#277 = CIRCLE ( 'NONE', #13, 5.499999999999996447 ) ;
#278 = ORIENTED_EDGE ( 'NONE', *, *, #695, .T. ) ;
#279 = DIRECTION ( 'NONE',  ( 0.000000000000000000, 0.000000000000000000, -1.000000000000000000 ) ) ;
#280 = ORIENTED_EDGE ( 'NONE', *, *, #1270, .F. ) ;
#281 = DIRECTION ( 'NONE',  ( -0.000000000000000000, -1.000000000000000000, -0.000000000000000000 ) ) ;
#282 = ADVANCED_FACE ( 'NONE', ( #893 ), #912, .T. ) ;
#283 = DIRECTION ( 'NONE',  ( 0.000000000000000000, 0.000000000000000000, 1.000000000000000000 ) ) ;
#284 = CARTESIAN_POINT ( 'NONE',  ( 30.00000000000000000, 0.000000000000000000, 2.000000000000003553 ) ) ;
#285 = ORIENTED_EDGE ( 'NONE', *, *, #212, .F. ) ;
#286 = CARTESIAN_POINT ( 'NONE',  ( 15.00000000000000000, 6.000000000000000000, 0.4999999999999995559 ) ) ;
#287 = ORIENTED_EDGE ( 'NONE', *, *, #94, .F. ) ;
#288 = CARTESIAN_POINT ( 'NONE',  ( -12.21198588700807619, 0.000000000000000000, -22.62717172162266621 ) ) ;
#289 = CARTESIAN_POINT ( 'NONE',  ( 44.96032171581769887, 6.000000000000000000, -3.026541554959794045 ) ) ;
#290 = ADVANCED_FACE ( 'NONE', ( #1316 ), #1199, .F. ) ;
#291 = EDGE_LOOP ( 'NONE', ( #767, #754, #688, #891 ) ) ;
#292 = DIRECTION ( 'NONE',  ( -0.000000000000000000, -1.000000000000000000, -0.000000000000000000 ) ) ;
#293 = EDGE_LOOP ( 'NONE', ( #1377, #125, #1000, #1051 ) ) ;
#294 = CARTESIAN_POINT ( 'NONE',  ( -2.849685311557194289, 6.000000000000000000, -5.280084622910425907 ) ) ;
#295 = B_SPLINE_CURVE_WITH_KNOTS ( 'NONE', 3,
 ( #1206, #883, #81, #99 ),
 .UNSPECIFIED., .F., .F.,
 ( 4, 4 ),
 ( 0.000000000000000000, 0.002219658689675060338 ),
 .UNSPECIFIED. ) ;
#296 = CARTESIAN_POINT ( 'NONE',  ( 22.22426675722038780, 0.000000000000000000, -24.51493667903494256 ) ) ;
#297 = ADVANCED_FACE ( 'NONE', ( #1002, #445 ), #1096, .T. ) ;
#298 = ORIENTED_EDGE ( 'NONE', *, *, #165, .T. ) ;
#299 = AXIS2_PLACEMENT_3D ( 'NONE', #1130, #337, #128 ) ;
#300 = DIRECTION ( 'NONE',  ( 0.000000000000000000, 0.000000000000000000, 1.000000000000000000 ) ) ;
#301 = AXIS2_PLACEMENT_3D ( 'NONE', #846, #51, #1291 ) ;
#302 = EDGE_LOOP ( 'NONE', ( #1246, #746, #949, #357 ) ) ;
#303 = DIRECTION ( 'NONE',  ( -0.5547001962252288143, 0.000000000000000000, 0.8320502943378438321 ) ) ;
#304 = DIRECTION ( 'NONE',  ( -0.000000000000000000, -1.000000000000000000, -0.000000000000000000 ) ) ;
#305 = APPLICATION_PROTOCOL_DEFINITION ( 'international standard', 'config_control_design', 1994, #82 ) ;
#306 = ORIENTED_EDGE ( 'NONE', *, *, #434, .F. ) ;
#307 = CARTESIAN_POINT ( 'NONE',  ( 44.07031249999987921, 7.332269230976150354, -3.070312500000007105 ) ) ;
#308 = EDGE_CURVE ( 'NONE', #621, #1427, #986, .T. ) ;
#309 = ORIENTED_EDGE ( 'NONE', *, *, #569, .T. ) ;
#310 = DIRECTION ( 'NONE',  ( 0.000000000000000000, 0.000000000000000000, 1.000000000000000000 ) ) ;
#311 = CARTESIAN_POINT ( 'NONE',  ( 45.50000000000000711, 6.000000000000000000, -8.500000000000000000 ) ) ;
#312 = COORDINATED_UNIVERSAL_TIME_OFFSET ( 9, 0, .AHEAD. ) ;
#313 = VERTEX_POINT ( 'NONE', #450 ) ;
#314 = LINE ( 'NONE', #1440, #557 ) ;
#315 = ORIENTED_EDGE ( 'NONE', *, *, #745, .F. ) ;
#316 = CARTESIAN_POINT ( 'NONE',  ( 15.00000000000000000, 2.000000000000000000, 0.4999999999999995559 ) ) ;
#317 = EDGE_CURVE ( 'NONE', #3, #1423, #983, .T. ) ;
#318 = DIRECTION ( 'NONE',  ( -0.000000000000000000, -1.000000000000000000, -0.000000000000000000 ) ) ;
#319 = EDGE_CURVE ( 'NONE', #543, #108, #431, .T. ) ;
#320 = CALENDAR_DATE ( 2024, 26, 9 ) ;
#321 =( GEOMETRIC_REPRESENTATION_CONTEXT ( 3 ) GLOBAL_UNCERTAINTY_ASSIGNED_CONTEXT ( ( #1375 ) ) GLOBAL_UNIT_ASSIGNED_CONTEXT ( ( #931, #28, #480 ) ) REPRESENTATION_CONTEXT ( 'NONE', 'WORKASPACE' ) );
#322 = ORIENTED_EDGE ( 'NONE', *, *, #1404, .T. ) ;
#323 = DIRECTION ( 'NONE',  ( 0.000000000000000000, 1.000000000000000000, 0.000000000000000000 ) ) ;
#324 = AXIS2_PLACEMENT_3D ( 'NONE', #12, #784, #683 ) ;
#325 = AXIS2_PLACEMENT_3D ( 'NONE', #559, #1132, #476 ) ;
#326 = EDGE_LOOP ( 'NONE', ( #936, #1394, #72, #1433 ) ) ;
#327 = LINE ( 'NONE', #665, #232 ) ;
#328 = CARTESIAN_POINT ( 'NONE',  ( 14.99999999999999467, 6.000000000000000000, -16.00000000000000711 ) ) ;
#329 = EDGE_CURVE ( 'NONE', #1409, #224, #1011, .T. ) ;
#330 = VERTEX_POINT ( 'NONE', #899 ) ;
#331 = CARTESIAN_POINT ( 'NONE',  ( 14.99999999999999467, 2.000000000000000000, -22.50000000000000711 ) ) ;
#332 = B_SPLINE_CURVE_WITH_KNOTS ( 'NONE', 3,
 ( #632, #1082, #73, #937 ),
 .UNSPECIFIED., .F., .F.,
 ( 4, 4 ),
 ( 3.227937720230791035E-17, 0.004660404801556842537 ),
 .UNSPECIFIED. ) ;
#333 = ORIENTED_EDGE ( 'NONE', *, *, #45, .F. ) ;
#334 = FACE_OUTER_BOUND ( 'NONE', #888, .T. ) ;
#335 = DIRECTION ( 'NONE',  ( 0.000000000000000000, 0.000000000000000000, -1.000000000000000000 ) ) ;
#336 = CARTESIAN_POINT ( 'NONE',  ( 21.50993821396016870, 5.371986488984624941, -18.20881490490915056 ) ) ;
#337 = DIRECTION ( 'NONE',  ( 0.000000000000000000, 1.000000000000000000, 0.000000000000000000 ) ) ;
#338 = EDGE_LOOP ( 'NONE', ( #971, #1271, #589, #103 ) ) ;
#339 = DIRECTION ( 'NONE',  ( 0.000000000000000000, 0.000000000000000000, 1.000000000000000000 ) ) ;
#340 = DIRECTION ( 'NONE',  ( 0.000000000000000000, 0.000000000000000000, 1.000000000000000000 ) ) ;
#341 = CARTESIAN_POINT ( 'NONE',  ( 41.23686250549972954, 6.486829829481176368, -12.96917284691052963 ) ) ;
#342 = PRODUCT_DEFINITION_FORMATION_WITH_SPECIFIED_SOURCE ( 'ANY', '', #963, .NOT_KNOWN. ) ;
#343 = ORIENTED_EDGE ( 'NONE', *, *, #1028, .T. ) ;
#344 = CIRCLE ( 'NONE', #1330, 5.499999999999996447 ) ;
#345 = CARTESIAN_POINT ( 'NONE',  ( 45.50000000000000711, 6.000000000000000000, -8.500000000000000000 ) ) ;
#346 = VECTOR ( 'NONE', #151, 1000.000000000000000 ) ;
#347 = CARTESIAN_POINT ( 'NONE',  ( 34.04977389932307830, 6.000000000000000000, 5.000000000000000000 ) ) ;
#348 = AXIS2_PLACEMENT_3D ( 'NONE', #540, #1222, #1117 ) ;
#349 = AXIS2_PLACEMENT_3D ( 'NONE', #500, #1158, #601 ) ;
#350 = B_SPLINE_CURVE_WITH_KNOTS ( 'NONE', 3,
 ( #172, #52, #1171, #1263 ),
 .UNSPECIFIED., .F., .F.,
 ( 4, 4 ),
 ( 3.211654998531973338E-17, 0.004706457022896908156 ),
 .UNSPECIFIED. ) ;
#351 = DIRECTION ( 'NONE',  ( 0.000000000000000000, 0.000000000000000000, 1.000000000000000000 ) ) ;
#352 = VERTEX_POINT ( 'NONE', #1213 ) ;
#353 = FACE_OUTER_BOUND ( 'NONE', #565, .T. ) ;
#354 = ADVANCED_FACE ( 'NONE', ( #660 ), #1088, .T. ) ;
#355 = CARTESIAN_POINT ( 'NONE',  ( 10.83974852831078017, 6.000000000000000000, -16.25962279246618181 ) ) ;
#356 = DIRECTION ( 'NONE',  ( 0.000000000000000000, 0.000000000000000000, -1.000000000000000000 ) ) ;
#357 = ORIENTED_EDGE ( 'NONE', *, *, #1183, .F. ) ;
#358 = FACE_OUTER_BOUND ( 'NONE', #966, .T. ) ;
#359 = EDGE_CURVE ( 'NONE', #443, #613, #889, .T. ) ;
#360 = LINE ( 'NONE', #905, #958 ) ;
#361 = CARTESIAN_POINT ( 'NONE',  ( 21.46973735852790810, 3.379125296802341527, -16.70087448904289573 ) ) ;
#362 = LINE ( 'NONE', #142, #1233 ) ;
#363 = VERTEX_POINT ( 'NONE', #750 ) ;
#364 = CARTESIAN_POINT ( 'NONE',  ( 41.22322621125536557, 7.874467558395314093, -5.041317471553187879 ) ) ;
#365 = CARTESIAN_POINT ( 'NONE',  ( 34.04977389932307830, 0.000000000000000000, 6.000000000000000000 ) ) ;
#366 = AXIS2_PLACEMENT_3D ( 'NONE', #1120, #1245, #1139 ) ;
#367 = FACE_OUTER_BOUND ( 'NONE', #1444, .T. ) ;
#368 = EDGE_CURVE ( 'NONE', #123, #843, #195, .T. ) ;
#369 = AXIS2_PLACEMENT_3D ( 'NONE', #719, #1054, #975 ) ;
#370 = DIRECTION ( 'NONE',  ( 0.000000000000000000, 0.000000000000000000, -1.000000000000000000 ) ) ;
#371 = ORIENTED_EDGE ( 'NONE', *, *, #100, .F. ) ;
#372 = DIRECTION ( 'NONE',  ( 1.000000000000000000, -0.000000000000000000, 0.000000000000000000 ) ) ;
#373 = ORIENTED_EDGE ( 'NONE', *, *, #1299, .F. ) ;
#374 = CARTESIAN_POINT ( 'NONE',  ( 15.00000000000000000, 0.000000000000000000, 0.4999999999999995559 ) ) ;
#375 = DIRECTION ( 'NONE',  ( -0.000000000000000000, -1.000000000000000000, -0.000000000000000000 ) ) ;
#376 = EDGE_CURVE ( 'NONE', #847, #643, #295, .T. ) ;
#377 = CARTESIAN_POINT ( 'NONE',  ( 45.50000000000000711, 6.000000000000000000, -14.00000000000000000 ) ) ;
#378 = EDGE_CURVE ( 'NONE', #144, #1295, #1098, .T. ) ;
#379 = ORIENTED_EDGE ( 'NONE', *, *, #165, .F. ) ;
#380 = FACE_OUTER_BOUND ( 'NONE', #1041, .T. ) ;
#381 = EDGE_LOOP ( 'NONE', ( #70, #1301, #748, #280 ) ) ;
#382 = CARTESIAN_POINT ( 'NONE',  ( 45.50000000000000711, 0.000000000000000000, -8.500000000000000000 ) ) ;
#383 = B_SPLINE_CURVE_WITH_KNOTS ( 'NONE', 3,
 ( #1012, #228, #564, #341, #1018, #1, #1146, #618 ),
 .UNSPECIFIED., .F., .F.,
 ( 4, 2, 2, 4 ),
 ( -1.282148867806258111E-05, 0.002455470233603362744, 0.003689616094744066922, 0.004923761955884770232 ),
 .UNSPECIFIED. ) ;
#384 = FACE_BOUND ( 'NONE', #218, .T. ) ;
#385 = ORIENTED_EDGE ( 'NONE', *, *, #329, .T. ) ;
#386 = DIRECTION ( 'NONE',  ( -0.000000000000000000, -0.4103646773287994987, 0.9119215051751056178 ) ) ;
#387 = EDGE_CURVE ( 'NONE', #613, #47, #1307, .T. ) ;
#388 = VERTEX_POINT ( 'NONE', #328 ) ;
#389 = CARTESIAN_POINT ( 'NONE',  ( 7.207730891024647590, 3.357518285212441889, -0.1891167716543897259 ) ) ;
#390 = CC_DESIGN_APPROVAL ( #924, ( #1328 ) ) ;
#391 = CARTESIAN_POINT ( 'NONE',  ( 2.449293598294706414E-16, 6.000000000000000000, 2.000000000000000000 ) ) ;
#392 = AXIS2_PLACEMENT_3D ( 'NONE', #374, #738, #43 ) ;
#393 = AXIS2_PLACEMENT_3D ( 'NONE', #1279, #1395, #279 ) ;
#394 = DIRECTION ( 'NONE',  ( -0.000000000000000000, -1.000000000000000000, -0.000000000000000000 ) ) ;
#395 = TOROIDAL_SURFACE ( 'NONE', #1216, 7.500000000000000000, 2.000000000000000000 ) ;
#396 = VERTEX_POINT ( 'NONE', #772 ) ;
#397 = DIRECTION ( 'NONE',  ( -0.000000000000000000, -1.000000000000000000, -0.000000000000000000 ) ) ;
#398 = VERTEX_POINT ( 'NONE', #220 ) ;
#399 = CARTESIAN_POINT ( 'NONE',  ( 34.04977389932307830, 0.000000000000000000, 5.000000000000000000 ) ) ;
#400 = DIRECTION ( 'NONE',  ( 0.000000000000000000, 0.000000000000000000, 1.000000000000000000 ) ) ;
#401 = PERSON_AND_ORGANIZATION ( #645, #84 ) ;
#402 = ORIENTED_EDGE ( 'NONE', *, *, #673, .F. ) ;
#403 = CARTESIAN_POINT ( 'NONE',  ( 45.50000000000000711, 2.000000000000000000, -8.500000000000000000 ) ) ;
#404 = ORIENTED_EDGE ( 'NONE', *, *, #201, .F. ) ;
#405 = CARTESIAN_POINT ( 'NONE',  ( 0.000000000000000000, 6.000000000000000000, 0.000000000000000000 ) ) ;
#406 = CARTESIAN_POINT ( 'NONE',  ( 14.99999999999999467, 6.000000000000000000, -30.00000000000000711 ) ) ;
#407 = EDGE_CURVE ( 'NONE', #352, #388, #574, .T. ) ;
#408 = CALENDAR_DATE ( 2024, 26, 9 ) ;
#409 = ORIENTED_EDGE ( 'NONE', *, *, #1270, .T. ) ;
#410 = CARTESIAN_POINT ( 'NONE',  ( 43.59783909047824579, 6.992602492081434917, -3.070312499999999112 ) ) ;
#411 = ORIENTED_EDGE ( 'NONE', *, *, #1045, .F. ) ;
#412 = CARTESIAN_POINT ( 'NONE',  ( 26.48536669464814608, 2.000000000000000000, -36.48305389405467025 ) ) ;
#413 = MANIFOLD_SOLID_BREP ( '컷-돌출5', #1280 ) ;
#414 = CARTESIAN_POINT ( 'NONE',  ( 38.47811805762114545, 2.000000000000000000, -6.504210936172449387 ) ) ;
#415 = VECTOR ( 'NONE', #281, 1000.000000000000000 ) ;
#416 = EDGE_CURVE ( 'NONE', #1250, #643, #206, .T. ) ;
#417 = CONICAL_SURFACE ( 'NONE', #325, 7.299999999999989164, 0.4228539261329427035 ) ;
#418 = VERTEX_POINT ( 'NONE', #258 ) ;
#419 = VECTOR ( 'NONE', #1110, 1000.000000000000000 ) ;
#420 = CARTESIAN_POINT ( 'NONE',  ( 15.00000000000000000, 6.000000000000000000, 1.999999999999996669 ) ) ;
#421 = AXIS2_PLACEMENT_3D ( 'NONE', #1167, #170, #56 ) ;
#422 = ORIENTED_EDGE ( 'NONE', *, *, #496, .T. ) ;
#423 = CYLINDRICAL_SURFACE ( 'NONE', #859, 2.000000000000000000 ) ;
#424 = CARTESIAN_POINT ( 'NONE',  ( 5.916079783099617906, 6.000000000000000000, 1.000000000000000000 ) ) ;
#425 = PERSON_AND_ORGANIZATION ( #645, #84 ) ;
#426 = ORIENTED_EDGE ( 'NONE', *, *, #1371, .T. ) ;
#427 = CARTESIAN_POINT ( 'NONE',  ( 38.80618989692542442, 6.121417697995992668, -9.700383057149124966 ) ) ;
#428 = ADVANCED_FACE ( 'NONE', ( #132 ), #466, .T. ) ;
#429 = VERTEX_POINT ( 'NONE', #1359 ) ;
#430 = DIRECTION ( 'NONE',  ( -0.000000000000000000, -1.000000000000000000, -0.000000000000000000 ) ) ;
#431 = LINE ( 'NONE', #639, #1308 ) ;
#432 = ORIENTED_EDGE ( 'NONE', *, *, #968, .T. ) ;
#433 = CARTESIAN_POINT ( 'NONE',  ( 38.66533983200329061, 6.076402813938971192, -9.673801146963869613 ) ) ;
#434 = EDGE_CURVE ( 'NONE', #1340, #1043, #1365, .T. ) ;
#435 = ORIENTED_EDGE ( 'NONE', *, *, #1129, .T. ) ;
#436 = CARTESIAN_POINT ( 'NONE',  ( 47.75266112444931821, 2.000000000000000000, -11.88942949110493430 ) ) ;
#437 = ADVANCED_FACE ( 'NONE', ( #1144 ), #5, .F. ) ;
#438 = DIRECTION ( 'NONE',  ( -0.000000000000000000, -1.000000000000000000, -0.000000000000000000 ) ) ;
#439 = DIRECTION ( 'NONE',  ( -0.000000000000000000, -1.000000000000000000, -0.000000000000000000 ) ) ;
#440 = CARTESIAN_POINT ( 'NONE',  ( 42.33259422436655228, 6.301663192155698034, -2.906140717194584333 ) ) ;
#441 = CIRCLE ( 'NONE', #984, 7.500000000000000000 ) ;
#442 = CIRCLE ( 'NONE', #669, 5.499999999999996447 ) ;
#443 = VERTEX_POINT ( 'NONE', #1038 ) ;
#444 = CARTESIAN_POINT ( 'NONE',  ( 2.449293598294706414E-16, 6.000000000000000000, 2.000000000000000000 ) ) ;
#445 = FACE_BOUND ( 'NONE', #1368, .T. ) ;
#446 = VERTEX_POINT ( 'NONE', #455 ) ;
#447 = DIRECTION ( 'NONE',  ( 0.000000000000000000, 0.000000000000000000, 1.000000000000000000 ) ) ;
#448 = VERTEX_POINT ( 'NONE', #692 ) ;
#449 = CARTESIAN_POINT ( 'NONE',  ( 30.00000000000000000, 6.000000000000000000, 0.4999999999999995559 ) ) ;
#450 = CARTESIAN_POINT ( 'NONE',  ( 45.50000000000000711, 0.000000000000000000, -6.999999999999995559 ) ) ;
#451 = EDGE_CURVE ( 'NONE', #463, #453, #360, .T. ) ;
#452 = CARTESIAN_POINT ( 'NONE',  ( 7.500081900165849191, 6.000000000000000000, -22.53504990413950182 ) ) ;
#453 = VERTEX_POINT ( 'NONE', #581 ) ;
#454 = FACE_OUTER_BOUND ( 'NONE', #1121, .T. ) ;
#455 = CARTESIAN_POINT ( 'NONE',  ( 45.50000000000000711, 9.500000000000000000, -3.000000000000004441 ) ) ;
#456 = APPROVAL ( #93, 'UNSPECIFIED' ) ;
#457 = EDGE_CURVE ( 'NONE', #108, #621, #1235, .T. ) ;
#458 = CARTESIAN_POINT ( 'NONE',  ( 37.88541343521348637, 2.000000000000000000, -0.7999999999999917177 ) ) ;
#459 = AXIS2_PLACEMENT_3D ( 'NONE', #266, #702, #1392 ) ;
#460 = ORIENTED_EDGE ( 'NONE', *, *, #407, .T. ) ;
#461 = AXIS2_PLACEMENT_3D ( 'NONE', #609, #1052, #1389 ) ;
#462 = DIRECTION ( 'NONE',  ( 0.000000000000000000, 0.000000000000000000, -1.000000000000000000 ) ) ;
#463 = VERTEX_POINT ( 'NONE', #355 ) ;
#464 = CARTESIAN_POINT ( 'NONE',  ( 30.00000000000000000, 2.000000000000000000, 0.4999999999999995559 ) ) ;
#465 = CIRCLE ( 'NONE', #1376, 19.25889575126119269 ) ;
#466 = CONICAL_SURFACE ( 'NONE', #1137, 7.299999999999993605, 0.4228539261329425925 ) ;
#467 = FACE_OUTER_BOUND ( 'NONE', #1084, .T. ) ;
#468 = EDGE_CURVE ( 'NONE', #1340, #834, #16, .T. ) ;
#469 = ORIENTED_EDGE ( 'NONE', *, *, #1205, .F. ) ;
#470 = CARTESIAN_POINT ( 'NONE',  ( 0.000000000000000000, 6.000000000000000000, 0.000000000000000000 ) ) ;
#471 = EDGE_CURVE ( 'NONE', #1220, #448, #793, .T. ) ;
#472 = DIRECTION ( 'NONE',  ( -0.000000000000000000, -1.000000000000000000, -0.000000000000000000 ) ) ;
#473 = DIRECTION ( 'NONE',  ( 0.000000000000000000, 0.000000000000000000, 1.000000000000000000 ) ) ;
#474 = DIRECTION ( 'NONE',  ( -0.000000000000000000, -1.000000000000000000, -0.000000000000000000 ) ) ;
#475 = VERTEX_POINT ( 'NONE', #248 ) ;
#476 = DIRECTION ( 'NONE',  ( 0.000000000000000000, 0.000000000000000000, -1.000000000000000000 ) ) ;
#477 = DIRECTION ( 'NONE',  ( -0.000000000000000000, -1.000000000000000000, -0.000000000000000000 ) ) ;
#478 = ADVANCED_FACE ( 'NONE', ( #140 ), #1400, .F. ) ;
#479 = CARTESIAN_POINT ( 'NONE',  ( 22.22426675722038780, 6.000000000000000000, -24.51493667903494256 ) ) ;
#480 =( NAMED_UNIT ( * ) SI_UNIT ( $, .STERADIAN. ) SOLID_ANGLE_UNIT ( ) );
#481 = ORIENTED_EDGE ( 'NONE', *, *, #968, .F. ) ;
#482 = CARTESIAN_POINT ( 'NONE',  ( 0.000000000000000000, 6.000000000000000000, 6.000000000000000000 ) ) ;
#483 = LOCAL_TIME ( 23, 18, 15.00000000000000000, #213 ) ;
#484 = ORIENTED_EDGE ( 'NONE', *, *, #1283, .T. ) ;
#485 = LINE ( 'NONE', #1067, #415 ) ;
#486 = CIRCLE ( 'NONE', #1303, 21.05889575126118629 ) ;
#487 = EDGE_CURVE ( 'NONE', #621, #545, #126, .T. ) ;
#488 = AXIS2_PLACEMENT_3D ( 'NONE', #629, #86, #890 ) ;
#489 = AXIS2_PLACEMENT_3D ( 'NONE', #311, #304, #211 ) ;
#490 = CARTESIAN_POINT ( 'NONE',  ( 20.47722557505165852, 6.000000000000000000, 1.000000000000000444 ) ) ;
#491 = ORIENTED_EDGE ( 'NONE', *, *, #1421, .F. ) ;
#492 = LINE ( 'NONE', #842, #691 ) ;
#493 = ORIENTED_EDGE ( 'NONE', *, *, #319, .T. ) ;
#494 = DIRECTION ( 'NONE',  ( 0.000000000000000000, 1.000000000000000000, 0.000000000000000000 ) ) ;
#495 = DIRECTION ( 'NONE',  ( 0.000000000000000000, 0.000000000000000000, -1.000000000000000000 ) ) ;
#496 = EDGE_CURVE ( 'NONE', #123, #964, #864, .T. ) ;
#497 = ORIENTED_EDGE ( 'NONE', *, *, #1105, .T. ) ;
#498 = CARTESIAN_POINT ( 'NONE',  ( -2.849685311557194289, 0.000000000000000000, -5.280084622910425907 ) ) ;
#499 = ORIENTED_EDGE ( 'NONE', *, *, #252, .F. ) ;
#500 = CARTESIAN_POINT ( 'NONE',  ( 45.50000000000000711, 8.000000000000000000, -8.500000000000000000 ) ) ;
#501 = FACE_BOUND ( 'NONE', #997, .T. ) ;
#502 = DIRECTION ( 'NONE',  ( 0.000000000000000000, 0.000000000000000000, 1.000000000000000000 ) ) ;
#503 = EDGE_CURVE ( 'NONE', #1058, #429, #982, .T. ) ;
#504 = ORIENTED_EDGE ( 'NONE', *, *, #359, .F. ) ;
#505 = DIRECTION ( 'NONE',  ( -0.000000000000000000, -1.000000000000000000, -0.000000000000000000 ) ) ;
#506 = ORIENTED_EDGE ( 'NONE', *, *, #378, .F. ) ;
#507 = CARTESIAN_POINT ( 'NONE',  ( 45.50000000000000711, 9.500000000000000000, -8.500000000000000000 ) ) ;
#508 = CARTESIAN_POINT ( 'NONE',  ( 30.00000000000000000, 6.000000000000000000, -5.000000000000002665 ) ) ;
#509 = AXIS2_PLACEMENT_3D ( 'NONE', #1412, #1189, #844 ) ;
#510 = DIRECTION ( 'NONE',  ( -0.000000000000000000, -1.000000000000000000, -0.000000000000000000 ) ) ;
#511 = CIRCLE ( 'NONE', #301, 9.070312500000007105 ) ;
#512 = VERTEX_POINT ( 'NONE', #365 ) ;
#513 = FACE_OUTER_BOUND ( 'NONE', #267, .T. ) ;
#514 = VERTEX_POINT ( 'NONE', #811 ) ;
#515 = CARTESIAN_POINT ( 'NONE',  ( 35.04483126230729084, 6.000000000000000000, 5.099301784328937437 ) ) ;
#516 = EDGE_CURVE ( 'NONE', #208, #1304, #765, .T. ) ;
#517 = CARTESIAN_POINT ( 'NONE',  ( 37.88541343521348637, 2.000000000000000000, -28.88302273367778739 ) ) ;
#518 = APPROVAL_DATE_TIME ( #1217, #567 ) ;
#519 = ORIENTED_EDGE ( 'NONE', *, *, #1183, .T. ) ;
#520 = CARTESIAN_POINT ( 'NONE',  ( 41.51925575382364997, 6.044708047009461183, -2.708742236440644380 ) ) ;
#521 = ORIENTED_EDGE ( 'NONE', *, *, #416, .F. ) ;
#522 = DIRECTION ( 'NONE',  ( 0.000000000000000000, 0.000000000000000000, 1.000000000000000000 ) ) ;
#523 = EDGE_CURVE ( 'NONE', #1036, #1114, #1044, .T. ) ;
#524 = CYLINDRICAL_SURFACE ( 'NONE', #369, 1.500000000000003997 ) ;
#525 = ORIENTED_EDGE ( 'NONE', *, *, #1215, .T. ) ;
#526 = FACE_OUTER_BOUND ( 'NONE', #293, .T. ) ;
#527 = ORIENTED_EDGE ( 'NONE', *, *, #727, .T. ) ;
#528 = DIRECTION ( 'NONE',  ( 0.4579081768169803168, -0.4103646773287999983, 0.7886196378514670480 ) ) ;
#529 = FACE_OUTER_BOUND ( 'NONE', #780, .T. ) ;
#530 = AXIS2_PLACEMENT_3D ( 'NONE', #405, #715, #163 ) ;
#531 = PERSON_AND_ORGANIZATION_ROLE ( 'design_owner' ) ;
#532 = EDGE_CURVE ( 'NONE', #47, #224, #485, .T. ) ;
#533 = AXIS2_PLACEMENT_3D ( 'NONE', #412, #1305, #303 ) ;
#534 = ORIENTED_EDGE ( 'NONE', *, *, #617, .F. ) ;
#535 = AXIS2_PLACEMENT_3D ( 'NONE', #701, #439, #21 ) ;
#536 = DIRECTION ( 'NONE',  ( -0.000000000000000000, -1.000000000000000000, -0.000000000000000000 ) ) ;
#537 = CIRCLE ( 'NONE', #1284, 1.500000000000003997 ) ;
#538 = ORIENTED_EDGE ( 'NONE', *, *, #550, .T. ) ;
#539 = CARTESIAN_POINT ( 'NONE',  ( 40.89515256960269340, 6.670433337937023310, -5.477352151335134423 ) ) ;
#540 = CARTESIAN_POINT ( 'NONE',  ( 44.07031250000001421, 6.000000000000000000, 6.000000000000000000 ) ) ;
#541 = APPROVAL_STATUS ( 'not_yet_approved' ) ;
#542 = EDGE_CURVE ( 'NONE', #138, #446, #277, .T. ) ;
#543 = VERTEX_POINT ( 'NONE', #1296 ) ;
#544 = DIRECTION ( 'NONE',  ( 0.000000000000000000, 0.000000000000000000, 1.000000000000000000 ) ) ;
#545 = VERTEX_POINT ( 'NONE', #622 ) ;
#546 = CARTESIAN_POINT ( 'NONE',  ( 41.25969476431274074, 8.000000000000030198, -4.997170927920808303 ) ) ;
#547 = DIRECTION ( 'NONE',  ( 0.000000000000000000, 0.000000000000000000, 1.000000000000000000 ) ) ;
#548 = DIRECTION ( 'NONE',  ( 0.000000000000000000, 0.000000000000000000, 1.000000000000000000 ) ) ;
#549 = CARTESIAN_POINT ( 'NONE',  ( 42.06513910983597526, 6.195781478030450984, -2.850387649044257898 ) ) ;
#550 = EDGE_CURVE ( 'NONE', #192, #1058, #270, .T. ) ;
#551 = ORIENTED_EDGE ( 'NONE', *, *, #1254, .F. ) ;
#552 = CARTESIAN_POINT ( 'NONE',  ( 21.41217269969320114, 2.000000000000000000, -15.76397437138864532 ) ) ;
#553 = CARTESIAN_POINT ( 'NONE',  ( 0.000000000000000000, 2.000000000000000000, 0.000000000000000000 ) ) ;
#554 = CARTESIAN_POINT ( 'NONE',  ( 15.00000000000000000, 0.000000000000000000, 0.4999999999999995559 ) ) ;
#555 = DIRECTION ( 'NONE',  ( -0.000000000000000000, 1.000000000000000000, -0.000000000000000000 ) ) ;
#556 = CIRCLE ( 'NONE', #741, 5.500000000000000000 ) ;
#557 = VECTOR ( 'NONE', #536, 1000.000000000000000 ) ;
#558 = ORIENTED_EDGE ( 'NONE', *, *, #823, .F. ) ;
#559 = CARTESIAN_POINT ( 'NONE',  ( 15.00000000000000000, 2.000000000000000000, 0.4999999999999995559 ) ) ;
#560 = EDGE_CURVE ( 'NONE', #263, #1064, #1099, .T. ) ;
#561 = AXIS2_PLACEMENT_3D ( 'NONE', #562, #226, #1017 ) ;
#562 = CARTESIAN_POINT ( 'NONE',  ( 37.88541343521348637, 0.000000000000000000, -28.88302273367778739 ) ) ;
#563 = EDGE_CURVE ( 'NONE', #1150, #257, #1361, .T. ) ;
#564 = CARTESIAN_POINT ( 'NONE',  ( 42.29468430803053280, 7.054889962157693262, -13.21667109789073358 ) ) ;
#565 = EDGE_LOOP ( 'NONE', ( #175, #435, #978, #491 ) ) ;
#566 = DIRECTION ( 'NONE',  ( 0.000000000000000000, 0.000000000000000000, -1.000000000000000000 ) ) ;
#567 = APPROVAL ( #751, 'UNSPECIFIED' ) ;
#568 = DIRECTION ( 'NONE',  ( 0.000000000000000000, 1.000000000000000000, 0.000000000000000000 ) ) ;
#569 = EDGE_CURVE ( 'NONE', #1295, #1409, #236, .T. ) ;
#570 = LINE ( 'NONE', #458, #742 ) ;
#571 = ORIENTED_EDGE ( 'NONE', *, *, #1007, .T. ) ;
#572 = DIRECTION ( 'NONE',  ( 0.000000000000000000, 0.000000000000000000, -1.000000000000000000 ) ) ;
#573 = ORIENTED_EDGE ( 'NONE', *, *, #1212, .F. ) ;
#574 = LINE ( 'NONE', #921, #833 ) ;
#575 = B_SPLINE_CURVE_WITH_KNOTS ( 'NONE', 3,
 ( #783, #1272, #607, #1173 ),
 .UNSPECIFIED., .F., .F.,
 ( 4, 4 ),
 ( 0.000000000000000000, 0.004660404801556846006 ),
 .UNSPECIFIED. ) ;
#576 = DIRECTION ( 'NONE',  ( 0.000000000000000000, 0.000000000000000000, -1.000000000000000000 ) ) ;
#577 = ORIENTED_EDGE ( 'NONE', *, *, #550, .F. ) ;
#578 = AXIS2_PLACEMENT_3D ( 'NONE', #147, #1260, #1151 ) ;
#579 = DIRECTION ( 'NONE',  ( 0.000000000000000000, 0.000000000000000000, 1.000000000000000000 ) ) ;
#580 = AXIS2_PLACEMENT_3D ( 'NONE', #286, #831, #711 ) ;
#581 = CARTESIAN_POINT ( 'NONE',  ( 3.328201177351374440, 6.000000000000000000, -4.992301766027063437 ) ) ;
#582 = AXIS2_PLACEMENT_3D ( 'NONE', #1145, #774, #473 ) ;
#583 = CARTESIAN_POINT ( 'NONE',  ( 21.41217269969320114, 2.000000000000000000, -15.76397437138864532 ) ) ;
#584 = CARTESIAN_POINT ( 'NONE',  ( 34.04977389932307830, 6.000000000000000000, 6.000000000000000000 ) ) ;
#585 = EDGE_CURVE ( 'NONE', #1427, #418, #787, .T. ) ;
#586 = ORIENTED_EDGE ( 'NONE', *, *, #773, .T. ) ;
#587 = CARTESIAN_POINT ( 'NONE',  ( 11.20842465632872376, 3.347796760763005697, -14.66103966078846632 ) ) ;
#588 = CARTESIAN_POINT ( 'NONE',  ( 35.04483126230729084, 6.000000000000000000, 5.099301784328937437 ) ) ;
#589 = ORIENTED_EDGE ( 'NONE', *, *, #1061, .T. ) ;
#590 = EDGE_LOOP ( 'NONE', ( #1416, #1231, #592, #801 ) ) ;
#591 = CARTESIAN_POINT ( 'NONE',  ( 44.07031249999987921, 7.332269230976150354, -3.070312500000007105 ) ) ;
#592 = ORIENTED_EDGE ( 'NONE', *, *, #6, .T. ) ;
#593 = DIRECTION ( 'NONE',  ( 0.000000000000000000, 0.000000000000000000, 1.000000000000000000 ) ) ;
#594 = ORIENTED_EDGE ( 'NONE', *, *, #1299, .T. ) ;
#595 = DIRECTION ( 'NONE',  ( 0.000000000000000000, 0.000000000000000000, 1.000000000000000000 ) ) ;
#596 = ORIENTED_EDGE ( 'NONE', *, *, #523, .F. ) ;
#597 = DIRECTION ( 'NONE',  ( 0.000000000000000000, 0.000000000000000000, 1.000000000000000000 ) ) ;
#598 = AXIS2_PLACEMENT_3D ( 'NONE', #675, #794, #593 ) ;
#599 = EDGE_CURVE ( 'NONE', #173, #229, #1053, .T. ) ;
#600 = ORIENTED_EDGE ( 'NONE', *, *, #563, .T. ) ;
#601 = DIRECTION ( 'NONE',  ( 0.000000000000000000, 0.000000000000000000, 1.000000000000000000 ) ) ;
#602 = AXIS2_PLACEMENT_3D ( 'NONE', #449, #620, #597 ) ;
#603 = FACE_BOUND ( 'NONE', #1336, .T. ) ;
#604 = CIRCLE ( 'NONE', #87, 1.000000000000000000 ) ;
#605 = DIRECTION ( 'NONE',  ( 0.000000000000000000, 0.000000000000000000, 1.000000000000000000 ) ) ;
#606 = VERTEX_POINT ( 'NONE', #1274 ) ;
#607 = CARTESIAN_POINT ( 'NONE',  ( 39.93669260573736324, 4.688104070834617332, -5.952348255247553510 ) ) ;
#608 = EDGE_LOOP ( 'NONE', ( #897, #1321, #460, #204 ) ) ;
#609 = CARTESIAN_POINT ( 'NONE',  ( 45.50000000000000711, 0.000000000000000000, -8.500000000000000000 ) ) ;
#610 = CC_DESIGN_DATE_AND_TIME_ASSIGNMENT ( #877, #1415, ( #1193 ) ) ;
#611 = CYLINDRICAL_SURFACE ( 'NONE', #790, 6.499999999999999112 ) ;
#612 = EDGE_CURVE ( 'NONE', #843, #1154, #1161, .T. ) ;
#613 = VERTEX_POINT ( 'NONE', #1282 ) ;
#614 = CARTESIAN_POINT ( 'NONE',  ( 15.00000000000000000, 6.000000000000000000, 1.999999999999996669 ) ) ;
#615 = ORIENTED_EDGE ( 'NONE', *, *, #64, .F. ) ;
#616 = DIRECTION ( 'NONE',  ( 0.000000000000000000, 0.000000000000000000, 1.000000000000000000 ) ) ;
#617 = EDGE_CURVE ( 'NONE', #446, #138, #344, .T. ) ;
#618 = CARTESIAN_POINT ( 'NONE',  ( 39.27527938561301113, 6.000000000000000000, -12.68364115010184356 ) ) ;
#619 = EDGE_LOOP ( 'NONE', ( #261, #699 ) ) ;
#620 = DIRECTION ( 'NONE',  ( -0.000000000000000000, -1.000000000000000000, -0.000000000000000000 ) ) ;
#621 = VERTEX_POINT ( 'NONE', #515 ) ;
#622 = CARTESIAN_POINT ( 'NONE',  ( 35.04483126230729084, 0.000000000000000000, 5.099301784328937437 ) ) ;
#623 = AXIS2_PLACEMENT_3D ( 'NONE', #158, #605, #46 ) ;
#624 = PLANE ( 'NONE',  #235 ) ;
#625 = VECTOR ( 'NONE', #137, 1000.000000000000000 ) ;
#626 = CALENDAR_DATE ( 2024, 26, 9 ) ;
#627 = CIRCLE ( 'NONE', #744, 1.499999999999996891 ) ;
#628 = ORIENTED_EDGE ( 'NONE', *, *, #1028, .F. ) ;
#629 = CARTESIAN_POINT ( 'NONE',  ( 30.00000000000000000, 2.000000000000000000, 0.4999999999999995559 ) ) ;
#630 = EDGE_CURVE ( 'NONE', #475, #144, #156, .T. ) ;
#631 = ORIENTED_EDGE ( 'NONE', *, *, #1063, .T. ) ;
#632 = CARTESIAN_POINT ( 'NONE',  ( 34.75633920635549146, 6.000000000000000000, -2.261745345625772341 ) ) ;
#633 = CARTESIAN_POINT ( 'NONE',  ( 8.878688990541958148, 4.693406957833707871, 0.4120331310251827972 ) ) ;
#634 = DATE_AND_TIME ( #970, #483 ) ;
#635 = ORIENTED_EDGE ( 'NONE', *, *, #1230, .F. ) ;
#636 = CARTESIAN_POINT ( 'NONE',  ( 15.00000000000000000, 6.000000000000000000, 0.4999999999999995559 ) ) ;
#637 = EDGE_LOOP ( 'NONE', ( #23, #1218, #600, #558 ) ) ;
#638 = FACE_OUTER_BOUND ( 'NONE', #1201, .T. ) ;
#639 = CARTESIAN_POINT ( 'NONE',  ( 0.000000000000000000, 6.000000000000000000, 6.000000000000000000 ) ) ;
#640 = PERSON_AND_ORGANIZATION ( #645, #84 ) ;
#641 = ORIENTED_EDGE ( 'NONE', *, *, #471, .F. ) ;
#642 = CARTESIAN_POINT ( 'NONE',  ( 38.23411832924517029, 6.000000000000000000, -9.626705714740376507 ) ) ;
#643 = VERTEX_POINT ( 'NONE', #725 ) ;
#644 = CARTESIAN_POINT ( 'NONE',  ( 40.74366079364451565, 6.000000000000000000, -5.738254654374229879 ) ) ;
#645 = PERSON ( 'UNSPECIFIED', 'UNSPECIFIED', 'UNSPECIFIED', ('UNSPECIFIED'), ('UNSPECIFIED'), ('UNSPECIFIED') ) ;
#646 = DIRECTION ( 'NONE',  ( -0.5547001962252288143, 0.000000000000000000, 0.8320502943378439431 ) ) ;
#647 = AXIS2_PLACEMENT_3D ( 'NONE', #1341, #781, #576 ) ;
#648 = VECTOR ( 'NONE', #755, 1000.000000000000000 ) ;
#649 = CONICAL_SURFACE ( 'NONE', #393, 7.299999999999989164, 0.4228539261329427035 ) ;
#650 = ORIENTED_EDGE ( 'NONE', *, *, #976, .F. ) ;
#651 = AXIS2_PLACEMENT_3D ( 'NONE', #1408, #69, #616 ) ;
#652 = CARTESIAN_POINT ( 'NONE',  ( 0.000000000000000000, 0.000000000000000000, 0.000000000000000000 ) ) ;
#653 = AXIS2_PLACEMENT_3D ( 'NONE', #98, #219, #1428 ) ;
#654 = VERTEX_POINT ( 'NONE', #153 ) ;
#655 = CARTESIAN_POINT ( 'NONE',  ( 0.000000000000000000, 2.000000000000000000, 0.000000000000000000 ) ) ;
#656 = ORIENTED_EDGE ( 'NONE', *, *, #503, .F. ) ;
#657 = CYLINDRICAL_SURFACE ( 'NONE', #1190, 5.500000000000000000 ) ;
#658 = ORIENTED_EDGE ( 'NONE', *, *, #1129, .F. ) ;
#659 = PLANE ( 'NONE',  #250 ) ;
#660 = FACE_OUTER_BOUND ( 'NONE', #724, .T. ) ;
#661 = VERTEX_POINT ( 'NONE', #1059 ) ;
#662 = CARTESIAN_POINT ( 'NONE',  ( 21.50126338537480208, 6.000000000000000000, -18.76053822134992544 ) ) ;
#663 = EDGE_CURVE ( 'NONE', #1177, #1406, #1290, .T. ) ;
#664 = ORIENTED_EDGE ( 'NONE', *, *, #1254, .T. ) ;
#665 = CARTESIAN_POINT ( 'NONE',  ( 15.00000000000000000, 2.000000000000000000, -6.799999999999989164 ) ) ;
#666 = DIRECTION ( 'NONE',  ( 0.000000000000000000, 0.000000000000000000, -1.000000000000000000 ) ) ;
#667 = CARTESIAN_POINT ( 'NONE',  ( 20.47722557505165852, 6.000000000000000000, 1.000000000000000000 ) ) ;
#668 = CIRCLE ( 'NONE', #1332, 7.299999999999988276 ) ;
#669 = AXIS2_PLACEMENT_3D ( 'NONE', #636, #198, #300 ) ;
#670 = CIRCLE ( 'NONE', #718, 7.499999999999994671 ) ;
#671 = ORIENTED_EDGE ( 'NONE', *, *, #1212, .T. ) ;
#672 = CARTESIAN_POINT ( 'NONE',  ( 40.86316095284337280, 7.149544895019865010, -5.209466757298973683 ) ) ;
#673 = EDGE_CURVE ( 'NONE', #1154, #1058, #689, .T. ) ;
#674 = AXIS2_PLACEMENT_3D ( 'NONE', #288, #960, #1407 ) ;
#675 = CARTESIAN_POINT ( 'NONE',  ( 15.00000000000000000, 6.000000000000000000, 0.4999999999999995559 ) ) ;
#676 = CYLINDRICAL_SURFACE ( 'NONE', #647, 7.500000000000000000 ) ;
#677 = EDGE_LOOP ( 'NONE', ( #333, #658 ) ) ;
#678 = CARTESIAN_POINT ( 'NONE',  ( 34.75633920635549146, 6.000000000000000000, -2.261745345625772341 ) ) ;
#679 = DIRECTION ( 'NONE',  ( 0.000000000000000000, 0.000000000000000000, -1.000000000000000000 ) ) ;
#680 = DIRECTION ( 'NONE',  ( -0.000000000000000000, -1.000000000000000000, -0.000000000000000000 ) ) ;
#681 = ORIENTED_EDGE ( 'NONE', *, *, #457, .T. ) ;
#682 = DIRECTION ( 'NONE',  ( 0.000000000000000000, 1.000000000000000000, 0.000000000000000000 ) ) ;
#683 = DIRECTION ( 'NONE',  ( 0.000000000000000000, 0.000000000000000000, 1.000000000000000000 ) ) ;
#684 = EDGE_CURVE ( 'NONE', #545, #512, #604, .T. ) ;
#685 = DIRECTION ( 'NONE',  ( 0.000000000000000000, 1.000000000000000000, 0.000000000000000000 ) ) ;
#686 = EDGE_CURVE ( 'NONE', #925, #363, #332, .T. ) ;
#687 = CARTESIAN_POINT ( 'NONE',  ( 15.00000000000000000, 6.000000000000000000, 0.4999999999999995559 ) ) ;
#688 = ORIENTED_EDGE ( 'NONE', *, *, #560, .F. ) ;
#689 = CIRCLE ( 'NONE', #674, 19.71228304574070833 ) ;
#690 = CARTESIAN_POINT ( 'NONE',  ( 40.78454601908272537, 7.037055486358679168, -5.222354160061245310 ) ) ;
#691 = VECTOR ( 'NONE', #1265, 1000.000000000000000 ) ;
#692 = CARTESIAN_POINT ( 'NONE',  ( 20.47722557505165852, 6.000000000000000000, 1.000000000000000444 ) ) ;
#693 = AXIS2_PLACEMENT_3D ( 'NONE', #1227, #1456, #666 ) ;
#694 = DIRECTION ( 'NONE',  ( -0.000000000000000000, -1.000000000000000000, -0.000000000000000000 ) ) ;
#695 = EDGE_CURVE ( 'NONE', #1278, #352, #1238, .T. ) ;
#696 = LINE ( 'NONE', #377, #832 ) ;
#697 = ORIENTED_EDGE ( 'NONE', *, *, #221, .T. ) ;
#698 = CARTESIAN_POINT ( 'NONE',  ( 11.00401409626739557, 4.683849048753759625, -15.43829495268309948 ) ) ;
#699 = ORIENTED_EDGE ( 'NONE', *, *, #25, .T. ) ;
#700 = DIRECTION ( 'NONE',  ( -0.000000000000000000, 1.000000000000000000, -0.000000000000000000 ) ) ;
#701 = CARTESIAN_POINT ( 'NONE',  ( 44.07031250000001421, 6.000000000000000000, 6.000000000000000000 ) ) ;
#702 = DIRECTION ( 'NONE',  ( -0.000000000000000000, -1.000000000000000000, -0.000000000000000000 ) ) ;
#703 = EDGE_CURVE ( 'NONE', #514, #847, #39, .T. ) ;
#704 = ORIENTED_EDGE ( 'NONE', *, *, #706, .F. ) ;
#705 = CARTESIAN_POINT ( 'NONE',  ( 45.50000000000000711, 0.000000000000000000, -10.00000000000000533 ) ) ;
#706 = EDGE_CURVE ( 'NONE', #1043, #313, #537, .T. ) ;
#707 = ORIENTED_EDGE ( 'NONE', *, *, #119, .F. ) ;
#708 = CARTESIAN_POINT ( 'NONE',  ( 7.758865896508323701, 2.000000000000000000, -0.7999999999999917177 ) ) ;
#709 = CARTESIAN_POINT ( 'NONE',  ( 0.000000000000000000, 6.000000000000000000, -2.000000000000000000 ) ) ;
#710 = ORIENTED_EDGE ( 'NONE', *, *, #127, .F. ) ;
#711 = DIRECTION ( 'NONE',  ( 0.000000000000000000, 0.000000000000000000, -1.000000000000000000 ) ) ;
#712 = AXIS2_PLACEMENT_3D ( 'NONE', #806, #394, #1069 ) ;
#713 = VECTOR ( 'NONE', #820, 1000.000000000000000 ) ;
#714 = EDGE_LOOP ( 'NONE', ( #1074, #913 ) ) ;
#715 = DIRECTION ( 'NONE',  ( 0.000000000000000000, 1.000000000000000000, 0.000000000000000000 ) ) ;
#716 = EDGE_CURVE ( 'NONE', #1032, #396, #907, .T. ) ;
#717 = VECTOR ( 'NONE', #262, 1000.000000000000000 ) ;
#718 = AXIS2_PLACEMENT_3D ( 'NONE', #1334, #694, #548 ) ;
#719 = CARTESIAN_POINT ( 'NONE',  ( 30.00000000000000000, 6.000000000000000000, 0.4999999999999995559 ) ) ;
#720 = AXIS2_PLACEMENT_3D ( 'NONE', #26, #1123, #1128 ) ;
#721 = DIRECTION ( 'NONE',  ( -0.000000000000000000, -1.000000000000000000, -0.000000000000000000 ) ) ;
#722 = ORIENTED_EDGE ( 'NONE', *, *, #684, .T. ) ;
#723 = CARTESIAN_POINT ( 'NONE',  ( 14.99999999999999467, 6.000000000000000000, -29.00000000000000355 ) ) ;
#724 = EDGE_LOOP ( 'NONE', ( #1188, #197, #1005, #1311 ) ) ;
#725 = CARTESIAN_POINT ( 'NONE',  ( 40.14561750840984189, 6.000000000000000000, -9.757214434276344051 ) ) ;
#726 = DIRECTION ( 'NONE',  ( -0.000000000000000000, -1.000000000000000000, 0.000000000000000000 ) ) ;
#727 = EDGE_CURVE ( 'NONE', #514, #1409, #1198, .T. ) ;
#728 = CYLINDRICAL_SURFACE ( 'NONE', #856, 5.999999999999999112 ) ;
#729 = ORIENTED_EDGE ( 'NONE', *, *, #387, .T. ) ;
#730 = LINE ( 'NONE', #30, #717 ) ;
#731 = ORIENTED_EDGE ( 'NONE', *, *, #976, .T. ) ;
#732 = CARTESIAN_POINT ( 'NONE',  ( 45.50000000000000711, 0.000000000000000000, -8.500000000000000000 ) ) ;
#733 = DIRECTION ( 'NONE',  ( 0.000000000000000000, 0.000000000000000000, 1.000000000000000000 ) ) ;
#734 = EDGE_CURVE ( 'NONE', #834, #1340, #839, .T. ) ;
#735 = ORIENTED_EDGE ( 'NONE', *, *, #378, .T. ) ;
#736 = FACE_BOUND ( 'NONE', #619, .T. ) ;
#737 = ORIENTED_EDGE ( 'NONE', *, *, #1105, .F. ) ;
#738 = DIRECTION ( 'NONE',  ( 0.000000000000000000, 1.000000000000000000, 0.000000000000000000 ) ) ;
#739 = CC_DESIGN_APPROVAL ( #567, ( #1193 ) ) ;
#740 = FACE_OUTER_BOUND ( 'NONE', #1157, .T. ) ;
#741 = AXIS2_PLACEMENT_3D ( 'NONE', #231, #682, #339 ) ;
#742 = VECTOR ( 'NONE', #115, 1000.000000000000000 ) ;
#743 = PERSON_AND_ORGANIZATION ( #645, #84 ) ;
#744 = AXIS2_PLACEMENT_3D ( 'NONE', #554, #805, #821 ) ;
#745 = EDGE_CURVE ( 'NONE', #545, #1114, #1095, .T. ) ;
#746 = ORIENTED_EDGE ( 'NONE', *, *, #779, .T. ) ;
#747 = CARTESIAN_POINT ( 'NONE',  ( 38.08487929409999140, 6.000000000000000000, -9.625159951710388739 ) ) ;
#748 = ORIENTED_EDGE ( 'NONE', *, *, #920, .F. ) ;
#749 = CARTESIAN_POINT ( 'NONE',  ( 2.449293598294706414E-16, 0.000000000000000000, 2.000000000000000000 ) ) ;
#750 = CARTESIAN_POINT ( 'NONE',  ( 35.21419407978745397, 2.000000000000000000, -4.609029271623857227 ) ) ;
#751 = APPROVAL_STATUS ( 'not_yet_approved' ) ;
#752 = ORIENTED_EDGE ( 'NONE', *, *, #468, .T. ) ;
#753 = CARTESIAN_POINT ( 'NONE',  ( 44.96032171581769887, 8.000000000000000000, -3.026541554959789160 ) ) ;
#754 = ORIENTED_EDGE ( 'NONE', *, *, #1136, .T. ) ;
#755 = DIRECTION ( 'NONE',  ( -0.000000000000000000, -1.000000000000000000, -0.000000000000000000 ) ) ;
#756 = CARTESIAN_POINT ( 'NONE',  ( 14.99999999999999467, 6.000000000000000000, -30.00000000000000711 ) ) ;
#757 = COORDINATED_UNIVERSAL_TIME_OFFSET ( 9, 0, .AHEAD. ) ;
#758 = EDGE_LOOP ( 'NONE', ( #53, #246, #573, #1090, #947, #1266 ) ) ;
#759 = CARTESIAN_POINT ( 'NONE',  ( 40.46169736470407940, 7.999999999999998224, -10.70578932701427277 ) ) ;
#760 = ORIENTED_EDGE ( 'NONE', *, *, #1196, .T. ) ;
#761 = CARTESIAN_POINT ( 'NONE',  ( 43.57525958187017068, 6.000000000000000000, -13.65222032941307440 ) ) ;
#762 = EDGE_CURVE ( 'NONE', #446, #144, #209, .T. ) ;
#763 = DIRECTION ( 'NONE',  ( -0.000000000000000000, -1.000000000000000000, -0.000000000000000000 ) ) ;
#764 = AXIS2_PLACEMENT_3D ( 'NONE', #254, #1384, #502 ) ;
#765 = CIRCLE ( 'NONE', #324, 7.299999999999993605 ) ;
#766 = APPROVAL_ROLE ( '' ) ;
#767 = ORIENTED_EDGE ( 'NONE', *, *, #1313, .T. ) ;
#768 = AXIS2_PLACEMENT_3D ( 'NONE', #939, #685, #1034 ) ;
#769 = CARTESIAN_POINT ( 'NONE',  ( 40.39337131855765506, 7.740922056375762139, -10.57846247418123653 ) ) ;
#770 = ORIENTED_EDGE ( 'NONE', *, *, #1364, .F. ) ;
#771 = CARTESIAN_POINT ( 'NONE',  ( 45.50000000000000711, 6.000000000000000000, -3.000000000000000888 ) ) ;
#772 = CARTESIAN_POINT ( 'NONE',  ( 15.00000000000000000, 6.000000000000000000, -0.9999999999999974465 ) ) ;
#773 = EDGE_CURVE ( 'NONE', #1220, #661, #327, .T. ) ;
#774 = DIRECTION ( 'NONE',  ( 0.000000000000000000, 1.000000000000000000, 0.000000000000000000 ) ) ;
#775 = LINE ( 'NONE', #584, #1049 ) ;
#776 = ORIENTED_EDGE ( 'NONE', *, *, #686, .F. ) ;
#777 = FACE_OUTER_BOUND ( 'NONE', #302, .T. ) ;
#778 = CARTESIAN_POINT ( 'NONE',  ( 15.00000000000000000, 0.000000000000000000, -0.9999999999999974465 ) ) ;
#779 = EDGE_CURVE ( 'NONE', #173, #878, #89, .T. ) ;
#780 = EDGE_LOOP ( 'NONE', ( #504, #671, #148, #959 ) ) ;
#781 = DIRECTION ( 'NONE',  ( -0.000000000000000000, -1.000000000000000000, -0.000000000000000000 ) ) ;
#782 = VERTEX_POINT ( 'NONE', #1094 ) ;
#783 = CARTESIAN_POINT ( 'NONE',  ( 38.47811805762114545, 2.000000000000000000, -6.504210936172449387 ) ) ;
#784 = DIRECTION ( 'NONE',  ( -0.000000000000000000, -1.000000000000000000, -0.000000000000000000 ) ) ;
#785 = APPLICATION_CONTEXT ( 'configuration controlled 3d designs of mechanical parts and assemblies' ) ;
#786 = VECTOR ( 'NONE', #1176, 1000.000000000000000 ) ;
#787 = CIRCLE ( 'NONE', #509, 7.500000000000000000 ) ;
#788 = CARTESIAN_POINT ( 'NONE',  ( 14.99999999999999467, 6.000000000000000000, -22.50000000000000711 ) ) ;
#789 = CIRCLE ( 'NONE', #1097, 7.299999999999993605 ) ;
#790 = AXIS2_PLACEMENT_3D ( 'NONE', #177, #1398, #283 ) ;
#791 = ORIENTED_EDGE ( 'NONE', *, *, #6, .F. ) ;
#792 = CARTESIAN_POINT ( 'NONE',  ( 7.500081900165849191, 6.000000000000000000, -22.53504990413950182 ) ) ;
#793 = CIRCLE ( 'NONE', #598, 5.499999999999996447 ) ;
#794 = DIRECTION ( 'NONE',  ( -0.000000000000000000, -1.000000000000000000, -0.000000000000000000 ) ) ;
#795 = FACE_OUTER_BOUND ( 'NONE', #338, .T. ) ;
#796 = ORIENTED_EDGE ( 'NONE', *, *, #1087, .T. ) ;
#797 = DIRECTION ( 'NONE',  ( 0.000000000000000000, 0.000000000000000000, 1.000000000000000000 ) ) ;
#798 = ADVANCED_FACE ( 'NONE', ( #1337 ), #80, .F. ) ;
#799 = ADVANCED_FACE ( 'NONE', ( #334 ), #659, .F. ) ;
#800 = DIRECTION ( 'NONE',  ( -0.000000000000000000, -1.000000000000000000, -0.000000000000000000 ) ) ;
#801 = ORIENTED_EDGE ( 'NONE', *, *, #1371, .F. ) ;
#802 = DIRECTION ( 'NONE',  ( 0.000000000000000000, -0.000000000000000000, 1.000000000000000000 ) ) ;
#803 = DIRECTION ( 'NONE',  ( -0.5547001962252288143, -0.000000000000000000, 0.8320502943378439431 ) ) ;
#804 = ADVANCED_FACE ( 'NONE', ( #777 ), #1436, .F. ) ;
#805 = DIRECTION ( 'NONE',  ( 0.000000000000000000, 1.000000000000000000, 0.000000000000000000 ) ) ;
#806 = CARTESIAN_POINT ( 'NONE',  ( 15.00000000000000000, 2.000000000000000000, 0.4999999999999995559 ) ) ;
#807 = EDGE_LOOP ( 'NONE', ( #867, #817, #1210, #309, #1100, #77, #129, #521, #1314, #49, #88, #1435 ) ) ;
#808 = CONICAL_SURFACE ( 'NONE', #488, 7.299999999999993605, 0.4228539261329425925 ) ;
#809 = CARTESIAN_POINT ( 'NONE',  ( 40.61131502453979181, 6.821489787028236051, -5.233939795684576346 ) ) ;
#810 = CIRCLE ( 'NONE', #183, 9.299999999999988276 ) ;
#811 = CARTESIAN_POINT ( 'NONE',  ( 43.57525958187017778, 8.000000000000000000, -13.65222032941308328 ) ) ;
#812 = CC_DESIGN_DATE_AND_TIME_ASSIGNMENT ( #634, #1298, ( #1328 ) ) ;
#813 = ORIENTED_EDGE ( 'NONE', *, *, #319, .F. ) ;
#814 = EDGE_CURVE ( 'NONE', #1250, #782, #1138, .T. ) ;
#815 = CARTESIAN_POINT ( 'NONE',  ( 0.000000000000000000, 0.000000000000000000, 6.000000000000000000 ) ) ;
#816 = DESIGN_CONTEXT ( 'detailed design', #82, 'design' ) ;
#817 = ORIENTED_EDGE ( 'NONE', *, *, #542, .F. ) ;
#818 = CARTESIAN_POINT ( 'NONE',  ( 14.99999999999999467, 6.000000000000000000, -22.50000000000000711 ) ) ;
#819 = ORIENTED_EDGE ( 'NONE', *, *, #516, .T. ) ;
#820 = DIRECTION ( 'NONE',  ( -0.000000000000000000, -1.000000000000000000, -0.000000000000000000 ) ) ;
#821 = DIRECTION ( 'NONE',  ( 0.000000000000000000, 0.000000000000000000, 1.000000000000000000 ) ) ;
#822 = DIRECTION ( 'NONE',  ( 0.000000000000000000, 1.000000000000000000, 0.000000000000000000 ) ) ;
#823 = EDGE_CURVE ( 'NONE', #1423, #257, #1373, .T. ) ;
#824 = EDGE_LOOP ( 'NONE', ( #932, #760, #525, #1401, #97 ) ) ;
#825 = LINE ( 'NONE', #482, #346 ) ;
#826 = ORIENTED_EDGE ( 'NONE', *, *, #823, .T. ) ;
#827 = DIRECTION ( 'NONE',  ( 0.000000000000000000, 1.000000000000000000, 0.000000000000000000 ) ) ;
#828 = DIRECTION ( 'NONE',  ( 0.000000000000000000, 1.000000000000000000, 0.000000000000000000 ) ) ;
#829 = CC_DESIGN_PERSON_AND_ORGANIZATION_ASSIGNMENT ( #401, #852, ( #1328 ) ) ;
#830 = ORIENTED_EDGE ( 'NONE', *, *, #532, .T. ) ;
#831 = DIRECTION ( 'NONE',  ( -0.000000000000000000, -1.000000000000000000, -0.000000000000000000 ) ) ;
#832 = VECTOR ( 'NONE', #510, 1000.000000000000000 ) ;
#833 = VECTOR ( 'NONE', #700, 1000.000000000000000 ) ;
#834 = VERTEX_POINT ( 'NONE', #1221 ) ;
#835 = DIRECTION ( 'NONE',  ( 0.000000000000000000, 0.000000000000000000, 1.000000000000000000 ) ) ;
#836 = CIRCLE ( 'NONE', #1030, 1.500000000000003997 ) ;
#837 = CIRCLE ( 'NONE', #1429, 19.71228304574070833 ) ;
#838 = CARTESIAN_POINT ( 'NONE',  ( 14.99999999999999467, 6.000000000000000000, -22.50000000000000711 ) ) ;
#839 = CIRCLE ( 'NONE', #273, 1.500000000000003997 ) ;
#840 = CARTESIAN_POINT ( 'NONE',  ( 4.935841717409671148, 3.349738313413223256, -5.253740335127621286 ) ) ;
#841 = ORIENTED_EDGE ( 'NONE', *, *, #523, .T. ) ;
#842 = CARTESIAN_POINT ( 'NONE',  ( 37.88541343521348637, 2.000000000000000000, -0.7999999999999917177 ) ) ;
#843 = VERTEX_POINT ( 'NONE', #1322 ) ;
#844 = DIRECTION ( 'NONE',  ( 9.251858538542971828E-16, 0.000000000000000000, 1.000000000000000000 ) ) ;
#845 = ADVANCED_FACE ( 'NONE', ( #638 ), #423, .F. ) ;
#846 = CARTESIAN_POINT ( 'NONE',  ( 44.07031250000001421, 0.000000000000000000, 6.000000000000000000 ) ) ;
#847 = VERTEX_POINT ( 'NONE', #868 ) ;
#848 = LINE ( 'NONE', #168, #1352 ) ;
#849 = ORIENTED_EDGE ( 'NONE', *, *, #1385, .T. ) ;
#850 = DIRECTION ( 'NONE',  ( 0.000000000000000000, 0.000000000000000000, 1.000000000000000000 ) ) ;
#851 = CARTESIAN_POINT ( 'NONE',  ( -12.21198588700807619, 6.000000000000000000, -22.62717172162266621 ) ) ;
#852 = PERSON_AND_ORGANIZATION_ROLE ( 'classification_officer' ) ;
#853 = VERTEX_POINT ( 'NONE', #552 ) ;
#854 = CARTESIAN_POINT ( 'NONE',  ( 44.07031249999987921, 7.332269230976150354, -3.070312500000007105 ) ) ;
#855 = ORIENTED_EDGE ( 'NONE', *, *, #74, .T. ) ;
#856 = AXIS2_PLACEMENT_3D ( 'NONE', #1062, #721, #370 ) ;
#857 = CARTESIAN_POINT ( 'NONE',  ( 0.000000000000000000, 6.000000000000000000, 0.000000000000000000 ) ) ;
#858 = DIRECTION ( 'NONE',  ( -0.000000000000000000, -1.000000000000000000, -0.000000000000000000 ) ) ;
#859 = AXIS2_PLACEMENT_3D ( 'NONE', #857, #1115, #1419 ) ;
#860 = AXIS2_PLACEMENT_3D ( 'NONE', #788, #680, #240 ) ;
#861 = AXIS2_PLACEMENT_3D ( 'NONE', #838, #171, #733 ) ;
#862 = EDGE_CURVE ( 'NONE', #606, #661, #668, .T. ) ;
#863 = PERSON_AND_ORGANIZATION ( #645, #84 ) ;
#864 = CIRCLE ( 'NONE', #915, 7.500000000000000000 ) ;
#865 = ORIENTED_EDGE ( 'NONE', *, *, #745, .T. ) ;
#866 = CARTESIAN_POINT ( 'NONE',  ( 44.66791188149040437, 7.775431456341557634, -3.055372912547017261 ) ) ;
#867 = ORIENTED_EDGE ( 'NONE', *, *, #762, .F. ) ;
#868 = CARTESIAN_POINT ( 'NONE',  ( 40.46169736470407940, 7.999999999999998224, -10.70578932701427277 ) ) ;
#869 = DIRECTION ( 'NONE',  ( 0.000000000000000000, 1.000000000000000000, 0.000000000000000000 ) ) ;
#870 = PERSON_AND_ORGANIZATION ( #645, #84 ) ;
#871 = EDGE_LOOP ( 'NONE', ( #849, #1184 ) ) ;
#872 = CARTESIAN_POINT ( 'NONE',  ( 39.20365674135462797, 6.289840262441082963, -9.798148697849725863 ) ) ;
#873 = ADVANCED_FACE ( 'NONE', ( #1442 ), #881, .F. ) ;
#874 = EDGE_LOOP ( 'NONE', ( #596, #1071, #1396, #29, #865 ) ) ;
#875 = CARTESIAN_POINT ( 'NONE',  ( 41.06755185082953119, 7.338603617516096023, -5.229767090987200717 ) ) ;
#876 = CARTESIAN_POINT ( 'NONE',  ( 7.758865896508323701, 2.000000000000000000, -0.7999999999999917177 ) ) ;
#877 = DATE_AND_TIME ( #408, #1160 ) ;
#878 = VERTEX_POINT ( 'NONE', #749 ) ;
#879 = CARTESIAN_POINT ( 'NONE',  ( 39.44307244117347011, 6.449035388505593325, -9.888769516154244599 ) ) ;
#880 = ORIENTED_EDGE ( 'NONE', *, *, #563, .F. ) ;
#881 = PLANE ( 'NONE',  #533 ) ;
#882 = ADVANCED_FACE ( 'NONE', ( #1242 ), #417, .T. ) ;
#883 = CARTESIAN_POINT ( 'NONE',  ( 40.32095794151029367, 7.336586769880391934, -10.38432263113216791 ) ) ;
#884 = ADVANCED_FACE ( 'NONE', ( #353 ), #903, .F. ) ;
#885 = AXIS2_PLACEMENT_3D ( 'NONE', #1055, #822, #595 ) ;
#886 = CONICAL_SURFACE ( 'NONE', #1255, 7.300000000000000711, 0.4228539261329427035 ) ;
#887 = CIRCLE ( 'NONE', #249, 2.000000000000000000 ) ;
#888 = EDGE_LOOP ( 'NONE', ( #776, #255, #167, #1208, #481, #1418 ) ) ;
#889 = CIRCLE ( 'NONE', #489, 7.500000000000000000 ) ;
#890 = DIRECTION ( 'NONE',  ( 0.000000000000000000, 0.000000000000000000, -1.000000000000000000 ) ) ;
#891 = ORIENTED_EDGE ( 'NONE', *, *, #1061, .F. ) ;
#892 = DIRECTION ( 'NONE',  ( 0.000000000000000000, 0.000000000000000000, 1.000000000000000000 ) ) ;
#893 = FACE_OUTER_BOUND ( 'NONE', #637, .T. ) ;
#894 = ADVANCED_FACE ( 'NONE', ( #1232 ), #1369, .T. ) ;
#895 = ORIENTED_EDGE ( 'NONE', *, *, #617, .T. ) ;
#896 = LINE ( 'NONE', #452, #625 ) ;
#897 = ORIENTED_EDGE ( 'NONE', *, *, #1063, .F. ) ;
#898 = CARTESIAN_POINT ( 'NONE',  ( 45.50000000000000711, 6.000000000000000000, -8.500000000000000000 ) ) ;
#899 = CARTESIAN_POINT ( 'NONE',  ( 38.23109203849616478, 2.000000000000000000, -7.826964304671681028 ) ) ;
#900 = EDGE_CURVE ( 'NONE', #782, #654, #556, .T. ) ;
#901 = DIRECTION ( 'NONE',  ( 0.000000000000000000, 0.000000000000000000, -1.000000000000000000 ) ) ;
#902 = ORIENTED_EDGE ( 'NONE', *, *, #8, .F. ) ;
#903 = CYLINDRICAL_SURFACE ( 'NONE', #1214, 1.500000000000003997 ) ;
#904 = ORIENTED_EDGE ( 'NONE', *, *, #1243, .F. ) ;
#905 = CARTESIAN_POINT ( 'NONE',  ( 3.328201177351374440, 6.000000000000000000, -4.992301766027063437 ) ) ;
#906 = AXIS2_PLACEMENT_3D ( 'NONE', #1029, #474, #356 ) ;
#907 = CIRCLE ( 'NONE', #653, 1.499999999999996891 ) ;
#908 = CARTESIAN_POINT ( 'NONE',  ( 40.74366079364451565, 6.000000000000000000, -5.738254654374229879 ) ) ;
#909 = CIRCLE ( 'NONE', #274, 6.499999999999999112 ) ;
#910 = B_SPLINE_CURVE_WITH_KNOTS ( 'NONE', 3,
 ( #4, #587, #698, #109 ),
 .UNSPECIFIED., .F., .F.,
 ( 4, 4 ),
 ( 0.000000000000000000, 0.004677375660377272940 ),
 .UNSPECIFIED. ) ;
#911 = EDGE_CURVE ( 'NONE', #782, #418, #67, .T. ) ;
#912 = CONICAL_SURFACE ( 'NONE', #1119, 7.799999999999993605, 0.4228539261329427035 ) ;
#913 = ORIENTED_EDGE ( 'NONE', *, *, #1421, .T. ) ;
#914 = CYLINDRICAL_SURFACE ( 'NONE', #35, 1.500000000000004885 ) ;
#915 = AXIS2_PLACEMENT_3D ( 'NONE', #1026, #928, #340 ) ;
#916 = DIRECTION ( 'NONE',  ( 0.000000000000000000, 1.000000000000000000, 0.000000000000000000 ) ) ;
#917 = FACE_OUTER_BOUND ( 'NONE', #381, .T. ) ;
#918 = ORIENTED_EDGE ( 'NONE', *, *, #503, .T. ) ;
#919 = DIRECTION ( 'NONE',  ( -0.000000000000000000, -1.000000000000000000, -0.000000000000000000 ) ) ;
#920 = EDGE_CURVE ( 'NONE', #3, #463, #910, .T. ) ;
#921 = CARTESIAN_POINT ( 'NONE',  ( 14.99999999999999467, -4.000000000000000000, -16.00000000000000711 ) ) ;
#922 = LINE ( 'NONE', #1372, #1191 ) ;
#923 = FACE_OUTER_BOUND ( 'NONE', #608, .T. ) ;
#924 = APPROVAL ( #541, 'UNSPECIFIED' ) ;
#925 = VERTEX_POINT ( 'NONE', #678 ) ;
#926 = DIRECTION ( 'NONE',  ( -0.000000000000000000, -1.000000000000000000, -0.000000000000000000 ) ) ;
#927 = EDGE_CURVE ( 'NONE', #192, #543, #1236, .T. ) ;
#928 = DIRECTION ( 'NONE',  ( 0.000000000000000000, 1.000000000000000000, 0.000000000000000000 ) ) ;
#929 = CARTESIAN_POINT ( 'NONE',  ( 11.43652617608627331, 2.000000000000000000, -13.90979311621184422 ) ) ;
#930 = APPROVAL_PERSON_ORGANIZATION ( #863, #567, #1310 ) ;
#931 =( LENGTH_UNIT ( ) NAMED_UNIT ( * ) SI_UNIT ( .MILLI., .METRE. ) );
#932 = ORIENTED_EDGE ( 'NONE', *, *, #585, .F. ) ;
#933 = AXIS2_PLACEMENT_3D ( 'NONE', #470, #20, #797 ) ;
#934 = DIRECTION ( 'NONE',  ( 0.000000000000000000, 0.000000000000000000, -1.000000000000000000 ) ) ;
#935 = CIRCLE ( 'NONE', #299, 6.499999999999999112 ) ;
#936 = ORIENTED_EDGE ( 'NONE', *, *, #920, .T. ) ;
#937 = CARTESIAN_POINT ( 'NONE',  ( 35.21419407978745397, 2.000000000000000000, -4.609029271623857227 ) ) ;
#938 = CIRCLE ( 'NONE', #210, 7.500000000000000000 ) ;
#939 = CARTESIAN_POINT ( 'NONE',  ( 45.50000000000000711, 0.000000000000000000, -8.500000000000000000 ) ) ;
#940 = EDGE_CURVE ( 'NONE', #388, #1086, #909, .T. ) ;
#941 = VERTEX_POINT ( 'NONE', #124 ) ;
#942 = CARTESIAN_POINT ( 'NONE',  ( 37.88541343521348637, 2.000000000000000000, -0.7999999999999917177 ) ) ;
#943 = ORIENTED_EDGE ( 'NONE', *, *, #734, .F. ) ;
#944 = DIRECTION ( 'NONE',  ( 0.000000000000000000, 1.000000000000000000, 0.000000000000000000 ) ) ;
#945 = CARTESIAN_POINT ( 'NONE',  ( 0.000000000000000000, 6.000000000000000000, 0.000000000000000000 ) ) ;
#946 = ADVANCED_FACE ( 'NONE', ( #454 ), #1037, .F. ) ;
#947 = ORIENTED_EDGE ( 'NONE', *, *, #18, .F. ) ;
#948 = CARTESIAN_POINT ( 'NONE',  ( 37.88541343521348637, 2.000000000000000000, -28.88302273367778739 ) ) ;
#949 = ORIENTED_EDGE ( 'NONE', *, *, #1385, .F. ) ;
#950 = CARTESIAN_POINT ( 'NONE',  ( 5.916079783099617018, 6.000000000000000000, 1.000000000000000222 ) ) ;
#951 = FACE_BOUND ( 'NONE', #677, .T. ) ;
#952 = APPLICATION_PROTOCOL_DEFINITION ( 'international standard', 'config_control_design', 1994, #785 ) ;
#953 = ADVANCED_FACE ( 'NONE', ( #1025 ), #914, .F. ) ;
#954 = EDGE_LOOP ( 'NONE', ( #1019, #278 ) ) ;
#955 = DIRECTION ( 'NONE',  ( 0.000000000000000000, 0.000000000000000000, 1.000000000000000000 ) ) ;
#956 = CIRCLE ( 'NONE', #764, 1.500000000000003997 ) ;
#957 = ADVANCED_FACE ( 'NONE', ( #358 ), #10, .T. ) ;
#958 = VECTOR ( 'NONE', #803, 1000.000000000000227 ) ;
#959 = ORIENTED_EDGE ( 'NONE', *, *, #1364, .T. ) ;
#960 = DIRECTION ( 'NONE',  ( -0.000000000000000000, -1.000000000000000000, 0.000000000000000000 ) ) ;
#961 = CIRCLE ( 'NONE', #602, 5.500000000000002665 ) ;
#962 = LINE ( 'NONE', #289, #1237 ) ;
#963 = PRODUCT ( '링크_엔드이펙터컨트롤', '링크_엔드이펙터컨트롤', '', ( #1200 ) ) ;
#964 = VERTEX_POINT ( 'NONE', #792 ) ;
#965 = DIRECTION ( 'NONE',  ( 0.000000000000000000, 0.000000000000000000, 1.000000000000000000 ) ) ;
#966 = EDGE_LOOP ( 'NONE', ( #1293, #826, #1273, #1194, #426, #497, #819, #571, #322, #796, #989, #409 ) ) ;
#967 = CARTESIAN_POINT ( 'NONE',  ( 45.50000000000000711, 9.500000000000000000, -8.500000000000000000 ) ) ;
#968 = EDGE_CURVE ( 'NONE', #186, #1250, #575, .T. ) ;
#969 = CARTESIAN_POINT ( 'NONE',  ( 22.81668600157281546, 2.000000000000000000, -0.7999999999999917177 ) ) ;
#970 = CALENDAR_DATE ( 2024, 26, 9 ) ;
#971 = ORIENTED_EDGE ( 'NONE', *, *, #1136, .F. ) ;
#972 = CARTESIAN_POINT ( 'NONE',  ( 30.00000000000000000, 6.000000000000000000, -1.000000000000004441 ) ) ;
#973 = EDGE_LOOP ( 'NONE', ( #101, #577, #379, #664 ) ) ;
#974 = DIRECTION ( 'NONE',  ( 1.000000000000000000, -0.000000000000000000, 0.000000000000000000 ) ) ;
#975 = DIRECTION ( 'NONE',  ( 0.000000000000000000, 0.000000000000000000, -1.000000000000000000 ) ) ;
#976 = EDGE_CURVE ( 'NONE', #216, #925, #961, .T. ) ;
#977 = PERSON_AND_ORGANIZATION_ROLE ( 'creator' ) ;
#978 = ORIENTED_EDGE ( 'NONE', *, *, #663, .T. ) ;
#979 = CARTESIAN_POINT ( 'NONE',  ( 44.37141270130165083, 7.548733737540155531, -3.070312500000010658 ) ) ;
#980 = ORIENTED_EDGE ( 'NONE', *, *, #143, .T. ) ;
#981 = DIRECTION ( 'NONE',  ( 0.000000000000000000, 0.000000000000000000, -1.000000000000000000 ) ) ;
#982 = CIRCLE ( 'NONE', #1027, 5.999999999999999112 ) ;
#983 = LINE ( 'NONE', #1448, #1165 ) ;
#984 = AXIS2_PLACEMENT_3D ( 'NONE', #818, #1072, #955 ) ;
#985 = CC_DESIGN_PERSON_AND_ORGANIZATION_ASSIGNMENT ( #640, #1089, ( #1193 ) ) ;
#986 = CIRCLE ( 'NONE', #348, 9.070312500000007105 ) ;
#987 = PERSON_AND_ORGANIZATION ( #645, #84 ) ;
#988 = AXIS2_PLACEMENT_3D ( 'NONE', #1267, #944, #264 ) ;
#989 = ORIENTED_EDGE ( 'NONE', *, *, #999, .T. ) ;
#990 = CARTESIAN_POINT ( 'NONE',  ( 15.00000000000000000, 6.000000000000000000, -4.999999999999996447 ) ) ;
#991 = VERTEX_POINT ( 'NONE', #1057 ) ;
#992 = DIRECTION ( 'NONE',  ( 0.000000000000000000, 0.000000000000000000, 1.000000000000000000 ) ) ;
#993 = CARTESIAN_POINT ( 'NONE',  ( 34.04977389932307830, 6.000000000000000000, 5.000000000000000000 ) ) ;
#994 = B_SPLINE_CURVE_WITH_KNOTS ( 'NONE', 3,
 ( #1192, #633, #164, #1309 ),
 .UNSPECIFIED., .F., .F.,
 ( 4, 4 ),
 ( 3.271992107195411249E-17, 0.004706457022896908156 ),
 .UNSPECIFIED. ) ;
#995 = DATE_AND_TIME ( #626, #203 ) ;
#996 = ADVANCED_FACE ( 'NONE', ( #380 ), #145, .F. ) ;
#997 = EDGE_LOOP ( 'NONE', ( #707, #79 ) ) ;
#998 = CARTESIAN_POINT ( 'NONE',  ( 45.50000000000000711, 6.000000000000000000, -8.500000000000000000 ) ) ;
#999 = EDGE_CURVE ( 'NONE', #330, #853, #486, .T. ) ;
#1000 = ORIENTED_EDGE ( 'NONE', *, *, #516, .F. ) ;
#1001 = DIRECTION ( 'NONE',  ( -0.000000000000000000, -1.000000000000000000, -0.000000000000000000 ) ) ;
#1002 = FACE_OUTER_BOUND ( 'NONE', #55, .T. ) ;
#1003 = FACE_OUTER_BOUND ( 'NONE', #251, .T. ) ;
#1004 = CARTESIAN_POINT ( 'NONE',  ( 43.10690376421659664, 6.671720478088532857, -3.034166601552913178 ) ) ;
#1005 = ORIENTED_EDGE ( 'NONE', *, *, #684, .F. ) ;
#1006 = CARTESIAN_POINT ( 'NONE',  ( 44.07031250000001421, 0.000000000000000000, 6.000000000000000000 ) ) ;
#1007 = EDGE_CURVE ( 'NONE', #1304, #363, #789, .T. ) ;
#1008 = DIRECTION ( 'NONE',  ( 0.000000000000000000, 0.000000000000000000, -1.000000000000000000 ) ) ;
#1009 = AXIS2_PLACEMENT_3D ( 'NONE', #655, #1226, #992 ) ;
#1010 = DIRECTION ( 'NONE',  ( 0.000000000000000000, 0.000000000000000000, 1.000000000000000000 ) ) ;
#1011 = CIRCLE ( 'NONE', #561, 16.25889575126119624 ) ;
#1012 = CARTESIAN_POINT ( 'NONE',  ( 43.57525958187017778, 8.000000000000000000, -13.65222032941308328 ) ) ;
#1013 = CC_DESIGN_PERSON_AND_ORGANIZATION_ASSIGNMENT ( #870, #531, ( #963 ) ) ;
#1014 = ORIENTED_EDGE ( 'NONE', *, *, #308, .T. ) ;
#1015 = CARTESIAN_POINT ( 'NONE',  ( 39.62627177965264025, 6.113576791191376536, -5.030347518073885915 ) ) ;
#1016 = ADVANCED_FACE ( 'NONE', ( #1178 ), #268, .F. ) ;
#1017 = DIRECTION ( 'NONE',  ( 0.000000000000000000, 0.000000000000000000, 1.000000000000000000 ) ) ;
#1018 = CARTESIAN_POINT ( 'NONE',  ( 40.86871533044509874, 6.320682467400597915, -12.89529161903090859 ) ) ;
#1019 = ORIENTED_EDGE ( 'NONE', *, *, #1323, .T. ) ;
#1020 = CARTESIAN_POINT ( 'NONE',  ( 41.00536572778074174, 7.383362650320853149, -5.170368290811888201 ) ) ;
#1021 = DIRECTION ( 'NONE',  ( -0.000000000000000000, -1.000000000000000000, -0.000000000000000000 ) ) ;
#1022 = EDGE_CURVE ( 'NONE', #47, #123, #441, .T. ) ;
#1023 = CARTESIAN_POINT ( 'NONE',  ( 38.80769272857860841, 3.368718239170305662, -8.458126779470363843 ) ) ;
#1024 = VERTEX_POINT ( 'NONE', #1065 ) ;
#1025 = FACE_OUTER_BOUND ( 'NONE', #1131, .T. ) ;
#1026 = CARTESIAN_POINT ( 'NONE',  ( 14.99999999999999467, 6.000000000000000000, -22.50000000000000711 ) ) ;
#1027 = AXIS2_PLACEMENT_3D ( 'NONE', #1370, #916, #1247 ) ;
#1028 = EDGE_CURVE ( 'NONE', #543, #429, #825, .T. ) ;
#1029 = CARTESIAN_POINT ( 'NONE',  ( 15.00000000000000000, 6.000000000000000000, 0.4999999999999995559 ) ) ;
#1030 = AXIS2_PLACEMENT_3D ( 'NONE', #1155, #1149, #1185 ) ;
#1031 = VECTOR ( 'NONE', #1420, 1000.000000000000114 ) ;
#1032 = VERTEX_POINT ( 'NONE', #614 ) ;
#1033 = CARTESIAN_POINT ( 'NONE',  ( 30.00000000000000000, 6.000000000000000000, 0.4999999999999995559 ) ) ;
#1034 = DIRECTION ( 'NONE',  ( 0.000000000000000000, 0.000000000000000000, 1.000000000000000000 ) ) ;
#1035 = DIRECTION ( 'NONE',  ( 1.000000000000000000, 0.000000000000000000, 0.000000000000000000 ) ) ;
#1036 = VERTEX_POINT ( 'NONE', #591 ) ;
#1037 = CYLINDRICAL_SURFACE ( 'NONE', #1073, 1.500000000000004885 ) ;
#1038 = CARTESIAN_POINT ( 'NONE',  ( 38.08487929409999140, 6.000000000000000000, -9.625159951710388739 ) ) ;
#1039 = CARTESIAN_POINT ( 'NONE',  ( 34.04977389932307830, 6.000000000000000000, 6.000000000000000000 ) ) ;
#1040 = FACE_OUTER_BOUND ( 'NONE', #150, .T. ) ;
#1041 = EDGE_LOOP ( 'NONE', ( #1066, #737, #791, #594 ) ) ;
#1042 = DIRECTION ( 'NONE',  ( -0.000000000000000000, -1.000000000000000000, -0.000000000000000000 ) ) ;
#1043 = VERTEX_POINT ( 'NONE', #705 ) ;
#1044 = LINE ( 'NONE', #33, #91 ) ;
#1045 = EDGE_CURVE ( 'NONE', #925, #418, #63, .T. ) ;
#1046 = CARTESIAN_POINT ( 'NONE',  ( 21.50260519475585497, 4.717669081053599278, -17.69267959631276099 ) ) ;
#1047 = ORIENTED_EDGE ( 'NONE', *, *, #387, .F. ) ;
#1048 = DIRECTION ( 'NONE',  ( -0.000000000000000000, 1.000000000000000000, -0.000000000000000000 ) ) ;
#1049 = VECTOR ( 'NONE', #17, 1000.000000000000000 ) ;
#1050 = AXIS2_PLACEMENT_3D ( 'NONE', #106, #1253, #1010 ) ;
#1051 = ORIENTED_EDGE ( 'NONE', *, *, #1393, .F. ) ;
#1052 = DIRECTION ( 'NONE',  ( 0.000000000000000000, 1.000000000000000000, 0.000000000000000000 ) ) ;
#1053 = CIRCLE ( 'NONE', #530, 2.000000000000000000 ) ;
#1054 = DIRECTION ( 'NONE',  ( -0.000000000000000000, -1.000000000000000000, -0.000000000000000000 ) ) ;
#1055 = CARTESIAN_POINT ( 'NONE',  ( 0.000000000000000000, 0.000000000000000000, 0.000000000000000000 ) ) ;
#1056 = ORIENTED_EDGE ( 'NONE', *, *, #1022, .T. ) ;
#1057 = CARTESIAN_POINT ( 'NONE',  ( 0.000000000000000000, 0.000000000000000000, -2.000000000000000000 ) ) ;
#1058 = VERTEX_POINT ( 'NONE', #498 ) ;
#1059 = CARTESIAN_POINT ( 'NONE',  ( 15.00000000000000000, 2.000000000000000000, -6.799999999999989164 ) ) ;
#1060 = DIRECTION ( 'NONE',  ( 0.000000000000000000, 0.000000000000000000, 1.000000000000000000 ) ) ;
#1061 = EDGE_CURVE ( 'NONE', #396, #263, #848, .T. ) ;
#1062 = CARTESIAN_POINT ( 'NONE',  ( 0.000000000000000000, 6.000000000000000000, 0.000000000000000000 ) ) ;
#1063 = EDGE_CURVE ( 'NONE', #1278, #1086, #174, .T. ) ;
#1064 = VERTEX_POINT ( 'NONE', #41 ) ;
#1065 = CARTESIAN_POINT ( 'NONE',  ( 30.00000000000000000, 6.000000000000000000, 2.000000000000003553 ) ) ;
#1066 = ORIENTED_EDGE ( 'NONE', *, *, #1393, .T. ) ;
#1067 = CARTESIAN_POINT ( 'NONE',  ( 22.22426675722038780, 6.000000000000000000, -24.51493667903494256 ) ) ;
#1068 = CARTESIAN_POINT ( 'NONE',  ( 45.50000000000000711, 0.000000000000000000, -3.000000000000000888 ) ) ;
#1069 = DIRECTION ( 'NONE',  ( 0.000000000000000000, 0.000000000000000000, 1.000000000000000000 ) ) ;
#1070 = ADVANCED_FACE ( 'NONE', ( #513 ), #649, .T. ) ;
#1071 = ORIENTED_EDGE ( 'NONE', *, *, #1196, .F. ) ;
#1072 = DIRECTION ( 'NONE',  ( 0.000000000000000000, 1.000000000000000000, 0.000000000000000000 ) ) ;
#1073 = AXIS2_PLACEMENT_3D ( 'NONE', #345, #1455, #572 ) ;
#1074 = ORIENTED_EDGE ( 'NONE', *, *, #100, .T. ) ;
#1075 = DIRECTION ( 'NONE',  ( 0.000000000000000000, 0.000000000000000000, 1.000000000000000000 ) ) ;
#1076 = CIRCLE ( 'NONE', #366, 5.500000000000002665 ) ;
#1077 = CARTESIAN_POINT ( 'NONE',  ( 0.000000000000000000, 6.000000000000000000, 0.000000000000000000 ) ) ;
#1078 = SHAPE_DEFINITION_REPRESENTATION ( #1379, #1275 ) ;
#1079 = ORIENTED_EDGE ( 'NONE', *, *, #1087, .F. ) ;
#1080 = CARTESIAN_POINT ( 'NONE',  ( 0.000000000000000000, 0.000000000000000000, 0.000000000000000000 ) ) ;
#1081 = EDGE_LOOP ( 'NONE', ( #315, #722, #1264, #656, #402, #259, #710, #1439, #1287, #506, #61, #285 ) ) ;
#1082 = CARTESIAN_POINT ( 'NONE',  ( 34.97043280722881775, 4.688104070834626214, -3.068713533532913207 ) ) ;
#1083 = DIRECTION ( 'NONE',  ( 0.000000000000000000, 1.000000000000000000, 0.000000000000000000 ) ) ;
#1084 = EDGE_LOOP ( 'NONE', ( #1148, #146, #85, #551 ) ) ;
#1085 = CARTESIAN_POINT ( 'NONE',  ( 38.23109203849616478, 2.000000000000000000, -7.826964304671681028 ) ) ;
#1086 = VERTEX_POINT ( 'NONE', #723 ) ;
#1087 = EDGE_CURVE ( 'NONE', #186, #330, #207, .T. ) ;
#1088 = CYLINDRICAL_SURFACE ( 'NONE', #65, 1.000000000000000000 ) ;
#1089 = PERSON_AND_ORGANIZATION_ROLE ( 'creator' ) ;
#1090 = ORIENTED_EDGE ( 'NONE', *, *, #94, .T. ) ;
#1091 = CARTESIAN_POINT ( 'NONE',  ( 39.85102174958603882, 6.817416065963046279, -10.09330028078490038 ) ) ;
#1092 = EDGE_LOOP ( 'NONE', ( #385, #1289, #1047, #770, #527 ) ) ;
#1093 = APPROVAL_PERSON_ORGANIZATION ( #1292, #456, #766 ) ;
#1094 = CARTESIAN_POINT ( 'NONE',  ( 41.25969476431274074, 8.000000000000030198, -4.997170927920808303 ) ) ;
#1095 = CIRCLE ( 'NONE', #1277, 9.070312500000007105 ) ;
#1096 = PLANE ( 'NONE',  #1333 ) ;
#1097 = AXIS2_PLACEMENT_3D ( 'NONE', #1387, #1288, #965 ) ;
#1098 = CIRCLE ( 'NONE', #1257, 5.500000000000000000 ) ;
#1099 = CIRCLE ( 'NONE', #392, 1.499999999999996891 ) ;
#1100 = ORIENTED_EDGE ( 'NONE', *, *, #727, .F. ) ;
#1101 = CARTESIAN_POINT ( 'NONE',  ( 38.37988632256757882, 6.016079755599000656, -9.637180950451959660 ) ) ;
#1102 = EDGE_LOOP ( 'NONE', ( #493, #681, #1014, #1367, #411, #650, #635, #373, #641, #469, #499, #404, #1162, #902, #287, #1135, #729, #1056, #422, #298, #1179 ) ) ;
#1103 = DIRECTION ( 'NONE',  ( -0.000000000000000000, -0.4103646773287994987, 0.9119215051751056178 ) ) ;
#1104 = DIRECTION ( 'NONE',  ( 0.000000000000000000, 1.000000000000000000, 0.000000000000000000 ) ) ;
#1105 = EDGE_CURVE ( 'NONE', #398, #208, #492, .T. ) ;
#1106 = DIRECTION ( 'NONE',  ( 0.000000000000000000, 0.000000000000000000, -1.000000000000000000 ) ) ;
#1107 = FACE_BOUND ( 'NONE', #871, .T. ) ;
#1108 = ORIENTED_EDGE ( 'NONE', *, *, #434, .T. ) ;
#1109 = DIRECTION ( 'NONE',  ( 0.000000000000000000, -0.9119215051751055068, -0.4103646773287996652 ) ) ;
#1110 = DIRECTION ( 'NONE',  ( 1.000000000000000000, 0.000000000000000000, 0.000000000000000000 ) ) ;
#1111 = CARTESIAN_POINT ( 'NONE',  ( 21.44396642600152703, 2.694510938416984303, -16.22572961292446436 ) ) ;
#1112 = CARTESIAN_POINT ( 'NONE',  ( 40.14561750840984189, 6.000000000000000000, -9.757214434276344051 ) ) ;
#1113 = EDGE_CURVE ( 'NONE', #1024, #1388, #730, .T. ) ;
#1114 = VERTEX_POINT ( 'NONE', #1378 ) ;
#1115 = DIRECTION ( 'NONE',  ( -0.000000000000000000, -1.000000000000000000, -0.000000000000000000 ) ) ;
#1116 = LOCAL_TIME ( 23, 18, 15.00000000000000000, #179 ) ;
#1117 = DIRECTION ( 'NONE',  ( 0.000000000000000000, 0.000000000000000000, 1.000000000000000000 ) ) ;
#1118 = CIRCLE ( 'NONE', #37, 1.499999999999996891 ) ;
#1119 = AXIS2_PLACEMENT_3D ( 'NONE', #553, #763, #1008 ) ;
#1120 = CARTESIAN_POINT ( 'NONE',  ( 30.00000000000000000, 6.000000000000000000, 0.4999999999999995559 ) ) ;
#1121 = EDGE_LOOP ( 'NONE', ( #752, #1225, #704, #306 ) ) ;
#1122 = CARTESIAN_POINT ( 'NONE',  ( 14.99999999999999467, 6.000000000000000000, -22.50000000000000711 ) ) ;
#1123 = DIRECTION ( 'NONE',  ( 0.000000000000000000, 1.000000000000000000, 0.000000000000000000 ) ) ;
#1124 = ADVANCED_FACE ( 'NONE', ( #1410 ), #886, .T. ) ;
#1125 = CARTESIAN_POINT ( 'NONE',  ( 39.77352443471785648, 5.363793921423471112, -9.424957197043859480 ) ) ;
#1126 = ORIENTED_EDGE ( 'NONE', *, *, #212, .T. ) ;
#1127 = CARTESIAN_POINT ( 'NONE',  ( 41.25969476431274074, 8.000000000000030198, -4.997170927920808303 ) ) ;
#1128 = DIRECTION ( 'NONE',  ( 0.000000000000000000, 0.000000000000000000, 1.000000000000000000 ) ) ;
#1129 = EDGE_CURVE ( 'NONE', #1024, #1177, #836, .T. ) ;
#1130 = CARTESIAN_POINT ( 'NONE',  ( 14.99999999999999467, 0.000000000000000000, -22.50000000000000711 ) ) ;
#1131 = EDGE_LOOP ( 'NONE', ( #615, #134, #1108, #160 ) ) ;
#1132 = DIRECTION ( 'NONE',  ( -0.000000000000000000, -1.000000000000000000, -0.000000000000000000 ) ) ;
#1133 = DIRECTION ( 'NONE',  ( -0.000000000000000000, -1.000000000000000000, -0.000000000000000000 ) ) ;
#1134 = PRODUCT_RELATED_PRODUCT_CATEGORY ( 'detail', '', ( #963 ) ) ;
#1135 = ORIENTED_EDGE ( 'NONE', *, *, #359, .T. ) ;
#1136 = EDGE_CURVE ( 'NONE', #1032, #1064, #96, .T. ) ;
#1137 = AXIS2_PLACEMENT_3D ( 'NONE', #464, #1244, #1344 ) ;
#1138 =( BOUNDED_CURVE ( )  B_SPLINE_CURVE ( 3, ( #644, #539, #875, #546 ),
 .UNSPECIFIED., .F., .T. ) 
 B_SPLINE_CURVE_WITH_KNOTS ( ( 4, 4 ),
 ( 1.570796326794900333, 1.735171910825554775 ),
 .UNSPECIFIED. ) 
 CURVE ( )  GEOMETRIC_REPRESENTATION_ITEM ( )  RATIONAL_B_SPLINE_CURVE ( ( 1.000000000000000000, 0.9977496561006209408, 0.9977496561006209408, 1.000000000000000000 ) ) 
 REPRESENTATION_ITEM ( '' )  );
#1139 = DIRECTION ( 'NONE',  ( 0.000000000000000000, 0.000000000000000000, 1.000000000000000000 ) ) ;
#1140 = AXIS2_PLACEMENT_3D ( 'NONE', #1343, #242, #802 ) ;
#1141 = AXIS2_PLACEMENT_3D ( 'NONE', #945, #858, #1060 ) ;
#1142 = ORIENTED_EDGE ( 'NONE', *, *, #1205, .T. ) ;
#1143 = CARTESIAN_POINT ( 'NONE',  ( 39.13491422653452645, 6.000000000000000888, -4.804143744439382857 ) ) ;
#1144 = FACE_OUTER_BOUND ( 'NONE', #1092, .T. ) ;
#1145 = CARTESIAN_POINT ( 'NONE',  ( 30.00000000000000000, 6.000000000000000000, 0.4999999999999995559 ) ) ;
#1146 = CARTESIAN_POINT ( 'NONE',  ( 39.68958303987420067, 6.000000000000003553, -12.71918735532041644 ) ) ;
#1147 = EDGE_CURVE ( 'NONE', #878, #991, #887, .T. ) ;
#1148 = ORIENTED_EDGE ( 'NONE', *, *, #496, .F. ) ;
#1149 = DIRECTION ( 'NONE',  ( 0.000000000000000000, 1.000000000000000000, 0.000000000000000000 ) ) ;
#1150 = VERTEX_POINT ( 'NONE', #1417 ) ;
#1151 = DIRECTION ( 'NONE',  ( 0.000000000000000000, 0.000000000000000000, 1.000000000000000000 ) ) ;
#1152 = CARTESIAN_POINT ( 'NONE',  ( 21.67420799788829200, 3.354469726057132561, -0.1904886232742792340 ) ) ;
#1153 = CARTESIAN_POINT ( 'NONE',  ( 5.707569022481848720, 2.000000000000000000, -5.316357385805200231 ) ) ;
#1154 = VERTEX_POINT ( 'NONE', #184 ) ;
#1155 = CARTESIAN_POINT ( 'NONE',  ( 30.00000000000000000, 6.000000000000000000, 0.4999999999999995559 ) ) ;
#1156 = ADVANCED_FACE ( 'NONE', ( #526 ), #808, .T. ) ;
#1157 = EDGE_LOOP ( 'NONE', ( #162, #40, #371, #1261 ) ) ;
#1158 = DIRECTION ( 'NONE',  ( 0.000000000000000000, 1.000000000000000000, 0.000000000000000000 ) ) ;
#1159 = CARTESIAN_POINT ( 'NONE',  ( 24.52277442494833437, 6.000000000000000000, 1.000000000000000000 ) ) ;
#1160 = LOCAL_TIME ( 23, 18, 15.00000000000000000, #757 ) ;
#1161 = CIRCLE ( 'NONE', #421, 7.500000000000000000 ) ;
#1162 = ORIENTED_EDGE ( 'NONE', *, *, #451, .F. ) ;
#1163 = VECTOR ( 'NONE', #1048, 1000.000000000000000 ) ;
#1164 = DIRECTION ( 'NONE',  ( 0.000000000000000000, 0.000000000000000000, 1.000000000000000000 ) ) ;
#1165 = VECTOR ( 'NONE', #646, 999.9999999999998863 ) ;
#1166 = ORIENTED_EDGE ( 'NONE', *, *, #1383, .T. ) ;
#1167 = CARTESIAN_POINT ( 'NONE',  ( 14.99999999999999467, 0.000000000000000000, -22.50000000000000711 ) ) ;
#1168 = VECTOR ( 'NONE', #193, 1000.000000000000000 ) ;
#1169 = ADVANCED_FACE ( 'NONE', ( #1319 ), #657, .T. ) ;
#1170 = DIRECTION ( 'NONE',  ( -0.000000000000000000, -1.000000000000000000, -0.000000000000000000 ) ) ;
#1171 = CARTESIAN_POINT ( 'NONE',  ( 23.32579200211170090, 3.354469726057131673, -0.1904886232742796781 ) ) ;
#1172 = EDGE_LOOP ( 'NONE', ( #1258, #731, #1174, #1446 ) ) ;
#1173 = CARTESIAN_POINT ( 'NONE',  ( 40.74366079364451565, 6.000000000000000000, -5.738254654374229879 ) ) ;
#1174 = ORIENTED_EDGE ( 'NONE', *, *, #686, .T. ) ;
#1175 = DIRECTION ( 'NONE',  ( -0.000000000000000000, -1.000000000000000000, -0.000000000000000000 ) ) ;
#1176 = DIRECTION ( 'NONE',  ( 1.000000000000000000, 0.000000000000000000, 0.000000000000000000 ) ) ;
#1177 = VERTEX_POINT ( 'NONE', #972 ) ;
#1178 = FACE_OUTER_BOUND ( 'NONE', #291, .T. ) ;
#1179 = ORIENTED_EDGE ( 'NONE', *, *, #927, .T. ) ;
#1180 = DIRECTION ( 'NONE',  ( 0.000000000000000000, 1.000000000000000000, 0.000000000000000000 ) ) ;
#1181 = DIRECTION ( 'NONE',  ( -1.000000000000000000, 0.000000000000000000, -0.000000000000000000 ) ) ;
#1182 = ADVANCED_FACE ( 'NONE', ( #1312, #1219, #1107, #1424, #1202, #736 ), #1434, .F. ) ;
#1183 = EDGE_CURVE ( 'NONE', #229, #991, #314, .T. ) ;
#1184 = ORIENTED_EDGE ( 'NONE', *, *, #1147, .T. ) ;
#1185 = DIRECTION ( 'NONE',  ( 0.000000000000000000, 0.000000000000000000, 1.000000000000000000 ) ) ;
#1186 = CC_DESIGN_SECURITY_CLASSIFICATION ( #1328, ( #342 ) ) ;
#1187 = AXIS2_PLACEMENT_3D ( 'NONE', #1251, #919, #566 ) ;
#1188 = ORIENTED_EDGE ( 'NONE', *, *, #457, .F. ) ;
#1189 = DIRECTION ( 'NONE',  ( -0.000000000000000000, -1.000000000000000000, -0.000000000000000000 ) ) ;
#1190 = AXIS2_PLACEMENT_3D ( 'NONE', #998, #217, #190 ) ;
#1191 = VECTOR ( 'NONE', #375, 1000.000000000000000 ) ;
#1192 = CARTESIAN_POINT ( 'NONE',  ( 9.522774424948341476, 6.000000000000000000, 1.000000000000000000 ) ) ;
#1193 = PRODUCT_DEFINITION ( 'UNKNOWN', '', #342, #816 ) ;
#1194 = ORIENTED_EDGE ( 'NONE', *, *, #862, .T. ) ;
#1195 = CARTESIAN_POINT ( 'NONE',  ( 40.43406288856699859, 7.869737443420327772, -10.64266867798339433 ) ) ;
#1196 = EDGE_CURVE ( 'NONE', #1427, #1036, #1240, .T. ) ;
#1197 = ORIENTED_EDGE ( 'NONE', *, *, #716, .F. ) ;
#1198 = LINE ( 'NONE', #761, #1168 ) ;
#1199 = CYLINDRICAL_SURFACE ( 'NONE', #693, 9.070312500000007105 ) ;
#1200 = MECHANICAL_CONTEXT ( 'NONE', #785, 'mechanical' ) ;
#1201 = EDGE_LOOP ( 'NONE', ( #1318, #199, #519, #1241 ) ) ;
#1202 = FACE_BOUND ( 'NONE', #1203, .T. ) ;
#1203 = EDGE_LOOP ( 'NONE', ( #32, #855 ) ) ;
#1204 = CARTESIAN_POINT ( 'NONE',  ( 37.88541343521348637, 2.000000000000000000, -0.7999999999999917177 ) ) ;
#1205 = EDGE_CURVE ( 'NONE', #941, #1220, #442, .T. ) ;
#1206 = CARTESIAN_POINT ( 'NONE',  ( 40.46169736470407940, 7.999999999999998224, -10.70578932701427277 ) ) ;
#1207 = APPROVAL_DATE_TIME ( #995, #924 ) ;
#1208 = ORIENTED_EDGE ( 'NONE', *, *, #814, .F. ) ;
#1209 = CARTESIAN_POINT ( 'NONE',  ( 38.51294434384460885, 2.688064604831328364, -8.141262286225648737 ) ) ;
#1210 = ORIENTED_EDGE ( 'NONE', *, *, #1457, .T. ) ;
#1211 = CARTESIAN_POINT ( 'NONE',  ( 45.50000000000000711, 9.500000000000000000, -8.500000000000000000 ) ) ;
#1212 = EDGE_CURVE ( 'NONE', #443, #847, #118, .T. ) ;
#1213 = CARTESIAN_POINT ( 'NONE',  ( 14.99999999999999467, 0.000000000000000000, -16.00000000000000711 ) ) ;
#1214 = AXIS2_PLACEMENT_3D ( 'NONE', #1033, #926, #117 ) ;
#1215 = EDGE_CURVE ( 'NONE', #1036, #654, #1451, .T. ) ;
#1216 = AXIS2_PLACEMENT_3D ( 'NONE', #1431, #869, #105 ) ;
#1217 = DATE_AND_TIME ( #196, #11 ) ;
#1218 = ORIENTED_EDGE ( 'NONE', *, *, #201, .T. ) ;
#1219 = FACE_OUTER_BOUND ( 'NONE', #1081, .T. ) ;
#1220 = VERTEX_POINT ( 'NONE', #990 ) ;
#1221 = CARTESIAN_POINT ( 'NONE',  ( 45.50000000000000711, 9.500000000000000000, -6.999999999999995559 ) ) ;
#1222 = DIRECTION ( 'NONE',  ( -0.000000000000000000, -1.000000000000000000, -0.000000000000000000 ) ) ;
#1223 = CARTESIAN_POINT ( 'NONE',  ( 22.18331399842717744, 2.000000000000000000, -0.7999999999999917177 ) ) ;
#1224 = CYLINDRICAL_SURFACE ( 'NONE', #860, 7.500000000000000000 ) ;
#1225 = ORIENTED_EDGE ( 'NONE', *, *, #64, .T. ) ;
#1226 = DIRECTION ( 'NONE',  ( -0.000000000000000000, -1.000000000000000000, -0.000000000000000000 ) ) ;
#1227 = CARTESIAN_POINT ( 'NONE',  ( 44.07031250000001421, 6.000000000000000000, 6.000000000000000000 ) ) ;
#1228 = EDGE_CURVE ( 'NONE', #330, #643, #121, .T. ) ;
#1229 = DIRECTION ( 'NONE',  ( 0.000000000000000000, 0.000000000000000000, 1.000000000000000000 ) ) ;
#1230 = EDGE_CURVE ( 'NONE', #238, #216, #1076, .T. ) ;
#1231 = ORIENTED_EDGE ( 'NONE', *, *, #471, .T. ) ;
#1232 = FACE_OUTER_BOUND ( 'NONE', #807, .T. ) ;
#1233 = VECTOR ( 'NONE', #275, 1000.000000000000000 ) ;
#1234 = DIRECTION ( 'NONE',  ( 0.000000000000000000, 1.000000000000000000, 0.000000000000000000 ) ) ;
#1235 = CIRCLE ( 'NONE', #1425, 1.000000000000000000 ) ;
#1236 = CIRCLE ( 'NONE', #933, 5.999999999999999112 ) ;
#1237 = VECTOR ( 'NONE', #1175, 1000.000000000000000 ) ;
#1238 = CIRCLE ( 'NONE', #988, 6.499999999999999112 ) ;
#1239 = LINE ( 'NONE', #667, #1374 ) ;
#1240 = B_SPLINE_CURVE_WITH_KNOTS ( 'NONE', 3,
 ( #71, #102, #520, #549, #440, #1004, #410, #854 ),
 .UNSPECIFIED., .F., .F.,
 ( 4, 2, 2, 4 ),
 ( 0.000000000000000000, 0.0008704549250147831929, 0.001740909850029566386, 0.003481819700059112822 ),
 .UNSPECIFIED. ) ;
#1241 = ORIENTED_EDGE ( 'NONE', *, *, #1147, .F. ) ;
#1242 = FACE_OUTER_BOUND ( 'NONE', #590, .T. ) ;
#1243 = EDGE_CURVE ( 'NONE', #257, #606, #570, .T. ) ;
#1244 = DIRECTION ( 'NONE',  ( -0.000000000000000000, -1.000000000000000000, -0.000000000000000000 ) ) ;
#1245 = DIRECTION ( 'NONE',  ( -0.000000000000000000, -1.000000000000000000, -0.000000000000000000 ) ) ;
#1246 = ORIENTED_EDGE ( 'NONE', *, *, #119, .T. ) ;
#1247 = DIRECTION ( 'NONE',  ( 0.000000000000000000, 0.000000000000000000, 1.000000000000000000 ) ) ;
#1248 = ORIENTED_EDGE ( 'NONE', *, *, #368, .F. ) ;
#1249 = CARTESIAN_POINT ( 'NONE',  ( 14.99999999999999467, -4.000000000000000000, -22.50000000000000711 ) ) ;
#1250 = VERTEX_POINT ( 'NONE', #908 ) ;
#1251 = CARTESIAN_POINT ( 'NONE',  ( 45.50000000000000711, 6.000000000000000000, -8.500000000000000000 ) ) ;
#1252 = DIRECTION ( 'NONE',  ( 0.000000000000000000, 0.000000000000000000, 1.000000000000000000 ) ) ;
#1253 = DIRECTION ( 'NONE',  ( 0.000000000000000000, 1.000000000000000000, 0.000000000000000000 ) ) ;
#1254 = EDGE_CURVE ( 'NONE', #964, #1154, #896, .T. ) ;
#1255 = AXIS2_PLACEMENT_3D ( 'NONE', #403, #292, #934 ) ;
#1256 = CARTESIAN_POINT ( 'NONE',  ( 3.328201177351374440, 6.000000000000000000, -4.992301766027063437 ) ) ;
#1257 = AXIS2_PLACEMENT_3D ( 'NONE', #202, #1104, #547 ) ;
#1258 = ORIENTED_EDGE ( 'NONE', *, *, #191, .F. ) ;
#1259 = CARTESIAN_POINT ( 'NONE',  ( 40.21531180800040062, 6.435594032922345775, -5.204806455376708385 ) ) ;
#1260 = DIRECTION ( 'NONE',  ( -0.000000000000000000, -1.000000000000000000, -0.000000000000000000 ) ) ;
#1261 = ORIENTED_EDGE ( 'NONE', *, *, #663, .F. ) ;
#1262 = ADVANCED_FACE ( 'NONE', ( #917 ), #234, .T. ) ;
#1263 = CARTESIAN_POINT ( 'NONE',  ( 22.81668600157281546, 2.000000000000000000, -0.7999999999999917177 ) ) ;
#1264 = ORIENTED_EDGE ( 'NONE', *, *, #1383, .F. ) ;
#1265 = DIRECTION ( 'NONE',  ( 1.000000000000000000, 0.000000000000000000, 0.000000000000000000 ) ) ;
#1266 = ORIENTED_EDGE ( 'NONE', *, *, #999, .F. ) ;
#1267 = CARTESIAN_POINT ( 'NONE',  ( 14.99999999999999467, 0.000000000000000000, -22.50000000000000711 ) ) ;
#1268 = DIRECTION ( 'NONE',  ( 0.000000000000000000, 0.000000000000000000, 1.000000000000000000 ) ) ;
#1269 = FACE_OUTER_BOUND ( 'NONE', #973, .T. ) ;
#1270 = EDGE_CURVE ( 'NONE', #853, #3, #810, .T. ) ;
#1271 = ORIENTED_EDGE ( 'NONE', *, *, #716, .T. ) ;
#1272 = CARTESIAN_POINT ( 'NONE',  ( 39.19185363983132930, 3.350489676668945815, -6.215899701820871037 ) ) ;
#1273 = ORIENTED_EDGE ( 'NONE', *, *, #1243, .T. ) ;
#1274 = CARTESIAN_POINT ( 'NONE',  ( 7.816686001572821674, 2.000000000000000000, -0.7999999999999917177 ) ) ;
#1275 = ADVANCED_BREP_SHAPE_REPRESENTATION ( '링크_엔드이펙터컨트롤', ( #413, #623 ), #321 ) ;
#1276 = DIRECTION ( 'NONE',  ( 0.000000000000000000, 0.000000000000000000, -1.000000000000000000 ) ) ;
#1277 = AXIS2_PLACEMENT_3D ( 'NONE', #1006, #225, #892 ) ;
#1278 = VERTEX_POINT ( 'NONE', #1360 ) ;
#1279 = CARTESIAN_POINT ( 'NONE',  ( 15.00000000000000000, 2.000000000000000000, 0.4999999999999995559 ) ) ;
#1280 = CLOSED_SHELL ( 'NONE', ( #154, #1070, #1156, #946, #1016, #181, #804, #1320, #1169, #31, #478, #271, #215, #1182, #1366, #110, #290, #894, #437, #1339, #1413, #845, #884, #1345, #953, #957, #799, #1124, #428, #136, #996, #1262, #882, #873, #798, #282, #297, #354, #1356 ) ) ;
#1281 = EDGE_LOOP ( 'NONE', ( #534, #116, #735, #1380 ) ) ;
#1282 = CARTESIAN_POINT ( 'NONE',  ( 39.27527938561301113, 6.000000000000000000, -12.68364115010184356 ) ) ;
#1283 = EDGE_CURVE ( 'NONE', #512, #108, #775, .T. ) ;
#1284 = AXIS2_PLACEMENT_3D ( 'NONE', #382, #827, #1315 ) ;
#1285 = FACE_OUTER_BOUND ( 'NONE', #1347, .T. ) ;
#1286 = LINE ( 'NONE', #815, #786 ) ;
#1287 = ORIENTED_EDGE ( 'NONE', *, *, #569, .F. ) ;
#1288 = DIRECTION ( 'NONE',  ( -0.000000000000000000, -1.000000000000000000, -0.000000000000000000 ) ) ;
#1289 = ORIENTED_EDGE ( 'NONE', *, *, #532, .F. ) ;
#1290 = LINE ( 'NONE', #187, #713 ) ;
#1291 = DIRECTION ( 'NONE',  ( 0.000000000000000000, 0.000000000000000000, 1.000000000000000000 ) ) ;
#1292 = PERSON_AND_ORGANIZATION ( #645, #84 ) ;
#1293 = ORIENTED_EDGE ( 'NONE', *, *, #317, .T. ) ;
#1294 = DIRECTION ( 'NONE',  ( 0.8647889466100898703, 0.000000000000000000, -0.5021355173865031940 ) ) ;
#1295 = VERTEX_POINT ( 'NONE', #122 ) ;
#1296 = CARTESIAN_POINT ( 'NONE',  ( 0.000000000000000000, 6.000000000000000000, 6.000000000000000000 ) ) ;
#1297 = CARTESIAN_POINT ( 'NONE',  ( 30.00000000000000000, 2.000000000000000000, -6.799999999999994493 ) ) ;
#1298 = DATE_TIME_ROLE ( 'classification_date' ) ;
#1299 = EDGE_CURVE ( 'NONE', #448, #238, #1239, .T. ) ;
#1300 = APPROVAL_PERSON_ORGANIZATION ( #425, #924, #1317 ) ;
#1301 = ORIENTED_EDGE ( 'NONE', *, *, #8, .T. ) ;
#1302 = DIRECTION ( 'NONE',  ( -0.000000000000000000, -1.000000000000000000, -0.000000000000000000 ) ) ;
#1303 = AXIS2_PLACEMENT_3D ( 'NONE', #948, #397, #1164 ) ;
#1304 = VERTEX_POINT ( 'NONE', #1355 ) ;
#1305 = DIRECTION ( 'NONE',  ( -0.7587645567939564906, -0.4103646773287991101, -0.5058430378626372903 ) ) ;
#1306 = AXIS2_PLACEMENT_3D ( 'NONE', #1080, #78, #205 ) ;
#1307 = CIRCLE ( 'NONE', #1430, 16.25889575126119624 ) ;
#1308 = VECTOR ( 'NONE', #1324, 1000.000000000000000 ) ;
#1309 = CARTESIAN_POINT ( 'NONE',  ( 7.816686001572821674, 2.000000000000000000, -0.7999999999999917177 ) ) ;
#1310 = APPROVAL_ROLE ( '' ) ;
#1311 = ORIENTED_EDGE ( 'NONE', *, *, #487, .F. ) ;
#1312 = FACE_BOUND ( 'NONE', #954, .T. ) ;
#1313 = EDGE_CURVE ( 'NONE', #396, #1032, #1118, .T. ) ;
#1314 = ORIENTED_EDGE ( 'NONE', *, *, #814, .T. ) ;
#1315 = DIRECTION ( 'NONE',  ( 0.000000000000000000, 0.000000000000000000, 1.000000000000000000 ) ) ;
#1316 = FACE_OUTER_BOUND ( 'NONE', #874, .T. ) ;
#1317 = APPROVAL_ROLE ( '' ) ;
#1318 = ORIENTED_EDGE ( 'NONE', *, *, #779, .F. ) ;
#1319 = FACE_OUTER_BOUND ( 'NONE', #1281, .T. ) ;
#1320 = ADVANCED_FACE ( 'NONE', ( #467 ), #1224, .T. ) ;
#1321 = ORIENTED_EDGE ( 'NONE', *, *, #1323, .F. ) ;
#1322 = CARTESIAN_POINT ( 'NONE',  ( 14.99999999999999467, 0.000000000000000000, -30.00000000000000711 ) ) ;
#1323 = EDGE_CURVE ( 'NONE', #352, #1278, #935, .T. ) ;
#1324 = DIRECTION ( 'NONE',  ( 1.000000000000000000, 0.000000000000000000, 0.000000000000000000 ) ) ;
#1325 = VERTEX_POINT ( 'NONE', #662 ) ;
#1326 = CARTESIAN_POINT ( 'NONE',  ( 40.29272245340553837, 7.494211163304804302, -10.45298584047711898 ) ) ;
#1327 = ORIENTED_EDGE ( 'NONE', *, *, #221, .F. ) ;
#1328 = SECURITY_CLASSIFICATION ( '', '', #1432 ) ;
#1329 = DIRECTION ( 'NONE',  ( 0.8647889466100898703, 0.000000000000000000, -0.5021355173865031940 ) ) ;
#1330 = AXIS2_PLACEMENT_3D ( 'NONE', #507, #50, #835 ) ;
#1331 = DIRECTION ( 'NONE',  ( 0.000000000000000000, 0.000000000000000000, 1.000000000000000000 ) ) ;
#1332 = AXIS2_PLACEMENT_3D ( 'NONE', #316, #1001, #522 ) ;
#1333 = AXIS2_PLACEMENT_3D ( 'NONE', #92, #1338, #112 ) ;
#1334 = CARTESIAN_POINT ( 'NONE',  ( 14.99999999999999467, 6.000000000000000000, -22.50000000000000711 ) ) ;
#1335 = CARTESIAN_POINT ( 'NONE',  ( 40.23267074718852143, 7.375425679485454467, -10.39129406183661963 ) ) ;
#1336 = EDGE_LOOP ( 'NONE', ( #42, #34 ) ) ;
#1337 = FACE_OUTER_BOUND ( 'NONE', #189, .T. ) ;
#1338 = DIRECTION ( 'NONE',  ( 0.000000000000000000, 1.000000000000000000, 0.000000000000000000 ) ) ;
#1339 = ADVANCED_FACE ( 'NONE', ( #22 ), #676, .T. ) ;
#1340 = VERTEX_POINT ( 'NONE', #1346 ) ;
#1341 = CARTESIAN_POINT ( 'NONE',  ( 14.99999999999999467, 6.000000000000000000, -22.50000000000000711 ) ) ;
#1342 = ORIENTED_EDGE ( 'NONE', *, *, #695, .F. ) ;
#1343 = CARTESIAN_POINT ( 'NONE',  ( 37.88541343521348637, 2.000000000000000000, -28.88302273367778739 ) ) ;
#1344 = DIRECTION ( 'NONE',  ( 0.000000000000000000, 0.000000000000000000, -1.000000000000000000 ) ) ;
#1345 = ADVANCED_FACE ( 'NONE', ( #795 ), #223, .F. ) ;
#1346 = CARTESIAN_POINT ( 'NONE',  ( 45.50000000000000711, 9.500000000000000000, -10.00000000000000533 ) ) ;
#1347 = EDGE_LOOP ( 'NONE', ( #1342, #631, #980, #182 ) ) ;
#1348 = DIRECTION ( 'NONE',  ( 0.000000000000000000, 1.000000000000000000, 0.000000000000000000 ) ) ;
#1349 = AXIS2_PLACEMENT_3D ( 'NONE', #1249, #555, #1229 ) ;
#1350 = CARTESIAN_POINT ( 'NONE',  ( 45.50000000000000711, 9.500000000000000000, -8.500000000000000000 ) ) ;
#1351 = AXIS2_PLACEMENT_3D ( 'NONE', #732, #1180, #850 ) ;
#1352 = VECTOR ( 'NONE', #1042, 1000.000000000000000 ) ;
#1353 = VECTOR ( 'NONE', #318, 1000.000000000000000 ) ;
#1354 = AXIS2_PLACEMENT_3D ( 'NONE', #1350, #568, #1252 ) ;
#1355 = CARTESIAN_POINT ( 'NONE',  ( 30.00000000000000000, 2.000000000000000000, -6.799999999999994493 ) ) ;
#1356 = ADVANCED_FACE ( 'NONE', ( #923 ), #107, .F. ) ;
#1357 = ORIENTED_EDGE ( 'NONE', *, *, #252, .T. ) ;
#1358 = DIRECTION ( 'NONE',  ( -0.000000000000000000, -1.000000000000000000, -0.000000000000000000 ) ) ;
#1359 = CARTESIAN_POINT ( 'NONE',  ( 0.000000000000000000, 0.000000000000000000, 6.000000000000000000 ) ) ;
#1360 = CARTESIAN_POINT ( 'NONE',  ( 14.99999999999999467, 0.000000000000000000, -29.00000000000000355 ) ) ;
#1361 = B_SPLINE_CURVE_WITH_KNOTS ( 'NONE', 3,
 ( #950, #68, #389, #708 ),
 .UNSPECIFIED., .F., .F.,
 ( 4, 4 ),
 ( 0.000000000000000000, 0.004757715907846077862 ),
 .UNSPECIFIED. ) ;
#1362 = ORIENTED_EDGE ( 'NONE', *, *, #1022, .F. ) ;
#1363 = CARTESIAN_POINT ( 'NONE',  ( 41.06908699325735768, 7.505307777285405990, -5.143912591285311642 ) ) ;
#1364 = EDGE_CURVE ( 'NONE', #514, #613, #383, .T. ) ;
#1365 = LINE ( 'NONE', #233, #230 ) ;
#1366 = ADVANCED_FACE ( 'NONE', ( #1040 ), #728, .T. ) ;
#1367 = ORIENTED_EDGE ( 'NONE', *, *, #585, .T. ) ;
#1368 = EDGE_LOOP ( 'NONE', ( #1441, #943 ) ) ;
#1369 = CYLINDRICAL_SURFACE ( 'NONE', #1187, 5.500000000000000000 ) ;
#1370 = CARTESIAN_POINT ( 'NONE',  ( 0.000000000000000000, 0.000000000000000000, 0.000000000000000000 ) ) ;
#1371 = EDGE_CURVE ( 'NONE', #661, #398, #178, .T. ) ;
#1372 = CARTESIAN_POINT ( 'NONE',  ( 45.50000000000000711, 6.000000000000000000, -6.999999999999996447 ) ) ;
#1373 = CIRCLE ( 'NONE', #1009, 7.799999999999993605 ) ;
#1374 = VECTOR ( 'NONE', #1035, 1000.000000000000000 ) ;
#1375 = UNCERTAINTY_MEASURE_WITH_UNIT (LENGTH_MEASURE( 1.000000000000000082E-05 ), #931, 'distance_accuracy_value', 'NONE');
#1376 = AXIS2_PLACEMENT_3D ( 'NONE', #222, #141, #1268 ) ;
#1377 = ORIENTED_EDGE ( 'NONE', *, *, #1230, .T. ) ;
#1378 = CARTESIAN_POINT ( 'NONE',  ( 44.07031250000001421, 0.000000000000000000, -3.070312500000007105 ) ) ;
#1379 = PRODUCT_DEFINITION_SHAPE ( 'NONE', 'NONE',  #1193 ) ;
#1380 = ORIENTED_EDGE ( 'NONE', *, *, #1457, .F. ) ;
#1381 = DIRECTION ( 'NONE',  ( -0.000000000000000000, -1.000000000000000000, -0.000000000000000000 ) ) ;
#1382 = CYLINDRICAL_SURFACE ( 'NONE', #535, 9.070312500000007105 ) ;
#1383 = EDGE_CURVE ( 'NONE', #429, #512, #1286, .T. ) ;
#1384 = DIRECTION ( 'NONE',  ( 0.000000000000000000, 1.000000000000000000, 0.000000000000000000 ) ) ;
#1385 = EDGE_CURVE ( 'NONE', #991, #878, #131, .T. ) ;
#1386 = ORIENTED_EDGE ( 'NONE', *, *, #1313, .F. ) ;
#1387 = CARTESIAN_POINT ( 'NONE',  ( 30.00000000000000000, 2.000000000000000000, 0.4999999999999995559 ) ) ;
#1388 = VERTEX_POINT ( 'NONE', #284 ) ;
#1389 = DIRECTION ( 'NONE',  ( 0.000000000000000000, 0.000000000000000000, 1.000000000000000000 ) ) ;
#1390 = CARTESIAN_POINT ( 'NONE',  ( 14.99999999999999467, 0.000000000000000000, -22.50000000000000711 ) ) ;
#1391 = CC_DESIGN_PERSON_AND_ORGANIZATION_ASSIGNMENT ( #987, #1438, ( #342 ) ) ;
#1392 = DIRECTION ( 'NONE',  ( 0.000000000000000000, 0.000000000000000000, -1.000000000000000000 ) ) ;
#1393 = EDGE_CURVE ( 'NONE', #238, #208, #350, .T. ) ;
#1394 = ORIENTED_EDGE ( 'NONE', *, *, #451, .T. ) ;
#1395 = DIRECTION ( 'NONE',  ( -0.000000000000000000, -1.000000000000000000, -0.000000000000000000 ) ) ;
#1396 = ORIENTED_EDGE ( 'NONE', *, *, #308, .F. ) ;
#1397 = DIRECTION ( 'NONE',  ( -0.000000000000000000, -1.000000000000000000, -0.000000000000000000 ) ) ;
#1398 = DIRECTION ( 'NONE',  ( -0.000000000000000000, 1.000000000000000000, -0.000000000000000000 ) ) ;
#1399 = CYLINDRICAL_SURFACE ( 'NONE', #459, 19.71228304574070833 ) ;
#1400 = TOROIDAL_SURFACE ( 'NONE', #720, 7.500000000000000000, 2.000000000000000000 ) ;
#1401 = ORIENTED_EDGE ( 'NONE', *, *, #900, .F. ) ;
#1402 = AXIS2_PLACEMENT_3D ( 'NONE', #54, #505, #1403 ) ;
#1403 = DIRECTION ( 'NONE',  ( 0.000000000000000000, 0.000000000000000000, 1.000000000000000000 ) ) ;
#1404 = EDGE_CURVE ( 'NONE', #363, #186, #362, .T. ) ;
#1405 = CIRCLE ( 'NONE', #768, 1.500000000000003997 ) ;
#1406 = VERTEX_POINT ( 'NONE', #260 ) ;
#1407 = DIRECTION ( 'NONE',  ( 0.000000000000000000, 0.000000000000000000, -1.000000000000000000 ) ) ;
#1408 = CARTESIAN_POINT ( 'NONE',  ( 0.000000000000000000, 6.000000000000000000, 0.000000000000000000 ) ) ;
#1409 = VERTEX_POINT ( 'NONE', #36 ) ;
#1410 = FACE_OUTER_BOUND ( 'NONE', #169, .T. ) ;
#1411 = ORIENTED_EDGE ( 'NONE', *, *, #862, .F. ) ;
#1412 = CARTESIAN_POINT ( 'NONE',  ( 45.50000000000000711, 6.000000000000000000, -8.500000000000000000 ) ) ;
#1413 = ADVANCED_FACE ( 'NONE', ( #1269 ), #1399, .F. ) ;
#1414 = DIRECTION ( 'NONE',  ( 0.000000000000000000, -0.000000000000000000, 1.000000000000000000 ) ) ;
#1415 = DATE_TIME_ROLE ( 'creation_date' ) ;
#1416 = ORIENTED_EDGE ( 'NONE', *, *, #773, .F. ) ;
#1417 = CARTESIAN_POINT ( 'NONE',  ( 5.916079783099617018, 6.000000000000000000, 1.000000000000000222 ) ) ;
#1418 = ORIENTED_EDGE ( 'NONE', *, *, #1404, .F. ) ;
#1419 = DIRECTION ( 'NONE',  ( 0.000000000000000000, 0.000000000000000000, -1.000000000000000000 ) ) ;
#1420 = DIRECTION ( 'NONE',  ( 0.000000000000000000, -0.9119215051751056178, -0.4103646773287995542 ) ) ;
#1421 = EDGE_CURVE ( 'NONE', #1388, #1406, #956, .T. ) ;
#1422 = COORDINATED_UNIVERSAL_TIME_OFFSET ( 9, 0, .AHEAD. ) ;
#1423 = VERTEX_POINT ( 'NONE', #1153 ) ;
#1424 = FACE_BOUND ( 'NONE', #714, .T. ) ;
#1425 = AXIS2_PLACEMENT_3D ( 'NONE', #347, #1234, #243 ) ;
#1426 = AXIS2_PLACEMENT_3D ( 'NONE', #942, #386, #372 ) ;
#1427 = VERTEX_POINT ( 'NONE', #59 ) ;
#1428 = DIRECTION ( 'NONE',  ( 0.000000000000000000, 0.000000000000000000, 1.000000000000000000 ) ) ;
#1429 = AXIS2_PLACEMENT_3D ( 'NONE', #851, #726, #495 ) ;
#1430 = AXIS2_PLACEMENT_3D ( 'NONE', #1443, #438, #1331 ) ;
#1431 = CARTESIAN_POINT ( 'NONE',  ( 45.50000000000000711, 8.000000000000000000, -8.500000000000000000 ) ) ;
#1432 = SECURITY_CLASSIFICATION_LEVEL ( 'unclassified' ) ;
#1433 = ORIENTED_EDGE ( 'NONE', *, *, #317, .F. ) ;
#1434 = PLANE ( 'NONE',  #1306 ) ;
#1435 = ORIENTED_EDGE ( 'NONE', *, *, #630, .T. ) ;
#1436 = CYLINDRICAL_SURFACE ( 'NONE', #157, 2.000000000000000000 ) ;
#1437 = DIRECTION ( 'NONE',  ( -0.000000000000000000, -1.000000000000000000, -0.000000000000000000 ) ) ;
#1438 = PERSON_AND_ORGANIZATION_ROLE ( 'design_supplier' ) ;
#1439 = ORIENTED_EDGE ( 'NONE', *, *, #329, .F. ) ;
#1440 = CARTESIAN_POINT ( 'NONE',  ( 0.000000000000000000, 6.000000000000000000, -2.000000000000000000 ) ) ;
#1441 = ORIENTED_EDGE ( 'NONE', *, *, #468, .F. ) ;
#1442 = FACE_OUTER_BOUND ( 'NONE', #326, .T. ) ;
#1443 = CARTESIAN_POINT ( 'NONE',  ( 37.88541343521348637, 6.000000000000000000, -28.88302273367778739 ) ) ;
#1444 = EDGE_LOOP ( 'NONE', ( #1166, #484, #813, #343 ) ) ;
#1445 = CARTESIAN_POINT ( 'NONE',  ( 40.02568260983438364, 7.031288759851110015, -10.20985042223253281 ) ) ;
#1446 = ORIENTED_EDGE ( 'NONE', *, *, #1007, .F. ) ;
#1447 = DIRECTION ( 'NONE',  ( 0.000000000000000000, 1.000000000000000000, 0.000000000000000000 ) ) ;
#1448 = CARTESIAN_POINT ( 'NONE',  ( 26.48536669464814253, 2.000000000000000000, -36.48305389405467025 ) ) ;
#1449 = EDGE_CURVE ( 'NONE', #1423, #453, #214, .T. ) ;
#1450 = AXIS2_PLACEMENT_3D ( 'NONE', #1453, #800, #901 ) ;
#1451 = B_SPLINE_CURVE_WITH_KNOTS ( 'NONE', 3,
 ( #307, #979, #866, #753 ),
 .UNSPECIFIED., .F., .F.,
 ( 4, 4 ),
 ( 0.003481819700059112822, 0.004591275376777216762 ),
 .UNSPECIFIED. ) ;
#1452 = CARTESIAN_POINT ( 'NONE',  ( 21.12131100945804363, 4.693406957833706983, 0.4120331310251827972 ) ) ;
#1453 = CARTESIAN_POINT ( 'NONE',  ( 14.99999999999999467, 2.000000000000000000, -22.50000000000000711 ) ) ;
#1454 = ORIENTED_EDGE ( 'NONE', *, *, #416, .T. ) ;
#1455 = DIRECTION ( 'NONE',  ( -0.000000000000000000, -1.000000000000000000, -0.000000000000000000 ) ) ;
#1456 = DIRECTION ( 'NONE',  ( -0.000000000000000000, -1.000000000000000000, -0.000000000000000000 ) ) ;
#1457 = EDGE_CURVE ( 'NONE', #138, #1295, #696, .T. ) ;
ENDSEC;
END-ISO-10303-21;
