ISO-10303-21;
HEADER;
FILE_DESCRIPTION (( 'STEP AP203' ),
    '1' );
FILE_NAME ('모터.STEP',
    '2024-09-26T14:18:10',
    ( '' ),
    ( '' ),
    'SwSTEP 2.0',
    'SolidWorks 2022',
    '' );
FILE_SCHEMA (( 'CONFIG_CONTROL_DESIGN' ));
ENDSEC;

DATA;
#1 = CYLINDRICAL_SURFACE ( 'NONE', #1344, 1.999999999999998224 ) ;
#2 = DIRECTION ( 'NONE',  ( -0.000000000000000000, -0.000000000000000000, -1.000000000000000000 ) ) ;
#3 = CARTESIAN_POINT ( 'NONE',  ( -10.00000000000000000, 0.000000000000000000, 40.00000000000000000 ) ) ;
#4 = EDGE_LOOP ( 'NONE', ( #836, #1196, #71, #145 ) ) ;
#5 = EDGE_CURVE ( 'NONE', #1255, #98, #396, .T. ) ;
#6 = DIRECTION ( 'NONE',  ( -1.000000000000000000, 0.000000000000000000, 0.000000000000000000 ) ) ;
#7 = EDGE_CURVE ( 'NONE', #499, #470, #74, .T. ) ;
#8 = DIRECTION ( 'NONE',  ( -0.000000000000000000, 0.000000000000000000, -1.000000000000000000 ) ) ;
#9 = DIRECTION ( 'NONE',  ( 0.000000000000000000, -1.000000000000000000, 0.000000000000000000 ) ) ;
#10 = APPROVAL_STATUS ( 'not_yet_approved' ) ;
#11 = ORIENTED_EDGE ( 'NONE', *, *, #1109, .F. ) ;
#12 = AXIS2_PLACEMENT_3D ( 'NONE', #229, #676, #1204 ) ;
#13 = EDGE_CURVE ( 'NONE', #351, #621, #1089, .T. ) ;
#14 = CIRCLE ( 'NONE', #978, 1.999999999999998224 ) ;
#15 = CARTESIAN_POINT ( 'NONE',  ( 0.000000000000000000, 0.000000000000000000, 41.00000000000000000 ) ) ;
#16 = CIRCLE ( 'NONE', #937, 1.999999999999998224 ) ;
#17 = VECTOR ( 'NONE', #1345, 1000.000000000000000 ) ;
#18 = LINE ( 'NONE', #1096, #886 ) ;
#19 = CARTESIAN_POINT ( 'NONE',  ( -15.50000000000000533, -15.50000000000000355, 40.00000000000000000 ) ) ;
#20 = CARTESIAN_POINT ( 'NONE',  ( 19.50000000000000355, -14.50000000000000000, 30.00000000000000000 ) ) ;
#21 = CARTESIAN_POINT ( 'NONE',  ( 17.99999999999998934, -20.00000000000000355, 40.00000000000000000 ) ) ;
#22 = CARTESIAN_POINT ( 'NONE',  ( -20.00000000000001066, 17.99999999999998579, 40.00000000000000000 ) ) ;
#23 = COORDINATED_UNIVERSAL_TIME_OFFSET ( 9, 0, .AHEAD. ) ;
#24 = EDGE_CURVE ( 'NONE', #90, #1148, #298, .T. ) ;
#25 = ORIENTED_EDGE ( 'NONE', *, *, #884, .T. ) ;
#26 = ORIENTED_EDGE ( 'NONE', *, *, #356, .F. ) ;
#27 = CARTESIAN_POINT ( 'NONE',  ( -17.99999999999999645, -20.00000000000000000, 30.00000000000000000 ) ) ;
#28 = FACE_OUTER_BOUND ( 'NONE', #1168, .T. ) ;
#29 = EDGE_CURVE ( 'NONE', #499, #781, #640, .T. ) ;
#30 = DIRECTION ( 'NONE',  ( -0.000000000000000000, -0.000000000000000000, -1.000000000000000000 ) ) ;
#31 =( LENGTH_UNIT ( ) NAMED_UNIT ( * ) SI_UNIT ( .MILLI., .METRE. ) );
#32 = EDGE_CURVE ( 'NONE', #696, #137, #848, .T. ) ;
#33 = VERTEX_POINT ( 'NONE', #303 ) ;
#34 = PLANE ( 'NONE',  #473 ) ;
#35 = VECTOR ( 'NONE', #116, 1000.000000000000000 ) ;
#36 = FACE_OUTER_BOUND ( 'NONE', #627, .T. ) ;
#37 = AXIS2_PLACEMENT_3D ( 'NONE', #1236, #1404, #319 ) ;
#38 = AXIS2_PLACEMENT_3D ( 'NONE', #948, #859, #1391 ) ;
#39 = VECTOR ( 'NONE', #1407, 1000.000000000000000 ) ;
#40 = FACE_BOUND ( 'NONE', #763, .T. ) ;
#41 = COORDINATED_UNIVERSAL_TIME_OFFSET ( 9, 0, .AHEAD. ) ;
#42 = ORIENTED_EDGE ( 'NONE', *, *, #70, .T. ) ;
#43 = VERTEX_POINT ( 'NONE', #1398 ) ;
#44 = CYLINDRICAL_SURFACE ( 'NONE', #914, 1.499999999999999556 ) ;
#45 = CARTESIAN_POINT ( 'NONE',  ( -19.49999999999999645, -14.49999999999999467, 10.00000000000000000 ) ) ;
#46 = DIRECTION ( 'NONE',  ( 0.000000000000000000, -1.000000000000000000, 0.000000000000000000 ) ) ;
#47 = ORIENTED_EDGE ( 'NONE', *, *, #1333, .T. ) ;
#48 = ORIENTED_EDGE ( 'NONE', *, *, #734, .T. ) ;
#49 = ORIENTED_EDGE ( 'NONE', *, *, #140, .F. ) ;
#50 = FACE_OUTER_BOUND ( 'NONE', #344, .T. ) ;
#51 = CARTESIAN_POINT ( 'NONE',  ( -15.50000000000000533, -15.50000000000000355, 35.00000000000000000 ) ) ;
#52 = CC_DESIGN_PERSON_AND_ORGANIZATION_ASSIGNMENT ( #144, #113, ( #887 ) ) ;
#53 = CARTESIAN_POINT ( 'NONE',  ( -14.49999999999999467, 19.50000000000000000, 30.00000000000000000 ) ) ;
#54 = ORIENTED_EDGE ( 'NONE', *, *, #204, .F. ) ;
#55 = ORIENTED_EDGE ( 'NONE', *, *, #13, .F. ) ;
#56 = ORIENTED_EDGE ( 'NONE', *, *, #1055, .F. ) ;
#57 = DIRECTION ( 'NONE',  ( 1.000000000000000000, 0.000000000000000000, 0.000000000000000000 ) ) ;
#58 = EDGE_CURVE ( 'NONE', #33, #1015, #1070, .T. ) ;
#59 = LOCAL_TIME ( 23, 18, 10.00000000000000000, #680 ) ;
#60 = DIRECTION ( 'NONE',  ( -0.000000000000000000, -0.000000000000000000, -1.000000000000000000 ) ) ;
#61 = AXIS2_PLACEMENT_3D ( 'NONE', #178, #73, #77 ) ;
#62 = VECTOR ( 'NONE', #1178, 1000.000000000000000 ) ;
#63 = LINE ( 'NONE', #484, #384 ) ;
#64 = ORIENTED_EDGE ( 'NONE', *, *, #454, .F. ) ;
#65 = VERTEX_POINT ( 'NONE', #88 ) ;
#66 = ORIENTED_EDGE ( 'NONE', *, *, #518, .F. ) ;
#67 = LINE ( 'NONE', #624, #1020 ) ;
#68 = LINE ( 'NONE', #503, #152 ) ;
#69 = ORIENTED_EDGE ( 'NONE', *, *, #7, .T. ) ;
#70 = EDGE_CURVE ( 'NONE', #815, #736, #1302, .T. ) ;
#71 = ORIENTED_EDGE ( 'NONE', *, *, #159, .T. ) ;
#72 = DIRECTION ( 'NONE',  ( 0.000000000000000000, 0.000000000000000000, 1.000000000000000000 ) ) ;
#73 = DIRECTION ( 'NONE',  ( -0.000000000000000000, -0.000000000000000000, 1.000000000000000000 ) ) ;
#74 = LINE ( 'NONE', #1285, #401 ) ;
#75 = ORIENTED_EDGE ( 'NONE', *, *, #604, .F. ) ;
#76 = DIRECTION ( 'NONE',  ( 1.000000000000000000, 0.000000000000000000, -0.000000000000000000 ) ) ;
#77 = DIRECTION ( 'NONE',  ( 1.000000000000000000, 0.000000000000000000, 0.000000000000000000 ) ) ;
#78 = AXIS2_PLACEMENT_3D ( 'NONE', #110, #547, #242 ) ;
#79 = VECTOR ( 'NONE', #383, 1000.000000000000000 ) ;
#80 = ORIENTED_EDGE ( 'NONE', *, *, #1186, .T. ) ;
#81 = CARTESIAN_POINT ( 'NONE',  ( 20.00000000000000355, -17.99999999999998934, 30.00000000000000000 ) ) ;
#82 = DIRECTION ( 'NONE',  ( -0.000000000000000000, -0.000000000000000000, 1.000000000000000000 ) ) ;
#83 = AXIS2_PLACEMENT_3D ( 'NONE', #999, #444, #888 ) ;
#84 = VERTEX_POINT ( 'NONE', #81 ) ;
#85 = CARTESIAN_POINT ( 'NONE',  ( -18.00000000000001421, 18.00000000000000355, 0.000000000000000000 ) ) ;
#86 = FACE_OUTER_BOUND ( 'NONE', #607, .T. ) ;
#87 = ORIENTED_EDGE ( 'NONE', *, *, #868, .T. ) ;
#88 = CARTESIAN_POINT ( 'NONE',  ( 17.00000000000000000, 15.50000000000000000, 35.00000000000000000 ) ) ;
#89 = DIRECTION ( 'NONE',  ( 1.000000000000000000, 0.000000000000000000, 0.000000000000000000 ) ) ;
#90 = VERTEX_POINT ( 'NONE', #1292 ) ;
#91 = DIRECTION ( 'NONE',  ( 0.000000000000000000, 0.000000000000000000, 1.000000000000000000 ) ) ;
#92 = ADVANCED_FACE ( 'NONE', ( #968 ), #1403, .T. ) ;
#93 = APPROVAL ( #255, 'UNSPECIFIED' ) ;
#94 = LINE ( 'NONE', #1382, #998 ) ;
#95 = ORIENTED_EDGE ( 'NONE', *, *, #943, .F. ) ;
#96 = CARTESIAN_POINT ( 'NONE',  ( -17.99999999999999645, -20.00000000000000000, 30.00000000000000000 ) ) ;
#97 = DIRECTION ( 'NONE',  ( -0.000000000000000000, -0.000000000000000000, 1.000000000000000000 ) ) ;
#98 = VERTEX_POINT ( 'NONE', #652 ) ;
#99 = CARTESIAN_POINT ( 'NONE',  ( 17.99999999999999289, 18.00000000000000355, 0.000000000000000000 ) ) ;
#100 = EDGE_CURVE ( 'NONE', #712, #598, #958, .T. ) ;
#101 = CARTESIAN_POINT ( 'NONE',  ( -15.50000000000000355, 15.49999999999999645, 35.00000000000000000 ) ) ;
#102 = AXIS2_PLACEMENT_3D ( 'NONE', #169, #603, #57 ) ;
#103 = CARTESIAN_POINT ( 'NONE',  ( 10.00000000000000000, 1.224646799147353256E-15, 40.00000000000000000 ) ) ;
#104 = CARTESIAN_POINT ( 'NONE',  ( 15.50000000000001243, -15.50000000000000000, 40.00000000000000000 ) ) ;
#105 = VECTOR ( 'NONE', #864, 1000.000000000000000 ) ;
#106 = ORIENTED_EDGE ( 'NONE', *, *, #1166, .F. ) ;
#107 = AXIS2_PLACEMENT_3D ( 'NONE', #647, #494, #976 ) ;
#108 = VECTOR ( 'NONE', #1115, 1000.000000000000000 ) ;
#109 = CARTESIAN_POINT ( 'NONE',  ( 0.000000000000000000, 0.000000000000000000, 41.00000000000000000 ) ) ;
#110 = CARTESIAN_POINT ( 'NONE',  ( 15.50000000000000355, 15.50000000000000000, 35.00000000000000000 ) ) ;
#111 = EDGE_CURVE ( 'NONE', #397, #43, #704, .T. ) ;
#112 = CARTESIAN_POINT ( 'NONE',  ( 2.500000000000000000, 3.061616997868383141E-16, 61.00000000000000000 ) ) ;
#113 = PERSON_AND_ORGANIZATION_ROLE ( 'creator' ) ;
#114 = EDGE_CURVE ( 'NONE', #397, #115, #1060, .T. ) ;
#115 = VERTEX_POINT ( 'NONE', #646 ) ;
#116 = DIRECTION ( 'NONE',  ( -0.000000000000000000, -0.000000000000000000, -1.000000000000000000 ) ) ;
#117 = DIRECTION ( 'NONE',  ( -0.000000000000000000, -0.000000000000000000, -1.000000000000000000 ) ) ;
#118 = CARTESIAN_POINT ( 'NONE',  ( -17.99999999999999645, 20.00000000000000000, 30.00000000000000000 ) ) ;
#119 = PERSON_AND_ORGANIZATION ( #510, #1182 ) ;
#120 = EDGE_CURVE ( 'NONE', #701, #688, #409, .T. ) ;
#121 = ORIENTED_EDGE ( 'NONE', *, *, #690, .T. ) ;
#122 = CC_DESIGN_PERSON_AND_ORGANIZATION_ASSIGNMENT ( #463, #990, ( #1206 ) ) ;
#123 = CARTESIAN_POINT ( 'NONE',  ( -14.49999999999999467, 19.50000000000000000, 30.00000000000000000 ) ) ;
#124 = DIRECTION ( 'NONE',  ( 0.000000000000000000, -0.000000000000000000, -1.000000000000000000 ) ) ;
#125 = CARTESIAN_POINT ( 'NONE',  ( 17.99999999999997868, 20.00000000000000000, 40.00000000000000000 ) ) ;
#126 = APPROVAL_PERSON_ORGANIZATION ( #779, #93, #1214 ) ;
#127 = VERTEX_POINT ( 'NONE', #192 ) ;
#128 = AXIS2_PLACEMENT_3D ( 'NONE', #1126, #148, #918 ) ;
#129 = AXIS2_PLACEMENT_3D ( 'NONE', #878, #1104, #872 ) ;
#130 = ORIENTED_EDGE ( 'NONE', *, *, #367, .T. ) ;
#131 = DIRECTION ( 'NONE',  ( -0.000000000000000000, -0.000000000000000000, -1.000000000000000000 ) ) ;
#132 = AXIS2_PLACEMENT_3D ( 'NONE', #1246, #1240, #260 ) ;
#133 = EDGE_CURVE ( 'NONE', #1314, #168, #449, .T. ) ;
#134 = CARTESIAN_POINT ( 'NONE',  ( 14.50000000000000178, 19.49999999999999645, 10.00000000000000000 ) ) ;
#135 = DIRECTION ( 'NONE',  ( -0.000000000000000000, -0.000000000000000000, -1.000000000000000000 ) ) ;
#136 = CARTESIAN_POINT ( 'NONE',  ( -2.500000000000000000, 0.000000000000000000, 61.00000000000000000 ) ) ;
#137 = VERTEX_POINT ( 'NONE', #1297 ) ;
#138 = ORIENTED_EDGE ( 'NONE', *, *, #356, .T. ) ;
#139 = CYLINDRICAL_SURFACE ( 'NONE', #956, 5.000000000000000888 ) ;
#140 = EDGE_CURVE ( 'NONE', #84, #90, #636, .T. ) ;
#141 = DIRECTION ( 'NONE',  ( -0.000000000000000000, -0.000000000000000000, -1.000000000000000000 ) ) ;
#142 = EDGE_CURVE ( 'NONE', #505, #509, #476, .T. ) ;
#143 = DIRECTION ( 'NONE',  ( -0.000000000000000000, -0.000000000000000000, 1.000000000000000000 ) ) ;
#144 = PERSON_AND_ORGANIZATION ( #510, #1182 ) ;
#145 = ORIENTED_EDGE ( 'NONE', *, *, #1035, .F. ) ;
#146 = ORIENTED_EDGE ( 'NONE', *, *, #1077, .F. ) ;
#147 = FACE_OUTER_BOUND ( 'NONE', #702, .T. ) ;
#148 = DIRECTION ( 'NONE',  ( -1.000000000000000000, -3.854941057726240562E-16, 0.000000000000000000 ) ) ;
#149 = CARTESIAN_POINT ( 'NONE',  ( -20.00000000000001066, -17.99999999999998579, 40.00000000000000000 ) ) ;
#150 = ORIENTED_EDGE ( 'NONE', *, *, #1325, .T. ) ;
#151 = EDGE_LOOP ( 'NONE', ( #862, #392 ) ) ;
#152 = VECTOR ( 'NONE', #395, 1000.000000000000000 ) ;
#153 = LINE ( 'NONE', #1249, #224 ) ;
#154 = AXIS2_PLACEMENT_3D ( 'NONE', #1195, #340, #1216 ) ;
#155 = CYLINDRICAL_SURFACE ( 'NONE', #1368, 1.999999999999998224 ) ;
#156 = AXIS2_PLACEMENT_3D ( 'NONE', #1276, #1410, #1065 ) ;
#157 = AXIS2_PLACEMENT_3D ( 'NONE', #1191, #755, #1304 ) ;
#158 = FACE_BOUND ( 'NONE', #430, .T. ) ;
#159 = EDGE_CURVE ( 'NONE', #1222, #1170, #683, .T. ) ;
#160 = VERTEX_POINT ( 'NONE', #445 ) ;
#161 = ORIENTED_EDGE ( 'NONE', *, *, #805, .F. ) ;
#162 = VERTEX_POINT ( 'NONE', #103 ) ;
#163 = DIRECTION ( 'NONE',  ( 0.000000000000000000, 0.000000000000000000, 1.000000000000000000 ) ) ;
#164 = CARTESIAN_POINT ( 'NONE',  ( 14.50000000000000178, 19.49999999999999645, 30.00000000000000000 ) ) ;
#165 = DIRECTION ( 'NONE',  ( -0.000000000000000000, -0.000000000000000000, -1.000000000000000000 ) ) ;
#166 = VERTEX_POINT ( 'NONE', #112 ) ;
#167 = EDGE_CURVE ( 'NONE', #387, #277, #16, .T. ) ;
#168 = VERTEX_POINT ( 'NONE', #22 ) ;
#169 = CARTESIAN_POINT ( 'NONE',  ( -15.50000000000000355, 15.49999999999999645, 35.00000000000000000 ) ) ;
#170 = FACE_OUTER_BOUND ( 'NONE', #1413, .T. ) ;
#171 = CARTESIAN_POINT ( 'NONE',  ( -20.00000000000001066, 17.99999999999998579, 0.000000000000000000 ) ) ;
#172 = VERTEX_POINT ( 'NONE', #670 ) ;
#173 = ORIENTED_EDGE ( 'NONE', *, *, #1109, .T. ) ;
#174 = CARTESIAN_POINT ( 'NONE',  ( 10.00000000000000000, 1.224646799147353256E-15, 41.00000000000000000 ) ) ;
#175 = CIRCLE ( 'NONE', #1412, 5.000000000000000888 ) ;
#176 = EDGE_CURVE ( 'NONE', #458, #1269, #439, .T. ) ;
#177 = VECTOR ( 'NONE', #263, 1000.000000000000000 ) ;
#178 = CARTESIAN_POINT ( 'NONE',  ( -15.50000000000000355, 15.49999999999999645, 35.00000000000000000 ) ) ;
#179 = AXIS2_PLACEMENT_3D ( 'NONE', #19, #1312, #1205 ) ;
#180 = ORIENTED_EDGE ( 'NONE', *, *, #860, .F. ) ;
#181 = VERTEX_POINT ( 'NONE', #1225 ) ;
#182 = CARTESIAN_POINT ( 'NONE',  ( 2.500000000000000000, 3.061616997868383141E-16, 61.00000000000000000 ) ) ;
#183 = EDGE_CURVE ( 'NONE', #43, #938, #432, .T. ) ;
#184 = CARTESIAN_POINT ( 'NONE',  ( -14.00000000000000711, 15.49999999999999645, 40.00000000000000000 ) ) ;
#185 = EDGE_CURVE ( 'NONE', #809, #127, #989, .T. ) ;
#186 = CC_DESIGN_PERSON_AND_ORGANIZATION_ASSIGNMENT ( #1219, #244, ( #615 ) ) ;
#187 = DIRECTION ( 'NONE',  ( -1.000000000000000000, 0.000000000000000000, 0.000000000000000000 ) ) ;
#188 = ORIENTED_EDGE ( 'NONE', *, *, #210, .F. ) ;
#189 = CARTESIAN_POINT ( 'NONE',  ( -20.00000000000001066, 17.99999999999998579, 30.00000000000000000 ) ) ;
#190 = CYLINDRICAL_SURFACE ( 'NONE', #1067, 1.499999999999997780 ) ;
#191 = ORIENTED_EDGE ( 'NONE', *, *, #5, .T. ) ;
#192 = CARTESIAN_POINT ( 'NONE',  ( 17.99999999999997868, 20.00000000000000000, 0.000000000000000000 ) ) ;
#193 = CARTESIAN_POINT ( 'NONE',  ( -18.00000000000001421, -18.00000000000000355, 30.00000000000000000 ) ) ;
#194 = VERTEX_POINT ( 'NONE', #3 ) ;
#195 = LINE ( 'NONE', #429, #513 ) ;
#196 = DIRECTION ( 'NONE',  ( 0.000000000000000000, 0.000000000000000000, 1.000000000000000000 ) ) ;
#197 = AXIS2_PLACEMENT_3D ( 'NONE', #1037, #1151, #1018 ) ;
#198 = AXIS2_PLACEMENT_3D ( 'NONE', #1093, #235, #1303 ) ;
#199 = DIRECTION ( 'NONE',  ( 1.000000000000000000, 0.000000000000000000, 0.000000000000000000 ) ) ;
#200 = DIRECTION ( 'NONE',  ( -0.000000000000000000, -0.000000000000000000, 1.000000000000000000 ) ) ;
#201 = AXIS2_PLACEMENT_3D ( 'NONE', #694, #833, #1266 ) ;
#202 = EDGE_CURVE ( 'NONE', #736, #907, #881, .T. ) ;
#203 = VERTEX_POINT ( 'NONE', #1213 ) ;
#204 = EDGE_CURVE ( 'NONE', #621, #277, #354, .T. ) ;
#205 = ADVANCED_FACE ( 'NONE', ( #1002 ), #796, .F. ) ;
#206 = CYLINDRICAL_SURFACE ( 'NONE', #1069, 5.000000000000000888 ) ;
#207 = CYLINDRICAL_SURFACE ( 'NONE', #227, 2.500000000000000000 ) ;
#208 = DIRECTION ( 'NONE',  ( -1.000000000000000000, 0.000000000000000000, 0.000000000000000000 ) ) ;
#209 = DIRECTION ( 'NONE',  ( -0.000000000000000000, -0.000000000000000000, -1.000000000000000000 ) ) ;
#210 = EDGE_CURVE ( 'NONE', #712, #736, #1106, .T. ) ;
#211 = ORIENTED_EDGE ( 'NONE', *, *, #1112, .T. ) ;
#212 = FACE_OUTER_BOUND ( 'NONE', #283, .T. ) ;
#213 = ORIENTED_EDGE ( 'NONE', *, *, #786, .F. ) ;
#214 = DIRECTION ( 'NONE',  ( -1.000000000000000000, 0.000000000000000000, 0.000000000000000000 ) ) ;
#215 = DIRECTION ( 'NONE',  ( -1.000000000000000000, 0.000000000000000000, 0.000000000000000000 ) ) ;
#216 = DIRECTION ( 'NONE',  ( -1.000000000000000000, 0.000000000000000000, 0.000000000000000000 ) ) ;
#217 = VERTEX_POINT ( 'NONE', #874 ) ;
#218 = DIRECTION ( 'NONE',  ( -0.000000000000000000, -0.000000000000000000, 1.000000000000000000 ) ) ;
#219 = ADVANCED_FACE ( 'NONE', ( #342 ), #1332, .F. ) ;
#220 = PLANE ( 'NONE',  #1393 ) ;
#221 = CC_DESIGN_SECURITY_CLASSIFICATION ( #1206, ( #534 ) ) ;
#222 = CARTESIAN_POINT ( 'NONE',  ( 14.50000000000000178, -19.50000000000000000, 30.00000000000000000 ) ) ;
#223 = MECHANICAL_CONTEXT ( 'NONE', #632, 'mechanical' ) ;
#224 = VECTOR ( 'NONE', #900, 1000.000000000000000 ) ;
#225 = EDGE_LOOP ( 'NONE', ( #371, #1271 ) ) ;
#226 = CIRCLE ( 'NONE', #1023, 1.499999999999996225 ) ;
#227 = AXIS2_PLACEMENT_3D ( 'NONE', #1080, #1172, #966 ) ;
#228 = DIRECTION ( 'NONE',  ( -0.000000000000000000, -0.000000000000000000, 1.000000000000000000 ) ) ;
#229 = CARTESIAN_POINT ( 'NONE',  ( 14.50000000000000178, 14.49999999999999645, 30.00000000000000000 ) ) ;
#230 = EDGE_CURVE ( 'NONE', #168, #1181, #237, .T. ) ;
#231 = CARTESIAN_POINT ( 'NONE',  ( -18.00000000000001421, -18.00000000000000355, 0.000000000000000000 ) ) ;
#232 = EDGE_CURVE ( 'NONE', #1170, #1222, #1140, .T. ) ;
#233 = PERSON_AND_ORGANIZATION_ROLE ( 'creator' ) ;
#234 = ORIENTED_EDGE ( 'NONE', *, *, #58, .T. ) ;
#235 = DIRECTION ( 'NONE',  ( 0.000000000000000000, 0.000000000000000000, 1.000000000000000000 ) ) ;
#236 = FACE_OUTER_BOUND ( 'NONE', #481, .T. ) ;
#237 = LINE ( 'NONE', #540, #800 ) ;
#238 = DATE_AND_TIME ( #343, #59 ) ;
#239 = ORIENTED_EDGE ( 'NONE', *, *, #982, .T. ) ;
#240 = ORIENTED_EDGE ( 'NONE', *, *, #947, .T. ) ;
#241 = DIRECTION ( 'NONE',  ( 1.000000000000000000, 0.000000000000000000, 0.000000000000000000 ) ) ;
#242 = DIRECTION ( 'NONE',  ( 1.000000000000000000, 0.000000000000000000, 0.000000000000000000 ) ) ;
#243 = CARTESIAN_POINT ( 'NONE',  ( 17.99999999999999289, 18.00000000000000355, 30.00000000000000000 ) ) ;
#244 = PERSON_AND_ORGANIZATION_ROLE ( 'design_owner' ) ;
#245 = AXIS2_PLACEMENT_3D ( 'NONE', #1293, #1313, #1399 ) ;
#246 = VERTEX_POINT ( 'NONE', #222 ) ;
#247 = ADVANCED_FACE ( 'NONE', ( #456 ), #1097, .T. ) ;
#248 = AXIS2_PLACEMENT_3D ( 'NONE', #109, #997, #1202 ) ;
#249 = CIRCLE ( 'NONE', #936, 5.000000000000000888 ) ;
#250 = VERTEX_POINT ( 'NONE', #1102 ) ;
#251 = DIRECTION ( 'NONE',  ( 0.000000000000000000, -0.000000000000000000, 1.000000000000000000 ) ) ;
#252 = EDGE_CURVE ( 'NONE', #1015, #387, #789, .T. ) ;
#253 = LINE ( 'NONE', #910, #17 ) ;
#254 = DIRECTION ( 'NONE',  ( 0.000000000000000000, 0.000000000000000000, 1.000000000000000000 ) ) ;
#255 = APPROVAL_STATUS ( 'not_yet_approved' ) ;
#256 = ORIENTED_EDGE ( 'NONE', *, *, #274, .F. ) ;
#257 = ORIENTED_EDGE ( 'NONE', *, *, #204, .T. ) ;
#258 = FACE_OUTER_BOUND ( 'NONE', #1262, .T. ) ;
#259 = DIRECTION ( 'NONE',  ( -1.000000000000000000, 1.196361017915039486E-16, 0.000000000000000000 ) ) ;
#260 = DIRECTION ( 'NONE',  ( 1.000000000000000000, 0.000000000000000000, 0.000000000000000000 ) ) ;
#261 = ORIENTED_EDGE ( 'NONE', *, *, #965, .T. ) ;
#262 = ORIENTED_EDGE ( 'NONE', *, *, #1077, .T. ) ;
#263 = DIRECTION ( 'NONE',  ( -0.000000000000000000, -0.000000000000000000, -1.000000000000000000 ) ) ;
#264 = LINE ( 'NONE', #368, #1000 ) ;
#265 = DIRECTION ( 'NONE',  ( 1.000000000000000000, 0.000000000000000000, 0.000000000000000000 ) ) ;
#266 = EDGE_LOOP ( 'NONE', ( #11, #742, #935, #1421 ) ) ;
#267 = VERTEX_POINT ( 'NONE', #994 ) ;
#268 = ORIENTED_EDGE ( 'NONE', *, *, #140, .T. ) ;
#269 = AXIS2_PLACEMENT_3D ( 'NONE', #1296, #619, #857 ) ;
#270 = CARTESIAN_POINT ( 'NONE',  ( 0.000000000000000000, 0.000000000000000000, 61.00000000000000000 ) ) ;
#271 = LINE ( 'NONE', #1355, #1092 ) ;
#272 = AXIS2_PLACEMENT_3D ( 'NONE', #1169, #1383, #187 ) ;
#273 = AXIS2_PLACEMENT_3D ( 'NONE', #306, #196, #637 ) ;
#274 = EDGE_CURVE ( 'NONE', #955, #1352, #281, .T. ) ;
#275 = LINE ( 'NONE', #171, #842 ) ;
#276 = ORIENTED_EDGE ( 'NONE', *, *, #202, .F. ) ;
#277 = VERTEX_POINT ( 'NONE', #1147 ) ;
#278 = ORIENTED_EDGE ( 'NONE', *, *, #734, .F. ) ;
#279 = DIRECTION ( 'NONE',  ( -0.000000000000000000, -0.000000000000000000, -1.000000000000000000 ) ) ;
#280 = CARTESIAN_POINT ( 'NONE',  ( 14.00000000000001243, -15.50000000000000000, 35.00000000000000000 ) ) ;
#281 = LINE ( 'NONE', #385, #916 ) ;
#282 = ORIENTED_EDGE ( 'NONE', *, *, #1325, .F. ) ;
#283 = EDGE_LOOP ( 'NONE', ( #1308, #705 ) ) ;
#284 = CARTESIAN_POINT ( 'NONE',  ( -20.00000000000001066, 17.99999999999998579, 40.00000000000000000 ) ) ;
#285 = ADVANCED_FACE ( 'NONE', ( #819 ), #1362, .F. ) ;
#286 = LINE ( 'NONE', #1282, #447 ) ;
#287 = CYLINDRICAL_SURFACE ( 'NONE', #1189, 1.499999999999996225 ) ;
#288 = EDGE_LOOP ( 'NONE', ( #986, #725, #234, #1417, #1220, #211, #268, #1256 ) ) ;
#289 = ORIENTED_EDGE ( 'NONE', *, *, #1221, .T. ) ;
#290 = EDGE_CURVE ( 'NONE', #137, #172, #361, .T. ) ;
#291 = ORIENTED_EDGE ( 'NONE', *, *, #1035, .T. ) ;
#292 = VECTOR ( 'NONE', #209, 1000.000000000000000 ) ;
#293 = CARTESIAN_POINT ( 'NONE',  ( -17.00000000000000000, 15.49999999999999645, 35.00000000000000000 ) ) ;
#294 = AXIS2_PLACEMENT_3D ( 'NONE', #908, #1027, #459 ) ;
#295 = CIRCLE ( 'NONE', #1094, 2.000000000000001776 ) ;
#296 = CARTESIAN_POINT ( 'NONE',  ( -17.00000000000000000, 15.49999999999999645, 40.00000000000000000 ) ) ;
#297 = VECTOR ( 'NONE', #1317, 1000.000000000000000 ) ;
#298 = LINE ( 'NONE', #96, #657 ) ;
#299 = VERTEX_POINT ( 'NONE', #576 ) ;
#300 = DIRECTION ( 'NONE',  ( -1.000000000000000000, 0.000000000000000000, 0.000000000000000000 ) ) ;
#301 = DIRECTION ( 'NONE',  ( 1.000000000000000000, 0.000000000000000000, 0.000000000000000000 ) ) ;
#302 = ORIENTED_EDGE ( 'NONE', *, *, #347, .T. ) ;
#303 = CARTESIAN_POINT ( 'NONE',  ( -20.00000000000001066, 17.99999999999998579, 30.00000000000000000 ) ) ;
#304 = ORIENTED_EDGE ( 'NONE', *, *, #582, .F. ) ;
#305 = DIRECTION ( 'NONE',  ( -0.000000000000000000, -0.000000000000000000, 1.000000000000000000 ) ) ;
#306 = CARTESIAN_POINT ( 'NONE',  ( 17.99999999999999289, 18.00000000000000355, 40.00000000000000000 ) ) ;
#307 = ORIENTED_EDGE ( 'NONE', *, *, #142, .T. ) ;
#308 = DIRECTION ( 'NONE',  ( 0.000000000000000000, 0.000000000000000000, 1.000000000000000000 ) ) ;
#309 = EDGE_CURVE ( 'NONE', #98, #781, #1095, .T. ) ;
#310 = FACE_OUTER_BOUND ( 'NONE', #1103, .T. ) ;
#311 = EDGE_CURVE ( 'NONE', #168, #33, #717, .T. ) ;
#312 = EDGE_LOOP ( 'NONE', ( #847, #320, #239, #1141 ) ) ;
#313 = DIRECTION ( 'NONE',  ( 1.000000000000000000, 0.000000000000000000, 0.000000000000000000 ) ) ;
#314 = PLANE ( 'NONE',  #157 ) ;
#315 = VECTOR ( 'NONE', #981, 1000.000000000000000 ) ;
#316 = ADVANCED_FACE ( 'NONE', ( #1013, #812 ), #1152, .F. ) ;
#317 = AXIS2_PLACEMENT_3D ( 'NONE', #15, #992, #668 ) ;
#318 = CARTESIAN_POINT ( 'NONE',  ( 18.00000000000000355, -18.00000000000000355, 30.00000000000000000 ) ) ;
#319 = DIRECTION ( 'NONE',  ( 1.000000000000000000, 0.000000000000000000, 0.000000000000000000 ) ) ;
#320 = ORIENTED_EDGE ( 'NONE', *, *, #367, .F. ) ;
#321 = FACE_BOUND ( 'NONE', #225, .T. ) ;
#322 = VERTEX_POINT ( 'NONE', #1253 ) ;
#323 = CARTESIAN_POINT ( 'NONE',  ( -19.49999999999999645, 14.49999999999999822, 10.00000000000000000 ) ) ;
#324 = CARTESIAN_POINT ( 'NONE',  ( -18.00000000000001421, -18.00000000000000355, 0.000000000000000000 ) ) ;
#325 = LINE ( 'NONE', #524, #798 ) ;
#326 = ORIENTED_EDGE ( 'NONE', *, *, #133, .T. ) ;
#327 = CYLINDRICAL_SURFACE ( 'NONE', #495, 2.000000000000001776 ) ;
#328 = DIRECTION ( 'NONE',  ( -1.000000000000000000, 0.000000000000000000, 0.000000000000000000 ) ) ;
#329 = CARTESIAN_POINT ( 'NONE',  ( -17.99999999999999645, -20.00000000000000000, 40.00000000000000000 ) ) ;
#330 = FACE_OUTER_BOUND ( 'NONE', #4, .T. ) ;
#331 = ORIENTED_EDGE ( 'NONE', *, *, #758, .T. ) ;
#332 = DIRECTION ( 'NONE',  ( -1.000000000000000000, 0.000000000000000000, 0.000000000000000000 ) ) ;
#333 = EDGE_CURVE ( 'NONE', #115, #815, #275, .T. ) ;
#334 = DIRECTION ( 'NONE',  ( 1.000000000000000000, 0.000000000000000000, 0.000000000000000000 ) ) ;
#335 = CARTESIAN_POINT ( 'NONE',  ( -15.50000000000000533, -15.50000000000000355, 35.00000000000000000 ) ) ;
#336 = CALENDAR_DATE ( 2024, 26, 9 ) ;
#337 = AXIS2_PLACEMENT_3D ( 'NONE', #1381, #394, #732 ) ;
#338 = ORIENTED_EDGE ( 'NONE', *, *, #879, .T. ) ;
#339 = VECTOR ( 'NONE', #1337, 1000.000000000000000 ) ;
#340 = DIRECTION ( 'NONE',  ( 0.000000000000000000, 0.000000000000000000, 1.000000000000000000 ) ) ;
#341 = CARTESIAN_POINT ( 'NONE',  ( -20.00000000000001066, -17.99999999999998579, 10.00000000000000178 ) ) ;
#342 = FACE_OUTER_BOUND ( 'NONE', #1119, .T. ) ;
#343 = CALENDAR_DATE ( 2024, 26, 9 ) ;
#344 = EDGE_LOOP ( 'NONE', ( #661, #1380, #682, #714 ) ) ;
#345 = DIRECTION ( 'NONE',  ( 0.000000000000000000, 0.000000000000000000, 1.000000000000000000 ) ) ;
#346 = DIRECTION ( 'NONE',  ( 1.000000000000000000, 0.000000000000000000, 0.000000000000000000 ) ) ;
#347 = EDGE_CURVE ( 'NONE', #509, #505, #226, .T. ) ;
#348 = CARTESIAN_POINT ( 'NONE',  ( 15.50000000000000355, 15.50000000000000000, 35.00000000000000000 ) ) ;
#349 = DIRECTION ( 'NONE',  ( 0.000000000000000000, 0.000000000000000000, 1.000000000000000000 ) ) ;
#350 = ADVANCED_FACE ( 'NONE', ( #1045 ), #287, .F. ) ;
#351 = VERTEX_POINT ( 'NONE', #606 ) ;
#352 = CARTESIAN_POINT ( 'NONE',  ( -17.00000000000000711, -15.50000000000000355, 40.00000000000000000 ) ) ;
#353 = CARTESIAN_POINT ( 'NONE',  ( 14.50000000000000178, 19.49999999999999645, 30.00000000000000000 ) ) ;
#354 = LINE ( 'NONE', #563, #866 ) ;
#355 = CALENDAR_DATE ( 2024, 26, 9 ) ;
#356 = EDGE_CURVE ( 'NONE', #267, #299, #63, .T. ) ;
#357 = VECTOR ( 'NONE', #200, 1000.000000000000000 ) ;
#358 = ORIENTED_EDGE ( 'NONE', *, *, #947, .F. ) ;
#359 = CIRCLE ( 'NONE', #382, 1.999999999999998224 ) ;
#360 = DIRECTION ( 'NONE',  ( -0.000000000000000000, -0.000000000000000000, -1.000000000000000000 ) ) ;
#361 = CIRCLE ( 'NONE', #777, 2.000000000000001776 ) ;
#362 = PLANE ( 'NONE',  #197 ) ;
#363 = DIRECTION ( 'NONE',  ( -0.000000000000000000, -0.000000000000000000, -1.000000000000000000 ) ) ;
#364 = ORIENTED_EDGE ( 'NONE', *, *, #13, .T. ) ;
#365 = ORIENTED_EDGE ( 'NONE', *, *, #1333, .F. ) ;
#366 = CARTESIAN_POINT ( 'NONE',  ( 14.50000000000000178, 14.49999999999999645, 30.00000000000000000 ) ) ;
#367 = EDGE_CURVE ( 'NONE', #1099, #525, #925, .T. ) ;
#368 = CARTESIAN_POINT ( 'NONE',  ( -19.49999999999999645, -14.49999999999999467, 10.00000000000000000 ) ) ;
#369 = DIRECTION ( 'NONE',  ( -0.000000000000000000, -0.000000000000000000, -1.000000000000000000 ) ) ;
#370 = VERTEX_POINT ( 'NONE', #1348 ) ;
#371 = ORIENTED_EDGE ( 'NONE', *, *, #929, .F. ) ;
#372 = DIRECTION ( 'NONE',  ( 0.000000000000000000, 0.000000000000000000, 1.000000000000000000 ) ) ;
#373 = EDGE_CURVE ( 'NONE', #598, #815, #468, .T. ) ;
#374 = CARTESIAN_POINT ( 'NONE',  ( 15.50000000000000355, 15.50000000000000000, 35.00000000000000000 ) ) ;
#375 = APPROVAL ( #1116, 'UNSPECIFIED' ) ;
#376 = DIRECTION ( 'NONE',  ( -1.000000000000000000, 0.000000000000000000, 0.000000000000000000 ) ) ;
#377 = ORIENTED_EDGE ( 'NONE', *, *, #558, .F. ) ;
#378 = AXIS2_PLACEMENT_3D ( 'NONE', #831, #870, #1375 ) ;
#379 = ORIENTED_EDGE ( 'NONE', *, *, #142, .F. ) ;
#380 = CIRCLE ( 'NONE', #1257, 5.000000000000000888 ) ;
#381 = CARTESIAN_POINT ( 'NONE',  ( -17.99999999999999645, -20.00000000000000000, 40.00000000000000000 ) ) ;
#382 = AXIS2_PLACEMENT_3D ( 'NONE', #950, #1396, #945 ) ;
#383 = DIRECTION ( 'NONE',  ( 1.000000000000000000, -1.196361017915039486E-16, -0.000000000000000000 ) ) ;
#384 = VECTOR ( 'NONE', #1038, 1000.000000000000000 ) ;
#385 = CARTESIAN_POINT ( 'NONE',  ( 19.50000000000000355, -14.50000000000000000, 30.00000000000000000 ) ) ;
#386 = ORIENTED_EDGE ( 'NONE', *, *, #805, .T. ) ;
#387 = VERTEX_POINT ( 'NONE', #807 ) ;
#388 = DIRECTION ( 'NONE',  ( -1.000000000000000000, 0.000000000000000000, 0.000000000000000000 ) ) ;
#389 = DIRECTION ( 'NONE',  ( 0.000000000000000000, 0.000000000000000000, -1.000000000000000000 ) ) ;
#390 = CARTESIAN_POINT ( 'NONE',  ( 18.00000000000000355, -18.00000000000000355, 10.00000000000000178 ) ) ;
#391 = EDGE_CURVE ( 'NONE', #654, #516, #754, .T. ) ;
#392 = ORIENTED_EDGE ( 'NONE', *, *, #1053, .T. ) ;
#393 = ORIENTED_EDGE ( 'NONE', *, *, #877, .T. ) ;
#394 = DIRECTION ( 'NONE',  ( 0.000000000000000000, 0.000000000000000000, 1.000000000000000000 ) ) ;
#395 = DIRECTION ( 'NONE',  ( -0.000000000000000000, -0.000000000000000000, 1.000000000000000000 ) ) ;
#396 = LINE ( 'NONE', #869, #823 ) ;
#397 = VERTEX_POINT ( 'NONE', #1129 ) ;
#398 = CIRCLE ( 'NONE', #585, 1.999999999999998224 ) ;
#399 = FACE_OUTER_BOUND ( 'NONE', #1207, .T. ) ;
#400 = VECTOR ( 'NONE', #979, 1000.000000000000000 ) ;
#401 = VECTOR ( 'NONE', #737, 1000.000000000000000 ) ;
#402 = FACE_OUTER_BOUND ( 'NONE', #1342, .T. ) ;
#403 = AXIS2_PLACEMENT_3D ( 'NONE', #414, #2, #214 ) ;
#404 = DIRECTION ( 'NONE',  ( -0.000000000000000000, -0.000000000000000000, -1.000000000000000000 ) ) ;
#405 = PRODUCT_DEFINITION_SHAPE ( 'NONE', 'NONE',  #887 ) ;
#406 = ORIENTED_EDGE ( 'NONE', *, *, #111, .T. ) ;
#407 = DIRECTION ( 'NONE',  ( -0.000000000000000000, -0.000000000000000000, -1.000000000000000000 ) ) ;
#408 = FACE_OUTER_BOUND ( 'NONE', #813, .T. ) ;
#409 = LINE ( 'NONE', #853, #1254 ) ;
#410 = DIRECTION ( 'NONE',  ( -1.000000000000000000, 0.000000000000000000, 0.000000000000000000 ) ) ;
#411 = ORIENTED_EDGE ( 'NONE', *, *, #290, .T. ) ;
#412 = PLANE ( 'NONE',  #588 ) ;
#413 = ADVANCED_FACE ( 'NONE', ( #583 ), #601, .T. ) ;
#414 = CARTESIAN_POINT ( 'NONE',  ( -14.49999999999999467, 14.49999999999999822, 30.00000000000000000 ) ) ;
#415 = ADVANCED_FACE ( 'NONE', ( #919, #40, #478, #1356, #158, #932 ), #314, .T. ) ;
#416 = VERTEX_POINT ( 'NONE', #527 ) ;
#417 = DIRECTION ( 'NONE',  ( -0.000000000000000000, -0.000000000000000000, -1.000000000000000000 ) ) ;
#418 = PLANE ( 'NONE',  #423 ) ;
#419 = ORIENTED_EDGE ( 'NONE', *, *, #528, .F. ) ;
#420 = CARTESIAN_POINT ( 'NONE',  ( 14.00000000000001243, -15.50000000000000000, 35.00000000000000000 ) ) ;
#421 = CYLINDRICAL_SURFACE ( 'NONE', #515, 5.000000000000000888 ) ;
#422 = CIRCLE ( 'NONE', #863, 10.00000000000000000 ) ;
#423 = AXIS2_PLACEMENT_3D ( 'NONE', #1042, #1306, #1199 ) ;
#424 = ORIENTED_EDGE ( 'NONE', *, *, #1201, .T. ) ;
#425 = DIRECTION ( 'NONE',  ( 0.000000000000000000, 0.000000000000000000, 1.000000000000000000 ) ) ;
#426 = CYLINDRICAL_SURFACE ( 'NONE', #245, 2.000000000000001776 ) ;
#427 = AXIS2_PLACEMENT_3D ( 'NONE', #324, #425, #1198 ) ;
#428 = ORIENTED_EDGE ( 'NONE', *, *, #1032, .T. ) ;
#429 = CARTESIAN_POINT ( 'NONE',  ( 19.50000000000000355, 14.49999999999999645, 30.00000000000000000 ) ) ;
#430 = EDGE_LOOP ( 'NONE', ( #282, #974 ) ) ;
#431 = DIRECTION ( 'NONE',  ( 0.000000000000000000, 0.000000000000000000, 1.000000000000000000 ) ) ;
#432 = LINE ( 'NONE', #658, #108 ) ;
#433 = FACE_OUTER_BOUND ( 'NONE', #1084, .T. ) ;
#434 = ADVANCED_FACE ( 'NONE', ( #402 ), #207, .T. ) ;
#435 = ORIENTED_EDGE ( 'NONE', *, *, #921, .T. ) ;
#436 = EDGE_CURVE ( 'NONE', #545, #181, #1059, .T. ) ;
#437 = CARTESIAN_POINT ( 'NONE',  ( 17.99999999999999289, 18.00000000000000355, 40.00000000000000000 ) ) ;
#438 = FACE_OUTER_BOUND ( 'NONE', #1155, .T. ) ;
#439 = LINE ( 'NONE', #329, #1347 ) ;
#440 = APPROVAL_DATE_TIME ( #572, #375 ) ;
#441 = ORIENTED_EDGE ( 'NONE', *, *, #489, .F. ) ;
#442 = ADVANCED_FACE ( 'NONE', ( #408 ), #644, .T. ) ;
#443 = CARTESIAN_POINT ( 'NONE',  ( 19.99999999999998934, 17.99999999999998934, 30.00000000000000000 ) ) ;
#444 = DIRECTION ( 'NONE',  ( -0.000000000000000000, 0.000000000000000000, -1.000000000000000000 ) ) ;
#445 = CARTESIAN_POINT ( 'NONE',  ( -14.00000000000000178, -15.50000000000000355, 35.00000000000000000 ) ) ;
#446 = APPLICATION_PROTOCOL_DEFINITION ( 'international standard', 'config_control_design', 1994, #556 ) ;
#447 = VECTOR ( 'NONE', #723, 1000.000000000000000 ) ;
#448 = VERTEX_POINT ( 'NONE', #1179 ) ;
#449 = CIRCLE ( 'NONE', #1392, 1.999999999999998224 ) ;
#450 = AXIS2_PLACEMENT_3D ( 'NONE', #1260, #467, #605 ) ;
#451 = DIRECTION ( 'NONE',  ( -0.000000000000000000, -0.000000000000000000, -1.000000000000000000 ) ) ;
#452 = ADVANCED_FACE ( 'NONE', ( #86 ), #1167, .T. ) ;
#453 = CARTESIAN_POINT ( 'NONE',  ( 14.00000000000000711, 15.50000000000000000, 35.00000000000000000 ) ) ;
#454 = EDGE_CURVE ( 'NONE', #1328, #98, #94, .T. ) ;
#455 = ADVANCED_FACE ( 'NONE', ( #973 ), #421, .T. ) ;
#456 = FACE_OUTER_BOUND ( 'NONE', #151, .T. ) ;
#457 = DIRECTION ( 'NONE',  ( 1.000000000000000000, 0.000000000000000000, 0.000000000000000000 ) ) ;
#458 = VERTEX_POINT ( 'NONE', #946 ) ;
#459 = DIRECTION ( 'NONE',  ( 1.000000000000000000, 0.000000000000000000, 0.000000000000000000 ) ) ;
#460 = CARTESIAN_POINT ( 'NONE',  ( 15.50000000000001243, -15.50000000000000000, 35.00000000000000000 ) ) ;
#461 = ADVANCED_FACE ( 'NONE', ( #1159 ), #1063, .F. ) ;
#462 = DIRECTION ( 'NONE',  ( 1.000000000000000000, 0.000000000000000000, 0.000000000000000000 ) ) ;
#463 = PERSON_AND_ORGANIZATION ( #510, #1182 ) ;
#464 = EDGE_LOOP ( 'NONE', ( #1030, #173, #871, #377 ) ) ;
#465 = EDGE_LOOP ( 'NONE', ( #595, #213, #799, #821 ) ) ;
#466 = CARTESIAN_POINT ( 'NONE',  ( 19.50000000000000355, -14.50000000000000000, 30.00000000000000000 ) ) ;
#467 = DIRECTION ( 'NONE',  ( 0.000000000000000000, 0.000000000000000000, 1.000000000000000000 ) ) ;
#468 = LINE ( 'NONE', #149, #1372 ) ;
#469 = LOCAL_TIME ( 23, 18, 10.00000000000000000, #882 ) ;
#470 = VERTEX_POINT ( 'NONE', #625 ) ;
#471 = AXIS2_PLACEMENT_3D ( 'NONE', #940, #1158, #1376 ) ;
#472 = ADVANCED_FACE ( 'NONE', ( #614 ), #190, .F. ) ;
#473 = AXIS2_PLACEMENT_3D ( 'NONE', #466, #697, #1125 ) ;
#474 = AXIS2_PLACEMENT_3D ( 'NONE', #335, #665, #778 ) ;
#475 = DIRECTION ( 'NONE',  ( -1.000000000000000000, 0.000000000000000000, 0.000000000000000000 ) ) ;
#476 = CIRCLE ( 'NONE', #733, 1.499999999999996225 ) ;
#477 = DIRECTION ( 'NONE',  ( -0.000000000000000000, -0.000000000000000000, -1.000000000000000000 ) ) ;
#478 = FACE_BOUND ( 'NONE', #1286, .T. ) ;
#479 = ORIENTED_EDGE ( 'NONE', *, *, #884, .F. ) ;
#480 = EDGE_CURVE ( 'NONE', #1358, #509, #68, .T. ) ;
#481 = EDGE_LOOP ( 'NONE', ( #995, #358, #551, #1149 ) ) ;
#482 = LINE ( 'NONE', #706, #177 ) ;
#483 = DIRECTION ( 'NONE',  ( 1.196361017915039486E-16, 1.000000000000000000, -0.000000000000000000 ) ) ;
#484 = CARTESIAN_POINT ( 'NONE',  ( 19.99999999999998934, 17.99999999999998934, 0.000000000000000000 ) ) ;
#485 = ORIENTED_EDGE ( 'NONE', *, *, #70, .F. ) ;
#486 = ORIENTED_EDGE ( 'NONE', *, *, #1176, .F. ) ;
#487 = FACE_OUTER_BOUND ( 'NONE', #840, .T. ) ;
#488 = CARTESIAN_POINT ( 'NONE',  ( -17.99999999999999645, -20.00000000000000000, 10.00000000000000178 ) ) ;
#489 = EDGE_CURVE ( 'NONE', #181, #448, #1025, .T. ) ;
#490 = DIRECTION ( 'NONE',  ( -1.000000000000000000, 0.000000000000000000, 0.000000000000000000 ) ) ;
#491 = ORIENTED_EDGE ( 'NONE', *, *, #604, .T. ) ;
#492 = ORIENTED_EDGE ( 'NONE', *, *, #1186, .F. ) ;
#493 = CIRCLE ( 'NONE', #83, 5.000000000000000888 ) ;
#494 = DIRECTION ( 'NONE',  ( 0.000000000000000000, 0.000000000000000000, 1.000000000000000000 ) ) ;
#495 = AXIS2_PLACEMENT_3D ( 'NONE', #766, #1111, #6 ) ;
#496 = LINE ( 'NONE', #1231, #562 ) ;
#497 = VECTOR ( 'NONE', #1175, 1000.000000000000000 ) ;
#498 = CARTESIAN_POINT ( 'NONE',  ( -15.50000000000000355, 15.49999999999999645, 40.00000000000000000 ) ) ;
#499 = VERTEX_POINT ( 'NONE', #1274 ) ;
#500 = EDGE_LOOP ( 'NONE', ( #87, #1294, #435, #364, #1024, #808, #326, #529 ) ) ;
#501 = ORIENTED_EDGE ( 'NONE', *, *, #167, .F. ) ;
#502 = DIRECTION ( 'NONE',  ( -0.000000000000000000, -0.000000000000000000, -1.000000000000000000 ) ) ;
#503 = CARTESIAN_POINT ( 'NONE',  ( -14.00000000000000711, 15.49999999999999645, 35.00000000000000000 ) ) ;
#504 = ORIENTED_EDGE ( 'NONE', *, *, #1203, .F. ) ;
#505 = VERTEX_POINT ( 'NONE', #296 ) ;
#506 = DIRECTION ( 'NONE',  ( -1.000000000000000000, 0.000000000000000000, 0.000000000000000000 ) ) ;
#507 = DIRECTION ( 'NONE',  ( -0.000000000000000000, -0.000000000000000000, -1.000000000000000000 ) ) ;
#508 = EDGE_LOOP ( 'NONE', ( #1026, #64, #338, #942 ) ) ;
#509 = VERTEX_POINT ( 'NONE', #184 ) ;
#510 = PERSON ( 'UNSPECIFIED', 'UNSPECIFIED', 'UNSPECIFIED', ('UNSPECIFIED'), ('UNSPECIFIED'), ('UNSPECIFIED') ) ;
#511 = AXIS2_PLACEMENT_3D ( 'NONE', #1138, #490, #1021 ) ;
#512 = DIRECTION ( 'NONE',  ( -0.000000000000000000, 0.000000000000000000, -1.000000000000000000 ) ) ;
#513 = VECTOR ( 'NONE', #451, 1000.000000000000000 ) ;
#514 = CARTESIAN_POINT ( 'NONE',  ( 19.50000000000000355, -14.50000000000000000, 10.00000000000000000 ) ) ;
#515 = AXIS2_PLACEMENT_3D ( 'NONE', #851, #867, #724 ) ;
#516 = VERTEX_POINT ( 'NONE', #1387 ) ;
#517 = DIRECTION ( 'NONE',  ( 0.000000000000000000, 0.000000000000000000, 1.000000000000000000 ) ) ;
#518 = EDGE_CURVE ( 'NONE', #1142, #322, #846, .T. ) ;
#519 = ORIENTED_EDGE ( 'NONE', *, *, #804, .F. ) ;
#520 = CARTESIAN_POINT ( 'NONE',  ( -14.49999999999999467, -14.49999999999999467, 30.00000000000000000 ) ) ;
#521 = CYLINDRICAL_SURFACE ( 'NONE', #403, 5.000000000000000888 ) ;
#522 = EDGE_LOOP ( 'NONE', ( #161, #1110, #69, #428 ) ) ;
#523 = ORIENTED_EDGE ( 'NONE', *, *, #664, .F. ) ;
#524 = CARTESIAN_POINT ( 'NONE',  ( -17.00000000000000711, -15.50000000000000355, 35.00000000000000000 ) ) ;
#525 = VERTEX_POINT ( 'NONE', #1397 ) ;
#526 = CARTESIAN_POINT ( 'NONE',  ( 10.00000000000000000, 1.224646799147353256E-15, 41.00000000000000000 ) ) ;
#527 = CARTESIAN_POINT ( 'NONE',  ( -20.00000000000001066, -17.99999999999998579, 30.00000000000000000 ) ) ;
#528 = EDGE_CURVE ( 'NONE', #621, #250, #933, .T. ) ;
#529 = ORIENTED_EDGE ( 'NONE', *, *, #230, .T. ) ;
#530 = DIRECTION ( 'NONE',  ( -1.000000000000000000, 0.000000000000000000, 0.000000000000000000 ) ) ;
#531 = CYLINDRICAL_SURFACE ( 'NONE', #1346, 10.00000000000000000 ) ;
#532 = ORIENTED_EDGE ( 'NONE', *, *, #347, .F. ) ;
#533 = DIRECTION ( 'NONE',  ( -0.000000000000000000, 0.000000000000000000, -1.000000000000000000 ) ) ;
#534 = PRODUCT_DEFINITION_FORMATION_WITH_SPECIFIED_SOURCE ( 'ANY', '', #615, .NOT_KNOWN. ) ;
#535 = ORIENTED_EDGE ( 'NONE', *, *, #597, .F. ) ;
#536 = CYLINDRICAL_SURFACE ( 'NONE', #660, 1.499999999999999556 ) ;
#537 = ADVANCED_FACE ( 'NONE', ( #1073 ), #521, .T. ) ;
#538 = CIRCLE ( 'NONE', #471, 2.500000000000000000 ) ;
#539 = CIRCLE ( 'NONE', #107, 10.00000000000000000 ) ;
#540 = CARTESIAN_POINT ( 'NONE',  ( -20.00000000000001066, 17.99999999999998579, 40.00000000000000000 ) ) ;
#541 = ADVANCED_FACE ( 'NONE', ( #1197 ), #536, .F. ) ;
#542 = FACE_OUTER_BOUND ( 'NONE', #1300, .T. ) ;
#543 = CC_DESIGN_PERSON_AND_ORGANIZATION_ASSIGNMENT ( #769, #797, ( #534 ) ) ;
#544 = VECTOR ( 'NONE', #554, 1000.000000000000000 ) ;
#545 = VERTEX_POINT ( 'NONE', #453 ) ;
#546 = FACE_OUTER_BOUND ( 'NONE', #852, .T. ) ;
#547 = DIRECTION ( 'NONE',  ( 0.000000000000000000, 0.000000000000000000, 1.000000000000000000 ) ) ;
#548 = DIRECTION ( 'NONE',  ( -1.000000000000000000, 0.000000000000000000, 0.000000000000000000 ) ) ;
#549 = PERSON_AND_ORGANIZATION ( #510, #1182 ) ;
#550 = EDGE_CURVE ( 'NONE', #545, #65, #780, .T. ) ;
#551 = ORIENTED_EDGE ( 'NONE', *, *, #1270, .T. ) ;
#552 = CARTESIAN_POINT ( 'NONE',  ( 15.50000000000000355, 15.50000000000000000, 40.00000000000000000 ) ) ;
#553 = LINE ( 'NONE', #651, #315 ) ;
#554 = DIRECTION ( 'NONE',  ( 1.000000000000000000, 0.000000000000000000, 0.000000000000000000 ) ) ;
#555 = CARTESIAN_POINT ( 'NONE',  ( -20.00000000000001066, -17.99999999999998579, 40.00000000000000000 ) ) ;
#556 = APPLICATION_CONTEXT ( 'configuration controlled 3d designs of mechanical parts and assemblies' ) ;
#557 = ORIENTED_EDGE ( 'NONE', *, *, #333, .F. ) ;
#558 = EDGE_CURVE ( 'NONE', #761, #217, #553, .T. ) ;
#559 = LINE ( 'NONE', #443, #105 ) ;
#560 = DIRECTION ( 'NONE',  ( -0.000000000000000000, -0.000000000000000000, 1.000000000000000000 ) ) ;
#561 = AXIS2_PLACEMENT_3D ( 'NONE', #284, #722, #1156 ) ;
#562 = VECTOR ( 'NONE', #60, 1000.000000000000000 ) ;
#563 = CARTESIAN_POINT ( 'NONE',  ( 19.99999999999998934, 17.99999999999998934, 40.00000000000000000 ) ) ;
#564 = AXIS2_PLACEMENT_3D ( 'NONE', #1052, #844, #506 ) ;
#565 = ORIENTED_EDGE ( 'NONE', *, *, #7, .F. ) ;
#566 = VECTOR ( 'NONE', #165, 1000.000000000000000 ) ;
#567 = EDGE_CURVE ( 'NONE', #688, #1142, #493, .T. ) ;
#568 = EDGE_LOOP ( 'NONE', ( #479, #1373, #744, #302 ) ) ;
#569 = CARTESIAN_POINT ( 'NONE',  ( 17.99999999999998934, -20.00000000000000355, 40.00000000000000000 ) ) ;
#570 = CARTESIAN_POINT ( 'NONE',  ( 19.99999999999998934, 17.99999999999998934, 40.00000000000000000 ) ) ;
#571 = DIRECTION ( 'NONE',  ( -0.000000000000000000, -0.000000000000000000, -1.000000000000000000 ) ) ;
#572 = DATE_AND_TIME ( #355, #750 ) ;
#573 = ORIENTED_EDGE ( 'NONE', *, *, #982, .F. ) ;
#574 = CARTESIAN_POINT ( 'NONE',  ( 14.50000000000000178, -19.50000000000000000, 10.00000000000000000 ) ) ;
#575 = CARTESIAN_POINT ( 'NONE',  ( -17.99999999999999645, -20.00000000000000000, 0.000000000000000000 ) ) ;
#576 = CARTESIAN_POINT ( 'NONE',  ( 19.99999999999998934, 17.99999999999998934, 0.000000000000000000 ) ) ;
#577 = CALENDAR_DATE ( 2024, 26, 9 ) ;
#578 = ORIENTED_EDGE ( 'NONE', *, *, #518, .T. ) ;
#579 = ORIENTED_EDGE ( 'NONE', *, *, #1044, .F. ) ;
#580 = DIRECTION ( 'NONE',  ( -0.000000000000000000, -0.000000000000000000, -1.000000000000000000 ) ) ;
#581 = DIRECTION ( 'NONE',  ( 1.000000000000000000, 0.000000000000000000, 0.000000000000000000 ) ) ;
#582 = EDGE_CURVE ( 'NONE', #696, #299, #18, .T. ) ;
#583 = FACE_OUTER_BOUND ( 'NONE', #522, .T. ) ;
#584 = APPROVAL_DATE_TIME ( #1267, #93 ) ;
#585 = AXIS2_PLACEMENT_3D ( 'NONE', #1121, #477, #930 ) ;
#586 = ADVANCED_FACE ( 'NONE', ( #438 ), #901, .T. ) ;
#587 = VERTEX_POINT ( 'NONE', #323 ) ;
#588 = AXIS2_PLACEMENT_3D ( 'NONE', #959, #1071, #76 ) ;
#589 = AXIS2_PLACEMENT_3D ( 'NONE', #699, #1261, #594 ) ;
#590 = ORIENTED_EDGE ( 'NONE', *, *, #32, .T. ) ;
#591 = CARTESIAN_POINT ( 'NONE',  ( 0.000000000000000000, 0.000000000000000000, 61.00000000000000000 ) ) ;
#592 = CIRCLE ( 'NONE', #751, 1.499999999999999556 ) ;
#593 = CARTESIAN_POINT ( 'NONE',  ( 19.99999999999998934, 17.99999999999998934, 10.00000000000000178 ) ) ;
#594 = DIRECTION ( 'NONE',  ( 0.000000000000000000, -0.000000000000000000, 1.000000000000000000 ) ) ;
#595 = ORIENTED_EDGE ( 'NONE', *, *, #436, .F. ) ;
#596 = ORIENTED_EDGE ( 'NONE', *, *, #758, .F. ) ;
#597 = EDGE_CURVE ( 'NONE', #1352, #246, #380, .T. ) ;
#598 = VERTEX_POINT ( 'NONE', #341 ) ;
#599 = DIRECTION ( 'NONE',  ( 1.000000000000000000, 0.000000000000000000, -0.000000000000000000 ) ) ;
#600 = CARTESIAN_POINT ( 'NONE',  ( 14.50000000000000178, 19.49999999999999645, 10.00000000000000000 ) ) ;
#601 = PLANE ( 'NONE',  #511 ) ;
#602 = EDGE_LOOP ( 'NONE', ( #1248, #1144 ) ) ;
#603 = DIRECTION ( 'NONE',  ( 0.000000000000000000, 0.000000000000000000, 1.000000000000000000 ) ) ;
#604 = EDGE_CURVE ( 'NONE', #127, #938, #1113, .T. ) ;
#605 = DIRECTION ( 'NONE',  ( 1.000000000000000000, 0.000000000000000000, -0.000000000000000000 ) ) ;
#606 = CARTESIAN_POINT ( 'NONE',  ( 20.00000000000000355, -17.99999999999998579, 40.00000000000000000 ) ) ;
#607 = EDGE_LOOP ( 'NONE', ( #501, #596, #419, #257 ) ) ;
#608 = ORIENTED_EDGE ( 'NONE', *, *, #1354, .T. ) ;
#609 = CIRCLE ( 'NONE', #294, 5.000000000000000888 ) ;
#610 = EDGE_CURVE ( 'NONE', #926, #1358, #638, .T. ) ;
#611 = VECTOR ( 'NONE', #1365, 1000.000000000000000 ) ;
#612 = CARTESIAN_POINT ( 'NONE',  ( -14.49999999999999467, 14.49999999999999822, 30.00000000000000000 ) ) ;
#613 = AXIS2_PLACEMENT_3D ( 'NONE', #348, #785, #1419 ) ;
#614 = FACE_OUTER_BOUND ( 'NONE', #1268, .T. ) ;
#615 = PRODUCT ( '모터', '모터', '', ( #223 ) ) ;
#616 = ORIENTED_EDGE ( 'NONE', *, *, #868, .F. ) ;
#617 = ORIENTED_EDGE ( 'NONE', *, *, #290, .F. ) ;
#618 = CARTESIAN_POINT ( 'NONE',  ( 17.99999999999998934, -20.00000000000000355, 0.000000000000000000 ) ) ;
#619 = DIRECTION ( 'NONE',  ( -0.000000000000000000, -0.000000000000000000, -1.000000000000000000 ) ) ;
#620 = EDGE_CURVE ( 'NONE', #761, #824, #592, .T. ) ;
#621 = VERTEX_POINT ( 'NONE', #570 ) ;
#622 = ORIENTED_EDGE ( 'NONE', *, *, #879, .F. ) ;
#623 = ORIENTED_EDGE ( 'NONE', *, *, #183, .T. ) ;
#624 = CARTESIAN_POINT ( 'NONE',  ( 14.50000000000000178, -19.50000000000000000, 30.00000000000000000 ) ) ;
#625 = CARTESIAN_POINT ( 'NONE',  ( -19.49999999999999645, 14.49999999999999822, 30.00000000000000000 ) ) ;
#626 = ADVANCED_FACE ( 'NONE', ( #1217 ), #873, .T. ) ;
#627 = EDGE_LOOP ( 'NONE', ( #1033, #738, #291, #1339 ) ) ;
#628 = CARTESIAN_POINT ( 'NONE',  ( -18.00000000000001421, 18.00000000000000355, 40.00000000000000000 ) ) ;
#629 = DIRECTION ( 'NONE',  ( -0.000000000000000000, -0.000000000000000000, -1.000000000000000000 ) ) ;
#630 = CC_DESIGN_DATE_AND_TIME_ASSIGNMENT ( #1008, #659, ( #887 ) ) ;
#631 = EDGE_LOOP ( 'NONE', ( #1108, #1379 ) ) ;
#632 = APPLICATION_CONTEXT ( 'configuration controlled 3d designs of mechanical parts and assemblies' ) ;
#633 = VECTOR ( 'NONE', #117, 1000.000000000000000 ) ;
#634 = LINE ( 'NONE', #189, #776 ) ;
#635 = CIRCLE ( 'NONE', #1369, 2.000000000000001776 ) ;
#636 = CIRCLE ( 'NONE', #1050, 2.000000000000001776 ) ;
#637 = DIRECTION ( 'NONE',  ( -1.000000000000000000, 0.000000000000000000, 0.000000000000000000 ) ) ;
#638 = CIRCLE ( 'NONE', #845, 1.499999999999996225 ) ;
#639 = ORIENTED_EDGE ( 'NONE', *, *, #373, .T. ) ;
#640 = LINE ( 'NONE', #975, #1210 ) ;
#641 = LINE ( 'NONE', #555, #952 ) ;
#642 = ORIENTED_EDGE ( 'NONE', *, *, #957, .F. ) ;
#643 = FACE_OUTER_BOUND ( 'NONE', #1395, .T. ) ;
#644 = CYLINDRICAL_SURFACE ( 'NONE', #700, 1.999999999999998224 ) ;
#645 = ORIENTED_EDGE ( 'NONE', *, *, #567, .T. ) ;
#646 = CARTESIAN_POINT ( 'NONE',  ( -20.00000000000001066, 17.99999999999998579, 0.000000000000000000 ) ) ;
#647 = CARTESIAN_POINT ( 'NONE',  ( 0.000000000000000000, 0.000000000000000000, 40.00000000000000000 ) ) ;
#648 = ORIENTED_EDGE ( 'NONE', *, *, #230, .F. ) ;
#649 = CARTESIAN_POINT ( 'NONE',  ( 14.50000000000000178, 19.49999999999999645, 30.00000000000000000 ) ) ;
#650 = EDGE_LOOP ( 'NONE', ( #1291, #667, #1031, #262 ) ) ;
#651 = CARTESIAN_POINT ( 'NONE',  ( 17.00000000000001066, -15.50000000000000000, 35.00000000000000000 ) ) ;
#652 = CARTESIAN_POINT ( 'NONE',  ( -14.49999999999999467, -19.50000000000000000, 10.00000000000000000 ) ) ;
#653 = CARTESIAN_POINT ( 'NONE',  ( -14.49999999999999467, -19.50000000000000000, 30.00000000000000000 ) ) ;
#654 = VERTEX_POINT ( 'NONE', #1311 ) ;
#655 = CARTESIAN_POINT ( 'NONE',  ( -14.49999999999999467, 14.49999999999999822, 10.00000000000000000 ) ) ;
#656 = DIRECTION ( 'NONE',  ( 0.000000000000000000, 0.000000000000000000, 1.000000000000000000 ) ) ;
#657 = VECTOR ( 'NONE', #208, 1000.000000000000000 ) ;
#658 = CARTESIAN_POINT ( 'NONE',  ( -17.99999999999999645, 20.00000000000000000, 40.00000000000000000 ) ) ;
#659 = DATE_TIME_ROLE ( 'creation_date' ) ;
#660 = AXIS2_PLACEMENT_3D ( 'NONE', #460, #560, #334 ) ;
#661 = ORIENTED_EDGE ( 'NONE', *, *, #24, .F. ) ;
#662 = DIRECTION ( 'NONE',  ( 0.000000000000000000, 0.000000000000000000, 1.000000000000000000 ) ) ;
#663 = CARTESIAN_POINT ( 'NONE',  ( -17.99999999999999645, -20.00000000000000000, 10.00000000000000178 ) ) ;
#664 = EDGE_CURVE ( 'NONE', #172, #712, #1224, .T. ) ;
#665 = DIRECTION ( 'NONE',  ( 0.000000000000000000, 0.000000000000000000, 1.000000000000000000 ) ) ;
#666 =( NAMED_UNIT ( * ) PLANE_ANGLE_UNIT ( ) SI_UNIT ( $, .RADIAN. ) );
#667 = ORIENTED_EDGE ( 'NONE', *, *, #773, .T. ) ;
#668 = DIRECTION ( 'NONE',  ( 1.000000000000000000, 0.000000000000000000, 0.000000000000000000 ) ) ;
#669 = CARTESIAN_POINT ( 'NONE',  ( 14.50000000000000178, -19.50000000000000000, 30.00000000000000000 ) ) ;
#670 = CARTESIAN_POINT ( 'NONE',  ( 17.99999999999998934, -20.00000000000000355, 10.00000000000000178 ) ) ;
#671 = APPROVAL_ROLE ( '' ) ;
#672 = ADVANCED_FACE ( 'NONE', ( #236 ), #220, .T. ) ;
#673 = EDGE_LOOP ( 'NONE', ( #1074, #191, #1374, #386, #1117, #1280, #645, #578 ) ) ;
#674 = EDGE_CURVE ( 'NONE', #701, #955, #1072, .T. ) ;
#675 = CARTESIAN_POINT ( 'NONE',  ( -15.50000000000000533, -15.50000000000000355, 35.00000000000000000 ) ) ;
#676 = DIRECTION ( 'NONE',  ( -0.000000000000000000, 0.000000000000000000, -1.000000000000000000 ) ) ;
#677 = APPROVAL_PERSON_ORGANIZATION ( #913, #375, #671 ) ;
#678 = AXIS2_PLACEMENT_3D ( 'NONE', #838, #1402, #741 ) ;
#679 = DIRECTION ( 'NONE',  ( 0.000000000000000000, 0.000000000000000000, 1.000000000000000000 ) ) ;
#680 = COORDINATED_UNIVERSAL_TIME_OFFSET ( 9, 0, .AHEAD. ) ;
#681 = CIRCLE ( 'NONE', #1275, 1.499999999999997780 ) ;
#682 = ORIENTED_EDGE ( 'NONE', *, *, #176, .F. ) ;
#683 = CIRCLE ( 'NONE', #1232, 1.500000000000003109 ) ;
#684 = DIRECTION ( 'NONE',  ( 0.000000000000000000, 0.000000000000000000, 1.000000000000000000 ) ) ;
#685 = EDGE_CURVE ( 'NONE', #1400, #166, #1143, .T. ) ;
#686 = DIRECTION ( 'NONE',  ( 1.000000000000000000, 0.000000000000000000, 0.000000000000000000 ) ) ;
#687 = DIRECTION ( 'NONE',  ( 1.000000000000000000, 0.000000000000000000, -0.000000000000000000 ) ) ;
#688 = VERTEX_POINT ( 'NONE', #134 ) ;
#689 = DIRECTION ( 'NONE',  ( 1.000000000000000000, 0.000000000000000000, 0.000000000000000000 ) ) ;
#690 = EDGE_CURVE ( 'NONE', #172, #907, #1006, .T. ) ;
#691 = CARTESIAN_POINT ( 'NONE',  ( -18.00000000000001421, -18.00000000000000355, 40.00000000000000000 ) ) ;
#692 = ADVANCED_FACE ( 'NONE', ( #170 ), #362, .F. ) ;
#693 = CC_DESIGN_PERSON_AND_ORGANIZATION_ASSIGNMENT ( #549, #233, ( #534 ) ) ;
#694 = CARTESIAN_POINT ( 'NONE',  ( -14.49999999999999467, -14.49999999999999467, 10.00000000000000000 ) ) ;
#695 = ORIENTED_EDGE ( 'NONE', *, *, #133, .F. ) ;
#696 = VERTEX_POINT ( 'NONE', #593 ) ;
#697 = DIRECTION ( 'NONE',  ( 1.000000000000000000, -1.196361017915039486E-16, 0.000000000000000000 ) ) ;
#698 = LINE ( 'NONE', #600, #79 ) ;
#699 = CARTESIAN_POINT ( 'NONE',  ( -17.99999999999999645, -20.00000000000000000, 40.00000000000000000 ) ) ;
#700 = AXIS2_PLACEMENT_3D ( 'NONE', #746, #507, #1054 ) ;
#701 = VERTEX_POINT ( 'NONE', #164 ) ;
#702 = EDGE_LOOP ( 'NONE', ( #1235, #899, #80, #949 ) ) ;
#703 = AXIS2_PLACEMENT_3D ( 'NONE', #612, #512, #1295 ) ;
#704 = CIRCLE ( 'NONE', #272, 1.999999999999998224 ) ;
#705 = ORIENTED_EDGE ( 'NONE', *, *, #1118, .T. ) ;
#706 = CARTESIAN_POINT ( 'NONE',  ( -17.99999999999999645, 20.00000000000000000, 40.00000000000000000 ) ) ;
#707 = VECTOR ( 'NONE', #960, 1000.000000000000000 ) ;
#708 = DIRECTION ( 'NONE',  ( 0.000000000000000000, 1.000000000000000000, 0.000000000000000000 ) ) ;
#709 = CARTESIAN_POINT ( 'NONE',  ( -15.50000000000000355, 15.49999999999999645, 35.00000000000000000 ) ) ;
#710 = ADVANCED_FACE ( 'NONE', ( #36 ), #1239, .F. ) ;
#711 = ORIENTED_EDGE ( 'NONE', *, *, #1394, .T. ) ;
#712 = VERTEX_POINT ( 'NONE', #488 ) ;
#713 = CC_DESIGN_DATE_AND_TIME_ASSIGNMENT ( #904, #1234, ( #1206 ) ) ;
#714 = ORIENTED_EDGE ( 'NONE', *, *, #804, .T. ) ;
#715 = CARTESIAN_POINT ( 'NONE',  ( -14.00000000000000178, -15.50000000000000355, 40.00000000000000000 ) ) ;
#716 = DIRECTION ( 'NONE',  ( -0.000000000000000000, -0.000000000000000000, 1.000000000000000000 ) ) ;
#717 = LINE ( 'NONE', #1029, #1279 ) ;
#718 = ORIENTED_EDGE ( 'NONE', *, *, #1157, .F. ) ;
#719 = ADVANCED_FACE ( 'NONE', ( #794 ), #924, .T. ) ;
#720 = MANIFOLD_SOLID_BREP ( '컷-돌출2', #890 ) ;
#721 = ORIENTED_EDGE ( 'NONE', *, *, #597, .T. ) ;
#722 = DIRECTION ( 'NONE',  ( 1.000000000000000000, 0.000000000000000000, -0.000000000000000000 ) ) ;
#723 = DIRECTION ( 'NONE',  ( 0.000000000000000000, 1.000000000000000000, 0.000000000000000000 ) ) ;
#724 = DIRECTION ( 'NONE',  ( -1.000000000000000000, 0.000000000000000000, 0.000000000000000000 ) ) ;
#725 = ORIENTED_EDGE ( 'NONE', *, *, #931, .T. ) ;
#726 = CIRCLE ( 'NONE', #1046, 1.999999999999998224 ) ;
#727 = ORIENTED_EDGE ( 'NONE', *, *, #972, .T. ) ;
#728 = AXIS2_PLACEMENT_3D ( 'NONE', #104, #517, #969 ) ;
#729 = ORIENTED_EDGE ( 'NONE', *, *, #1377, .F. ) ;
#730 = VECTOR ( 'NONE', #228, 1000.000000000000000 ) ;
#731 = VECTOR ( 'NONE', #131, 1000.000000000000000 ) ;
#732 = DIRECTION ( 'NONE',  ( 1.000000000000000000, 0.000000000000000000, 0.000000000000000000 ) ) ;
#733 = AXIS2_PLACEMENT_3D ( 'NONE', #768, #679, #983 ) ;
#734 = EDGE_CURVE ( 'NONE', #137, #267, #496, .T. ) ;
#735 = CARTESIAN_POINT ( 'NONE',  ( 14.00000000000000711, 15.50000000000000000, 35.00000000000000000 ) ) ;
#736 = VERTEX_POINT ( 'NONE', #575 ) ;
#737 = DIRECTION ( 'NONE',  ( 0.000000000000000000, 1.000000000000000000, 0.000000000000000000 ) ) ;
#738 = ORIENTED_EDGE ( 'NONE', *, *, #1127, .F. ) ;
#739 = CARTESIAN_POINT ( 'NONE',  ( 19.50000000000000355, 14.49999999999999645, 30.00000000000000000 ) ) ;
#740 = EDGE_CURVE ( 'NONE', #351, #84, #1336, .T. ) ;
#741 = DIRECTION ( 'NONE',  ( 1.000000000000000000, 0.000000000000000000, 0.000000000000000000 ) ) ;
#742 = ORIENTED_EDGE ( 'NONE', *, *, #620, .F. ) ;
#743 = CARTESIAN_POINT ( 'NONE',  ( -20.00000000000001066, 17.99999999999998579, 40.00000000000000000 ) ) ;
#744 = ORIENTED_EDGE ( 'NONE', *, *, #480, .T. ) ;
#745 = DIRECTION ( 'NONE',  ( -0.000000000000000000, -0.000000000000000000, -1.000000000000000000 ) ) ;
#746 = CARTESIAN_POINT ( 'NONE',  ( -18.00000000000001421, 18.00000000000000355, 40.00000000000000000 ) ) ;
#747 = CARTESIAN_POINT ( 'NONE',  ( 19.99999999999998934, 17.99999999999998934, 10.00000000000000178 ) ) ;
#748 = CARTESIAN_POINT ( 'NONE',  ( 17.00000000000000000, 15.50000000000000000, 35.00000000000000000 ) ) ;
#749 = EDGE_LOOP ( 'NONE', ( #963, #25, #307, #1405 ) ) ;
#750 = LOCAL_TIME ( 23, 18, 10.00000000000000000, #1107 ) ;
#751 = AXIS2_PLACEMENT_3D ( 'NONE', #1418, #431, #346 ) ;
#752 = DIRECTION ( 'NONE',  ( 0.000000000000000000, 0.000000000000000000, 1.000000000000000000 ) ) ;
#753 = CIRCLE ( 'NONE', #337, 1.499999999999999556 ) ;
#754 = CIRCLE ( 'NONE', #132, 2.500000000000000000 ) ;
#755 = DIRECTION ( 'NONE',  ( 0.000000000000000000, 0.000000000000000000, 1.000000000000000000 ) ) ;
#756 = DIRECTION ( 'NONE',  ( -0.000000000000000000, -0.000000000000000000, -1.000000000000000000 ) ) ;
#757 = FACE_OUTER_BOUND ( 'NONE', #288, .T. ) ;
#758 = EDGE_CURVE ( 'NONE', #250, #387, #253, .T. ) ;
#759 = ORIENTED_EDGE ( 'NONE', *, *, #1005, .F. ) ;
#760 = DIRECTION ( 'NONE',  ( -1.000000000000000000, 0.000000000000000000, 0.000000000000000000 ) ) ;
#761 = VERTEX_POINT ( 'NONE', #1028 ) ;
#762 = CARTESIAN_POINT ( 'NONE',  ( 15.50000000000000355, 15.50000000000000000, 35.00000000000000000 ) ) ;
#763 = EDGE_LOOP ( 'NONE', ( #1153, #642 ) ) ;
#764 = DIRECTION ( 'NONE',  ( -0.000000000000000000, 0.000000000000000000, -1.000000000000000000 ) ) ;
#765 = ORIENTED_EDGE ( 'NONE', *, *, #183, .F. ) ;
#766 = CARTESIAN_POINT ( 'NONE',  ( 18.00000000000000355, -18.00000000000000355, 40.00000000000000000 ) ) ;
#767 = DIRECTION ( 'NONE',  ( 1.000000000000000000, 0.000000000000000000, 0.000000000000000000 ) ) ;
#768 = CARTESIAN_POINT ( 'NONE',  ( -15.50000000000000355, 15.49999999999999645, 40.00000000000000000 ) ) ;
#769 = PERSON_AND_ORGANIZATION ( #510, #1182 ) ;
#770 = ORIENTED_EDGE ( 'NONE', *, *, #827, .T. ) ;
#771 = CC_DESIGN_APPROVAL ( #375, ( #534 ) ) ;
#772 = CARTESIAN_POINT ( 'NONE',  ( 19.50000000000000355, 14.49999999999999645, 10.00000000000000000 ) ) ;
#773 = EDGE_CURVE ( 'NONE', #809, #696, #398, .T. ) ;
#774 = CIRCLE ( 'NONE', #1135, 1.499999999999997780 ) ;
#775 = DIRECTION ( 'NONE',  ( -0.000000000000000000, -0.000000000000000000, -1.000000000000000000 ) ) ;
#776 = VECTOR ( 'NONE', #832, 1000.000000000000000 ) ;
#777 = AXIS2_PLACEMENT_3D ( 'NONE', #390, #30, #376 ) ;
#778 = DIRECTION ( 'NONE',  ( 1.000000000000000000, 0.000000000000000000, -0.000000000000000000 ) ) ;
#779 = PERSON_AND_ORGANIZATION ( #510, #1182 ) ;
#780 = CIRCLE ( 'NONE', #78, 1.499999999999997780 ) ;
#781 = VERTEX_POINT ( 'NONE', #45 ) ;
#782 = FACE_OUTER_BOUND ( 'NONE', #1078, .T. ) ;
#783 = DIRECTION ( 'NONE',  ( 0.000000000000000000, 0.000000000000000000, 1.000000000000000000 ) ) ;
#784 = ADVANCED_FACE ( 'NONE', ( #1361 ), #806, .T. ) ;
#785 = DIRECTION ( 'NONE',  ( -0.000000000000000000, -0.000000000000000000, 1.000000000000000000 ) ) ;
#786 = EDGE_CURVE ( 'NONE', #65, #545, #774, .T. ) ;
#787 = LINE ( 'NONE', #1320, #35 ) ;
#788 = DIRECTION ( 'NONE',  ( 0.000000000000000000, 0.000000000000000000, 1.000000000000000000 ) ) ;
#789 = LINE ( 'NONE', #118, #544 ) ;
#790 = ORIENTED_EDGE ( 'NONE', *, *, #100, .F. ) ;
#791 = ADVANCED_FACE ( 'NONE', ( #1011 ), #155, .T. ) ;
#792 = ORIENTED_EDGE ( 'NONE', *, *, #100, .T. ) ;
#793 = DIRECTION ( 'NONE',  ( -1.000000000000000000, 0.000000000000000000, 0.000000000000000000 ) ) ;
#794 = FACE_OUTER_BOUND ( 'NONE', #1363, .T. ) ;
#795 = AXIS2_PLACEMENT_3D ( 'NONE', #675, #345, #1085 ) ;
#796 = CYLINDRICAL_SURFACE ( 'NONE', #613, 1.499999999999997780 ) ;
#797 = PERSON_AND_ORGANIZATION_ROLE ( 'design_supplier' ) ;
#798 = VECTOR ( 'NONE', #97, 1000.000000000000000 ) ;
#799 = ORIENTED_EDGE ( 'NONE', *, *, #1385, .T. ) ;
#800 = VECTOR ( 'NONE', #9, 1000.000000000000000 ) ;
#801 = ADVANCED_FACE ( 'NONE', ( #28 ), #817, .F. ) ;
#802 = ORIENTED_EDGE ( 'NONE', *, *, #489, .T. ) ;
#803 = DIRECTION ( 'NONE',  ( -1.000000000000000000, 0.000000000000000000, 0.000000000000000000 ) ) ;
#804 = EDGE_CURVE ( 'NONE', #458, #1148, #271, .T. ) ;
#805 = EDGE_CURVE ( 'NONE', #781, #587, #264, .T. ) ;
#806 = PLANE ( 'NONE',  #1388 ) ;
#807 = CARTESIAN_POINT ( 'NONE',  ( 17.99999999999998224, 20.00000000000000000, 30.00000000000000000 ) ) ;
#808 = ORIENTED_EDGE ( 'NONE', *, *, #902, .T. ) ;
#809 = VERTEX_POINT ( 'NONE', #1146 ) ;
#810 = CARTESIAN_POINT ( 'NONE',  ( -20.00000000000001066, -17.99999999999998579, 40.00000000000000000 ) ) ;
#811 = CARTESIAN_POINT ( 'NONE',  ( -20.00000000000001066, -17.99999999999998579, 0.000000000000000000 ) ) ;
#812 = FACE_OUTER_BOUND ( 'NONE', #1390, .T. ) ;
#813 = EDGE_LOOP ( 'NONE', ( #839, #406, #623, #393 ) ) ;
#814 = ORIENTED_EDGE ( 'NONE', *, *, #210, .T. ) ;
#815 = VERTEX_POINT ( 'NONE', #811 ) ;
#816 = CYLINDRICAL_SURFACE ( 'NONE', #841, 2.500000000000000000 ) ;
#817 = PLANE ( 'NONE',  #128 ) ;
#818 = EDGE_CURVE ( 'NONE', #525, #688, #698, .T. ) ;
#819 = FACE_OUTER_BOUND ( 'NONE', #830, .T. ) ;
#820 =( GEOMETRIC_REPRESENTATION_CONTEXT ( 3 ) GLOBAL_UNCERTAINTY_ASSIGNED_CONTEXT ( ( #1012 ) ) GLOBAL_UNIT_ASSIGNED_CONTEXT ( ( #31, #666, #892 ) ) REPRESENTATION_CONTEXT ( 'NONE', 'WORKASPACE' ) );
#821 = ORIENTED_EDGE ( 'NONE', *, *, #1044, .T. ) ;
#822 = CIRCLE ( 'NONE', #198, 1.500000000000003109 ) ;
#823 = VECTOR ( 'NONE', #530, 1000.000000000000000 ) ;
#824 = VERTEX_POINT ( 'NONE', #280 ) ;
#825 = LINE ( 'NONE', #1259, #731 ) ;
#826 = DIRECTION ( 'NONE',  ( -0.000000000000000000, -0.000000000000000000, -1.000000000000000000 ) ) ;
#827 = EDGE_CURVE ( 'NONE', #162, #194, #422, .T. ) ;
#828 = DIRECTION ( 'NONE',  ( -0.000000000000000000, 0.000000000000000000, -1.000000000000000000 ) ) ;
#829 = ORIENTED_EDGE ( 'NONE', *, *, #1157, .T. ) ;
#830 = EDGE_LOOP ( 'NONE', ( #1258, #1215, #814, #1051 ) ) ;
#831 = CARTESIAN_POINT ( 'NONE',  ( -17.99999999999999645, 20.00000000000000000, 40.00000000000000000 ) ) ;
#832 = DIRECTION ( 'NONE',  ( 0.000000000000000000, 1.000000000000000000, 0.000000000000000000 ) ) ;
#833 = DIRECTION ( 'NONE',  ( 0.000000000000000000, 0.000000000000000000, -1.000000000000000000 ) ) ;
#834 = ORIENTED_EDGE ( 'NONE', *, *, #436, .T. ) ;
#835 = ORIENTED_EDGE ( 'NONE', *, *, #1226, .F. ) ;
#836 = ORIENTED_EDGE ( 'NONE', *, *, #1053, .F. ) ;
#837 = CARTESIAN_POINT ( 'NONE',  ( -17.00000000000000000, 15.49999999999999645, 35.00000000000000000 ) ) ;
#838 = CARTESIAN_POINT ( 'NONE',  ( 15.50000000000000355, 15.50000000000000000, 40.00000000000000000 ) ) ;
#839 = ORIENTED_EDGE ( 'NONE', *, *, #114, .F. ) ;
#840 = EDGE_LOOP ( 'NONE', ( #66, #967, #1284, #829 ) ) ;
#841 = AXIS2_PLACEMENT_3D ( 'NONE', #270, #360, #475 ) ;
#842 = VECTOR ( 'NONE', #46, 1000.000000000000000 ) ;
#843 = EDGE_CURVE ( 'NONE', #1081, #162, #1062, .T. ) ;
#844 = DIRECTION ( 'NONE',  ( -0.000000000000000000, -0.000000000000000000, -1.000000000000000000 ) ) ;
#845 = AXIS2_PLACEMENT_3D ( 'NONE', #101, #783, #993 ) ;
#846 = LINE ( 'NONE', #514, #707 ) ;
#847 = ORIENTED_EDGE ( 'NONE', *, *, #818, .F. ) ;
#848 = LINE ( 'NONE', #747, #1001 ) ;
#849 = ORIENTED_EDGE ( 'NONE', *, *, #921, .F. ) ;
#850 = FACE_OUTER_BOUND ( 'NONE', #1408, .T. ) ;
#851 = CARTESIAN_POINT ( 'NONE',  ( -14.49999999999999467, -14.49999999999999467, 30.00000000000000000 ) ) ;
#852 = EDGE_LOOP ( 'NONE', ( #278, #411, #121, #424 ) ) ;
#853 = CARTESIAN_POINT ( 'NONE',  ( 14.50000000000000178, 19.49999999999999645, 30.00000000000000000 ) ) ;
#854 = CARTESIAN_POINT ( 'NONE',  ( 0.000000000000000000, 0.000000000000000000, 41.00000000000000000 ) ) ;
#855 = ORIENTED_EDGE ( 'NONE', *, *, #159, .F. ) ;
#856 = CARTESIAN_POINT ( 'NONE',  ( -17.99999999999999645, 20.00000000000000000, 40.00000000000000000 ) ) ;
#857 = DIRECTION ( 'NONE',  ( -1.000000000000000000, 0.000000000000000000, 0.000000000000000000 ) ) ;
#858 = ADVANCED_FACE ( 'NONE', ( #399 ), #412, .T. ) ;
#859 = DIRECTION ( 'NONE',  ( -0.000000000000000000, -0.000000000000000000, -1.000000000000000000 ) ) ;
#860 = EDGE_CURVE ( 'NONE', #470, #1099, #1319, .T. ) ;
#861 = CARTESIAN_POINT ( 'NONE',  ( -15.50000000000000533, -15.50000000000000355, 35.00000000000000000 ) ) ;
#862 = ORIENTED_EDGE ( 'NONE', *, *, #1127, .T. ) ;
#863 = AXIS2_PLACEMENT_3D ( 'NONE', #1134, #72, #313 ) ;
#864 = DIRECTION ( 'NONE',  ( 3.854941057726240562E-16, -1.000000000000000000, 0.000000000000000000 ) ) ;
#865 = VECTOR ( 'NONE', #218, 1000.000000000000000 ) ;
#866 = VECTOR ( 'NONE', #897, 1000.000000000000000 ) ;
#867 = DIRECTION ( 'NONE',  ( -0.000000000000000000, -0.000000000000000000, -1.000000000000000000 ) ) ;
#868 = EDGE_CURVE ( 'NONE', #1181, #458, #359, .T. ) ;
#869 = CARTESIAN_POINT ( 'NONE',  ( 14.50000000000000178, -19.50000000000000000, 10.00000000000000000 ) ) ;
#870 = DIRECTION ( 'NONE',  ( 0.000000000000000000, -1.000000000000000000, 0.000000000000000000 ) ) ;
#871 = ORIENTED_EDGE ( 'NONE', *, *, #957, .T. ) ;
#872 = DIRECTION ( 'NONE',  ( -0.000000000000000000, 0.000000000000000000, -1.000000000000000000 ) ) ;
#873 = PLANE ( 'NONE',  #1211 ) ;
#874 = CARTESIAN_POINT ( 'NONE',  ( 17.00000000000001066, -15.50000000000000000, 40.00000000000000000 ) ) ;
#875 = CYLINDRICAL_SURFACE ( 'NONE', #1409, 1.500000000000003109 ) ;
#876 = ORIENTED_EDGE ( 'NONE', *, *, #1385, .F. ) ;
#877 = EDGE_CURVE ( 'NONE', #938, #115, #1188, .T. ) ;
#878 = CARTESIAN_POINT ( 'NONE',  ( -20.00000000000001066, 17.99999999999998579, 40.00000000000000000 ) ) ;
#879 = EDGE_CURVE ( 'NONE', #1328, #499, #175, .T. ) ;
#880 = DIRECTION ( 'NONE',  ( -1.000000000000000000, 0.000000000000000000, 0.000000000000000000 ) ) ;
#881 = LINE ( 'NONE', #891, #297 ) ;
#882 = COORDINATED_UNIVERSAL_TIME_OFFSET ( 9, 0, .AHEAD. ) ;
#883 = ORIENTED_EDGE ( 'NONE', *, *, #185, .T. ) ;
#884 = EDGE_CURVE ( 'NONE', #926, #505, #1265, .T. ) ;
#885 = LINE ( 'NONE', #420, #865 ) ;
#886 = VECTOR ( 'NONE', #1105, 1000.000000000000000 ) ;
#887 = PRODUCT_DEFINITION ( 'UNKNOWN', '', #534, #1128 ) ;
#888 = DIRECTION ( 'NONE',  ( 1.000000000000000000, 0.000000000000000000, 0.000000000000000000 ) ) ;
#889 = VECTOR ( 'NONE', #1171, 1000.000000000000000 ) ;
#890 = CLOSED_SHELL ( 'NONE', ( #1331, #541, #472, #350, #434, #92, #791, #1154, #1351, #692, #452, #1290, #898, #1371, #415, #1288, #316, #905, #1218, #1173, #784, #537, #413, #455, #672, #219, #985, #442, #1360, #1136, #801, #1088, #285, #586, #1322, #1130, #1237, #858, #461, #719, #205, #626, #1180, #1245, #710, #247 ) ) ;
#891 = CARTESIAN_POINT ( 'NONE',  ( -17.99999999999999645, -20.00000000000000000, 0.000000000000000000 ) ) ;
#892 =( NAMED_UNIT ( * ) SI_UNIT ( $, .STERADIAN. ) SOLID_ANGLE_UNIT ( ) );
#893 = AXIS2_PLACEMENT_3D ( 'NONE', #896, #775, #328 ) ;
#894 = ORIENTED_EDGE ( 'NONE', *, *, #120, .F. ) ;
#895 = DIRECTION ( 'NONE',  ( 0.000000000000000000, 0.000000000000000000, 1.000000000000000000 ) ) ;
#896 = CARTESIAN_POINT ( 'NONE',  ( -18.00000000000001421, -18.00000000000000355, 40.00000000000000000 ) ) ;
#897 = DIRECTION ( 'NONE',  ( -0.000000000000000000, -0.000000000000000000, -1.000000000000000000 ) ) ;
#898 = ADVANCED_FACE ( 'NONE', ( #643 ), #1079, .T. ) ;
#899 = ORIENTED_EDGE ( 'NONE', *, *, #685, .F. ) ;
#900 = DIRECTION ( 'NONE',  ( 1.000000000000000000, 0.000000000000000000, 0.000000000000000000 ) ) ;
#901 = CYLINDRICAL_SURFACE ( 'NONE', #893, 1.999999999999998224 ) ;
#902 = EDGE_CURVE ( 'NONE', #250, #1314, #964, .T. ) ;
#903 = CARTESIAN_POINT ( 'NONE',  ( -15.50000000000000533, -15.50000000000000355, 40.00000000000000000 ) ) ;
#904 = DATE_AND_TIME ( #336, #469 ) ;
#905 = ADVANCED_FACE ( 'NONE', ( #850 ), #206, .T. ) ;
#906 = EDGE_LOOP ( 'NONE', ( #759, #920, #1047, #130 ) ) ;
#907 = VERTEX_POINT ( 'NONE', #618 ) ;
#908 = CARTESIAN_POINT ( 'NONE',  ( 14.50000000000000178, -14.50000000000000000, 10.00000000000000000 ) ) ;
#909 = LOCAL_TIME ( 23, 18, 10.00000000000000000, #23 ) ;
#910 = CARTESIAN_POINT ( 'NONE',  ( 17.99999999999997868, 20.00000000000000000, 40.00000000000000000 ) ) ;
#911 = AXIS2_PLACEMENT_3D ( 'NONE', #381, #928, #251 ) ;
#912 = DIRECTION ( 'NONE',  ( 0.000000000000000000, 0.000000000000000000, 1.000000000000000000 ) ) ;
#913 = PERSON_AND_ORGANIZATION ( #510, #1182 ) ;
#914 = AXIS2_PLACEMENT_3D ( 'NONE', #923, #917, #1016 ) ;
#915 = ORIENTED_EDGE ( 'NONE', *, *, #674, .T. ) ;
#916 = VECTOR ( 'NONE', #1370, 1000.000000000000000 ) ;
#917 = DIRECTION ( 'NONE',  ( -0.000000000000000000, -0.000000000000000000, 1.000000000000000000 ) ) ;
#918 = DIRECTION ( 'NONE',  ( 3.854941057726240562E-16, -1.000000000000000000, 0.000000000000000000 ) ) ;
#919 = FACE_BOUND ( 'NONE', #1057, .T. ) ;
#920 = ORIENTED_EDGE ( 'NONE', *, *, #1032, .F. ) ;
#921 = EDGE_CURVE ( 'NONE', #1269, #351, #635, .T. ) ;
#922 = ORIENTED_EDGE ( 'NONE', *, *, #1176, .T. ) ;
#923 = CARTESIAN_POINT ( 'NONE',  ( 15.50000000000001243, -15.50000000000000000, 35.00000000000000000 ) ) ;
#924 = PLANE ( 'NONE',  #450 ) ;
#925 = LINE ( 'NONE', #53, #566 ) ;
#926 = VERTEX_POINT ( 'NONE', #837 ) ;
#927 = ORIENTED_EDGE ( 'NONE', *, *, #567, .F. ) ;
#928 = DIRECTION ( 'NONE',  ( 0.000000000000000000, 1.000000000000000000, 0.000000000000000000 ) ) ;
#929 = EDGE_CURVE ( 'NONE', #516, #654, #538, .T. ) ;
#930 = DIRECTION ( 'NONE',  ( -1.000000000000000000, 0.000000000000000000, 0.000000000000000000 ) ) ;
#931 = EDGE_CURVE ( 'NONE', #416, #33, #634, .T. ) ;
#932 = FACE_OUTER_BOUND ( 'NONE', #500, .T. ) ;
#933 = CIRCLE ( 'NONE', #273, 1.999999999999998224 ) ;
#934 = ORIENTED_EDGE ( 'NONE', *, *, #773, .F. ) ;
#935 = ORIENTED_EDGE ( 'NONE', *, *, #558, .T. ) ;
#936 = AXIS2_PLACEMENT_3D ( 'NONE', #655, #533, #971 ) ;
#937 = AXIS2_PLACEMENT_3D ( 'NONE', #243, #135, #548 ) ;
#938 = VERTEX_POINT ( 'NONE', #1401 ) ;
#939 = CARTESIAN_POINT ( 'NONE',  ( -14.00000000000000711, 15.49999999999999645, 35.00000000000000000 ) ) ;
#940 = CARTESIAN_POINT ( 'NONE',  ( 0.000000000000000000, 0.000000000000000000, 41.00000000000000000 ) ) ;
#941 = DIRECTION ( 'NONE',  ( 1.000000000000000000, 0.000000000000000000, 0.000000000000000000 ) ) ;
#942 = ORIENTED_EDGE ( 'NONE', *, *, #29, .T. ) ;
#943 = EDGE_CURVE ( 'NONE', #598, #397, #286, .T. ) ;
#944 = ORIENTED_EDGE ( 'NONE', *, *, #111, .F. ) ;
#945 = DIRECTION ( 'NONE',  ( 1.000000000000000000, 0.000000000000000000, 0.000000000000000000 ) ) ;
#946 = CARTESIAN_POINT ( 'NONE',  ( -17.99999999999999645, -20.00000000000000000, 40.00000000000000000 ) ) ;
#947 = EDGE_CURVE ( 'NONE', #246, #1255, #67, .T. ) ;
#948 = CARTESIAN_POINT ( 'NONE',  ( -18.00000000000001421, -18.00000000000000355, 10.00000000000000178 ) ) ;
#949 = ORIENTED_EDGE ( 'NONE', *, *, #929, .T. ) ;
#950 = CARTESIAN_POINT ( 'NONE',  ( -18.00000000000001421, -18.00000000000000355, 40.00000000000000000 ) ) ;
#951 = CARTESIAN_POINT ( 'NONE',  ( 15.50000000000000355, 15.50000000000000000, 35.00000000000000000 ) ) ;
#952 = VECTOR ( 'NONE', #1003, 1000.000000000000000 ) ;
#953 = DIRECTION ( 'NONE',  ( -3.854941057726240562E-16, 1.000000000000000000, -0.000000000000000000 ) ) ;
#954 = AXIS2_PLACEMENT_3D ( 'NONE', #51, #716, #581 ) ;
#955 = VERTEX_POINT ( 'NONE', #739 ) ;
#956 = AXIS2_PLACEMENT_3D ( 'NONE', #366, #279, #793 ) ;
#957 = EDGE_CURVE ( 'NONE', #1041, #217, #753, .T. ) ;
#958 = CIRCLE ( 'NONE', #38, 1.999999999999998224 ) ;
#959 = CARTESIAN_POINT ( 'NONE',  ( 0.000000000000000000, 0.000000000000000000, 61.00000000000000000 ) ) ;
#960 = DIRECTION ( 'NONE',  ( -1.196361017915039486E-16, -1.000000000000000000, -0.000000000000000000 ) ) ;
#961 = CARTESIAN_POINT ( 'NONE',  ( 0.000000000000000000, 0.000000000000000000, 41.00000000000000000 ) ) ;
#962 = CARTESIAN_POINT ( 'NONE',  ( -17.99999999999999645, 20.00000000000000000, 40.00000000000000000 ) ) ;
#963 = ORIENTED_EDGE ( 'NONE', *, *, #610, .F. ) ;
#964 = LINE ( 'NONE', #856, #889 ) ;
#965 = EDGE_CURVE ( 'NONE', #166, #654, #1165, .T. ) ;
#966 = DIRECTION ( 'NONE',  ( -1.000000000000000000, 0.000000000000000000, 0.000000000000000000 ) ) ;
#967 = ORIENTED_EDGE ( 'NONE', *, *, #972, .F. ) ;
#968 = FACE_OUTER_BOUND ( 'NONE', #1177, .T. ) ;
#969 = DIRECTION ( 'NONE',  ( 1.000000000000000000, 0.000000000000000000, 0.000000000000000000 ) ) ;
#970 = ORIENTED_EDGE ( 'NONE', *, *, #931, .F. ) ;
#971 = DIRECTION ( 'NONE',  ( 1.000000000000000000, 0.000000000000000000, 0.000000000000000000 ) ) ;
#972 = EDGE_CURVE ( 'NONE', #955, #1142, #195, .T. ) ;
#973 = FACE_OUTER_BOUND ( 'NONE', #508, .T. ) ;
#974 = ORIENTED_EDGE ( 'NONE', *, *, #827, .F. ) ;
#975 = CARTESIAN_POINT ( 'NONE',  ( -19.49999999999999645, -14.49999999999999467, 30.00000000000000000 ) ) ;
#976 = DIRECTION ( 'NONE',  ( 1.000000000000000000, 0.000000000000000000, 0.000000000000000000 ) ) ;
#977 = ORIENTED_EDGE ( 'NONE', *, *, #252, .F. ) ;
#978 = AXIS2_PLACEMENT_3D ( 'NONE', #99, #895, #760 ) ;
#979 = DIRECTION ( 'NONE',  ( 1.000000000000000000, -1.196361017915039486E-16, -0.000000000000000000 ) ) ;
#980 = AXIS2_PLACEMENT_3D ( 'NONE', #591, #372, #1120 ) ;
#981 = DIRECTION ( 'NONE',  ( -0.000000000000000000, -0.000000000000000000, 1.000000000000000000 ) ) ;
#982 = EDGE_CURVE ( 'NONE', #1099, #701, #1406, .T. ) ;
#983 = DIRECTION ( 'NONE',  ( 1.000000000000000000, 0.000000000000000000, 0.000000000000000000 ) ) ;
#984 = LINE ( 'NONE', #1411, #292 ) ;
#985 = ADVANCED_FACE ( 'NONE', ( #782 ), #1209, .F. ) ;
#986 = ORIENTED_EDGE ( 'NONE', *, *, #1377, .T. ) ;
#987 = FACE_OUTER_BOUND ( 'NONE', #650, .T. ) ;
#988 = DIRECTION ( 'NONE',  ( 1.000000000000000000, 0.000000000000000000, 0.000000000000000000 ) ) ;
#989 = LINE ( 'NONE', #125, #339 ) ;
#990 = PERSON_AND_ORGANIZATION_ROLE ( 'classification_officer' ) ;
#991 = EDGE_LOOP ( 'NONE', ( #729, #519, #616, #711 ) ) ;
#992 = DIRECTION ( 'NONE',  ( 0.000000000000000000, 0.000000000000000000, 1.000000000000000000 ) ) ;
#993 = DIRECTION ( 'NONE',  ( 1.000000000000000000, 0.000000000000000000, 0.000000000000000000 ) ) ;
#994 = CARTESIAN_POINT ( 'NONE',  ( 20.00000000000000355, -17.99999999999998579, 0.000000000000000000 ) ) ;
#995 = ORIENTED_EDGE ( 'NONE', *, *, #5, .F. ) ;
#996 = AXIS2_PLACEMENT_3D ( 'NONE', #1338, #349, #457 ) ;
#997 = DIRECTION ( 'NONE',  ( 0.000000000000000000, 0.000000000000000000, 1.000000000000000000 ) ) ;
#998 = VECTOR ( 'NONE', #1283, 1000.000000000000000 ) ;
#999 = CARTESIAN_POINT ( 'NONE',  ( 14.50000000000000178, 14.49999999999999645, 10.00000000000000000 ) ) ;
#1000 = VECTOR ( 'NONE', #708, 1000.000000000000000 ) ;
#1001 = VECTOR ( 'NONE', #1305, 1000.000000000000000 ) ;
#1002 = FACE_OUTER_BOUND ( 'NONE', #465, .T. ) ;
#1003 = DIRECTION ( 'NONE',  ( -0.000000000000000000, -0.000000000000000000, -1.000000000000000000 ) ) ;
#1004 = LINE ( 'NONE', #1010, #1162 ) ;
#1005 = EDGE_CURVE ( 'NONE', #587, #525, #249, .T. ) ;
#1006 = LINE ( 'NONE', #21, #633 ) ;
#1007 = DIRECTION ( 'NONE',  ( 0.000000000000000000, 0.000000000000000000, 1.000000000000000000 ) ) ;
#1008 = DATE_AND_TIME ( #577, #909 ) ;
#1009 = ORIENTED_EDGE ( 'NONE', *, *, #1201, .F. ) ;
#1010 = CARTESIAN_POINT ( 'NONE',  ( 14.50000000000000178, -19.50000000000000000, 30.00000000000000000 ) ) ;
#1011 = FACE_OUTER_BOUND ( 'NONE', #991, .T. ) ;
#1012 = UNCERTAINTY_MEASURE_WITH_UNIT (LENGTH_MEASURE( 1.000000000000000082E-05 ), #31, 'distance_accuracy_value', 'NONE');
#1013 = FACE_BOUND ( 'NONE', #673, .T. ) ;
#1014 = EDGE_LOOP ( 'NONE', ( #765, #922, #883, #491 ) ) ;
#1015 = VERTEX_POINT ( 'NONE', #1100 ) ;
#1016 = DIRECTION ( 'NONE',  ( 1.000000000000000000, 0.000000000000000000, 0.000000000000000000 ) ) ;
#1017 = LOCAL_TIME ( 23, 18, 10.00000000000000000, #41 ) ;
#1018 = DIRECTION ( 'NONE',  ( 3.854941057726240562E-16, -1.000000000000000000, 0.000000000000000000 ) ) ;
#1019 = VECTOR ( 'NONE', #141, 1000.000000000000000 ) ;
#1020 = VECTOR ( 'NONE', #502, 1000.000000000000000 ) ;
#1021 = DIRECTION ( 'NONE',  ( 0.000000000000000000, 0.000000000000000000, 1.000000000000000000 ) ) ;
#1022 = CIRCLE ( 'NONE', #37, 1.499999999999999556 ) ;
#1023 = AXIS2_PLACEMENT_3D ( 'NONE', #498, #912, #265 ) ;
#1024 = ORIENTED_EDGE ( 'NONE', *, *, #528, .T. ) ;
#1025 = CIRCLE ( 'NONE', #678, 1.499999999999997780 ) ;
#1026 = ORIENTED_EDGE ( 'NONE', *, *, #309, .F. ) ;
#1027 = DIRECTION ( 'NONE',  ( -0.000000000000000000, 0.000000000000000000, -1.000000000000000000 ) ) ;
#1028 = CARTESIAN_POINT ( 'NONE',  ( 17.00000000000001066, -15.50000000000000000, 35.00000000000000000 ) ) ;
#1029 = CARTESIAN_POINT ( 'NONE',  ( -20.00000000000001066, 17.99999999999998579, 40.00000000000000000 ) ) ;
#1030 = ORIENTED_EDGE ( 'NONE', *, *, #1281, .F. ) ;
#1031 = ORIENTED_EDGE ( 'NONE', *, *, #582, .T. ) ;
#1032 = EDGE_CURVE ( 'NONE', #470, #587, #787, .T. ) ;
#1033 = ORIENTED_EDGE ( 'NONE', *, *, #1307, .F. ) ;
#1034 = LINE ( 'NONE', #20, #1230 ) ;
#1035 = EDGE_CURVE ( 'NONE', #160, #1170, #1416, .T. ) ;
#1036 = PRODUCT_RELATED_PRODUCT_CATEGORY ( 'detail', '', ( #615 ) ) ;
#1037 = CARTESIAN_POINT ( 'NONE',  ( 19.99999999999998934, 17.99999999999998934, 40.00000000000000000 ) ) ;
#1038 = DIRECTION ( 'NONE',  ( -3.854941057726240562E-16, 1.000000000000000000, -0.000000000000000000 ) ) ;
#1039 = SHAPE_DEFINITION_REPRESENTATION ( #405, #1238 ) ;
#1040 = ORIENTED_EDGE ( 'NONE', *, *, #1394, .F. ) ;
#1041 = VERTEX_POINT ( 'NONE', #1223 ) ;
#1042 = CARTESIAN_POINT ( 'NONE',  ( -17.99999999999999645, 20.00000000000000000, 40.00000000000000000 ) ) ;
#1043 = DIRECTION ( 'NONE',  ( 0.000000000000000000, 0.000000000000000000, 1.000000000000000000 ) ) ;
#1044 = EDGE_CURVE ( 'NONE', #448, #181, #681, .T. ) ;
#1045 = FACE_OUTER_BOUND ( 'NONE', #749, .T. ) ;
#1046 = AXIS2_PLACEMENT_3D ( 'NONE', #193, #629, #410 ) ;
#1047 = ORIENTED_EDGE ( 'NONE', *, *, #860, .T. ) ;
#1048 = ORIENTED_EDGE ( 'NONE', *, *, #685, .T. ) ;
#1049 = AXIS2_PLACEMENT_3D ( 'NONE', #1076, #764, #388 ) ;
#1050 = AXIS2_PLACEMENT_3D ( 'NONE', #318, #756, #1192 ) ;
#1051 = ORIENTED_EDGE ( 'NONE', *, *, #202, .T. ) ;
#1052 = CARTESIAN_POINT ( 'NONE',  ( -18.00000000000001421, 18.00000000000000355, 40.00000000000000000 ) ) ;
#1053 = EDGE_CURVE ( 'NONE', #203, #160, #1252, .T. ) ;
#1054 = DIRECTION ( 'NONE',  ( -1.000000000000000000, 0.000000000000000000, 0.000000000000000000 ) ) ;
#1055 = EDGE_CURVE ( 'NONE', #370, #1081, #1160, .T. ) ;
#1056 = ORIENTED_EDGE ( 'NONE', *, *, #843, .T. ) ;
#1057 = EDGE_LOOP ( 'NONE', ( #1061, #855 ) ) ;
#1058 = DIRECTION ( 'NONE',  ( 1.000000000000000000, 0.000000000000000000, 0.000000000000000000 ) ) ;
#1059 = LINE ( 'NONE', #735, #39 ) ;
#1060 = LINE ( 'NONE', #743, #497 ) ;
#1061 = ORIENTED_EDGE ( 'NONE', *, *, #232, .F. ) ;
#1062 = LINE ( 'NONE', #174, #1208 ) ;
#1063 = CYLINDRICAL_SURFACE ( 'NONE', #61, 1.499999999999996225 ) ;
#1064 = CC_DESIGN_APPROVAL ( #1309, ( #887 ) ) ;
#1065 = DIRECTION ( 'NONE',  ( -1.000000000000000000, 0.000000000000000000, 0.000000000000000000 ) ) ;
#1066 = PLANE ( 'NONE',  #1049 ) ;
#1067 = AXIS2_PLACEMENT_3D ( 'NONE', #951, #1289, #301 ) ;
#1068 = ORIENTED_EDGE ( 'NONE', *, *, #1112, .F. ) ;
#1069 = AXIS2_PLACEMENT_3D ( 'NONE', #1287, #745, #300 ) ;
#1070 = CIRCLE ( 'NONE', #156, 1.999999999999998224 ) ;
#1071 = DIRECTION ( 'NONE',  ( 0.000000000000000000, 0.000000000000000000, 1.000000000000000000 ) ) ;
#1072 = CIRCLE ( 'NONE', #12, 5.000000000000000888 ) ;
#1073 = FACE_OUTER_BOUND ( 'NONE', #906, .T. ) ;
#1074 = ORIENTED_EDGE ( 'NONE', *, *, #1166, .T. ) ;
#1075 = ORIENTED_EDGE ( 'NONE', *, *, #32, .F. ) ;
#1076 = CARTESIAN_POINT ( 'NONE',  ( 0.000000000000000000, 0.000000000000000000, 30.00000000000000000 ) ) ;
#1077 = EDGE_CURVE ( 'NONE', #299, #127, #14, .T. ) ;
#1078 = EDGE_LOOP ( 'NONE', ( #1350, #1384, #1187, #1227 ) ) ;
#1079 = CYLINDRICAL_SURFACE ( 'NONE', #564, 1.999999999999998224 ) ;
#1080 = CARTESIAN_POINT ( 'NONE',  ( 0.000000000000000000, 0.000000000000000000, 61.00000000000000000 ) ) ;
#1081 = VERTEX_POINT ( 'NONE', #526 ) ;
#1082 = CARTESIAN_POINT ( 'NONE',  ( 19.99999999999998934, 17.99999999999998934, 40.00000000000000000 ) ) ;
#1083 = FACE_BOUND ( 'NONE', #1318, .T. ) ;
#1084 = EDGE_LOOP ( 'NONE', ( #49, #1194, #849, #289 ) ) ;
#1085 = DIRECTION ( 'NONE',  ( 1.000000000000000000, 0.000000000000000000, 0.000000000000000000 ) ) ;
#1086 = ORIENTED_EDGE ( 'NONE', *, *, #674, .F. ) ;
#1087 = DIRECTION ( 'NONE',  ( -1.000000000000000000, -0.000000000000000000, -0.000000000000000000 ) ) ;
#1088 = ADVANCED_FACE ( 'NONE', ( #546 ), #327, .T. ) ;
#1089 = LINE ( 'NONE', #1082, #1321 ) ;
#1090 = FACE_OUTER_BOUND ( 'NONE', #1247, .T. ) ;
#1091 = ORIENTED_EDGE ( 'NONE', *, *, #311, .T. ) ;
#1092 = VECTOR ( 'NONE', #826, 1000.000000000000000 ) ;
#1093 = CARTESIAN_POINT ( 'NONE',  ( -15.50000000000000533, -15.50000000000000355, 35.00000000000000000 ) ) ;
#1094 = AXIS2_PLACEMENT_3D ( 'NONE', #1359, #684, #689 ) ;
#1095 = CIRCLE ( 'NONE', #201, 5.000000000000000888 ) ;
#1096 = CARTESIAN_POINT ( 'NONE',  ( 19.99999999999998934, 17.99999999999998934, 40.00000000000000000 ) ) ;
#1097 = PLANE ( 'NONE',  #474 ) ;
#1098 = APPROVAL_DATE_TIME ( #238, #1309 ) ;
#1099 = VERTEX_POINT ( 'NONE', #123 ) ;
#1100 = CARTESIAN_POINT ( 'NONE',  ( -17.99999999999999645, 20.00000000000000000, 30.00000000000000000 ) ) ;
#1101 = CARTESIAN_POINT ( 'NONE',  ( 0.000000000000000000, 0.000000000000000000, 61.00000000000000000 ) ) ;
#1102 = CARTESIAN_POINT ( 'NONE',  ( 17.99999999999997868, 20.00000000000000000, 40.00000000000000000 ) ) ;
#1103 = EDGE_LOOP ( 'NONE', ( #970, #1040, #648, #1091 ) ) ;
#1104 = DIRECTION ( 'NONE',  ( 1.000000000000000000, 0.000000000000000000, -0.000000000000000000 ) ) ;
#1105 = DIRECTION ( 'NONE',  ( -0.000000000000000000, -0.000000000000000000, -1.000000000000000000 ) ) ;
#1106 = LINE ( 'NONE', #1326, #1415 ) ;
#1107 = COORDINATED_UNIVERSAL_TIME_OFFSET ( 9, 0, .AHEAD. ) ;
#1108 = ORIENTED_EDGE ( 'NONE', *, *, #620, .T. ) ;
#1109 = EDGE_CURVE ( 'NONE', #824, #1041, #885, .T. ) ;
#1110 = ORIENTED_EDGE ( 'NONE', *, *, #29, .F. ) ;
#1111 = DIRECTION ( 'NONE',  ( -0.000000000000000000, -0.000000000000000000, -1.000000000000000000 ) ) ;
#1112 = EDGE_CURVE ( 'NONE', #277, #84, #559, .T. ) ;
#1113 = LINE ( 'NONE', #1330, #1299 ) ;
#1114 = AXIS2_PLACEMENT_3D ( 'NONE', #961, #417, #215 ) ;
#1115 = DIRECTION ( 'NONE',  ( -0.000000000000000000, -0.000000000000000000, -1.000000000000000000 ) ) ;
#1116 = APPROVAL_STATUS ( 'not_yet_approved' ) ;
#1117 = ORIENTED_EDGE ( 'NONE', *, *, #1005, .T. ) ;
#1118 = EDGE_CURVE ( 'NONE', #1081, #370, #1389, .T. ) ;
#1119 = EDGE_LOOP ( 'NONE', ( #485, #557, #1242, #75, #146, #26, #1009, #276 ) ) ;
#1120 = DIRECTION ( 'NONE',  ( 1.000000000000000000, 0.000000000000000000, 0.000000000000000000 ) ) ;
#1121 = CARTESIAN_POINT ( 'NONE',  ( 17.99999999999999289, 18.00000000000000355, 10.00000000000000178 ) ) ;
#1122 = CARTESIAN_POINT ( 'NONE',  ( 0.000000000000000000, 0.000000000000000000, 10.00000000000000000 ) ) ;
#1123 = APPROVAL_ROLE ( '' ) ;
#1124 = ORIENTED_EDGE ( 'NONE', *, *, #311, .F. ) ;
#1125 = DIRECTION ( 'NONE',  ( 1.196361017915039486E-16, 1.000000000000000000, 0.000000000000000000 ) ) ;
#1126 = CARTESIAN_POINT ( 'NONE',  ( 19.99999999999998934, 17.99999999999998934, 40.00000000000000000 ) ) ;
#1127 = EDGE_CURVE ( 'NONE', #160, #203, #822, .T. ) ;
#1128 = DESIGN_CONTEXT ( 'detailed design', #556, 'design' ) ;
#1129 = CARTESIAN_POINT ( 'NONE',  ( -20.00000000000001066, 17.99999999999998579, 10.00000000000000178 ) ) ;
#1130 = ADVANCED_FACE ( 'NONE', ( #321, #212 ), #1310, .T. ) ;
#1131 = ORIENTED_EDGE ( 'NONE', *, *, #610, .T. ) ;
#1132 = ORIENTED_EDGE ( 'NONE', *, *, #58, .F. ) ;
#1133 = CARTESIAN_POINT ( 'NONE',  ( 15.50000000000001243, -15.50000000000000000, 35.00000000000000000 ) ) ;
#1134 = CARTESIAN_POINT ( 'NONE',  ( 0.000000000000000000, 0.000000000000000000, 40.00000000000000000 ) ) ;
#1135 = AXIS2_PLACEMENT_3D ( 'NONE', #374, #1043, #686 ) ;
#1136 = ADVANCED_FACE ( 'NONE', ( #987 ), #1, .T. ) ;
#1137 = AXIS2_PLACEMENT_3D ( 'NONE', #85, #91, #1058 ) ;
#1138 = CARTESIAN_POINT ( 'NONE',  ( -19.49999999999999645, -14.49999999999999467, 30.00000000000000000 ) ) ;
#1139 = CALENDAR_DATE ( 2024, 26, 9 ) ;
#1140 = CIRCLE ( 'NONE', #179, 1.500000000000003109 ) ;
#1141 = ORIENTED_EDGE ( 'NONE', *, *, #120, .T. ) ;
#1142 = VERTEX_POINT ( 'NONE', #772 ) ;
#1143 = CIRCLE ( 'NONE', #1323, 2.500000000000000000 ) ;
#1144 = ORIENTED_EDGE ( 'NONE', *, *, #550, .T. ) ;
#1145 = FACE_OUTER_BOUND ( 'NONE', #266, .T. ) ;
#1146 = CARTESIAN_POINT ( 'NONE',  ( 17.99999999999998224, 20.00000000000000000, 10.00000000000000178 ) ) ;
#1147 = CARTESIAN_POINT ( 'NONE',  ( 19.99999999999998934, 17.99999999999998934, 30.00000000000000000 ) ) ;
#1148 = VERTEX_POINT ( 'NONE', #27 ) ;
#1149 = ORIENTED_EDGE ( 'NONE', *, *, #454, .T. ) ;
#1150 = CARTESIAN_POINT ( 'NONE',  ( 19.50000000000000355, -14.50000000000000000, 30.00000000000000000 ) ) ;
#1151 = DIRECTION ( 'NONE',  ( -1.000000000000000000, -3.854941057726240562E-16, 0.000000000000000000 ) ) ;
#1152 = PLANE ( 'NONE',  #1278 ) ;
#1153 = ORIENTED_EDGE ( 'NONE', *, *, #1341, .F. ) ;
#1154 = ADVANCED_FACE ( 'NONE', ( #50 ), #1243, .F. ) ;
#1155 = EDGE_LOOP ( 'NONE', ( #188, #792, #639, #42 ) ) ;
#1156 = DIRECTION ( 'NONE',  ( -0.000000000000000000, 0.000000000000000000, -1.000000000000000000 ) ) ;
#1157 = EDGE_CURVE ( 'NONE', #1352, #322, #1034, .T. ) ;
#1158 = DIRECTION ( 'NONE',  ( 0.000000000000000000, 0.000000000000000000, 1.000000000000000000 ) ) ;
#1159 = FACE_OUTER_BOUND ( 'NONE', #568, .T. ) ;
#1160 = CIRCLE ( 'NONE', #317, 10.00000000000000000 ) ;
#1161 = EDGE_LOOP ( 'NONE', ( #532, #379 ) ) ;
#1162 = VECTOR ( 'NONE', #803, 1000.000000000000000 ) ;
#1163 = AXIS2_PLACEMENT_3D ( 'NONE', #231, #254, #687 ) ;
#1164 = ORIENTED_EDGE ( 'NONE', *, *, #1118, .F. ) ;
#1165 = LINE ( 'NONE', #182, #62 ) ;
#1166 = EDGE_CURVE ( 'NONE', #322, #1255, #609, .T. ) ;
#1167 = CYLINDRICAL_SURFACE ( 'NONE', #269, 1.999999999999998224 ) ;
#1168 = EDGE_LOOP ( 'NONE', ( #304, #590, #48, #138 ) ) ;
#1169 = CARTESIAN_POINT ( 'NONE',  ( -18.00000000000001421, 18.00000000000000355, 10.00000000000000178 ) ) ;
#1170 = VERTEX_POINT ( 'NONE', #715 ) ;
#1171 = DIRECTION ( 'NONE',  ( -1.000000000000000000, -0.000000000000000000, -0.000000000000000000 ) ) ;
#1172 = DIRECTION ( 'NONE',  ( -0.000000000000000000, -0.000000000000000000, -1.000000000000000000 ) ) ;
#1173 = ADVANCED_FACE ( 'NONE', ( #258 ), #139, .T. ) ;
#1174 = ORIENTED_EDGE ( 'NONE', *, *, #740, .T. ) ;
#1175 = DIRECTION ( 'NONE',  ( -0.000000000000000000, -0.000000000000000000, -1.000000000000000000 ) ) ;
#1176 = EDGE_CURVE ( 'NONE', #43, #809, #153, .T. ) ;
#1177 = EDGE_LOOP ( 'NONE', ( #1164, #1056, #770, #365 ) ) ;
#1178 = DIRECTION ( 'NONE',  ( -0.000000000000000000, -0.000000000000000000, -1.000000000000000000 ) ) ;
#1179 = CARTESIAN_POINT ( 'NONE',  ( 17.00000000000000000, 15.50000000000000000, 40.00000000000000000 ) ) ;
#1180 = ADVANCED_FACE ( 'NONE', ( #1145 ), #44, .F. ) ;
#1181 = VERTEX_POINT ( 'NONE', #810 ) ;
#1182 = ORGANIZATION ( 'UNSPECIFIED', 'UNSPECIFIED', '' ) ;
#1183 = DIRECTION ( 'NONE',  ( -0.000000000000000000, -0.000000000000000000, -1.000000000000000000 ) ) ;
#1184 = LINE ( 'NONE', #748, #357 ) ;
#1185 = VECTOR ( 'NONE', #880, 1000.000000000000000 ) ;
#1186 = EDGE_CURVE ( 'NONE', #1400, #516, #1335, .T. ) ;
#1187 = ORIENTED_EDGE ( 'NONE', *, *, #114, .T. ) ;
#1188 = CIRCLE ( 'NONE', #1137, 1.999999999999998224 ) ;
#1189 = AXIS2_PLACEMENT_3D ( 'NONE', #709, #143, #941 ) ;
#1190 = DIRECTION ( 'NONE',  ( -1.000000000000000000, 0.000000000000000000, 0.000000000000000000 ) ) ;
#1191 = CARTESIAN_POINT ( 'NONE',  ( -18.00000000000001421, -18.00000000000000355, 40.00000000000000000 ) ) ;
#1192 = DIRECTION ( 'NONE',  ( -1.000000000000000000, 0.000000000000000000, 0.000000000000000000 ) ) ;
#1193 = FACE_OUTER_BOUND ( 'NONE', #1014, .T. ) ;
#1194 = ORIENTED_EDGE ( 'NONE', *, *, #740, .F. ) ;
#1195 = CARTESIAN_POINT ( 'NONE',  ( 0.000000000000000000, 0.000000000000000000, 41.00000000000000000 ) ) ;
#1196 = ORIENTED_EDGE ( 'NONE', *, *, #1307, .T. ) ;
#1197 = FACE_OUTER_BOUND ( 'NONE', #464, .T. ) ;
#1198 = DIRECTION ( 'NONE',  ( 1.000000000000000000, 0.000000000000000000, 0.000000000000000000 ) ) ;
#1199 = DIRECTION ( 'NONE',  ( 0.000000000000000000, -0.000000000000000000, -1.000000000000000000 ) ) ;
#1200 = ORIENTED_EDGE ( 'NONE', *, *, #1226, .T. ) ;
#1201 = EDGE_CURVE ( 'NONE', #907, #267, #295, .T. ) ;
#1202 = DIRECTION ( 'NONE',  ( 1.000000000000000000, 0.000000000000000000, -0.000000000000000000 ) ) ;
#1203 = EDGE_CURVE ( 'NONE', #1314, #1015, #482, .T. ) ;
#1204 = DIRECTION ( 'NONE',  ( 1.000000000000000000, 0.000000000000000000, 0.000000000000000000 ) ) ;
#1205 = DIRECTION ( 'NONE',  ( 1.000000000000000000, 0.000000000000000000, 0.000000000000000000 ) ) ;
#1206 = SECURITY_CLASSIFICATION ( '', '', #1349 ) ;
#1207 = EDGE_LOOP ( 'NONE', ( #1048, #1200 ) ) ;
#1208 = VECTOR ( 'NONE', #407, 1000.000000000000000 ) ;
#1209 = PLANE ( 'NONE',  #129 ) ;
#1210 = VECTOR ( 'NONE', #404, 1000.000000000000000 ) ;
#1211 = AXIS2_PLACEMENT_3D ( 'NONE', #762, #788, #1212 ) ;
#1212 = DIRECTION ( 'NONE',  ( 1.000000000000000000, 0.000000000000000000, -0.000000000000000000 ) ) ;
#1213 = CARTESIAN_POINT ( 'NONE',  ( -17.00000000000000711, -15.50000000000000355, 35.00000000000000000 ) ) ;
#1214 = APPROVAL_ROLE ( '' ) ;
#1215 = ORIENTED_EDGE ( 'NONE', *, *, #664, .T. ) ;
#1216 = DIRECTION ( 'NONE',  ( 1.000000000000000000, 0.000000000000000000, 0.000000000000000000 ) ) ;
#1217 = FACE_OUTER_BOUND ( 'NONE', #602, .T. ) ;
#1218 = ADVANCED_FACE ( 'NONE', ( #487 ), #34, .T. ) ;
#1219 = PERSON_AND_ORGANIZATION ( #510, #1182 ) ;
#1220 = ORIENTED_EDGE ( 'NONE', *, *, #167, .T. ) ;
#1221 = EDGE_CURVE ( 'NONE', #1269, #90, #825, .T. ) ;
#1222 = VERTEX_POINT ( 'NONE', #352 ) ;
#1223 = CARTESIAN_POINT ( 'NONE',  ( 14.00000000000001243, -15.50000000000000000, 40.00000000000000000 ) ) ;
#1224 = LINE ( 'NONE', #663, #1185 ) ;
#1225 = CARTESIAN_POINT ( 'NONE',  ( 14.00000000000000711, 15.50000000000000000, 40.00000000000000000 ) ) ;
#1226 = EDGE_CURVE ( 'NONE', #166, #1400, #1277, .T. ) ;
#1227 = ORIENTED_EDGE ( 'NONE', *, *, #333, .T. ) ;
#1228 = ORIENTED_EDGE ( 'NONE', *, *, #902, .F. ) ;
#1229 = PLANE ( 'NONE',  #1414 ) ;
#1230 = VECTOR ( 'NONE', #580, 1000.000000000000000 ) ;
#1231 = CARTESIAN_POINT ( 'NONE',  ( 20.00000000000000355, -17.99999999999998579, 40.00000000000000000 ) ) ;
#1232 = AXIS2_PLACEMENT_3D ( 'NONE', #903, #1007, #462 ) ;
#1233 = DIRECTION ( 'NONE',  ( 1.000000000000000000, 0.000000000000000000, 0.000000000000000000 ) ) ;
#1234 = DATE_TIME_ROLE ( 'classification_date' ) ;
#1235 = ORIENTED_EDGE ( 'NONE', *, *, #965, .F. ) ;
#1236 = CARTESIAN_POINT ( 'NONE',  ( 15.50000000000001243, -15.50000000000000000, 35.00000000000000000 ) ) ;
#1237 = ADVANCED_FACE ( 'NONE', ( #147 ), #816, .T. ) ;
#1238 = ADVANCED_BREP_SHAPE_REPRESENTATION ( '모터', ( #720, #996 ), #820 ) ;
#1239 = CYLINDRICAL_SURFACE ( 'NONE', #954, 1.500000000000003109 ) ;
#1240 = DIRECTION ( 'NONE',  ( 0.000000000000000000, 0.000000000000000000, 1.000000000000000000 ) ) ;
#1241 = ORIENTED_EDGE ( 'NONE', *, *, #391, .T. ) ;
#1242 = ORIENTED_EDGE ( 'NONE', *, *, #877, .F. ) ;
#1243 = PLANE ( 'NONE',  #911 ) ;
#1244 = DIRECTION ( 'NONE',  ( -0.000000000000000000, -0.000000000000000000, -1.000000000000000000 ) ) ;
#1245 = ADVANCED_FACE ( 'NONE', ( #1353 ), #1229, .T. ) ;
#1246 = CARTESIAN_POINT ( 'NONE',  ( 0.000000000000000000, 0.000000000000000000, 41.00000000000000000 ) ) ;
#1247 = EDGE_LOOP ( 'NONE', ( #1334, #56, #47, #150 ) ) ;
#1248 = ORIENTED_EDGE ( 'NONE', *, *, #786, .T. ) ;
#1249 = CARTESIAN_POINT ( 'NONE',  ( -17.99999999999999645, 20.00000000000000000, 10.00000000000000178 ) ) ;
#1250 = CIRCLE ( 'NONE', #728, 1.499999999999999556 ) ;
#1251 = CARTESIAN_POINT ( 'NONE',  ( 20.00000000000000355, -17.99999999999998579, 40.00000000000000000 ) ) ;
#1252 = CIRCLE ( 'NONE', #795, 1.500000000000003109 ) ;
#1253 = CARTESIAN_POINT ( 'NONE',  ( 19.50000000000000355, -14.50000000000000000, 10.00000000000000000 ) ) ;
#1254 = VECTOR ( 'NONE', #1183, 1000.000000000000000 ) ;
#1255 = VERTEX_POINT ( 'NONE', #574 ) ;
#1256 = ORIENTED_EDGE ( 'NONE', *, *, #24, .T. ) ;
#1257 = AXIS2_PLACEMENT_3D ( 'NONE', #1324, #8, #767 ) ;
#1258 = ORIENTED_EDGE ( 'NONE', *, *, #690, .F. ) ;
#1259 = CARTESIAN_POINT ( 'NONE',  ( 17.99999999999998934, -20.00000000000000355, 40.00000000000000000 ) ) ;
#1260 = CARTESIAN_POINT ( 'NONE',  ( -15.50000000000000355, 15.49999999999999645, 35.00000000000000000 ) ) ;
#1261 = DIRECTION ( 'NONE',  ( 0.000000000000000000, 1.000000000000000000, 0.000000000000000000 ) ) ;
#1262 = EDGE_LOOP ( 'NONE', ( #927, #894, #915, #727 ) ) ;
#1263 = ORIENTED_EDGE ( 'NONE', *, *, #1203, .T. ) ;
#1264 = PLANE ( 'NONE',  #561 ) ;
#1265 = LINE ( 'NONE', #293, #1301 ) ;
#1266 = DIRECTION ( 'NONE',  ( -1.000000000000000000, 0.000000000000000000, 0.000000000000000000 ) ) ;
#1267 = DATE_AND_TIME ( #1139, #1017 ) ;
#1268 = EDGE_LOOP ( 'NONE', ( #1357, #834, #802, #876 ) ) ;
#1269 = VERTEX_POINT ( 'NONE', #569 ) ;
#1270 = EDGE_CURVE ( 'NONE', #246, #1328, #1004, .T. ) ;
#1271 = ORIENTED_EDGE ( 'NONE', *, *, #391, .F. ) ;
#1272 = DIRECTION ( 'NONE',  ( 1.000000000000000000, 0.000000000000000000, 0.000000000000000000 ) ) ;
#1273 = CC_DESIGN_APPROVAL ( #93, ( #1206 ) ) ;
#1274 = CARTESIAN_POINT ( 'NONE',  ( -19.49999999999999645, -14.49999999999999467, 30.00000000000000000 ) ) ;
#1275 = AXIS2_PLACEMENT_3D ( 'NONE', #552, #662, #241 ) ;
#1276 = CARTESIAN_POINT ( 'NONE',  ( -18.00000000000001421, 18.00000000000000355, 30.00000000000000000 ) ) ;
#1277 = CIRCLE ( 'NONE', #980, 2.500000000000000000 ) ;
#1278 = AXIS2_PLACEMENT_3D ( 'NONE', #1122, #828, #1378 ) ;
#1279 = VECTOR ( 'NONE', #369, 1000.000000000000000 ) ;
#1280 = ORIENTED_EDGE ( 'NONE', *, *, #818, .T. ) ;
#1281 = EDGE_CURVE ( 'NONE', #824, #761, #1022, .T. ) ;
#1282 = CARTESIAN_POINT ( 'NONE',  ( -20.00000000000001066, 17.99999999999998579, 10.00000000000000178 ) ) ;
#1283 = DIRECTION ( 'NONE',  ( -0.000000000000000000, -0.000000000000000000, -1.000000000000000000 ) ) ;
#1284 = ORIENTED_EDGE ( 'NONE', *, *, #274, .T. ) ;
#1285 = CARTESIAN_POINT ( 'NONE',  ( -19.49999999999999645, -14.49999999999999467, 30.00000000000000000 ) ) ;
#1286 = EDGE_LOOP ( 'NONE', ( #579, #441 ) ) ;
#1287 = CARTESIAN_POINT ( 'NONE',  ( 14.50000000000000178, -14.50000000000000000, 30.00000000000000000 ) ) ;
#1288 = ADVANCED_FACE ( 'NONE', ( #1083, #757 ), #1066, .T. ) ;
#1289 = DIRECTION ( 'NONE',  ( -0.000000000000000000, -0.000000000000000000, 1.000000000000000000 ) ) ;
#1290 = ADVANCED_FACE ( 'NONE', ( #542 ), #418, .F. ) ;
#1291 = ORIENTED_EDGE ( 'NONE', *, *, #185, .F. ) ;
#1292 = CARTESIAN_POINT ( 'NONE',  ( 17.99999999999998934, -20.00000000000000355, 30.00000000000000000 ) ) ;
#1293 = CARTESIAN_POINT ( 'NONE',  ( 18.00000000000000355, -18.00000000000000355, 40.00000000000000000 ) ) ;
#1294 = ORIENTED_EDGE ( 'NONE', *, *, #176, .T. ) ;
#1295 = DIRECTION ( 'NONE',  ( 1.000000000000000000, 0.000000000000000000, 0.000000000000000000 ) ) ;
#1296 = CARTESIAN_POINT ( 'NONE',  ( 17.99999999999999289, 18.00000000000000355, 40.00000000000000000 ) ) ;
#1297 = CARTESIAN_POINT ( 'NONE',  ( 20.00000000000000355, -17.99999999999998934, 10.00000000000000178 ) ) ;
#1298 = PLANE ( 'NONE',  #378 ) ;
#1299 = VECTOR ( 'NONE', #1087, 1000.000000000000000 ) ;
#1300 = EDGE_LOOP ( 'NONE', ( #977, #504, #1228, #331 ) ) ;
#1301 = VECTOR ( 'NONE', #305, 1000.000000000000000 ) ;
#1302 = CIRCLE ( 'NONE', #427, 1.999999999999998224 ) ;
#1303 = DIRECTION ( 'NONE',  ( 1.000000000000000000, 0.000000000000000000, 0.000000000000000000 ) ) ;
#1304 = DIRECTION ( 'NONE',  ( 1.000000000000000000, 0.000000000000000000, -0.000000000000000000 ) ) ;
#1305 = DIRECTION ( 'NONE',  ( 3.854941057726240562E-16, -1.000000000000000000, 0.000000000000000000 ) ) ;
#1306 = DIRECTION ( 'NONE',  ( 0.000000000000000000, -1.000000000000000000, 0.000000000000000000 ) ) ;
#1307 = EDGE_CURVE ( 'NONE', #203, #1222, #325, .T. ) ;
#1308 = ORIENTED_EDGE ( 'NONE', *, *, #1055, .T. ) ;
#1309 = APPROVAL ( #10, 'UNSPECIFIED' ) ;
#1310 = PLANE ( 'NONE',  #248 ) ;
#1311 = CARTESIAN_POINT ( 'NONE',  ( 2.500000000000000000, 3.061616997868383141E-16, 41.00000000000000000 ) ) ;
#1312 = DIRECTION ( 'NONE',  ( 0.000000000000000000, 0.000000000000000000, 1.000000000000000000 ) ) ;
#1313 = DIRECTION ( 'NONE',  ( -0.000000000000000000, -0.000000000000000000, -1.000000000000000000 ) ) ;
#1314 = VERTEX_POINT ( 'NONE', #962 ) ;
#1315 = DIRECTION ( 'NONE',  ( -0.000000000000000000, -0.000000000000000000, -1.000000000000000000 ) ) ;
#1316 = DIRECTION ( 'NONE',  ( 0.000000000000000000, -1.000000000000000000, 0.000000000000000000 ) ) ;
#1317 = DIRECTION ( 'NONE',  ( 1.000000000000000000, 0.000000000000000000, 0.000000000000000000 ) ) ;
#1318 = EDGE_LOOP ( 'NONE', ( #256, #1086, #573, #180, #565, #622, #1364, #535 ) ) ;
#1319 = CIRCLE ( 'NONE', #703, 5.000000000000000888 ) ;
#1320 = CARTESIAN_POINT ( 'NONE',  ( -19.49999999999999645, 14.49999999999999822, 30.00000000000000000 ) ) ;
#1321 = VECTOR ( 'NONE', #953, 1000.000000000000000 ) ;
#1322 = ADVANCED_FACE ( 'NONE', ( #1090 ), #531, .T. ) ;
#1323 = AXIS2_PLACEMENT_3D ( 'NONE', #1101, #656, #988 ) ;
#1324 = CARTESIAN_POINT ( 'NONE',  ( 14.50000000000000178, -14.50000000000000000, 30.00000000000000000 ) ) ;
#1325 = EDGE_CURVE ( 'NONE', #194, #162, #539, .T. ) ;
#1326 = CARTESIAN_POINT ( 'NONE',  ( -17.99999999999999645, -20.00000000000000000, 40.00000000000000000 ) ) ;
#1327 = APPLICATION_PROTOCOL_DEFINITION ( 'international standard', 'config_control_design', 1994, #632 ) ;
#1328 = VERTEX_POINT ( 'NONE', #653 ) ;
#1329 = CARTESIAN_POINT ( 'NONE',  ( -14.00000000000000178, -15.50000000000000355, 35.00000000000000000 ) ) ;
#1330 = CARTESIAN_POINT ( 'NONE',  ( -17.99999999999999645, 20.00000000000000000, 0.000000000000000000 ) ) ;
#1331 = ADVANCED_FACE ( 'NONE', ( #330 ), #875, .F. ) ;
#1332 = PLANE ( 'NONE',  #1163 ) ;
#1333 = EDGE_CURVE ( 'NONE', #370, #194, #984, .T. ) ;
#1334 = ORIENTED_EDGE ( 'NONE', *, *, #843, .F. ) ;
#1335 = LINE ( 'NONE', #1343, #611 ) ;
#1336 = LINE ( 'NONE', #1251, #1019 ) ;
#1337 = DIRECTION ( 'NONE',  ( -0.000000000000000000, -0.000000000000000000, -1.000000000000000000 ) ) ;
#1338 = CARTESIAN_POINT ( 'NONE',  ( 0.000000000000000000, 0.000000000000000000, 0.000000000000000000 ) ) ;
#1339 = ORIENTED_EDGE ( 'NONE', *, *, #232, .T. ) ;
#1340 = CIRCLE ( 'NONE', #102, 1.499999999999996225 ) ;
#1341 = EDGE_CURVE ( 'NONE', #217, #1041, #1250, .T. ) ;
#1342 = EDGE_LOOP ( 'NONE', ( #835, #261, #1241, #492 ) ) ;
#1343 = CARTESIAN_POINT ( 'NONE',  ( -2.500000000000000000, 0.000000000000000000, 61.00000000000000000 ) ) ;
#1344 = AXIS2_PLACEMENT_3D ( 'NONE', #437, #1315, #332 ) ;
#1345 = DIRECTION ( 'NONE',  ( -0.000000000000000000, -0.000000000000000000, -1.000000000000000000 ) ) ;
#1346 = AXIS2_PLACEMENT_3D ( 'NONE', #854, #1420, #216 ) ;
#1347 = VECTOR ( 'NONE', #1233, 1000.000000000000000 ) ;
#1348 = CARTESIAN_POINT ( 'NONE',  ( -10.00000000000000000, 0.000000000000000000, 41.00000000000000000 ) ) ;
#1349 = SECURITY_CLASSIFICATION_LEVEL ( 'unclassified' ) ;
#1350 = ORIENTED_EDGE ( 'NONE', *, *, #373, .F. ) ;
#1351 = ADVANCED_FACE ( 'NONE', ( #433 ), #426, .T. ) ;
#1352 = VERTEX_POINT ( 'NONE', #1150 ) ;
#1353 = FACE_OUTER_BOUND ( 'NONE', #631, .T. ) ;
#1354 = EDGE_CURVE ( 'NONE', #1358, #926, #1340, .T. ) ;
#1355 = CARTESIAN_POINT ( 'NONE',  ( -17.99999999999999645, -20.00000000000000000, 40.00000000000000000 ) ) ;
#1356 = FACE_BOUND ( 'NONE', #1161, .T. ) ;
#1357 = ORIENTED_EDGE ( 'NONE', *, *, #550, .F. ) ;
#1358 = VERTEX_POINT ( 'NONE', #939 ) ;
#1359 = CARTESIAN_POINT ( 'NONE',  ( 18.00000000000000355, -18.00000000000000355, 0.000000000000000000 ) ) ;
#1360 = ADVANCED_FACE ( 'NONE', ( #1193 ), #1298, .F. ) ;
#1361 = FACE_OUTER_BOUND ( 'NONE', #312, .T. ) ;
#1362 = PLANE ( 'NONE',  #589 ) ;
#1363 = EDGE_LOOP ( 'NONE', ( #608, #1131 ) ) ;
#1364 = ORIENTED_EDGE ( 'NONE', *, *, #1270, .F. ) ;
#1365 = DIRECTION ( 'NONE',  ( -0.000000000000000000, -0.000000000000000000, -1.000000000000000000 ) ) ;
#1366 = APPROVAL_PERSON_ORGANIZATION ( #119, #1309, #1123 ) ;
#1367 = DIRECTION ( 'NONE',  ( -1.000000000000000000, 0.000000000000000000, 0.000000000000000000 ) ) ;
#1368 = AXIS2_PLACEMENT_3D ( 'NONE', #691, #1244, #1367 ) ;
#1369 = AXIS2_PLACEMENT_3D ( 'NONE', #1386, #752, #1272 ) ;
#1370 = DIRECTION ( 'NONE',  ( -1.196361017915039486E-16, -1.000000000000000000, -0.000000000000000000 ) ) ;
#1371 = ADVANCED_FACE ( 'NONE', ( #310 ), #1264, .F. ) ;
#1372 = VECTOR ( 'NONE', #363, 1000.000000000000000 ) ;
#1373 = ORIENTED_EDGE ( 'NONE', *, *, #1354, .F. ) ;
#1374 = ORIENTED_EDGE ( 'NONE', *, *, #309, .T. ) ;
#1375 = DIRECTION ( 'NONE',  ( 0.000000000000000000, -0.000000000000000000, -1.000000000000000000 ) ) ;
#1376 = DIRECTION ( 'NONE',  ( 1.000000000000000000, 0.000000000000000000, 0.000000000000000000 ) ) ;
#1377 = EDGE_CURVE ( 'NONE', #1148, #416, #726, .T. ) ;
#1378 = DIRECTION ( 'NONE',  ( -1.000000000000000000, 0.000000000000000000, 0.000000000000000000 ) ) ;
#1379 = ORIENTED_EDGE ( 'NONE', *, *, #1281, .T. ) ;
#1380 = ORIENTED_EDGE ( 'NONE', *, *, #1221, .F. ) ;
#1381 = CARTESIAN_POINT ( 'NONE',  ( 15.50000000000001243, -15.50000000000000000, 40.00000000000000000 ) ) ;
#1382 = CARTESIAN_POINT ( 'NONE',  ( -14.49999999999999467, -19.50000000000000000, 30.00000000000000000 ) ) ;
#1383 = DIRECTION ( 'NONE',  ( -0.000000000000000000, -0.000000000000000000, -1.000000000000000000 ) ) ;
#1384 = ORIENTED_EDGE ( 'NONE', *, *, #943, .T. ) ;
#1385 = EDGE_CURVE ( 'NONE', #65, #448, #1184, .T. ) ;
#1386 = CARTESIAN_POINT ( 'NONE',  ( 18.00000000000000355, -18.00000000000000355, 40.00000000000000000 ) ) ;
#1387 = CARTESIAN_POINT ( 'NONE',  ( -2.500000000000000000, 0.000000000000000000, 41.00000000000000000 ) ) ;
#1388 = AXIS2_PLACEMENT_3D ( 'NONE', #353, #483, #259 ) ;
#1389 = CIRCLE ( 'NONE', #154, 10.00000000000000000 ) ;
#1390 = EDGE_LOOP ( 'NONE', ( #523, #617, #1075, #934, #486, #944, #95, #790 ) ) ;
#1391 = DIRECTION ( 'NONE',  ( -1.000000000000000000, 0.000000000000000000, 0.000000000000000000 ) ) ;
#1392 = AXIS2_PLACEMENT_3D ( 'NONE', #628, #308, #199 ) ;
#1393 = AXIS2_PLACEMENT_3D ( 'NONE', #669, #1316, #124 ) ;
#1394 = EDGE_CURVE ( 'NONE', #1181, #416, #641, .T. ) ;
#1395 = EDGE_LOOP ( 'NONE', ( #1132, #1124, #695, #1263 ) ) ;
#1396 = DIRECTION ( 'NONE',  ( 0.000000000000000000, 0.000000000000000000, 1.000000000000000000 ) ) ;
#1397 = CARTESIAN_POINT ( 'NONE',  ( -14.49999999999999467, 19.50000000000000000, 10.00000000000000000 ) ) ;
#1398 = CARTESIAN_POINT ( 'NONE',  ( -17.99999999999999645, 20.00000000000000000, 10.00000000000000178 ) ) ;
#1399 = DIRECTION ( 'NONE',  ( -1.000000000000000000, 0.000000000000000000, 0.000000000000000000 ) ) ;
#1400 = VERTEX_POINT ( 'NONE', #136 ) ;
#1401 = CARTESIAN_POINT ( 'NONE',  ( -17.99999999999999645, 20.00000000000000000, 0.000000000000000000 ) ) ;
#1402 = DIRECTION ( 'NONE',  ( 0.000000000000000000, 0.000000000000000000, 1.000000000000000000 ) ) ;
#1403 = CYLINDRICAL_SURFACE ( 'NONE', #1114, 10.00000000000000000 ) ;
#1404 = DIRECTION ( 'NONE',  ( 0.000000000000000000, 0.000000000000000000, 1.000000000000000000 ) ) ;
#1405 = ORIENTED_EDGE ( 'NONE', *, *, #480, .F. ) ;
#1406 = LINE ( 'NONE', #649, #400 ) ;
#1407 = DIRECTION ( 'NONE',  ( -0.000000000000000000, -0.000000000000000000, 1.000000000000000000 ) ) ;
#1408 = EDGE_LOOP ( 'NONE', ( #106, #718, #721, #240 ) ) ;
#1409 = AXIS2_PLACEMENT_3D ( 'NONE', #861, #82, #89 ) ;
#1410 = DIRECTION ( 'NONE',  ( -0.000000000000000000, -0.000000000000000000, -1.000000000000000000 ) ) ;
#1411 = CARTESIAN_POINT ( 'NONE',  ( -10.00000000000000000, 0.000000000000000000, 41.00000000000000000 ) ) ;
#1412 = AXIS2_PLACEMENT_3D ( 'NONE', #520, #389, #1190 ) ;
#1413 = EDGE_LOOP ( 'NONE', ( #1068, #54, #55, #1174 ) ) ;
#1414 = AXIS2_PLACEMENT_3D ( 'NONE', #1133, #163, #599 ) ;
#1415 = VECTOR ( 'NONE', #571, 1000.000000000000000 ) ;
#1416 = LINE ( 'NONE', #1329, #730 ) ;
#1417 = ORIENTED_EDGE ( 'NONE', *, *, #252, .T. ) ;
#1418 = CARTESIAN_POINT ( 'NONE',  ( 15.50000000000001243, -15.50000000000000000, 35.00000000000000000 ) ) ;
#1419 = DIRECTION ( 'NONE',  ( 1.000000000000000000, 0.000000000000000000, 0.000000000000000000 ) ) ;
#1420 = DIRECTION ( 'NONE',  ( -0.000000000000000000, -0.000000000000000000, -1.000000000000000000 ) ) ;
#1421 = ORIENTED_EDGE ( 'NONE', *, *, #1341, .T. ) ;
ENDSEC;
END-ISO-10303-21;
