ISO-10303-21;
HEADER;
FILE_DESCRIPTION (( 'STEP AP203' ),
    '1' );
FILE_NAME ('바디_접지링.STEP',
    '2024-09-26T14:17:17',
    ( '' ),
    ( '' ),
    'SwSTEP 2.0',
    'SolidWorks 2022',
    '' );
FILE_SCHEMA (( 'CONFIG_CONTROL_DESIGN' ));
ENDSEC;

DATA;
#1 = DIRECTION ( 'NONE',  ( -0.000000000000000000, -1.000000000000000000, -0.000000000000000000 ) ) ;
#2 = LINE ( 'NONE', #1844, #2955 ) ;
#3 = ORIENTED_EDGE ( 'NONE', *, *, #480, .F. ) ;
#4 = CARTESIAN_POINT ( 'NONE',  ( -4.355758274983881684, 0.2000000000000000111, -2.016772136338022214 ) ) ;
#5 = CYLINDRICAL_SURFACE ( 'NONE', #905, 0.5499999999999991562 ) ;
#6 = ORIENTED_EDGE ( 'NONE', *, *, #1182, .F. ) ;
#7 = DIRECTION ( 'NONE',  ( 0.000000000000000000, 0.000000000000000000, 1.000000000000000000 ) ) ;
#8 = ORIENTED_EDGE ( 'NONE', *, *, #346, .F. ) ;
#9 = CARTESIAN_POINT ( 'NONE',  ( 5.018772616042888934, 0.2000000000000000111, -0.9065988244300937637 ) ) ;
#10 = EDGE_CURVE ( 'NONE', #2561, #1598, #475, .T. ) ;
#11 = VERTEX_POINT ( 'NONE', #1021 ) ;
#12 = DIRECTION ( 'NONE',  ( 0.000000000000000000, 0.000000000000000000, 1.000000000000000000 ) ) ;
#13 = EDGE_CURVE ( 'NONE', #807, #1450, #2713, .T. ) ;
#14 = DIRECTION ( 'NONE',  ( 0.000000000000000000, 0.000000000000000000, 1.000000000000000000 ) ) ;
#15 = EDGE_CURVE ( 'NONE', #2754, #2434, #1620, .T. ) ;
#16 = ORIENTED_EDGE ( 'NONE', *, *, #2230, .T. ) ;
#17 = DIRECTION ( 'NONE',  ( -0.000000000000000000, 1.000000000000000000, -0.000000000000000000 ) ) ;
#18 = DIRECTION ( 'NONE',  ( -0.000000000000000000, -1.000000000000000000, -0.000000000000000000 ) ) ;
#19 = ORIENTED_EDGE ( 'NONE', *, *, #2417, .T. ) ;
#20 = DIRECTION ( 'NONE',  ( -0.000000000000000000, 1.000000000000000000, -0.000000000000000000 ) ) ;
#21 = VERTEX_POINT ( 'NONE', #2053 ) ;
#22 = DIRECTION ( 'NONE',  ( -0.000000000000000000, -1.000000000000000000, -0.000000000000000000 ) ) ;
#23 = CIRCLE ( 'NONE', #1873, 0.1000000000000000888 ) ;
#24 = CARTESIAN_POINT ( 'NONE',  ( -4.976614033570522011, 0.2000000000000000111, -0.9972776749075087377 ) ) ;
#25 = AXIS2_PLACEMENT_3D ( 'NONE', #1660, #60, #1898 ) ;
#26 = ORIENTED_EDGE ( 'NONE', *, *, #2344, .T. ) ;
#27 = ADVANCED_FACE ( 'NONE', ( #945 ), #1923, .F. ) ;
#28 = CIRCLE ( 'NONE', #412, 0.1000000000000000888 ) ;
#29 = CARTESIAN_POINT ( 'NONE',  ( 0.000000000000000000, 0.5999999999999999778, 0.000000000000000000 ) ) ;
#30 = DIRECTION ( 'NONE',  ( -0.000000000000000000, 1.000000000000000000, -0.000000000000000000 ) ) ;
#31 = DIRECTION ( 'NONE',  ( -0.000000000000000000, -1.000000000000000000, -0.000000000000000000 ) ) ;
#32 = EDGE_CURVE ( 'NONE', #1042, #876, #2097, .T. ) ;
#33 = CARTESIAN_POINT ( 'NONE',  ( -4.355758274983851486, 0.5999999999999999778, 1.916772136338090293 ) ) ;
#34 = EDGE_CURVE ( 'NONE', #2921, #2393, #428, .T. ) ;
#35 = AXIS2_PLACEMENT_3D ( 'NONE', #2115, #85, #664 ) ;
#36 = FACE_OUTER_BOUND ( 'NONE', #277, .T. ) ;
#37 = ORIENTED_EDGE ( 'NONE', *, *, #1144, .T. ) ;
#38 = CIRCLE ( 'NONE', #1405, 0.1000000000000000056 ) ;
#39 = CARTESIAN_POINT ( 'NONE',  ( 4.265013310921718315, 0.2000000000000000111, 1.974756050164313770 ) ) ;
#40 = VECTOR ( 'NONE', #2375, 100.0000000000000000 ) ;
#41 = AXIS2_PLACEMENT_3D ( 'NONE', #1864, #1596, #1624 ) ;
#42 = ORIENTED_EDGE ( 'NONE', *, *, #1207, .T. ) ;
#43 = DIRECTION ( 'NONE',  ( 0.000000000000000000, 0.000000000000000000, 1.000000000000000000 ) ) ;
#44 = PRODUCT_DEFINITION_SHAPE ( 'NONE', 'NONE',  #1477 ) ;
#45 = APPROVAL_STATUS ( 'not_yet_approved' ) ;
#46 = AXIS2_PLACEMENT_3D ( 'NONE', #2025, #739, #1137 ) ;
#47 = ORIENTED_EDGE ( 'NONE', *, *, #927, .F. ) ;
#48 = DIRECTION ( 'NONE',  ( 0.000000000000000000, 1.000000000000000000, 0.000000000000000000 ) ) ;
#49 = FACE_OUTER_BOUND ( 'NONE', #717, .T. ) ;
#50 = ORIENTED_EDGE ( 'NONE', *, *, #1628, .T. ) ;
#51 = DIRECTION ( 'NONE',  ( -0.000000000000000000, 1.000000000000000000, -0.000000000000000000 ) ) ;
#52 = CARTESIAN_POINT ( 'NONE',  ( 2.250000000000000444, 0.2000000000000000111, 4.126439142893058687 ) ) ;
#53 = EDGE_CURVE ( 'NONE', #1406, #1986, #91, .T. ) ;
#54 = VERTEX_POINT ( 'NONE', #969 ) ;
#55 = CARTESIAN_POINT ( 'NONE',  ( 0.9462702232267015123, 0.2000000000000000111, -4.727869048689649745 ) ) ;
#56 = EDGE_CURVE ( 'NONE', #1613, #1812, #2124, .T. ) ;
#57 = ORIENTED_EDGE ( 'NONE', *, *, #472, .F. ) ;
#58 = DIRECTION ( 'NONE',  ( 0.000000000000000000, 0.000000000000000000, 1.000000000000000000 ) ) ;
#59 = ORIENTED_EDGE ( 'NONE', *, *, #479, .F. ) ;
#60 = DIRECTION ( 'NONE',  ( 0.000000000000000000, 1.000000000000000000, 0.000000000000000000 ) ) ;
#61 = CARTESIAN_POINT ( 'NONE',  ( -2.250000000000000444, 0.5999999999999999778, 4.688016638195731112 ) ) ;
#62 = DIRECTION ( 'NONE',  ( 0.000000000000000000, 1.000000000000000000, 0.000000000000000000 ) ) ;
#63 = FACE_OUTER_BOUND ( 'NONE', #681, .T. ) ;
#64 = CYLINDRICAL_SURFACE ( 'NONE', #1080, 4.700000000000000178 ) ;
#65 = VERTEX_POINT ( 'NONE', #1460 ) ;
#66 = ADVANCED_FACE ( 'NONE', ( #2383 ), #1390, .T. ) ;
#67 = CYLINDRICAL_SURFACE ( 'NONE', #41, 4.700000000000001066 ) ;
#68 = EDGE_LOOP ( 'NONE', ( #636, #1239, #921, #152 ) ) ;
#69 = EDGE_CURVE ( 'NONE', #2921, #929, #2879, .T. ) ;
#70 = DIRECTION ( 'NONE',  ( -0.000000000000000000, 1.000000000000000000, -0.000000000000000000 ) ) ;
#71 = EDGE_CURVE ( 'NONE', #1758, #1598, #1892, .T. ) ;
#72 = ORIENTED_EDGE ( 'NONE', *, *, #69, .T. ) ;
#73 = AXIS2_PLACEMENT_3D ( 'NONE', #1860, #516, #2287 ) ;
#74 = CYLINDRICAL_SURFACE ( 'NONE', #2210, 0.1000000000000000888 ) ;
#75 = CIRCLE ( 'NONE', #1727, 0.1000000000000000056 ) ;
#76 = LINE ( 'NONE', #2147, #759 ) ;
#77 = VECTOR ( 'NONE', #2880, 100.0000000000000000 ) ;
#78 = LINE ( 'NONE', #794, #1725 ) ;
#79 = FACE_OUTER_BOUND ( 'NONE', #1032, .T. ) ;
#80 = ORIENTED_EDGE ( 'NONE', *, *, #104, .F. ) ;
#81 = CIRCLE ( 'NONE', #319, 0.5499999999999991562 ) ;
#82 = DIRECTION ( 'NONE',  ( -0.000000000000000000, -1.000000000000000000, -0.000000000000000000 ) ) ;
#83 = VECTOR ( 'NONE', #2101, 100.0000000000000000 ) ;
#84 = ORIENTED_EDGE ( 'NONE', *, *, #2721, .T. ) ;
#85 = DIRECTION ( 'NONE',  ( -0.000000000000000000, 1.000000000000000000, -0.000000000000000000 ) ) ;
#86 = CIRCLE ( 'NONE', #2518, 0.1000000000000000888 ) ;
#87 = AXIS2_PLACEMENT_3D ( 'NONE', #2843, #575, #1467 ) ;
#88 = EDGE_CURVE ( 'NONE', #2740, #1216, #806, .T. ) ;
#89 = EDGE_LOOP ( 'NONE', ( #1503, #2666, #2239, #2927 ) ) ;
#90 = AXIS2_PLACEMENT_3D ( 'NONE', #900, #1799, #2723 ) ;
#91 = CIRCLE ( 'NONE', #567, 0.5499999999999991562 ) ;
#92 = DIRECTION ( 'NONE',  ( -0.000000000000000000, 1.000000000000000000, -0.000000000000000000 ) ) ;
#93 = DIRECTION ( 'NONE',  ( 0.000000000000000000, 1.000000000000000000, 0.000000000000000000 ) ) ;
#94 = DIRECTION ( 'NONE',  ( -0.000000000000000000, -1.000000000000000000, -0.000000000000000000 ) ) ;
#95 = CYLINDRICAL_SURFACE ( 'NONE', #2166, 0.2000000000000003442 ) ;
#96 = ORIENTED_EDGE ( 'NONE', *, *, #2326, .T. ) ;
#97 = DIRECTION ( 'NONE',  ( 0.000000000000000000, 1.000000000000000000, 0.000000000000000000 ) ) ;
#98 = ORIENTED_EDGE ( 'NONE', *, *, #13, .T. ) ;
#99 = DIRECTION ( 'NONE',  ( 0.000000000000000000, 0.000000000000000000, 1.000000000000000000 ) ) ;
#100 = VERTEX_POINT ( 'NONE', #174 ) ;
#101 = CARTESIAN_POINT ( 'NONE',  ( -4.355758274983881684, 0.2000000000000000111, -2.016772136338022214 ) ) ;
#102 = CARTESIAN_POINT ( 'NONE',  ( -4.415601898828272809, 0.2000000000000000111, -1.936655092675825030 ) ) ;
#103 = CARTESIAN_POINT ( 'NONE',  ( -0.9243752719679214636, 0.5999999999999999778, -5.117179922239809997 ) ) ;
#104 = EDGE_CURVE ( 'NONE', #65, #1942, #854, .T. ) ;
#105 = CARTESIAN_POINT ( 'NONE',  ( -2.250000000000000444, 0.5999999999999999778, 4.688016638195731112 ) ) ;
#106 = ORIENTED_EDGE ( 'NONE', *, *, #2571, .F. ) ;
#107 = DIRECTION ( 'NONE',  ( -0.000000000000000000, -1.000000000000000000, -0.000000000000000000 ) ) ;
#108 = ORIENTED_EDGE ( 'NONE', *, *, #2011, .F. ) ;
#109 = CARTESIAN_POINT ( 'NONE',  ( -0.9065988244300768883, 0.2000000000000000111, -5.018772616042890711 ) ) ;
#110 = ORIENTED_EDGE ( 'NONE', *, *, #1648, .F. ) ;
#111 = EDGE_LOOP ( 'NONE', ( #2012, #1930 ) ) ;
#112 = CARTESIAN_POINT ( 'NONE',  ( 0.000000000000000000, 0.2000000000000000111, 0.000000000000000000 ) ) ;
#113 = CARTESIAN_POINT ( 'NONE',  ( 1.974756050164329091, 0.5999999999999999778, -4.265013310921711209 ) ) ;
#114 = EDGE_CURVE ( 'NONE', #1544, #1357, #1985, .T. ) ;
#115 = CIRCLE ( 'NONE', #2640, 4.399999999999999467 ) ;
#116 = DIRECTION ( 'NONE',  ( 0.000000000000000000, 0.000000000000000000, 1.000000000000000000 ) ) ;
#117 = FACE_OUTER_BOUND ( 'NONE', #1834, .T. ) ;
#118 = CIRCLE ( 'NONE', #1779, 5.200000000000000178 ) ;
#119 = EDGE_CURVE ( 'NONE', #2398, #240, #865, .T. ) ;
#120 = ORIENTED_EDGE ( 'NONE', *, *, #1049, .F. ) ;
#121 = CARTESIAN_POINT ( 'NONE',  ( 0.9243752719678860474, 0.2000000000000000111, -5.117179922239817991 ) ) ;
#122 = CC_DESIGN_SECURITY_CLASSIFICATION ( #2645, ( #315 ) ) ;
#123 = ORIENTED_EDGE ( 'NONE', *, *, #1902, .F. ) ;
#124 = CYLINDRICAL_SURFACE ( 'NONE', #559, 0.5500000000000029310 ) ;
#125 = CIRCLE ( 'NONE', #2164, 5.500000000000000000 ) ;
#126 = ORIENTED_EDGE ( 'NONE', *, *, #1558, .T. ) ;
#127 = DIRECTION ( 'NONE',  ( -0.000000000000000000, -1.000000000000000000, -0.000000000000000000 ) ) ;
#128 = AXIS2_PLACEMENT_3D ( 'NONE', #874, #198, #2010 ) ;
#129 = CIRCLE ( 'NONE', #613, 0.1000000000000000888 ) ;
#130 = CARTESIAN_POINT ( 'NONE',  ( -0.9972776749075696889, 0.2000000000000000111, -4.976614033570511353 ) ) ;
#131 = VECTOR ( 'NONE', #2582, 100.0000000000000000 ) ;
#132 = DIRECTION ( 'NONE',  ( 0.000000000000000000, 0.000000000000000000, 1.000000000000000000 ) ) ;
#133 = CIRCLE ( 'NONE', #375, 5.200000000000001066 ) ;
#134 = VERTEX_POINT ( 'NONE', #1522 ) ;
#135 = AXIS2_PLACEMENT_3D ( 'NONE', #2228, #2458, #591 ) ;
#136 = DIRECTION ( 'NONE',  ( -0.000000000000000000, -1.000000000000000000, -0.000000000000000000 ) ) ;
#137 = DIRECTION ( 'NONE',  ( 0.000000000000000000, -1.000000000000000000, 0.000000000000000000 ) ) ;
#138 = VECTOR ( 'NONE', #2726, 100.0000000000000000 ) ;
#139 = VERTEX_POINT ( 'NONE', #2443 ) ;
#140 = DIRECTION ( 'NONE',  ( 0.000000000000000000, 1.000000000000000000, 0.000000000000000000 ) ) ;
#141 = EDGE_CURVE ( 'NONE', #2681, #691, #1775, .T. ) ;
#142 = DIRECTION ( 'NONE',  ( -0.000000000000000000, 1.000000000000000000, -0.000000000000000000 ) ) ;
#143 = EDGE_LOOP ( 'NONE', ( #2530, #933, #2715, #2163 ) ) ;
#144 = CARTESIAN_POINT ( 'NONE',  ( -4.744741829972417335, 0.000000000000000000, 1.296011352533797290 ) ) ;
#145 = EDGE_CURVE ( 'NONE', #54, #1983, #762, .T. ) ;
#146 = ORIENTED_EDGE ( 'NONE', *, *, #2048, .F. ) ;
#147 = DIRECTION ( 'NONE',  ( 0.000000000000000000, 0.000000000000000000, 1.000000000000000000 ) ) ;
#148 = DIRECTION ( 'NONE',  ( 0.000000000000000000, 1.000000000000000000, 0.000000000000000000 ) ) ;
#149 = ORIENTED_EDGE ( 'NONE', *, *, #2791, .T. ) ;
#150 = CARTESIAN_POINT ( 'NONE',  ( 4.355758274983881684, 0.5999999999999999778, 2.016772136338022658 ) ) ;
#151 = DIRECTION ( 'NONE',  ( -0.000000000000000000, -1.000000000000000000, -0.000000000000000000 ) ) ;
#152 = ORIENTED_EDGE ( 'NONE', *, *, #1612, .F. ) ;
#153 = FACE_BOUND ( 'NONE', #338, .T. ) ;
#154 = CARTESIAN_POINT ( 'NONE',  ( 0.000000000000000000, 0.2000000000000000111, 0.000000000000000000 ) ) ;
#155 = VERTEX_POINT ( 'NONE', #832 ) ;
#156 = DIRECTION ( 'NONE',  ( 0.000000000000000000, 0.000000000000000000, 1.000000000000000000 ) ) ;
#157 = EDGE_LOOP ( 'NONE', ( #427, #1333, #2549, #455 ) ) ;
#158 = ADVANCED_FACE ( 'NONE', ( #1065 ), #2410, .F. ) ;
#159 = DIRECTION ( 'NONE',  ( -0.000000000000000000, 1.000000000000000000, -0.000000000000000000 ) ) ;
#160 = EDGE_CURVE ( 'NONE', #548, #1617, #1313, .T. ) ;
#161 = CARTESIAN_POINT ( 'NONE',  ( -4.744741829972417335, 0.5999999999999999778, 1.296011352533797290 ) ) ;
#162 = EDGE_LOOP ( 'NONE', ( #2883, #2639 ) ) ;
#163 = CARTESIAN_POINT ( 'NONE',  ( -5.018772616042888934, 0.2000000000000000111, 0.9065988244300903220 ) ) ;
#164 = DIRECTION ( 'NONE',  ( -0.000000000000000000, -1.000000000000000000, -0.000000000000000000 ) ) ;
#165 = ORIENTED_EDGE ( 'NONE', *, *, #820, .T. ) ;
#166 = CIRCLE ( 'NONE', #1823, 0.1000000000000000888 ) ;
#167 = DIRECTION ( 'NONE',  ( 0.000000000000000000, 0.000000000000000000, 1.000000000000000000 ) ) ;
#168 = CIRCLE ( 'NONE', #652, 4.700000000000000178 ) ;
#169 = CARTESIAN_POINT ( 'NONE',  ( 4.724801270274587850, 0.2000000000000000111, -0.8463172906254728955 ) ) ;
#170 = VERTEX_POINT ( 'NONE', #401 ) ;
#171 = CC_DESIGN_APPROVAL ( #624, ( #1477 ) ) ;
#172 = CYLINDRICAL_SURFACE ( 'NONE', #2805, 0.2000000000000001776 ) ;
#173 = VERTEX_POINT ( 'NONE', #1728 ) ;
#174 = CARTESIAN_POINT ( 'NONE',  ( 2.037546496345677749, 0.2000000000000000111, -4.648618534062507912 ) ) ;
#175 = DIRECTION ( 'NONE',  ( -0.000000000000000000, -1.000000000000000000, -0.000000000000000000 ) ) ;
#176 = ORIENTED_EDGE ( 'NONE', *, *, #1421, .F. ) ;
#177 = CIRCLE ( 'NONE', #2602, 5.200000000000000178 ) ;
#178 = CARTESIAN_POINT ( 'NONE',  ( -4.631141571169798965, 0.2000000000000000111, -2.136007431584197480 ) ) ;
#179 = VECTOR ( 'NONE', #554, 100.0000000000000000 ) ;
#180 = AXIS2_PLACEMENT_3D ( 'NONE', #1851, #1369, #1140 ) ;
#181 = CARTESIAN_POINT ( 'NONE',  ( -4.744741829972438651, 0.000000000000000000, -1.496011352533726191 ) ) ;
#182 = ORIENTED_EDGE ( 'NONE', *, *, #2363, .T. ) ;
#183 = AXIS2_PLACEMENT_3D ( 'NONE', #2428, #611, #1039 ) ;
#184 = DIRECTION ( 'NONE',  ( 0.000000000000000000, 0.000000000000000000, -1.000000000000000000 ) ) ;
#185 = DIRECTION ( 'NONE',  ( 0.000000000000000000, 1.000000000000000000, 0.000000000000000000 ) ) ;
#186 = AXIS2_PLACEMENT_3D ( 'NONE', #2301, #457, #2069 ) ;
#187 = ORIENTED_EDGE ( 'NONE', *, *, #119, .F. ) ;
#188 = ORIENTED_EDGE ( 'NONE', *, *, #507, .F. ) ;
#189 = DIRECTION ( 'NONE',  ( -0.000000000000000000, 1.000000000000000000, -0.000000000000000000 ) ) ;
#190 = CARTESIAN_POINT ( 'NONE',  ( -4.626367910477203083, 0.2000000000000000111, 0.8286856804041033975 ) ) ;
#191 = ORIENTED_EDGE ( 'NONE', *, *, #860, .F. ) ;
#192 = DIRECTION ( 'NONE',  ( 5.204170427930416550E-15, 0.000000000000000000, 1.000000000000000000 ) ) ;
#193 = CARTESIAN_POINT ( 'NONE',  ( -4.744741829972438651, 0.2000000000000000111, -1.496011352533726191 ) ) ;
#194 = ORIENTED_EDGE ( 'NONE', *, *, #1952, .F. ) ;
#195 = EDGE_CURVE ( 'NONE', #2442, #1691, #1604, .T. ) ;
#196 = CARTESIAN_POINT ( 'NONE',  ( 4.744741829972416447, 0.2000000000000000111, -1.496011352533796579 ) ) ;
#197 = EDGE_CURVE ( 'NONE', #929, #1216, #1412, .T. ) ;
#198 = DIRECTION ( 'NONE',  ( -0.000000000000000000, 1.000000000000000000, -0.000000000000000000 ) ) ;
#199 = ORIENTED_EDGE ( 'NONE', *, *, #995, .T. ) ;
#200 = DIRECTION ( 'NONE',  ( -0.000000000000000000, -1.000000000000000000, -0.000000000000000000 ) ) ;
#201 = VERTEX_POINT ( 'NONE', #1053 ) ;
#202 = CARTESIAN_POINT ( 'NONE',  ( -4.744741829972438651, 0.2000000000000000111, -1.496011352533726191 ) ) ;
#203 = COORDINATED_UNIVERSAL_TIME_OFFSET ( 9, 0, .AHEAD. ) ;
#204 = VERTEX_POINT ( 'NONE', #1297 ) ;
#205 = CARTESIAN_POINT ( 'NONE',  ( 0.9243752719678860474, 0.5999999999999999778, -5.117179922239817103 ) ) ;
#206 = DIRECTION ( 'NONE',  ( 0.000000000000000000, 0.000000000000000000, -1.000000000000000000 ) ) ;
#207 = EDGE_CURVE ( 'NONE', #1960, #2691, #2373, .T. ) ;
#208 = ORIENTED_EDGE ( 'NONE', *, *, #2137, .T. ) ;
#209 = DIRECTION ( 'NONE',  ( 0.000000000000000000, -1.000000000000000000, 0.000000000000000000 ) ) ;
#210 = DIRECTION ( 'NONE',  ( 0.000000000000000000, -1.000000000000000000, 0.000000000000000000 ) ) ;
#211 = EDGE_CURVE ( 'NONE', #2573, #2337, #1084, .T. ) ;
#212 = AXIS2_PLACEMENT_3D ( 'NONE', #302, #360, #334 ) ;
#213 = VERTEX_POINT ( 'NONE', #2914 ) ;
#214 = ADVANCED_FACE ( 'NONE', ( #1761 ), #2682, .F. ) ;
#215 = CYLINDRICAL_SURFACE ( 'NONE', #421, 5.500000000000000000 ) ;
#216 = AXIS2_PLACEMENT_3D ( 'NONE', #1131, #1857, #1586 ) ;
#217 = EDGE_LOOP ( 'NONE', ( #560, #1675, #369, #2558 ) ) ;
#218 = VECTOR ( 'NONE', #2621, 100.0000000000000000 ) ;
#219 = DIRECTION ( 'NONE',  ( 0.000000000000000000, 1.000000000000000000, 0.000000000000000000 ) ) ;
#220 = AXIS2_PLACEMENT_3D ( 'NONE', #2603, #1462, #2385 ) ;
#221 = ORIENTED_EDGE ( 'NONE', *, *, #1952, .T. ) ;
#222 = AXIS2_PLACEMENT_3D ( 'NONE', #2444, #148, #595 ) ;
#223 = CARTESIAN_POINT ( 'NONE',  ( 0.000000000000000000, 0.5999999999999999778, 0.000000000000000000 ) ) ;
#224 = CARTESIAN_POINT ( 'NONE',  ( 2.250000000000000000, 0.5999999999999999778, 4.688016638195731112 ) ) ;
#225 = CIRCLE ( 'NONE', #661, 0.5499999999999991562 ) ;
#226 = VERTEX_POINT ( 'NONE', #2160 ) ;
#227 = VECTOR ( 'NONE', #1262, 100.0000000000000000 ) ;
#228 = AXIS2_PLACEMENT_3D ( 'NONE', #2646, #2192, #352 ) ;
#229 = DIRECTION ( 'NONE',  ( 0.000000000000000000, 0.000000000000000000, 1.000000000000000000 ) ) ;
#230 = FACE_OUTER_BOUND ( 'NONE', #2236, .T. ) ;
#231 = VECTOR ( 'NONE', #2605, 100.0000000000000000 ) ;
#232 = VECTOR ( 'NONE', #522, 100.0000000000000000 ) ;
#233 = EDGE_LOOP ( 'NONE', ( #1330, #2187, #2564, #2546 ) ) ;
#234 = EDGE_CURVE ( 'NONE', #1800, #2245, #2281, .T. ) ;
#235 = CARTESIAN_POINT ( 'NONE',  ( -4.721948268643718194, 0.5999999999999999778, -2.177889930242711714 ) ) ;
#236 = AXIS2_PLACEMENT_3D ( 'NONE', #2059, #435, #2534 ) ;
#237 = ORIENTED_EDGE ( 'NONE', *, *, #1339, .T. ) ;
#238 = FACE_OUTER_BOUND ( 'NONE', #2711, .T. ) ;
#239 = ADVANCED_FACE ( 'NONE', ( #2477 ), #2243, .F. ) ;
#240 = VERTEX_POINT ( 'NONE', #910 ) ;
#241 = CARTESIAN_POINT ( 'NONE',  ( -4.724801270274600284, 0.5999999999999999778, -0.8463172906253997319 ) ) ;
#242 = DIRECTION ( 'NONE',  ( 0.000000000000000000, 0.000000000000000000, 1.000000000000000000 ) ) ;
#243 = ORIENTED_EDGE ( 'NONE', *, *, #747, .T. ) ;
#244 = CYLINDRICAL_SURFACE ( 'NONE', #594, 0.1000000000000000888 ) ;
#245 = DIRECTION ( 'NONE',  ( 0.000000000000000000, 1.000000000000000000, 0.000000000000000000 ) ) ;
#246 = ORIENTED_EDGE ( 'NONE', *, *, #2493, .T. ) ;
#247 = CARTESIAN_POINT ( 'NONE',  ( -4.721948268643687996, 0.5999999999999999778, 2.177889930242778327 ) ) ;
#248 = EDGE_CURVE ( 'NONE', #2533, #1565, #377, .T. ) ;
#249 = ORIENTED_EDGE ( 'NONE', *, *, #769, .T. ) ;
#250 = DIRECTION ( 'NONE',  ( -0.000000000000000000, 1.000000000000000000, -0.000000000000000000 ) ) ;
#251 = CARTESIAN_POINT ( 'NONE',  ( -4.744741829972438651, 0.2000000000000000111, -0.9460113525337234819 ) ) ;
#252 = ADVANCED_FACE ( 'NONE', ( #2016 ), #1614, .T. ) ;
#253 = ORIENTED_EDGE ( 'NONE', *, *, #2548, .T. ) ;
#254 = EDGE_CURVE ( 'NONE', #1983, #807, #2662, .T. ) ;
#255 = DIRECTION ( 'NONE',  ( -0.000000000000000000, -1.000000000000000000, -0.000000000000000000 ) ) ;
#256 = DIRECTION ( 'NONE',  ( -0.000000000000000000, -1.000000000000000000, -0.000000000000000000 ) ) ;
#257 = CARTESIAN_POINT ( 'NONE',  ( 5.018772616042902257, 0.2000000000000000111, 0.9065988244300139387 ) ) ;
#258 = DIRECTION ( 'NONE',  ( 0.000000000000000000, 0.000000000000000000, 1.000000000000000000 ) ) ;
#259 = CARTESIAN_POINT ( 'NONE',  ( -2.250000000000000444, 0.2000000000000000111, 5.018714974971183018 ) ) ;
#260 = ORIENTED_EDGE ( 'NONE', *, *, #598, .T. ) ;
#261 = CARTESIAN_POINT ( 'NONE',  ( -1.974756050164360843, 0.2000000000000000111, -4.265013310921696998 ) ) ;
#262 = ORIENTED_EDGE ( 'NONE', *, *, #454, .T. ) ;
#263 = CIRCLE ( 'NONE', #212, 0.1000000000000000888 ) ;
#264 = CARTESIAN_POINT ( 'NONE',  ( 4.626367910477212853, 0.2000000000000000111, 0.8286856804040374502 ) ) ;
#265 = DATE_AND_TIME ( #662, #2317 ) ;
#266 = CIRCLE ( 'NONE', #2156, 5.200000000000000178 ) ;
#267 = ORIENTED_EDGE ( 'NONE', *, *, #2177, .T. ) ;
#268 =( GEOMETRIC_REPRESENTATION_CONTEXT ( 3 ) GLOBAL_UNCERTAINTY_ASSIGNED_CONTEXT ( ( #973 ) ) GLOBAL_UNIT_ASSIGNED_CONTEXT ( ( #1536, #2460, #1729 ) ) REPRESENTATION_CONTEXT ( 'NONE', 'WORKASPACE' ) );
#269 = DIRECTION ( 'NONE',  ( 0.000000000000000000, 0.000000000000000000, 1.000000000000000000 ) ) ;
#270 = ADVANCED_FACE ( 'NONE', ( #1109 ), #2963, .F. ) ;
#271 = FACE_OUTER_BOUND ( 'NONE', #2674, .T. ) ;
#272 = ORIENTED_EDGE ( 'NONE', *, *, #211, .T. ) ;
#273 = DIRECTION ( 'NONE',  ( 0.000000000000000000, 1.000000000000000000, 0.000000000000000000 ) ) ;
#274 = ADVANCED_FACE ( 'NONE', ( #894 ), #937, .F. ) ;
#275 = VECTOR ( 'NONE', #2562, 100.0000000000000000 ) ;
#276 = DIRECTION ( 'NONE',  ( 0.000000000000000000, 0.000000000000000000, 1.000000000000000000 ) ) ;
#277 = EDGE_LOOP ( 'NONE', ( #2777, #1708, #2651, #123 ) ) ;
#278 = AXIS2_PLACEMENT_3D ( 'NONE', #2205, #2240, #685 ) ;
#279 = DIRECTION ( 'NONE',  ( 0.000000000000000000, -1.000000000000000000, 0.000000000000000000 ) ) ;
#280 = CIRCLE ( 'NONE', #2370, 4.700000000000000178 ) ;
#281 = AXIS2_PLACEMENT_3D ( 'NONE', #903, #382, #2675 ) ;
#282 = ORIENTED_EDGE ( 'NONE', *, *, #1772, .T. ) ;
#283 = VECTOR ( 'NONE', #880, 100.0000000000000000 ) ;
#284 = DIRECTION ( 'NONE',  ( 0.000000000000000000, 0.000000000000000000, 1.000000000000000000 ) ) ;
#285 = VERTEX_POINT ( 'NONE', #1791 ) ;
#286 = CARTESIAN_POINT ( 'NONE',  ( 4.744741829972416447, 0.000000000000000000, -1.496011352533796579 ) ) ;
#287 = CARTESIAN_POINT ( 'NONE',  ( 2.250000000000000444, 0.2000000000000000111, 5.018714974971183018 ) ) ;
#288 = EDGE_CURVE ( 'NONE', #2255, #2685, #1143, .T. ) ;
#289 = CARTESIAN_POINT ( 'NONE',  ( -4.744741829972438651, 0.2000000000000000111, -1.496011352533726191 ) ) ;
#290 = PLANE ( 'NONE',  #2108 ) ;
#291 = CARTESIAN_POINT ( 'NONE',  ( 4.744741829972416447, 0.5999999999999999778, -1.696011352533796757 ) ) ;
#292 = ADVANCED_FACE ( 'NONE', ( #2490 ), #1344, .F. ) ;
#293 = ORIENTED_EDGE ( 'NONE', *, *, #1997, .T. ) ;
#294 = DESIGN_CONTEXT ( 'detailed design', #743, 'design' ) ;
#295 = EDGE_CURVE ( 'NONE', #2226, #2046, #1271, .T. ) ;
#296 = CARTESIAN_POINT ( 'NONE',  ( 1.496011352533743954, 0.2000000000000000111, -4.744741829972433322 ) ) ;
#297 = ORIENTED_EDGE ( 'NONE', *, *, #1051, .T. ) ;
#298 = DIRECTION ( 'NONE',  ( 0.000000000000000000, -1.000000000000000000, 0.000000000000000000 ) ) ;
#299 = ORIENTED_EDGE ( 'NONE', *, *, #2083, .F. ) ;
#300 = DIRECTION ( 'NONE',  ( -0.000000000000000000, -1.000000000000000000, -0.000000000000000000 ) ) ;
#301 = CARTESIAN_POINT ( 'NONE',  ( 4.744741829972416447, 0.2000000000000000111, -0.9460113525337974227 ) ) ;
#302 = CARTESIAN_POINT ( 'NONE',  ( -0.8463172906254565753, 0.2000000000000000111, -4.724801270274590514 ) ) ;
#303 = FACE_BOUND ( 'NONE', #2105, .T. ) ;
#304 = VERTEX_POINT ( 'NONE', #702 ) ;
#305 = DIRECTION ( 'NONE',  ( 0.000000000000000000, 1.000000000000000000, 0.000000000000000000 ) ) ;
#306 = EDGE_CURVE ( 'NONE', #2738, #2391, #2961, .T. ) ;
#307 = ORIENTED_EDGE ( 'NONE', *, *, #530, .T. ) ;
#308 = CYLINDRICAL_SURFACE ( 'NONE', #35, 0.1000000000000000888 ) ;
#309 = ORIENTED_EDGE ( 'NONE', *, *, #2620, .F. ) ;
#310 = VECTOR ( 'NONE', #136, 100.0000000000000000 ) ;
#311 = DIRECTION ( 'NONE',  ( 0.000000000000000000, 1.000000000000000000, 0.000000000000000000 ) ) ;
#312 = CIRCLE ( 'NONE', #2594, 0.2000000000000001776 ) ;
#313 = CYLINDRICAL_SURFACE ( 'NONE', #2027, 0.1000000000000000888 ) ;
#314 = ORIENTED_EDGE ( 'NONE', *, *, #437, .T. ) ;
#315 = PRODUCT_DEFINITION_FORMATION_WITH_SPECIFIED_SOURCE ( 'ANY', '', #1384, .NOT_KNOWN. ) ;
#316 = DIRECTION ( 'NONE',  ( 0.000000000000000000, -1.000000000000000000, 0.000000000000000000 ) ) ;
#317 = CARTESIAN_POINT ( 'NONE',  ( -4.744741829972438651, 0.000000000000000000, -1.296011352533725791 ) ) ;
#318 = EDGE_LOOP ( 'NONE', ( #309, #730, #1577, #2144 ) ) ;
#319 = AXIS2_PLACEMENT_3D ( 'NONE', #2371, #1509, #867 ) ;
#320 = CARTESIAN_POINT ( 'NONE',  ( 0.000000000000000000, 0.2000000000000000111, 0.000000000000000000 ) ) ;
#321 = ORIENTED_EDGE ( 'NONE', *, *, #1648, .T. ) ;
#322 = EDGE_CURVE ( 'NONE', #1750, #2159, #2504, .T. ) ;
#323 = CARTESIAN_POINT ( 'NONE',  ( -1.496011352533779704, 0.2000000000000000111, -4.744741829972421776 ) ) ;
#324 = AXIS2_PLACEMENT_3D ( 'NONE', #1929, #2858, #2798 ) ;
#325 = CC_DESIGN_PERSON_AND_ORGANIZATION_ASSIGNMENT ( #2076, #923, ( #2645 ) ) ;
#326 = CIRCLE ( 'NONE', #616, 4.700000000000000178 ) ;
#327 = ORIENTED_EDGE ( 'NONE', *, *, #2401, .F. ) ;
#328 = AXIS2_PLACEMENT_3D ( 'NONE', #644, #416, #2667 ) ;
#329 = ADVANCED_FACE ( 'NONE', ( #238 ), #1599, .F. ) ;
#330 = DIRECTION ( 'NONE',  ( 0.000000000000000000, 0.000000000000000000, 1.000000000000000000 ) ) ;
#331 = AXIS2_PLACEMENT_3D ( 'NONE', #1392, #473, #2055 ) ;
#332 = LINE ( 'NONE', #61, #1505 ) ;
#333 = EDGE_LOOP ( 'NONE', ( #836, #462, #1242, #629, #1139, #307, #1290, #1206 ) ) ;
#334 = DIRECTION ( 'NONE',  ( 0.000000000000000000, 0.000000000000000000, 1.000000000000000000 ) ) ;
#335 = CARTESIAN_POINT ( 'NONE',  ( 0.000000000000000000, 0.2000000000000000111, 0.000000000000000000 ) ) ;
#336 = ORIENTED_EDGE ( 'NONE', *, *, #2384, .F. ) ;
#337 = DIRECTION ( 'NONE',  ( 0.000000000000000000, 0.000000000000000000, -1.000000000000000000 ) ) ;
#338 = EDGE_LOOP ( 'NONE', ( #1237, #342 ) ) ;
#339 = FACE_OUTER_BOUND ( 'NONE', #588, .T. ) ;
#340 = ADVANCED_FACE ( 'NONE', ( #482 ), #889, .T. ) ;
#341 = ORIENTED_EDGE ( 'NONE', *, *, #981, .F. ) ;
#342 = ORIENTED_EDGE ( 'NONE', *, *, #1912, .F. ) ;
#343 = DIRECTION ( 'NONE',  ( 0.000000000000000000, 0.000000000000000000, 1.000000000000000000 ) ) ;
#344 = ADVANCED_FACE ( 'NONE', ( #1092 ), #2890, .T. ) ;
#345 = DIRECTION ( 'NONE',  ( -0.000000000000000000, 1.000000000000000000, -0.000000000000000000 ) ) ;
#346 = EDGE_CURVE ( 'NONE', #1251, #1341, #1187, .T. ) ;
#347 = DIRECTION ( 'NONE',  ( 0.000000000000000000, 0.000000000000000000, 1.000000000000000000 ) ) ;
#348 = CARTESIAN_POINT ( 'NONE',  ( 4.626367910477212853, 0.5999999999999999778, 0.8286856804040374502 ) ) ;
#349 = ORIENTED_EDGE ( 'NONE', *, *, #2347, .T. ) ;
#350 = DIRECTION ( 'NONE',  ( 0.000000000000000000, -1.000000000000000000, 0.000000000000000000 ) ) ;
#351 = VERTEX_POINT ( 'NONE', #410 ) ;
#352 = DIRECTION ( 'NONE',  ( 1.004950428811057057E-15, 0.000000000000000000, 1.000000000000000000 ) ) ;
#353 = ORIENTED_EDGE ( 'NONE', *, *, #2102, .F. ) ;
#354 = CARTESIAN_POINT ( 'NONE',  ( -1.936655092675871437, 0.2000000000000000111, -4.415601898828254157 ) ) ;
#355 = DIRECTION ( 'NONE',  ( 0.000000000000000000, 0.000000000000000000, 1.000000000000000000 ) ) ;
#356 = DIRECTION ( 'NONE',  ( 0.000000000000000000, 0.000000000000000000, -1.000000000000000000 ) ) ;
#357 = ORIENTED_EDGE ( 'NONE', *, *, #2733, .F. ) ;
#358 = EDGE_CURVE ( 'NONE', #1514, #1059, #1086, .T. ) ;
#359 = CIRCLE ( 'NONE', #73, 0.2000000000000008715 ) ;
#360 = DIRECTION ( 'NONE',  ( 0.000000000000000000, 1.000000000000000000, 0.000000000000000000 ) ) ;
#361 = CARTESIAN_POINT ( 'NONE',  ( 4.265013310921689893, 0.2000000000000000111, -1.974756050164375942 ) ) ;
#362 = AXIS2_PLACEMENT_3D ( 'NONE', #2550, #2947, #485 ) ;
#363 = VERTEX_POINT ( 'NONE', #2661 ) ;
#364 = ADVANCED_FACE ( 'NONE', ( #1980 ), #1281, .F. ) ;
#365 = CARTESIAN_POINT ( 'NONE',  ( 0.000000000000000000, 0.2000000000000000111, 0.000000000000000000 ) ) ;
#366 = ORIENTED_EDGE ( 'NONE', *, *, #598, .F. ) ;
#367 = CARTESIAN_POINT ( 'NONE',  ( 4.631141571169772320, 0.5999999999999999778, -2.136007431584259209 ) ) ;
#368 = VECTOR ( 'NONE', #1888, 100.0000000000000000 ) ;
#369 = ORIENTED_EDGE ( 'NONE', *, *, #1082, .T. ) ;
#370 = CARTESIAN_POINT ( 'NONE',  ( 5.018772616042902257, 0.5999999999999999778, 0.9065988244300139387 ) ) ;
#371 = VECTOR ( 'NONE', #1465, 100.0000000000000000 ) ;
#372 = AXIS2_PLACEMENT_3D ( 'NONE', #953, #20, #1832 ) ;
#373 = LINE ( 'NONE', #130, #77 ) ;
#374 = DIRECTION ( 'NONE',  ( 1.004950428811056860E-15, -0.000000000000000000, -1.000000000000000000 ) ) ;
#375 = AXIS2_PLACEMENT_3D ( 'NONE', #1481, #2404, #1946 ) ;
#376 = ORIENTED_EDGE ( 'NONE', *, *, #2636, .F. ) ;
#377 = CIRCLE ( 'NONE', #1696, 0.2000000000000003442 ) ;
#378 = CARTESIAN_POINT ( 'NONE',  ( 0.9462702232267015123, 0.5999999999999999778, -4.727869048689649745 ) ) ;
#379 = CARTESIAN_POINT ( 'NONE',  ( 2.037546496345677749, 0.5999999999999999778, -4.648618534062507912 ) ) ;
#380 = EDGE_CURVE ( 'NONE', #1839, #1059, #1403, .T. ) ;
#381 = ORIENTED_EDGE ( 'NONE', *, *, #2254, .F. ) ;
#382 = DIRECTION ( 'NONE',  ( -0.000000000000000000, -1.000000000000000000, -0.000000000000000000 ) ) ;
#383 = FACE_OUTER_BOUND ( 'NONE', #1270, .T. ) ;
#384 = ADVANCED_FACE ( 'NONE', ( #1047 ), #1769, .T. ) ;
#385 = ORIENTED_EDGE ( 'NONE', *, *, #2633, .F. ) ;
#386 = ADVANCED_FACE ( 'NONE', ( #2910 ), #1546, .F. ) ;
#387 = CARTESIAN_POINT ( 'NONE',  ( -1.496011352533779704, 0.000000000000000000, -4.544741829972420710 ) ) ;
#388 = ORIENTED_EDGE ( 'NONE', *, *, #871, .T. ) ;
#389 = DIRECTION ( 'NONE',  ( 0.000000000000000000, 0.000000000000000000, 1.000000000000000000 ) ) ;
#390 = PLANE ( 'NONE',  #1495 ) ;
#391 = ORIENTED_EDGE ( 'NONE', *, *, #2396, .F. ) ;
#392 = CARTESIAN_POINT ( 'NONE',  ( 4.265013310921718315, 0.5999999999999999778, 1.974756050164313770 ) ) ;
#393 = CARTESIAN_POINT ( 'NONE',  ( -4.631141571169769655, 0.2000000000000000111, 2.136007431584262761 ) ) ;
#394 = ORIENTED_EDGE ( 'NONE', *, *, #2169, .T. ) ;
#395 = FACE_BOUND ( 'NONE', #568, .T. ) ;
#396 = CARTESIAN_POINT ( 'NONE',  ( -4.744741829972417335, 0.5999999999999999778, 1.496011352533797689 ) ) ;
#397 = ORIENTED_EDGE ( 'NONE', *, *, #2400, .F. ) ;
#398 = EDGE_CURVE ( 'NONE', #907, #610, #809, .T. ) ;
#399 = LINE ( 'NONE', #1329, #1550 ) ;
#400 = ORIENTED_EDGE ( 'NONE', *, *, #1033, .F. ) ;
#401 = CARTESIAN_POINT ( 'NONE',  ( 5.117179922239807333, 0.5999999999999999778, -0.9243752719679386720 ) ) ;
#402 = DIRECTION ( 'NONE',  ( 1.000000000000000000, 0.000000000000000000, 0.000000000000000000 ) ) ;
#403 = CYLINDRICAL_SURFACE ( 'NONE', #2366, 0.1000000000000000888 ) ;
#404 = ORIENTED_EDGE ( 'NONE', *, *, #2499, .F. ) ;
#405 = CARTESIAN_POINT ( 'NONE',  ( 5.117179922239808221, 0.2000000000000000111, -0.9243752719679386720 ) ) ;
#406 = LINE ( 'NONE', #1100, #1692 ) ;
#407 = ORIENTED_EDGE ( 'NONE', *, *, #733, .T. ) ;
#408 = AXIS2_PLACEMENT_3D ( 'NONE', #810, #541, #1026 ) ;
#409 = DIRECTION ( 'NONE',  ( 3.469446951953611033E-15, 0.000000000000000000, 1.000000000000000000 ) ) ;
#410 = CARTESIAN_POINT ( 'NONE',  ( 0.9243752719678860474, 0.2000000000000000111, -5.117179922239817103 ) ) ;
#411 = ORIENTED_EDGE ( 'NONE', *, *, #13, .F. ) ;
#412 = AXIS2_PLACEMENT_3D ( 'NONE', #982, #1685, #2134 ) ;
#413 = DIRECTION ( 'NONE',  ( 0.000000000000000000, 0.000000000000000000, -1.000000000000000000 ) ) ;
#414 = ADVANCED_FACE ( 'NONE', ( #2220 ), #2676, .T. ) ;
#415 = ORIENTED_EDGE ( 'NONE', *, *, #2787, .F. ) ;
#416 = DIRECTION ( 'NONE',  ( -0.000000000000000000, 1.000000000000000000, -0.000000000000000000 ) ) ;
#417 = AXIS2_PLACEMENT_3D ( 'NONE', #539, #2552, #2591 ) ;
#418 = CARTESIAN_POINT ( 'NONE',  ( 4.727869048689639087, 0.5999999999999999778, -0.9462702232267538038 ) ) ;
#419 = EDGE_CURVE ( 'NONE', #2184, #2561, #1308, .T. ) ;
#420 = ORIENTED_EDGE ( 'NONE', *, *, #2940, .T. ) ;
#421 = AXIS2_PLACEMENT_3D ( 'NONE', #1771, #200, #2014 ) ;
#422 = ADVANCED_FACE ( 'NONE', ( #383 ), #1104, .T. ) ;
#423 = DIRECTION ( 'NONE',  ( -0.000000000000000000, -1.000000000000000000, -0.000000000000000000 ) ) ;
#424 = CIRCLE ( 'NONE', #2804, 0.2000000000000003442 ) ;
#425 = VECTOR ( 'NONE', #741, 100.0000000000000000 ) ;
#426 = CARTESIAN_POINT ( 'NONE',  ( -0.7480056762668898518, 0.2000000000000000111, -2.372370914986210888 ) ) ;
#427 = ORIENTED_EDGE ( 'NONE', *, *, #1772, .F. ) ;
#428 = CIRCLE ( 'NONE', #1507, 0.1000000000000000888 ) ;
#429 = FACE_BOUND ( 'NONE', #1534, .T. ) ;
#430 = CARTESIAN_POINT ( 'NONE',  ( 4.355758274983881684, 0.5999999999999999778, 2.016772136338022658 ) ) ;
#431 = VECTOR ( 'NONE', #1814, 100.0000000000000000 ) ;
#432 = EDGE_LOOP ( 'NONE', ( #1742, #1095, #42, #2077 ) ) ;
#433 = DIRECTION ( 'NONE',  ( 1.004950428811056860E-15, 0.000000000000000000, 1.000000000000000000 ) ) ;
#434 = ORIENTED_EDGE ( 'NONE', *, *, #514, .F. ) ;
#435 = DIRECTION ( 'NONE',  ( -0.000000000000000000, 1.000000000000000000, -0.000000000000000000 ) ) ;
#436 = PERSON_AND_ORGANIZATION_ROLE ( 'creator' ) ;
#437 = EDGE_CURVE ( 'NONE', #2393, #2738, #1747, .T. ) ;
#438 = VERTEX_POINT ( 'NONE', #2690 ) ;
#439 = LINE ( 'NONE', #2701, #1926 ) ;
#440 = DIRECTION ( 'NONE',  ( -0.000000000000000000, -1.000000000000000000, -0.000000000000000000 ) ) ;
#441 = EDGE_CURVE ( 'NONE', #555, #1134, #2085, .T. ) ;
#442 = CARTESIAN_POINT ( 'NONE',  ( 0.000000000000000000, 0.5999999999999999778, 0.000000000000000000 ) ) ;
#443 = ORIENTED_EDGE ( 'NONE', *, *, #234, .T. ) ;
#444 = DIRECTION ( 'NONE',  ( -0.000000000000000000, -1.000000000000000000, -0.000000000000000000 ) ) ;
#445 = DIRECTION ( 'NONE',  ( 0.000000000000000000, 0.000000000000000000, 1.000000000000000000 ) ) ;
#446 = EDGE_LOOP ( 'NONE', ( #272, #2511, #639, #1074 ) ) ;
#447 = CYLINDRICAL_SURFACE ( 'NONE', #898, 0.1000000000000000888 ) ;
#448 = ORIENTED_EDGE ( 'NONE', *, *, #1124, .T. ) ;
#449 = DIRECTION ( 'NONE',  ( 0.000000000000000000, -1.000000000000000000, 0.000000000000000000 ) ) ;
#450 = DATE_TIME_ROLE ( 'creation_date' ) ;
#451 = ORIENTED_EDGE ( 'NONE', *, *, #1949, .F. ) ;
#452 = DIRECTION ( 'NONE',  ( 0.000000000000000000, 1.000000000000000000, 0.000000000000000000 ) ) ;
#453 = CARTESIAN_POINT ( 'NONE',  ( 0.000000000000000000, 0.2000000000000000111, 0.000000000000000000 ) ) ;
#454 = EDGE_CURVE ( 'NONE', #1565, #2533, #1138, .T. ) ;
#455 = ORIENTED_EDGE ( 'NONE', *, *, #2233, .T. ) ;
#456 = CARTESIAN_POINT ( 'NONE',  ( -5.117179922239822432, 0.2000000000000000111, -0.9243752719678569596 ) ) ;
#457 = DIRECTION ( 'NONE',  ( 0.000000000000000000, 1.000000000000000000, 0.000000000000000000 ) ) ;
#458 = VECTOR ( 'NONE', #2609, 100.0000000000000000 ) ;
#459 = ORIENTED_EDGE ( 'NONE', *, *, #1196, .F. ) ;
#460 = CARTESIAN_POINT ( 'NONE',  ( 2.250000000000000444, 0.5999999999999999778, 4.688016638195731112 ) ) ;
#461 = AXIS2_PLACEMENT_3D ( 'NONE', #1822, #705, #1603 ) ;
#462 = ORIENTED_EDGE ( 'NONE', *, *, #2249, .T. ) ;
#463 = CARTESIAN_POINT ( 'NONE',  ( -4.727869048689639975, 0.2000000000000000111, 0.9462702232267512503 ) ) ;
#464 = ORIENTED_EDGE ( 'NONE', *, *, #2493, .F. ) ;
#465 = VECTOR ( 'NONE', #298, 100.0000000000000000 ) ;
#466 = CARTESIAN_POINT ( 'NONE',  ( -2.250000000000000444, 0.2000000000000000111, 3.781203512110924869 ) ) ;
#467 = DIRECTION ( 'NONE',  ( -0.000000000000000000, -1.000000000000000000, -0.000000000000000000 ) ) ;
#468 = ORIENTED_EDGE ( 'NONE', *, *, #731, .F. ) ;
#469 = AXIS2_PLACEMENT_3D ( 'NONE', #426, #1975, #620 ) ;
#470 = CIRCLE ( 'NONE', #281, 0.1000000000000000888 ) ;
#471 = DIRECTION ( 'NONE',  ( -0.000000000000000000, 1.000000000000000000, -0.000000000000000000 ) ) ;
#472 = EDGE_CURVE ( 'NONE', #964, #1960, #2911, .T. ) ;
#473 = DIRECTION ( 'NONE',  ( -0.000000000000000000, 1.000000000000000000, -0.000000000000000000 ) ) ;
#474 = AXIS2_PLACEMENT_3D ( 'NONE', #1234, #2096, #1420 ) ;
#475 = CIRCLE ( 'NONE', #1362, 0.5500000000000027089 ) ;
#476 = ORIENTED_EDGE ( 'NONE', *, *, #2276, .F. ) ;
#477 = DIRECTION ( 'NONE',  ( 0.000000000000000000, 0.000000000000000000, 1.000000000000000000 ) ) ;
#478 = AXIS2_PLACEMENT_3D ( 'NONE', #2643, #605, #2422 ) ;
#479 = EDGE_CURVE ( 'NONE', #805, #2543, #1562, .T. ) ;
#480 = EDGE_CURVE ( 'NONE', #1185, #1803, #2330, .T. ) ;
#481 = EDGE_LOOP ( 'NONE', ( #1919, #1346, #2537, #2900 ) ) ;
#482 = FACE_OUTER_BOUND ( 'NONE', #157, .T. ) ;
#483 = APPROVAL_STATUS ( 'not_yet_approved' ) ;
#484 = ORIENTED_EDGE ( 'NONE', *, *, #2845, .T. ) ;
#485 = DIRECTION ( 'NONE',  ( 0.000000000000000000, 0.000000000000000000, 1.000000000000000000 ) ) ;
#486 = CARTESIAN_POINT ( 'NONE',  ( 4.648618534062512353, 0.2000000000000000111, 2.037546496345664870 ) ) ;
#487 = DIRECTION ( 'NONE',  ( 0.000000000000000000, 0.000000000000000000, 1.000000000000000000 ) ) ;
#488 = DIRECTION ( 'NONE',  ( 0.000000000000000000, -1.000000000000000000, 0.000000000000000000 ) ) ;
#489 = DIRECTION ( 'NONE',  ( 0.000000000000000000, 0.000000000000000000, 1.000000000000000000 ) ) ;
#490 = ORIENTED_EDGE ( 'NONE', *, *, #1532, .T. ) ;
#491 = CARTESIAN_POINT ( 'NONE',  ( 0.000000000000000000, 0.5999999999999999778, 0.000000000000000000 ) ) ;
#492 = ORIENTED_EDGE ( 'NONE', *, *, #1421, .T. ) ;
#493 = EDGE_CURVE ( 'NONE', #912, #2870, #1698, .T. ) ;
#494 = CARTESIAN_POINT ( 'NONE',  ( 0.000000000000000000, 0.2000000000000000111, 0.000000000000000000 ) ) ;
#495 = ADVANCED_FACE ( 'NONE', ( #1119 ), #904, .T. ) ;
#496 = ORIENTED_EDGE ( 'NONE', *, *, #2063, .T. ) ;
#497 = CARTESIAN_POINT ( 'NONE',  ( -4.265013310921688117, 0.2000000000000000111, 1.974756050164380383 ) ) ;
#498 = CARTESIAN_POINT ( 'NONE',  ( 2.250000000000000444, 0.2000000000000000111, 3.781203512110924869 ) ) ;
#499 = DIRECTION ( 'NONE',  ( 0.000000000000000000, 0.000000000000000000, 1.000000000000000000 ) ) ;
#500 = DIRECTION ( 'NONE',  ( 0.000000000000000000, 1.000000000000000000, 0.000000000000000000 ) ) ;
#501 = CARTESIAN_POINT ( 'NONE',  ( -2.177889930242757899, 0.2000000000000000111, -4.721948268643695990 ) ) ;
#502 = ORIENTED_EDGE ( 'NONE', *, *, #981, .T. ) ;
#503 = CARTESIAN_POINT ( 'NONE',  ( -0.9972776749075696889, 0.2000000000000000111, -4.976614033570511353 ) ) ;
#504 = ORIENTED_EDGE ( 'NONE', *, *, #1558, .F. ) ;
#505 = AXIS2_PLACEMENT_3D ( 'NONE', #163, #1288, #2199 ) ;
#506 = DIRECTION ( 'NONE',  ( 0.000000000000000000, -1.000000000000000000, 0.000000000000000000 ) ) ;
#507 = EDGE_CURVE ( 'NONE', #876, #955, #726, .T. ) ;
#508 = CIRCLE ( 'NONE', #1543, 0.1000000000000000888 ) ;
#509 = VERTEX_POINT ( 'NONE', #2954 ) ;
#510 = LOCAL_TIME ( 23, 17, 17.00000000000000000, #676 ) ;
#511 = CARTESIAN_POINT ( 'NONE',  ( -1.496011352533779704, 0.5999999999999999778, -4.744741829972421776 ) ) ;
#512 = ADVANCED_FACE ( 'NONE', ( #36 ), #2542, .F. ) ;
#513 = LINE ( 'NONE', #1192, #368 ) ;
#514 = EDGE_CURVE ( 'NONE', #2438, #1691, #1366, .T. ) ;
#515 = ORIENTED_EDGE ( 'NONE', *, *, #1902, .T. ) ;
#516 = DIRECTION ( 'NONE',  ( 0.000000000000000000, 1.000000000000000000, 0.000000000000000000 ) ) ;
#517 = AXIS2_PLACEMENT_3D ( 'NONE', #2323, #2104, #1882 ) ;
#518 = CARTESIAN_POINT ( 'NONE',  ( -4.744741829972438651, 0.5999999999999999778, -1.496011352533726191 ) ) ;
#519 = ORIENTED_EDGE ( 'NONE', *, *, #1912, .T. ) ;
#520 = VECTOR ( 'NONE', #2298, 100.0000000000000000 ) ;
#521 = VECTOR ( 'NONE', #1395, 100.0000000000000000 ) ;
#522 = DIRECTION ( 'NONE',  ( 0.000000000000000000, -1.000000000000000000, 0.000000000000000000 ) ) ;
#523 = AXIS2_PLACEMENT_3D ( 'NONE', #2435, #1499, #167 ) ;
#524 = EDGE_LOOP ( 'NONE', ( #787, #1367, #951, #267 ) ) ;
#525 = VECTOR ( 'NONE', #675, 100.0000000000000000 ) ;
#526 = LINE ( 'NONE', #1561, #1736 ) ;
#527 = ORIENTED_EDGE ( 'NONE', *, *, #2677, .T. ) ;
#528 = FACE_OUTER_BOUND ( 'NONE', #782, .T. ) ;
#529 = DIRECTION ( 'NONE',  ( 0.000000000000000000, -1.000000000000000000, 0.000000000000000000 ) ) ;
#530 = EDGE_CURVE ( 'NONE', #1641, #285, #764, .T. ) ;
#531 = DIRECTION ( 'NONE',  ( 0.000000000000000000, 1.000000000000000000, 0.000000000000000000 ) ) ;
#532 = DIRECTION ( 'NONE',  ( 0.000000000000000000, 1.000000000000000000, 0.000000000000000000 ) ) ;
#533 = ORIENTED_EDGE ( 'NONE', *, *, #1031, .T. ) ;
#534 = DIRECTION ( 'NONE',  ( -0.000000000000000000, -1.000000000000000000, -0.000000000000000000 ) ) ;
#535 = ORIENTED_EDGE ( 'NONE', *, *, #53, .F. ) ;
#536 = LINE ( 'NONE', #763, #2513 ) ;
#537 = ORIENTED_EDGE ( 'NONE', *, *, #2536, .T. ) ;
#538 = DIRECTION ( 'NONE',  ( -0.000000000000000000, 1.000000000000000000, -0.000000000000000000 ) ) ;
#539 = CARTESIAN_POINT ( 'NONE',  ( 4.355758274983853262, 0.5999999999999999778, -2.016772136338086163 ) ) ;
#540 = ORIENTED_EDGE ( 'NONE', *, *, #1786, .F. ) ;
#541 = DIRECTION ( 'NONE',  ( 0.000000000000000000, 1.000000000000000000, 0.000000000000000000 ) ) ;
#542 = FACE_BOUND ( 'NONE', #1796, .T. ) ;
#543 = PERSON ( 'UNSPECIFIED', 'UNSPECIFIED', 'UNSPECIFIED', ('UNSPECIFIED'), ('UNSPECIFIED'), ('UNSPECIFIED') ) ;
#544 = ORIENTED_EDGE ( 'NONE', *, *, #800, .F. ) ;
#545 = LINE ( 'NONE', #1436, #992 ) ;
#546 = VERTEX_POINT ( 'NONE', #2752 ) ;
#547 = CARTESIAN_POINT ( 'NONE',  ( -1.496011352533779704, 0.5999999999999999778, -4.744741829972421776 ) ) ;
#548 = VERTEX_POINT ( 'NONE', #1802 ) ;
#549 = AXIS2_PLACEMENT_3D ( 'NONE', #1541, #1958, #1526 ) ;
#550 = CARTESIAN_POINT ( 'NONE',  ( 0.9972776749075318303, 0.2000000000000000111, -4.976614033570520235 ) ) ;
#551 = AXIS2_PLACEMENT_3D ( 'NONE', #941, #452, #1347 ) ;
#552 = DIRECTION ( 'NONE',  ( 0.000000000000000000, 1.000000000000000000, 0.000000000000000000 ) ) ;
#553 = FACE_OUTER_BOUND ( 'NONE', #333, .T. ) ;
#554 = DIRECTION ( 'NONE',  ( 0.000000000000000000, -1.000000000000000000, 0.000000000000000000 ) ) ;
#555 = VERTEX_POINT ( 'NONE', #711 ) ;
#556 = AXIS2_PLACEMENT_3D ( 'NONE', #2341, #1630, #2579 ) ;
#557 = ADVANCED_FACE ( 'NONE', ( #2557 ), #2737, .T. ) ;
#558 = CARTESIAN_POINT ( 'NONE',  ( -0.9462702232267379276, 0.5999999999999999778, -4.727869048689640863 ) ) ;
#559 = AXIS2_PLACEMENT_3D ( 'NONE', #1896, #1950, #2598 ) ;
#560 = ORIENTED_EDGE ( 'NONE', *, *, #2344, .F. ) ;
#561 = EDGE_CURVE ( 'NONE', #285, #1678, #1861, .T. ) ;
#562 = DIRECTION ( 'NONE',  ( -0.000000000000000000, -1.000000000000000000, -0.000000000000000000 ) ) ;
#563 = AXIS2_PLACEMENT_3D ( 'NONE', #795, #1013, #1411 ) ;
#564 = AXIS2_PLACEMENT_3D ( 'NONE', #784, #305, #798 ) ;
#565 = EDGE_CURVE ( 'NONE', #2391, #1258, #1609, .T. ) ;
#566 = VERTEX_POINT ( 'NONE', #1340 ) ;
#567 = AXIS2_PLACEMENT_3D ( 'NONE', #958, #31, #2540 ) ;
#568 = EDGE_LOOP ( 'NONE', ( #544, #2700 ) ) ;
#569 = LINE ( 'NONE', #581, #218 ) ;
#570 = AXIS2_PLACEMENT_3D ( 'NONE', #844, #638, #1530 ) ;
#571 = CARTESIAN_POINT ( 'NONE',  ( 5.117179922239822432, 0.5999999999999999778, 0.9243752719678575147 ) ) ;
#572 = DIRECTION ( 'NONE',  ( -0.000000000000000000, 1.000000000000000000, -0.000000000000000000 ) ) ;
#573 = LINE ( 'NONE', #291, #371 ) ;
#574 = ORIENTED_EDGE ( 'NONE', *, *, #778, .T. ) ;
#575 = DIRECTION ( 'NONE',  ( 0.000000000000000000, 1.000000000000000000, 0.000000000000000000 ) ) ;
#576 = VERTEX_POINT ( 'NONE', #2770 ) ;
#577 = FACE_OUTER_BOUND ( 'NONE', #1302, .T. ) ;
#578 = ADVANCED_FACE ( 'NONE', ( #230 ), #5, .T. ) ;
#579 = ORIENTED_EDGE ( 'NONE', *, *, #655, .F. ) ;
#580 = VERTEX_POINT ( 'NONE', #259 ) ;
#581 = CARTESIAN_POINT ( 'NONE',  ( -4.265013310921718315, 0.2000000000000000111, -1.974756050164313326 ) ) ;
#582 = CYLINDRICAL_SURFACE ( 'NONE', #2599, 0.1000000000000000888 ) ;
#583 = ADVANCED_FACE ( 'NONE', ( #1594 ), #1633, .F. ) ;
#584 = CARTESIAN_POINT ( 'NONE',  ( 4.724801270274587850, 0.5999999999999999778, -0.8463172906254728955 ) ) ;
#585 = DIRECTION ( 'NONE',  ( -0.000000000000000000, 1.000000000000000000, -0.000000000000000000 ) ) ;
#586 = ORIENTED_EDGE ( 'NONE', *, *, #2401, .T. ) ;
#587 = FACE_OUTER_BOUND ( 'NONE', #1128, .T. ) ;
#588 = EDGE_LOOP ( 'NONE', ( #176, #420, #1760, #2286 ) ) ;
#589 = CARTESIAN_POINT ( 'NONE',  ( -4.265013310921718315, 0.2000000000000000111, -1.974756050164313326 ) ) ;
#590 = EDGE_LOOP ( 'NONE', ( #2866, #2644, #980, #697 ) ) ;
#591 = DIRECTION ( 'NONE',  ( 0.000000000000000000, 0.000000000000000000, -1.000000000000000000 ) ) ;
#592 = CARTESIAN_POINT ( 'NONE',  ( -4.721948268643687996, 0.2000000000000000111, 2.177889930242778327 ) ) ;
#593 = EDGE_CURVE ( 'NONE', #2398, #1817, #1273, .T. ) ;
#594 = AXIS2_PLACEMENT_3D ( 'NONE', #2268, #2781, #1828 ) ;
#595 = DIRECTION ( 'NONE',  ( 0.000000000000000000, 0.000000000000000000, 1.000000000000000000 ) ) ;
#596 = ORIENTED_EDGE ( 'NONE', *, *, #655, .T. ) ;
#597 = FACE_OUTER_BOUND ( 'NONE', #68, .T. ) ;
#598 = EDGE_CURVE ( 'NONE', #226, #1006, #2425, .T. ) ;
#599 = ADVANCED_FACE ( 'NONE', ( #2087 ), #1183, .T. ) ;
#600 = CARTESIAN_POINT ( 'NONE',  ( 4.976614033570522899, 0.2000000000000000111, 0.9972776749075092928 ) ) ;
#601 = LOCAL_TIME ( 23, 17, 17.00000000000000000, #2743 ) ;
#602 = ORIENTED_EDGE ( 'NONE', *, *, #911, .F. ) ;
#603 = CARTESIAN_POINT ( 'NONE',  ( 2.250000000000000444, 0.5999999999999999778, 3.781203512110924869 ) ) ;
#604 = AXIS2_PLACEMENT_3D ( 'NONE', #1255, #1040, #1523 ) ;
#605 = DIRECTION ( 'NONE',  ( 0.000000000000000000, 1.000000000000000000, 0.000000000000000000 ) ) ;
#606 = ORIENTED_EDGE ( 'NONE', *, *, #641, .T. ) ;
#607 = AXIS2_PLACEMENT_3D ( 'NONE', #2899, #175, #1990 ) ;
#608 = DIRECTION ( 'NONE',  ( 0.000000000000000000, 1.000000000000000000, 0.000000000000000000 ) ) ;
#609 = CIRCLE ( 'NONE', #278, 0.09999999999999992228 ) ;
#610 = VERTEX_POINT ( 'NONE', #2572 ) ;
#611 = DIRECTION ( 'NONE',  ( -0.000000000000000000, -1.000000000000000000, -0.000000000000000000 ) ) ;
#612 = AXIS2_PLACEMENT_3D ( 'NONE', #442, #256, #206 ) ;
#613 = AXIS2_PLACEMENT_3D ( 'NONE', #1240, #802, #1700 ) ;
#614 = DIRECTION ( 'NONE',  ( -0.000000000000000000, 1.000000000000000000, -0.000000000000000000 ) ) ;
#615 = FACE_OUTER_BOUND ( 'NONE', #1278, .T. ) ;
#616 = AXIS2_PLACEMENT_3D ( 'NONE', #320, #1695, #2129 ) ;
#617 = ORIENTED_EDGE ( 'NONE', *, *, #2585, .F. ) ;
#618 = AXIS2_PLACEMENT_3D ( 'NONE', #289, #737, #1845 ) ;
#619 = DIRECTION ( 'NONE',  ( 0.000000000000000000, 0.000000000000000000, 1.000000000000000000 ) ) ;
#620 = DIRECTION ( 'NONE',  ( 0.000000000000000000, -0.000000000000000000, 1.000000000000000000 ) ) ;
#621 = AXIS2_PLACEMENT_3D ( 'NONE', #2924, #1327, #2238 ) ;
#622 = ADVANCED_FACE ( 'NONE', ( #117 ), #2610, .T. ) ;
#623 = ORIENTED_EDGE ( 'NONE', *, *, #926, .F. ) ;
#624 = APPROVAL ( #1316, 'UNSPECIFIED' ) ;
#625 = DIRECTION ( 'NONE',  ( 0.000000000000000000, 0.000000000000000000, 1.000000000000000000 ) ) ;
#626 = CARTESIAN_POINT ( 'NONE',  ( 2.016772136338038202, 0.5999999999999999778, -4.355758274983875467 ) ) ;
#627 = EDGE_LOOP ( 'NONE', ( #415, #2619, #771, #2379, #537, #796, #2764, #2362, #2475, #2577, #1872 ) ) ;
#628 = DIRECTION ( 'NONE',  ( 0.000000000000000000, -1.000000000000000000, 0.000000000000000000 ) ) ;
#629 = ORIENTED_EDGE ( 'NONE', *, *, #1160, .T. ) ;
#630 = DIRECTION ( 'NONE',  ( 0.000000000000000000, 0.000000000000000000, 1.000000000000000000 ) ) ;
#631 = DIRECTION ( 'NONE',  ( 0.000000000000000000, 0.000000000000000000, 1.000000000000000000 ) ) ;
#632 = CARTESIAN_POINT ( 'NONE',  ( 4.976614033570507800, 0.5999999999999999778, -0.9972776749075866753 ) ) ;
#633 = VERTEX_POINT ( 'NONE', #105 ) ;
#634 = PLANE ( 'NONE',  #932 ) ;
#635 = LINE ( 'NONE', #1542, #1741 ) ;
#636 = ORIENTED_EDGE ( 'NONE', *, *, #2714, .F. ) ;
#637 = DIRECTION ( 'NONE',  ( 0.000000000000000000, -0.000000000000000000, 1.000000000000000000 ) ) ;
#638 = DIRECTION ( 'NONE',  ( -0.000000000000000000, -1.000000000000000000, -0.000000000000000000 ) ) ;
#639 = ORIENTED_EDGE ( 'NONE', *, *, #2769, .F. ) ;
#640 = FACE_OUTER_BOUND ( 'NONE', #2784, .T. ) ;
#641 = EDGE_CURVE ( 'NONE', #2339, #1197, #2854, .T. ) ;
#642 = EDGE_CURVE ( 'NONE', #1627, #858, #573, .T. ) ;
#643 = ORIENTED_EDGE ( 'NONE', *, *, #2756, .T. ) ;
#644 = CARTESIAN_POINT ( 'NONE',  ( -4.744741829972438651, 0.2000000000000000111, -1.496011352533726191 ) ) ;
#645 = CARTESIAN_POINT ( 'NONE',  ( 0.000000000000000000, 0.5999999999999999778, 0.000000000000000000 ) ) ;
#646 = CARTESIAN_POINT ( 'NONE',  ( -0.8286856804040929614, 0.5999999999999999778, -4.626367910477203083 ) ) ;
#647 = ORIENTED_EDGE ( 'NONE', *, *, #69, .F. ) ;
#648 = LINE ( 'NONE', #2185, #1211 ) ;
#649 = CARTESIAN_POINT ( 'NONE',  ( 4.265013310921689893, 0.5999999999999999778, -1.974756050164375942 ) ) ;
#650 = ORIENTED_EDGE ( 'NONE', *, *, #2773, .F. ) ;
#651 = CARTESIAN_POINT ( 'NONE',  ( -2.136007431584242777, 0.5999999999999999778, -4.631141571169778537 ) ) ;
#652 = AXIS2_PLACEMENT_3D ( 'NONE', #1158, #255, #2062 ) ;
#653 = CARTESIAN_POINT ( 'NONE',  ( 0.000000000000000000, 0.2000000000000000111, 0.000000000000000000 ) ) ;
#654 = ORIENTED_EDGE ( 'NONE', *, *, #593, .T. ) ;
#655 = EDGE_CURVE ( 'NONE', #1006, #1134, #1423, .T. ) ;
#656 = ORGANIZATION ( 'UNSPECIFIED', 'UNSPECIFIED', '' ) ;
#657 = LINE ( 'NONE', #1549, #943 ) ;
#658 = ORIENTED_EDGE ( 'NONE', *, *, #1827, .F. ) ;
#659 = EDGE_CURVE ( 'NONE', #1258, #170, #1451, .T. ) ;
#660 = DIRECTION ( 'NONE',  ( 0.000000000000000000, 1.000000000000000000, 0.000000000000000000 ) ) ;
#661 = AXIS2_PLACEMENT_3D ( 'NONE', #2211, #853, #1941 ) ;
#662 = CALENDAR_DATE ( 2024, 26, 9 ) ;
#663 = ORIENTED_EDGE ( 'NONE', *, *, #2191, .T. ) ;
#664 = DIRECTION ( 'NONE',  ( 0.000000000000000000, 0.000000000000000000, 1.000000000000000000 ) ) ;
#665 = CARTESIAN_POINT ( 'NONE',  ( 0.8463172906254207151, 0.2000000000000000111, -4.724801270274597620 ) ) ;
#666 = CIRCLE ( 'NONE', #2519, 0.1000000000000000888 ) ;
#667 = CARTESIAN_POINT ( 'NONE',  ( -4.976614033570522011, 0.5999999999999999778, -0.9972776749075087377 ) ) ;
#668 = ORIENTED_EDGE ( 'NONE', *, *, #34, .T. ) ;
#669 = AXIS2_PLACEMENT_3D ( 'NONE', #1487, #2181, #1331 ) ;
#670 = DIRECTION ( 'NONE',  ( -0.000000000000000000, -1.000000000000000000, -0.000000000000000000 ) ) ;
#671 = DIRECTION ( 'NONE',  ( 0.000000000000000000, 1.000000000000000000, 0.000000000000000000 ) ) ;
#672 = EDGE_LOOP ( 'NONE', ( #314, #916, #2413, #2151, #2049, #490, #221, #2282, #2630, #1726, #668 ) ) ;
#673 = DIRECTION ( 'NONE',  ( -4.272805472570675854E-16, -0.000000000000000000, -1.000000000000000000 ) ) ;
#674 = ORIENTED_EDGE ( 'NONE', *, *, #2233, .F. ) ;
#675 = DIRECTION ( 'NONE',  ( 0.000000000000000000, -1.000000000000000000, 0.000000000000000000 ) ) ;
#676 = COORDINATED_UNIVERSAL_TIME_OFFSET ( 9, 0, .AHEAD. ) ;
#677 = ADVANCED_FACE ( 'NONE', ( #79 ), #95, .F. ) ;
#678 = VERTEX_POINT ( 'NONE', #317 ) ;
#679 = DIRECTION ( 'NONE',  ( 0.000000000000000000, 0.000000000000000000, 1.000000000000000000 ) ) ;
#680 = LINE ( 'NONE', #2312, #520 ) ;
#681 = EDGE_LOOP ( 'NONE', ( #1570, #1908, #1190, #663 ) ) ;
#682 = LINE ( 'NONE', #1578, #788 ) ;
#683 = DIRECTION ( 'NONE',  ( -0.000000000000000000, 1.000000000000000000, -0.000000000000000000 ) ) ;
#684 = ORIENTED_EDGE ( 'NONE', *, *, #1852, .T. ) ;
#685 = DIRECTION ( 'NONE',  ( 0.000000000000000000, 0.000000000000000000, 1.000000000000000000 ) ) ;
#686 = ORIENTED_EDGE ( 'NONE', *, *, #288, .T. ) ;
#687 = DIRECTION ( 'NONE',  ( 0.000000000000000000, 0.000000000000000000, 1.000000000000000000 ) ) ;
#688 = VERTEX_POINT ( 'NONE', #1707 ) ;
#689 = DIRECTION ( 'NONE',  ( 0.000000000000000000, 0.000000000000000000, 1.000000000000000000 ) ) ;
#690 = CARTESIAN_POINT ( 'NONE',  ( 1.936655092675838574, 0.2000000000000000111, -4.415601898828269256 ) ) ;
#691 = VERTEX_POINT ( 'NONE', #1652 ) ;
#692 = EDGE_CURVE ( 'NONE', #1282, #2226, #2334, .T. ) ;
#693 = DIRECTION ( 'NONE',  ( 0.000000000000000000, 0.000000000000000000, 1.000000000000000000 ) ) ;
#694 = EDGE_CURVE ( 'NONE', #793, #2670, #780, .T. ) ;
#695 = DIRECTION ( 'NONE',  ( -0.000000000000000000, 1.000000000000000000, -0.000000000000000000 ) ) ;
#696 = CIRCLE ( 'NONE', #2259, 0.5500000000000027089 ) ;
#697 = ORIENTED_EDGE ( 'NONE', *, *, #1339, .F. ) ;
#698 = CYLINDRICAL_SURFACE ( 'NONE', #2809, 0.5499999999999991562 ) ;
#699 = VECTOR ( 'NONE', #1043, 100.0000000000000000 ) ;
#700 = ORIENTED_EDGE ( 'NONE', *, *, #254, .T. ) ;
#701 = AXIS2_PLACEMENT_3D ( 'NONE', #2929, #821, #2668 ) ;
#702 = CARTESIAN_POINT ( 'NONE',  ( -2.250000000000000888, 0.2000000000000000111, 4.126439142893058687 ) ) ;
#703 = ORIENTED_EDGE ( 'NONE', *, *, #1296, .T. ) ;
#704 = CIRCLE ( 'NONE', #556, 0.1000000000000000888 ) ;
#705 = DIRECTION ( 'NONE',  ( 0.000000000000000000, 1.000000000000000000, 0.000000000000000000 ) ) ;
#706 = DIRECTION ( 'NONE',  ( 0.000000000000000000, 0.000000000000000000, 1.000000000000000000 ) ) ;
#707 = CARTESIAN_POINT ( 'NONE',  ( -4.744741829972417335, 0.5999999999999999778, 1.496011352533797689 ) ) ;
#708 = CIRCLE ( 'NONE', #2030, 0.1000000000000000888 ) ;
#709 = VECTOR ( 'NONE', #1756, 100.0000000000000000 ) ;
#710 = LINE ( 'NONE', #2332, #2837 ) ;
#711 = CARTESIAN_POINT ( 'NONE',  ( 6.735557395310442023E-16, 0.000000000000000000, 5.500000000000000000 ) ) ;
#712 = ADVANCED_FACE ( 'NONE', ( #2343 ), #64, .T. ) ;
#713 = VECTOR ( 'NONE', #189, 100.0000000000000000 ) ;
#714 = ORIENTED_EDGE ( 'NONE', *, *, #322, .F. ) ;
#715 = CARTESIAN_POINT ( 'NONE',  ( -5.018772616042888934, 0.5999999999999999778, 1.006598824430090300 ) ) ;
#716 = AXIS2_PLACEMENT_3D ( 'NONE', #948, #2529, #931 ) ;
#717 = EDGE_LOOP ( 'NONE', ( #50, #188, #2044, #1275 ) ) ;
#718 = CARTESIAN_POINT ( 'NONE',  ( 0.000000000000000000, 0.5999999999999999778, 0.000000000000000000 ) ) ;
#719 = CARTESIAN_POINT ( 'NONE',  ( 4.721948268643717306, 0.2000000000000000111, 2.177889930242712602 ) ) ;
#720 = SHAPE_DEFINITION_REPRESENTATION ( #44, #906 ) ;
#721 = ORIENTED_EDGE ( 'NONE', *, *, #480, .T. ) ;
#722 = DIRECTION ( 'NONE',  ( 0.000000000000000000, 0.000000000000000000, 1.000000000000000000 ) ) ;
#723 = LINE ( 'NONE', #1619, #231 ) ;
#724 = VERTEX_POINT ( 'NONE', #348 ) ;
#725 = CARTESIAN_POINT ( 'NONE',  ( 0.000000000000000000, 0.2000000000000000111, 0.000000000000000000 ) ) ;
#726 = LINE ( 'NONE', #918, #431 ) ;
#727 = ORIENTED_EDGE ( 'NONE', *, *, #254, .F. ) ;
#728 = ADVANCED_FACE ( 'NONE', ( #754, #1205, #303, #2110, #542, #987, #1891, #2593 ), #1236, .F. ) ;
#729 = CYLINDRICAL_SURFACE ( 'NONE', #372, 5.200000000000000178 ) ;
#730 = ORIENTED_EDGE ( 'NONE', *, *, #1051, .F. ) ;
#731 = EDGE_CURVE ( 'NONE', #1983, #1544, #1664, .T. ) ;
#732 = LINE ( 'NONE', #2547, #465 ) ;
#733 = EDGE_CURVE ( 'NONE', #610, #2353, #1248, .T. ) ;
#734 = ORIENTED_EDGE ( 'NONE', *, *, #1679, .T. ) ;
#735 = CARTESIAN_POINT ( 'NONE',  ( 4.744741829972438651, 0.000000000000000000, 1.496011352533726857 ) ) ;
#736 = CARTESIAN_POINT ( 'NONE',  ( -4.976614033570522011, 0.2000000000000000111, -0.9972776749075087377 ) ) ;
#737 = DIRECTION ( 'NONE',  ( -0.000000000000000000, -1.000000000000000000, -0.000000000000000000 ) ) ;
#738 = CYLINDRICAL_SURFACE ( 'NONE', #2551, 5.200000000000000178 ) ;
#739 = DIRECTION ( 'NONE',  ( 0.000000000000000000, 1.000000000000000000, 0.000000000000000000 ) ) ;
#740 = ORIENTED_EDGE ( 'NONE', *, *, #2677, .F. ) ;
#741 = DIRECTION ( 'NONE',  ( -0.000000000000000000, 1.000000000000000000, -0.000000000000000000 ) ) ;
#742 = EDGE_CURVE ( 'NONE', #1019, #2921, #86, .T. ) ;
#743 = APPLICATION_CONTEXT ( 'configuration controlled 3d designs of mechanical parts and assemblies' ) ;
#744 = ORIENTED_EDGE ( 'NONE', *, *, #733, .F. ) ;
#745 = CARTESIAN_POINT ( 'NONE',  ( -4.976614033570508688, 0.2000000000000000111, 0.9972776749075835667 ) ) ;
#746 = CIRCLE ( 'NONE', #2696, 0.1000000000000000888 ) ;
#747 = EDGE_CURVE ( 'NONE', #1223, #2250, #280, .T. ) ;
#748 = EDGE_LOOP ( 'NONE', ( #1045, #1320, #855, #2217 ) ) ;
#749 = CIRCLE ( 'NONE', #604, 0.1000000000000000888 ) ;
#750 = DIRECTION ( 'NONE',  ( 0.000000000000000000, 1.000000000000000000, 0.000000000000000000 ) ) ;
#751 = FACE_OUTER_BOUND ( 'NONE', #2822, .T. ) ;
#752 = LINE ( 'NONE', #1706, #1918 ) ;
#753 = CIRCLE ( 'NONE', #417, 0.1000000000000000888 ) ;
#754 = FACE_OUTER_BOUND ( 'NONE', #845, .T. ) ;
#755 = ORIENTED_EDGE ( 'NONE', *, *, #2962, .F. ) ;
#756 = AXIS2_PLACEMENT_3D ( 'NONE', #181, #2885, #2416 ) ;
#757 = AXIS2_PLACEMENT_3D ( 'NONE', #367, #1018, #1457 ) ;
#758 = LINE ( 'NONE', #2045, #83 ) ;
#759 = VECTOR ( 'NONE', #529, 100.0000000000000000 ) ;
#760 = VECTOR ( 'NONE', #1666, 100.0000000000000000 ) ;
#761 = ORIENTED_EDGE ( 'NONE', *, *, #1424, .T. ) ;
#762 = CIRCLE ( 'NONE', #2522, 0.1000000000000000056 ) ;
#763 = CARTESIAN_POINT ( 'NONE',  ( -2.250000000000000444, 0.5999999999999999778, 3.781203512110924869 ) ) ;
#764 = CIRCLE ( 'NONE', #186, 0.1000000000000000888 ) ;
#765 = ORIENTED_EDGE ( 'NONE', *, *, #1551, .T. ) ;
#766 = CYLINDRICAL_SURFACE ( 'NONE', #1070, 0.1000000000000000888 ) ;
#767 = DIRECTION ( 'NONE',  ( -0.000000000000000000, -1.000000000000000000, -0.000000000000000000 ) ) ;
#768 = DIRECTION ( 'NONE',  ( 0.000000000000000000, 0.000000000000000000, 1.000000000000000000 ) ) ;
#769 = EDGE_CURVE ( 'NONE', #962, #1815, #2447, .T. ) ;
#770 = DIRECTION ( 'NONE',  ( 0.000000000000000000, 1.000000000000000000, 0.000000000000000000 ) ) ;
#771 = ORIENTED_EDGE ( 'NONE', *, *, #1144, .F. ) ;
#772 = CYLINDRICAL_SURFACE ( 'NONE', #1408, 0.1000000000000000888 ) ;
#773 = VERTEX_POINT ( 'NONE', #1479 ) ;
#774 = PLANE ( 'NONE',  #228 ) ;
#775 = VERTEX_POINT ( 'NONE', #649 ) ;
#776 = CARTESIAN_POINT ( 'NONE',  ( 0.000000000000000000, 0.5999999999999999778, 0.000000000000000000 ) ) ;
#777 = CYLINDRICAL_SURFACE ( 'NONE', #474, 0.1000000000000000888 ) ;
#778 = EDGE_CURVE ( 'NONE', #1627, #2754, #2078, .T. ) ;
#779 = DIRECTION ( 'NONE',  ( 0.000000000000000000, -1.000000000000000000, 0.000000000000000000 ) ) ;
#780 = LINE ( 'NONE', #2099, #40 ) ;
#781 = EDGE_CURVE ( 'NONE', #1397, #1098, #635, .T. ) ;
#782 = EDGE_LOOP ( 'NONE', ( #1820, #1669, #1782, #2145 ) ) ;
#783 = ADVANCED_FACE ( 'NONE', ( #2465 ), #2919, .T. ) ;
#784 = CARTESIAN_POINT ( 'NONE',  ( -4.744741829972417335, 0.5999999999999999778, 1.496011352533797689 ) ) ;
#785 = EDGE_LOOP ( 'NONE', ( #1430, #2094, #896, #165 ) ) ;
#786 = DIRECTION ( 'NONE',  ( 0.000000000000000000, 0.000000000000000000, -1.000000000000000000 ) ) ;
#787 = ORIENTED_EDGE ( 'NONE', *, *, #2922, .F. ) ;
#788 = VECTOR ( 'NONE', #488, 100.0000000000000000 ) ;
#789 = DIRECTION ( 'NONE',  ( -0.000000000000000000, -1.000000000000000000, -0.000000000000000000 ) ) ;
#790 = CYLINDRICAL_SURFACE ( 'NONE', #2797, 0.09999999999999992228 ) ;
#791 = AXIS2_PLACEMENT_3D ( 'NONE', #112, #2369, #343 ) ;
#792 = LINE ( 'NONE', #2328, #991 ) ;
#793 = VERTEX_POINT ( 'NONE', #2907 ) ;
#794 = CARTESIAN_POINT ( 'NONE',  ( 4.626367910477213741, 0.2000000000000000111, 0.8286856804040376723 ) ) ;
#795 = CARTESIAN_POINT ( 'NONE',  ( 5.018772616042888934, 0.5999999999999999778, -0.9065988244300937637 ) ) ;
#796 = ORIENTED_EDGE ( 'NONE', *, *, #2906, .F. ) ;
#797 = CIRCLE ( 'NONE', #222, 0.2000000000000003442 ) ;
#798 = DIRECTION ( 'NONE',  ( 0.000000000000000000, 0.000000000000000000, 1.000000000000000000 ) ) ;
#799 = EDGE_CURVE ( 'NONE', #363, #1098, #1224, .T. ) ;
#800 = EDGE_CURVE ( 'NONE', #831, #1895, #2563, .T. ) ;
#801 = ORIENTED_EDGE ( 'NONE', *, *, #207, .T. ) ;
#802 = DIRECTION ( 'NONE',  ( -0.000000000000000000, -1.000000000000000000, -0.000000000000000000 ) ) ;
#803 = AXIS2_PLACEMENT_3D ( 'NONE', #2734, #2022, #1605 ) ;
#804 = AXIS2_PLACEMENT_3D ( 'NONE', #2874, #350, #990 ) ;
#805 = VERTEX_POINT ( 'NONE', #1324 ) ;
#806 = CIRCLE ( 'NONE', #2174, 0.5500000000000030420 ) ;
#807 = VERTEX_POINT ( 'NONE', #1993 ) ;
#808 = DIRECTION ( 'NONE',  ( 0.000000000000000000, -1.000000000000000000, 0.000000000000000000 ) ) ;
#809 = CIRCLE ( 'NONE', #1229, 0.1000000000000000888 ) ;
#810 = CARTESIAN_POINT ( 'NONE',  ( 0.000000000000000000, 0.5999999999999999778, 0.000000000000000000 ) ) ;
#811 = DIRECTION ( 'NONE',  ( -0.000000000000000000, -1.000000000000000000, -0.000000000000000000 ) ) ;
#812 = ORIENTED_EDGE ( 'NONE', *, *, #1679, .F. ) ;
#813 = CARTESIAN_POINT ( 'NONE',  ( -4.727869048689652409, 0.2000000000000000111, -0.9462702232266803071 ) ) ;
#814 = ORIENTED_EDGE ( 'NONE', *, *, #114, .F. ) ;
#815 = ADVANCED_FACE ( 'NONE', ( #857 ), #2235, .F. ) ;
#816 = DIRECTION ( 'NONE',  ( -0.000000000000000000, 1.000000000000000000, -0.000000000000000000 ) ) ;
#817 = ORIENTED_EDGE ( 'NONE', *, *, #659, .F. ) ;
#818 = EDGE_CURVE ( 'NONE', #2472, #691, #2604, .T. ) ;
#819 = DIRECTION ( 'NONE',  ( 0.000000000000000000, 0.000000000000000000, 1.000000000000000000 ) ) ;
#820 = EDGE_CURVE ( 'NONE', #1703, #2850, #406, .T. ) ;
#821 = DIRECTION ( 'NONE',  ( -0.000000000000000000, -1.000000000000000000, -0.000000000000000000 ) ) ;
#822 = CARTESIAN_POINT ( 'NONE',  ( 1.496011352533743954, 0.5999999999999999778, -4.744741829972433322 ) ) ;
#823 = VERTEX_POINT ( 'NONE', #2624 ) ;
#824 = FACE_OUTER_BOUND ( 'NONE', #2073, .T. ) ;
#825 = DIRECTION ( 'NONE',  ( 0.000000000000000000, 1.000000000000000000, 0.000000000000000000 ) ) ;
#826 = ORIENTED_EDGE ( 'NONE', *, *, #1049, .T. ) ;
#827 = LINE ( 'NONE', #1226, #760 ) ;
#828 = CARTESIAN_POINT ( 'NONE',  ( -4.744741829972417335, 0.000000000000000000, 1.496011352533797689 ) ) ;
#829 = EDGE_LOOP ( 'NONE', ( #2724, #2720 ) ) ;
#830 = FACE_OUTER_BOUND ( 'NONE', #2350, .T. ) ;
#831 = VERTEX_POINT ( 'NONE', #2402 ) ;
#832 = CARTESIAN_POINT ( 'NONE',  ( -2.037546496345712388, 0.5999999999999999778, -4.648618534062491925 ) ) ;
#833 = EDGE_CURVE ( 'NONE', #678, #139, #424, .T. ) ;
#834 = CIRCLE ( 'NONE', #2505, 0.1000000000000000888 ) ;
#835 = DIRECTION ( 'NONE',  ( -0.000000000000000000, -1.000000000000000000, -0.000000000000000000 ) ) ;
#836 = ORIENTED_EDGE ( 'NONE', *, *, #799, .T. ) ;
#837 = EDGE_CURVE ( 'NONE', #775, #2691, #2200, .T. ) ;
#838 = AXIS2_PLACEMENT_3D ( 'NONE', #1323, #2931, #869 ) ;
#839 = DIRECTION ( 'NONE',  ( 0.000000000000000000, 1.000000000000000000, 0.000000000000000000 ) ) ;
#840 = LINE ( 'NONE', #1494, #1931 ) ;
#841 = AXIS2_PLACEMENT_3D ( 'NONE', #645, #2229, #1054 ) ;
#842 = ORIENTED_EDGE ( 'NONE', *, *, #950, .T. ) ;
#843 = CYLINDRICAL_SURFACE ( 'NONE', #2956, 0.1000000000000000888 ) ;
#844 = CARTESIAN_POINT ( 'NONE',  ( 0.000000000000000000, 0.5999999999999999778, 0.000000000000000000 ) ) ;
#845 = EDGE_LOOP ( 'NONE', ( #504, #1014 ) ) ;
#846 = LINE ( 'NONE', #1964, #1689 ) ;
#847 = VECTOR ( 'NONE', #673, 100.0000000000000000 ) ;
#848 = ORIENTED_EDGE ( 'NONE', *, *, #1971, .T. ) ;
#849 = CARTESIAN_POINT ( 'NONE',  ( -2.250000000000000444, 0.2000000000000000111, 3.781203512110924869 ) ) ;
#850 = AXIS2_PLACEMENT_3D ( 'NONE', #498, #1348, #2703 ) ;
#851 = CARTESIAN_POINT ( 'NONE',  ( 0.000000000000000000, 0.000000000000000000, 0.000000000000000000 ) ) ;
#852 = AXIS2_PLACEMENT_3D ( 'NONE', #2285, #467, #242 ) ;
#853 = DIRECTION ( 'NONE',  ( -0.000000000000000000, -1.000000000000000000, -0.000000000000000000 ) ) ;
#854 = CIRCLE ( 'NONE', #1745, 5.200000000000001066 ) ;
#855 = ORIENTED_EDGE ( 'NONE', *, *, #358, .T. ) ;
#856 = CARTESIAN_POINT ( 'NONE',  ( 0.000000000000000000, 0.5999999999999999778, -4.399999999999999467 ) ) ;
#857 = FACE_OUTER_BOUND ( 'NONE', #1877, .T. ) ;
#858 = VERTEX_POINT ( 'NONE', #1944 ) ;
#859 = LINE ( 'NONE', #2237, #709 ) ;
#860 = EDGE_CURVE ( 'NONE', #1216, #1019, #1305, .T. ) ;
#861 = DIRECTION ( 'NONE',  ( 0.000000000000000000, 0.000000000000000000, -1.000000000000000000 ) ) ;
#862 = ORIENTED_EDGE ( 'NONE', *, *, #2679, .F. ) ;
#863 = LINE ( 'NONE', #460, #847 ) ;
#864 = ORIENTED_EDGE ( 'NONE', *, *, #2276, .T. ) ;
#865 = LINE ( 'NONE', #2928, #283 ) ;
#866 = APPLICATION_PROTOCOL_DEFINITION ( 'international standard', 'config_control_design', 1994, #743 ) ;
#867 = DIRECTION ( 'NONE',  ( 0.000000000000000000, 0.000000000000000000, 1.000000000000000000 ) ) ;
#868 = EDGE_LOOP ( 'NONE', ( #1171, #2595, #1471, #2946 ) ) ;
#869 = DIRECTION ( 'NONE',  ( 0.000000000000000000, 0.000000000000000000, 1.000000000000000000 ) ) ;
#870 = CARTESIAN_POINT ( 'NONE',  ( -4.744741829972438651, 0.000000000000000000, -1.496011352533726191 ) ) ;
#871 = EDGE_CURVE ( 'NONE', #872, #65, #708, .T. ) ;
#872 = VERTEX_POINT ( 'NONE', #2872 ) ;
#873 = FACE_BOUND ( 'NONE', #2198, .T. ) ;
#874 = CARTESIAN_POINT ( 'NONE',  ( 0.000000000000000000, 0.2000000000000000111, 0.000000000000000000 ) ) ;
#875 = EDGE_CURVE ( 'NONE', #1197, #678, #840, .T. ) ;
#876 = VERTEX_POINT ( 'NONE', #1069 ) ;
#877 = CC_DESIGN_PERSON_AND_ORGANIZATION_ASSIGNMENT ( #1170, #436, ( #1477 ) ) ;
#878 = DIRECTION ( 'NONE',  ( -0.000000000000000000, -1.000000000000000000, -0.000000000000000000 ) ) ;
#879 = ORIENTED_EDGE ( 'NONE', *, *, #10, .F. ) ;
#880 = DIRECTION ( 'NONE',  ( -0.000000000000000000, -1.000000000000000000, -0.000000000000000000 ) ) ;
#881 = DIRECTION ( 'NONE',  ( 0.000000000000000000, 0.000000000000000000, 1.000000000000000000 ) ) ;
#882 = ORIENTED_EDGE ( 'NONE', *, *, #1033, .T. ) ;
#883 = CARTESIAN_POINT ( 'NONE',  ( -4.744741829972438651, 0.5999999999999999778, -1.496011352533726191 ) ) ;
#884 = DIRECTION ( 'NONE',  ( 0.000000000000000000, 1.000000000000000000, 0.000000000000000000 ) ) ;
#885 = ORIENTED_EDGE ( 'NONE', *, *, #1001, .T. ) ;
#886 = CIRCLE ( 'NONE', #2887, 4.399999999999999467 ) ;
#887 = CARTESIAN_POINT ( 'NONE',  ( 4.648618534062512353, 0.2000000000000000111, 2.037546496345664870 ) ) ;
#888 = AXIS2_PLACEMENT_3D ( 'NONE', #29, #2765, #2538 ) ;
#889 = CYLINDRICAL_SURFACE ( 'NONE', #2523, 0.5499999999999991562 ) ;
#890 = EDGE_LOOP ( 'NONE', ( #1683, #1737, #1789, #2302, #596, #126 ) ) ;
#891 = EDGE_CURVE ( 'NONE', #139, #678, #1129, .T. ) ;
#892 = CARTESIAN_POINT ( 'NONE',  ( -4.727869048689639975, 0.5999999999999999778, 0.9462702232267512503 ) ) ;
#893 = ORIENTED_EDGE ( 'NONE', *, *, #799, .F. ) ;
#894 = FACE_OUTER_BOUND ( 'NONE', #2170, .T. ) ;
#895 = CALENDAR_DATE ( 2024, 26, 9 ) ;
#896 = ORIENTED_EDGE ( 'NONE', *, *, #1196, .T. ) ;
#897 = AXIS2_PLACEMENT_3D ( 'NONE', #2052, #1588, #706 ) ;
#898 = AXIS2_PLACEMENT_3D ( 'NONE', #1342, #1122, #7 ) ;
#899 = CARTESIAN_POINT ( 'NONE',  ( -0.9065988244300768883, 0.2000000000000000111, -5.018772616042890711 ) ) ;
#900 = CARTESIAN_POINT ( 'NONE',  ( 0.000000000000000000, 0.5999999999999999778, 0.000000000000000000 ) ) ;
#901 = ORIENTED_EDGE ( 'NONE', *, *, #2331, .F. ) ;
#902 = AXIS2_PLACEMENT_3D ( 'NONE', #718, #1126, #1583 ) ;
#903 = CARTESIAN_POINT ( 'NONE',  ( 4.724801270274600284, 0.5999999999999999778, 0.8463172906254000649 ) ) ;
#904 = CYLINDRICAL_SURFACE ( 'NONE', #331, 0.5499999999999991562 ) ;
#905 = AXIS2_PLACEMENT_3D ( 'NONE', #961, #695, #2253 ) ;
#906 = ADVANCED_BREP_SHAPE_REPRESENTATION ( '바디_접지링', ( #2241, #1491 ), #268 ) ;
#907 = VERTEX_POINT ( 'NONE', #379 ) ;
#908 = ADVANCED_FACE ( 'NONE', ( #1277 ), #1089, .F. ) ;
#909 = VERTEX_POINT ( 'NONE', #1781 ) ;
#910 = CARTESIAN_POINT ( 'NONE',  ( 5.388445916248354013E-16, 0.000000000000000000, 4.399999999999999467 ) ) ;
#911 = EDGE_CURVE ( 'NONE', #509, #1496, #1389, .T. ) ;
#912 = VERTEX_POINT ( 'NONE', #486 ) ;
#913 = ADVANCED_FACE ( 'NONE', ( #942 ), #1375, .T. ) ;
#914 = CARTESIAN_POINT ( 'NONE',  ( -5.018772616042902257, 0.2000000000000000111, -0.9065988244300134946 ) ) ;
#915 = DIRECTION ( 'NONE',  ( 0.000000000000000000, 1.000000000000000000, 0.000000000000000000 ) ) ;
#916 = ORIENTED_EDGE ( 'NONE', *, *, #306, .T. ) ;
#917 = DIRECTION ( 'NONE',  ( 0.000000000000000000, 1.000000000000000000, 0.000000000000000000 ) ) ;
#918 = CARTESIAN_POINT ( 'NONE',  ( 2.250000000000000000, 0.2000000000000000111, 4.688016638195731112 ) ) ;
#919 = ORIENTED_EDGE ( 'NONE', *, *, #195, .T. ) ;
#920 = CARTESIAN_POINT ( 'NONE',  ( 4.626367910477200418, 0.5999999999999999778, -0.8286856804041087265 ) ) ;
#921 = ORIENTED_EDGE ( 'NONE', *, *, #56, .F. ) ;
#922 = CARTESIAN_POINT ( 'NONE',  ( -1.496011352533779704, 0.5999999999999999778, -4.744741829972421776 ) ) ;
#923 = PERSON_AND_ORGANIZATION_ROLE ( 'classification_officer' ) ;
#924 = EDGE_LOOP ( 'NONE', ( #2489, #1141 ) ) ;
#925 = DIRECTION ( 'NONE',  ( -0.000000000000000000, -1.000000000000000000, -0.000000000000000000 ) ) ;
#926 = EDGE_CURVE ( 'NONE', #2184, #872, #2171, .T. ) ;
#927 = EDGE_CURVE ( 'NONE', #1559, #438, #1840, .T. ) ;
#928 = DIRECTION ( 'NONE',  ( 0.000000000000000000, 0.000000000000000000, 1.000000000000000000 ) ) ;
#929 = VERTEX_POINT ( 'NONE', #2265 ) ;
#930 = DIRECTION ( 'NONE',  ( 0.000000000000000000, 0.000000000000000000, 1.000000000000000000 ) ) ;
#931 = DIRECTION ( 'NONE',  ( 0.000000000000000000, 0.000000000000000000, 1.000000000000000000 ) ) ;
#932 = AXIS2_PLACEMENT_3D ( 'NONE', #1974, #2871, #2482 ) ;
#933 = ORIENTED_EDGE ( 'NONE', *, *, #1866, .F. ) ;
#934 = DIRECTION ( 'NONE',  ( 0.000000000000000000, -1.000000000000000000, 0.000000000000000000 ) ) ;
#935 = ORIENTED_EDGE ( 'NONE', *, *, #2618, .F. ) ;
#936 = AXIS2_PLACEMENT_3D ( 'NONE', #1009, #2340, #2106 ) ;
#937 = CYLINDRICAL_SURFACE ( 'NONE', #902, 4.399999999999999467 ) ;
#938 = CYLINDRICAL_SURFACE ( 'NONE', #517, 0.1000000000000000888 ) ;
#939 = ORIENTED_EDGE ( 'NONE', *, *, #593, .F. ) ;
#940 = AXIS2_PLACEMENT_3D ( 'NONE', #1538, #1972, #1083 ) ;
#941 = CARTESIAN_POINT ( 'NONE',  ( -5.018772616042888934, 0.2000000000000000111, 0.9065988244300903220 ) ) ;
#942 = FACE_OUTER_BOUND ( 'NONE', #1153, .T. ) ;
#943 = VECTOR ( 'NONE', #1581, 100.0000000000000000 ) ;
#944 = EDGE_CURVE ( 'NONE', #1440, #201, #2325, .T. ) ;
#945 = FACE_OUTER_BOUND ( 'NONE', #1667, .T. ) ;
#946 = AXIS2_PLACEMENT_3D ( 'NONE', #1175, #1363, #1811 ) ;
#947 = CARTESIAN_POINT ( 'NONE',  ( 1.496011352533743954, 0.5999999999999999778, -4.744741829972433322 ) ) ;
#948 = CARTESIAN_POINT ( 'NONE',  ( 1.496011352533743954, 0.000000000000000000, -4.744741829972433322 ) ) ;
#949 = CLOSED_SHELL ( 'NONE', ( #292, #1088, #1372, #214, #2007, #1753, #2213, #913, #677, #158, #1101, #1674, #1934, #329, #960, #1734, #2050, #728, #414, #274, #1513, #1178, #2088, #1519, #270, #364, #977, #2653, #1212, #1461, #908, #712, #2440, #1883, #239, #557, #344, #1807, #1829, #252, #340, #384, #1810, #622, #2175, #66, #2459, #2359, #1492, #1773, #495, #783, #599, #2436, #1517, #1321, #2311, #2864, #2847, #422, #578, #2193, #1470, #2814, #2457, #2531, #1560, #512, #1317, #1142, #27, #386, #2882, #1294, #815, #583, #2028, #2148, #1608, #1899, #2861, #2583, #1868, #2812, #2381, #1246 ) ) ;
#950 = EDGE_CURVE ( 'NONE', #1108, #2543, #680, .T. ) ;
#951 = ORIENTED_EDGE ( 'NONE', *, *, #2585, .T. ) ;
#952 = EDGE_CURVE ( 'NONE', #2851, #1177, #1792, .T. ) ;
#953 = CARTESIAN_POINT ( 'NONE',  ( 0.000000000000000000, 0.2000000000000000111, 0.000000000000000000 ) ) ;
#954 = VERTEX_POINT ( 'NONE', #667 ) ;
#955 = VERTEX_POINT ( 'NONE', #224 ) ;
#956 = CARTESIAN_POINT ( 'NONE',  ( 1.496011352533743954, 0.2000000000000000111, -4.744741829972433322 ) ) ;
#957 = DIRECTION ( 'NONE',  ( -4.272805472570675854E-16, 0.000000000000000000, 1.000000000000000000 ) ) ;
#958 = CARTESIAN_POINT ( 'NONE',  ( 4.744741829972416447, 0.2000000000000000111, -1.496011352533796579 ) ) ;
#959 = CARTESIAN_POINT ( 'NONE',  ( 0.000000000000000000, 0.5999999999999999778, 0.000000000000000000 ) ) ;
#960 = ADVANCED_FACE ( 'NONE', ( #271 ), #2483, .F. ) ;
#961 = CARTESIAN_POINT ( 'NONE',  ( 4.744741829972416447, 0.2000000000000000111, -1.496011352533796579 ) ) ;
#962 = VERTEX_POINT ( 'NONE', #2766 ) ;
#963 = CARTESIAN_POINT ( 'NONE',  ( -1.496011352533779704, 0.000000000000000000, -4.944741829972422842 ) ) ;
#964 = VERTEX_POINT ( 'NONE', #690 ) ;
#965 = CARTESIAN_POINT ( 'NONE',  ( 4.727869048689652409, 0.2000000000000000111, 0.9462702232266803071 ) ) ;
#966 = EDGE_LOOP ( 'NONE', ( #2933, #686, #1394, #1893 ) ) ;
#967 = DIRECTION ( 'NONE',  ( 0.000000000000000000, 0.000000000000000000, 1.000000000000000000 ) ) ;
#968 = CARTESIAN_POINT ( 'NONE',  ( 0.000000000000000000, 0.2000000000000000111, 0.000000000000000000 ) ) ;
#969 = CARTESIAN_POINT ( 'NONE',  ( -4.724801270274600284, 0.2000000000000000111, -0.9463172906253998207 ) ) ;
#970 = FACE_OUTER_BOUND ( 'NONE', #1506, .T. ) ;
#971 = DIRECTION ( 'NONE',  ( -0.000000000000000000, 1.000000000000000000, -0.000000000000000000 ) ) ;
#972 = ORIENTED_EDGE ( 'NONE', *, *, #2636, .T. ) ;
#973 = UNCERTAINTY_MEASURE_WITH_UNIT (LENGTH_MEASURE( 1.000000000000000082E-05 ), #1536, 'distance_accuracy_value', 'NONE');
#974 = DIRECTION ( 'NONE',  ( 0.000000000000000000, 0.000000000000000000, 1.000000000000000000 ) ) ;
#975 = AXIS2_PLACEMENT_3D ( 'NONE', #1874, #1012, #768 ) ;
#976 = VERTEX_POINT ( 'NONE', #1564 ) ;
#977 = ADVANCED_FACE ( 'NONE', ( #49 ), #2948, .F. ) ;
#978 = AXIS2_PLACEMENT_3D ( 'NONE', #883, #2309, #269 ) ;
#979 = DIRECTION ( 'NONE',  ( 0.000000000000000000, 1.000000000000000000, 0.000000000000000000 ) ) ;
#980 = ORIENTED_EDGE ( 'NONE', *, *, #1640, .F. ) ;
#981 = EDGE_CURVE ( 'NONE', #134, #1800, #1336, .T. ) ;
#982 = CARTESIAN_POINT ( 'NONE',  ( -4.355758274983851486, 0.5999999999999999778, 2.016772136338090604 ) ) ;
#983 = DIRECTION ( 'NONE',  ( 0.000000000000000000, -1.000000000000000000, 0.000000000000000000 ) ) ;
#984 = CIRCLE ( 'NONE', #2649, 0.1000000000000000888 ) ;
#985 = CARTESIAN_POINT ( 'NONE',  ( 5.388445916248354013E-16, 0.2000000000000000111, 4.399999999999999467 ) ) ;
#986 = CIRCLE ( 'NONE', #1502, 0.5499999999999991562 ) ;
#987 = FACE_BOUND ( 'NONE', #829, .T. ) ;
#988 = ORIENTED_EDGE ( 'NONE', *, *, #56, .T. ) ;
#989 = VECTOR ( 'NONE', #107, 100.0000000000000000 ) ;
#990 = DIRECTION ( 'NONE',  ( 0.000000000000000000, 0.000000000000000000, -1.000000000000000000 ) ) ;
#991 = VECTOR ( 'NONE', #345, 100.0000000000000000 ) ;
#992 = VECTOR ( 'NONE', #2360, 100.0000000000000000 ) ;
#993 = ORIENTED_EDGE ( 'NONE', *, *, #493, .T. ) ;
#994 = FACE_OUTER_BOUND ( 'NONE', #1916, .T. ) ;
#995 = EDGE_CURVE ( 'NONE', #173, #610, #2274, .T. ) ;
#996 = VECTOR ( 'NONE', #1358, 100.0000000000000000 ) ;
#997 = VERTEX_POINT ( 'NONE', #2526 ) ;
#998 = DIRECTION ( 'NONE',  ( 0.000000000000000000, 0.000000000000000000, 1.000000000000000000 ) ) ;
#999 = EDGE_CURVE ( 'NONE', #1514, #2658, #2565, .T. ) ;
#1000 = CARTESIAN_POINT ( 'NONE',  ( 4.744741829972438651, 0.5999999999999999778, 1.496011352533726857 ) ) ;
#1001 = EDGE_CURVE ( 'NONE', #304, #2670, #1269, .T. ) ;
#1002 = DIRECTION ( 'NONE',  ( 0.000000000000000000, 0.000000000000000000, 1.000000000000000000 ) ) ;
#1003 = DIRECTION ( 'NONE',  ( 0.000000000000000000, 0.000000000000000000, 1.000000000000000000 ) ) ;
#1004 = VERTEX_POINT ( 'NONE', #2040 ) ;
#1005 = DIRECTION ( 'NONE',  ( 0.000000000000000000, 0.000000000000000000, 1.000000000000000000 ) ) ;
#1006 = VERTEX_POINT ( 'NONE', #2747 ) ;
#1007 = CYLINDRICAL_SURFACE ( 'NONE', #1077, 0.1000000000000000888 ) ;
#1008 = ORIENTED_EDGE ( 'NONE', *, *, #2479, .T. ) ;
#1009 = CARTESIAN_POINT ( 'NONE',  ( 4.744741829972438651, 0.2000000000000000111, 1.496011352533726857 ) ) ;
#1010 = CARTESIAN_POINT ( 'NONE',  ( 4.976614033570522899, 0.2000000000000000111, 0.9972776749075092928 ) ) ;
#1011 = EDGE_CURVE ( 'NONE', #100, #907, #2, .T. ) ;
#1012 = DIRECTION ( 'NONE',  ( -0.000000000000000000, 1.000000000000000000, -0.000000000000000000 ) ) ;
#1013 = DIRECTION ( 'NONE',  ( -0.000000000000000000, -1.000000000000000000, -0.000000000000000000 ) ) ;
#1014 = ORIENTED_EDGE ( 'NONE', *, *, #441, .F. ) ;
#1015 = EDGE_CURVE ( 'NONE', #226, #1042, #723, .T. ) ;
#1016 = DIRECTION ( 'NONE',  ( 0.000000000000000000, 0.000000000000000000, 1.000000000000000000 ) ) ;
#1017 = ORIENTED_EDGE ( 'NONE', *, *, #507, .T. ) ;
#1018 = DIRECTION ( 'NONE',  ( -0.000000000000000000, -1.000000000000000000, -0.000000000000000000 ) ) ;
#1019 = VERTEX_POINT ( 'NONE', #1010 ) ;
#1020 = AXIS2_PLACEMENT_3D ( 'NONE', #1276, #2702, #1304 ) ;
#1021 = CARTESIAN_POINT ( 'NONE',  ( -4.976614033570508688, 0.2000000000000000111, 0.9972776749075835667 ) ) ;
#1022 = DIRECTION ( 'NONE',  ( 1.734723475976805517E-15, 0.000000000000000000, 1.000000000000000000 ) ) ;
#1023 = CIRCLE ( 'NONE', #1256, 0.09999999999999992228 ) ;
#1024 = DIRECTION ( 'NONE',  ( 0.000000000000000000, 1.000000000000000000, 0.000000000000000000 ) ) ;
#1025 = LOCAL_TIME ( 23, 17, 17.00000000000000000, #1855 ) ;
#1026 = DIRECTION ( 'NONE',  ( 0.000000000000000000, 0.000000000000000000, 1.000000000000000000 ) ) ;
#1027 = CARTESIAN_POINT ( 'NONE',  ( 0.000000000000000000, 0.5999999999999999778, -5.500000000000000000 ) ) ;
#1028 = ORIENTED_EDGE ( 'NONE', *, *, #2083, .T. ) ;
#1029 = CIRCLE ( 'NONE', #1833, 0.2000000000000008715 ) ;
#1030 = DIRECTION ( 'NONE',  ( 0.000000000000000000, 0.000000000000000000, -1.000000000000000000 ) ) ;
#1031 = EDGE_CURVE ( 'NONE', #1803, #2438, #1649, .T. ) ;
#1032 = EDGE_LOOP ( 'NONE', ( #1880, #1287, #2058, #1066 ) ) ;
#1033 = EDGE_CURVE ( 'NONE', #1598, #872, #76, .T. ) ;
#1034 = DIRECTION ( 'NONE',  ( 0.000000000000000000, 0.000000000000000000, -1.000000000000000000 ) ) ;
#1035 = AXIS2_PLACEMENT_3D ( 'NONE', #2082, #1113, #14 ) ;
#1036 = CIRCLE ( 'NONE', #2372, 0.2000000000000008715 ) ;
#1037 = ORIENTED_EDGE ( 'NONE', *, *, #288, .F. ) ;
#1038 = AXIS2_PLACEMENT_3D ( 'NONE', #2760, #22, #2943 ) ;
#1039 = DIRECTION ( 'NONE',  ( 0.000000000000000000, 0.000000000000000000, -1.000000000000000000 ) ) ;
#1040 = DIRECTION ( 'NONE',  ( 0.000000000000000000, 1.000000000000000000, 0.000000000000000000 ) ) ;
#1041 = LINE ( 'NONE', #251, #1172 ) ;
#1042 = VERTEX_POINT ( 'NONE', #287 ) ;
#1043 = DIRECTION ( 'NONE',  ( 0.000000000000000000, -1.000000000000000000, 0.000000000000000000 ) ) ;
#1044 = DIRECTION ( 'NONE',  ( 0.000000000000000000, 0.000000000000000000, 1.000000000000000000 ) ) ;
#1045 = ORIENTED_EDGE ( 'NONE', *, *, #493, .F. ) ;
#1046 = LINE ( 'NONE', #121, #2606 ) ;
#1047 = FACE_OUTER_BOUND ( 'NONE', #2908, .T. ) ;
#1048 = ORIENTED_EDGE ( 'NONE', *, *, #1280, .F. ) ;
#1049 = EDGE_CURVE ( 'NONE', #1938, #1111, #1132, .T. ) ;
#1050 = CYLINDRICAL_SURFACE ( 'NONE', #2218, 0.1000000000000000888 ) ;
#1051 = EDGE_CURVE ( 'NONE', #954, #1450, #1686, .T. ) ;
#1052 = ORIENTED_EDGE ( 'NONE', *, *, #2497, .T. ) ;
#1053 = CARTESIAN_POINT ( 'NONE',  ( 0.8286856804040575453, 0.2000000000000000111, -4.626367910477209300 ) ) ;
#1054 = DIRECTION ( 'NONE',  ( 0.000000000000000000, 0.000000000000000000, 1.000000000000000000 ) ) ;
#1055 = CARTESIAN_POINT ( 'NONE',  ( -4.355758274983851486, 0.2000000000000000111, 2.016772136338090604 ) ) ;
#1056 = VERTEX_POINT ( 'NONE', #301 ) ;
#1057 = DIRECTION ( 'NONE',  ( 0.000000000000000000, 0.000000000000000000, 1.000000000000000000 ) ) ;
#1058 = DIRECTION ( 'NONE',  ( 0.000000000000000000, 0.000000000000000000, 1.000000000000000000 ) ) ;
#1059 = VERTEX_POINT ( 'NONE', #2836 ) ;
#1060 = CARTESIAN_POINT ( 'NONE',  ( 0.000000000000000000, 0.5999999999999999778, 0.000000000000000000 ) ) ;
#1061 = DIRECTION ( 'NONE',  ( 0.000000000000000000, 0.000000000000000000, 1.000000000000000000 ) ) ;
#1062 = ORIENTED_EDGE ( 'NONE', *, *, #891, .T. ) ;
#1063 = CARTESIAN_POINT ( 'NONE',  ( 2.250000000000000444, 0.5999999999999999778, 4.126439142893058687 ) ) ;
#1064 = ORIENTED_EDGE ( 'NONE', *, *, #2515, .F. ) ;
#1065 = FACE_OUTER_BOUND ( 'NONE', #1547, .T. ) ;
#1066 = ORIENTED_EDGE ( 'NONE', *, *, #1207, .F. ) ;
#1067 = AXIS2_PLACEMENT_3D ( 'NONE', #1798, #925, #1629 ) ;
#1068 = DIRECTION ( 'NONE',  ( 0.000000000000000000, 0.000000000000000000, 1.000000000000000000 ) ) ;
#1069 = CARTESIAN_POINT ( 'NONE',  ( 2.250000000000000000, 0.2000000000000000111, 4.688016638195731112 ) ) ;
#1070 = AXIS2_PLACEMENT_3D ( 'NONE', #2578, #538, #330 ) ;
#1071 = ORIENTED_EDGE ( 'NONE', *, *, #1699, .T. ) ;
#1072 = CARTESIAN_POINT ( 'NONE',  ( 4.355758274983853262, 0.2000000000000000111, -2.016772136338086163 ) ) ;
#1073 = DIRECTION ( 'NONE',  ( 0.000000000000000000, -1.000000000000000000, 0.000000000000000000 ) ) ;
#1074 = ORIENTED_EDGE ( 'NONE', *, *, #1937, .T. ) ;
#1075 = VECTOR ( 'NONE', #2669, 100.0000000000000000 ) ;
#1076 = LINE ( 'NONE', #1569, #2272 ) ;
#1077 = AXIS2_PLACEMENT_3D ( 'NONE', #109, #1907, #2380 ) ;
#1078 = ORIENTED_EDGE ( 'NONE', *, *, #1612, .T. ) ;
#1079 = DIRECTION ( 'NONE',  ( -0.000000000000000000, -1.000000000000000000, -0.000000000000000000 ) ) ;
#1080 = AXIS2_PLACEMENT_3D ( 'NONE', #335, #971, #2388 ) ;
#1081 = CIRCLE ( 'NONE', #2710, 0.5499999999999991562 ) ;
#1082 = EDGE_CURVE ( 'NONE', #633, #1654, #332, .T. ) ;
#1083 = DIRECTION ( 'NONE',  ( 0.000000000000000000, 0.000000000000000000, 1.000000000000000000 ) ) ;
#1084 = CIRCLE ( 'NONE', #1319, 5.200000000000000178 ) ;
#1085 = ORIENTED_EDGE ( 'NONE', *, *, #2396, .T. ) ;
#1086 = CIRCLE ( 'NONE', #2283, 0.5500000000000030420 ) ;
#1087 = FACE_OUTER_BOUND ( 'NONE', #2860, .T. ) ;
#1088 = ADVANCED_FACE ( 'NONE', ( #1858 ), #777, .F. ) ;
#1089 = PLANE ( 'NONE',  #850 ) ;
#1090 = ORIENTED_EDGE ( 'NONE', *, *, #1173, .F. ) ;
#1091 = DIRECTION ( 'NONE',  ( -0.000000000000000000, 1.000000000000000000, -0.000000000000000000 ) ) ;
#1092 = FACE_OUTER_BOUND ( 'NONE', #89, .T. ) ;
#1093 = VERTEX_POINT ( 'NONE', #571 ) ;
#1094 = CARTESIAN_POINT ( 'NONE',  ( -4.648618534062513241, 0.5999999999999999778, -2.037546496345663982 ) ) ;
#1095 = ORIENTED_EDGE ( 'NONE', *, *, #1915, .T. ) ;
#1096 = DIRECTION ( 'NONE',  ( -0.000000000000000000, -1.000000000000000000, -0.000000000000000000 ) ) ;
#1097 = DIRECTION ( 'NONE',  ( 0.000000000000000000, 1.000000000000000000, 0.000000000000000000 ) ) ;
#1098 = VERTEX_POINT ( 'NONE', #102 ) ;
#1099 = DIRECTION ( 'NONE',  ( -0.000000000000000000, 1.000000000000000000, -0.000000000000000000 ) ) ;
#1100 = CARTESIAN_POINT ( 'NONE',  ( 0.9972776749075316083, 0.2000000000000000111, -4.976614033570520235 ) ) ;
#1101 = ADVANCED_FACE ( 'NONE', ( #2107 ), #2136, .F. ) ;
#1102 = ORIENTED_EDGE ( 'NONE', *, *, #1852, .F. ) ;
#1103 = DIRECTION ( 'NONE',  ( 0.000000000000000000, 0.000000000000000000, 1.000000000000000000 ) ) ;
#1104 = CYLINDRICAL_SURFACE ( 'NONE', #128, 4.700000000000000178 ) ;
#1105 = EDGE_CURVE ( 'NONE', #2393, #1093, #792, .T. ) ;
#1106 = ORIENTED_EDGE ( 'NONE', *, *, #306, .F. ) ;
#1107 = DIRECTION ( 'NONE',  ( 0.000000000000000000, 0.000000000000000000, 1.000000000000000000 ) ) ;
#1108 = VERTEX_POINT ( 'NONE', #1463 ) ;
#1109 = FACE_OUTER_BOUND ( 'NONE', #2612, .T. ) ;
#1110 = CALENDAR_DATE ( 2024, 26, 9 ) ;
#1111 = VERTEX_POINT ( 'NONE', #1404 ) ;
#1112 = DIRECTION ( 'NONE',  ( -0.000000000000000000, -1.000000000000000000, -0.000000000000000000 ) ) ;
#1113 = DIRECTION ( 'NONE',  ( -0.000000000000000000, -1.000000000000000000, -0.000000000000000000 ) ) ;
#1114 = VERTEX_POINT ( 'NONE', #2779 ) ;
#1115 = VECTOR ( 'NONE', #51, 100.0000000000000000 ) ;
#1116 = CYLINDRICAL_SURFACE ( 'NONE', #1602, 0.2000000000000001776 ) ;
#1117 = EDGE_CURVE ( 'NONE', #1986, #1004, #704, .T. ) ;
#1118 = AXIS2_PLACEMENT_3D ( 'NONE', #178, #2464, #1992 ) ;
#1119 = FACE_OUTER_BOUND ( 'NONE', #785, .T. ) ;
#1120 = VERTEX_POINT ( 'NONE', #2386 ) ;
#1121 = CIRCLE ( 'NONE', #841, 5.200000000000000178 ) ;
#1122 = DIRECTION ( 'NONE',  ( -0.000000000000000000, 1.000000000000000000, -0.000000000000000000 ) ) ;
#1123 = EDGE_CURVE ( 'NONE', #1938, #775, #753, .T. ) ;
#1124 = EDGE_CURVE ( 'NONE', #2250, #201, #513, .T. ) ;
#1125 = EDGE_LOOP ( 'NONE', ( #199, #407, #650, #848 ) ) ;
#1126 = DIRECTION ( 'NONE',  ( -0.000000000000000000, -1.000000000000000000, -0.000000000000000000 ) ) ;
#1127 = CIRCLE ( 'NONE', #1597, 0.5500000000000027089 ) ;
#1128 = EDGE_LOOP ( 'NONE', ( #96, #761, #2833, #1017 ) ) ;
#1129 = CIRCLE ( 'NONE', #756, 0.2000000000000003442 ) ;
#1130 = CIRCLE ( 'NONE', #2852, 0.1000000000000000056 ) ;
#1131 = CARTESIAN_POINT ( 'NONE',  ( 4.631141571169798965, 0.2000000000000000111, 2.136007431584198368 ) ) ;
#1132 = CIRCLE ( 'NONE', #1744, 0.5499999999999991562 ) ;
#1133 = DIRECTION ( 'NONE',  ( 0.000000000000000000, 0.000000000000000000, 1.000000000000000000 ) ) ;
#1134 = VERTEX_POINT ( 'NONE', #1203 ) ;
#1135 = AXIS2_PLACEMENT_3D ( 'NONE', #1835, #250, #2741 ) ;
#1136 = DIRECTION ( 'NONE',  ( 0.000000000000000000, 0.000000000000000000, 1.000000000000000000 ) ) ;
#1137 = DIRECTION ( 'NONE',  ( 0.000000000000000000, 0.000000000000000000, 1.000000000000000000 ) ) ;
#1138 = CIRCLE ( 'NONE', #1788, 0.2000000000000003442 ) ;
#1139 = ORIENTED_EDGE ( 'NONE', *, *, #2922, .T. ) ;
#1140 = DIRECTION ( 'NONE',  ( 0.000000000000000000, 0.000000000000000000, 1.000000000000000000 ) ) ;
#1141 = ORIENTED_EDGE ( 'NONE', *, *, #1368, .F. ) ;
#1142 = ADVANCED_FACE ( 'NONE', ( #751 ), #313, .F. ) ;
#1143 = LINE ( 'NONE', #2717, #525 ) ;
#1144 = EDGE_CURVE ( 'NONE', #1120, #1750, #1127, .T. ) ;
#1145 = ORIENTED_EDGE ( 'NONE', *, *, #692, .T. ) ;
#1146 = DIRECTION ( 'NONE',  ( 0.000000000000000000, 0.000000000000000000, 1.000000000000000000 ) ) ;
#1147 = CARTESIAN_POINT ( 'NONE',  ( 2.250000000000000444, 0.2000000000000000111, 4.688016638195731112 ) ) ;
#1148 = DIRECTION ( 'NONE',  ( -0.000000000000000000, -1.000000000000000000, -0.000000000000000000 ) ) ;
#1149 = CARTESIAN_POINT ( 'NONE',  ( 0.000000000000000000, 0.2000000000000000111, 0.000000000000000000 ) ) ;
#1150 = CARTESIAN_POINT ( 'NONE',  ( 0.000000000000000000, 0.5999999999999999778, 0.000000000000000000 ) ) ;
#1151 = ORIENTED_EDGE ( 'NONE', *, *, #2548, .F. ) ;
#1152 = DIRECTION ( 'NONE',  ( 0.000000000000000000, 0.000000000000000000, 1.000000000000000000 ) ) ;
#1153 = EDGE_LOOP ( 'NONE', ( #411, #2409, #2345, #297 ) ) ;
#1154 = CARTESIAN_POINT ( 'NONE',  ( -4.744741829972417335, 0.000000000000000000, 1.496011352533797689 ) ) ;
#1155 = CARTESIAN_POINT ( 'NONE',  ( 4.744741829972416447, 0.5999999999999999778, -0.9460113525337974227 ) ) ;
#1156 = EDGE_CURVE ( 'NONE', #240, #823, #2801, .T. ) ;
#1157 = EDGE_LOOP ( 'NONE', ( #1518, #519, #2729, #2100 ) ) ;
#1158 = CARTESIAN_POINT ( 'NONE',  ( 0.000000000000000000, 0.5999999999999999778, 0.000000000000000000 ) ) ;
#1159 = DIRECTION ( 'NONE',  ( 1.000000000000000000, 0.000000000000000000, -4.272805472570675854E-16 ) ) ;
#1160 = EDGE_CURVE ( 'NONE', #438, #548, #2414, .T. ) ;
#1161 = DIRECTION ( 'NONE',  ( 0.000000000000000000, 0.000000000000000000, 1.000000000000000000 ) ) ;
#1162 = DIRECTION ( 'NONE',  ( -0.000000000000000000, 1.000000000000000000, -0.000000000000000000 ) ) ;
#1163 = DIRECTION ( 'NONE',  ( 0.000000000000000000, 0.000000000000000000, -1.000000000000000000 ) ) ;
#1164 = AXIS2_PLACEMENT_3D ( 'NONE', #584, #1663, #2581 ) ;
#1165 = ORIENTED_EDGE ( 'NONE', *, *, #358, .F. ) ;
#1166 = AXIS2_PLACEMENT_3D ( 'NONE', #1574, #1842, #1402 ) ;
#1167 = ORIENTED_EDGE ( 'NONE', *, *, #2939, .T. ) ;
#1168 = VECTOR ( 'NONE', #1776, 100.0000000000000000 ) ;
#1169 = CARTESIAN_POINT ( 'NONE',  ( 0.000000000000000000, 0.2000000000000000111, 0.000000000000000000 ) ) ;
#1170 = PERSON_AND_ORGANIZATION ( #543, #656 ) ;
#1171 = ORIENTED_EDGE ( 'NONE', *, *, #1117, .F. ) ;
#1172 = VECTOR ( 'NONE', #1213, 100.0000000000000000 ) ;
#1173 = EDGE_CURVE ( 'NONE', #1258, #1337, #81, .T. ) ;
#1174 = DIRECTION ( 'NONE',  ( 1.004950428811056860E-15, -0.000000000000000000, -1.000000000000000000 ) ) ;
#1175 = CARTESIAN_POINT ( 'NONE',  ( -4.744741829972438651, 0.2000000000000000111, -1.496011352533726191 ) ) ;
#1176 = CIRCLE ( 'NONE', #757, 0.1000000000000000888 ) ;
#1177 = VERTEX_POINT ( 'NONE', #2183 ) ;
#1178 = ADVANCED_FACE ( 'NONE', ( #1730 ), #2650, .F. ) ;
#1179 = VECTOR ( 'NONE', #2539, 100.0000000000000000 ) ;
#1180 = VECTOR ( 'NONE', #2596, 100.0000000000000000 ) ;
#1181 = LINE ( 'NONE', #2086, #1115 ) ;
#1182 = EDGE_CURVE ( 'NONE', #1120, #1815, #2216, .T. ) ;
#1183 = CYLINDRICAL_SURFACE ( 'NONE', #2655, 0.5499999999999983791 ) ;
#1184 = VECTOR ( 'NONE', #1953, 100.0000000000000000 ) ;
#1185 = VERTEX_POINT ( 'NONE', #2430 ) ;
#1186 = CARTESIAN_POINT ( 'NONE',  ( 0.000000000000000000, 0.2000000000000000111, 0.000000000000000000 ) ) ;
#1187 = CIRCLE ( 'NONE', #2859, 0.1000000000000000888 ) ;
#1188 = ORIENTED_EDGE ( 'NONE', *, *, #1123, .F. ) ;
#1189 = DIRECTION ( 'NONE',  ( 1.004950428811056860E-15, 0.000000000000000000, 1.000000000000000000 ) ) ;
#1190 = ORIENTED_EDGE ( 'NONE', *, *, #952, .F. ) ;
#1191 = CARTESIAN_POINT ( 'NONE',  ( 0.000000000000000000, 0.5999999999999999778, 0.000000000000000000 ) ) ;
#1192 = CARTESIAN_POINT ( 'NONE',  ( 0.8286856804040575453, 0.2000000000000000111, -4.626367910477210188 ) ) ;
#1193 = ORIENTED_EDGE ( 'NONE', *, *, #419, .F. ) ;
#1194 = DIRECTION ( 'NONE',  ( 0.000000000000000000, -0.000000000000000000, 1.000000000000000000 ) ) ;
#1195 = CARTESIAN_POINT ( 'NONE',  ( 4.727869048689639087, 0.2000000000000000111, -0.9462702232267538038 ) ) ;
#1196 = EDGE_CURVE ( 'NONE', #2431, #1703, #225, .T. ) ;
#1197 = VERTEX_POINT ( 'NONE', #1489 ) ;
#1198 = FACE_OUTER_BOUND ( 'NONE', #446, .T. ) ;
#1199 = ORIENTED_EDGE ( 'NONE', *, *, #2903, .F. ) ;
#1200 = DIRECTION ( 'NONE',  ( 0.000000000000000000, -1.000000000000000000, 0.000000000000000000 ) ) ;
#1201 = ORIENTED_EDGE ( 'NONE', *, *, #71, .T. ) ;
#1202 = DIRECTION ( 'NONE',  ( 0.000000000000000000, 0.000000000000000000, 1.000000000000000000 ) ) ;
#1203 = CARTESIAN_POINT ( 'NONE',  ( 0.000000000000000000, 0.000000000000000000, -5.500000000000000000 ) ) ;
#1204 = CARTESIAN_POINT ( 'NONE',  ( -0.7480056762668898518, 0.2000000000000000111, -2.372370914986210888 ) ) ;
#1205 = FACE_BOUND ( 'NONE', #111, .T. ) ;
#1206 = ORIENTED_EDGE ( 'NONE', *, *, #2714, .T. ) ;
#1207 = EDGE_CURVE ( 'NONE', #831, #1565, #1762, .T. ) ;
#1208 = CARTESIAN_POINT ( 'NONE',  ( -4.744741829972417335, 0.5999999999999999778, 1.696011352533798089 ) ) ;
#1209 = AXIS2_PLACEMENT_3D ( 'NONE', #947, #273, #2768 ) ;
#1210 = ORIENTED_EDGE ( 'NONE', *, *, #1231, .T. ) ;
#1211 = VECTOR ( 'NONE', #2247, 100.0000000000000000 ) ;
#1212 = ADVANCED_FACE ( 'NONE', ( #2869 ), #390, .T. ) ;
#1213 = DIRECTION ( 'NONE',  ( -0.000000000000000000, 1.000000000000000000, -0.000000000000000000 ) ) ;
#1214 = EDGE_CURVE ( 'NONE', #773, #213, #797, .T. ) ;
#1215 = CIRCLE ( 'NONE', #2892, 0.5499999999999991562 ) ;
#1216 = VERTEX_POINT ( 'NONE', #1705 ) ;
#1217 = CARTESIAN_POINT ( 'NONE',  ( 4.727869048689652409, 0.5999999999999999778, 0.9462702232266804181 ) ) ;
#1218 = DIRECTION ( 'NONE',  ( 0.000000000000000000, 0.000000000000000000, 1.000000000000000000 ) ) ;
#1219 = VECTOR ( 'NONE', #70, 100.0000000000000000 ) ;
#1220 = CARTESIAN_POINT ( 'NONE',  ( -4.724801270274600284, 0.2000000000000000111, -0.9463172906253998207 ) ) ;
#1221 = AXIS2_PLACEMENT_3D ( 'NONE', #323, #816, #2848 ) ;
#1222 = DIRECTION ( 'NONE',  ( -0.000000000000000000, -1.000000000000000000, -0.000000000000000000 ) ) ;
#1223 = VERTEX_POINT ( 'NONE', #646 ) ;
#1224 = CIRCLE ( 'NONE', #1501, 0.5500000000000029310 ) ;
#1225 = CIRCLE ( 'NONE', #2566, 0.1000000000000000888 ) ;
#1226 = CARTESIAN_POINT ( 'NONE',  ( -0.8286856804040931834, 0.2000000000000000111, -4.626367910477203971 ) ) ;
#1227 = VECTOR ( 'NONE', #159, 100.0000000000000000 ) ;
#1228 = ORIENTED_EDGE ( 'NONE', *, *, #820, .F. ) ;
#1229 = AXIS2_PLACEMENT_3D ( 'NONE', #2173, #1757, #1784 ) ;
#1230 = DIRECTION ( 'NONE',  ( 0.000000000000000000, 0.000000000000000000, 1.000000000000000000 ) ) ;
#1231 = EDGE_CURVE ( 'NONE', #1774, #1496, #1265, .T. ) ;
#1232 = ORIENTED_EDGE ( 'NONE', *, *, #472, .T. ) ;
#1233 = CARTESIAN_POINT ( 'NONE',  ( -5.018772616042902257, 0.2000000000000000111, -0.9065988244300134946 ) ) ;
#1234 = CARTESIAN_POINT ( 'NONE',  ( -4.724801270274600284, 0.2000000000000000111, -0.8463172906253997319 ) ) ;
#1235 = CARTESIAN_POINT ( 'NONE',  ( -4.355758274983851486, 0.2000000000000000111, 2.016772136338090604 ) ) ;
#1236 = PLANE ( 'NONE',  #1554 ) ;
#1237 = ORIENTED_EDGE ( 'NONE', *, *, #2748, .F. ) ;
#1238 = LINE ( 'NONE', #2141, #989 ) ;
#1239 = ORIENTED_EDGE ( 'NONE', *, *, #2417, .F. ) ;
#1240 = CARTESIAN_POINT ( 'NONE',  ( -0.9065988244300768883, 0.5999999999999999778, -5.018772616042890711 ) ) ;
#1241 = ORIENTED_EDGE ( 'NONE', *, *, #837, .F. ) ;
#1242 = ORIENTED_EDGE ( 'NONE', *, *, #927, .T. ) ;
#1243 = CARTESIAN_POINT ( 'NONE',  ( 4.415601898828272809, 0.2000000000000000111, 1.936655092675825918 ) ) ;
#1244 = DIRECTION ( 'NONE',  ( -0.000000000000000000, -1.000000000000000000, -0.000000000000000000 ) ) ;
#1245 = CARTESIAN_POINT ( 'NONE',  ( -4.626367910477214629, 0.5999999999999999778, -0.8286856804040374502 ) ) ;
#1246 = ADVANCED_FACE ( 'NONE', ( #615 ), #403, .F. ) ;
#1247 = EDGE_CURVE ( 'NONE', #580, #1654, #2622, .T. ) ;
#1248 = LINE ( 'NONE', #2126, #1601 ) ;
#1249 = ORIENTED_EDGE ( 'NONE', *, *, #875, .T. ) ;
#1250 = CARTESIAN_POINT ( 'NONE',  ( -4.724801270274600284, 0.2000000000000000111, -0.8463172906253997319 ) ) ;
#1251 = VERTEX_POINT ( 'NONE', #113 ) ;
#1252 = DIRECTION ( 'NONE',  ( 0.000000000000000000, -1.000000000000000000, 0.000000000000000000 ) ) ;
#1253 = ORIENTED_EDGE ( 'NONE', *, *, #2753, .T. ) ;
#1254 = DIRECTION ( 'NONE',  ( 0.000000000000000000, 0.000000000000000000, 1.000000000000000000 ) ) ;
#1255 = CARTESIAN_POINT ( 'NONE',  ( 4.724801270274600284, 0.2000000000000000111, 0.8463172906254000649 ) ) ;
#1256 = AXIS2_PLACEMENT_3D ( 'NONE', #914, #1809, #722 ) ;
#1257 = DIRECTION ( 'NONE',  ( 0.000000000000000000, 1.000000000000000000, 0.000000000000000000 ) ) ;
#1258 = VERTEX_POINT ( 'NONE', #632 ) ;
#1259 = EDGE_CURVE ( 'NONE', #580, #1267, #2949, .T. ) ;
#1260 = AXIS2_PLACEMENT_3D ( 'NONE', #1870, #2792, #2590 ) ;
#1261 = DIRECTION ( 'NONE',  ( 0.000000000000000000, 0.000000000000000000, 1.000000000000000000 ) ) ;
#1262 = DIRECTION ( 'NONE',  ( 0.000000000000000000, -1.000000000000000000, 0.000000000000000000 ) ) ;
#1263 = EDGE_CURVE ( 'NONE', #2438, #1817, #2162, .T. ) ;
#1264 = ORIENTED_EDGE ( 'NONE', *, *, #530, .F. ) ;
#1265 = CIRCLE ( 'NONE', #940, 0.2000000000000008715 ) ;
#1266 = DIRECTION ( 'NONE',  ( 0.000000000000000000, -1.000000000000000000, 0.000000000000000000 ) ) ;
#1267 = VERTEX_POINT ( 'NONE', #1301 ) ;
#1268 = CARTESIAN_POINT ( 'NONE',  ( -4.648618534062483931, 0.5999999999999999778, 2.037546496345734148 ) ) ;
#1269 = CIRCLE ( 'NONE', #2123, 4.700000000000001066 ) ;
#1270 = EDGE_LOOP ( 'NONE', ( #194, #502, #586, #1085 ) ) ;
#1271 = CIRCLE ( 'NONE', #2423, 0.1000000000000000056 ) ;
#1272 = CARTESIAN_POINT ( 'NONE',  ( 0.000000000000000000, 0.2000000000000000111, 0.000000000000000000 ) ) ;
#1273 = CIRCLE ( 'NONE', #2038, 4.399999999999999467 ) ;
#1274 = CARTESIAN_POINT ( 'NONE',  ( 0.000000000000000000, 0.2000000000000000111, 0.000000000000000000 ) ) ;
#1275 = ORIENTED_EDGE ( 'NONE', *, *, #1015, .F. ) ;
#1276 = CARTESIAN_POINT ( 'NONE',  ( -4.355758274983881684, 0.5999999999999999778, -2.016772136338022214 ) ) ;
#1277 = FACE_OUTER_BOUND ( 'NONE', #2705, .T. ) ;
#1278 = EDGE_LOOP ( 'NONE', ( #1037, #106, #1193, #110 ) ) ;
#1279 = DIRECTION ( 'NONE',  ( 0.000000000000000000, -1.000000000000000000, 0.000000000000000000 ) ) ;
#1280 = EDGE_CURVE ( 'NONE', #2176, #1906, #1642, .T. ) ;
#1281 = CYLINDRICAL_SURFACE ( 'NONE', #1846, 0.2000000000000003442 ) ;
#1282 = VERTEX_POINT ( 'NONE', #418 ) ;
#1283 = DIRECTION ( 'NONE',  ( -0.000000000000000000, -1.000000000000000000, -0.000000000000000000 ) ) ;
#1284 = EDGE_LOOP ( 'NONE', ( #1610, #394, #1723, #2820 ) ) ;
#1285 = DIRECTION ( 'NONE',  ( -0.000000000000000000, -1.000000000000000000, -0.000000000000000000 ) ) ;
#1286 = DIRECTION ( 'NONE',  ( 0.000000000000000000, -1.000000000000000000, 0.000000000000000000 ) ) ;
#1287 = ORIENTED_EDGE ( 'NONE', *, *, #1712, .T. ) ;
#1288 = DIRECTION ( 'NONE',  ( -0.000000000000000000, 1.000000000000000000, -0.000000000000000000 ) ) ;
#1289 = DIRECTION ( 'NONE',  ( 0.000000000000000000, 1.000000000000000000, 0.000000000000000000 ) ) ;
#1290 = ORIENTED_EDGE ( 'NONE', *, *, #1850, .T. ) ;
#1291 = CARTESIAN_POINT ( 'NONE',  ( 4.744741829972416447, 0.5999999999999999778, -1.496011352533796579 ) ) ;
#1292 = DIRECTION ( 'NONE',  ( 0.000000000000000000, 0.000000000000000000, 1.000000000000000000 ) ) ;
#1293 = ORIENTED_EDGE ( 'NONE', *, *, #1694, .F. ) ;
#1294 = ADVANCED_FACE ( 'NONE', ( #1524 ), #582, .F. ) ;
#1295 = ORIENTED_EDGE ( 'NONE', *, *, #1082, .F. ) ;
#1296 = EDGE_CURVE ( 'NONE', #962, #11, #984, .T. ) ;
#1297 = CARTESIAN_POINT ( 'NONE',  ( -2.250000000000000888, 0.5999999999999999778, 4.126439142893058687 ) ) ;
#1298 = EDGE_CURVE ( 'NONE', #807, #21, #1041, .T. ) ;
#1299 = MECHANICAL_CONTEXT ( 'NONE', #2782, 'mechanical' ) ;
#1300 = VECTOR ( 'NONE', #471, 100.0000000000000000 ) ;
#1301 = CARTESIAN_POINT ( 'NONE',  ( 6.735557395310442023E-16, 0.2000000000000000111, 5.500000000000000000 ) ) ;
#1302 = EDGE_LOOP ( 'NONE', ( #1785, #714, #1293, #381 ) ) ;
#1303 = CIRCLE ( 'NONE', #25, 5.200000000000000178 ) ;
#1304 = DIRECTION ( 'NONE',  ( -6.938893903907222067E-15, 0.000000000000000000, 1.000000000000000000 ) ) ;
#1305 = LINE ( 'NONE', #600, #1981 ) ;
#1306 = ORIENTED_EDGE ( 'NONE', *, *, #2307, .F. ) ;
#1307 = CARTESIAN_POINT ( 'NONE',  ( 1.496011352533743954, 0.5999999999999999778, -4.744741829972433322 ) ) ;
#1308 = LINE ( 'NONE', #1500, #2763 ) ;
#1309 = ORIENTED_EDGE ( 'NONE', *, *, #1850, .F. ) ;
#1310 = FACE_OUTER_BOUND ( 'NONE', #1416, .T. ) ;
#1311 = CIRCLE ( 'NONE', #2652, 0.5500000000000030420 ) ;
#1312 = EDGE_LOOP ( 'NONE', ( #2807, #400, #2695, #1717 ) ) ;
#1313 = LINE ( 'NONE', #354, #713 ) ;
#1314 = VECTOR ( 'NONE', #2687, 100.0000000000000000 ) ;
#1315 = AXIS2_PLACEMENT_3D ( 'NONE', #2641, #82, #337 ) ;
#1316 = APPROVAL_STATUS ( 'not_yet_approved' ) ;
#1317 = ADVANCED_FACE ( 'NONE', ( #2093 ), #938, .F. ) ;
#1318 = CARTESIAN_POINT ( 'NONE',  ( -5.018772616042888934, 0.5999999999999999778, 0.9065988244300903220 ) ) ;
#1319 = AXIS2_PLACEMENT_3D ( 'NONE', #2895, #1968, #1254 ) ;
#1320 = ORIENTED_EDGE ( 'NONE', *, *, #2135, .T. ) ;
#1321 = ADVANCED_FACE ( 'NONE', ( #1429 ), #1854, .F. ) ;
#1322 = AXIS2_PLACEMENT_3D ( 'NONE', #2935, #671, #1567 ) ;
#1323 = CARTESIAN_POINT ( 'NONE',  ( -5.018772616042888934, 0.5999999999999999778, 0.9065988244300903220 ) ) ;
#1324 = CARTESIAN_POINT ( 'NONE',  ( 1.496011352533743954, 0.000000000000000000, -4.944741829972434388 ) ) ;
#1325 = ORIENTED_EDGE ( 'NONE', *, *, #995, .F. ) ;
#1326 = DIRECTION ( 'NONE',  ( 0.000000000000000000, 0.000000000000000000, 1.000000000000000000 ) ) ;
#1327 = DIRECTION ( 'NONE',  ( 0.000000000000000000, 1.000000000000000000, 0.000000000000000000 ) ) ;
#1328 = ORIENTED_EDGE ( 'NONE', *, *, #234, .F. ) ;
#1329 = CARTESIAN_POINT ( 'NONE',  ( -2.250000000000000444, 0.2000000000000000111, 3.781203512110924869 ) ) ;
#1330 = ORIENTED_EDGE ( 'NONE', *, *, #2452, .F. ) ;
#1331 = DIRECTION ( 'NONE',  ( 0.000000000000000000, 0.000000000000000000, 1.000000000000000000 ) ) ;
#1332 = APPROVAL_ROLE ( '' ) ;
#1333 = ORIENTED_EDGE ( 'NONE', *, *, #1011, .T. ) ;
#1334 = LINE ( 'NONE', #745, #2704 ) ;
#1335 = LINE ( 'NONE', #2415, #2407 ) ;
#1336 = LINE ( 'NONE', #2248, #2470 ) ;
#1337 = VERTEX_POINT ( 'NONE', #1155 ) ;
#1338 = DIRECTION ( 'NONE',  ( -1.040834085586083310E-14, 0.000000000000000000, 1.000000000000000000 ) ) ;
#1339 = EDGE_CURVE ( 'NONE', #2348, #2878, #526, .T. ) ;
#1340 = CARTESIAN_POINT ( 'NONE',  ( 4.744741829972438651, 0.5999999999999999778, 1.296011352533726457 ) ) ;
#1341 = VERTEX_POINT ( 'NONE', #2305 ) ;
#1342 = CARTESIAN_POINT ( 'NONE',  ( -5.018772616042888934, 0.2000000000000000111, 0.9065988244300903220 ) ) ;
#1343 = ORIENTED_EDGE ( 'NONE', *, *, #2571, .T. ) ;
#1344 = CYLINDRICAL_SURFACE ( 'NONE', #2959, 0.1000000000000000888 ) ;
#1345 = PERSON_AND_ORGANIZATION ( #543, #656 ) ;
#1346 = ORIENTED_EDGE ( 'NONE', *, *, #781, .F. ) ;
#1347 = DIRECTION ( 'NONE',  ( 0.000000000000000000, 0.000000000000000000, 1.000000000000000000 ) ) ;
#1348 = DIRECTION ( 'NONE',  ( 1.000000000000000000, 0.000000000000000000, 1.004950428811057057E-15 ) ) ;
#1349 = ORIENTED_EDGE ( 'NONE', *, *, #2013, .F. ) ;
#1350 = AXIS2_PLACEMENT_3D ( 'NONE', #511, #1, #2284 ) ;
#1351 = DIRECTION ( 'NONE',  ( 0.000000000000000000, 1.000000000000000000, 0.000000000000000000 ) ) ;
#1352 = DIRECTION ( 'NONE',  ( -0.000000000000000000, 1.000000000000000000, -0.000000000000000000 ) ) ;
#1353 = EDGE_CURVE ( 'NONE', #688, #1177, #732, .T. ) ;
#1354 = ORIENTED_EDGE ( 'NONE', *, *, #437, .F. ) ;
#1355 = DIRECTION ( 'NONE',  ( 0.000000000000000000, 1.000000000000000000, 0.000000000000000000 ) ) ;
#1356 = AXIS2_PLACEMENT_3D ( 'NONE', #1169, #2788, #2803 ) ;
#1357 = VERTEX_POINT ( 'NONE', #1836 ) ;
#1358 = DIRECTION ( 'NONE',  ( 0.000000000000000000, -1.000000000000000000, 0.000000000000000000 ) ) ;
#1359 = VERTEX_POINT ( 'NONE', #2776 ) ;
#1360 = AXIS2_PLACEMENT_3D ( 'NONE', #2626, #1266, #2421 ) ;
#1361 = CARTESIAN_POINT ( 'NONE',  ( -4.355758274983851486, 0.2000000000000000111, 1.916772136338090293 ) ) ;
#1362 = AXIS2_PLACEMENT_3D ( 'NONE', #707, #789, #487 ) ;
#1363 = DIRECTION ( 'NONE',  ( -0.000000000000000000, 1.000000000000000000, -0.000000000000000000 ) ) ;
#1364 = VERTEX_POINT ( 'NONE', #264 ) ;
#1365 = CARTESIAN_POINT ( 'NONE',  ( 2.372370914986208223, 0.2000000000000000111, -0.7480056762668982895 ) ) ;
#1366 = LINE ( 'NONE', #52, #2716 ) ;
#1367 = ORIENTED_EDGE ( 'NONE', *, *, #160, .T. ) ;
#1368 = EDGE_CURVE ( 'NONE', #509, #576, #1029, .T. ) ;
#1369 = DIRECTION ( 'NONE',  ( 0.000000000000000000, 1.000000000000000000, 0.000000000000000000 ) ) ;
#1370 = ORIENTED_EDGE ( 'NONE', *, *, #2292, .T. ) ;
#1371 = DIRECTION ( 'NONE',  ( -0.000000000000000000, -1.000000000000000000, -0.000000000000000000 ) ) ;
#1372 = ADVANCED_FACE ( 'NONE', ( #2761 ), #308, .F. ) ;
#1373 = EDGE_LOOP ( 'NONE', ( #2600, #744, #1991, #2056 ) ) ;
#1374 = CARTESIAN_POINT ( 'NONE',  ( 2.250000000000000444, 0.5999999999999999778, 3.781203512110924869 ) ) ;
#1375 = CYLINDRICAL_SURFACE ( 'NONE', #946, 0.5500000000000027089 ) ;
#1376 = CARTESIAN_POINT ( 'NONE',  ( 5.018772616042888934, 0.2000000000000000111, -0.9065988244300937637 ) ) ;
#1377 = CARTESIAN_POINT ( 'NONE',  ( 0.8286856804040575453, 0.5999999999999999778, -4.626367910477209300 ) ) ;
#1378 = CARTESIAN_POINT ( 'NONE',  ( -0.8463172906254565753, 0.2000000000000000111, -4.724801270274590514 ) ) ;
#1379 = EDGE_LOOP ( 'NONE', ( #146, #1151, #1472, #3 ) ) ;
#1380 = DIRECTION ( 'NONE',  ( 0.000000000000000000, 0.000000000000000000, 1.000000000000000000 ) ) ;
#1381 = EDGE_CURVE ( 'NONE', #691, #204, #536, .T. ) ;
#1382 = ORIENTED_EDGE ( 'NONE', *, *, #1644, .T. ) ;
#1383 = DIRECTION ( 'NONE',  ( -0.000000000000000000, -1.000000000000000000, -0.000000000000000000 ) ) ;
#1384 = PRODUCT ( '바디_접지링', '바디_접지링', '', ( #1299 ) ) ;
#1385 = EDGE_CURVE ( 'NONE', #1359, #2740, #2338, .T. ) ;
#1386 = ORIENTED_EDGE ( 'NONE', *, *, #1885, .F. ) ;
#1387 = CC_DESIGN_PERSON_AND_ORGANIZATION_ASSIGNMENT ( #1989, #2915, ( #1384 ) ) ;
#1388 = CARTESIAN_POINT ( 'NONE',  ( 5.117179922239807333, 0.2000000000000000111, -0.9243752719679386720 ) ) ;
#1389 = LINE ( 'NONE', #2495, #1179 ) ;
#1390 = CYLINDRICAL_SURFACE ( 'NONE', #328, 0.5500000000000027089 ) ;
#1391 = CARTESIAN_POINT ( 'NONE',  ( 4.744741829972416447, 0.2000000000000000111, -1.496011352533796579 ) ) ;
#1392 = CARTESIAN_POINT ( 'NONE',  ( 1.496011352533743954, 0.2000000000000000111, -4.744741829972433322 ) ) ;
#1393 = AXIS2_PLACEMENT_3D ( 'NONE', #665, #839, #619 ) ;
#1394 = ORIENTED_EDGE ( 'NONE', *, *, #2347, .F. ) ;
#1395 = DIRECTION ( 'NONE',  ( -0.000000000000000000, -1.000000000000000000, -0.000000000000000000 ) ) ;
#1396 = AXIS2_PLACEMENT_3D ( 'NONE', #776, #1431, #2351 ) ;
#1397 = VERTEX_POINT ( 'NONE', #2576 ) ;
#1398 = CC_DESIGN_APPROVAL ( #1701, ( #315 ) ) ;
#1399 = CARTESIAN_POINT ( 'NONE',  ( 4.415601898828247940, 0.2000000000000000111, -1.936655092675887868 ) ) ;
#1400 = ORIENTED_EDGE ( 'NONE', *, *, #1640, .T. ) ;
#1401 = AXIS2_PLACEMENT_3D ( 'NONE', #2060, #979, #1658 ) ;
#1402 = DIRECTION ( 'NONE',  ( -4.272805472570675854E-16, 0.000000000000000000, 1.000000000000000000 ) ) ;
#1403 = CIRCLE ( 'NONE', #1987, 0.1000000000000000888 ) ;
#1404 = CARTESIAN_POINT ( 'NONE',  ( 4.648618534062485708, 0.5999999999999999778, -2.037546496345729263 ) ) ;
#1405 = AXIS2_PLACEMENT_3D ( 'NONE', #2865, #608, #1230 ) ;
#1406 = VERTEX_POINT ( 'NONE', #1399 ) ;
#1407 = AXIS2_PLACEMENT_3D ( 'NONE', #1527, #1735, #2932 ) ;
#1408 = AXIS2_PLACEMENT_3D ( 'NONE', #1250, #1453, #1030 ) ;
#1409 = CARTESIAN_POINT ( 'NONE',  ( -4.727869048689639975, 0.2000000000000000111, 0.9462702232267512503 ) ) ;
#1410 = EDGE_CURVE ( 'NONE', #2913, #2878, #1687, .T. ) ;
#1411 = DIRECTION ( 'NONE',  ( 0.000000000000000000, 0.000000000000000000, 1.000000000000000000 ) ) ;
#1412 = CIRCLE ( 'NONE', #1653, 0.1000000000000000888 ) ;
#1413 = VERTEX_POINT ( 'NONE', #2349 ) ;
#1414 = CARTESIAN_POINT ( 'NONE',  ( 6.735557395310442023E-16, 0.5999999999999999778, 5.500000000000000000 ) ) ;
#1415 = AXIS2_PLACEMENT_3D ( 'NONE', #1579, #2270, #2288 ) ;
#1416 = EDGE_LOOP ( 'NONE', ( #1435, #2037, #1957, #579, #366, #1831 ) ) ;
#1417 = DIRECTION ( 'NONE',  ( 0.000000000000000000, 1.000000000000000000, 0.000000000000000000 ) ) ;
#1418 = ORIENTED_EDGE ( 'NONE', *, *, #2452, .T. ) ;
#1419 = DIRECTION ( 'NONE',  ( 0.000000000000000000, 1.000000000000000000, 0.000000000000000000 ) ) ;
#1420 = DIRECTION ( 'NONE',  ( 0.000000000000000000, 0.000000000000000000, -1.000000000000000000 ) ) ;
#1421 = EDGE_CURVE ( 'NONE', #1754, #1413, #2849, .T. ) ;
#1422 = CARTESIAN_POINT ( 'NONE',  ( -4.744741829972438651, 0.5999999999999999778, -1.496011352533726191 ) ) ;
#1423 = LINE ( 'NONE', #1027, #2904 ) ;
#1424 = EDGE_CURVE ( 'NONE', #2658, #2925, #1778, .T. ) ;
#1425 = EDGE_LOOP ( 'NONE', ( #2876, #1476, #1349, #2731 ) ) ;
#1426 = EDGE_CURVE ( 'NONE', #1906, #1413, #439, .T. ) ;
#1427 = DIRECTION ( 'NONE',  ( -0.000000000000000000, 1.000000000000000000, -0.000000000000000000 ) ) ;
#1428 = ORIENTED_EDGE ( 'NONE', *, *, #747, .F. ) ;
#1429 = FACE_OUTER_BOUND ( 'NONE', #2841, .T. ) ;
#1430 = ORIENTED_EDGE ( 'NONE', *, *, #2719, .F. ) ;
#1431 = DIRECTION ( 'NONE',  ( -0.000000000000000000, -1.000000000000000000, -0.000000000000000000 ) ) ;
#1432 = DIRECTION ( 'NONE',  ( 0.000000000000000000, 0.000000000000000000, 1.000000000000000000 ) ) ;
#1433 = CARTESIAN_POINT ( 'NONE',  ( 0.000000000000000000, 0.2000000000000000111, 0.000000000000000000 ) ) ;
#1434 = CARTESIAN_POINT ( 'NONE',  ( -4.744741829972417335, 0.5999999999999999778, 1.496011352533797689 ) ) ;
#1435 = ORIENTED_EDGE ( 'NONE', *, *, #1954, .F. ) ;
#1436 = CARTESIAN_POINT ( 'NONE',  ( -1.496011352533779704, 0.5999999999999999778, -4.944741829972422842 ) ) ;
#1437 = EDGE_CURVE ( 'NONE', #11, #1120, #1334, .T. ) ;
#1438 = AXIS2_PLACEMENT_3D ( 'NONE', #2902, #2432, #1068 ) ;
#1439 = EDGE_CURVE ( 'NONE', #1496, #1774, #2896, .T. ) ;
#1440 = VERTEX_POINT ( 'NONE', #1639 ) ;
#1441 = CIRCLE ( 'NONE', #2795, 0.1000000000000000888 ) ;
#1442 = FACE_OUTER_BOUND ( 'NONE', #1157, .T. ) ;
#1443 = CIRCLE ( 'NONE', #1682, 0.5500000000000029310 ) ;
#1444 = ORIENTED_EDGE ( 'NONE', *, *, #659, .T. ) ;
#1445 = CARTESIAN_POINT ( 'NONE',  ( -5.117179922239822432, 0.2000000000000000111, -0.9243752719678569596 ) ) ;
#1446 = DIRECTION ( 'NONE',  ( 0.000000000000000000, 0.000000000000000000, 1.000000000000000000 ) ) ;
#1447 = DIRECTION ( 'NONE',  ( -0.000000000000000000, -1.000000000000000000, -0.000000000000000000 ) ) ;
#1448 = CIRCLE ( 'NONE', #2075, 0.5499999999999991562 ) ;
#1449 = DIRECTION ( 'NONE',  ( 0.000000000000000000, 1.000000000000000000, 0.000000000000000000 ) ) ;
#1450 = VERTEX_POINT ( 'NONE', #24 ) ;
#1451 = CIRCLE ( 'NONE', #563, 0.1000000000000000888 ) ;
#1452 = CIRCLE ( 'NONE', #2222, 0.1000000000000000888 ) ;
#1453 = DIRECTION ( 'NONE',  ( 0.000000000000000000, -1.000000000000000000, 0.000000000000000000 ) ) ;
#1454 = AXIS2_PLACEMENT_3D ( 'NONE', #1748, #1096, #389 ) ;
#1455 = EDGE_LOOP ( 'NONE', ( #864, #842, #59, #1710 ) ) ;
#1456 = EDGE_CURVE ( 'NONE', #1006, #1654, #125, .T. ) ;
#1457 = DIRECTION ( 'NONE',  ( 0.000000000000000000, 0.000000000000000000, 1.000000000000000000 ) ) ;
#1458 = CC_DESIGN_PERSON_AND_ORGANIZATION_ASSIGNMENT ( #1616, #1556, ( #315 ) ) ;
#1459 = ORIENTED_EDGE ( 'NONE', *, *, #2721, .F. ) ;
#1460 = CARTESIAN_POINT ( 'NONE',  ( -4.721948268643687996, 0.2000000000000000111, 2.177889930242778327 ) ) ;
#1461 = ADVANCED_FACE ( 'NONE', ( #1668 ), #774, .F. ) ;
#1462 = DIRECTION ( 'NONE',  ( -0.000000000000000000, 1.000000000000000000, -0.000000000000000000 ) ) ;
#1463 = CARTESIAN_POINT ( 'NONE',  ( 1.496011352533743954, 0.5999999999999999778, -4.544741829972432257 ) ) ;
#1464 = DIRECTION ( 'NONE',  ( 0.000000000000000000, 0.000000000000000000, 1.000000000000000000 ) ) ;
#1465 = DIRECTION ( 'NONE',  ( -0.000000000000000000, -1.000000000000000000, -0.000000000000000000 ) ) ;
#1466 = EDGE_LOOP ( 'NONE', ( #901, #1731, #2941, #2789 ) ) ;
#1467 = DIRECTION ( 'NONE',  ( 0.000000000000000000, 0.000000000000000000, 1.000000000000000000 ) ) ;
#1468 = ORIENTED_EDGE ( 'NONE', *, *, #561, .T. ) ;
#1469 = CARTESIAN_POINT ( 'NONE',  ( -4.724801270274589626, 0.2000000000000000111, 0.8463172906254671224 ) ) ;
#1470 = ADVANCED_FACE ( 'NONE', ( #577 ), #1504, .F. ) ;
#1471 = ORIENTED_EDGE ( 'NONE', *, *, #1474, .F. ) ;
#1472 = ORIENTED_EDGE ( 'NONE', *, *, #1699, .F. ) ;
#1473 = CARTESIAN_POINT ( 'NONE',  ( -1.496011352533779704, 0.2000000000000000111, -4.744741829972421776 ) ) ;
#1474 = EDGE_CURVE ( 'NONE', #173, #1111, #1176, .T. ) ;
#1475 = DIRECTION ( 'NONE',  ( 0.000000000000000000, 1.000000000000000000, 0.000000000000000000 ) ) ;
#1476 = ORIENTED_EDGE ( 'NONE', *, *, #2048, .T. ) ;
#1477 = PRODUCT_DEFINITION ( 'UNKNOWN', '', #315, #294 ) ;
#1478 = CYLINDRICAL_SURFACE ( 'NONE', #1587, 4.700000000000000178 ) ;
#1479 = CARTESIAN_POINT ( 'NONE',  ( 4.744741829972438651, 0.000000000000000000, 1.296011352533726457 ) ) ;
#1480 = EDGE_LOOP ( 'NONE', ( #1552, #2466, #1659, #1963 ) ) ;
#1481 = CARTESIAN_POINT ( 'NONE',  ( 0.000000000000000000, 0.5999999999999999778, 0.000000000000000000 ) ) ;
#1482 = EDGE_LOOP ( 'NONE', ( #1580, #72, #336, #2322 ) ) ;
#1483 = DIRECTION ( 'NONE',  ( -0.000000000000000000, -1.000000000000000000, -0.000000000000000000 ) ) ;
#1484 = CIRCLE ( 'NONE', #1164, 0.1000000000000000056 ) ;
#1485 = ORIENTED_EDGE ( 'NONE', *, *, #999, .T. ) ;
#1486 = CIRCLE ( 'NONE', #2064, 0.2000000000000008715 ) ;
#1487 = CARTESIAN_POINT ( 'NONE',  ( 4.724801270274587850, 0.5999999999999999778, -0.8463172906254728955 ) ) ;
#1488 = CIRCLE ( 'NONE', #2111, 0.5499999999999991562 ) ;
#1489 = CARTESIAN_POINT ( 'NONE',  ( -4.744741829972438651, 0.5999999999999999778, -1.296011352533725791 ) ) ;
#1490 = ORIENTED_EDGE ( 'NONE', *, *, #2441, .T. ) ;
#1491 = AXIS2_PLACEMENT_3D ( 'NONE', #851, #631, #402 ) ;
#1492 = ADVANCED_FACE ( 'NONE', ( #339 ), #1921, .T. ) ;
#1493 = CYLINDRICAL_SURFACE ( 'NONE', #549, 0.5500000000000030420 ) ;
#1494 = CARTESIAN_POINT ( 'NONE',  ( -4.744741829972438651, 0.5999999999999999778, -1.296011352533725791 ) ) ;
#1495 = AXIS2_PLACEMENT_3D ( 'NONE', #1925, #1024, #1749 ) ;
#1496 = VERTEX_POINT ( 'NONE', #387 ) ;
#1497 = EDGE_CURVE ( 'NONE', #1059, #2870, #1681, .T. ) ;
#1498 = AXIS2_PLACEMENT_3D ( 'NONE', #2824, #552, #1446 ) ;
#1499 = DIRECTION ( 'NONE',  ( 0.000000000000000000, 1.000000000000000000, 0.000000000000000000 ) ) ;
#1500 = CARTESIAN_POINT ( 'NONE',  ( -4.415601898828246163, 0.2000000000000000111, 1.936655092675891865 ) ) ;
#1501 = AXIS2_PLACEMENT_3D ( 'NONE', #193, #1512, #1058 ) ;
#1502 = AXIS2_PLACEMENT_3D ( 'NONE', #296, #534, #974 ) ;
#1503 = ORIENTED_EDGE ( 'NONE', *, *, #2733, .T. ) ;
#1504 = CYLINDRICAL_SURFACE ( 'NONE', #1647, 0.1000000000000000056 ) ;
#1505 = VECTOR ( 'NONE', #957, 100.0000000000000000 ) ;
#1506 = EDGE_LOOP ( 'NONE', ( #1720, #2389, #1635, #1145 ) ) ;
#1507 = AXIS2_PLACEMENT_3D ( 'NONE', #257, #62, #1161 ) ;
#1508 = CARTESIAN_POINT ( 'NONE',  ( 5.018772616042902257, 0.2000000000000000111, 1.006598824430014139 ) ) ;
#1509 = DIRECTION ( 'NONE',  ( -0.000000000000000000, -1.000000000000000000, -0.000000000000000000 ) ) ;
#1510 = ORIENTED_EDGE ( 'NONE', *, *, #1786, .T. ) ;
#1511 = CYLINDRICAL_SURFACE ( 'NONE', #505, 0.1000000000000000888 ) ;
#1512 = DIRECTION ( 'NONE',  ( -0.000000000000000000, -1.000000000000000000, -0.000000000000000000 ) ) ;
#1513 = ADVANCED_FACE ( 'NONE', ( #830 ), #2157, .F. ) ;
#1514 = VERTEX_POINT ( 'NONE', #2392 ) ;
#1515 = CARTESIAN_POINT ( 'NONE',  ( -2.250000000000000888, 0.2000000000000000111, 4.126439142893058687 ) ) ;
#1516 = DIRECTION ( 'NONE',  ( 0.000000000000000000, 0.000000000000000000, 1.000000000000000000 ) ) ;
#1517 = ADVANCED_FACE ( 'NONE', ( #994 ), #124, .T. ) ;
#1518 = ORIENTED_EDGE ( 'NONE', *, *, #2545, .F. ) ;
#1519 = ADVANCED_FACE ( 'NONE', ( #1442 ), #1724, .F. ) ;
#1520 = CARTESIAN_POINT ( 'NONE',  ( -2.037546496345712388, 0.2000000000000000111, -4.648618534062491925 ) ) ;
#1521 = ORIENTED_EDGE ( 'NONE', *, *, #742, .F. ) ;
#1522 = CARTESIAN_POINT ( 'NONE',  ( 4.626367910477200418, 0.2000000000000000111, -0.8286856804041087265 ) ) ;
#1523 = DIRECTION ( 'NONE',  ( 0.000000000000000000, 0.000000000000000000, 1.000000000000000000 ) ) ;
#1524 = FACE_OUTER_BOUND ( 'NONE', #1379, .T. ) ;
#1525 = EDGE_LOOP ( 'NONE', ( #2589, #1071, #919, #434 ) ) ;
#1526 = DIRECTION ( 'NONE',  ( 0.000000000000000000, 0.000000000000000000, 1.000000000000000000 ) ) ;
#1527 = CARTESIAN_POINT ( 'NONE',  ( 4.744741829972416447, 0.5999999999999999778, -1.496011352533796579 ) ) ;
#1528 = ORIENTED_EDGE ( 'NONE', *, *, #1885, .T. ) ;
#1529 = FACE_BOUND ( 'NONE', #162, .T. ) ;
#1530 = DIRECTION ( 'NONE',  ( 0.000000000000000000, 0.000000000000000000, -1.000000000000000000 ) ) ;
#1531 = ORIENTED_EDGE ( 'NONE', *, *, #2331, .T. ) ;
#1532 = EDGE_CURVE ( 'NONE', #2046, #134, #38, .T. ) ;
#1533 = DIRECTION ( 'NONE',  ( -0.000000000000000000, -1.000000000000000000, -0.000000000000000000 ) ) ;
#1534 = EDGE_LOOP ( 'NONE', ( #1325, #1856, #120, #2424, #1306, #2092, #2133, #1590 ) ) ;
#1535 = DIRECTION ( 'NONE',  ( 0.000000000000000000, 0.000000000000000000, 1.000000000000000000 ) ) ;
#1536 =( LENGTH_UNIT ( ) NAMED_UNIT ( * ) SI_UNIT ( .CENTI., .METRE. ) );
#1537 = CIRCLE ( 'NONE', #2310, 0.1000000000000000888 ) ;
#1538 = CARTESIAN_POINT ( 'NONE',  ( -1.496011352533779704, 0.000000000000000000, -4.744741829972421776 ) ) ;
#1539 = ORIENTED_EDGE ( 'NONE', *, *, #1995, .F. ) ;
#1540 = CIRCLE ( 'NONE', #461, 0.1000000000000000888 ) ;
#1541 = CARTESIAN_POINT ( 'NONE',  ( 4.744741829972438651, 0.2000000000000000111, 1.496011352533726857 ) ) ;
#1542 = CARTESIAN_POINT ( 'NONE',  ( -4.415601898828272809, 0.2000000000000000111, -1.936655092675825252 ) ) ;
#1543 = AXIS2_PLACEMENT_3D ( 'NONE', #2119, #2095, #1022 ) ;
#1544 = VERTEX_POINT ( 'NONE', #1936 ) ;
#1545 = CARTESIAN_POINT ( 'NONE',  ( 4.744741829972438651, 0.5999999999999999778, 1.696011352533727257 ) ) ;
#1546 = CYLINDRICAL_SURFACE ( 'NONE', #2611, 0.1000000000000000888 ) ;
#1547 = EDGE_LOOP ( 'NONE', ( #606, #1249, #2277, #1862 ) ) ;
#1548 = AXIS2_PLACEMENT_3D ( 'NONE', #2535, #1383, #1867 ) ;
#1549 = CARTESIAN_POINT ( 'NONE',  ( -4.648618534062513241, 0.2000000000000000111, -2.037546496345663982 ) ) ;
#1550 = VECTOR ( 'NONE', #433, 100.0000000000000000 ) ;
#1551 = EDGE_CURVE ( 'NONE', #2339, #139, #1711, .T. ) ;
#1552 = ORIENTED_EDGE ( 'NONE', *, *, #950, .F. ) ;
#1553 = CARTESIAN_POINT ( 'NONE',  ( -4.724801270274600284, 0.2000000000000000111, -0.8463172906253997319 ) ) ;
#1554 = AXIS2_PLACEMENT_3D ( 'NONE', #2817, #770, #1914 ) ;
#1555 = CIRCLE ( 'NONE', #523, 0.1000000000000000888 ) ;
#1556 = PERSON_AND_ORGANIZATION_ROLE ( 'design_supplier' ) ;
#1557 = AXIS2_PLACEMENT_3D ( 'NONE', #1376, #1684, #2066 ) ;
#1558 = EDGE_CURVE ( 'NONE', #1134, #555, #2118, .T. ) ;
#1559 = VERTEX_POINT ( 'NONE', #589 ) ;
#1560 = ADVANCED_FACE ( 'NONE', ( #2832 ), #1007, .F. ) ;
#1561 = CARTESIAN_POINT ( 'NONE',  ( -4.626367910477214629, 0.2000000000000000111, -0.8286856804040374502 ) ) ;
#1562 = CIRCLE ( 'NONE', #716, 0.2000000000000008715 ) ;
#1563 = CYLINDRICAL_SURFACE ( 'NONE', #1438, 4.700000000000000178 ) ;
#1564 = CARTESIAN_POINT ( 'NONE',  ( -5.117179922239822432, 0.5999999999999999778, -0.9243752719678569596 ) ) ;
#1565 = VERTEX_POINT ( 'NONE', #144 ) ;
#1566 = DIRECTION ( 'NONE',  ( -0.000000000000000000, -1.000000000000000000, -0.000000000000000000 ) ) ;
#1567 = DIRECTION ( 'NONE',  ( 0.000000000000000000, 0.000000000000000000, 1.000000000000000000 ) ) ;
#1568 = ORIENTED_EDGE ( 'NONE', *, *, #837, .T. ) ;
#1569 = CARTESIAN_POINT ( 'NONE',  ( -4.744741829972417335, 0.5999999999999999778, 1.696011352533798089 ) ) ;
#1570 = ORIENTED_EDGE ( 'NONE', *, *, #2906, .T. ) ;
#1571 = DIRECTION ( 'NONE',  ( -0.000000000000000000, -1.000000000000000000, -0.000000000000000000 ) ) ;
#1572 = APPROVAL_ROLE ( '' ) ;
#1573 = ORIENTED_EDGE ( 'NONE', *, *, #1117, .T. ) ;
#1574 = CARTESIAN_POINT ( 'NONE',  ( -2.250000000000000444, 0.2000000000000000111, 4.688016638195731112 ) ) ;
#1575 = EDGE_CURVE ( 'NONE', #2176, #2337, #129, .T. ) ;
#1576 = CARTESIAN_POINT ( 'NONE',  ( 0.000000000000000000, 0.2000000000000000111, 0.000000000000000000 ) ) ;
#1577 = ORIENTED_EDGE ( 'NONE', *, *, #2629, .F. ) ;
#1578 = CARTESIAN_POINT ( 'NONE',  ( 1.936655092675838796, 0.2000000000000000111, -4.415601898828269256 ) ) ;
#1579 = CARTESIAN_POINT ( 'NONE',  ( -4.744741829972417335, 0.2000000000000000111, 1.496011352533797689 ) ) ;
#1580 = ORIENTED_EDGE ( 'NONE', *, *, #34, .F. ) ;
#1581 = DIRECTION ( 'NONE',  ( -0.000000000000000000, 1.000000000000000000, -0.000000000000000000 ) ) ;
#1582 = ORIENTED_EDGE ( 'NONE', *, *, #2035, .T. ) ;
#1583 = DIRECTION ( 'NONE',  ( 0.000000000000000000, 0.000000000000000000, -1.000000000000000000 ) ) ;
#1584 = PERSON_AND_ORGANIZATION_ROLE ( 'creator' ) ;
#1585 = ORIENTED_EDGE ( 'NONE', *, *, #2939, .F. ) ;
#1586 = DIRECTION ( 'NONE',  ( 0.000000000000000000, 0.000000000000000000, 1.000000000000000000 ) ) ;
#1587 = AXIS2_PLACEMENT_3D ( 'NONE', #1433, #572, #2342 ) ;
#1588 = DIRECTION ( 'NONE',  ( -0.000000000000000000, -1.000000000000000000, -0.000000000000000000 ) ) ;
#1589 = EDGE_CURVE ( 'NONE', #907, #1341, #1448, .T. ) ;
#1590 = ORIENTED_EDGE ( 'NONE', *, *, #398, .T. ) ;
#1591 = CIRCLE ( 'NONE', #1967, 0.09999999999999992228 ) ;
#1592 = LINE ( 'NONE', #2300, #1634 ) ;
#1593 = CIRCLE ( 'NONE', #2556, 0.2000000000000003442 ) ;
#1594 = FACE_OUTER_BOUND ( 'NONE', #1897, .T. ) ;
#1595 = EDGE_LOOP ( 'NONE', ( #1853, #2829, #2008, #237 ) ) ;
#1596 = DIRECTION ( 'NONE',  ( -0.000000000000000000, 1.000000000000000000, -0.000000000000000000 ) ) ;
#1597 = AXIS2_PLACEMENT_3D ( 'NONE', #2813, #767, #1432 ) ;
#1598 = VERTEX_POINT ( 'NONE', #1268 ) ;
#1599 = CYLINDRICAL_SURFACE ( 'NONE', #2227, 0.2000000000000008715 ) ;
#1600 = ORIENTED_EDGE ( 'NONE', *, *, #141, .F. ) ;
#1601 = VECTOR ( 'NONE', #2828, 100.0000000000000000 ) ;
#1602 = AXIS2_PLACEMENT_3D ( 'NONE', #1291, #670, #2909 ) ;
#1603 = DIRECTION ( 'NONE',  ( 0.000000000000000000, 0.000000000000000000, 1.000000000000000000 ) ) ;
#1604 = CIRCLE ( 'NONE', #2474, 4.700000000000000178 ) ;
#1605 = DIRECTION ( 'NONE',  ( 0.000000000000000000, 0.000000000000000000, 1.000000000000000000 ) ) ;
#1606 = EDGE_LOOP ( 'NONE', ( #2480, #1585 ) ) ;
#1607 = CARTESIAN_POINT ( 'NONE',  ( -4.265013310921718315, 0.5999999999999999778, -1.974756050164313326 ) ) ;
#1608 = ADVANCED_FACE ( 'NONE', ( #2179 ), #1050, .F. ) ;
#1609 = LINE ( 'NONE', #1848, #1797 ) ;
#1610 = ORIENTED_EDGE ( 'NONE', *, *, #15, .F. ) ;
#1611 = DIRECTION ( 'NONE',  ( 0.000000000000000000, 1.000000000000000000, 0.000000000000000000 ) ) ;
#1612 = EDGE_CURVE ( 'NONE', #363, #1613, #657, .T. ) ;
#1613 = VERTEX_POINT ( 'NONE', #1094 ) ;
#1614 = CYLINDRICAL_SURFACE ( 'NONE', #236, 4.700000000000000178 ) ;
#1615 = CARTESIAN_POINT ( 'NONE',  ( 0.000000000000000000, 0.5999999999999999778, 0.000000000000000000 ) ) ;
#1616 = PERSON_AND_ORGANIZATION ( #543, #656 ) ;
#1617 = VERTEX_POINT ( 'NONE', #2502 ) ;
#1618 = CARTESIAN_POINT ( 'NONE',  ( 4.265013310921689893, 0.2000000000000000111, -1.974756050164375942 ) ) ;
#1619 = CARTESIAN_POINT ( 'NONE',  ( 2.250000000000000444, 0.5999999999999999778, 5.018714974971183018 ) ) ;
#1620 = LINE ( 'NONE', #2314, #2608 ) ;
#1621 = DIRECTION ( 'NONE',  ( 0.000000000000000000, 1.000000000000000000, 0.000000000000000000 ) ) ;
#1622 = DIRECTION ( 'NONE',  ( 0.000000000000000000, 1.000000000000000000, 0.000000000000000000 ) ) ;
#1623 = ORIENTED_EDGE ( 'NONE', *, *, #104, .T. ) ;
#1624 = DIRECTION ( 'NONE',  ( 0.000000000000000000, 0.000000000000000000, 1.000000000000000000 ) ) ;
#1625 = ORIENTED_EDGE ( 'NONE', *, *, #952, .T. ) ;
#1626 = CARTESIAN_POINT ( 'NONE',  ( -1.496011352533779704, 0.5999999999999999778, -4.744741829972421776 ) ) ;
#1627 = VERTEX_POINT ( 'NONE', #2256 ) ;
#1628 = EDGE_CURVE ( 'NONE', #226, #955, #863, .T. ) ;
#1629 = DIRECTION ( 'NONE',  ( 0.000000000000000000, 0.000000000000000000, 1.000000000000000000 ) ) ;
#1630 = DIRECTION ( 'NONE',  ( 0.000000000000000000, 1.000000000000000000, 0.000000000000000000 ) ) ;
#1631 = ORIENTED_EDGE ( 'NONE', *, *, #1105, .T. ) ;
#1632 = CARTESIAN_POINT ( 'NONE',  ( -4.415601898828246163, 0.2000000000000000111, 1.936655092675891865 ) ) ;
#1633 = CYLINDRICAL_SURFACE ( 'NONE', #1656, 0.1000000000000000056 ) ;
#1634 = VECTOR ( 'NONE', #1162, 100.0000000000000000 ) ;
#1635 = ORIENTED_EDGE ( 'NONE', *, *, #2920, .T. ) ;
#1636 = DIRECTION ( 'NONE',  ( 0.000000000000000000, 0.000000000000000000, 1.000000000000000000 ) ) ;
#1637 = CIRCLE ( 'NONE', #216, 0.1000000000000000888 ) ;
#1638 = ORIENTED_EDGE ( 'NONE', *, *, #2940, .F. ) ;
#1639 = CARTESIAN_POINT ( 'NONE',  ( -0.8286856804040929614, 0.2000000000000000111, -4.626367910477203083 ) ) ;
#1640 = EDGE_CURVE ( 'NONE', #2878, #54, #1130, .T. ) ;
#1641 = VERTEX_POINT ( 'NONE', #1520 ) ;
#1642 = CIRCLE ( 'NONE', #607, 0.5499999999999983791 ) ;
#1643 = FACE_OUTER_BOUND ( 'NONE', #481, .T. ) ;
#1644 = EDGE_CURVE ( 'NONE', #876, #2925, #177, .T. ) ;
#1645 = AXIS2_PLACEMENT_3D ( 'NONE', #1576, #915, #928 ) ;
#1646 = CARTESIAN_POINT ( 'NONE',  ( 2.016772136338038202, 0.2000000000000000111, -4.355758274983875467 ) ) ;
#1647 = AXIS2_PLACEMENT_3D ( 'NONE', #1469, #1252, #2588 ) ;
#1648 = EDGE_CURVE ( 'NONE', #2685, #2184, #2167, .T. ) ;
#1649 = CIRCLE ( 'NONE', #2034, 4.700000000000000178 ) ;
#1650 = AXIS2_PLACEMENT_3D ( 'NONE', #491, #2091, #1636 ) ;
#1651 = DIRECTION ( 'NONE',  ( -0.000000000000000000, -1.000000000000000000, -0.000000000000000000 ) ) ;
#1652 = CARTESIAN_POINT ( 'NONE',  ( -2.250000000000000444, 0.5999999999999999778, 3.781203512110924869 ) ) ;
#1653 = AXIS2_PLACEMENT_3D ( 'NONE', #370, #2867, #2631 ) ;
#1654 = VERTEX_POINT ( 'NONE', #1759 ) ;
#1655 = LINE ( 'NONE', #1414, #521 ) ;
#1656 = AXIS2_PLACEMENT_3D ( 'NONE', #2318, #210, #2783 ) ;
#1657 = ORIENTED_EDGE ( 'NONE', *, *, #2827, .T. ) ;
#1658 = DIRECTION ( 'NONE',  ( 0.000000000000000000, 0.000000000000000000, 1.000000000000000000 ) ) ;
#1659 = ORIENTED_EDGE ( 'NONE', *, *, #2090, .T. ) ;
#1660 = CARTESIAN_POINT ( 'NONE',  ( 0.000000000000000000, 0.2000000000000000111, 0.000000000000000000 ) ) ;
#1661 = DIRECTION ( 'NONE',  ( 0.000000000000000000, 0.000000000000000000, 1.000000000000000000 ) ) ;
#1662 = EDGE_CURVE ( 'NONE', #1223, #1906, #1738, .T. ) ;
#1663 = DIRECTION ( 'NONE',  ( -0.000000000000000000, -1.000000000000000000, -0.000000000000000000 ) ) ;
#1664 = LINE ( 'NONE', #1903, #131 ) ;
#1665 = EDGE_LOOP ( 'NONE', ( #47, #1253, #84, #2377 ) ) ;
#1666 = DIRECTION ( 'NONE',  ( -0.000000000000000000, 1.000000000000000000, -0.000000000000000000 ) ) ;
#1667 = EDGE_LOOP ( 'NONE', ( #1106, #1064, #817, #2267 ) ) ;
#1668 = FACE_OUTER_BOUND ( 'NONE', #2886, .T. ) ;
#1669 = ORIENTED_EDGE ( 'NONE', *, *, #860, .T. ) ;
#1670 = CARTESIAN_POINT ( 'NONE',  ( 4.744741829972438651, 0.5999999999999999778, 1.496011352533726857 ) ) ;
#1671 = DIRECTION ( 'NONE',  ( 0.000000000000000000, 0.000000000000000000, -1.000000000000000000 ) ) ;
#1672 = CARTESIAN_POINT ( 'NONE',  ( -1.974756050164360843, 0.5999999999999999778, -4.265013310921696998 ) ) ;
#1673 = CARTESIAN_POINT ( 'NONE',  ( 5.018772616042902257, 0.2000000000000000111, 0.9065988244300139387 ) ) ;
#1674 = ADVANCED_FACE ( 'NONE', ( #640 ), #172, .F. ) ;
#1675 = ORIENTED_EDGE ( 'NONE', *, *, #2499, .T. ) ;
#1676 = CARTESIAN_POINT ( 'NONE',  ( 4.721948268643688884, 0.2000000000000000111, -2.177889930242773442 ) ) ;
#1677 = AXIS2_PLACEMENT_3D ( 'NONE', #1391, #17, #229 ) ;
#1678 = VERTEX_POINT ( 'NONE', #2893 ) ;
#1679 = EDGE_CURVE ( 'NONE', #2681, #304, #399, .T. ) ;
#1680 = CIRCLE ( 'NONE', #791, 5.200000000000000178 ) ;
#1681 = LINE ( 'NONE', #2143, #1837 ) ;
#1682 = AXIS2_PLACEMENT_3D ( 'NONE', #2567, #300, #998 ) ;
#1683 = ORIENTED_EDGE ( 'NONE', *, *, #1790, .F. ) ;
#1684 = DIRECTION ( 'NONE',  ( -0.000000000000000000, 1.000000000000000000, -0.000000000000000000 ) ) ;
#1685 = DIRECTION ( 'NONE',  ( -0.000000000000000000, -1.000000000000000000, -0.000000000000000000 ) ) ;
#1686 = LINE ( 'NONE', #736, #2808 ) ;
#1687 = CIRCLE ( 'NONE', #2072, 4.700000000000001066 ) ;
#1688 = CARTESIAN_POINT ( 'NONE',  ( 2.177889930242725036, 0.2000000000000000111, -4.721948268643711089 ) ) ;
#1689 = VECTOR ( 'NONE', #1743, 100.0000000000000000 ) ;
#1690 = CARTESIAN_POINT ( 'NONE',  ( 0.000000000000000000, 0.5999999999999999778, 0.000000000000000000 ) ) ;
#1691 = VERTEX_POINT ( 'NONE', #1063 ) ;
#1692 = VECTOR ( 'NONE', #2006, 100.0000000000000000 ) ;
#1693 = VECTOR ( 'NONE', #279, 100.0000000000000000 ) ;
#1694 = EDGE_CURVE ( 'NONE', #546, #1750, #609, .T. ) ;
#1695 = DIRECTION ( 'NONE',  ( -0.000000000000000000, -1.000000000000000000, -0.000000000000000000 ) ) ;
#1696 = AXIS2_PLACEMENT_3D ( 'NONE', #1154, #2278, #2730 ) ;
#1697 = ORIENTED_EDGE ( 'NONE', *, *, #53, .T. ) ;
#1698 = CIRCLE ( 'NONE', #2127, 0.5500000000000030420 ) ;
#1699 = EDGE_CURVE ( 'NONE', #1803, #2442, #846, .T. ) ;
#1700 = DIRECTION ( 'NONE',  ( 1.734723475976805517E-15, 0.000000000000000000, 1.000000000000000000 ) ) ;
#1701 = APPROVAL ( #483, 'UNSPECIFIED' ) ;
#1702 = EDGE_LOOP ( 'NONE', ( #262, #1849 ) ) ;
#1703 = VERTEX_POINT ( 'NONE', #2693 ) ;
#1704 = DIRECTION ( 'NONE',  ( 0.000000000000000000, 0.000000000000000000, -1.000000000000000000 ) ) ;
#1705 = CARTESIAN_POINT ( 'NONE',  ( 4.976614033570522899, 0.5999999999999999778, 0.9972776749075092928 ) ) ;
#1706 = CARTESIAN_POINT ( 'NONE',  ( -2.250000000000000444, 0.2000000000000000111, 4.688016638195731112 ) ) ;
#1707 = CARTESIAN_POINT ( 'NONE',  ( -5.117179922239808221, 0.5999999999999999778, 0.9243752719679352303 ) ) ;
#1708 = ORIENTED_EDGE ( 'NONE', *, *, #1426, .F. ) ;
#1709 = CYLINDRICAL_SURFACE ( 'NONE', #1360, 0.1000000000000000888 ) ;
#1710 = ORIENTED_EDGE ( 'NONE', *, *, #2090, .F. ) ;
#1711 = LINE ( 'NONE', #2877, #2368 ) ;
#1712 = EDGE_CURVE ( 'NONE', #1895, #2533, #1076, .T. ) ;
#1713 = ORIENTED_EDGE ( 'NONE', *, *, #781, .T. ) ;
#1714 = DIRECTION ( 'NONE',  ( 0.000000000000000000, 0.000000000000000000, 1.000000000000000000 ) ) ;
#1715 = CARTESIAN_POINT ( 'NONE',  ( 5.018772616042902257, 0.2000000000000000111, 1.006598824430014139 ) ) ;
#1716 = CARTESIAN_POINT ( 'NONE',  ( 2.250000000000000444, 0.2000000000000000111, 3.781203512110924869 ) ) ;
#1717 = ORIENTED_EDGE ( 'NONE', *, *, #2964, .F. ) ;
#1718 = FACE_OUTER_BOUND ( 'NONE', #1665, .T. ) ;
#1719 = DIRECTION ( 'NONE',  ( 0.000000000000000000, 0.000000000000000000, 1.000000000000000000 ) ) ;
#1720 = ORIENTED_EDGE ( 'NONE', *, *, #2898, .F. ) ;
#1721 = CYLINDRICAL_SURFACE ( 'NONE', #1315, 0.2000000000000008715 ) ;
#1722 = DIRECTION ( 'NONE',  ( 0.000000000000000000, 1.000000000000000000, 0.000000000000000000 ) ) ;
#1723 = ORIENTED_EDGE ( 'NONE', *, *, #642, .T. ) ;
#1724 = CYLINDRICAL_SURFACE ( 'NONE', #1889, 0.2000000000000003442 ) ;
#1725 = VECTOR ( 'NONE', #316, 100.0000000000000000 ) ;
#1726 = ORIENTED_EDGE ( 'NONE', *, *, #742, .T. ) ;
#1727 = AXIS2_PLACEMENT_3D ( 'NONE', #241, #2051, #12 ) ;
#1728 = CARTESIAN_POINT ( 'NONE',  ( 4.721948268643688884, 0.5999999999999999778, -2.177889930242773442 ) ) ;
#1729 =( NAMED_UNIT ( * ) SI_UNIT ( $, .STERADIAN. ) SOLID_ANGLE_UNIT ( ) );
#1730 = FACE_OUTER_BOUND ( 'NONE', #1480, .T. ) ;
#1731 = ORIENTED_EDGE ( 'NONE', *, *, #1733, .T. ) ;
#1732 = CARTESIAN_POINT ( 'NONE',  ( 2.250000000000000444, 0.2000000000000000111, 4.126439142893058687 ) ) ;
#1733 = EDGE_CURVE ( 'NONE', #2245, #2046, #2728, .T. ) ;
#1734 = ADVANCED_FACE ( 'NONE', ( #1310 ), #215, .T. ) ;
#1735 = DIRECTION ( 'NONE',  ( 0.000000000000000000, 1.000000000000000000, 0.000000000000000000 ) ) ;
#1736 = VECTOR ( 'NONE', #506, 100.0000000000000000 ) ;
#1737 = ORIENTED_EDGE ( 'NONE', *, *, #1259, .F. ) ;
#1738 = CIRCLE ( 'NONE', #2467, 0.1000000000000000888 ) ;
#1739 = FACE_BOUND ( 'NONE', #627, .T. ) ;
#1740 = CARTESIAN_POINT ( 'NONE',  ( 1.496011352533743954, 0.2000000000000000111, -4.744741829972433322 ) ) ;
#1741 = VECTOR ( 'NONE', #2433, 100.0000000000000000 ) ;
#1742 = ORIENTED_EDGE ( 'NONE', *, *, #1712, .F. ) ;
#1743 = DIRECTION ( 'NONE',  ( -0.000000000000000000, 1.000000000000000000, -0.000000000000000000 ) ) ;
#1744 = AXIS2_PLACEMENT_3D ( 'NONE', #1871, #2569, #1661 ) ;
#1745 = AXIS2_PLACEMENT_3D ( 'NONE', #1939, #1988, #1714 ) ;
#1746 = VERTEX_POINT ( 'NONE', #1787 ) ;
#1747 = CIRCLE ( 'NONE', #2178, 5.200000000000000178 ) ;
#1748 = CARTESIAN_POINT ( 'NONE',  ( -4.631141571169769655, 0.5999999999999999778, 2.136007431584262761 ) ) ;
#1749 = DIRECTION ( 'NONE',  ( 0.000000000000000000, -0.000000000000000000, 1.000000000000000000 ) ) ;
#1750 = VERTEX_POINT ( 'NONE', #892 ) ;
#1751 = CARTESIAN_POINT ( 'NONE',  ( 0.9065988244300420273, 0.5999999999999999778, -5.018772616042897816 ) ) ;
#1752 = CARTESIAN_POINT ( 'NONE',  ( -4.744741829972417335, 0.5999999999999999778, 1.496011352533797689 ) ) ;
#1753 = ADVANCED_FACE ( 'NONE', ( #2488 ), #447, .F. ) ;
#1754 = VERTEX_POINT ( 'NONE', #503 ) ;
#1755 = EDGE_CURVE ( 'NONE', #1359, #1019, #1311, .T. ) ;
#1756 = DIRECTION ( 'NONE',  ( -0.000000000000000000, -1.000000000000000000, -0.000000000000000000 ) ) ;
#1757 = DIRECTION ( 'NONE',  ( -0.000000000000000000, -1.000000000000000000, -0.000000000000000000 ) ) ;
#1758 = VERTEX_POINT ( 'NONE', #247 ) ;
#1759 = CARTESIAN_POINT ( 'NONE',  ( -2.250000000000000444, 0.5999999999999999778, 5.018714974971183018 ) ) ;
#1760 = ORIENTED_EDGE ( 'NONE', *, *, #1280, .T. ) ;
#1761 = FACE_OUTER_BOUND ( 'NONE', #1425, .T. ) ;
#1762 = LINE ( 'NONE', #161, #2116 ) ;
#1763 = ORIENTED_EDGE ( 'NONE', *, *, #32, .T. ) ;
#1764 = FACE_OUTER_BOUND ( 'NONE', #748, .T. ) ;
#1765 = CARTESIAN_POINT ( 'NONE',  ( -5.018772616042888934, 0.2000000000000000111, 1.006598824430090300 ) ) ;
#1766 = ORIENTED_EDGE ( 'NONE', *, *, #833, .F. ) ;
#1767 = FACE_BOUND ( 'NONE', #1606, .T. ) ;
#1768 = EDGE_CURVE ( 'NONE', #1111, #1986, #2800, .T. ) ;
#1769 = PLANE ( 'NONE',  #621 ) ;
#1770 = ORIENTED_EDGE ( 'NONE', *, *, #2326, .F. ) ;
#1771 = CARTESIAN_POINT ( 'NONE',  ( 0.000000000000000000, 0.5999999999999999778, 0.000000000000000000 ) ) ;
#1772 = EDGE_CURVE ( 'NONE', #100, #964, #986, .T. ) ;
#1773 = ADVANCED_FACE ( 'NONE', ( #1198 ), #729, .F. ) ;
#1774 = VERTEX_POINT ( 'NONE', #963 ) ;
#1775 = LINE ( 'NONE', #849, #1184 ) ;
#1776 = DIRECTION ( 'NONE',  ( -0.000000000000000000, 1.000000000000000000, -0.000000000000000000 ) ) ;
#1777 = ORIENTED_EDGE ( 'NONE', *, *, #1437, .F. ) ;
#1778 = LINE ( 'NONE', #719, #275 ) ;
#1779 = AXIS2_PLACEMENT_3D ( 'NONE', #1191, #311, #1202 ) ;
#1780 = CARTESIAN_POINT ( 'NONE',  ( -4.724801270274589626, 0.2000000000000000111, 0.8463172906254671224 ) ) ;
#1781 = CARTESIAN_POINT ( 'NONE',  ( -0.9243752719679214636, 0.2000000000000000111, -5.117179922239809997 ) ) ;
#1782 = ORIENTED_EDGE ( 'NONE', *, *, #1755, .F. ) ;
#1783 = CARTESIAN_POINT ( 'NONE',  ( -2.016772136338070176, 0.5999999999999999778, -4.355758274983859479 ) ) ;
#1784 = DIRECTION ( 'NONE',  ( 0.000000000000000000, 0.000000000000000000, 1.000000000000000000 ) ) ;
#1785 = ORIENTED_EDGE ( 'NONE', *, *, #2497, .F. ) ;
#1786 = EDGE_CURVE ( 'NONE', #1817, #2015, #758, .T. ) ;
#1787 = CARTESIAN_POINT ( 'NONE',  ( 1.496011352533743954, 0.5999999999999999778, -4.944741829972434388 ) ) ;
#1788 = AXIS2_PLACEMENT_3D ( 'NONE', #828, #1722, #1962 ) ;
#1789 = ORIENTED_EDGE ( 'NONE', *, *, #1247, .T. ) ;
#1790 = EDGE_CURVE ( 'NONE', #1267, #555, #1655, .T. ) ;
#1791 = CARTESIAN_POINT ( 'NONE',  ( -2.177889930242757899, 0.2000000000000000111, -4.721948268643695990 ) ) ;
#1792 = CIRCLE ( 'NONE', #1645, 5.200000000000000178 ) ;
#1793 = AXIS2_PLACEMENT_3D ( 'NONE', #365, #97, #1005 ) ;
#1794 = COORDINATED_UNIVERSAL_TIME_OFFSET ( 9, 0, .AHEAD. ) ;
#1795 = AXIS2_PLACEMENT_3D ( 'NONE', #1272, #1079, #1535 ) ;
#1796 = EDGE_LOOP ( 'NONE', ( #643, #2427 ) ) ;
#1797 = VECTOR ( 'NONE', #1352, 100.0000000000000000 ) ;
#1798 = CARTESIAN_POINT ( 'NONE',  ( -5.018772616042902257, 0.5999999999999999778, -0.9065988244300134946 ) ) ;
#1799 = DIRECTION ( 'NONE',  ( 0.000000000000000000, 1.000000000000000000, 0.000000000000000000 ) ) ;
#1800 = VERTEX_POINT ( 'NONE', #920 ) ;
#1801 = CARTESIAN_POINT ( 'NONE',  ( 4.355758274983853262, 0.2000000000000000111, -2.016772136338086163 ) ) ;
#1802 = CARTESIAN_POINT ( 'NONE',  ( -1.936655092675871437, 0.2000000000000000111, -4.415601898828254157 ) ) ;
#1803 = VERTEX_POINT ( 'NONE', #39 ) ;
#1804 = CARTESIAN_POINT ( 'NONE',  ( -4.724801270274600284, 0.2000000000000000111, -0.8463172906253997319 ) ) ;
#1805 = EDGE_LOOP ( 'NONE', ( #2771, #1911, #2026, #2688 ) ) ;
#1806 = DIRECTION ( 'NONE',  ( 0.000000000000000000, 1.000000000000000000, 0.000000000000000000 ) ) ;
#1807 = ADVANCED_FACE ( 'NONE', ( #2273 ), #2290, .F. ) ;
#1808 = ORIENTED_EDGE ( 'NONE', *, *, #2845, .F. ) ;
#1809 = DIRECTION ( 'NONE',  ( 0.000000000000000000, 1.000000000000000000, 0.000000000000000000 ) ) ;
#1810 = ADVANCED_FACE ( 'NONE', ( #2757 ), #67, .T. ) ;
#1811 = DIRECTION ( 'NONE',  ( 0.000000000000000000, 0.000000000000000000, 1.000000000000000000 ) ) ;
#1812 = VERTEX_POINT ( 'NONE', #235 ) ;
#1813 = DIRECTION ( 'NONE',  ( 0.000000000000000000, 1.000000000000000000, 0.000000000000000000 ) ) ;
#1814 = DIRECTION ( 'NONE',  ( -0.000000000000000000, 1.000000000000000000, -0.000000000000000000 ) ) ;
#1815 = VERTEX_POINT ( 'NONE', #715 ) ;
#1816 = CARTESIAN_POINT ( 'NONE',  ( 4.744741829972438651, 0.2000000000000000111, 1.496011352533726857 ) ) ;
#1817 = VERTEX_POINT ( 'NONE', #2071 ) ;
#1818 = DIRECTION ( 'NONE',  ( 0.000000000000000000, 0.000000000000000000, 1.000000000000000000 ) ) ;
#1819 = DATE_AND_TIME ( #895, #510 ) ;
#1820 = ORIENTED_EDGE ( 'NONE', *, *, #88, .T. ) ;
#1821 = EDGE_CURVE ( 'NONE', #2434, #858, #2031, .T. ) ;
#1822 = CARTESIAN_POINT ( 'NONE',  ( -4.631141571169798965, 0.2000000000000000111, -2.136007431584197480 ) ) ;
#1823 = AXIS2_PLACEMENT_3D ( 'NONE', #2592, #2387, #347 ) ;
#1824 = DIRECTION ( 'NONE',  ( -0.000000000000000000, -1.000000000000000000, -0.000000000000000000 ) ) ;
#1825 = ORIENTED_EDGE ( 'NONE', *, *, #2773, .T. ) ;
#1826 = AXIS2_PLACEMENT_3D ( 'NONE', #735, #48, #689 ) ;
#1827 = EDGE_CURVE ( 'NONE', #2337, #909, #2320, .T. ) ;
#1828 = DIRECTION ( 'NONE',  ( 0.000000000000000000, 0.000000000000000000, 1.000000000000000000 ) ) ;
#1829 = ADVANCED_FACE ( 'NONE', ( #2739 ), #698, .T. ) ;
#1830 = CARTESIAN_POINT ( 'NONE',  ( 4.744741829972438651, 0.2000000000000000111, 1.496011352533726857 ) ) ;
#1831 = ORIENTED_EDGE ( 'NONE', *, *, #1015, .T. ) ;
#1832 = DIRECTION ( 'NONE',  ( 0.000000000000000000, 0.000000000000000000, 1.000000000000000000 ) ) ;
#1833 = AXIS2_PLACEMENT_3D ( 'NONE', #1626, #1417, #58 ) ;
#1834 = EDGE_LOOP ( 'NONE', ( #37, #2180, #1808, #2103 ) ) ;
#1835 = CARTESIAN_POINT ( 'NONE',  ( 0.000000000000000000, 0.2000000000000000111, 0.000000000000000000 ) ) ;
#1836 = CARTESIAN_POINT ( 'NONE',  ( -4.724801270274600284, 0.5999999999999999778, -0.9463172906253998207 ) ) ;
#1837 = VECTOR ( 'NONE', #2426, 100.0000000000000000 ) ;
#1838 = DATE_AND_TIME ( #2491, #601 ) ;
#1839 = VERTEX_POINT ( 'NONE', #2057 ) ;
#1840 = CIRCLE ( 'NONE', #1035, 4.700000000000000178 ) ;
#1841 = CIRCLE ( 'NONE', #2419, 0.2000000000000003442 ) ;
#1842 = DIRECTION ( 'NONE',  ( -1.000000000000000000, 0.000000000000000000, -4.272805472570675854E-16 ) ) ;
#1843 = VECTOR ( 'NONE', #2084, 100.0000000000000000 ) ;
#1844 = CARTESIAN_POINT ( 'NONE',  ( 2.037546496345677749, 0.2000000000000000111, -4.648618534062507912 ) ) ;
#1845 = DIRECTION ( 'NONE',  ( 0.000000000000000000, 0.000000000000000000, 1.000000000000000000 ) ) ;
#1846 = AXIS2_PLACEMENT_3D ( 'NONE', #396, #2437, #1947 ) ;
#1847 = DIRECTION ( 'NONE',  ( 0.000000000000000000, -1.000000000000000000, 0.000000000000000000 ) ) ;
#1848 = CARTESIAN_POINT ( 'NONE',  ( 4.976614033570507800, 0.2000000000000000111, -0.9972776749075866753 ) ) ;
#1849 = ORIENTED_EDGE ( 'NONE', *, *, #248, .T. ) ;
#1850 = EDGE_CURVE ( 'NONE', #285, #997, #2279, .T. ) ;
#1851 = CARTESIAN_POINT ( 'NONE',  ( 4.744741829972416447, 0.000000000000000000, -1.496011352533796579 ) ) ;
#1852 = EDGE_CURVE ( 'NONE', #2015, #2472, #1982, .T. ) ;
#1853 = ORIENTED_EDGE ( 'NONE', *, *, #1410, .F. ) ;
#1854 = CYLINDRICAL_SURFACE ( 'NONE', #1356, 5.200000000000000178 ) ;
#1855 = COORDINATED_UNIVERSAL_TIME_OFFSET ( 9, 0, .AHEAD. ) ;
#1856 = ORIENTED_EDGE ( 'NONE', *, *, #1474, .T. ) ;
#1857 = DIRECTION ( 'NONE',  ( 0.000000000000000000, 1.000000000000000000, 0.000000000000000000 ) ) ;
#1858 = FACE_OUTER_BOUND ( 'NONE', #590, .T. ) ;
#1859 = DIRECTION ( 'NONE',  ( -0.000000000000000000, -1.000000000000000000, -0.000000000000000000 ) ) ;
#1860 = CARTESIAN_POINT ( 'NONE',  ( -1.496011352533779704, 0.5999999999999999778, -4.744741829972421776 ) ) ;
#1861 = LINE ( 'NONE', #501, #138 ) ;
#1862 = ORIENTED_EDGE ( 'NONE', *, *, #1551, .F. ) ;
#1863 = EDGE_CURVE ( 'NONE', #1114, #2431, #2303, .T. ) ;
#1864 = CARTESIAN_POINT ( 'NONE',  ( 0.000000000000000000, 0.2000000000000000111, 0.000000000000000000 ) ) ;
#1865 = ORIENTED_EDGE ( 'NONE', *, *, #833, .T. ) ;
#1866 = EDGE_CURVE ( 'NONE', #2418, #438, #2559, .T. ) ;
#1867 = DIRECTION ( 'NONE',  ( 0.000000000000000000, 0.000000000000000000, 1.000000000000000000 ) ) ;
#1868 = ADVANCED_FACE ( 'NONE', ( #2113 ), #772, .F. ) ;
#1869 = ORIENTED_EDGE ( 'NONE', *, *, #88, .F. ) ;
#1870 = CARTESIAN_POINT ( 'NONE',  ( -4.744741829972417335, 0.2000000000000000111, 1.496011352533797689 ) ) ;
#1871 = CARTESIAN_POINT ( 'NONE',  ( 4.744741829972416447, 0.5999999999999999778, -1.496011352533796579 ) ) ;
#1872 = ORIENTED_EDGE ( 'NONE', *, *, #2692, .T. ) ;
#1873 = AXIS2_PLACEMENT_3D ( 'NONE', #2355, #1651, #116 ) ;
#1874 = CARTESIAN_POINT ( 'NONE',  ( -4.631141571169769655, 0.2000000000000000111, 2.136007431584262761 ) ) ;
#1875 = DIRECTION ( 'NONE',  ( -0.000000000000000000, 1.000000000000000000, -0.000000000000000000 ) ) ;
#1876 = CIRCLE ( 'NONE', #2889, 0.2000000000000003442 ) ;
#1877 = EDGE_LOOP ( 'NONE', ( #647, #1521, #191, #2767 ) ) ;
#1878 = CARTESIAN_POINT ( 'NONE',  ( 4.744741829972416447, 0.2000000000000000111, -1.496011352533796579 ) ) ;
#1879 = CIRCLE ( 'NONE', #2261, 0.1000000000000000888 ) ;
#1880 = ORIENTED_EDGE ( 'NONE', *, *, #800, .T. ) ;
#1881 = CIRCLE ( 'NONE', #701, 0.5499999999999991562 ) ;
#1882 = DIRECTION ( 'NONE',  ( 0.000000000000000000, 0.000000000000000000, 1.000000000000000000 ) ) ;
#1883 = ADVANCED_FACE ( 'NONE', ( #587 ), #2378, .F. ) ;
#1884 = ORIENTED_EDGE ( 'NONE', *, *, #1231, .F. ) ;
#1885 = EDGE_CURVE ( 'NONE', #1758, #633, #133, .T. ) ;
#1886 = CYLINDRICAL_SURFACE ( 'NONE', #936, 0.5500000000000030420 ) ;
#1887 = AXIS2_PLACEMENT_3D ( 'NONE', #1147, #1159, #2510 ) ;
#1888 = DIRECTION ( 'NONE',  ( 0.000000000000000000, -1.000000000000000000, 0.000000000000000000 ) ) ;
#1889 = AXIS2_PLACEMENT_3D ( 'NONE', #2821, #2364, #1034 ) ;
#1890 = CYLINDRICAL_SURFACE ( 'NONE', #975, 0.1000000000000000888 ) ;
#1891 = FACE_BOUND ( 'NONE', #2291, .T. ) ;
#1892 = CIRCLE ( 'NONE', #1454, 0.1000000000000000888 ) ;
#1893 = ORIENTED_EDGE ( 'NONE', *, *, #694, .F. ) ;
#1894 = FACE_OUTER_BOUND ( 'NONE', #143, .T. ) ;
#1895 = VERTEX_POINT ( 'NONE', #1208 ) ;
#1896 = CARTESIAN_POINT ( 'NONE',  ( -4.744741829972438651, 0.2000000000000000111, -1.496011352533726191 ) ) ;
#1897 = EDGE_LOOP ( 'NONE', ( #755, #391, #2128, #1904 ) ) ;
#1898 = DIRECTION ( 'NONE',  ( 0.000000000000000000, 0.000000000000000000, 1.000000000000000000 ) ) ;
#1899 = ADVANCED_FACE ( 'NONE', ( #1894 ), #2819, .F. ) ;
#1900 = DIRECTION ( 'NONE',  ( 0.000000000000000000, 0.000000000000000000, 1.000000000000000000 ) ) ;
#1901 = LINE ( 'NONE', #2826, #2354 ) ;
#1902 = EDGE_CURVE ( 'NONE', #1440, #1223, #827, .T. ) ;
#1903 = CARTESIAN_POINT ( 'NONE',  ( -4.727869048689652409, 0.2000000000000000111, -0.9462702232266800850 ) ) ;
#1904 = ORIENTED_EDGE ( 'NONE', *, *, #1385, .F. ) ;
#1905 = CARTESIAN_POINT ( 'NONE',  ( 1.974756050164329091, 0.2000000000000000111, -4.265013310921711209 ) ) ;
#1906 = VERTEX_POINT ( 'NONE', #558 ) ;
#1907 = DIRECTION ( 'NONE',  ( -0.000000000000000000, 1.000000000000000000, -0.000000000000000000 ) ) ;
#1908 = ORIENTED_EDGE ( 'NONE', *, *, #1353, .T. ) ;
#1909 = FACE_OUTER_BOUND ( 'NONE', #2335, .T. ) ;
#1910 = DIRECTION ( 'NONE',  ( 0.000000000000000000, -1.000000000000000000, 0.000000000000000000 ) ) ;
#1911 = ORIENTED_EDGE ( 'NONE', *, *, #2545, .T. ) ;
#1912 = EDGE_CURVE ( 'NONE', #2089, #566, #1841, .T. ) ;
#1913 = FACE_OUTER_BOUND ( 'NONE', #1312, .T. ) ;
#1914 = DIRECTION ( 'NONE',  ( 0.000000000000000000, -0.000000000000000000, 1.000000000000000000 ) ) ;
#1915 = EDGE_CURVE ( 'NONE', #1895, #831, #2079, .T. ) ;
#1916 = EDGE_LOOP ( 'NONE', ( #1657, #1713, #893, #1078 ) ) ;
#1917 = CARTESIAN_POINT ( 'NONE',  ( 4.648618534062485708, 0.2000000000000000111, -2.037546496345729263 ) ) ;
#1918 = VECTOR ( 'NONE', #2623, 100.0000000000000000 ) ;
#1919 = ORIENTED_EDGE ( 'NONE', *, *, #2249, .F. ) ;
#1920 = VECTOR ( 'NONE', #1099, 100.0000000000000000 ) ;
#1921 = CYLINDRICAL_SURFACE ( 'NONE', #1221, 0.5499999999999983791 ) ;
#1922 = EDGE_LOOP ( 'NONE', ( #535, #246, #826, #2070 ) ) ;
#1923 = CYLINDRICAL_SURFACE ( 'NONE', #1557, 0.1000000000000000888 ) ;
#1924 = DIRECTION ( 'NONE',  ( 0.000000000000000000, 0.000000000000000000, 1.000000000000000000 ) ) ;
#1925 = CARTESIAN_POINT ( 'NONE',  ( 0.000000000000000000, 0.2000000000000000111, 0.000000000000000000 ) ) ;
#1926 = VECTOR ( 'NONE', #1200, 100.0000000000000000 ) ;
#1927 = DIRECTION ( 'NONE',  ( -0.000000000000000000, -1.000000000000000000, -0.000000000000000000 ) ) ;
#1928 = VECTOR ( 'NONE', #628, 100.0000000000000000 ) ;
#1929 = CARTESIAN_POINT ( 'NONE',  ( -4.744741829972417335, 0.2000000000000000111, 1.496011352533797689 ) ) ;
#1930 = ORIENTED_EDGE ( 'NONE', *, *, #1156, .T. ) ;
#1931 = VECTOR ( 'NONE', #164, 100.0000000000000000 ) ;
#1932 = AXIS2_PLACEMENT_3D ( 'NONE', #1060, #2888, #637 ) ;
#1933 = CARTESIAN_POINT ( 'NONE',  ( 0.000000000000000000, 0.2000000000000000111, 0.000000000000000000 ) ) ;
#1934 = ADVANCED_FACE ( 'NONE', ( #2153 ), #1721, .F. ) ;
#1935 = EDGE_LOOP ( 'NONE', ( #2635, #2455, #2965, #1568 ) ) ;
#1936 = CARTESIAN_POINT ( 'NONE',  ( -4.727869048689652409, 0.5999999999999999778, -0.9462702232266803071 ) ) ;
#1937 = EDGE_CURVE ( 'NONE', #351, #2573, #1046, .T. ) ;
#1938 = VERTEX_POINT ( 'NONE', #2346 ) ;
#1939 = CARTESIAN_POINT ( 'NONE',  ( 0.000000000000000000, 0.2000000000000000111, 0.000000000000000000 ) ) ;
#1940 = LINE ( 'NONE', #592, #2361 ) ;
#1941 = DIRECTION ( 'NONE',  ( 0.000000000000000000, 0.000000000000000000, 1.000000000000000000 ) ) ;
#1942 = VERTEX_POINT ( 'NONE', #2586 ) ;
#1943 = DIRECTION ( 'NONE',  ( 0.000000000000000000, 0.000000000000000000, 1.000000000000000000 ) ) ;
#1944 = CARTESIAN_POINT ( 'NONE',  ( 4.744741829972416447, 0.000000000000000000, -1.696011352533796757 ) ) ;
#1945 = ORIENTED_EDGE ( 'NONE', *, *, #2620, .T. ) ;
#1946 = DIRECTION ( 'NONE',  ( 0.000000000000000000, 0.000000000000000000, 1.000000000000000000 ) ) ;
#1947 = DIRECTION ( 'NONE',  ( 0.000000000000000000, 0.000000000000000000, -1.000000000000000000 ) ) ;
#1948 = ORIENTED_EDGE ( 'NONE', *, *, #2769, .T. ) ;
#1949 = EDGE_CURVE ( 'NONE', #576, #1774, #545, .T. ) ;
#1950 = DIRECTION ( 'NONE',  ( -0.000000000000000000, 1.000000000000000000, -0.000000000000000000 ) ) ;
#1951 = ORIENTED_EDGE ( 'NONE', *, *, #1937, .F. ) ;
#1952 = EDGE_CURVE ( 'NONE', #134, #1364, #326, .T. ) ;
#1953 = DIRECTION ( 'NONE',  ( -0.000000000000000000, 1.000000000000000000, -0.000000000000000000 ) ) ;
#1954 = EDGE_CURVE ( 'NONE', #1267, #1042, #2275, .T. ) ;
#1955 = CARTESIAN_POINT ( 'NONE',  ( -4.744741829972438651, 0.5999999999999999778, -1.496011352533726191 ) ) ;
#1956 = DIRECTION ( 'NONE',  ( 0.000000000000000000, 0.000000000000000000, -1.000000000000000000 ) ) ;
#1957 = ORIENTED_EDGE ( 'NONE', *, *, #441, .T. ) ;
#1958 = DIRECTION ( 'NONE',  ( -0.000000000000000000, 1.000000000000000000, -0.000000000000000000 ) ) ;
#1959 = DIRECTION ( 'NONE',  ( 0.000000000000000000, 0.000000000000000000, 1.000000000000000000 ) ) ;
#1960 = VERTEX_POINT ( 'NONE', #1905 ) ;
#1961 = CARTESIAN_POINT ( 'NONE',  ( 4.355758274983881684, 0.2000000000000000111, 1.916772136338022348 ) ) ;
#1962 = DIRECTION ( 'NONE',  ( 0.000000000000000000, 0.000000000000000000, 1.000000000000000000 ) ) ;
#1963 = ORIENTED_EDGE ( 'NONE', *, *, #2230, .F. ) ;
#1964 = CARTESIAN_POINT ( 'NONE',  ( 4.265013310921718315, 0.2000000000000000111, 1.974756050164314214 ) ) ;
#1965 = AXIS2_PLACEMENT_3D ( 'NONE', #2125, #94, #1464 ) ;
#1966 = ORIENTED_EDGE ( 'NONE', *, *, #2536, .F. ) ;
#1967 = AXIS2_PLACEMENT_3D ( 'NONE', #1780, #2884, #1943 ) ;
#1968 = DIRECTION ( 'NONE',  ( 0.000000000000000000, 1.000000000000000000, 0.000000000000000000 ) ) ;
#1969 = LINE ( 'NONE', #2897, #1168 ) ;
#1970 = CC_DESIGN_APPROVAL ( #2842, ( #2645 ) ) ;
#1971 = EDGE_CURVE ( 'NONE', #1004, #173, #2830, .T. ) ;
#1972 = DIRECTION ( 'NONE',  ( 0.000000000000000000, 1.000000000000000000, 0.000000000000000000 ) ) ;
#1973 = ORIENTED_EDGE ( 'NONE', *, *, #2292, .F. ) ;
#1974 = CARTESIAN_POINT ( 'NONE',  ( -2.372370914986208668, 0.2000000000000000111, 0.7480056762668988446 ) ) ;
#1975 = DIRECTION ( 'NONE',  ( 0.000000000000000000, 1.000000000000000000, 0.000000000000000000 ) ) ;
#1976 = AXIS2_PLACEMENT_3D ( 'NONE', #822, #2634, #2881 ) ;
#1977 = EDGE_LOOP ( 'NONE', ( #80, #2308, #1528, #404 ) ) ;
#1978 = AXIS2_PLACEMENT_3D ( 'NONE', #2131, #2628, #99 ) ;
#1979 = DIRECTION ( 'NONE',  ( 0.000000000000000000, 1.000000000000000000, 0.000000000000000000 ) ) ;
#1980 = FACE_OUTER_BOUND ( 'NONE', #432, .T. ) ;
#1981 = VECTOR ( 'NONE', #137, 100.0000000000000000 ) ;
#1982 = CIRCLE ( 'NONE', #1650, 4.399999999999999467 ) ;
#1983 = VERTEX_POINT ( 'NONE', #813 ) ;
#1984 = CARTESIAN_POINT ( 'NONE',  ( 0.8463172906254207151, 0.2000000000000000111, -4.724801270274597620 ) ) ;
#1985 = CIRCLE ( 'NONE', #2811, 0.1000000000000000056 ) ;
#1986 = VERTEX_POINT ( 'NONE', #1917 ) ;
#1987 = AXIS2_PLACEMENT_3D ( 'NONE', #430, #2189, #445 ) ;
#1988 = DIRECTION ( 'NONE',  ( 0.000000000000000000, 1.000000000000000000, 0.000000000000000000 ) ) ;
#1989 = PERSON_AND_ORGANIZATION ( #543, #656 ) ;
#1990 = DIRECTION ( 'NONE',  ( 0.000000000000000000, 0.000000000000000000, 1.000000000000000000 ) ) ;
#1991 = ORIENTED_EDGE ( 'NONE', *, *, #398, .F. ) ;
#1992 = DIRECTION ( 'NONE',  ( 0.000000000000000000, 0.000000000000000000, 1.000000000000000000 ) ) ;
#1993 = CARTESIAN_POINT ( 'NONE',  ( -4.744741829972438651, 0.2000000000000000111, -0.9460113525337234819 ) ) ;
#1994 = ORIENTED_EDGE ( 'NONE', *, *, #2618, .T. ) ;
#1995 = EDGE_CURVE ( 'NONE', #2472, #823, #1238, .T. ) ;
#1996 = FACE_OUTER_BOUND ( 'NONE', #2894, .T. ) ;
#1997 = EDGE_CURVE ( 'NONE', #2850, #351, #2656, .T. ) ;
#1998 = DIRECTION ( 'NONE',  ( -0.000000000000000000, 1.000000000000000000, -0.000000000000000000 ) ) ;
#1999 = ORIENTED_EDGE ( 'NONE', *, *, #197, .T. ) ;
#2000 = CARTESIAN_POINT ( 'NONE',  ( 0.000000000000000000, 0.2000000000000000111, 0.000000000000000000 ) ) ;
#2001 = ORIENTED_EDGE ( 'NONE', *, *, #141, .T. ) ;
#2002 = DIRECTION ( 'NONE',  ( -0.000000000000000000, -1.000000000000000000, -0.000000000000000000 ) ) ;
#2003 = DIRECTION ( 'NONE',  ( -0.000000000000000000, 1.000000000000000000, -0.000000000000000000 ) ) ;
#2004 = ORIENTED_EDGE ( 'NONE', *, *, #731, .T. ) ;
#2005 = LINE ( 'NONE', #405, #699 ) ;
#2006 = DIRECTION ( 'NONE',  ( 0.000000000000000000, -1.000000000000000000, 0.000000000000000000 ) ) ;
#2007 = ADVANCED_FACE ( 'NONE', ( #2390 ), #1709, .F. ) ;
#2008 = ORIENTED_EDGE ( 'NONE', *, *, #2787, .T. ) ;
#2009 = LINE ( 'NONE', #887, #2758 ) ;
#2010 = DIRECTION ( 'NONE',  ( 0.000000000000000000, 0.000000000000000000, 1.000000000000000000 ) ) ;
#2011 = EDGE_CURVE ( 'NONE', #304, #204, #2449, .T. ) ;
#2012 = ORIENTED_EDGE ( 'NONE', *, *, #2234, .T. ) ;
#2013 = EDGE_CURVE ( 'NONE', #2870, #1185, #1555, .T. ) ;
#2014 = DIRECTION ( 'NONE',  ( 0.000000000000000000, 0.000000000000000000, -1.000000000000000000 ) ) ;
#2015 = VERTEX_POINT ( 'NONE', #603 ) ;
#2016 = FACE_OUTER_BOUND ( 'NONE', #1935, .T. ) ;
#2017 = DATE_AND_TIME ( #2306, #1025 ) ;
#2018 = AXIS2_PLACEMENT_3D ( 'NONE', #2725, #1813, #258 ) ;
#2019 = ORIENTED_EDGE ( 'NONE', *, *, #419, .T. ) ;
#2020 = AXIS2_PLACEMENT_3D ( 'NONE', #1751, #440, #192 ) ;
#2021 = PLANE ( 'NONE',  #1166 ) ;
#2022 = DIRECTION ( 'NONE',  ( -0.000000000000000000, -1.000000000000000000, -0.000000000000000000 ) ) ;
#2023 = ORIENTED_EDGE ( 'NONE', *, *, #2791, .F. ) ;
#2024 = PLANE ( 'NONE',  #1932 ) ;
#2025 = CARTESIAN_POINT ( 'NONE',  ( 4.355758274983881684, 0.2000000000000000111, 2.016772136338022658 ) ) ;
#2026 = ORIENTED_EDGE ( 'NONE', *, *, #1214, .F. ) ;
#2027 = AXIS2_PLACEMENT_3D ( 'NONE', #1646, #983, #2352 ) ;
#2028 = ADVANCED_FACE ( 'NONE', ( #1996 ), #843, .F. ) ;
#2029 = DIRECTION ( 'NONE',  ( 0.000000000000000000, -1.000000000000000000, 0.000000000000000000 ) ) ;
#2030 = AXIS2_PLACEMENT_3D ( 'NONE', #393, #1289, #1044 ) ;
#2031 = CIRCLE ( 'NONE', #180, 0.2000000000000001776 ) ;
#2032 = ORIENTED_EDGE ( 'NONE', *, *, #1628, .F. ) ;
#2033 = DIRECTION ( 'NONE',  ( 0.000000000000000000, 0.000000000000000000, 1.000000000000000000 ) ) ;
#2034 = AXIS2_PLACEMENT_3D ( 'NONE', #968, #1244, #1218 ) ;
#2035 = EDGE_CURVE ( 'NONE', #2740, #724, #470, .T. ) ;
#2036 = APPROVAL_ROLE ( '' ) ;
#2037 = ORIENTED_EDGE ( 'NONE', *, *, #1790, .T. ) ;
#2038 = AXIS2_PLACEMENT_3D ( 'NONE', #2514, #245, #489 ) ;
#2039 = CARTESIAN_POINT ( 'NONE',  ( -4.355758274983851486, 0.5999999999999999778, 2.016772136338090604 ) ) ;
#2040 = CARTESIAN_POINT ( 'NONE',  ( 4.721948268643688884, 0.2000000000000000111, -2.177889930242773442 ) ) ;
#2041 = ORIENTED_EDGE ( 'NONE', *, *, #1949, .T. ) ;
#2042 = DIRECTION ( 'NONE',  ( -0.000000000000000000, 1.000000000000000000, -0.000000000000000000 ) ) ;
#2043 = DIRECTION ( 'NONE',  ( 0.000000000000000000, 0.000000000000000000, 1.000000000000000000 ) ) ;
#2044 = ORIENTED_EDGE ( 'NONE', *, *, #32, .F. ) ;
#2045 = CARTESIAN_POINT ( 'NONE',  ( 2.250000000000000444, 0.2000000000000000111, 3.781203512110924869 ) ) ;
#2046 = VERTEX_POINT ( 'NONE', #2202 ) ;
#2047 = DIRECTION ( 'NONE',  ( 0.000000000000000000, 0.000000000000000000, -1.000000000000000000 ) ) ;
#2048 = EDGE_CURVE ( 'NONE', #1839, #1185, #2953, .T. ) ;
#2049 = ORIENTED_EDGE ( 'NONE', *, *, #295, .T. ) ;
#2050 = ADVANCED_FACE ( 'NONE', ( #2188, #2923, #429, #1767, #1529, #2934, #873, #153, #395, #1739, #2689, #2707 ), #2024, .T. ) ;
#2051 = DIRECTION ( 'NONE',  ( -0.000000000000000000, -1.000000000000000000, -0.000000000000000000 ) ) ;
#2052 = CARTESIAN_POINT ( 'NONE',  ( -4.744741829972417335, 0.2000000000000000111, 1.496011352533797689 ) ) ;
#2053 = CARTESIAN_POINT ( 'NONE',  ( -4.744741829972438651, 0.5999999999999999778, -0.9460113525337234819 ) ) ;
#2054 = LINE ( 'NONE', #456, #1300 ) ;
#2055 = DIRECTION ( 'NONE',  ( 0.000000000000000000, 0.000000000000000000, 1.000000000000000000 ) ) ;
#2056 = ORIENTED_EDGE ( 'NONE', *, *, #1011, .F. ) ;
#2057 = CARTESIAN_POINT ( 'NONE',  ( 4.355758274983881684, 0.5999999999999999778, 1.916772136338022348 ) ) ;
#2058 = ORIENTED_EDGE ( 'NONE', *, *, #454, .F. ) ;
#2059 = CARTESIAN_POINT ( 'NONE',  ( 0.000000000000000000, 0.2000000000000000111, 0.000000000000000000 ) ) ;
#2060 = CARTESIAN_POINT ( 'NONE',  ( -1.496011352533779704, 0.000000000000000000, -4.744741829972421776 ) ) ;
#2061 = EDGE_LOOP ( 'NONE', ( #2936, #16 ) ) ;
#2062 = DIRECTION ( 'NONE',  ( 0.000000000000000000, 0.000000000000000000, 1.000000000000000000 ) ) ;
#2063 = EDGE_CURVE ( 'NONE', #1678, #155, #666, .T. ) ;
#2064 = AXIS2_PLACEMENT_3D ( 'NONE', #2098, #2512, #930 ) ;
#2065 = DIRECTION ( 'NONE',  ( -0.000000000000000000, 1.000000000000000000, -0.000000000000000000 ) ) ;
#2066 = DIRECTION ( 'NONE',  ( 0.000000000000000000, 0.000000000000000000, 1.000000000000000000 ) ) ;
#2067 = CIRCLE ( 'NONE', #838, 0.1000000000000000888 ) ;
#2068 = CARTESIAN_POINT ( 'NONE',  ( -0.9972776749075696889, 0.5999999999999999778, -4.976614033570511353 ) ) ;
#2069 = DIRECTION ( 'NONE',  ( 0.000000000000000000, 0.000000000000000000, 1.000000000000000000 ) ) ;
#2070 = ORIENTED_EDGE ( 'NONE', *, *, #1768, .T. ) ;
#2071 = CARTESIAN_POINT ( 'NONE',  ( 2.250000000000000444, 0.2000000000000000111, 3.781203512110924869 ) ) ;
#2072 = AXIS2_PLACEMENT_3D ( 'NONE', #494, #2481, #284 ) ;
#2073 = EDGE_LOOP ( 'NONE', ( #484, #1052, #2527, #1400, #2678, #700, #98, #1945, #1625, #527, #703 ) ) ;
#2074 = DIRECTION ( 'NONE',  ( 0.000000000000000000, 1.000000000000000000, 0.000000000000000000 ) ) ;
#2075 = AXIS2_PLACEMENT_3D ( 'NONE', #2615, #1483, #2408 ) ;
#2076 = PERSON_AND_ORGANIZATION ( #543, #656 ) ;
#2077 = ORIENTED_EDGE ( 'NONE', *, *, #248, .F. ) ;
#2078 = CIRCLE ( 'NONE', #1407, 0.2000000000000001776 ) ;
#2079 = CIRCLE ( 'NONE', #564, 0.2000000000000003442 ) ;
#2080 = FACE_OUTER_BOUND ( 'NONE', #217, .T. ) ;
#2081 = AXIS2_PLACEMENT_3D ( 'NONE', #202, #1571, #1818 ) ;
#2082 = CARTESIAN_POINT ( 'NONE',  ( 0.000000000000000000, 0.2000000000000000111, 0.000000000000000000 ) ) ;
#2083 = EDGE_CURVE ( 'NONE', #2691, #1406, #1225, .T. ) ;
#2084 = DIRECTION ( 'NONE',  ( -4.272805472570675854E-16, -0.000000000000000000, -1.000000000000000000 ) ) ;
#2085 = CIRCLE ( 'NONE', #1322, 5.500000000000000000 ) ;
#2086 = CARTESIAN_POINT ( 'NONE',  ( 1.974756050164329091, 0.2000000000000000111, -4.265013310921712097 ) ) ;
#2087 = FACE_OUTER_BOUND ( 'NONE', #524, .T. ) ;
#2088 = ADVANCED_FACE ( 'NONE', ( #2468 ), #1116, .F. ) ;
#2089 = VERTEX_POINT ( 'NONE', #1545 ) ;
#2090 = EDGE_CURVE ( 'NONE', #1746, #805, #859, .T. ) ;
#2091 = DIRECTION ( 'NONE',  ( 0.000000000000000000, 1.000000000000000000, 0.000000000000000000 ) ) ;
#2092 = ORIENTED_EDGE ( 'NONE', *, *, #346, .T. ) ;
#2093 = FACE_OUTER_BOUND ( 'NONE', #1373, .T. ) ;
#2094 = ORIENTED_EDGE ( 'NONE', *, *, #1863, .T. ) ;
#2095 = DIRECTION ( 'NONE',  ( -0.000000000000000000, -1.000000000000000000, -0.000000000000000000 ) ) ;
#2096 = DIRECTION ( 'NONE',  ( 0.000000000000000000, -1.000000000000000000, 0.000000000000000000 ) ) ;
#2097 = LINE ( 'NONE', #2299, #1843 ) ;
#2098 = CARTESIAN_POINT ( 'NONE',  ( 1.496011352533743954, 0.000000000000000000, -4.744741829972433322 ) ) ;
#2099 = CARTESIAN_POINT ( 'NONE',  ( -4.265013310921688117, 0.2000000000000000111, 1.974756050164379939 ) ) ;
#2100 = ORIENTED_EDGE ( 'NONE', *, *, #2673, .F. ) ;
#2101 = DIRECTION ( 'NONE',  ( -0.000000000000000000, 1.000000000000000000, -0.000000000000000000 ) ) ;
#2102 = EDGE_CURVE ( 'NONE', #1108, #1746, #1036, .T. ) ;
#2103 = ORIENTED_EDGE ( 'NONE', *, *, #1437, .T. ) ;
#2104 = DIRECTION ( 'NONE',  ( -0.000000000000000000, 1.000000000000000000, -0.000000000000000000 ) ) ;
#2105 = EDGE_LOOP ( 'NONE', ( #1210, #2304 ) ) ;
#2106 = DIRECTION ( 'NONE',  ( 0.000000000000000000, 0.000000000000000000, 1.000000000000000000 ) ) ;
#2107 = FACE_OUTER_BOUND ( 'NONE', #1805, .T. ) ;
#2108 = AXIS2_PLACEMENT_3D ( 'NONE', #1365, #500, #1194 ) ;
#2109 = CARTESIAN_POINT ( 'NONE',  ( 5.117179922239822432, 0.2000000000000000111, 0.9243752719678575147 ) ) ;
#2110 = FACE_BOUND ( 'NONE', #2061, .T. ) ;
#2111 = AXIS2_PLACEMENT_3D ( 'NONE', #956, #2778, #2297 ) ;
#2112 = ORIENTED_EDGE ( 'NONE', *, *, #2719, .T. ) ;
#2113 = FACE_OUTER_BOUND ( 'NONE', #2507, .T. ) ;
#2114 = ORIENTED_EDGE ( 'NONE', *, *, #2384, .T. ) ;
#2115 = CARTESIAN_POINT ( 'NONE',  ( 5.018772616042902257, 0.2000000000000000111, 0.9065988244300139387 ) ) ;
#2116 = VECTOR ( 'NONE', #2397, 100.0000000000000000 ) ;
#2117 = ORIENTED_EDGE ( 'NONE', *, *, #565, .T. ) ;
#2118 = CIRCLE ( 'NONE', #1978, 5.500000000000000000 ) ;
#2119 = CARTESIAN_POINT ( 'NONE',  ( 0.8463172906254207151, 0.5999999999999999778, -4.724801270274597620 ) ) ;
#2120 = AXIS2_PLACEMENT_3D ( 'NONE', #2657, #2215, #2672 ) ;
#2121 = CARTESIAN_POINT ( 'NONE',  ( 0.000000000000000000, 0.000000000000000000, 0.000000000000000000 ) ) ;
#2122 = VECTOR ( 'NONE', #1279, 100.0000000000000000 ) ;
#2123 = AXIS2_PLACEMENT_3D ( 'NONE', #453, #1824, #1133 ) ;
#2124 = CIRCLE ( 'NONE', #2225, 0.1000000000000000888 ) ;
#2125 = CARTESIAN_POINT ( 'NONE',  ( 0.000000000000000000, 0.5999999999999999778, 0.000000000000000000 ) ) ;
#2126 = CARTESIAN_POINT ( 'NONE',  ( 2.177889930242725480, 0.2000000000000000111, -4.721948268643711977 ) ) ;
#2127 = AXIS2_PLACEMENT_3D ( 'NONE', #1830, #18, #2043 ) ;
#2128 = ORIENTED_EDGE ( 'NONE', *, *, #2035, .F. ) ;
#2129 = DIRECTION ( 'NONE',  ( 0.000000000000000000, 0.000000000000000000, 1.000000000000000000 ) ) ;
#2130 = ORIENTED_EDGE ( 'NONE', *, *, #195, .F. ) ;
#2131 = CARTESIAN_POINT ( 'NONE',  ( 0.000000000000000000, 0.000000000000000000, 0.000000000000000000 ) ) ;
#2132 = EDGE_CURVE ( 'NONE', #2391, #1056, #1081, .T. ) ;
#2133 = ORIENTED_EDGE ( 'NONE', *, *, #1589, .F. ) ;
#2134 = DIRECTION ( 'NONE',  ( 0.000000000000000000, 0.000000000000000000, 1.000000000000000000 ) ) ;
#2135 = EDGE_CURVE ( 'NONE', #912, #1514, #2009, .T. ) ;
#2136 = CYLINDRICAL_SURFACE ( 'NONE', #2659, 0.2000000000000003442 ) ;
#2137 = EDGE_CURVE ( 'NONE', #1617, #2418, #1452, .T. ) ;
#2138 = DIRECTION ( 'NONE',  ( 0.000000000000000000, 1.000000000000000000, 0.000000000000000000 ) ) ;
#2139 = CARTESIAN_POINT ( 'NONE',  ( -1.496011352533779704, 0.2000000000000000111, -4.744741829972421776 ) ) ;
#2140 = ORIENTED_EDGE ( 'NONE', *, *, #2420, .T. ) ;
#2141 = CARTESIAN_POINT ( 'NONE',  ( 0.000000000000000000, 0.5999999999999999778, -4.399999999999999467 ) ) ;
#2142 = EDGE_LOOP ( 'NONE', ( #2367, #882, #623, #2019 ) ) ;
#2143 = CARTESIAN_POINT ( 'NONE',  ( 4.415601898828272809, 0.2000000000000000111, 1.936655092675825918 ) ) ;
#2144 = ORIENTED_EDGE ( 'NONE', *, *, #2191, .F. ) ;
#2145 = ORIENTED_EDGE ( 'NONE', *, *, #1385, .T. ) ;
#2146 = CARTESIAN_POINT ( 'NONE',  ( -4.626367910477214629, 0.2000000000000000111, -0.8286856804040374502 ) ) ;
#2147 = CARTESIAN_POINT ( 'NONE',  ( -4.648618534062483931, 0.2000000000000000111, 2.037546496345734148 ) ) ;
#2148 = ADVANCED_FACE ( 'NONE', ( #2252 ), #244, .F. ) ;
#2149 = FACE_OUTER_BOUND ( 'NONE', #2745, .T. ) ;
#2150 = DIRECTION ( 'NONE',  ( 0.000000000000000000, 0.000000000000000000, 1.000000000000000000 ) ) ;
#2151 = ORIENTED_EDGE ( 'NONE', *, *, #2898, .T. ) ;
#2152 = EDGE_CURVE ( 'NONE', #576, #509, #359, .T. ) ;
#2153 = FACE_OUTER_BOUND ( 'NONE', #1455, .T. ) ;
#2154 = CIRCLE ( 'NONE', #2018, 0.2000000000000001776 ) ;
#2155 = ORIENTED_EDGE ( 'NONE', *, *, #999, .F. ) ;
#2156 = AXIS2_PLACEMENT_3D ( 'NONE', #223, #2722, #679 ) ;
#2157 = CYLINDRICAL_SURFACE ( 'NONE', #2755, 0.2000000000000008715 ) ;
#2158 = APPROVAL_PERSON_ORGANIZATION ( #1345, #2842, #1572 ) ;
#2159 = VERTEX_POINT ( 'NONE', #1409 ) ;
#2160 = CARTESIAN_POINT ( 'NONE',  ( 2.250000000000000444, 0.5999999999999999778, 5.018714974971183018 ) ) ;
#2161 = CARTESIAN_POINT ( 'NONE',  ( 4.721948268643717306, 0.2000000000000000111, 2.177889930242712602 ) ) ;
#2162 = LINE ( 'NONE', #1716, #2321 ) ;
#2163 = ORIENTED_EDGE ( 'NONE', *, *, #160, .F. ) ;
#2164 = AXIS2_PLACEMENT_3D ( 'NONE', #1615, #2074, #43 ) ;
#2165 = PLANE ( 'NONE',  #2454 ) ;
#2166 = AXIS2_PLACEMENT_3D ( 'NONE', #1434, #811, #2356 ) ;
#2167 = CIRCLE ( 'NONE', #2901, 0.1000000000000000888 ) ;
#2168 = DIRECTION ( 'NONE',  ( 0.000000000000000000, 0.000000000000000000, 1.000000000000000000 ) ) ;
#2169 = EDGE_CURVE ( 'NONE', #2754, #1627, #2154, .T. ) ;
#2170 = EDGE_LOOP ( 'NONE', ( #187, #654, #1510, #684, #2607, #2445 ) ) ;
#2171 = CIRCLE ( 'NONE', #897, 0.5500000000000027089 ) ;
#2172 = CARTESIAN_POINT ( 'NONE',  ( 4.744741829972438651, 0.5999999999999999778, 1.496011352533726857 ) ) ;
#2173 = CARTESIAN_POINT ( 'NONE',  ( 2.136007431584211247, 0.5999999999999999778, -4.631141571169793636 ) ) ;
#2174 = AXIS2_PLACEMENT_3D ( 'NONE', #2208, #2002, #819 ) ;
#2175 = ADVANCED_FACE ( 'NONE', ( #63 ), #738, .F. ) ;
#2176 = VERTEX_POINT ( 'NONE', #2068 ) ;
#2177 = EDGE_CURVE ( 'NONE', #155, #1641, #710, .T. ) ;
#2178 = AXIS2_PLACEMENT_3D ( 'NONE', #154, #185, #2469 ) ;
#2179 = FACE_OUTER_BOUND ( 'NONE', #233, .T. ) ;
#2180 = ORIENTED_EDGE ( 'NONE', *, *, #322, .T. ) ;
#2181 = DIRECTION ( 'NONE',  ( -0.000000000000000000, -1.000000000000000000, -0.000000000000000000 ) ) ;
#2182 = CYLINDRICAL_SURFACE ( 'NONE', #2461, 0.1000000000000000888 ) ;
#2183 = CARTESIAN_POINT ( 'NONE',  ( -5.117179922239808221, 0.2000000000000000111, 0.9243752719679352303 ) ) ;
#2184 = VERTEX_POINT ( 'NONE', #1632 ) ;
#2185 = CARTESIAN_POINT ( 'NONE',  ( 4.744741829972438651, 0.5999999999999999778, 1.696011352533727257 ) ) ;
#2186 = CARTESIAN_POINT ( 'NONE',  ( 5.018772616042902257, 0.2000000000000000111, 0.9065988244300139387 ) ) ;
#2187 = ORIENTED_EDGE ( 'NONE', *, *, #1124, .F. ) ;
#2188 = FACE_BOUND ( 'NONE', #2448, .T. ) ;
#2189 = DIRECTION ( 'NONE',  ( -0.000000000000000000, -1.000000000000000000, -0.000000000000000000 ) ) ;
#2190 = ORIENTED_EDGE ( 'NONE', *, *, #1381, .F. ) ;
#2191 = EDGE_CURVE ( 'NONE', #2851, #976, #2054, .T. ) ;
#2192 = DIRECTION ( 'NONE',  ( -1.000000000000000000, 0.000000000000000000, 1.004950428811057057E-15 ) ) ;
#2193 = ADVANCED_FACE ( 'NONE', ( #2750 ), #290, .T. ) ;
#2194 = ORIENTED_EDGE ( 'NONE', *, *, #211, .F. ) ;
#2195 = DIRECTION ( 'NONE',  ( 0.000000000000000000, 0.000000000000000000, 1.000000000000000000 ) ) ;
#2196 = APPLICATION_PROTOCOL_DEFINITION ( 'international standard', 'config_control_design', 1994, #2782 ) ;
#2197 = CARTESIAN_POINT ( 'NONE',  ( -5.018772616042888934, 0.2000000000000000111, 0.9065988244300903220 ) ) ;
#2198 = EDGE_LOOP ( 'NONE', ( #476, #353 ) ) ;
#2199 = DIRECTION ( 'NONE',  ( 0.000000000000000000, 0.000000000000000000, 1.000000000000000000 ) ) ;
#2200 = LINE ( 'NONE', #361, #227 ) ;
#2201 = ORIENTED_EDGE ( 'NONE', *, *, #380, .T. ) ;
#2202 = CARTESIAN_POINT ( 'NONE',  ( 4.724801270274587850, 0.2000000000000000111, -0.9463172906254729844 ) ) ;
#2203 = DIRECTION ( 'NONE',  ( -0.000000000000000000, -1.000000000000000000, -0.000000000000000000 ) ) ;
#2204 = ORIENTED_EDGE ( 'NONE', *, *, #1381, .T. ) ;
#2205 = CARTESIAN_POINT ( 'NONE',  ( -4.724801270274589626, 0.5999999999999999778, 0.8463172906254671224 ) ) ;
#2206 = CIRCLE ( 'NONE', #1393, 0.1000000000000000888 ) ;
#2207 = ORIENTED_EDGE ( 'NONE', *, *, #1575, .T. ) ;
#2208 = CARTESIAN_POINT ( 'NONE',  ( 4.744741829972438651, 0.5999999999999999778, 1.496011352533726857 ) ) ;
#2209 = CARTESIAN_POINT ( 'NONE',  ( 4.631141571169798965, 0.2000000000000000111, 2.136007431584198368 ) ) ;
#2210 = AXIS2_PLACEMENT_3D ( 'NONE', #101, #808, #1704 ) ;
#2211 = CARTESIAN_POINT ( 'NONE',  ( 1.496011352533743954, 0.5999999999999999778, -4.744741829972433322 ) ) ;
#2212 = EDGE_LOOP ( 'NONE', ( #385, #2130, #253, #2201, #1165, #1485, #1770, #2032, #260, #2749, #1295, #1386, #1201, #879, #1343, #2597, #357, #2190, #2834, #1102 ) ) ;
#2213 = ADVANCED_FACE ( 'NONE', ( #970 ), #2555, .T. ) ;
#2214 = CYLINDRICAL_SURFACE ( 'NONE', #1118, 0.1000000000000000888 ) ;
#2215 = DIRECTION ( 'NONE',  ( 0.000000000000000000, 1.000000000000000000, 0.000000000000000000 ) ) ;
#2216 = CIRCLE ( 'NONE', #2269, 0.1000000000000000888 ) ;
#2217 = ORIENTED_EDGE ( 'NONE', *, *, #1497, .T. ) ;
#2218 = AXIS2_PLACEMENT_3D ( 'NONE', #1984, #2029, #2937 ) ;
#2219 = DIRECTION ( 'NONE',  ( 0.000000000000000000, 1.000000000000000000, 0.000000000000000000 ) ) ;
#2220 = FACE_OUTER_BOUND ( 'NONE', #890, .T. ) ;
#2221 = AXIS2_PLACEMENT_3D ( 'NONE', #1752, #884, #1719 ) ;
#2222 = AXIS2_PLACEMENT_3D ( 'NONE', #1783, #444, #1338 ) ;
#2223 = VERTEX_POINT ( 'NONE', #1607 ) ;
#2224 = DIRECTION ( 'NONE',  ( -0.000000000000000000, -1.000000000000000000, -0.000000000000000000 ) ) ;
#2225 = AXIS2_PLACEMENT_3D ( 'NONE', #2601, #1859, #499 ) ;
#2226 = VERTEX_POINT ( 'NONE', #2528 ) ;
#2227 = AXIS2_PLACEMENT_3D ( 'NONE', #922, #1371, #2521 ) ;
#2228 = CARTESIAN_POINT ( 'NONE',  ( 4.355758274983881684, 0.2000000000000000111, 2.016772136338022658 ) ) ;
#2229 = DIRECTION ( 'NONE',  ( 0.000000000000000000, 1.000000000000000000, 0.000000000000000000 ) ) ;
#2230 = EDGE_CURVE ( 'NONE', #2543, #805, #1486, .T. ) ;
#2231 = ORIENTED_EDGE ( 'NONE', *, *, #2294, .F. ) ;
#2232 = CARTESIAN_POINT ( 'NONE',  ( -4.415601898828246163, 0.5999999999999999778, 1.936655092675891865 ) ) ;
#2233 = EDGE_CURVE ( 'NONE', #1341, #964, #682, .T. ) ;
#2234 = EDGE_CURVE ( 'NONE', #823, #240, #115, .T. ) ;
#2235 = CYLINDRICAL_SURFACE ( 'NONE', #2951, 0.1000000000000000888 ) ;
#2236 = EDGE_LOOP ( 'NONE', ( #1199, #2625, #2117, #2319 ) ) ;
#2237 = CARTESIAN_POINT ( 'NONE',  ( 1.496011352533743954, 0.5999999999999999778, -4.944741829972434388 ) ) ;
#2238 = DIRECTION ( 'NONE',  ( 0.000000000000000000, -0.000000000000000000, 1.000000000000000000 ) ) ;
#2239 = ORIENTED_EDGE ( 'NONE', *, *, #1001, .F. ) ;
#2240 = DIRECTION ( 'NONE',  ( -0.000000000000000000, -1.000000000000000000, -0.000000000000000000 ) ) ;
#2241 = MANIFOLD_SOLID_BREP ( '필렛1', #949 ) ;
#2242 = ORIENTED_EDGE ( 'NONE', *, *, #2515, .T. ) ;
#2243 = CYLINDRICAL_SURFACE ( 'NONE', #1135, 5.200000000000001066 ) ;
#2244 = APPROVAL_DATE_TIME ( #1819, #1701 ) ;
#2245 = VERTEX_POINT ( 'NONE', #2316 ) ;
#2246 = DIRECTION ( 'NONE',  ( -0.000000000000000000, 1.000000000000000000, -0.000000000000000000 ) ) ;
#2247 = DIRECTION ( 'NONE',  ( -0.000000000000000000, -1.000000000000000000, -0.000000000000000000 ) ) ;
#2248 = CARTESIAN_POINT ( 'NONE',  ( 4.626367910477201306, 0.2000000000000000111, -0.8286856804041089486 ) ) ;
#2249 = EDGE_CURVE ( 'NONE', #1098, #1559, #834, .T. ) ;
#2250 = VERTEX_POINT ( 'NONE', #1377 ) ;
#2251 = CC_DESIGN_DATE_AND_TIME_ASSIGNMENT ( #2280, #2295, ( #2645 ) ) ;
#2252 = FACE_OUTER_BOUND ( 'NONE', #868, .T. ) ;
#2253 = DIRECTION ( 'NONE',  ( 0.000000000000000000, 0.000000000000000000, 1.000000000000000000 ) ) ;
#2254 = EDGE_CURVE ( 'NONE', #2913, #546, #1592, .T. ) ;
#2255 = VERTEX_POINT ( 'NONE', #33 ) ;
#2256 = CARTESIAN_POINT ( 'NONE',  ( 4.744741829972416447, 0.5999999999999999778, -1.696011352533796757 ) ) ;
#2257 = ORIENTED_EDGE ( 'NONE', *, *, #514, .T. ) ;
#2258 = CARTESIAN_POINT ( 'NONE',  ( 4.724801270274587850, 0.2000000000000000111, -0.8463172906254728955 ) ) ;
#2259 = AXIS2_PLACEMENT_3D ( 'NONE', #1422, #1927, #1002 ) ;
#2260 = APPROVAL_DATE_TIME ( #1838, #2842 ) ;
#2261 = AXIS2_PLACEMENT_3D ( 'NONE', #150, #423, #1057 ) ;
#2262 = ORIENTED_EDGE ( 'NONE', *, *, #15, .T. ) ;
#2263 = LOCAL_TIME ( 23, 17, 17.00000000000000000, #203 ) ;
#2264 = CYLINDRICAL_SURFACE ( 'NONE', #362, 0.1000000000000000888 ) ;
#2265 = CARTESIAN_POINT ( 'NONE',  ( 5.018772616042902257, 0.5999999999999999778, 1.006598824430014139 ) ) ;
#2266 = APPROVAL_PERSON_ORGANIZATION ( #2683, #624, #1332 ) ;
#2267 = ORIENTED_EDGE ( 'NONE', *, *, #565, .F. ) ;
#2268 = CARTESIAN_POINT ( 'NONE',  ( 4.631141571169772320, 0.2000000000000000111, -2.136007431584259209 ) ) ;
#2269 = AXIS2_PLACEMENT_3D ( 'NONE', #1318, #835, #2684 ) ;
#2270 = DIRECTION ( 'NONE',  ( -0.000000000000000000, 1.000000000000000000, -0.000000000000000000 ) ) ;
#2271 = ORIENTED_EDGE ( 'NONE', *, *, #2827, .F. ) ;
#2272 = VECTOR ( 'NONE', #1533, 100.0000000000000000 ) ;
#2273 = FACE_OUTER_BOUND ( 'NONE', #1125, .T. ) ;
#2274 = CIRCLE ( 'NONE', #90, 5.200000000000000178 ) ;
#2275 = CIRCLE ( 'NONE', #1793, 5.500000000000000000 ) ;
#2276 = EDGE_CURVE ( 'NONE', #1746, #1108, #2405, .T. ) ;
#2277 = ORIENTED_EDGE ( 'NONE', *, *, #891, .F. ) ;
#2278 = DIRECTION ( 'NONE',  ( 0.000000000000000000, 1.000000000000000000, 0.000000000000000000 ) ) ;
#2279 = CIRCLE ( 'NONE', #2471, 5.200000000000000178 ) ;
#2280 = DATE_AND_TIME ( #1110, #2263 ) ;
#2281 = CIRCLE ( 'NONE', #669, 0.1000000000000000056 ) ;
#2282 = ORIENTED_EDGE ( 'NONE', *, *, #2962, .T. ) ;
#2283 = AXIS2_PLACEMENT_3D ( 'NONE', #2486, #2450, #1061 ) ;
#2284 = DIRECTION ( 'NONE',  ( 0.000000000000000000, 0.000000000000000000, 1.000000000000000000 ) ) ;
#2285 = CARTESIAN_POINT ( 'NONE',  ( 4.631141571169798965, 0.5999999999999999778, 2.136007431584198368 ) ) ;
#2286 = ORIENTED_EDGE ( 'NONE', *, *, #1426, .T. ) ;
#2287 = DIRECTION ( 'NONE',  ( 0.000000000000000000, 0.000000000000000000, 1.000000000000000000 ) ) ;
#2288 = DIRECTION ( 'NONE',  ( 0.000000000000000000, 0.000000000000000000, 1.000000000000000000 ) ) ;
#2289 = ORIENTED_EDGE ( 'NONE', *, *, #2177, .F. ) ;
#2290 = CYLINDRICAL_SURFACE ( 'NONE', #2952, 5.200000000000000178 ) ;
#2291 = EDGE_LOOP ( 'NONE', ( #1062, #1865 ) ) ;
#2292 = EDGE_CURVE ( 'NONE', #2681, #2398, #886, .T. ) ;
#2293 = CARTESIAN_POINT ( 'NONE',  ( -4.355758274983851486, 0.2000000000000000111, 2.016772136338090604 ) ) ;
#2294 = EDGE_CURVE ( 'NONE', #1960, #1251, #1181, .T. ) ;
#2295 = DATE_TIME_ROLE ( 'classification_date' ) ;
#2296 = ORIENTED_EDGE ( 'NONE', *, *, #1439, .F. ) ;
#2297 = DIRECTION ( 'NONE',  ( 0.000000000000000000, 0.000000000000000000, 1.000000000000000000 ) ) ;
#2298 = DIRECTION ( 'NONE',  ( -0.000000000000000000, -1.000000000000000000, -0.000000000000000000 ) ) ;
#2299 = CARTESIAN_POINT ( 'NONE',  ( 2.250000000000000444, 0.2000000000000000111, 4.688016638195731112 ) ) ;
#2300 = CARTESIAN_POINT ( 'NONE',  ( -4.626367910477203083, 0.2000000000000000111, 0.8286856804041033975 ) ) ;
#2301 = CARTESIAN_POINT ( 'NONE',  ( -2.136007431584242777, 0.2000000000000000111, -4.631141571169778537 ) ) ;
#2302 = ORIENTED_EDGE ( 'NONE', *, *, #1456, .F. ) ;
#2303 = LINE ( 'NONE', #55, #425 ) ;
#2304 = ORIENTED_EDGE ( 'NONE', *, *, #1439, .T. ) ;
#2305 = CARTESIAN_POINT ( 'NONE',  ( 1.936655092675838574, 0.5999999999999999778, -4.415601898828269256 ) ) ;
#2306 = CALENDAR_DATE ( 2024, 26, 9 ) ;
#2307 = EDGE_CURVE ( 'NONE', #1251, #775, #2790, .T. ) ;
#2308 = ORIENTED_EDGE ( 'NONE', *, *, #2964, .T. ) ;
#2309 = DIRECTION ( 'NONE',  ( -0.000000000000000000, -1.000000000000000000, -0.000000000000000000 ) ) ;
#2310 = AXIS2_PLACEMENT_3D ( 'NONE', #1235, #531, #1261 ) ;
#2311 = ADVANCED_FACE ( 'NONE', ( #553 ), #2165, .T. ) ;
#2312 = CARTESIAN_POINT ( 'NONE',  ( 1.496011352533743954, 0.5999999999999999778, -4.544741829972432257 ) ) ;
#2313 = EDGE_CURVE ( 'NONE', #1544, #21, #696, .T. ) ;
#2314 = CARTESIAN_POINT ( 'NONE',  ( 4.744741829972416447, 0.5999999999999999778, -1.296011352533796401 ) ) ;
#2315 = CIRCLE ( 'NONE', #1396, 4.700000000000001066 ) ;
#2316 = CARTESIAN_POINT ( 'NONE',  ( 4.724801270274587850, 0.5999999999999999778, -0.9463172906254729844 ) ) ;
#2317 = LOCAL_TIME ( 23, 17, 17.00000000000000000, #1794 ) ;
#2318 = CARTESIAN_POINT ( 'NONE',  ( 4.724801270274600284, 0.2000000000000000111, 0.8463172906254000649 ) ) ;
#2319 = ORIENTED_EDGE ( 'NONE', *, *, #1173, .T. ) ;
#2320 = LINE ( 'NONE', #2785, #1693 ) ;
#2321 = VECTOR ( 'NONE', #374, 100.0000000000000000 ) ;
#2322 = ORIENTED_EDGE ( 'NONE', *, *, #1105, .F. ) ;
#2323 = CARTESIAN_POINT ( 'NONE',  ( 2.136007431584211247, 0.2000000000000000111, -4.631141571169793636 ) ) ;
#2324 = ORIENTED_EDGE ( 'NONE', *, *, #1259, .T. ) ;
#2325 = CIRCLE ( 'NONE', #803, 4.700000000000000178 ) ;
#2326 = EDGE_CURVE ( 'NONE', #955, #2658, #2793, .T. ) ;
#2327 = CARTESIAN_POINT ( 'NONE',  ( 4.744741829972416447, 0.5999999999999999778, -1.296011352533796401 ) ) ;
#2328 = CARTESIAN_POINT ( 'NONE',  ( 5.117179922239822432, 0.2000000000000000111, 0.9243752719678575147 ) ) ;
#2329 = ORIENTED_EDGE ( 'NONE', *, *, #2920, .F. ) ;
#2330 = CIRCLE ( 'NONE', #46, 0.1000000000000000888 ) ;
#2331 = EDGE_CURVE ( 'NONE', #2245, #1282, #1484, .T. ) ;
#2332 = CARTESIAN_POINT ( 'NONE',  ( -2.037546496345712388, 0.2000000000000000111, -4.648618534062491925 ) ) ;
#2333 = CC_DESIGN_PERSON_AND_ORGANIZATION_ASSIGNMENT ( #2762, #1584, ( #315 ) ) ;
#2334 = LINE ( 'NONE', #1195, #179 ) ;
#2335 = EDGE_LOOP ( 'NONE', ( #149, #2242, #1354, #1631 ) ) ;
#2336 = DIRECTION ( 'NONE',  ( -0.000000000000000000, -1.000000000000000000, -0.000000000000000000 ) ) ;
#2337 = VERTEX_POINT ( 'NONE', #103 ) ;
#2338 = LINE ( 'NONE', #965, #1219 ) ;
#2339 = VERTEX_POINT ( 'NONE', #2570 ) ;
#2340 = DIRECTION ( 'NONE',  ( -0.000000000000000000, 1.000000000000000000, -0.000000000000000000 ) ) ;
#2341 = CARTESIAN_POINT ( 'NONE',  ( 4.631141571169772320, 0.2000000000000000111, -2.136007431584259209 ) ) ;
#2342 = DIRECTION ( 'NONE',  ( 0.000000000000000000, 0.000000000000000000, 1.000000000000000000 ) ) ;
#2343 = FACE_OUTER_BOUND ( 'NONE', #1525, .T. ) ;
#2344 = EDGE_CURVE ( 'NONE', #1942, #580, #752, .T. ) ;
#2345 = ORIENTED_EDGE ( 'NONE', *, *, #2568, .T. ) ;
#2346 = CARTESIAN_POINT ( 'NONE',  ( 4.415601898828247940, 0.5999999999999999778, -1.936655092675887868 ) ) ;
#2347 = EDGE_CURVE ( 'NONE', #2670, #2685, #1537, .T. ) ;
#2348 = VERTEX_POINT ( 'NONE', #1245 ) ;
#2349 = CARTESIAN_POINT ( 'NONE',  ( -0.9462702232267379276, 0.2000000000000000111, -4.727869048689640863 ) ) ;
#2350 = EDGE_LOOP ( 'NONE', ( #602, #2727, #2041, #2296 ) ) ;
#2351 = DIRECTION ( 'NONE',  ( 0.000000000000000000, 0.000000000000000000, 1.000000000000000000 ) ) ;
#2352 = DIRECTION ( 'NONE',  ( 0.000000000000000000, 0.000000000000000000, -1.000000000000000000 ) ) ;
#2353 = VERTEX_POINT ( 'NONE', #1688 ) ;
#2354 = VECTOR ( 'NONE', #779, 100.0000000000000000 ) ;
#2355 = CARTESIAN_POINT ( 'NONE',  ( 5.018772616042902257, 0.5999999999999999778, 0.9065988244300139387 ) ) ;
#2356 = DIRECTION ( 'NONE',  ( 0.000000000000000000, 0.000000000000000000, -1.000000000000000000 ) ) ;
#2357 = CIRCLE ( 'NONE', #1067, 0.09999999999999992228 ) ;
#2358 = EDGE_LOOP ( 'NONE', ( #862, #2627, #2155, #2503 ) ) ;
#2359 = ADVANCED_FACE ( 'NONE', ( #2149 ), #1478, .T. ) ;
#2360 = DIRECTION ( 'NONE',  ( -0.000000000000000000, -1.000000000000000000, -0.000000000000000000 ) ) ;
#2361 = VECTOR ( 'NONE', #614, 100.0000000000000000 ) ;
#2362 = ORIENTED_EDGE ( 'NONE', *, *, #2568, .F. ) ;
#2363 = EDGE_CURVE ( 'NONE', #1413, #1440, #263, .T. ) ;
#2364 = DIRECTION ( 'NONE',  ( -0.000000000000000000, -1.000000000000000000, -0.000000000000000000 ) ) ;
#2365 = EDGE_CURVE ( 'NONE', #566, #773, #2374, .T. ) ;
#2366 = AXIS2_PLACEMENT_3D ( 'NONE', #1055, #2412, #1956 ) ;
#2367 = ORIENTED_EDGE ( 'NONE', *, *, #10, .T. ) ;
#2368 = VECTOR ( 'NONE', #562, 100.0000000000000000 ) ;
#2369 = DIRECTION ( 'NONE',  ( 0.000000000000000000, 1.000000000000000000, 0.000000000000000000 ) ) ;
#2370 = AXIS2_PLACEMENT_3D ( 'NONE', #1690, #151, #2168 ) ;
#2371 = CARTESIAN_POINT ( 'NONE',  ( 4.744741829972416447, 0.5999999999999999778, -1.496011352533796579 ) ) ;
#2372 = AXIS2_PLACEMENT_3D ( 'NONE', #1307, #2219, #1326 ) ;
#2373 = CIRCLE ( 'NONE', #1795, 4.700000000000000178 ) ;
#2374 = LINE ( 'NONE', #2796, #310 ) ;
#2375 = DIRECTION ( 'NONE',  ( 0.000000000000000000, -1.000000000000000000, 0.000000000000000000 ) ) ;
#2376 = AXIS2_PLACEMENT_3D ( 'NONE', #1378, #2500, #1163 ) ;
#2377 = ORIENTED_EDGE ( 'NONE', *, *, #1866, .T. ) ;
#2378 = CYLINDRICAL_SURFACE ( 'NONE', #2905, 5.200000000000000178 ) ;
#2379 = ORIENTED_EDGE ( 'NONE', *, *, #1182, .T. ) ;
#2380 = DIRECTION ( 'NONE',  ( 0.000000000000000000, 0.000000000000000000, 1.000000000000000000 ) ) ;
#2381 = ADVANCED_FACE ( 'NONE', ( #1913 ), #1890, .F. ) ;
#2382 = ORIENTED_EDGE ( 'NONE', *, *, #2013, .T. ) ;
#2383 = FACE_OUTER_BOUND ( 'NONE', #2406, .T. ) ;
#2384 = EDGE_CURVE ( 'NONE', #1093, #929, #23, .T. ) ;
#2385 = DIRECTION ( 'NONE',  ( 0.000000000000000000, 0.000000000000000000, 1.000000000000000000 ) ) ;
#2386 = CARTESIAN_POINT ( 'NONE',  ( -4.976614033570508688, 0.5999999999999999778, 0.9972776749075835667 ) ) ;
#2387 = DIRECTION ( 'NONE',  ( 0.000000000000000000, 1.000000000000000000, 0.000000000000000000 ) ) ;
#2388 = DIRECTION ( 'NONE',  ( 0.000000000000000000, 0.000000000000000000, 1.000000000000000000 ) ) ;
#2389 = ORIENTED_EDGE ( 'NONE', *, *, #2903, .T. ) ;
#2390 = FACE_OUTER_BOUND ( 'NONE', #1466, .T. ) ;
#2391 = VERTEX_POINT ( 'NONE', #2838 ) ;
#2392 = CARTESIAN_POINT ( 'NONE',  ( 4.648618534062512353, 0.5999999999999999778, 2.037546496345664870 ) ) ;
#2393 = VERTEX_POINT ( 'NONE', #2109 ) ;
#2394 = ORIENTED_EDGE ( 'NONE', *, *, #145, .F. ) ;
#2395 = DIRECTION ( 'NONE',  ( -0.000000000000000000, -1.000000000000000000, -0.000000000000000000 ) ) ;
#2396 = EDGE_CURVE ( 'NONE', #724, #1364, #78, .T. ) ;
#2397 = DIRECTION ( 'NONE',  ( -0.000000000000000000, -1.000000000000000000, -0.000000000000000000 ) ) ;
#2398 = VERTEX_POINT ( 'NONE', #985 ) ;
#2399 = DIRECTION ( 'NONE',  ( 0.000000000000000000, -0.000000000000000000, 1.000000000000000000 ) ) ;
#2400 = EDGE_CURVE ( 'NONE', #1357, #54, #2816, .T. ) ;
#2401 = EDGE_CURVE ( 'NONE', #1800, #724, #2938, .T. ) ;
#2402 = CARTESIAN_POINT ( 'NONE',  ( -4.744741829972417335, 0.5999999999999999778, 1.296011352533797290 ) ) ;
#2403 = ORIENTED_EDGE ( 'NONE', *, *, #1662, .T. ) ;
#2404 = DIRECTION ( 'NONE',  ( 0.000000000000000000, 1.000000000000000000, 0.000000000000000000 ) ) ;
#2405 = CIRCLE ( 'NONE', #1209, 0.2000000000000008715 ) ;
#2406 = EDGE_LOOP ( 'NONE', ( #2863, #727, #2004, #2873 ) ) ;
#2407 = VECTOR ( 'NONE', #2446, 100.0000000000000000 ) ;
#2408 = DIRECTION ( 'NONE',  ( 0.000000000000000000, 0.000000000000000000, 1.000000000000000000 ) ) ;
#2409 = ORIENTED_EDGE ( 'NONE', *, *, #1298, .T. ) ;
#2410 = CYLINDRICAL_SURFACE ( 'NONE', #183, 0.2000000000000003442 ) ;
#2411 = CARTESIAN_POINT ( 'NONE',  ( 4.744741829972416447, 0.5999999999999999778, -1.496011352533796579 ) ) ;
#2412 = DIRECTION ( 'NONE',  ( 0.000000000000000000, -1.000000000000000000, 0.000000000000000000 ) ) ;
#2413 = ORIENTED_EDGE ( 'NONE', *, *, #2132, .T. ) ;
#2414 = CIRCLE ( 'NONE', #1498, 0.1000000000000000888 ) ;
#2415 = CARTESIAN_POINT ( 'NONE',  ( -2.250000000000000444, 0.2000000000000000111, 4.688016638195731112 ) ) ;
#2416 = DIRECTION ( 'NONE',  ( 0.000000000000000000, 0.000000000000000000, 1.000000000000000000 ) ) ;
#2417 = EDGE_CURVE ( 'NONE', #1812, #997, #1901, .T. ) ;
#2418 = VERTEX_POINT ( 'NONE', #1672 ) ;
#2419 = AXIS2_PLACEMENT_3D ( 'NONE', #2172, #140, #2862 ) ;
#2420 = EDGE_CURVE ( 'NONE', #2353, #100, #166, .T. ) ;
#2421 = DIRECTION ( 'NONE',  ( 0.000000000000000000, 0.000000000000000000, -1.000000000000000000 ) ) ;
#2422 = DIRECTION ( 'NONE',  ( 0.000000000000000000, 0.000000000000000000, 1.000000000000000000 ) ) ;
#2423 = AXIS2_PLACEMENT_3D ( 'NONE', #2258, #219, #2033 ) ;
#2424 = ORIENTED_EDGE ( 'NONE', *, *, #1123, .T. ) ;
#2425 = CIRCLE ( 'NONE', #2815, 5.500000000000000000 ) ;
#2426 = DIRECTION ( 'NONE',  ( 0.000000000000000000, -1.000000000000000000, 0.000000000000000000 ) ) ;
#2427 = ORIENTED_EDGE ( 'NONE', *, *, #1821, .T. ) ;
#2428 = CARTESIAN_POINT ( 'NONE',  ( -4.744741829972438651, 0.5999999999999999778, -1.496011352533726191 ) ) ;
#2429 = DIRECTION ( 'NONE',  ( -0.000000000000000000, -1.000000000000000000, -0.000000000000000000 ) ) ;
#2430 = CARTESIAN_POINT ( 'NONE',  ( 4.355758274983881684, 0.2000000000000000111, 1.916772136338022348 ) ) ;
#2431 = VERTEX_POINT ( 'NONE', #378 ) ;
#2432 = DIRECTION ( 'NONE',  ( -0.000000000000000000, 1.000000000000000000, -0.000000000000000000 ) ) ;
#2433 = DIRECTION ( 'NONE',  ( 0.000000000000000000, -1.000000000000000000, 0.000000000000000000 ) ) ;
#2434 = VERTEX_POINT ( 'NONE', #2654 ) ;
#2435 = CARTESIAN_POINT ( 'NONE',  ( 4.355758274983881684, 0.2000000000000000111, 2.016772136338022658 ) ) ;
#2436 = ADVANCED_FACE ( 'NONE', ( #1718 ), #1563, .T. ) ;
#2437 = DIRECTION ( 'NONE',  ( -0.000000000000000000, -1.000000000000000000, -0.000000000000000000 ) ) ;
#2438 = VERTEX_POINT ( 'NONE', #1732 ) ;
#2439 = DIRECTION ( 'NONE',  ( 0.000000000000000000, 0.000000000000000000, 1.000000000000000000 ) ) ;
#2440 = ADVANCED_FACE ( 'NONE', ( #1764 ), #1493, .T. ) ;
#2441 = EDGE_CURVE ( 'NONE', #2223, #1397, #2742, .T. ) ;
#2442 = VERTEX_POINT ( 'NONE', #392 ) ;
#2443 = CARTESIAN_POINT ( 'NONE',  ( -4.744741829972438651, 0.000000000000000000, -1.696011352533726591 ) ) ;
#2444 = CARTESIAN_POINT ( 'NONE',  ( 4.744741829972438651, 0.000000000000000000, 1.496011352533726857 ) ) ;
#2445 = ORIENTED_EDGE ( 'NONE', *, *, #1156, .F. ) ;
#2446 = DIRECTION ( 'NONE',  ( -0.000000000000000000, 1.000000000000000000, -0.000000000000000000 ) ) ;
#2447 = LINE ( 'NONE', #1765, #1314 ) ;
#2448 = EDGE_LOOP ( 'NONE', ( #2023, #2114, #1999, #1869, #1582, #327, #443, #1531, #2329, #1090, #1444 ) ) ;
#2449 = LINE ( 'NONE', #1515, #2856 ) ;
#2450 = DIRECTION ( 'NONE',  ( -0.000000000000000000, -1.000000000000000000, -0.000000000000000000 ) ) ;
#2451 = ORIENTED_EDGE ( 'NONE', *, *, #1353, .F. ) ;
#2452 = EDGE_CURVE ( 'NONE', #201, #1114, #2206, .T. ) ;
#2453 = DIRECTION ( 'NONE',  ( 0.000000000000000000, 1.000000000000000000, 0.000000000000000000 ) ) ;
#2454 = AXIS2_PLACEMENT_3D ( 'NONE', #1204, #2138, #2399 ) ;
#2455 = ORIENTED_EDGE ( 'NONE', *, *, #2294, .T. ) ;
#2456 = CIRCLE ( 'NONE', #2020, 0.1000000000000000888 ) ;
#2457 = ADVANCED_FACE ( 'NONE', ( #1087 ), #1511, .F. ) ;
#2458 = DIRECTION ( 'NONE',  ( 0.000000000000000000, -1.000000000000000000, 0.000000000000000000 ) ) ;
#2459 = ADVANCED_FACE ( 'NONE', ( #824 ), #634, .T. ) ;
#2460 =( NAMED_UNIT ( * ) PLANE_ANGLE_UNIT ( ) SI_UNIT ( $, .RADIAN. ) );
#2461 = AXIS2_PLACEMENT_3D ( 'NONE', #2209, #2003, #881 ) ;
#2462 = DIRECTION ( 'NONE',  ( 0.000000000000000000, 0.000000000000000000, 1.000000000000000000 ) ) ;
#2463 = ORIENTED_EDGE ( 'NONE', *, *, #642, .F. ) ;
#2464 = DIRECTION ( 'NONE',  ( -0.000000000000000000, 1.000000000000000000, -0.000000000000000000 ) ) ;
#2465 = FACE_OUTER_BOUND ( 'NONE', #2957, .T. ) ;
#2466 = ORIENTED_EDGE ( 'NONE', *, *, #2102, .T. ) ;
#2467 = AXIS2_PLACEMENT_3D ( 'NONE', #2473, #2224, #2926 ) ;
#2468 = FACE_OUTER_BOUND ( 'NONE', #1284, .T. ) ;
#2469 = DIRECTION ( 'NONE',  ( 0.000000000000000000, 0.000000000000000000, 1.000000000000000000 ) ) ;
#2470 = VECTOR ( 'NONE', #2065, 100.0000000000000000 ) ;
#2471 = AXIS2_PLACEMENT_3D ( 'NONE', #1186, #1611, #2532 ) ;
#2472 = VERTEX_POINT ( 'NONE', #856 ) ;
#2473 = CARTESIAN_POINT ( 'NONE',  ( -0.8463172906254565753, 0.5999999999999999778, -4.724801270274590514 ) ) ;
#2474 = AXIS2_PLACEMENT_3D ( 'NONE', #2648, #1285, #2195 ) ;
#2475 = ORIENTED_EDGE ( 'NONE', *, *, #2313, .F. ) ;
#2476 = AXIS2_PLACEMENT_3D ( 'NONE', #9, #1806, #687 ) ;
#2477 = FACE_OUTER_BOUND ( 'NONE', #1977, .T. ) ;
#2478 = SECURITY_CLASSIFICATION_LEVEL ( 'unclassified' ) ;
#2479 = EDGE_CURVE ( 'NONE', #2573, #1703, #2456, .T. ) ;
#2480 = ORIENTED_EDGE ( 'NONE', *, *, #641, .F. ) ;
#2481 = DIRECTION ( 'NONE',  ( -0.000000000000000000, -1.000000000000000000, -0.000000000000000000 ) ) ;
#2482 = DIRECTION ( 'NONE',  ( 0.000000000000000000, -0.000000000000000000, 1.000000000000000000 ) ) ;
#2483 = CYLINDRICAL_SURFACE ( 'NONE', #612, 4.399999999999999467 ) ;
#2484 = EDGE_LOOP ( 'NONE', ( #1382, #2496, #993, #2382, #721, #533, #2780, #939, #1973, #734, #885, #349, #321, #2587, #388, #1623, #26, #2324, #2553, #1763 ) ) ;
#2485 = DIRECTION ( 'NONE',  ( -0.000000000000000000, 1.000000000000000000, -0.000000000000000000 ) ) ;
#2486 = CARTESIAN_POINT ( 'NONE',  ( 4.744741829972438651, 0.5999999999999999778, 1.496011352533726857 ) ) ;
#2487 = ORIENTED_EDGE ( 'NONE', *, *, #1733, .F. ) ;
#2488 = FACE_OUTER_BOUND ( 'NONE', #2575, .T. ) ;
#2489 = ORIENTED_EDGE ( 'NONE', *, *, #2152, .F. ) ;
#2490 = FACE_OUTER_BOUND ( 'NONE', #966, .T. ) ;
#2491 = CALENDAR_DATE ( 2024, 26, 9 ) ;
#2492 = EDGE_LOOP ( 'NONE', ( #2584, #1228, #2735, #1951 ) ) ;
#2493 = EDGE_CURVE ( 'NONE', #1406, #1938, #2637, .T. ) ;
#2494 = CARTESIAN_POINT ( 'NONE',  ( 4.721948268643717306, 0.5999999999999999778, 2.177889930242712602 ) ) ;
#2495 = CARTESIAN_POINT ( 'NONE',  ( -1.496011352533779704, 0.5999999999999999778, -4.544741829972420710 ) ) ;
#2496 = ORIENTED_EDGE ( 'NONE', *, *, #2679, .T. ) ;
#2497 = EDGE_CURVE ( 'NONE', #2159, #2913, #1591, .T. ) ;
#2498 = CARTESIAN_POINT ( 'NONE',  ( 0.000000000000000000, 0.000000000000000000, 0.000000000000000000 ) ) ;
#2499 = EDGE_CURVE ( 'NONE', #1942, #633, #1335, .T. ) ;
#2500 = DIRECTION ( 'NONE',  ( 0.000000000000000000, -1.000000000000000000, 0.000000000000000000 ) ) ;
#2501 = ORIENTED_EDGE ( 'NONE', *, *, #2633, .T. ) ;
#2502 = CARTESIAN_POINT ( 'NONE',  ( -1.936655092675871437, 0.5999999999999999778, -4.415601898828254157 ) ) ;
#2503 = ORIENTED_EDGE ( 'NONE', *, *, #2135, .F. ) ;
#2504 = LINE ( 'NONE', #463, #996 ) ;
#2505 = AXIS2_PLACEMENT_3D ( 'NONE', #4, #917, #2736 ) ;
#2506 = CIRCLE ( 'NONE', #888, 4.700000000000001066 ) ;
#2507 = EDGE_LOOP ( 'NONE', ( #397, #814, #468, #2394 ) ) ;
#2508 = CIRCLE ( 'NONE', #1260, 0.5500000000000027089 ) ;
#2509 = LINE ( 'NONE', #1374, #2942 ) ;
#2510 = DIRECTION ( 'NONE',  ( -4.272805472570675854E-16, 0.000000000000000000, -1.000000000000000000 ) ) ;
#2511 = ORIENTED_EDGE ( 'NONE', *, *, #1827, .T. ) ;
#2512 = DIRECTION ( 'NONE',  ( 0.000000000000000000, 1.000000000000000000, 0.000000000000000000 ) ) ;
#2513 = VECTOR ( 'NONE', #1189, 100.0000000000000000 ) ;
#2514 = CARTESIAN_POINT ( 'NONE',  ( 0.000000000000000000, 0.2000000000000000111, 0.000000000000000000 ) ) ;
#2515 = EDGE_CURVE ( 'NONE', #170, #2738, #2005, .T. ) ;
#2516 = ORIENTED_EDGE ( 'NONE', *, *, #561, .F. ) ;
#2517 = DIRECTION ( 'NONE',  ( -0.000000000000000000, 1.000000000000000000, -0.000000000000000000 ) ) ;
#2518 = AXIS2_PLACEMENT_3D ( 'NONE', #1673, #1449, #2839 ) ;
#2519 = AXIS2_PLACEMENT_3D ( 'NONE', #651, #2660, #409 ) ;
#2520 = ORIENTED_EDGE ( 'NONE', *, *, #944, .F. ) ;
#2521 = DIRECTION ( 'NONE',  ( 0.000000000000000000, 0.000000000000000000, -1.000000000000000000 ) ) ;
#2522 = AXIS2_PLACEMENT_3D ( 'NONE', #1553, #660, #147 ) ;
#2523 = AXIS2_PLACEMENT_3D ( 'NONE', #1740, #142, #2708 ) ;
#2524 = EDGE_LOOP ( 'NONE', ( #1264, #2289, #2759, #2516 ) ) ;
#2525 = FACE_OUTER_BOUND ( 'NONE', #2524, .T. ) ;
#2526 = CARTESIAN_POINT ( 'NONE',  ( -4.721948268643718194, 0.2000000000000000111, -2.177889930242711714 ) ) ;
#2527 = ORIENTED_EDGE ( 'NONE', *, *, #1410, .T. ) ;
#2528 = CARTESIAN_POINT ( 'NONE',  ( 4.727869048689639087, 0.2000000000000000111, -0.9462702232267538038 ) ) ;
#2529 = DIRECTION ( 'NONE',  ( 0.000000000000000000, 1.000000000000000000, 0.000000000000000000 ) ) ;
#2530 = ORIENTED_EDGE ( 'NONE', *, *, #1160, .F. ) ;
#2531 = ADVANCED_FACE ( 'NONE', ( #597 ), #2214, .F. ) ;
#2532 = DIRECTION ( 'NONE',  ( 0.000000000000000000, 0.000000000000000000, 1.000000000000000000 ) ) ;
#2533 = VERTEX_POINT ( 'NONE', #2918 ) ;
#2534 = DIRECTION ( 'NONE',  ( 0.000000000000000000, 0.000000000000000000, 1.000000000000000000 ) ) ;
#2535 = CARTESIAN_POINT ( 'NONE',  ( -1.496011352533779704, 0.2000000000000000111, -4.744741829972421776 ) ) ;
#2536 = EDGE_CURVE ( 'NONE', #1815, #688, #2067, .T. ) ;
#2537 = ORIENTED_EDGE ( 'NONE', *, *, #2441, .F. ) ;
#2538 = DIRECTION ( 'NONE',  ( 0.000000000000000000, 0.000000000000000000, 1.000000000000000000 ) ) ;
#2539 = DIRECTION ( 'NONE',  ( -0.000000000000000000, -1.000000000000000000, -0.000000000000000000 ) ) ;
#2540 = DIRECTION ( 'NONE',  ( 0.000000000000000000, 0.000000000000000000, 1.000000000000000000 ) ) ;
#2541 = DIRECTION ( 'NONE',  ( 0.000000000000000000, 0.000000000000000000, 1.000000000000000000 ) ) ;
#2542 = CYLINDRICAL_SURFACE ( 'NONE', #2376, 0.1000000000000000888 ) ;
#2543 = VERTEX_POINT ( 'NONE', #2686 ) ;
#2544 = DIRECTION ( 'NONE',  ( -0.000000000000000000, 1.000000000000000000, -0.000000000000000000 ) ) ;
#2545 = EDGE_CURVE ( 'NONE', #2089, #213, #648, .T. ) ;
#2546 = ORIENTED_EDGE ( 'NONE', *, *, #1863, .F. ) ;
#2547 = CARTESIAN_POINT ( 'NONE',  ( -5.117179922239808221, 0.2000000000000000111, 0.9243752719679353413 ) ) ;
#2548 = EDGE_CURVE ( 'NONE', #2442, #1839, #1879, .T. ) ;
#2549 = ORIENTED_EDGE ( 'NONE', *, *, #1589, .T. ) ;
#2550 = CARTESIAN_POINT ( 'NONE',  ( -2.136007431584242777, 0.2000000000000000111, -4.631141571169778537 ) ) ;
#2551 = AXIS2_PLACEMENT_3D ( 'NONE', #1149, #2042, #693 ) ;
#2552 = DIRECTION ( 'NONE',  ( -0.000000000000000000, -1.000000000000000000, -0.000000000000000000 ) ) ;
#2553 = ORIENTED_EDGE ( 'NONE', *, *, #1954, .T. ) ;
#2554 = CIRCLE ( 'NONE', #978, 0.5500000000000027089 ) ;
#2555 = CYLINDRICAL_SURFACE ( 'NONE', #1677, 0.5499999999999991562 ) ;
#2556 = AXIS2_PLACEMENT_3D ( 'NONE', #1955, #1097, #355 ) ;
#2557 = FACE_OUTER_BOUND ( 'NONE', #2142, .T. ) ;
#2558 = ORIENTED_EDGE ( 'NONE', *, *, #1247, .F. ) ;
#2559 = LINE ( 'NONE', #261, #232 ) ;
#2560 = AXIS2_PLACEMENT_3D ( 'NONE', #2121, #93, #1900 ) ;
#2561 = VERTEX_POINT ( 'NONE', #2232 ) ;
#2562 = DIRECTION ( 'NONE',  ( 0.000000000000000000, -1.000000000000000000, 0.000000000000000000 ) ) ;
#2563 = CIRCLE ( 'NONE', #2221, 0.2000000000000003442 ) ;
#2564 = ORIENTED_EDGE ( 'NONE', *, *, #2806, .F. ) ;
#2565 = CIRCLE ( 'NONE', #852, 0.1000000000000000888 ) ;
#2566 = AXIS2_PLACEMENT_3D ( 'NONE', #1072, #1979, #625 ) ;
#2567 = CARTESIAN_POINT ( 'NONE',  ( -4.744741829972438651, 0.5999999999999999778, -1.496011352533726191 ) ) ;
#2568 = EDGE_CURVE ( 'NONE', #21, #954, #2554, .T. ) ;
#2569 = DIRECTION ( 'NONE',  ( -0.000000000000000000, -1.000000000000000000, -0.000000000000000000 ) ) ;
#2570 = CARTESIAN_POINT ( 'NONE',  ( -4.744741829972438651, 0.5999999999999999778, -1.696011352533726591 ) ) ;
#2571 = EDGE_CURVE ( 'NONE', #2561, #2255, #746, .T. ) ;
#2572 = CARTESIAN_POINT ( 'NONE',  ( 2.177889930242725036, 0.5999999999999999778, -4.721948268643711089 ) ) ;
#2573 = VERTEX_POINT ( 'NONE', #205 ) ;
#2574 = CARTESIAN_POINT ( 'NONE',  ( 0.000000000000000000, 0.2000000000000000111, 0.000000000000000000 ) ) ;
#2575 = EDGE_LOOP ( 'NONE', ( #2846, #249, #6, #1777 ) ) ;
#2576 = CARTESIAN_POINT ( 'NONE',  ( -4.415601898828272809, 0.5999999999999999778, -1.936655092675825030 ) ) ;
#2577 = ORIENTED_EDGE ( 'NONE', *, *, #114, .T. ) ;
#2578 = CARTESIAN_POINT ( 'NONE',  ( 0.9065988244300420273, 0.2000000000000000111, -5.018772616042897816 ) ) ;
#2579 = DIRECTION ( 'NONE',  ( 0.000000000000000000, 0.000000000000000000, 1.000000000000000000 ) ) ;
#2580 = ORIENTED_EDGE ( 'NONE', *, *, #769, .F. ) ;
#2581 = DIRECTION ( 'NONE',  ( 0.000000000000000000, 0.000000000000000000, 1.000000000000000000 ) ) ;
#2582 = DIRECTION ( 'NONE',  ( -0.000000000000000000, 1.000000000000000000, -0.000000000000000000 ) ) ;
#2583 = ADVANCED_FACE ( 'NONE', ( #2525 ), #2264, .F. ) ;
#2584 = ORIENTED_EDGE ( 'NONE', *, *, #1997, .F. ) ;
#2585 = EDGE_CURVE ( 'NONE', #1617, #155, #2642, .T. ) ;
#2586 = CARTESIAN_POINT ( 'NONE',  ( -2.250000000000000444, 0.2000000000000000111, 4.688016638195731112 ) ) ;
#2587 = ORIENTED_EDGE ( 'NONE', *, *, #926, .T. ) ;
#2588 = DIRECTION ( 'NONE',  ( 0.000000000000000000, 0.000000000000000000, -1.000000000000000000 ) ) ;
#2589 = ORIENTED_EDGE ( 'NONE', *, *, #1031, .F. ) ;
#2590 = DIRECTION ( 'NONE',  ( 0.000000000000000000, 0.000000000000000000, 1.000000000000000000 ) ) ;
#2591 = DIRECTION ( 'NONE',  ( 0.000000000000000000, 0.000000000000000000, 1.000000000000000000 ) ) ;
#2592 = CARTESIAN_POINT ( 'NONE',  ( 2.136007431584211247, 0.2000000000000000111, -4.631141571169793636 ) ) ;
#2593 = FACE_BOUND ( 'NONE', #1702, .T. ) ;
#2594 = AXIS2_PLACEMENT_3D ( 'NONE', #286, #1419, #2823 ) ;
#2595 = ORIENTED_EDGE ( 'NONE', *, *, #1768, .F. ) ;
#2596 = DIRECTION ( 'NONE',  ( -0.000000000000000000, 1.000000000000000000, -0.000000000000000000 ) ) ;
#2597 = ORIENTED_EDGE ( 'NONE', *, *, #2825, .T. ) ;
#2598 = DIRECTION ( 'NONE',  ( 0.000000000000000000, 0.000000000000000000, 1.000000000000000000 ) ) ;
#2599 = AXIS2_PLACEMENT_3D ( 'NONE', #2916, #1286, #356 ) ;
#2600 = ORIENTED_EDGE ( 'NONE', *, *, #2420, .F. ) ;
#2601 = CARTESIAN_POINT ( 'NONE',  ( -4.631141571169798965, 0.5999999999999999778, -2.136007431584197480 ) ) ;
#2602 = AXIS2_PLACEMENT_3D ( 'NONE', #2000, #2453, #1107 ) ;
#2603 = CARTESIAN_POINT ( 'NONE',  ( 0.000000000000000000, 0.2000000000000000111, 0.000000000000000000 ) ) ;
#2604 = CIRCLE ( 'NONE', #2120, 4.399999999999999467 ) ;
#2605 = DIRECTION ( 'NONE',  ( -0.000000000000000000, -1.000000000000000000, -0.000000000000000000 ) ) ;
#2606 = VECTOR ( 'NONE', #1427, 100.0000000000000000 ) ;
#2607 = ORIENTED_EDGE ( 'NONE', *, *, #1995, .T. ) ;
#2608 = VECTOR ( 'NONE', #1148, 100.0000000000000000 ) ;
#2609 = DIRECTION ( 'NONE',  ( 0.000000000000000000, -1.000000000000000000, 0.000000000000000000 ) ) ;
#2610 = CYLINDRICAL_SURFACE ( 'NONE', #324, 0.5500000000000027089 ) ;
#2611 = AXIS2_PLACEMENT_3D ( 'NONE', #169, #1073, #861 ) ;
#2612 = EDGE_LOOP ( 'NONE', ( #2647, #1167, #765, #1766 ) ) ;
#2613 = DIRECTION ( 'NONE',  ( -0.000000000000000000, 1.000000000000000000, -0.000000000000000000 ) ) ;
#2614 = ORIENTED_EDGE ( 'NONE', *, *, #911, .T. ) ;
#2615 = CARTESIAN_POINT ( 'NONE',  ( 1.496011352533743954, 0.5999999999999999778, -4.744741829972433322 ) ) ;
#2616 = PRODUCT_RELATED_PRODUCT_CATEGORY ( 'detail', '', ( #1384 ) ) ;
#2617 = ORIENTED_EDGE ( 'NONE', *, *, #1263, .F. ) ;
#2618 = EDGE_CURVE ( 'NONE', #909, #1754, #1441, .T. ) ;
#2619 = ORIENTED_EDGE ( 'NONE', *, *, #1694, .T. ) ;
#2620 = EDGE_CURVE ( 'NONE', #1450, #2851, #1023, .T. ) ;
#2621 = DIRECTION ( 'NONE',  ( -0.000000000000000000, 1.000000000000000000, -0.000000000000000000 ) ) ;
#2622 = LINE ( 'NONE', #2855, #1075 ) ;
#2623 = DIRECTION ( 'NONE',  ( -4.272805472570675854E-16, 0.000000000000000000, 1.000000000000000000 ) ) ;
#2624 = CARTESIAN_POINT ( 'NONE',  ( 0.000000000000000000, 0.000000000000000000, -4.399999999999999467 ) ) ;
#2625 = ORIENTED_EDGE ( 'NONE', *, *, #2132, .F. ) ;
#2626 = CARTESIAN_POINT ( 'NONE',  ( 4.724801270274587850, 0.2000000000000000111, -0.8463172906254728955 ) ) ;
#2627 = ORIENTED_EDGE ( 'NONE', *, *, #1424, .F. ) ;
#2628 = DIRECTION ( 'NONE',  ( 0.000000000000000000, 1.000000000000000000, 0.000000000000000000 ) ) ;
#2629 = EDGE_CURVE ( 'NONE', #976, #954, #2357, .T. ) ;
#2630 = ORIENTED_EDGE ( 'NONE', *, *, #1755, .T. ) ;
#2631 = DIRECTION ( 'NONE',  ( 0.000000000000000000, 0.000000000000000000, 1.000000000000000000 ) ) ;
#2632 = DIRECTION ( 'NONE',  ( 0.000000000000000000, 0.000000000000000000, 1.000000000000000000 ) ) ;
#2633 = EDGE_CURVE ( 'NONE', #1691, #2015, #2509, .T. ) ;
#2634 = DIRECTION ( 'NONE',  ( -0.000000000000000000, -1.000000000000000000, -0.000000000000000000 ) ) ;
#2635 = ORIENTED_EDGE ( 'NONE', *, *, #207, .F. ) ;
#2636 = EDGE_CURVE ( 'NONE', #1678, #1812, #266, .T. ) ;
#2637 = LINE ( 'NONE', #2671, #1920 ) ;
#2638 = DIRECTION ( 'NONE',  ( 0.000000000000000000, 0.000000000000000000, 1.000000000000000000 ) ) ;
#2639 = ORIENTED_EDGE ( 'NONE', *, *, #2169, .F. ) ;
#2640 = AXIS2_PLACEMENT_3D ( 'NONE', #2498, #1351, #1136 ) ;
#2641 = CARTESIAN_POINT ( 'NONE',  ( 1.496011352533743954, 0.5999999999999999778, -4.744741829972433322 ) ) ;
#2642 = CIRCLE ( 'NONE', #1350, 0.5499999999999983791 ) ;
#2643 = CARTESIAN_POINT ( 'NONE',  ( 2.016772136338038202, 0.2000000000000000111, -4.355758274983875467 ) ) ;
#2644 = ORIENTED_EDGE ( 'NONE', *, *, #2400, .T. ) ;
#2645 = SECURITY_CLASSIFICATION ( '', '', #2478 ) ;
#2646 = CARTESIAN_POINT ( 'NONE',  ( -2.250000000000000444, 0.2000000000000000111, 3.781203512110924869 ) ) ;
#2647 = ORIENTED_EDGE ( 'NONE', *, *, #875, .F. ) ;
#2648 = CARTESIAN_POINT ( 'NONE',  ( 0.000000000000000000, 0.5999999999999999778, 0.000000000000000000 ) ) ;
#2649 = AXIS2_PLACEMENT_3D ( 'NONE', #2197, #1257, #132 ) ;
#2650 = CYLINDRICAL_SURFACE ( 'NONE', #1976, 0.2000000000000008715 ) ;
#2651 = ORIENTED_EDGE ( 'NONE', *, *, #1662, .F. ) ;
#2652 = AXIS2_PLACEMENT_3D ( 'NONE', #1816, #2336, #1380 ) ;
#2653 = ADVANCED_FACE ( 'NONE', ( #2080 ), #2021, .F. ) ;
#2654 = CARTESIAN_POINT ( 'NONE',  ( 4.744741829972416447, 0.000000000000000000, -1.296011352533796401 ) ) ;
#2655 = AXIS2_PLACEMENT_3D ( 'NONE', #2139, #1875, #2150 ) ;
#2656 = CIRCLE ( 'NONE', #87, 0.1000000000000000888 ) ;
#2657 = CARTESIAN_POINT ( 'NONE',  ( 0.000000000000000000, 0.5999999999999999778, 0.000000000000000000 ) ) ;
#2658 = VERTEX_POINT ( 'NONE', #2494 ) ;
#2659 = AXIS2_PLACEMENT_3D ( 'NONE', #1000, #2794, #1671 ) ;
#2660 = DIRECTION ( 'NONE',  ( -0.000000000000000000, -1.000000000000000000, -0.000000000000000000 ) ) ;
#2661 = CARTESIAN_POINT ( 'NONE',  ( -4.648618534062513241, 0.2000000000000000111, -2.037546496345663982 ) ) ;
#2662 = CIRCLE ( 'NONE', #2081, 0.5500000000000027089 ) ;
#2663 = EDGE_LOOP ( 'NONE', ( #617, #208, #1459, #1490, #2271, #988, #376, #496 ) ) ;
#2664 = AXIS2_PLACEMENT_3D ( 'NONE', #653, #1998, #1292 ) ;
#2665 = CARTESIAN_POINT ( 'NONE',  ( 4.724801270274587850, 0.2000000000000000111, -0.9463172906254729844 ) ) ;
#2666 = ORIENTED_EDGE ( 'NONE', *, *, #694, .T. ) ;
#2667 = DIRECTION ( 'NONE',  ( 0.000000000000000000, 0.000000000000000000, 1.000000000000000000 ) ) ;
#2668 = DIRECTION ( 'NONE',  ( 0.000000000000000000, 0.000000000000000000, 1.000000000000000000 ) ) ;
#2669 = DIRECTION ( 'NONE',  ( 0.000000000000000000, 1.000000000000000000, 0.000000000000000000 ) ) ;
#2670 = VERTEX_POINT ( 'NONE', #497 ) ;
#2671 = CARTESIAN_POINT ( 'NONE',  ( 4.415601898828247940, 0.2000000000000000111, -1.936655092675887868 ) ) ;
#2672 = DIRECTION ( 'NONE',  ( 0.000000000000000000, 0.000000000000000000, 1.000000000000000000 ) ) ;
#2673 = EDGE_CURVE ( 'NONE', #213, #773, #2840, .T. ) ;
#2674 = EDGE_LOOP ( 'NONE', ( #1370, #2775, #2799, #1539, #2818, #1600 ) ) ;
#2675 = DIRECTION ( 'NONE',  ( 0.000000000000000000, 0.000000000000000000, 1.000000000000000000 ) ) ;
#2676 = CYLINDRICAL_SURFACE ( 'NONE', #570, 5.500000000000000000 ) ;
#2677 = EDGE_CURVE ( 'NONE', #1177, #962, #2744, .T. ) ;
#2678 = ORIENTED_EDGE ( 'NONE', *, *, #145, .T. ) ;
#2679 = EDGE_CURVE ( 'NONE', #2925, #912, #1637, .T. ) ;
#2680 = CARTESIAN_POINT ( 'NONE',  ( 4.744741829972416447, 0.5999999999999999778, -1.496011352533796579 ) ) ;
#2681 = VERTEX_POINT ( 'NONE', #466 ) ;
#2682 = CYLINDRICAL_SURFACE ( 'NONE', #135, 0.1000000000000000888 ) ;
#2683 = PERSON_AND_ORGANIZATION ( #543, #656 ) ;
#2684 = DIRECTION ( 'NONE',  ( -6.938893903907222067E-15, 0.000000000000000000, 1.000000000000000000 ) ) ;
#2685 = VERTEX_POINT ( 'NONE', #1361 ) ;
#2686 = CARTESIAN_POINT ( 'NONE',  ( 1.496011352533743954, 0.000000000000000000, -4.544741829972432257 ) ) ;
#2687 = DIRECTION ( 'NONE',  ( -0.000000000000000000, 1.000000000000000000, -0.000000000000000000 ) ) ;
#2688 = ORIENTED_EDGE ( 'NONE', *, *, #2365, .F. ) ;
#2689 = FACE_BOUND ( 'NONE', #2663, .T. ) ;
#2690 = CARTESIAN_POINT ( 'NONE',  ( -1.974756050164360843, 0.2000000000000000111, -4.265013310921696998 ) ) ;
#2691 = VERTEX_POINT ( 'NONE', #1618 ) ;
#2692 = EDGE_CURVE ( 'NONE', #1357, #2348, #75, .T. ) ;
#2693 = CARTESIAN_POINT ( 'NONE',  ( 0.9972776749075318303, 0.5999999999999999778, -4.976614033570520235 ) ) ;
#2694 = AXIS2_PLACEMENT_3D ( 'NONE', #959, #1447, #2857 ) ;
#2695 = ORIENTED_EDGE ( 'NONE', *, *, #71, .F. ) ;
#2696 = AXIS2_PLACEMENT_3D ( 'NONE', #2039, #1112, #2732 ) ;
#2697 = CARTESIAN_POINT ( 'NONE',  ( -4.724801270274600284, 0.5999999999999999778, -0.8463172906253997319 ) ) ;
#2698 = DIRECTION ( 'NONE',  ( 0.000000000000000000, 0.000000000000000000, 1.000000000000000000 ) ) ;
#2699 = APPROVAL_PERSON_ORGANIZATION ( #2944, #1701, #2036 ) ;
#2700 = ORIENTED_EDGE ( 'NONE', *, *, #1915, .F. ) ;
#2701 = CARTESIAN_POINT ( 'NONE',  ( -0.9462702232267379276, 0.2000000000000000111, -4.727869048689640863 ) ) ;
#2702 = DIRECTION ( 'NONE',  ( -0.000000000000000000, -1.000000000000000000, -0.000000000000000000 ) ) ;
#2703 = DIRECTION ( 'NONE',  ( 1.004950428811057057E-15, 0.000000000000000000, -1.000000000000000000 ) ) ;
#2704 = VECTOR ( 'NONE', #2246, 100.0000000000000000 ) ;
#2705 = EDGE_LOOP ( 'NONE', ( #2501, #540, #2617, #2257 ) ) ;
#2706 = VECTOR ( 'NONE', #934, 100.0000000000000000 ) ;
#2707 = FACE_OUTER_BOUND ( 'NONE', #2212, .T. ) ;
#2708 = DIRECTION ( 'NONE',  ( 0.000000000000000000, 0.000000000000000000, 1.000000000000000000 ) ) ;
#2709 = AXIS2_PLACEMENT_3D ( 'NONE', #518, #532, #1003 ) ;
#2710 = AXIS2_PLACEMENT_3D ( 'NONE', #196, #1566, #1103 ) ;
#2711 = EDGE_LOOP ( 'NONE', ( #2950, #2614, #1884, #451 ) ) ;
#2712 = DIRECTION ( 'NONE',  ( 0.000000000000000000, 1.000000000000000000, 0.000000000000000000 ) ) ;
#2713 = CIRCLE ( 'NONE', #618, 0.5500000000000027089 ) ;
#2714 = EDGE_CURVE ( 'NONE', #997, #363, #1540, .T. ) ;
#2715 = ORIENTED_EDGE ( 'NONE', *, *, #2137, .F. ) ;
#2716 = VECTOR ( 'NONE', #683, 100.0000000000000000 ) ;
#2717 = CARTESIAN_POINT ( 'NONE',  ( -4.355758274983851486, 0.2000000000000000111, 1.916772136338090293 ) ) ;
#2718 = APPROVAL_DATE_TIME ( #265, #624 ) ;
#2719 = EDGE_CURVE ( 'NONE', #1114, #2850, #1488, .T. ) ;
#2720 = ORIENTED_EDGE ( 'NONE', *, *, #2673, .T. ) ;
#2721 = EDGE_CURVE ( 'NONE', #2223, #2418, #168, .T. ) ;
#2722 = DIRECTION ( 'NONE',  ( 0.000000000000000000, 1.000000000000000000, 0.000000000000000000 ) ) ;
#2723 = DIRECTION ( 'NONE',  ( 0.000000000000000000, 0.000000000000000000, 1.000000000000000000 ) ) ;
#2724 = ORIENTED_EDGE ( 'NONE', *, *, #1214, .T. ) ;
#2725 = CARTESIAN_POINT ( 'NONE',  ( 4.744741829972416447, 0.5999999999999999778, -1.496011352533796579 ) ) ;
#2726 = DIRECTION ( 'NONE',  ( -0.000000000000000000, 1.000000000000000000, -0.000000000000000000 ) ) ;
#2727 = ORIENTED_EDGE ( 'NONE', *, *, #1368, .T. ) ;
#2728 = LINE ( 'NONE', #2665, #1928 ) ;
#2729 = ORIENTED_EDGE ( 'NONE', *, *, #2365, .T. ) ;
#2730 = DIRECTION ( 'NONE',  ( 0.000000000000000000, 0.000000000000000000, 1.000000000000000000 ) ) ;
#2731 = ORIENTED_EDGE ( 'NONE', *, *, #1497, .F. ) ;
#2732 = DIRECTION ( 'NONE',  ( 0.000000000000000000, 0.000000000000000000, 1.000000000000000000 ) ) ;
#2733 = EDGE_CURVE ( 'NONE', #204, #793, #2506, .T. ) ;
#2734 = CARTESIAN_POINT ( 'NONE',  ( 0.000000000000000000, 0.2000000000000000111, 0.000000000000000000 ) ) ;
#2735 = ORIENTED_EDGE ( 'NONE', *, *, #2479, .F. ) ;
#2736 = DIRECTION ( 'NONE',  ( 0.000000000000000000, 0.000000000000000000, 1.000000000000000000 ) ) ;
#2737 = CYLINDRICAL_SURFACE ( 'NONE', #1415, 0.5500000000000027089 ) ;
#2738 = VERTEX_POINT ( 'NONE', #1388 ) ;
#2739 = FACE_OUTER_BOUND ( 'NONE', #1922, .T. ) ;
#2740 = VERTEX_POINT ( 'NONE', #1217 ) ;
#2741 = DIRECTION ( 'NONE',  ( 0.000000000000000000, 0.000000000000000000, 1.000000000000000000 ) ) ;
#2742 = CIRCLE ( 'NONE', #1020, 0.1000000000000000888 ) ;
#2743 = COORDINATED_UNIVERSAL_TIME_OFFSET ( 9, 0, .AHEAD. ) ;
#2744 = CIRCLE ( 'NONE', #551, 0.1000000000000000888 ) ;
#2745 = EDGE_LOOP ( 'NONE', ( #2520, #515, #243, #448 ) ) ;
#2746 = DIRECTION ( 'NONE',  ( 0.000000000000000000, 1.000000000000000000, 0.000000000000000000 ) ) ;
#2747 = CARTESIAN_POINT ( 'NONE',  ( 0.000000000000000000, 0.5999999999999999778, -5.500000000000000000 ) ) ;
#2748 = EDGE_CURVE ( 'NONE', #566, #2089, #1876, .T. ) ;
#2749 = ORIENTED_EDGE ( 'NONE', *, *, #1456, .T. ) ;
#2750 = FACE_OUTER_BOUND ( 'NONE', #672, .T. ) ;
#2751 = AXIS2_PLACEMENT_3D ( 'NONE', #1274, #1475, #2462 ) ;
#2752 = CARTESIAN_POINT ( 'NONE',  ( -4.626367910477203083, 0.5999999999999999778, 0.8286856804041033975 ) ) ;
#2753 = EDGE_CURVE ( 'NONE', #1559, #2223, #569, .T. ) ;
#2754 = VERTEX_POINT ( 'NONE', #2327 ) ;
#2755 = AXIS2_PLACEMENT_3D ( 'NONE', #547, #1283, #786 ) ;
#2756 = EDGE_CURVE ( 'NONE', #858, #2434, #312, .T. ) ;
#2757 = FACE_OUTER_BOUND ( 'NONE', #1595, .T. ) ;
#2758 = VECTOR ( 'NONE', #2485, 100.0000000000000000 ) ;
#2759 = ORIENTED_EDGE ( 'NONE', *, *, #2063, .F. ) ;
#2760 = CARTESIAN_POINT ( 'NONE',  ( -4.744741829972438651, 0.5999999999999999778, -1.496011352533726191 ) ) ;
#2761 = FACE_OUTER_BOUND ( 'NONE', #1482, .T. ) ;
#2762 = PERSON_AND_ORGANIZATION ( #543, #656 ) ;
#2763 = VECTOR ( 'NONE', #2875, 100.0000000000000000 ) ;
#2764 = ORIENTED_EDGE ( 'NONE', *, *, #2629, .T. ) ;
#2765 = DIRECTION ( 'NONE',  ( -0.000000000000000000, -1.000000000000000000, -0.000000000000000000 ) ) ;
#2766 = CARTESIAN_POINT ( 'NONE',  ( -5.018772616042888934, 0.2000000000000000111, 1.006598824430090300 ) ) ;
#2767 = ORIENTED_EDGE ( 'NONE', *, *, #197, .F. ) ;
#2768 = DIRECTION ( 'NONE',  ( 0.000000000000000000, 0.000000000000000000, 1.000000000000000000 ) ) ;
#2769 = EDGE_CURVE ( 'NONE', #351, #909, #1303, .T. ) ;
#2770 = CARTESIAN_POINT ( 'NONE',  ( -1.496011352533779704, 0.5999999999999999778, -4.944741829972422842 ) ) ;
#2771 = ORIENTED_EDGE ( 'NONE', *, *, #2748, .T. ) ;
#2772 = CARTESIAN_POINT ( 'NONE',  ( 4.648618534062485708, 0.2000000000000000111, -2.037546496345729263 ) ) ;
#2773 = EDGE_CURVE ( 'NONE', #1004, #2353, #1680, .T. ) ;
#2774 = CC_DESIGN_DATE_AND_TIME_ASSIGNMENT ( #2017, #450, ( #1477 ) ) ;
#2775 = ORIENTED_EDGE ( 'NONE', *, *, #119, .T. ) ;
#2776 = CARTESIAN_POINT ( 'NONE',  ( 4.727869048689652409, 0.2000000000000000111, 0.9462702232266804181 ) ) ;
#2777 = ORIENTED_EDGE ( 'NONE', *, *, #2363, .F. ) ;
#2778 = DIRECTION ( 'NONE',  ( -0.000000000000000000, -1.000000000000000000, -0.000000000000000000 ) ) ;
#2779 = CARTESIAN_POINT ( 'NONE',  ( 0.9462702232267015123, 0.2000000000000000111, -4.727869048689649745 ) ) ;
#2780 = ORIENTED_EDGE ( 'NONE', *, *, #1263, .T. ) ;
#2781 = DIRECTION ( 'NONE',  ( -0.000000000000000000, 1.000000000000000000, -0.000000000000000000 ) ) ;
#2782 = APPLICATION_CONTEXT ( 'configuration controlled 3d designs of mechanical parts and assemblies' ) ;
#2783 = DIRECTION ( 'NONE',  ( 0.000000000000000000, 0.000000000000000000, -1.000000000000000000 ) ) ;
#2784 = EDGE_LOOP ( 'NONE', ( #574, #2262, #2960, #2463 ) ) ;
#2785 = CARTESIAN_POINT ( 'NONE',  ( -0.9243752719679216856, 0.2000000000000000111, -5.117179922239810885 ) ) ;
#2786 = ORIENTED_EDGE ( 'NONE', *, *, #1575, .F. ) ;
#2787 = EDGE_CURVE ( 'NONE', #546, #2348, #2315, .T. ) ;
#2788 = DIRECTION ( 'NONE',  ( -0.000000000000000000, 1.000000000000000000, -0.000000000000000000 ) ) ;
#2789 = ORIENTED_EDGE ( 'NONE', *, *, #692, .F. ) ;
#2790 = CIRCLE ( 'NONE', #2694, 4.700000000000000178 ) ;
#2791 = EDGE_CURVE ( 'NONE', #1093, #170, #118, .T. ) ;
#2792 = DIRECTION ( 'NONE',  ( -0.000000000000000000, -1.000000000000000000, -0.000000000000000000 ) ) ;
#2793 = CIRCLE ( 'NONE', #408, 5.200000000000000178 ) ;
#2794 = DIRECTION ( 'NONE',  ( -0.000000000000000000, -1.000000000000000000, -0.000000000000000000 ) ) ;
#2795 = AXIS2_PLACEMENT_3D ( 'NONE', #899, #2746, #1146 ) ;
#2796 = CARTESIAN_POINT ( 'NONE',  ( 4.744741829972438651, 0.5999999999999999778, 1.296011352533726457 ) ) ;
#2797 = AXIS2_PLACEMENT_3D ( 'NONE', #1233, #92, #967 ) ;
#2798 = DIRECTION ( 'NONE',  ( 0.000000000000000000, 0.000000000000000000, 1.000000000000000000 ) ) ;
#2799 = ORIENTED_EDGE ( 'NONE', *, *, #2234, .F. ) ;
#2800 = LINE ( 'NONE', #2772, #2706 ) ;
#2801 = CIRCLE ( 'NONE', #2560, 4.399999999999999467 ) ;
#2802 = ORIENTED_EDGE ( 'NONE', *, *, #2806, .T. ) ;
#2803 = DIRECTION ( 'NONE',  ( 0.000000000000000000, 0.000000000000000000, 1.000000000000000000 ) ) ;
#2804 = AXIS2_PLACEMENT_3D ( 'NONE', #870, #825, #1959 ) ;
#2805 = AXIS2_PLACEMENT_3D ( 'NONE', #2680, #878, #413 ) ;
#2806 = EDGE_CURVE ( 'NONE', #2431, #2250, #508, .T. ) ;
#2807 = ORIENTED_EDGE ( 'NONE', *, *, #871, .F. ) ;
#2808 = VECTOR ( 'NONE', #1910, 100.0000000000000000 ) ;
#2809 = AXIS2_PLACEMENT_3D ( 'NONE', #1878, #2517, #477 ) ;
#2810 = FACE_OUTER_BOUND ( 'NONE', #2492, .T. ) ;
#2811 = AXIS2_PLACEMENT_3D ( 'NONE', #2697, #127, #630 ) ;
#2812 = ADVANCED_FACE ( 'NONE', ( #2853 ), #790, .F. ) ;
#2813 = CARTESIAN_POINT ( 'NONE',  ( -4.744741829972417335, 0.5999999999999999778, 1.496011352533797689 ) ) ;
#2814 = ADVANCED_FACE ( 'NONE', ( #1643 ), #74, .F. ) ;
#2815 = AXIS2_PLACEMENT_3D ( 'NONE', #1150, #1622, #276 ) ;
#2816 = LINE ( 'NONE', #1220, #458 ) ;
#2817 = CARTESIAN_POINT ( 'NONE',  ( 0.000000000000000000, 0.000000000000000000, 0.000000000000000000 ) ) ;
#2818 = ORIENTED_EDGE ( 'NONE', *, *, #818, .T. ) ;
#2819 = CYLINDRICAL_SURFACE ( 'NONE', #804, 0.1000000000000000888 ) ;
#2820 = ORIENTED_EDGE ( 'NONE', *, *, #1821, .F. ) ;
#2821 = CARTESIAN_POINT ( 'NONE',  ( 4.744741829972438651, 0.5999999999999999778, 1.496011352533726857 ) ) ;
#2822 = EDGE_LOOP ( 'NONE', ( #57, #674, #8, #2231 ) ) ;
#2823 = DIRECTION ( 'NONE',  ( 0.000000000000000000, 0.000000000000000000, 1.000000000000000000 ) ) ;
#2824 = CARTESIAN_POINT ( 'NONE',  ( -2.016772136338070176, 0.2000000000000000111, -4.355758274983859479 ) ) ;
#2825 = EDGE_CURVE ( 'NONE', #2255, #793, #28, .T. ) ;
#2826 = CARTESIAN_POINT ( 'NONE',  ( -4.721948268643718194, 0.2000000000000000111, -2.177889930242711714 ) ) ;
#2827 = EDGE_CURVE ( 'NONE', #1613, #1397, #1443, .T. ) ;
#2828 = DIRECTION ( 'NONE',  ( 0.000000000000000000, -1.000000000000000000, 0.000000000000000000 ) ) ;
#2829 = ORIENTED_EDGE ( 'NONE', *, *, #2254, .T. ) ;
#2830 = LINE ( 'NONE', #1676, #1180 ) ;
#2831 = EDGE_LOOP ( 'NONE', ( #1428, #2403, #1048, #2207, #2194, #1008, #459, #2802 ) ) ;
#2832 = FACE_OUTER_BOUND ( 'NONE', #2930, .T. ) ;
#2833 = ORIENTED_EDGE ( 'NONE', *, *, #1644, .F. ) ;
#2834 = ORIENTED_EDGE ( 'NONE', *, *, #818, .F. ) ;
#2835 = CYLINDRICAL_SURFACE ( 'NONE', #220, 5.200000000000000178 ) ;
#2836 = CARTESIAN_POINT ( 'NONE',  ( 4.415601898828272809, 0.5999999999999999778, 1.936655092675825918 ) ) ;
#2837 = VECTOR ( 'NONE', #1847, 100.0000000000000000 ) ;
#2838 = CARTESIAN_POINT ( 'NONE',  ( 4.976614033570507800, 0.2000000000000000111, -0.9972776749075866753 ) ) ;
#2839 = DIRECTION ( 'NONE',  ( 0.000000000000000000, 0.000000000000000000, 1.000000000000000000 ) ) ;
#2840 = CIRCLE ( 'NONE', #1826, 0.2000000000000003442 ) ;
#2841 = EDGE_LOOP ( 'NONE', ( #972, #19, #1309, #1468 ) ) ;
#2842 = APPROVAL ( #45, 'UNSPECIFIED' ) ;
#2843 = CARTESIAN_POINT ( 'NONE',  ( 0.9065988244300420273, 0.2000000000000000111, -5.018772616042897816 ) ) ;
#2844 = AXIS2_PLACEMENT_3D ( 'NONE', #1473, #2395, #2632 ) ;
#2845 = EDGE_CURVE ( 'NONE', #11, #2159, #2508, .T. ) ;
#2846 = ORIENTED_EDGE ( 'NONE', *, *, #1296, .F. ) ;
#2847 = ADVANCED_FACE ( 'NONE', ( #528 ), #1886, .T. ) ;
#2848 = DIRECTION ( 'NONE',  ( 0.000000000000000000, 0.000000000000000000, 1.000000000000000000 ) ) ;
#2849 = CIRCLE ( 'NONE', #1548, 0.5499999999999983791 ) ;
#2850 = VERTEX_POINT ( 'NONE', #550 ) ;
#2851 = VERTEX_POINT ( 'NONE', #1445 ) ;
#2852 = AXIS2_PLACEMENT_3D ( 'NONE', #1804, #2712, #2439 ) ;
#2853 = FACE_OUTER_BOUND ( 'NONE', #318, .T. ) ;
#2854 = CIRCLE ( 'NONE', #2709, 0.2000000000000003442 ) ;
#2855 = CARTESIAN_POINT ( 'NONE',  ( -2.250000000000000444, 0.5999999999999999778, 5.018714974971183018 ) ) ;
#2856 = VECTOR ( 'NONE', #1091, 100.0000000000000000 ) ;
#2857 = DIRECTION ( 'NONE',  ( 0.000000000000000000, 0.000000000000000000, 1.000000000000000000 ) ) ;
#2858 = DIRECTION ( 'NONE',  ( -0.000000000000000000, 1.000000000000000000, -0.000000000000000000 ) ) ;
#2859 = AXIS2_PLACEMENT_3D ( 'NONE', #626, #2203, #1516 ) ;
#2860 = EDGE_LOOP ( 'NONE', ( #2580, #740, #2451, #1966 ) ) ;
#2861 = ADVANCED_FACE ( 'NONE', ( #2810 ), #766, .F. ) ;
#2862 = DIRECTION ( 'NONE',  ( 0.000000000000000000, 0.000000000000000000, 1.000000000000000000 ) ) ;
#2863 = ORIENTED_EDGE ( 'NONE', *, *, #1298, .F. ) ;
#2864 = ADVANCED_FACE ( 'NONE', ( #1909 ), #2835, .F. ) ;
#2865 = CARTESIAN_POINT ( 'NONE',  ( 4.724801270274587850, 0.2000000000000000111, -0.8463172906254728955 ) ) ;
#2866 = ORIENTED_EDGE ( 'NONE', *, *, #2692, .F. ) ;
#2867 = DIRECTION ( 'NONE',  ( -0.000000000000000000, -1.000000000000000000, -0.000000000000000000 ) ) ;
#2868 = FACE_OUTER_BOUND ( 'NONE', #2358, .T. ) ;
#2869 = FACE_OUTER_BOUND ( 'NONE', #2484, .T. ) ;
#2870 = VERTEX_POINT ( 'NONE', #1243 ) ;
#2871 = DIRECTION ( 'NONE',  ( 0.000000000000000000, 1.000000000000000000, 0.000000000000000000 ) ) ;
#2872 = CARTESIAN_POINT ( 'NONE',  ( -4.648618534062483931, 0.2000000000000000111, 2.037546496345734148 ) ) ;
#2873 = ORIENTED_EDGE ( 'NONE', *, *, #2313, .T. ) ;
#2874 = CARTESIAN_POINT ( 'NONE',  ( -2.016772136338070176, 0.2000000000000000111, -4.355758274983859479 ) ) ;
#2875 = DIRECTION ( 'NONE',  ( -0.000000000000000000, 1.000000000000000000, -0.000000000000000000 ) ) ;
#2876 = ORIENTED_EDGE ( 'NONE', *, *, #380, .F. ) ;
#2877 = CARTESIAN_POINT ( 'NONE',  ( -4.744741829972438651, 0.5999999999999999778, -1.696011352533726591 ) ) ;
#2878 = VERTEX_POINT ( 'NONE', #2146 ) ;
#2879 = LINE ( 'NONE', #1508, #1227 ) ;
#2880 = DIRECTION ( 'NONE',  ( -0.000000000000000000, 1.000000000000000000, -0.000000000000000000 ) ) ;
#2881 = DIRECTION ( 'NONE',  ( 0.000000000000000000, 0.000000000000000000, -1.000000000000000000 ) ) ;
#2882 = ADVANCED_FACE ( 'NONE', ( #2868 ), #2182, .F. ) ;
#2883 = ORIENTED_EDGE ( 'NONE', *, *, #778, .F. ) ;
#2884 = DIRECTION ( 'NONE',  ( 0.000000000000000000, 1.000000000000000000, 0.000000000000000000 ) ) ;
#2885 = DIRECTION ( 'NONE',  ( 0.000000000000000000, 1.000000000000000000, 0.000000000000000000 ) ) ;
#2886 = EDGE_LOOP ( 'NONE', ( #2204, #108, #812, #2001 ) ) ;
#2887 = AXIS2_PLACEMENT_3D ( 'NONE', #725, #1621, #2541 ) ;
#2888 = DIRECTION ( 'NONE',  ( 0.000000000000000000, 1.000000000000000000, 0.000000000000000000 ) ) ;
#2889 = AXIS2_PLACEMENT_3D ( 'NONE', #1670, #750, #1924 ) ;
#2890 = CYLINDRICAL_SURFACE ( 'NONE', #2664, 4.700000000000001066 ) ;
#2891 = ORIENTED_EDGE ( 'NONE', *, *, #944, .T. ) ;
#2892 = AXIS2_PLACEMENT_3D ( 'NONE', #2411, #2429, #2698 ) ;
#2893 = CARTESIAN_POINT ( 'NONE',  ( -2.177889930242757899, 0.5999999999999999778, -4.721948268643695990 ) ) ;
#2894 = EDGE_LOOP ( 'NONE', ( #299, #1241, #1188, #464 ) ) ;
#2895 = CARTESIAN_POINT ( 'NONE',  ( 0.000000000000000000, 0.5999999999999999778, 0.000000000000000000 ) ) ;
#2896 = CIRCLE ( 'NONE', #1401, 0.2000000000000008715 ) ;
#2897 = CARTESIAN_POINT ( 'NONE',  ( 4.744741829972416447, 0.2000000000000000111, -0.9460113525337974227 ) ) ;
#2898 = EDGE_CURVE ( 'NONE', #1056, #2226, #1881, .T. ) ;
#2899 = CARTESIAN_POINT ( 'NONE',  ( -1.496011352533779704, 0.5999999999999999778, -4.744741829972421776 ) ) ;
#2900 = ORIENTED_EDGE ( 'NONE', *, *, #2753, .F. ) ;
#2901 = AXIS2_PLACEMENT_3D ( 'NONE', #2958, #1355, #156 ) ;
#2902 = CARTESIAN_POINT ( 'NONE',  ( 0.000000000000000000, 0.2000000000000000111, 0.000000000000000000 ) ) ;
#2903 = EDGE_CURVE ( 'NONE', #1056, #1337, #1969, .T. ) ;
#2904 = VECTOR ( 'NONE', #1222, 100.0000000000000000 ) ;
#2905 = AXIS2_PLACEMENT_3D ( 'NONE', #1933, #2613, #1016 ) ;
#2906 = EDGE_CURVE ( 'NONE', #976, #688, #1121, .T. ) ;
#2907 = CARTESIAN_POINT ( 'NONE',  ( -4.265013310921688117, 0.5999999999999999778, 1.974756050164380383 ) ) ;
#2908 = EDGE_LOOP ( 'NONE', ( #1825, #2140, #282, #1232, #801, #1028, #1697, #1573 ) ) ;
#2909 = DIRECTION ( 'NONE',  ( 0.000000000000000000, 0.000000000000000000, -1.000000000000000000 ) ) ;
#2910 = FACE_OUTER_BOUND ( 'NONE', #2917, .T. ) ;
#2911 = CIRCLE ( 'NONE', #478, 0.1000000000000000888 ) ;
#2912 = ORIENTED_EDGE ( 'NONE', *, *, #1532, .F. ) ;
#2913 = VERTEX_POINT ( 'NONE', #190 ) ;
#2914 = CARTESIAN_POINT ( 'NONE',  ( 4.744741829972438651, 0.000000000000000000, 1.696011352533727257 ) ) ;
#2915 = PERSON_AND_ORGANIZATION_ROLE ( 'design_owner' ) ;
#2916 = CARTESIAN_POINT ( 'NONE',  ( 4.355758274983881684, 0.2000000000000000111, 2.016772136338022658 ) ) ;
#2917 = EDGE_LOOP ( 'NONE', ( #2487, #1328, #341, #2912 ) ) ;
#2918 = CARTESIAN_POINT ( 'NONE',  ( -4.744741829972417335, 0.000000000000000000, 1.696011352533798089 ) ) ;
#2919 = PLANE ( 'NONE',  #469 ) ;
#2920 = EDGE_CURVE ( 'NONE', #1337, #1282, #1215, .T. ) ;
#2921 = VERTEX_POINT ( 'NONE', #1715 ) ;
#2922 = EDGE_CURVE ( 'NONE', #548, #1641, #2945, .T. ) ;
#2923 = FACE_BOUND ( 'NONE', #2831, .T. ) ;
#2924 = CARTESIAN_POINT ( 'NONE',  ( 0.7480056762668719772, 0.2000000000000000111, -2.372370914986216661 ) ) ;
#2925 = VERTEX_POINT ( 'NONE', #2161 ) ;
#2926 = DIRECTION ( 'NONE',  ( 3.469446951953611033E-15, 0.000000000000000000, 1.000000000000000000 ) ) ;
#2927 = ORIENTED_EDGE ( 'NONE', *, *, #2011, .T. ) ;
#2928 = CARTESIAN_POINT ( 'NONE',  ( 5.388445916248354013E-16, 0.5999999999999999778, 4.399999999999999467 ) ) ;
#2929 = CARTESIAN_POINT ( 'NONE',  ( 4.744741829972416447, 0.2000000000000000111, -1.496011352533796579 ) ) ;
#2930 = EDGE_LOOP ( 'NONE', ( #935, #658, #2786, #1638 ) ) ;
#2931 = DIRECTION ( 'NONE',  ( -0.000000000000000000, -1.000000000000000000, -0.000000000000000000 ) ) ;
#2932 = DIRECTION ( 'NONE',  ( 0.000000000000000000, 0.000000000000000000, 1.000000000000000000 ) ) ;
#2933 = ORIENTED_EDGE ( 'NONE', *, *, #2825, .F. ) ;
#2934 = FACE_BOUND ( 'NONE', #924, .T. ) ;
#2935 = CARTESIAN_POINT ( 'NONE',  ( 0.000000000000000000, 0.000000000000000000, 0.000000000000000000 ) ) ;
#2936 = ORIENTED_EDGE ( 'NONE', *, *, #479, .T. ) ;
#2937 = DIRECTION ( 'NONE',  ( 0.000000000000000000, 0.000000000000000000, -1.000000000000000000 ) ) ;
#2938 = CIRCLE ( 'NONE', #1965, 4.700000000000000178 ) ;
#2939 = EDGE_CURVE ( 'NONE', #1197, #2339, #1593, .T. ) ;
#2940 = EDGE_CURVE ( 'NONE', #1754, #2176, #373, .T. ) ;
#2941 = ORIENTED_EDGE ( 'NONE', *, *, #295, .F. ) ;
#2942 = VECTOR ( 'NONE', #1174, 100.0000000000000000 ) ;
#2943 = DIRECTION ( 'NONE',  ( 0.000000000000000000, 0.000000000000000000, -1.000000000000000000 ) ) ;
#2944 = PERSON_AND_ORGANIZATION ( #543, #656 ) ;
#2945 = CIRCLE ( 'NONE', #2844, 0.5499999999999983791 ) ;
#2946 = ORIENTED_EDGE ( 'NONE', *, *, #1971, .F. ) ;
#2947 = DIRECTION ( 'NONE',  ( -0.000000000000000000, 1.000000000000000000, -0.000000000000000000 ) ) ;
#2948 = PLANE ( 'NONE',  #1887 ) ;
#2949 = CIRCLE ( 'NONE', #2751, 5.500000000000000000 ) ;
#2950 = ORIENTED_EDGE ( 'NONE', *, *, #2152, .T. ) ;
#2951 = AXIS2_PLACEMENT_3D ( 'NONE', #2186, #585, #2638 ) ;
#2952 = AXIS2_PLACEMENT_3D ( 'NONE', #2574, #2544, #1152 ) ;
#2953 = LINE ( 'NONE', #1961, #2122 ) ;
#2954 = CARTESIAN_POINT ( 'NONE',  ( -1.496011352533779704, 0.5999999999999999778, -4.544741829972420710 ) ) ;
#2955 = VECTOR ( 'NONE', #30, 100.0000000000000000 ) ;
#2956 = AXIS2_PLACEMENT_3D ( 'NONE', #1801, #209, #184 ) ;
#2957 = EDGE_LOOP ( 'NONE', ( #1948, #1994, #492, #182, #2891, #1418, #2112, #293 ) ) ;
#2958 = CARTESIAN_POINT ( 'NONE',  ( -4.355758274983851486, 0.2000000000000000111, 2.016772136338090604 ) ) ;
#2959 = AXIS2_PLACEMENT_3D ( 'NONE', #2293, #449, #2047 ) ;
#2960 = ORIENTED_EDGE ( 'NONE', *, *, #2756, .F. ) ;
#2961 = CIRCLE ( 'NONE', #2476, 0.1000000000000000888 ) ;
#2962 = EDGE_CURVE ( 'NONE', #1364, #1359, #749, .T. ) ;
#2963 = CYLINDRICAL_SURFACE ( 'NONE', #1038, 0.2000000000000003442 ) ;
#2964 = EDGE_CURVE ( 'NONE', #65, #1758, #1940, .T. ) ;
#2965 = ORIENTED_EDGE ( 'NONE', *, *, #2307, .T. ) ;
ENDSEC;
END-ISO-10303-21;
