ISO-10303-21;
HEADER;
FILE_DESCRIPTION (( 'STEP AP203' ),
    '1' );
FILE_NAME ('바디_암.STEP',
    '2024-09-26T14:18:21',
    ( '' ),
    ( '' ),
    'SwSTEP 2.0',
    'SolidWorks 2022',
    '' );
FILE_SCHEMA (( 'CONFIG_CONTROL_DESIGN' ));
ENDSEC;

DATA;
#1 = ORIENTED_EDGE ( 'NONE', *, *, #1424, .F. ) ;
#2 = DIRECTION ( 'NONE',  ( 0.000000000000000000, 0.000000000000000000, 1.000000000000000000 ) ) ;
#3 = CARTESIAN_POINT ( 'NONE',  ( 14.19873015035756580, 0.6999999999999999556, 0.5514934299312391763 ) ) ;
#4 = CARTESIAN_POINT ( 'NONE',  ( 12.86591627529717030, 1.499999999999999778, -0.6079535865882111922 ) ) ;
#5 = EDGE_LOOP ( 'NONE', ( #599, #1010 ) ) ;
#6 = ORIENTED_EDGE ( 'NONE', *, *, #1176, .T. ) ;
#7 = DIRECTION ( 'NONE',  ( 0.000000000000000000, 0.000000000000000000, -1.000000000000000000 ) ) ;
#8 = DIRECTION ( 'NONE',  ( -0.000000000000000000, -0.000000000000000000, 1.000000000000000000 ) ) ;
#9 = FACE_OUTER_BOUND ( 'NONE', #404, .T. ) ;
#10 = LINE ( 'NONE', #776, #95 ) ;
#11 = EDGE_CURVE ( 'NONE', #2216, #288, #1021, .T. ) ;
#12 = CARTESIAN_POINT ( 'NONE',  ( 10.89805466650582311, 0.000000000000000000, -0.3289627364769548978 ) ) ;
#13 = DIRECTION ( 'NONE',  ( -0.9987637123824266716, 0.000000000000000000, 0.04970962510493456138 ) ) ;
#14 = EDGE_CURVE ( 'NONE', #1046, #1382, #2024, .T. ) ;
#15 = CARTESIAN_POINT ( 'NONE',  ( 10.89805466650582311, 0.5999999999999999778, -0.3289627364769548978 ) ) ;
#16 = VERTEX_POINT ( 'NONE', #2226 ) ;
#17 = EDGE_LOOP ( 'NONE', ( #724, #261, #798, #744 ) ) ;
#18 = DIRECTION ( 'NONE',  ( -0.000000000000000000, -1.000000000000000000, -0.000000000000000000 ) ) ;
#19 = FACE_BOUND ( 'NONE', #1679, .T. ) ;
#20 = DIRECTION ( 'NONE',  ( -0.000000000000000000, 1.000000000000000000, -0.000000000000000000 ) ) ;
#21 = CIRCLE ( 'NONE', #2027, 0.1000000000000000472 ) ;
#22 = AXIS2_PLACEMENT_3D ( 'NONE', #943, #606, #1935 ) ;
#23 = DIRECTION ( 'NONE',  ( 0.000000000000000000, -0.000000000000000000, -1.000000000000000000 ) ) ;
#24 = B_SPLINE_CURVE_WITH_KNOTS ( 'NONE', 3,
 ( #661, #1234, #1637, #492, #329, #725, #1621, #1077, #279, #307, #532, #686, #2256, #1849, #711, #89, #101, #121, #1486, #1039, #864, #1448, #848, #1459, #1281, #2218, #112, #1859, #2449, #1292, #1815, #2404, #677, #1838, #2416, #1066, #1657, #1439, #1256, #2245, #2207, #481, #292, #2029, #874 ),
 .UNSPECIFIED., .F., .F.,
 ( 4, 2, 1, 1, 1, 1, 1, 1, 2, 2, 1, 1, 1, 1, 1, 1, 2, 2, 1, 1, 1, 1, 1, 1, 2, 2, 1, 1, 1, 1, 1, 2, 2, 4 ),
 ( 0.000000000000000000, 0.06249999999984172383, 0.09374999999976176002, 0.1093749999997218475, 0.1171874999997010447, 0.1210937499996906225, 0.1230468749996863065, 0.1240234374996832534, 0.1245117187496817268, 0.1249999999996802003, 0.1874999999994859667, 0.2187499999993880451, 0.2343749999993382793, 0.2421874999993133826, 0.2460937499993009203, 0.2480468749992946753, 0.2490234374992932598, 0.2499999999992918442, 0.3749999999993532951, 0.4374999999993824384, 0.4687499999993970379, 0.4843749999994043098, 0.4921874999994097499, 0.4960937499994106936, 0.4980468749994111377, 0.4999999999994115818, 0.6249999999995340394, 0.6874999999995934363, 0.7187499999996230793, 0.7343749999996360689, 0.7421874999996445066, 0.7460937499996506128, 0.7499999999996566080, 1.000000000000000000 ),
 .UNSPECIFIED. ) ;
#25 = VECTOR ( 'NONE', #1350, 100.0000000000000000 ) ;
#26 = EDGE_CURVE ( 'NONE', #965, #2346, #2038, .T. ) ;
#27 = CARTESIAN_POINT ( 'NONE',  ( 8.649999999999998579, 0.8999999999999999112, -1.050000000000000266 ) ) ;
#28 = CARTESIAN_POINT ( 'NONE',  ( 12.00000000000000000, 0.1000000000000000056, 0.7500000000000012212 ) ) ;
#29 = CARTESIAN_POINT ( 'NONE',  ( 1.371603298871147070, 0.000000000000000000, 1.523549930434112021 ) ) ;
#30 = EDGE_CURVE ( 'NONE', #1617, #1546, #1327, .T. ) ;
#31 = AXIS2_PLACEMENT_3D ( 'NONE', #450, #1613, #643 ) ;
#32 = CIRCLE ( 'NONE', #635, 0.1999999999999996225 ) ;
#33 = ORIENTED_EDGE ( 'NONE', *, *, #1809, .F. ) ;
#34 = DIRECTION ( 'NONE',  ( -0.000000000000000000, -1.000000000000000000, -0.000000000000000000 ) ) ;
#35 = CARTESIAN_POINT ( 'NONE',  ( 1.371603298871147070, 1.500000000000000000, 1.523549930434112021 ) ) ;
#36 = DIRECTION ( 'NONE',  ( 0.9987637123824266716, 0.000000000000000000, 0.04970962510493453362 ) ) ;
#37 = DIRECTION ( 'NONE',  ( -0.000000000000000000, -0.000000000000000000, 1.000000000000000000 ) ) ;
#38 = LINE ( 'NONE', #2162, #2109 ) ;
#39 = CARTESIAN_POINT ( 'NONE',  ( 12.10474622260422706, 1.500000000000000000, 1.044762283416732940 ) ) ;
#40 = ORIENTED_EDGE ( 'NONE', *, *, #1743, .T. ) ;
#41 = CARTESIAN_POINT ( 'NONE',  ( 9.049999999999998934, 0.8999999999999999112, 0.5039796697656828695 ) ) ;
#42 = EDGE_CURVE ( 'NONE', #1875, #2331, #338, .T. ) ;
#43 = CARTESIAN_POINT ( 'NONE',  ( 10.70641199981118241, 0.000000000000000000, -0.5861736471685996541 ) ) ;
#44 = PLANE ( 'NONE',  #1907 ) ;
#45 = DIRECTION ( 'NONE',  ( -0.9987637123824266716, 0.000000000000000000, -0.04970962510493451281 ) ) ;
#46 = DIRECTION ( 'NONE',  ( 0.000000000000000000, -1.000000000000000000, 0.000000000000000000 ) ) ;
#47 = CARTESIAN_POINT ( 'NONE',  ( 13.59158935357688236, 0.7522364709835682728, 0.8893573791294381303 ) ) ;
#48 = ORIENTED_EDGE ( 'NONE', *, *, #1407, .T. ) ;
#49 = VERTEX_POINT ( 'NONE', #2111 ) ;
#50 = CARTESIAN_POINT ( 'NONE',  ( 9.184850993605148438E-17, 0.1000000000000000056, 0.7500000000000000000 ) ) ;
#51 = CARTESIAN_POINT ( 'NONE',  ( 12.00000000000000000, 0.1000000000000000888, -0.6500000000000015765 ) ) ;
#52 = DIRECTION ( 'NONE',  ( 0.000000000000000000, 0.000000000000000000, -1.000000000000000000 ) ) ;
#53 = ADVANCED_FACE ( 'NONE', ( #1944, #851 ), #1004, .T. ) ;
#54 = CARTESIAN_POINT ( 'NONE',  ( 1.949999999999999734, 0.8999999999999999112, -1.050000000000000266 ) ) ;
#55 = CARTESIAN_POINT ( 'NONE',  ( 12.00000000000000000, 1.399999999999999911, 0.000000000000000000 ) ) ;
#56 = AXIS2_PLACEMENT_3D ( 'NONE', #1329, #2482, #1742 ) ;
#57 = CIRCLE ( 'NONE', #1986, 0.7500000000000000000 ) ;
#58 = CARTESIAN_POINT ( 'NONE',  ( 16.05000000000000071, 0.000000000000000000, 0.000000000000000000 ) ) ;
#59 = AXIS2_PLACEMENT_3D ( 'NONE', #1902, #358, #2288 ) ;
#60 = AXIS2_PLACEMENT_3D ( 'NONE', #1498, #548, #2271 ) ;
#61 = DATE_AND_TIME ( #1780, #550 ) ;
#62 = ORIENTED_EDGE ( 'NONE', *, *, #1202, .F. ) ;
#63 = CIRCLE ( 'NONE', #1057, 0.2000000000000003442 ) ;
#64 = ORIENTED_EDGE ( 'NONE', *, *, #1573, .T. ) ;
#65 = CARTESIAN_POINT ( 'NONE',  ( 1.249902202385464678, 1.500000000000000000, -0.01563599923143721773 ) ) ;
#66 = VECTOR ( 'NONE', #2253, 100.0000000000000000 ) ;
#67 = VERTEX_POINT ( 'NONE', #1797 ) ;
#68 = CARTESIAN_POINT ( 'NONE',  ( 16.05000000000000071, 0.6999999999999999556, 0.000000000000000000 ) ) ;
#69 = CARTESIAN_POINT ( 'NONE',  ( 1.549999999999999600, 1.099999999999999867, -1.050000000000000266 ) ) ;
#70 = EDGE_CURVE ( 'NONE', #67, #456, #1403, .T. ) ;
#71 = CARTESIAN_POINT ( 'NONE',  ( 7.960204194457796709E-17, 1.399999999999999911, 0.6500000000000000222 ) ) ;
#72 = DIRECTION ( 'NONE',  ( 0.000000000000000000, 0.000000000000000000, -1.000000000000000000 ) ) ;
#73 = ADVANCED_FACE ( 'NONE', ( #271 ), #1200, .T. ) ;
#74 = CARTESIAN_POINT ( 'NONE',  ( 0.000000000000000000, 1.500000000000000000, 0.000000000000000000 ) ) ;
#75 = DATE_AND_TIME ( #1417, #1309 ) ;
#76 = ORIENTED_EDGE ( 'NONE', *, *, #2009, .F. ) ;
#77 = ORIENTED_EDGE ( 'NONE', *, *, #2164, .F. ) ;
#78 = EDGE_LOOP ( 'NONE', ( #1280, #476, #1287, #40 ) ) ;
#79 = CARTESIAN_POINT ( 'NONE',  ( 9.049999999999998934, 1.099999999999999867, -0.5039796697656829805 ) ) ;
#80 = FACE_BOUND ( 'NONE', #158, .T. ) ;
#81 = DIRECTION ( 'NONE',  ( -0.000000000000000000, -1.000000000000000000, -0.000000000000000000 ) ) ;
#82 = DIRECTION ( 'NONE',  ( 0.000000000000000000, 0.000000000000000000, -1.000000000000000000 ) ) ;
#83 = EDGE_CURVE ( 'NONE', #1315, #564, #256, .T. ) ;
#84 = CARTESIAN_POINT ( 'NONE',  ( 13.04524877655540394, 0.9279835625528629617, 0.9479342746951842091 ) ) ;
#85 = ORIENTED_EDGE ( 'NONE', *, *, #425, .T. ) ;
#86 = EDGE_CURVE ( 'NONE', #487, #1616, #1949, .T. ) ;
#87 = ORIENTED_EDGE ( 'NONE', *, *, #951, .T. ) ;
#88 = ORIENTED_EDGE ( 'NONE', *, *, #2223, .T. ) ;
#89 = CARTESIAN_POINT ( 'NONE',  ( 12.49310771936714382, 1.231038600907631064, -1.005395360788437387 ) ) ;
#90 = LINE ( 'NONE', #2417, #937 ) ;
#91 = CARTESIAN_POINT ( 'NONE',  ( 10.69647007479019507, 0.5999999999999999778, -0.5859263896450848108 ) ) ;
#92 = DIRECTION ( 'NONE',  ( 0.000000000000000000, 1.000000000000000000, 0.000000000000000000 ) ) ;
#93 = VERTEX_POINT ( 'NONE', #1593 ) ;
#94 = CIRCLE ( 'NONE', #1095, 1.050000000000000266 ) ;
#95 = VECTOR ( 'NONE', #2319, 100.0000000000000000 ) ;
#96 = EDGE_LOOP ( 'NONE', ( #1719, #505, #1874, #581 ) ) ;
#97 = CARTESIAN_POINT ( 'NONE',  ( 1.549999999999999600, 1.099999999999999867, 0.1306959954943299751 ) ) ;
#98 = CIRCLE ( 'NONE', #1503, 0.6000000000000212941 ) ;
#99 = ORIENTED_EDGE ( 'NONE', *, *, #83, .T. ) ;
#100 = ORIENTED_EDGE ( 'NONE', *, *, #1330, .F. ) ;
#101 = CARTESIAN_POINT ( 'NONE',  ( 12.52464011330325278, 1.210730298813078143, -1.002159698771756924 ) ) ;
#102 = APPROVAL_PERSON_ORGANIZATION ( #836, #2469, #1961 ) ;
#103 = CARTESIAN_POINT ( 'NONE',  ( 1.244931239874971007, 0.8999999999999999112, 0.1155123704696797565 ) ) ;
#104 = DIRECTION ( 'NONE',  ( -0.000000000000000000, -1.000000000000000000, -0.000000000000000000 ) ) ;
#105 = CARTESIAN_POINT ( 'NONE',  ( 12.00000000000000000, 1.500000000000000000, -0.6500000000000015765 ) ) ;
#106 = ORIENTED_EDGE ( 'NONE', *, *, #779, .F. ) ;
#107 = CARTESIAN_POINT ( 'NONE',  ( 1.421312923976081777, 0.000000000000000000, 0.5247862180516852382 ) ) ;
#108 = DIRECTION ( 'NONE',  ( 0.000000000000000000, 1.000000000000000000, -0.000000000000000000 ) ) ;
#109 = ORIENTED_EDGE ( 'NONE', *, *, #702, .F. ) ;
#110 = EDGE_CURVE ( 'NONE', #1892, #1254, #1985, .T. ) ;
#111 = VERTEX_POINT ( 'NONE', #254 ) ;
#112 = CARTESIAN_POINT ( 'NONE',  ( 12.96792477884135764, 0.9628944285901475109, -0.9560882812644323492 ) ) ;
#113 = CARTESIAN_POINT ( 'NONE',  ( 12.00000000000000000, 1.399999999999999911, -0.7500000000000012212 ) ) ;
#114 = CYLINDRICAL_SURFACE ( 'NONE', #1016, 0.2000000000000003442 ) ;
#115 = CARTESIAN_POINT ( 'NONE',  ( 1.149910026194627788, 0.5999999999999999778, 0.01438511929292219001 ) ) ;
#116 = ORIENTED_EDGE ( 'NONE', *, *, #1807, .T. ) ;
#117 = DIRECTION ( 'NONE',  ( 0.000000000000000000, -1.000000000000000000, 0.000000000000000000 ) ) ;
#118 = CARTESIAN_POINT ( 'NONE',  ( 1.949999999999999734, 0.8999999999999999112, 0.5510995852887498048 ) ) ;
#119 = ORIENTED_EDGE ( 'NONE', *, *, #888, .F. ) ;
#120 = ORIENTED_EDGE ( 'NONE', *, *, #1850, .T. ) ;
#121 = CARTESIAN_POINT ( 'NONE',  ( 12.54015724399311971, 1.200833508292650675, -1.000565650656467076 ) ) ;
#122 = DIRECTION ( 'NONE',  ( -0.000000000000000000, -0.000000000000000000, 1.000000000000000000 ) ) ;
#123 = DIRECTION ( 'NONE',  ( -0.000000000000000000, -1.000000000000000000, -0.000000000000000000 ) ) ;
#124 = ADVANCED_FACE ( 'NONE', ( #2381 ), #424, .T. ) ;
#125 = DIRECTION ( 'NONE',  ( -0.000000000000000000, 0.000000000000000000, 1.000000000000000000 ) ) ;
#126 = ORIENTED_EDGE ( 'NONE', *, *, #843, .T. ) ;
#127 = ORIENTED_EDGE ( 'NONE', *, *, #394, .T. ) ;
#128 = AXIS2_PLACEMENT_3D ( 'NONE', #987, #225, #1757 ) ;
#129 = DIRECTION ( 'NONE',  ( -0.000000000000000000, 1.000000000000000000, 0.000000000000000000 ) ) ;
#130 = VERTEX_POINT ( 'NONE', #1766 ) ;
#131 = VECTOR ( 'NONE', #2495, 100.0000000000000000 ) ;
#132 = ORIENTED_EDGE ( 'NONE', *, *, #1015, .T. ) ;
#133 = DIRECTION ( 'NONE',  ( 0.000000000000000000, 1.000000000000000000, 0.000000000000000000 ) ) ;
#134 = VECTOR ( 'NONE', #1121, 100.0000000000000142 ) ;
#135 = CARTESIAN_POINT ( 'NONE',  ( 12.58820536121168487, 0.6999999999999999556, 0.8792488120198872492 ) ) ;
#136 = DIRECTION ( 'NONE',  ( 0.000000000000000000, -1.000000000000000000, 0.000000000000000000 ) ) ;
#137 = DIRECTION ( 'NONE',  ( -0.000000000000000000, -1.000000000000000000, -0.000000000000000000 ) ) ;
#138 = EDGE_CURVE ( 'NONE', #2203, #93, #1550, .T. ) ;
#139 = AXIS2_PLACEMENT_3D ( 'NONE', #29, #1171, #2467 ) ;
#140 = DIRECTION ( 'NONE',  ( -0.000000000000000000, -1.000000000000000000, -0.000000000000000000 ) ) ;
#141 = EDGE_CURVE ( 'NONE', #1750, #531, #1415, .T. ) ;
#142 = VERTEX_POINT ( 'NONE', #1998 ) ;
#143 = ORIENTED_EDGE ( 'NONE', *, *, #563, .T. ) ;
#144 = CARTESIAN_POINT ( 'NONE',  ( 1.285879139104721225E-16, 1.500000000000000000, 1.050000000000000266 ) ) ;
#145 = ORIENTED_EDGE ( 'NONE', *, *, #1375, .T. ) ;
#146 = ORIENTED_EDGE ( 'NONE', *, *, #2405, .T. ) ;
#147 = DIRECTION ( 'NONE',  ( 0.000000000000000000, -1.000000000000000000, 0.000000000000000000 ) ) ;
#148 = CARTESIAN_POINT ( 'NONE',  ( 0.000000000000000000, 0.1000000000000000056, -0.7500000000000000000 ) ) ;
#149 = DIRECTION ( 'NONE',  ( -0.000000000000000000, -1.000000000000000000, -0.000000000000000000 ) ) ;
#150 = LINE ( 'NONE', #2290, #854 ) ;
#151 = VERTEX_POINT ( 'NONE', #2393 ) ;
#152 = EDGE_CURVE ( 'NONE', #564, #130, #712, .T. ) ;
#153 = ORIENTED_EDGE ( 'NONE', *, *, #441, .F. ) ;
#154 = CARTESIAN_POINT ( 'NONE',  ( 1.949999999999999734, 1.099999999999999867, -1.050000000000000266 ) ) ;
#155 = DIRECTION ( 'NONE',  ( -0.000000000000000000, -1.000000000000000000, -0.000000000000000000 ) ) ;
#156 = EDGE_CURVE ( 'NONE', #2205, #1081, #2200, .T. ) ;
#157 = VERTEX_POINT ( 'NONE', #1377 ) ;
#158 = EDGE_LOOP ( 'NONE', ( #1930, #76 ) ) ;
#159 = DIRECTION ( 'NONE',  ( 0.000000000000000000, 0.000000000000000000, 1.000000000000000000 ) ) ;
#160 = CARTESIAN_POINT ( 'NONE',  ( 12.58820536121405276, 1.500000000000000000, -0.8792488120201948920 ) ) ;
#161 = CARTESIAN_POINT ( 'NONE',  ( 11.94780489363981779, 0.000000000000000000, -1.048701898001548116 ) ) ;
#162 = LINE ( 'NONE', #1536, #2436 ) ;
#163 = DIRECTION ( 'NONE',  ( -0.000000000000000000, 1.000000000000000000, -0.000000000000000000 ) ) ;
#164 = VERTEX_POINT ( 'NONE', #91 ) ;
#165 = DIRECTION ( 'NONE',  ( 0.000000000000000000, 0.000000000000000000, -1.000000000000000000 ) ) ;
#166 = DIRECTION ( 'NONE',  ( 0.000000000000000000, -1.000000000000000000, 0.000000000000000000 ) ) ;
#167 = EDGE_CURVE ( 'NONE', #142, #203, #94, .T. ) ;
#168 = DIRECTION ( 'NONE',  ( -0.000000000000000000, -1.000000000000000000, -0.000000000000000000 ) ) ;
#169 = ORIENTED_EDGE ( 'NONE', *, *, #951, .F. ) ;
#170 = CIRCLE ( 'NONE', #2395, 0.6500000000000015765 ) ;
#171 = ORIENTED_EDGE ( 'NONE', *, *, #1868, .F. ) ;
#172 = LINE ( 'NONE', #921, #1828 ) ;
#173 = ADVANCED_FACE ( 'NONE', ( #1818, #1604, #2185, #233 ), #2007, .F. ) ;
#174 = AXIS2_PLACEMENT_3D ( 'NONE', #1554, #1177, #764 ) ;
#175 = CARTESIAN_POINT ( 'NONE',  ( 12.93354122499131797, 1.500000000000000000, -0.4975588423907790214 ) ) ;
#176 = DIRECTION ( 'NONE',  ( 0.000000000000000000, 0.000000000000000000, 1.000000000000000000 ) ) ;
#177 = CIRCLE ( 'NONE', #1098, 0.7500000000000000000 ) ;
#178 = DIRECTION ( 'NONE',  ( -0.000000000000000000, -0.000000000000000000, 1.000000000000000000 ) ) ;
#179 = VECTOR ( 'NONE', #1842, 100.0000000000000000 ) ;
#180 = VECTOR ( 'NONE', #1258, 100.0000000000000142 ) ;
#181 = CARTESIAN_POINT ( 'NONE',  ( 12.00000000000000000, 1.500000000000000000, 0.000000000000000000 ) ) ;
#182 = AXIS2_PLACEMENT_3D ( 'NONE', #528, #2049, #1845 ) ;
#183 = EDGE_LOOP ( 'NONE', ( #1886, #1723, #1667, #1618, #857, #1558, #1473, #1510, #2014 ) ) ;
#184 = DIRECTION ( 'NONE',  ( -0.000000000000000000, 1.000000000000000000, -0.000000000000000000 ) ) ;
#185 = AXIS2_PLACEMENT_3D ( 'NONE', #2013, #129, #289 ) ;
#186 = CARTESIAN_POINT ( 'NONE',  ( 13.48343196561540047, 0.6999999999999999556, 1.714056265333644857 ) ) ;
#187 = DIRECTION ( 'NONE',  ( 0.9987637123824266716, 0.000000000000000000, 0.04970962510493451281 ) ) ;
#188 = ORIENTED_EDGE ( 'NONE', *, *, #2137, .T. ) ;
#189 = ORIENTED_EDGE ( 'NONE', *, *, #1282, .T. ) ;
#190 = DIRECTION ( 'NONE',  ( -0.000000000000000000, -1.000000000000000000, -0.000000000000000000 ) ) ;
#191 = ORIENTED_EDGE ( 'NONE', *, *, #14, .F. ) ;
#192 = EDGE_CURVE ( 'NONE', #1485, #1396, #892, .T. ) ;
#193 = CARTESIAN_POINT ( 'NONE',  ( 12.69226825062128938, 1.500000000000000000, -0.7998929238226679672 ) ) ;
#194 = DIRECTION ( 'NONE',  ( 0.9987637123824266716, 0.000000000000000000, 0.04970962510493451281 ) ) ;
#195 = LINE ( 'NONE', #605, #981 ) ;
#196 = PLANE ( 'NONE',  #1783 ) ;
#197 = DIRECTION ( 'NONE',  ( 0.9987637123824266716, 0.000000000000000000, 0.04970962510493454056 ) ) ;
#198 = DIRECTION ( 'NONE',  ( 0.000000000000000000, 1.000000000000000000, 0.000000000000000000 ) ) ;
#199 = CARTESIAN_POINT ( 'NONE',  ( 12.86592730357160264, 1.499999999999999556, 0.6079635644764106450 ) ) ;
#200 = ORIENTED_EDGE ( 'NONE', *, *, #250, .T. ) ;
#201 = EDGE_LOOP ( 'NONE', ( #1581, #657 ) ) ;
#202 = DIRECTION ( 'NONE',  ( 0.000000000000000000, 1.000000000000000000, 0.000000000000000000 ) ) ;
#203 = VERTEX_POINT ( 'NONE', #631 ) ;
#204 = DIRECTION ( 'NONE',  ( 0.000000000000000000, 0.000000000000000000, -1.000000000000000000 ) ) ;
#205 = DIRECTION ( 'NONE',  ( 0.000000000000000000, 0.000000000000000000, -1.000000000000000000 ) ) ;
#206 = EDGE_CURVE ( 'NONE', #2447, #247, #1225, .T. ) ;
#207 = CARTESIAN_POINT ( 'NONE',  ( 10.69647007479019507, 1.500000000000000000, -0.5859263896450848108 ) ) ;
#208 = ADVANCED_FACE ( 'NONE', ( #1831 ), #523, .F. ) ;
#209 = LINE ( 'NONE', #27, #1779 ) ;
#210 = DIRECTION ( 'NONE',  ( -0.9987637123824266716, 0.000000000000000000, 0.04970962510493453362 ) ) ;
#211 = CARTESIAN_POINT ( 'NONE',  ( 12.10474622260422706, 1.500000000000000000, 1.044762283416732940 ) ) ;
#212 = ORIENTED_EDGE ( 'NONE', *, *, #2121, .T. ) ;
#213 = CARTESIAN_POINT ( 'NONE',  ( 12.10474622260422706, 0.6999999999999999556, -1.044762283416744708 ) ) ;
#214 = FACE_OUTER_BOUND ( 'NONE', #600, .T. ) ;
#215 = CARTESIAN_POINT ( 'NONE',  ( 1.949999999999999734, 1.500000000000000000, 0.5510995852887500268 ) ) ;
#216 = CIRCLE ( 'NONE', #336, 0.7500000000000012212 ) ;
#217 = DIRECTION ( 'NONE',  ( -0.000000000000000000, -1.000000000000000000, -0.000000000000000000 ) ) ;
#218 = AXIS2_PLACEMENT_3D ( 'NONE', #1259, #1853, #332 ) ;
#219 = CIRCLE ( 'NONE', #818, 1.049999999999999822 ) ;
#220 = CARTESIAN_POINT ( 'NONE',  ( 1.244931239874971007, 0.8999999999999999112, -0.1155123704696799092 ) ) ;
#221 = AXIS2_PLACEMENT_3D ( 'NONE', #2476, #2092, #561 ) ;
#222 = VECTOR ( 'NONE', #1040, 100.0000000000000000 ) ;
#223 = EDGE_CURVE ( 'NONE', #1418, #247, #1450, .T. ) ;
#224 = ADVANCED_FACE ( 'NONE', ( #509 ), #2409, .F. ) ;
#225 = DIRECTION ( 'NONE',  ( -0.000000000000000000, -1.000000000000000000, -0.000000000000000000 ) ) ;
#226 = APPLICATION_PROTOCOL_DEFINITION ( 'international standard', 'config_control_design', 1994, #2441 ) ;
#227 = VECTOR ( 'NONE', #108, 100.0000000000000000 ) ;
#228 = EDGE_LOOP ( 'NONE', ( #1399, #1502, #467, #145 ) ) ;
#229 = CYLINDRICAL_SURFACE ( 'NONE', #1790, 0.2000000000000003164 ) ;
#230 = CARTESIAN_POINT ( 'NONE',  ( 14.18236103921878488, 0.7000000000000000666, -0.5655545214364139373 ) ) ;
#231 = DIRECTION ( 'NONE',  ( 1.000000000000000000, 0.000000000000000000, 0.000000000000000000 ) ) ;
#232 = DIRECTION ( 'NONE',  ( -0.000000000000000000, -1.000000000000000000, -0.000000000000000000 ) ) ;
#233 = FACE_OUTER_BOUND ( 'NONE', #932, .T. ) ;
#234 = CARTESIAN_POINT ( 'NONE',  ( 12.59165733093544937, 1.168487515201249494, 0.9952666741922175930 ) ) ;
#235 = VERTEX_POINT ( 'NONE', #680 ) ;
#236 = ORIENTED_EDGE ( 'NONE', *, *, #563, .F. ) ;
#237 = DIRECTION ( 'NONE',  ( -0.000000000000000000, 1.000000000000000000, -0.000000000000000000 ) ) ;
#238 = EDGE_CURVE ( 'NONE', #979, #1607, #903, .T. ) ;
#239 = CARTESIAN_POINT ( 'NONE',  ( 14.18235804515448351, 0.6999999999999999556, 0.5656096800692271831 ) ) ;
#240 = CARTESIAN_POINT ( 'NONE',  ( 12.00000000000000000, 0.1000000000000000056, 0.000000000000000000 ) ) ;
#241 = LINE ( 'NONE', #1390, #1827 ) ;
#242 = DIRECTION ( 'NONE',  ( 0.000000000000000000, 1.000000000000000000, 0.000000000000000000 ) ) ;
#243 = CARTESIAN_POINT ( 'NONE',  ( 1.244931239874971007, 1.500000000000000000, -0.1155123704696799092 ) ) ;
#244 = APPROVAL_DATE_TIME ( #75, #1933 ) ;
#245 = ORIENTED_EDGE ( 'NONE', *, *, #1164, .T. ) ;
#246 = EDGE_CURVE ( 'NONE', #2465, #1437, #2438, .T. ) ;
#247 = VERTEX_POINT ( 'NONE', #887 ) ;
#248 = DIRECTION ( 'NONE',  ( -0.000000000000000000, 1.000000000000000000, -0.000000000000000000 ) ) ;
#249 = EDGE_LOOP ( 'NONE', ( #100, #1267, #2104, #2311 ) ) ;
#250 = EDGE_CURVE ( 'NONE', #2075, #2465, #901, .T. ) ;
#251 = DIRECTION ( 'NONE',  ( 0.000000000000000000, 0.000000000000000000, -1.000000000000000000 ) ) ;
#252 = LINE ( 'NONE', #1186, #2320 ) ;
#253 = CARTESIAN_POINT ( 'NONE',  ( 1.949999999999999734, 1.099999999999999867, -1.050000000000000266 ) ) ;
#254 = CARTESIAN_POINT ( 'NONE',  ( 1.549999999999999600, 1.099999999999999867, -0.5311911226609445924 ) ) ;
#255 = CIRCLE ( 'NONE', #539, 0.6500000000000000222 ) ;
#256 = CIRCLE ( 'NONE', #379, 0.6000000000000212941 ) ;
#257 = VECTOR ( 'NONE', #140, 100.0000000000000000 ) ;
#258 = FACE_OUTER_BOUND ( 'NONE', #1490, .T. ) ;
#259 = CIRCLE ( 'NONE', #299, 1.000000000000000000 ) ;
#260 = VECTOR ( 'NONE', #1562, 100.0000000000000000 ) ;
#261 = ORIENTED_EDGE ( 'NONE', *, *, #2474, .F. ) ;
#262 = VERTEX_POINT ( 'NONE', #346 ) ;
#263 = AXIS2_PLACEMENT_3D ( 'NONE', #2236, #123, #2425 ) ;
#264 = AXIS2_PLACEMENT_3D ( 'NONE', #579, #155, #1925 ) ;
#265 = ORIENTED_EDGE ( 'NONE', *, *, #1929, .F. ) ;
#266 = CARTESIAN_POINT ( 'NONE',  ( 12.10474622260422528, 1.500000000000000000, -1.044762283416732940 ) ) ;
#267 = LOCAL_TIME ( 23, 18, 21.00000000000000000, #797 ) ;
#268 = DIRECTION ( 'NONE',  ( -0.000000000000000000, -1.000000000000000000, -0.000000000000000000 ) ) ;
#269 = ADVANCED_FACE ( 'NONE', ( #2056 ), #1442, .F. ) ;
#270 = DIRECTION ( 'NONE',  ( -0.000000000000000000, -1.000000000000000000, -0.000000000000000000 ) ) ;
#271 = FACE_OUTER_BOUND ( 'NONE', #1410, .T. ) ;
#272 = EDGE_CURVE ( 'NONE', #2120, #262, #2108, .T. ) ;
#273 = CARTESIAN_POINT ( 'NONE',  ( 13.07334206838508273, 0.9158476689897143697, 0.9449644911857695284 ) ) ;
#274 = COORDINATED_UNIVERSAL_TIME_OFFSET ( 9, 0, .AHEAD. ) ;
#275 = EDGE_LOOP ( 'NONE', ( #2468, #2133, #2002, #738 ) ) ;
#276 = ORIENTED_EDGE ( 'NONE', *, *, #2240, .T. ) ;
#277 = ORIENTED_EDGE ( 'NONE', *, *, #1851, .T. ) ;
#278 = ORIENTED_EDGE ( 'NONE', *, *, #192, .F. ) ;
#279 = CARTESIAN_POINT ( 'NONE',  ( 12.32469777344452844, 1.344342922602610679, -1.022571715790991265 ) ) ;
#280 = EDGE_CURVE ( 'NONE', #1252, #49, #1247, .T. ) ;
#281 = FACE_OUTER_BOUND ( 'NONE', #1598, .T. ) ;
#282 = DIRECTION ( 'NONE',  ( 0.000000000000000000, -1.000000000000000000, 0.000000000000000000 ) ) ;
#283 = DIRECTION ( 'NONE',  ( 0.000000000000000000, 0.000000000000000000, -1.000000000000000000 ) ) ;
#284 = EDGE_CURVE ( 'NONE', #1418, #1927, #2398, .T. ) ;
#285 = CARTESIAN_POINT ( 'NONE',  ( 9.049999999999998934, 1.099999999999999867, -1.050000000000000266 ) ) ;
#286 = ADVANCED_FACE ( 'NONE', ( #1108 ), #1878, .F. ) ;
#287 = ORIENTED_EDGE ( 'NONE', *, *, #156, .F. ) ;
#288 = VERTEX_POINT ( 'NONE', #1661 ) ;
#289 = DIRECTION ( 'NONE',  ( 0.000000000000000000, -0.000000000000000000, 1.000000000000000000 ) ) ;
#290 = ORIENTED_EDGE ( 'NONE', *, *, #956, .F. ) ;
#291 = VERTEX_POINT ( 'NONE', #311 ) ;
#292 = CARTESIAN_POINT ( 'NONE',  ( 13.73292877067440720, 0.7202767814640625987, -0.8740175390699083113 ) ) ;
#293 = FACE_OUTER_BOUND ( 'NONE', #519, .T. ) ;
#294 = CARTESIAN_POINT ( 'NONE',  ( 10.70641199981118241, 0.5999999999999999778, -0.3861736471685992544 ) ) ;
#295 = LINE ( 'NONE', #1651, #786 ) ;
#296 = VECTOR ( 'NONE', #37, 100.0000000000000000 ) ;
#297 = ADVANCED_FACE ( 'NONE', ( #1841 ), #114, .F. ) ;
#298 = EDGE_LOOP ( 'NONE', ( #1522, #1915, #265, #1472, #1963, #623, #1298, #2434, #191, #1685, #920, #1277, #2415, #2363 ) ) ;
#299 = AXIS2_PLACEMENT_3D ( 'NONE', #1086, #885, #2423 ) ;
#300 = VECTOR ( 'NONE', #868, 100.0000000000000000 ) ;
#301 = ORIENTED_EDGE ( 'NONE', *, *, #616, .F. ) ;
#302 = LINE ( 'NONE', #337, #1591 ) ;
#303 = CIRCLE ( 'NONE', #1264, 0.7500000000000000000 ) ;
#304 = VECTOR ( 'NONE', #1189, 100.0000000000000000 ) ;
#305 = ORIENTED_EDGE ( 'NONE', *, *, #429, .F. ) ;
#306 = VERTEX_POINT ( 'NONE', #2452 ) ;
#307 = CARTESIAN_POINT ( 'NONE',  ( 12.32630171691649146, 1.343233958063892342, -1.022408875211263890 ) ) ;
#308 = CC_DESIGN_APPROVAL ( #2469, ( #2281 ) ) ;
#309 = PLANE ( 'NONE',  #1701 ) ;
#310 = CARTESIAN_POINT ( 'NONE',  ( 0.7025285189340024772, 1.500000000000000000, 0.7803548424174718834 ) ) ;
#311 = CARTESIAN_POINT ( 'NONE',  ( 0.000000000000000000, 0.1000000000000000888, -0.6500000000000000222 ) ) ;
#312 = DIRECTION ( 'NONE',  ( 0.000000000000000000, -1.000000000000000000, 0.000000000000000000 ) ) ;
#313 = CARTESIAN_POINT ( 'NONE',  ( 12.86496232558352304, 0.6999999999999999556, -0.6090190438068663337 ) ) ;
#314 = CARTESIAN_POINT ( 'NONE',  ( 8.649999999999998579, 0.8999999999999999112, 0.4840712071378773795 ) ) ;
#315 = FACE_OUTER_BOUND ( 'NONE', #249, .T. ) ;
#316 = ORIENTED_EDGE ( 'NONE', *, *, #1265, .T. ) ;
#317 = VERTEX_POINT ( 'NONE', #2248 ) ;
#318 = DIRECTION ( 'NONE',  ( -0.000000000000000000, -1.000000000000000000, -0.000000000000000000 ) ) ;
#319 = ADVANCED_FACE ( 'NONE', ( #878 ), #1677, .F. ) ;
#320 = DIRECTION ( 'NONE',  ( 0.04970962510493456832, -0.000000000000000000, 0.9987637123824267826 ) ) ;
#321 = DIRECTION ( 'NONE',  ( 0.000000000000000000, 1.000000000000000000, 0.000000000000000000 ) ) ;
#322 = PLANE ( 'NONE',  #933 ) ;
#323 = ORIENTED_EDGE ( 'NONE', *, *, #819, .F. ) ;
#324 = VERTEX_POINT ( 'NONE', #913 ) ;
#325 = CARTESIAN_POINT ( 'NONE',  ( 12.00000000000000000, 1.399999999999999911, 0.7500000000000012212 ) ) ;
#326 = ORIENTED_EDGE ( 'NONE', *, *, #1635, .F. ) ;
#327 = ADVANCED_FACE ( 'NONE', ( #535 ), #1296, .F. ) ;
#328 = VERTEX_POINT ( 'NONE', #2081 ) ;
#329 = CARTESIAN_POINT ( 'NONE',  ( 12.27338056985494497, 1.380066703474479795, -1.027775166443815946 ) ) ;
#330 = EDGE_CURVE ( 'NONE', #1453, #2328, #2136, .T. ) ;
#331 = DIRECTION ( 'NONE',  ( 0.000000000000000000, 0.000000000000000000, 1.000000000000000000 ) ) ;
#332 = DIRECTION ( 'NONE',  ( 0.000000000000000000, 0.000000000000000000, -1.000000000000000000 ) ) ;
#333 = PLANE ( 'NONE',  #1904 ) ;
#334 = VERTEX_POINT ( 'NONE', #1689 ) ;
#335 = VERTEX_POINT ( 'NONE', #1366 ) ;
#336 = AXIS2_PLACEMENT_3D ( 'NONE', #1882, #1909, #1368 ) ;
#337 = CARTESIAN_POINT ( 'NONE',  ( 8.649999999999998579, 0.8999999999999999112, -1.050000000000000266 ) ) ;
#338 = CIRCLE ( 'NONE', #1793, 0.7500000000000012212 ) ;
#339 = VERTEX_POINT ( 'NONE', #1337 ) ;
#340 = ORIENTED_EDGE ( 'NONE', *, *, #1124, .T. ) ;
#341 = DIRECTION ( 'NONE',  ( 0.000000000000000000, 0.000000000000000000, 1.000000000000000000 ) ) ;
#342 = AXIS2_PLACEMENT_3D ( 'NONE', #747, #602, #2079 ) ;
#343 = AXIS2_PLACEMENT_3D ( 'NONE', #1830, #282, #1626 ) ;
#344 = CARTESIAN_POINT ( 'NONE',  ( 12.58820536121219291, 1.500000000000000000, 0.8792488120211340297 ) ) ;
#345 = DIRECTION ( 'NONE',  ( 0.000000000000000000, -1.000000000000000000, 0.000000000000000000 ) ) ;
#346 = CARTESIAN_POINT ( 'NONE',  ( 12.00000000000000000, 1.399999999999999911, 0.6500000000000015765 ) ) ;
#347 = EDGE_CURVE ( 'NONE', #1694, #1568, #2463, .T. ) ;
#348 =( GEOMETRIC_REPRESENTATION_CONTEXT ( 3 ) GLOBAL_UNCERTAINTY_ASSIGNED_CONTEXT ( ( #445 ) ) GLOBAL_UNIT_ASSIGNED_CONTEXT ( ( #656, #1395, #440 ) ) REPRESENTATION_CONTEXT ( 'NONE', 'WORKASPACE' ) );
#349 = CARTESIAN_POINT ( 'NONE',  ( 12.10474622260422706, 1.500000000000000000, 1.044762283416732940 ) ) ;
#350 = EDGE_CURVE ( 'NONE', #328, #151, #177, .T. ) ;
#351 = ORIENTED_EDGE ( 'NONE', *, *, #156, .T. ) ;
#352 = ORIENTED_EDGE ( 'NONE', *, *, #888, .T. ) ;
#353 = DIRECTION ( 'NONE',  ( 0.000000000000000000, 0.000000000000000000, 1.000000000000000000 ) ) ;
#354 = VERTEX_POINT ( 'NONE', #1355 ) ;
#355 = VERTEX_POINT ( 'NONE', #2301 ) ;
#356 = CARTESIAN_POINT ( 'NONE',  ( 12.00000000000000000, 1.500000000000000000, 0.000000000000000000 ) ) ;
#357 = FACE_OUTER_BOUND ( 'NONE', #1301, .T. ) ;
#358 = DIRECTION ( 'NONE',  ( -0.000000000000000000, -1.000000000000000000, 0.000000000000000000 ) ) ;
#359 = EDGE_CURVE ( 'NONE', #2331, #2402, #195, .T. ) ;
#360 = DIRECTION ( 'NONE',  ( -0.9987637123824266716, 0.000000000000000000, 0.04970962510493453362 ) ) ;
#361 = ORIENTED_EDGE ( 'NONE', *, *, #1544, .T. ) ;
#362 = CARTESIAN_POINT ( 'NONE',  ( -5.574214862392945946, 0.6999999999999999556, -175.2891549919164902 ) ) ;
#363 = CARTESIAN_POINT ( 'NONE',  ( 12.00000000000000000, 1.500000000000000000, 0.000000000000000000 ) ) ;
#364 = CARTESIAN_POINT ( 'NONE',  ( 12.00000000000000000, 0.000000000000000000, 0.000000000000000000 ) ) ;
#365 = VERTEX_POINT ( 'NONE', #408 ) ;
#366 = ORIENTED_EDGE ( 'NONE', *, *, #1934, .F. ) ;
#367 = CYLINDRICAL_SURFACE ( 'NONE', #2191, 1.049999999999999822 ) ;
#368 = DIRECTION ( 'NONE',  ( -0.000000000000000000, 1.000000000000000000, -0.000000000000000000 ) ) ;
#369 = FACE_BOUND ( 'NONE', #201, .T. ) ;
#370 = ORIENTED_EDGE ( 'NONE', *, *, #347, .F. ) ;
#371 = CARTESIAN_POINT ( 'NONE',  ( 12.00000000000000000, 1.500000000000000000, 0.000000000000000000 ) ) ;
#372 = DIRECTION ( 'NONE',  ( -0.000000000000000000, 1.000000000000000000, -0.000000000000000000 ) ) ;
#373 = EDGE_CURVE ( 'NONE', #1204, #862, #763, .T. ) ;
#374 = CARTESIAN_POINT ( 'NONE',  ( 16.05000000000000071, 0.6999999999999999556, 0.1999999999999996225 ) ) ;
#375 = EDGE_LOOP ( 'NONE', ( #1102, #944 ) ) ;
#376 = VECTOR ( 'NONE', #184, 100.0000000000000000 ) ;
#377 = ORIENTED_EDGE ( 'NONE', *, *, #1683, .T. ) ;
#378 = DIRECTION ( 'NONE',  ( 0.000000000000000000, -1.000000000000000000, 0.000000000000000000 ) ) ;
#379 = AXIS2_PLACEMENT_3D ( 'NONE', #2174, #1229, #1430 ) ;
#380 = ORIENTED_EDGE ( 'NONE', *, *, #350, .T. ) ;
#381 = CARTESIAN_POINT ( 'NONE',  ( 12.93354122499131620, 1.500000000000000000, 0.4975588423907794655 ) ) ;
#382 = LINE ( 'NONE', #1153, #465 ) ;
#383 = VECTOR ( 'NONE', #1210, 100.0000000000000142 ) ;
#384 = DIRECTION ( 'NONE',  ( 0.000000000000000000, -0.000000000000000000, -1.000000000000000000 ) ) ;
#385 = CIRCLE ( 'NONE', #2321, 0.2000000000000002609 ) ;
#386 = AXIS2_PLACEMENT_3D ( 'NONE', #356, #202, #341 ) ;
#387 = CARTESIAN_POINT ( 'NONE',  ( 8.649999999999998579, 0.8999999999999999112, -0.4840712071378774906 ) ) ;
#388 = CIRCLE ( 'NONE', #2483, 0.2000000000000003442 ) ;
#389 = LINE ( 'NONE', #1169, #1053 ) ;
#390 = APPROVAL_PERSON_ORGANIZATION ( #2337, #612, #2142 ) ;
#391 = DIRECTION ( 'NONE',  ( -0.000000000000000000, -1.000000000000000000, -0.000000000000000000 ) ) ;
#392 = CARTESIAN_POINT ( 'NONE',  ( 12.93302018661448471, 1.499999999999999778, 0.4988906600040412531 ) ) ;
#393 = ORIENTED_EDGE ( 'NONE', *, *, #513, .F. ) ;
#394 = EDGE_CURVE ( 'NONE', #2360, #490, #941, .T. ) ;
#395 = ORIENTED_EDGE ( 'NONE', *, *, #272, .F. ) ;
#396 = CARTESIAN_POINT ( 'NONE',  ( 1.244931239874971673, 0.5999999999999999778, -0.1155123704696796177 ) ) ;
#397 = ADVANCED_FACE ( 'NONE', ( #1324 ), #1890, .F. ) ;
#398 = CARTESIAN_POINT ( 'NONE',  ( 0.000000000000000000, 0.000000000000000000, 0.000000000000000000 ) ) ;
#399 = CARTESIAN_POINT ( 'NONE',  ( 0.000000000000000000, 0.1000000000000000056, -0.7500000000000000000 ) ) ;
#400 = CARTESIAN_POINT ( 'NONE',  ( 0.000000000000000000, 1.500000000000000000, 0.7500000000000000000 ) ) ;
#401 = CARTESIAN_POINT ( 'NONE',  ( 1.421312923976081777, 0.000000000000000000, 0.5247862180516852382 ) ) ;
#402 = CARTESIAN_POINT ( 'NONE',  ( 12.11469109175984471, 0.6999999999999999556, -2.249781197771494767 ) ) ;
#403 = CARTESIAN_POINT ( 'NONE',  ( 0.000000000000000000, 1.500000000000000000, 0.000000000000000000 ) ) ;
#404 = EDGE_LOOP ( 'NONE', ( #2254, #1531 ) ) ;
#405 = DIRECTION ( 'NONE',  ( -0.000000000000000000, 1.000000000000000000, -0.000000000000000000 ) ) ;
#406 = ORIENTED_EDGE ( 'NONE', *, *, #410, .T. ) ;
#407 = FACE_OUTER_BOUND ( 'NONE', #1060, .T. ) ;
#408 = CARTESIAN_POINT ( 'NONE',  ( 1.371603298871147070, 0.000000000000000000, 0.5235499304341119098 ) ) ;
#409 = ADVANCED_FACE ( 'NONE', ( #2106, #9 ), #1942, .T. ) ;
#410 = EDGE_CURVE ( 'NONE', #334, #142, #1303, .T. ) ;
#411 = PLANE ( 'NONE',  #1622 ) ;
#412 = DIRECTION ( 'NONE',  ( -0.000000000000000000, 1.000000000000000000, 0.000000000000000000 ) ) ;
#413 = LINE ( 'NONE', #971, #1577 ) ;
#414 = APPROVAL_STATUS ( 'not_yet_approved' ) ;
#415 = ORIENTED_EDGE ( 'NONE', *, *, #2494, .T. ) ;
#416 = FACE_OUTER_BOUND ( 'NONE', #2157, .T. ) ;
#417 = CARTESIAN_POINT ( 'NONE',  ( 1.421312923976081555, 1.099999999999999867, -0.5247862180516852382 ) ) ;
#418 = DIRECTION ( 'NONE',  ( 0.000000000000000000, -1.000000000000000000, 0.000000000000000000 ) ) ;
#419 = AXIS2_PLACEMENT_3D ( 'NONE', #2158, #405, #1771 ) ;
#420 = LINE ( 'NONE', #1996, #1092 ) ;
#421 = AXIS2_PLACEMENT_3D ( 'NONE', #1754, #458, #36 ) ;
#422 = AXIS2_PLACEMENT_3D ( 'NONE', #1018, #618, #2380 ) ;
#423 = LINE ( 'NONE', #54, #1912 ) ;
#424 = CYLINDRICAL_SURFACE ( 'NONE', #1994, 1.050000000000000266 ) ;
#425 = EDGE_CURVE ( 'NONE', #1736, #157, #2333, .T. ) ;
#426 = VECTOR ( 'NONE', #20, 100.0000000000000000 ) ;
#427 = AXIS2_PLACEMENT_3D ( 'NONE', #1954, #1803, #2181 ) ;
#428 = CARTESIAN_POINT ( 'NONE',  ( 12.84051313995732713, 1.024082943740403762, 0.9694766593888620720 ) ) ;
#429 = EDGE_CURVE ( 'NONE', #354, #1856, #1739, .T. ) ;
#430 = LOCAL_TIME ( 23, 18, 21.00000000000000000, #1768 ) ;
#431 = EDGE_LOOP ( 'NONE', ( #568, #491, #845, #1964 ) ) ;
#432 = ORIENTED_EDGE ( 'NONE', *, *, #722, .F. ) ;
#433 = DIRECTION ( 'NONE',  ( 0.000000000000000000, 0.000000000000000000, 1.000000000000000000 ) ) ;
#434 = CARTESIAN_POINT ( 'NONE',  ( 14.14238252562881115, 0.6999999999999998446, -0.7021839270344092387 ) ) ;
#435 = DIRECTION ( 'NONE',  ( 0.000000000000000000, -1.000000000000000000, 0.000000000000000000 ) ) ;
#436 = DIRECTION ( 'NONE',  ( 0.000000000000000000, -1.000000000000000000, 0.000000000000000000 ) ) ;
#437 = DIRECTION ( 'NONE',  ( 0.000000000000000000, 0.000000000000000000, 1.000000000000000000 ) ) ;
#438 = EDGE_CURVE ( 'NONE', #1844, #670, #774, .T. ) ;
#439 = CARTESIAN_POINT ( 'NONE',  ( 12.56003517741405240, 1.188253441439556912, 0.9985219034347206923 ) ) ;
#440 =( NAMED_UNIT ( * ) SI_UNIT ( $, .STERADIAN. ) SOLID_ANGLE_UNIT ( ) );
#441 = EDGE_CURVE ( 'NONE', #949, #164, #162, .T. ) ;
#442 = ORIENTED_EDGE ( 'NONE', *, *, #1497, .F. ) ;
#443 = VERTEX_POINT ( 'NONE', #399 ) ;
#444 = DIRECTION ( 'NONE',  ( -0.000000000000000000, 1.000000000000000000, -0.000000000000000000 ) ) ;
#445 = UNCERTAINTY_MEASURE_WITH_UNIT (LENGTH_MEASURE( 1.000000000000000082E-05 ), #656, 'distance_accuracy_value', 'NONE');
#446 = EDGE_LOOP ( 'NONE', ( #1037, #1579, #1074, #1347 ) ) ;
#447 = CARTESIAN_POINT ( 'NONE',  ( 14.25000377784669503, 0.6999999999999999556, 0.1424710294875896621 ) ) ;
#448 = CARTESIAN_POINT ( 'NONE',  ( 9.184850993605148438E-17, 1.500000000000000000, -0.7500000000000000000 ) ) ;
#449 = CARTESIAN_POINT ( 'NONE',  ( 1.549999999999999600, 0.8999999999999999112, 0.1306959954943299751 ) ) ;
#450 = CARTESIAN_POINT ( 'NONE',  ( -5.574214862392945946, 0.6999999999999999556, -175.2891549919164902 ) ) ;
#451 = CARTESIAN_POINT ( 'NONE',  ( 0.000000000000000000, 1.500000000000000000, 0.000000000000000000 ) ) ;
#452 = DIRECTION ( 'NONE',  ( 1.000000000000000000, 0.000000000000000000, 0.000000000000000000 ) ) ;
#453 = ORIENTED_EDGE ( 'NONE', *, *, #750, .F. ) ;
#454 = VERTEX_POINT ( 'NONE', #924 ) ;
#455 = EDGE_CURVE ( 'NONE', #454, #16, #2112, .T. ) ;
#456 = VERTEX_POINT ( 'NONE', #790 ) ;
#457 = CARTESIAN_POINT ( 'NONE',  ( 8.649999999999998579, 1.099999999999999867, -1.050000000000000266 ) ) ;
#458 = DIRECTION ( 'NONE',  ( -0.04970962510493454056, 0.000000000000000000, 0.9987637123824267826 ) ) ;
#459 = CARTESIAN_POINT ( 'NONE',  ( 8.649999999999998579, 0.8999999999999999112, 0.8845663343044919413 ) ) ;
#460 = DIRECTION ( 'NONE',  ( 0.000000000000000000, -1.000000000000000000, 0.000000000000000000 ) ) ;
#461 = VECTOR ( 'NONE', #2323, 100.0000000000000000 ) ;
#462 = AXIS2_PLACEMENT_3D ( 'NONE', #1432, #2394, #1005 ) ;
#463 = CARTESIAN_POINT ( 'NONE',  ( 13.86708524737514381, 0.7076037925919976823, 0.8592089781999440179 ) ) ;
#464 = AXIS2_PLACEMENT_3D ( 'NONE', #240, #418, #52 ) ;
#465 = VECTOR ( 'NONE', #194, 100.0000000000000142 ) ;
#466 = PERSON_AND_ORGANIZATION_ROLE ( 'design_supplier' ) ;
#467 = ORIENTED_EDGE ( 'NONE', *, *, #1497, .T. ) ;
#468 = AXIS2_PLACEMENT_3D ( 'NONE', #683, #1445, #489 ) ;
#469 = VERTEX_POINT ( 'NONE', #1932 ) ;
#470 = ORIENTED_EDGE ( 'NONE', *, *, #875, .F. ) ;
#471 = DIRECTION ( 'NONE',  ( -0.000000000000000000, 1.000000000000000000, 0.000000000000000000 ) ) ;
#472 = EDGE_CURVE ( 'NONE', #862, #355, #1545, .T. ) ;
#473 = CARTESIAN_POINT ( 'NONE',  ( 10.69647007479019507, 0.8999999999999999112, -0.5859263896450851439 ) ) ;
#474 = CARTESIAN_POINT ( 'NONE',  ( 8.649999999999998579, 1.500000000000000000, 0.8845663343044919413 ) ) ;
#475 = CARTESIAN_POINT ( 'NONE',  ( 13.55769666611291768, 0.7595679923564516711, 0.8930405218522184940 ) ) ;
#476 = ORIENTED_EDGE ( 'NONE', *, *, #796, .F. ) ;
#477 = ORIENTED_EDGE ( 'NONE', *, *, #957, .T. ) ;
#478 = CARTESIAN_POINT ( 'NONE',  ( 1.249902202385465344, 0.5999999999999999778, -0.01563599923143695752 ) ) ;
#479 = ORIENTED_EDGE ( 'NONE', *, *, #2224, .T. ) ;
#480 = EDGE_LOOP ( 'NONE', ( #1271, #1821, #837, #1636 ) ) ;
#481 = CARTESIAN_POINT ( 'NONE',  ( 13.54921811718521596, 0.7614639938129408314, -0.8939610148868009087 ) ) ;
#482 = FACE_BOUND ( 'NONE', #446, .T. ) ;
#483 = DIRECTION ( 'NONE',  ( -0.000000000000000000, -1.000000000000000000, -0.000000000000000000 ) ) ;
#484 = CC_DESIGN_PERSON_AND_ORGANIZATION_ASSIGNMENT ( #621, #1406, ( #2281 ) ) ;
#485 = ADVANCED_FACE ( 'NONE', ( #2492, #369, #80, #2390, #2161 ), #1992, .T. ) ;
#486 = DIRECTION ( 'NONE',  ( 0.000000000000000000, 0.000000000000000000, 1.000000000000000000 ) ) ;
#487 = VERTEX_POINT ( 'NONE', #448 ) ;
#488 = ORIENTED_EDGE ( 'NONE', *, *, #658, .F. ) ;
#489 = DIRECTION ( 'NONE',  ( 0.000000000000000000, 0.000000000000000000, -1.000000000000000000 ) ) ;
#490 = VERTEX_POINT ( 'NONE', #1791 ) ;
#491 = ORIENTED_EDGE ( 'NONE', *, *, #2340, .F. ) ;
#492 = CARTESIAN_POINT ( 'NONE',  ( 12.24699643676842697, 1.398642004179630138, -1.030443532674774509 ) ) ;
#493 = DIRECTION ( 'NONE',  ( -0.000000000000000000, -1.000000000000000000, -0.000000000000000000 ) ) ;
#494 = CARTESIAN_POINT ( 'NONE',  ( 12.00000000000000000, 0.1000000000000000056, -0.7500000000000012212 ) ) ;
#495 = CIRCLE ( 'NONE', #1220, 0.7500000000000000000 ) ;
#496 = CARTESIAN_POINT ( 'NONE',  ( 1.421312923976081555, 0.000000000000000000, -0.5247862180516852382 ) ) ;
#497 = EDGE_CURVE ( 'NONE', #637, #1422, #1978, .T. ) ;
#498 = CARTESIAN_POINT ( 'NONE',  ( 13.04999999999999893, 0.6999999999999999556, -0.1287012835979294001 ) ) ;
#499 = AXIS2_PLACEMENT_3D ( 'NONE', #641, #435, #802 ) ;
#500 = VECTOR ( 'NONE', #534, 100.0000000000000142 ) ;
#501 = ORIENTED_EDGE ( 'NONE', *, *, #1479, .T. ) ;
#502 = DIRECTION ( 'NONE',  ( -0.000000000000000000, -1.000000000000000000, -0.000000000000000000 ) ) ;
#503 = VECTOR ( 'NONE', #2063, 100.0000000000000000 ) ;
#504 = ORIENTED_EDGE ( 'NONE', *, *, #734, .T. ) ;
#505 = ORIENTED_EDGE ( 'NONE', *, *, #1217, .T. ) ;
#506 = LINE ( 'NONE', #1272, #628 ) ;
#507 = VECTOR ( 'NONE', #187, 100.0000000000000142 ) ;
#508 = DIRECTION ( 'NONE',  ( 0.000000000000000000, 0.000000000000000000, 1.000000000000000000 ) ) ;
#509 = FACE_OUTER_BOUND ( 'NONE', #2189, .T. ) ;
#510 = SECURITY_CLASSIFICATION ( '', '', #1983 ) ;
#511 = CARTESIAN_POINT ( 'NONE',  ( 12.32917874588648566, 1.341246095334488686, 1.022116752459879319 ) ) ;
#512 = EDGE_LOOP ( 'NONE', ( #2167, #2177, #2487, #1735 ) ) ;
#513 = EDGE_CURVE ( 'NONE', #1286, #1252, #2152, .T. ) ;
#514 = EDGE_LOOP ( 'NONE', ( #323, #647, #380, #569 ) ) ;
#515 = EDGE_CURVE ( 'NONE', #1630, #2278, #1374, .T. ) ;
#516 = EDGE_CURVE ( 'NONE', #1290, #291, #2351, .T. ) ;
#517 = CYLINDRICAL_SURFACE ( 'NONE', #1753, 0.1000000000000003109 ) ;
#518 = ORIENTED_EDGE ( 'NONE', *, *, #1590, .F. ) ;
#519 = EDGE_LOOP ( 'NONE', ( #2004, #1457, #990, #120 ) ) ;
#520 = CARTESIAN_POINT ( 'NONE',  ( 0.000000000000000000, 1.399999999999999911, 0.000000000000000000 ) ) ;
#521 = CARTESIAN_POINT ( 'NONE',  ( 1.149910026194627566, 0.8999999999999999112, 0.01438511929292204429 ) ) ;
#522 = FACE_BOUND ( 'NONE', #1320, .T. ) ;
#523 = CYLINDRICAL_SURFACE ( 'NONE', #263, 0.1999999999999996225 ) ;
#524 = CARTESIAN_POINT ( 'NONE',  ( 12.00000000000000000, 0.000000000000000000, 0.000000000000000000 ) ) ;
#525 = ORIENTED_EDGE ( 'NONE', *, *, #2051, .T. ) ;
#526 = ORIENTED_EDGE ( 'NONE', *, *, #138, .T. ) ;
#527 = CARTESIAN_POINT ( 'NONE',  ( 12.93354122499303216, 0.6999999999999999556, 0.4975588423916804115 ) ) ;
#528 = CARTESIAN_POINT ( 'NONE',  ( 1.371603298871147070, 0.000000000000000000, -1.523549930434112021 ) ) ;
#529 = EDGE_LOOP ( 'NONE', ( #538, #1521, #2488, #2422 ) ) ;
#530 = EDGE_CURVE ( 'NONE', #1254, #2455, #98, .T. ) ;
#531 = VERTEX_POINT ( 'NONE', #2342 ) ;
#532 = CARTESIAN_POINT ( 'NONE',  ( 12.32698691008893910, 1.342760384444564137, -1.022339306845553297 ) ) ;
#533 = ADVANCED_FACE ( 'NONE', ( #1423 ), #1028, .F. ) ;
#534 = DIRECTION ( 'NONE',  ( 0.9987637123824266716, 0.000000000000000000, -0.04970962510493456138 ) ) ;
#535 = FACE_OUTER_BOUND ( 'NONE', #1769, .T. ) ;
#536 = CARTESIAN_POINT ( 'NONE',  ( 12.19523499441929637, 1.435020677364616803, 1.035690021538443917 ) ) ;
#537 = ORIENTED_EDGE ( 'NONE', *, *, #601, .T. ) ;
#538 = ORIENTED_EDGE ( 'NONE', *, *, #1059, .F. ) ;
#539 = AXIS2_PLACEMENT_3D ( 'NONE', #1067, #2198, #2246 ) ;
#540 = LINE ( 'NONE', #1305, #1433 ) ;
#541 = ORIENTED_EDGE ( 'NONE', *, *, #1059, .T. ) ;
#542 = CIRCLE ( 'NONE', #1580, 1.149999999999999467 ) ;
#543 = VERTEX_POINT ( 'NONE', #615 ) ;
#544 = PLANE ( 'NONE',  #1911 ) ;
#545 = AXIS2_PLACEMENT_3D ( 'NONE', #2005, #231, #1956 ) ;
#546 = AXIS2_PLACEMENT_3D ( 'NONE', #735, #1120, #2066 ) ;
#547 = EDGE_CURVE ( 'NONE', #2250, #2360, #1602, .T. ) ;
#548 = DIRECTION ( 'NONE',  ( -0.000000000000000000, -1.000000000000000000, -0.000000000000000000 ) ) ;
#549 = DIRECTION ( 'NONE',  ( 0.000000000000000000, -1.000000000000000000, 0.000000000000000000 ) ) ;
#550 = LOCAL_TIME ( 23, 18, 21.00000000000000000, #1006 ) ;
#551 = DIRECTION ( 'NONE',  ( 0.000000000000000000, 1.000000000000000000, 0.000000000000000000 ) ) ;
#552 = ORIENTED_EDGE ( 'NONE', *, *, #2456, .F. ) ;
#553 = ORIENTED_EDGE ( 'NONE', *, *, #2036, .T. ) ;
#554 = FACE_OUTER_BOUND ( 'NONE', #2284, .T. ) ;
#555 = CARTESIAN_POINT ( 'NONE',  ( 11.95049755536932956, 0.6999999999999999556, -1.048832449905888087 ) ) ;
#556 = CARTESIAN_POINT ( 'NONE',  ( 13.02658123058756345, 1.500000000000000222, -0.2560264366756377918 ) ) ;
#557 = EDGE_LOOP ( 'NONE', ( #366, #518 ) ) ;
#558 = ORIENTED_EDGE ( 'NONE', *, *, #1344, .T. ) ;
#559 = DIRECTION ( 'NONE',  ( 0.000000000000000000, -1.000000000000000000, 0.000000000000000000 ) ) ;
#560 = CARTESIAN_POINT ( 'NONE',  ( 10.70641199981118241, 0.8999999999999999112, 0.3861736471685993655 ) ) ;
#561 = DIRECTION ( 'NONE',  ( 0.000000000000000000, 0.000000000000000000, -1.000000000000000000 ) ) ;
#562 = DIRECTION ( 'NONE',  ( -0.000000000000000000, 0.000000000000000000, 1.000000000000000000 ) ) ;
#563 = EDGE_CURVE ( 'NONE', #934, #1760, #817, .T. ) ;
#564 = VERTEX_POINT ( 'NONE', #1804 ) ;
#565 = DIRECTION ( 'NONE',  ( 0.000000000000000000, 0.000000000000000000, -1.000000000000000000 ) ) ;
#566 = CARTESIAN_POINT ( 'NONE',  ( 0.000000000000000000, 0.8999999999999999112, 0.000000000000000000 ) ) ;
#567 = CYLINDRICAL_SURFACE ( 'NONE', #264, 1.049999999999999822 ) ;
#568 = ORIENTED_EDGE ( 'NONE', *, *, #2324, .T. ) ;
#569 = ORIENTED_EDGE ( 'NONE', *, *, #2054, .F. ) ;
#570 = CARTESIAN_POINT ( 'NONE',  ( 9.049999999999998934, 1.500000000000000000, -0.9044747969322977088 ) ) ;
#571 = CARTESIAN_POINT ( 'NONE',  ( 12.05352250948840975, 1.500000000000000000, 1.049897892293325752 ) ) ;
#572 = LINE ( 'NONE', #752, #2362 ) ;
#573 = CARTESIAN_POINT ( 'NONE',  ( 1.549999999999999600, 1.099999999999999867, -1.050000000000000266 ) ) ;
#574 = DIRECTION ( 'NONE',  ( 0.000000000000000000, 0.000000000000000000, 1.000000000000000000 ) ) ;
#575 = DIRECTION ( 'NONE',  ( 0.000000000000000000, 1.000000000000000000, 0.000000000000000000 ) ) ;
#576 = EDGE_CURVE ( 'NONE', #1291, #1123, #252, .T. ) ;
#577 = LINE ( 'NONE', #154, #1138 ) ;
#578 = CARTESIAN_POINT ( 'NONE',  ( 12.76808401230468881, 0.6999999999999999556, -2.132746170407507247 ) ) ;
#579 = CARTESIAN_POINT ( 'NONE',  ( 12.00000000000000000, 1.500000000000000000, 0.000000000000000000 ) ) ;
#580 = ADVANCED_FACE ( 'NONE', ( #1224 ), #2367, .F. ) ;
#581 = ORIENTED_EDGE ( 'NONE', *, *, #1394, .F. ) ;
#582 = AXIS2_PLACEMENT_3D ( 'NONE', #1623, #751, #1496 ) ;
#583 = ORIENTED_EDGE ( 'NONE', *, *, #141, .F. ) ;
#584 = DIRECTION ( 'NONE',  ( 0.000000000000000000, 0.000000000000000000, -1.000000000000000000 ) ) ;
#585 = AXIS2_PLACEMENT_3D ( 'NONE', #2149, #995, #1980 ) ;
#586 = VECTOR ( 'NONE', #2010, 100.0000000000000000 ) ;
#587 = CARTESIAN_POINT ( 'NONE',  ( 11.95049755536932778, 1.500000000000000000, 1.048832449905888087 ) ) ;
#588 = CARTESIAN_POINT ( 'NONE',  ( 1.249902202385465344, 0.5999999999999999778, 0.01563599923143713100 ) ) ;
#589 = CIRCLE ( 'NONE', #789, 0.6500000000000000222 ) ;
#590 = CARTESIAN_POINT ( 'NONE',  ( 1.149910026194627566, 0.8999999999999999112, 0.01438511929292204429 ) ) ;
#591 = AXIS2_PLACEMENT_3D ( 'NONE', #35, #801, #816 ) ;
#592 = DIRECTION ( 'NONE',  ( 0.000000000000000000, 0.000000000000000000, 1.000000000000000000 ) ) ;
#593 = VECTOR ( 'NONE', #727, 100.0000000000000000 ) ;
#594 = AXIS2_PLACEMENT_3D ( 'NONE', #403, #2087, #1938 ) ;
#595 = LINE ( 'NONE', #1555, #2316 ) ;
#596 = DIRECTION ( 'NONE',  ( 0.000000000000000000, 0.000000000000000000, -1.000000000000000000 ) ) ;
#597 = EDGE_CURVE ( 'NONE', #111, #67, #1588, .T. ) ;
#598 = CARTESIAN_POINT ( 'NONE',  ( 12.58949702984428853, 1.500000000000000222, -0.8785881829007111676 ) ) ;
#599 = ORIENTED_EDGE ( 'NONE', *, *, #2252, .F. ) ;
#600 = EDGE_LOOP ( 'NONE', ( #2195, #1656, #1181, #1494 ) ) ;
#601 = EDGE_CURVE ( 'NONE', #93, #1837, #1950, .T. ) ;
#602 = DIRECTION ( 'NONE',  ( -0.000000000000000000, 1.000000000000000000, -0.000000000000000000 ) ) ;
#603 = ORIENTED_EDGE ( 'NONE', *, *, #1561, .T. ) ;
#604 = LINE ( 'NONE', #2159, #793 ) ;
#605 = CARTESIAN_POINT ( 'NONE',  ( 12.00000000000000000, 1.399999999999999911, 0.7500000000000012212 ) ) ;
#606 = DIRECTION ( 'NONE',  ( 0.000000000000000000, 1.000000000000000000, 0.000000000000000000 ) ) ;
#607 = CARTESIAN_POINT ( 'NONE',  ( 9.049999999999998934, 0.8999999999999999112, -0.5039796697656829805 ) ) ;
#608 = CARTESIAN_POINT ( 'NONE',  ( 13.48343196561876312, 0.6999999999999999556, -1.714056265334153561 ) ) ;
#609 = APPROVAL_STATUS ( 'not_yet_approved' ) ;
#610 = ORIENTED_EDGE ( 'NONE', *, *, #1087, .T. ) ;
#611 = CARTESIAN_POINT ( 'NONE',  ( 0.000000000000000000, 0.000000000000000000, -1.050000000000000266 ) ) ;
#612 = APPROVAL ( #609, 'UNSPECIFIED' ) ;
#613 = ADVANCED_FACE ( 'NONE', ( #1764 ), #44, .F. ) ;
#614 = LINE ( 'NONE', #417, #1552 ) ;
#615 = CARTESIAN_POINT ( 'NONE',  ( 12.10474622260422706, 0.000000000000000000, 1.044762283416744708 ) ) ;
#616 = EDGE_CURVE ( 'NONE', #354, #637, #1227, .T. ) ;
#617 = DIRECTION ( 'NONE',  ( 0.000000000000000000, -0.000000000000000000, -1.000000000000000000 ) ) ;
#618 = DIRECTION ( 'NONE',  ( 0.000000000000000000, 1.000000000000000000, 0.000000000000000000 ) ) ;
#619 = DIRECTION ( 'NONE',  ( 0.000000000000000000, 1.000000000000000000, 0.000000000000000000 ) ) ;
#620 = CARTESIAN_POINT ( 'NONE',  ( 14.00081138739618325, 0.7000000000000000666, 0.8443806095191654926 ) ) ;
#621 = PERSON_AND_ORGANIZATION ( #1431, #2406 ) ;
#622 = ORIENTED_EDGE ( 'NONE', *, *, #246, .F. ) ;
#623 = ORIENTED_EDGE ( 'NONE', *, *, #83, .F. ) ;
#624 = CARTESIAN_POINT ( 'NONE',  ( 8.649999999999998579, 1.500000000000000000, -0.8845663343044920524 ) ) ;
#625 = DIRECTION ( 'NONE',  ( 0.000000000000000000, 0.000000000000000000, 1.000000000000000000 ) ) ;
#626 = EDGE_CURVE ( 'NONE', #2203, #863, #24, .T. ) ;
#627 = CARTESIAN_POINT ( 'NONE',  ( 8.649999999999998579, 0.8999999999999999112, -0.4840712071378774906 ) ) ;
#628 = VECTOR ( 'NONE', #318, 100.0000000000000000 ) ;
#629 = AXIS2_PLACEMENT_3D ( 'NONE', #809, #270, #642 ) ;
#630 = LINE ( 'NONE', #449, #704 ) ;
#631 = CARTESIAN_POINT ( 'NONE',  ( 0.000000000000000000, 1.500000000000000000, -1.050000000000000266 ) ) ;
#632 = AXIS2_PLACEMENT_3D ( 'NONE', #2090, #559, #159 ) ;
#633 = AXIS2_PLACEMENT_3D ( 'NONE', #1861, #493, #902 ) ;
#634 = CARTESIAN_POINT ( 'NONE',  ( 13.56334761964662405, 0.7583204951343267552, 0.8924267839105483047 ) ) ;
#635 = AXIS2_PLACEMENT_3D ( 'NONE', #68, #1411, #2341 ) ;
#636 = VERTEX_POINT ( 'NONE', #1245 ) ;
#637 = VERTEX_POINT ( 'NONE', #1050 ) ;
#638 = CARTESIAN_POINT ( 'NONE',  ( 8.649999999999998579, 1.099999999999999867, 0.4840712071378774906 ) ) ;
#639 = EDGE_LOOP ( 'NONE', ( #847, #2042, #844, #1195 ) ) ;
#640 = LINE ( 'NONE', #1774, #2237 ) ;
#641 = CARTESIAN_POINT ( 'NONE',  ( 1.371603298871147070, 0.000000000000000000, -1.523549930434112021 ) ) ;
#642 = DIRECTION ( 'NONE',  ( 0.000000000000000000, 0.000000000000000000, -1.000000000000000000 ) ) ;
#643 = DIRECTION ( 'NONE',  ( 0.000000000000000000, 0.000000000000000000, 1.000000000000000000 ) ) ;
#644 = ADVANCED_FACE ( 'NONE', ( #2043, #2016 ), #1826, .T. ) ;
#645 = DIRECTION ( 'NONE',  ( 0.9987637123824266716, 0.000000000000000000, -0.04970962510493456138 ) ) ;
#646 = APPROVAL_DATE_TIME ( #1799, #2469 ) ;
#647 = ORIENTED_EDGE ( 'NONE', *, *, #956, .T. ) ;
#648 = EDGE_LOOP ( 'NONE', ( #1610, #707 ) ) ;
#649 = CYLINDRICAL_SURFACE ( 'NONE', #1982, 0.7500000000000012212 ) ;
#650 = ORIENTED_EDGE ( 'NONE', *, *, #1167, .T. ) ;
#651 = FACE_OUTER_BOUND ( 'NONE', #1652, .T. ) ;
#652 = DIRECTION ( 'NONE',  ( 0.000000000000000000, 0.000000000000000000, 1.000000000000000000 ) ) ;
#653 = FACE_OUTER_BOUND ( 'NONE', #1172, .T. ) ;
#654 = CARTESIAN_POINT ( 'NONE',  ( 12.00000000000000000, 1.500000000000000000, 0.000000000000000000 ) ) ;
#655 = CARTESIAN_POINT ( 'NONE',  ( 13.70994153150644479, 0.7297815209853247831, 0.8764516068766048384 ) ) ;
#656 =( LENGTH_UNIT ( ) NAMED_UNIT ( * ) SI_UNIT ( .CENTI., .METRE. ) );
#657 = ORIENTED_EDGE ( 'NONE', *, *, #350, .F. ) ;
#658 = EDGE_CURVE ( 'NONE', #1926, #324, #259, .T. ) ;
#659 = VERTEX_POINT ( 'NONE', #696 ) ;
#660 = EDGE_LOOP ( 'NONE', ( #2432, #1620 ) ) ;
#661 = CARTESIAN_POINT ( 'NONE',  ( 12.10474622260422528, 1.500000000000000000, -1.044762283416732940 ) ) ;
#662 = CARTESIAN_POINT ( 'NONE',  ( 10.89805466650582311, 0.8999999999999999112, -0.3289627364769553974 ) ) ;
#663 = DIRECTION ( 'NONE',  ( 0.9987637123824266716, 0.000000000000000000, -0.04970962510493451975 ) ) ;
#664 = AXIS2_PLACEMENT_3D ( 'NONE', #1413, #2183, #617 ) ;
#665 = VECTOR ( 'NONE', #2045, 100.0000000000000142 ) ;
#666 = AXIS2_PLACEMENT_3D ( 'NONE', #566, #372, #1140 ) ;
#667 = CARTESIAN_POINT ( 'NONE',  ( 10.70641199981118241, 1.500000000000000000, 0.5861736471685996541 ) ) ;
#668 = CIRCLE ( 'NONE', #632, 0.2000000000000003442 ) ;
#669 = CIRCLE ( 'NONE', #1058, 1.149999999999999467 ) ;
#670 = VERTEX_POINT ( 'NONE', #2232 ) ;
#671 = ORIENTED_EDGE ( 'NONE', *, *, #2401, .F. ) ;
#672 = VECTOR ( 'NONE', #168, 100.0000000000000000 ) ;
#673 = VERTEX_POINT ( 'NONE', #2053 ) ;
#674 = EDGE_CURVE ( 'NONE', #1926, #2170, #506, .T. ) ;
#675 = EDGE_CURVE ( 'NONE', #2050, #2225, #2030, .T. ) ;
#676 = ORIENTED_EDGE ( 'NONE', *, *, #42, .T. ) ;
#677 = CARTESIAN_POINT ( 'NONE',  ( 13.03455011172666644, 0.9326805523153757216, -0.9490642304049461409 ) ) ;
#678 = DIRECTION ( 'NONE',  ( -0.000000000000000000, -1.000000000000000000, -0.000000000000000000 ) ) ;
#679 = CARTESIAN_POINT ( 'NONE',  ( 1.249902202385464678, 0.8999999999999999112, -0.01563599923143721773 ) ) ;
#680 = CARTESIAN_POINT ( 'NONE',  ( 1.285879139104721225E-16, 1.500000000000000000, 1.050000000000000266 ) ) ;
#681 = CARTESIAN_POINT ( 'NONE',  ( 12.55605366855198568, 1.190763997403813113, 0.9989314178157555624 ) ) ;
#682 = ORIENTED_EDGE ( 'NONE', *, *, #2221, .T. ) ;
#683 = CARTESIAN_POINT ( 'NONE',  ( 16.05000000000000071, 0.6999999999999999556, 0.000000000000000000 ) ) ;
#684 = EDGE_LOOP ( 'NONE', ( #146, #975, #1065, #126 ) ) ;
#685 = EDGE_LOOP ( 'NONE', ( #290, #1218, #769, #1162 ) ) ;
#686 = CARTESIAN_POINT ( 'NONE',  ( 12.32744321416610767, 1.342445045786626601, -1.022292976930607278 ) ) ;
#687 = ADVANCED_FACE ( 'NONE', ( #1675 ), #1887, .T. ) ;
#688 = DIRECTION ( 'NONE',  ( 0.000000000000000000, -1.000000000000000000, 0.000000000000000000 ) ) ;
#689 = DIRECTION ( 'NONE',  ( 0.000000000000000000, 0.000000000000000000, 1.000000000000000000 ) ) ;
#690 = EDGE_CURVE ( 'NONE', #317, #291, #589, .T. ) ;
#691 = CARTESIAN_POINT ( 'NONE',  ( 12.52060993189061477, 1.213141243955830673, 1.002576502092488386 ) ) ;
#692 = ORIENTED_EDGE ( 'NONE', *, *, #70, .T. ) ;
#693 = FACE_OUTER_BOUND ( 'NONE', #684, .T. ) ;
#694 = ORIENTED_EDGE ( 'NONE', *, *, #1493, .T. ) ;
#695 = ORIENTED_EDGE ( 'NONE', *, *, #576, .T. ) ;
#696 = CARTESIAN_POINT ( 'NONE',  ( 16.05000000000000071, 0.000000000000000000, -0.1999999999999996225 ) ) ;
#697 = CARTESIAN_POINT ( 'NONE',  ( 10.69647007479019507, 0.8999999999999999112, -0.5859263896450848108 ) ) ;
#698 = CARTESIAN_POINT ( 'NONE',  ( 1.149910026194627788, 0.5999999999999999778, 0.01438511929292219001 ) ) ;
#699 = ADVANCED_FACE ( 'NONE', ( #1876 ), #367, .T. ) ;
#700 = CARTESIAN_POINT ( 'NONE',  ( 12.32812650376587627, 1.341972937747859973, 1.022223598266383426 ) ) ;
#701 = EDGE_CURVE ( 'NONE', #670, #636, #785, .T. ) ;
#702 = EDGE_CURVE ( 'NONE', #899, #827, #950, .T. ) ;
#703 = AXIS2_PLACEMENT_3D ( 'NONE', #1488, #2220, #1284 ) ;
#704 = VECTOR ( 'NONE', #1003, 100.0000000000000000 ) ;
#705 = ORIENTED_EDGE ( 'NONE', *, *, #359, .F. ) ;
#706 = CIRCLE ( 'NONE', #343, 0.7500000000000000000 ) ;
#707 = ORIENTED_EDGE ( 'NONE', *, *, #1251, .F. ) ;
#708 = CARTESIAN_POINT ( 'NONE',  ( 12.00000000000000000, 1.500000000000000000, 0.000000000000000000 ) ) ;
#709 = ORIENTED_EDGE ( 'NONE', *, *, #1282, .F. ) ;
#710 = ORIENTED_EDGE ( 'NONE', *, *, #1959, .F. ) ;
#711 = CARTESIAN_POINT ( 'NONE',  ( 12.42805030943810607, 1.273714089311530406, -1.012056030754794334 ) ) ;
#712 = CIRCLE ( 'NONE', #2117, 177.2179337615381201 ) ;
#713 = AXIS2_PLACEMENT_3D ( 'NONE', #2295, #1710, #1543 ) ;
#714 = CARTESIAN_POINT ( 'NONE',  ( 0.000000000000000000, 1.399999999999999911, 0.000000000000000000 ) ) ;
#715 = DIRECTION ( 'NONE',  ( 0.000000000000000000, 1.000000000000000000, 0.000000000000000000 ) ) ;
#716 = DIRECTION ( 'NONE',  ( 0.000000000000000000, 0.000000000000000000, -1.000000000000000000 ) ) ;
#717 = LINE ( 'NONE', #1477, #1262 ) ;
#718 = ORIENTED_EDGE ( 'NONE', *, *, #1176, .F. ) ;
#719 = EDGE_CURVE ( 'NONE', #1147, #1856, #1427, .T. ) ;
#720 = CARTESIAN_POINT ( 'NONE',  ( 12.69226825062205144, 0.6999999999999999556, 0.7998929238219690818 ) ) ;
#721 = DIRECTION ( 'NONE',  ( 0.000000000000000000, -1.000000000000000000, 0.000000000000000000 ) ) ;
#722 = EDGE_CURVE ( 'NONE', #164, #2244, #668, .T. ) ;
#723 = ORIENTED_EDGE ( 'NONE', *, *, #2493, .T. ) ;
#724 = ORIENTED_EDGE ( 'NONE', *, *, #626, .F. ) ;
#725 = CARTESIAN_POINT ( 'NONE',  ( 12.30152024079561812, 1.360422745917964082, -1.024923423287938284 ) ) ;
#726 = CARTESIAN_POINT ( 'NONE',  ( 12.00000000000000000, 0.1000000000000000056, 0.000000000000000000 ) ) ;
#727 = DIRECTION ( 'NONE',  ( -0.000000000000000000, 1.000000000000000000, -0.000000000000000000 ) ) ;
#728 = LINE ( 'NONE', #2260, #1142 ) ;
#729 = EDGE_LOOP ( 'NONE', ( #99, #2003, #2011, #558 ) ) ;
#730 = CARTESIAN_POINT ( 'NONE',  ( 8.649999999999998579, 1.099999999999999867, -0.4840712071378774906 ) ) ;
#731 = ORIENTED_EDGE ( 'NONE', *, *, #701, .T. ) ;
#732 = ORIENTED_EDGE ( 'NONE', *, *, #1608, .F. ) ;
#733 = FACE_OUTER_BOUND ( 'NONE', #963, .T. ) ;
#734 = EDGE_CURVE ( 'NONE', #2050, #487, #2122, .T. ) ;
#735 = CARTESIAN_POINT ( 'NONE',  ( 1.549999999999999600, 1.099999999999999867, -1.050000000000000266 ) ) ;
#736 = CARTESIAN_POINT ( 'NONE',  ( 1.244931239874971007, 0.8999999999999999112, 0.1155123704696797565 ) ) ;
#737 = CARTESIAN_POINT ( 'NONE',  ( 11.94780489363981779, 1.500000000000000000, 1.048701898001548116 ) ) ;
#738 = ORIENTED_EDGE ( 'NONE', *, *, #192, .T. ) ;
#739 = ADVANCED_BREP_SHAPE_REPRESENTATION ( '바디_암', ( #1674, #986 ), #348 ) ;
#740 = CARTESIAN_POINT ( 'NONE',  ( 10.70641199981118241, 0.8999999999999999112, 0.3861736471685993655 ) ) ;
#741 = VECTOR ( 'NONE', #766, 100.0000000000000142 ) ;
#742 = CARTESIAN_POINT ( 'NONE',  ( 12.69130327263375513, 1.500000000000000222, 0.8009484031536189264 ) ) ;
#743 = VECTOR ( 'NONE', #2172, 100.0000000000000000 ) ;
#744 = ORIENTED_EDGE ( 'NONE', *, *, #2224, .F. ) ;
#745 = VECTOR ( 'NONE', #2368, 100.0000000000000000 ) ;
#746 = ORIENTED_EDGE ( 'NONE', *, *, #989, .F. ) ;
#747 = CARTESIAN_POINT ( 'NONE',  ( 12.00000000000000000, 0.000000000000000000, 0.000000000000000000 ) ) ;
#748 = AXIS2_PLACEMENT_3D ( 'NONE', #1119, #1737, #1163 ) ;
#749 = CIRCLE ( 'NONE', #2156, 0.2000000000000002609 ) ;
#750 = EDGE_CURVE ( 'NONE', #1243, #543, #172, .T. ) ;
#751 = DIRECTION ( 'NONE',  ( 0.000000000000000000, 1.000000000000000000, 0.000000000000000000 ) ) ;
#752 = CARTESIAN_POINT ( 'NONE',  ( 1.149910026194627344, 0.8999999999999999112, -0.01438511929292228195 ) ) ;
#753 = DIRECTION ( 'NONE',  ( -0.000000000000000000, 1.000000000000000000, -0.000000000000000000 ) ) ;
#754 = CARTESIAN_POINT ( 'NONE',  ( 1.949999999999999734, 1.099999999999999867, -0.5510995852887500268 ) ) ;
#755 = ORIENTED_EDGE ( 'NONE', *, *, #2269, .F. ) ;
#756 = DIRECTION ( 'NONE',  ( -0.000000000000000000, -0.000000000000000000, 1.000000000000000000 ) ) ;
#757 = DIRECTION ( 'NONE',  ( 0.000000000000000000, 0.000000000000000000, 1.000000000000000000 ) ) ;
#758 = DIRECTION ( 'NONE',  ( -0.9987637123824266716, 0.000000000000000000, -0.04970962510493453362 ) ) ;
#759 = ORIENTED_EDGE ( 'NONE', *, *, #2372, .F. ) ;
#760 = ORIENTED_EDGE ( 'NONE', *, *, #86, .T. ) ;
#761 = CARTESIAN_POINT ( 'NONE',  ( 9.184850993605148438E-17, 1.399999999999999911, -0.7500000000000000000 ) ) ;
#762 = DIRECTION ( 'NONE',  ( 0.000000000000000000, 0.000000000000000000, 1.000000000000000000 ) ) ;
#763 = LINE ( 'NONE', #590, #426 ) ;
#764 = DIRECTION ( 'NONE',  ( 0.000000000000000000, 0.000000000000000000, 1.000000000000000000 ) ) ;
#765 = EDGE_CURVE ( 'NONE', #2193, #1147, #63, .T. ) ;
#766 = DIRECTION ( 'NONE',  ( -0.9987637123824266716, 0.000000000000000000, 0.04970962510493453362 ) ) ;
#767 = CARTESIAN_POINT ( 'NONE',  ( 14.24999999999999822, 0.6999999999999999556, 0.2757884648527074156 ) ) ;
#768 = DIRECTION ( 'NONE',  ( 0.000000000000000000, 1.000000000000000000, 0.000000000000000000 ) ) ;
#769 = ORIENTED_EDGE ( 'NONE', *, *, #2054, .T. ) ;
#770 = EDGE_LOOP ( 'NONE', ( #1113, #732 ) ) ;
#771 = LINE ( 'NONE', #1533, #936 ) ;
#772 = CARTESIAN_POINT ( 'NONE',  ( 12.86496232558407016, 1.500000000000000000, -0.6090190438073611601 ) ) ;
#773 = FACE_OUTER_BOUND ( 'NONE', #1834, .T. ) ;
#774 = LINE ( 'NONE', #1553, #134 ) ;
#775 = ADVANCED_FACE ( 'NONE', ( #2103 ), #1149, .F. ) ;
#776 = CARTESIAN_POINT ( 'NONE',  ( 1.244931239874971673, 0.5999999999999999778, -0.1155123704696796177 ) ) ;
#777 = CARTESIAN_POINT ( 'NONE',  ( 10.69647007479019507, 0.5999999999999999778, 0.5859263896450848108 ) ) ;
#778 = PRODUCT_DEFINITION ( 'UNKNOWN', '', #2281, #1975 ) ;
#779 = EDGE_CURVE ( 'NONE', #2455, #863, #1587, .T. ) ;
#780 = CARTESIAN_POINT ( 'NONE',  ( 12.00000000000000000, 0.1000000000000000056, -0.7500000000000012212 ) ) ;
#781 = CARTESIAN_POINT ( 'NONE',  ( 12.93303406457003391, 1.499999999999999334, -0.4988960063503828923 ) ) ;
#782 = EDGE_LOOP ( 'NONE', ( #415, #2119, #2444, #1631 ) ) ;
#783 = VECTOR ( 'NONE', #1206, 100.0000000000000142 ) ;
#784 = ORIENTED_EDGE ( 'NONE', *, *, #1482, .F. ) ;
#785 = LINE ( 'NONE', #570, #1261 ) ;
#786 = VECTOR ( 'NONE', #1109, 100.0000000000000142 ) ;
#787 = ORIENTED_EDGE ( 'NONE', *, *, #1110, .F. ) ;
#788 = CARTESIAN_POINT ( 'NONE',  ( 1.949999999999999734, 0.8999999999999999112, -1.050000000000000266 ) ) ;
#789 = AXIS2_PLACEMENT_3D ( 'NONE', #1549, #378, #7 ) ;
#790 = CARTESIAN_POINT ( 'NONE',  ( 1.949999999999999734, 1.099999999999999867, -0.1506044581221355483 ) ) ;
#791 = AXIS2_PLACEMENT_3D ( 'NONE', #726, #1487, #2258 ) ;
#792 = DIRECTION ( 'NONE',  ( 0.000000000000000000, 0.000000000000000000, 1.000000000000000000 ) ) ;
#793 = VECTOR ( 'NONE', #2171, 100.0000000000000000 ) ;
#794 = DIRECTION ( 'NONE',  ( 0.000000000000000000, 1.000000000000000000, 0.000000000000000000 ) ) ;
#795 = CARTESIAN_POINT ( 'NONE',  ( 11.89392333293427484, 0.6999999999999999556, -2.247498106941188567 ) ) ;
#796 = EDGE_CURVE ( 'NONE', #1607, #1382, #1523, .T. ) ;
#797 = COORDINATED_UNIVERSAL_TIME_OFFSET ( 9, 0, .AHEAD. ) ;
#798 = ORIENTED_EDGE ( 'NONE', *, *, #1407, .F. ) ;
#799 = FACE_OUTER_BOUND ( 'NONE', #812, .T. ) ;
#800 = EDGE_CURVE ( 'NONE', #1607, #1243, #824, .T. ) ;
#801 = DIRECTION ( 'NONE',  ( -0.000000000000000000, -1.000000000000000000, -0.000000000000000000 ) ) ;
#802 = DIRECTION ( 'NONE',  ( 0.000000000000000000, -0.000000000000000000, -1.000000000000000000 ) ) ;
#803 = DIRECTION ( 'NONE',  ( 0.000000000000000000, 0.000000000000000000, -1.000000000000000000 ) ) ;
#804 = CARTESIAN_POINT ( 'NONE',  ( 12.49886894013207517, 0.6999999999999999556, -2.211264131196761795 ) ) ;
#805 = CALENDAR_DATE ( 2024, 26, 9 ) ;
#806 = ORIENTED_EDGE ( 'NONE', *, *, #1141, .F. ) ;
#807 = DIRECTION ( 'NONE',  ( 0.000000000000000000, 0.000000000000000000, 1.000000000000000000 ) ) ;
#808 = DIRECTION ( 'NONE',  ( 0.000000000000000000, 1.000000000000000000, 0.000000000000000000 ) ) ;
#809 = CARTESIAN_POINT ( 'NONE',  ( 12.00000000000000000, 0.5999999999999999778, 0.000000000000000000 ) ) ;
#810 = CARTESIAN_POINT ( 'NONE',  ( 1.371603298871147070, 1.500000000000000000, -1.523549930434112021 ) ) ;
#811 = CARTESIAN_POINT ( 'NONE',  ( 16.12346099368908625, 0.000000000000000000, 0.5954859212493922582 ) ) ;
#812 = EDGE_LOOP ( 'NONE', ( #1695, #169, #2239, #106, #88 ) ) ;
#813 = ORIENTED_EDGE ( 'NONE', *, *, #2493, .F. ) ;
#814 = DIRECTION ( 'NONE',  ( -0.000000000000000000, -1.000000000000000000, -0.000000000000000000 ) ) ;
#815 = AXIS2_PLACEMENT_3D ( 'NONE', #991, #237, #2376 ) ;
#816 = DIRECTION ( 'NONE',  ( 0.000000000000000000, 0.000000000000000000, -1.000000000000000000 ) ) ;
#817 = LINE ( 'NONE', #1572, #743 ) ;
#818 = AXIS2_PLACEMENT_3D ( 'NONE', #524, #2057, #2034 ) ;
#819 = EDGE_CURVE ( 'NONE', #1094, #443, #303, .T. ) ;
#820 = AXIS2_PLACEMENT_3D ( 'NONE', #955, #753, #1175 ) ;
#821 = VECTOR ( 'NONE', #8, 100.0000000000000000 ) ;
#822 = DIRECTION ( 'NONE',  ( -0.9987637123824266716, -0.000000000000000000, 0.04970962510493454750 ) ) ;
#823 = DIRECTION ( 'NONE',  ( 0.000000000000000000, -0.000000000000000000, 1.000000000000000000 ) ) ;
#824 = CIRCLE ( 'NONE', #386, 1.049999999999999822 ) ;
#825 = FACE_OUTER_BOUND ( 'NONE', #2397, .T. ) ;
#826 = ORIENTED_EDGE ( 'NONE', *, *, #1029, .F. ) ;
#827 = VERTEX_POINT ( 'NONE', #1917 ) ;
#828 = CARTESIAN_POINT ( 'NONE',  ( 10.70641199981118241, 0.8999999999999999112, 0.3861736471685993655 ) ) ;
#829 = ORIENTED_EDGE ( 'NONE', *, *, #2370, .F. ) ;
#830 = CARTESIAN_POINT ( 'NONE',  ( 10.70641199981118241, 1.500000000000000000, 0.3861736471685993655 ) ) ;
#831 = DIRECTION ( 'NONE',  ( 0.000000000000000000, 1.000000000000000000, 0.000000000000000000 ) ) ;
#832 = CARTESIAN_POINT ( 'NONE',  ( 12.00000000000000000, 0.8999999999999999112, 0.000000000000000000 ) ) ;
#833 = DIRECTION ( 'NONE',  ( 0.000000000000000000, 1.000000000000000000, 0.000000000000000000 ) ) ;
#834 = DIRECTION ( 'NONE',  ( -0.000000000000000000, -1.000000000000000000, -0.000000000000000000 ) ) ;
#835 = ADVANCED_FACE ( 'NONE', ( #2286 ), #911, .F. ) ;
#836 = PERSON_AND_ORGANIZATION ( #1431, #2406 ) ;
#837 = ORIENTED_EDGE ( 'NONE', *, *, #1469, .F. ) ;
#838 = EDGE_LOOP ( 'NONE', ( #2413, #377, #1097, #316, #501, #1517, #370, #352, #1008, #1233, #1216, #2261 ) ) ;
#839 = CARTESIAN_POINT ( 'NONE',  ( 10.70641199981118241, 1.500000000000000000, -0.3861736471685994765 ) ) ;
#840 = DIRECTION ( 'NONE',  ( -0.000000000000000000, 1.000000000000000000, -0.000000000000000000 ) ) ;
#841 = DIRECTION ( 'NONE',  ( 0.000000000000000000, -1.000000000000000000, 0.000000000000000000 ) ) ;
#842 = CARTESIAN_POINT ( 'NONE',  ( 13.55474661007288439, 0.7602245272776912977, 0.8933608462947192352 ) ) ;
#843 = EDGE_CURVE ( 'NONE', #1927, #1334, #771, .T. ) ;
#844 = ORIENTED_EDGE ( 'NONE', *, *, #765, .T. ) ;
#845 = ORIENTED_EDGE ( 'NONE', *, *, #410, .F. ) ;
#846 = ORIENTED_EDGE ( 'NONE', *, *, #658, .T. ) ;
#847 = ORIENTED_EDGE ( 'NONE', *, *, #2414, .F. ) ;
#848 = CARTESIAN_POINT ( 'NONE',  ( 12.55486148256845880, 1.191516678767420068, -0.9990540239173352210 ) ) ;
#849 = FACE_BOUND ( 'NONE', #557, .T. ) ;
#850 = CYLINDRICAL_SURFACE ( 'NONE', #2072, 0.1000000000000000472 ) ;
#851 = FACE_OUTER_BOUND ( 'NONE', #1788, .T. ) ;
#852 = AXIS2_PLACEMENT_3D ( 'NONE', #1732, #794, #2280 ) ;
#853 = AXIS2_PLACEMENT_3D ( 'NONE', #654, #619, #2369 ) ;
#854 = VECTOR ( 'NONE', #914, 100.0000000000000000 ) ;
#855 = CARTESIAN_POINT ( 'NONE',  ( 12.36341695899666604, 1.317704163132117356, 1.018637208296029995 ) ) ;
#856 = CIRCLE ( 'NONE', #2113, 1.049999999999999822 ) ;
#857 = ORIENTED_EDGE ( 'NONE', *, *, #2240, .F. ) ;
#858 = VERTEX_POINT ( 'NONE', #2461 ) ;
#859 = ADVANCED_FACE ( 'NONE', ( #733 ), #544, .F. ) ;
#860 = CARTESIAN_POINT ( 'NONE',  ( 12.00000000000000000, 0.1000000000000000056, 0.7500000000000012212 ) ) ;
#861 = AXIS2_PLACEMENT_3D ( 'NONE', #2116, #2325, #353 ) ;
#862 = VERTEX_POINT ( 'NONE', #1372 ) ;
#863 = VERTEX_POINT ( 'NONE', #2144 ) ;
#864 = CARTESIAN_POINT ( 'NONE',  ( 12.55332532857953431, 1.192487267769315906, -0.9992119913728293445 ) ) ;
#865 = ADVANCED_FACE ( 'NONE', ( #416 ), #229, .F. ) ;
#866 = DIRECTION ( 'NONE',  ( 0.000000000000000000, 0.000000000000000000, 1.000000000000000000 ) ) ;
#867 = DIRECTION ( 'NONE',  ( 0.000000000000000000, 0.000000000000000000, -1.000000000000000000 ) ) ;
#868 = DIRECTION ( 'NONE',  ( -0.000000000000000000, -1.000000000000000000, -0.000000000000000000 ) ) ;
#869 = ORIENTED_EDGE ( 'NONE', *, *, #1850, .F. ) ;
#870 = ORIENTED_EDGE ( 'NONE', *, *, #2370, .T. ) ;
#871 = ORIENTED_EDGE ( 'NONE', *, *, #110, .F. ) ;
#872 = EDGE_CURVE ( 'NONE', #335, #1844, #1182, .T. ) ;
#873 = EDGE_LOOP ( 'NONE', ( #894, #1468, #470, #1397, #2088, #1885, #1048, #77, #278 ) ) ;
#874 = CARTESIAN_POINT ( 'NONE',  ( 14.08953182548584060, 0.6999999999999999556, -0.8344752026256951893 ) ) ;
#875 = EDGE_CURVE ( 'NONE', #2374, #862, #1387, .T. ) ;
#876 = ADVANCED_FACE ( 'NONE', ( #1599 ), #2349, .F. ) ;
#877 = LINE ( 'NONE', #2451, #222 ) ;
#878 = FACE_OUTER_BOUND ( 'NONE', #2375, .T. ) ;
#879 = LINE ( 'NONE', #2212, #257 ) ;
#880 = ORIENTED_EDGE ( 'NONE', *, *, #1948, .T. ) ;
#881 = VERTEX_POINT ( 'NONE', #611 ) ;
#882 = LINE ( 'NONE', #1873, #942 ) ;
#883 = ORIENTED_EDGE ( 'NONE', *, *, #2382, .F. ) ;
#884 = EDGE_LOOP ( 'NONE', ( #787, #432, #1026, #132 ) ) ;
#885 = DIRECTION ( 'NONE',  ( -0.000000000000000000, -1.000000000000000000, -0.000000000000000000 ) ) ;
#886 = DIRECTION ( 'NONE',  ( 0.000000000000000000, 0.000000000000000000, 1.000000000000000000 ) ) ;
#887 = CARTESIAN_POINT ( 'NONE',  ( 1.149910026194627788, 0.000000000000000000, 0.01438511929292219001 ) ) ;
#888 = EDGE_CURVE ( 'NONE', #1694, #469, #1761, .T. ) ;
#889 = CIRCLE ( 'NONE', #56, 0.2000000000000003442 ) ;
#890 = DIRECTION ( 'NONE',  ( 0.000000000000000000, 0.000000000000000000, -1.000000000000000000 ) ) ;
#891 = ORIENTED_EDGE ( 'NONE', *, *, #373, .F. ) ;
#892 = CIRCLE ( 'NONE', #1352, 0.2000000000000002609 ) ;
#893 = CIRCLE ( 'NONE', #1425, 0.1999999999999996225 ) ;
#894 = ORIENTED_EDGE ( 'NONE', *, *, #1479, .F. ) ;
#895 = AXIS2_PLACEMENT_3D ( 'NONE', #1639, #2418, #205 ) ;
#896 = CIRCLE ( 'NONE', #1507, 0.2000000000000002609 ) ;
#897 = CARTESIAN_POINT ( 'NONE',  ( 8.649999999999998579, 0.8999999999999999112, 0.4840712071378773240 ) ) ;
#898 = ORIENTED_EDGE ( 'NONE', *, *, #1278, .F. ) ;
#899 = VERTEX_POINT ( 'NONE', #1569 ) ;
#900 = DIRECTION ( 'NONE',  ( 0.000000000000000000, 0.000000000000000000, 1.000000000000000000 ) ) ;
#901 = CIRCLE ( 'NONE', #703, 0.2000000000000002609 ) ;
#902 = DIRECTION ( 'NONE',  ( 0.000000000000000000, 0.000000000000000000, -1.000000000000000000 ) ) ;
#903 = LINE ( 'NONE', #1079, #665 ) ;
#904 = LINE ( 'NONE', #1678, #2230 ) ;
#905 = ORIENTED_EDGE ( 'NONE', *, *, #872, .F. ) ;
#906 = EDGE_LOOP ( 'NONE', ( #395, #806 ) ) ;
#907 = CARTESIAN_POINT ( 'NONE',  ( 12.35843920574180643, 0.6999999999999999556, -0.9952815461904097605 ) ) ;
#908 = FACE_OUTER_BOUND ( 'NONE', #1084, .T. ) ;
#909 = ORIENTED_EDGE ( 'NONE', *, *, #2401, .T. ) ;
#910 = ORIENTED_EDGE ( 'NONE', *, *, #1527, .F. ) ;
#911 = PLANE ( 'NONE',  #1150 ) ;
#912 = CYLINDRICAL_SURFACE ( 'NONE', #60, 0.2000000000000003442 ) ;
#913 = CARTESIAN_POINT ( 'NONE',  ( 1.371603298871147070, 1.500000000000000000, 0.5235499304341119098 ) ) ;
#914 = DIRECTION ( 'NONE',  ( -0.000000000000000000, -1.000000000000000000, -0.000000000000000000 ) ) ;
#915 = ORIENTED_EDGE ( 'NONE', *, *, #1820, .T. ) ;
#916 = DIRECTION ( 'NONE',  ( 0.000000000000000000, 1.000000000000000000, 0.000000000000000000 ) ) ;
#917 = ADVANCED_FACE ( 'NONE', ( #1560 ), #649, .F. ) ;
#918 = LINE ( 'NONE', #1128, #507 ) ;
#919 = EDGE_LOOP ( 'NONE', ( #915, #2021, #171, #2094 ) ) ;
#920 = ORIENTED_EDGE ( 'NONE', *, *, #2457, .F. ) ;
#921 = CARTESIAN_POINT ( 'NONE',  ( 12.10474622260422706, 0.6999999999999999556, 1.044762283416744708 ) ) ;
#922 = CARTESIAN_POINT ( 'NONE',  ( 12.00192100880240709, 1.500000000000000000, -1.051259516933150007 ) ) ;
#923 = CARTESIAN_POINT ( 'NONE',  ( 1.244931239874971673, 0.000000000000000000, -0.1155123704696796177 ) ) ;
#924 = CARTESIAN_POINT ( 'NONE',  ( 1.244931239874971007, 0.8999999999999999112, -0.1155123704696799092 ) ) ;
#925 = CARTESIAN_POINT ( 'NONE',  ( 16.05000000000000071, 0.6999999999999999556, 0.000000000000000000 ) ) ;
#926 = ORIENTED_EDGE ( 'NONE', *, *, #2414, .T. ) ;
#927 = DIRECTION ( 'NONE',  ( -0.000000000000000000, -1.000000000000000000, -0.000000000000000000 ) ) ;
#928 = CARTESIAN_POINT ( 'NONE',  ( 0.000000000000000000, 1.399999999999999911, -0.6500000000000000222 ) ) ;
#929 = CIRCLE ( 'NONE', #128, 1.149999999999999467 ) ;
#930 = CARTESIAN_POINT ( 'NONE',  ( 10.70641199981118241, 0.5999999999999999778, -0.3861736471685992544 ) ) ;
#931 = AXIS2_PLACEMENT_3D ( 'NONE', #520, #133, #900 ) ;
#932 = EDGE_LOOP ( 'NONE', ( #406, #1987, #1025, #723, #846, #361, #1976, #1668, #1952, #526, #537, #998 ) ) ;
#933 = AXIS2_PLACEMENT_3D ( 'NONE', #1093, #2428, #1055 ) ;
#934 = VERTEX_POINT ( 'NONE', #976 ) ;
#935 = DIRECTION ( 'NONE',  ( 0.000000000000000000, -1.000000000000000000, 0.000000000000000000 ) ) ;
#936 = VECTOR ( 'NONE', #2312, 100.0000000000000000 ) ;
#937 = VECTOR ( 'NONE', #688, 100.0000000000000000 ) ;
#938 = CARTESIAN_POINT ( 'NONE',  ( 12.05352250948823389, 1.500000000000000000, -1.049897892293343515 ) ) ;
#939 = ADVANCED_FACE ( 'NONE', ( #1363 ), #2132, .T. ) ;
#940 = DIRECTION ( 'NONE',  ( -0.000000000000000000, 1.000000000000000000, -0.000000000000000000 ) ) ;
#941 = LINE ( 'NONE', #573, #1583 ) ;
#942 = VECTOR ( 'NONE', #1654, 100.0000000000000000 ) ;
#943 = CARTESIAN_POINT ( 'NONE',  ( 0.000000000000000000, 1.399999999999999911, 0.000000000000000000 ) ) ;
#944 = ORIENTED_EDGE ( 'NONE', *, *, #86, .F. ) ;
#945 = LINE ( 'NONE', #1518, #376 ) ;
#946 = CARTESIAN_POINT ( 'NONE',  ( 14.00044548212301088, 0.6999999999999999556, 1.066197519410231775 ) ) ;
#947 = CARTESIAN_POINT ( 'NONE',  ( 13.04999256392160945, 1.500000000000000222, 0.1301313758516306762 ) ) ;
#948 = ORIENTED_EDGE ( 'NONE', *, *, #597, .F. ) ;
#949 = VERTEX_POINT ( 'NONE', #1196 ) ;
#950 = LINE ( 'NONE', #964, #25 ) ;
#951 = EDGE_CURVE ( 'NONE', #2203, #130, #1173, .T. ) ;
#952 = ORIENTED_EDGE ( 'NONE', *, *, #429, .T. ) ;
#953 = CARTESIAN_POINT ( 'NONE',  ( 12.35843920574414767, 0.6999999999999999556, 0.9952815461906711070 ) ) ;
#954 = CARTESIAN_POINT ( 'NONE',  ( 0.000000000000000000, 1.399999999999999911, 0.000000000000000000 ) ) ;
#955 = CARTESIAN_POINT ( 'NONE',  ( 1.249902202385464678, 0.8999999999999999112, 0.01563599923143706508 ) ) ;
#956 = EDGE_CURVE ( 'NONE', #1094, #328, #1000, .T. ) ;
#957 = EDGE_CURVE ( 'NONE', #637, #2377, #2339, .T. ) ;
#958 = CARTESIAN_POINT ( 'NONE',  ( 8.649999999999998579, 1.099999999999999867, -1.050000000000000266 ) ) ;
#959 = DIRECTION ( 'NONE',  ( 0.000000000000000000, 0.000000000000000000, -1.000000000000000000 ) ) ;
#960 = LINE ( 'NONE', #1733, #1538 ) ;
#961 = FACE_OUTER_BOUND ( 'NONE', #1703, .T. ) ;
#962 = ORIENTED_EDGE ( 'NONE', *, *, #690, .T. ) ;
#963 = EDGE_LOOP ( 'NONE', ( #1151, #2155, #6, #1480 ) ) ;
#964 = CARTESIAN_POINT ( 'NONE',  ( 1.549999999999999600, 0.8999999999999999112, -1.050000000000000266 ) ) ;
#965 = VERTEX_POINT ( 'NONE', #638 ) ;
#966 = CARTESIAN_POINT ( 'NONE',  ( 12.00000000000000000, 1.500000000000000000, -0.7500000000000012212 ) ) ;
#967 = DIRECTION ( 'NONE',  ( -0.000000000000000000, 1.000000000000000000, -0.000000000000000000 ) ) ;
#968 = DIRECTION ( 'NONE',  ( 0.000000000000000000, 1.000000000000000000, 0.000000000000000000 ) ) ;
#969 = ADVANCED_FACE ( 'NONE', ( #799 ), #1398, .T. ) ;
#970 = CARTESIAN_POINT ( 'NONE',  ( 9.184850993605148438E-17, 0.1000000000000000056, 0.7500000000000000000 ) ) ;
#971 = CARTESIAN_POINT ( 'NONE',  ( 1.244931239874971673, 0.5999999999999999778, 0.1155123704696798398 ) ) ;
#972 = EDGE_CURVE ( 'NONE', #1380, #2374, #21, .T. ) ;
#973 = CARTESIAN_POINT ( 'NONE',  ( 12.35714753711154934, 1.499999999999999334, -0.9959421753098466334 ) ) ;
#974 = CIRCLE ( 'NONE', #582, 0.1999999999999996225 ) ;
#975 = ORIENTED_EDGE ( 'NONE', *, *, #1680, .F. ) ;
#976 = CARTESIAN_POINT ( 'NONE',  ( 1.549999999999999600, 0.8999999999999999112, 0.1306959954943299751 ) ) ;
#977 = VECTOR ( 'NONE', #483, 100.0000000000000000 ) ;
#978 = CIRCLE ( 'NONE', #1663, 0.1000000000000003109 ) ;
#979 = VERTEX_POINT ( 'NONE', #1893 ) ;
#980 = CARTESIAN_POINT ( 'NONE',  ( 10.70641199981118241, 0.5999999999999999778, -0.5861736471685996541 ) ) ;
#981 = VECTOR ( 'NONE', #967, 100.0000000000000000 ) ;
#982 = CARTESIAN_POINT ( 'NONE',  ( 16.05000000000000071, 0.6999999999999999556, 0.000000000000000000 ) ) ;
#983 = CIRCLE ( 'NONE', #1389, 0.6500000000000000222 ) ;
#984 = CARTESIAN_POINT ( 'NONE',  ( 1.549999999999999600, 1.500000000000000000, 0.5311911226609445924 ) ) ;
#985 = DIRECTION ( 'NONE',  ( -0.000000000000000000, -0.000000000000000000, 1.000000000000000000 ) ) ;
#986 = AXIS2_PLACEMENT_3D ( 'NONE', #2359, #2166, #452 ) ;
#987 = CARTESIAN_POINT ( 'NONE',  ( 12.00000000000000000, 1.500000000000000000, 0.000000000000000000 ) ) ;
#988 = DATE_TIME_ROLE ( 'classification_date' ) ;
#989 = EDGE_CURVE ( 'NONE', #2250, #1453, #577, .T. ) ;
#990 = ORIENTED_EDGE ( 'NONE', *, *, #455, .F. ) ;
#991 = CARTESIAN_POINT ( 'NONE',  ( 0.000000000000000000, 1.399999999999999911, 0.000000000000000000 ) ) ;
#992 = DIRECTION ( 'NONE',  ( 0.000000000000000000, 0.000000000000000000, -1.000000000000000000 ) ) ;
#993 = DIRECTION ( 'NONE',  ( -0.000000000000000000, -0.000000000000000000, 1.000000000000000000 ) ) ;
#994 = DIRECTION ( 'NONE',  ( 0.000000000000000000, 0.000000000000000000, 1.000000000000000000 ) ) ;
#995 = DIRECTION ( 'NONE',  ( -0.000000000000000000, -1.000000000000000000, -0.000000000000000000 ) ) ;
#996 = CARTESIAN_POINT ( 'NONE',  ( 13.18585162086588447, 0.8701210958352124658, 0.9330320575568598063 ) ) ;
#997 = APPROVAL_ROLE ( '' ) ;
#998 = ORIENTED_EDGE ( 'NONE', *, *, #1714, .T. ) ;
#999 = EDGE_LOOP ( 'NONE', ( #1509, #1349, #1458, #2214 ) ) ;
#1000 = LINE ( 'NONE', #50, #2227 ) ;
#1001 = EDGE_CURVE ( 'NONE', #1568, #1485, #945, .T. ) ;
#1002 = DIRECTION ( 'NONE',  ( 0.000000000000000000, 1.000000000000000000, 0.000000000000000000 ) ) ;
#1003 = DIRECTION ( 'NONE',  ( 0.000000000000000000, -1.000000000000000000, 0.000000000000000000 ) ) ;
#1004 = PLANE ( 'NONE',  #2431 ) ;
#1005 = DIRECTION ( 'NONE',  ( 0.000000000000000000, 0.000000000000000000, -1.000000000000000000 ) ) ;
#1006 = COORDINATED_UNIVERSAL_TIME_OFFSET ( 9, 0, .AHEAD. ) ;
#1007 = ORIENTED_EDGE ( 'NONE', *, *, #1042, .T. ) ;
#1008 = ORIENTED_EDGE ( 'NONE', *, *, #2470, .T. ) ;
#1009 = DIRECTION ( 'NONE',  ( -0.000000000000000000, -1.000000000000000000, -0.000000000000000000 ) ) ;
#1010 = ORIENTED_EDGE ( 'NONE', *, *, #1217, .F. ) ;
#1011 = VECTOR ( 'NONE', #34, 100.0000000000000000 ) ;
#1012 = CARTESIAN_POINT ( 'NONE',  ( 1.949999999999999734, 0.8999999999999999112, 0.1506044581221354650 ) ) ;
#1013 = DIRECTION ( 'NONE',  ( 0.000000000000000000, -1.000000000000000000, 0.000000000000000000 ) ) ;
#1014 = VECTOR ( 'NONE', #840, 100.0000000000000000 ) ;
#1015 = EDGE_CURVE ( 'NONE', #1899, #2193, #889, .T. ) ;
#1016 = AXIS2_PLACEMENT_3D ( 'NONE', #294, #137, #716 ) ;
#1017 = AXIS2_PLACEMENT_3D ( 'NONE', #1852, #715, #1475 ) ;
#1018 = CARTESIAN_POINT ( 'NONE',  ( 16.05000000000000071, 0.000000000000000000, 0.000000000000000000 ) ) ;
#1019 = CARTESIAN_POINT ( 'NONE',  ( -5.574214862392945946, 0.000000000000000000, 175.2891549919164902 ) ) ;
#1020 = PLANE ( 'NONE',  #2190 ) ;
#1021 = CIRCLE ( 'NONE', #1104, 0.6500000000000015765 ) ;
#1022 = CIRCLE ( 'NONE', #1914, 0.7500000000000012212 ) ;
#1023 = PERSON_AND_ORGANIZATION_ROLE ( 'classification_officer' ) ;
#1024 = ORIENTED_EDGE ( 'NONE', *, *, #1482, .T. ) ;
#1025 = ORIENTED_EDGE ( 'NONE', *, *, #2456, .T. ) ;
#1026 = ORIENTED_EDGE ( 'NONE', *, *, #2269, .T. ) ;
#1027 = PLANE ( 'NONE',  #1829 ) ;
#1028 = PLANE ( 'NONE',  #421 ) ;
#1029 = EDGE_CURVE ( 'NONE', #16, #1204, #1903, .T. ) ;
#1030 = CARTESIAN_POINT ( 'NONE',  ( 1.421312923976081777, 1.500000000000000000, 0.5247862180516852382 ) ) ;
#1031 = CARTESIAN_POINT ( 'NONE',  ( 0.000000000000000000, 1.500000000000000000, 0.000000000000000000 ) ) ;
#1032 = CC_DESIGN_DATE_AND_TIME_ASSIGNMENT ( #61, #1596, ( #778 ) ) ;
#1033 = FACE_OUTER_BOUND ( 'NONE', #1548, .T. ) ;
#1034 = PERSON_AND_ORGANIZATION_ROLE ( 'design_owner' ) ;
#1035 = ORIENTED_EDGE ( 'NONE', *, *, #70, .F. ) ;
#1036 = ORIENTED_EDGE ( 'NONE', *, *, #1420, .F. ) ;
#1037 = ORIENTED_EDGE ( 'NONE', *, *, #1249, .T. ) ;
#1038 = ORIENTED_EDGE ( 'NONE', *, *, #701, .F. ) ;
#1039 = CARTESIAN_POINT ( 'NONE',  ( 12.55168612816440543, 1.193523510632825912, -0.9993805460005630303 ) ) ;
#1040 = DIRECTION ( 'NONE',  ( -0.000000000000000000, -0.000000000000000000, 1.000000000000000000 ) ) ;
#1041 = CARTESIAN_POINT ( 'NONE',  ( 0.000000000000000000, 1.500000000000000000, 0.000000000000000000 ) ) ;
#1042 = EDGE_CURVE ( 'NONE', #2331, #1875, #216, .T. ) ;
#1043 = CARTESIAN_POINT ( 'NONE',  ( 13.05461169160664880, 0.9239069646862787533, 0.9469449382313801511 ) ) ;
#1044 = ORIENTED_EDGE ( 'NONE', *, *, #2352, .F. ) ;
#1045 = EDGE_CURVE ( 'NONE', #965, #531, #595, .T. ) ;
#1046 = VERTEX_POINT ( 'NONE', #401 ) ;
#1047 = DIRECTION ( 'NONE',  ( 0.000000000000000000, -1.000000000000000000, 0.000000000000000000 ) ) ;
#1048 = ORIENTED_EDGE ( 'NONE', *, *, #1222, .F. ) ;
#1049 = ORIENTED_EDGE ( 'NONE', *, *, #1129, .T. ) ;
#1050 = CARTESIAN_POINT ( 'NONE',  ( 10.69647007479019507, 0.5999999999999999778, 0.5859263896450851439 ) ) ;
#1051 = CARTESIAN_POINT ( 'NONE',  ( 1.149910026194627788, 0.5999999999999999778, -0.01438511929292195929 ) ) ;
#1052 = CARTESIAN_POINT ( 'NONE',  ( 0.000000000000000000, 1.500000000000000000, 0.000000000000000000 ) ) ;
#1053 = VECTOR ( 'NONE', #1316, 100.0000000000000000 ) ;
#1054 = AXIS2_PLACEMENT_3D ( 'NONE', #1198, #831, #2379 ) ;
#1055 = DIRECTION ( 'NONE',  ( 0.000000000000000000, 0.000000000000000000, -1.000000000000000000 ) ) ;
#1056 = EDGE_CURVE ( 'NONE', #443, #1094, #495, .T. ) ;
#1057 = AXIS2_PLACEMENT_3D ( 'NONE', #2329, #935, #2489 ) ;
#1058 = AXIS2_PLACEMENT_3D ( 'NONE', #832, #2199, #994 ) ;
#1059 = EDGE_CURVE ( 'NONE', #1875, #2015, #389, .T. ) ;
#1060 = EDGE_LOOP ( 'NONE', ( #883, #1597, #1328, #583 ) ) ;
#1061 = ORIENTED_EDGE ( 'NONE', *, *, #1469, .T. ) ;
#1062 = LINE ( 'NONE', #144, #1063 ) ;
#1063 = VECTOR ( 'NONE', #2204, 100.0000000000000000 ) ;
#1064 = ORIENTED_EDGE ( 'NONE', *, *, #167, .F. ) ;
#1065 = ORIENTED_EDGE ( 'NONE', *, *, #1513, .F. ) ;
#1066 = CARTESIAN_POINT ( 'NONE',  ( 13.40091721429771354, 0.7987623018067359082, -0.9100042083168523588 ) ) ;
#1067 = CARTESIAN_POINT ( 'NONE',  ( 0.000000000000000000, 0.1000000000000000888, 0.000000000000000000 ) ) ;
#1068 = FACE_OUTER_BOUND ( 'NONE', #782, .T. ) ;
#1069 = DIRECTION ( 'NONE',  ( 0.000000000000000000, 0.000000000000000000, -1.000000000000000000 ) ) ;
#1070 = CARTESIAN_POINT ( 'NONE',  ( 16.05000000000000071, 0.6999999999999999556, -0.1999999999999996225 ) ) ;
#1071 = CARTESIAN_POINT ( 'NONE',  ( 12.23280550539420375, 0.7000000000007171597, -1.031923261225203614 ) ) ;
#1072 = EDGE_LOOP ( 'NONE', ( #2347, #755, #153, #2231 ) ) ;
#1073 = CYLINDRICAL_SURFACE ( 'NONE', #1995, 0.6500000000000015765 ) ;
#1074 = ORIENTED_EDGE ( 'NONE', *, *, #1314, .T. ) ;
#1075 = ADVANCED_FACE ( 'NONE', ( #1340 ), #2085, .T. ) ;
#1076 = ORIENTED_EDGE ( 'NONE', *, *, #547, .F. ) ;
#1077 = CARTESIAN_POINT ( 'NONE',  ( 12.32146924884013472, 1.346576689387854575, -1.022899454039695399 ) ) ;
#1078 = DIRECTION ( 'NONE',  ( 0.9987637123824266716, 0.000000000000000000, -0.04970962510493456138 ) ) ;
#1079 = CARTESIAN_POINT ( 'NONE',  ( 1.421312923976081777, 1.500000000000000000, 0.5247862180516852382 ) ) ;
#1080 = CARTESIAN_POINT ( 'NONE',  ( 10.69647007479019507, 1.500000000000000000, -0.5859263896450851439 ) ) ;
#1081 = VERTEX_POINT ( 'NONE', #607 ) ;
#1082 = ORIENTED_EDGE ( 'NONE', *, *, #1864, .T. ) ;
#1083 = LINE ( 'NONE', #860, #1269 ) ;
#1084 = EDGE_LOOP ( 'NONE', ( #1231, #1076, #2429, #671 ) ) ;
#1085 = ORIENTED_EDGE ( 'NONE', *, *, #2009, .T. ) ;
#1086 = CARTESIAN_POINT ( 'NONE',  ( 1.371603298871147070, 1.500000000000000000, 1.523549930434112021 ) ) ;
#1087 = EDGE_CURVE ( 'NONE', #2460, #1081, #2127, .T. ) ;
#1088 = FACE_OUTER_BOUND ( 'NONE', #431, .T. ) ;
#1089 = CYLINDRICAL_SURFACE ( 'NONE', #633, 1.150000000000000355 ) ;
#1090 = CARTESIAN_POINT ( 'NONE',  ( 0.000000000000000000, 0.1000000000000000056, 0.000000000000000000 ) ) ;
#1091 = EDGE_CURVE ( 'NONE', #2402, #2015, #2150, .T. ) ;
#1092 = VECTOR ( 'NONE', #217, 100.0000000000000000 ) ;
#1093 = CARTESIAN_POINT ( 'NONE',  ( 1.949999999999999734, 1.099999999999999867, -1.050000000000000266 ) ) ;
#1094 = VERTEX_POINT ( 'NONE', #970 ) ;
#1095 = AXIS2_PLACEMENT_3D ( 'NONE', #1041, #833, #1969 ) ;
#1096 = CIRCLE ( 'NONE', #22, 0.6500000000000000222 ) ;
#1097 = ORIENTED_EDGE ( 'NONE', *, *, #2211, .F. ) ;
#1098 = AXIS2_PLACEMENT_3D ( 'NONE', #2315, #1525, #1921 ) ;
#1099 = CIRCLE ( 'NONE', #1017, 177.2179337615381201 ) ;
#1100 = DIRECTION ( 'NONE',  ( -0.000000000000000000, -0.000000000000000000, 1.000000000000000000 ) ) ;
#1101 = VERTEX_POINT ( 'NONE', #1706 ) ;
#1102 = ORIENTED_EDGE ( 'NONE', *, *, #1375, .F. ) ;
#1103 = CARTESIAN_POINT ( 'NONE',  ( 12.00000000000000000, 1.500000000000000000, 0.000000000000000000 ) ) ;
#1104 = AXIS2_PLACEMENT_3D ( 'NONE', #2411, #1444, #1455 ) ;
#1105 = CIRCLE ( 'NONE', #1794, 1.049999999999999822 ) ;
#1106 = CARTESIAN_POINT ( 'NONE',  ( 11.95049755536932956, 0.6999999999999999556, 1.048832449905888087 ) ) ;
#1107 = DIRECTION ( 'NONE',  ( 0.000000000000000000, 0.000000000000000000, -1.000000000000000000 ) ) ;
#1108 = FACE_OUTER_BOUND ( 'NONE', #514, .T. ) ;
#1109 = DIRECTION ( 'NONE',  ( -0.9987637123824266716, 0.000000000000000000, -0.04970962510493451281 ) ) ;
#1110 = EDGE_CURVE ( 'NONE', #2244, #2193, #1692, .T. ) ;
#1111 = EDGE_CURVE ( 'NONE', #1844, #1630, #209, .T. ) ;
#1112 = ORIENTED_EDGE ( 'NONE', *, *, #1571, .T. ) ;
#1113 = ORIENTED_EDGE ( 'NONE', *, *, #1091, .F. ) ;
#1114 = DIRECTION ( 'NONE',  ( -0.000000000000000000, -1.000000000000000000, -0.000000000000000000 ) ) ;
#1115 = CARTESIAN_POINT ( 'NONE',  ( 12.69226825062183472, 0.6999999999999999556, -0.7998929238231627936 ) ) ;
#1116 = DIRECTION ( 'NONE',  ( -0.9987637123824266716, -0.000000000000000000, 0.04970962510493454750 ) ) ;
#1117 = ORIENTED_EDGE ( 'NONE', *, *, #1650, .T. ) ;
#1118 = ORIENTED_EDGE ( 'NONE', *, *, #1974, .F. ) ;
#1119 = CARTESIAN_POINT ( 'NONE',  ( -5.574214862392945946, 0.6999999999999999556, 175.2891549919164902 ) ) ;
#1120 = DIRECTION ( 'NONE',  ( -1.000000000000000000, 0.000000000000000000, -0.000000000000000000 ) ) ;
#1121 = DIRECTION ( 'NONE',  ( 0.9987637123824266716, 0.000000000000000000, -0.04970962510493456138 ) ) ;
#1122 = FACE_OUTER_BOUND ( 'NONE', #729, .T. ) ;
#1123 = VERTEX_POINT ( 'NONE', #1528 ) ;
#1124 = EDGE_CURVE ( 'NONE', #2241, #2346, #2140, .T. ) ;
#1125 = PLANE ( 'NONE',  #2267 ) ;
#1126 = CARTESIAN_POINT ( 'NONE',  ( 12.49886894013113370, 0.6999999999999999556, 2.211264131196855942 ) ) ;
#1127 = B_SPLINE_CURVE_WITH_KNOTS ( 'NONE', 3,
 ( #1789, #434, #230, #2378, #1365, #447, #1209, #239, #1763, #2135 ),
 .UNSPECIFIED., .F., .F.,
 ( 4, 2, 2, 2, 4 ),
 ( 0.000000000000000000, 0.2500000000000000000, 0.5000000000000000000, 0.7500000000000000000, 1.000000000000000000 ),
 .UNSPECIFIED. ) ;
#1128 = CARTESIAN_POINT ( 'NONE',  ( 1.421312923976081777, 1.099999999999999867, 0.5247862180516852382 ) ) ;
#1129 = EDGE_CURVE ( 'NONE', #1568, #2075, #1741, .T. ) ;
#1130 = ORIENTED_EDGE ( 'NONE', *, *, #675, .T. ) ;
#1131 = EDGE_LOOP ( 'NONE', ( #746, #2001, #1825, #2048 ) ) ;
#1132 = CARTESIAN_POINT ( 'NONE',  ( 12.00000000000000000, 1.500000000000000000, 0.000000000000000000 ) ) ;
#1133 = CARTESIAN_POINT ( 'NONE',  ( 12.69226825062198039, 1.500000000000000000, 0.7998929238219049109 ) ) ;
#1134 = DIRECTION ( 'NONE',  ( 0.04970962510493451975, 0.000000000000000000, -0.9987637123824267826 ) ) ;
#1135 = CARTESIAN_POINT ( 'NONE',  ( 10.89805466650582311, 0.8999999999999999112, -0.3289627364769553974 ) ) ;
#1136 = DIRECTION ( 'NONE',  ( 0.000000000000000000, 0.000000000000000000, -1.000000000000000000 ) ) ;
#1137 = ORIENTED_EDGE ( 'NONE', *, *, #1164, .F. ) ;
#1138 = VECTOR ( 'NONE', #756, 100.0000000000000000 ) ;
#1139 = DIRECTION ( 'NONE',  ( 0.000000000000000000, 0.000000000000000000, 1.000000000000000000 ) ) ;
#1140 = DIRECTION ( 'NONE',  ( 0.000000000000000000, 0.000000000000000000, 1.000000000000000000 ) ) ;
#1141 = EDGE_CURVE ( 'NONE', #262, #2120, #2065, .T. ) ;
#1142 = VECTOR ( 'NONE', #2020, 100.0000000000000000 ) ;
#1143 = CARTESIAN_POINT ( 'NONE',  ( 12.00000000000000000, 0.000000000000000000, 0.7500000000000012212 ) ) ;
#1144 = VECTOR ( 'NONE', #1155, 100.0000000000000000 ) ;
#1145 = ORIENTED_EDGE ( 'NONE', *, *, #1864, .F. ) ;
#1146 = AXIS2_PLACEMENT_3D ( 'NONE', #2080, #345, #1107 ) ;
#1147 = VERTEX_POINT ( 'NONE', #12 ) ;
#1148 = ADVANCED_FACE ( 'NONE', ( #554 ), #1125, .F. ) ;
#1149 = PLANE ( 'NONE',  #1466 ) ;
#1150 = AXIS2_PLACEMENT_3D ( 'NONE', #1321, #1725, #1686 ) ;
#1151 = ORIENTED_EDGE ( 'NONE', *, *, #1045, .F. ) ;
#1152 = CARTESIAN_POINT ( 'NONE',  ( 12.05352250948841153, 0.6999999999997124078, 1.049897892293327750 ) ) ;
#1153 = CARTESIAN_POINT ( 'NONE',  ( 1.421312923976081777, 1.099999999999999867, 0.5247862180516852382 ) ) ;
#1154 = AXIS2_PLACEMENT_3D ( 'NONE', #1174, #1977, #251 ) ;
#1155 = DIRECTION ( 'NONE',  ( -0.000000000000000000, -1.000000000000000000, -0.000000000000000000 ) ) ;
#1156 = CC_DESIGN_SECURITY_CLASSIFICATION ( #510, ( #2281 ) ) ;
#1157 = CARTESIAN_POINT ( 'NONE',  ( 0.000000000000000000, 1.399999999999999911, 0.000000000000000000 ) ) ;
#1158 = CARTESIAN_POINT ( 'NONE',  ( 10.69647007479019507, 0.8999999999999999112, -0.5859263896450848108 ) ) ;
#1159 = DIRECTION ( 'NONE',  ( 0.000000000000000000, 0.000000000000000000, -1.000000000000000000 ) ) ;
#1160 = LINE ( 'NONE', #15, #2440 ) ;
#1161 = ORIENTED_EDGE ( 'NONE', *, *, #1962, .T. ) ;
#1162 = ORIENTED_EDGE ( 'NONE', *, *, #1883, .T. ) ;
#1163 = DIRECTION ( 'NONE',  ( 0.000000000000000000, 0.000000000000000000, -1.000000000000000000 ) ) ;
#1164 = EDGE_CURVE ( 'NONE', #1843, #317, #420, .T. ) ;
#1165 = PLANE ( 'NONE',  #2479 ) ;
#1166 = CARTESIAN_POINT ( 'NONE',  ( 1.249902202385464678, 0.8999999999999999112, -0.01563599923143721773 ) ) ;
#1167 = EDGE_CURVE ( 'NONE', #1760, #490, #1967, .T. ) ;
#1168 = LINE ( 'NONE', #2303, #131 ) ;
#1169 = CARTESIAN_POINT ( 'NONE',  ( 12.00000000000000000, 1.399999999999999911, -0.7500000000000012212 ) ) ;
#1170 = CARTESIAN_POINT ( 'NONE',  ( 12.00192100880243196, 0.7000000000008610446, -1.051259516932796290 ) ) ;
#1171 = DIRECTION ( 'NONE',  ( -0.000000000000000000, -1.000000000000000000, -0.000000000000000000 ) ) ;
#1172 = EDGE_LOOP ( 'NONE', ( #2089, #1035, #948, #1633 ) ) ;
#1173 = LINE ( 'NONE', #213, #1011 ) ;
#1174 = CARTESIAN_POINT ( 'NONE',  ( 10.70641199981118241, 0.000000000000000000, 0.3861736471685993655 ) ) ;
#1175 = DIRECTION ( 'NONE',  ( 0.000000000000000000, 0.000000000000000000, 1.000000000000000000 ) ) ;
#1176 = EDGE_CURVE ( 'NONE', #469, #1291, #1755, .T. ) ;
#1177 = DIRECTION ( 'NONE',  ( -0.000000000000000000, 1.000000000000000000, -0.000000000000000000 ) ) ;
#1178 = DIRECTION ( 'NONE',  ( 0.000000000000000000, 0.000000000000000000, 1.000000000000000000 ) ) ;
#1179 = ADVANCED_FACE ( 'NONE', ( #1564 ), #1795, .F. ) ;
#1180 = CARTESIAN_POINT ( 'NONE',  ( 9.049999999999998934, 1.099999999999999867, 0.9044747969322974868 ) ) ;
#1181 = ORIENTED_EDGE ( 'NONE', *, *, #1293, .T. ) ;
#1182 = LINE ( 'NONE', #624, #2478 ) ;
#1183 = VECTOR ( 'NONE', #1642, 100.0000000000000142 ) ;
#1184 = DIRECTION ( 'NONE',  ( -0.9987637123824266716, 0.000000000000000000, 0.04970962510493456138 ) ) ;
#1185 = VECTOR ( 'NONE', #1728, 100.0000000000000000 ) ;
#1186 = CARTESIAN_POINT ( 'NONE',  ( 9.049999999999998934, 1.500000000000000000, 0.9044747969322972647 ) ) ;
#1187 = AXIS2_PLACEMENT_3D ( 'NONE', #1283, #136, #2124 ) ;
#1188 = CARTESIAN_POINT ( 'NONE',  ( 9.049999999999998934, 1.099999999999999867, -1.050000000000000266 ) ) ;
#1189 = DIRECTION ( 'NONE',  ( -0.000000000000000000, 1.000000000000000000, -0.000000000000000000 ) ) ;
#1190 = DIRECTION ( 'NONE',  ( 0.000000000000000000, 1.000000000000000000, 0.000000000000000000 ) ) ;
#1191 = CIRCLE ( 'NONE', #139, 1.000000000000000000 ) ;
#1192 = ADVANCED_FACE ( 'NONE', ( #849, #281 ), #309, .T. ) ;
#1193 = LINE ( 'NONE', #2175, #586 ) ;
#1194 = ORIENTED_EDGE ( 'NONE', *, *, #2121, .F. ) ;
#1195 = ORIENTED_EDGE ( 'NONE', *, *, #2490, .F. ) ;
#1196 = CARTESIAN_POINT ( 'NONE',  ( 1.244931239874971673, 0.5999999999999999778, -0.1155123704696796177 ) ) ;
#1197 = LINE ( 'NONE', #1601, #260 ) ;
#1198 = CARTESIAN_POINT ( 'NONE',  ( 12.00000000000000000, 1.500000000000000000, 0.000000000000000000 ) ) ;
#1199 = CARTESIAN_POINT ( 'NONE',  ( 1.549999999999999600, 1.099999999999999867, -1.050000000000000266 ) ) ;
#1200 = CYLINDRICAL_SURFACE ( 'NONE', #585, 1.050000000000000266 ) ;
#1201 = CARTESIAN_POINT ( 'NONE',  ( 1.149910026194627788, 0.000000000000000000, -0.01438511929292195929 ) ) ;
#1202 = EDGE_CURVE ( 'NONE', #291, #317, #255, .T. ) ;
#1203 = APPLICATION_PROTOCOL_DEFINITION ( 'international standard', 'config_control_design', 1994, #1658 ) ;
#1204 = VERTEX_POINT ( 'NONE', #521 ) ;
#1205 = ORIENTED_EDGE ( 'NONE', *, *, #1974, .T. ) ;
#1206 = DIRECTION ( 'NONE',  ( -0.9987637123824266716, 0.000000000000000000, -0.04970962510493454056 ) ) ;
#1207 = ADVANCED_FACE ( 'NONE', ( #1088 ), #1273, .F. ) ;
#1208 = ORIENTED_EDGE ( 'NONE', *, *, #576, .F. ) ;
#1209 = CARTESIAN_POINT ( 'NONE',  ( 14.23647066598144661, 0.6999999999999999556, 0.2841156599892665779 ) ) ;
#1210 = DIRECTION ( 'NONE',  ( -0.9987637123824266716, 0.000000000000000000, -0.04970962510493453362 ) ) ;
#1211 = DIRECTION ( 'NONE',  ( 0.000000000000000000, 1.000000000000000000, 0.000000000000000000 ) ) ;
#1212 = LINE ( 'NONE', #473, #1014 ) ;
#1213 = DIRECTION ( 'NONE',  ( 0.000000000000000000, 1.000000000000000000, 0.000000000000000000 ) ) ;
#1214 = LINE ( 'NONE', #2186, #1300 ) ;
#1215 = PERSON_AND_ORGANIZATION_ROLE ( 'creator' ) ;
#1216 = ORIENTED_EDGE ( 'NONE', *, *, #1124, .F. ) ;
#1217 = EDGE_CURVE ( 'NONE', #306, #1362, #974, .T. ) ;
#1218 = ORIENTED_EDGE ( 'NONE', *, *, #1056, .F. ) ;
#1219 = ORIENTED_EDGE ( 'NONE', *, *, #284, .T. ) ;
#1220 = AXIS2_PLACEMENT_3D ( 'NONE', #2293, #2096, #565 ) ;
#1221 = ADVANCED_FACE ( 'NONE', ( #2270 ), #2305, .T. ) ;
#1222 = EDGE_CURVE ( 'NONE', #1437, #157, #929, .T. ) ;
#1223 = CARTESIAN_POINT ( 'NONE',  ( 0.000000000000000000, 0.000000000000000000, 8.673617379884035472E-17 ) ) ;
#1224 = FACE_OUTER_BOUND ( 'NONE', #2101, .T. ) ;
#1225 = CIRCLE ( 'NONE', #1745, 0.1000000000000003109 ) ;
#1226 = AXIS2_PLACEMENT_3D ( 'NONE', #1730, #1313, #1356 ) ;
#1227 = CIRCLE ( 'NONE', #1786, 0.2000000000000003442 ) ;
#1228 = CARTESIAN_POINT ( 'NONE',  ( 10.70641199981118241, 0.8999999999999999112, -0.3861736471685994765 ) ) ;
#1229 = DIRECTION ( 'NONE',  ( 0.000000000000000000, 1.000000000000000000, 0.000000000000000000 ) ) ;
#1230 = CARTESIAN_POINT ( 'NONE',  ( 13.33620372136586063, 0.8161635343622430927, 0.9169890697542195657 ) ) ;
#1231 = ORIENTED_EDGE ( 'NONE', *, *, #394, .F. ) ;
#1232 = ORIENTED_EDGE ( 'NONE', *, *, #516, .T. ) ;
#1233 = ORIENTED_EDGE ( 'NONE', *, *, #26, .T. ) ;
#1234 = CARTESIAN_POINT ( 'NONE',  ( 12.14999086130245232, 1.467510164395061878, -1.040226127133199618 ) ) ;
#1235 = ADVANCED_FACE ( 'NONE', ( #1556 ), #1937, .F. ) ;
#1236 = CARTESIAN_POINT ( 'NONE',  ( 10.69647007479019507, 0.000000000000000000, -0.5859263896450848108 ) ) ;
#1237 = CARTESIAN_POINT ( 'NONE',  ( 9.049999999999998934, 0.8999999999999999112, -0.5039796697656829805 ) ) ;
#1238 = EDGE_CURVE ( 'NONE', #881, #339, #1260, .T. ) ;
#1239 = CARTESIAN_POINT ( 'NONE',  ( 1.421312923976081555, 0.8999999999999999112, -0.5247862180516852382 ) ) ;
#1240 = ORIENTED_EDGE ( 'NONE', *, *, #2257, .F. ) ;
#1241 = ORIENTED_EDGE ( 'NONE', *, *, #875, .T. ) ;
#1242 = DIRECTION ( 'NONE',  ( 0.000000000000000000, 0.000000000000000000, -1.000000000000000000 ) ) ;
#1243 = VERTEX_POINT ( 'NONE', #39 ) ;
#1244 = ORIENTED_EDGE ( 'NONE', *, *, #719, .T. ) ;
#1245 = CARTESIAN_POINT ( 'NONE',  ( 9.049999999999998934, 1.099999999999999867, -0.9044747969322977088 ) ) ;
#1246 = CARTESIAN_POINT ( 'NONE',  ( 10.89805466650582311, 0.000000000000000000, 0.3289627364769553974 ) ) ;
#1247 = LINE ( 'NONE', #494, #977 ) ;
#1248 = B_SPLINE_CURVE_WITH_KNOTS ( 'NONE', 3,
 ( #211, #1359, #1913, #1345, #742, #199, #392, #2263, #947, #1722, #556, #781, #4, #1318, #598, #973, #1530, #2309 ),
 .UNSPECIFIED., .F., .F.,
 ( 4, 2, 2, 2, 2, 2, 2, 2, 4 ),
 ( 0.000000000000000000, 0.1250000000000010825, 0.2500000000000009992, 0.3750000000000008327, 0.5000000000000006661, 0.6250000000000005551, 0.7500000000000003331, 0.8750000000000002220, 1.000000000000000000 ),
 .UNSPECIFIED. ) ;
#1249 = EDGE_CURVE ( 'NONE', #1546, #111, #960, .T. ) ;
#1250 = DIRECTION ( 'NONE',  ( 0.000000000000000000, 1.000000000000000000, 0.000000000000000000 ) ) ;
#1251 = EDGE_CURVE ( 'NONE', #288, #2216, #170, .T. ) ;
#1252 = VERTEX_POINT ( 'NONE', #780 ) ;
#1253 = DIRECTION ( 'NONE',  ( 0.000000000000000000, 0.000000000000000000, -1.000000000000000000 ) ) ;
#1254 = VERTEX_POINT ( 'NONE', #1317 ) ;
#1255 = ORIENTED_EDGE ( 'NONE', *, *, #1344, .F. ) ;
#1256 = CARTESIAN_POINT ( 'NONE',  ( 13.53313234845400537, 0.7651336388724530035, -0.8957063922426283797 ) ) ;
#1257 = AXIS2_PLACEMENT_3D ( 'NONE', #2141, #198, #1947 ) ;
#1258 = DIRECTION ( 'NONE',  ( 0.9987637123824266716, 0.000000000000000000, -0.04970962510493451975 ) ) ;
#1259 = CARTESIAN_POINT ( 'NONE',  ( 0.000000000000000000, 0.5999999999999999778, 8.673617379884035472E-17 ) ) ;
#1260 = CIRCLE ( 'NONE', #1257, 1.050000000000000266 ) ;
#1261 = VECTOR ( 'NONE', #1900, 100.0000000000000000 ) ;
#1262 = VECTOR ( 'NONE', #2249, 100.0000000000000142 ) ;
#1263 = DIRECTION ( 'NONE',  ( 0.000000000000000000, 1.000000000000000000, -0.000000000000000000 ) ) ;
#1264 = AXIS2_PLACEMENT_3D ( 'NONE', #2299, #147, #1511 ) ;
#1265 = EDGE_CURVE ( 'NONE', #1855, #355, #2086, .T. ) ;
#1266 = CARTESIAN_POINT ( 'NONE',  ( 13.02607407016457053, 0.6999999999999999556, -0.2573636006343384963 ) ) ;
#1267 = ORIENTED_EDGE ( 'NONE', *, *, #1141, .T. ) ;
#1268 = DIRECTION ( 'NONE',  ( -0.000000000000000000, -1.000000000000000000, -0.000000000000000000 ) ) ;
#1269 = VECTOR ( 'NONE', #1671, 100.0000000000000000 ) ;
#1270 = ORIENTED_EDGE ( 'NONE', *, *, #1809, .T. ) ;
#1271 = ORIENTED_EDGE ( 'NONE', *, *, #472, .T. ) ;
#1272 = CARTESIAN_POINT ( 'NONE',  ( 0.7025285189340024772, 1.500000000000000000, 0.7803548424174718834 ) ) ;
#1273 = CYLINDRICAL_SURFACE ( 'NONE', #1659, 0.9999999999999996669 ) ;
#1274 = CARTESIAN_POINT ( 'NONE',  ( 1.421312923976081555, 1.500000000000000000, -0.5247862180516852382 ) ) ;
#1275 = DIRECTION ( 'NONE',  ( 0.000000000000000000, 0.000000000000000000, -1.000000000000000000 ) ) ;
#1276 = CARTESIAN_POINT ( 'NONE',  ( 12.32853893246207555, 1.341688019779764263, 1.022181720653169590 ) ) ;
#1277 = ORIENTED_EDGE ( 'NONE', *, *, #2036, .F. ) ;
#1278 = EDGE_CURVE ( 'NONE', #1630, #2481, #1358, .T. ) ;
#1279 = ORIENTED_EDGE ( 'NONE', *, *, #347, .T. ) ;
#1280 = ORIENTED_EDGE ( 'NONE', *, *, #14, .T. ) ;
#1281 = CARTESIAN_POINT ( 'NONE',  ( 12.76045010469528762, 1.067252431694897252, -0.9778225999699025062 ) ) ;
#1282 = EDGE_CURVE ( 'NONE', #2377, #2447, #413, .T. ) ;
#1283 = CARTESIAN_POINT ( 'NONE',  ( 12.00000000000000000, 0.000000000000000000, 0.000000000000000000 ) ) ;
#1284 = DIRECTION ( 'NONE',  ( 0.000000000000000000, 0.000000000000000000, -1.000000000000000000 ) ) ;
#1285 = CARTESIAN_POINT ( 'NONE',  ( 12.55680200125979873, 1.190291766002268048, 0.9988544546181368222 ) ) ;
#1286 = VERTEX_POINT ( 'NONE', #28 ) ;
#1287 = ORIENTED_EDGE ( 'NONE', *, *, #238, .F. ) ;
#1288 = CARTESIAN_POINT ( 'NONE',  ( 12.93354122499303749, 0.6999999999999999556, -0.4975588423916800229 ) ) ;
#1289 = CARTESIAN_POINT ( 'NONE',  ( 1.149910026194627344, 1.500000000000000000, -0.01438511929292228195 ) ) ;
#1290 = VERTEX_POINT ( 'NONE', #928 ) ;
#1291 = VERTEX_POINT ( 'NONE', #1180 ) ;
#1292 = CARTESIAN_POINT ( 'NONE',  ( 13.02742471578267569, 0.9358329319075958663, -0.9498164703206017911 ) ) ;
#1293 = EDGE_CURVE ( 'NONE', #365, #1046, #2187, .T. ) ;
#1294 = CARTESIAN_POINT ( 'NONE',  ( 12.00192100880229695, 0.7000000000012438495, 1.051259516932645299 ) ) ;
#1295 = DIRECTION ( 'NONE',  ( 0.000000000000000000, 0.000000000000000000, 1.000000000000000000 ) ) ;
#1296 = CYLINDRICAL_SURFACE ( 'NONE', #895, 0.7500000000000012212 ) ;
#1297 = CARTESIAN_POINT ( 'NONE',  ( 12.39827070376197327, 1.293964389440869889, 1.015089145722019470 ) ) ;
#1298 = ORIENTED_EDGE ( 'NONE', *, *, #2008, .F. ) ;
#1299 = CLOSED_SHELL ( 'NONE', ( #2385, #1559, #865, #286, #1879, #876, #917, #2147, #124, #1404, #1235, #319, #687, #2386, #699, #1325, #2289, #173, #485, #1207, #73, #224, #2039, #1993, #269, #53, #2040, #1192, #327, #1605, #2019, #409, #397, #1312, #1919, #2179, #1615, #939, #2022, #533, #1179, #2302, #1945, #2100, #1148, #2134, #1731, #297, #775, #613, #1361, #859, #2194, #1440, #2307, #2070, #835, #1647, #580, #1773, #1451, #1839, #644, #1075, #1666, #969, #208, #1221 ) ) ;
#1300 = VECTOR ( 'NONE', #1614, 100.0000000000000000 ) ;
#1301 = EDGE_LOOP ( 'NONE', ( #236, #1971, #127, #1972 ) ) ;
#1302 = CARTESIAN_POINT ( 'NONE',  ( 12.05352250948823212, 0.6999999999997124078, -1.049897892293345292 ) ) ;
#1303 = CIRCLE ( 'NONE', #59, 0.9999999999999996669 ) ;
#1304 = CIRCLE ( 'NONE', #1187, 0.7500000000000012212 ) ;
#1305 = CARTESIAN_POINT ( 'NONE',  ( 1.421312923976081555, 0.000000000000000000, -0.5247862180516852382 ) ) ;
#1306 = ORIENTED_EDGE ( 'NONE', *, *, #1820, .F. ) ;
#1307 = ORIENTED_EDGE ( 'NONE', *, *, #284, .F. ) ;
#1308 = DIRECTION ( 'NONE',  ( -0.000000000000000000, 1.000000000000000000, 0.000000000000000000 ) ) ;
#1309 = LOCAL_TIME ( 23, 18, 21.00000000000000000, #274 ) ;
#1310 = FACE_OUTER_BOUND ( 'NONE', #228, .T. ) ;
#1311 = CARTESIAN_POINT ( 'NONE',  ( 10.89805466650582311, 0.5999999999999999778, 0.3289627364769553974 ) ) ;
#1312 = ADVANCED_FACE ( 'NONE', ( #1331 ), #1519, .T. ) ;
#1313 = DIRECTION ( 'NONE',  ( -0.000000000000000000, -1.000000000000000000, -0.000000000000000000 ) ) ;
#1314 = EDGE_CURVE ( 'NONE', #899, #1617, #1595, .T. ) ;
#1315 = VERTEX_POINT ( 'NONE', #811 ) ;
#1316 = DIRECTION ( 'NONE',  ( -0.000000000000000000, 1.000000000000000000, -0.000000000000000000 ) ) ;
#1317 = CARTESIAN_POINT ( 'NONE',  ( 16.12346099368908625, 0.6999999999999999556, 0.5954859212493922582 ) ) ;
#1318 = CARTESIAN_POINT ( 'NONE',  ( 12.69131430090818746, 1.500000000000000444, -0.8009583810418207106 ) ) ;
#1319 = ORIENTED_EDGE ( 'NONE', *, *, #250, .F. ) ;
#1320 = EDGE_LOOP ( 'NONE', ( #1408, #1939, #1446, #731 ) ) ;
#1321 = CARTESIAN_POINT ( 'NONE',  ( 8.649999999999998579, 1.099999999999999867, -1.050000000000000266 ) ) ;
#1322 = CARTESIAN_POINT ( 'NONE',  ( 12.23280550539420375, 1.500000000000000000, -1.031923261225207611 ) ) ;
#1323 = PLANE ( 'NONE',  #546 ) ;
#1324 = FACE_OUTER_BOUND ( 'NONE', #480, .T. ) ;
#1325 = ADVANCED_FACE ( 'NONE', ( #825 ), #1606, .F. ) ;
#1326 = LINE ( 'NONE', #2082, #2399 ) ;
#1327 = LINE ( 'NONE', #2139, #1342 ) ;
#1328 = ORIENTED_EDGE ( 'NONE', *, *, #1045, .T. ) ;
#1329 = CARTESIAN_POINT ( 'NONE',  ( 10.70641199981118241, 0.000000000000000000, -0.3861736471685992544 ) ) ;
#1330 = EDGE_CURVE ( 'NONE', #262, #288, #1193, .T. ) ;
#1331 = FACE_OUTER_BOUND ( 'NONE', #1484, .T. ) ;
#1332 = CARTESIAN_POINT ( 'NONE',  ( 12.00000000000000000, 1.500000000000000000, 0.7500000000000012212 ) ) ;
#1333 = ORIENTED_EDGE ( 'NONE', *, *, #530, .T. ) ;
#1334 = VERTEX_POINT ( 'NONE', #1201 ) ;
#1335 = DIRECTION ( 'NONE',  ( 0.000000000000000000, 0.000000000000000000, -1.000000000000000000 ) ) ;
#1336 = LINE ( 'NONE', #923, #500 ) ;
#1337 = CARTESIAN_POINT ( 'NONE',  ( 1.285879139104721225E-16, 0.000000000000000000, 1.050000000000000266 ) ) ;
#1338 = FACE_OUTER_BOUND ( 'NONE', #1800, .T. ) ;
#1339 = VECTOR ( 'NONE', #197, 100.0000000000000142 ) ;
#1340 = FACE_OUTER_BOUND ( 'NONE', #2077, .T. ) ;
#1341 = CARTESIAN_POINT ( 'NONE',  ( 14.19873015035756936, 0.6999999999999999556, -0.5514934299309984800 ) ) ;
#1342 = VECTOR ( 'NONE', #412, 100.0000000000000000 ) ;
#1343 = VECTOR ( 'NONE', #232, 100.0000000000000000 ) ;
#1344 = EDGE_CURVE ( 'NONE', #1254, #1315, #1214, .T. ) ;
#1345 = CARTESIAN_POINT ( 'NONE',  ( 12.58948526152847336, 1.500000000000000222, 0.8786107882569128558 ) ) ;
#1346 = AXIS2_PLACEMENT_3D ( 'NONE', #1166, #1700, #1717 ) ;
#1347 = ORIENTED_EDGE ( 'NONE', *, *, #30, .T. ) ;
#1348 = AXIS2_PLACEMENT_3D ( 'NONE', #588, #1931, #204 ) ;
#1349 = ORIENTED_EDGE ( 'NONE', *, *, #2445, .T. ) ;
#1350 = DIRECTION ( 'NONE',  ( -0.000000000000000000, -0.000000000000000000, 1.000000000000000000 ) ) ;
#1351 = CARTESIAN_POINT ( 'NONE',  ( 13.04999999999999716, 1.500000000000000000, -0.1287012835979294556 ) ) ;
#1352 = AXIS2_PLACEMENT_3D ( 'NONE', #1806, #2354, #82 ) ;
#1353 = FACE_OUTER_BOUND ( 'NONE', #275, .T. ) ;
#1354 = CIRCLE ( 'NONE', #182, 0.9999999999999996669 ) ;
#1355 = CARTESIAN_POINT ( 'NONE',  ( 10.89805466650582311, 0.5999999999999999778, 0.3289627364769553974 ) ) ;
#1356 = DIRECTION ( 'NONE',  ( 0.000000000000000000, 0.000000000000000000, -1.000000000000000000 ) ) ;
#1357 = DIRECTION ( 'NONE',  ( 0.000000000000000000, 1.000000000000000000, -0.000000000000000000 ) ) ;
#1358 = LINE ( 'NONE', #2128, #1860 ) ;
#1359 = CARTESIAN_POINT ( 'NONE',  ( 12.23424767335232843, 1.500000000000000222, 1.031778671734973507 ) ) ;
#1360 = EDGE_LOOP ( 'NONE', ( #1916, #541, #1813, #705 ) ) ;
#1361 = ADVANCED_FACE ( 'NONE', ( #1033 ), #1020, .F. ) ;
#1362 = VERTEX_POINT ( 'NONE', #1808 ) ;
#1363 = FACE_OUTER_BOUND ( 'NONE', #512, .T. ) ;
#1364 = ORIENTED_EDGE ( 'NONE', *, *, #1278, .T. ) ;
#1365 = CARTESIAN_POINT ( 'NONE',  ( 14.24999622215330852, 0.6999999999999999556, -0.1424710294875453642 ) ) ;
#1366 = CARTESIAN_POINT ( 'NONE',  ( 8.649999999999998579, 1.099999999999999867, -0.8845663343044922744 ) ) ;
#1367 = CARTESIAN_POINT ( 'NONE',  ( 1.371603298871147070, 1.500000000000000000, 1.523549930434112021 ) ) ;
#1368 = DIRECTION ( 'NONE',  ( 0.000000000000000000, 0.000000000000000000, 1.000000000000000000 ) ) ;
#1369 = CARTESIAN_POINT ( 'NONE',  ( 13.26044005974353013, 0.6999999999999999556, -1.884104597186542884 ) ) ;
#1370 = APPROVAL_STATUS ( 'not_yet_approved' ) ;
#1371 = ORIENTED_EDGE ( 'NONE', *, *, #497, .T. ) ;
#1372 = CARTESIAN_POINT ( 'NONE',  ( 1.149910026194627566, 1.500000000000000000, 0.01438511929292204429 ) ) ;
#1373 = DIRECTION ( 'NONE',  ( 0.000000000000000000, 1.000000000000000000, -0.000000000000000000 ) ) ;
#1374 = LINE ( 'NONE', #627, #1624 ) ;
#1375 = EDGE_CURVE ( 'NONE', #1616, #487, #57, .T. ) ;
#1376 = DIRECTION ( 'NONE',  ( 0.000000000000000000, 0.000000000000000000, 1.000000000000000000 ) ) ;
#1377 = CARTESIAN_POINT ( 'NONE',  ( 10.89805466650582311, 1.500000000000000000, -0.3289627364769553974 ) ) ;
#1378 = CARTESIAN_POINT ( 'NONE',  ( 12.95855745346589671, 0.9661568221578140658, 0.9570887796719331764 ) ) ;
#1379 = B_SPLINE_CURVE_WITH_KNOTS ( 'NONE', 3,
 ( #1393, #620, #463, #655, #1767, #47, #1416, #634, #475, #842, #1566, #1230, #996, #2000, #273, #1043, #84, #2201, #1819, #2344, #1378, #428, #2151, #1960, #234, #2357, #2165, #439, #1665, #1285, #681, #691, #2442, #1297, #855, #1452, #2073, #1854, #1867, #511, #1276, #700, #2453, #536, #349 ),
 .UNSPECIFIED., .F., .F.,
 ( 4, 1, 1, 1, 1, 1, 2, 2, 1, 1, 1, 1, 1, 1, 2, 2, 1, 1, 1, 1, 1, 1, 1, 2, 2, 1, 1, 1, 1, 1, 1, 1, 2, 2, 4 ),
 ( 0.000000000000000000, 0.1250000000000695832, 0.1875000000001062761, 0.2187500000001245948, 0.2343750000001356415, 0.2421875000001411093, 0.2460937500001456890, 0.2500000000001502687, 0.3750000000003033684, 0.4375000000003816392, 0.4687500000004208300, 0.4843750000004404255, 0.4921875000004502509, 0.4960937500004534706, 0.4980468750004533596, 0.5000000000004533041, 0.6250000000004183320, 0.6875000000003991252, 0.7187500000003880229, 0.7343750000003824718, 0.7421875000003782530, 0.7460937500003761436, 0.7480468750003765876, 0.7490234375003768097, 0.7500000000003769207, 0.8125000000003698153, 0.8437500000003662626, 0.8593750000003644862, 0.8671875000003629319, 0.8710937500003613776, 0.8730468750003604894, 0.8740234375003593792, 0.8745117187503589351, 0.8750000000003583800, 1.000000000000000000 ),
 .UNSPECIFIED. ) ;
#1380 = VERTEX_POINT ( 'NONE', #243 ) ;
#1381 = AXIS2_PLACEMENT_3D ( 'NONE', #371, #1720, #2 ) ;
#1382 = VERTEX_POINT ( 'NONE', #1778 ) ;
#1383 = DIRECTION ( 'NONE',  ( 0.000000000000000000, 0.000000000000000000, 1.000000000000000000 ) ) ;
#1384 = AXIS2_PLACEMENT_3D ( 'NONE', #1474, #2435, #1646 ) ;
#1385 = VECTOR ( 'NONE', #360, 100.0000000000000142 ) ;
#1386 = DIRECTION ( 'NONE',  ( -1.000000000000000000, 0.000000000000000000, -0.000000000000000000 ) ) ;
#1387 = CIRCLE ( 'NONE', #1708, 1.150000000000000133 ) ;
#1388 = DIRECTION ( 'NONE',  ( 0.000000000000000000, -1.000000000000000000, 0.000000000000000000 ) ) ;
#1389 = AXIS2_PLACEMENT_3D ( 'NONE', #1648, #2017, #866 ) ;
#1390 = CARTESIAN_POINT ( 'NONE',  ( 1.421312923976081555, 1.500000000000000000, -0.5247862180516852382 ) ) ;
#1391 = CARTESIAN_POINT ( 'NONE',  ( 1.249902202385465344, 0.000000000000000000, 0.01563599923143713100 ) ) ;
#1392 = AXIS2_PLACEMENT_3D ( 'NONE', #1223, #2365, #2332 ) ;
#1393 = CARTESIAN_POINT ( 'NONE',  ( 14.08953182548583527, 0.6999999999999999556, 0.8344752026256951893 ) ) ;
#1394 = EDGE_CURVE ( 'NONE', #858, #659, #893, .T. ) ;
#1395 =( NAMED_UNIT ( * ) PLANE_ANGLE_UNIT ( ) SI_UNIT ( $, .RADIAN. ) );
#1396 = VERTEX_POINT ( 'NONE', #667 ) ;
#1397 = ORIENTED_EDGE ( 'NONE', *, *, #972, .F. ) ;
#1398 = CYLINDRICAL_SURFACE ( 'NONE', #1824, 177.2179337615381201 ) ;
#1399 = ORIENTED_EDGE ( 'NONE', *, *, #734, .F. ) ;
#1400 = DIRECTION ( 'NONE',  ( -0.000000000000000000, 0.000000000000000000, 1.000000000000000000 ) ) ;
#1401 = DIRECTION ( 'NONE',  ( -0.000000000000000000, -1.000000000000000000, -0.000000000000000000 ) ) ;
#1402 = LINE ( 'NONE', #1776, #745 ) ;
#1403 = LINE ( 'NONE', #1777, #2272 ) ;
#1404 = ADVANCED_FACE ( 'NONE', ( #258 ), #1798, .T. ) ;
#1405 = DIRECTION ( 'NONE',  ( 0.000000000000000000, 0.000000000000000000, -1.000000000000000000 ) ) ;
#1406 = PERSON_AND_ORGANIZATION_ROLE ( 'creator' ) ;
#1407 = EDGE_CURVE ( 'NONE', #1892, #1243, #1379, .T. ) ;
#1408 = ORIENTED_EDGE ( 'NONE', *, *, #2257, .T. ) ;
#1409 = VERTEX_POINT ( 'NONE', #496 ) ;
#1410 = EDGE_LOOP ( 'NONE', ( #1, #1064, #2062, #880 ) ) ;
#1411 = DIRECTION ( 'NONE',  ( 0.000000000000000000, 1.000000000000000000, 0.000000000000000000 ) ) ;
#1412 = CARTESIAN_POINT ( 'NONE',  ( 10.70641199981118241, 0.5999999999999999778, 0.3861736471685993655 ) ) ;
#1413 = CARTESIAN_POINT ( 'NONE',  ( 1.249902202385464678, 0.8999999999999999112, 0.01563599923143706508 ) ) ;
#1414 = DIRECTION ( 'NONE',  ( -0.000000000000000000, 1.000000000000000000, 0.000000000000000000 ) ) ;
#1415 = LINE ( 'NONE', #474, #2317 ) ;
#1416 = CARTESIAN_POINT ( 'NONE',  ( 13.57182278861123415, 0.7564641004585463957, 0.8915061076755850245 ) ) ;
#1417 = CALENDAR_DATE ( 2024, 26, 9 ) ;
#1418 = VERTEX_POINT ( 'NONE', #115 ) ;
#1419 = ORIENTED_EDGE ( 'NONE', *, *, #1314, .F. ) ;
#1420 = EDGE_CURVE ( 'NONE', #1123, #1750, #295, .T. ) ;
#1421 = VECTOR ( 'NONE', #1211, 100.0000000000000000 ) ;
#1422 = VERTEX_POINT ( 'NONE', #1489 ) ;
#1423 = FACE_OUTER_BOUND ( 'NONE', #838, .T. ) ;
#1424 = EDGE_CURVE ( 'NONE', #203, #881, #879, .T. ) ;
#1425 = AXIS2_PLACEMENT_3D ( 'NONE', #58, #1970, #2371 ) ;
#1426 = DIRECTION ( 'NONE',  ( 0.000000000000000000, 1.000000000000000000, 0.000000000000000000 ) ) ;
#1427 = CIRCLE ( 'NONE', #342, 1.149999999999999467 ) ;
#1428 = VECTOR ( 'NONE', #2044, 100.0000000000000000 ) ;
#1429 = CARTESIAN_POINT ( 'NONE',  ( 8.649999999999998579, 0.8999999999999999112, -0.8845663343044922744 ) ) ;
#1430 = DIRECTION ( 'NONE',  ( 0.000000000000000000, 0.000000000000000000, 1.000000000000000000 ) ) ;
#1431 = PERSON ( 'UNSPECIFIED', 'UNSPECIFIED', 'UNSPECIFIED', ('UNSPECIFIED'), ('UNSPECIFIED'), ('UNSPECIFIED') ) ;
#1432 = CARTESIAN_POINT ( 'NONE',  ( 0.000000000000000000, 1.500000000000000000, 0.000000000000000000 ) ) ;
#1433 = VECTOR ( 'NONE', #1116, 100.0000000000000142 ) ;
#1434 = APPROVAL_DATE_TIME ( #1567, #612 ) ;
#1435 = ORIENTED_EDGE ( 'NONE', *, *, #2291, .F. ) ;
#1436 = ORIENTED_EDGE ( 'NONE', *, *, #1807, .F. ) ;
#1437 = VERTEX_POINT ( 'NONE', #2238 ) ;
#1438 = ORIENTED_EDGE ( 'NONE', *, *, #702, .T. ) ;
#1439 = CARTESIAN_POINT ( 'NONE',  ( 13.51422631392534335, 0.7695621334088755816, -0.8977561756549355954 ) ) ;
#1440 = ADVANCED_FACE ( 'NONE', ( #2046 ), #322, .F. ) ;
#1441 = CARTESIAN_POINT ( 'NONE',  ( 12.00000000000000000, 0.000000000000000000, 0.000000000000000000 ) ) ;
#1442 = CYLINDRICAL_SURFACE ( 'NONE', #1862, 0.7500000000000012212 ) ;
#1443 = CARTESIAN_POINT ( 'NONE',  ( 1.249902202385465344, 0.5999999999999999778, -0.01563599923143695752 ) ) ;
#1444 = DIRECTION ( 'NONE',  ( 0.000000000000000000, -1.000000000000000000, 0.000000000000000000 ) ) ;
#1445 = DIRECTION ( 'NONE',  ( -0.000000000000000000, -1.000000000000000000, -0.000000000000000000 ) ) ;
#1446 = ORIENTED_EDGE ( 'NONE', *, *, #438, .T. ) ;
#1447 = EDGE_LOOP ( 'NONE', ( #2279, #504, #760, #442 ) ) ;
#1448 = CARTESIAN_POINT ( 'NONE',  ( 12.55441738761902926, 1.191797205147590910, -0.9990996927165414210 ) ) ;
#1449 = CARTESIAN_POINT ( 'NONE',  ( 14.08953182548583527, 0.6999999999999999556, 0.8344752026256951893 ) ) ;
#1450 = LINE ( 'NONE', #698, #1669 ) ;
#1451 = ADVANCED_FACE ( 'NONE', ( #1880 ), #333, .F. ) ;
#1452 = CARTESIAN_POINT ( 'NONE',  ( 12.34574094844883163, 1.329831410465627251, 1.020434299269346701 ) ) ;
#1453 = VERTEX_POINT ( 'NONE', #2222 ) ;
#1454 = CARTESIAN_POINT ( 'NONE',  ( 13.04999999999999893, 0.6999999999999999556, 0.1287012835979300107 ) ) ;
#1455 = DIRECTION ( 'NONE',  ( 0.000000000000000000, 0.000000000000000000, -1.000000000000000000 ) ) ;
#1456 = CARTESIAN_POINT ( 'NONE',  ( 12.00000000000000000, 0.000000000000000000, -1.049999999999999822 ) ) ;
#1457 = ORIENTED_EDGE ( 'NONE', *, *, #2051, .F. ) ;
#1458 = ORIENTED_EDGE ( 'NONE', *, *, #1697, .F. ) ;
#1459 = CARTESIAN_POINT ( 'NONE',  ( 12.63830542091313092, 1.138834715696059874, -0.9904725306683714869 ) ) ;
#1460 = CARTESIAN_POINT ( 'NONE',  ( 1.421312923976081555, 1.500000000000000000, -0.5247862180516852382 ) ) ;
#1461 = CARTESIAN_POINT ( 'NONE',  ( 1.371603298871147070, 1.500000000000000000, 1.523549930434112021 ) ) ;
#1462 = CIRCLE ( 'NONE', #2318, 1.000000000000000000 ) ;
#1463 = VECTOR ( 'NONE', #268, 100.0000000000000000 ) ;
#1464 = AXIS2_PLACEMENT_3D ( 'NONE', #1840, #1638, #508 ) ;
#1465 = CARTESIAN_POINT ( 'NONE',  ( 1.249902202385464678, 0.8999999999999999112, 0.01563599923143706508 ) ) ;
#1466 = AXIS2_PLACEMENT_3D ( 'NONE', #396, #2472, #1495 ) ;
#1467 = VERTEX_POINT ( 'NONE', #1080 ) ;
#1468 = ORIENTED_EDGE ( 'NONE', *, *, #472, .F. ) ;
#1469 = EDGE_CURVE ( 'NONE', #1204, #1855, #2358, .T. ) ;
#1470 = EDGE_LOOP ( 'NONE', ( #276, #1644, #301, #952 ) ) ;
#1471 = CARTESIAN_POINT ( 'NONE',  ( 12.00000000000000000, 0.1000000000000000056, 0.000000000000000000 ) ) ;
#1472 = ORIENTED_EDGE ( 'NONE', *, *, #2427, .F. ) ;
#1473 = ORIENTED_EDGE ( 'NONE', *, *, #765, .F. ) ;
#1474 = CARTESIAN_POINT ( 'NONE',  ( 3.212892568803527027, 0.6999999999999999556, 87.64457749595824509 ) ) ;
#1475 = DIRECTION ( 'NONE',  ( 0.000000000000000000, 0.000000000000000000, 1.000000000000000000 ) ) ;
#1476 = DIRECTION ( 'NONE',  ( 0.000000000000000000, 0.000000000000000000, 1.000000000000000000 ) ) ;
#1477 = CARTESIAN_POINT ( 'NONE',  ( 1.244931239874971007, 1.500000000000000000, 0.1155123704696797565 ) ) ;
#1478 = ORIENTED_EDGE ( 'NONE', *, *, #1111, .T. ) ;
#1479 = EDGE_CURVE ( 'NONE', #355, #1485, #717, .T. ) ;
#1480 = ORIENTED_EDGE ( 'NONE', *, *, #2083, .F. ) ;
#1481 = CC_DESIGN_PERSON_AND_ORGANIZATION_ASSIGNMENT ( #2188, #1215, ( #778 ) ) ;
#1482 = EDGE_CURVE ( 'NONE', #827, #67, #904, .T. ) ;
#1483 = CARTESIAN_POINT ( 'NONE',  ( 11.94780489363981779, 1.500000000000000000, -1.048701898001548116 ) ) ;
#1484 = EDGE_LOOP ( 'NONE', ( #1241, #891, #826, #525 ) ) ;
#1485 = VERTEX_POINT ( 'NONE', #2410 ) ;
#1486 = CARTESIAN_POINT ( 'NONE',  ( 12.54785354418284093, 1.195949453164148801, -0.9997745864178317898 ) ) ;
#1487 = DIRECTION ( 'NONE',  ( -0.000000000000000000, -1.000000000000000000, -0.000000000000000000 ) ) ;
#1488 = CARTESIAN_POINT ( 'NONE',  ( 10.70641199981118241, 0.8999999999999999112, 0.3861736471685993655 ) ) ;
#1489 = CARTESIAN_POINT ( 'NONE',  ( 10.69647007479019507, 0.000000000000000000, 0.5859263896450851439 ) ) ;
#1490 = EDGE_LOOP ( 'NONE', ( #1435, #552, #1869, #1772 ) ) ;
#1491 = CARTESIAN_POINT ( 'NONE',  ( 1.949999999999999734, 0.8999999999999999112, -0.1506044581221355483 ) ) ;
#1492 = ORIENTED_EDGE ( 'NONE', *, *, #1573, .F. ) ;
#1493 = EDGE_CURVE ( 'NONE', #1382, #543, #219, .T. ) ;
#1494 = ORIENTED_EDGE ( 'NONE', *, *, #1743, .F. ) ;
#1495 = DIRECTION ( 'NONE',  ( -0.9987637123824266716, 0.000000000000000000, 0.04970962510493456138 ) ) ;
#1496 = DIRECTION ( 'NONE',  ( 0.000000000000000000, 0.000000000000000000, 1.000000000000000000 ) ) ;
#1497 = EDGE_CURVE ( 'NONE', #2225, #1616, #728, .T. ) ;
#1498 = CARTESIAN_POINT ( 'NONE',  ( 10.70641199981118241, 0.5999999999999999778, 0.3861736471685993655 ) ) ;
#1499 = DIRECTION ( 'NONE',  ( 0.9987637123824266716, 0.000000000000000000, 0.04970962510493454056 ) ) ;
#1500 = VECTOR ( 'NONE', #645, 100.0000000000000142 ) ;
#1501 = CARTESIAN_POINT ( 'NONE',  ( 12.00000000000000000, 0.5999999999999999778, 0.000000000000000000 ) ) ;
#1502 = ORIENTED_EDGE ( 'NONE', *, *, #1594, .F. ) ;
#1503 = AXIS2_PLACEMENT_3D ( 'NONE', #982, #808, #2196 ) ;
#1504 = CIRCLE ( 'NONE', #422, 0.1999999999999996225 ) ;
#1505 = DIRECTION ( 'NONE',  ( -0.000000000000000000, -0.000000000000000000, 1.000000000000000000 ) ) ;
#1506 = VECTOR ( 'NONE', #993, 100.0000000000000000 ) ;
#1507 = AXIS2_PLACEMENT_3D ( 'NONE', #830, #1373, #992 ) ;
#1508 = CARTESIAN_POINT ( 'NONE',  ( 16.12346099368908980, 0.6999999999999999556, -0.5954859212494056919 ) ) ;
#1509 = ORIENTED_EDGE ( 'NONE', *, *, #2252, .T. ) ;
#1510 = ORIENTED_EDGE ( 'NONE', *, *, #1015, .F. ) ;
#1511 = DIRECTION ( 'NONE',  ( 0.000000000000000000, 0.000000000000000000, -1.000000000000000000 ) ) ;
#1512 = CIRCLE ( 'NONE', #713, 1.050000000000000266 ) ;
#1513 = EDGE_CURVE ( 'NONE', #1927, #949, #978, .T. ) ;
#1514 = CYLINDRICAL_SURFACE ( 'NONE', #1625, 0.2000000000000003164 ) ;
#1515 = DIRECTION ( 'NONE',  ( 0.000000000000000000, -1.000000000000000000, 0.000000000000000000 ) ) ;
#1516 = FACE_OUTER_BOUND ( 'NONE', #2028, .T. ) ;
#1517 = ORIENTED_EDGE ( 'NONE', *, *, #1001, .F. ) ;
#1518 = CARTESIAN_POINT ( 'NONE',  ( 10.69647007479019507, 0.8999999999999999112, 0.5859263896450848108 ) ) ;
#1519 = CYLINDRICAL_SURFACE ( 'NONE', #666, 1.150000000000000133 ) ;
#1520 = CARTESIAN_POINT ( 'NONE',  ( 1.244931239874971673, 0.000000000000000000, 0.1155123704696798398 ) ) ;
#1521 = ORIENTED_EDGE ( 'NONE', *, *, #1042, .F. ) ;
#1522 = ORIENTED_EDGE ( 'NONE', *, *, #2324, .F. ) ;
#1523 = LINE ( 'NONE', #1928, #503 ) ;
#1524 = CARTESIAN_POINT ( 'NONE',  ( 9.184850993605148438E-17, 1.399999999999999911, -0.7500000000000000000 ) ) ;
#1525 = DIRECTION ( 'NONE',  ( 0.000000000000000000, -1.000000000000000000, 0.000000000000000000 ) ) ;
#1526 = CARTESIAN_POINT ( 'NONE',  ( 1.949999999999999734, 0.8999999999999999112, -0.5510995852887500268 ) ) ;
#1527 = EDGE_CURVE ( 'NONE', #2120, #2216, #1832, .T. ) ;
#1528 = CARTESIAN_POINT ( 'NONE',  ( 9.050000000000000711, 0.8999999999999999112, 0.9044747969322971537 ) ) ;
#1529 = CARTESIAN_POINT ( 'NONE',  ( 14.24999999999999822, 0.6999999999999999556, -0.2757884648527060834 ) ) ;
#1530 = CARTESIAN_POINT ( 'NONE',  ( 12.23428885015364642, 1.499999999999999778, -1.031774543413664258 ) ) ;
#1531 = ORIENTED_EDGE ( 'NONE', *, *, #819, .T. ) ;
#1532 = ORIENTED_EDGE ( 'NONE', *, *, #438, .F. ) ;
#1533 = CARTESIAN_POINT ( 'NONE',  ( 1.149910026194627788, 0.5999999999999999778, -0.01438511929292195929 ) ) ;
#1534 = CARTESIAN_POINT ( 'NONE',  ( 12.35843920574363963, 1.500000000000000000, 0.9952815461894243265 ) ) ;
#1535 = CYLINDRICAL_SURFACE ( 'NONE', #1348, 0.1000000000000003109 ) ;
#1536 = CARTESIAN_POINT ( 'NONE',  ( 1.244931239874971673, 0.5999999999999999778, -0.1155123704696796177 ) ) ;
#1537 = EDGE_CURVE ( 'NONE', #1362, #659, #2419, .T. ) ;
#1538 = VECTOR ( 'NONE', #13, 100.0000000000000142 ) ;
#1539 = DIRECTION ( 'NONE',  ( -0.04970962510493454056, 0.000000000000000000, 0.9987637123824267826 ) ) ;
#1540 = CARTESIAN_POINT ( 'NONE',  ( 1.244931239874971007, 0.8999999999999999112, 0.1155123704696797565 ) ) ;
#1541 = AXIS2_PLACEMENT_3D ( 'NONE', #2163, #1213, #437 ) ;
#1542 = AXIS2_PLACEMENT_3D ( 'NONE', #1157, #968, #574 ) ;
#1543 = DIRECTION ( 'NONE',  ( 0.000000000000000000, 0.000000000000000000, 1.000000000000000000 ) ) ;
#1544 = EDGE_CURVE ( 'NONE', #324, #979, #1462, .T. ) ;
#1545 = CIRCLE ( 'NONE', #221, 0.1000000000000000472 ) ;
#1546 = VERTEX_POINT ( 'NONE', #754 ) ;
#1547 = VECTOR ( 'NONE', #1716, 100.0000000000000000 ) ;
#1548 = EDGE_LOOP ( 'NONE', ( #718, #119, #1082, #1208 ) ) ;
#1549 = CARTESIAN_POINT ( 'NONE',  ( 0.000000000000000000, 0.1000000000000000888, 0.000000000000000000 ) ) ;
#1550 = CIRCLE ( 'NONE', #853, 1.049999999999999822 ) ;
#1551 = CARTESIAN_POINT ( 'NONE',  ( 12.00000000000000000, 1.399999999999999911, -0.6500000000000015765 ) ) ;
#1552 = VECTOR ( 'NONE', #1184, 100.0000000000000142 ) ;
#1553 = CARTESIAN_POINT ( 'NONE',  ( 1.421312923976081555, 0.8999999999999999112, -0.5247862180516852382 ) ) ;
#1554 = CARTESIAN_POINT ( 'NONE',  ( 10.70641199981118241, 0.8999999999999999112, -0.3861736471685994765 ) ) ;
#1555 = CARTESIAN_POINT ( 'NONE',  ( 8.649999999999998579, 1.099999999999999867, -1.050000000000000266 ) ) ;
#1556 = FACE_OUTER_BOUND ( 'NONE', #1653, .T. ) ;
#1557 = DATE_AND_TIME ( #1810, #267 ) ;
#1558 = ORIENTED_EDGE ( 'NONE', *, *, #719, .F. ) ;
#1559 = ADVANCED_FACE ( 'NONE', ( #2126 ), #1718, .F. ) ;
#1560 = FACE_OUTER_BOUND ( 'NONE', #1360, .T. ) ;
#1561 = EDGE_CURVE ( 'NONE', #1467, #1380, #1922, .T. ) ;
#1562 = DIRECTION ( 'NONE',  ( -0.000000000000000000, -0.000000000000000000, 1.000000000000000000 ) ) ;
#1563 = CARTESIAN_POINT ( 'NONE',  ( 10.69647007479019507, 0.5999999999999999778, 0.5859263896450851439 ) ) ;
#1564 = FACE_OUTER_BOUND ( 'NONE', #1711, .T. ) ;
#1565 = CARTESIAN_POINT ( 'NONE',  ( 1.549999999999999600, 0.8999999999999999112, 0.5311911226609445924 ) ) ;
#1566 = CARTESIAN_POINT ( 'NONE',  ( 13.46557536858970217, 0.7802163714012979590, 0.9030412021469237382 ) ) ;
#1567 = DATE_AND_TIME ( #805, #1999 ) ;
#1568 = VERTEX_POINT ( 'NONE', #1905 ) ;
#1569 = CARTESIAN_POINT ( 'NONE',  ( 1.549999999999999600, 0.8999999999999999112, -0.5311911226609445924 ) ) ;
#1570 = CC_DESIGN_PERSON_AND_ORGANIZATION_ASSIGNMENT ( #2345, #1023, ( #510 ) ) ;
#1571 = EDGE_CURVE ( 'NONE', #1422, #2447, #1326, .T. ) ;
#1572 = CARTESIAN_POINT ( 'NONE',  ( 1.549999999999999600, 0.8999999999999999112, -1.050000000000000266 ) ) ;
#1573 = EDGE_CURVE ( 'NONE', #335, #2278, #1168, .T. ) ;
#1574 = FACE_OUTER_BOUND ( 'NONE', #1857, .T. ) ;
#1575 = DIRECTION ( 'NONE',  ( 0.000000000000000000, -0.000000000000000000, -1.000000000000000000 ) ) ;
#1576 = DIRECTION ( 'NONE',  ( 0.000000000000000000, 0.000000000000000000, 1.000000000000000000 ) ) ;
#1577 = VECTOR ( 'NONE', #1744, 100.0000000000000000 ) ;
#1578 = MECHANICAL_CONTEXT ( 'NONE', #1658, 'mechanical' ) ;
#1579 = ORIENTED_EDGE ( 'NONE', *, *, #1959, .T. ) ;
#1580 = AXIS2_PLACEMENT_3D ( 'NONE', #1501, #163, #2277 ) ;
#1581 = ORIENTED_EDGE ( 'NONE', *, *, #1883, .F. ) ;
#1582 = DIRECTION ( 'NONE',  ( -0.000000000000000000, -1.000000000000000000, -0.000000000000000000 ) ) ;
#1583 = VECTOR ( 'NONE', #178, 100.0000000000000000 ) ;
#1584 = CIRCLE ( 'NONE', #1542, 0.7500000000000000000 ) ;
#1585 = ORIENTED_EDGE ( 'NONE', *, *, #1934, .T. ) ;
#1586 = CYLINDRICAL_SURFACE ( 'NONE', #591, 1.000000000000000000 ) ;
#1587 = CIRCLE ( 'NONE', #748, 177.2179337615381201 ) ;
#1588 = LINE ( 'NONE', #69, #1506 ) ;
#1589 = AXIS2_PLACEMENT_3D ( 'NONE', #1274, #320, #1078 ) ;
#1590 = EDGE_CURVE ( 'NONE', #1843, #1290, #1096, .T. ) ;
#1591 = VECTOR ( 'NONE', #1100, 100.0000000000000000 ) ;
#1592 = CYLINDRICAL_SURFACE ( 'NONE', #629, 1.149999999999999467 ) ;
#1593 = CARTESIAN_POINT ( 'NONE',  ( 12.00000000000000000, 1.500000000000000000, -1.049999999999999822 ) ) ;
#1594 = EDGE_CURVE ( 'NONE', #2225, #2050, #1584, .T. ) ;
#1595 = LINE ( 'NONE', #1239, #1500 ) ;
#1596 = DATE_TIME_ROLE ( 'creation_date' ) ;
#1597 = ORIENTED_EDGE ( 'NONE', *, *, #26, .F. ) ;
#1598 = EDGE_LOOP ( 'NONE', ( #1858, #1130 ) ) ;
#1599 = FACE_OUTER_BOUND ( 'NONE', #1447, .T. ) ;
#1600 = ORIENTED_EDGE ( 'NONE', *, *, #2330, .T. ) ;
#1601 = CARTESIAN_POINT ( 'NONE',  ( 9.049999999999998934, 0.8999999999999999112, -1.050000000000000266 ) ) ;
#1602 = LINE ( 'NONE', #2146, #383 ) ;
#1603 = LINE ( 'NONE', #220, #304 ) ;
#1604 = FACE_BOUND ( 'NONE', #375, .T. ) ;
#1605 = ADVANCED_FACE ( 'NONE', ( #2334, #1338 ), #411, .T. ) ;
#1606 = CYLINDRICAL_SURFACE ( 'NONE', #462, 0.6500000000000000222 ) ;
#1607 = VERTEX_POINT ( 'NONE', #737 ) ;
#1608 = EDGE_CURVE ( 'NONE', #2015, #2402, #2153, .T. ) ;
#1609 = ORIENTED_EDGE ( 'NONE', *, *, #2291, .T. ) ;
#1610 = ORIENTED_EDGE ( 'NONE', *, *, #11, .F. ) ;
#1611 = CARTESIAN_POINT ( 'NONE',  ( 1.249902202385465344, 0.5999999999999999778, -0.01563599923143695752 ) ) ;
#1612 = CARTESIAN_POINT ( 'NONE',  ( 9.049999999999998934, 0.8999999999999999112, 0.5039796697656828695 ) ) ;
#1613 = DIRECTION ( 'NONE',  ( 0.000000000000000000, 1.000000000000000000, 0.000000000000000000 ) ) ;
#1614 = DIRECTION ( 'NONE',  ( -0.000000000000000000, -1.000000000000000000, -0.000000000000000000 ) ) ;
#1615 = ADVANCED_FACE ( 'NONE', ( #1516 ), #1702, .F. ) ;
#1616 = VERTEX_POINT ( 'NONE', #400 ) ;
#1617 = VERTEX_POINT ( 'NONE', #1526 ) ;
#1618 = ORIENTED_EDGE ( 'NONE', *, *, #1571, .F. ) ;
#1619 = VECTOR ( 'NONE', #927, 100.0000000000000000 ) ;
#1620 = ORIENTED_EDGE ( 'NONE', *, *, #1394, .T. ) ;
#1621 = CARTESIAN_POINT ( 'NONE',  ( 12.31492964859718242, 1.351107573789579464, -1.023563155005592362 ) ) ;
#1622 = AXIS2_PLACEMENT_3D ( 'NONE', #1740, #2480, #23 ) ;
#1623 = CARTESIAN_POINT ( 'NONE',  ( 16.05000000000000071, 0.6999999999999999556, 0.000000000000000000 ) ) ;
#1624 = VECTOR ( 'NONE', #1002, 100.0000000000000000 ) ;
#1625 = AXIS2_PLACEMENT_3D ( 'NONE', #560, #368, #176 ) ;
#1626 = DIRECTION ( 'NONE',  ( 0.000000000000000000, 0.000000000000000000, -1.000000000000000000 ) ) ;
#1627 = DIRECTION ( 'NONE',  ( -0.000000000000000000, -1.000000000000000000, -0.000000000000000000 ) ) ;
#1628 = CARTESIAN_POINT ( 'NONE',  ( 1.549999999999999600, 1.099999999999999867, -1.050000000000000266 ) ) ;
#1629 = CC_DESIGN_APPROVAL ( #1933, ( #778 ) ) ;
#1630 = VERTEX_POINT ( 'NONE', #387 ) ;
#1631 = ORIENTED_EDGE ( 'NONE', *, *, #2372, .T. ) ;
#1632 = FACE_OUTER_BOUND ( 'NONE', #999, .T. ) ;
#1633 = ORIENTED_EDGE ( 'NONE', *, *, #1249, .F. ) ;
#1634 = PRODUCT_RELATED_PRODUCT_CATEGORY ( 'detail', '', ( #2348 ) ) ;
#1635 = EDGE_CURVE ( 'NONE', #324, #365, #150, .T. ) ;
#1636 = ORIENTED_EDGE ( 'NONE', *, *, #373, .T. ) ;
#1637 = CARTESIAN_POINT ( 'NONE',  ( 12.19120867899418492, 1.438109435989352480, -1.036076244109350730 ) ) ;
#1638 = DIRECTION ( 'NONE',  ( 0.000000000000000000, 1.000000000000000000, 0.000000000000000000 ) ) ;
#1639 = CARTESIAN_POINT ( 'NONE',  ( 12.00000000000000000, 0.1000000000000000056, 0.000000000000000000 ) ) ;
#1640 = DIRECTION ( 'NONE',  ( -1.000000000000000000, 0.000000000000000000, -0.000000000000000000 ) ) ;
#1641 = CARTESIAN_POINT ( 'NONE',  ( 13.02607407016456698, 0.6999999999999999556, 0.2573636006343387739 ) ) ;
#1642 = DIRECTION ( 'NONE',  ( 0.9987637123824266716, 0.000000000000000000, 0.04970962510493451281 ) ) ;
#1643 = DIRECTION ( 'NONE',  ( 0.000000000000000000, 0.000000000000000000, -1.000000000000000000 ) ) ;
#1644 = ORIENTED_EDGE ( 'NONE', *, *, #497, .F. ) ;
#1645 = EDGE_LOOP ( 'NONE', ( #682, #1990, #1307, #2061 ) ) ;
#1646 = DIRECTION ( 'NONE',  ( 0.000000000000000000, -0.000000000000000000, 1.000000000000000000 ) ) ;
#1647 = ADVANCED_FACE ( 'NONE', ( #2464 ), #196, .F. ) ;
#1648 = CARTESIAN_POINT ( 'NONE',  ( 0.000000000000000000, 1.399999999999999911, 0.000000000000000000 ) ) ;
#1649 = CARTESIAN_POINT ( 'NONE',  ( 10.89805466650582311, 0.8999999999999999112, 0.3289627364769551199 ) ) ;
#1650 = EDGE_CURVE ( 'NONE', #1101, #354, #542, .T. ) ;
#1651 = CARTESIAN_POINT ( 'NONE',  ( 1.421312923976081777, 0.8999999999999999112, 0.5247862180516852382 ) ) ;
#1652 = EDGE_LOOP ( 'NONE', ( #1118, #1024, #692, #2059, #898, #1784, #1161, #351, #2131, #2130, #603, #869 ) ) ;
#1653 = EDGE_LOOP ( 'NONE', ( #2298, #2338, #2265, #910 ) ) ;
#1654 = DIRECTION ( 'NONE',  ( -0.000000000000000000, -1.000000000000000000, -0.000000000000000000 ) ) ;
#1655 = ORIENTED_EDGE ( 'NONE', *, *, #674, .F. ) ;
#1656 = ORIENTED_EDGE ( 'NONE', *, *, #1635, .T. ) ;
#1657 = CARTESIAN_POINT ( 'NONE',  ( 13.47643240190224745, 0.7787947226501971132, -0.9018484983789494258 ) ) ;
#1658 = APPLICATION_CONTEXT ( 'configuration controlled 3d designs of mechanical parts and assemblies' ) ;
#1659 = AXIS2_PLACEMENT_3D ( 'NONE', #2391, #678, #1816 ) ;
#1660 = DIRECTION ( 'NONE',  ( 0.000000000000000000, 1.000000000000000000, 0.000000000000000000 ) ) ;
#1661 = CARTESIAN_POINT ( 'NONE',  ( 12.00000000000000000, 0.1000000000000000888, 0.6500000000000015765 ) ) ;
#1662 = CC_DESIGN_PERSON_AND_ORGANIZATION_ASSIGNMENT ( #2384, #1034, ( #2348 ) ) ;
#1663 = AXIS2_PLACEMENT_3D ( 'NONE', #1443, #312, #486 ) ;
#1664 = VECTOR ( 'NONE', #122, 100.0000000000000000 ) ;
#1665 = CARTESIAN_POINT ( 'NONE',  ( 12.55809537186495817, 1.189476102774888577, 0.9987214281600211851 ) ) ;
#1666 = ADVANCED_FACE ( 'NONE', ( #1122 ), #1891, .T. ) ;
#1667 = ORIENTED_EDGE ( 'NONE', *, *, #206, .F. ) ;
#1668 = ORIENTED_EDGE ( 'NONE', *, *, #800, .T. ) ;
#1669 = VECTOR ( 'NONE', #2033, 100.0000000000000000 ) ;
#1670 = CIRCLE ( 'NONE', #594, 1.050000000000000266 ) ;
#1671 = DIRECTION ( 'NONE',  ( -0.000000000000000000, -1.000000000000000000, -0.000000000000000000 ) ) ;
#1672 = ORIENTED_EDGE ( 'NONE', *, *, #516, .F. ) ;
#1673 = ORIENTED_EDGE ( 'NONE', *, *, #1762, .F. ) ;
#1674 = MANIFOLD_SOLID_BREP ( '필렛1', #1299 ) ;
#1675 = FACE_OUTER_BOUND ( 'NONE', #2052, .T. ) ;
#1676 = CYLINDRICAL_SURFACE ( 'NONE', #791, 0.7500000000000012212 ) ;
#1677 = CYLINDRICAL_SURFACE ( 'NONE', #2275, 0.6500000000000000222 ) ;
#1678 = CARTESIAN_POINT ( 'NONE',  ( 1.550000000000000044, 0.8999999999999999112, -0.1306959954943301416 ) ) ;
#1679 = EDGE_LOOP ( 'NONE', ( #2389, #2178, #1691, #695 ) ) ;
#1680 = EDGE_CURVE ( 'NONE', #949, #673, #10, .T. ) ;
#1681 = ORIENTED_EDGE ( 'NONE', *, *, #690, .F. ) ;
#1682 = PLANE ( 'NONE',  #185 ) ;
#1683 = EDGE_CURVE ( 'NONE', #2360, #934, #630, .T. ) ;
#1684 = ORIENTED_EDGE ( 'NONE', *, *, #2164, .T. ) ;
#1685 = ORIENTED_EDGE ( 'NONE', *, *, #1293, .F. ) ;
#1686 = DIRECTION ( 'NONE',  ( 0.000000000000000000, -0.000000000000000000, 1.000000000000000000 ) ) ;
#1687 = CARTESIAN_POINT ( 'NONE',  ( 12.86496232558337915, 1.500000000000000000, 0.6090190438081273250 ) ) ;
#1688 = CYLINDRICAL_SURFACE ( 'NONE', #2031, 0.7500000000000000000 ) ;
#1689 = CARTESIAN_POINT ( 'NONE',  ( 1.421312923976081555, 1.500000000000000000, -0.5247862180516852382 ) ) ;
#1690 = DIRECTION ( 'NONE',  ( -0.000000000000000000, -1.000000000000000000, -0.000000000000000000 ) ) ;
#1691 = ORIENTED_EDGE ( 'NONE', *, *, #2083, .T. ) ;
#1692 = LINE ( 'NONE', #1936, #1619 ) ;
#1693 = CARTESIAN_POINT ( 'NONE',  ( 0.7025285189340022551, 0.000000000000000000, -0.7803548424174721054 ) ) ;
#1694 = VERTEX_POINT ( 'NONE', #1612 ) ;
#1695 = ORIENTED_EDGE ( 'NONE', *, *, #152, .T. ) ;
#1696 = DIRECTION ( 'NONE',  ( -0.000000000000000000, -1.000000000000000000, -0.000000000000000000 ) ) ;
#1697 = EDGE_CURVE ( 'NONE', #659, #858, #1504, .T. ) ;
#1698 = CARTESIAN_POINT ( 'NONE',  ( 12.35843920574178156, 1.500000000000000000, -0.9952815461903630201 ) ) ;
#1699 = FACE_OUTER_BOUND ( 'NONE', #685, .T. ) ;
#1700 = DIRECTION ( 'NONE',  ( 0.000000000000000000, 1.000000000000000000, 0.000000000000000000 ) ) ;
#1701 = AXIS2_PLACEMENT_3D ( 'NONE', #714, #1426, #2407 ) ;
#1702 = CYLINDRICAL_SURFACE ( 'NONE', #174, 0.2000000000000002609 ) ;
#1703 = EDGE_LOOP ( 'NONE', ( #453, #1846, #2037, #694 ) ) ;
#1704 = AXIS2_PLACEMENT_3D ( 'NONE', #2273, #549, #384 ) ;
#1705 = VECTOR ( 'NONE', #81, 100.0000000000000000 ) ;
#1706 = CARTESIAN_POINT ( 'NONE',  ( 10.89805466650582311, 0.5999999999999999778, -0.3289627364769548978 ) ) ;
#1707 = CARTESIAN_POINT ( 'NONE',  ( 1.371603298871147070, 0.000000000000000000, 1.523549930434112021 ) ) ;
#1708 = AXIS2_PLACEMENT_3D ( 'NONE', #1751, #1582, #433 ) ;
#1709 = CIRCLE ( 'NONE', #1951, 1.050000000000000266 ) ;
#1710 = DIRECTION ( 'NONE',  ( 0.000000000000000000, 1.000000000000000000, 0.000000000000000000 ) ) ;
#1711 = EDGE_LOOP ( 'NONE', ( #610, #2202, #1532, #1478, #1364, #1306, #1419, #1438, #1205, #1781, #1724, #1061, #1823, #143, #2229, #2078, #340, #2084, #1036, #1145, #1279, #1049, #200, #1814, #116 ) ) ;
#1712 = DIRECTION ( 'NONE',  ( -0.000000000000000000, 1.000000000000000000, -0.000000000000000000 ) ) ;
#1713 = AXIS2_PLACEMENT_3D ( 'NONE', #2215, #721, #1253 ) ;
#1714 = EDGE_CURVE ( 'NONE', #1837, #334, #241, .T. ) ;
#1715 = CARTESIAN_POINT ( 'NONE',  ( 11.95049755536932778, 1.500000000000000000, -1.048832449905888087 ) ) ;
#1716 = DIRECTION ( 'NONE',  ( -0.000000000000000000, -1.000000000000000000, -0.000000000000000000 ) ) ;
#1717 = DIRECTION ( 'NONE',  ( 0.000000000000000000, 0.000000000000000000, 1.000000000000000000 ) ) ;
#1718 = CYLINDRICAL_SURFACE ( 'NONE', #1226, 0.2000000000000003442 ) ;
#1719 = ORIENTED_EDGE ( 'NONE', *, *, #2445, .F. ) ;
#1720 = DIRECTION ( 'NONE',  ( 0.000000000000000000, 1.000000000000000000, 0.000000000000000000 ) ) ;
#1721 = CARTESIAN_POINT ( 'NONE',  ( 13.85349069768179753, 0.6999999999999999556, 1.305040808159280585 ) ) ;
#1722 = CARTESIAN_POINT ( 'NONE',  ( 13.05000743607839730, 1.500000000000000222, -0.1301313758516323138 ) ) ;
#1723 = ORIENTED_EDGE ( 'NONE', *, *, #2221, .F. ) ;
#1724 = ORIENTED_EDGE ( 'NONE', *, *, #1029, .T. ) ;
#1725 = DIRECTION ( 'NONE',  ( -0.000000000000000000, 1.000000000000000000, 0.000000000000000000 ) ) ;
#1726 = CARTESIAN_POINT ( 'NONE',  ( 13.02607407016628827, 1.500000000000000000, -0.2573636006352393868 ) ) ;
#1727 = LINE ( 'NONE', #788, #821 ) ;
#1728 = DIRECTION ( 'NONE',  ( -0.000000000000000000, 1.000000000000000000, -0.000000000000000000 ) ) ;
#1729 = EDGE_CURVE ( 'NONE', #2075, #1396, #1402, .T. ) ;
#1730 = CARTESIAN_POINT ( 'NONE',  ( 10.70641199981118241, 0.5999999999999999778, -0.3861736471685992544 ) ) ;
#1731 = ADVANCED_FACE ( 'NONE', ( #1574 ), #1592, .T. ) ;
#1732 = CARTESIAN_POINT ( 'NONE',  ( 12.00000000000000000, 1.399999999999999911, 0.000000000000000000 ) ) ;
#1733 = CARTESIAN_POINT ( 'NONE',  ( 1.421312923976081555, 1.099999999999999867, -0.5247862180516852382 ) ) ;
#1734 = DIRECTION ( 'NONE',  ( 0.000000000000000000, -1.000000000000000000, 0.000000000000000000 ) ) ;
#1735 = ORIENTED_EDGE ( 'NONE', *, *, #246, .T. ) ;
#1736 = VERTEX_POINT ( 'NONE', #662 ) ;
#1737 = DIRECTION ( 'NONE',  ( 0.000000000000000000, 1.000000000000000000, -0.000000000000000000 ) ) ;
#1738 = DIRECTION ( 'NONE',  ( 0.000000000000000000, 0.000000000000000000, -1.000000000000000000 ) ) ;
#1739 = LINE ( 'NONE', #1311, #1144 ) ;
#1740 = CARTESIAN_POINT ( 'NONE',  ( 12.00000000000000000, 0.1000000000000000056, 0.000000000000000000 ) ) ;
#1741 = CIRCLE ( 'NONE', #2355, 0.2000000000000002609 ) ;
#1742 = DIRECTION ( 'NONE',  ( 0.000000000000000000, 0.000000000000000000, 1.000000000000000000 ) ) ;
#1743 = EDGE_CURVE ( 'NONE', #979, #1046, #1805, .T. ) ;
#1744 = DIRECTION ( 'NONE',  ( -0.000000000000000000, -1.000000000000000000, -0.000000000000000000 ) ) ;
#1745 = AXIS2_PLACEMENT_3D ( 'NONE', #1391, #841, #2068 ) ;
#1746 = AXIS2_PLACEMENT_3D ( 'NONE', #74, #834, #2383 ) ;
#1747 = DIRECTION ( 'NONE',  ( 0.000000000000000000, 0.000000000000000000, 1.000000000000000000 ) ) ;
#1748 = VECTOR ( 'NONE', #1499, 100.0000000000000142 ) ;
#1749 = VECTOR ( 'NONE', #2148, 100.0000000000000000 ) ;
#1750 = VERTEX_POINT ( 'NONE', #459 ) ;
#1751 = CARTESIAN_POINT ( 'NONE',  ( 0.000000000000000000, 1.500000000000000000, 0.000000000000000000 ) ) ;
#1752 = CARTESIAN_POINT ( 'NONE',  ( 1.949999999999999734, 1.099999999999999867, 0.1506044581221353817 ) ) ;
#1753 = AXIS2_PLACEMENT_3D ( 'NONE', #478, #502, #1242 ) ;
#1754 = CARTESIAN_POINT ( 'NONE',  ( 1.244931239874971007, 0.8999999999999999112, 0.1155123704696797565 ) ) ;
#1755 = LINE ( 'NONE', #1188, #296 ) ;
#1756 = CARTESIAN_POINT ( 'NONE',  ( 12.00000000000000000, 1.500000000000000000, -1.049999999999999822 ) ) ;
#1757 = DIRECTION ( 'NONE',  ( 0.000000000000000000, 0.000000000000000000, 1.000000000000000000 ) ) ;
#1758 = EDGE_CURVE ( 'NONE', #456, #2481, #38, .T. ) ;
#1759 = COORDINATED_UNIVERSAL_TIME_OFFSET ( 9, 0, .AHEAD. ) ;
#1760 = VERTEX_POINT ( 'NONE', #1565 ) ;
#1761 = LINE ( 'NONE', #41, #2361 ) ;
#1762 = EDGE_CURVE ( 'NONE', #2460, #1467, #1212, .T. ) ;
#1763 = CARTESIAN_POINT ( 'NONE',  ( 14.14239720179378246, 0.6999999999999999556, 0.7021471909346397311 ) ) ;
#1764 = FACE_OUTER_BOUND ( 'NONE', #1811, .T. ) ;
#1765 = CARTESIAN_POINT ( 'NONE',  ( 1.421312923976081777, 0.8999999999999999112, 0.5247862180516852382 ) ) ;
#1766 = CARTESIAN_POINT ( 'NONE',  ( 12.10474622260421995, 0.000000000000000000, -1.044762283416733384 ) ) ;
#1767 = CARTESIAN_POINT ( 'NONE',  ( 13.63108716690827649, 0.7441970444409874430, 0.8850579961148808961 ) ) ;
#1768 = COORDINATED_UNIVERSAL_TIME_OFFSET ( 9, 0, .AHEAD. ) ;
#1769 = EDGE_LOOP ( 'NONE', ( #829, #1044, #1848, #1600 ) ) ;
#1770 = ORIENTED_EDGE ( 'NONE', *, *, #441, .T. ) ;
#1771 = DIRECTION ( 'NONE',  ( 0.000000000000000000, 0.000000000000000000, 1.000000000000000000 ) ) ;
#1772 = ORIENTED_EDGE ( 'NONE', *, *, #1238, .T. ) ;
#1773 = ADVANCED_FACE ( 'NONE', ( #653 ), #1943, .F. ) ;
#1774 = CARTESIAN_POINT ( 'NONE',  ( 1.244931239874971007, 0.8999999999999999112, 0.1155123704696797565 ) ) ;
#1775 = CARTESIAN_POINT ( 'NONE',  ( 0.000000000000000000, 1.500000000000000000, -0.6500000000000000222 ) ) ;
#1776 = CARTESIAN_POINT ( 'NONE',  ( 10.70641199981118241, 0.8999999999999999112, 0.5861736471685996541 ) ) ;
#1777 = CARTESIAN_POINT ( 'NONE',  ( 10.69647007479019507, 1.099999999999999867, -0.5859263896450848108 ) ) ;
#1778 = CARTESIAN_POINT ( 'NONE',  ( 11.94780489363981779, 0.000000000000000000, 1.048701898001548116 ) ) ;
#1779 = VECTOR ( 'NONE', #1505, 100.0000000000000000 ) ;
#1780 = CALENDAR_DATE ( 2024, 26, 9 ) ;
#1781 = ORIENTED_EDGE ( 'NONE', *, *, #455, .T. ) ;
#1782 = AXIS2_PLACEMENT_3D ( 'NONE', #810, #460, #1575 ) ;
#1783 = AXIS2_PLACEMENT_3D ( 'NONE', #958, #2110, #562 ) ;
#1784 = ORIENTED_EDGE ( 'NONE', *, *, #515, .T. ) ;
#1785 = DIRECTION ( 'NONE',  ( 0.000000000000000000, 0.000000000000000000, -1.000000000000000000 ) ) ;
#1786 = AXIS2_PLACEMENT_3D ( 'NONE', #1412, #1388, #2182 ) ;
#1787 = AXIS2_PLACEMENT_3D ( 'NONE', #253, #1997, #803 ) ;
#1788 = EDGE_LOOP ( 'NONE', ( #1007, #676 ) ) ;
#1789 = CARTESIAN_POINT ( 'NONE',  ( 14.08953182548584060, 0.6999999999999999556, -0.8344752026256951893 ) ) ;
#1790 = AXIS2_PLACEMENT_3D ( 'NONE', #828, #248, #807 ) ;
#1791 = CARTESIAN_POINT ( 'NONE',  ( 1.549999999999999600, 1.099999999999999867, 0.5311911226609442593 ) ) ;
#1792 = EDGE_CURVE ( 'NONE', #93, #2310, #2184, .T. ) ;
#1793 = AXIS2_PLACEMENT_3D ( 'NONE', #2304, #575, #1178 ) ;
#1794 = AXIS2_PLACEMENT_3D ( 'NONE', #364, #768, #1747 ) ;
#1795 = PLANE ( 'NONE',  #664 ) ;
#1796 = CARTESIAN_POINT ( 'NONE',  ( 11.94780489363981779, 1.500000000000000000, -1.048701898001548116 ) ) ;
#1797 = CARTESIAN_POINT ( 'NONE',  ( 1.549999999999999822, 1.099999999999999867, -0.1306959954943302249 ) ) ;
#1798 = CYLINDRICAL_SURFACE ( 'NONE', #1746, 1.050000000000000266 ) ;
#1799 = DATE_AND_TIME ( #2373, #430 ) ;
#1800 = EDGE_LOOP ( 'NONE', ( #2168, #2292 ) ) ;
#1801 = EDGE_LOOP ( 'NONE', ( #813, #1609, #553, #1655 ) ) ;
#1802 = EDGE_LOOP ( 'NONE', ( #64, #2387, #2403, #905 ) ) ;
#1803 = DIRECTION ( 'NONE',  ( -0.04970962510493452668, 0.000000000000000000, -0.9987637123824267826 ) ) ;
#1804 = CARTESIAN_POINT ( 'NONE',  ( 16.12346099368908980, 0.000000000000000000, -0.5954859212494056919 ) ) ;
#1805 = LINE ( 'NONE', #1030, #1705 ) ;
#1806 = CARTESIAN_POINT ( 'NONE',  ( 10.70641199981118241, 1.500000000000000000, 0.3861736471685993655 ) ) ;
#1807 = EDGE_CURVE ( 'NONE', #1736, #2460, #385, .T. ) ;
#1808 = CARTESIAN_POINT ( 'NONE',  ( 16.05000000000000071, 0.6999999999999999556, -0.1999999999999996225 ) ) ;
#1809 = EDGE_CURVE ( 'NONE', #636, #2205, #2353, .T. ) ;
#1810 = CALENDAR_DATE ( 2024, 26, 9 ) ;
#1811 = EDGE_LOOP ( 'NONE', ( #2297, #1770, #1984, #926, #1117, #2213, #477, #212, #1219 ) ) ;
#1812 = ORIENTED_EDGE ( 'NONE', *, *, #1962, .F. ) ;
#1813 = ORIENTED_EDGE ( 'NONE', *, *, #1608, .T. ) ;
#1814 = ORIENTED_EDGE ( 'NONE', *, *, #1847, .T. ) ;
#1815 = CARTESIAN_POINT ( 'NONE',  ( 13.03105255812871377, 0.9342261159290177197, -0.9494334965233451884 ) ) ;
#1816 = DIRECTION ( 'NONE',  ( 0.000000000000000000, 0.000000000000000000, -1.000000000000000000 ) ) ;
#1817 = LINE ( 'NONE', #1460, #1428 ) ;
#1818 = FACE_BOUND ( 'NONE', #873, .T. ) ;
#1819 = CARTESIAN_POINT ( 'NONE',  ( 13.03856190027803308, 0.9309144217506886143, 0.9486405846859767843 ) ) ;
#1820 = EDGE_CURVE ( 'NONE', #1617, #2481, #423, .T. ) ;
#1821 = ORIENTED_EDGE ( 'NONE', *, *, #1265, .F. ) ;
#1822 = ORIENTED_EDGE ( 'NONE', *, *, #1929, .T. ) ;
#1823 = ORIENTED_EDGE ( 'NONE', *, *, #2211, .T. ) ;
#1824 = AXIS2_PLACEMENT_3D ( 'NONE', #1973, #1009, #1785 ) ;
#1825 = ORIENTED_EDGE ( 'NONE', *, *, #2095, .T. ) ;
#1826 = PLANE ( 'NONE',  #1384 ) ;
#1827 = VECTOR ( 'NONE', #822, 100.0000000000000142 ) ;
#1828 = VECTOR ( 'NONE', #1696, 100.0000000000000000 ) ;
#1829 = AXIS2_PLACEMENT_3D ( 'NONE', #457, #1386, #1400 ) ;
#1830 = CARTESIAN_POINT ( 'NONE',  ( 0.000000000000000000, 0.000000000000000000, 0.000000000000000000 ) ) ;
#1831 = FACE_OUTER_BOUND ( 'NONE', #96, .T. ) ;
#1832 = LINE ( 'NONE', #105, #300 ) ;
#1833 = APPROVAL_PERSON_ORGANIZATION ( #2154, #1933, #997 ) ;
#1834 = EDGE_LOOP ( 'NONE', ( #2421, #2255, #1194, #189 ) ) ;
#1835 = EDGE_LOOP ( 'NONE', ( #62, #1681 ) ) ;
#1836 = EDGE_LOOP ( 'NONE', ( #2143, #2217, #87, #2243 ) ) ;
#1837 = VERTEX_POINT ( 'NONE', #1796 ) ;
#1838 = CARTESIAN_POINT ( 'NONE',  ( 13.12147035791461569, 0.8943904625867212799, -0.9398857674769658388 ) ) ;
#1839 = ADVANCED_FACE ( 'NONE', ( #2173 ), #1979, .F. ) ;
#1840 = CARTESIAN_POINT ( 'NONE',  ( 0.000000000000000000, 0.000000000000000000, 0.000000000000000000 ) ) ;
#1841 = FACE_OUTER_BOUND ( 'NONE', #884, .T. ) ;
#1842 = DIRECTION ( 'NONE',  ( -0.000000000000000000, -1.000000000000000000, -0.000000000000000000 ) ) ;
#1843 = VERTEX_POINT ( 'NONE', #71 ) ;
#1844 = VERTEX_POINT ( 'NONE', #1429 ) ;
#1845 = DIRECTION ( 'NONE',  ( 0.000000000000000000, 0.000000000000000000, -1.000000000000000000 ) ) ;
#1846 = ORIENTED_EDGE ( 'NONE', *, *, #800, .F. ) ;
#1847 = EDGE_CURVE ( 'NONE', #2465, #1736, #669, .T. ) ;
#1848 = ORIENTED_EDGE ( 'NONE', *, *, #280, .T. ) ;
#1849 = CARTESIAN_POINT ( 'NONE',  ( 12.36887057200560136, 1.313822595168801399, -1.018086571773304971 ) ) ;
#1850 = EDGE_CURVE ( 'NONE', #454, #1380, #1603, .T. ) ;
#1851 = EDGE_CURVE ( 'NONE', #2328, #1760, #1957, .T. ) ;
#1852 = CARTESIAN_POINT ( 'NONE',  ( -5.574214862392945946, 0.000000000000000000, -175.2891549919164902 ) ) ;
#1853 = DIRECTION ( 'NONE',  ( -0.000000000000000000, 1.000000000000000000, -0.000000000000000000 ) ) ;
#1854 = CARTESIAN_POINT ( 'NONE',  ( 12.33237493962465692, 1.339039441179210144, 1.021792176026465215 ) ) ;
#1855 = VERTEX_POINT ( 'NONE', #103 ) ;
#1856 = VERTEX_POINT ( 'NONE', #1246 ) ;
#1857 = EDGE_LOOP ( 'NONE', ( #1244, #305, #2471, #2443 ) ) ;
#1858 = ORIENTED_EDGE ( 'NONE', *, *, #1594, .T. ) ;
#1859 = CARTESIAN_POINT ( 'NONE',  ( 13.00198078427802706, 0.9472440108974630180, -0.9525006082714516653 ) ) ;
#1860 = VECTOR ( 'NONE', #210, 100.0000000000000142 ) ;
#1861 = CARTESIAN_POINT ( 'NONE',  ( 0.000000000000000000, 0.5999999999999999778, 8.673617379884035472E-17 ) ) ;
#1862 = AXIS2_PLACEMENT_3D ( 'NONE', #1863, #2210, #689 ) ;
#1863 = CARTESIAN_POINT ( 'NONE',  ( 12.00000000000000000, 1.399999999999999911, 0.000000000000000000 ) ) ;
#1864 = EDGE_CURVE ( 'NONE', #1694, #1123, #877, .T. ) ;
#1865 = AXIS2_PLACEMENT_3D ( 'NONE', #1103, #190, #1335 ) ;
#1866 = VECTOR ( 'NONE', #45, 100.0000000000000142 ) ;
#1867 = CARTESIAN_POINT ( 'NONE',  ( 12.33013818795337180, 1.340583495899260846, 1.022019325766826858 ) ) ;
#1868 = EDGE_CURVE ( 'NONE', #1546, #456, #2408, .T. ) ;
#1869 = ORIENTED_EDGE ( 'NONE', *, *, #1424, .T. ) ;
#1870 = ORIENTED_EDGE ( 'NONE', *, *, #1729, .T. ) ;
#1871 = AXIS2_PLACEMENT_3D ( 'NONE', #1461, #104, #1275 ) ;
#1872 = CARTESIAN_POINT ( 'NONE',  ( 12.58820536121403144, 0.6999999999999999556, -0.8792488120201480406 ) ) ;
#1873 = CARTESIAN_POINT ( 'NONE',  ( 0.7025285189340022551, 1.500000000000000000, -0.7803548424174721054 ) ) ;
#1874 = ORIENTED_EDGE ( 'NONE', *, *, #1537, .T. ) ;
#1875 = VERTEX_POINT ( 'NONE', #113 ) ;
#1876 = FACE_OUTER_BOUND ( 'NONE', #1836, .T. ) ;
#1877 = FACE_OUTER_BOUND ( 'NONE', #1470, .T. ) ;
#1878 = CYLINDRICAL_SURFACE ( 'NONE', #2233, 0.7500000000000000000 ) ;
#1879 = ADVANCED_FACE ( 'NONE', ( #2437 ), #1676, .F. ) ;
#1880 = FACE_OUTER_BOUND ( 'NONE', #2388, .T. ) ;
#1881 = ORIENTED_EDGE ( 'NONE', *, *, #1202, .T. ) ;
#1882 = CARTESIAN_POINT ( 'NONE',  ( 12.00000000000000000, 1.399999999999999911, 0.000000000000000000 ) ) ;
#1883 = EDGE_CURVE ( 'NONE', #151, #328, #706, .T. ) ;
#1884 = DIRECTION ( 'NONE',  ( 0.000000000000000000, 0.000000000000000000, 1.000000000000000000 ) ) ;
#1885 = ORIENTED_EDGE ( 'NONE', *, *, #2208, .F. ) ;
#1886 = ORIENTED_EDGE ( 'NONE', *, *, #2405, .F. ) ;
#1887 = CYLINDRICAL_SURFACE ( 'NONE', #1865, 1.049999999999999822 ) ;
#1888 = CARTESIAN_POINT ( 'NONE',  ( 13.04999999999999716, 1.500000000000000000, 0.1287012835979300662 ) ) ;
#1889 = FACE_BOUND ( 'NONE', #2296, .T. ) ;
#1890 = CYLINDRICAL_SURFACE ( 'NONE', #820, 0.1000000000000000472 ) ;
#1891 = CYLINDRICAL_SURFACE ( 'NONE', #2274, 0.6000000000000212941 ) ;
#1892 = VERTEX_POINT ( 'NONE', #1449 ) ;
#1893 = CARTESIAN_POINT ( 'NONE',  ( 1.421312923976081777, 1.500000000000000000, 0.5247862180516852382 ) ) ;
#1894 = CARTESIAN_POINT ( 'NONE',  ( 13.26044005974260287, 0.6999999999999999556, 1.884104597186531782 ) ) ;
#1895 = CC_DESIGN_PERSON_AND_ORGANIZATION_ASSIGNMENT ( #2176, #466, ( #2281 ) ) ;
#1896 = EDGE_CURVE ( 'NONE', #334, #1409, #1817, .T. ) ;
#1897 = LINE ( 'NONE', #374, #672 ) ;
#1898 = ORIENTED_EDGE ( 'NONE', *, *, #597, .T. ) ;
#1899 = VERTEX_POINT ( 'NONE', #1236 ) ;
#1900 = DIRECTION ( 'NONE',  ( -0.000000000000000000, 1.000000000000000000, 0.000000000000000000 ) ) ;
#1901 = DIRECTION ( 'NONE',  ( -0.9987637123824266716, 0.000000000000000000, -0.04970962510493451281 ) ) ;
#1902 = CARTESIAN_POINT ( 'NONE',  ( 1.371603298871147070, 1.500000000000000000, -1.523549930434112021 ) ) ;
#1903 = CIRCLE ( 'NONE', #2107, 1.150000000000000133 ) ;
#1904 = AXIS2_PLACEMENT_3D ( 'NONE', #1628, #1640, #125 ) ;
#1905 = CARTESIAN_POINT ( 'NONE',  ( 10.69647007479019507, 0.8999999999999999112, 0.5859263896450848108 ) ) ;
#1906 = ORIENTED_EDGE ( 'NONE', *, *, #957, .F. ) ;
#1907 = AXIS2_PLACEMENT_3D ( 'NONE', #1611, #471, #652 ) ;
#1908 = AXIS2_PLACEMENT_3D ( 'NONE', #2462, #2091, #1738 ) ;
#1909 = DIRECTION ( 'NONE',  ( 0.000000000000000000, 1.000000000000000000, 0.000000000000000000 ) ) ;
#1910 = CARTESIAN_POINT ( 'NONE',  ( 12.00411644743394746, 0.6999999999999999556, 2.252698964856822528 ) ) ;
#1911 = AXIS2_PLACEMENT_3D ( 'NONE', #2266, #1308, #2169 ) ;
#1912 = VECTOR ( 'NONE', #985, 100.0000000000000000 ) ;
#1913 = CARTESIAN_POINT ( 'NONE',  ( 12.35715930542736096, 1.500000000000000000, 0.9959195699536436130 ) ) ;
#1914 = AXIS2_PLACEMENT_3D ( 'NONE', #1471, #1047, #2242 ) ;
#1915 = ORIENTED_EDGE ( 'NONE', *, *, #2494, .F. ) ;
#1916 = ORIENTED_EDGE ( 'NONE', *, *, #42, .F. ) ;
#1917 = CARTESIAN_POINT ( 'NONE',  ( 1.549999999999999822, 0.8999999999999999112, -0.1306959954943301416 ) ) ;
#1918 = CARTESIAN_POINT ( 'NONE',  ( 12.23280550539376144, 0.7000000000007171597, 1.031923261225247801 ) ) ;
#1919 = ADVANCED_FACE ( 'NONE', ( #293 ), #850, .F. ) ;
#1920 = DIRECTION ( 'NONE',  ( -0.000000000000000000, 1.000000000000000000, -0.000000000000000000 ) ) ;
#1921 = DIRECTION ( 'NONE',  ( 0.000000000000000000, 0.000000000000000000, -1.000000000000000000 ) ) ;
#1922 = LINE ( 'NONE', #207, #1385 ) ;
#1923 = CARTESIAN_POINT ( 'NONE',  ( 0.000000000000000000, 0.8999999999999999112, 0.000000000000000000 ) ) ;
#1924 = CARTESIAN_POINT ( 'NONE',  ( 14.00044548212301443, 0.6999999999999999556, -1.066197519410469141 ) ) ;
#1925 = DIRECTION ( 'NONE',  ( 0.000000000000000000, 0.000000000000000000, -1.000000000000000000 ) ) ;
#1926 = VERTEX_POINT ( 'NONE', #310 ) ;
#1927 = VERTEX_POINT ( 'NONE', #1051 ) ;
#1928 = CARTESIAN_POINT ( 'NONE',  ( 11.94780489363981779, 1.500000000000000000, 1.048701898001548116 ) ) ;
#1929 = EDGE_CURVE ( 'NONE', #2310, #2041, #856, .T. ) ;
#1930 = ORIENTED_EDGE ( 'NONE', *, *, #2330, .F. ) ;
#1931 = DIRECTION ( 'NONE',  ( -0.000000000000000000, -1.000000000000000000, -0.000000000000000000 ) ) ;
#1932 = CARTESIAN_POINT ( 'NONE',  ( 9.049999999999998934, 1.099999999999999867, 0.5039796697656828695 ) ) ;
#1933 = APPROVAL ( #1370, 'UNSPECIFIED' ) ;
#1934 = EDGE_CURVE ( 'NONE', #1290, #1843, #983, .T. ) ;
#1935 = DIRECTION ( 'NONE',  ( 0.000000000000000000, 0.000000000000000000, 1.000000000000000000 ) ) ;
#1936 = CARTESIAN_POINT ( 'NONE',  ( 10.70641199981118241, 0.5999999999999999778, -0.5861736471685996541 ) ) ;
#1937 = CYLINDRICAL_SURFACE ( 'NONE', #2356, 0.6500000000000015765 ) ;
#1938 = DIRECTION ( 'NONE',  ( 0.000000000000000000, 0.000000000000000000, 1.000000000000000000 ) ) ;
#1939 = ORIENTED_EDGE ( 'NONE', *, *, #872, .T. ) ;
#1940 = DIRECTION ( 'NONE',  ( 0.000000000000000000, 1.000000000000000000, -0.000000000000000000 ) ) ;
#1941 = CARTESIAN_POINT ( 'NONE',  ( 0.000000000000000000, 1.399999999999999911, 0.7500000000000000000 ) ) ;
#1942 = PLANE ( 'NONE',  #1704 ) ;
#1943 = PLANE ( 'NONE',  #2433 ) ;
#1944 = FACE_BOUND ( 'NONE', #906, .T. ) ;
#1945 = ADVANCED_FACE ( 'NONE', ( #2424 ), #1089, .T. ) ;
#1946 = AXIS2_PLACEMENT_3D ( 'NONE', #1707, #2484, #757 ) ;
#1947 = DIRECTION ( 'NONE',  ( 0.000000000000000000, 0.000000000000000000, 1.000000000000000000 ) ) ;
#1948 = EDGE_CURVE ( 'NONE', #2454, #881, #2192, .T. ) ;
#1949 = CIRCLE ( 'NONE', #1541, 0.7500000000000000000 ) ;
#1950 = CIRCLE ( 'NONE', #1054, 1.049999999999999822 ) ;
#1951 = AXIS2_PLACEMENT_3D ( 'NONE', #398, #2300, #762 ) ;
#1952 = ORIENTED_EDGE ( 'NONE', *, *, #2474, .T. ) ;
#1953 = DIRECTION ( 'NONE',  ( 0.000000000000000000, -1.000000000000000000, 0.000000000000000000 ) ) ;
#1954 = CARTESIAN_POINT ( 'NONE',  ( 10.69647007479019507, 0.8999999999999999112, -0.5859263896450848108 ) ) ;
#1955 = CIRCLE ( 'NONE', #1713, 0.7500000000000012212 ) ;
#1956 = DIRECTION ( 'NONE',  ( 0.000000000000000000, 0.000000000000000000, -1.000000000000000000 ) ) ;
#1957 = LINE ( 'NONE', #1765, #1866 ) ;
#1958 = DIRECTION ( 'NONE',  ( 0.000000000000000000, 1.000000000000000000, -0.000000000000000000 ) ) ;
#1959 = EDGE_CURVE ( 'NONE', #111, #899, #90, .T. ) ;
#1960 = CARTESIAN_POINT ( 'NONE',  ( 12.62765673946164213, 1.146364648427050437, 0.9915548520701219504 ) ) ;
#1961 = APPROVAL_ROLE ( '' ) ;
#1962 = EDGE_CURVE ( 'NONE', #2278, #2205, #2247, .T. ) ;
#1963 = ORIENTED_EDGE ( 'NONE', *, *, #152, .F. ) ;
#1964 = ORIENTED_EDGE ( 'NONE', *, *, #1896, .T. ) ;
#1965 = CARTESIAN_POINT ( 'NONE',  ( 12.00000000000000000, 1.399999999999999911, 0.000000000000000000 ) ) ;
#1966 = DIRECTION ( 'NONE',  ( 0.000000000000000000, 1.000000000000000000, 0.000000000000000000 ) ) ;
#1967 = LINE ( 'NONE', #984, #1421 ) ;
#1968 = DIRECTION ( 'NONE',  ( 0.000000000000000000, 1.000000000000000000, 0.000000000000000000 ) ) ;
#1969 = DIRECTION ( 'NONE',  ( 0.000000000000000000, 0.000000000000000000, 1.000000000000000000 ) ) ;
#1970 = DIRECTION ( 'NONE',  ( 0.000000000000000000, 1.000000000000000000, 0.000000000000000000 ) ) ;
#1971 = ORIENTED_EDGE ( 'NONE', *, *, #1683, .F. ) ;
#1972 = ORIENTED_EDGE ( 'NONE', *, *, #1167, .F. ) ;
#1973 = CARTESIAN_POINT ( 'NONE',  ( -5.574214862392945946, 0.6999999999999999556, 175.2891549919164902 ) ) ;
#1974 = EDGE_CURVE ( 'NONE', #827, #454, #2032, .T. ) ;
#1975 = DESIGN_CONTEXT ( 'detailed design', #2441, 'design' ) ;
#1976 = ORIENTED_EDGE ( 'NONE', *, *, #238, .T. ) ;
#1977 = DIRECTION ( 'NONE',  ( 0.000000000000000000, -1.000000000000000000, 0.000000000000000000 ) ) ;
#1978 = LINE ( 'NONE', #1563, #1988 ) ;
#1979 = PLANE ( 'NONE',  #1787 ) ;
#1980 = DIRECTION ( 'NONE',  ( 0.000000000000000000, 0.000000000000000000, -1.000000000000000000 ) ) ;
#1981 = DIRECTION ( 'NONE',  ( 1.000000000000000000, 0.000000000000000000, 0.000000000000000000 ) ) ;
#1982 = AXIS2_PLACEMENT_3D ( 'NONE', #1965, #444, #1383 ) ;
#1983 = SECURITY_CLASSIFICATION_LEVEL ( 'unclassified' ) ;
#1984 = ORIENTED_EDGE ( 'NONE', *, *, #722, .T. ) ;
#1985 = CIRCLE ( 'NONE', #31, 177.2179337615381201 ) ;
#1986 = AXIS2_PLACEMENT_3D ( 'NONE', #451, #92, #1576 ) ;
#1987 = ORIENTED_EDGE ( 'NONE', *, *, #167, .T. ) ;
#1988 = VECTOR ( 'NONE', #1401, 100.0000000000000000 ) ;
#1989 = VECTOR ( 'NONE', #2209, 100.0000000000000142 ) ;
#1990 = ORIENTED_EDGE ( 'NONE', *, *, #843, .F. ) ;
#1991 = PLANE ( 'NONE',  #427 ) ;
#1992 = PLANE ( 'NONE',  #499 ) ;
#1993 = ADVANCED_FACE ( 'NONE', ( #482, #522, #1068 ), #2235, .F. ) ;
#1994 = AXIS2_PLACEMENT_3D ( 'NONE', #1031, #1627, #283 ) ;
#1995 = AXIS2_PLACEMENT_3D ( 'NONE', #708, #2228, #1643 ) ;
#1996 = CARTESIAN_POINT ( 'NONE',  ( 7.960204194457796709E-17, 1.500000000000000000, 0.6500000000000000222 ) ) ;
#1997 = DIRECTION ( 'NONE',  ( 1.000000000000000000, 0.000000000000000000, 0.000000000000000000 ) ) ;
#1998 = CARTESIAN_POINT ( 'NONE',  ( 0.7025285189340022551, 1.500000000000000000, -0.7803548424174721054 ) ) ;
#1999 = LOCAL_TIME ( 23, 18, 21.00000000000000000, #1759 ) ;
#2000 = CARTESIAN_POINT ( 'NONE',  ( 13.11082100764000025, 0.9001046777429971835, 0.9409964955538703268 ) ) ;
#2001 = ORIENTED_EDGE ( 'NONE', *, *, #2268, .F. ) ;
#2002 = ORIENTED_EDGE ( 'NONE', *, *, #1001, .T. ) ;
#2003 = ORIENTED_EDGE ( 'NONE', *, *, #2223, .F. ) ;
#2004 = ORIENTED_EDGE ( 'NONE', *, *, #972, .T. ) ;
#2005 = CARTESIAN_POINT ( 'NONE',  ( 9.049999999999998934, 1.099999999999999867, -1.050000000000000266 ) ) ;
#2006 = DIRECTION ( 'NONE',  ( -0.000000000000000000, 1.000000000000000000, -0.000000000000000000 ) ) ;
#2007 = PLANE ( 'NONE',  #1782 ) ;
#2008 = EDGE_CURVE ( 'NONE', #543, #1315, #1099, .T. ) ;
#2009 = EDGE_CURVE ( 'NONE', #2448, #49, #1304, .T. ) ;
#2010 = DIRECTION ( 'NONE',  ( -0.000000000000000000, -1.000000000000000000, -0.000000000000000000 ) ) ;
#2011 = ORIENTED_EDGE ( 'NONE', *, *, #530, .F. ) ;
#2012 = ORIENTED_EDGE ( 'NONE', *, *, #280, .F. ) ;
#2013 = CARTESIAN_POINT ( 'NONE',  ( 1.549999999999999600, 1.099999999999999867, -1.050000000000000266 ) ) ;
#2014 = ORIENTED_EDGE ( 'NONE', *, *, #2064, .F. ) ;
#2015 = VERTEX_POINT ( 'NONE', #966 ) ;
#2016 = FACE_BOUND ( 'NONE', #5, .T. ) ;
#2017 = DIRECTION ( 'NONE',  ( 0.000000000000000000, 1.000000000000000000, 0.000000000000000000 ) ) ;
#2018 = DIRECTION ( 'NONE',  ( -0.000000000000000000, -1.000000000000000000, -0.000000000000000000 ) ) ;
#2019 = ADVANCED_FACE ( 'NONE', ( #1699 ), #2287, .F. ) ;
#2020 = DIRECTION ( 'NONE',  ( -0.000000000000000000, 1.000000000000000000, -0.000000000000000000 ) ) ;
#2021 = ORIENTED_EDGE ( 'NONE', *, *, #1758, .F. ) ;
#2022 = ADVANCED_FACE ( 'NONE', ( #1353 ), #1514, .F. ) ;
#2023 = CARTESIAN_POINT ( 'NONE',  ( 12.86496232558330455, 0.6999999999999999556, 0.6090190438080631541 ) ) ;
#2024 = LINE ( 'NONE', #107, #1183 ) ;
#2025 = CARTESIAN_POINT ( 'NONE',  ( 1.949999999999999734, 0.8999999999999999112, 0.1506044581221354650 ) ) ;
#2026 = ORIENTED_EDGE ( 'NONE', *, *, #2008, .T. ) ;
#2027 = AXIS2_PLACEMENT_3D ( 'NONE', #65, #916, #2306 ) ;
#2028 = EDGE_LOOP ( 'NONE', ( #2264, #1673, #1436, #85 ) ) ;
#2029 = CARTESIAN_POINT ( 'NONE',  ( 13.91209094388943868, 0.7000000000000000666, -0.8542860170174381151 ) ) ;
#2030 = CIRCLE ( 'NONE', #931, 0.7500000000000000000 ) ;
#2031 = AXIS2_PLACEMENT_3D ( 'NONE', #954, #1920, #1295 ) ;
#2032 = LINE ( 'NONE', #697, #1989 ) ;
#2033 = DIRECTION ( 'NONE',  ( -0.000000000000000000, -1.000000000000000000, -0.000000000000000000 ) ) ;
#2034 = DIRECTION ( 'NONE',  ( 0.000000000000000000, 0.000000000000000000, 1.000000000000000000 ) ) ;
#2035 = VECTOR ( 'NONE', #1268, 100.0000000000000000 ) ;
#2036 = EDGE_CURVE ( 'NONE', #339, #2170, #1709, .T. ) ;
#2037 = ORIENTED_EDGE ( 'NONE', *, *, #796, .T. ) ;
#2038 = LINE ( 'NONE', #314, #2326 ) ;
#2039 = ADVANCED_FACE ( 'NONE', ( #1889, #19, #2491 ), #1165, .F. ) ;
#2040 = ADVANCED_FACE ( 'NONE', ( #1310 ), #1688, .F. ) ;
#2041 = VERTEX_POINT ( 'NONE', #161 ) ;
#2042 = ORIENTED_EDGE ( 'NONE', *, *, #1110, .T. ) ;
#2043 = FACE_OUTER_BOUND ( 'NONE', #2074, .T. ) ;
#2044 = DIRECTION ( 'NONE',  ( -0.000000000000000000, -1.000000000000000000, -0.000000000000000000 ) ) ;
#2045 = DIRECTION ( 'NONE',  ( 0.9987637123824266716, 0.000000000000000000, 0.04970962510493451281 ) ) ;
#2046 = FACE_OUTER_BOUND ( 'NONE', #1131, .T. ) ;
#2047 = EDGE_LOOP ( 'NONE', ( #1270, #1812, #1492, #1240 ) ) ;
#2048 = ORIENTED_EDGE ( 'NONE', *, *, #330, .F. ) ;
#2049 = DIRECTION ( 'NONE',  ( -0.000000000000000000, -1.000000000000000000, 0.000000000000000000 ) ) ;
#2050 = VERTEX_POINT ( 'NONE', #1524 ) ;
#2051 = EDGE_CURVE ( 'NONE', #16, #2374, #572, .T. ) ;
#2052 = EDGE_LOOP ( 'NONE', ( #2102, #2180, #1822, #759 ) ) ;
#2053 = CARTESIAN_POINT ( 'NONE',  ( 1.244931239874971673, 0.000000000000000000, -0.1155123704696795622 ) ) ;
#2054 = EDGE_CURVE ( 'NONE', #443, #151, #2314, .T. ) ;
#2055 = CARTESIAN_POINT ( 'NONE',  ( 1.949999999999999734, 1.099999999999999867, -1.050000000000000266 ) ) ;
#2056 = FACE_OUTER_BOUND ( 'NONE', #529, .T. ) ;
#2057 = DIRECTION ( 'NONE',  ( 0.000000000000000000, 1.000000000000000000, 0.000000000000000000 ) ) ;
#2058 = ORIENTED_EDGE ( 'NONE', *, *, #2457, .T. ) ;
#2059 = ORIENTED_EDGE ( 'NONE', *, *, #1758, .T. ) ;
#2060 = CARTESIAN_POINT ( 'NONE',  ( 1.244931239874971673, 0.5999999999999999778, 0.1155123704696798398 ) ) ;
#2061 = ORIENTED_EDGE ( 'NONE', *, *, #223, .T. ) ;
#2062 = ORIENTED_EDGE ( 'NONE', *, *, #2340, .T. ) ;
#2063 = DIRECTION ( 'NONE',  ( -0.000000000000000000, -1.000000000000000000, -0.000000000000000000 ) ) ;
#2064 = EDGE_CURVE ( 'NONE', #673, #1899, #1336, .T. ) ;
#2065 = CIRCLE ( 'NONE', #852, 0.6500000000000015765 ) ;
#2066 = DIRECTION ( 'NONE',  ( -0.000000000000000000, 0.000000000000000000, 1.000000000000000000 ) ) ;
#2067 = AXIS2_PLACEMENT_3D ( 'NONE', #2259, #321, #1476 ) ;
#2068 = DIRECTION ( 'NONE',  ( 0.000000000000000000, 0.000000000000000000, -1.000000000000000000 ) ) ;
#2069 = AXIS2_PLACEMENT_3D ( 'NONE', #1465, #1263, #890 ) ;
#2070 = ADVANCED_FACE ( 'NONE', ( #357 ), #1323, .F. ) ;
#2071 = VECTOR ( 'NONE', #1515, 100.0000000000000000 ) ;
#2072 = AXIS2_PLACEMENT_3D ( 'NONE', #679, #2006, #331 ) ;
#2073 = CARTESIAN_POINT ( 'NONE',  ( 12.33684065705219268, 1.335959374254354071, 1.021338593639802950 ) ) ;
#2074 = EDGE_LOOP ( 'NONE', ( #2459, #479, #2251, #1333 ) ) ;
#2075 = VERTEX_POINT ( 'NONE', #2105 ) ;
#2076 = LINE ( 'NONE', #2485, #2118 ) ;
#2077 = EDGE_LOOP ( 'NONE', ( #2026, #1255, #871, #48, #2206 ) ) ;
#2078 = ORIENTED_EDGE ( 'NONE', *, *, #2095, .F. ) ;
#2079 = DIRECTION ( 'NONE',  ( 0.000000000000000000, 0.000000000000000000, -1.000000000000000000 ) ) ;
#2080 = CARTESIAN_POINT ( 'NONE',  ( 1.249902202385465344, 0.5999999999999999778, 0.01563599923143713100 ) ) ;
#2081 = CARTESIAN_POINT ( 'NONE',  ( 9.184850993605148438E-17, 0.000000000000000000, 0.7500000000000000000 ) ) ;
#2082 = CARTESIAN_POINT ( 'NONE',  ( 10.69647007479019507, 0.000000000000000000, 0.5859263896450848108 ) ) ;
#2083 = EDGE_CURVE ( 'NONE', #531, #1291, #382, .T. ) ;
#2084 = ORIENTED_EDGE ( 'NONE', *, *, #2382, .T. ) ;
#2085 = CYLINDRICAL_SURFACE ( 'NONE', #2473, 177.2179337615380916 ) ;
#2086 = LINE ( 'NONE', #1540, #461 ) ;
#2087 = DIRECTION ( 'NONE',  ( 0.000000000000000000, 1.000000000000000000, 0.000000000000000000 ) ) ;
#2088 = ORIENTED_EDGE ( 'NONE', *, *, #1561, .F. ) ;
#2089 = ORIENTED_EDGE ( 'NONE', *, *, #1868, .T. ) ;
#2090 = CARTESIAN_POINT ( 'NONE',  ( 10.70641199981118241, 0.5999999999999999778, -0.3861736471685992544 ) ) ;
#2091 = DIRECTION ( 'NONE',  ( -0.000000000000000000, -1.000000000000000000, -0.000000000000000000 ) ) ;
#2092 = DIRECTION ( 'NONE',  ( 0.000000000000000000, 1.000000000000000000, -0.000000000000000000 ) ) ;
#2093 = DIRECTION ( 'NONE',  ( -0.000000000000000000, -1.000000000000000000, -0.000000000000000000 ) ) ;
#2094 = ORIENTED_EDGE ( 'NONE', *, *, #30, .F. ) ;
#2095 = EDGE_CURVE ( 'NONE', #2241, #2328, #1727, .T. ) ;
#2096 = DIRECTION ( 'NONE',  ( 0.000000000000000000, -1.000000000000000000, 0.000000000000000000 ) ) ;
#2097 = PRODUCT_DEFINITION_SHAPE ( 'NONE', 'NONE',  #778 ) ;
#2098 = CARTESIAN_POINT ( 'NONE',  ( 12.76808401230560897, 0.6999999999999999556, 2.132746170407521014 ) ) ;
#2099 = CARTESIAN_POINT ( 'NONE',  ( 10.89805466650582311, 0.8999999999999999112, 0.3289627364769551199 ) ) ;
#2100 = ADVANCED_FACE ( 'NONE', ( #773 ), #1535, .F. ) ;
#2101 = EDGE_LOOP ( 'NONE', ( #188, #287, #33, #1038 ) ) ;
#2102 = ORIENTED_EDGE ( 'NONE', *, *, #601, .F. ) ;
#2103 = FACE_OUTER_BOUND ( 'NONE', #1072, .T. ) ;
#2104 = ORIENTED_EDGE ( 'NONE', *, *, #1527, .T. ) ;
#2105 = CARTESIAN_POINT ( 'NONE',  ( 10.70641199981118241, 0.8999999999999999112, 0.5861736471685996541 ) ) ;
#2106 = FACE_BOUND ( 'NONE', #1835, .T. ) ;
#2107 = AXIS2_PLACEMENT_3D ( 'NONE', #1923, #1114, #1139 ) ;
#2108 = CIRCLE ( 'NONE', #2067, 0.6500000000000015765 ) ;
#2109 = VECTOR ( 'NONE', #436, 100.0000000000000000 ) ;
#2110 = DIRECTION ( 'NONE',  ( -1.000000000000000000, 0.000000000000000000, -0.000000000000000000 ) ) ;
#2111 = CARTESIAN_POINT ( 'NONE',  ( 12.00000000000000000, 0.000000000000000000, -0.7500000000000012212 ) ) ;
#2112 = CIRCLE ( 'NONE', #1346, 0.1000000000000000472 ) ;
#2113 = AXIS2_PLACEMENT_3D ( 'NONE', #1441, #1660, #886 ) ;
#2114 = DIRECTION ( 'NONE',  ( -0.000000000000000000, -1.000000000000000000, -0.000000000000000000 ) ) ;
#2115 = CARTESIAN_POINT ( 'NONE',  ( 13.85349069767843133, 0.6999999999999999556, -1.305040808158767440 ) ) ;
#2116 = CARTESIAN_POINT ( 'NONE',  ( 1.249902202385465344, 0.000000000000000000, -0.01563599923143695752 ) ) ;
#2117 = AXIS2_PLACEMENT_3D ( 'NONE', #1019, #1958, #72 ) ;
#2118 = VECTOR ( 'NONE', #758, 100.0000000000000142 ) ;
#2119 = ORIENTED_EDGE ( 'NONE', *, *, #1896, .F. ) ;
#2120 = VERTEX_POINT ( 'NONE', #1551 ) ;
#2121 = EDGE_CURVE ( 'NONE', #2377, #1418, #2276, .T. ) ;
#2122 = LINE ( 'NONE', #761, #2234 ) ;
#2123 = CARTESIAN_POINT ( 'NONE',  ( 12.23280550539376321, 1.500000000000000000, 1.031923261225251798 ) ) ;
#2124 = DIRECTION ( 'NONE',  ( 0.000000000000000000, 0.000000000000000000, -1.000000000000000000 ) ) ;
#2125 = DIRECTION ( 'NONE',  ( 0.9987637123824266716, 0.000000000000000000, -0.04970962510493456138 ) ) ;
#2126 = FACE_OUTER_BOUND ( 'NONE', #639, .T. ) ;
#2127 = LINE ( 'NONE', #1158, #741 ) ;
#2128 = CARTESIAN_POINT ( 'NONE',  ( 10.69647007479019507, 0.8999999999999999112, -0.5859263896450848108 ) ) ;
#2129 = DIRECTION ( 'NONE',  ( -0.000000000000000000, -1.000000000000000000, -0.000000000000000000 ) ) ;
#2130 = ORIENTED_EDGE ( 'NONE', *, *, #1762, .T. ) ;
#2131 = ORIENTED_EDGE ( 'NONE', *, *, #1087, .F. ) ;
#2132 = CYLINDRICAL_SURFACE ( 'NONE', #419, 1.149999999999999467 ) ;
#2133 = ORIENTED_EDGE ( 'NONE', *, *, #1129, .F. ) ;
#2134 = ADVANCED_FACE ( 'NONE', ( #1877 ), #912, .F. ) ;
#2135 = CARTESIAN_POINT ( 'NONE',  ( 14.08953182548583527, 0.6999999999999999556, 0.8344752026256951893 ) ) ;
#2136 = LINE ( 'NONE', #215, #2071 ) ;
#2137 = EDGE_CURVE ( 'NONE', #670, #1081, #1197, .T. ) ;
#2138 = DIRECTION ( 'NONE',  ( -0.9987637123824266716, 0.000000000000000000, -0.04970962510493454056 ) ) ;
#2139 = CARTESIAN_POINT ( 'NONE',  ( 1.949999999999999734, 1.500000000000000000, -0.5510995852887500268 ) ) ;
#2140 = LINE ( 'NONE', #2466, #1339 ) ;
#2141 = CARTESIAN_POINT ( 'NONE',  ( 0.000000000000000000, 0.000000000000000000, 0.000000000000000000 ) ) ;
#2142 = APPROVAL_ROLE ( '' ) ;
#2143 = ORIENTED_EDGE ( 'NONE', *, *, #1792, .F. ) ;
#2144 = CARTESIAN_POINT ( 'NONE',  ( 14.08953182548584060, 0.6999999999999999556, -0.8344752026256951893 ) ) ;
#2145 = CARTESIAN_POINT ( 'NONE',  ( 0.7025285189340024772, 0.000000000000000000, 0.7803548424174718834 ) ) ;
#2146 = CARTESIAN_POINT ( 'NONE',  ( 1.244931239874971007, 1.099999999999999867, 0.1155123704696797565 ) ) ;
#2147 = ADVANCED_FACE ( 'NONE', ( #214 ), #1586, .F. ) ;
#2148 = DIRECTION ( 'NONE',  ( -0.000000000000000000, -0.000000000000000000, 1.000000000000000000 ) ) ;
#2149 = CARTESIAN_POINT ( 'NONE',  ( 0.000000000000000000, 1.500000000000000000, 0.000000000000000000 ) ) ;
#2150 = CIRCLE ( 'NONE', #1381, 0.7500000000000012212 ) ;
#2151 = CARTESIAN_POINT ( 'NONE',  ( 12.69920695403036426, 1.103612557158443419, 0.9841584754853157646 ) ) ;
#2152 = CIRCLE ( 'NONE', #464, 0.7500000000000012212 ) ;
#2153 = CIRCLE ( 'NONE', #2477, 0.7500000000000012212 ) ;
#2154 = PERSON_AND_ORGANIZATION ( #1431, #2406 ) ;
#2155 = ORIENTED_EDGE ( 'NONE', *, *, #2470, .F. ) ;
#2156 = AXIS2_PLACEMENT_3D ( 'NONE', #839, #1966, #625 ) ;
#2157 = EDGE_LOOP ( 'NONE', ( #1319, #1870, #1684, #622 ) ) ;
#2158 = CARTESIAN_POINT ( 'NONE',  ( 12.00000000000000000, 0.8999999999999999112, 0.000000000000000000 ) ) ;
#2159 = CARTESIAN_POINT ( 'NONE',  ( 16.12346099368908980, 0.6999999999999999556, -0.5954859212494056919 ) ) ;
#2160 = CIRCLE ( 'NONE', #1154, 0.2000000000000003442 ) ;
#2161 = FACE_BOUND ( 'NONE', #660, .T. ) ;
#2162 = CARTESIAN_POINT ( 'NONE',  ( 1.949999999999998845, 0.8999999999999999112, -0.1506044581221355483 ) ) ;
#2163 = CARTESIAN_POINT ( 'NONE',  ( 0.000000000000000000, 1.500000000000000000, 0.000000000000000000 ) ) ;
#2164 = EDGE_CURVE ( 'NONE', #1396, #1437, #896, .T. ) ;
#2165 = CARTESIAN_POINT ( 'NONE',  ( 12.56455963785504970, 1.185406399530606558, 0.9980564505335451919 ) ) ;
#2166 = DIRECTION ( 'NONE',  ( 0.000000000000000000, 0.000000000000000000, 1.000000000000000000 ) ) ;
#2167 = ORIENTED_EDGE ( 'NONE', *, *, #1222, .T. ) ;
#2168 = ORIENTED_EDGE ( 'NONE', *, *, #2352, .T. ) ;
#2169 = DIRECTION ( 'NONE',  ( 0.000000000000000000, -0.000000000000000000, 1.000000000000000000 ) ) ;
#2170 = VERTEX_POINT ( 'NONE', #2145 ) ;
#2171 = DIRECTION ( 'NONE',  ( -0.000000000000000000, -1.000000000000000000, -0.000000000000000000 ) ) ;
#2172 = DIRECTION ( 'NONE',  ( -0.000000000000000000, -0.000000000000000000, 1.000000000000000000 ) ) ;
#2173 = FACE_OUTER_BOUND ( 'NONE', #919, .T. ) ;
#2174 = CARTESIAN_POINT ( 'NONE',  ( 16.05000000000000071, 0.000000000000000000, 0.000000000000000000 ) ) ;
#2175 = CARTESIAN_POINT ( 'NONE',  ( 12.00000000000000000, 1.500000000000000000, 0.6500000000000015765 ) ) ;
#2176 = PERSON_AND_ORGANIZATION ( #1431, #2406 ) ;
#2177 = ORIENTED_EDGE ( 'NONE', *, *, #425, .F. ) ;
#2178 = ORIENTED_EDGE ( 'NONE', *, *, #141, .T. ) ;
#2179 = ADVANCED_FACE ( 'NONE', ( #651 ), #1991, .F. ) ;
#2180 = ORIENTED_EDGE ( 'NONE', *, *, #1792, .T. ) ;
#2181 = DIRECTION ( 'NONE',  ( -0.9987637123824266716, 0.000000000000000000, 0.04970962510493451975 ) ) ;
#2182 = DIRECTION ( 'NONE',  ( 0.000000000000000000, 0.000000000000000000, -1.000000000000000000 ) ) ;
#2183 = DIRECTION ( 'NONE',  ( 0.000000000000000000, -1.000000000000000000, 0.000000000000000000 ) ) ;
#2184 = LINE ( 'NONE', #1756, #1343 ) ;
#2185 = FACE_BOUND ( 'NONE', #770, .T. ) ;
#2186 = CARTESIAN_POINT ( 'NONE',  ( 16.12346099368908625, 0.6999999999999999556, 0.5954859212493922582 ) ) ;
#2187 = CIRCLE ( 'NONE', #1946, 1.000000000000000000 ) ;
#2188 = PERSON_AND_ORGANIZATION ( #1431, #2406 ) ;
#2189 = EDGE_LOOP ( 'NONE', ( #326, #488, #2285, #2058 ) ) ;
#2190 = AXIS2_PLACEMENT_3D ( 'NONE', #285, #1981, #1405 ) ;
#2191 = AXIS2_PLACEMENT_3D ( 'NONE', #1132, #18, #584 ) ;
#2192 = CIRCLE ( 'NONE', #1464, 1.050000000000000266 ) ;
#2193 = VERTEX_POINT ( 'NONE', #43 ) ;
#2194 = ADVANCED_FACE ( 'NONE', ( #407 ), #1027, .F. ) ;
#2195 = ORIENTED_EDGE ( 'NONE', *, *, #1544, .F. ) ;
#2196 = DIRECTION ( 'NONE',  ( 0.000000000000000000, 0.000000000000000000, 1.000000000000000000 ) ) ;
#2197 = CIRCLE ( 'NONE', #861, 0.1000000000000003109 ) ;
#2198 = DIRECTION ( 'NONE',  ( 0.000000000000000000, -1.000000000000000000, 0.000000000000000000 ) ) ;
#2199 = DIRECTION ( 'NONE',  ( -0.000000000000000000, -1.000000000000000000, -0.000000000000000000 ) ) ;
#2200 = LINE ( 'NONE', #1237, #2439 ) ;
#2201 = CARTESIAN_POINT ( 'NONE',  ( 13.04123658583380774, 0.9297407366424644826, 0.9483580860206302088 ) ) ;
#2202 = ORIENTED_EDGE ( 'NONE', *, *, #2137, .F. ) ;
#2203 = VERTEX_POINT ( 'NONE', #266 ) ;
#2204 = DIRECTION ( 'NONE',  ( -0.000000000000000000, -1.000000000000000000, -0.000000000000000000 ) ) ;
#2205 = VERTEX_POINT ( 'NONE', #79 ) ;
#2206 = ORIENTED_EDGE ( 'NONE', *, *, #750, .T. ) ;
#2207 = CARTESIAN_POINT ( 'NONE',  ( 13.54664033324664629, 0.7620464428091046072, -0.8942407940700259905 ) ) ;
#2208 = EDGE_CURVE ( 'NONE', #157, #1467, #749, .T. ) ;
#2209 = DIRECTION ( 'NONE',  ( -0.9987637123824266716, 0.000000000000000000, 0.04970962510493453362 ) ) ;
#2210 = DIRECTION ( 'NONE',  ( -0.000000000000000000, 1.000000000000000000, -0.000000000000000000 ) ) ;
#2211 = EDGE_CURVE ( 'NONE', #1855, #934, #640, .T. ) ;
#2212 = CARTESIAN_POINT ( 'NONE',  ( 0.000000000000000000, 1.500000000000000000, -1.050000000000000266 ) ) ;
#2213 = ORIENTED_EDGE ( 'NONE', *, *, #616, .T. ) ;
#2214 = ORIENTED_EDGE ( 'NONE', *, *, #1537, .F. ) ;
#2215 = CARTESIAN_POINT ( 'NONE',  ( 12.00000000000000000, 0.000000000000000000, 0.000000000000000000 ) ) ;
#2216 = VERTEX_POINT ( 'NONE', #51 ) ;
#2217 = ORIENTED_EDGE ( 'NONE', *, *, #138, .F. ) ;
#2218 = CARTESIAN_POINT ( 'NONE',  ( 12.89936441416527657, 0.9956889063967508946, -0.9632936373840139677 ) ) ;
#2219 = CARTESIAN_POINT ( 'NONE',  ( 10.69647007479019507, 1.099999999999999867, -0.5859263896450848108 ) ) ;
#2220 = DIRECTION ( 'NONE',  ( 0.000000000000000000, 1.000000000000000000, -0.000000000000000000 ) ) ;
#2221 = EDGE_CURVE ( 'NONE', #247, #1334, #2366, .T. ) ;
#2222 = CARTESIAN_POINT ( 'NONE',  ( 1.949999999999999734, 1.099999999999999867, 0.5510995852887501378 ) ) ;
#2223 = EDGE_CURVE ( 'NONE', #2455, #564, #604, .T. ) ;
#2224 = EDGE_CURVE ( 'NONE', #863, #1892, #1127, .T. ) ;
#2225 = VERTEX_POINT ( 'NONE', #1941 ) ;
#2226 = CARTESIAN_POINT ( 'NONE',  ( 1.149910026194627344, 0.8999999999999999112, -0.01438511929292228195 ) ) ;
#2227 = VECTOR ( 'NONE', #814, 100.0000000000000000 ) ;
#2228 = DIRECTION ( 'NONE',  ( -0.000000000000000000, -1.000000000000000000, -0.000000000000000000 ) ) ;
#2229 = ORIENTED_EDGE ( 'NONE', *, *, #1851, .F. ) ;
#2230 = VECTOR ( 'NONE', #1250, 100.0000000000000000 ) ;
#2231 = ORIENTED_EDGE ( 'NONE', *, *, #1680, .T. ) ;
#2232 = CARTESIAN_POINT ( 'NONE',  ( 9.049999999999998934, 0.8999999999999999112, -0.9044747969322977088 ) ) ;
#2233 = AXIS2_PLACEMENT_3D ( 'NONE', #1090, #2018, #1069 ) ;
#2234 = VECTOR ( 'NONE', #1712, 100.0000000000000000 ) ;
#2235 = PLANE ( 'NONE',  #1589 ) ;
#2236 = CARTESIAN_POINT ( 'NONE',  ( 16.05000000000000071, 0.6999999999999999556, 0.000000000000000000 ) ) ;
#2237 = VECTOR ( 'NONE', #2350, 100.0000000000000142 ) ;
#2238 = CARTESIAN_POINT ( 'NONE',  ( 10.89805466650582311, 1.500000000000000000, 0.3289627364769551199 ) ) ;
#2239 = ORIENTED_EDGE ( 'NONE', *, *, #626, .T. ) ;
#2240 = EDGE_CURVE ( 'NONE', #1856, #1422, #2160, .T. ) ;
#2241 = VERTEX_POINT ( 'NONE', #1012 ) ;
#2242 = DIRECTION ( 'NONE',  ( 0.000000000000000000, 0.000000000000000000, -1.000000000000000000 ) ) ;
#2243 = ORIENTED_EDGE ( 'NONE', *, *, #2427, .T. ) ;
#2244 = VERTEX_POINT ( 'NONE', #980 ) ;
#2245 = CARTESIAN_POINT ( 'NONE',  ( 13.54123687996567149, 0.7632759555177517363, -0.8948271369358126170 ) ) ;
#2246 = DIRECTION ( 'NONE',  ( 0.000000000000000000, 0.000000000000000000, -1.000000000000000000 ) ) ;
#2247 = LINE ( 'NONE', #2219, #180 ) ;
#2248 = CARTESIAN_POINT ( 'NONE',  ( 7.960204194457796709E-17, 0.1000000000000000888, 0.6500000000000000222 ) ) ;
#2249 = DIRECTION ( 'NONE',  ( 0.9987637123824266716, 0.000000000000000000, 0.04970962510493454056 ) ) ;
#2250 = VERTEX_POINT ( 'NONE', #1752 ) ;
#2251 = ORIENTED_EDGE ( 'NONE', *, *, #110, .T. ) ;
#2252 = EDGE_CURVE ( 'NONE', #1362, #306, #32, .T. ) ;
#2253 = DIRECTION ( 'NONE',  ( -0.000000000000000000, -1.000000000000000000, -0.000000000000000000 ) ) ;
#2254 = ORIENTED_EDGE ( 'NONE', *, *, #1056, .T. ) ;
#2255 = ORIENTED_EDGE ( 'NONE', *, *, #223, .F. ) ;
#2256 = CARTESIAN_POINT ( 'NONE',  ( 12.32757868907109255, 1.342351426492300659, -1.022279221673830119 ) ) ;
#2257 = EDGE_CURVE ( 'NONE', #636, #335, #614, .T. ) ;
#2258 = DIRECTION ( 'NONE',  ( 0.000000000000000000, 0.000000000000000000, -1.000000000000000000 ) ) ;
#2259 = CARTESIAN_POINT ( 'NONE',  ( 12.00000000000000000, 1.399999999999999911, 0.000000000000000000 ) ) ;
#2260 = CARTESIAN_POINT ( 'NONE',  ( 0.000000000000000000, 1.399999999999999911, 0.7500000000000000000 ) ) ;
#2261 = ORIENTED_EDGE ( 'NONE', *, *, #2268, .T. ) ;
#2262 = EDGE_LOOP ( 'NONE', ( #393, #870, #1085, #2012 ) ) ;
#2263 = CARTESIAN_POINT ( 'NONE',  ( 13.02659510854311797, 1.500000000000000222, 0.2560317830219758228 ) ) ;
#2264 = ORIENTED_EDGE ( 'NONE', *, *, #2208, .T. ) ;
#2265 = ORIENTED_EDGE ( 'NONE', *, *, #1251, .T. ) ;
#2266 = CARTESIAN_POINT ( 'NONE',  ( 8.649999999999998579, 1.099999999999999867, -1.050000000000000266 ) ) ;
#2267 = AXIS2_PLACEMENT_3D ( 'NONE', #777, #1539, #2322 ) ;
#2268 = EDGE_CURVE ( 'NONE', #2241, #2250, #2430, .T. ) ;
#2269 = EDGE_CURVE ( 'NONE', #164, #1899, #2420, .T. ) ;
#2270 = FACE_OUTER_BOUND ( 'NONE', #17, .T. ) ;
#2271 = DIRECTION ( 'NONE',  ( 0.000000000000000000, 0.000000000000000000, -1.000000000000000000 ) ) ;
#2272 = VECTOR ( 'NONE', #663, 100.0000000000000142 ) ;
#2273 = CARTESIAN_POINT ( 'NONE',  ( 0.000000000000000000, 0.1000000000000000056, 0.000000000000000000 ) ) ;
#2274 = AXIS2_PLACEMENT_3D ( 'NONE', #925, #2093, #1136 ) ;
#2275 = AXIS2_PLACEMENT_3D ( 'NONE', #1052, #149, #867 ) ;
#2276 = CIRCLE ( 'NONE', #1146, 0.1000000000000003109 ) ;
#2277 = DIRECTION ( 'NONE',  ( 0.000000000000000000, 0.000000000000000000, -1.000000000000000000 ) ) ;
#2278 = VERTEX_POINT ( 'NONE', #730 ) ;
#2279 = ORIENTED_EDGE ( 'NONE', *, *, #675, .F. ) ;
#2280 = DIRECTION ( 'NONE',  ( 0.000000000000000000, 0.000000000000000000, 1.000000000000000000 ) ) ;
#2281 = PRODUCT_DEFINITION_FORMATION_WITH_SPECIFIED_SOURCE ( 'ANY', '', #2348, .NOT_KNOWN. ) ;
#2282 = CARTESIAN_POINT ( 'NONE',  ( 12.00000000000000000, 0.1000000000000000888, 0.000000000000000000 ) ) ;
#2283 = CARTESIAN_POINT ( 'NONE',  ( 10.69647007479019507, 0.8999999999999999112, -0.5859263896450851439 ) ) ;
#2284 = EDGE_LOOP ( 'NONE', ( #1112, #709, #1906, #1371 ) ) ;
#2285 = ORIENTED_EDGE ( 'NONE', *, *, #674, .T. ) ;
#2286 = FACE_OUTER_BOUND ( 'NONE', #2047, .T. ) ;
#2287 = CYLINDRICAL_SURFACE ( 'NONE', #1908, 0.7500000000000000000 ) ;
#2288 = DIRECTION ( 'NONE',  ( 0.000000000000000000, 0.000000000000000000, -1.000000000000000000 ) ) ;
#2289 = ADVANCED_FACE ( 'NONE', ( #315 ), #1073, .F. ) ;
#2290 = CARTESIAN_POINT ( 'NONE',  ( 1.371603298871147070, 1.500000000000000000, 0.5235499304341119098 ) ) ;
#2291 = EDGE_CURVE ( 'NONE', #235, #339, #1062, .T. ) ;
#2292 = ORIENTED_EDGE ( 'NONE', *, *, #513, .T. ) ;
#2293 = CARTESIAN_POINT ( 'NONE',  ( 0.000000000000000000, 0.1000000000000000056, 0.000000000000000000 ) ) ;
#2294 = CARTESIAN_POINT ( 'NONE',  ( 12.00411644743423345, 0.6999999999999999556, -2.252698964856691077 ) ) ;
#2295 = CARTESIAN_POINT ( 'NONE',  ( 0.000000000000000000, 1.500000000000000000, 0.000000000000000000 ) ) ;
#2296 = EDGE_LOOP ( 'NONE', ( #277, #650, #909, #2400 ) ) ;
#2297 = ORIENTED_EDGE ( 'NONE', *, *, #1513, .T. ) ;
#2298 = ORIENTED_EDGE ( 'NONE', *, *, #272, .T. ) ;
#2299 = CARTESIAN_POINT ( 'NONE',  ( 0.000000000000000000, 0.1000000000000000056, 0.000000000000000000 ) ) ;
#2300 = DIRECTION ( 'NONE',  ( 0.000000000000000000, 1.000000000000000000, 0.000000000000000000 ) ) ;
#2301 = CARTESIAN_POINT ( 'NONE',  ( 1.244931239874971007, 1.500000000000000000, 0.1155123704696798814 ) ) ;
#2302 = ADVANCED_FACE ( 'NONE', ( #693 ), #517, .F. ) ;
#2303 = CARTESIAN_POINT ( 'NONE',  ( 8.649999999999998579, 1.099999999999999867, -1.050000000000000266 ) ) ;
#2304 = CARTESIAN_POINT ( 'NONE',  ( 12.00000000000000000, 1.399999999999999911, 0.000000000000000000 ) ) ;
#2305 =( BOUNDED_SURFACE ( )  B_SPLINE_SURFACE ( 2, 3, ( 
 ( #587, #2450, #571, #2123, #1534, #344, #1133, #1687, #381, #2313, #1888, #1351, #1726, #175, #772, #193, #160, #1698, #1322, #938, #922, #1715 ),
 ( #1106, #1294, #1152, #1918, #953, #135, #720, #2023, #527, #1641, #1454, #498, #1266, #1288, #313, #1115, #1872, #907, #1071, #1302, #1170, #555 ),
 ( #2308, #1910, #2336, #1126, #2098, #1894, #186, #1721, #946, #3, #767, #1529, #1341, #1924, #2115, #608, #1369, #578, #804, #402, #2294, #795 ) ),
 .UNSPECIFIED., .F., .F., .T. ) 
 B_SPLINE_SURFACE_WITH_KNOTS ( ( 3, 3 ),
 ( 4, 2, 2, 2, 2, 2, 2, 2, 2, 2, 4 ),
 ( 0.000000000000000000, 1.000000000000000000 ),
 ( -0.04716266754031141206, 0.09992451376288931375, 0.4676424670208911283, 0.8353604202788929012, 1.203078373536894841, 1.570796326794896558, 1.938514280052898275, 2.306232233310899993, 2.673950186568902154, 3.041668139826903872, 3.188755321130104736 ),
 .UNSPECIFIED. ) 
 GEOMETRIC_REPRESENTATION_ITEM ( )  RATIONAL_B_SPLINE_SURFACE ( (
 ( 1.000000000000000000, 1.000000000000000000, 1.000000000000000000, 1.000000000000000000, 1.000000000000000000, 1.000000000000000000, 1.000000000000000000, 1.000000000000000000, 1.000000000000000000, 1.000000000000000000, 1.000000000000000000, 1.000000000000000000, 1.000000000000000000, 1.000000000000000000, 1.000000000000000000, 1.000000000000000000, 1.000000000000000000, 1.000000000000000000, 1.000000000000000000, 1.000000000000000000, 1.000000000000000000, 1.000000000000000000),
 ( 0.7071067811865475727, 0.7071067811865475727, 0.7071067811865473507, 0.7071067811865473507, 0.7071067811865475727, 0.7071067811865475727, 0.7071067811865475727, 0.7071067811865475727, 0.7071067811865475727, 0.7071067811865475727, 0.7071067811865475727, 0.7071067811865475727, 0.7071067811865475727, 0.7071067811865475727, 0.7071067811865475727, 0.7071067811865475727, 0.7071067811865475727, 0.7071067811865475727, 0.7071067811865473507, 0.7071067811865473507, 0.7071067811865475727, 0.7071067811865475727),
 ( 1.000000000000000000, 1.000000000000000000, 1.000000000000000000, 1.000000000000000000, 1.000000000000000000, 1.000000000000000000, 1.000000000000000000, 1.000000000000000000, 1.000000000000000000, 1.000000000000000000, 1.000000000000000000, 1.000000000000000000, 1.000000000000000000, 1.000000000000000000, 1.000000000000000000, 1.000000000000000000, 1.000000000000000000, 1.000000000000000000, 1.000000000000000000, 1.000000000000000000, 1.000000000000000000, 1.000000000000000000) ) ) 
 REPRESENTATION_ITEM ( '' )  SURFACE ( )  );
#2306 = DIRECTION ( 'NONE',  ( 0.000000000000000000, 0.000000000000000000, 1.000000000000000000 ) ) ;
#2307 = ADVANCED_FACE ( 'NONE', ( #908 ), #1682, .F. ) ;
#2308 = CARTESIAN_POINT ( 'NONE',  ( 11.89392333293427484, 0.6999999999999999556, 2.247498106941188567 ) ) ;
#2309 = CARTESIAN_POINT ( 'NONE',  ( 12.10474622260422528, 1.500000000000000000, -1.044762283416732940 ) ) ;
#2310 = VERTEX_POINT ( 'NONE', #1456 ) ;
#2311 = ORIENTED_EDGE ( 'NONE', *, *, #11, .T. ) ;
#2312 = DIRECTION ( 'NONE',  ( -0.000000000000000000, -1.000000000000000000, -0.000000000000000000 ) ) ;
#2313 = CARTESIAN_POINT ( 'NONE',  ( 13.02607407016628471, 1.500000000000000000, 0.2573636006352398309 ) ) ;
#2314 = LINE ( 'NONE', #148, #1547 ) ;
#2315 = CARTESIAN_POINT ( 'NONE',  ( 0.000000000000000000, 0.000000000000000000, 0.000000000000000000 ) ) ;
#2316 = VECTOR ( 'NONE', #2335, 100.0000000000000000 ) ;
#2317 = VECTOR ( 'NONE', #1190, 100.0000000000000000 ) ;
#2318 = AXIS2_PLACEMENT_3D ( 'NONE', #1367, #1690, #592 ) ;
#2319 = DIRECTION ( 'NONE',  ( -0.000000000000000000, -1.000000000000000000, -0.000000000000000000 ) ) ;
#2320 = VECTOR ( 'NONE', #1013, 100.0000000000000000 ) ;
#2321 = AXIS2_PLACEMENT_3D ( 'NONE', #1228, #1968, #1376 ) ;
#2322 = DIRECTION ( 'NONE',  ( 0.9987637123824266716, 0.000000000000000000, 0.04970962510493453362 ) ) ;
#2323 = DIRECTION ( 'NONE',  ( -0.000000000000000000, 1.000000000000000000, -0.000000000000000000 ) ) ;
#2324 = EDGE_CURVE ( 'NONE', #1409, #2454, #1354, .T. ) ;
#2325 = DIRECTION ( 'NONE',  ( 0.000000000000000000, -1.000000000000000000, 0.000000000000000000 ) ) ;
#2326 = VECTOR ( 'NONE', #117, 100.0000000000000000 ) ;
#2327 = ORIENTED_EDGE ( 'NONE', *, *, #1590, .T. ) ;
#2328 = VERTEX_POINT ( 'NONE', #118 ) ;
#2329 = CARTESIAN_POINT ( 'NONE',  ( 10.70641199981118241, 0.000000000000000000, -0.3861736471685992544 ) ) ;
#2330 = EDGE_CURVE ( 'NONE', #49, #2448, #1955, .T. ) ;
#2331 = VERTEX_POINT ( 'NONE', #325 ) ;
#2332 = DIRECTION ( 'NONE',  ( 0.000000000000000000, 0.000000000000000000, -1.000000000000000000 ) ) ;
#2333 = LINE ( 'NONE', #1135, #1185 ) ;
#2334 = FACE_BOUND ( 'NONE', #648, .T. ) ;
#2335 = DIRECTION ( 'NONE',  ( -0.000000000000000000, -0.000000000000000000, 1.000000000000000000 ) ) ;
#2336 = CARTESIAN_POINT ( 'NONE',  ( 12.11469109176022130, 0.6999999999999999556, 2.249781197771457020 ) ) ;
#2337 = PERSON_AND_ORGANIZATION ( #1431, #2406 ) ;
#2338 = ORIENTED_EDGE ( 'NONE', *, *, #1330, .T. ) ;
#2339 = LINE ( 'NONE', #2364, #783 ) ;
#2340 = EDGE_CURVE ( 'NONE', #142, #2454, #882, .T. ) ;
#2341 = DIRECTION ( 'NONE',  ( 0.000000000000000000, 0.000000000000000000, 1.000000000000000000 ) ) ;
#2342 = CARTESIAN_POINT ( 'NONE',  ( 8.649999999999998579, 1.099999999999999867, 0.8845663343044916083 ) ) ;
#2343 = DIRECTION ( 'NONE',  ( 0.000000000000000000, -0.000000000000000000, 1.000000000000000000 ) ) ;
#2344 = CARTESIAN_POINT ( 'NONE',  ( 13.03709565716795460, 0.9315591891546770587, 0.9487954300332505087 ) ) ;
#2345 = PERSON_AND_ORGANIZATION ( #1431, #2406 ) ;
#2346 = VERTEX_POINT ( 'NONE', #897 ) ;
#2347 = ORIENTED_EDGE ( 'NONE', *, *, #2064, .T. ) ;
#2348 = PRODUCT ( '바디_암', '바디_암', '', ( #1578 ) ) ;
#2349 = CYLINDRICAL_SURFACE ( 'NONE', #815, 0.7500000000000000000 ) ;
#2350 = DIRECTION ( 'NONE',  ( 0.9987637123824266716, 0.000000000000000000, 0.04970962510493454056 ) ) ;
#2351 = LINE ( 'NONE', #1775, #1463 ) ;
#2352 = EDGE_CURVE ( 'NONE', #1252, #1286, #1022, .T. ) ;
#2353 = LINE ( 'NONE', #2392, #1749 ) ;
#2354 = DIRECTION ( 'NONE',  ( 0.000000000000000000, 1.000000000000000000, -0.000000000000000000 ) ) ;
#2355 = AXIS2_PLACEMENT_3D ( 'NONE', #740, #1357, #959 ) ;
#2356 = AXIS2_PLACEMENT_3D ( 'NONE', #363, #391, #1159 ) ;
#2357 = CARTESIAN_POINT ( 'NONE',  ( 12.57360154875269131, 1.179735653873325685, 0.9971259643566581232 ) ) ;
#2358 = CIRCLE ( 'NONE', #2069, 0.1000000000000000472 ) ;
#2359 = CARTESIAN_POINT ( 'NONE',  ( 0.000000000000000000, 0.000000000000000000, 0.000000000000000000 ) ) ;
#2360 = VERTEX_POINT ( 'NONE', #97 ) ;
#2361 = VECTOR ( 'NONE', #1940, 100.0000000000000000 ) ;
#2362 = VECTOR ( 'NONE', #940, 100.0000000000000000 ) ;
#2363 = ORIENTED_EDGE ( 'NONE', *, *, #1948, .F. ) ;
#2364 = CARTESIAN_POINT ( 'NONE',  ( 10.69647007479019507, 0.5999999999999999778, 0.5859263896450848108 ) ) ;
#2365 = DIRECTION ( 'NONE',  ( -0.000000000000000000, 1.000000000000000000, -0.000000000000000000 ) ) ;
#2366 = CIRCLE ( 'NONE', #1392, 1.150000000000000355 ) ;
#2367 = PLANE ( 'NONE',  #545 ) ;
#2368 = DIRECTION ( 'NONE',  ( -0.000000000000000000, 1.000000000000000000, -0.000000000000000000 ) ) ;
#2369 = DIRECTION ( 'NONE',  ( 0.000000000000000000, 0.000000000000000000, 1.000000000000000000 ) ) ;
#2370 = EDGE_CURVE ( 'NONE', #1286, #2448, #1083, .T. ) ;
#2371 = DIRECTION ( 'NONE',  ( 0.000000000000000000, 0.000000000000000000, 1.000000000000000000 ) ) ;
#2372 = EDGE_CURVE ( 'NONE', #1837, #2041, #2446, .T. ) ;
#2373 = CALENDAR_DATE ( 2024, 26, 9 ) ;
#2374 = VERTEX_POINT ( 'NONE', #1289 ) ;
#2375 = EDGE_LOOP ( 'NONE', ( #1585, #245, #962, #1672 ) ) ;
#2376 = DIRECTION ( 'NONE',  ( 0.000000000000000000, 0.000000000000000000, 1.000000000000000000 ) ) ;
#2377 = VERTEX_POINT ( 'NONE', #2060 ) ;
#2378 = CARTESIAN_POINT ( 'NONE',  ( 14.23646767191715590, 0.6999999999999999556, -0.2841708186218353527 ) ) ;
#2379 = DIRECTION ( 'NONE',  ( 0.000000000000000000, 0.000000000000000000, 1.000000000000000000 ) ) ;
#2380 = DIRECTION ( 'NONE',  ( 0.000000000000000000, 0.000000000000000000, 1.000000000000000000 ) ) ;
#2381 = FACE_OUTER_BOUND ( 'NONE', #1801, .T. ) ;
#2382 = EDGE_CURVE ( 'NONE', #2346, #1750, #302, .T. ) ;
#2383 = DIRECTION ( 'NONE',  ( 0.000000000000000000, 0.000000000000000000, -1.000000000000000000 ) ) ;
#2384 = PERSON_AND_ORGANIZATION ( #1431, #2406 ) ;
#2385 = ADVANCED_FACE ( 'NONE', ( #1632 ), #2412, .F. ) ;
#2386 = ADVANCED_FACE ( 'NONE', ( #961 ), #567, .T. ) ;
#2387 = ORIENTED_EDGE ( 'NONE', *, *, #515, .F. ) ;
#2388 = EDGE_LOOP ( 'NONE', ( #1898, #784, #109, #710 ) ) ;
#2389 = ORIENTED_EDGE ( 'NONE', *, *, #1420, .T. ) ;
#2390 = FACE_OUTER_BOUND ( 'NONE', #298, .T. ) ;
#2391 = CARTESIAN_POINT ( 'NONE',  ( 1.371603298871147070, 1.500000000000000000, -1.523549930434112021 ) ) ;
#2392 = CARTESIAN_POINT ( 'NONE',  ( 9.049999999999998934, 1.099999999999999867, -1.050000000000000266 ) ) ;
#2393 = CARTESIAN_POINT ( 'NONE',  ( 0.000000000000000000, 0.000000000000000000, -0.7500000000000000000 ) ) ;
#2394 = DIRECTION ( 'NONE',  ( -0.000000000000000000, -1.000000000000000000, -0.000000000000000000 ) ) ;
#2395 = AXIS2_PLACEMENT_3D ( 'NONE', #2282, #166, #596 ) ;
#2396 = SHAPE_DEFINITION_REPRESENTATION ( #2097, #739 ) ;
#2397 = EDGE_LOOP ( 'NONE', ( #1137, #2327, #1232, #1881 ) ) ;
#2398 = CIRCLE ( 'NONE', #218, 1.150000000000000355 ) ;
#2399 = VECTOR ( 'NONE', #2138, 100.0000000000000142 ) ;
#2400 = ORIENTED_EDGE ( 'NONE', *, *, #330, .T. ) ;
#2401 = EDGE_CURVE ( 'NONE', #490, #1453, #918, .T. ) ;
#2402 = VERTEX_POINT ( 'NONE', #1332 ) ;
#2403 = ORIENTED_EDGE ( 'NONE', *, *, #1111, .F. ) ;
#2404 = CARTESIAN_POINT ( 'NONE',  ( 13.03347045255694781, 0.9331571279588066758, -0.9491782259352974371 ) ) ;
#2405 = EDGE_CURVE ( 'NONE', #1334, #673, #2197, .T. ) ;
#2406 = ORGANIZATION ( 'UNSPECIFIED', 'UNSPECIFIED', '' ) ;
#2407 = DIRECTION ( 'NONE',  ( 0.000000000000000000, -0.000000000000000000, 1.000000000000000000 ) ) ;
#2408 = LINE ( 'NONE', #2055, #1664 ) ;
#2409 = CYLINDRICAL_SURFACE ( 'NONE', #1871, 1.000000000000000000 ) ;
#2410 = CARTESIAN_POINT ( 'NONE',  ( 10.69647007479019507, 1.500000000000000000, 0.5859263896450848108 ) ) ;
#2411 = CARTESIAN_POINT ( 'NONE',  ( 12.00000000000000000, 0.1000000000000000888, 0.000000000000000000 ) ) ;
#2412 = CYLINDRICAL_SURFACE ( 'NONE', #468, 0.1999999999999996225 ) ;
#2413 = ORIENTED_EDGE ( 'NONE', *, *, #547, .T. ) ;
#2414 = EDGE_CURVE ( 'NONE', #2244, #1101, #388, .T. ) ;
#2415 = ORIENTED_EDGE ( 'NONE', *, *, #1238, .F. ) ;
#2416 = CARTESIAN_POINT ( 'NONE',  ( 13.25017745106903178, 0.8447070628154100813, -0.9262002129764955738 ) ) ;
#2417 = CARTESIAN_POINT ( 'NONE',  ( 1.549999999999999600, 1.500000000000000000, -0.5311911226609445924 ) ) ;
#2418 = DIRECTION ( 'NONE',  ( -0.000000000000000000, -1.000000000000000000, -0.000000000000000000 ) ) ;
#2419 = LINE ( 'NONE', #1070, #179 ) ;
#2420 = LINE ( 'NONE', #2458, #2035 ) ;
#2421 = ORIENTED_EDGE ( 'NONE', *, *, #206, .T. ) ;
#2422 = ORIENTED_EDGE ( 'NONE', *, *, #1091, .T. ) ;
#2423 = DIRECTION ( 'NONE',  ( 0.000000000000000000, 0.000000000000000000, 1.000000000000000000 ) ) ;
#2424 = FACE_OUTER_BOUND ( 'NONE', #1645, .T. ) ;
#2425 = DIRECTION ( 'NONE',  ( 0.000000000000000000, 0.000000000000000000, -1.000000000000000000 ) ) ;
#2426 = CC_DESIGN_DATE_AND_TIME_ASSIGNMENT ( #1557, #988, ( #510 ) ) ;
#2427 = EDGE_CURVE ( 'NONE', #130, #2310, #1105, .T. ) ;
#2428 = DIRECTION ( 'NONE',  ( 1.000000000000000000, 0.000000000000000000, 0.000000000000000000 ) ) ;
#2429 = ORIENTED_EDGE ( 'NONE', *, *, #989, .T. ) ;
#2430 = LINE ( 'NONE', #2025, #227 ) ;
#2431 = AXIS2_PLACEMENT_3D ( 'NONE', #55, #242, #823 ) ;
#2432 = ORIENTED_EDGE ( 'NONE', *, *, #1697, .T. ) ;
#2433 = AXIS2_PLACEMENT_3D ( 'NONE', #1199, #1414, #2343 ) ;
#2434 = ORIENTED_EDGE ( 'NONE', *, *, #1493, .F. ) ;
#2435 = DIRECTION ( 'NONE',  ( 0.000000000000000000, 1.000000000000000000, 0.000000000000000000 ) ) ;
#2436 = VECTOR ( 'NONE', #2125, 100.0000000000000142 ) ;
#2437 = FACE_OUTER_BOUND ( 'NONE', #2262, .T. ) ;
#2438 = LINE ( 'NONE', #1649, #593 ) ;
#2439 = VECTOR ( 'NONE', #46, 100.0000000000000000 ) ;
#2440 = VECTOR ( 'NONE', #2129, 100.0000000000000000 ) ;
#2441 = APPLICATION_CONTEXT ( 'configuration controlled 3d designs of mechanical parts and assemblies' ) ;
#2442 = CARTESIAN_POINT ( 'NONE',  ( 12.46598518788835896, 1.248543725961460682, 1.008178509399773937 ) ) ;
#2443 = ORIENTED_EDGE ( 'NONE', *, *, #2490, .T. ) ;
#2444 = ORIENTED_EDGE ( 'NONE', *, *, #1714, .F. ) ;
#2445 = EDGE_CURVE ( 'NONE', #306, #858, #1897, .T. ) ;
#2446 = LINE ( 'NONE', #1483, #66 ) ;
#2447 = VERTEX_POINT ( 'NONE', #1520 ) ;
#2448 = VERTEX_POINT ( 'NONE', #1143 ) ;
#2449 = CARTESIAN_POINT ( 'NONE',  ( 13.01895274534266811, 0.9396055073537764590, -0.9507105508225150992 ) ) ;
#2450 = CARTESIAN_POINT ( 'NONE',  ( 12.00192100880228097, 1.500000000000000000, 1.051259516933144011 ) ) ;
#2451 = CARTESIAN_POINT ( 'NONE',  ( 9.049999999999998934, 0.8999999999999999112, -1.050000000000000266 ) ) ;
#2452 = CARTESIAN_POINT ( 'NONE',  ( 16.05000000000000071, 0.6999999999999999556, 0.1999999999999996225 ) ) ;
#2453 = CARTESIAN_POINT ( 'NONE',  ( 12.26961716465729069, 1.382397421183858333, 1.028164455359533491 ) ) ;
#2454 = VERTEX_POINT ( 'NONE', #1693 ) ;
#2455 = VERTEX_POINT ( 'NONE', #1508 ) ;
#2456 = EDGE_CURVE ( 'NONE', #203, #235, #1512, .T. ) ;
#2457 = EDGE_CURVE ( 'NONE', #2170, #365, #1191, .T. ) ;
#2458 = CARTESIAN_POINT ( 'NONE',  ( 10.69647007479019507, 0.5999999999999999778, -0.5859263896450848108 ) ) ;
#2459 = ORIENTED_EDGE ( 'NONE', *, *, #779, .T. ) ;
#2460 = VERTEX_POINT ( 'NONE', #2283 ) ;
#2461 = CARTESIAN_POINT ( 'NONE',  ( 16.05000000000000071, 0.000000000000000000, 0.1999999999999996225 ) ) ;
#2462 = CARTESIAN_POINT ( 'NONE',  ( 0.000000000000000000, 0.1000000000000000056, 0.000000000000000000 ) ) ;
#2463 = LINE ( 'NONE', #736, #1748 ) ;
#2464 = FACE_OUTER_BOUND ( 'NONE', #1802, .T. ) ;
#2465 = VERTEX_POINT ( 'NONE', #2099 ) ;
#2466 = CARTESIAN_POINT ( 'NONE',  ( 1.244931239874971007, 0.8999999999999999112, 0.1155123704696797565 ) ) ;
#2467 = DIRECTION ( 'NONE',  ( 0.000000000000000000, 0.000000000000000000, 1.000000000000000000 ) ) ;
#2468 = ORIENTED_EDGE ( 'NONE', *, *, #1729, .F. ) ;
#2469 = APPROVAL ( #414, 'UNSPECIFIED' ) ;
#2470 = EDGE_CURVE ( 'NONE', #469, #965, #2076, .T. ) ;
#2471 = ORIENTED_EDGE ( 'NONE', *, *, #1650, .F. ) ;
#2472 = DIRECTION ( 'NONE',  ( -0.04970962510493456832, 0.000000000000000000, -0.9987637123824267826 ) ) ;
#2473 = AXIS2_PLACEMENT_3D ( 'NONE', #362, #2114, #165 ) ;
#2474 = EDGE_CURVE ( 'NONE', #1243, #2203, #1248, .T. ) ;
#2475 = CARTESIAN_POINT ( 'NONE',  ( 1.421312923976081777, 1.500000000000000000, 0.5247862180516852382 ) ) ;
#2476 = CARTESIAN_POINT ( 'NONE',  ( 1.249902202385464678, 1.500000000000000000, 0.01563599923143706508 ) ) ;
#2477 = AXIS2_PLACEMENT_3D ( 'NONE', #181, #551, #792 ) ;
#2478 = VECTOR ( 'NONE', #1953, 100.0000000000000000 ) ;
#2479 = AXIS2_PLACEMENT_3D ( 'NONE', #2475, #1134, #1901 ) ;
#2480 = DIRECTION ( 'NONE',  ( 0.000000000000000000, -1.000000000000000000, 0.000000000000000000 ) ) ;
#2481 = VERTEX_POINT ( 'NONE', #1491 ) ;
#2482 = DIRECTION ( 'NONE',  ( 0.000000000000000000, -1.000000000000000000, 0.000000000000000000 ) ) ;
#2483 = AXIS2_PLACEMENT_3D ( 'NONE', #930, #1734, #1884 ) ;
#2484 = DIRECTION ( 'NONE',  ( -0.000000000000000000, -1.000000000000000000, -0.000000000000000000 ) ) ;
#2485 = CARTESIAN_POINT ( 'NONE',  ( 1.244931239874971007, 1.099999999999999867, 0.1155123704696797565 ) ) ;
#2486 = CC_DESIGN_APPROVAL ( #612, ( #510 ) ) ;
#2487 = ORIENTED_EDGE ( 'NONE', *, *, #1847, .F. ) ;
#2488 = ORIENTED_EDGE ( 'NONE', *, *, #359, .T. ) ;
#2489 = DIRECTION ( 'NONE',  ( 0.000000000000000000, 0.000000000000000000, 1.000000000000000000 ) ) ;
#2490 = EDGE_CURVE ( 'NONE', #1101, #1147, #1160, .T. ) ;
#2491 = FACE_OUTER_BOUND ( 'NONE', #78, .T. ) ;
#2492 = FACE_BOUND ( 'NONE', #183, .T. ) ;
#2493 = EDGE_CURVE ( 'NONE', #235, #1926, #1670, .T. ) ;
#2494 = EDGE_CURVE ( 'NONE', #2041, #1409, #540, .T. ) ;
#2495 = DIRECTION ( 'NONE',  ( -0.000000000000000000, -0.000000000000000000, 1.000000000000000000 ) ) ;
ENDSEC;
END-ISO-10303-21;
