ISO-10303-21;
HEADER;
FILE_DESCRIPTION (( 'STEP AP203' ),
    '1' );
FILE_NAME ('바디_비하인드가드.STEP',
    '2024-09-26T14:17:35',
    ( '' ),
    ( '' ),
    'SwSTEP 2.0',
    'SolidWorks 2022',
    '' );
FILE_SCHEMA (( 'CONFIG_CONTROL_DESIGN' ));
ENDSEC;

DATA;
#1 = CARTESIAN_POINT ( 'NONE',  ( 3.747898105754438269, 0.5764629440188534515, -1.416761531189360879 ) ) ;
#2 = VERTEX_POINT ( 'NONE', #541 ) ;
#3 =( BOUNDED_SURFACE ( )  B_SPLINE_SURFACE ( 3, 2, ( 
 ( #1274, #1481, #1292 ),
 ( #2882, #1261, #2895 ),
 ( #339, #1724, #2401 ),
 ( #1497, #1006, #807 ),
 ( #1943, #2419, #2198 ),
 ( #2212, #2613, #989 ),
 ( #2666, #1467, #2442 ),
 ( #1522, #369, #324 ),
 ( #2839, #542, #774 ),
 ( #588, #1711, #109 ),
 ( #1032, #1743, #2385 ),
 ( #1247, #1230, #2182 ),
 ( #2908, #169, #381 ),
 ( #1811, #2950, #395 ),
 ( #2510, #2253, #1119 ),
 ( #1106, #2040, #1798 ),
 ( #828, #1585, #628 ),
 ( #1304, #2680, #2922 ),
 ( #1768, #846, #613 ),
 ( #1556, #2267, #2474 ) ),
 .UNSPECIFIED., .F., .F., .F. ) 
 B_SPLINE_SURFACE_WITH_KNOTS ( ( 4, 2, 2, 2, 2, 2, 2, 2, 2, 4 ),
 ( 3, 3 ),
 ( 0.000000000000000000, 0.0003022055241991330999, 0.0006044110483982661998, 0.0009066165725973992454, 0.001208822096796532400, 0.001813233145194798491, 0.002417644193593064799, 0.003022055241991330674, 0.003626466290389596982, 0.004835288387186129598 ),
 ( 0.000000000000000000, 1.000000000000000000 ),
 .UNSPECIFIED. ) 
 GEOMETRIC_REPRESENTATION_ITEM ( )  RATIONAL_B_SPLINE_SURFACE ( (
 ( 1.000000000000000000, 0.7071067811865475727, 1.000000000000000000),
 ( 1.000000000000000000, 0.7092100898931468222, 1.000000000000000000),
 ( 1.000000000000000000, 0.7112548092197230609, 1.000000000000000000),
 ( 1.000000000000000000, 0.7147103375153966986, 1.000000000000000000),
 ( 1.000000000000000000, 0.7160785297778388125, 1.000000000000000000),
 ( 1.000000000000000000, 0.7184013796140923391, 1.000000000000000000),
 ( 1.000000000000000000, 0.7193619516460479923, 1.000000000000000000),
 ( 1.000000000000000000, 0.7210140515488020485, 1.000000000000000000),
 ( 1.000000000000000000, 0.7217138417825731400, 1.000000000000000000),
 ( 1.000000000000000000, 0.7235890350334793775, 1.000000000000000000),
 ( 1.000000000000000000, 0.7245456925253254132, 1.000000000000000000),
 ( 1.000000000000000000, 0.7261337402876494318, 1.000000000000000000),
 ( 1.000000000000000000, 0.7267682848442058585, 1.000000000000000000),
 ( 1.000000000000000000, 0.7278449388463215097, 1.000000000000000000),
 ( 1.000000000000000000, 0.7282861095013686281, 1.000000000000000000),
 ( 1.000000000000000000, 0.7290123951878504371, 1.000000000000000000),
 ( 1.000000000000000000, 0.7292979867613765821, 1.000000000000000000),
 ( 1.000000000000000000, 0.7299713671664584957, 1.000000000000000000),
 ( 1.000000000000000000, 0.7301773171403150853, 1.000000000000000000),
 ( 1.000000000000000000, 0.7301802964378890648, 1.000000000000000000) ) ) 
 REPRESENTATION_ITEM ( '' )  SURFACE ( )  );
#4 = DIRECTION ( 'NONE',  ( 0.000000000000000000, 0.000000000000000000, 1.000000000000000000 ) ) ;
#5 = CARTESIAN_POINT ( 'NONE',  ( 2.947674466351620115, 0.5649238326795997800, -1.356105766235244703 ) ) ;
#6 = CARTESIAN_POINT ( 'NONE',  ( 2.599999999999998757, 0.4000000000000000222, -11.24999999999998757 ) ) ;
#7 = EDGE_CURVE ( 'NONE', #2115, #2476, #952, .T. ) ;
#8 = DIRECTION ( 'NONE',  ( -0.000000000000000000, 0.9701425001453322094, 0.2425356250363313593 ) ) ;
#9 = DIRECTION ( 'NONE',  ( 0.000000000000000000, 1.000000000000000000, 0.000000000000000000 ) ) ;
#10 = CARTESIAN_POINT ( 'NONE',  ( 3.350000000000000089, 0.4000000000000001332, -4.761988371956308086 ) ) ;
#11 = CARTESIAN_POINT ( 'NONE',  ( 1.350000000000000089, 0.000000000000000000, -1.700000000000000400 ) ) ;
#12 = ORIENTED_EDGE ( 'NONE', *, *, #1208, .F. ) ;
#13 = VERTEX_POINT ( 'NONE', #2384 ) ;
#14 = CARTESIAN_POINT ( 'NONE',  ( 3.850000000000000533, 0.4000000000000000222, -1.530046296406630368 ) ) ;
#15 = CARTESIAN_POINT ( 'NONE',  ( 3.665450449358625740, 0.8033303365742329172, -1.407494413288065793 ) ) ;
#16 = ORIENTED_EDGE ( 'NONE', *, *, #1288, .T. ) ;
#17 = DIRECTION ( 'NONE',  ( -0.000000000000000000, -1.000000000000000000, -0.000000000000000000 ) ) ;
#18 = DIRECTION ( 'NONE',  ( -0.000000000000000000, -1.000000000000000000, -0.000000000000000000 ) ) ;
#19 = ORIENTED_EDGE ( 'NONE', *, *, #247, .T. ) ;
#20 = EDGE_CURVE ( 'NONE', #38, #2976, #1446, .T. ) ;
#21 = CARTESIAN_POINT ( 'NONE',  ( 3.256632653061224847, 0.9000000000000001332, -1.371800085089705412 ) ) ;
#22 = DIRECTION ( 'NONE',  ( 0.000000000000000000, 1.000000000000000000, 0.000000000000000000 ) ) ;
#23 = CARTESIAN_POINT ( 'NONE',  ( 3.149999999999999911, 0.4000000000000000222, -4.700000000000000178 ) ) ;
#24 = VERTEX_POINT ( 'NONE', #1420 ) ;
#25 = CARTESIAN_POINT ( 'NONE',  ( 3.109394520616674651, 0.4098863977885462417, -4.537849081032494958 ) ) ;
#26 = CARTESIAN_POINT ( 'NONE',  ( 3.350000000000000089, 0.9000000000000001332, -1.471579882210085843 ) ) ;
#27 = ORIENTED_EDGE ( 'NONE', *, *, #2311, .F. ) ;
#28 = EDGE_CURVE ( 'NONE', #838, #1694, #1780, .T. ) ;
#29 = AXIS2_PLACEMENT_3D ( 'NONE', #1946, #2671, #2857 ) ;
#30 = VECTOR ( 'NONE', #1837, 100.0000000000000000 ) ;
#31 = VERTEX_POINT ( 'NONE', #1198 ) ;
#32 = FACE_BOUND ( 'NONE', #77, .T. ) ;
#33 = CARTESIAN_POINT ( 'NONE',  ( 2.599999999999998757, 0.4000000000000000222, -11.24999999999998757 ) ) ;
#34 = EDGE_CURVE ( 'NONE', #966, #334, #278, .T. ) ;
#35 = VERTEX_POINT ( 'NONE', #2398 ) ;
#36 = CARTESIAN_POINT ( 'NONE',  ( 3.846150758540844095, 0.4000119508804877433, -4.597473178957336870 ) ) ;
#37 = DIRECTION ( 'NONE',  ( -0.000000000000000000, -1.000000000000000000, -0.000000000000000000 ) ) ;
#38 = VERTEX_POINT ( 'NONE', #96 ) ;
#39 = VECTOR ( 'NONE', #1264, 100.0000000000000000 ) ;
#40 = CARTESIAN_POINT ( 'NONE',  ( 3.054591836734694255, 0.5000000000000001110, -1.360442564908470597 ) ) ;
#41 = DIRECTION ( 'NONE',  ( 0.000000000000000000, 1.000000000000000000, 0.000000000000000000 ) ) ;
#42 = CYLINDRICAL_SURFACE ( 'NONE', #1487, 0.3000000000000002665 ) ;
#43 = CARTESIAN_POINT ( 'NONE',  ( 1.350000000000000089, 0.2139691974152340692, -1.543430060005750226 ) ) ;
#44 = FACE_OUTER_BOUND ( 'NONE', #1503, .T. ) ;
#45 = ORIENTED_EDGE ( 'NONE', *, *, #2948, .F. ) ;
#46 = EDGE_CURVE ( 'NONE', #222, #1661, #1986, .T. ) ;
#47 = DIRECTION ( 'NONE',  ( 0.000000000000000000, 0.000000000000000000, 1.000000000000000000 ) ) ;
#48 = CARTESIAN_POINT ( 'NONE',  ( 2.874271228639978304, 0.4421931130392812714, -1.370945951818032471 ) ) ;
#49 = EDGE_LOOP ( 'NONE', ( #1841, #1760, #2620, #2042, #1431, #1720 ) ) ;
#50 = EDGE_CURVE ( 'NONE', #394, #2077, #2599, .T. ) ;
#51 = CARTESIAN_POINT ( 'NONE',  ( 3.550000000000000266, 0.4000000000000001332, -3.478490178325565729 ) ) ;
#52 = LINE ( 'NONE', #2325, #1036 ) ;
#53 = ORIENTED_EDGE ( 'NONE', *, *, #1867, .T. ) ;
#54 = DIRECTION ( 'NONE',  ( -0.000000000000000000, -1.000000000000000000, -0.000000000000000000 ) ) ;
#55 = CARTESIAN_POINT ( 'NONE',  ( 3.746797520940788662, 0.8846222584098678565, -1.215301009952710842 ) ) ;
#56 = CARTESIAN_POINT ( 'NONE',  ( 0.3500000000000006439, 0.4000000000000000222, -1.249999999999999334 ) ) ;
#57 = CARTESIAN_POINT ( 'NONE',  ( 3.749999999999999112, 0.4707106781186553568, -4.629289321881344677 ) ) ;
#58 = DIRECTION ( 'NONE',  ( 0.000000000000000000, 0.000000000000000000, -1.000000000000000000 ) ) ;
#59 = VERTEX_POINT ( 'NONE', #1723 ) ;
#60 = DIRECTION ( 'NONE',  ( 0.000000000000000000, 0.000000000000000000, 1.000000000000000000 ) ) ;
#61 = CARTESIAN_POINT ( 'NONE',  ( 3.751211817145937211, 0.4262218261955192933, -1.416973683952618135 ) ) ;
#62 = ORIENTED_EDGE ( 'NONE', *, *, #670, .F. ) ;
#63 = DIRECTION ( 'NONE',  ( 0.000000000000000000, 0.000000000000000000, -1.000000000000000000 ) ) ;
#64 = CARTESIAN_POINT ( 'NONE',  ( 3.716282611927377300, 0.4524130470629232348, -4.465022855805704793 ) ) ;
#65 = ORIENTED_EDGE ( 'NONE', *, *, #2948, .T. ) ;
#66 = CARTESIAN_POINT ( 'NONE',  ( 0.3500000000000003109, 0.000000000000000000, -0.3499999999999994227 ) ) ;
#67 = DIRECTION ( 'NONE',  ( -0.000000000000000000, -1.000000000000000000, 0.000000000000000000 ) ) ;
#68 = EDGE_CURVE ( 'NONE', #2755, #1558, #352, .T. ) ;
#69 = CARTESIAN_POINT ( 'NONE',  ( 4.984170875528236344, 0.3683417510564722663, -0.9087441906346175324 ) ) ;
#70 = LINE ( 'NONE', #2778, #1040 ) ;
#71 = DIRECTION ( 'NONE',  ( -0.000000000000000000, -1.000000000000000000, -0.000000000000000000 ) ) ;
#72 = ORIENTED_EDGE ( 'NONE', *, *, #2454, .F. ) ;
#73 = AXIS2_PLACEMENT_3D ( 'NONE', #1262, #1744, #2657 ) ;
#74 = FACE_OUTER_BOUND ( 'NONE', #1813, .T. ) ;
#75 = CARTESIAN_POINT ( 'NONE',  ( 3.704432634372222921, 0.4617359352296238062, -1.411493370704510530 ) ) ;
#76 = VECTOR ( 'NONE', #890, 100.0000000000000000 ) ;
#77 = EDGE_LOOP ( 'NONE', ( #1410, #349 ) ) ;
#78 = CIRCLE ( 'NONE', #1134, 10.09999999999998543 ) ;
#79 = CARTESIAN_POINT ( 'NONE',  ( 3.350000000000000089, 0.2129017796437429055, -0.5159206921101984200 ) ) ;
#80 = CARTESIAN_POINT ( 'NONE',  ( 3.550000000000001155, 0.8404570515442310041, -1.056880050177521735 ) ) ;
#81 = CARTESIAN_POINT ( 'NONE',  ( 3.550000000000001599, 0.4000000000000000222, -0.4052225236441192591 ) ) ;
#82 = AXIS2_PLACEMENT_3D ( 'NONE', #819, #1759, #2672 ) ;
#83 = VECTOR ( 'NONE', #884, 100.0000000000000000 ) ;
#84 = DIRECTION ( 'NONE',  ( 0.000000000000000000, 1.000000000000000000, 0.000000000000000000 ) ) ;
#85 = CARTESIAN_POINT ( 'NONE',  ( 3.591601847862776253, 0.6386491209910040157, -1.510360437629667096 ) ) ;
#86 = CARTESIAN_POINT ( 'NONE',  ( 3.053597614947216154, 0.4000359653633060453, -4.596206662573743884 ) ) ;
#87 = CARTESIAN_POINT ( 'NONE',  ( 3.483333333333333393, 0.9000000000000001332, -1.177885028456042482 ) ) ;
#88 = EDGE_CURVE ( 'NONE', #488, #2766, #499, .T. ) ;
#89 = CARTESIAN_POINT ( 'NONE',  ( 4.850000000000000533, 0.4000000000000000222, -1.099999999999999201 ) ) ;
#90 = ORIENTED_EDGE ( 'NONE', *, *, #2404, .T. ) ;
#91 = CARTESIAN_POINT ( 'NONE',  ( 3.349647026767833768, 0.8757540723272773109, -4.218151713785145418 ) ) ;
#92 = CARTESIAN_POINT ( 'NONE',  ( 3.873113212475366218, 0.4000000000000000777, -1.533044626817610778 ) ) ;
#93 = VERTEX_POINT ( 'NONE', #1414 ) ;
#94 = CARTESIAN_POINT ( 'NONE',  ( 3.350000000000000089, 0.8577382699393709675, -1.075417949586143118 ) ) ;
#95 = CARTESIAN_POINT ( 'NONE',  ( 3.550000000000001155, 0.7912953349799384251, -1.023818354321611501 ) ) ;
#96 = CARTESIAN_POINT ( 'NONE',  ( 4.773170731707318204, 0.000000000000000000, -1.591463414634146645 ) ) ;
#97 = FACE_OUTER_BOUND ( 'NONE', #379, .T. ) ;
#98 = CARTESIAN_POINT ( 'NONE',  ( 3.878743085994068807, 0.7950416504844461940, -1.432923265149627534 ) ) ;
#99 = CALENDAR_DATE ( 2024, 26, 9 ) ;
#100 = CARTESIAN_POINT ( 'NONE',  ( 4.850000000000000533, 0.4000000000000000222, -1.600000000000000311 ) ) ;
#101 = DIRECTION ( 'NONE',  ( -1.000000000000000000, 0.000000000000000000, 0.000000000000000000 ) ) ;
#102 = VERTEX_POINT ( 'NONE', #550 ) ;
#103 = CARTESIAN_POINT ( 'NONE',  ( 3.349655456879463422, 0.8760435875411082263, -4.217473714731756473 ) ) ;
#104 = CARTESIAN_POINT ( 'NONE',  ( 3.779992965151117268, 0.5397440767967377484, -1.420569420408867245 ) ) ;
#105 = ORIENTED_EDGE ( 'NONE', *, *, #68, .T. ) ;
#106 = CARTESIAN_POINT ( 'NONE',  ( 3.350000000000000089, 0.5999999999999999778, -0.9778850284560426376 ) ) ;
#107 = CARTESIAN_POINT ( 'NONE',  ( 3.783981414883213823, 0.4122526085390565975, -4.531059670973940356 ) ) ;
#108 = CARTESIAN_POINT ( 'NONE',  ( 2.939787504843730304, 0.5355610171533098374, -1.155715992407743586 ) ) ;
#109 = CARTESIAN_POINT ( 'NONE',  ( 3.168824127871256557, 0.5761614859004462463, -1.366346640316257854 ) ) ;
#110 = CARTESIAN_POINT ( 'NONE',  ( 3.942332730295321053, 0.6774910564129014157, -1.441414271555828686 ) ) ;
#111 = EDGE_CURVE ( 'NONE', #2525, #2713, #887, .T. ) ;
#112 = PERSON_AND_ORGANIZATION_ROLE ( 'creator' ) ;
#113 = DIRECTION ( 'NONE',  ( 0.000000000000000000, 0.000000000000000000, -1.000000000000000000 ) ) ;
#114 = VERTEX_POINT ( 'NONE', #1192 ) ;
#115 = CARTESIAN_POINT ( 'NONE',  ( 3.344252283475535048, 0.8025732271737522350, -4.321306433744653397 ) ) ;
#116 = EDGE_CURVE ( 'NONE', #1886, #2060, #2123, .T. ) ;
#117 = CARTESIAN_POINT ( 'NONE',  ( 3.862649959466956329, 0.4000000000000025202, -1.430849566523747951 ) ) ;
#118 = EDGE_LOOP ( 'NONE', ( #1405, #1948, #1852, #706, #1028 ) ) ;
#119 = CARTESIAN_POINT ( 'NONE',  ( 3.350000000000000089, 0.8657186566447585552, -1.085039912231339221 ) ) ;
#120 = ADVANCED_FACE ( 'NONE', ( #1474 ), #2357, .T. ) ;
#121 = AXIS2_PLACEMENT_3D ( 'NONE', #1896, #1419, #1666 ) ;
#122 = CARTESIAN_POINT ( 'NONE',  ( 3.550000000000000266, 0.8039994517510796745, -1.031161635965903711 ) ) ;
#123 = AXIS2_PLACEMENT_3D ( 'NONE', #2296, #642, #1590 ) ;
#124 = VECTOR ( 'NONE', #2275, 100.0000000000000000 ) ;
#125 = CYLINDRICAL_SURFACE ( 'NONE', #568, 9.899999999999986144 ) ;
#126 = CARTESIAN_POINT ( 'NONE',  ( 3.795597766698596942, 0.4000000000000000222, -4.699999999999997513 ) ) ;
#127 = AXIS2_PLACEMENT_3D ( 'NONE', #1104, #650, #139 ) ;
#128 = EDGE_CURVE ( 'NONE', #2901, #2012, #202, .T. ) ;
#129 = PERSON_AND_ORGANIZATION_ROLE ( 'creator' ) ;
#130 = VECTOR ( 'NONE', #997, 100.0000000000000000 ) ;
#131 = CARTESIAN_POINT ( 'NONE',  ( 3.183717384532836814, 0.4524130441251030810, -4.465022859017816259 ) ) ;
#132 = DIRECTION ( 'NONE',  ( -1.000000000000000000, 0.000000000000000000, 0.000000000000000000 ) ) ;
#133 = EDGE_CURVE ( 'NONE', #224, #13, #1177, .T. ) ;
#134 = ORIENTED_EDGE ( 'NONE', *, *, #1037, .F. ) ;
#135 = CARTESIAN_POINT ( 'NONE',  ( 3.344649889088011641, 0.8059876257416710432, -4.318110617989798783 ) ) ;
#136 = DIRECTION ( 'NONE',  ( 0.000000000000000000, 0.000000000000000000, 1.000000000000000000 ) ) ;
#137 = ORIENTED_EDGE ( 'NONE', *, *, #2753, .T. ) ;
#138 = ADVANCED_FACE ( 'NONE', ( #1704, #1645, #1209, #32, #967 ), #519, .F. ) ;
#139 = DIRECTION ( 'NONE',  ( 0.000000000000000000, 0.000000000000000000, -1.000000000000000000 ) ) ;
#140 = CC_DESIGN_APPROVAL ( #938, ( #331 ) ) ;
#141 = CARTESIAN_POINT ( 'NONE',  ( 3.781381771700036865, 0.4132543018566471327, -4.528402348755815154 ) ) ;
#142 = EDGE_CURVE ( 'NONE', #858, #1922, #2129, .T. ) ;
#143 = CARTESIAN_POINT ( 'NONE',  ( 3.841781313801016839, 0.5017789609287359731, -1.428180902530053142 ) ) ;
#144 = CARTESIAN_POINT ( 'NONE',  ( 3.749999999999999112, 0.4000000000000000222, -4.700000000000000178 ) ) ;
#145 = PERSON_AND_ORGANIZATION_ROLE ( 'design_owner' ) ;
#146 = CARTESIAN_POINT ( 'NONE',  ( 1.352651549902951222, 0.4000000000000000222, -1.520501676942639158 ) ) ;
#147 = CARTESIAN_POINT ( 'NONE',  ( 3.350000000000000089, 0.4000000000000000222, -0.7778850284560427930 ) ) ;
#148 = EDGE_LOOP ( 'NONE', ( #526, #1093, #1612, #1386 ) ) ;
#149 = CARTESIAN_POINT ( 'NONE',  ( 3.344815093335728129, 0.8074429141119874309, -4.316720761669711415 ) ) ;
#150 = CARTESIAN_POINT ( 'NONE',  ( 4.850000000000000533, 0.000000000000000000, -1.249999999999999778 ) ) ;
#151 = ORIENTED_EDGE ( 'NONE', *, *, #876, .F. ) ;
#152 = B_SPLINE_CURVE_WITH_KNOTS ( 'NONE', 3,
 ( #2472, #2936, #860, #364, #624, #1765 ),
 .UNSPECIFIED., .F., .F.,
 ( 4, 2, 4 ),
 ( 0.000000000000000000, 0.001295736156836926932, 0.002591472313673853865 ),
 .UNSPECIFIED. ) ;
#153 = CARTESIAN_POINT ( 'NONE',  ( 4.150000000000001243, 0.4000000000000000222, -1.269644294916139060 ) ) ;
#154 = LINE ( 'NONE', #2509, #1581 ) ;
#155 = CARTESIAN_POINT ( 'NONE',  ( 3.797321895303829908, 0.5226355385848399093, -1.422645349125920555 ) ) ;
#156 = CARTESIAN_POINT ( 'NONE',  ( 3.796975564392476965, 0.4073857640174455286, -1.526957805605396956 ) ) ;
#157 = CALENDAR_DATE ( 2024, 26, 9 ) ;
#158 = DIRECTION ( 'NONE',  ( -0.000000000000000000, -1.000000000000000000, -0.000000000000000000 ) ) ;
#159 = CARTESIAN_POINT ( 'NONE',  ( 3.350000000000000089, 0.2000000000000000111, -1.077610900088417312 ) ) ;
#160 = ADVANCED_FACE ( 'NONE', ( #74 ), #2141, .T. ) ;
#161 = CARTESIAN_POINT ( 'NONE',  ( 3.050000000000000266, 0.000000000000000000, -4.241421356237307094 ) ) ;
#162 = DIRECTION ( 'NONE',  ( -1.000000000000000000, 0.000000000000000000, 0.000000000000000000 ) ) ;
#163 = ORIENTED_EDGE ( 'NONE', *, *, #2319, .T. ) ;
#164 = ADVANCED_FACE ( 'NONE', ( #503 ), #313, .T. ) ;
#165 = CARTESIAN_POINT ( 'NONE',  ( 3.350000000000000977, 0.9000000000000004663, -1.161326109424020148 ) ) ;
#166 = CARTESIAN_POINT ( 'NONE',  ( 4.509790211690269501, 0.4000000000000000222, -0.2677972023696898463 ) ) ;
#167 = ORIENTED_EDGE ( 'NONE', *, *, #1328, .F. ) ;
#168 = CIRCLE ( 'NONE', #565, 0.3500000000000027534 ) ;
#169 = CARTESIAN_POINT ( 'NONE',  ( 3.294435505828480437, 0.6089147187665985284, -1.374000684036500219 ) ) ;
#170 = DIRECTION ( 'NONE',  ( -3.467321051588204503E-15, 0.000000000000000000, 1.000000000000000000 ) ) ;
#171 = ORIENTED_EDGE ( 'NONE', *, *, #247, .F. ) ;
#172 = VECTOR ( 'NONE', #2030, 100.0000000000000000 ) ;
#173 = AXIS2_PLACEMENT_3D ( 'NONE', #1538, #185, #378 ) ;
#174 = EDGE_CURVE ( 'NONE', #1451, #1417, #805, .T. ) ;
#175 = CARTESIAN_POINT ( 'NONE',  ( 2.599999999999998757, 0.4000000000000000222, -11.24999999999998757 ) ) ;
#176 = CIRCLE ( 'NONE', #571, 9.899999999999986144 ) ;
#177 = CARTESIAN_POINT ( 'NONE',  ( 0.1999999999999993172, 0.4000000000000000222, -0.9337722339831618923 ) ) ;
#178 = CLOSED_SHELL ( 'NONE', ( #1940, #1212, #1062, #1894, #2290, #1966, #1670, #315, #1786, #843, #1742, #873, #2663, #2906, #1223, #865, #2706, #120, #607, #1146, #269, #291, #164, #2758, #138, #981, #2668, #820, #160, #2727, #495, #1024, #1527, #577, #1507, #695, #950, #1745, #1480, #1361, #850, #825, #362, #1342, #1623, #2073, #746, #564, #1653, #210, #854, #2483, #2637, #1767, #2846, #2679, #1880, #2740, #593, #2854, #2808, #1098, #896, #2266, #2565, #452, #387, #432, #1469, #437, #1691 ) ) ;
#179 = EDGE_CURVE ( 'NONE', #2556, #1625, #1842, .T. ) ;
#180 = EDGE_LOOP ( 'NONE', ( #1144, #2723, #1175, #2692, #821 ) ) ;
#181 = CARTESIAN_POINT ( 'NONE',  ( 3.091421356237309404, 0.000000000000000000, -4.299999999999998046 ) ) ;
#182 = DIRECTION ( 'NONE',  ( -0.000000000000000000, -1.000000000000000000, -0.000000000000000000 ) ) ;
#183 = ORIENTED_EDGE ( 'NONE', *, *, #1288, .F. ) ;
#184 = CARTESIAN_POINT ( 'NONE',  ( 0.3500000000000006439, 0.000000000000000000, -1.249999999999999334 ) ) ;
#185 = DIRECTION ( 'NONE',  ( -0.000000000000000000, -1.000000000000000000, -0.000000000000000000 ) ) ;
#186 = AXIS2_PLACEMENT_3D ( 'NONE', #1203, #1172, #2572 ) ;
#187 = CARTESIAN_POINT ( 'NONE',  ( 3.829906434768067580, 0.5058434316799114150, -1.426688442766681497 ) ) ;
#188 = CARTESIAN_POINT ( 'NONE',  ( 3.725592117495425626, 0.4434609137090421704, -1.522079109578404976 ) ) ;
#189 = ORIENTED_EDGE ( 'NONE', *, *, #963, .F. ) ;
#190 = DIRECTION ( 'NONE',  ( 0.000000000000000000, 0.000000000000000000, 1.000000000000000000 ) ) ;
#191 = LINE ( 'NONE', #2516, #30 ) ;
#192 = VERTEX_POINT ( 'NONE', #1734 ) ;
#193 = DIRECTION ( 'NONE',  ( 0.000000000000000000, -0.7071067811865463515, 0.7071067811865487940 ) ) ;
#194 = EDGE_LOOP ( 'NONE', ( #2593, #2970, #2317, #1459 ) ) ;
#195 = CARTESIAN_POINT ( 'NONE',  ( 2.599999999999998757, 0.4000000000000000222, -11.24999999999998757 ) ) ;
#196 = CARTESIAN_POINT ( 'NONE',  ( 0.3500000000000003109, 0.4000000000000000222, -0.1999999999999994837 ) ) ;
#197 = CARTESIAN_POINT ( 'NONE',  ( 3.963775510204080810, 0.5000000000000001110, -1.444383427964992084 ) ) ;
#198 = CARTESIAN_POINT ( 'NONE',  ( 3.850000000000000089, 0.4000000000000000222, -4.558578643762614568 ) ) ;
#199 = ORIENTED_EDGE ( 'NONE', *, *, #931, .T. ) ;
#200 = FACE_OUTER_BOUND ( 'NONE', #1215, .T. ) ;
#201 = FACE_BOUND ( 'NONE', #1595, .T. ) ;
#202 = B_SPLINE_CURVE_WITH_KNOTS ( 'NONE', 3,
 ( #2392, #710, #255, #768 ),
 .UNSPECIFIED., .F., .F.,
 ( 4, 4 ),
 ( 0.000000000000000000, 0.0003779960963105164916 ),
 .UNSPECIFIED. ) ;
#203 = CYLINDRICAL_SURFACE ( 'NONE', #219, 0.2000000000000001776 ) ;
#204 = EDGE_LOOP ( 'NONE', ( #2662, #183, #434, #752, #1319, #1817 ) ) ;
#205 = CARTESIAN_POINT ( 'NONE',  ( 3.308365296332400174, 0.6386885138279330132, -1.469223679843828068 ) ) ;
#206 = ORIENTED_EDGE ( 'NONE', *, *, #1013, .T. ) ;
#207 = ORIENTED_EDGE ( 'NONE', *, *, #1982, .F. ) ;
#208 = CARTESIAN_POINT ( 'NONE',  ( 3.549999999999999822, 0.9000000000000001332, -1.506412365047463009 ) ) ;
#209 = ORIENTED_EDGE ( 'NONE', *, *, #2824, .T. ) ;
#210 = ADVANCED_FACE ( 'NONE', ( #332 ), #566, .F. ) ;
#211 = DIRECTION ( 'NONE',  ( 0.000000000000000000, 1.000000000000000000, 0.000000000000000000 ) ) ;
#212 = DIRECTION ( 'NONE',  ( 1.000000000000000000, 0.000000000000000000, 0.000000000000000000 ) ) ;
#213 = VERTEX_POINT ( 'NONE', #1962 ) ;
#214 = AXIS2_PLACEMENT_3D ( 'NONE', #2528, #448, #2297 ) ;
#215 = CARTESIAN_POINT ( 'NONE',  ( 2.950000000000000622, 0.5999999999999999778, -1.356188803095140116 ) ) ;
#216 = DIRECTION ( 'NONE',  ( 0.000000000000000000, 0.000000000000000000, -1.000000000000000000 ) ) ;
#217 = CIRCLE ( 'NONE', #841, 0.3500000000000019762 ) ;
#218 = CARTESIAN_POINT ( 'NONE',  ( 4.773170731707320869, 0.4000000000000000222, -0.008536585365855053897 ) ) ;
#219 = AXIS2_PLACEMENT_3D ( 'NONE', #2498, #1099, #2542 ) ;
#220 = ORIENTED_EDGE ( 'NONE', *, *, #1850, .F. ) ;
#221 = CARTESIAN_POINT ( 'NONE',  ( 3.184217984387230249, 0.4524398368069446064, -1.463807788803725529 ) ) ;
#222 = VERTEX_POINT ( 'NONE', #796 ) ;
#223 = VECTOR ( 'NONE', #1715, 100.0000000000000000 ) ;
#224 = VERTEX_POINT ( 'NONE', #595 ) ;
#225 = DIRECTION ( 'NONE',  ( -0.000000000000000000, -1.000000000000000000, -0.000000000000000000 ) ) ;
#226 = ORIENTED_EDGE ( 'NONE', *, *, #116, .T. ) ;
#227 = CARTESIAN_POINT ( 'NONE',  ( 1.241276572697865177, 0.4000000000000000222, -1.443682105494421775 ) ) ;
#228 = CARTESIAN_POINT ( 'NONE',  ( 4.850000000000000533, 0.4000000000000000222, -0.3500000000000001998 ) ) ;
#229 = ORIENTED_EDGE ( 'NONE', *, *, #2776, .F. ) ;
#230 = EDGE_CURVE ( 'NONE', #488, #2414, #2739, .T. ) ;
#231 = CARTESIAN_POINT ( 'NONE',  ( 0.3500000000000006439, 0.000000000000000000, -1.099999999999999423 ) ) ;
#232 = CARTESIAN_POINT ( 'NONE',  ( 3.727941383710986489, 0.8903672138312881401, -1.213161556126304941 ) ) ;
#233 = LOCAL_TIME ( 23, 17, 35.00000000000000000, #602 ) ;
#234 = CARTESIAN_POINT ( 'NONE',  ( 3.350000000000000089, 0.9000000000000001332, -4.761988371956308086 ) ) ;
#235 = ORIENTED_EDGE ( 'NONE', *, *, #7, .F. ) ;
#236 = LINE ( 'NONE', #707, #1393 ) ;
#237 = B_SPLINE_CURVE_WITH_KNOTS ( 'NONE', 3,
 ( #265, #749, #1425, #531 ),
 .UNSPECIFIED., .F., .F.,
 ( 4, 4 ),
 ( 1.226634733346699156E-18, 0.002578974679206916341 ),
 .UNSPECIFIED. ) ;
#238 = VERTEX_POINT ( 'NONE', #2425 ) ;
#239 = ORIENTED_EDGE ( 'NONE', *, *, #1698, .T. ) ;
#240 = CARTESIAN_POINT ( 'NONE',  ( 3.702673966269644179, 0.6625515791023389722, -1.411596978507462463 ) ) ;
#241 = ORIENTED_EDGE ( 'NONE', *, *, #2319, .F. ) ;
#242 = B_SPLINE_CURVE_WITH_KNOTS ( 'NONE', 3,
 ( #1877, #2790, #2309, #525, #1651, #2146, #279, #1197, #2133, #1453, #2368, #64, #987, #1018, #1938, #337, #2416, #2623, #803, #1754, #1258, #351, #1478, #141, #1921, #1740, #107, #814, #2383, #2196, #573, #322, #1030, #1953 ),
 .UNSPECIFIED., .F., .F.,
 ( 4, 2, 2, 1, 1, 2, 2, 2, 1, 1, 2, 2, 2, 2, 2, 1, 1, 2, 2, 4 ),
 ( 0.000000000000000000, 0.2475150028899170407, 0.2629846905705362503, 0.2784543782511554322, 0.3093937536123886334, 0.3712725043348573117, 0.4950300057797910602, 0.5027648496200993744, 0.5104996934604075776, 0.5259693811410246500, 0.5569087565022554642, 0.6187875072247103203, 0.7425450086696198104, 0.7464124305897750222, 0.7502798525099302340, 0.7580146963502406576, 0.7734843840308617269, 0.8044237593921087504, 0.8663025101146027973, 0.9900600115595872275 ),
 .UNSPECIFIED. ) ;
#243 = CARTESIAN_POINT ( 'NONE',  ( 1.250000000000000222, 0.2139691974152341802, -1.543430060005749338 ) ) ;
#244 = CARTESIAN_POINT ( 'NONE',  ( 2.600000000000003642, 0.4000000000000000222, 9.650000000000021672 ) ) ;
#245 = ORIENTED_EDGE ( 'NONE', *, *, #656, .T. ) ;
#246 = FACE_OUTER_BOUND ( 'NONE', #1302, .T. ) ;
#247 = EDGE_CURVE ( 'NONE', #911, #2952, #2689, .T. ) ;
#248 = DIRECTION ( 'NONE',  ( 0.000000000000000000, 1.000000000000000000, 0.000000000000000000 ) ) ;
#249 = PLANE ( 'NONE',  #186 ) ;
#250 = DIRECTION ( 'NONE',  ( 0.000000000000000000, 1.000000000000000000, 0.000000000000000000 ) ) ;
#251 = EDGE_CURVE ( 'NONE', #620, #1070, #1516, .T. ) ;
#252 = CARTESIAN_POINT ( 'NONE',  ( 3.067325772918921611, 0.8387757583276127527, -1.160804147606909087 ) ) ;
#253 = ORIENTED_EDGE ( 'NONE', *, *, #2185, .T. ) ;
#254 = ORIENTED_EDGE ( 'NONE', *, *, #615, .T. ) ;
#255 = CARTESIAN_POINT ( 'NONE',  ( 3.049999999999998490, 0.4000000000000000777, -4.571235977965189434 ) ) ;
#256 = DIRECTION ( 'NONE',  ( 0.000000000000000000, 0.000000000000000000, 1.000000000000000000 ) ) ;
#257 = ORIENTED_EDGE ( 'NONE', *, *, #767, .F. ) ;
#258 = EDGE_CURVE ( 'NONE', #1587, #2872, #1280, .T. ) ;
#259 = CARTESIAN_POINT ( 'NONE',  ( 4.850000000000000533, 0.000000000000000000, -1.249999999999999778 ) ) ;
#260 = DIRECTION ( 'NONE',  ( 0.000000000000000000, 0.000000000000000000, 1.000000000000000000 ) ) ;
#261 = ORIENTED_EDGE ( 'NONE', *, *, #2311, .T. ) ;
#262 = CARTESIAN_POINT ( 'NONE',  ( 3.567467984209836462, 0.7318662403259509341, -4.369505734759180804 ) ) ;
#263 = PLANE ( 'NONE',  #1577 ) ;
#264 = DIRECTION ( 'NONE',  ( -0.000000000000000000, -1.000000000000000000, -0.000000000000000000 ) ) ;
#265 = CARTESIAN_POINT ( 'NONE',  ( 0.6902097883097285669, 0.4000000000000000222, -1.332202797630313462 ) ) ;
#266 = AXIS2_PLACEMENT_3D ( 'NONE', #2614, #543, #2856 ) ;
#267 = CARTESIAN_POINT ( 'NONE',  ( 3.024189156831786907, 0.7984748661495064681, -1.158902159507200880 ) ) ;
#268 = ORIENTED_EDGE ( 'NONE', *, *, #1013, .F. ) ;
#269 = ADVANCED_FACE ( 'NONE', ( #1054 ), #2003, .F. ) ;
#270 = AXIS2_PLACEMENT_3D ( 'NONE', #2044, #1096, #1544 ) ;
#271 = AXIS2_PLACEMENT_3D ( 'NONE', #1826, #626, #875 ) ;
#272 = DIRECTION ( 'NONE',  ( 0.000000000000000000, 1.000000000000000000, 0.000000000000000000 ) ) ;
#273 = AXIS2_PLACEMENT_3D ( 'NONE', #2233, #2423, #580 ) ;
#274 = CARTESIAN_POINT ( 'NONE',  ( 3.660714285714285143, 0.9000000000000002442, -1.406988001425498513 ) ) ;
#275 = ORIENTED_EDGE ( 'NONE', *, *, #386, .T. ) ;
#276 = VECTOR ( 'NONE', #2531, 100.0000000000000000 ) ;
#277 = DIRECTION ( 'NONE',  ( -1.000000000000000000, 0.000000000000000000, 1.709762935964737605E-16 ) ) ;
#278 = B_SPLINE_CURVE_WITH_KNOTS ( 'NONE', 3,
 ( #973, #804, #1019, #338, #2655, #1479, #2197, #1710, #2180, #2866, #305, #587, #1968, #2879 ),
 .UNSPECIFIED., .F., .F.,
 ( 4, 2, 2, 2, 2, 2, 4 ),
 ( 0.000000000000000000, 0.0003927204106760936032, 0.0007854408213521872064, 0.001178161232028280755, 0.001570881642704374413, 0.002356322464056577123, 0.003141763285408779617 ),
 .UNSPECIFIED. ) ;
#279 = CARTESIAN_POINT ( 'NONE',  ( 3.664832497875892603, 0.5065632375246151842, -4.423117840557804215 ) ) ;
#280 = CARTESIAN_POINT ( 'NONE',  ( 2.599999999999998757, 0.000000000000000000, -11.24999999999998757 ) ) ;
#281 = FACE_OUTER_BOUND ( 'NONE', #678, .T. ) ;
#282 = CARTESIAN_POINT ( 'NONE',  ( 3.800178484953204538, 0.8604508556884783443, -1.221548269768064854 ) ) ;
#283 = CARTESIAN_POINT ( 'NONE',  ( 4.509790211690269501, 0.4000000000000000222, -0.2677972023696898463 ) ) ;
#284 = CARTESIAN_POINT ( 'NONE',  ( 3.749999999999999112, 0.000000000000000000, -4.299999999999997158 ) ) ;
#285 = DIRECTION ( 'NONE',  ( -0.000000000000000000, -1.000000000000000000, -0.000000000000000000 ) ) ;
#286 = ORIENTED_EDGE ( 'NONE', *, *, #2767, .F. ) ;
#287 = DIRECTION ( 'NONE',  ( 0.000000000000000000, 0.000000000000000000, -1.000000000000000000 ) ) ;
#288 = CARTESIAN_POINT ( 'NONE',  ( 3.792768070041949713, 0.4075064801173461926, -1.422024582709516816 ) ) ;
#289 = ORIENTED_EDGE ( 'NONE', *, *, #2167, .T. ) ;
#290 = CARTESIAN_POINT ( 'NONE',  ( 3.350000000000000977, 0.6838103269201416534, -0.9858098786045740303 ) ) ;
#291 = ADVANCED_FACE ( 'NONE', ( #2674 ), #605, .F. ) ;
#292 = CARTESIAN_POINT ( 'NONE',  ( 3.053849237460882105, 0.4000119510623071362, -4.597473159720337321 ) ) ;
#293 = ORIENTED_EDGE ( 'NONE', *, *, #335, .F. ) ;
#294 = CARTESIAN_POINT ( 'NONE',  ( 0.3500000000000003109, 0.2000000000000000111, -0.3499999999999994227 ) ) ;
#295 = CARTESIAN_POINT ( 'NONE',  ( 3.782797934227334569, 0.8697115101503239964, -1.219480700298734233 ) ) ;
#296 = EDGE_CURVE ( 'NONE', #114, #1222, #2181, .T. ) ;
#297 = CARTESIAN_POINT ( 'NONE',  ( 3.350000000000000089, 0.5999999999999999778, -4.399999999999999467 ) ) ;
#298 = DIRECTION ( 'NONE',  ( -0.000000000000000000, -1.000000000000000000, -0.000000000000000000 ) ) ;
#299 = CARTESIAN_POINT ( 'NONE',  ( 3.550000000000000266, 0.9000000000000001332, -4.099999999999998757 ) ) ;
#300 = ORIENTED_EDGE ( 'NONE', *, *, #1145, .F. ) ;
#301 = DIRECTION ( 'NONE',  ( 0.000000000000000000, 1.000000000000000000, 0.000000000000000000 ) ) ;
#302 = CARTESIAN_POINT ( 'NONE',  ( 3.830727352506866357, 0.5055073102674521035, -1.426791097534769959 ) ) ;
#303 = ORIENTED_EDGE ( 'NONE', *, *, #116, .F. ) ;
#304 = CARTESIAN_POINT ( 'NONE',  ( 3.349999999999999645, 0.8275865450209852758, -1.046281904472937008 ) ) ;
#305 = CARTESIAN_POINT ( 'NONE',  ( 4.049736827765558544, 0.4250144633176420883, -1.456693565083121422 ) ) ;
#306 = EDGE_CURVE ( 'NONE', #1070, #680, #1548, .T. ) ;
#307 = CARTESIAN_POINT ( 'NONE',  ( 0.6902097883097344511, 0.4000000000000000222, -0.2677972023696892356 ) ) ;
#308 = CARTESIAN_POINT ( 'NONE',  ( 3.575715410589948462, 0.6902157406757875036, -1.508848802393011557 ) ) ;
#309 = PLANE ( 'NONE',  #2638 ) ;
#310 = CARTESIAN_POINT ( 'NONE',  ( 2.950000000000000178, 0.6396442892860404461, -1.156066178144419476 ) ) ;
#311 = VERTEX_POINT ( 'NONE', #646 ) ;
#312 = AXIS2_PLACEMENT_3D ( 'NONE', #2883, #1969, #2183 ) ;
#313 = PLANE ( 'NONE',  #2643 ) ;
#314 = CARTESIAN_POINT ( 'NONE',  ( 3.867341420912426830, 0.5000000000000001110, -1.431453485007524229 ) ) ;
#315 = ADVANCED_FACE ( 'NONE', ( #2985 ), #1792, .T. ) ;
#316 = VECTOR ( 'NONE', #158, 100.0000000000000000 ) ;
#317 = CIRCLE ( 'NONE', #2733, 10.09999999999998721 ) ;
#318 = VERTEX_POINT ( 'NONE', #2752 ) ;
#319 = CIRCLE ( 'NONE', #704, 9.899999999999986144 ) ;
#320 = CARTESIAN_POINT ( 'NONE',  ( 3.349999999999999645, 0.7885058909759049550, -1.022297760882133089 ) ) ;
#321 = B_SPLINE_CURVE_WITH_KNOTS ( 'NONE', 3,
 ( #959, #490, #292, #2568 ),
 .UNSPECIFIED., .F., .F.,
 ( 4, 4 ),
 ( 0.000000000000000000, 3.874478514856029656E-05 ),
 .UNSPECIFIED. ) ;
#322 = CARTESIAN_POINT ( 'NONE',  ( 3.818768193356152807, 0.4023848159688778736, -4.567064676856023020 ) ) ;
#323 = CARTESIAN_POINT ( 'NONE',  ( 2.949999999999999289, 0.5867926391593378810, -1.156066178144420364 ) ) ;
#324 = CARTESIAN_POINT ( 'NONE',  ( 3.142793906561636152, 0.5453879457678449949, -1.364888521816091327 ) ) ;
#325 = AXIS2_PLACEMENT_3D ( 'NONE', #493, #8, #961 ) ;
#326 = CARTESIAN_POINT ( 'NONE',  ( 3.911779735708821537, 0.7477967813592157897, -1.437286453186699564 ) ) ;
#327 = DATE_AND_TIME ( #777, #233 ) ;
#328 = FACE_OUTER_BOUND ( 'NONE', #2456, .T. ) ;
#329 = FACE_OUTER_BOUND ( 'NONE', #1347, .T. ) ;
#330 = ORIENTED_EDGE ( 'NONE', *, *, #1281, .F. ) ;
#331 = SECURITY_CLASSIFICATION ( '', '', #2200 ) ;
#332 = FACE_OUTER_BOUND ( 'NONE', #49, .T. ) ;
#333 = DIRECTION ( 'NONE',  ( 0.000000000000000000, 1.000000000000000000, 0.000000000000000000 ) ) ;
#334 = VERTEX_POINT ( 'NONE', #1375 ) ;
#335 = EDGE_CURVE ( 'NONE', #1951, #2095, #2376, .T. ) ;
#336 = CARTESIAN_POINT ( 'NONE',  ( 3.350000000000000089, 0.2000000000000000111, -0.5223890999115841094 ) ) ;
#337 = CARTESIAN_POINT ( 'NONE',  ( 3.723899907005623344, 0.4462810540151951888, -4.471997642247837135 ) ) ;
#338 = CARTESIAN_POINT ( 'NONE',  ( 3.956437869518619976, 0.5479894584250190048, -1.443365357756341449 ) ) ;
#339 = CARTESIAN_POINT ( 'NONE',  ( 3.094816423560678764, 0.4045528996861254556, -1.461277382922446355 ) ) ;
#340 = CARTESIAN_POINT ( 'NONE',  ( 3.920733146494809418, 0.7306498589570455948, -1.438490598102905915 ) ) ;
#341 = EDGE_CURVE ( 'NONE', #2976, #2525, #1562, .T. ) ;
#342 = COORDINATED_UNIVERSAL_TIME_OFFSET ( 9, 0, .AHEAD. ) ;
#343 = CARTESIAN_POINT ( 'NONE',  ( 1.363716355667283775, 0.4000000000000000222, -1.569038410182971965 ) ) ;
#344 = FACE_OUTER_BOUND ( 'NONE', #1296, .T. ) ;
#345 = ORIENTED_EDGE ( 'NONE', *, *, #1957, .F. ) ;
#346 = EDGE_CURVE ( 'NONE', #2517, #2366, #1094, .T. ) ;
#347 = CARTESIAN_POINT ( 'NONE',  ( 3.349859875051576452, 0.8857944356382435602, -4.193387954886004465 ) ) ;
#348 = CARTESIAN_POINT ( 'NONE',  ( 3.808719057037781575, 0.5166803959925103662, -1.424058762701946312 ) ) ;
#349 = ORIENTED_EDGE ( 'NONE', *, *, #1850, .T. ) ;
#350 = DIRECTION ( 'NONE',  ( 0.000000000000000000, 0.000000000000000000, 1.000000000000000000 ) ) ;
#351 = CARTESIAN_POINT ( 'NONE',  ( 3.780221448401983153, 0.4137127879227903149, -4.527217769699528382 ) ) ;
#352 = LINE ( 'NONE', #1273, #372 ) ;
#353 = FACE_OUTER_BOUND ( 'NONE', #1593, .T. ) ;
#354 = CARTESIAN_POINT ( 'NONE',  ( 3.950000000000000622, 0.5999999999999999778, -1.442477377033486885 ) ) ;
#355 = DIRECTION ( 'NONE',  ( 1.000000000000000000, 0.000000000000000000, 0.000000000000000000 ) ) ;
#356 = CARTESIAN_POINT ( 'NONE',  ( 3.231882198256136984, 0.5023500163447972566, -4.425429513637394230 ) ) ;
#357 = CARTESIAN_POINT ( 'NONE',  ( 1.335708539047596233, 0.3365099859697992524, -1.430566501449960226 ) ) ;
#358 = EDGE_CURVE ( 'NONE', #1661, #2815, #1610, .T. ) ;
#359 = ORIENTED_EDGE ( 'NONE', *, *, #479, .F. ) ;
#360 = DIRECTION ( 'NONE',  ( -0.000000000000000000, -1.000000000000000000, -0.000000000000000000 ) ) ;
#361 = CARTESIAN_POINT ( 'NONE',  ( 5.200000000000000178, 0.4000000000000000222, -1.249999999999999778 ) ) ;
#362 = ADVANCED_FACE ( 'NONE', ( #2048 ), #420, .F. ) ;
#363 = ORIENTED_EDGE ( 'NONE', *, *, #2454, .T. ) ;
#364 = CARTESIAN_POINT ( 'NONE',  ( 4.967804161857757528, 0.3356083237155185195, -0.7142317635649123586 ) ) ;
#365 = AXIS2_PLACEMENT_3D ( 'NONE', #1586, #1367, #1092 ) ;
#366 = CARTESIAN_POINT ( 'NONE',  ( 3.550000000000000266, 0.9000000000000001332, -1.177885028456042482 ) ) ;
#367 = AXIS2_PLACEMENT_3D ( 'NONE', #2947, #874, #1809 ) ;
#368 = AXIS2_PLACEMENT_3D ( 'NONE', #836, #182, #136 ) ;
#369 = CARTESIAN_POINT ( 'NONE',  ( 3.212304301564552045, 0.4789753427071494207, -1.368702948450567058 ) ) ;
#370 = CARTESIAN_POINT ( 'NONE',  ( 4.850000000000000533, 0.4000000000000000222, -1.099999999999999201 ) ) ;
#371 = VECTOR ( 'NONE', #2928, 100.0000000000000000 ) ;
#372 = VECTOR ( 'NONE', #2211, 100.0000000000000000 ) ;
#373 = CARTESIAN_POINT ( 'NONE',  ( 2.599999999999998757, 0.2000000000000000111, -11.24999999999998757 ) ) ;
#374 = CARTESIAN_POINT ( 'NONE',  ( 2.600000000000003642, 0.4000000000000000222, -0.4500000000000003997 ) ) ;
#375 = FACE_OUTER_BOUND ( 'NONE', #1195, .T. ) ;
#376 = ORIENTED_EDGE ( 'NONE', *, *, #2431, .F. ) ;
#377 = CARTESIAN_POINT ( 'NONE',  ( 4.028604763057596294, 0.4405229049108103090, -1.251539679962152984 ) ) ;
#378 = DIRECTION ( 'NONE',  ( 0.000000000000000000, 0.000000000000000000, 1.000000000000000000 ) ) ;
#379 = EDGE_LOOP ( 'NONE', ( #275, #1854, #1529, #2566 ) ) ;
#380 = EDGE_CURVE ( 'NONE', #2532, #2807, #2765, .T. ) ;
#381 = CARTESIAN_POINT ( 'NONE',  ( 3.207816559121535960, 0.6465333050850607943, -1.368673551357053597 ) ) ;
#382 = CARTESIAN_POINT ( 'NONE',  ( 3.850000000000001421, 0.4000000000000000777, -2.548479587925426060 ) ) ;
#383 = PERSON_AND_ORGANIZATION ( #557, #2695 ) ;
#384 = CARTESIAN_POINT ( 'NONE',  ( 3.550000000000000266, 0.9000000000000001332, -4.099999999999998757 ) ) ;
#385 = LINE ( 'NONE', #1309, #223 ) ;
#386 = EDGE_CURVE ( 'NONE', #102, #2924, #691, .T. ) ;
#387 = ADVANCED_FACE ( 'NONE', ( #1622 ), #2735, .T. ) ;
#388 = ORIENTED_EDGE ( 'NONE', *, *, #786, .F. ) ;
#389 = CARTESIAN_POINT ( 'NONE',  ( 2.599999999999998757, 0.4000000000000000222, -11.24999999999998757 ) ) ;
#390 = CARTESIAN_POINT ( 'NONE',  ( 3.749999999999999112, 3.252606517456513302E-17, -4.299999999999997158 ) ) ;
#391 = ORIENTED_EDGE ( 'NONE', *, *, #2776, .T. ) ;
#392 = CARTESIAN_POINT ( 'NONE',  ( 3.950000000000000622, 0.5999999999999999778, -1.240629390416200906 ) ) ;
#393 = CARTESIAN_POINT ( 'NONE',  ( 3.550000000000000266, 0.5999999999999999778, -0.9778850284560426376 ) ) ;
#394 = VERTEX_POINT ( 'NONE', #1359 ) ;
#395 = CARTESIAN_POINT ( 'NONE',  ( 3.222397124984276218, 0.6838563310174848864, -1.369581224816213583 ) ) ;
#396 = CARTESIAN_POINT ( 'NONE',  ( 3.171113466347969645, 0.8920626240369923243, -1.366421032295793037 ) ) ;
#397 = EDGE_LOOP ( 'NONE', ( #1893, #738, #2467, #2845 ) ) ;
#398 = EDGE_CURVE ( 'NONE', #1397, #2734, #2222, .T. ) ;
#399 = LINE ( 'NONE', #1110, #316 ) ;
#400 = CARTESIAN_POINT ( 'NONE',  ( 0.1999999999999997058, 0.4000000000000000222, -0.6662277660168386406 ) ) ;
#401 = B_SPLINE_CURVE_WITH_KNOTS ( 'NONE', 3,
 ( #153, #2664, #1329, #2677, #2720, #1537, #2457, #377, #1300, #2250, #2237, #2707, #1315, #2508, #1071, #392 ),
 .UNSPECIFIED., .F., .F.,
 ( 4, 2, 2, 2, 2, 2, 2, 4 ),
 ( 0.000000000000000000, 0.0003926368494242348612, 0.0007852736988484697225, 0.001177910548272704475, 0.001570547397696939445, 0.001963184247121174415, 0.002355821096545408951, 0.003141094795393876721 ),
 .UNSPECIFIED. ) ;
#402 = CARTESIAN_POINT ( 'NONE',  ( 3.050000000000000266, 0.4000000000000000777, -4.653996123985482569 ) ) ;
#403 = ORIENTED_EDGE ( 'NONE', *, *, #1993, .T. ) ;
#404 = CARTESIAN_POINT ( 'NONE',  ( 2.749999999999996891, 0.4000000000000000222, -0.3500000000000075273 ) ) ;
#405 = DIRECTION ( 'NONE',  ( -0.000000000000000000, -0.7071067811865463515, 0.7071067811865486830 ) ) ;
#406 = VERTEX_POINT ( 'NONE', #2971 ) ;
#407 = DIRECTION ( 'NONE',  ( 0.000000000000000000, 0.000000000000000000, 1.000000000000000000 ) ) ;
#408 = CARTESIAN_POINT ( 'NONE',  ( 3.054591836734694255, 0.4738200612200851314, -1.360442564908470375 ) ) ;
#409 = CIRCLE ( 'NONE', #1528, 10.09999999999998721 ) ;
#410 = DIRECTION ( 'NONE',  ( -0.000000000000000000, -1.000000000000000000, -0.000000000000000000 ) ) ;
#411 = CARTESIAN_POINT ( 'NONE',  ( 4.850000000000000533, 0.4000000000000000222, -1.400000000000000133 ) ) ;
#412 = ORIENTED_EDGE ( 'NONE', *, *, #2167, .F. ) ;
#413 = CIRCLE ( 'NONE', #798, 0.1499999999999999667 ) ;
#414 = CARTESIAN_POINT ( 'NONE',  ( 3.553481662589993206, 0.8241586273914511818, -4.299432398984421866 ) ) ;
#415 = CIRCLE ( 'NONE', #2687, 0.1499999999999999667 ) ;
#416 = CYLINDRICAL_SURFACE ( 'NONE', #900, 9.900000000000023448 ) ;
#417 = VECTOR ( 'NONE', #1323, 100.0000000000000000 ) ;
#418 = DIRECTION ( 'NONE',  ( 0.000000000000000000, 1.000000000000000000, 0.000000000000000000 ) ) ;
#419 = ORIENTED_EDGE ( 'NONE', *, *, #2241, .F. ) ;
#420 = PLANE ( 'NONE',  #2507 ) ;
#421 = CARTESIAN_POINT ( 'NONE',  ( 3.413333333333330444, 0.9000000000000000222, -0.9778850284560424155 ) ) ;
#422 = ORIENTED_EDGE ( 'NONE', *, *, #2605, .T. ) ;
#423 = CARTESIAN_POINT ( 'NONE',  ( 1.291557032819019124, 0.4000000000000001887, -1.446390415418856712 ) ) ;
#424 = DIRECTION ( 'NONE',  ( 0.000000000000000000, 0.000000000000000000, -1.000000000000000000 ) ) ;
#425 = EDGE_CURVE ( 'NONE', #35, #2617, #904, .T. ) ;
#426 =( BOUNDED_SURFACE ( )  B_SPLINE_SURFACE ( 2, 3, ( 
 ( #234, #1803, #1158, #690, #2272, #644 ),
 ( #10, #1357, #2298, #2046, #1141, #2529 ),
 ( #2076, #1864, #402, #450, #2732, #2983 ) ),
 .UNSPECIFIED., .F., .F., .T. ) 
 B_SPLINE_SURFACE_WITH_KNOTS ( ( 3, 3 ),
 ( 4, 2, 4 ),
 ( 0.000000000000000000, 1.000000000000000000 ),
 ( -0.003619883719563080950, -0.002000000000000001776, 0.03201755811082465653 ),
 .UNSPECIFIED. ) 
 GEOMETRIC_REPRESENTATION_ITEM ( )  RATIONAL_B_SPLINE_SURFACE ( (
 ( 1.000000000000000000, 1.000000000000000000, 1.000000000000000000, 1.000000000000000000, 1.000000000000000000, 1.000000000000000000),
 ( 0.7071067811865475727, 0.7071067811865475727, 0.7071067811865475727, 0.7071067811865475727, 0.7071067811865475727, 0.7071067811865475727),
 ( 1.000000000000000000, 1.000000000000000000, 1.000000000000000000, 1.000000000000000000, 1.000000000000000000, 1.000000000000000000) ) ) 
 REPRESENTATION_ITEM ( '' )  SURFACE ( )  );
#427 = DIRECTION ( 'NONE',  ( 0.000000000000000000, 1.000000000000000000, 0.000000000000000000 ) ) ;
#428 = CARTESIAN_POINT ( 'NONE',  ( 4.850000000000000533, 0.000000000000000000, -0.3500000000000001998 ) ) ;
#429 = VERTEX_POINT ( 'NONE', #43 ) ;
#430 = CARTESIAN_POINT ( 'NONE',  ( 3.551109970703314467, 0.8561940513643914175, -4.257357703662917103 ) ) ;
#431 = CARTESIAN_POINT ( 'NONE',  ( 0.000000000000000000, 0.000000000000000000, -1.249999999999999334 ) ) ;
#432 = ADVANCED_FACE ( 'NONE', ( #2560 ), #1160, .T. ) ;
#433 = CARTESIAN_POINT ( 'NONE',  ( 3.550000000000000266, 0.4000000000000000222, -1.194777476355883605 ) ) ;
#434 = ORIENTED_EDGE ( 'NONE', *, *, #296, .F. ) ;
#435 = CARTESIAN_POINT ( 'NONE',  ( 3.324279371574141884, 0.6901880765295448361, -1.470111816114052949 ) ) ;
#436 = VERTEX_POINT ( 'NONE', #284 ) ;
#437 = ADVANCED_FACE ( 'NONE', ( #2587 ), #1672, .F. ) ;
#438 = VERTEX_POINT ( 'NONE', #2316 ) ;
#439 = CARTESIAN_POINT ( 'NONE',  ( 3.117149894599199556, 0.8696974903428267289, -1.163232113584320215 ) ) ;
#440 = DIRECTION ( 'NONE',  ( -0.000000000000000000, -1.000000000000000000, -0.000000000000000000 ) ) ;
#441 = ORIENTED_EDGE ( 'NONE', *, *, #2412, .F. ) ;
#442 = B_SPLINE_CURVE_WITH_KNOTS ( 'NONE', 3,
 ( #697, #1180, #1633, #958 ),
 .UNSPECIFIED., .F., .F.,
 ( 4, 4 ),
 ( 0.000000000000000000, 1.000000000000000000 ),
 .UNSPECIFIED. ) ;
#443 = CARTESIAN_POINT ( 'NONE',  ( 3.866183534759757290, 0.5000000000000002220, -1.431302676576077459 ) ) ;
#444 = CARTESIAN_POINT ( 'NONE',  ( 2.959567193968192456, 0.6776589190539495933, -1.356531145494215052 ) ) ;
#445 = EDGE_CURVE ( 'NONE', #1787, #951, #236, .T. ) ;
#446 = ORIENTED_EDGE ( 'NONE', *, *, #1607, .F. ) ;
#447 = CARTESIAN_POINT ( 'NONE',  ( 3.550310163584985190, 0.8772866236800465067, -4.214511605658497473 ) ) ;
#448 = DIRECTION ( 'NONE',  ( 0.000000000000000000, 1.000000000000000000, 0.000000000000000000 ) ) ;
#449 = EDGE_CURVE ( 'NONE', #2833, #59, #1493, .T. ) ;
#450 = CARTESIAN_POINT ( 'NONE',  ( 3.050000000000000266, 0.4000000000000000777, -3.466081396304861340 ) ) ;
#451 = CARTESIAN_POINT ( 'NONE',  ( 0.3500000000000006439, 0.4000000000000000222, -1.249999999999999334 ) ) ;
#452 = ADVANCED_FACE ( 'NONE', ( #1913 ), #483, .T. ) ;
#453 = ORIENTED_EDGE ( 'NONE', *, *, #2539, .T. ) ;
#454 = ORIENTED_EDGE ( 'NONE', *, *, #1157, .F. ) ;
#455 = EDGE_CURVE ( 'NONE', #1314, #1660, #1783, .T. ) ;
#456 = CARTESIAN_POINT ( 'NONE',  ( 3.734866075873010338, 0.5968178916203320528, -1.415255008586511876 ) ) ;
#457 = VERTEX_POINT ( 'NONE', #2331 ) ;
#458 = CYLINDRICAL_SURFACE ( 'NONE', #520, 0.3499999999999988121 ) ;
#459 = CARTESIAN_POINT ( 'NONE',  ( 3.350000000000000089, 0.9000000000000001332, -1.177885028456040928 ) ) ;
#460 = ORIENTED_EDGE ( 'NONE', *, *, #46, .F. ) ;
#461 = B_SPLINE_CURVE_WITH_KNOTS ( 'NONE', 3,
 ( #2909, #829, #2386, #308, #85, #2511, #1318, #1557, #2041, #188, #1076, #2745, #156, #614, #629, #1830, #2011, #2978 ),
 .UNSPECIFIED., .F., .F.,
 ( 4, 2, 2, 2, 2, 2, 2, 2, 4 ),
 ( -6.000000000003598030E-08, 0.001584696665090700634, 0.003169453330181401345, 0.003961831662726751808, 0.004754209995272103140, 0.005546588327817452736, 0.005942777494090118427, 0.006140872077226452140, 0.006338966660362784986 ),
 .UNSPECIFIED. ) ;
#462 = CONICAL_SURFACE ( 'NONE', #1971, 0.4500000000000015099, 0.4636476090008037065 ) ;
#463 = DIRECTION ( 'NONE',  ( 0.000000000000000000, 0.000000000000000000, -1.000000000000000000 ) ) ;
#464 = FACE_BOUND ( 'NONE', #1878, .T. ) ;
#465 = AXIS2_PLACEMENT_3D ( 'NONE', #2557, #2122, #2809 ) ;
#466 = AXIS2_PLACEMENT_3D ( 'NONE', #2933, #162, #2004 ) ;
#467 = AXIS2_PLACEMENT_3D ( 'NONE', #1287, #1552, #1085 ) ;
#468 = DIRECTION ( 'NONE',  ( 0.000000000000000000, 1.000000000000000000, 0.000000000000000000 ) ) ;
#469 = DIRECTION ( 'NONE',  ( 0.000000000000000000, 0.000000000000000000, -1.000000000000000000 ) ) ;
#470 = ORIENTED_EDGE ( 'NONE', *, *, #2081, .F. ) ;
#471 = VECTOR ( 'NONE', #101, 100.0000000000000000 ) ;
#472 = VERTEX_POINT ( 'NONE', #1457 ) ;
#473 = AXIS2_PLACEMENT_3D ( 'NONE', #818, #1276, #1728 ) ;
#474 = CARTESIAN_POINT ( 'NONE',  ( 3.697852264793827004, 0.4682585193011293834, -1.519856597966505740 ) ) ;
#475 = ORIENTED_EDGE ( 'NONE', *, *, #917, .F. ) ;
#476 = DIRECTION ( 'NONE',  ( 0.000000000000000000, 0.000000000000000000, 1.000000000000000000 ) ) ;
#477 = DIRECTION ( 'NONE',  ( -0.000000000000000000, -1.000000000000000000, -0.000000000000000000 ) ) ;
#478 = EDGE_LOOP ( 'NONE', ( #2029, #2252 ) ) ;
#479 = EDGE_CURVE ( 'NONE', #2345, #2974, #1658, .T. ) ;
#480 = CARTESIAN_POINT ( 'NONE',  ( 3.564862718858397006, 0.7444205236812647675, -4.363117650420450744 ) ) ;
#481 = DIRECTION ( 'NONE',  ( 0.000000000000000000, 0.000000000000000000, 1.000000000000000000 ) ) ;
#482 = DIRECTION ( 'NONE',  ( 0.000000000000000000, 0.000000000000000000, 1.000000000000000000 ) ) ;
#483 = CYLINDRICAL_SURFACE ( 'NONE', #2163, 0.09999999999999993616 ) ;
#484 = ORIENTED_EDGE ( 'NONE', *, *, #1601, .F. ) ;
#485 = ORIENTED_EDGE ( 'NONE', *, *, #1267, .T. ) ;
#486 = CARTESIAN_POINT ( 'NONE',  ( 3.875534239428082728, 0.4170793642237415888, -1.475102533089861057 ) ) ;
#487 = CARTESIAN_POINT ( 'NONE',  ( 2.923205080756888119, 0.5000000000000001110, -1.355277241085887097 ) ) ;
#488 = VERTEX_POINT ( 'NONE', #2126 ) ;
#489 = CARTESIAN_POINT ( 'NONE',  ( 3.550000000000001155, 0.9000000000000001332, -1.235470534979618673 ) ) ;
#490 = CARTESIAN_POINT ( 'NONE',  ( 3.054112079448021433, 0.4000000000000000222, -4.598737778319691216 ) ) ;
#491 = EDGE_CURVE ( 'NONE', #24, #935, #237, .T. ) ;
#492 = DIRECTION ( 'NONE',  ( 0.000000000000000000, 0.000000000000000000, 1.000000000000000000 ) ) ;
#493 = CARTESIAN_POINT ( 'NONE',  ( 2.750000000000000444, -0.2566510771949782610, -2.073395691220068393 ) ) ;
#494 = PLANE ( 'NONE',  #2545 ) ;
#495 = ADVANCED_FACE ( 'NONE', ( #1443 ), #1865, .T. ) ;
#496 = CARTESIAN_POINT ( 'NONE',  ( 3.849999999999999201, 0.4707106781186553568, -4.629289321881344677 ) ) ;
#497 = CARTESIAN_POINT ( 'NONE',  ( 1.450000000000000178, 0.3522170257316611375, -1.508868102926643529 ) ) ;
#498 = CARTESIAN_POINT ( 'NONE',  ( 3.250000000000000000, 0.9000000000000001332, -1.170937543600596209 ) ) ;
#499 = B_SPLINE_CURVE_WITH_KNOTS ( 'NONE', 3,
 ( #81, #2624, #1005, #1939, #2853, #2636, #1460 ),
 .UNSPECIFIED., .F., .F.,
 ( 4, 3, 4 ),
 ( 0.003149181129948799146, 0.005245879161469038827, 0.005387224439826979877 ),
 .UNSPECIFIED. ) ;
#500 = ORIENTED_EDGE ( 'NONE', *, *, #1398, .F. ) ;
#501 = VERTEX_POINT ( 'NONE', #2091 ) ;
#502 = B_SPLINE_CURVE_WITH_KNOTS ( 'NONE', 3,
 ( #2585, #962, #2571, #734, #1899, #1171, #2136, #1669, #2103, #511, #2358, #282, #295, #55, #232, #976, #1217, #1911 ),
 .UNSPECIFIED., .F., .F.,
 ( 4, 2, 2, 2, 2, 2, 2, 2, 4 ),
 ( 8.673617379884035472E-19, 0.0005878292724827548915, 0.001175658544965508916, 0.001763487817448262940, 0.002351317089931016964, 0.002939146362413770988, 0.003526975634896525012, 0.004114804907379279036, 0.004702634179862033061 ),
 .UNSPECIFIED. ) ;
#503 = FACE_OUTER_BOUND ( 'NONE', #988, .T. ) ;
#504 = CARTESIAN_POINT ( 'NONE',  ( 3.963775510204080810, 0.5000000000000001110, -1.444383427964992084 ) ) ;
#505 = ORIENTED_EDGE ( 'NONE', *, *, #1426, .T. ) ;
#506 = CARTESIAN_POINT ( 'NONE',  ( 3.550000000000000711, 0.4000000000000001332, -1.235470534979618673 ) ) ;
#507 = CARTESIAN_POINT ( 'NONE',  ( 3.550000000000000266, 0.9000000000000001332, -4.099999999999998757 ) ) ;
#508 = DIRECTION ( 'NONE',  ( 0.000000000000000000, 0.000000000000000000, 1.000000000000000000 ) ) ;
#509 = EDGE_CURVE ( 'NONE', #1327, #429, #70, .T. ) ;
#510 = DIRECTION ( 'NONE',  ( -0.000000000000000000, -1.000000000000000000, -0.000000000000000000 ) ) ;
#511 = CARTESIAN_POINT ( 'NONE',  ( 3.848049196963262197, 0.8261824925075532677, -1.227397160244081409 ) ) ;
#512 = CARTESIAN_POINT ( 'NONE',  ( 4.432886842729836907, 0.2692119867847271308, -0.3488596168282327992 ) ) ;
#513 = DIRECTION ( 'NONE',  ( 0.000000000000000000, 0.000000000000000000, 1.000000000000000000 ) ) ;
#514 = CIRCLE ( 'NONE', #365, 10.19999999999998685 ) ;
#515 = DIRECTION ( 'NONE',  ( -0.000000000000000000, -1.000000000000000000, 0.000000000000000000 ) ) ;
#516 = ORIENTED_EDGE ( 'NONE', *, *, #1555, .F. ) ;
#517 = VECTOR ( 'NONE', #986, 100.0000000000000000 ) ;
#518 = AXIS2_PLACEMENT_3D ( 'NONE', #2903, #2438, #1313 ) ;
#519 = PLANE ( 'NONE',  #849 ) ;
#520 = AXIS2_PLACEMENT_3D ( 'NONE', #1845, #2084, #1678 ) ;
#521 = CARTESIAN_POINT ( 'NONE',  ( 3.686785859204776195, 0.7088080656545791003, -1.409829250189056804 ) ) ;
#522 = ORIENTED_EDGE ( 'NONE', *, *, #2006, .F. ) ;
#523 = AXIS2_PLACEMENT_3D ( 'NONE', #2618, #2802, #1662 ) ;
#524 = CARTESIAN_POINT ( 'NONE',  ( 3.850000000000001421, 0.4000000000000000777, -1.235470534979618673 ) ) ;
#525 = CARTESIAN_POINT ( 'NONE',  ( 3.658592470222994830, 0.5149836772455759215, -4.418960011479597938 ) ) ;
#526 = ORIENTED_EDGE ( 'NONE', *, *, #2204, .T. ) ;
#527 = EDGE_CURVE ( 'NONE', #2901, #2556, #1763, .T. ) ;
#528 = DIRECTION ( 'NONE',  ( -0.000000000000000000, -1.000000000000000000, -0.000000000000000000 ) ) ;
#529 = CARTESIAN_POINT ( 'NONE',  ( 0.3500000000000006439, 0.4000000000000000222, -1.249999999999999334 ) ) ;
#530 = DIRECTION ( 'NONE',  ( 0.000000000000000000, 1.000000000000000000, 0.000000000000000000 ) ) ;
#531 = CARTESIAN_POINT ( 'NONE',  ( 0.7982535900311732435, 0.2000000000000000111, -1.210392942242987102 ) ) ;
#532 = LOCAL_TIME ( 23, 17, 35.00000000000000000, #342 ) ;
#533 = CARTESIAN_POINT ( 'NONE',  ( 2.980465668211547570, 0.7331653453471790316, -1.157165800933491084 ) ) ;
#534 = VERTEX_POINT ( 'NONE', #1485 ) ;
#535 = CARTESIAN_POINT ( 'NONE',  ( 3.325644700165779177, 0.7026302579082365218, -4.381918265199304940 ) ) ;
#536 = CARTESIAN_POINT ( 'NONE',  ( 3.886104163623082197, 0.3999999999999725442, -1.433892020968789316 ) ) ;
#537 = EDGE_CURVE ( 'NONE', #732, #2083, #719, .T. ) ;
#538 = ORIENTED_EDGE ( 'NONE', *, *, #1183, .F. ) ;
#539 = CARTESIAN_POINT ( 'NONE',  ( 3.850000000000001421, 0.4000000000000000777, -2.356980356653811004 ) ) ;
#540 = CARTESIAN_POINT ( 'NONE',  ( 3.550000000000001599, 0.8670667644341896185, -1.086776273805882376 ) ) ;
#541 = CARTESIAN_POINT ( 'NONE',  ( 3.256632653061224847, 0.9000000000000001332, -1.371800085089705412 ) ) ;
#542 = CARTESIAN_POINT ( 'NONE',  ( 3.221583182521641664, 0.4894448767269921063, -1.369266242771385977 ) ) ;
#543 = DIRECTION ( 'NONE',  ( 0.000000000000000000, 1.000000000000000000, 0.000000000000000000 ) ) ;
#544 = FACE_OUTER_BOUND ( 'NONE', #2943, .T. ) ;
#545 = EDGE_CURVE ( 'NONE', #692, #438, #2497, .T. ) ;
#546 = CARTESIAN_POINT ( 'NONE',  ( 0.3500000000000003109, 0.4000000000000000222, -0.3499999999999994227 ) ) ;
#547 = CARTESIAN_POINT ( 'NONE',  ( 3.350000000000000089, 0.9000000000000001332, -2.347719921473373716 ) ) ;
#548 = ORIENTED_EDGE ( 'NONE', *, *, #1260, .F. ) ;
#549 = EDGE_CURVE ( 'NONE', #2345, #2738, #1985, .T. ) ;
#550 = CARTESIAN_POINT ( 'NONE',  ( 3.749999999999999112, 0.4000000000000000222, -4.700000000000000178 ) ) ;
#551 = CARTESIAN_POINT ( 'NONE',  ( 3.863431879734921637, 0.3999999999999990785, -1.430950145729559919 ) ) ;
#552 = EDGE_LOOP ( 'NONE', ( #855, #239, #662, #744 ) ) ;
#553 = CARTESIAN_POINT ( 'NONE',  ( 3.050000000000000266, 0.4000000000000000222, -1.909232921921325765 ) ) ;
#554 = DIRECTION ( 'NONE',  ( -0.000000000000000000, -1.000000000000000000, -0.000000000000000000 ) ) ;
#555 = CARTESIAN_POINT ( 'NONE',  ( 2.600000000000003642, 0.2000000000000000111, 9.650000000000021672 ) ) ;
#556 = B_SPLINE_CURVE_WITH_KNOTS ( 'NONE', 3,
 ( #384, #1122, #2941, #1320, #852, #1079, #1834, #2013, #2953, #447, #880, #1559, #2256, #1814, #866, #430, #2927, #1137, #414, #2477, #2728, #1355, #1340, #2074, #659, #2056, #899, #2747, #1770, #480, #262, #1170, #2148, #2356, #1910, #1388, #2087, #2822, #1201 ),
 .UNSPECIFIED., .F., .F.,
 ( 4, 2, 2, 2, 1, 1, 1, 2, 2, 2, 2, 2, 1, 1, 2, 2, 2, 2, 1, 1, 2, 2, 4 ),
 ( 0.000000000000000000, 0.1249999999999698852, 0.1874999999999548139, 0.2187499999999500400, 0.2343749999999444611, 0.2421874999999380773, 0.2460937499999315270, 0.2480468749999317490, 0.2499999999999319711, 0.3749999999999925060, 0.4375000000000241474, 0.4687500000000378031, 0.4843750000000441869, 0.4921875000000455191, 0.4960937500000447975, 0.5000000000000440759, 0.6250000000000247580, 0.6875000000000165423, 0.7187500000000124345, 0.7343750000000096589, 0.7421875000000083267, 0.7500000000000069944, 1.000000000000000000 ),
 .UNSPECIFIED. ) ;
#557 = PERSON ( 'UNSPECIFIED', 'UNSPECIFIED', 'UNSPECIFIED', ('UNSPECIFIED'), ('UNSPECIFIED'), ('UNSPECIFIED') ) ;
#558 = CARTESIAN_POINT ( 'NONE',  ( 0.7325646635749658575, 0.3366442633927601569, -0.3082129709003974538 ) ) ;
#559 = FACE_OUTER_BOUND ( 'NONE', #1311, .T. ) ;
#560 = DATE_TIME_ROLE ( 'creation_date' ) ;
#561 = DIRECTION ( 'NONE',  ( -1.000000000000000000, 0.000000000000000000, 0.000000000000000000 ) ) ;
#562 = CARTESIAN_POINT ( 'NONE',  ( 1.350000000000000089, 0.2139691974152341802, -1.543430060005750226 ) ) ;
#563 = EDGE_LOOP ( 'NONE', ( #1697, #16, #664, #1915 ) ) ;
#564 = ADVANCED_FACE ( 'NONE', ( #1034 ), #309, .F. ) ;
#565 = AXIS2_PLACEMENT_3D ( 'NONE', #1435, #1385, #731 ) ;
#566 = CYLINDRICAL_SURFACE ( 'NONE', #2788, 0.2000000000000001776 ) ;
#567 = CARTESIAN_POINT ( 'NONE',  ( 3.942366656223280419, 0.5000000000000001110, -1.441397236628255252 ) ) ;
#568 = AXIS2_PLACEMENT_3D ( 'NONE', #2165, #815, #761 ) ;
#569 = VECTOR ( 'NONE', #2716, 100.0000000000000000 ) ;
#570 = ORIENTED_EDGE ( 'NONE', *, *, #676, .T. ) ;
#571 = AXIS2_PLACEMENT_3D ( 'NONE', #2814, #2361, #1659 ) ;
#572 = CARTESIAN_POINT ( 'NONE',  ( 2.599999999999998757, 0.9000000000000001332, -11.24999999999998757 ) ) ;
#573 = CARTESIAN_POINT ( 'NONE',  ( 3.802360044987936227, 0.4062689955545169540, -4.549975785522337723 ) ) ;
#574 = CARTESIAN_POINT ( 'NONE',  ( 2.873031470581464575, 0.4401771790263449002, -1.153674236438294365 ) ) ;
#575 = CARTESIAN_POINT ( 'NONE',  ( 0.7982535900311718002, 0.2000000000000000111, -0.3896070577570141524 ) ) ;
#576 = CYLINDRICAL_SURFACE ( 'NONE', #73, 0.1500000000000004663 ) ;
#577 = ADVANCED_FACE ( 'NONE', ( #328 ), #592, .F. ) ;
#578 = APPLICATION_PROTOCOL_DEFINITION ( 'international standard', 'config_control_design', 1994, #1630 ) ;
#579 = CYLINDRICAL_SURFACE ( 'NONE', #29, 0.2999999999999999334 ) ;
#580 = DIRECTION ( 'NONE',  ( 0.000000000000000000, 0.000000000000000000, -1.000000000000000000 ) ) ;
#581 = ORIENTED_EDGE ( 'NONE', *, *, #1925, .F. ) ;
#582 = CARTESIAN_POINT ( 'NONE',  ( 3.350000000000001421, 0.9000000000000002442, -4.129861656260288783 ) ) ;
#583 = LINE ( 'NONE', #1505, #124 ) ;
#584 = ORIENTED_EDGE ( 'NONE', *, *, #776, .F. ) ;
#585 = FACE_OUTER_BOUND ( 'NONE', #1182, .T. ) ;
#586 = CARTESIAN_POINT ( 'NONE',  ( 3.550000000000001155, 0.7546600849199770478, -1.005765050327410703 ) ) ;
#587 = CARTESIAN_POINT ( 'NONE',  ( 4.097685668068503873, 0.4052287176478842623, -1.463911637552709921 ) ) ;
#588 = CARTESIAN_POINT ( 'NONE',  ( 3.245260193329488896, 0.5187136055440555449, -1.466181522719737007 ) ) ;
#589 = EDGE_CURVE ( 'NONE', #2987, #35, #1066, .T. ) ;
#590 = CARTESIAN_POINT ( 'NONE',  ( 3.950000000000001510, 0.6388653008615030604, -1.442477377033486441 ) ) ;
#591 = CARTESIAN_POINT ( 'NONE',  ( 0.000000000000000000, 0.000000000000000000, 0.000000000000000000 ) ) ;
#592 = CYLINDRICAL_SURFACE ( 'NONE', #473, 0.1499999999999999667 ) ;
#593 = ADVANCED_FACE ( 'NONE', ( #1757 ), #579, .T. ) ;
#594 = CARTESIAN_POINT ( 'NONE',  ( 1.350000000000000089, 0.2139691974152342357, -1.428559409828303428 ) ) ;
#595 = CARTESIAN_POINT ( 'NONE',  ( 2.600000000000003642, 0.4000000000000000222, -0.2500000000000016098 ) ) ;
#596 = CARTESIAN_POINT ( 'NONE',  ( 3.863822836702466734, 0.4000000000000007994, -1.431000458661387809 ) ) ;
#597 = ORIENTED_EDGE ( 'NONE', *, *, #2491, .T. ) ;
#598 = PLANE ( 'NONE',  #467 ) ;
#599 = DIRECTION ( 'NONE',  ( 0.000000000000000000, 0.000000000000000000, -1.000000000000000000 ) ) ;
#600 = DIRECTION ( 'NONE',  ( 2.593547890057911555E-15, 0.000000000000000000, -1.000000000000000000 ) ) ;
#601 = CARTESIAN_POINT ( 'NONE',  ( 3.789350574372120306, 0.8663585994636870957, -1.421686069940409247 ) ) ;
#602 = COORDINATED_UNIVERSAL_TIME_OFFSET ( 9, 0, .AHEAD. ) ;
#603 = CARTESIAN_POINT ( 'NONE',  ( 3.183027017898258038, 0.4518425985786269639, -4.465650193968421888 ) ) ;
#604 = CARTESIAN_POINT ( 'NONE',  ( 1.238044881417786014, 0.3425602890745509943, -1.444129744309863739 ) ) ;
#605 = CYLINDRICAL_SURFACE ( 'NONE', #1588, 9.899999999999986144 ) ;
#606 =( BOUNDED_CURVE ( )  B_SPLINE_CURVE ( 3, ( #1989, #2645, #2408, #1051 ),
 .UNSPECIFIED., .F., .T. ) 
 B_SPLINE_CURVE_WITH_KNOTS ( ( 4, 4 ),
 ( 3.141592653589793116, 4.415137619063472130 ),
 .UNSPECIFIED. ) 
 CURVE ( )  GEOMETRIC_REPRESENTATION_ITEM ( )  RATIONAL_B_SPLINE_CURVE ( ( 1.000000000000000000, 0.8693460236502412730, 0.8693460236502412730, 1.000000000000000000 ) ) 
 REPRESENTATION_ITEM ( '' )  );
#607 = ADVANCED_FACE ( 'NONE', ( #2447 ), #1243, .T. ) ;
#608 = CIRCLE ( 'NONE', #2445, 0.1499999999999999667 ) ;
#609 = VERTEX_POINT ( 'NONE', #2232 ) ;
#610 = AXIS2_PLACEMENT_3D ( 'NONE', #2721, #2052, #424 ) ;
#611 = CARTESIAN_POINT ( 'NONE',  ( 1.350889112237739553, 0.3380172674604888239, -1.528266273908354567 ) ) ;
#612 = VECTOR ( 'NONE', #132, 100.0000000000000000 ) ;
#613 = CARTESIAN_POINT ( 'NONE',  ( 3.256632652965788743, 0.8599206695370070763, -1.371800085083361820 ) ) ;
#614 = CARTESIAN_POINT ( 'NONE',  ( 3.816492140123427745, 0.4030081832953301690, -1.528119548718100740 ) ) ;
#615 = EDGE_CURVE ( 'NONE', #1397, #2452, #2870, .T. ) ;
#616 = AXIS2_PLACEMENT_3D ( 'NONE', #2494, #2014, #216 ) ;
#617 = DATE_AND_TIME ( #1063, #2321 ) ;
#618 = CARTESIAN_POINT ( 'NONE',  ( 3.650000000000000355, 0.9000000000000001332, -1.204727480053118027 ) ) ;
#619 = CARTESIAN_POINT ( 'NONE',  ( 4.850000000000000533, 0.000000000000000000, -1.400000000000000133 ) ) ;
#620 = VERTEX_POINT ( 'NONE', #1064 ) ;
#621 = CARTESIAN_POINT ( 'NONE',  ( 6.938893903907228378E-16, 0.4000000000000000222, -0.3499999999999994227 ) ) ;
#622 = DIRECTION ( 'NONE',  ( -0.000000000000000000, -1.000000000000000000, -0.000000000000000000 ) ) ;
#623 = VERTEX_POINT ( 'NONE', #1999 ) ;
#624 = CARTESIAN_POINT ( 'NONE',  ( 4.984170875528234568, 0.3683417510564722663, -0.6912558093653812241 ) ) ;
#625 = EDGE_CURVE ( 'NONE', #2530, #394, #2174, .T. ) ;
#626 = DIRECTION ( 'NONE',  ( 0.000000000000000000, 1.000000000000000000, 0.000000000000000000 ) ) ;
#627 = VERTEX_POINT ( 'NONE', #618 ) ;
#628 = CARTESIAN_POINT ( 'NONE',  ( 3.243324689661720495, 0.7613857382844582133, -1.370923897877052822 ) ) ;
#629 = CARTESIAN_POINT ( 'NONE',  ( 3.823085512932042906, 0.4018910057861497243, -1.528503546173282990 ) ) ;
#630 = ORIENTED_EDGE ( 'NONE', *, *, #648, .F. ) ;
#631 = LINE ( 'NONE', #1571, #172 ) ;
#632 = DIRECTION ( 'NONE',  ( -1.709762935964737358E-16, -0.000000000000000000, -1.000000000000000000 ) ) ;
#633 = CARTESIAN_POINT ( 'NONE',  ( 3.350000000000001421, 0.8466271492413822708, -1.471579882210013901 ) ) ;
#634 = CARTESIAN_POINT ( 'NONE',  ( 3.849999999999999201, 0.000000000000000000, -4.241421356237307094 ) ) ;
#635 = ORIENTED_EDGE ( 'NONE', *, *, #111, .T. ) ;
#636 = EDGE_CURVE ( 'NONE', #2946, #2833, #2925, .T. ) ;
#637 = DIRECTION ( 'NONE',  ( 0.000000000000000000, 1.000000000000000000, 0.000000000000000000 ) ) ;
#638 = DIRECTION ( 'NONE',  ( 0.000000000000000000, 0.000000000000000000, 1.000000000000000000 ) ) ;
#639 = CARTESIAN_POINT ( 'NONE',  ( 6.938893903907228378E-16, 0.4000000000000000222, -0.3499999999999994227 ) ) ;
#640 = CARTESIAN_POINT ( 'NONE',  ( 0.4268292682926780879, 0.000000000000000000, -1.591463414634149087 ) ) ;
#641 = VERTEX_POINT ( 'NONE', #1308 ) ;
#642 = DIRECTION ( 'NONE',  ( -0.000000000000000000, -1.000000000000000000, -0.000000000000000000 ) ) ;
#643 = CARTESIAN_POINT ( 'NONE',  ( 3.350000000000000089, 0.2712940484220973669, -1.113355021683473112 ) ) ;
#644 = CARTESIAN_POINT ( 'NONE',  ( 3.350000000000000089, 0.9000000000000001332, -1.198244188917534148 ) ) ;
#645 = VERTEX_POINT ( 'NONE', #1788 ) ;
#646 = CARTESIAN_POINT ( 'NONE',  ( 0.3500000000000006439, 0.000000000000000000, -1.399999999999999245 ) ) ;
#647 = PLANE ( 'NONE',  #1135 ) ;
#648 = EDGE_CURVE ( 'NONE', #334, #2476, #2964, .T. ) ;
#649 = ORIENTED_EDGE ( 'NONE', *, *, #1183, .T. ) ;
#650 = DIRECTION ( 'NONE',  ( -0.000000000000000000, -1.000000000000000000, -0.000000000000000000 ) ) ;
#651 = CARTESIAN_POINT ( 'NONE',  ( 3.350000000000000089, 0.2000000000000000111, -4.399999999999999467 ) ) ;
#652 = VERTEX_POINT ( 'NONE', #215 ) ;
#653 = CIRCLE ( 'NONE', #837, 0.3499999999999988121 ) ;
#654 = CARTESIAN_POINT ( 'NONE',  ( 3.860078157066470173, 0.4998171330393643697, -1.430517282373443333 ) ) ;
#655 = CARTESIAN_POINT ( 'NONE',  ( 2.951945310814402035, 0.6393131629688331152, -1.356257076300702247 ) ) ;
#656 = EDGE_CURVE ( 'NONE', #2734, #334, #1631, .T. ) ;
#657 = ORIENTED_EDGE ( 'NONE', *, *, #20, .F. ) ;
#658 = VECTOR ( 'NONE', #1540, 100.0000000000000000 ) ;
#659 = CARTESIAN_POINT ( 'NONE',  ( 3.554873516110878207, 0.8102413681826600156, -4.314006604335395956 ) ) ;
#660 = AXIS2_PLACEMENT_3D ( 'NONE', #2835, #2633, #1937 ) ;
#661 = DIRECTION ( 'NONE',  ( -0.000000000000000000, -1.000000000000000000, -0.000000000000000000 ) ) ;
#662 = ORIENTED_EDGE ( 'NONE', *, *, #1303, .T. ) ;
#663 = DIRECTION ( 'NONE',  ( 0.000000000000000000, -0.7071067811865492381, -0.7071067811865457964 ) ) ;
#664 = ORIENTED_EDGE ( 'NONE', *, *, #386, .F. ) ;
#665 = EDGE_LOOP ( 'NONE', ( #824, #921 ) ) ;
#666 = EDGE_CURVE ( 'NONE', #2738, #1778, #2714, .T. ) ;
#667 = CARTESIAN_POINT ( 'NONE',  ( 1.350000000000000089, 0.4000000000000000222, -1.600000000000000311 ) ) ;
#668 = CARTESIAN_POINT ( 'NONE',  ( 1.352651549902951222, 0.4000000000000000222, -1.520501676942639158 ) ) ;
#669 = ORIENTED_EDGE ( 'NONE', *, *, #449, .T. ) ;
#670 = EDGE_CURVE ( 'NONE', #935, #838, #2410, .T. ) ;
#671 = CARTESIAN_POINT ( 'NONE',  ( 3.712274577690722666, 0.6397205634207726588, -1.412674421475990538 ) ) ;
#672 = CARTESIAN_POINT ( 'NONE',  ( 2.950000000000001066, 0.6198223354076163316, -1.356188803095140560 ) ) ;
#673 = ORIENTED_EDGE ( 'NONE', *, *, #2058, .T. ) ;
#674 = CARTESIAN_POINT ( 'NONE',  ( 4.150000000000001243, 0.4000000000000000222, -0.3500000000000001998 ) ) ;
#675 = FACE_OUTER_BOUND ( 'NONE', #2305, .T. ) ;
#676 = EDGE_CURVE ( 'NONE', #623, #311, #399, .T. ) ;
#677 = CARTESIAN_POINT ( 'NONE',  ( 3.550000000000001155, 0.3727451263781634827, -1.181089436755605737 ) ) ;
#678 = EDGE_LOOP ( 'NONE', ( #2248, #2097, #1832, #1994 ) ) ;
#679 = CARTESIAN_POINT ( 'NONE',  ( 3.213767849402723087, 0.4794035175777928703, -1.464870421310854098 ) ) ;
#680 = VERTEX_POINT ( 'NONE', #1371 ) ;
#681 = EDGE_LOOP ( 'NONE', ( #548, #630, #1807, #1752 ) ) ;
#682 = B_SPLINE_CURVE_WITH_KNOTS ( 'NONE', 3,
 ( #2375, #1206, #2152, #994 ),
 .UNSPECIFIED., .F., .F.,
 ( 4, 4 ),
 ( 6.938893903907228378E-18, 0.0001073147002611626644 ),
 .UNSPECIFIED. ) ;
#683 = CARTESIAN_POINT ( 'NONE',  ( 3.550000000000000711, 0.9000000000000002442, -1.395057077790863298 ) ) ;
#684 = ORIENTED_EDGE ( 'NONE', *, *, #1941, .T. ) ;
#685 = CARTESIAN_POINT ( 'NONE',  ( 4.401746409968827045, 0.2000000000000000111, -1.210392942242986658 ) ) ;
#686 = CARTESIAN_POINT ( 'NONE',  ( 1.352651549902951222, 0.4000000000000000222, -1.520501676942639158 ) ) ;
#687 = ORIENTED_EDGE ( 'NONE', *, *, #179, .T. ) ;
#688 = CARTESIAN_POINT ( 'NONE',  ( 3.228423740900335126, 0.7024031841360389716, -1.369963998708538799 ) ) ;
#689 = FACE_OUTER_BOUND ( 'NONE', #844, .T. ) ;
#690 = CARTESIAN_POINT ( 'NONE',  ( 3.350000000000000089, 0.9000000000000001332, -3.466081396304861340 ) ) ;
#691 = LINE ( 'NONE', #1101, #2688 ) ;
#692 = VERTEX_POINT ( 'NONE', #2980 ) ;
#693 = EDGE_LOOP ( 'NONE', ( #2079, #939, #2875, #687 ) ) ;
#694 = CARTESIAN_POINT ( 'NONE',  ( 3.609582520066725753, 0.5988434310597345878, -1.512033518607930782 ) ) ;
#695 = ADVANCED_FACE ( 'NONE', ( #200 ), #2527, .F. ) ;
#696 = ORIENTED_EDGE ( 'NONE', *, *, #2058, .F. ) ;
#697 = CARTESIAN_POINT ( 'NONE',  ( 3.350000000000000089, 0.5999999999999999778, -0.9778850284560426376 ) ) ;
#698 = CARTESIAN_POINT ( 'NONE',  ( 3.350000000000000089, 0.9000000000000001332, -1.471579882210085843 ) ) ;
#699 = ORIENTED_EDGE ( 'NONE', *, *, #491, .T. ) ;
#700 = VECTOR ( 'NONE', #37, 100.0000000000000000 ) ;
#701 = CARTESIAN_POINT ( 'NONE',  ( 3.222152504680478202, 0.6831499652238102183, -1.369565796815333858 ) ) ;
#702 = CARTESIAN_POINT ( 'NONE',  ( 0.2321958381422405682, 0.3356083237155188526, -0.8857682364350876192 ) ) ;
#703 = AXIS2_PLACEMENT_3D ( 'NONE', #1155, #914, #2102 ) ;
#704 = AXIS2_PLACEMENT_3D ( 'NONE', #195, #2023, #2486 ) ;
#705 = FACE_OUTER_BOUND ( 'NONE', #693, .T. ) ;
#706 = ORIENTED_EDGE ( 'NONE', *, *, #1328, .T. ) ;
#707 = CARTESIAN_POINT ( 'NONE',  ( 4.999999999999999112, 0.4000000000000000222, -0.6662277660168386406 ) ) ;
#708 = ORIENTED_EDGE ( 'NONE', *, *, #2081, .T. ) ;
#709 = ORIENTED_EDGE ( 'NONE', *, *, #2144, .F. ) ;
#710 = CARTESIAN_POINT ( 'NONE',  ( 3.051184164681594702, 0.3999877130571470873, -4.583780105732753185 ) ) ;
#711 = ORIENTED_EDGE ( 'NONE', *, *, #509, .F. ) ;
#712 = EDGE_CURVE ( 'NONE', #2338, #645, #631, .T. ) ;
#713 = DIRECTION ( 'NONE',  ( -0.000000000000000000, -1.000000000000000000, -0.000000000000000000 ) ) ;
#714 = CARTESIAN_POINT ( 'NONE',  ( 3.050000000000000266, 0.4000000000000000222, -4.558578643762612792 ) ) ;
#715 = VERTEX_POINT ( 'NONE', #2493 ) ;
#716 = VECTOR ( 'NONE', #977, 100.0000000000000000 ) ;
#717 = CARTESIAN_POINT ( 'NONE',  ( 3.127690856005482800, 0.5311574960828659986, -1.364070786013248826 ) ) ;
#718 = DIRECTION ( 'NONE',  ( 0.000000000000000000, 0.000000000000000000, -1.000000000000000000 ) ) ;
#719 =( BOUNDED_CURVE ( )  B_SPLINE_CURVE ( 3, ( #1988, #809, #343, #146 ),
 .UNSPECIFIED., .F., .T. ) 
 B_SPLINE_CURVE_WITH_KNOTS ( ( 4, 4 ),
 ( 3.141592653589793116, 4.481592475560004729 ),
 .UNSPECIFIED. ) 
 CURVE ( )  GEOMETRIC_REPRESENTATION_ITEM ( )  RATIONAL_B_SPLINE_CURVE ( ( 1.000000000000000000, 0.8558811474385654705, 0.8558811474385654705, 1.000000000000000000 ) ) 
 REPRESENTATION_ITEM ( '' )  );
#720 = DIRECTION ( 'NONE',  ( 0.000000000000000000, 0.000000000000000000, -1.000000000000000000 ) ) ;
#721 = ORIENTED_EDGE ( 'NONE', *, *, #46, .T. ) ;
#722 = DIRECTION ( 'NONE',  ( -0.000000000000000000, 0.9701425001453322094, 0.2425356250363313593 ) ) ;
#723 = CARTESIAN_POINT ( 'NONE',  ( 3.350000000000000089, 0.4000000000000000222, -0.4221149715439617700 ) ) ;
#724 = ORIENTED_EDGE ( 'NONE', *, *, #2412, .T. ) ;
#725 = EDGE_CURVE ( 'NONE', #2208, #457, #556, .T. ) ;
#726 = ORIENTED_EDGE ( 'NONE', *, *, #2391, .T. ) ;
#727 = CARTESIAN_POINT ( 'NONE',  ( 3.941174149917118896, 0.4775566611507350290, -1.443136913739645699 ) ) ;
#728 = CARTESIAN_POINT ( 'NONE',  ( 2.813871319652439862, 0.4097750850676164514, -1.407656868373925452 ) ) ;
#729 = EDGE_LOOP ( 'NONE', ( #928, #2189, #1561, #1800, #2326 ) ) ;
#730 = DIRECTION ( 'NONE',  ( 0.000000000000000000, 0.000000000000000000, -1.000000000000000000 ) ) ;
#731 = DIRECTION ( 'NONE',  ( 0.000000000000000000, 0.000000000000000000, 1.000000000000000000 ) ) ;
#732 = VERTEX_POINT ( 'NONE', #1421 ) ;
#733 = CARTESIAN_POINT ( 'NONE',  ( 5.200000000000000178, 0.000000000000000000, -0.3500000000000001998 ) ) ;
#734 = CARTESIAN_POINT ( 'NONE',  ( 3.940383662694530109, 0.6778545619637392772, -1.239336357099048103 ) ) ;
#735 = CARTESIAN_POINT ( 'NONE',  ( 4.900000000000000355, 0.2000000000000000111, -1.249999999999987566 ) ) ;
#736 = DIRECTION ( 'NONE',  ( 0.000000000000000000, 0.000000000000000000, -1.000000000000000000 ) ) ;
#737 = FACE_OUTER_BOUND ( 'NONE', #947, .T. ) ;
#738 = ORIENTED_EDGE ( 'NONE', *, *, #545, .T. ) ;
#739 = CARTESIAN_POINT ( 'NONE',  ( 5.200000000000000178, 0.4000000000000000222, -0.3500000000000001998 ) ) ;
#740 = DIRECTION ( 'NONE',  ( 0.000000000000000000, 0.000000000000000000, 1.000000000000000000 ) ) ;
#741 = ORIENTED_EDGE ( 'NONE', *, *, #1555, .T. ) ;
#742 = DIRECTION ( 'NONE',  ( 0.000000000000000000, 1.000000000000000000, 0.000000000000000000 ) ) ;
#743 = DIRECTION ( 'NONE',  ( 0.000000000000000000, 0.000000000000000000, 1.000000000000000000 ) ) ;
#744 = ORIENTED_EDGE ( 'NONE', *, *, #2466, .F. ) ;
#745 = CARTESIAN_POINT ( 'NONE',  ( 3.253342199256479272, 0.8198112995979736084, -1.371579586894608127 ) ) ;
#746 = ADVANCED_FACE ( 'NONE', ( #281 ), #1862, .F. ) ;
#747 = DIRECTION ( 'NONE',  ( -0.000000000000000000, -0.9701425001453323205, -0.2425356250363313870 ) ) ;
#748 = CARTESIAN_POINT ( 'NONE',  ( 0.4268292682926780879, 0.4000000000000000222, -1.591463414634149087 ) ) ;
#749 = CARTESIAN_POINT ( 'NONE',  ( 0.7325646635749640811, 0.3366442633927598793, -1.291787029099606299 ) ) ;
#750 = CIRCLE ( 'NONE', #1130, 9.900000000000023448 ) ;
#751 = DIRECTION ( 'NONE',  ( 0.000000000000000000, 0.000000000000000000, -1.000000000000000000 ) ) ;
#752 = ORIENTED_EDGE ( 'NONE', *, *, #2043, .F. ) ;
#753 = CARTESIAN_POINT ( 'NONE',  ( 3.317474084248126509, 0.6733517374766408992, -4.391057663975487024 ) ) ;
#754 = AXIS2_PLACEMENT_3D ( 'NONE', #2748, #661, #1341 ) ;
#755 = CARTESIAN_POINT ( 'NONE',  ( 3.859049537610478975, 0.3997662803662296871, -1.430386941586198946 ) ) ;
#756 = ORIENTED_EDGE ( 'NONE', *, *, #2007, .T. ) ;
#757 = AXIS2_PLACEMENT_3D ( 'NONE', #1818, #2481, #2717 ) ;
#758 = CARTESIAN_POINT ( 'NONE',  ( 5.200000000000000178, 0.4000000000000000222, -0.3500000000000001998 ) ) ;
#759 = DIRECTION ( 'NONE',  ( 0.000000000000000000, 0.000000000000000000, 1.000000000000000000 ) ) ;
#760 = ORIENTED_EDGE ( 'NONE', *, *, #1382, .T. ) ;
#761 = DIRECTION ( 'NONE',  ( 0.000000000000000000, 0.000000000000000000, -1.000000000000000000 ) ) ;
#762 = CARTESIAN_POINT ( 'NONE',  ( 3.050000000000000266, 0.4000000000000000222, -1.909232921921325765 ) ) ;
#763 = CARTESIAN_POINT ( 'NONE',  ( 3.550000000000000266, 0.9000000000000001332, -1.194777476355882051 ) ) ;
#764 = CARTESIAN_POINT ( 'NONE',  ( 3.159994284460914571, 0.4347327200998448715, -4.487196928964253928 ) ) ;
#765 = CARTESIAN_POINT ( 'NONE',  ( 3.849999999999999201, 0.4000000000000000222, -4.700000000000000178 ) ) ;
#766 = ORIENTED_EDGE ( 'NONE', *, *, #1145, .T. ) ;
#767 = EDGE_CURVE ( 'NONE', #1922, #1961, #1848, .T. ) ;
#768 = CARTESIAN_POINT ( 'NONE',  ( 3.050000000000000266, 0.4000000000000000222, -4.558578643762612792 ) ) ;
#769 = CARTESIAN_POINT ( 'NONE',  ( 3.852109469033061728, 0.3995261465801004941, -1.429497707591597555 ) ) ;
#770 = ORIENTED_EDGE ( 'NONE', *, *, #648, .T. ) ;
#771 = LINE ( 'NONE', #1003, #1489 ) ;
#772 = CARTESIAN_POINT ( 'NONE',  ( 0.3500000000000006439, 0.4000000000000000222, -1.249999999999999334 ) ) ;
#773 = CARTESIAN_POINT ( 'NONE',  ( 2.909121930841211512, 0.4781359818644507764, -1.154729016061828650 ) ) ;
#774 = CARTESIAN_POINT ( 'NONE',  ( 3.149608690576650272, 0.5528070887347126261, -1.365265737362908904 ) ) ;
#775 = CARTESIAN_POINT ( 'NONE',  ( 5.200000000000000178, 0.000000000000000000, -0.3500000000000001998 ) ) ;
#776 = EDGE_CURVE ( 'NONE', #2, #1674, #2112, .T. ) ;
#777 = CALENDAR_DATE ( 2024, 26, 9 ) ;
#778 = CARTESIAN_POINT ( 'NONE',  ( 3.205992407958329515, 0.4724818905760186927, -4.445362974107720078 ) ) ;
#779 = CARTESIAN_POINT ( 'NONE',  ( 1.332229800806981723, 0.4015643384402350358, -1.431083481575999405 ) ) ;
#780 = EDGE_LOOP ( 'NONE', ( #2320, #293, #2821, #584 ) ) ;
#781 = DIRECTION ( 'NONE',  ( -0.000000000000000000, -1.000000000000000000, -0.000000000000000000 ) ) ;
#782 = CARTESIAN_POINT ( 'NONE',  ( 3.928807397069505214, 0.4000000000000000777, -1.540474032217779676 ) ) ;
#783 = B_SPLINE_CURVE_WITH_KNOTS ( 'NONE', 3,
 ( #2949, #2907, #611, #668 ),
 .UNSPECIFIED., .F., .F.,
 ( 4, 4 ),
 ( 8.673617379884035472E-19, 0.001874571977201961283 ),
 .UNSPECIFIED. ) ;
#784 = ORIENTED_EDGE ( 'NONE', *, *, #2973, .F. ) ;
#785 = CARTESIAN_POINT ( 'NONE',  ( 3.349999999999999645, 0.8639832762226765661, -1.082865121897252481 ) ) ;
#786 = EDGE_CURVE ( 'NONE', #1661, #24, #2547, .T. ) ;
#787 = CARTESIAN_POINT ( 'NONE',  ( 3.550000000000001155, 0.7765910825670319095, -1.015762166775511455 ) ) ;
#788 = CARTESIAN_POINT ( 'NONE',  ( 2.776411615334342997, 0.4000000000000000222, -1.151506217791932185 ) ) ;
#789 = FACE_OUTER_BOUND ( 'NONE', #780, .T. ) ;
#790 = CARTESIAN_POINT ( 'NONE',  ( 0.3500000000000003109, 0.4000000000000000222, -0.3499999999999994227 ) ) ;
#791 = APPROVAL_ROLE ( '' ) ;
#792 = CARTESIAN_POINT ( 'NONE',  ( 3.235167500567897481, 0.5065632354883775612, -4.423117841630539893 ) ) ;
#793 = DIRECTION ( 'NONE',  ( 0.000000000000000000, 1.000000000000000000, 0.000000000000000000 ) ) ;
#794 = ORIENTED_EDGE ( 'NONE', *, *, #1398, .T. ) ;
#795 = CIRCLE ( 'NONE', #1326, 0.3500000000000006439 ) ;
#796 = CARTESIAN_POINT ( 'NONE',  ( 2.949999999999999734, 0.5999999999999999778, -1.156066178144420142 ) ) ;
#797 = CARTESIAN_POINT ( 'NONE',  ( 3.857635829996104881, 0.4000000000000000777, -1.531030823006825914 ) ) ;
#798 = AXIS2_PLACEMENT_3D ( 'NONE', #66, #1699, #2432 ) ;
#799 = CIRCLE ( 'NONE', #2351, 0.1500000000000004663 ) ;
#800 = ORIENTED_EDGE ( 'NONE', *, *, #1157, .T. ) ;
#801 = CIRCLE ( 'NONE', #2303, 0.09999999999999992228 ) ;
#802 = CARTESIAN_POINT ( 'NONE',  ( 3.350000000000000089, 0.8787750691379164758, -1.103281275179005538 ) ) ;
#803 = CARTESIAN_POINT ( 'NONE',  ( 3.740005711592290893, 0.4347327226988666471, -4.487196925169589790 ) ) ;
#804 = CARTESIAN_POINT ( 'NONE',  ( 3.950000000000001510, 0.5867201953358613942, -1.442477377033487329 ) ) ;
#805 = CIRCLE ( 'NONE', #2929, 10.10000000000002096 ) ;
#806 = EDGE_CURVE ( 'NONE', #2892, #224, #1738, .T. ) ;
#807 = CARTESIAN_POINT ( 'NONE',  ( 3.094271470646249966, 0.5089178393078307439, -1.362341546029806727 ) ) ;
#808 = CARTESIAN_POINT ( 'NONE',  ( 0.3500000000000006439, 0.4000000000000000222, -1.249999999999999334 ) ) ;
#809 = CARTESIAN_POINT ( 'NONE',  ( 1.401629894787517649, 0.4000000000000000222, -1.600000000000000311 ) ) ;
#810 = CARTESIAN_POINT ( 'NONE',  ( 0.3500000000000006439, 0.000000000000000000, -1.600000000000000089 ) ) ;
#811 = DIRECTION ( 'NONE',  ( -1.000000000000000000, 0.000000000000000000, 0.000000000000000000 ) ) ;
#812 = CARTESIAN_POINT ( 'NONE',  ( 3.849895919472339667, 0.4000000000000000777, -1.530032904235627544 ) ) ;
#813 = CARTESIAN_POINT ( 'NONE',  ( 3.350000000000000977, 0.7867573815315442864, -1.021363106565666534 ) ) ;
#814 = CARTESIAN_POINT ( 'NONE',  ( 3.787402916132031283, 0.4109866465275854308, -4.534561592234507721 ) ) ;
#815 = DIRECTION ( 'NONE',  ( -0.000000000000000000, -1.000000000000000000, -0.000000000000000000 ) ) ;
#816 = CARTESIAN_POINT ( 'NONE',  ( 2.600000000000003642, 0.2000000000000000111, -0.5500000000000004885 ) ) ;
#817 = B_SPLINE_CURVE_WITH_KNOTS ( 'NONE', 3,
 ( #487, #2347, #1892, #48, #1378, #2564, #728, #1663, #1400, #2975 ),
 .UNSPECIFIED., .F., .F.,
 ( 4, 2, 2, 2, 4 ),
 ( 8.673617379884035472E-19, 0.0005810883241244663112, 0.001162176648248931755, 0.001743264972373397090, 0.002324353296497862643 ),
 .UNSPECIFIED. ) ;
#818 = CARTESIAN_POINT ( 'NONE',  ( 0.3500000000000006439, 0.4000000000000000222, -1.249999999999999334 ) ) ;
#819 = CARTESIAN_POINT ( 'NONE',  ( 4.850000000000000533, 0.000000000000000000, -1.249999999999999778 ) ) ;
#820 = ADVANCED_FACE ( 'NONE', ( #246 ), #1881, .T. ) ;
#821 = ORIENTED_EDGE ( 'NONE', *, *, #2588, .T. ) ;
#822 = DIRECTION ( 'NONE',  ( -0.000000000000000000, -1.000000000000000000, -0.000000000000000000 ) ) ;
#823 = FACE_OUTER_BOUND ( 'NONE', #1124, .T. ) ;
#824 = ORIENTED_EDGE ( 'NONE', *, *, #974, .T. ) ;
#825 = ADVANCED_FACE ( 'NONE', ( #2540 ), #1884, .T. ) ;
#826 =( BOUNDED_CURVE ( )  B_SPLINE_CURVE ( 3, ( #1549, #2482, #634, #1346 ),
 .UNSPECIFIED., .F., .F. ) 
 B_SPLINE_CURVE_WITH_KNOTS ( ( 4, 4 ),
 ( 0.000000000000000000, 1.570796326794896558 ),
 .UNSPECIFIED. ) 
 CURVE ( )  GEOMETRIC_REPRESENTATION_ITEM ( )  RATIONAL_B_SPLINE_CURVE ( ( 1.000000000000000000, 0.8047378541243649375, 0.8047378541243649375, 1.000000000000000000 ) ) 
 REPRESENTATION_ITEM ( '' )  );
#827 = CARTESIAN_POINT ( 'NONE',  ( 1.236224489795918480, 0.2139691974152341802, -1.444383427964991640 ) ) ;
#828 = CARTESIAN_POINT ( 'NONE',  ( 3.334934220431883478, 0.7418012035534795601, -1.470712545375843394 ) ) ;
#829 = CARTESIAN_POINT ( 'NONE',  ( 3.550000000000001155, 0.8465924349944342620, -1.506412365047463897 ) ) ;
#830 = PERSON_AND_ORGANIZATION ( #557, #2695 ) ;
#831 = CARTESIAN_POINT ( 'NONE',  ( 2.750000000000000444, 0.000000000000000000, -1.700000000000000400 ) ) ;
#832 = CARTESIAN_POINT ( 'NONE',  ( 0.2826855287175185083, 0.2346289425649626670, -0.7778554281089105071 ) ) ;
#833 = EDGE_CURVE ( 'NONE', #641, #838, #1095, .T. ) ;
#834 = VERTEX_POINT ( 'NONE', #231 ) ;
#835 = CARTESIAN_POINT ( 'NONE',  ( 3.346313657910787498, 0.8209734017619204627, -4.303550849591517569 ) ) ;
#836 = CARTESIAN_POINT ( 'NONE',  ( 2.599999999999998757, 0.9000000000000001332, -11.24999999999998757 ) ) ;
#837 = AXIS2_PLACEMENT_3D ( 'NONE', #428, #1107, #1541 ) ;
#838 = VERTEX_POINT ( 'NONE', #1437 ) ;
#839 = DIRECTION ( 'NONE',  ( 0.000000000000000000, 0.000000000000000000, 1.000000000000000000 ) ) ;
#840 = AXIS2_PLACEMENT_3D ( 'NONE', #2813, #298, #513 ) ;
#841 = AXIS2_PLACEMENT_3D ( 'NONE', #1563, #622, #2704 ) ;
#842 = CARTESIAN_POINT ( 'NONE',  ( 4.850000000000000533, 0.4000000000000000222, -0.3500000000000001998 ) ) ;
#843 = ADVANCED_FACE ( 'NONE', ( #2371 ), #955, .T. ) ;
#844 = EDGE_LOOP ( 'NONE', ( #2597, #1226, #1629, #1115 ) ) ;
#845 = AXIS2_PLACEMENT_3D ( 'NONE', #1418, #17, #1196 ) ;
#846 = CARTESIAN_POINT ( 'NONE',  ( 3.349999999893333857, 0.8547901751090857259, -1.378006483946973004 ) ) ;
#847 = CARTESIAN_POINT ( 'NONE',  ( 3.051720503604604229, 0.8259822588310985481, -1.360301300656704848 ) ) ;
#848 = ORIENTED_EDGE ( 'NONE', *, *, #1052, .F. ) ;
#849 = AXIS2_PLACEMENT_3D ( 'NONE', #2606, #1891, #1904 ) ;
#850 = ADVANCED_FACE ( 'NONE', ( #1216 ), #2793, .F. ) ;
#851 = AXIS2_PLACEMENT_3D ( 'NONE', #2513, #2243, #190 ) ;
#852 = CARTESIAN_POINT ( 'NONE',  ( 3.550146189674984409, 0.8856690327853210531, -4.191922374747225177 ) ) ;
#853 = FACE_OUTER_BOUND ( 'NONE', #1462, .T. ) ;
#854 = ADVANCED_FACE ( 'NONE', ( #2855 ), #125, .F. ) ;
#855 = ORIENTED_EDGE ( 'NONE', *, *, #2515, .F. ) ;
#856 = DIRECTION ( 'NONE',  ( -0.000000000000000000, -1.000000000000000000, -0.000000000000000000 ) ) ;
#857 = CARTESIAN_POINT ( 'NONE',  ( 3.560000000000000497, 0.6000000000000000888, -0.9778850284560424155 ) ) ;
#858 = VERTEX_POINT ( 'NONE', #1955 ) ;
#859 = CC_DESIGN_SECURITY_CLASSIFICATION ( #331, ( #1499 ) ) ;
#860 = CARTESIAN_POINT ( 'NONE',  ( 4.934378634500213856, 0.2687572690004280673, -0.7575417830691122401 ) ) ;
#861 = CARTESIAN_POINT ( 'NONE',  ( 0.000000000000000000, 0.4000000000000000222, -1.249999999999999334 ) ) ;
#862 = CARTESIAN_POINT ( 'NONE',  ( 3.660714310943825378, 0.8998086115190810919, -1.406988004144314797 ) ) ;
#863 = CARTESIAN_POINT ( 'NONE',  ( 3.850000000000000533, 0.4000000000000000222, -1.530046296406630368 ) ) ;
#864 = VERTEX_POINT ( 'NONE', #1047 ) ;
#865 = ADVANCED_FACE ( 'NONE', ( #353 ), #1755, .T. ) ;
#866 = CARTESIAN_POINT ( 'NONE',  ( 3.550594748491890051, 0.8672128674488456257, -4.238408102803514765 ) ) ;
#867 = CARTESIAN_POINT ( 'NONE',  ( 3.054591836734694255, 0.5000000000000001110, -1.360442564908470597 ) ) ;
#868 = FACE_OUTER_BOUND ( 'NONE', #2110, .T. ) ;
#869 = EDGE_LOOP ( 'NONE', ( #1142, #1252, #2140, #1773 ) ) ;
#870 = DIRECTION ( 'NONE',  ( -0.000000000000000000, -0.000000000000000000, -1.000000000000000000 ) ) ;
#871 = CARTESIAN_POINT ( 'NONE',  ( 0.3500000000000003109, 0.4000000000000000222, -0.3499999999999994227 ) ) ;
#872 = ORIENTED_EDGE ( 'NONE', *, *, #1796, .F. ) ;
#873 = ADVANCED_FACE ( 'NONE', ( #97 ), #2640, .T. ) ;
#874 = DIRECTION ( 'NONE',  ( -0.000000000000000000, -1.000000000000000000, -0.000000000000000000 ) ) ;
#875 = DIRECTION ( 'NONE',  ( 0.000000000000000000, 0.000000000000000000, 1.000000000000000000 ) ) ;
#876 = EDGE_CURVE ( 'NONE', #472, #213, #413, .T. ) ;
#877 = CARTESIAN_POINT ( 'NONE',  ( 1.350000000000000089, 0.000000000000000000, -1.596922359359558286 ) ) ;
#878 = LINE ( 'NONE', #2028, #1920 ) ;
#879 = ORIENTED_EDGE ( 'NONE', *, *, #625, .T. ) ;
#880 = CARTESIAN_POINT ( 'NONE',  ( 3.550322060531188484, 0.8768422900264474240, -4.215579111950406244 ) ) ;
#881 = CARTESIAN_POINT ( 'NONE',  ( 4.850000000000000533, 0.2000000000000000111, -1.249999999999999778 ) ) ;
#882 = PRODUCT_RELATED_PRODUCT_CATEGORY ( 'detail', '', ( #2339 ) ) ;
#883 = ORIENTED_EDGE ( 'NONE', *, *, #1930, .F. ) ;
#884 = DIRECTION ( 'NONE',  ( 0.000000000000000000, 1.000000000000000000, 0.000000000000000000 ) ) ;
#885 = CARTESIAN_POINT ( 'NONE',  ( 6.938893903907228378E-16, 0.4000000000000000222, -0.3499999999999994227 ) ) ;
#886 = EDGE_LOOP ( 'NONE', ( #597, #995, #484, #241 ) ) ;
#887 = B_SPLINE_CURVE_WITH_KNOTS ( 'NONE', 3,
 ( #2111, #1916, #727, #954, #1449, #2591, #486, #2154, #2563, #14 ),
 .UNSPECIFIED., .F., .F.,
 ( 4, 2, 2, 2, 4 ),
 ( -6.356749680387684715E-06, 0.0004708149630249847443, 0.0009479866757303572486, 0.001425158388435729699, 0.001902330101141102041 ),
 .UNSPECIFIED. ) ;
#888 = FACE_OUTER_BOUND ( 'NONE', #2917, .T. ) ;
#889 = B_SPLINE_CURVE_WITH_KNOTS ( 'NONE', 3,
 ( #2238, #408, #1582, #1810, #2251, #2678 ),
 .UNSPECIFIED., .F., .F.,
 ( 4, 2, 4 ),
 ( 0.000000000000000000, 0.5000000000000000000, 1.000000000000000000 ),
 .UNSPECIFIED. ) ;
#890 = DIRECTION ( 'NONE',  ( -0.000000000000000000, -1.000000000000000000, -0.000000000000000000 ) ) ;
#891 = EDGE_CURVE ( 'NONE', #2530, #93, #1717, .T. ) ;
#892 = CIRCLE ( 'NONE', #121, 0.1000000000000000888 ) ;
#893 = CARTESIAN_POINT ( 'NONE',  ( 3.778974247518783969, 0.5396380432233889302, -1.420439209620603105 ) ) ;
#894 = CARTESIAN_POINT ( 'NONE',  ( 3.850000000000000533, 0.4000000000000000222, -1.543430060005881899 ) ) ;
#895 = ORIENTED_EDGE ( 'NONE', *, *, #1052, .T. ) ;
#896 = ADVANCED_FACE ( 'NONE', ( #789 ), #3, .F. ) ;
#897 = AXIS2_PLACEMENT_3D ( 'NONE', #184, #2038, #839 ) ;
#898 = CIRCLE ( 'NONE', #2400, 0.3499999999999988121 ) ;
#899 = CARTESIAN_POINT ( 'NONE',  ( 3.556655679712700469, 0.7940962987405328910, -4.329762570258762544 ) ) ;
#900 = AXIS2_PLACEMENT_3D ( 'NONE', #1789, #1097, #2031 ) ;
#901 = LINE ( 'NONE', #1080, #371 ) ;
#902 = CARTESIAN_POINT ( 'NONE',  ( 4.773170731707318204, 0.4000000000000000222, -1.591463414634146645 ) ) ;
#903 = ORIENTED_EDGE ( 'NONE', *, *, #833, .F. ) ;
#904 = LINE ( 'NONE', #1839, #1833 ) ;
#905 = ORIENTED_EDGE ( 'NONE', *, *, #2753, .F. ) ;
#906 = EDGE_LOOP ( 'NONE', ( #760, #2904, #1360, #2295, #1436, #1990, #2743, #2519, #1604, #2573, #2549, #2427 ) ) ;
#907 = CARTESIAN_POINT ( 'NONE',  ( 3.350000000000000089, 0.2000000000000000111, -1.077610900088417312 ) ) ;
#908 = ORIENTED_EDGE ( 'NONE', *, *, #2190, .T. ) ;
#909 = DIRECTION ( 'NONE',  ( 0.000000000000000000, 0.000000000000000000, 1.000000000000000000 ) ) ;
#910 = CARTESIAN_POINT ( 'NONE',  ( 3.350000000000000089, 0.2000000000000000111, -0.5223890999115841094 ) ) ;
#911 = VERTEX_POINT ( 'NONE', #639 ) ;
#912 = B_SPLINE_CURVE_WITH_KNOTS ( 'NONE', 3,
 ( #2307, #2789, #936, #685 ),
 .UNSPECIFIED., .F., .F.,
 ( 4, 4 ),
 ( 0.000000000000000000, 0.002578974679206895958 ),
 .UNSPECIFIED. ) ;
#913 =( BOUNDED_SURFACE ( )  B_SPLINE_SURFACE ( 3, 2, ( 
 ( #562, #594, #2686 ),
 ( #2244, #1502, #1011 ),
 ( #2188, #357, #604 ),
 ( #2202, #779, #1295 ) ),
 .UNSPECIFIED., .F., .F., .T. ) 
 B_SPLINE_SURFACE_WITH_KNOTS ( ( 4, 4 ),
 ( 3, 3 ),
 ( 0.000000000000000000, 0.001927106126168427313 ),
 ( 0.000000000000000000, 1.000000000000000000 ),
 .UNSPECIFIED. ) 
 GEOMETRIC_REPRESENTATION_ITEM ( )  RATIONAL_B_SPLINE_SURFACE ( (
 ( 1.000000000000000000, 0.6565991539589368653, 1.000000000000000000),
 ( 1.000000000000000000, 0.6851429761047669320, 1.000000000000000000),
 ( 1.000000000000000000, 0.7119099986786915357, 1.000000000000000000),
 ( 1.000000000000000000, 0.7374261481988977351, 1.000000000000000000) ) ) 
 REPRESENTATION_ITEM ( '' )  SURFACE ( )  );
#914 = DIRECTION ( 'NONE',  ( -0.000000000000000000, -1.000000000000000000, -0.000000000000000000 ) ) ;
#915 = CARTESIAN_POINT ( 'NONE',  ( 2.750000000000000888, 0.4000000000000000222, -1.451148026426771320 ) ) ;
#916 = CARTESIAN_POINT ( 'NONE',  ( 3.050000000000000711, 0.4000000000000000222, -1.460337084454881307 ) ) ;
#917 = EDGE_CURVE ( 'NONE', #2734, #38, #1317, .T. ) ;
#918 = ORIENTED_EDGE ( 'NONE', *, *, #1972, .T. ) ;
#919 = EDGE_LOOP ( 'NONE', ( #2726, #254, #1844, #475 ) ) ;
#920 = DIRECTION ( 'NONE',  ( 0.000000000000000000, 1.000000000000000000, 0.000000000000000000 ) ) ;
#921 = ORIENTED_EDGE ( 'NONE', *, *, #2862, .T. ) ;
#922 = CARTESIAN_POINT ( 'NONE',  ( 3.849999999999999201, 0.000000000000000000, -1.543430060005750226 ) ) ;
#923 = DIRECTION ( 'NONE',  ( 0.000000000000000000, 1.000000000000000000, 0.000000000000000000 ) ) ;
#924 = ORIENTED_EDGE ( 'NONE', *, *, #358, .F. ) ;
#925 = CARTESIAN_POINT ( 'NONE',  ( 3.199131276327099371, 0.6276815311663447305, -1.368141011693799314 ) ) ;
#926 = CARTESIAN_POINT ( 'NONE',  ( 2.750000000000000444, 0.4000000000000000222, -1.600000000000000311 ) ) ;
#927 = CARTESIAN_POINT ( 'NONE',  ( 1.250000000000000000, 0.000000000000000000, -1.543430060005750226 ) ) ;
#928 = ORIENTED_EDGE ( 'NONE', *, *, #111, .F. ) ;
#929 = DIRECTION ( 'NONE',  ( -0.000000000000000000, -1.000000000000000000, -0.000000000000000000 ) ) ;
#930 = ORIENTED_EDGE ( 'NONE', *, *, #1075, .F. ) ;
#931 = EDGE_CURVE ( 'NONE', #2021, #1473, #2350, .T. ) ;
#932 = ORIENTED_EDGE ( 'NONE', *, *, #2016, .T. ) ;
#933 = CARTESIAN_POINT ( 'NONE',  ( 3.297987697406943308, 0.6177504386820881210, -4.400000000000001243 ) ) ;
#934 = CARTESIAN_POINT ( 'NONE',  ( 0.3500000000000003109, 0.2000000000000000111, -0.3499999999999994227 ) ) ;
#935 = VERTEX_POINT ( 'NONE', #2961 ) ;
#936 = CARTESIAN_POINT ( 'NONE',  ( 4.432886842729836019, 0.2692119867847273529, -1.251140383171771342 ) ) ;
#937 = DIRECTION ( 'NONE',  ( 0.000000000000000000, 0.000000000000000000, 1.000000000000000000 ) ) ;
#938 = APPROVAL ( #1987, 'UNSPECIFIED' ) ;
#939 = ORIENTED_EDGE ( 'NONE', *, *, #725, .T. ) ;
#940 = CIRCLE ( 'NONE', #2634, 10.10000000000002096 ) ;
#941 = CARTESIAN_POINT ( 'NONE',  ( 3.094489593962645113, 0.5079572244476795451, -1.362342830592661036 ) ) ;
#942 = FACE_OUTER_BOUND ( 'NONE', #906, .T. ) ;
#943 = EDGE_CURVE ( 'NONE', #985, #2974, #1337, .T. ) ;
#944 = CIRCLE ( 'NONE', #271, 0.3499999999999990896 ) ;
#945 = CIRCLE ( 'NONE', #367, 9.899999999999986144 ) ;
#946 = CARTESIAN_POINT ( 'NONE',  ( 4.899999999999999467, 0.2000000000000000111, -0.8027864045000390192 ) ) ;
#947 = EDGE_LOOP ( 'NONE', ( #1860, #62, #2064, #2067, #2984 ) ) ;
#948 = DIRECTION ( 'NONE',  ( -0.000000000000000000, -1.000000000000000000, -0.000000000000000000 ) ) ;
#949 = CARTESIAN_POINT ( 'NONE',  ( 3.230219766176205987, 0.9000000000000002442, -1.169661913844247447 ) ) ;
#950 = ADVANCED_FACE ( 'NONE', ( #2027 ), #1387, .T. ) ;
#951 = VERTEX_POINT ( 'NONE', #1829 ) ;
#952 = CIRCLE ( 'NONE', #1882, 10.09999999999998543 ) ;
#953 = ORIENTED_EDGE ( 'NONE', *, *, #1281, .T. ) ;
#954 = CARTESIAN_POINT ( 'NONE',  ( 3.918283351976800777, 0.4556287855969915479, -1.447875546476495634 ) ) ;
#955 = CONICAL_SURFACE ( 'NONE', #703, 10.20000000000002238, 0.4636476090008060935 ) ;
#956 = DIRECTION ( 'NONE',  ( 0.000000000000000000, 0.000000000000000000, 1.000000000000000000 ) ) ;
#957 = ORIENTED_EDGE ( 'NONE', *, *, #2495, .T. ) ;
#958 = CARTESIAN_POINT ( 'NONE',  ( 3.550000000000000266, 0.5999999999999999778, -0.9778850284560426376 ) ) ;
#959 = CARTESIAN_POINT ( 'NONE',  ( 3.054385484241508131, 0.4000000000000000222, -4.599999999999999645 ) ) ;
#960 = EDGE_LOOP ( 'NONE', ( #724, #446, #330, #19 ) ) ;
#961 = DIRECTION ( 'NONE',  ( 0.000000000000000000, -0.2425356250363313870, 0.9701425001453323205 ) ) ;
#962 = CARTESIAN_POINT ( 'NONE',  ( 3.950000000000000622, 0.6198776476273257785, -1.240629390416200906 ) ) ;
#963 = EDGE_CURVE ( 'NONE', #2525, #609, #2225, .T. ) ;
#964 = CARTESIAN_POINT ( 'NONE',  ( 4.850000000000000533, 0.000000000000000000, -0.5000000000000006661 ) ) ;
#965 = DIRECTION ( 'NONE',  ( 2.593547890057911555E-15, 0.000000000000000000, -1.000000000000000000 ) ) ;
#966 = VERTEX_POINT ( 'NONE', #1060 ) ;
#967 = FACE_BOUND ( 'NONE', #478, .T. ) ;
#968 = CARTESIAN_POINT ( 'NONE',  ( 0.7982535900311718002, 0.2000000000000000111, -0.3896070577570141524 ) ) ;
#969 = ORIENTED_EDGE ( 'NONE', *, *, #1941, .F. ) ;
#970 = EDGE_CURVE ( 'NONE', #238, #1661, #78, .T. ) ;
#971 = CARTESIAN_POINT ( 'NONE',  ( 1.350000000000000089, 0.000000000000000000, -1.596922359359558286 ) ) ;
#972 = DIRECTION ( 'NONE',  ( 0.000000000000000000, 0.000000000000000000, 1.000000000000000000 ) ) ;
#973 = CARTESIAN_POINT ( 'NONE',  ( 3.950000000000000622, 0.5999999999999999778, -1.442477377033486885 ) ) ;
#974 = EDGE_CURVE ( 'NONE', #2872, #2480, #2503, .T. ) ;
#975 = DIRECTION ( 'NONE',  ( 0.000000000000000000, 0.000000000000000000, -1.000000000000000000 ) ) ;
#976 = CARTESIAN_POINT ( 'NONE',  ( 3.689306544350671846, 0.8980653849982195291, -1.208895032619986543 ) ) ;
#977 = DIRECTION ( 'NONE',  ( -1.000000000000000000, -0.000000000000000000, -0.000000000000000000 ) ) ;
#978 = CARTESIAN_POINT ( 'NONE',  ( 3.053597614947216154, 0.4000359653633060453, -4.596206662573743884 ) ) ;
#979 = CARTESIAN_POINT ( 'NONE',  ( 3.051880737173032543, 0.8261229026045411317, -1.160104268797221394 ) ) ;
#980 = ORIENTED_EDGE ( 'NONE', *, *, #2515, .T. ) ;
#981 = ADVANCED_FACE ( 'NONE', ( #2352 ), #458, .T. ) ;
#982 = CARTESIAN_POINT ( 'NONE',  ( 3.290000000000000036, 0.5999999999999999778, -4.399999999999999467 ) ) ;
#983 = CARTESIAN_POINT ( 'NONE',  ( 2.599999999999998757, 0.4000000000000000222, -11.24999999999998757 ) ) ;
#984 = PRODUCT_DEFINITION_SHAPE ( 'NONE', 'NONE',  #1200 ) ;
#985 = VERTEX_POINT ( 'NONE', #971 ) ;
#986 = DIRECTION ( 'NONE',  ( -0.000000000000000000, -0.000000000000000000, 1.000000000000000000 ) ) ;
#987 = CARTESIAN_POINT ( 'NONE',  ( 3.716972979218416295, 0.4518426009560978507, -4.465650191346746567 ) ) ;
#988 = EDGE_LOOP ( 'NONE', ( #90, #2037, #1535 ) ) ;
#989 = CARTESIAN_POINT ( 'NONE',  ( 3.120136843366225321, 0.5249811281905711891, -1.363669576838997033 ) ) ;
#990 = DIRECTION ( 'NONE',  ( 0.000000000000000000, 0.000000000000000000, -1.000000000000000000 ) ) ;
#991 = AXIS2_PLACEMENT_3D ( 'NONE', #2558, #248, #2794 ) ;
#992 = DIRECTION ( 'NONE',  ( 0.000000000000000000, 0.7071067811865492381, 0.7071067811865457964 ) ) ;
#993 = CIRCLE ( 'NONE', #2682, 0.1000000000000000888 ) ;
#994 = CARTESIAN_POINT ( 'NONE',  ( 3.650000000000000355, 0.9000000000000001332, -1.406412365047462920 ) ) ;
#995 = ORIENTED_EDGE ( 'NONE', *, *, #1415, .T. ) ;
#996 = CIRCLE ( 'NONE', #660, 0.1499999999999999667 ) ;
#997 = DIRECTION ( 'NONE',  ( -0.000000000000000000, -1.000000000000000000, -0.000000000000000000 ) ) ;
#998 = VECTOR ( 'NONE', #360, 100.0000000000000000 ) ;
#999 = CARTESIAN_POINT ( 'NONE',  ( 3.857968795357368030, 0.5001254225042230939, -1.430248629731271981 ) ) ;
#1000 = ORIENTED_EDGE ( 'NONE', *, *, #1867, .F. ) ;
#1001 = AXIS2_PLACEMENT_3D ( 'NONE', #1991, #822, #1761 ) ;
#1002 = EDGE_CURVE ( 'NONE', #2115, #2517, #912, .T. ) ;
#1003 = CARTESIAN_POINT ( 'NONE',  ( 1.350000000000000089, 0.000000000000000000, -1.700000000000000400 ) ) ;
#1004 = CARTESIAN_POINT ( 'NONE',  ( 1.450000000000000178, 0.4000000000000000222, -1.600000000000000311 ) ) ;
#1005 = CARTESIAN_POINT ( 'NONE',  ( 3.550000000000001155, 0.2750880118699212673, -0.4679553455984631349 ) ) ;
#1006 = CARTESIAN_POINT ( 'NONE',  ( 3.136723822175304655, 0.4202307721590593514, -1.364454770368867198 ) ) ;
#1007 = CARTESIAN_POINT ( 'NONE',  ( 3.832259239099432335, 0.4000000000000000222, -4.661657001439572845 ) ) ;
#1008 = LINE ( 'NONE', #735, #1597 ) ;
#1009 = CARTESIAN_POINT ( 'NONE',  ( 3.550000000000000266, 0.9000000000000001332, -1.177885028456042482 ) ) ;
#1010 = LOCAL_TIME ( 23, 17, 35.00000000000000000, #1727 ) ;
#1011 = CARTESIAN_POINT ( 'NONE',  ( 1.236224489830774820, 0.2783168031329516512, -1.444383427960144628 ) ) ;
#1012 = ORIENTED_EDGE ( 'NONE', *, *, #1982, .T. ) ;
#1013 = EDGE_CURVE ( 'NONE', #2134, #2755, #2262, .T. ) ;
#1014 = CARTESIAN_POINT ( 'NONE',  ( 3.349602945247432739, 0.8742927860919020855, -4.221520455868627231 ) ) ;
#1015 = CARTESIAN_POINT ( 'NONE',  ( 3.886104163623077312, 0.5000000000000001110, -1.433892020968829284 ) ) ;
#1016 = ORIENTED_EDGE ( 'NONE', *, *, #1117, .F. ) ;
#1017 = CARTESIAN_POINT ( 'NONE',  ( 3.350000000000000089, 0.6955997864825572696, -0.9883060105195915490 ) ) ;
#1018 = CARTESIAN_POINT ( 'NONE',  ( 3.718110633292562195, 0.4509096326429933854, -4.466686278508277930 ) ) ;
#1019 = CARTESIAN_POINT ( 'NONE',  ( 3.951309513480677715, 0.5736658898360207370, -1.442657378316272831 ) ) ;
#1020 = DIRECTION ( 'NONE',  ( 0.000000000000000000, -0.000000000000000000, 1.000000000000000000 ) ) ;
#1021 = DIRECTION ( 'NONE',  ( 1.000000000000000000, 0.000000000000000000, 0.000000000000000000 ) ) ;
#1022 = LINE ( 'NONE', #2436, #471 ) ;
#1023 = ORIENTED_EDGE ( 'NONE', *, *, #2001, .F. ) ;
#1024 = ADVANCED_FACE ( 'NONE', ( #1907 ), #1384, .F. ) ;
#1025 = CARTESIAN_POINT ( 'NONE',  ( 3.349634194733072778, 0.8753184613285022175, -4.219166656236951418 ) ) ;
#1026 = CARTESIAN_POINT ( 'NONE',  ( 3.862258996233643771, 0.5000005712493887922, -1.430799300258400075 ) ) ;
#1027 = EDGE_CURVE ( 'NONE', #406, #1564, #2834, .T. ) ;
#1028 = ORIENTED_EDGE ( 'NONE', *, *, #1649, .F. ) ;
#1029 = CARTESIAN_POINT ( 'NONE',  ( 3.350000000000000089, 0.7652647333308935096, -1.010765496642877181 ) ) ;
#1030 = CARTESIAN_POINT ( 'NONE',  ( 3.831625845886224013, 0.4003316157634029815, -4.580622266456576774 ) ) ;
#1031 = CARTESIAN_POINT ( 'NONE',  ( 2.900682970818633244, 0.4678460688453628946, -1.154472535918115161 ) ) ;
#1032 = CARTESIAN_POINT ( 'NONE',  ( 3.259429153484917130, 0.5407637170767063406, -1.466829298626531664 ) ) ;
#1033 = DATE_AND_TIME ( #157, #1199 ) ;
#1034 = FACE_OUTER_BOUND ( 'NONE', #563, .T. ) ;
#1035 = CARTESIAN_POINT ( 'NONE',  ( 0.2656213654997857665, 0.2687572690004280118, -0.7575417830691106857 ) ) ;
#1036 = VECTOR ( 'NONE', #1181, 100.0000000000000142 ) ;
#1037 = EDGE_CURVE ( 'NONE', #1055, #2807, #1307, .T. ) ;
#1038 = CARTESIAN_POINT ( 'NONE',  ( 3.348498951362007148, 0.8503264295141841345, -4.265637826238005914 ) ) ;
#1039 = CARTESIAN_POINT ( 'NONE',  ( 3.870468848669534445, 0.3999999999999991895, -1.431857668139548068 ) ) ;
#1040 = VECTOR ( 'NONE', #250, 100.0000000000000000 ) ;
#1041 = AXIS2_PLACEMENT_3D ( 'NONE', #2786, #1905, #2756 ) ;
#1042 = EDGE_LOOP ( 'NONE', ( #422, #171, #454, #2702 ) ) ;
#1043 = AXIS2_PLACEMENT_3D ( 'NONE', #1902, #515, #58 ) ;
#1044 = CARTESIAN_POINT ( 'NONE',  ( 3.350000000000000089, 0.8853835027275973601, -1.116001831570007541 ) ) ;
#1045 = CARTESIAN_POINT ( 'NONE',  ( 3.550000000000001155, 0.7064395172936439593, -0.9908890252568623991 ) ) ;
#1046 = AXIS2_PLACEMENT_3D ( 'NONE', #2061, #2286, #1125 ) ;
#1047 = CARTESIAN_POINT ( 'NONE',  ( 0.3500000000000006439, 0.4000000000000000222, -1.099999999999999423 ) ) ;
#1048 = DIRECTION ( 'NONE',  ( 0.000000000000000000, 0.000000000000000000, -1.000000000000000000 ) ) ;
#1049 = DATE_AND_TIME ( #1973, #1010 ) ;
#1050 = CARTESIAN_POINT ( 'NONE',  ( 3.195572303321424723, 0.4623161932955457409, -4.454287504996695013 ) ) ;
#1051 = CARTESIAN_POINT ( 'NONE',  ( 3.054385484241508131, 0.4000000000000000222, -4.599999999999999645 ) ) ;
#1052 = EDGE_CURVE ( 'NONE', #2338, #429, #801, .T. ) ;
#1053 = ORIENTED_EDGE ( 'NONE', *, *, #636, .F. ) ;
#1054 = FACE_OUTER_BOUND ( 'NONE', #118, .T. ) ;
#1055 = VERTEX_POINT ( 'NONE', #1131 ) ;
#1056 = CARTESIAN_POINT ( 'NONE',  ( 3.350000000000000977, 0.8894440105104777228, -1.125264128683548304 ) ) ;
#1057 = CARTESIAN_POINT ( 'NONE',  ( 4.850000000000000533, 0.000000000000000000, -0.1999999999999998446 ) ) ;
#1058 = EDGE_CURVE ( 'NONE', #2535, #2134, #442, .T. ) ;
#1059 = ORIENTED_EDGE ( 'NONE', *, *, #346, .T. ) ;
#1060 = CARTESIAN_POINT ( 'NONE',  ( 3.950000000000000622, 0.5999999999999999778, -1.442477377033486885 ) ) ;
#1061 = DIRECTION ( 'NONE',  ( -0.000000000000000000, -1.000000000000000000, -0.000000000000000000 ) ) ;
#1062 = ADVANCED_FACE ( 'NONE', ( #2132 ), #2069, .F. ) ;
#1063 = CALENDAR_DATE ( 2024, 26, 9 ) ;
#1064 = CARTESIAN_POINT ( 'NONE',  ( 3.850000000000000533, 0.4000000000000000222, -1.543430060005881899 ) ) ;
#1065 = CARTESIAN_POINT ( 'NONE',  ( 0.2321958381422409012, 0.3356083237155183530, -0.7142317635649106933 ) ) ;
#1066 = B_SPLINE_CURVE_WITH_KNOTS ( 'NONE', 3,
 ( #2435, #1959, #87, #1009 ),
 .UNSPECIFIED., .F., .F.,
 ( 4, 4 ),
 ( 0.000000000000000000, 1.000000000000000000 ),
 .UNSPECIFIED. ) ;
#1067 = CARTESIAN_POINT ( 'NONE',  ( 2.600000000000003642, 0.4000000000000000222, 9.650000000000021672 ) ) ;
#1068 = CC_DESIGN_PERSON_AND_ORGANIZATION_ASSIGNMENT ( #2683, #112, ( #1200 ) ) ;
#1069 = FACE_OUTER_BOUND ( 'NONE', #1042, .T. ) ;
#1070 = VERTEX_POINT ( 'NONE', #922 ) ;
#1071 = CARTESIAN_POINT ( 'NONE',  ( 3.950000000000000178, 0.5734414478630843748, -1.240629390416200462 ) ) ;
#1072 = CARTESIAN_POINT ( 'NONE',  ( 2.750000000000000444, 0.000000000000000000, -1.700000000000000400 ) ) ;
#1073 = ORIENTED_EDGE ( 'NONE', *, *, #2228, .F. ) ;
#1074 = DIRECTION ( 'NONE',  ( 0.000000000000000000, 0.000000000000000000, 1.000000000000000000 ) ) ;
#1075 = EDGE_CURVE ( 'NONE', #627, #1314, #1650, .T. ) ;
#1076 = CARTESIAN_POINT ( 'NONE',  ( 3.747379083878780381, 0.4282477499839377200, -1.523720457981049492 ) ) ;
#1077 = ORIENTED_EDGE ( 'NONE', *, *, #676, .F. ) ;
#1078 = APPROVAL_STATUS ( 'not_yet_approved' ) ;
#1079 = CARTESIAN_POINT ( 'NONE',  ( 3.550208842392834629, 0.8819469435664587520, -4.202567299035559145 ) ) ;
#1080 = CARTESIAN_POINT ( 'NONE',  ( 0.4268292682926780879, 0.4000000000000000222, -1.591463414634149087 ) ) ;
#1081 = ORIENTED_EDGE ( 'NONE', *, *, #2043, .T. ) ;
#1082 = CARTESIAN_POINT ( 'NONE',  ( 3.139952525710875353, 0.4225407131434856245, -1.462426462533898519 ) ) ;
#1083 = FACE_OUTER_BOUND ( 'NONE', #869, .T. ) ;
#1084 = CIRCLE ( 'NONE', #2779, 0.4500000000000014544 ) ;
#1085 = DIRECTION ( 'NONE',  ( 0.000000000000000000, -0.000000000000000000, 1.000000000000000000 ) ) ;
#1086 = AXIS2_PLACEMENT_3D ( 'NONE', #1654, #1924, #600 ) ;
#1087 = DIRECTION ( 'NONE',  ( 0.000000000000000000, 0.000000000000000000, 1.000000000000000000 ) ) ;
#1088 = EDGE_LOOP ( 'NONE', ( #1428, #1402, #581, #1112, #930 ) ) ;
#1089 = EDGE_CURVE ( 'NONE', #715, #2338, #2896, .T. ) ;
#1090 = CIRCLE ( 'NONE', #897, 0.3500000000000006439 ) ;
#1091 = CARTESIAN_POINT ( 'NONE',  ( 1.350000000000000089, 0.000000000000000000, -1.657303843269308574 ) ) ;
#1092 = DIRECTION ( 'NONE',  ( 0.000000000000000000, 0.000000000000000000, 1.000000000000000000 ) ) ;
#1093 = ORIENTED_EDGE ( 'NONE', *, *, #1957, .T. ) ;
#1094 = CIRCLE ( 'NONE', #757, 10.19999999999998685 ) ;
#1095 = CIRCLE ( 'NONE', #2792, 0.4500000000000011768 ) ;
#1096 = DIRECTION ( 'NONE',  ( -0.000000000000000000, -1.000000000000000000, -0.000000000000000000 ) ) ;
#1097 = DIRECTION ( 'NONE',  ( -0.000000000000000000, -1.000000000000000000, -0.000000000000000000 ) ) ;
#1098 = ADVANCED_FACE ( 'NONE', ( #2554 ), #1539, .T. ) ;
#1099 = DIRECTION ( 'NONE',  ( 0.000000000000000000, 0.000000000000000000, -1.000000000000000000 ) ) ;
#1100 = ORIENTED_EDGE ( 'NONE', *, *, #1543, .T. ) ;
#1101 = CARTESIAN_POINT ( 'NONE',  ( 3.050000000000000266, 0.4000000000000000222, -4.700000000000000178 ) ) ;
#1102 = DIRECTION ( 'NONE',  ( 0.000000000000000000, 0.000000000000000000, -1.000000000000000000 ) ) ;
#1103 = ORIENTED_EDGE ( 'NONE', *, *, #2651, .F. ) ;
#1104 = CARTESIAN_POINT ( 'NONE',  ( 0.3500000000000003109, 0.2000000000000000111, -0.3499999999999994227 ) ) ;
#1105 = FACE_OUTER_BOUND ( 'NONE', #1365, .T. ) ;
#1106 = CARTESIAN_POINT ( 'NONE',  ( 3.330112279256022045, 0.7192823452229887282, -1.470440123140518640 ) ) ;
#1107 = DIRECTION ( 'NONE',  ( 0.000000000000000000, 1.000000000000000000, 0.000000000000000000 ) ) ;
#1108 = CC_DESIGN_DATE_AND_TIME_ASSIGNMENT ( #1033, #2627, ( #331 ) ) ;
#1109 = EDGE_LOOP ( 'NONE', ( #2245, #2850, #151, #1822 ) ) ;
#1110 = CARTESIAN_POINT ( 'NONE',  ( 0.3500000000000006439, 0.4000000000000000222, -1.399999999999999245 ) ) ;
#1111 = CARTESIAN_POINT ( 'NONE',  ( 0.3500000000000006439, 0.4000000000000000222, -1.600000000000000089 ) ) ;
#1112 = ORIENTED_EDGE ( 'NONE', *, *, #1433, .T. ) ;
#1113 = CARTESIAN_POINT ( 'NONE',  ( 3.151532731645249275, 0.4290867622241921753, -1.462760564683621700 ) ) ;
#1114 = DIRECTION ( 'NONE',  ( 0.000000000000000000, 0.000000000000000000, 1.000000000000000000 ) ) ;
#1115 = ORIENTED_EDGE ( 'NONE', *, *, #1579, .T. ) ;
#1116 = FACE_OUTER_BOUND ( 'NONE', #1764, .T. ) ;
#1117 = EDGE_CURVE ( 'NONE', #864, #623, #996, .T. ) ;
#1118 = CARTESIAN_POINT ( 'NONE',  ( 4.850000000000000533, 0.000000000000000000, -1.600000000000000311 ) ) ;
#1119 = CARTESIAN_POINT ( 'NONE',  ( 3.228639385486272495, 0.7031100354770074556, -1.369977733974259371 ) ) ;
#1120 = CARTESIAN_POINT ( 'NONE',  ( 3.850000000000002753, 0.4000000000000000222, -1.534507550939574694 ) ) ;
#1121 = ORIENTED_EDGE ( 'NONE', *, *, #2934, .T. ) ;
#1122 = CARTESIAN_POINT ( 'NONE',  ( 3.550000000000000266, 0.9000000000000002442, -4.129813558068262225 ) ) ;
#1123 = FACE_BOUND ( 'NONE', #2986, .T. ) ;
#1124 = EDGE_LOOP ( 'NONE', ( #2263, #1176, #300, #2302 ) ) ;
#1125 = DIRECTION ( 'NONE',  ( 0.000000000000000000, 0.000000000000000000, 1.000000000000000000 ) ) ;
#1126 = ORIENTED_EDGE ( 'NONE', *, *, #230, .T. ) ;
#1127 = ORIENTED_EDGE ( 'NONE', *, *, #1370, .F. ) ;
#1128 = CARTESIAN_POINT ( 'NONE',  ( 3.712204988194964805, 0.6398623287724822806, -1.412666513707368843 ) ) ;
#1129 = ORIENTED_EDGE ( 'NONE', *, *, #725, .F. ) ;
#1130 = AXIS2_PLACEMENT_3D ( 'NONE', #1568, #2280, #2490 ) ;
#1131 = CARTESIAN_POINT ( 'NONE',  ( 3.846402375743750213, 0.4000359655494684641, -4.596206652756004374 ) ) ;
#1132 = CARTESIAN_POINT ( 'NONE',  ( 3.050000000000000266, 0.4000000000000000222, -4.558578643762612792 ) ) ;
#1133 = ORIENTED_EDGE ( 'NONE', *, *, #2767, .T. ) ;
#1134 = AXIS2_PLACEMENT_3D ( 'NONE', #1567, #410, #4 ) ;
#1135 = AXIS2_PLACEMENT_3D ( 'NONE', #885, #1819, #2469 ) ;
#1136 = EDGE_CURVE ( 'NONE', #2390, #2987, #1533, .T. ) ;
#1137 = CARTESIAN_POINT ( 'NONE',  ( 3.552713313609317858, 0.8330058573706851099, -4.289181813147443734 ) ) ;
#1138 = AXIS2_PLACEMENT_3D ( 'NONE', #881, #1815, #2514 ) ;
#1139 = CARTESIAN_POINT ( 'NONE',  ( 0.4268292682926831949, 0.4000000000000000222, -0.008536585365854013063 ) ) ;
#1140 = AXIS2_PLACEMENT_3D ( 'NONE', #2274, #193, #663 ) ;
#1141 = CARTESIAN_POINT ( 'NONE',  ( 3.350000000000000089, 0.4000000000000001332, -2.332162792612427094 ) ) ;
#1142 = ORIENTED_EDGE ( 'NONE', *, *, #1204, .F. ) ;
#1143 = CARTESIAN_POINT ( 'NONE',  ( 3.345007446290790831, 0.7939686122594725726, -1.471282345607734854 ) ) ;
#1144 = ORIENTED_EDGE ( 'NONE', *, *, #1260, .T. ) ;
#1145 = EDGE_CURVE ( 'NONE', #858, #2632, #2428, .T. ) ;
#1146 = ADVANCED_FACE ( 'NONE', ( #585 ), #1441, .T. ) ;
#1147 = ORIENTED_EDGE ( 'NONE', *, *, #1750, .T. ) ;
#1148 = CARTESIAN_POINT ( 'NONE',  ( 3.555277530717187329, 0.7901751684781043172, -1.506913661631182233 ) ) ;
#1149 = EDGE_LOOP ( 'NONE', ( #905, #1677, #895, #711 ) ) ;
#1150 = CC_DESIGN_APPROVAL ( #1936, ( #1200 ) ) ;
#1151 = CARTESIAN_POINT ( 'NONE',  ( 1.236224489795918480, 0.2139691974152341802, -1.444383427964991640 ) ) ;
#1152 = CARTESIAN_POINT ( 'NONE',  ( 0.3500000000000003109, 0.4000000000000000222, -0.7000000000000008438 ) ) ;
#1153 = DIRECTION ( 'NONE',  ( -0.000000000000000000, -1.000000000000000000, -0.000000000000000000 ) ) ;
#1154 = UNCERTAINTY_MEASURE_WITH_UNIT (LENGTH_MEASURE( 1.000000000000000082E-05 ), #1945, 'distance_accuracy_value', 'NONE');
#1155 = CARTESIAN_POINT ( 'NONE',  ( 2.600000000000003642, 0.2000000000000000111, 9.650000000000021672 ) ) ;
#1156 = CARTESIAN_POINT ( 'NONE',  ( 3.050000000000000711, 0.4000000000000000222, -1.728088470192074011 ) ) ;
#1157 = EDGE_CURVE ( 'NONE', #2332, #911, #2158, .T. ) ;
#1158 = CARTESIAN_POINT ( 'NONE',  ( 3.350000000000000089, 0.9000000000000001332, -4.653996123985482569 ) ) ;
#1159 = ORIENTED_EDGE ( 'NONE', *, *, #1831, .T. ) ;
#1160 = CYLINDRICAL_SURFACE ( 'NONE', #2840, 0.09999999999999989453 ) ;
#1161 = ORIENTED_EDGE ( 'NONE', *, *, #2444, .T. ) ;
#1162 = ORIENTED_EDGE ( 'NONE', *, *, #776, .T. ) ;
#1163 = B_SPLINE_CURVE_WITH_KNOTS ( 'NONE', 3,
 ( #1519, #2226, #2277, #2959, #1995, #423, #2905, #1580 ),
 .UNSPECIFIED., .F., .F.,
 ( 4, 2, 2, 4 ),
 ( 0.000000000000000000, 0.0003693821661610298358, 0.0007387643323220596716, 0.001477528664644116307 ),
 .UNSPECIFIED. ) ;
#1164 = CARTESIAN_POINT ( 'NONE',  ( 3.771396371229834621, 0.5486427415376857741, -1.419542596964648906 ) ) ;
#1165 = ORIENTED_EDGE ( 'NONE', *, *, #666, .T. ) ;
#1166 = EDGE_CURVE ( 'NONE', #985, #1327, #771, .T. ) ;
#1167 = CARTESIAN_POINT ( 'NONE',  ( 4.850000000000000533, 0.4000000000000000222, -0.3500000000000001998 ) ) ;
#1168 = DIRECTION ( 'NONE',  ( -0.000000000000000000, -1.000000000000000000, -0.000000000000000000 ) ) ;
#1169 = ORIENTED_EDGE ( 'NONE', *, *, #296, .T. ) ;
#1170 = CARTESIAN_POINT ( 'NONE',  ( 3.568825967442056157, 0.7255911807557586801, -4.372513191758057971 ) ) ;
#1171 = CARTESIAN_POINT ( 'NONE',  ( 3.919471866040607377, 0.7333137079359361987, -1.236556431991627569 ) ) ;
#1172 = DIRECTION ( 'NONE',  ( -1.000000000000000000, 0.000000000000000000, 1.709762935964737358E-16 ) ) ;
#1173 = DIRECTION ( 'NONE',  ( 0.000000000000000000, 0.7071067811865463515, -0.7071067811865487940 ) ) ;
#1174 = CARTESIAN_POINT ( 'NONE',  ( 2.950000000000000622, 0.5999999999999999778, -1.356188803095140116 ) ) ;
#1175 = ORIENTED_EDGE ( 'NONE', *, *, #1758, .F. ) ;
#1176 = ORIENTED_EDGE ( 'NONE', *, *, #1369, .F. ) ;
#1177 = LINE ( 'NONE', #2578, #130 ) ;
#1178 = CARTESIAN_POINT ( 'NONE',  ( 3.549999999999999822, 0.8447063591647276937, -1.506412365060377567 ) ) ;
#1179 = EDGE_LOOP ( 'NONE', ( #2562, #1266 ) ) ;
#1180 = CARTESIAN_POINT ( 'NONE',  ( 3.416666666666665186, 0.5999999999999999778, -0.9778850284560424155 ) ) ;
#1181 = DIRECTION ( 'NONE',  ( 0.000000000000000000, -0.9701425001453323205, -0.2425356250363313870 ) ) ;
#1182 = EDGE_LOOP ( 'NONE', ( #2561, #2940, #2333, #1918, #2583 ) ) ;
#1183 = EDGE_CURVE ( 'NONE', #2077, #1417, #2184, .T. ) ;
#1184 = AXIS2_PLACEMENT_3D ( 'NONE', #1289, #2878, #759 ) ;
#1185 = CARTESIAN_POINT ( 'NONE',  ( 2.599999999999998757, 0.4000000000000000222, -11.24999999999998757 ) ) ;
#1186 = AXIS2_PLACEMENT_3D ( 'NONE', #772, #554, #599 ) ;
#1187 = LINE ( 'NONE', #496, #1647 ) ;
#1188 = DIRECTION ( 'NONE',  ( 0.000000000000000000, -0.2425356250363317756, 0.9701425001453322094 ) ) ;
#1189 = CARTESIAN_POINT ( 'NONE',  ( 2.989806640665297888, 0.7506261458013614440, -1.157519062721248604 ) ) ;
#1190 = ORIENTED_EDGE ( 'NONE', *, *, #2207, .F. ) ;
#1191 = VECTOR ( 'NONE', #1490, 100.0000000000000000 ) ;
#1192 = CARTESIAN_POINT ( 'NONE',  ( 3.050000000000000266, 0.000000000000000000, -4.158578643762687932 ) ) ;
#1193 = FACE_OUTER_BOUND ( 'NONE', #2362, .T. ) ;
#1194 = EDGE_CURVE ( 'NONE', #1951, #1778, #2612, .T. ) ;
#1195 = EDGE_LOOP ( 'NONE', ( #345, #2505, #538, #1569 ) ) ;
#1196 = DIRECTION ( 'NONE',  ( 0.000000000000000000, 0.000000000000000000, -1.000000000000000000 ) ) ;
#1197 = CARTESIAN_POINT ( 'NONE',  ( 3.672498202988546456, 0.4967324562382163800, -4.428511602537471781 ) ) ;
#1198 = CARTESIAN_POINT ( 'NONE',  ( 4.850000000000000533, 0.4000000000000000222, -0.1999999999999998446 ) ) ;
#1199 = LOCAL_TIME ( 23, 17, 35.00000000000000000, #2669 ) ;
#1200 = PRODUCT_DEFINITION ( 'UNKNOWN', '', #1499, #1861 ) ;
#1201 = CARTESIAN_POINT ( 'NONE',  ( 3.610000000000000764, 0.5999999999999999778, -4.399999999999999467 ) ) ;
#1202 = DIRECTION ( 'NONE',  ( 0.000000000000000000, 0.000000000000000000, 1.000000000000000000 ) ) ;
#1203 = CARTESIAN_POINT ( 'NONE',  ( 3.550000000000000266, 0.4000000000000000222, -4.399999999999999467 ) ) ;
#1204 = EDGE_CURVE ( 'NONE', #2535, #2987, #1381, .T. ) ;
#1205 = CARTESIAN_POINT ( 'NONE',  ( 3.081231799579324804, 0.4023848146736268006, -4.567064684263868024 ) ) ;
#1206 = CARTESIAN_POINT ( 'NONE',  ( 3.657159988614622215, 0.8999356329359631257, -1.406604979053836635 ) ) ;
#1207 = ORIENTED_EDGE ( 'NONE', *, *, #537, .T. ) ;
#1208 = EDGE_CURVE ( 'NONE', #59, #1787, #152, .T. ) ;
#1209 = FACE_BOUND ( 'NONE', #1179, .T. ) ;
#1210 = CARTESIAN_POINT ( 'NONE',  ( 3.917368308911591601, 0.5000000000000001110, -1.438008502363892660 ) ) ;
#1211 = ORIENTED_EDGE ( 'NONE', *, *, #1204, .T. ) ;
#1212 = ADVANCED_FACE ( 'NONE', ( #888 ), #2216, .T. ) ;
#1213 = CARTESIAN_POINT ( 'NONE',  ( 3.350000000000000977, 0.6897814587876106573, -0.9870454735202048857 ) ) ;
#1214 = CARTESIAN_POINT ( 'NONE',  ( 2.950000000000000622, 0.5999999999999999778, -1.356188803095140116 ) ) ;
#1215 = EDGE_LOOP ( 'NONE', ( #1866, #2518, #2369, #1794 ) ) ;
#1216 = FACE_OUTER_BOUND ( 'NONE', #1716, .T. ) ;
#1217 = CARTESIAN_POINT ( 'NONE',  ( 3.669766121804599823, 0.9000000000000002442, -1.206793569136676902 ) ) ;
#1218 = CYLINDRICAL_SURFACE ( 'NONE', #1331, 0.3000000000000002665 ) ;
#1219 = CARTESIAN_POINT ( 'NONE',  ( 3.111529560060752875, 0.4106198959784554958, -4.535657424625371803 ) ) ;
#1220 = CARTESIAN_POINT ( 'NONE',  ( 0.3500000000000006439, 0.2000000000000000111, -1.249999999999999334 ) ) ;
#1221 = B_SPLINE_CURVE_WITH_KNOTS ( 'NONE', 3,
 ( #1545, #1748, #1065, #1035, #832, #2465 ),
 .UNSPECIFIED., .F., .F.,
 ( 4, 2, 4 ),
 ( 0.000000000000000000, 0.001295736156836924981, 0.002591472313673849961 ),
 .UNSPECIFIED. ) ;
#1222 = VERTEX_POINT ( 'NONE', #1565 ) ;
#1223 = ADVANCED_FACE ( 'NONE', ( #1116 ), #598, .T. ) ;
#1224 = CARTESIAN_POINT ( 'NONE',  ( 3.314546117777904310, 0.6639903121820963650, -4.393248508250712447 ) ) ;
#1225 = CARTESIAN_POINT ( 'NONE',  ( 3.781512151146876999, 0.4119877773830615819, -1.526015429908242016 ) ) ;
#1226 = ORIENTED_EDGE ( 'NONE', *, *, #2404, .F. ) ;
#1227 = CARTESIAN_POINT ( 'NONE',  ( 3.050000000000000266, 0.4000000000000000222, -1.609969030276715563 ) ) ;
#1228 = CARTESIAN_POINT ( 'NONE',  ( 3.550000000000001599, 0.8712129754315480756, -1.092346092958917714 ) ) ;
#1229 = CARTESIAN_POINT ( 'NONE',  ( 2.948704590993589836, 0.5738060624735242810, -1.156021024595227820 ) ) ;
#1230 = CARTESIAN_POINT ( 'NONE',  ( 3.284591206335286895, 0.5869464343256969308, -1.373323143771355115 ) ) ;
#1231 = CARTESIAN_POINT ( 'NONE',  ( 3.850000000000001421, 0.4000000000000000777, -4.571235987697707337 ) ) ;
#1232 = AXIS2_PLACEMENT_3D ( 'NONE', #808, #1725, #2681 ) ;
#1233 = DIRECTION ( 'NONE',  ( 0.000000000000000000, 0.7071067811865486830, 0.7071067811865463515 ) ) ;
#1234 = AXIS2_PLACEMENT_3D ( 'NONE', #1668, #528, #1407 ) ;
#1235 = B_SPLINE_CURVE_WITH_KNOTS ( 'NONE', 3,
 ( #2586, #512, #1687, #283 ),
 .UNSPECIFIED., .F., .F.,
 ( 4, 4 ),
 ( 0.000000000000000000, 0.002578974679206901596 ),
 .UNSPECIFIED. ) ;
#1236 = CIRCLE ( 'NONE', #1923, 0.1500000000000003830 ) ;
#1237 = LINE ( 'NONE', #89, #1283 ) ;
#1238 = ORIENTED_EDGE ( 'NONE', *, *, #230, .F. ) ;
#1239 = AXIS2_PLACEMENT_3D ( 'NONE', #572, #2178, #350 ) ;
#1240 = DIRECTION ( 'NONE',  ( 0.000000000000000000, -0.000000000000000000, 1.000000000000000000 ) ) ;
#1241 = CARTESIAN_POINT ( 'NONE',  ( 3.879850523996636991, 0.5000000000000001110, -1.433074696593356290 ) ) ;
#1242 = ORIENTED_EDGE ( 'NONE', *, *, #2318, .T. ) ;
#1243 = CONICAL_SURFACE ( 'NONE', #2880, 10.19999999999998685, 0.4636476090008060935 ) ;
#1244 = CARTESIAN_POINT ( 'NONE',  ( 3.350000000000000089, 0.8483897439202232604, -1.065322564777767100 ) ) ;
#1245 = CARTESIAN_POINT ( 'NONE',  ( 3.550000000000000266, 0.7973034490740547042, -1.027205821594484370 ) ) ;
#1246 = CARTESIAN_POINT ( 'NONE',  ( 2.749999999999999556, 0.4000000000000000222, -1.151113922813074009 ) ) ;
#1247 = CARTESIAN_POINT ( 'NONE',  ( 3.283517628835600721, 0.5847032180227135223, -1.467977732818753989 ) ) ;
#1248 = CARTESIAN_POINT ( 'NONE',  ( 3.050000000000000711, 0.4000000000000000222, -1.460337084454881307 ) ) ;
#1249 = APPROVAL_PERSON_ORGANIZATION ( #1713, #1936, #2405 ) ;
#1250 = EDGE_CURVE ( 'NONE', #2083, #715, #1163, .T. ) ;
#1251 = DIRECTION ( 'NONE',  ( 0.000000000000000000, 1.000000000000000000, 0.000000000000000000 ) ) ;
#1252 = ORIENTED_EDGE ( 'NONE', *, *, #1058, .T. ) ;
#1253 = CARTESIAN_POINT ( 'NONE',  ( 3.349775800082521737, 0.8802742535565510895, -4.207465786545361297 ) ) ;
#1254 = APPLICATION_CONTEXT ( 'configuration controlled 3d designs of mechanical parts and assemblies' ) ;
#1255 = CARTESIAN_POINT ( 'NONE',  ( 3.835921896803132114, 0.4005188567997406968, -1.529242007767046774 ) ) ;
#1256 = ORIENTED_EDGE ( 'NONE', *, *, #1570, .F. ) ;
#1257 = CARTESIAN_POINT ( 'NONE',  ( 3.350000000000000089, 0.2193526644443828943, -0.5126864781942659377 ) ) ;
#1258 = CARTESIAN_POINT ( 'NONE',  ( 3.767502691992969055, 0.4188129495038704353, -4.514244731433849189 ) ) ;
#1259 = CARTESIAN_POINT ( 'NONE',  ( 2.929758203176276332, 0.5113508719954816817, -1.155383380146689731 ) ) ;
#1260 = EDGE_CURVE ( 'NONE', #2476, #1395, #401, .T. ) ;
#1261 = CARTESIAN_POINT ( 'NONE',  ( 3.077802556502204023, 0.4005901336139626179, -1.361509488763719355 ) ) ;
#1262 = CARTESIAN_POINT ( 'NONE',  ( 4.850000000000000533, 0.4000000000000000222, -1.249999999999999778 ) ) ;
#1263 = PERSON_AND_ORGANIZATION ( #557, #2695 ) ;
#1264 = DIRECTION ( 'NONE',  ( -0.000000000000000000, -1.000000000000000000, -0.000000000000000000 ) ) ;
#1265 = DIRECTION ( 'NONE',  ( -0.000000000000000000, -1.000000000000000000, -0.000000000000000000 ) ) ;
#1266 = ORIENTED_EDGE ( 'NONE', *, *, #1027, .T. ) ;
#1267 = EDGE_CURVE ( 'NONE', #715, #2859, #319, .T. ) ;
#1268 = CARTESIAN_POINT ( 'NONE',  ( 3.349322179503098074, 0.8665920145795745766, -4.237698774922026956 ) ) ;
#1269 = CARTESIAN_POINT ( 'NONE',  ( 3.734378545763878066, 0.4375494715815694269, -1.414982102773348460 ) ) ;
#1270 = ORIENTED_EDGE ( 'NONE', *, *, #2458, .F. ) ;
#1271 = CARTESIAN_POINT ( 'NONE',  ( 3.350000000000000977, 0.6167336792815830693, -0.9778850284560420825 ) ) ;
#1272 = CARTESIAN_POINT ( 'NONE',  ( 3.550000000000001599, 0.7022471600314096341, -0.9898536547125120766 ) ) ;
#1273 = CARTESIAN_POINT ( 'NONE',  ( 4.850000000000000533, 0.4000000000000000222, -0.7778850284560425710 ) ) ;
#1274 = CARTESIAN_POINT ( 'NONE',  ( 3.050000000000000266, 0.4000000000000000777, -1.460337084454848444 ) ) ;
#1275 = CARTESIAN_POINT ( 'NONE',  ( 3.845614515758491336, 0.4000000000000000222, -4.599999999999999645 ) ) ;
#1276 = DIRECTION ( 'NONE',  ( -0.000000000000000000, -1.000000000000000000, -0.000000000000000000 ) ) ;
#1277 = DIRECTION ( 'NONE',  ( 0.000000000000000000, 0.000000000000000000, 1.000000000000000000 ) ) ;
#1278 = AXIS2_PLACEMENT_3D ( 'NONE', #1683, #67, #990 ) ;
#1279 = EDGE_LOOP ( 'NONE', ( #2323, #1890, #848, #1506 ) ) ;
#1280 = LINE ( 'NONE', #2221, #1191 ) ;
#1281 = EDGE_CURVE ( 'NONE', #911, #2892, #2884, .T. ) ;
#1282 = PLANE ( 'NONE',  #466 ) ;
#1283 = VECTOR ( 'NONE', #1458, 100.0000000000000000 ) ;
#1284 = CIRCLE ( 'NONE', #2449, 0.1499999999999999667 ) ;
#1285 = ORIENTED_EDGE ( 'NONE', *, *, #1194, .T. ) ;
#1286 = AXIS2_PLACEMENT_3D ( 'NONE', #2871, #793, #1731 ) ;
#1287 = CARTESIAN_POINT ( 'NONE',  ( 0.3500000000000006439, 0.2000000000000000111, -1.249999999999999334 ) ) ;
#1288 = EDGE_CURVE ( 'NONE', #1222, #2924, #2264, .T. ) ;
#1289 = CARTESIAN_POINT ( 'NONE',  ( 2.599999999999998757, 0.5000000000000000000, -11.24999999999998757 ) ) ;
#1290 = AXIS2_PLACEMENT_3D ( 'NONE', #280, #1153, #492 ) ;
#1291 = B_SPLINE_CURVE_WITH_KNOTS ( 'NONE', 3,
 ( #498, #949, #2289, #1427, #2172, #439, #2344, #252, #979, #267, #1914, #1189, #533, #2520, #310, #1702 ),
 .UNSPECIFIED., .F., .F.,
 ( 4, 2, 2, 2, 2, 2, 2, 4 ),
 ( 0.000000000000000000, 0.0005862143094148572833, 0.001172428618829714567, 0.001758642928244562092, 0.002344857237659409618, 0.002931071547074257360, 0.003517285856489107271, 0.004689714475318807092 ),
 .UNSPECIFIED. ) ;
#1292 = CARTESIAN_POINT ( 'NONE',  ( 3.054591836734694255, 0.5000000000000001110, -1.360442564908469487 ) ) ;
#1293 = CARTESIAN_POINT ( 'NONE',  ( 4.850000000000000533, 0.2000000000000000111, -0.3500000000000001998 ) ) ;
#1294 = CARTESIAN_POINT ( 'NONE',  ( 3.176100089793399750, 0.4462810515427684255, -4.471997645212784533 ) ) ;
#1295 = CARTESIAN_POINT ( 'NONE',  ( 1.241645943646941364, 0.4066956534204613782, -1.443630934051626680 ) ) ;
#1296 = EDGE_LOOP ( 'NONE', ( #2796, #226, #163, #1737 ) ) ;
#1297 = CARTESIAN_POINT ( 'NONE',  ( 3.343408556112682728, 0.7956734215488588946, -4.327509837280656413 ) ) ;
#1298 = CARTESIAN_POINT ( 'NONE',  ( 3.850000000000000533, 0.4000000000000000222, -1.530046296406630368 ) ) ;
#1299 = ORIENTED_EDGE ( 'NONE', *, *, #806, .F. ) ;
#1300 = CARTESIAN_POINT ( 'NONE',  ( 4.018290358024001030, 0.4489274377321678666, -1.250073006203409998 ) ) ;
#1301 = LINE ( 'NONE', #1553, #2164 ) ;
#1302 = EDGE_LOOP ( 'NONE', ( #2281, #419, #1690, #1100 ) ) ;
#1303 = EDGE_CURVE ( 'NONE', #1473, #1707, #1090, .T. ) ;
#1304 = CARTESIAN_POINT ( 'NONE',  ( 3.346365022427143288, 0.8093772989851305555, -1.471364279452370472 ) ) ;
#1305 = CARTESIAN_POINT ( 'NONE',  ( 3.210442262775629274, 0.9000000000000002442, -1.368758588457881453 ) ) ;
#1306 = APPROVAL_STATUS ( 'not_yet_approved' ) ;
#1307 = B_SPLINE_CURVE_WITH_KNOTS ( 'NONE', 3,
 ( #2595, #36, #2293, #2336 ),
 .UNSPECIFIED., .F., .F.,
 ( 4, 4 ),
 ( 0.000000000000000000, 3.874449047434540370E-05 ),
 .UNSPECIFIED. ) ;
#1308 = CARTESIAN_POINT ( 'NONE',  ( 0.2999999999999997113, 0.2000000000000000111, -0.7972135954999584051 ) ) ;
#1309 = CARTESIAN_POINT ( 'NONE',  ( 0.1999999999999997891, 0.4000000000000000222, -0.9337722339831618923 ) ) ;
#1310 = B_SPLINE_CURVE_WITH_KNOTS ( 'NONE', 3,
 ( #1928, #2330, #2795, #2150, #69, #2342 ),
 .UNSPECIFIED., .F., .F.,
 ( 4, 2, 4 ),
 ( 0.000000000000000000, 0.001295736156836929318, 0.002591472313673858635 ),
 .UNSPECIFIED. ) ;
#1311 = EDGE_LOOP ( 'NONE', ( #2276, #741, #1643, #1121 ) ) ;
#1312 = DIRECTION ( 'NONE',  ( 0.000000000000000000, 0.000000000000000000, -1.000000000000000000 ) ) ;
#1313 = DIRECTION ( 'NONE',  ( 0.000000000000000000, 0.000000000000000000, -1.000000000000000000 ) ) ;
#1314 = VERTEX_POINT ( 'NONE', #2918 ) ;
#1315 = CARTESIAN_POINT ( 'NONE',  ( 3.970476213571374480, 0.5108817903128125559, -1.243411131614581278 ) ) ;
#1316 = CARTESIAN_POINT ( 'NONE',  ( 3.250000000000000000, 0.9000000000000001332, -1.170937543600596209 ) ) ;
#1317 = LINE ( 'NONE', #2710, #658 ) ;
#1318 = CARTESIAN_POINT ( 'NONE',  ( 3.638857866043442524, 0.5432687331273696740, -1.514729954349477214 ) ) ;
#1319 = ORIENTED_EDGE ( 'NONE', *, *, #128, .F. ) ;
#1320 = CARTESIAN_POINT ( 'NONE',  ( 3.550111382609513200, 0.8882984805830458352, -4.183567960683617137 ) ) ;
#1321 = CARTESIAN_POINT ( 'NONE',  ( 3.050000000000000266, 0.000000000000000000, -2.009232921921324522 ) ) ;
#1322 = EDGE_LOOP ( 'NONE', ( #709, #2273, #924, #460, #1127 ) ) ;
#1323 = DIRECTION ( 'NONE',  ( 3.467321051588204503E-15, -0.000000000000000000, -1.000000000000000000 ) ) ;
#1324 = B_SPLINE_CURVE_WITH_KNOTS ( 'NONE', 3,
 ( #2641, #1231, #1756, #1498 ),
 .UNSPECIFIED., .F., .F.,
 ( 4, 4 ),
 ( 0.000000000000000000, 0.0003779963842940830101 ),
 .UNSPECIFIED. ) ;
#1325 = DIRECTION ( 'NONE',  ( -0.000000000000000000, -1.000000000000000000, -0.000000000000000000 ) ) ;
#1326 = AXIS2_PLACEMENT_3D ( 'NONE', #1967, #2610, #2865 ) ;
#1327 = VERTEX_POINT ( 'NONE', #2693 ) ;
#1328 = EDGE_CURVE ( 'NONE', #645, #2021, #945, .T. ) ;
#1329 = CARTESIAN_POINT ( 'NONE',  ( 4.123974699385115628, 0.4012781238687763707, -1.265628901939848783 ) ) ;
#1330 = AXIS2_PLACEMENT_3D ( 'NONE', #2911, #2684, #2700 ) ;
#1331 = AXIS2_PLACEMENT_3D ( 'NONE', #2373, #2812, #2601 ) ;
#1332 = DIRECTION ( 'NONE',  ( -0.000000000000000000, -1.000000000000000000, -0.000000000000000000 ) ) ;
#1333 = CARTESIAN_POINT ( 'NONE',  ( 3.939393613676517525, 0.5000000000000001110, -1.440992368042103955 ) ) ;
#1334 = CARTESIAN_POINT ( 'NONE',  ( 3.117030324438690769, 0.8696293395920996483, -1.363493761991396269 ) ) ;
#1335 = ORIENTED_EDGE ( 'NONE', *, *, #1831, .F. ) ;
#1336 = AXIS2_PLACEMENT_3D ( 'NONE', #2816, #301, #47 ) ;
#1337 =( BOUNDED_CURVE ( )  B_SPLINE_CURVE ( 3, ( #877, #1091, #1997, #1351 ),
 .UNSPECIFIED., .F., .T. ) 
 B_SPLINE_CURVE_WITH_KNOTS ( ( 4, 4 ),
 ( 1.570796326794896558, 3.141592653589793116 ),
 .UNSPECIFIED. ) 
 CURVE ( )  GEOMETRIC_REPRESENTATION_ITEM ( )  RATIONAL_B_SPLINE_CURVE ( ( 1.000000000000000000, 0.8047378541243649375, 0.8047378541243649375, 1.000000000000000000 ) ) 
 REPRESENTATION_ITEM ( '' )  );
#1338 = EDGE_CURVE ( 'NONE', #1660, #2208, #2711, .T. ) ;
#1339 = AXIS2_PLACEMENT_3D ( 'NONE', #546, #1747, #1525 ) ;
#1340 = CARTESIAN_POINT ( 'NONE',  ( 3.554676891289806129, 0.8120567794249269333, -4.312211596699176752 ) ) ;
#1341 = DIRECTION ( 'NONE',  ( 0.000000000000000000, 0.000000000000000000, -1.000000000000000000 ) ) ;
#1342 = ADVANCED_FACE ( 'NONE', ( #44 ), #2827, .F. ) ;
#1343 = LINE ( 'NONE', #218, #569 ) ;
#1344 = ORIENTED_EDGE ( 'NONE', *, *, #2780, .T. ) ;
#1345 = CARTESIAN_POINT ( 'NONE',  ( 4.850000000000000533, 0.4000000000000000222, -4.599999999999999645 ) ) ;
#1346 = CARTESIAN_POINT ( 'NONE',  ( 3.849999999999999201, 0.000000000000000000, -4.158578643762687932 ) ) ;
#1347 = EDGE_LOOP ( 'NONE', ( #516, #726, #12, #2770 ) ) ;
#1348 =( GEOMETRIC_REPRESENTATION_CONTEXT ( 3 ) GLOBAL_UNCERTAINTY_ASSIGNED_CONTEXT ( ( #1154 ) ) GLOBAL_UNIT_ASSIGNED_CONTEXT ( ( #1945, #2387, #2169 ) ) REPRESENTATION_CONTEXT ( 'NONE', 'WORKASPACE' ) );
#1349 = CARTESIAN_POINT ( 'NONE',  ( 3.149999999999999911, 0.4000000000000004663, -4.699999999999999289 ) ) ;
#1350 = DIRECTION ( 'NONE',  ( -0.000000000000000000, -1.000000000000000000, -0.000000000000000000 ) ) ;
#1351 = CARTESIAN_POINT ( 'NONE',  ( 1.450000000000000178, 0.000000000000000000, -1.700000000000000400 ) ) ;
#1352 = DIRECTION ( 'NONE',  ( -0.000000000000000000, -1.000000000000000000, -0.000000000000000000 ) ) ;
#1353 = ORIENTED_EDGE ( 'NONE', *, *, #917, .T. ) ;
#1354 = EDGE_CURVE ( 'NONE', #2390, #222, #1291, .T. ) ;
#1355 = CARTESIAN_POINT ( 'NONE',  ( 3.554407534502068700, 0.8146070526849520377, -4.309645810727610993 ) ) ;
#1356 = LINE ( 'NONE', #1372, #2306 ) ;
#1357 = CARTESIAN_POINT ( 'NONE',  ( 3.350000000000000089, 0.4000000000000001332, -4.707992247970838484 ) ) ;
#1358 = ORIENTED_EDGE ( 'NONE', *, *, #1750, .F. ) ;
#1359 = CARTESIAN_POINT ( 'NONE',  ( 2.600000000000003642, 0.2000000000000000111, -0.5500000000000004885 ) ) ;
#1360 = ORIENTED_EDGE ( 'NONE', *, *, #2651, .T. ) ;
#1361 = ADVANCED_FACE ( 'NONE', ( #737 ), #2403, .T. ) ;
#1362 = EDGE_LOOP ( 'NONE', ( #27, #2236, #2580, #2255 ) ) ;
#1363 = LINE ( 'NONE', #1174, #2355 ) ;
#1364 = DIRECTION ( 'NONE',  ( -1.709762935964737358E-16, -0.000000000000000000, -1.000000000000000000 ) ) ;
#1365 = EDGE_LOOP ( 'NONE', ( #2781, #2979, #721, #1624, #470 ) ) ;
#1366 = CARTESIAN_POINT ( 'NONE',  ( 3.550000000000000266, 0.4000000000000001332, -4.760215688810493617 ) ) ;
#1367 = DIRECTION ( 'NONE',  ( -0.000000000000000000, -1.000000000000000000, -0.000000000000000000 ) ) ;
#1368 = ORIENTED_EDGE ( 'NONE', *, *, #335, .T. ) ;
#1369 = EDGE_CURVE ( 'NONE', #2632, #1961, #2389, .T. ) ;
#1370 = EDGE_CURVE ( 'NONE', #652, #222, #1363, .T. ) ;
#1371 = CARTESIAN_POINT ( 'NONE',  ( 3.849999999999999201, 0.000000000000000000, -4.158578643762687932 ) ) ;
#1372 = CARTESIAN_POINT ( 'NONE',  ( 3.550000000000000266, 0.4000000000000000222, -4.399999999999999467 ) ) ;
#1373 = CARTESIAN_POINT ( 'NONE',  ( 3.550000000000001155, 0.4000000000000000222, -0.7778850284560427930 ) ) ;
#1374 = ORIENTED_EDGE ( 'NONE', *, *, #2553, .F. ) ;
#1375 = CARTESIAN_POINT ( 'NONE',  ( 4.150000000000001243, 0.4000000000000000222, -1.472091225624980293 ) ) ;
#1376 = ORIENTED_EDGE ( 'NONE', *, *, #133, .T. ) ;
#1377 = ORIENTED_EDGE ( 'NONE', *, *, #1303, .F. ) ;
#1378 = CARTESIAN_POINT ( 'NONE',  ( 2.859742641084979109, 0.4319100944708316181, -1.379091112516489526 ) ) ;
#1379 = CIRCLE ( 'NONE', #1278, 9.900000000000023448 ) ;
#1380 = EDGE_LOOP ( 'NONE', ( #2131, #2055, #1413, #1857, #2047 ) ) ;
#1381 = B_SPLINE_CURVE_WITH_KNOTS ( 'NONE', 3,
 ( #106, #1271, #1952, #1477, #290, #1213, #2395, #1017, #2876, #2653, #1029, #2209, #1695, #813, #320, #2145, #2609, #304, #1244, #94, #2864, #785, #1721, #119, #1965, #802, #1044, #1753, #1056, #2051, #1781, #165, #2440 ),
 .UNSPECIFIED., .F., .F.,
 ( 4, 1, 1, 1, 2, 2, 1, 1, 1, 1, 2, 2, 1, 1, 1, 1, 2, 2, 1, 1, 2, 2, 4 ),
 ( 0.000000000000000000, 0.1250000000000023037, 0.1875000000000033862, 0.2187500000000039413, 0.2343750000000042188, 0.2500000000000044409, 0.3750000000000084932, 0.4375000000000099365, 0.4687500000000109912, 0.4843750000000112133, 0.4921875000000116018, 0.5000000000000121014, 0.6250000000000177636, 0.6875000000000200950, 0.7187500000000213163, 0.7343750000000214273, 0.7421875000000208722, 0.7500000000000204281, 0.8125000000000165423, 0.8437500000000144329, 0.8593750000000136557, 0.8750000000000127676, 1.000000000000000000 ),
 .UNSPECIFIED. ) ;
#1382 = EDGE_CURVE ( 'NONE', #1625, #2095, #1550, .T. ) ;
#1383 = VECTOR ( 'NONE', #440, 100.0000000000000000 ) ;
#1384 = CYLINDRICAL_SURFACE ( 'NONE', #845, 9.900000000000023448 ) ;
#1385 = DIRECTION ( 'NONE',  ( -0.000000000000000000, -1.000000000000000000, -0.000000000000000000 ) ) ;
#1386 = ORIENTED_EDGE ( 'NONE', *, *, #891, .T. ) ;
#1387 = CONICAL_SURFACE ( 'NONE', #1636, 0.4500000000000012879, 0.4636476090008046502 ) ;
#1388 = CARTESIAN_POINT ( 'NONE',  ( 3.571966689520072791, 0.7121906130650162980, -4.378235239186094141 ) ) ;
#1389 = VECTOR ( 'NONE', #1802, 100.0000000000000000 ) ;
#1390 = VECTOR ( 'NONE', #1429, 100.0000000000000000 ) ;
#1391 = DIRECTION ( 'NONE',  ( -0.000000000000000000, -1.000000000000000000, -0.000000000000000000 ) ) ;
#1392 = EDGE_CURVE ( 'NONE', #1395, #966, #2127, .T. ) ;
#1393 = VECTOR ( 'NONE', #965, 100.0000000000000000 ) ;
#1394 = CARTESIAN_POINT ( 'NONE',  ( 3.550000000000001155, 0.2000000000000000111, -1.094336555399248789 ) ) ;
#1395 = VERTEX_POINT ( 'NONE', #2799 ) ;
#1396 = DIRECTION ( 'NONE',  ( 0.000000000000000000, 0.000000000000000000, -1.000000000000000000 ) ) ;
#1397 = VERTEX_POINT ( 'NONE', #2139 ) ;
#1398 = EDGE_CURVE ( 'NONE', #13, #2120, #1926, .T. ) ;
#1399 = ORIENTED_EDGE ( 'NONE', *, *, #2092, .T. ) ;
#1400 = CARTESIAN_POINT ( 'NONE',  ( 2.765929018554329488, 0.4000000000000000222, -1.440127634023139036 ) ) ;
#1401 = APPROVAL_PERSON_ORGANIZATION ( #383, #2647, #791 ) ;
#1402 = ORIENTED_EDGE ( 'NONE', *, *, #1392, .T. ) ;
#1403 = CARTESIAN_POINT ( 'NONE',  ( 3.550000000000000266, 0.9000000000000001332, -3.478490178325567062 ) ) ;
#1404 = CARTESIAN_POINT ( 'NONE',  ( 4.773170731707320869, 0.000000000000000000, -0.008536585365855053897 ) ) ;
#1405 = ORIENTED_EDGE ( 'NONE', *, *, #1267, .F. ) ;
#1406 = B_SPLINE_CURVE_WITH_KNOTS ( 'NONE', 3,
 ( #863, #1120, #2054, #2712 ),
 .UNSPECIFIED., .F., .F.,
 ( 4, 4 ),
 ( 0.03179516120158031034, 0.03601614494568784047 ),
 .UNSPECIFIED. ) ;
#1407 = DIRECTION ( 'NONE',  ( 0.000000000000000000, 0.000000000000000000, -1.000000000000000000 ) ) ;
#1408 = CARTESIAN_POINT ( 'NONE',  ( 4.999999999999999112, 0.4000000000000000222, -0.6662277660168386406 ) ) ;
#1409 = CARTESIAN_POINT ( 'NONE',  ( 0.4268292682926831949, 0.4000000000000000222, -0.008536585365854013063 ) ) ;
#1410 = ORIENTED_EDGE ( 'NONE', *, *, #1796, .T. ) ;
#1411 = DIRECTION ( 'NONE',  ( -1.000000000000000000, -0.000000000000000000, -0.000000000000000000 ) ) ;
#1412 = EDGE_LOOP ( 'NONE', ( #1162, #1732, #1476, #2538, #1103 ) ) ;
#1413 = ORIENTED_EDGE ( 'NONE', *, *, #537, .F. ) ;
#1414 = CARTESIAN_POINT ( 'NONE',  ( 0.6902097883097344511, 0.4000000000000000222, -0.2677972023696892356 ) ) ;
#1415 = EDGE_CURVE ( 'NONE', #1886, #406, #1237, .T. ) ;
#1416 = CARTESIAN_POINT ( 'NONE',  ( 3.579692656995073996, 0.6808479541577299177, -1.509224914321748656 ) ) ;
#1417 = VERTEX_POINT ( 'NONE', #723 ) ;
#1418 = CARTESIAN_POINT ( 'NONE',  ( 2.600000000000003642, 0.4000000000000000222, 9.650000000000021672 ) ) ;
#1419 = DIRECTION ( 'NONE',  ( -0.000000000000000000, -1.000000000000000000, -0.000000000000000000 ) ) ;
#1420 = CARTESIAN_POINT ( 'NONE',  ( 0.6902097883097285669, 0.4000000000000000222, -1.332202797630313462 ) ) ;
#1421 = CARTESIAN_POINT ( 'NONE',  ( 1.450000000000000178, 0.4000000000000000222, -1.600000000000000311 ) ) ;
#1422 = EDGE_CURVE ( 'NONE', #1674, #318, #176, .T. ) ;
#1423 = CARTESIAN_POINT ( 'NONE',  ( 3.050000000000000266, 0.4000000000000000222, -1.909232921921325765 ) ) ;
#1424 = CARTESIAN_POINT ( 'NONE',  ( 4.401746409968828821, 0.2000000000000000111, -0.3896070577570141524 ) ) ;
#1425 = CARTESIAN_POINT ( 'NONE',  ( 0.7671131572701632706, 0.2692119867847277415, -1.251140383171769788 ) ) ;
#1426 = EDGE_CURVE ( 'NONE', #1664, #2143, #2065, .T. ) ;
#1427 = CARTESIAN_POINT ( 'NONE',  ( 3.172480281067476593, 0.8904677977484176665, -1.166219259790531204 ) ) ;
#1428 = ORIENTED_EDGE ( 'NONE', *, *, #1808, .F. ) ;
#1429 = DIRECTION ( 'NONE',  ( -0.000000000000000000, -1.000000000000000000, -0.000000000000000000 ) ) ;
#1430 = DIRECTION ( 'NONE',  ( 0.000000000000000000, 1.000000000000000000, 0.000000000000000000 ) ) ;
#1431 = ORIENTED_EDGE ( 'NONE', *, *, #2228, .T. ) ;
#1432 = CC_DESIGN_DATE_AND_TIME_ASSIGNMENT ( #617, #560, ( #1200 ) ) ;
#1433 = EDGE_CURVE ( 'NONE', #609, #1314, #682, .T. ) ;
#1434 = CARTESIAN_POINT ( 'NONE',  ( 3.550000000000000711, 0.4000000000000001332, -2.356980356653810560 ) ) ;
#1435 = CARTESIAN_POINT ( 'NONE',  ( 4.850000000000000533, 0.4000000000000000222, -1.249999999999999778 ) ) ;
#1436 = ORIENTED_EDGE ( 'NONE', *, *, #1136, .T. ) ;
#1437 = CARTESIAN_POINT ( 'NONE',  ( 0.3500000000000004774, 0.2000000000000000111, -0.8000000000000007105 ) ) ;
#1438 = DIRECTION ( 'NONE',  ( -0.000000000000000000, -1.000000000000000000, -0.000000000000000000 ) ) ;
#1439 = AXIS2_PLACEMENT_3D ( 'NONE', #2053, #427, #1074 ) ;
#1440 = CIRCLE ( 'NONE', #2301, 0.3500000000000006439 ) ;
#1441 = CONICAL_SURFACE ( 'NONE', #1776, 10.19999999999998685, 0.4636476090008060935 ) ;
#1442 = DIRECTION ( 'NONE',  ( -0.000000000000000000, 0.7071067811865463515, -0.7071067811865486830 ) ) ;
#1443 = FACE_OUTER_BOUND ( 'NONE', #960, .T. ) ;
#1444 = CARTESIAN_POINT ( 'NONE',  ( 3.350000000000000089, 0.9000000000000001332, -4.099999999999999645 ) ) ;
#1445 = ORIENTED_EDGE ( 'NONE', *, *, #1626, .F. ) ;
#1446 = CIRCLE ( 'NONE', #1290, 9.899999999999986144 ) ;
#1447 =( BOUNDED_SURFACE ( )  B_SPLINE_SURFACE ( 2, 3, ( 
 ( #857, #1775, #1992, #2945 ),
 ( #1762, #2675, #421, #1806 ),
 ( #1793, #2916, #2455, #2690 ) ),
 .UNSPECIFIED., .F., .F., .F. ) 
 B_SPLINE_SURFACE_WITH_KNOTS ( ( 3, 3 ),
 ( 4, 4 ),
 ( 0.000000000000000000, 1.000000000000000000 ),
 ( -0.009600000000000014772, -0.007400000000000013338 ),
 .UNSPECIFIED. ) 
 GEOMETRIC_REPRESENTATION_ITEM ( )  RATIONAL_B_SPLINE_SURFACE ( (
 ( 1.000000000000000000, 1.000000000000000000, 1.000000000000000000, 1.000000000000000000),
 ( 0.7071067811865475727, 0.7071067811865475727, 0.7071067811865475727, 0.7071067811865475727),
 ( 1.000000000000000000, 1.000000000000000000, 1.000000000000000000, 1.000000000000000000) ) ) 
 REPRESENTATION_ITEM ( '' )  SURFACE ( )  );
#1448 = EDGE_CURVE ( 'NONE', #192, #732, #1931, .T. ) ;
#1449 = CARTESIAN_POINT ( 'NONE',  ( 3.907131142925745149, 0.4452114240630434261, -1.452193838645532420 ) ) ;
#1450 = CARTESIAN_POINT ( 'NONE',  ( 3.599917321565423212, 0.6219169002834572524, -1.400078821501259618 ) ) ;
#1451 = VERTEX_POINT ( 'NONE', #374 ) ;
#1452 = CARTESIAN_POINT ( 'NONE',  ( 3.350000000000000089, 0.3397845187161996905, -0.4523060665962237992 ) ) ;
#1453 = CARTESIAN_POINT ( 'NONE',  ( 3.694007589385958745, 0.4724818932971248664, -4.445362971897098170 ) ) ;
#1454 = ORIENTED_EDGE ( 'NONE', *, *, #1649, .T. ) ;
#1455 = DIRECTION ( 'NONE',  ( 0.000000000000000000, 0.000000000000000000, 1.000000000000000000 ) ) ;
#1456 = CARTESIAN_POINT ( 'NONE',  ( 0.2158291244717630841, 0.3683417510564722663, -0.9087441906346188647 ) ) ;
#1457 = CARTESIAN_POINT ( 'NONE',  ( 0.3500000000000003109, 0.000000000000000000, -0.4999999999999993894 ) ) ;
#1458 = DIRECTION ( 'NONE',  ( -0.000000000000000000, -1.000000000000000000, -0.000000000000000000 ) ) ;
#1459 = ORIENTED_EDGE ( 'NONE', *, *, #1820, .T. ) ;
#1460 = CARTESIAN_POINT ( 'NONE',  ( 3.550000000000001155, 0.2000000000000000111, -0.5056634446007512995 ) ) ;
#1461 = CARTESIAN_POINT ( 'NONE',  ( 3.862649959466957217, 0.5000000000000001110, -1.430849566523745731 ) ) ;
#1462 = EDGE_LOOP ( 'NONE', ( #969, #1964, #268, #1906 ) ) ;
#1463 = CARTESIAN_POINT ( 'NONE',  ( 3.050000000000000711, 0.4000000000000000222, -1.759600976098560698 ) ) ;
#1464 = EDGE_CURVE ( 'NONE', #2924, #2532, #606, .T. ) ;
#1465 = CARTESIAN_POINT ( 'NONE',  ( 0.3500000000000003109, 0.2000000000000000111, -0.8000000000000007105 ) ) ;
#1466 = DIRECTION ( 'NONE',  ( -0.000000000000000000, -1.000000000000000000, -0.000000000000000000 ) ) ;
#1467 = CARTESIAN_POINT ( 'NONE',  ( 3.191285658946046766, 0.4584176813868559575, -1.367465527785878043 ) ) ;
#1468 = CARTESIAN_POINT ( 'NONE',  ( 3.735962380294655105, 0.8880521380031280998, -1.415370411203403345 ) ) ;
#1469 = ADVANCED_FACE ( 'NONE', ( #2888 ), #913, .F. ) ;
#1470 = CARTESIAN_POINT ( 'NONE',  ( 3.350000000000000089, 0.9000000000000001332, -1.177885028456040928 ) ) ;
#1471 = CARTESIAN_POINT ( 'NONE',  ( 3.277184186685472511, 0.5715204148566047637, -4.399999999999999467 ) ) ;
#1472 = CARTESIAN_POINT ( 'NONE',  ( 0.3500000000000003109, 0.4000000000000000222, -0.3499999999999994227 ) ) ;
#1473 = VERTEX_POINT ( 'NONE', #810 ) ;
#1474 = FACE_OUTER_BOUND ( 'NONE', #1518, .T. ) ;
#1475 = CARTESIAN_POINT ( 'NONE',  ( 3.854539992418366978, 0.4000000000000000777, -1.530630722532693833 ) ) ;
#1476 = ORIENTED_EDGE ( 'NONE', *, *, #2144, .T. ) ;
#1477 = CARTESIAN_POINT ( 'NONE',  ( 3.350000000000000089, 0.6698043071014997407, -0.9832250708500342995 ) ) ;
#1478 = CARTESIAN_POINT ( 'NONE',  ( 3.780607679805945143, 0.4135592651074868065, -4.527611935987542857 ) ) ;
#1479 = CARTESIAN_POINT ( 'NONE',  ( 3.970434587853985509, 0.5109540647124396484, -1.445310555405337816 ) ) ;
#1480 = ADVANCED_FACE ( 'NONE', ( #329 ), #2967, .T. ) ;
#1481 = CARTESIAN_POINT ( 'NONE',  ( 3.054591836734694699, 0.4000000000000001332, -1.360442564908469265 ) ) ;
#1482 = CYLINDRICAL_SURFACE ( 'NONE', #312, 0.2000000000000001776 ) ;
#1483 = VECTOR ( 'NONE', #477, 100.0000000000000000 ) ;
#1484 = COORDINATED_UNIVERSAL_TIME_OFFSET ( 9, 0, .AHEAD. ) ;
#1485 = CARTESIAN_POINT ( 'NONE',  ( 0.4268292682926831949, 0.000000000000000000, -0.008536585365854013063 ) ) ;
#1486 = AXIS2_PLACEMENT_3D ( 'NONE', #1983, #1511, #2625 ) ;
#1487 = AXIS2_PLACEMENT_3D ( 'NONE', #2137, #1671, #720 ) ;
#1488 = EDGE_LOOP ( 'NONE', ( #2260, #2963, #2800, #699, #2177 ) ) ;
#1489 = VECTOR ( 'NONE', #1508, 100.0000000000000000 ) ;
#1490 = DIRECTION ( 'NONE',  ( -0.000000000000000000, -1.000000000000000000, -0.000000000000000000 ) ) ;
#1491 = CARTESIAN_POINT ( 'NONE',  ( 3.953540397946151419, 0.4000000000000000777, -1.543923120481285771 ) ) ;
#1492 = EDGE_LOOP ( 'NONE', ( #522, #1873, #2787, #1023 ) ) ;
#1493 = CIRCLE ( 'NONE', #2932, 0.4500000000000014544 ) ;
#1494 = CARTESIAN_POINT ( 'NONE',  ( 3.350000000000000089, 0.2064508914924190197, -0.5191548993429464520 ) ) ;
#1495 = CARTESIAN_POINT ( 'NONE',  ( 3.550000000000001155, 0.7924130847867704164, -1.024437586798085054 ) ) ;
#1496 = CARTESIAN_POINT ( 'NONE',  ( 2.802654807051725427, 0.4053073054834315792, -1.152004683261262485 ) ) ;
#1497 = CARTESIAN_POINT ( 'NONE',  ( 3.132757942492618408, 0.4183129955546512346, -1.462216883939786438 ) ) ;
#1498 = CARTESIAN_POINT ( 'NONE',  ( 3.846402375743750213, 0.4000359655494684641, -4.596206652756004374 ) ) ;
#1499 = PRODUCT_DEFINITION_FORMATION_WITH_SPECIFIED_SOURCE ( 'ANY', '', #2339, .NOT_KNOWN. ) ;
#1500 = DATE_AND_TIME ( #99, #532 ) ;
#1501 = CARTESIAN_POINT ( 'NONE',  ( 3.181889363772054224, 0.4509096302486512164, -4.466686281185832108 ) ) ;
#1502 = CARTESIAN_POINT ( 'NONE',  ( 1.341666062593396935, 0.2735336907584127175, -1.429718502647741696 ) ) ;
#1503 = EDGE_LOOP ( 'NONE', ( #1935, #1614, #2439, #65 ) ) ;
#1504 = CARTESIAN_POINT ( 'NONE',  ( 3.348821198774688757, 0.8559628777531635979, -4.256849144005062868 ) ) ;
#1505 = CARTESIAN_POINT ( 'NONE',  ( 6.938893903907228378E-16, 0.000000000000000000, -0.3499999999999994227 ) ) ;
#1506 = ORIENTED_EDGE ( 'NONE', *, *, #1089, .F. ) ;
#1507 = ADVANCED_FACE ( 'NONE', ( #344 ), #1947, .F. ) ;
#1508 = DIRECTION ( 'NONE',  ( 0.000000000000000000, 0.000000000000000000, 1.000000000000000000 ) ) ;
#1509 = FACE_OUTER_BOUND ( 'NONE', #2224, .T. ) ;
#1510 = DIRECTION ( 'NONE',  ( 0.000000000000000000, 0.000000000000000000, 1.000000000000000000 ) ) ;
#1511 = DIRECTION ( 'NONE',  ( 0.000000000000000000, 1.000000000000000000, 0.000000000000000000 ) ) ;
#1512 = CARTESIAN_POINT ( 'NONE',  ( 3.850000000000000089, 0.4000000000000000222, -4.558578643762614568 ) ) ;
#1513 = APPROVAL_DATE_TIME ( #1500, #1936 ) ;
#1514 = CARTESIAN_POINT ( 'NONE',  ( 3.050000000000000711, 0.000000000000000000, -1.828088470192073434 ) ) ;
#1515 = FACE_OUTER_BOUND ( 'NONE', #397, .T. ) ;
#1516 = LINE ( 'NONE', #2437, #998 ) ;
#1517 = PLANE ( 'NONE',  #518 ) ;
#1518 = EDGE_LOOP ( 'NONE', ( #2080, #1126, #1667, #2005 ) ) ;
#1519 = CARTESIAN_POINT ( 'NONE',  ( 1.352651549902951222, 0.4000000000000000222, -1.520501676942639158 ) ) ;
#1520 = CARTESIAN_POINT ( 'NONE',  ( 3.550000000000000266, 0.8692159983670949552, -1.089627722697425583 ) ) ;
#1521 = EDGE_CURVE ( 'NONE', #213, #472, #415, .T. ) ;
#1522 = CARTESIAN_POINT ( 'NONE',  ( 3.209805169426816818, 0.4763416635241666253, -1.464738132693843564 ) ) ;
#1523 = CYLINDRICAL_SURFACE ( 'NONE', #2159, 0.1499999999999999667 ) ;
#1524 = MECHANICAL_CONTEXT ( 'NONE', #1630, 'mechanical' ) ;
#1525 = DIRECTION ( 'NONE',  ( 0.000000000000000000, 0.000000000000000000, 1.000000000000000000 ) ) ;
#1526 = LINE ( 'NONE', #1960, #2838 ) ;
#1527 = ADVANCED_FACE ( 'NONE', ( #1515 ), #1771, .F. ) ;
#1528 = AXIS2_PLACEMENT_3D ( 'NONE', #2810, #22, #1202 ) ;
#1529 = ORIENTED_EDGE ( 'NONE', *, *, #380, .T. ) ;
#1530 = DIRECTION ( 'NONE',  ( -0.000000000000000000, -1.000000000000000000, -0.000000000000000000 ) ) ;
#1531 = CARTESIAN_POINT ( 'NONE',  ( 2.599999999999998757, 0.9000000000000001332, -11.24999999999998757 ) ) ;
#1532 = EDGE_CURVE ( 'NONE', #2208, #1625, #1022, .T. ) ;
#1533 = CIRCLE ( 'NONE', #1239, 10.09999999999998721 ) ;
#1534 = AXIS2_PLACEMENT_3D ( 'NONE', #2034, #418, #1592 ) ;
#1535 = ORIENTED_EDGE ( 'NONE', *, *, #28, .T. ) ;
#1536 = AXIS2_PLACEMENT_3D ( 'NONE', #2000, #2450, #113 ) ;
#1537 = CARTESIAN_POINT ( 'NONE',  ( 4.061785581541276002, 0.4200312831048819695, -1.256335412123640749 ) ) ;
#1538 = CARTESIAN_POINT ( 'NONE',  ( 4.850000000000000533, 0.4000000000000000222, -0.3500000000000001998 ) ) ;
#1539 =( BOUNDED_SURFACE ( )  B_SPLINE_SURFACE ( 2, 3, ( 
 ( #489, #1895, #1403, #2805, #2324, #2099 ),
 ( #506, #1434, #51, #2819, #2536, #1366 ),
 ( #524, #539, #1739, #1919, #2893, #2621 ) ),
 .UNSPECIFIED., .F., .F., .T. ) 
 B_SPLINE_SURFACE_WITH_KNOTS ( ( 3, 3 ),
 ( 4, 2, 4 ),
 ( 0.000000000000000000, 1.000000000000000000 ),
 ( -0.03164529465020381183, 0.002000000000000001776, 0.003602156888104945075 ),
 .UNSPECIFIED. ) 
 GEOMETRIC_REPRESENTATION_ITEM ( )  RATIONAL_B_SPLINE_SURFACE ( (
 ( 1.000000000000000000, 1.000000000000000000, 1.000000000000000000, 1.000000000000000000, 1.000000000000000000, 1.000000000000000000),
 ( 0.7071067811865475727, 0.7071067811865475727, 0.7071067811865475727, 0.7071067811865475727, 0.7071067811865475727, 0.7071067811865475727),
 ( 1.000000000000000000, 1.000000000000000000, 1.000000000000000000, 1.000000000000000000, 1.000000000000000000, 1.000000000000000000) ) ) 
 REPRESENTATION_ITEM ( '' )  SURFACE ( )  );
#1540 = DIRECTION ( 'NONE',  ( -0.000000000000000000, -1.000000000000000000, -0.000000000000000000 ) ) ;
#1541 = DIRECTION ( 'NONE',  ( 0.000000000000000000, 0.000000000000000000, 1.000000000000000000 ) ) ;
#1542 = PERSON_AND_ORGANIZATION_ROLE ( 'classification_officer' ) ;
#1543 = EDGE_CURVE ( 'NONE', #1961, #2452, #2068, .T. ) ;
#1544 = DIRECTION ( 'NONE',  ( 0.000000000000000000, 0.000000000000000000, -1.000000000000000000 ) ) ;
#1545 = CARTESIAN_POINT ( 'NONE',  ( 0.1999999999999997058, 0.4000000000000000222, -0.6662277660168386406 ) ) ;
#1546 = AXIS2_PLACEMENT_3D ( 'NONE', #56, #1900, #2559 ) ;
#1547 = ORIENTED_EDGE ( 'NONE', *, *, #2722, .F. ) ;
#1548 = LINE ( 'NONE', #2299, #2406 ) ;
#1549 = CARTESIAN_POINT ( 'NONE',  ( 3.749999999999999112, 0.000000000000000000, -4.299999999999997158 ) ) ;
#1550 = B_SPLINE_CURVE_WITH_KNOTS ( 'NONE', 3,
 ( #1444, #2589, #547, #26 ),
 .UNSPECIFIED., .F., .F.,
 ( 4, 4 ),
 ( 0.000000000000000000, 0.9657805620186330486 ),
 .UNSPECIFIED. ) ;
#1551 = EDGE_LOOP ( 'NONE', ( #918, #932, #403, #53, #1073, #1129, #2018 ) ) ;
#1552 = DIRECTION ( 'NONE',  ( 0.000000000000000000, 1.000000000000000000, 0.000000000000000000 ) ) ;
#1553 = CARTESIAN_POINT ( 'NONE',  ( 0.2999999999999989897, 0.2000000000000000111, -1.249999999999999334 ) ) ;
#1554 = ORIENTED_EDGE ( 'NONE', *, *, #2363, .F. ) ;
#1555 = EDGE_CURVE ( 'NONE', #501, #2833, #1526, .T. ) ;
#1556 = CARTESIAN_POINT ( 'NONE',  ( 3.350000000000000089, 0.9000000000000001332, -1.471579882210011680 ) ) ;
#1557 = CARTESIAN_POINT ( 'NONE',  ( 3.668882281832206438, 0.5000348496686130018, -1.517400133745978597 ) ) ;
#1558 = VERTEX_POINT ( 'NONE', #147 ) ;
#1559 = CARTESIAN_POINT ( 'NONE',  ( 3.550327220406715334, 0.8766549364243564346, -4.216026168908784122 ) ) ;
#1560 = PLANE ( 'NONE',  #616 ) ;
#1561 = ORIENTED_EDGE ( 'NONE', *, *, #2156, .F. ) ;
#1562 = LINE ( 'NONE', #2501, #83 ) ;
#1563 = CARTESIAN_POINT ( 'NONE',  ( 4.850000000000000533, 0.4000000000000000222, -0.3500000000000001998 ) ) ;
#1564 = VERTEX_POINT ( 'NONE', #619 ) ;
#1565 = CARTESIAN_POINT ( 'NONE',  ( 3.149999999999999911, 0.000000000000000000, -4.299999999999997158 ) ) ;
#1566 = LINE ( 'NONE', #2694, #2594 ) ;
#1567 = CARTESIAN_POINT ( 'NONE',  ( 2.599999999999998757, 0.4000000000000000222, -11.24999999999998757 ) ) ;
#1568 = CARTESIAN_POINT ( 'NONE',  ( 2.600000000000003642, 0.000000000000000000, 9.650000000000021672 ) ) ;
#1569 = ORIENTED_EDGE ( 'NONE', *, *, #50, .F. ) ;
#1570 = EDGE_CURVE ( 'NONE', #1664, #641, #1221, .T. ) ;
#1571 = CARTESIAN_POINT ( 'NONE',  ( 1.236224489795918480, 0.4000000000000000222, -1.444383427964991640 ) ) ;
#1572 = CARTESIAN_POINT ( 'NONE',  ( 3.350000000000000089, 0.9000000000000001332, -4.099999999999999645 ) ) ;
#1573 = DIRECTION ( 'NONE',  ( 0.000000000000000000, 0.000000000000000000, 1.000000000000000000 ) ) ;
#1574 = ORIENTED_EDGE ( 'NONE', *, *, #425, .F. ) ;
#1575 = CARTESIAN_POINT ( 'NONE',  ( 3.063284023148124646, 0.4000002213542920293, -1.460608473230187165 ) ) ;
#1576 = DIRECTION ( 'NONE',  ( 0.000000000000000000, 0.000000000000000000, -1.000000000000000000 ) ) ;
#1577 = AXIS2_PLACEMENT_3D ( 'NONE', #1655, #41, #1863 ) ;
#1578 = ORIENTED_EDGE ( 'NONE', *, *, #1002, .T. ) ;
#1579 = EDGE_CURVE ( 'NONE', #1644, #1664, #385, .T. ) ;
#1580 = CARTESIAN_POINT ( 'NONE',  ( 1.241276572697865177, 0.4000000000000000222, -1.443682105494421775 ) ) ;
#1581 = VECTOR ( 'NONE', #1087, 100.0000000000000000 ) ;
#1582 = CARTESIAN_POINT ( 'NONE',  ( 3.054096960271678984, 0.4478013341236717904, -1.371208506592393128 ) ) ;
#1583 = EDGE_LOOP ( 'NONE', ( #1012, #2157, #72, #391 ) ) ;
#1584 = AXIS2_PLACEMENT_3D ( 'NONE', #1795, #637, #407 ) ;
#1585 = CARTESIAN_POINT ( 'NONE',  ( 3.335162484313045184, 0.7429697176618659249, -1.376904221382257099 ) ) ;
#1586 = CARTESIAN_POINT ( 'NONE',  ( 2.599999999999998757, 0.2000000000000000111, -11.24999999999998757 ) ) ;
#1587 = VERTEX_POINT ( 'NONE', #2628 ) ;
#1588 = AXIS2_PLACEMENT_3D ( 'NONE', #389, #1530, #2453 ) ;
#1589 = B_SPLINE_CURVE_WITH_KNOTS ( 'NONE', 3,
 ( #2199, #2230, #2626, #1468, #1944, #601, #2420, #2433, #2443, #98, #2213, #326, #340, #110, #590, #354 ),
 .UNSPECIFIED., .F., .F.,
 ( 4, 2, 2, 2, 2, 2, 2, 4 ),
 ( 0.0001065489617540543499, 0.0006811441083000455360, 0.001255739254846036709, 0.001830334401392027990, 0.002404929547938018837, 0.002979524694484010118, 0.003554119841030001399, 0.004703310134121976155 ),
 .UNSPECIFIED. ) ;
#1590 = DIRECTION ( 'NONE',  ( 4.625929269271456134E-15, 0.000000000000000000, 1.000000000000000000 ) ) ;
#1591 = FACE_OUTER_BOUND ( 'NONE', #2719, .T. ) ;
#1592 = DIRECTION ( 'NONE',  ( 0.000000000000000000, -0.000000000000000000, 1.000000000000000000 ) ) ;
#1593 = EDGE_LOOP ( 'NONE', ( #1059, #1270, #957, #1399, #2863 ) ) ;
#1594 = CARTESIAN_POINT ( 'NONE',  ( 3.350000000000000089, 0.9000000000000001332, -1.471579882210085843 ) ) ;
#1595 = EDGE_LOOP ( 'NONE', ( #2090, #2349 ) ) ;
#1596 = ORIENTED_EDGE ( 'NONE', *, *, #656, .F. ) ;
#1597 = VECTOR ( 'NONE', #2105, 100.0000000000000000 ) ;
#1598 = CARTESIAN_POINT ( 'NONE',  ( 5.200000000000000178, 0.4000000000000000222, -1.249999999999999778 ) ) ;
#1599 = DIRECTION ( 'NONE',  ( 0.000000000000000000, 0.000000000000000000, 1.000000000000000000 ) ) ;
#1600 = ORIENTED_EDGE ( 'NONE', *, *, #133, .F. ) ;
#1601 = EDGE_CURVE ( 'NONE', #1564, #406, #2219, .T. ) ;
#1602 = CARTESIAN_POINT ( 'NONE',  ( 3.702756905376768159, 0.6623480330942187466, -1.411606279146351728 ) ) ;
#1603 = FACE_OUTER_BOUND ( 'NONE', #194, .T. ) ;
#1604 = ORIENTED_EDGE ( 'NONE', *, *, #1075, .T. ) ;
#1605 = DIRECTION ( 'NONE',  ( -0.000000000000000000, -0.000000000000000000, 1.000000000000000000 ) ) ;
#1606 = PLANE ( 'NONE',  #214 ) ;
#1607 = EDGE_CURVE ( 'NONE', #2892, #534, #2659, .T. ) ;
#1608 = CARTESIAN_POINT ( 'NONE',  ( 3.550000000000001155, 0.3909150531306087029, -1.190214774577525336 ) ) ;
#1609 = ORIENTED_EDGE ( 'NONE', *, *, #2526, .T. ) ;
#1610 = LINE ( 'NONE', #404, #417 ) ;
#1611 = ORIENTED_EDGE ( 'NONE', *, *, #545, .F. ) ;
#1612 = ORIENTED_EDGE ( 'NONE', *, *, #625, .F. ) ;
#1613 = CARTESIAN_POINT ( 'NONE',  ( 3.350000000000000089, 0.5999999999999999778, -0.9778850284560426376 ) ) ;
#1614 = ORIENTED_EDGE ( 'NONE', *, *, #251, .T. ) ;
#1615 = DIRECTION ( 'NONE',  ( 0.000000000000000000, 0.000000000000000000, 1.000000000000000000 ) ) ;
#1616 = CARTESIAN_POINT ( 'NONE',  ( 3.550000000000000266, 0.5999999999999999778, -0.9778850284560426376 ) ) ;
#1617 = ORIENTED_EDGE ( 'NONE', *, *, #1706, .F. ) ;
#1618 = CARTESIAN_POINT ( 'NONE',  ( 3.256632653061224847, 0.8596689083283027832, -1.371800085089705412 ) ) ;
#1619 = CARTESIAN_POINT ( 'NONE',  ( 3.350000000000000089, 0.2237647283108456231, -1.089525516526593796 ) ) ;
#1620 = EDGE_CURVE ( 'NONE', #238, #2522, #2025, .T. ) ;
#1621 = CARTESIAN_POINT ( 'NONE',  ( 3.250000000000000888, 0.9000000000000001332, -1.371361429832551604 ) ) ;
#1622 = FACE_OUTER_BOUND ( 'NONE', #204, .T. ) ;
#1623 = ADVANCED_FACE ( 'NONE', ( #1591 ), #1560, .F. ) ;
#1624 = ORIENTED_EDGE ( 'NONE', *, *, #970, .F. ) ;
#1625 = VERTEX_POINT ( 'NONE', #1572 ) ;
#1626 = EDGE_CURVE ( 'NONE', #488, #2755, #1356, .T. ) ;
#1627 = CARTESIAN_POINT ( 'NONE',  ( 3.685764553209300409, 0.4810090449485353581, -1.518840146502576705 ) ) ;
#1628 = AXIS2_PLACEMENT_3D ( 'NONE', #2294, #2268, #212 ) ;
#1629 = ORIENTED_EDGE ( 'NONE', *, *, #1777, .F. ) ;
#1630 = APPLICATION_CONTEXT ( 'configuration controlled 3d designs of mechanical parts and assemblies' ) ;
#1631 = CIRCLE ( 'NONE', #2731, 9.899999999999986144 ) ;
#1632 = VECTOR ( 'NONE', #1332, 100.0000000000000000 ) ;
#1633 = CARTESIAN_POINT ( 'NONE',  ( 3.483333333333334281, 0.5999999999999999778, -0.9778850284560424155 ) ) ;
#1634 = CARTESIAN_POINT ( 'NONE',  ( 2.938592907659527409, 0.5311650717890131768, -1.355790810460948403 ) ) ;
#1635 = ORIENTED_EDGE ( 'NONE', *, *, #88, .T. ) ;
#1636 = AXIS2_PLACEMENT_3D ( 'NONE', #1784, #2239, #2461 ) ;
#1637 = CARTESIAN_POINT ( 'NONE',  ( 3.142374937718911632, 0.5449560203192288510, -1.364865529978718905 ) ) ;
#1638 = AXIS2_PLACEMENT_3D ( 'NONE', #2086, #1897, #508 ) ;
#1639 = CARTESIAN_POINT ( 'NONE',  ( 4.850000000000000533, 0.4000000000000000222, -1.249999999999999778 ) ) ;
#1640 = VECTOR ( 'NONE', #1605, 100.0000000000000000 ) ;
#1641 = VERTEX_POINT ( 'NONE', #2729 ) ;
#1642 = CARTESIAN_POINT ( 'NONE',  ( 3.116018581405436194, 0.4122526071439301942, -4.531059674770482992 ) ) ;
#1643 = ORIENTED_EDGE ( 'NONE', *, *, #2092, .F. ) ;
#1644 = VERTEX_POINT ( 'NONE', #177 ) ;
#1645 = FACE_BOUND ( 'NONE', #665, .T. ) ;
#1646 = CARTESIAN_POINT ( 'NONE',  ( 3.637430343581010916, 0.5454070946333353653, -1.514595867097122683 ) ) ;
#1647 = VECTOR ( 'NONE', #1442, 100.0000000000000142 ) ;
#1648 = ORIENTED_EDGE ( 'NONE', *, *, #2458, .T. ) ;
#1649 = EDGE_CURVE ( 'NONE', #2859, #2021, #901, .T. ) ;
#1650 = LINE ( 'NONE', #1665, #2550 ) ;
#1651 = CARTESIAN_POINT ( 'NONE',  ( 3.659552883616691066, 0.5136650557889785862, -4.419587182297568972 ) ) ;
#1652 = DIRECTION ( 'NONE',  ( 0.000000000000000000, 0.000000000000000000, 1.000000000000000000 ) ) ;
#1653 = ADVANCED_FACE ( 'NONE', ( #853 ), #2075, .F. ) ;
#1654 = CARTESIAN_POINT ( 'NONE',  ( 4.900000000000000355, 0.2000000000000000111, -1.249999999999987566 ) ) ;
#1655 = CARTESIAN_POINT ( 'NONE',  ( 2.599999999999998757, 0.9000000000000001332, -11.24999999999998757 ) ) ;
#1656 = CARTESIAN_POINT ( 'NONE',  ( 4.850000000000000533, 0.000000000000000000, -0.3500000000000001998 ) ) ;
#1657 = ORIENTED_EDGE ( 'NONE', *, *, #2363, .T. ) ;
#1658 = LINE ( 'NONE', #11, #2648 ) ;
#1659 = DIRECTION ( 'NONE',  ( 1.207998347816578275E-13, 0.000000000000000000, 1.000000000000000000 ) ) ;
#1660 = VERTEX_POINT ( 'NONE', #2045 ) ;
#1661 = VERTEX_POINT ( 'NONE', #2541 ) ;
#1662 = DIRECTION ( 'NONE',  ( 0.000000000000000000, 0.000000000000000000, -1.000000000000000000 ) ) ;
#1663 = CARTESIAN_POINT ( 'NONE',  ( 2.782264172566433214, 0.4019492819912535708, -1.428862318427350120 ) ) ;
#1664 = VERTEX_POINT ( 'NONE', #400 ) ;
#1665 = CARTESIAN_POINT ( 'NONE',  ( 3.650000000000000355, 0.9000000000000001332, -1.442477377033486663 ) ) ;
#1666 = DIRECTION ( 'NONE',  ( 0.000000000000000000, 0.000000000000000000, 1.000000000000000000 ) ) ;
#1667 = ORIENTED_EDGE ( 'NONE', *, *, #2934, .F. ) ;
#1668 = CARTESIAN_POINT ( 'NONE',  ( 4.850000000000000533, 0.4000000000000000222, -1.249999999999999778 ) ) ;
#1669 = CARTESIAN_POINT ( 'NONE',  ( 3.888402320022160907, 0.7831647635363446769, -1.232508269745273832 ) ) ;
#1670 = ADVANCED_FACE ( 'NONE', ( #2257 ), #416, .F. ) ;
#1671 = DIRECTION ( 'NONE',  ( 1.000000000000000000, 0.000000000000000000, 0.000000000000000000 ) ) ;
#1672 = CYLINDRICAL_SURFACE ( 'NONE', #2116, 0.1000000000000000888 ) ;
#1673 = CARTESIAN_POINT ( 'NONE',  ( 3.550000000000000266, 0.9000000000000001332, -1.506412365047549162 ) ) ;
#1674 = VERTEX_POINT ( 'NONE', #867 ) ;
#1675 = CARTESIAN_POINT ( 'NONE',  ( 2.600000000000003642, 0.4000000000000000222, 9.650000000000021672 ) ) ;
#1676 = CARTESIAN_POINT ( 'NONE',  ( 3.680427482761165603, 0.7323712489514428992, -1.409131050785307204 ) ) ;
#1677 = ORIENTED_EDGE ( 'NONE', *, *, #712, .F. ) ;
#1678 = DIRECTION ( 'NONE',  ( 0.000000000000000000, 0.000000000000000000, -1.000000000000000000 ) ) ;
#1679 = CARTESIAN_POINT ( 'NONE',  ( 2.923205080756888119, 0.5000000000000001110, -1.355277241085887097 ) ) ;
#1680 = ORIENTED_EDGE ( 'NONE', *, *, #128, .T. ) ;
#1681 = CIRCLE ( 'NONE', #2396, 0.2000000000000000111 ) ;
#1682 = CARTESIAN_POINT ( 'NONE',  ( 3.149188968295453694, 0.5523362032292647994, -1.365242407220080612 ) ) ;
#1683 = CARTESIAN_POINT ( 'NONE',  ( 2.600000000000003642, 0.4000000000000000222, 9.650000000000021672 ) ) ;
#1684 = VECTOR ( 'NONE', #2008, 100.0000000000000142 ) ;
#1685 = VECTOR ( 'NONE', #2708, 100.0000000000000000 ) ;
#1686 = VECTOR ( 'NONE', #1391, 100.0000000000000000 ) ;
#1687 = CARTESIAN_POINT ( 'NONE',  ( 4.467435336425036319, 0.3366442633927598238, -0.3082129709003977314 ) ) ;
#1688 = CARTESIAN_POINT ( 'NONE',  ( 3.118618222403653384, 0.4132542995475129710, -4.528402354778549466 ) ) ;
#1689 = DIRECTION ( 'NONE',  ( -0.000000000000000000, -1.000000000000000000, -0.000000000000000000 ) ) ;
#1690 = ORIENTED_EDGE ( 'NONE', *, *, #1369, .T. ) ;
#1691 = ADVANCED_FACE ( 'NONE', ( #2954 ), #1835, .F. ) ;
#1692 = CARTESIAN_POINT ( 'NONE',  ( 3.323502420633674959, 0.6944397929961934057, -4.384822851456045889 ) ) ;
#1693 = CARTESIAN_POINT ( 'NONE',  ( 3.863822836702466290, 0.5000000000000001110, -1.431000458661387365 ) ) ;
#1694 = VERTEX_POINT ( 'NONE', #1849 ) ;
#1695 = CARTESIAN_POINT ( 'NONE',  ( 3.350000000000000977, 0.7841256606129279882, -1.019971971439646907 ) ) ;
#1696 = CARTESIAN_POINT ( 'NONE',  ( 3.550000000000001599, 0.8756434272794599849, -1.098725779895063814 ) ) ;
#1697 = ORIENTED_EDGE ( 'NONE', *, *, #2444, .F. ) ;
#1698 = EDGE_CURVE ( 'NONE', #1641, #1473, #2271, .T. ) ;
#1699 = DIRECTION ( 'NONE',  ( 0.000000000000000000, 1.000000000000000000, 0.000000000000000000 ) ) ;
#1700 = CARTESIAN_POINT ( 'NONE',  ( 2.925735931288072855, 0.4000000000000000222, -1.600000000000000977 ) ) ;
#1701 = CARTESIAN_POINT ( 'NONE',  ( 3.165118339326530084, 0.4381979663427242877, -4.482295914914852908 ) ) ;
#1702 = CARTESIAN_POINT ( 'NONE',  ( 2.949999999999999734, 0.5999999999999999778, -1.156066178144420142 ) ) ;
#1703 = ORIENTED_EDGE ( 'NONE', *, *, #2381, .T. ) ;
#1704 = FACE_OUTER_BOUND ( 'NONE', #2576, .T. ) ;
#1705 = CARTESIAN_POINT ( 'NONE',  ( 3.846283021527793000, 0.4000299553195950653, -1.529833939579196667 ) ) ;
#1706 = EDGE_CURVE ( 'NONE', #2833, #2517, #2451, .T. ) ;
#1707 = VERTEX_POINT ( 'NONE', #431 ) ;
#1708 = CARTESIAN_POINT ( 'NONE',  ( 3.050000000000000711, 0.4000000000000000222, -1.460337084454881307 ) ) ;
#1709 = CARTESIAN_POINT ( 'NONE',  ( 3.550000000000000266, 0.8958096218975416525, -1.138034945306581891 ) ) ;
#1710 = CARTESIAN_POINT ( 'NONE',  ( 3.991222163835792536, 0.4776835250865397176, -1.448237134935157711 ) ) ;
#1711 = CARTESIAN_POINT ( 'NONE',  ( 3.247031552611624239, 0.5212836542478802571, -1.370842077804183878 ) ) ;
#1712 = FACE_OUTER_BOUND ( 'NONE', #1322, .T. ) ;
#1713 = PERSON_AND_ORGANIZATION ( #557, #2695 ) ;
#1714 = DIRECTION ( 'NONE',  ( -0.000000000000000000, -1.000000000000000000, -0.000000000000000000 ) ) ;
#1715 = DIRECTION ( 'NONE',  ( 1.458870688157565315E-15, 0.000000000000000000, 1.000000000000000000 ) ) ;
#1716 = EDGE_LOOP ( 'NONE', ( #2492, #2315, #1979, #1847 ) ) ;
#1717 = B_SPLINE_CURVE_WITH_KNOTS ( 'NONE', 3,
 ( #575, #2867, #558, #307 ),
 .UNSPECIFIED., .F., .F.,
 ( 4, 4 ),
 ( 0.000000000000000000, 0.002578974679206885116 ),
 .UNSPECIFIED. ) ;
#1718 = CARTESIAN_POINT ( 'NONE',  ( 3.347340856994690306, 0.8330193796907355841, -4.289996873303829616 ) ) ;
#1719 = CARTESIAN_POINT ( 'NONE',  ( 3.867341420912427274, 0.4000000000000007994, -1.431453485007520010 ) ) ;
#1720 = ORIENTED_EDGE ( 'NONE', *, *, #1037, .T. ) ;
#1721 = CARTESIAN_POINT ( 'NONE',  ( 3.349999999999999645, 0.8651934140551181818, -1.084375778614634855 ) ) ;
#1722 = LINE ( 'NONE', #1465, #1821 ) ;
#1723 = CARTESIAN_POINT ( 'NONE',  ( 4.899999999999998579, 0.2000000000000000111, -0.7972135954999596263 ) ) ;
#1724 = CARTESIAN_POINT ( 'NONE',  ( 3.099269498599583894, 0.4056860615220150845, -1.362553565978331438 ) ) ;
#1725 = DIRECTION ( 'NONE',  ( 0.000000000000000000, 1.000000000000000000, 0.000000000000000000 ) ) ;
#1726 = CIRCLE ( 'NONE', #2214, 0.3500000000000014211 ) ;
#1727 = COORDINATED_UNIVERSAL_TIME_OFFSET ( 9, 0, .AHEAD. ) ;
#1728 = DIRECTION ( 'NONE',  ( 0.000000000000000000, 0.000000000000000000, -1.000000000000000000 ) ) ;
#1729 = VECTOR ( 'NONE', #2464, 100.0000000000000142 ) ;
#1730 = CONICAL_SURFACE ( 'NONE', #1927, 10.20000000000002238, 0.4636476090008060935 ) ;
#1731 = DIRECTION ( 'NONE',  ( 0.000000000000000000, 0.000000000000000000, 1.000000000000000000 ) ) ;
#1732 = ORIENTED_EDGE ( 'NONE', *, *, #1422, .T. ) ;
#1733 = VECTOR ( 'NONE', #1689, 100.0000000000000000 ) ;
#1734 = CARTESIAN_POINT ( 'NONE',  ( 2.750000000000000444, 0.4000000000000000222, -1.600000000000000311 ) ) ;
#1735 = AXIS2_PLACEMENT_3D ( 'NONE', #1067, #2649, #2902 ) ;
#1736 = CARTESIAN_POINT ( 'NONE',  ( 3.839350788282581473, 0.4002817997265903927, -1.529438037509562198 ) ) ;
#1737 = ORIENTED_EDGE ( 'NONE', *, *, #1027, .F. ) ;
#1738 = CIRCLE ( 'NONE', #465, 9.900000000000023448 ) ;
#1739 = CARTESIAN_POINT ( 'NONE',  ( 3.850000000000000533, 0.4000000000000000777, -3.478490178325567062 ) ) ;
#1740 = CARTESIAN_POINT ( 'NONE',  ( 3.782582518074529609, 0.4127882527440518423, -4.529629458301219991 ) ) ;
#1741 = CARTESIAN_POINT ( 'NONE',  ( 2.949999999999999734, 0.5999999999999999778, -1.156066178144420142 ) ) ;
#1742 = ADVANCED_FACE ( 'NONE', ( #201, #1123, #2763, #464, #675 ), #1606, .T. ) ;
#1743 = CARTESIAN_POINT ( 'NONE',  ( 3.260946235166170215, 0.5432454668506334627, -1.371748169992544009 ) ) ;
#1744 = DIRECTION ( 'NONE',  ( -0.000000000000000000, -1.000000000000000000, -0.000000000000000000 ) ) ;
#1745 = ADVANCED_FACE ( 'NONE', ( #689 ), #494, .F. ) ;
#1746 = SHAPE_DEFINITION_REPRESENTATION ( #984, #1970 ) ;
#1747 = DIRECTION ( 'NONE',  ( 0.000000000000000000, 1.000000000000000000, 0.000000000000000000 ) ) ;
#1748 = CARTESIAN_POINT ( 'NONE',  ( 0.2158291244717636947, 0.3683417510564723774, -0.6912558093653802249 ) ) ;
#1749 = CARTESIAN_POINT ( 'NONE',  ( 3.344991249677765399, 0.8090144776875979327, -4.315205028204491811 ) ) ;
#1750 = EDGE_CURVE ( 'NONE', #623, #864, #608, .T. ) ;
#1751 = CARTESIAN_POINT ( 'NONE',  ( 3.904061558316539227, 0.4000000000000000777, -1.537119527592617274 ) ) ;
#1752 = ORIENTED_EDGE ( 'NONE', *, *, #1392, .F. ) ;
#1753 = CARTESIAN_POINT ( 'NONE',  ( 3.349999999999998757, 0.8878663816507863515, -1.121546773221260063 ) ) ;
#1754 = CARTESIAN_POINT ( 'NONE',  ( 3.756003444562248106, 0.4248068179972273040, -4.502744791755692866 ) ) ;
#1755 = PLANE ( 'NONE',  #1486 ) ;
#1756 = CARTESIAN_POINT ( 'NONE',  ( 3.848815833520951468, 0.3999877130190971353, -4.583780124937857359 ) ) ;
#1757 = FACE_OUTER_BOUND ( 'NONE', #1492, .T. ) ;
#1758 = EDGE_CURVE ( 'NONE', #2617, #627, #409, .T. ) ;
#1759 = DIRECTION ( 'NONE',  ( 0.000000000000000000, 1.000000000000000000, 0.000000000000000000 ) ) ;
#1760 = ORIENTED_EDGE ( 'NONE', *, *, #2098, .T. ) ;
#1761 = DIRECTION ( 'NONE',  ( 0.000000000000000000, 0.000000000000000000, -1.000000000000000000 ) ) ;
#1762 = CARTESIAN_POINT ( 'NONE',  ( 3.560000000000000497, 0.9000000000000000222, -0.9778850284560424155 ) ) ;
#1763 = B_SPLINE_CURVE_WITH_KNOTS ( 'NONE', 3,
 ( #978, #2360, #1205, #1929, #2843, #25, #1219, #2826, #1642, #1887, #2138, #1688, #2343, #2602, #2151, #764, #1701, #2201, #1294, #2171, #1501, #603, #131, #1050, #778, #1974, #2215, #356, #792, #2388, #2899, #2644, #2421, #1471, #2887 ),
 .UNSPECIFIED., .F., .F.,
 ( 4, 2, 2, 2, 1, 2, 2, 1, 2, 2, 1, 1, 2, 2, 2, 2, 1, 2, 2, 4 ),
 ( 0.009939962472120327311, 0.1336974671633710809, 0.1955762195089973676, 0.2265155956818105387, 0.2419852837682145985, 0.2497201278114125622, 0.2535875498330073530, 0.2574549718546021437, 0.3812124765455640052, 0.4430912288910448527, 0.4740306050637851931, 0.4895002931501554189, 0.4972351371933368402, 0.5049699812365181506, 0.6287274859273811467, 0.6906062382728112015, 0.7215456144455277832, 0.7370153025318850748, 0.7524849906182422554, 1.000000000000000000 ),
 .UNSPECIFIED. ) ;
#1764 = EDGE_LOOP ( 'NONE', ( #879, #2193, #1554, #756, #2050, #453 ) ) ;
#1765 = CARTESIAN_POINT ( 'NONE',  ( 4.999999999999999112, 0.4000000000000000222, -0.6662277660168386406 ) ) ;
#1766 = LINE ( 'NONE', #651, #2017 ) ;
#1767 = ADVANCED_FACE ( 'NONE', ( #942 ), #263, .T. ) ;
#1768 = CARTESIAN_POINT ( 'NONE',  ( 3.350000000000000089, 0.8544505580211176898, -1.471579882204414380 ) ) ;
#1769 = FACE_OUTER_BOUND ( 'NONE', #1109, .T. ) ;
#1770 = CARTESIAN_POINT ( 'NONE',  ( 3.563273476774774462, 0.7527962595748097785, -4.358360897445651361 ) ) ;
#1771 = CYLINDRICAL_SURFACE ( 'NONE', #1536, 0.1499999999999999667 ) ;
#1772 = CIRCLE ( 'NONE', #1041, 10.20000000000002238 ) ;
#1773 = ORIENTED_EDGE ( 'NONE', *, *, #589, .F. ) ;
#1774 = CARTESIAN_POINT ( 'NONE',  ( 3.331766185925598478, 0.7274082384507982724, -4.372188134480126998 ) ) ;
#1775 = CARTESIAN_POINT ( 'NONE',  ( 3.486666666666668579, 0.6000000000000000888, -0.9778850284560424155 ) ) ;
#1776 = AXIS2_PLACEMENT_3D ( 'NONE', #2851, #2367, #63 ) ;
#1777 = EDGE_CURVE ( 'NONE', #1644, #1694, #2308, .T. ) ;
#1778 = VERTEX_POINT ( 'NONE', #1423 ) ;
#1779 = AXIS2_PLACEMENT_3D ( 'NONE', #2478, #2701, #2981 ) ;
#1780 = CIRCLE ( 'NONE', #1638, 0.4500000000000021205 ) ;
#1781 = CARTESIAN_POINT ( 'NONE',  ( 3.350000000000001421, 0.8969684012455052535, -1.145035291834678004 ) ) ;
#1782 = DIRECTION ( 'NONE',  ( 0.000000000000000000, 1.000000000000000000, 0.000000000000000000 ) ) ;
#1783 = CIRCLE ( 'NONE', #840, 0.09999999999999992228 ) ;
#1784 = CARTESIAN_POINT ( 'NONE',  ( 0.3500000000000003109, 0.2000000000000000111, -0.3499999999999994227 ) ) ;
#1785 = CARTESIAN_POINT ( 'NONE',  ( 3.850000000000000533, 0.4000000000000000777, -3.553529115843570008 ) ) ;
#1786 = ADVANCED_FACE ( 'NONE', ( #2124 ), #1883, .T. ) ;
#1787 = VERTEX_POINT ( 'NONE', #1408 ) ;
#1788 = CARTESIAN_POINT ( 'NONE',  ( 1.236224489795918258, 0.000000000000000000, -1.444383427964991640 ) ) ;
#1789 = CARTESIAN_POINT ( 'NONE',  ( 2.600000000000003642, 0.4000000000000000222, 9.650000000000021672 ) ) ;
#1790 = AXIS2_PLACEMENT_3D ( 'NONE', #1656, #530, #482 ) ;
#1791 = ORIENTED_EDGE ( 'NONE', *, *, #20, .T. ) ;
#1792 = CYLINDRICAL_SURFACE ( 'NONE', #2886, 0.3500000000000006439 ) ;
#1793 = CARTESIAN_POINT ( 'NONE',  ( 3.560000000000000497, 0.9000000000000001332, -1.177885028456042482 ) ) ;
#1794 = ORIENTED_EDGE ( 'NONE', *, *, #2862, .F. ) ;
#1795 = CARTESIAN_POINT ( 'NONE',  ( 0.3500000000000003109, 0.4000000000000000222, -0.3499999999999994227 ) ) ;
#1796 = EDGE_CURVE ( 'NONE', #311, #834, #2829, .T. ) ;
#1797 = LINE ( 'NONE', #196, #1632 ) ;
#1798 = CARTESIAN_POINT ( 'NONE',  ( 3.239097224953021215, 0.7418764972830363957, -1.370648695829957742 ) ) ;
#1799 = CARTESIAN_POINT ( 'NONE',  ( 3.099588367588181015, 0.8603170729390531291, -1.362599906782094195 ) ) ;
#1800 = ORIENTED_EDGE ( 'NONE', *, *, #251, .F. ) ;
#1801 = DIRECTION ( 'NONE',  ( 0.000000000000000000, 0.000000000000000000, 1.000000000000000000 ) ) ;
#1802 = DIRECTION ( 'NONE',  ( -0.000000000000000000, -1.000000000000000000, -0.000000000000000000 ) ) ;
#1803 = CARTESIAN_POINT ( 'NONE',  ( 3.350000000000000089, 0.9000000000000001332, -4.707992247970835820 ) ) ;
#1804 = ORIENTED_EDGE ( 'NONE', *, *, #2422, .F. ) ;
#1805 = CARTESIAN_POINT ( 'NONE',  ( 3.230898911703973031, 0.4997118856998679637, -1.465573324803383537 ) ) ;
#1806 = CARTESIAN_POINT ( 'NONE',  ( 3.339999999999999858, 0.9000000000000000222, -0.9778850284560424155 ) ) ;
#1807 = ORIENTED_EDGE ( 'NONE', *, *, #34, .F. ) ;
#1808 = EDGE_CURVE ( 'NONE', #1395, #627, #502, .T. ) ;
#1809 = DIRECTION ( 'NONE',  ( 0.000000000000000000, 0.000000000000000000, 1.000000000000000000 ) ) ;
#1810 = CARTESIAN_POINT ( 'NONE',  ( 3.052396877514729656, 0.4107773096390187062, -1.408193477968071372 ) ) ;
#1811 = CARTESIAN_POINT ( 'NONE',  ( 3.310794347618611244, 0.6514476368796949801, -1.469383434660074483 ) ) ;
#1812 = CARTESIAN_POINT ( 'NONE',  ( 3.050000000000000266, 0.07071067811865484887, -4.229289321881343433 ) ) ;
#1813 = EDGE_LOOP ( 'NONE', ( #1932, #2837, #1454, #199 ) ) ;
#1814 = CARTESIAN_POINT ( 'NONE',  ( 3.550330075943170627, 0.8765512341685047781, -4.216273606124973483 ) ) ;
#1815 = DIRECTION ( 'NONE',  ( -0.000000000000000000, -1.000000000000000000, -0.000000000000000000 ) ) ;
#1816 = CARTESIAN_POINT ( 'NONE',  ( 3.550000000000001155, 0.3818300952416775473, -1.185652094740473395 ) ) ;
#1817 = ORIENTED_EDGE ( 'NONE', *, *, #2098, .F. ) ;
#1818 = CARTESIAN_POINT ( 'NONE',  ( 2.599999999999998757, 0.2000000000000000111, -11.24999999999998757 ) ) ;
#1819 = DIRECTION ( 'NONE',  ( 1.000000000000000000, -0.000000000000000000, 0.000000000000000000 ) ) ;
#1820 = EDGE_CURVE ( 'NONE', #192, #2345, #2823, .T. ) ;
#1821 = VECTOR ( 'NONE', #2160, 100.0000000000000142 ) ;
#1822 = ORIENTED_EDGE ( 'NONE', *, *, #2033, .F. ) ;
#1823 = DIRECTION ( 'NONE',  ( 0.000000000000000000, 0.000000000000000000, -1.000000000000000000 ) ) ;
#1824 = AXIS2_PLACEMENT_3D ( 'NONE', #1167, #713, #730 ) ;
#1825 = AXIS2_PLACEMENT_3D ( 'NONE', #1531, #2223, #1576 ) ;
#1826 = CARTESIAN_POINT ( 'NONE',  ( 0.3500000000000003109, 0.000000000000000000, -0.3499999999999994227 ) ) ;
#1827 = EDGE_LOOP ( 'NONE', ( #2783, #2804, #1909 ) ) ;
#1828 = AXIS2_PLACEMENT_3D ( 'NONE', #2900, #1265, #2218 ) ;
#1829 = CARTESIAN_POINT ( 'NONE',  ( 5.000000000000000888, 0.4000000000000000222, -0.9337722339831591167 ) ) ;
#1830 = CARTESIAN_POINT ( 'NONE',  ( 3.836458718919853794, 0.4003847353466650771, -1.529273675578903591 ) ) ;
#1831 = EDGE_CURVE ( 'NONE', #224, #2818, #1379, .T. ) ;
#1832 = ORIENTED_EDGE ( 'NONE', *, *, #1836, .F. ) ;
#1833 = VECTOR ( 'NONE', #1396, 100.0000000000000000 ) ;
#1834 = CARTESIAN_POINT ( 'NONE',  ( 3.550231466985392714, 0.8807416777962590038, -4.205801655127930694 ) ) ;
#1835 = CYLINDRICAL_SURFACE ( 'NONE', #754, 0.1000000000000000888 ) ;
#1836 = EDGE_CURVE ( 'NONE', #1778, #192, #2581, .T. ) ;
#1837 = DIRECTION ( 'NONE',  ( 0.000000000000000000, 0.000000000000000000, 1.000000000000000000 ) ) ;
#1838 = ORIENTED_EDGE ( 'NONE', *, *, #445, .F. ) ;
#1839 = CARTESIAN_POINT ( 'NONE',  ( 3.550000000000000266, 0.9000000000000001332, -0.9778850284560426376 ) ) ;
#1840 = VERTEX_POINT ( 'NONE', #2841 ) ;
#1841 = ORIENTED_EDGE ( 'NONE', *, *, #380, .F. ) ;
#1842 = B_SPLINE_CURVE_WITH_KNOTS ( 'NONE', 3,
 ( #982, #933, #2830, #1224, #753, #1869, #1692, #535, #2784, #2378, #2847, #1774, #2191, #2411, #2175, #2630, #1297, #115, #135, #149, #2873, #1749, #835, #1718, #1038, #1504, #2205, #1268, #2860, #2234, #1014, #1025, #91, #103, #2660, #1253, #347, #1977, #582, #2890 ),
 .UNSPECIFIED., .F., .F.,
 ( 4, 2, 2, 1, 1, 2, 2, 2, 2, 1, 1, 1, 2, 2, 2, 2, 2, 1, 1, 1, 2, 2, 2, 4 ),
 ( 0.000000000000000000, 0.1250000000001884048, 0.1875000000002823297, 0.2187500000003293199, 0.2343750000003526623, 0.2421875000003643474, 0.2500000000003759770, 0.3750000000005589418, 0.4375000000006504242, 0.4687500000006954992, 0.4843750000007167600, 0.4921875000007275291, 0.4960937500007313594, 0.5000000000007351897, 0.6250000000007849277, 0.6875000000008112400, 0.7187500000008225642, 0.7343750000008264500, 0.7421875000008300027, 0.7460937500008302248, 0.7480468750008301138, 0.7500000000008301138, 0.8750000000004151124, 1.000000000000000000 ),
 .UNSPECIFIED. ) ;
#1843 = CARTESIAN_POINT ( 'NONE',  ( 3.598297381803784223, 0.6261296201443544707, -1.510974786812178117 ) ) ;
#1844 = ORIENTED_EDGE ( 'NONE', *, *, #2709, .T. ) ;
#1845 = CARTESIAN_POINT ( 'NONE',  ( 4.850000000000000533, 0.4000000000000000222, -0.3500000000000001998 ) ) ;
#1846 = LINE ( 'NONE', #1812, #2496 ) ;
#1847 = ORIENTED_EDGE ( 'NONE', *, *, #2912, .F. ) ;
#1848 = LINE ( 'NONE', #733, #2026 ) ;
#1849 = CARTESIAN_POINT ( 'NONE',  ( 0.2999999999999996558, 0.2000000000000000111, -0.8027864045000394633 ) ) ;
#1850 = EDGE_CURVE ( 'NONE', #834, #311, #2258, .T. ) ;
#1851 = CARTESIAN_POINT ( 'NONE',  ( 4.773170731707320869, 0.4000000000000000222, -0.008536585365855053897 ) ) ;
#1852 = ORIENTED_EDGE ( 'NONE', *, *, #712, .T. ) ;
#1853 = DIRECTION ( 'NONE',  ( 0.000000000000000000, 0.000000000000000000, -1.000000000000000000 ) ) ;
#1854 = ORIENTED_EDGE ( 'NONE', *, *, #1464, .T. ) ;
#1855 = ORIENTED_EDGE ( 'NONE', *, *, #1422, .F. ) ;
#1856 = CARTESIAN_POINT ( 'NONE',  ( 3.660714285840397597, 0.8513535971853086748, -1.406988001439088753 ) ) ;
#1857 = ORIENTED_EDGE ( 'NONE', *, *, #2249, .F. ) ;
#1858 = CARTESIAN_POINT ( 'NONE',  ( 1.236224489795918480, 0.2760260797952495126, -1.444383427964993416 ) ) ;
#1859 = LINE ( 'NONE', #459, #700 ) ;
#1860 = ORIENTED_EDGE ( 'NONE', *, *, #28, .F. ) ;
#1861 = DESIGN_CONTEXT ( 'detailed design', #1254, 'design' ) ;
#1862 = CYLINDRICAL_SURFACE ( 'NONE', #325, 0.3000000000000000999 ) ;
#1863 = DIRECTION ( 'NONE',  ( 0.000000000000000000, -0.000000000000000000, 1.000000000000000000 ) ) ;
#1864 = CARTESIAN_POINT ( 'NONE',  ( 3.050000000000000266, 0.4000000000000000777, -4.707992247970835820 ) ) ;
#1865 = CYLINDRICAL_SURFACE ( 'NONE', #2399, 0.3499999999999990896 ) ;
#1866 = ORIENTED_EDGE ( 'NONE', *, *, #2185, .F. ) ;
#1867 = EDGE_CURVE ( 'NONE', #1868, #1055, #1324, .T. ) ;
#1868 = VERTEX_POINT ( 'NONE', #1512 ) ;
#1869 = CARTESIAN_POINT ( 'NONE',  ( 3.321546269283488062, 0.6874081707992614199, -4.387025385575830327 ) ) ;
#1870 = CARTESIAN_POINT ( 'NONE',  ( 3.653751091968516551, 0.5192973622361516384, -1.516087172263820060 ) ) ;
#1871 = EDGE_CURVE ( 'NONE', #2859, #1641, #2015, .T. ) ;
#1872 = VECTOR ( 'NONE', #747, 100.0000000000000142 ) ;
#1873 = ORIENTED_EDGE ( 'NONE', *, *, #1370, .T. ) ;
#1874 = AXIS2_PLACEMENT_3D ( 'NONE', #1185, #2327, #2312 ) ;
#1875 = CIRCLE ( 'NONE', #2926, 0.4500000000000011768 ) ;
#1876 = DIRECTION ( 'NONE',  ( -0.000000000000000000, 1.000000000000000000, -0.000000000000000000 ) ) ;
#1877 = CARTESIAN_POINT ( 'NONE',  ( 3.610000000000000764, 0.5999999999999999778, -4.399999999999999467 ) ) ;
#1878 = EDGE_LOOP ( 'NONE', ( #2354, #303 ) ) ;
#1879 = AXIS2_PLACEMENT_3D ( 'NONE', #1472, #285, #2741 ) ;
#1880 = ADVANCED_FACE ( 'NONE', ( #1712 ), #1482, .F. ) ;
#1881 = CYLINDRICAL_SURFACE ( 'NONE', #1234, 0.3500000000000006439 ) ;
#1882 = AXIS2_PLACEMENT_3D ( 'NONE', #6, #1466, #1652 ) ;
#1883 = CYLINDRICAL_SURFACE ( 'NONE', #2966, 0.3500000000000006439 ) ;
#1884 = CONICAL_SURFACE ( 'NONE', #1975, 0.4500000000000025091, 0.4636476090008054274 ) ;
#1885 = CARTESIAN_POINT ( 'NONE',  ( 6.938893903907228378E-16, 0.000000000000000000, -0.3499999999999994227 ) ) ;
#1886 = VERTEX_POINT ( 'NONE', #370 ) ;
#1887 = CARTESIAN_POINT ( 'NONE',  ( 3.117417478371319550, 0.4127882513781701568, -4.529629461934585599 ) ) ;
#1888 = CARTESIAN_POINT ( 'NONE',  ( 3.950000000000000622, 0.5999999999999999778, -1.442477377033486885 ) ) ;
#1889 = ORIENTED_EDGE ( 'NONE', *, *, #398, .T. ) ;
#1890 = ORIENTED_EDGE ( 'NONE', *, *, #2329, .F. ) ;
#1891 = DIRECTION ( 'NONE',  ( 0.000000000000000000, 1.000000000000000000, 0.000000000000000000 ) ) ;
#1892 = CARTESIAN_POINT ( 'NONE',  ( 2.901254208678781144, 0.4678314856069010208, -1.358811141653384125 ) ) ;
#1893 = ORIENTED_EDGE ( 'NONE', *, *, #2471, .F. ) ;
#1894 = ADVANCED_FACE ( 'NONE', ( #2402 ), #576, .F. ) ;
#1895 = CARTESIAN_POINT ( 'NONE',  ( 3.550000000000001155, 0.9000000000000001332, -2.356980356653812336 ) ) ;
#1896 = CARTESIAN_POINT ( 'NONE',  ( 3.250000000000000000, 0.9000000000000001332, -1.471579882210011236 ) ) ;
#1897 = DIRECTION ( 'NONE',  ( -0.000000000000000000, -1.000000000000000000, -0.000000000000000000 ) ) ;
#1898 = CARTESIAN_POINT ( 'NONE',  ( 3.179636344453663277, 0.5926351989561537970, -1.366978343683052266 ) ) ;
#1899 = CARTESIAN_POINT ( 'NONE',  ( 3.934583724335452448, 0.6969522313018016169, -1.238559325566582991 ) ) ;
#1900 = DIRECTION ( 'NONE',  ( -0.000000000000000000, -1.000000000000000000, -0.000000000000000000 ) ) ;
#1901 = DIRECTION ( 'NONE',  ( -0.000000000000000000, -1.000000000000000000, -0.000000000000000000 ) ) ;
#1902 = CARTESIAN_POINT ( 'NONE',  ( 2.600000000000003642, 0.000000000000000000, 9.650000000000021672 ) ) ;
#1903 = ORIENTED_EDGE ( 'NONE', *, *, #943, .T. ) ;
#1904 = DIRECTION ( 'NONE',  ( 0.000000000000000000, -0.000000000000000000, 1.000000000000000000 ) ) ;
#1905 = DIRECTION ( 'NONE',  ( -0.000000000000000000, -1.000000000000000000, -0.000000000000000000 ) ) ;
#1906 = ORIENTED_EDGE ( 'NONE', *, *, #1058, .F. ) ;
#1907 = FACE_OUTER_BOUND ( 'NONE', #2604, .T. ) ;
#1908 = CARTESIAN_POINT ( 'NONE',  ( 2.931951719004898926, 0.5151496218409796768, -1.355562944686703020 ) ) ;
#1909 = ORIENTED_EDGE ( 'NONE', *, *, #2161, .T. ) ;
#1910 = CARTESIAN_POINT ( 'NONE',  ( 3.571747192220195544, 0.7130971850499825404, -4.377867394413935465 ) ) ;
#1911 = CARTESIAN_POINT ( 'NONE',  ( 3.650000000000000355, 0.9000000000000001332, -1.204727480053118027 ) ) ;
#1912 = CARTESIAN_POINT ( 'NONE',  ( 3.963775510204080810, 0.000000000000000000, -1.444383427964991640 ) ) ;
#1913 = FACE_OUTER_BOUND ( 'NONE', #1380, .T. ) ;
#1914 = CARTESIAN_POINT ( 'NONE',  ( 3.011760811634813795, 0.7833873200849703622, -1.158390925107949387 ) ) ;
#1915 = ORIENTED_EDGE ( 'NONE', *, *, #2622, .T. ) ;
#1916 = CARTESIAN_POINT ( 'NONE',  ( 3.952607438974912402, 0.4887815223904798390, -1.442830160821956476 ) ) ;
#1917 = CARTESIAN_POINT ( 'NONE',  ( 3.726108072051753872, 0.4438568154448115366, -1.522099389167233419 ) ) ;
#1918 = ORIENTED_EDGE ( 'NONE', *, *, #7, .T. ) ;
#1919 = CARTESIAN_POINT ( 'NONE',  ( 3.850000000000000533, 0.4000000000000000777, -4.653405229603544413 ) ) ;
#1920 = VECTOR ( 'NONE', #1352, 100.0000000000000000 ) ;
#1921 = CARTESIAN_POINT ( 'NONE',  ( 3.781894313148416398, 0.4130546698528348437, -4.528926049789189889 ) ) ;
#1922 = VERTEX_POINT ( 'NONE', #775 ) ;
#1923 = AXIS2_PLACEMENT_3D ( 'NONE', #2089, #2284, #2777 ) ;
#1924 = DIRECTION ( 'NONE',  ( 0.8944271909999156334, -0.4472135954999583718, 2.319739754028256039E-15 ) ) ;
#1925 = EDGE_CURVE ( 'NONE', #609, #966, #1589, .T. ) ;
#1926 = CIRCLE ( 'NONE', #1043, 9.900000000000023448 ) ;
#1927 = AXIS2_PLACEMENT_3D ( 'NONE', #2049, #1325, #1102 ) ;
#1928 = CARTESIAN_POINT ( 'NONE',  ( 4.899999999999999467, 0.2000000000000000111, -0.8027864045000390192 ) ) ;
#1929 = CARTESIAN_POINT ( 'NONE',  ( 3.097639949438014906, 0.4062689940460935123, -4.549975791304195383 ) ) ;
#1930 = EDGE_CURVE ( 'NONE', #2807, #102, #2504, .T. ) ;
#1931 = LINE ( 'NONE', #667, #612 ) ;
#1932 = ORIENTED_EDGE ( 'NONE', *, *, #1698, .F. ) ;
#1933 = CARTESIAN_POINT ( 'NONE',  ( 2.600000000000003642, 0.2000000000000000111, 9.650000000000021672 ) ) ;
#1934 = CARTESIAN_POINT ( 'NONE',  ( 3.842587885476138165, 0.5015619721487373228, -1.428282786012234018 ) ) ;
#1935 = ORIENTED_EDGE ( 'NONE', *, *, #1993, .F. ) ;
#1936 = APPROVAL ( #1078, 'UNSPECIFIED' ) ;
#1937 = DIRECTION ( 'NONE',  ( 0.000000000000000000, 0.000000000000000000, 1.000000000000000000 ) ) ;
#1938 = CARTESIAN_POINT ( 'NONE',  ( 3.719826888920775509, 0.4495135236886202423, -4.468253036809924694 ) ) ;
#1939 = CARTESIAN_POINT ( 'NONE',  ( 3.550000000000001155, 0.2126312510495787511, -0.4993202297700745640 ) ) ;
#1940 = ADVANCED_FACE ( 'NONE', ( #559 ), #462, .T. ) ;
#1941 = EDGE_CURVE ( 'NONE', #1558, #2535, #1681, .T. ) ;
#1942 = CC_DESIGN_APPROVAL ( #2647, ( #1499 ) ) ;
#1943 = CARTESIAN_POINT ( 'NONE',  ( 3.148481281293892486, 0.4270488903473541598, -1.462665811436264063 ) ) ;
#1944 = CARTESIAN_POINT ( 'NONE',  ( 3.754412919829637652, 0.8818925828374112319, -1.417521151454578021 ) ) ;
#1945 =( LENGTH_UNIT ( ) NAMED_UNIT ( * ) SI_UNIT ( .CENTI., .METRE. ) );
#1946 = CARTESIAN_POINT ( 'NONE',  ( 3.250000000000034639, 0.6000000000000000888, -11.24999999999998579 ) ) ;
#1947 = CYLINDRICAL_SURFACE ( 'NONE', #1828, 0.1500000000000004663 ) ;
#1948 = ORIENTED_EDGE ( 'NONE', *, *, #1089, .T. ) ;
#1949 = CARTESIAN_POINT ( 'NONE',  ( 3.350000000000000089, 0.5999999999999999778, -4.599999999999999645 ) ) ;
#1950 = CARTESIAN_POINT ( 'NONE',  ( 3.848662349759721657, 0.3995207222338895692, -1.429057491215961706 ) ) ;
#1951 = VERTEX_POINT ( 'NONE', #1248 ) ;
#1952 = CARTESIAN_POINT ( 'NONE',  ( 3.350000000000000089, 0.6414987522860268188, -0.9792484435353592254 ) ) ;
#1953 = CARTESIAN_POINT ( 'NONE',  ( 3.846402375743750213, 0.4000359655494684641, -4.596206652756004374 ) ) ;
#1954 = CARTESIAN_POINT ( 'NONE',  ( 2.850742073954760869, 0.4252750488937834250, -1.153084292713565606 ) ) ;
#1955 = CARTESIAN_POINT ( 'NONE',  ( 5.200000000000000178, 0.4000000000000000222, -0.3500000000000001998 ) ) ;
#1956 = DIRECTION ( 'NONE',  ( 0.000000000000000000, -0.8944271909999157444, -0.4472135954999578722 ) ) ;
#1957 = EDGE_CURVE ( 'NONE', #1451, #394, #2166, .T. ) ;
#1958 = APPROVAL_DATE_TIME ( #327, #2647 ) ;
#1959 = CARTESIAN_POINT ( 'NONE',  ( 3.416666666666666963, 0.9000000000000001332, -1.177885028456042482 ) ) ;
#1960 = CARTESIAN_POINT ( 'NONE',  ( 4.850000000000000533, 0.2000000000000000111, -0.8000000000000017097 ) ) ;
#1961 = VERTEX_POINT ( 'NONE', #2868 ) ;
#1962 = CARTESIAN_POINT ( 'NONE',  ( 0.3500000000000003109, 0.000000000000000000, -0.1999999999999994837 ) ) ;
#1963 = CARTESIAN_POINT ( 'NONE',  ( 3.850669941555782128, 0.4000000000000000777, -1.530132467489867976 ) ) ;
#1964 = ORIENTED_EDGE ( 'NONE', *, *, #68, .F. ) ;
#1965 = CARTESIAN_POINT ( 'NONE',  ( 3.350000000000000089, 0.8717134698857802455, -1.092751039635724286 ) ) ;
#1966 = ADVANCED_FACE ( 'NONE', ( #1769 ), #1523, .F. ) ;
#1967 = CARTESIAN_POINT ( 'NONE',  ( 4.850000000000000533, 0.4000000000000000222, -1.249999999999999778 ) ) ;
#1968 = CARTESIAN_POINT ( 'NONE',  ( 4.123775881629194728, 0.4000000000000000222, -1.467934162554269450 ) ) ;
#1969 = DIRECTION ( 'NONE',  ( -3.467321051588204898E-15, 0.000000000000000000, 1.000000000000000000 ) ) ;
#1970 = ADVANCED_BREP_SHAPE_REPRESENTATION ( '바디_비하인드가드', ( #2194, #2798 ), #1348 ) ;
#1971 = AXIS2_PLACEMENT_3D ( 'NONE', #1293, #2667, #1048 ) ;
#1972 = EDGE_CURVE ( 'NONE', #1660, #2713, #461, .T. ) ;
#1973 = CALENDAR_DATE ( 2024, 26, 9 ) ;
#1974 = CARTESIAN_POINT ( 'NONE',  ( 3.220516365932214242, 0.4885174584802186026, -4.433822346754265453 ) ) ;
#1975 = AXIS2_PLACEMENT_3D ( 'NONE', #2584, #54, #463 ) ;
#1976 = CIRCLE ( 'NONE', #368, 9.899999999999986144 ) ;
#1977 = CARTESIAN_POINT ( 'NONE',  ( 3.349971975010316516, 0.8956598233459909242, -4.154635505109684601 ) ) ;
#1978 = CARTESIAN_POINT ( 'NONE',  ( 3.866922740925966107, 0.4000000000000000777, -1.532235558243915552 ) ) ;
#1979 = ORIENTED_EDGE ( 'NONE', *, *, #2898, .F. ) ;
#1980 = CARTESIAN_POINT ( 'NONE',  ( 3.350000000000000089, 0.2795687375457925894, -0.4824965635382071905 ) ) ;
#1981 = CARTESIAN_POINT ( 'NONE',  ( 3.550000000000001155, 0.7000014469349393753, -0.9893186387288690486 ) ) ;
#1982 = EDGE_CURVE ( 'NONE', #2120, #1922, #653, .T. ) ;
#1983 = CARTESIAN_POINT ( 'NONE',  ( 0.3500000000000006439, 0.2000000000000000111, -1.249999999999999334 ) ) ;
#1984 = DIRECTION ( 'NONE',  ( 0.000000000000000000, 0.000000000000000000, -1.000000000000000000 ) ) ;
#1985 =( BOUNDED_CURVE ( )  B_SPLINE_CURVE ( 3, ( #831, #2615, #1514, #2658 ),
 .UNSPECIFIED., .F., .T. ) 
 B_SPLINE_CURVE_WITH_KNOTS ( ( 4, 4 ),
 ( 0.000000000000000000, 1.570796326794897668 ),
 .UNSPECIFIED. ) 
 CURVE ( )  GEOMETRIC_REPRESENTATION_ITEM ( )  RATIONAL_B_SPLINE_CURVE ( ( 1.000000000000000000, 0.8047378541243646044, 0.8047378541243646044, 1.000000000000000000 ) ) 
 REPRESENTATION_ITEM ( '' )  );
#1986 = B_SPLINE_CURVE_WITH_KNOTS ( 'NONE', 3,
 ( #1741, #323, #1229, #2162, #108, #1259, #2430, #773, #1031, #574, #1954, #1496, #788, #1246 ),
 .UNSPECIFIED., .F., .F.,
 ( 4, 2, 2, 2, 2, 2, 4 ),
 ( 0.000000000000000000, 0.0003905951405521016786, 0.0007811902811042033571, 0.001171785421656304981, 0.001562380562208406714, 0.002343570843312609963, 0.003124761124416813429 ),
 .UNSPECIFIED. ) ;
#1987 = APPROVAL_STATUS ( 'not_yet_approved' ) ;
#1988 = CARTESIAN_POINT ( 'NONE',  ( 1.450000000000000178, 0.4000000000000000222, -1.600000000000000311 ) ) ;
#1989 = CARTESIAN_POINT ( 'NONE',  ( 3.149999999999999911, 0.4000000000000000222, -4.700000000000000178 ) ) ;
#1990 = ORIENTED_EDGE ( 'NONE', *, *, #589, .T. ) ;
#1991 = CARTESIAN_POINT ( 'NONE',  ( 2.599999999999998757, 0.4000000000000000222, -11.24999999999998757 ) ) ;
#1992 = CARTESIAN_POINT ( 'NONE',  ( 3.413333333333330888, 0.6000000000000000888, -0.9778850284560424155 ) ) ;
#1993 = EDGE_CURVE ( 'NONE', #620, #1868, #2093, .T. ) ;
#1994 = ORIENTED_EDGE ( 'NONE', *, *, #666, .F. ) ;
#1995 = CARTESIAN_POINT ( 'NONE',  ( 1.322119857409801646, 0.4000000000000000777, -1.467465703858873427 ) ) ;
#1996 = CARTESIAN_POINT ( 'NONE',  ( 4.850000000000000533, 0.4000000000000000222, -1.249999999999999778 ) ) ;
#1997 = CARTESIAN_POINT ( 'NONE',  ( 1.391421356237309448, 0.000000000000000000, -1.699999999999999734 ) ) ;
#1998 = DIRECTION ( 'NONE',  ( 0.000000000000000000, 0.000000000000000000, -1.000000000000000000 ) ) ;
#1999 = CARTESIAN_POINT ( 'NONE',  ( 0.3500000000000006439, 0.4000000000000000222, -1.399999999999999245 ) ) ;
#2000 = CARTESIAN_POINT ( 'NONE',  ( 0.3500000000000003109, 0.4000000000000000222, -0.3499999999999994227 ) ) ;
#2001 = EDGE_CURVE ( 'NONE', #2791, #2390, #2254, .T. ) ;
#2002 = EDGE_LOOP ( 'NONE', ( #2409, #669, #2147 ) ) ;
#2003 = CYLINDRICAL_SURFACE ( 'NONE', #1001, 9.899999999999986144 ) ;
#2004 = DIRECTION ( 'NONE',  ( 0.000000000000000000, 0.000000000000000000, 1.000000000000000000 ) ) ;
#2005 = ORIENTED_EDGE ( 'NONE', *, *, #2495, .F. ) ;
#2006 = EDGE_CURVE ( 'NONE', #652, #2791, #2484, .T. ) ;
#2007 = EDGE_CURVE ( 'NONE', #2522, #935, #514, .T. ) ;
#2008 = DIRECTION ( 'NONE',  ( -0.000000000000000000, 0.7071067811865463515, -0.7071067811865486830 ) ) ;
#2009 = DIRECTION ( 'NONE',  ( 1.458870688157565315E-15, 0.000000000000000000, 1.000000000000000000 ) ) ;
#2010 = CARTESIAN_POINT ( 'NONE',  ( 3.747847653639556409, 0.5765560565272442872, -1.416755806341902568 ) ) ;
#2011 = CARTESIAN_POINT ( 'NONE',  ( 3.843407606565491186, 0.4000001096942542023, -1.529669500291196638 ) ) ;
#2012 = VERTEX_POINT ( 'NONE', #1132 ) ;
#2013 = CARTESIAN_POINT ( 'NONE',  ( 3.550268014404137862, 0.8790328437466422562, -4.210195925880127810 ) ) ;
#2014 = DIRECTION ( 'NONE',  ( 1.000000000000000000, 0.000000000000000000, 0.000000000000000000 ) ) ;
#2015 = CIRCLE ( 'NONE', #1232, 0.3500000000000006439 ) ;
#2016 = EDGE_CURVE ( 'NONE', #2713, #620, #1406, .T. ) ;
#2017 = VECTOR ( 'NONE', #1599, 100.0000000000000000 ) ;
#2018 = ORIENTED_EDGE ( 'NONE', *, *, #1338, .F. ) ;
#2019 = CARTESIAN_POINT ( 'NONE',  ( 3.261441635737100775, 0.5437079158015751812, -1.466915192887468855 ) ) ;
#2020 = FACE_OUTER_BOUND ( 'NONE', #180, .T. ) ;
#2021 = VERTEX_POINT ( 'NONE', #640 ) ;
#2022 = VECTOR ( 'NONE', #781, 100.0000000000000000 ) ;
#2023 = DIRECTION ( 'NONE',  ( -0.000000000000000000, -1.000000000000000000, -0.000000000000000000 ) ) ;
#2024 = CARTESIAN_POINT ( 'NONE',  ( 4.850000000000000533, 0.000000000000000000, -4.299999999999997158 ) ) ;
#2025 = B_SPLINE_CURVE_WITH_KNOTS ( 'NONE', 3,
 ( #2715, #2965, #2283, #643, #2057, #1619, #159 ),
 .UNSPECIFIED., .F., .F.,
 ( 4, 3, 4 ),
 ( 0.005188245142567028678, 0.006628014003589277961, 0.007425540402120319253 ),
 .UNSPECIFIED. ) ;
#2026 = VECTOR ( 'NONE', #975, 100.0000000000000000 ) ;
#2027 = FACE_OUTER_BOUND ( 'NONE', #1362, .T. ) ;
#2028 = CARTESIAN_POINT ( 'NONE',  ( 0.3500000000000003109, 0.4000000000000000222, -0.4999999999999993894 ) ) ;
#2029 = ORIENTED_EDGE ( 'NONE', *, *, #876, .T. ) ;
#2030 = DIRECTION ( 'NONE',  ( -0.000000000000000000, -1.000000000000000000, -0.000000000000000000 ) ) ;
#2031 = DIRECTION ( 'NONE',  ( 0.000000000000000000, 0.000000000000000000, -1.000000000000000000 ) ) ;
#2032 = APPROVAL_PERSON_ORGANIZATION ( #2869, #938, #2434 ) ;
#2033 = EDGE_CURVE ( 'NONE', #438, #472, #878, .T. ) ;
#2034 = CARTESIAN_POINT ( 'NONE',  ( 0.3500000000000006439, 0.2000000000000000111, -1.249999999999999334 ) ) ;
#2035 = DIRECTION ( 'NONE',  ( -1.000000000000000000, -0.000000000000000000, -0.000000000000000000 ) ) ;
#2036 = DIRECTION ( 'NONE',  ( 0.000000000000000000, 1.000000000000000000, 0.000000000000000000 ) ) ;
#2037 = ORIENTED_EDGE ( 'NONE', *, *, #833, .T. ) ;
#2038 = DIRECTION ( 'NONE',  ( 0.000000000000000000, 1.000000000000000000, 0.000000000000000000 ) ) ;
#2039 = CYLINDRICAL_SURFACE ( 'NONE', #610, 10.09999999999998721 ) ;
#2040 = CARTESIAN_POINT ( 'NONE',  ( 3.330413851277234549, 0.7206116322714998246, -1.376555587278692316 ) ) ;
#2041 = CARTESIAN_POINT ( 'NONE',  ( 3.685935094783856503, 0.4797022036639206899, -1.518882263842799452 ) ) ;
#2042 = ORIENTED_EDGE ( 'NONE', *, *, #2982, .F. ) ;
#2043 = EDGE_CURVE ( 'NONE', #2012, #114, #1846, .T. ) ;
#2044 = CARTESIAN_POINT ( 'NONE',  ( 4.850000000000000533, 0.4000000000000000222, -0.3500000000000001998 ) ) ;
#2045 = CARTESIAN_POINT ( 'NONE',  ( 3.550000000000000266, 0.9000000000000001332, -1.506412365047549162 ) ) ;
#2046 = CARTESIAN_POINT ( 'NONE',  ( 3.350000000000000089, 0.4000000000000001332, -3.466081396304860007 ) ) ;
#2047 = ORIENTED_EDGE ( 'NONE', *, *, #943, .F. ) ;
#2048 = FACE_OUTER_BOUND ( 'NONE', #1827, .T. ) ;
#2049 = CARTESIAN_POINT ( 'NONE',  ( 2.600000000000003642, 0.2000000000000000111, 9.650000000000021672 ) ) ;
#2050 = ORIENTED_EDGE ( 'NONE', *, *, #670, .T. ) ;
#2051 = CARTESIAN_POINT ( 'NONE',  ( 3.350000000000000977, 0.8901473040478913301, -1.127009736169682697 ) ) ;
#2052 = DIRECTION ( 'NONE',  ( -0.000000000000000000, -1.000000000000000000, -0.000000000000000000 ) ) ;
#2053 = CARTESIAN_POINT ( 'NONE',  ( 0.3500000000000006439, 0.000000000000000000, -1.249999999999999334 ) ) ;
#2054 = CARTESIAN_POINT ( 'NONE',  ( 3.850000000000002753, 0.3999999999999999112, -1.538968805472684220 ) ) ;
#2055 = ORIENTED_EDGE ( 'NONE', *, *, #2329, .T. ) ;
#2056 = CARTESIAN_POINT ( 'NONE',  ( 3.554900008219025853, 0.8099987456782240525, -4.314245140307741977 ) ) ;
#2057 = CARTESIAN_POINT ( 'NONE',  ( 3.350000000000000089, 0.2475294112788407330, -1.101440223405427909 ) ) ;
#2058 = EDGE_CURVE ( 'NONE', #534, #13, #750, .T. ) ;
#2059 = PLANE ( 'NONE',  #1534 ) ;
#2060 = VERTEX_POINT ( 'NONE', #411 ) ;
#2061 = CARTESIAN_POINT ( 'NONE',  ( 4.850000000000000533, 0.4000000000000000222, -1.249999999999999778 ) ) ;
#2062 = ORIENTED_EDGE ( 'NONE', *, *, #1925, .T. ) ;
#2063 = CIRCLE ( 'NONE', #2348, 0.1500000000000003830 ) ;
#2064 = ORIENTED_EDGE ( 'NONE', *, *, #491, .F. ) ;
#2065 = CIRCLE ( 'NONE', #1879, 0.3500000000000014211 ) ;
#2066 = DIRECTION ( 'NONE',  ( 0.000000000000000000, 0.000000000000000000, 1.000000000000000000 ) ) ;
#2067 = ORIENTED_EDGE ( 'NONE', *, *, #2889, .T. ) ;
#2068 = CIRCLE ( 'NONE', #82, 0.3500000000000006439 ) ;
#2069 = CYLINDRICAL_SURFACE ( 'NONE', #1824, 0.1500000000000003830 ) ;
#2070 = CARTESIAN_POINT ( 'NONE',  ( 2.980396225044307901, 0.7330431464543487596, -1.357307975500872121 ) ) ;
#2071 = ORIENTED_EDGE ( 'NONE', *, *, #2691, .F. ) ;
#2072 = AXIS2_PLACEMENT_3D ( 'NONE', #1933, #2334, #287 ) ;
#2073 = ADVANCED_FACE ( 'NONE', ( #1603 ), #2524, .T. ) ;
#2074 = CARTESIAN_POINT ( 'NONE',  ( 3.554794567797824545, 0.8109670682827591071, -4.313291246174478566 ) ) ;
#2075 = CYLINDRICAL_SURFACE ( 'NONE', #1779, 0.2000000000000000111 ) ;
#2076 = CARTESIAN_POINT ( 'NONE',  ( 3.050000000000000266, 0.4000000000000000777, -4.761988371956308086 ) ) ;
#2077 = VERTEX_POINT ( 'NONE', #910 ) ;
#2078 = CARTESIAN_POINT ( 'NONE',  ( 3.173641787893997090, 0.4440061410433605582, -1.463450340185539433 ) ) ;
#2079 = ORIENTED_EDGE ( 'NONE', *, *, #1532, .F. ) ;
#2080 = ORIENTED_EDGE ( 'NONE', *, *, #88, .F. ) ;
#2081 = EDGE_CURVE ( 'NONE', #2987, #238, #1859, .T. ) ;
#2082 = CARTESIAN_POINT ( 'NONE',  ( 3.657800924261676467, 0.5132749646489137563, -1.406233128043444580 ) ) ;
#2083 = VERTEX_POINT ( 'NONE', #686 ) ;
#2084 = DIRECTION ( 'NONE',  ( -0.000000000000000000, -1.000000000000000000, -0.000000000000000000 ) ) ;
#2085 = CARTESIAN_POINT ( 'NONE',  ( 3.949999999999999289, 0.000000000000000000, -1.543430060005750226 ) ) ;
#2086 = CARTESIAN_POINT ( 'NONE',  ( 0.3500000000000006439, 0.2000000000000000111, -1.249999999999999334 ) ) ;
#2087 = CARTESIAN_POINT ( 'NONE',  ( 3.581411555527873158, 0.6736310667878693259, -4.393595671778631306 ) ) ;
#2088 = CARTESIAN_POINT ( 'NONE',  ( 0.2999999999999989897, 0.2000000000000000111, -1.249999999999999334 ) ) ;
#2089 = CARTESIAN_POINT ( 'NONE',  ( 4.850000000000000533, 0.4000000000000000222, -0.3500000000000001998 ) ) ;
#2090 = ORIENTED_EDGE ( 'NONE', *, *, #2824, .F. ) ;
#2091 = CARTESIAN_POINT ( 'NONE',  ( 4.850000000000000533, 0.4000000000000000222, -0.7000000000000021760 ) ) ;
#2092 = EDGE_CURVE ( 'NONE', #2958, #2833, #1084, .T. ) ;
#2093 = B_SPLINE_CURVE_WITH_KNOTS ( 'NONE', 3,
 ( #894, #382, #1785, #198 ),
 .UNSPECIFIED., .F., .F.,
 ( 4, 4 ),
 ( 0.03601614494571551972, 0.9869364943536630408 ),
 .UNSPECIFIED. ) ;
#2094 = ORIENTED_EDGE ( 'NONE', *, *, #2699, .F. ) ;
#2095 = VERTEX_POINT ( 'NONE', #698 ) ;
#2096 = CARTESIAN_POINT ( 'NONE',  ( 4.401746409968827045, 0.2000000000000000111, -1.210392942242986658 ) ) ;
#2097 = ORIENTED_EDGE ( 'NONE', *, *, #1820, .F. ) ;
#2098 = EDGE_CURVE ( 'NONE', #2532, #2901, #321, .T. ) ;
#2099 = CARTESIAN_POINT ( 'NONE',  ( 3.550000000000000266, 0.9000000000000001332, -4.760215688810494505 ) ) ;
#2100 = DIRECTION ( 'NONE',  ( 0.000000000000000000, 0.000000000000000000, 1.000000000000000000 ) ) ;
#2101 = ORIENTED_EDGE ( 'NONE', *, *, #306, .F. ) ;
#2102 = DIRECTION ( 'NONE',  ( 0.000000000000000000, 0.000000000000000000, -1.000000000000000000 ) ) ;
#2103 = CARTESIAN_POINT ( 'NONE',  ( 3.875721978339186968, 0.7985738976536609357, -1.230881879351536812 ) ) ;
#2104 = EDGE_CURVE ( 'NONE', #2095, #2, #892, .T. ) ;
#2105 = DIRECTION ( 'NONE',  ( 2.593547890057911555E-15, 0.000000000000000000, -1.000000000000000000 ) ) ;
#2106 = CARTESIAN_POINT ( 'NONE',  ( 4.850000000000000533, 0.2000000000000000111, -0.3500000000000001998 ) ) ;
#2107 = DIRECTION ( 'NONE',  ( -3.467321051588204503E-15, 0.000000000000000000, 1.000000000000000000 ) ) ;
#2108 = EDGE_LOOP ( 'NONE', ( #209, #253, #2220, #2754 ) ) ;
#2109 = EDGE_CURVE ( 'NONE', #31, #1587, #2063, .T. ) ;
#2110 = EDGE_LOOP ( 'NONE', ( #2470, #1680, #289, #2460, #1368, #2128, #2394 ) ) ;
#2111 = CARTESIAN_POINT ( 'NONE',  ( 3.963775510204080810, 0.5000000000000001110, -1.444383427964992084 ) ) ;
#2112 = B_SPLINE_CURVE_WITH_KNOTS ( 'NONE', 3,
 ( #21, #1618, #745, #2762, #2774, #688, #701, #2340, #925, #1898, #2570, #1682, #1637, #717, #2135, #941, #2598, #40 ),
 .UNSPECIFIED., .F., .F.,
 ( 4, 2, 2, 2, 2, 2, 2, 2, 4 ),
 ( 0.000000000000000000, 0.001197651785571514837, 0.001796477678357276484, 0.002395303571143038348, 0.002994129463928800212, 0.003592955356714561642, 0.003892368303107442574, 0.004191781249500323506, 0.004790607142286086237 ),
 .UNSPECIFIED. ) ;
#2113 = CARTESIAN_POINT ( 'NONE',  ( 3.611633951111640872, 0.5941667925666808125, -1.401292360443656904 ) ) ;
#2114 = TOROIDAL_SURFACE ( 'NONE', #1184, 9.799999999999986500, 0.1000000000000000056 ) ;
#2115 = VERTEX_POINT ( 'NONE', #2537 ) ;
#2116 = AXIS2_PLACEMENT_3D ( 'NONE', #2374, #929, #736 ) ;
#2117 = VECTOR ( 'NONE', #1350, 100.0000000000000000 ) ;
#2118 = CARTESIAN_POINT ( 'NONE',  ( 1.237919087791120809, 0.3380360514065266497, -1.444147304914702001 ) ) ;
#2119 = CARTESIAN_POINT ( 'NONE',  ( 3.049999999999999822, 0.4000000000000000777, -2.792348162533067057 ) ) ;
#2120 = VERTEX_POINT ( 'NONE', #1404 ) ;
#2121 = AXIS2_PLACEMENT_3D ( 'NONE', #2567, #277, #1615 ) ;
#2122 = DIRECTION ( 'NONE',  ( -0.000000000000000000, -1.000000000000000000, 0.000000000000000000 ) ) ;
#2123 = CIRCLE ( 'NONE', #1336, 0.1500000000000004663 ) ;
#2124 = FACE_OUTER_BOUND ( 'NONE', #919, .T. ) ;
#2125 = CARTESIAN_POINT ( 'NONE',  ( 1.450000000000000178, 0.000000000000000000, -1.700000000000000400 ) ) ;
#2126 = CARTESIAN_POINT ( 'NONE',  ( 3.550000000000001599, 0.4000000000000000222, -0.4052225236441192591 ) ) ;
#2127 = LINE ( 'NONE', #1888, #2785 ) ;
#2128 = ORIENTED_EDGE ( 'NONE', *, *, #1382, .F. ) ;
#2129 = LINE ( 'NONE', #739, #1390 ) ;
#2130 = CARTESIAN_POINT ( 'NONE',  ( 3.550000000144673429, 0.8439114652562789143, -1.395057077803735224 ) ) ;
#2131 = ORIENTED_EDGE ( 'NONE', *, *, #2161, .F. ) ;
#2132 = FACE_OUTER_BOUND ( 'NONE', #2108, .T. ) ;
#2133 = CARTESIAN_POINT ( 'NONE',  ( 3.679483631967110036, 0.4885174609050302319, -4.433822345135291165 ) ) ;
#2134 = VERTEX_POINT ( 'NONE', #1616 ) ;
#2135 = CARTESIAN_POINT ( 'NONE',  ( 3.119745780034966387, 0.5246867628891876967, -1.363649035730964965 ) ) ;
#2136 = CARTESIAN_POINT ( 'NONE',  ( 3.910228885723767700, 0.7505520635137247210, -1.235339677703723327 ) ) ;
#2137 = CARTESIAN_POINT ( 'NONE',  ( 2.599999999999998757, 0.6000000000000000888, -4.099999999999999645 ) ) ;
#2138 = CARTESIAN_POINT ( 'NONE',  ( 3.118105683375529402, 0.4130546685021908582, -4.528926053341684188 ) ) ;
#2139 = CARTESIAN_POINT ( 'NONE',  ( 4.850000000000000533, 0.4000000000000000222, -1.600000000000000311 ) ) ;
#2140 = ORIENTED_EDGE ( 'NONE', *, *, #2318, .F. ) ;
#2141 = CYLINDRICAL_SURFACE ( 'NONE', #523, 0.3500000000000006439 ) ;
#2142 = CARTESIAN_POINT ( 'NONE',  ( 3.967352034659887838, 0.4000000000000001332, -1.444881519669870329 ) ) ;
#2143 = VERTEX_POINT ( 'NONE', #1152 ) ;
#2144 = EDGE_CURVE ( 'NONE', #318, #652, #2811, .T. ) ;
#2145 = CARTESIAN_POINT ( 'NONE',  ( 3.350000000000000089, 0.7892517405097708716, -1.022700155740194239 ) ) ;
#2146 = CARTESIAN_POINT ( 'NONE',  ( 3.661650901833827909, 0.5108192716470847383, -4.420976802973203945 ) ) ;
#2147 = ORIENTED_EDGE ( 'NONE', *, *, #2912, .T. ) ;
#2148 = CARTESIAN_POINT ( 'NONE',  ( 3.570507144686862144, 0.7182948090347111014, -4.375708670000996392 ) ) ;
#2149 = CARTESIAN_POINT ( 'NONE',  ( 2.750000000000000444, 0.4000000000000000222, -1.600000000000000311 ) ) ;
#2150 = CARTESIAN_POINT ( 'NONE',  ( 4.967804161857758416, 0.3356083237155185195, -0.8857682364350869531 ) ) ;
#2151 = CARTESIAN_POINT ( 'NONE',  ( 3.143996550743191065, 0.4248068153848668094, -4.502744796400525829 ) ) ;
#2152 = CARTESIAN_POINT ( 'NONE',  ( 3.653577156675372972, 0.9000000000000001332, -1.406412365047462698 ) ) ;
#2153 = ORIENTED_EDGE ( 'NONE', *, *, #341, .T. ) ;
#2154 = CARTESIAN_POINT ( 'NONE',  ( 3.859088426582425235, 0.4040319456809385867, -1.499283868202420322 ) ) ;
#2155 = CARTESIAN_POINT ( 'NONE',  ( 3.917368308911571173, 0.4000000000001079359, -1.438008502364053198 ) ) ;
#2156 = EDGE_CURVE ( 'NONE', #1070, #2976, #2832, .T. ) ;
#2157 = ORIENTED_EDGE ( 'NONE', *, *, #142, .F. ) ;
#2158 = LINE ( 'NONE', #2415, #517 ) ;
#2159 = AXIS2_PLACEMENT_3D ( 'NONE', #790, #1061, #1998 ) ;
#2160 = DIRECTION ( 'NONE',  ( 0.000000000000000000, -0.8944271909999165215, -0.4472135954999567065 ) ) ;
#2161 = EDGE_CURVE ( 'NONE', #429, #985, #52, .T. ) ;
#2162 = CARTESIAN_POINT ( 'NONE',  ( 2.943629112900682632, 0.5482563677119099976, -1.155846965670637383 ) ) ;
#2163 = AXIS2_PLACEMENT_3D ( 'NONE', #497, #722, #1188 ) ;
#2164 = VECTOR ( 'NONE', #2009, 100.0000000000000000 ) ;
#2165 = CARTESIAN_POINT ( 'NONE',  ( 2.599999999999998757, 0.9000000000000001332, -11.24999999999998757 ) ) ;
#2166 = LINE ( 'NONE', #816, #2300 ) ;
#2167 = EDGE_CURVE ( 'NONE', #2012, #1778, #2488, .T. ) ;
#2168 = AXIS2_PLACEMENT_3D ( 'NONE', #765, #2575, #2603 ) ;
#2169 =( NAMED_UNIT ( * ) SI_UNIT ( $, .STERADIAN. ) SOLID_ANGLE_UNIT ( ) );
#2170 = AXIS2_PLACEMENT_3D ( 'NONE', #555, #2417, #1510 ) ;
#2171 = CARTESIAN_POINT ( 'NONE',  ( 3.180173108065236676, 0.4495135212695608451, -4.468253039572074314 ) ) ;
#2172 = CARTESIAN_POINT ( 'NONE',  ( 3.153453050918380463, 0.8847184107592162006, -1.165158894244305410 ) ) ;
#2173 = EDGE_LOOP ( 'NONE', ( #1147, #2757, #872, #1077 ) ) ;
#2174 = CIRCLE ( 'NONE', #1330, 10.20000000000002238 ) ;
#2175 = CARTESIAN_POINT ( 'NONE',  ( 3.340878565869537908, 0.7774945415568320639, -4.342078685888010270 ) ) ;
#2176 = CARTESIAN_POINT ( 'NONE',  ( 3.861086098330467120, 0.5000133150545048588, -1.430648571615713127 ) ) ;
#2177 = ORIENTED_EDGE ( 'NONE', *, *, #2007, .F. ) ;
#2178 = DIRECTION ( 'NONE',  ( 0.000000000000000000, 1.000000000000000000, 0.000000000000000000 ) ) ;
#2179 = CARTESIAN_POINT ( 'NONE',  ( 3.550000000000002487, 0.7943768191063151907, -1.025540832700353233 ) ) ;
#2180 = CARTESIAN_POINT ( 'NONE',  ( 3.999700467807477899, 0.4674100117873336568, -1.449442575300642355 ) ) ;
#2181 =( BOUNDED_CURVE ( )  B_SPLINE_CURVE ( 3, ( #2468, #161, #181, #2246 ),
 .UNSPECIFIED., .F., .T. ) 
 B_SPLINE_CURVE_WITH_KNOTS ( ( 4, 4 ),
 ( 1.570796326794896558, 3.141592653589793116 ),
 .UNSPECIFIED. ) 
 CURVE ( )  GEOMETRIC_REPRESENTATION_ITEM ( )  RATIONAL_B_SPLINE_CURVE ( ( 1.000000000000000000, 0.8047378541243649375, 0.8047378541243649375, 1.000000000000000000 ) ) 
 REPRESENTATION_ITEM ( '' )  );
#2182 = CARTESIAN_POINT ( 'NONE',  ( 3.199463377356627447, 0.6283572360713317595, -1.368161179083294821 ) ) ;
#2183 = DIRECTION ( 'NONE',  ( 1.000000000000000000, 0.000000000000000000, 3.469446951953611033E-15 ) ) ;
#2184 = B_SPLINE_CURVE_WITH_KNOTS ( 'NONE', 3,
 ( #336, #1494, #79, #1257, #1980, #1452, #2195 ),
 .UNSPECIFIED., .F., .F.,
 ( 4, 3, 4 ),
 ( 0.005029392094508262911, 0.005245879158562303211, 0.007266687354612944016 ),
 .UNSPECIFIED. ) ;
#2185 = EDGE_CURVE ( 'NONE', #31, #2480, #2820, .T. ) ;
#2186 = APPLICATION_PROTOCOL_DEFINITION ( 'international standard', 'config_control_design', 1994, #1254 ) ;
#2187 = DIRECTION ( 'NONE',  ( 0.000000000000000000, 0.000000000000000000, -1.000000000000000000 ) ) ;
#2188 = CARTESIAN_POINT ( 'NONE',  ( 1.350900980128605156, 0.3388069805716932281, -1.528168845148835775 ) ) ;
#2189 = ORIENTED_EDGE ( 'NONE', *, *, #341, .F. ) ;
#2190 = EDGE_CURVE ( 'NONE', #951, #2115, #168, .T. ) ;
#2191 = CARTESIAN_POINT ( 'NONE',  ( 3.335247222024829927, 0.7442924617953683430, -4.363757733648601089 ) ) ;
#2192 = CARTESIAN_POINT ( 'NONE',  ( 3.851056949463047552, 0.4000000000000000777, -1.530182272210262484 ) ) ;
#2193 = ORIENTED_EDGE ( 'NONE', *, *, #50, .T. ) ;
#2194 = MANIFOLD_SOLID_BREP ( '필렛17', #178 ) ;
#2195 = CARTESIAN_POINT ( 'NONE',  ( 3.350000000000000089, 0.4000000000000000222, -0.4221149715439617700 ) ) ;
#2196 = CARTESIAN_POINT ( 'NONE',  ( 3.797370383936343963, 0.4077031076615722505, -4.544813234469731178 ) ) ;
#2197 = CARTESIAN_POINT ( 'NONE',  ( 3.976619477275914694, 0.4994469511543000451, -1.446175583635910034 ) ) ;
#2198 = CARTESIAN_POINT ( 'NONE',  ( 3.103239441383605524, 0.5137192190253528912, -1.362795054395720795 ) ) ;
#2199 = CARTESIAN_POINT ( 'NONE',  ( 3.660714310943825378, 0.8998086115190810919, -1.406988004144314797 ) ) ;
#2200 = SECURITY_CLASSIFICATION_LEVEL ( 'unclassified' ) ;
#2201 = CARTESIAN_POINT ( 'NONE',  ( 3.172491637064515757, 0.4435593693152827255, -4.475361055418827227 ) ) ;
#2202 = CARTESIAN_POINT ( 'NONE',  ( 1.352683345845455909, 0.4011148627102778530, -1.520362004200269679 ) ) ;
#2203 = EDGE_LOOP ( 'NONE', ( #1791, #2153, #2676, #2062, #2285, #1596, #1353 ) ) ;
#2204 = EDGE_CURVE ( 'NONE', #93, #1451, #940, .T. ) ;
#2205 = CARTESIAN_POINT ( 'NONE',  ( 3.349208893829074718, 0.8639886118972494033, -4.242617232406408867 ) ) ;
#2206 = CARTESIAN_POINT ( 'NONE',  ( 3.817648639708921543, 0.4003535891656173074, -1.425108260679508687 ) ) ;
#2207 = EDGE_CURVE ( 'NONE', #2143, #93, #1726, .T. ) ;
#2208 = VERTEX_POINT ( 'NONE', #507 ) ;
#2209 = CARTESIAN_POINT ( 'NONE',  ( 3.350000000000000977, 0.7779222812049575442, -1.016801913919701095 ) ) ;
#2210 = LINE ( 'NONE', #1004, #2730 ) ;
#2211 = DIRECTION ( 'NONE',  ( -1.000000000000000000, 0.000000000000000000, -0.000000000000000000 ) ) ;
#2212 = CARTESIAN_POINT ( 'NONE',  ( 3.176257319793798661, 0.4457501827567964536, -1.463531500291032517 ) ) ;
#2213 = CARTESIAN_POINT ( 'NONE',  ( 3.890682746000174497, 0.7801231089720032097, -1.434489250374842317 ) ) ;
#2214 = AXIS2_PLACEMENT_3D ( 'NONE', #2582, #18, #937 ) ;
#2215 = CARTESIAN_POINT ( 'NONE',  ( 3.225173318759929408, 0.4939941221473972410, -4.430281851507703372 ) ) ;
#2216 = CONICAL_SURFACE ( 'NONE', #127, 0.4500000000000012879, 0.4636476090008046502 ) ;
#2217 = CIRCLE ( 'NONE', #2548, 0.3500000000000006439 ) ;
#2218 = DIRECTION ( 'NONE',  ( 0.000000000000000000, 0.000000000000000000, -1.000000000000000000 ) ) ;
#2219 = CIRCLE ( 'NONE', #1286, 0.1500000000000004663 ) ;
#2220 = ORIENTED_EDGE ( 'NONE', *, *, #974, .F. ) ;
#2221 = CARTESIAN_POINT ( 'NONE',  ( 4.850000000000000533, 0.4000000000000000222, -0.5000000000000006661 ) ) ;
#2222 = CIRCLE ( 'NONE', #1046, 0.3500000000000006439 ) ;
#2223 = DIRECTION ( 'NONE',  ( -0.000000000000000000, -1.000000000000000000, -0.000000000000000000 ) ) ;
#2224 = EDGE_LOOP ( 'NONE', ( #1703, #2768, #1374, #1855 ) ) ;
#2225 = B_SPLINE_CURVE_WITH_KNOTS ( 'NONE', 3,
 ( #197, #1333, #2938, #2724, #443, #654, #143, #187, #155, #893, #2010, #2744, #671, #1602, #2489, #2523, #2696, #2229, #862 ),
 .UNSPECIFIED., .F., .F.,
 ( 4, 1, 2, 2, 2, 2, 2, 2, 2, 4 ),
 ( -0.001149702137525740854, -0.0004100489184065412348, -0.0002251356136267513046, -4.022230884696159116E-05, 0.0003296043007125978863, 0.001069257519831697976, 0.001808910738950798716, 0.002548563958069899674, 0.003288217177188999113, 0.004767523615427195390 ),
 .UNSPECIFIED. ) ;
#2226 = CARTESIAN_POINT ( 'NONE',  ( 1.349875418844229902, 0.4000000000000000777, -1.508323936500802986 ) ) ;
#2227 = CARTESIAN_POINT ( 'NONE',  ( 3.550000000000001599, 0.8678628554381763172, -1.087818982808113732 ) ) ;
#2228 = EDGE_CURVE ( 'NONE', #457, #1055, #242, .T. ) ;
#2229 = CARTESIAN_POINT ( 'NONE',  ( 3.660727174129196904, 0.8510192656528821065, -1.406989390322124001 ) ) ;
#2230 = CARTESIAN_POINT ( 'NONE',  ( 3.679915204101749104, 0.8991224259600650859, -1.409057153522989658 ) ) ;
#2231 = PERSON_AND_ORGANIZATION_ROLE ( 'design_supplier' ) ;
#2232 = CARTESIAN_POINT ( 'NONE',  ( 3.660714310943825378, 0.8998086115190810919, -1.406988004144314797 ) ) ;
#2233 = CARTESIAN_POINT ( 'NONE',  ( 4.850000000000000533, 0.2000000000000000111, -0.3500000000000001998 ) ) ;
#2234 = CARTESIAN_POINT ( 'NONE',  ( 3.349535213991371219, 0.8722053737721962019, -4.226170413998526776 ) ) ;
#2235 = CARTESIAN_POINT ( 'NONE',  ( 3.550000000000000266, 0.9000000000000001332, -1.194777476355882051 ) ) ;
#2236 = ORIENTED_EDGE ( 'NONE', *, *, #2207, .T. ) ;
#2237 = CARTESIAN_POINT ( 'NONE',  ( 3.991459280849502633, 0.4773711310887605586, -1.246305878133825429 ) ) ;
#2238 = CARTESIAN_POINT ( 'NONE',  ( 3.054591836734694255, 0.5000000000000001110, -1.360442564908470597 ) ) ;
#2239 = DIRECTION ( 'NONE',  ( -0.000000000000000000, -1.000000000000000000, -0.000000000000000000 ) ) ;
#2240 = DIRECTION ( 'NONE',  ( -0.000000000000000000, -0.7071067811865463515, 0.7071067811865486830 ) ) ;
#2241 = EDGE_CURVE ( 'NONE', #2632, #1397, #795, .T. ) ;
#2242 = PERSON_AND_ORGANIZATION ( #557, #2695 ) ;
#2243 = DIRECTION ( 'NONE',  ( -0.000000000000000000, -1.000000000000000000, -0.000000000000000000 ) ) ;
#2244 = CARTESIAN_POINT ( 'NONE',  ( 1.350000000000000089, 0.2764249936051286771, -1.535859660464655274 ) ) ;
#2245 = ORIENTED_EDGE ( 'NONE', *, *, #2722, .T. ) ;
#2246 = CARTESIAN_POINT ( 'NONE',  ( 3.149999999999999911, 0.000000000000000000, -4.299999999999997158 ) ) ;
#2247 = CYLINDRICAL_SURFACE ( 'NONE', #1825, 10.09999999999998721 ) ;
#2248 = ORIENTED_EDGE ( 'NONE', *, *, #549, .F. ) ;
#2249 = EDGE_CURVE ( 'NONE', #2974, #732, #2210, .T. ) ;
#2250 = CARTESIAN_POINT ( 'NONE',  ( 3.999773393394575383, 0.4673262817004330549, -1.247464228103446260 ) ) ;
#2251 = CARTESIAN_POINT ( 'NONE',  ( 3.051202140046016087, 0.4000000000000000777, -1.434184760393116598 ) ) ;
#2252 = ORIENTED_EDGE ( 'NONE', *, *, #1521, .T. ) ;
#2253 = CARTESIAN_POINT ( 'NONE',  ( 3.318543149899535027, 0.6757586250572534814, -1.375697667366286403 ) ) ;
#2254 = LINE ( 'NONE', #2725, #2921 ) ;
#2255 = ORIENTED_EDGE ( 'NONE', *, *, #2539, .F. ) ;
#2256 = CARTESIAN_POINT ( 'NONE',  ( 3.550330673920244706, 0.8765307282949550416, -4.216321889721051264 ) ) ;
#2257 = FACE_OUTER_BOUND ( 'NONE', #2652, .T. ) ;
#2258 = CIRCLE ( 'NONE', #266, 0.1499999999999999667 ) ;
#2259 = AXIS2_PLACEMENT_3D ( 'NONE', #2656, #84, #1020 ) ;
#2260 = ORIENTED_EDGE ( 'NONE', *, *, #1620, .F. ) ;
#2261 = DIRECTION ( 'NONE',  ( 1.000000000000000000, 0.000000000000000000, 0.000000000000000000 ) ) ;
#2262 = CIRCLE ( 'NONE', #2121, 0.2000000000000000111 ) ;
#2263 = ORIENTED_EDGE ( 'NONE', *, *, #767, .T. ) ;
#2264 = LINE ( 'NONE', #1349, #1684 ) ;
#2265 = CARTESIAN_POINT ( 'NONE',  ( 0.000000000000000000, 0.4000000000000000222, -1.249999999999999334 ) ) ;
#2266 = ADVANCED_FACE ( 'NONE', ( #1509 ), #2114, .F. ) ;
#2267 = CARTESIAN_POINT ( 'NONE',  ( 3.350000000000000533, 0.9000000000000000222, -1.378006483953648331 ) ) ;
#2268 = DIRECTION ( 'NONE',  ( 0.000000000000000000, 0.2425356250363313870, -0.9701425001453323205 ) ) ;
#2269 = ORIENTED_EDGE ( 'NONE', *, *, #2204, .F. ) ;
#2270 = DIRECTION ( 'NONE',  ( -0.000000000000000000, -1.000000000000000000, -0.000000000000000000 ) ) ;
#2271 = LINE ( 'NONE', #1111, #1686 ) ;
#2272 = CARTESIAN_POINT ( 'NONE',  ( 3.350000000000000089, 0.9000000000000001332, -2.332162792612427094 ) ) ;
#2273 = ORIENTED_EDGE ( 'NONE', *, *, #2553, .T. ) ;
#2274 = CARTESIAN_POINT ( 'NONE',  ( 3.149999999999999911, 0.4707106781186553568, -4.629289321881344677 ) ) ;
#2275 = DIRECTION ( 'NONE',  ( -0.000000000000000000, -0.000000000000000000, 1.000000000000000000 ) ) ;
#2276 = ORIENTED_EDGE ( 'NONE', *, *, #2691, .T. ) ;
#2277 = CARTESIAN_POINT ( 'NONE',  ( 1.344904941493821227, 0.4000000000000000777, -1.496922024664890660 ) ) ;
#2278 = LINE ( 'NONE', #2960, #76 ) ;
#2279 = ORIENTED_EDGE ( 'NONE', *, *, #931, .F. ) ;
#2280 = DIRECTION ( 'NONE',  ( -0.000000000000000000, -1.000000000000000000, 0.000000000000000000 ) ) ;
#2281 = ORIENTED_EDGE ( 'NONE', *, *, #615, .F. ) ;
#2282 = CARTESIAN_POINT ( 'NONE',  ( 3.050000000000000266, -0.2566510771949782610, -2.073395691220068393 ) ) ;
#2283 = CARTESIAN_POINT ( 'NONE',  ( 3.350000000000000089, 0.3141961825861311342, -1.134864724153605176 ) ) ;
#2284 = DIRECTION ( 'NONE',  ( 0.000000000000000000, 1.000000000000000000, 0.000000000000000000 ) ) ;
#2285 = ORIENTED_EDGE ( 'NONE', *, *, #34, .T. ) ;
#2286 = DIRECTION ( 'NONE',  ( 0.000000000000000000, 1.000000000000000000, 0.000000000000000000 ) ) ;
#2287 = ORIENTED_EDGE ( 'NONE', *, *, #1117, .T. ) ;
#2288 = ORIENTED_EDGE ( 'NONE', *, *, #1250, .T. ) ;
#2289 = CARTESIAN_POINT ( 'NONE',  ( 3.210764858361387475, 0.8980628323236414801, -1.168465693327165322 ) ) ;
#2290 = ADVANCED_FACE ( 'NONE', ( #2852 ), #2836, .F. ) ;
#2291 = CARTESIAN_POINT ( 'NONE',  ( 0.3500000000000006439, 0.4000000000000000222, -1.099999999999999423 ) ) ;
#2292 = ORIENTED_EDGE ( 'NONE', *, *, #2709, .F. ) ;
#2293 = CARTESIAN_POINT ( 'NONE',  ( 3.845887918472591593, 0.4000000000000000222, -4.598737787919542797 ) ) ;
#2294 = CARTESIAN_POINT ( 'NONE',  ( 4.850000000000000533, 0.4000000000000000222, -1.600000000000000311 ) ) ;
#2295 = ORIENTED_EDGE ( 'NONE', *, *, #2001, .T. ) ;
#2296 = CARTESIAN_POINT ( 'NONE',  ( 4.850000000000000533, 0.2000000000000000111, -1.249999999999999778 ) ) ;
#2297 = DIRECTION ( 'NONE',  ( 0.000000000000000000, -0.000000000000000000, 1.000000000000000000 ) ) ;
#2298 = CARTESIAN_POINT ( 'NONE',  ( 3.350000000000000089, 0.4000000000000001332, -4.653996123985482569 ) ) ;
#2299 = CARTESIAN_POINT ( 'NONE',  ( 3.849999999999999201, 0.000000000000000000, -4.700000000000000178 ) ) ;
#2300 = VECTOR ( 'NONE', #1956, 100.0000000000000142 ) ;
#2301 = AXIS2_PLACEMENT_3D ( 'NONE', #2803, #920, #740 ) ;
#2302 = ORIENTED_EDGE ( 'NONE', *, *, #142, .T. ) ;
#2303 = AXIS2_PLACEMENT_3D ( 'NONE', #243, #1876, #2771 ) ;
#2304 = CARTESIAN_POINT ( 'NONE',  ( 3.054385484241508131, 0.4000000000000000222, -4.599999999999999645 ) ) ;
#2305 = EDGE_LOOP ( 'NONE', ( #2608, #1207, #2288, #485, #2512, #980, #800, #953, #2310, #1159, #363, #766, #2380, #1889, #245, #770, #235, #2773, #1838, #2801, #2071, #1238, #2577, #105, #1133, #2629, #2269, #1190, #2673, #2646, #2705, #388, #2746, #1609, #1285, #2500 ) ) ;
#2306 = VECTOR ( 'NONE', #632, 100.0000000000000000 ) ;
#2307 = CARTESIAN_POINT ( 'NONE',  ( 4.509790211690266837, 0.4000000000000000222, -1.332202797630313462 ) ) ;
#2308 = B_SPLINE_CURVE_WITH_KNOTS ( 'NONE', 3,
 ( #2775, #1456, #702, #2313, #2328, #2372 ),
 .UNSPECIFIED., .F., .F.,
 ( 4, 2, 4 ),
 ( 2.602085213965210256E-18, 0.001295736156836932353, 0.002591472313673862105 ),
 .UNSPECIFIED. ) ;
#2309 = CARTESIAN_POINT ( 'NONE',  ( 3.638621719709310476, 0.5428517652850307629, -4.406178589222338182 ) ) ;
#2310 = ORIENTED_EDGE ( 'NONE', *, *, #806, .T. ) ;
#2311 = EDGE_CURVE ( 'NONE', #2143, #838, #1722, .T. ) ;
#2312 = DIRECTION ( 'NONE',  ( 0.000000000000000000, 0.000000000000000000, 1.000000000000000000 ) ) ;
#2313 = CARTESIAN_POINT ( 'NONE',  ( 0.2656213654997855445, 0.2687572690004280673, -0.8424582169308870716 ) ) ;
#2314 = CARTESIAN_POINT ( 'NONE',  ( 3.845614515758491336, 0.4000000000000000222, -4.599999999999999645 ) ) ;
#2315 = ORIENTED_EDGE ( 'NONE', *, *, #445, .T. ) ;
#2316 = CARTESIAN_POINT ( 'NONE',  ( 0.3500000000000003109, 0.4000000000000000222, -0.4999999999999993894 ) ) ;
#2317 = ORIENTED_EDGE ( 'NONE', *, *, #1448, .F. ) ;
#2318 = EDGE_CURVE ( 'NONE', #35, #2134, #2418, .T. ) ;
#2319 = EDGE_CURVE ( 'NONE', #2060, #1564, #2278, .T. ) ;
#2320 = ORIENTED_EDGE ( 'NONE', *, *, #2104, .F. ) ;
#2321 = LOCAL_TIME ( 23, 17, 35.00000000000000000, #1484 ) ;
#2322 = CARTESIAN_POINT ( 'NONE',  ( 3.555414427725443360, 0.7886135201089913283, -1.395581233715698088 ) ) ;
#2323 = ORIENTED_EDGE ( 'NONE', *, *, #1250, .F. ) ;
#2324 = CARTESIAN_POINT ( 'NONE',  ( 3.550000000000000266, 0.9000000000000001332, -4.706810459206960395 ) ) ;
#2325 = CARTESIAN_POINT ( 'NONE',  ( 1.350000000000000089, -0.02425356250363324556, -1.602985749985466501 ) ) ;
#2326 = ORIENTED_EDGE ( 'NONE', *, *, #2016, .F. ) ;
#2327 = DIRECTION ( 'NONE',  ( -0.000000000000000000, -1.000000000000000000, -0.000000000000000000 ) ) ;
#2328 = CARTESIAN_POINT ( 'NONE',  ( 0.2826855287175183418, 0.2346289425649627503, -0.8221445718910875833 ) ) ;
#2329 = EDGE_CURVE ( 'NONE', #429, #2083, #783, .T. ) ;
#2330 = CARTESIAN_POINT ( 'NONE',  ( 4.917314471282479005, 0.2346289425649627225, -0.8221445718910869171 ) ) ;
#2331 = CARTESIAN_POINT ( 'NONE',  ( 3.610000000000000764, 0.5999999999999999778, -4.399999999999999467 ) ) ;
#2332 = VERTEX_POINT ( 'NONE', #2265 ) ;
#2333 = ORIENTED_EDGE ( 'NONE', *, *, #1002, .F. ) ;
#2334 = DIRECTION ( 'NONE',  ( -0.000000000000000000, -1.000000000000000000, -0.000000000000000000 ) ) ;
#2335 = CARTESIAN_POINT ( 'NONE',  ( 3.290000000000000036, 0.5999999999999999778, -4.399999999999999467 ) ) ;
#2336 = CARTESIAN_POINT ( 'NONE',  ( 3.845614515758491336, 0.4000000000000000222, -4.599999999999999645 ) ) ;
#2337 = CARTESIAN_POINT ( 'NONE',  ( 2.950000000000001066, 0.5824107949841155207, -1.356188803095140560 ) ) ;
#2338 = VERTEX_POINT ( 'NONE', #827 ) ;
#2339 = PRODUCT ( '바디_비하인드가드', '바디_비하인드가드', '', ( #1524 ) ) ;
#2340 = CARTESIAN_POINT ( 'NONE',  ( 3.207513501310484738, 0.6458407978708083919, -1.368654892765505782 ) ) ;
#2341 = DIRECTION ( 'NONE',  ( 1.458870688157565315E-15, -0.000000000000000000, 1.000000000000000000 ) ) ;
#2342 = CARTESIAN_POINT ( 'NONE',  ( 5.000000000000000888, 0.4000000000000000222, -0.9337722339831591167 ) ) ;
#2343 = CARTESIAN_POINT ( 'NONE',  ( 3.119392314334543670, 0.4135592627852684444, -4.527611941968483933 ) ) ;
#2344 = CARTESIAN_POINT ( 'NONE',  ( 3.099927326996276822, 0.8605032222873901793, -1.162367027210864379 ) ) ;
#2345 = VERTEX_POINT ( 'NONE', #1072 ) ;
#2346 = CARTESIAN_POINT ( 'NONE',  ( 0.3500000000000006439, 0.2000000000000000111, -1.249999999999999334 ) ) ;
#2347 = CARTESIAN_POINT ( 'NONE',  ( 2.913311030530557844, 0.4828630023153581141, -1.354954057972996173 ) ) ;
#2348 = AXIS2_PLACEMENT_3D ( 'NONE', #228, #923, #743 ) ;
#2349 = ORIENTED_EDGE ( 'NONE', *, *, #2109, .F. ) ;
#2350 = CIRCLE ( 'NONE', #1439, 0.3500000000000006439 ) ;
#2351 = AXIS2_PLACEMENT_3D ( 'NONE', #1996, #1430, #256 ) ;
#2352 = FACE_OUTER_BOUND ( 'NONE', #1583, .T. ) ;
#2353 = CARTESIAN_POINT ( 'NONE',  ( 3.050000000000000266, 0.4000000000000000222, -1.909232921921325765 ) ) ;
#2354 = ORIENTED_EDGE ( 'NONE', *, *, #2491, .F. ) ;
#2355 = VECTOR ( 'NONE', #2107, 100.0000000000000000 ) ;
#2356 = CARTESIAN_POINT ( 'NONE',  ( 3.571248405679036786, 0.7151751218494248885, -4.377012551072311908 ) ) ;
#2357 = CONICAL_SURFACE ( 'NONE', #2072, 10.20000000000002238, 0.4636476090008060935 ) ;
#2358 = CARTESIAN_POINT ( 'NONE',  ( 3.832953334822812419, 0.8385713789391183726, -1.225525022452010004 ) ) ;
#2359 = LINE ( 'NONE', #297, #716 ) ;
#2360 = CARTESIAN_POINT ( 'NONE',  ( 3.068374145969949396, 0.4003316148346950931, -4.580622275062722792 ) ) ;
#2361 = DIRECTION ( 'NONE',  ( -0.000000000000000000, -1.000000000000000000, -0.000000000000000000 ) ) ;
#2362 = EDGE_LOOP ( 'NONE', ( #189, #635, #2920, #2935, #2377 ) ) ;
#2363 = EDGE_CURVE ( 'NONE', #2522, #2077, #1766, .T. ) ;
#2364 = DIRECTION ( 'NONE',  ( -0.000000000000000000, -1.000000000000000000, -0.000000000000000000 ) ) ;
#2365 = CARTESIAN_POINT ( 'NONE',  ( 3.856421973898791489, 0.5002310820489179743, -1.430050599680907419 ) ) ;
#2366 = VERTEX_POINT ( 'NONE', #2521 ) ;
#2367 = DIRECTION ( 'NONE',  ( -0.000000000000000000, -1.000000000000000000, -0.000000000000000000 ) ) ;
#2368 = CARTESIAN_POINT ( 'NONE',  ( 3.704427693614151806, 0.4623161961623745708, -4.454287502327535897 ) ) ;
#2369 = ORIENTED_EDGE ( 'NONE', *, *, #258, .T. ) ;
#2370 = CC_DESIGN_PERSON_AND_ORGANIZATION_ASSIGNMENT ( #2242, #2231, ( #1499 ) ) ;
#2371 = FACE_OUTER_BOUND ( 'NONE', #148, .T. ) ;
#2372 = CARTESIAN_POINT ( 'NONE',  ( 0.2999999999999996558, 0.2000000000000000111, -0.8027864045000394633 ) ) ;
#2373 = CARTESIAN_POINT ( 'NONE',  ( 3.650000000000000355, 0.6000000000000000888, -11.24999999999998757 ) ) ;
#2374 = CARTESIAN_POINT ( 'NONE',  ( 1.250000000000000000, 0.4000000000000000222, -1.543430060005750226 ) ) ;
#2375 = CARTESIAN_POINT ( 'NONE',  ( 3.660714310943825378, 0.8998086115190810919, -1.406988004144314797 ) ) ;
#2376 = B_SPLINE_CURVE_WITH_KNOTS ( 'NONE', 3,
 ( #916, #1575, #2944, #2543, #2703, #1082, #1113, #2078, #221, #679, #1805, #2019, #2931, #205, #435, #1143, #633, #1594 ),
 .UNSPECIFIED., .F., .F.,
 ( 4, 2, 2, 2, 2, 2, 2, 2, 4 ),
 ( -5.999999997689867978E-08, 0.0003985438517433361892, 0.0007971477034866492539, 0.001195751555229981021, 0.001594355406973312897, 0.002391563110459976431, 0.003188770813946640182, 0.004783186220919968118, 0.006377601627893298222 ),
 .UNSPECIFIED. ) ;
#2377 = ORIENTED_EDGE ( 'NONE', *, *, #1433, .F. ) ;
#2378 = CARTESIAN_POINT ( 'NONE',  ( 3.327118274837931544, 0.7084709829928216296, -4.379706291517423189 ) ) ;
#2379 = CARTESIAN_POINT ( 'NONE',  ( 3.742024950568632047, 0.4322390546048995863, -1.523310694366486029 ) ) ;
#2380 = ORIENTED_EDGE ( 'NONE', *, *, #2241, .T. ) ;
#2381 = EDGE_CURVE ( 'NONE', #1674, #1951, #889, .T. ) ;
#2382 = DIRECTION ( 'NONE',  ( 0.000000000000000000, 0.000000000000000000, -1.000000000000000000 ) ) ;
#2383 = CARTESIAN_POINT ( 'NONE',  ( 3.790605474965682564, 0.4098863992755814589, -4.537849076492992850 ) ) ;
#2384 = CARTESIAN_POINT ( 'NONE',  ( 2.600000000000003642, 0.000000000000000000, -0.2500000000000016098 ) ) ;
#2385 = CARTESIAN_POINT ( 'NONE',  ( 3.180022504988028409, 0.5932535749396652403, -1.367001026152250054 ) ) ;
#2386 = CARTESIAN_POINT ( 'NONE',  ( 3.554999457608726487, 0.7939325065194270392, -1.506887097408244669 ) ) ;
#2387 =( NAMED_UNIT ( * ) PLANE_ANGLE_UNIT ( ) SI_UNIT ( $, .RADIAN. ) );
#2388 = CARTESIAN_POINT ( 'NONE',  ( 3.238349096725145149, 0.5108192697101492374, -4.420976803937691102 ) ) ;
#2389 = LINE ( 'NONE', #1598, #1733 ) ;
#2390 = VERTEX_POINT ( 'NONE', #1316 ) ;
#2391 = EDGE_CURVE ( 'NONE', #501, #1787, #2881, .T. ) ;
#2392 = CARTESIAN_POINT ( 'NONE',  ( 3.053597614947216154, 0.4000359653633060453, -4.596206662573743884 ) ) ;
#2393 = CARTESIAN_POINT ( 'NONE',  ( 3.805451236348231792, 0.4034801643772379931, -1.527492050783130662 ) ) ;
#2394 = ORIENTED_EDGE ( 'NONE', *, *, #179, .F. ) ;
#2395 = CARTESIAN_POINT ( 'NONE',  ( 3.349999999999999645, 0.6937552249092996393, -0.9878976079447783221 ) ) ;
#2396 = AXIS2_PLACEMENT_3D ( 'NONE', #2897, #1021, #1984 ) ;
#2397 = CARTESIAN_POINT ( 'NONE',  ( 3.550000000000001155, 0.8168602547809860059, -1.039356625849185978 ) ) ;
#2398 = CARTESIAN_POINT ( 'NONE',  ( 3.550000000000000266, 0.9000000000000001332, -1.177885028456042482 ) ) ;
#2399 = AXIS2_PLACEMENT_3D ( 'NONE', #2574, #948, #469 ) ;
#2400 = AXIS2_PLACEMENT_3D ( 'NONE', #842, #1782, #638 ) ;
#2401 = CARTESIAN_POINT ( 'NONE',  ( 3.074905121362096594, 0.5019652718766405286, -1.361392458249387483 ) ) ;
#2402 = FACE_OUTER_BOUND ( 'NONE', #886, .T. ) ;
#2403 = CONICAL_SURFACE ( 'NONE', #2642, 0.4500000000000021205, 0.4636476090008046502 ) ;
#2404 = EDGE_CURVE ( 'NONE', #1694, #641, #1301, .T. ) ;
#2405 = APPROVAL_ROLE ( '' ) ;
#2406 = VECTOR ( 'NONE', #870, 100.0000000000000000 ) ;
#2407 = CARTESIAN_POINT ( 'NONE',  ( 3.050000000000000266, 0.4000000000000010214, -4.700000000000000178 ) ) ;
#2408 = CARTESIAN_POINT ( 'NONE',  ( 3.067740760900565800, 0.4000000000000000222, -4.661657001439572845 ) ) ;
#2409 = ORIENTED_EDGE ( 'NONE', *, *, #636, .T. ) ;
#2410 = CIRCLE ( 'NONE', #851, 0.4500000000000021205 ) ;
#2411 = CARTESIAN_POINT ( 'NONE',  ( 3.339581623937840860, 0.7692429857459260889, -4.347899023643513772 ) ) ;
#2412 = EDGE_CURVE ( 'NONE', #2952, #534, #944, .T. ) ;
#2413 = CARTESIAN_POINT ( 'NONE',  ( 3.967352034659887838, 0.5000000000000001110, -1.444881519669870551 ) ) ;
#2414 = VERTEX_POINT ( 'NONE', #166 ) ;
#2415 = CARTESIAN_POINT ( 'NONE',  ( 6.938893903907228378E-16, 0.4000000000000000222, -0.3499999999999994227 ) ) ;
#2416 = CARTESIAN_POINT ( 'NONE',  ( 3.727508359568074248, 0.4435593718254656759, -4.475361052270811157 ) ) ;
#2417 = DIRECTION ( 'NONE',  ( -0.000000000000000000, -1.000000000000000000, -0.000000000000000000 ) ) ;
#2418 = B_SPLINE_CURVE_WITH_KNOTS ( 'NONE', 3,
 ( #366, #2894, #1709, #2654, #1696, #1228, #1520, #2227, #540, #2441, #80, #2397, #122, #1245, #2179, #1495, #95, #787, #586, #2635, #2429, #1045, #1272, #1981, #2473, #2459, #393 ),
 .UNSPECIFIED., .F., .F.,
 ( 4, 1, 1, 1, 1, 2, 2, 1, 1, 1, 1, 2, 2, 1, 1, 1, 2, 2, 4 ),
 ( 0.000000000000000000, 0.1250000000000097145, 0.1875000000000139611, 0.2187500000000152101, 0.2343750000000161815, 0.2421875000000166811, 0.2500000000000171529, 0.3750000000000126010, 0.4375000000000097700, 0.4687500000000080491, 0.4843750000000074940, 0.4921875000000072164, 0.5000000000000068834, 0.6250000000000051070, 0.6875000000000044409, 0.7187500000000038858, 0.7343750000000039968, 0.7500000000000041078, 1.000000000000000000 ),
 .UNSPECIFIED. ) ;
#2419 = CARTESIAN_POINT ( 'NONE',  ( 3.152179919619256143, 0.4292040258426118582, -1.365281498999505239 ) ) ;
#2420 = CARTESIAN_POINT ( 'NONE',  ( 3.805938961014458499, 0.8570013932130986500, -1.423710686124243008 ) ) ;
#2421 = CARTESIAN_POINT ( 'NONE',  ( 3.261378279461546459, 0.5428517637815231112, -4.406178589551495328 ) ) ;
#2422 = EDGE_CURVE ( 'NONE', #864, #834, #2742, .T. ) ;
#2423 = DIRECTION ( 'NONE',  ( -0.000000000000000000, -1.000000000000000000, -0.000000000000000000 ) ) ;
#2424 = ORIENTED_EDGE ( 'NONE', *, *, #2699, .T. ) ;
#2425 = CARTESIAN_POINT ( 'NONE',  ( 3.350000000000000089, 0.4000000000000000222, -1.177885028456042482 ) ) ;
#2426 = CARTESIAN_POINT ( 'NONE',  ( 3.798715516750260424, 0.5237386122132111632, -1.422835097205829680 ) ) ;
#2427 = ORIENTED_EDGE ( 'NONE', *, *, #1532, .T. ) ;
#2428 = LINE ( 'NONE', #758, #2685 ) ;
#2429 = CARTESIAN_POINT ( 'NONE',  ( 3.550000000000001155, 0.7126914265287411787, -0.9924850912231842903 ) ) ;
#2430 = CARTESIAN_POINT ( 'NONE',  ( 2.923620986455273574, 0.4998681826137441053, -1.155183406104066668 ) ) ;
#2431 = EDGE_CURVE ( 'NONE', #114, #2738, #154, .T. ) ;
#2432 = DIRECTION ( 'NONE',  ( 0.000000000000000000, 0.000000000000000000, 1.000000000000000000 ) ) ;
#2433 = CARTESIAN_POINT ( 'NONE',  ( 3.837348763492496317, 0.8350895924824732752, -1.427616455505053006 ) ) ;
#2434 = APPROVAL_ROLE ( '' ) ;
#2435 = CARTESIAN_POINT ( 'NONE',  ( 3.350000000000000089, 0.9000000000000001332, -1.177885028456040928 ) ) ;
#2436 = CARTESIAN_POINT ( 'NONE',  ( 3.350000000000000089, 0.9000000000000001332, -4.099999999999999645 ) ) ;
#2437 = CARTESIAN_POINT ( 'NONE',  ( 3.849999999999999201, 0.000000000000000000, -1.543430060005750226 ) ) ;
#2438 = DIRECTION ( 'NONE',  ( 1.000000000000000000, 0.000000000000000000, 0.000000000000000000 ) ) ;
#2439 = ORIENTED_EDGE ( 'NONE', *, *, #306, .T. ) ;
#2440 = CARTESIAN_POINT ( 'NONE',  ( 3.350000000000000089, 0.9000000000000001332, -1.177885028456040928 ) ) ;
#2441 = CARTESIAN_POINT ( 'NONE',  ( 3.550000000000001155, 0.8570403471186087696, -1.073843175993422161 ) ) ;
#2442 = CARTESIAN_POINT ( 'NONE',  ( 3.128096602039992291, 0.5315026348069242790, -1.364092447324954049 ) ) ;
#2443 = CARTESIAN_POINT ( 'NONE',  ( 3.852167524530897502, 0.8224700807723047680, -1.429498180417242414 ) ) ;
#2444 = EDGE_CURVE ( 'NONE', #1222, #436, #2919, .T. ) ;
#2445 = AXIS2_PLACEMENT_3D ( 'NONE', #529, #9, #481 ) ;
#2446 = PERSON_AND_ORGANIZATION ( #557, #2695 ) ;
#2447 = FACE_OUTER_BOUND ( 'NONE', #1488, .T. ) ;
#2448 = AXIS2_PLACEMENT_3D ( 'NONE', #259, #211, #909 ) ;
#2449 = AXIS2_PLACEMENT_3D ( 'NONE', #871, #2718, #2957 ) ;
#2450 = DIRECTION ( 'NONE',  ( -0.000000000000000000, -1.000000000000000000, -0.000000000000000000 ) ) ;
#2451 = CIRCLE ( 'NONE', #1138, 0.4500000000000028422 ) ;
#2452 = VERTEX_POINT ( 'NONE', #1118 ) ;
#2453 = DIRECTION ( 'NONE',  ( 0.000000000000000000, 0.000000000000000000, -1.000000000000000000 ) ) ;
#2454 = EDGE_CURVE ( 'NONE', #2818, #858, #898, .T. ) ;
#2455 = CARTESIAN_POINT ( 'NONE',  ( 3.413333333333330888, 0.9000000000000001332, -1.177885028456042482 ) ) ;
#2456 = EDGE_LOOP ( 'NONE', ( #1804, #2287, #570, #220 ) ) ;
#2457 = CARTESIAN_POINT ( 'NONE',  ( 4.050320749555726074, 0.4261213226377177365, -1.254666585660571876 ) ) ;
#2458 = EDGE_CURVE ( 'NONE', #2766, #2366, #1566, .T. ) ;
#2459 = CARTESIAN_POINT ( 'NONE',  ( 3.550000000000000266, 0.6336131175563280982, -0.9778850284560420825 ) ) ;
#2460 = ORIENTED_EDGE ( 'NONE', *, *, #1194, .F. ) ;
#2461 = DIRECTION ( 'NONE',  ( 0.000000000000000000, 0.000000000000000000, -1.000000000000000000 ) ) ;
#2462 = CARTESIAN_POINT ( 'NONE',  ( 3.011381575326505633, 0.7828812387341439472, -1.358544905941337699 ) ) ;
#2463 = CC_DESIGN_PERSON_AND_ORGANIZATION_ASSIGNMENT ( #2446, #1542, ( #331 ) ) ;
#2464 = DIRECTION ( 'NONE',  ( -0.000000000000000000, 0.9701425001453323205, 0.2425356250363313870 ) ) ;
#2465 = CARTESIAN_POINT ( 'NONE',  ( 0.2999999999999997113, 0.2000000000000000111, -0.7972135954999584051 ) ) ;
#2466 = EDGE_CURVE ( 'NONE', #2332, #1707, #2937, .T. ) ;
#2467 = ORIENTED_EDGE ( 'NONE', *, *, #2033, .T. ) ;
#2468 = CARTESIAN_POINT ( 'NONE',  ( 3.050000000000000266, 0.000000000000000000, -4.158578643762687932 ) ) ;
#2469 = DIRECTION ( 'NONE',  ( 0.000000000000000000, 0.000000000000000000, -1.000000000000000000 ) ) ;
#2470 = ORIENTED_EDGE ( 'NONE', *, *, #527, .F. ) ;
#2471 = EDGE_CURVE ( 'NONE', #692, #213, #1797, .T. ) ;
#2472 = CARTESIAN_POINT ( 'NONE',  ( 4.899999999999998579, 0.2000000000000000111, -0.7972135954999596263 ) ) ;
#2473 = CARTESIAN_POINT ( 'NONE',  ( 3.550000000000001599, 0.6662858429266356186, -0.9815437837433468315 ) ) ;
#2474 = CARTESIAN_POINT ( 'NONE',  ( 3.256632653061224847, 0.9000000000000001332, -1.371800085089705634 ) ) ;
#2475 = CARTESIAN_POINT ( 'NONE',  ( 3.066816475088496752, 0.8383955407077512412, -1.360998456922921429 ) ) ;
#2476 = VERTEX_POINT ( 'NONE', #2487 ) ;
#2477 = CARTESIAN_POINT ( 'NONE',  ( 3.553753692763637062, 0.8212087835184280760, -4.302694336903557293 ) ) ;
#2478 = CARTESIAN_POINT ( 'NONE',  ( 3.350000000000000089, 0.5999999999999999778, -0.7778850284560425710 ) ) ;
#2479 = CARTESIAN_POINT ( 'NONE',  ( 3.550000000000001155, 0.2000000000000000111, -0.5056634446007512995 ) ) ;
#2480 = VERTEX_POINT ( 'NONE', #1057 ) ;
#2481 = DIRECTION ( 'NONE',  ( -0.000000000000000000, -1.000000000000000000, -0.000000000000000000 ) ) ;
#2482 = CARTESIAN_POINT ( 'NONE',  ( 3.808578643762689175, 0.000000000000000000, -4.299999999999998046 ) ) ;
#2483 = ADVANCED_FACE ( 'NONE', ( #1105 ), #2039, .T. ) ;
#2484 = B_SPLINE_CURVE_WITH_KNOTS ( 'NONE', 3,
 ( #2962, #672, #655, #444, #2697, #2070, #2939, #2462, #2923, #847, #2475, #1799, #1334, #396, #1305, #2951 ),
 .UNSPECIFIED., .F., .F.,
 ( 4, 2, 2, 2, 2, 2, 2, 4 ),
 ( 8.673617379884035472E-19, 0.0005862289946045930742, 0.001172457989209185281, 0.001758686983813777596, 0.002344915978418367526, 0.002931144973022957456, 0.003517373967627547820, 0.004689831956836728113 ),
 .UNSPECIFIED. ) ;
#2485 = ORIENTED_EDGE ( 'NONE', *, *, #2898, .T. ) ;
#2486 = DIRECTION ( 'NONE',  ( 0.000000000000000000, 0.000000000000000000, 1.000000000000000000 ) ) ;
#2487 = CARTESIAN_POINT ( 'NONE',  ( 4.150000000000001243, 0.4000000000000000222, -1.269644294916139060 ) ) ;
#2488 = B_SPLINE_CURVE_WITH_KNOTS ( 'NONE', 3,
 ( #714, #2555, #2119, #2353 ),
 .UNSPECIFIED., .F., .F.,
 ( 4, 4 ),
 ( 0.01539388398779239879, 1.000000000000000000 ),
 .UNSPECIFIED. ) ;
#2489 = CARTESIAN_POINT ( 'NONE',  ( 3.686880047889876888, 0.7084963444308477465, -1.409839657790756151 ) ) ;
#2490 = DIRECTION ( 'NONE',  ( 0.000000000000000000, 0.000000000000000000, -1.000000000000000000 ) ) ;
#2491 = EDGE_CURVE ( 'NONE', #2060, #1886, #799, .T. ) ;
#2492 = ORIENTED_EDGE ( 'NONE', *, *, #1208, .T. ) ;
#2493 = CARTESIAN_POINT ( 'NONE',  ( 1.241276572697865177, 0.4000000000000000222, -1.443682105494421775 ) ) ;
#2494 = CARTESIAN_POINT ( 'NONE',  ( 3.050000000000000266, 0.4000000000000000222, -4.700000000000000178 ) ) ;
#2495 = EDGE_CURVE ( 'NONE', #2766, #2958, #1772, .T. ) ;
#2496 = VECTOR ( 'NONE', #2240, 100.0000000000000142 ) ;
#2497 = CIRCLE ( 'NONE', #1339, 0.1499999999999999667 ) ;
#2498 = CARTESIAN_POINT ( 'NONE',  ( 4.150000000000001243, 0.5999999999999999778, -1.442477377033486885 ) ) ;
#2499 = VECTOR ( 'NONE', #405, 100.0000000000000142 ) ;
#2500 = ORIENTED_EDGE ( 'NONE', *, *, #1836, .T. ) ;
#2501 = CARTESIAN_POINT ( 'NONE',  ( 3.963775510204080810, 0.4000000000000000222, -1.444383427964991640 ) ) ;
#2502 = FACE_OUTER_BOUND ( 'NONE', #2698, .T. ) ;
#2503 = CIRCLE ( 'NONE', #2737, 0.1500000000000003830 ) ;
#2504 =( BOUNDED_CURVE ( )  B_SPLINE_CURVE ( 3, ( #1275, #1007, #126, #144 ),
 .UNSPECIFIED., .F., .T. ) 
 B_SPLINE_CURVE_WITH_KNOTS ( ( 4, 4 ),
 ( 5.009640341705905442, 6.283185307179586232 ),
 .UNSPECIFIED. ) 
 CURVE ( )  GEOMETRIC_REPRESENTATION_ITEM ( )  RATIONAL_B_SPLINE_CURVE ( ( 1.000000000000000000, 0.8693460236502410510, 0.8693460236502410510, 1.000000000000000000 ) ) 
 REPRESENTATION_ITEM ( '' )  );
#2505 = ORIENTED_EDGE ( 'NONE', *, *, #174, .T. ) ;
#2506 = CC_DESIGN_PERSON_AND_ORGANIZATION_ASSIGNMENT ( #1263, #129, ( #1499 ) ) ;
#2507 = AXIS2_PLACEMENT_3D ( 'NONE', #2956, #2261, #1853 ) ;
#2508 = CARTESIAN_POINT ( 'NONE',  ( 3.955368386570762063, 0.5470668740766976290, -1.241349747936824954 ) ) ;
#2509 = CARTESIAN_POINT ( 'NONE',  ( 3.050000000000000266, 0.000000000000000000, -4.700000000000000178 ) ) ;
#2510 = CARTESIAN_POINT ( 'NONE',  ( 3.318047916716835299, 0.6741042718231026187, -1.469775938685876637 ) ) ;
#2511 = CARTESIAN_POINT ( 'NONE',  ( 3.625843451643364634, 0.5662767760965206065, -1.513534309198490746 ) ) ;
#2512 = ORIENTED_EDGE ( 'NONE', *, *, #1871, .T. ) ;
#2513 = CARTESIAN_POINT ( 'NONE',  ( 0.3500000000000006439, 0.2000000000000000111, -1.249999999999999334 ) ) ;
#2514 = DIRECTION ( 'NONE',  ( 0.000000000000000000, 0.000000000000000000, 1.000000000000000000 ) ) ;
#2515 = EDGE_CURVE ( 'NONE', #1641, #2332, #1440, .T. ) ;
#2516 = CARTESIAN_POINT ( 'NONE',  ( 3.350000000000000089, 0.4000000000000000222, -4.399999999999999467 ) ) ;
#2517 = VERTEX_POINT ( 'NONE', #2096 ) ;
#2518 = ORIENTED_EDGE ( 'NONE', *, *, #2109, .T. ) ;
#2519 = ORIENTED_EDGE ( 'NONE', *, *, #1758, .T. ) ;
#2520 = CARTESIAN_POINT ( 'NONE',  ( 2.957972115400005375, 0.6790365451697923938, -1.156334603191326860 ) ) ;
#2521 = CARTESIAN_POINT ( 'NONE',  ( 3.550000000000001155, 0.2000000000000000111, -1.094336555399248789 ) ) ;
#2522 = VERTEX_POINT ( 'NONE', #907 ) ;
#2523 = CARTESIAN_POINT ( 'NONE',  ( 3.680514813435783239, 0.7320247298640394362, -1.409140633253135988 ) ) ;
#2524 = PLANE ( 'NONE',  #1628 ) ;
#2525 = VERTEX_POINT ( 'NONE', #504 ) ;
#2526 = EDGE_CURVE ( 'NONE', #2815, #1951, #2639, .T. ) ;
#2527 = CYLINDRICAL_SURFACE ( 'NONE', #270, 0.1500000000000003830 ) ;
#2528 = CARTESIAN_POINT ( 'NONE',  ( 4.850000000000000533, 0.4000000000000000222, -0.3500000000000001998 ) ) ;
#2529 = CARTESIAN_POINT ( 'NONE',  ( 3.350000000000000089, 0.4000000000000001332, -1.198244188917534148 ) ) ;
#2530 = VERTEX_POINT ( 'NONE', #968 ) ;
#2531 = DIRECTION ( 'NONE',  ( 1.000000000000000000, -0.000000000000000000, -0.000000000000000000 ) ) ;
#2532 = VERTEX_POINT ( 'NONE', #2304 ) ;
#2533 = ORIENTED_EDGE ( 'NONE', *, *, #1607, .T. ) ;
#2534 = CARTESIAN_POINT ( 'NONE',  ( 3.640735901781712247, 0.5398026783999380074, -1.404389399802137506 ) ) ;
#2535 = VERTEX_POINT ( 'NONE', #1613 ) ;
#2536 = CARTESIAN_POINT ( 'NONE',  ( 3.550000000000000266, 0.4000000000000001332, -4.706810459206959507 ) ) ;
#2537 = CARTESIAN_POINT ( 'NONE',  ( 4.509790211690266837, 0.4000000000000000222, -1.332202797630313462 ) ) ;
#2538 = ORIENTED_EDGE ( 'NONE', *, *, #2006, .T. ) ;
#2539 = EDGE_CURVE ( 'NONE', #838, #2530, #1875, .T. ) ;
#2540 = FACE_OUTER_BOUND ( 'NONE', #2972, .T. ) ;
#2541 = CARTESIAN_POINT ( 'NONE',  ( 2.749999999999999556, 0.4000000000000000222, -1.151113922813074009 ) ) ;
#2542 = DIRECTION ( 'NONE',  ( -1.000000000000000000, 0.000000000000000000, 0.000000000000000000 ) ) ;
#2543 = CARTESIAN_POINT ( 'NONE',  ( 3.102685310261057428, 0.4072874938916303256, -1.461471534909670078 ) ) ;
#2544 = B_SPLINE_CURVE_WITH_KNOTS ( 'NONE', 3,
 ( #1394, #2942, #2750, #677, #1816, #1608, #433 ),
 .UNSPECIFIED., .F., .F.,
 ( 4, 3, 4 ),
 ( 0.004694960955374485878, 0.006628014008539909879, 0.006933004264462767213 ),
 .UNSPECIFIED. ) ;
#2545 = AXIS2_PLACEMENT_3D ( 'NONE', #2088, #2600, #2341 ) ;
#2546 = ORIENTED_EDGE ( 'NONE', *, *, #2156, .T. ) ;
#2547 = CIRCLE ( 'NONE', #1874, 10.09999999999998543 ) ;
#2548 = AXIS2_PLACEMENT_3D ( 'NONE', #150, #2036, #1114 ) ;
#2549 = ORIENTED_EDGE ( 'NONE', *, *, #1338, .T. ) ;
#2550 = VECTOR ( 'NONE', #2977, 100.0000000000000000 ) ;
#2551 = CARTESIAN_POINT ( 'NONE',  ( 3.691659744247654196, 0.4745450038023097949, -1.410038536480442639 ) ) ;
#2552 = ORIENTED_EDGE ( 'NONE', *, *, #1543, .F. ) ;
#2553 = EDGE_CURVE ( 'NONE', #318, #2815, #817, .T. ) ;
#2554 = FACE_OUTER_BOUND ( 'NONE', #1551, .T. ) ;
#2555 = CARTESIAN_POINT ( 'NONE',  ( 3.049999999999999822, 0.4000000000000000777, -3.675463403147649633 ) ) ;
#2556 = VERTEX_POINT ( 'NONE', #2335 ) ;
#2557 = CARTESIAN_POINT ( 'NONE',  ( 2.600000000000003642, 0.4000000000000000222, 9.650000000000021672 ) ) ;
#2558 = CARTESIAN_POINT ( 'NONE',  ( 0.3500000000000006439, 0.000000000000000000, -1.249999999999999334 ) ) ;
#2559 = DIRECTION ( 'NONE',  ( 0.000000000000000000, 0.000000000000000000, 1.000000000000000000 ) ) ;
#2560 = FACE_OUTER_BOUND ( 'NONE', #2751, .T. ) ;
#2561 = ORIENTED_EDGE ( 'NONE', *, *, #2780, .F. ) ;
#2562 = ORIENTED_EDGE ( 'NONE', *, *, #1601, .T. ) ;
#2563 = CARTESIAN_POINT ( 'NONE',  ( 3.853029986540267071, 0.3999999999999994116, -1.514134154453093073 ) ) ;
#2564 = CARTESIAN_POINT ( 'NONE',  ( 2.829335166809350710, 0.4155993630150816021, -1.397562973903441863 ) ) ;
#2565 = ADVANCED_FACE ( 'NONE', ( #1193 ), #2670, .F. ) ;
#2566 = ORIENTED_EDGE ( 'NONE', *, *, #1930, .T. ) ;
#2567 = CARTESIAN_POINT ( 'NONE',  ( 3.550000000000001155, 0.5999999999999999778, -0.7778850284560425710 ) ) ;
#2568 = CARTESIAN_POINT ( 'NONE',  ( 3.053597614947216154, 0.4000359653633060453, -4.596206662573743884 ) ) ;
#2569 = ORIENTED_EDGE ( 'NONE', *, *, #2431, .T. ) ;
#2570 = CARTESIAN_POINT ( 'NONE',  ( 3.168412668811882771, 0.5755866235737894243, -1.366322961488225740 ) ) ;
#2571 = CARTESIAN_POINT ( 'NONE',  ( 3.948043944978072428, 0.6394184124536356206, -1.240365018796873331 ) ) ;
#2572 = DIRECTION ( 'NONE',  ( 1.709762935964737358E-16, 0.000000000000000000, 1.000000000000000000 ) ) ;
#2573 = ORIENTED_EDGE ( 'NONE', *, *, #455, .T. ) ;
#2574 = CARTESIAN_POINT ( 'NONE',  ( 0.3500000000000003109, 0.4000000000000000222, -0.3499999999999994227 ) ) ;
#2575 = DIRECTION ( 'NONE',  ( -1.000000000000000000, 0.000000000000000000, 0.000000000000000000 ) ) ;
#2576 = EDGE_LOOP ( 'NONE', ( #2914, #1903, #359, #2761, #376, #1169, #1161, #2424, #2101, #2546, #657, #2292, #2552, #257, #207, #500, #696, #441, #2930, #1377, #2279, #167, #137 ) ) ;
#2577 = ORIENTED_EDGE ( 'NONE', *, *, #1626, .T. ) ;
#2578 = CARTESIAN_POINT ( 'NONE',  ( 2.600000000000003642, 0.4000000000000000222, -0.2500000000000016098 ) ) ;
#2579 = CARTESIAN_POINT ( 'NONE',  ( 3.573080931922910874, 0.7054173902790032979, -1.397345043924517638 ) ) ;
#2580 = ORIENTED_EDGE ( 'NONE', *, *, #891, .F. ) ;
#2581 =( BOUNDED_CURVE ( )  B_SPLINE_CURVE ( 3, ( #762, #1156, #1700, #926 ),
 .UNSPECIFIED., .F., .T. ) 
 B_SPLINE_CURVE_WITH_KNOTS ( ( 4, 4 ),
 ( 4.712388980384687898, 6.283185307179586232 ),
 .UNSPECIFIED. ) 
 CURVE ( )  GEOMETRIC_REPRESENTATION_ITEM ( )  RATIONAL_B_SPLINE_CURVE ( ( 1.000000000000000000, 0.8047378541243646044, 0.8047378541243646044, 1.000000000000000000 ) ) 
 REPRESENTATION_ITEM ( '' )  );
#2582 = CARTESIAN_POINT ( 'NONE',  ( 0.3500000000000003109, 0.4000000000000000222, -0.3499999999999994227 ) ) ;
#2583 = ORIENTED_EDGE ( 'NONE', *, *, #2588, .F. ) ;
#2584 = CARTESIAN_POINT ( 'NONE',  ( 4.850000000000000533, 0.2000000000000000111, -1.249999999999999778 ) ) ;
#2585 = CARTESIAN_POINT ( 'NONE',  ( 3.950000000000000622, 0.5999999999999999778, -1.240629390416200906 ) ) ;
#2586 = CARTESIAN_POINT ( 'NONE',  ( 4.401746409968828821, 0.2000000000000000111, -0.3896070577570141524 ) ) ;
#2587 = FACE_OUTER_BOUND ( 'NONE', #1149, .T. ) ;
#2588 = EDGE_CURVE ( 'NONE', #1840, #2476, #317, .T. ) ;
#2589 = CARTESIAN_POINT ( 'NONE',  ( 3.350000000000000089, 0.9000000000000001332, -3.223859960736686681 ) ) ;
#2590 = EDGE_LOOP ( 'NONE', ( #1547, #1611 ) ) ;
#2591 = CARTESIAN_POINT ( 'NONE',  ( 3.885656030377012016, 0.4258411631079352944, -1.465830829545008207 ) ) ;
#2592 = CARTESIAN_POINT ( 'NONE',  ( 3.580623524787227119, 0.6775579846496678771, -1.398102930365135110 ) ) ;
#2593 = ORIENTED_EDGE ( 'NONE', *, *, #479, .T. ) ;
#2594 = VECTOR ( 'NONE', #1364, 100.0000000000000000 ) ;
#2595 = CARTESIAN_POINT ( 'NONE',  ( 3.846402375743750213, 0.4000359655494684641, -4.596206652756004374 ) ) ;
#2596 = CARTESIAN_POINT ( 'NONE',  ( 4.850000000000000533, 0.4000000000000000222, -0.1999999999999998446 ) ) ;
#2597 = ORIENTED_EDGE ( 'NONE', *, *, #1570, .T. ) ;
#2598 = CARTESIAN_POINT ( 'NONE',  ( 3.075099818414923192, 0.5000000000000001110, -1.361385252295741033 ) ) ;
#2599 = CIRCLE ( 'NONE', #2170, 10.20000000000002238 ) ;
#2600 = DIRECTION ( 'NONE',  ( -0.8944271909999166326, -0.4472135954999564844, 1.304853611640886528E-15 ) ) ;
#2601 = DIRECTION ( 'NONE',  ( 1.000000000000000000, 0.000000000000000000, 0.000000000000000000 ) ) ;
#2602 = CARTESIAN_POINT ( 'NONE',  ( 3.132137951271050991, 0.4186256385794348001, -4.514604109841264368 ) ) ;
#2603 = DIRECTION ( 'NONE',  ( 0.000000000000000000, 0.000000000000000000, 1.000000000000000000 ) ) ;
#2604 = EDGE_LOOP ( 'NONE', ( #1600, #1299, #2533, #673 ) ) ;
#2605 = EDGE_CURVE ( 'NONE', #1707, #2952, #583, .T. ) ;
#2606 = CARTESIAN_POINT ( 'NONE',  ( 4.850000000000000533, 0.000000000000000000, -0.3500000000000001998 ) ) ;
#2607 = CARTESIAN_POINT ( 'NONE',  ( 3.870468848669535333, 0.5000000000000001110, -1.431857668139541184 ) ) ;
#2608 = ORIENTED_EDGE ( 'NONE', *, *, #1448, .T. ) ;
#2609 = CARTESIAN_POINT ( 'NONE',  ( 3.350000000000000089, 0.8061446942028812623, -1.031932954460664575 ) ) ;
#2610 = DIRECTION ( 'NONE',  ( 0.000000000000000000, 1.000000000000000000, 0.000000000000000000 ) ) ;
#2611 = ORIENTED_EDGE ( 'NONE', *, *, #1620, .T. ) ;
#2612 = B_SPLINE_CURVE_WITH_KNOTS ( 'NONE', 3,
 ( #1708, #1227, #1463, #553 ),
 .UNSPECIFIED., .F., .F.,
 ( 4, 4 ),
 ( 0.1823396315993666694, 1.000000000000000000 ),
 .UNSPECIFIED. ) ;
#2613 = CARTESIAN_POINT ( 'NONE',  ( 3.179427783576766586, 0.4482188524306642829, -1.366784482437424675 ) ) ;
#2614 = CARTESIAN_POINT ( 'NONE',  ( 0.3500000000000006439, 0.000000000000000000, -1.249999999999999334 ) ) ;
#2615 = CARTESIAN_POINT ( 'NONE',  ( 2.925735931288072855, 0.000000000000000000, -1.700000000000000400 ) ) ;
#2616 = CARTESIAN_POINT ( 'NONE',  ( 3.550000000000000266, 0.9000000000000001332, -2.370941576698346154 ) ) ;
#2617 = VERTEX_POINT ( 'NONE', #2235 ) ;
#2618 = CARTESIAN_POINT ( 'NONE',  ( 0.3500000000000006439, 0.4000000000000000222, -1.249999999999999334 ) ) ;
#2619 = CARTESIAN_POINT ( 'NONE',  ( 3.861654634753420634, 0.3999229519592089055, -1.430721590256639919 ) ) ;
#2620 = ORIENTED_EDGE ( 'NONE', *, *, #527, .T. ) ;
#2621 = CARTESIAN_POINT ( 'NONE',  ( 3.850000000000000533, 0.4000000000000000777, -4.760215688810494505 ) ) ;
#2622 = EDGE_CURVE ( 'NONE', #102, #436, #2736, .T. ) ;
#2623 = CARTESIAN_POINT ( 'NONE',  ( 3.734881656964993191, 0.4381979689160743208, -4.482295911388580301 ) ) ;
#2624 = CARTESIAN_POINT ( 'NONE',  ( 3.550000000000001155, 0.3375442663119762599, -0.4365894530564594644 ) ) ;
#2625 = DIRECTION ( 'NONE',  ( 0.000000000000000000, -0.000000000000000000, 1.000000000000000000 ) ) ;
#2626 = CARTESIAN_POINT ( 'NONE',  ( 3.698801984728961045, 0.8966174831674799117, -1.411149260374263470 ) ) ;
#2627 = DATE_TIME_ROLE ( 'classification_date' ) ;
#2628 = CARTESIAN_POINT ( 'NONE',  ( 4.850000000000000533, 0.4000000000000000222, -0.5000000000000006661 ) ) ;
#2629 = ORIENTED_EDGE ( 'NONE', *, *, #174, .F. ) ;
#2630 = CARTESIAN_POINT ( 'NONE',  ( 3.342602190708126475, 0.7896508026799438085, -4.332506287342486218 ) ) ;
#2631 = CARTESIAN_POINT ( 'NONE',  ( 3.942366656223244004, 0.4000000000004332867, -1.441397236628515710 ) ) ;
#2632 = VERTEX_POINT ( 'NONE', #361 ) ;
#2633 = DIRECTION ( 'NONE',  ( 0.000000000000000000, 1.000000000000000000, 0.000000000000000000 ) ) ;
#2634 = AXIS2_PLACEMENT_3D ( 'NONE', #244, #1168, #2100 ) ;
#2635 = CARTESIAN_POINT ( 'NONE',  ( 3.550000000000001599, 0.7270228281361904576, -0.9965103161931698761 ) ) ;
#2636 = CARTESIAN_POINT ( 'NONE',  ( 3.550000000000001155, 0.2042104193151509373, -0.5035490442344526807 ) ) ;
#2637 = ADVANCED_FACE ( 'NONE', ( #2020 ), #2247, .T. ) ;
#2638 = AXIS2_PLACEMENT_3D ( 'NONE', #2407, #1233, #561 ) ;
#2639 = CIRCLE ( 'NONE', #2969, 9.799999999999986500 ) ;
#2640 = PLANE ( 'NONE',  #2259 ) ;
#2641 = CARTESIAN_POINT ( 'NONE',  ( 3.850000000000000089, 0.4000000000000000222, -4.558578643762614568 ) ) ;
#2642 = AXIS2_PLACEMENT_3D ( 'NONE', #1220, #71, #751 ) ;
#2643 = AXIS2_PLACEMENT_3D ( 'NONE', #2346, #272, #1240 ) ;
#2644 = CARTESIAN_POINT ( 'NONE',  ( 3.241407528257389536, 0.5149836751466876361, -4.418960012464756559 ) ) ;
#2645 = CARTESIAN_POINT ( 'NONE',  ( 3.104402233301402081, 0.4000000000000000222, -4.699999999999998401 ) ) ;
#2646 = ORIENTED_EDGE ( 'NONE', *, *, #1579, .F. ) ;
#2647 = APPROVAL ( #1306, 'UNSPECIFIED' ) ;
#2648 = VECTOR ( 'NONE', #1411, 100.0000000000000000 ) ;
#2649 = DIRECTION ( 'NONE',  ( -0.000000000000000000, -1.000000000000000000, -0.000000000000000000 ) ) ;
#2650 = CARTESIAN_POINT ( 'NONE',  ( 3.879850523996638767, 0.3999999999999991895, -1.433074696593342079 ) ) ;
#2651 = EDGE_CURVE ( 'NONE', #2, #2791, #1976, .T. ) ;
#2652 = EDGE_LOOP ( 'NONE', ( #1335, #1376, #794, #229 ) ) ;
#2653 = CARTESIAN_POINT ( 'NONE',  ( 3.350000000000000089, 0.7389464813502684137, -0.9999074531414967604 ) ) ;
#2654 = CARTESIAN_POINT ( 'NONE',  ( 3.550000000000001599, 0.8835876857653708338, -1.111632445738018005 ) ) ;
#2655 = CARTESIAN_POINT ( 'NONE',  ( 3.960321476228501059, 0.5352313852991327225, -1.443902328354870868 ) ) ;
#2656 = CARTESIAN_POINT ( 'NONE',  ( 4.850000000000000533, 0.4000000000000000222, -0.3500000000000001998 ) ) ;
#2657 = DIRECTION ( 'NONE',  ( 0.000000000000000000, 0.000000000000000000, -1.000000000000000000 ) ) ;
#2658 = CARTESIAN_POINT ( 'NONE',  ( 3.050000000000000266, 0.000000000000000000, -2.009232921921324522 ) ) ;
#2659 = LINE ( 'NONE', #1139, #1389 ) ;
#2660 = CARTESIAN_POINT ( 'NONE',  ( 3.349661948561925229, 0.8762701574867692855, -4.216939407897695169 ) ) ;
#2661 = CARTESIAN_POINT ( 'NONE',  ( 3.860304225995527805, 0.5000330760536930708, -1.430548188725878633 ) ) ;
#2662 = ORIENTED_EDGE ( 'NONE', *, *, #1464, .F. ) ;
#2663 = ADVANCED_FACE ( 'NONE', ( #2502 ), #1517, .F. ) ;
#2664 = CARTESIAN_POINT ( 'NONE',  ( 4.136882139325257945, 0.4000000000000000222, -1.267607024437341856 ) ) ;
#2665 = DIRECTION ( 'NONE',  ( -0.000000000000000000, 0.9701425001453323205, 0.2425356250363313870 ) ) ;
#2666 = CARTESIAN_POINT ( 'NONE',  ( 3.188351848309247671, 0.4558667704001740928, -1.463950099385172621 ) ) ;
#2667 = DIRECTION ( 'NONE',  ( -0.000000000000000000, -1.000000000000000000, -0.000000000000000000 ) ) ;
#2668 = ADVANCED_FACE ( 'NONE', ( #823 ), #1282, .F. ) ;
#2669 = COORDINATED_UNIVERSAL_TIME_OFFSET ( 9, 0, .AHEAD. ) ;
#2670 =( BOUNDED_SURFACE ( )  B_SPLINE_SURFACE ( 3, 2, ( 
 ( #208, #683, #274 ),
 ( #1178, #2130, #1856 ),
 ( #1148, #2322, #15 ),
 ( #2817, #2579, #1676 ),
 ( #1416, #2592, #521 ),
 ( #1843, #1450, #240 ),
 ( #694, #2113, #1128 ),
 ( #1646, #2534, #456 ),
 ( #1870, #2082, #1 ),
 ( #1627, #2551, #1164 ),
 ( #474, #75, #104 ),
 ( #1917, #1269, #2426 ),
 ( #2379, #61, #348 ),
 ( #1225, #288, #302 ),
 ( #2393, #2206, #1934 ),
 ( #1255, #1950, #2365 ),
 ( #1736, #769, #999 ),
 ( #2831, #2848, #2661 ),
 ( #1705, #755, #2176 ),
 ( #2861, #2619, #1026 ),
 ( #812, #117, #1461 ),
 ( #1963, #551, #2891 ),
 ( #2192, #596, #1693 ),
 ( #1475, #1719, #314 ),
 ( #797, #1039, #2607 ),
 ( #1978, #2650, #1241 ),
 ( #92, #536, #1015 ),
 ( #1751, #2155, #1210 ),
 ( #782, #2631, #567 ),
 ( #1491, #2142, #2413 ) ),
 .UNSPECIFIED., .F., .F., .F. ) 
 B_SPLINE_SURFACE_WITH_KNOTS ( ( 4, 2, 2, 2, 2, 2, 2, 2, 2, 2, 2, 2, 2, 2, 4 ),
 ( 3, 3 ),
 ( 0.008628710895696568503, 0.01008834833866577643, 0.01081816706015037953, 0.01154798578163498263, 0.01227780450311958572, 0.01264271386386188814, 0.01300762322460418882, 0.01337253258534648950, 0.01341814625543927622, 0.01344095309048566958, 0.01345235650800886626, 0.01346375992553206467, 0.01355498726571763984, 0.01373744194608879192, 0.01446726066757339502 ),
 ( 0.000000000000000000, 1.000000000000000000 ),
 .UNSPECIFIED. ) 
 GEOMETRIC_REPRESENTATION_ITEM ( )  RATIONAL_B_SPLINE_SURFACE ( (
 ( 1.000000000000000000, 0.6681531047810620461, 1.000000000000000000),
 ( 1.000000000000000000, 0.6681642804496625843, 1.000000000000000000),
 ( 1.000000000000000000, 0.6682056584142922473, 1.000000000000000000),
 ( 1.000000000000000000, 0.6685808672729807167, 1.000000000000000000),
 ( 1.000000000000000000, 0.6687587338253961899, 1.000000000000000000),
 ( 1.000000000000000000, 0.6693797584701117742, 1.000000000000000000),
 ( 1.000000000000000000, 0.6698138636994983575, 1.000000000000000000),
 ( 1.000000000000000000, 0.6713484400588327627, 1.000000000000000000),
 ( 1.000000000000000000, 0.6723830204594184456, 1.000000000000000000),
 ( 1.000000000000000000, 0.6755210529965057775, 1.000000000000000000),
 ( 1.000000000000000000, 0.6768542975556091079, 1.000000000000000000),
 ( 1.000000000000000000, 0.6807009464099291751, 1.000000000000000000),
 ( 1.000000000000000000, 0.6831574445067982726, 1.000000000000000000),
 ( 1.000000000000000000, 0.6907251214393290706, 1.000000000000000000),
 ( 1.000000000000000000, 0.6960769124401120500, 1.000000000000000000),
 ( 1.000000000000000000, 0.7035936559175819394, 1.000000000000000000),
 ( 1.000000000000000000, 0.7044455937781864963, 1.000000000000000000),
 ( 1.000000000000000000, 0.7057409478446938778, 1.000000000000000000),
 ( 1.000000000000000000, 0.7061761044535096454, 1.000000000000000000),
 ( 1.000000000000000000, 0.7068299571251666080, 1.000000000000000000),
 ( 1.000000000000000000, 0.7071067811865500152, 1.000000000000000000),
 ( 1.000000000000000000, 0.7071067811865500152, 1.000000000000000000),
 ( 1.000000000000000000, 0.7071067811865500152, 1.000000000000000000),
 ( 1.000000000000000000, 0.7071067811865500152, 1.000000000000000000),
 ( 1.000000000000000000, 0.7071067811865444641, 1.000000000000000000),
 ( 1.000000000000000000, 0.7071067811865444641, 1.000000000000000000),
 ( 1.000000000000000000, 0.7071067811865456854, 1.000000000000000000),
 ( 1.000000000000000000, 0.7071067811865456854, 1.000000000000000000),
 ( 1.000000000000000000, 0.7071067811865475727, 1.000000000000000000),
 ( 1.000000000000000000, 0.7071067811865475727, 1.000000000000000000) ) ) 
 REPRESENTATION_ITEM ( '' )  SURFACE ( )  );
#2671 = DIRECTION ( 'NONE',  ( 3.467321051588204898E-15, 0.000000000000000000, -1.000000000000000000 ) ) ;
#2672 = DIRECTION ( 'NONE',  ( 0.000000000000000000, 0.000000000000000000, 1.000000000000000000 ) ) ;
#2673 = ORIENTED_EDGE ( 'NONE', *, *, #1426, .F. ) ;
#2674 = FACE_OUTER_BOUND ( 'NONE', #2203, .T. ) ;
#2675 = CARTESIAN_POINT ( 'NONE',  ( 3.486666666666668579, 0.9000000000000000222, -0.9778850284560424155 ) ) ;
#2676 = ORIENTED_EDGE ( 'NONE', *, *, #963, .T. ) ;
#2677 = CARTESIAN_POINT ( 'NONE',  ( 4.098565135662339820, 0.4062936370281689524, -1.261783560498795032 ) ) ;
#2678 = CARTESIAN_POINT ( 'NONE',  ( 3.050000000000000711, 0.4000000000000000222, -1.460337084454881307 ) ) ;
#2679 = ADVANCED_FACE ( 'NONE', ( #1083 ), #1447, .T. ) ;
#2680 = CARTESIAN_POINT ( 'NONE',  ( 3.346413702527813783, 0.8100266018396927725, -1.377735015624882431 ) ) ;
#2681 = DIRECTION ( 'NONE',  ( 0.000000000000000000, 0.000000000000000000, 1.000000000000000000 ) ) ;
#2682 = AXIS2_PLACEMENT_3D ( 'NONE', #927, #468, #1573 ) ;
#2683 = PERSON_AND_ORGANIZATION ( #557, #2695 ) ;
#2684 = DIRECTION ( 'NONE',  ( -0.000000000000000000, -1.000000000000000000, -0.000000000000000000 ) ) ;
#2685 = VECTOR ( 'NONE', #2382, 100.0000000000000000 ) ;
#2686 = CARTESIAN_POINT ( 'NONE',  ( 1.236224489795918480, 0.2139691974152341802, -1.444383427964992528 ) ) ;
#2687 = AXIS2_PLACEMENT_3D ( 'NONE', #2913, #1251, #1277 ) ;
#2688 = VECTOR ( 'NONE', #2035, 100.0000000000000000 ) ;
#2689 = LINE ( 'NONE', #621, #2022 ) ;
#2690 = CARTESIAN_POINT ( 'NONE',  ( 3.339999999999999858, 0.9000000000000001332, -1.177885028456042482 ) ) ;
#2691 = EDGE_CURVE ( 'NONE', #2414, #501, #217, .T. ) ;
#2692 = ORIENTED_EDGE ( 'NONE', *, *, #2973, .T. ) ;
#2693 = CARTESIAN_POINT ( 'NONE',  ( 1.350000000000000089, 0.000000000000000000, -1.543430060005750226 ) ) ;
#2694 = CARTESIAN_POINT ( 'NONE',  ( 3.550000000000000266, 0.2000000000000000111, -4.399999999999999467 ) ) ;
#2695 = ORGANIZATION ( 'UNSPECIFIED', 'UNSPECIFIED', '' ) ;
#2696 = CARTESIAN_POINT ( 'NONE',  ( 3.665503087898101864, 0.8029479772782064373, -1.407500087769657515 ) ) ;
#2697 = CARTESIAN_POINT ( 'NONE',  ( 2.965336467607301518, 0.6967127065826630439, -1.356740373109940112 ) ) ;
#2698 = EDGE_LOOP ( 'NONE', ( #684, #1211, #708, #2611, #1657, #649, #286 ) ) ;
#2699 = EDGE_CURVE ( 'NONE', #436, #680, #826, .T. ) ;
#2700 = DIRECTION ( 'NONE',  ( 7.993333663814682249E-15, 0.000000000000000000, 1.000000000000000000 ) ) ;
#2701 = DIRECTION ( 'NONE',  ( 1.000000000000000000, -0.000000000000000000, 0.000000000000000000 ) ) ;
#2702 = ORIENTED_EDGE ( 'NONE', *, *, #2466, .T. ) ;
#2703 = CARTESIAN_POINT ( 'NONE',  ( 3.115540732616433939, 0.4116236575599088732, -1.461781705507969376 ) ) ;
#2704 = DIRECTION ( 'NONE',  ( 0.000000000000000000, 0.000000000000000000, 1.000000000000000000 ) ) ;
#2705 = ORIENTED_EDGE ( 'NONE', *, *, #2889, .F. ) ;
#2706 = ADVANCED_FACE ( 'NONE', ( #375 ), #1730, .T. ) ;
#2707 = CARTESIAN_POINT ( 'NONE',  ( 3.976764935422643532, 0.4991902211088352637, -1.244272973605928145 ) ) ;
#2708 = DIRECTION ( 'NONE',  ( 1.000000000000000000, 0.000000000000000000, 0.000000000000000000 ) ) ;
#2709 = EDGE_CURVE ( 'NONE', #2452, #38, #2217, .T. ) ;
#2710 = CARTESIAN_POINT ( 'NONE',  ( 4.773170731707318204, 0.4000000000000000222, -1.591463414634146645 ) ) ;
#2711 = B_SPLINE_CURVE_WITH_KNOTS ( 'NONE', 3,
 ( #1673, #2616, #2844, #299 ),
 .UNSPECIFIED., .F., .F.,
 ( 4, 4 ),
 ( 0.04094426550331406456, 1.000000000000000000 ),
 .UNSPECIFIED. ) ;
#2712 = CARTESIAN_POINT ( 'NONE',  ( 3.850000000000000533, 0.4000000000000000222, -1.543430060005881899 ) ) ;
#2713 = VERTEX_POINT ( 'NONE', #1298 ) ;
#2714 = LINE ( 'NONE', #2282, #1729 ) ;
#2715 = CARTESIAN_POINT ( 'NONE',  ( 3.350000000000000089, 0.4000000000000000222, -1.177885028456042482 ) ) ;
#2716 = DIRECTION ( 'NONE',  ( -0.000000000000000000, -1.000000000000000000, -0.000000000000000000 ) ) ;
#2717 = DIRECTION ( 'NONE',  ( -2.309563216055398995E-14, 0.000000000000000000, 1.000000000000000000 ) ) ;
#2718 = DIRECTION ( 'NONE',  ( 0.000000000000000000, 1.000000000000000000, 0.000000000000000000 ) ) ;
#2719 = EDGE_LOOP ( 'NONE', ( #412, #1081, #2569, #1165 ) ) ;
#2720 = CARTESIAN_POINT ( 'NONE',  ( 4.085935850473931374, 0.4100886853544850053, -1.259897716757238717 ) ) ;
#2721 = CARTESIAN_POINT ( 'NONE',  ( 2.599999999999998757, 0.9000000000000001332, -11.24999999999998757 ) ) ;
#2722 = EDGE_CURVE ( 'NONE', #438, #692, #1284, .T. ) ;
#2723 = ORIENTED_EDGE ( 'NONE', *, *, #1808, .T. ) ;
#2724 = CARTESIAN_POINT ( 'NONE',  ( 3.878389633384357715, 0.5000000000000001110, -1.432884445115041094 ) ) ;
#2725 = CARTESIAN_POINT ( 'NONE',  ( 3.250000000000000000, 0.9000000000000001332, -1.156066178144418810 ) ) ;
#2726 = ORIENTED_EDGE ( 'NONE', *, *, #398, .F. ) ;
#2727 = ADVANCED_FACE ( 'NONE', ( #1069 ), #647, .F. ) ;
#2728 = CARTESIAN_POINT ( 'NONE',  ( 3.554185608794235840, 0.8168042749683696035, -4.307365586308476324 ) ) ;
#2729 = CARTESIAN_POINT ( 'NONE',  ( 0.3500000000000006439, 0.4000000000000000222, -1.600000000000000089 ) ) ;
#2730 = VECTOR ( 'NONE', #2665, 100.0000000000000142 ) ;
#2731 = AXIS2_PLACEMENT_3D ( 'NONE', #175, #2270, #1801 ) ;
#2732 = CARTESIAN_POINT ( 'NONE',  ( 3.050000000000000266, 0.4000000000000000777, -2.332162792612427094 ) ) ;
#2733 = AXIS2_PLACEMENT_3D ( 'NONE', #983, #333, #2874 ) ;
#2734 = VERTEX_POINT ( 'NONE', #902 ) ;
#2735 = CYLINDRICAL_SURFACE ( 'NONE', #1140, 0.09999999999999989453 ) ;
#2736 = LINE ( 'NONE', #390, #2499 ) ;
#2737 = AXIS2_PLACEMENT_3D ( 'NONE', #2759, #742, #476 ) ;
#2738 = VERTEX_POINT ( 'NONE', #1321 ) ;
#2739 = CIRCLE ( 'NONE', #1735, 10.10000000000002096 ) ;
#2740 = ADVANCED_FACE ( 'NONE', ( #2968 ), #203, .F. ) ;
#2741 = DIRECTION ( 'NONE',  ( 0.000000000000000000, 0.000000000000000000, 1.000000000000000000 ) ) ;
#2742 = LINE ( 'NONE', #2291, #1383 ) ;
#2743 = ORIENTED_EDGE ( 'NONE', *, *, #425, .T. ) ;
#2744 = CARTESIAN_POINT ( 'NONE',  ( 3.734867404268590985, 0.5968249794954593179, -1.415255201644097571 ) ) ;
#2745 = CARTESIAN_POINT ( 'NONE',  ( 3.784280805393712477, 0.4116829716821600038, -1.526166515619836073 ) ) ;
#2746 = ORIENTED_EDGE ( 'NONE', *, *, #358, .T. ) ;
#2747 = CARTESIAN_POINT ( 'NONE',  ( 3.558948554975921219, 0.7777272682669692516, -4.342489626974559869 ) ) ;
#2748 = CARTESIAN_POINT ( 'NONE',  ( 3.949999999999999289, 0.4000000000000000222, -1.543430060005750226 ) ) ;
#2749 = VECTOR ( 'NONE', #264, 100.0000000000000000 ) ;
#2750 = CARTESIAN_POINT ( 'NONE',  ( 3.550000000000001155, 0.3151638546842704947, -1.152170939287982199 ) ) ;
#2751 = EDGE_LOOP ( 'NONE', ( #2094, #2828, #883, #134, #1000, #45 ) ) ;
#2752 = CARTESIAN_POINT ( 'NONE',  ( 2.923205080756888119, 0.5000000000000001110, -1.355277241085887097 ) ) ;
#2753 = EDGE_CURVE ( 'NONE', #645, #1327, #993, .T. ) ;
#2754 = ORIENTED_EDGE ( 'NONE', *, *, #258, .F. ) ;
#2755 = VERTEX_POINT ( 'NONE', #1373 ) ;
#2756 = DIRECTION ( 'NONE',  ( 0.000000000000000000, 0.000000000000000000, 1.000000000000000000 ) ) ;
#2757 = ORIENTED_EDGE ( 'NONE', *, *, #2422, .T. ) ;
#2758 = ADVANCED_FACE ( 'NONE', ( #2955 ), #2059, .T. ) ;
#2759 = CARTESIAN_POINT ( 'NONE',  ( 4.850000000000000533, 0.000000000000000000, -0.3500000000000001998 ) ) ;
#2760 = CARTESIAN_POINT ( 'NONE',  ( 4.850000000000000533, 0.2000000000000000111, -0.3500000000000001998 ) ) ;
#2761 = ORIENTED_EDGE ( 'NONE', *, *, #549, .T. ) ;
#2762 = CARTESIAN_POINT ( 'NONE',  ( 3.243202859357012358, 0.7607735244916212780, -1.370915955739540504 ) ) ;
#2763 = FACE_BOUND ( 'NONE', #2590, .T. ) ;
#2764 = CARTESIAN_POINT ( 'NONE',  ( 4.850000000000000533, 0.2000000000000000111, -0.7999999999999969358 ) ) ;
#2765 = LINE ( 'NONE', #1345, #276 ) ;
#2766 = VERTEX_POINT ( 'NONE', #2479 ) ;
#2767 = EDGE_CURVE ( 'NONE', #1558, #1417, #191, .T. ) ;
#2768 = ORIENTED_EDGE ( 'NONE', *, *, #2526, .F. ) ;
#2769 = DIRECTION ( 'NONE',  ( 0.000000000000000000, 1.000000000000000000, 0.000000000000000000 ) ) ;
#2770 = ORIENTED_EDGE ( 'NONE', *, *, #449, .F. ) ;
#2771 = DIRECTION ( 'NONE',  ( 0.000000000000000000, 0.000000000000000000, 1.000000000000000000 ) ) ;
#2772 = DIRECTION ( 'NONE',  ( -0.000000000000000000, -1.000000000000000000, -0.000000000000000000 ) ) ;
#2773 = ORIENTED_EDGE ( 'NONE', *, *, #2190, .F. ) ;
#2774 = CARTESIAN_POINT ( 'NONE',  ( 3.238944407275314852, 0.7412206761649984266, -1.370638794468837629 ) ) ;
#2775 = CARTESIAN_POINT ( 'NONE',  ( 0.1999999999999993172, 0.4000000000000000222, -0.9337722339831618923 ) ) ;
#2776 = EDGE_CURVE ( 'NONE', #2818, #2120, #1343, .T. ) ;
#2777 = DIRECTION ( 'NONE',  ( 0.000000000000000000, 0.000000000000000000, 1.000000000000000000 ) ) ;
#2778 = CARTESIAN_POINT ( 'NONE',  ( 1.350000000000000089, 0.4000000000000000222, -1.543430060005750226 ) ) ;
#2779 = AXIS2_PLACEMENT_3D ( 'NONE', #2760, #2772, #972 ) ;
#2780 = EDGE_CURVE ( 'NONE', #2366, #1840, #2544, .T. ) ;
#2781 = ORIENTED_EDGE ( 'NONE', *, *, #1136, .F. ) ;
#2782 = CIRCLE ( 'NONE', #1790, 0.1500000000000003830 ) ;
#2783 = ORIENTED_EDGE ( 'NONE', *, *, #1166, .T. ) ;
#2784 = CARTESIAN_POINT ( 'NONE',  ( 3.326532842027444925, 0.7061354992109593054, -4.380600818732053980 ) ) ;
#2785 = VECTOR ( 'NONE', #1823, 100.0000000000000000 ) ;
#2786 = CARTESIAN_POINT ( 'NONE',  ( 2.600000000000003642, 0.2000000000000000111, 9.650000000000021672 ) ) ;
#2787 = ORIENTED_EDGE ( 'NONE', *, *, #1354, .F. ) ;
#2788 = AXIS2_PLACEMENT_3D ( 'NONE', #1949, #811, #2915 ) ;
#2789 = CARTESIAN_POINT ( 'NONE',  ( 4.467435336425034542, 0.3366442633927591577, -1.291787029099607409 ) ) ;
#2790 = CARTESIAN_POINT ( 'NONE',  ( 3.622815812978385175, 0.5715204156035930128, -4.400000000000001243 ) ) ;
#2791 = VERTEX_POINT ( 'NONE', #1621 ) ;
#2792 = AXIS2_PLACEMENT_3D ( 'NONE', #294, #510, #1455 ) ;
#2793 = PLANE ( 'NONE',  #1086 ) ;
#2794 = DIRECTION ( 'NONE',  ( 0.000000000000000000, 0.000000000000000000, 1.000000000000000000 ) ) ;
#2795 = CARTESIAN_POINT ( 'NONE',  ( 4.934378634500214744, 0.2687572690004280673, -0.8424582169308868496 ) ) ;
#2796 = ORIENTED_EDGE ( 'NONE', *, *, #1415, .F. ) ;
#2797 = DIRECTION ( 'NONE',  ( 0.000000000000000000, 0.000000000000000000, 1.000000000000000000 ) ) ;
#2798 = AXIS2_PLACEMENT_3D ( 'NONE', #591, #2910, #355 ) ;
#2799 = CARTESIAN_POINT ( 'NONE',  ( 3.950000000000000622, 0.5999999999999999778, -1.240629390416200906 ) ) ;
#2800 = ORIENTED_EDGE ( 'NONE', *, *, #786, .T. ) ;
#2801 = ORIENTED_EDGE ( 'NONE', *, *, #2391, .F. ) ;
#2802 = DIRECTION ( 'NONE',  ( -0.000000000000000000, -1.000000000000000000, -0.000000000000000000 ) ) ;
#2803 = CARTESIAN_POINT ( 'NONE',  ( 0.3500000000000006439, 0.4000000000000000222, -1.249999999999999334 ) ) ;
#2804 = ORIENTED_EDGE ( 'NONE', *, *, #509, .T. ) ;
#2805 = CARTESIAN_POINT ( 'NONE',  ( 3.550000000000000266, 0.9000000000000001332, -4.653405229603544413 ) ) ;
#2806 = DIRECTION ( 'NONE',  ( 0.000000000000000000, 1.000000000000000000, 0.000000000000000000 ) ) ;
#2807 = VERTEX_POINT ( 'NONE', #2314 ) ;
#2808 = ADVANCED_FACE ( 'NONE', ( #868 ), #426, .T. ) ;
#2809 = DIRECTION ( 'NONE',  ( 0.000000000000000000, 0.000000000000000000, -1.000000000000000000 ) ) ;
#2810 = CARTESIAN_POINT ( 'NONE',  ( 2.599999999999998757, 0.9000000000000001332, -11.24999999999998757 ) ) ;
#2811 = B_SPLINE_CURVE_WITH_KNOTS ( 'NONE', 3,
 ( #1679, #1908, #1634, #5, #2337, #1214 ),
 .UNSPECIFIED., .F., .F.,
 ( 4, 2, 4 ),
 ( 0.002084415538367247970, 0.002604597090280002386, 0.003124778642192756369 ),
 .UNSPECIFIED. ) ;
#2812 = DIRECTION ( 'NONE',  ( 0.000000000000000000, -0.000000000000000000, 1.000000000000000000 ) ) ;
#2813 = CARTESIAN_POINT ( 'NONE',  ( 3.650000000000001243, 0.9000000000000001332, -1.506412365047462565 ) ) ;
#2814 = CARTESIAN_POINT ( 'NONE',  ( 2.599999999999998757, 0.5000000000000000000, -11.24999999999998757 ) ) ;
#2815 = VERTEX_POINT ( 'NONE', #915 ) ;
#2816 = CARTESIAN_POINT ( 'NONE',  ( 4.850000000000000533, 0.4000000000000000222, -1.249999999999999778 ) ) ;
#2817 = CARTESIAN_POINT ( 'NONE',  ( 3.572390034714639118, 0.7082712051780676310, -1.508533767447796103 ) ) ;
#2818 = VERTEX_POINT ( 'NONE', #1851 ) ;
#2819 = CARTESIAN_POINT ( 'NONE',  ( 3.550000000000000266, 0.4000000000000001332, -4.653405229603544413 ) ) ;
#2820 = LINE ( 'NONE', #2596, #1483 ) ;
#2821 = ORIENTED_EDGE ( 'NONE', *, *, #2381, .F. ) ;
#2822 = CARTESIAN_POINT ( 'NONE',  ( 3.593993923000900370, 0.6355690599980017286, -4.399999999999999467 ) ) ;
#2823 = LINE ( 'NONE', #2149, #1872 ) ;
#2824 = EDGE_CURVE ( 'NONE', #1587, #31, #1236, .T. ) ;
#2825 = LINE ( 'NONE', #763, #2749 ) ;
#2826 = CARTESIAN_POINT ( 'NONE',  ( 3.114552223567159661, 0.4117100317961983613, -4.532560504338525753 ) ) ;
#2827 = PLANE ( 'NONE',  #2168 ) ;
#2828 = ORIENTED_EDGE ( 'NONE', *, *, #2622, .F. ) ;
#2829 = CIRCLE ( 'NONE', #991, 0.1499999999999999667 ) ;
#2830 = CARTESIAN_POINT ( 'NONE',  ( 3.305122689027284455, 0.6360927505747420163, -4.398421017915406850 ) ) ;
#2831 = CARTESIAN_POINT ( 'NONE',  ( 3.844542503747776063, 0.4000744157215547769, -1.529734570659040394 ) ) ;
#2832 = CIRCLE ( 'NONE', #2877, 0.1000000000000000888 ) ;
#2833 = VERTEX_POINT ( 'NONE', #2764 ) ;
#2834 = CIRCLE ( 'NONE', #2448, 0.1500000000000004663 ) ;
#2835 = CARTESIAN_POINT ( 'NONE',  ( 0.3500000000000006439, 0.4000000000000000222, -1.249999999999999334 ) ) ;
#2836 = CYLINDRICAL_SURFACE ( 'NONE', #1186, 0.1499999999999999667 ) ;
#2837 = ORIENTED_EDGE ( 'NONE', *, *, #1871, .F. ) ;
#2838 = VECTOR ( 'NONE', #2858, 99.99999999999998579 ) ;
#2839 = CARTESIAN_POINT ( 'NONE',  ( 3.219271371480247890, 0.4868045361463872456, -1.465111538004390423 ) ) ;
#2840 = AXIS2_PLACEMENT_3D ( 'NONE', #57, #1173, #992 ) ;
#2841 = CARTESIAN_POINT ( 'NONE',  ( 3.550000000000000266, 0.4000000000000000222, -1.194777476355883605 ) ) ;
#2842 = FACE_OUTER_BOUND ( 'NONE', #1088, .T. ) ;
#2843 = CARTESIAN_POINT ( 'NONE',  ( 3.102629610965017104, 0.4077031061382414556, -4.544813239736321897 ) ) ;
#2844 = CARTESIAN_POINT ( 'NONE',  ( 3.550000000000000266, 0.9000000000000001332, -3.235470788349172011 ) ) ;
#2845 = ORIENTED_EDGE ( 'NONE', *, *, #1521, .F. ) ;
#2846 = ADVANCED_FACE ( 'NONE', ( #705 ), #42, .T. ) ;
#2847 = CARTESIAN_POINT ( 'NONE',  ( 3.327439185569782687, 0.7097665850097502060, -4.379199827803808454 ) ) ;
#2848 = CARTESIAN_POINT ( 'NONE',  ( 3.857310546958455877, 0.3996871708591024919, -1.430163880252593334 ) ) ;
#2849 = CIRCLE ( 'NONE', #1546, 0.3500000000000021982 ) ;
#2850 = ORIENTED_EDGE ( 'NONE', *, *, #2471, .T. ) ;
#2851 = CARTESIAN_POINT ( 'NONE',  ( 2.599999999999998757, 0.2000000000000000111, -11.24999999999998757 ) ) ;
#2852 = FACE_OUTER_BOUND ( 'NONE', #2173, .T. ) ;
#2853 = CARTESIAN_POINT ( 'NONE',  ( 3.550000000000001155, 0.2084208363331165326, -0.5014346392937473196 ) ) ;
#2854 = ADVANCED_FACE ( 'NONE', ( #2842 ), #1218, .T. ) ;
#2855 = FACE_OUTER_BOUND ( 'NONE', #1412, .T. ) ;
#2856 = DIRECTION ( 'NONE',  ( 0.000000000000000000, 0.000000000000000000, 1.000000000000000000 ) ) ;
#2857 = DIRECTION ( 'NONE',  ( -1.000000000000000000, 0.000000000000000000, -4.625929269271486900E-15 ) ) ;
#2858 = DIRECTION ( 'NONE',  ( 0.000000000000000000, -0.8944271909999170767, -0.4472135954999558183 ) ) ;
#2859 = VERTEX_POINT ( 'NONE', #748 ) ;
#2860 = CARTESIAN_POINT ( 'NONE',  ( 3.349468188997972717, 0.8703575380531977101, -4.230057161782690756 ) ) ;
#2861 = CARTESIAN_POINT ( 'NONE',  ( 3.848895005874656938, 0.4000012859121565567, -1.529983145710332337 ) ) ;
#2862 = EDGE_CURVE ( 'NONE', #2480, #2872, #2782, .T. ) ;
#2863 = ORIENTED_EDGE ( 'NONE', *, *, #1706, .T. ) ;
#2864 = CARTESIAN_POINT ( 'NONE',  ( 3.350000000000000089, 0.8621492645913275688, -1.080609405654321398 ) ) ;
#2865 = DIRECTION ( 'NONE',  ( 0.000000000000000000, 0.000000000000000000, 1.000000000000000000 ) ) ;
#2866 = CARTESIAN_POINT ( 'NONE',  ( 4.027435063901932288, 0.4398186844685655905, -1.453430290352439425 ) ) ;
#2867 = CARTESIAN_POINT ( 'NONE',  ( 0.7671131572701623824, 0.2692119867847272974, -0.3488596168282329102 ) ) ;
#2868 = CARTESIAN_POINT ( 'NONE',  ( 5.200000000000000178, 0.000000000000000000, -1.249999999999999778 ) ) ;
#2869 = PERSON_AND_ORGANIZATION ( #557, #2695 ) ;
#2870 = LINE ( 'NONE', #100, #39 ) ;
#2871 = CARTESIAN_POINT ( 'NONE',  ( 4.850000000000000533, 0.000000000000000000, -1.249999999999999778 ) ) ;
#2872 = VERTEX_POINT ( 'NONE', #964 ) ;
#2873 = CARTESIAN_POINT ( 'NONE',  ( 3.344924074354731935, 0.8084112761310489059, -4.315789691911825265 ) ) ;
#2874 = DIRECTION ( 'NONE',  ( 0.000000000000000000, 0.000000000000000000, 1.000000000000000000 ) ) ;
#2875 = ORIENTED_EDGE ( 'NONE', *, *, #2982, .T. ) ;
#2876 = CARTESIAN_POINT ( 'NONE',  ( 3.350000000000000977, 0.7146682832540237618, -0.9926830576584819710 ) ) ;
#2877 = AXIS2_PLACEMENT_3D ( 'NONE', #2085, #2806, #260 ) ;
#2878 = DIRECTION ( 'NONE',  ( 0.000000000000000000, 1.000000000000000000, 0.000000000000000000 ) ) ;
#2879 = CARTESIAN_POINT ( 'NONE',  ( 4.150000000000001243, 0.4000000000000000222, -1.472091225624980293 ) ) ;
#2880 = AXIS2_PLACEMENT_3D ( 'NONE', #373, #1714, #2187 ) ;
#2881 = CIRCLE ( 'NONE', #173, 0.3500000000000019762 ) ;
#2882 = CARTESIAN_POINT ( 'NONE',  ( 3.073199155733187915, 0.4000000000000000777, -1.460811035973800465 ) ) ;
#2883 = CARTESIAN_POINT ( 'NONE',  ( 2.750000000000000444, 0.5999999999999999778, -1.356188803095141004 ) ) ;
#2884 = CIRCLE ( 'NONE', #1584, 0.3499999999999990896 ) ;
#2885 = APPROVAL_DATE_TIME ( #1049, #938 ) ;
#2886 = AXIS2_PLACEMENT_3D ( 'NONE', #451, #856, #1312 ) ;
#2887 = CARTESIAN_POINT ( 'NONE',  ( 3.290000000000000036, 0.5999999999999999778, -4.399999999999999467 ) ) ;
#2888 = FACE_OUTER_BOUND ( 'NONE', #1279, .T. ) ;
#2889 = EDGE_CURVE ( 'NONE', #24, #1644, #2849, .T. ) ;
#2890 = CARTESIAN_POINT ( 'NONE',  ( 3.350000000000000089, 0.9000000000000001332, -4.099999999999999645 ) ) ;
#2891 = CARTESIAN_POINT ( 'NONE',  ( 3.863431879734921637, 0.5000000000000001110, -1.430950145729562362 ) ) ;
#2892 = VERTEX_POINT ( 'NONE', #1409 ) ;
#2893 = CARTESIAN_POINT ( 'NONE',  ( 3.850000000000000533, 0.4000000000000000777, -4.706810459206961283 ) ) ;
#2894 = CARTESIAN_POINT ( 'NONE',  ( 3.550000000000001599, 0.9000000000000004663, -1.161675661307045360 ) ) ;
#2895 = CARTESIAN_POINT ( 'NONE',  ( 3.064934693334449900, 0.5000000030041075183, -1.360917993481449040 ) ) ;
#2896 = B_SPLINE_CURVE_WITH_KNOTS ( 'NONE', 3,
 ( #227, #2118, #1858, #1151 ),
 .UNSPECIFIED., .F., .F.,
 ( 4, 4 ),
 ( 0.000000000000000000, 0.001861007117267099702 ),
 .UNSPECIFIED. ) ;
#2897 = CARTESIAN_POINT ( 'NONE',  ( 3.350000000000000089, 0.5999999999999999778, -0.7778850284560425710 ) ) ;
#2898 = EDGE_CURVE ( 'NONE', #2946, #951, #1310, .T. ) ;
#2899 = CARTESIAN_POINT ( 'NONE',  ( 3.240447115017863755, 0.5136650539191693898, -4.419587183191948654 ) ) ;
#2900 = CARTESIAN_POINT ( 'NONE',  ( 4.850000000000000533, 0.4000000000000000222, -1.249999999999999778 ) ) ;
#2901 = VERTEX_POINT ( 'NONE', #86 ) ;
#2902 = DIRECTION ( 'NONE',  ( 0.000000000000000000, 0.000000000000000000, 1.000000000000000000 ) ) ;
#2903 = CARTESIAN_POINT ( 'NONE',  ( 3.350000000000000089, 0.4000000000000000222, -4.399999999999999467 ) ) ;
#2904 = ORIENTED_EDGE ( 'NONE', *, *, #2104, .T. ) ;
#2905 = CARTESIAN_POINT ( 'NONE',  ( 1.266019469107036999, 0.4000000000000000222, -1.440253830644259159 ) ) ;
#2906 = ADVANCED_FACE ( 'NONE', ( #544 ), #249, .F. ) ;
#2907 = CARTESIAN_POINT ( 'NONE',  ( 1.350000000000000089, 0.2760072266123660967, -1.535910298890946324 ) ) ;
#2908 = CARTESIAN_POINT ( 'NONE',  ( 3.293530665972511429, 0.6068054955543362716, -1.468484929632654978 ) ) ;
#2909 = CARTESIAN_POINT ( 'NONE',  ( 3.550000000000000266, 0.9000000000000001332, -1.506412365047549162 ) ) ;
#2910 = DIRECTION ( 'NONE',  ( 0.000000000000000000, 0.000000000000000000, 1.000000000000000000 ) ) ;
#2911 = CARTESIAN_POINT ( 'NONE',  ( 2.600000000000003642, 0.2000000000000000111, 9.650000000000021672 ) ) ;
#2912 = EDGE_CURVE ( 'NONE', #59, #2946, #1008, .T. ) ;
#2913 = CARTESIAN_POINT ( 'NONE',  ( 0.3500000000000003109, 0.000000000000000000, -0.3499999999999994227 ) ) ;
#2914 = ORIENTED_EDGE ( 'NONE', *, *, #1166, .F. ) ;
#2915 = DIRECTION ( 'NONE',  ( 0.000000000000000000, 0.000000000000000000, 1.000000000000000000 ) ) ;
#2916 = CARTESIAN_POINT ( 'NONE',  ( 3.486666666666668579, 0.9000000000000001332, -1.177885028456042482 ) ) ;
#2917 = EDGE_LOOP ( 'NONE', ( #505, #261, #903, #1256 ) ) ;
#2918 = CARTESIAN_POINT ( 'NONE',  ( 3.650000000000000355, 0.9000000000000001332, -1.406412365047462920 ) ) ;
#2919 = LINE ( 'NONE', #2024, #1685 ) ;
#2920 = ORIENTED_EDGE ( 'NONE', *, *, #1972, .F. ) ;
#2921 = VECTOR ( 'NONE', #170, 100.0000000000000000 ) ;
#2922 = CARTESIAN_POINT ( 'NONE',  ( 3.253382389013179665, 0.8202437941157172396, -1.371582282309178558 ) ) ;
#2923 = CARTESIAN_POINT ( 'NONE',  ( 3.024050882568195764, 0.7983172618029144019, -1.359076250108770090 ) ) ;
#2924 = VERTEX_POINT ( 'NONE', #23 ) ;
#2925 = CIRCLE ( 'NONE', #123, 0.4500000000000028422 ) ;
#2926 = AXIS2_PLACEMENT_3D ( 'NONE', #934, #225, #2066 ) ;
#2927 = CARTESIAN_POINT ( 'NONE',  ( 3.552264736342553686, 0.8389023651328366693, -4.281727459807478375 ) ) ;
#2928 = DIRECTION ( 'NONE',  ( -0.000000000000000000, -1.000000000000000000, -0.000000000000000000 ) ) ;
#2929 = AXIS2_PLACEMENT_3D ( 'NONE', #1675, #2364, #60 ) ;
#2930 = ORIENTED_EDGE ( 'NONE', *, *, #2605, .F. ) ;
#2931 = CARTESIAN_POINT ( 'NONE',  ( 3.274479759705423376, 0.5669062259900098377, -1.467538357209082545 ) ) ;
#2932 = AXIS2_PLACEMENT_3D ( 'NONE', #2106, #1901, #2797 ) ;
#2933 = CARTESIAN_POINT ( 'NONE',  ( 5.200000000000000178, 0.4000000000000000222, -0.3500000000000001998 ) ) ;
#2934 = EDGE_CURVE ( 'NONE', #2958, #2414, #1235, .T. ) ;
#2935 = ORIENTED_EDGE ( 'NONE', *, *, #455, .F. ) ;
#2936 = CARTESIAN_POINT ( 'NONE',  ( 4.917314471282479005, 0.2346289425649627503, -0.7778554281089119504 ) ) ;
#2937 = LINE ( 'NONE', #861, #2117 ) ;
#2938 = CARTESIAN_POINT ( 'NONE',  ( 3.908901092297221158, 0.5000000000000001110, -1.436867307256828541 ) ) ;
#2939 = CARTESIAN_POINT ( 'NONE',  ( 2.989611497220840963, 0.7502735096250262581, -1.357663493414181577 ) ) ;
#2940 = ORIENTED_EDGE ( 'NONE', *, *, #346, .F. ) ;
#2941 = CARTESIAN_POINT ( 'NONE',  ( 3.550027845652377945, 0.8956738111472996033, -4.154547861909304807 ) ) ;
#2942 = CARTESIAN_POINT ( 'NONE',  ( 3.550000000000001155, 0.2575821421512762277, -1.123253319584424981 ) ) ;
#2943 = EDGE_LOOP ( 'NONE', ( #1574, #1242, #206, #1445, #1635, #1648, #1344, #784 ) ) ;
#2944 = CARTESIAN_POINT ( 'NONE',  ( 3.076734555856278863, 0.4015116563168092956, -1.460889138741819693 ) ) ;
#2945 = CARTESIAN_POINT ( 'NONE',  ( 3.339999999999999858, 0.6000000000000000888, -0.9778850284560424155 ) ) ;
#2946 = VERTEX_POINT ( 'NONE', #946 ) ;
#2947 = CARTESIAN_POINT ( 'NONE',  ( 2.599999999999998757, 0.000000000000000000, -11.24999999999998757 ) ) ;
#2948 = EDGE_CURVE ( 'NONE', #680, #1868, #1187, .T. ) ;
#2949 = CARTESIAN_POINT ( 'NONE',  ( 1.350000000000000089, 0.2139691974152340692, -1.543430060005750226 ) ) ;
#2950 = CARTESIAN_POINT ( 'NONE',  ( 3.311404972620761722, 0.6532569119851735495, -1.375187164109851423 ) ) ;
#2951 = CARTESIAN_POINT ( 'NONE',  ( 3.250000000000000888, 0.9000000000000001332, -1.371361429832551604 ) ) ;
#2952 = VERTEX_POINT ( 'NONE', #1885 ) ;
#2953 = CARTESIAN_POINT ( 'NONE',  ( 3.550286940745989384, 0.8782030509887055469, -4.212278750122425031 ) ) ;
#2954 = FACE_OUTER_BOUND ( 'NONE', #729, .T. ) ;
#2955 = FACE_OUTER_BOUND ( 'NONE', #2002, .T. ) ;
#2956 = CARTESIAN_POINT ( 'NONE',  ( 1.350000000000000089, 0.4000000000000000222, -1.700000000000000400 ) ) ;
#2957 = DIRECTION ( 'NONE',  ( 0.000000000000000000, 0.000000000000000000, 1.000000000000000000 ) ) ;
#2958 = VERTEX_POINT ( 'NONE', #1424 ) ;
#2959 = CARTESIAN_POINT ( 'NONE',  ( 1.330957118654614080, 0.4000000000000000222, -1.476356010927327045 ) ) ;
#2960 = CARTESIAN_POINT ( 'NONE',  ( 4.850000000000000533, 0.4000000000000000222, -1.400000000000000133 ) ) ;
#2961 = CARTESIAN_POINT ( 'NONE',  ( 0.7982535900311732435, 0.2000000000000000111, -1.210392942242987102 ) ) ;
#2962 = CARTESIAN_POINT ( 'NONE',  ( 2.950000000000000622, 0.5999999999999999778, -1.356188803095140116 ) ) ;
#2963 = ORIENTED_EDGE ( 'NONE', *, *, #970, .T. ) ;
#2964 = LINE ( 'NONE', #674, #1640 ) ;
#2965 = CARTESIAN_POINT ( 'NONE',  ( 3.350000000000000089, 0.3570981674094558800, -1.156374724493631989 ) ) ;
#2966 = AXIS2_PLACEMENT_3D ( 'NONE', #1639, #1438, #718 ) ;
#2967 = CONICAL_SURFACE ( 'NONE', #273, 0.4500000000000015099, 0.4636476090008037065 ) ;
#2968 = FACE_OUTER_BOUND ( 'NONE', #681, .T. ) ;
#2969 = AXIS2_PLACEMENT_3D ( 'NONE', #33, #2769, #956 ) ;
#2970 = ORIENTED_EDGE ( 'NONE', *, *, #2249, .T. ) ;
#2971 = CARTESIAN_POINT ( 'NONE',  ( 4.850000000000000533, 0.000000000000000000, -1.099999999999999201 ) ) ;
#2972 = EDGE_LOOP ( 'NONE', ( #2485, #908, #1578, #1617, #1053 ) ) ;
#2973 = EDGE_CURVE ( 'NONE', #2617, #1840, #2825, .T. ) ;
#2974 = VERTEX_POINT ( 'NONE', #2125 ) ;
#2975 = CARTESIAN_POINT ( 'NONE',  ( 2.750000000000000888, 0.4000000000000000222, -1.451148026426771320 ) ) ;
#2976 = VERTEX_POINT ( 'NONE', #1912 ) ;
#2977 = DIRECTION ( 'NONE',  ( 0.000000000000000000, 0.000000000000000000, -1.000000000000000000 ) ) ;
#2978 = CARTESIAN_POINT ( 'NONE',  ( 3.850000000000000533, 0.4000000000000000222, -1.530046296406630368 ) ) ;
#2979 = ORIENTED_EDGE ( 'NONE', *, *, #1354, .T. ) ;
#2980 = CARTESIAN_POINT ( 'NONE',  ( 0.3500000000000003109, 0.4000000000000000222, -0.1999999999999994837 ) ) ;
#2981 = DIRECTION ( 'NONE',  ( 0.000000000000000000, 0.000000000000000000, -1.000000000000000000 ) ) ;
#2982 = EDGE_CURVE ( 'NONE', #457, #2556, #2359, .T. ) ;
#2983 = CARTESIAN_POINT ( 'NONE',  ( 3.050000000000000266, 0.4000000000000000777, -1.198244188917534148 ) ) ;
#2984 = ORIENTED_EDGE ( 'NONE', *, *, #1777, .T. ) ;
#2985 = FACE_OUTER_BOUND ( 'NONE', #552, .T. ) ;
#2986 = EDGE_LOOP ( 'NONE', ( #1358, #1016 ) ) ;
#2987 = VERTEX_POINT ( 'NONE', #1470 ) ;
#2988 = CC_DESIGN_PERSON_AND_ORGANIZATION_ASSIGNMENT ( #830, #145, ( #2339 ) ) ;
ENDSEC;
END-ISO-10303-21;
