ISO-10303-21;
HEADER;
FILE_DESCRIPTION (( 'STEP AP203' ),
    '1' );
FILE_NAME ('바디_메인바디.STEP',
    '2024-09-26T14:17:49',
    ( '' ),
    ( '' ),
    'SwSTEP 2.0',
    'SolidWorks 2022',
    '' );
FILE_SCHEMA (( 'CONFIG_CONTROL_DESIGN' ));
ENDSEC;

DATA;
#1 = VECTOR ( 'NONE', #2205, 1000.000000000000000 ) ;
#2 = ORIENTED_EDGE ( 'NONE', *, *, #53, .F. ) ;
#3 = LINE ( 'NONE', #935, #5852 ) ;
#4 = ORIENTED_EDGE ( 'NONE', *, *, #5202, .T. ) ;
#5 = VERTEX_POINT ( 'NONE', #926 ) ;
#6 = DIRECTION ( 'NONE',  ( -0.000000000000000000, -0.000000000000000000, -1.000000000000000000 ) ) ;
#7 = DIRECTION ( 'NONE',  ( 0.000000000000000000, 0.000000000000000000, 1.000000000000000000 ) ) ;
#8 = DIRECTION ( 'NONE',  ( 0.000000000000000000, 0.000000000000000000, 1.000000000000000000 ) ) ;
#9 = CARTESIAN_POINT ( 'NONE',  ( 12.67157287525382969, -68.41421356237309226, 51.00000000000000000 ) ) ;
#10 = PLANE ( 'NONE',  #1281 ) ;
#11 = CARTESIAN_POINT ( 'NONE',  ( 12.85429442635825126, -23.54914435045912668, 2.001115512039771005 ) ) ;
#12 = EDGE_CURVE ( 'NONE', #5500, #1062, #2462, .T. ) ;
#13 = EDGE_LOOP ( 'NONE', ( #5076, #4786 ) ) ;
#14 = CARTESIAN_POINT ( 'NONE',  ( -6.685875052008640296, -44.67814575986520964, 48.00000000000000000 ) ) ;
#15 = EDGE_LOOP ( 'NONE', ( #5373, #1219 ) ) ;
#16 = VECTOR ( 'NONE', #6291, 1000.000000000000000 ) ;
#17 = CARTESIAN_POINT ( 'NONE',  ( -15.49999999999999645, -41.00000000000000000, 0.000000000000000000 ) ) ;
#18 = FACE_OUTER_BOUND ( 'NONE', #3236, .T. ) ;
#19 = ORIENTED_EDGE ( 'NONE', *, *, #4963, .F. ) ;
#20 = LOCAL_TIME ( 23, 17, 49.00000000000000000, #346 ) ;
#21 = DIRECTION ( 'NONE',  ( -0.000000000000000000, 1.000000000000000000, -0.000000000000000000 ) ) ;
#22 = EDGE_CURVE ( 'NONE', #4546, #1372, #2789, .T. ) ;
#23 = EDGE_CURVE ( 'NONE', #5119, #4775, #2085, .T. ) ;
#24 = DIRECTION ( 'NONE',  ( 1.000000000000000000, 0.000000000000000000, 0.000000000000000000 ) ) ;
#25 = DIRECTION ( 'NONE',  ( -0.7774022566222053010, -0.6290037610370090571, -0.000000000000000000 ) ) ;
#26 = CARTESIAN_POINT ( 'NONE',  ( -13.99999999999999467, -41.00000000000000000, 52.00000000000000000 ) ) ;
#27 = ORIENTED_EDGE ( 'NONE', *, *, #1828, .F. ) ;
#28 = ADVANCED_FACE ( 'NONE', ( #2948 ), #46, .T. ) ;
#29 = ORIENTED_EDGE ( 'NONE', *, *, #5025, .F. ) ;
#30 = FACE_OUTER_BOUND ( 'NONE', #3899, .T. ) ;
#31 = ORIENTED_EDGE ( 'NONE', *, *, #2858, .F. ) ;
#32 = VERTEX_POINT ( 'NONE', #4893 ) ;
#33 = CARTESIAN_POINT ( 'NONE',  ( -12.85429442635824415, -23.54914435045913734, 49.99888448796019702 ) ) ;
#34 = DIRECTION ( 'NONE',  ( 0.000000000000000000, 0.000000000000000000, 1.000000000000000000 ) ) ;
#35 = DIRECTION ( 'NONE',  ( 1.000000000000000000, 0.000000000000000000, 0.000000000000000000 ) ) ;
#36 = CARTESIAN_POINT ( 'NONE',  ( -11.81786251617137395, 0.000000000000000000, 37.88715187696834619 ) ) ;
#37 = DIRECTION ( 'NONE',  ( 0.000000000000000000, 1.000000000000000000, 0.000000000000000000 ) ) ;
#38 = DIRECTION ( 'NONE',  ( 1.000000000000000000, 0.000000000000000000, 0.000000000000000000 ) ) ;
#39 = ORIENTED_EDGE ( 'NONE', *, *, #4545, .F. ) ;
#40 = DIRECTION ( 'NONE',  ( -0.000000000000000000, -0.000000000000000000, -1.000000000000000000 ) ) ;
#41 = VERTEX_POINT ( 'NONE', #1393 ) ;
#42 = ORIENTED_EDGE ( 'NONE', *, *, #3510, .F. ) ;
#43 = EDGE_CURVE ( 'NONE', #3511, #3866, #4335, .T. ) ;
#44 = FACE_BOUND ( 'NONE', #6187, .T. ) ;
#45 = LINE ( 'NONE', #4915, #3036 ) ;
#46 = TOROIDAL_SURFACE ( 'NONE', #3610, 2.000000000000000000, 1.000000000000000000 ) ;
#47 = ORIENTED_EDGE ( 'NONE', *, *, #1454, .F. ) ;
#48 = DIRECTION ( 'NONE',  ( -1.000000000000000000, 0.000000000000000000, 0.000000000000000000 ) ) ;
#49 = CARTESIAN_POINT ( 'NONE',  ( -4.594349781617759199, -13.33857156165794322, 4.014725990989185256 ) ) ;
#50 = CARTESIAN_POINT ( 'NONE',  ( -12.89595316557554483, -70.18094760472493476, 52.00000000000000000 ) ) ;
#51 = AXIS2_PLACEMENT_3D ( 'NONE', #716, #2643, #1227 ) ;
#52 = FACE_BOUND ( 'NONE', #6069, .T. ) ;
#53 = EDGE_CURVE ( 'NONE', #270, #4407, #4803, .T. ) ;
#54 = EDGE_CURVE ( 'NONE', #2955, #854, #1480, .T. ) ;
#55 = EDGE_LOOP ( 'NONE', ( #1361, #3130, #3471, #2259 ) ) ;
#56 = AXIS2_PLACEMENT_3D ( 'NONE', #5743, #4831, #24 ) ;
#57 = ORIENTED_EDGE ( 'NONE', *, *, #1433, .T. ) ;
#58 = CARTESIAN_POINT ( 'NONE',  ( 18.25000000000000000, -10.00000000000000178, 3.000000000000000000 ) ) ;
#59 = EDGE_CURVE ( 'NONE', #2411, #2026, #5024, .T. ) ;
#60 = VECTOR ( 'NONE', #1922, 1000.000000000000114 ) ;
#61 = ORIENTED_EDGE ( 'NONE', *, *, #2133, .T. ) ;
#62 = ORIENTED_EDGE ( 'NONE', *, *, #3091, .F. ) ;
#63 = DIRECTION ( 'NONE',  ( -1.000000000000000000, 0.000000000000000000, 0.000000000000000000 ) ) ;
#64 = TOROIDAL_SURFACE ( 'NONE', #5551, 2.000000000000000000, 1.000000000000000000 ) ;
#65 = VERTEX_POINT ( 'NONE', #2121 ) ;
#66 = DIRECTION ( 'NONE',  ( 1.000000000000000000, 0.000000000000000000, 0.000000000000000000 ) ) ;
#67 = APPLICATION_CONTEXT ( 'configuration controlled 3d designs of mechanical parts and assemblies' ) ;
#68 = AXIS2_PLACEMENT_3D ( 'NONE', #5120, #2166, #5562 ) ;
#69 = DIRECTION ( 'NONE',  ( -0.000000000000000000, 0.000000000000000000, 1.000000000000000000 ) ) ;
#70 = DIRECTION ( 'NONE',  ( -0.000000000000000000, -0.000000000000000000, -1.000000000000000000 ) ) ;
#71 = FACE_BOUND ( 'NONE', #1065, .T. ) ;
#72 = ORIENTED_EDGE ( 'NONE', *, *, #5224, .F. ) ;
#73 = DIRECTION ( 'NONE',  ( 0.000000000000000000, 0.000000000000000000, 1.000000000000000000 ) ) ;
#74 = CIRCLE ( 'NONE', #4051, 13.00000000000000178 ) ;
#75 = AXIS2_PLACEMENT_3D ( 'NONE', #1269, #3105, #1721 ) ;
#76 = ORIENTED_EDGE ( 'NONE', *, *, #3891, .T. ) ;
#77 = ORIENTED_EDGE ( 'NONE', *, *, #4076, .F. ) ;
#78 = FACE_OUTER_BOUND ( 'NONE', #3735, .T. ) ;
#79 = AXIS2_PLACEMENT_3D ( 'NONE', #379, #2786, #1944 ) ;
#80 = DIRECTION ( 'NONE',  ( -0.000000000000000000, -0.000000000000000000, -1.000000000000000000 ) ) ;
#81 = VECTOR ( 'NONE', #3225, 1000.000000000000000 ) ;
#82 = CYLINDRICAL_SURFACE ( 'NONE', #3721, 2.000000000000001776 ) ;
#83 = CARTESIAN_POINT ( 'NONE',  ( 12.67802899922610749, -22.62379762853522536, 47.50731573396868157 ) ) ;
#84 = ORIENTED_EDGE ( 'NONE', *, *, #4662, .T. ) ;
#85 = EDGE_CURVE ( 'NONE', #4215, #4208, #3099, .T. ) ;
#86 = DIRECTION ( 'NONE',  ( -1.000000000000000000, 0.000000000000000000, 0.000000000000000000 ) ) ;
#87 = B_SPLINE_CURVE_WITH_KNOTS ( 'NONE', 3,
 ( #446, #4864, #1489, #509, #2466, #49, #6254, #1047, #3463, #5275, #2377, #4333, #1914, #5327, #2407, #4427, #5871, #3942, #3855, #5779, #4369, #6289, #1460, #3395 ),
 .UNSPECIFIED., .F., .F.,
 ( 4, 2, 2, 2, 2, 2, 2, 2, 2, 2, 2, 4 ),
 ( 4.336808689942017736E-19, 0.0002182946360399737080, 0.0004365892720799469822, 0.0008731785441598932055, 0.001746357088319783592, 0.002619535632479674195, 0.003492714176639564582, 0.004365892720799451066, 0.005239071264959340585, 0.006112249809119224900, 0.006548839081199167925, 0.006985428353279110950 ),
 .UNSPECIFIED. ) ;
#88 = CIRCLE ( 'NONE', #3654, 1.000000000000001110 ) ;
#89 = CARTESIAN_POINT ( 'NONE',  ( -4.685875052008637631, -67.00000000000000000, 1.000000000000000000 ) ) ;
#90 = DIRECTION ( 'NONE',  ( 1.000000000000000000, -0.000000000000000000, -0.000000000000000000 ) ) ;
#91 = EDGE_LOOP ( 'NONE', ( #5017, #1277 ) ) ;
#92 = ORIENTED_EDGE ( 'NONE', *, *, #5579, .F. ) ;
#93 = AXIS2_PLACEMENT_3D ( 'NONE', #4253, #4702, #6212 ) ;
#94 = EDGE_CURVE ( 'NONE', #830, #326, #2490, .T. ) ;
#95 = EDGE_CURVE ( 'NONE', #4080, #4977, #5735, .T. ) ;
#96 = CARTESIAN_POINT ( 'NONE',  ( 14.00000000000000178, -40.99999999999999289, 52.00000000000000000 ) ) ;
#97 = ORIENTED_EDGE ( 'NONE', *, *, #2006, .F. ) ;
#98 = LINE ( 'NONE', #2570, #2004 ) ;
#99 = CIRCLE ( 'NONE', #3147, 1.500000000000001332 ) ;
#100 = ORIENTED_EDGE ( 'NONE', *, *, #5916, .T. ) ;
#101 = DIRECTION ( 'NONE',  ( 1.000000000000000000, 1.172673560416567696E-16, -0.000000000000000000 ) ) ;
#102 = EDGE_CURVE ( 'NONE', #2638, #4529, #3302, .T. ) ;
#103 = VECTOR ( 'NONE', #2743, 1000.000000000000000 ) ;
#104 = ADVANCED_FACE ( 'NONE', ( #1069 ), #82, .T. ) ;
#105 = ORIENTED_EDGE ( 'NONE', *, *, #1041, .F. ) ;
#106 = CARTESIAN_POINT ( 'NONE',  ( 12.97321052741363800, -24.66180512905364353, 49.69702786341676415 ) ) ;
#107 = DIRECTION ( 'NONE',  ( 1.000000000000000000, 1.172673560416567696E-16, 0.000000000000000000 ) ) ;
#108 = DIRECTION ( 'NONE',  ( -0.000000000000000000, -0.000000000000000000, -1.000000000000000000 ) ) ;
#109 = DIRECTION ( 'NONE',  ( 0.000000000000000000, 1.000000000000000000, 0.000000000000000000 ) ) ;
#110 = EDGE_LOOP ( 'NONE', ( #911, #130, #4274, #1133 ) ) ;
#111 = FACE_OUTER_BOUND ( 'NONE', #2891, .T. ) ;
#112 = ORIENTED_EDGE ( 'NONE', *, *, #602, .F. ) ;
#113 = EDGE_LOOP ( 'NONE', ( #4279, #431, #122, #1992, #2323, #4472, #4331, #3010, #613, #2258, #5992, #6123, #1782 ) ) ;
#114 = FACE_OUTER_BOUND ( 'NONE', #4903, .T. ) ;
#115 = CYLINDRICAL_SURFACE ( 'NONE', #5678, 2.749999999999999112 ) ;
#116 = DIRECTION ( 'NONE',  ( 0.000000000000000000, 0.000000000000000000, -1.000000000000000000 ) ) ;
#117 = DIRECTION ( 'NONE',  ( 0.000000000000000000, 0.000000000000000000, 1.000000000000000000 ) ) ;
#118 = EDGE_LOOP ( 'NONE', ( #1537, #1437, #5956, #1456 ) ) ;
#119 = CARTESIAN_POINT ( 'NONE',  ( 5.539809849142472764, -45.67814575986520964, 52.00000000000000000 ) ) ;
#120 = CARTESIAN_POINT ( 'NONE',  ( 6.539809849142475429, -67.00000000000000000, 1.000000000000000000 ) ) ;
#121 = VECTOR ( 'NONE', #4459, 1000.000000000000000 ) ;
#122 = ORIENTED_EDGE ( 'NONE', *, *, #1032, .T. ) ;
#123 = DIRECTION ( 'NONE',  ( -0.000000000000000000, 1.000000000000000000, -0.000000000000000000 ) ) ;
#124 = DIRECTION ( 'NONE',  ( 0.000000000000000000, -1.000000000000000000, 0.000000000000000000 ) ) ;
#125 = AXIS2_PLACEMENT_3D ( 'NONE', #3588, #758, #1205 ) ;
#126 = ORIENTED_EDGE ( 'NONE', *, *, #492, .F. ) ;
#127 = CYLINDRICAL_SURFACE ( 'NONE', #5950, 1.500000000000001332 ) ;
#128 = B_SPLINE_CURVE_WITH_KNOTS ( 'NONE', 3,
 ( #2237, #428, #5285, #1799, #2290, #6176, #2360, #2869, #870, #1376, #4286, #4190, #5755, #3311, #5630, #1321, #907, #844, #2838, #5696, #6113, #5666, #4316, #814 ),
 .UNSPECIFIED., .F., .F.,
 ( 4, 2, 2, 2, 2, 2, 2, 2, 2, 2, 2, 4 ),
 ( 0.004715768127956804397, 0.005305131033300017514, 0.005894493938643230631, 0.006189175391314833720, 0.006483856843986435942, 0.007073219749329633446, 0.007367901202001231331, 0.007662582654672829216, 0.007957264107344427101, 0.008251945560016024986, 0.008841308465359222490, 0.009430671370702416526 ),
 .UNSPECIFIED. ) ;
#129 = EDGE_CURVE ( 'NONE', #2041, #763, #2527, .T. ) ;
#130 = ORIENTED_EDGE ( 'NONE', *, *, #3365, .F. ) ;
#131 = CYLINDRICAL_SURFACE ( 'NONE', #5766, 2.000000000000001776 ) ;
#132 = ORIENTED_EDGE ( 'NONE', *, *, #3681, .T. ) ;
#133 = CARTESIAN_POINT ( 'NONE',  ( 12.99283203656000119, -25.06179827468510624, 49.25788360784460451 ) ) ;
#134 = ADVANCED_FACE ( 'NONE', ( #1619, #2031, #4583, #3585, #214, #4521 ), #5869, .T. ) ;
#135 = ADVANCED_FACE ( 'NONE', ( #3039 ), #4036, .F. ) ;
#136 = DIRECTION ( 'NONE',  ( 0.000000000000000000, 0.000000000000000000, -1.000000000000000000 ) ) ;
#137 = DIRECTION ( 'NONE',  ( 1.000000000000000000, 1.172673560416567696E-16, -0.000000000000000000 ) ) ;
#138 = LINE ( 'NONE', #2992, #6249 ) ;
#139 = ORIENTED_EDGE ( 'NONE', *, *, #129, .F. ) ;
#140 = DIRECTION ( 'NONE',  ( -0.000000000000000000, -0.000000000000000000, -1.000000000000000000 ) ) ;
#141 = ORIENTED_EDGE ( 'NONE', *, *, #5803, .F. ) ;
#142 = ORIENTED_EDGE ( 'NONE', *, *, #2864, .T. ) ;
#143 = ADVANCED_FACE ( 'NONE', ( #2976 ), #5516, .F. ) ;
#144 = DIRECTION ( 'NONE',  ( 0.000000000000000000, 1.000000000000000000, 0.000000000000000000 ) ) ;
#145 = DIRECTION ( 'NONE',  ( 1.000000000000000000, 0.000000000000000000, 0.000000000000000000 ) ) ;
#146 = DIRECTION ( 'NONE',  ( 0.000000000000000000, 1.000000000000000000, 0.000000000000000000 ) ) ;
#147 = CARTESIAN_POINT ( 'NONE',  ( 12.85429442635825126, -23.54914435045913379, 47.00111551203974614 ) ) ;
#148 = EDGE_LOOP ( 'NONE', ( #4543, #2696 ) ) ;
#149 = CARTESIAN_POINT ( 'NONE',  ( 15.50000000000000000, -10.00000000000000178, 52.00000000000000000 ) ) ;
#150 = CARTESIAN_POINT ( 'NONE',  ( -19.49999999999999645, -57.48990136207992663, 0.000000000000000000 ) ) ;
#151 = CARTESIAN_POINT ( 'NONE',  ( 15.50000000000000355, -40.99999999999999289, 49.00000000000000000 ) ) ;
#152 = ORIENTED_EDGE ( 'NONE', *, *, #4670, .F. ) ;
#153 = CARTESIAN_POINT ( 'NONE',  ( 12.99764422145081610, -25.25252334941183818, 3.696702459948164154 ) ) ;
#154 = VECTOR ( 'NONE', #4916, 1000.000000000000000 ) ;
#155 = DIRECTION ( 'NONE',  ( 0.000000000000000000, 0.000000000000000000, 1.000000000000000000 ) ) ;
#156 = VERTEX_POINT ( 'NONE', #1139 ) ;
#157 = DIRECTION ( 'NONE',  ( -0.000000000000000000, -0.000000000000000000, -1.000000000000000000 ) ) ;
#158 = AXIS2_PLACEMENT_3D ( 'NONE', #4937, #3062, #3579 ) ;
#159 = ORIENTED_EDGE ( 'NONE', *, *, #5344, .T. ) ;
#160 = DIRECTION ( 'NONE',  ( 0.000000000000000000, 0.000000000000000000, 1.000000000000000000 ) ) ;
#161 = EDGE_CURVE ( 'NONE', #4692, #625, #1794, .T. ) ;
#162 = AXIS2_PLACEMENT_3D ( 'NONE', #745, #2669, #5158 ) ;
#163 = VERTEX_POINT ( 'NONE', #5901 ) ;
#164 = CARTESIAN_POINT ( 'NONE',  ( -12.89416260422203031, -23.84161178335872577, 5.000522469775980916 ) ) ;
#165 = CARTESIAN_POINT ( 'NONE',  ( -20.49999999999999645, -57.48990136207992663, 48.00000000000000000 ) ) ;
#166 = CARTESIAN_POINT ( 'NONE',  ( 5.539809849142472764, -45.67814575986520964, 4.000000000000000000 ) ) ;
#167 = CARTESIAN_POINT ( 'NONE',  ( -24.49999999999999289, -69.00000000000000000, 0.000000000000000000 ) ) ;
#168 = AXIS2_PLACEMENT_3D ( 'NONE', #4530, #4015, #5339 ) ;
#169 = FACE_OUTER_BOUND ( 'NONE', #373, .T. ) ;
#170 = VERTEX_POINT ( 'NONE', #660 ) ;
#171 = ADVANCED_FACE ( 'NONE', ( #2589 ), #1522, .F. ) ;
#172 = DIRECTION ( 'NONE',  ( -0.000000000000000000, -0.000000000000000000, -1.000000000000000000 ) ) ;
#173 = ADVANCED_FACE ( 'NONE', ( #3490 ), #4945, .F. ) ;
#174 = ORIENTED_EDGE ( 'NONE', *, *, #3485, .T. ) ;
#175 = ORIENTED_EDGE ( 'NONE', *, *, #985, .F. ) ;
#176 = CIRCLE ( 'NONE', #3741, 1.000000000000000888 ) ;
#177 = LINE ( 'NONE', #5514, #2316 ) ;
#178 = DIRECTION ( 'NONE',  ( 1.000000000000000000, 0.000000000000000000, 0.000000000000000000 ) ) ;
#179 = DIRECTION ( 'NONE',  ( -0.000000000000000000, 1.000000000000000000, -0.000000000000000000 ) ) ;
#180 = LINE ( 'NONE', #3940, #2725 ) ;
#181 = VECTOR ( 'NONE', #178, 1000.000000000000000 ) ;
#182 = AXIS2_PLACEMENT_3D ( 'NONE', #1656, #5520, #1755 ) ;
#183 = ORIENTED_EDGE ( 'NONE', *, *, #2234, .T. ) ;
#184 = EDGE_CURVE ( 'NONE', #4984, #2386, #247, .T. ) ;
#185 = DIRECTION ( 'NONE',  ( 0.000000000000000000, 0.000000000000000000, 1.000000000000000000 ) ) ;
#186 = AXIS2_PLACEMENT_3D ( 'NONE', #6267, #5409, #1926 ) ;
#187 = VECTOR ( 'NONE', #4385, 1000.000000000000000 ) ;
#188 = FACE_OUTER_BOUND ( 'NONE', #1816, .T. ) ;
#189 = DIRECTION ( 'NONE',  ( 1.000000000000000000, -0.000000000000000000, 0.000000000000000000 ) ) ;
#190 = ORIENTED_EDGE ( 'NONE', *, *, #3293, .T. ) ;
#191 = DIRECTION ( 'NONE',  ( -0.000000000000000000, -0.000000000000000000, -1.000000000000000000 ) ) ;
#192 = CIRCLE ( 'NONE', #4571, 1.000000000000000000 ) ;
#193 = CIRCLE ( 'NONE', #4475, 2.500000000000000888 ) ;
#194 = CARTESIAN_POINT ( 'NONE',  ( -15.49999999999999645, -41.00000000000000000, 46.00000000000000000 ) ) ;
#195 = DIRECTION ( 'NONE',  ( -0.000000000000000000, 1.000000000000000000, -0.000000000000000000 ) ) ;
#196 = ORIENTED_EDGE ( 'NONE', *, *, #5473, .T. ) ;
#197 = CARTESIAN_POINT ( 'NONE',  ( -12.99999999999999822, -25.50000000000000355, 56.00000000000002132 ) ) ;
#198 = ADVANCED_BREP_SHAPE_REPRESENTATION ( '바디_메인바디', ( #264, #2160 ), #5607 ) ;
#199 = CIRCLE ( 'NONE', #299, 1.500000000000001332 ) ;
#200 = ORIENTED_EDGE ( 'NONE', *, *, #2697, .T. ) ;
#201 = VECTOR ( 'NONE', #2267, 1000.000000000000000 ) ;
#202 = ORIENTED_EDGE ( 'NONE', *, *, #1344, .T. ) ;
#203 = CARTESIAN_POINT ( 'NONE',  ( -12.95449238128388814, -24.40934910146855685, 4.852139880208034661 ) ) ;
#204 = CARTESIAN_POINT ( 'NONE',  ( -26.50000000000003197, -14.75252334941184884, 48.49999999999998579 ) ) ;
#205 = DIRECTION ( 'NONE',  ( 1.000000000000000000, 0.000000000000000000, 0.000000000000000000 ) ) ;
#206 = FACE_OUTER_BOUND ( 'NONE', #3799, .T. ) ;
#207 = CYLINDRICAL_SURFACE ( 'NONE', #3512, 0.9999999999999982236 ) ;
#208 = DIRECTION ( 'NONE',  ( 0.000000000000000000, 0.000000000000000000, -1.000000000000000000 ) ) ;
#209 = ORIENTED_EDGE ( 'NONE', *, *, #4695, .T. ) ;
#210 = ORIENTED_EDGE ( 'NONE', *, *, #5952, .T. ) ;
#211 = CARTESIAN_POINT ( 'NONE',  ( -20.49999999999999645, -57.88997158201483728, 48.00000000000000000 ) ) ;
#212 = EDGE_CURVE ( 'NONE', #5284, #2997, #1296, .T. ) ;
#213 = DIRECTION ( 'NONE',  ( -0.000000000000000000, -0.000000000000000000, -1.000000000000000000 ) ) ;
#214 = FACE_BOUND ( 'NONE', #5205, .T. ) ;
#215 = LINE ( 'NONE', #4100, #398 ) ;
#216 = ORIENTED_EDGE ( 'NONE', *, *, #2046, .F. ) ;
#217 = DIRECTION ( 'NONE',  ( -0.000000000000000000, -0.000000000000000000, -1.000000000000000000 ) ) ;
#218 = CARTESIAN_POINT ( 'NONE',  ( -20.49999999999999645, -44.67814575986520964, 1.000000000000000000 ) ) ;
#219 = ADVANCED_FACE ( 'NONE', ( #3227 ), #369, .F. ) ;
#220 = FACE_OUTER_BOUND ( 'NONE', #1950, .T. ) ;
#221 = ADVANCED_FACE ( 'NONE', ( #2213 ), #6038, .T. ) ;
#222 = ORIENTED_EDGE ( 'NONE', *, *, #4872, .T. ) ;
#223 = CARTESIAN_POINT ( 'NONE',  ( 12.99764422145081433, -25.25252334941183818, 3.500000000000003109 ) ) ;
#224 = LINE ( 'NONE', #5015, #3577 ) ;
#225 = CYLINDRICAL_SURFACE ( 'NONE', #1618, 7.750000000000003553 ) ;
#226 = ORIENTED_EDGE ( 'NONE', *, *, #965, .T. ) ;
#227 = CIRCLE ( 'NONE', #4203, 13.00000000000000178 ) ;
#228 = DIRECTION ( 'NONE',  ( 1.000000000000000000, 0.000000000000000000, 0.000000000000000000 ) ) ;
#229 = ADVANCED_FACE ( 'NONE', ( #724 ), #3616, .F. ) ;
#230 = ORIENTED_EDGE ( 'NONE', *, *, #2810, .F. ) ;
#231 = LOCAL_TIME ( 23, 17, 49.00000000000000000, #5708 ) ;
#232 = EDGE_LOOP ( 'NONE', ( #5701, #1820, #1343, #1102 ) ) ;
#233 = CARTESIAN_POINT ( 'NONE',  ( -12.97782930256042988, -24.73779156570218873, 4.635412333239913529 ) ) ;
#234 = CARTESIAN_POINT ( 'NONE',  ( 21.91421356237309581, -60.58578643762691485, 52.00000000000000000 ) ) ;
#235 = CARTESIAN_POINT ( 'NONE',  ( 4.539809849142472764, -44.67814575986520964, 52.00000000000000000 ) ) ;
#236 = CARTESIAN_POINT ( 'NONE',  ( 22.50000000000000000, 0.000000000000000000, 52.00000000000000000 ) ) ;
#237 = DIRECTION ( 'NONE',  ( 1.000000000000000000, 1.172673560416567696E-16, -0.000000000000000000 ) ) ;
#238 = VERTEX_POINT ( 'NONE', #4227 ) ;
#239 = ORIENTED_EDGE ( 'NONE', *, *, #4670, .T. ) ;
#240 = CARTESIAN_POINT ( 'NONE',  ( -8.830543400721580838, -15.95897874999666399, 47.59968943191105950 ) ) ;
#241 = DIRECTION ( 'NONE',  ( 0.000000000000000000, 0.000000000000000000, 1.000000000000000000 ) ) ;
#242 = DIRECTION ( 'NONE',  ( -0.7071067811865475727, -0.7071067811865475727, 0.000000000000000000 ) ) ;
#243 = CARTESIAN_POINT ( 'NONE',  ( 13.64213748382862867, 0.000000000000000000, 36.38715187696832487 ) ) ;
#244 = EDGE_LOOP ( 'NONE', ( #222, #3984, #1664, #5717 ) ) ;
#245 = DIRECTION ( 'NONE',  ( 0.000000000000000000, 0.000000000000000000, -1.000000000000000000 ) ) ;
#246 = ADVANCED_FACE ( 'NONE', ( #3687 ), #2989, .T. ) ;
#247 = B_SPLINE_CURVE_WITH_KNOTS ( 'NONE', 3,
 ( #5640, #3751, #3657, #5584, #4169, #755, #2777, #5107, #2750, #3191, #1714, #4099, #824, #315, #4200, #276, #6024, #1237, #5136, #1678, #786, #5548, #2679, #4708 ),
 .UNSPECIFIED., .F., .F.,
 ( 4, 2, 2, 2, 2, 2, 2, 2, 2, 2, 2, 4 ),
 ( 3.157244383156456744E-18, 0.0002182946360399741416, 0.0004365892720799451391, 0.0008731785441598883266, 0.001746357088319776653, 0.002619535632479664655, 0.003492714176639552873, 0.004365892720799441525, 0.005239071264959328442, 0.006112249809119215359, 0.006548839081199156649, 0.006985428353279098806 ),
 .UNSPECIFIED. ) ;
#248 = FACE_OUTER_BOUND ( 'NONE', #3209, .T. ) ;
#249 = CARTESIAN_POINT ( 'NONE',  ( -5.685875052008640296, -45.67814575986520964, 0.000000000000000000 ) ) ;
#250 = EDGE_LOOP ( 'NONE', ( #2928, #555, #3772, #5854 ) ) ;
#251 = CARTESIAN_POINT ( 'NONE',  ( 11.96446609406728179, -67.70710678118655323, 4.000000000000000000 ) ) ;
#252 = DIRECTION ( 'NONE',  ( 1.000000000000000000, 0.000000000000000000, 0.000000000000000000 ) ) ;
#253 = ADVANCED_FACE ( 'NONE', ( #1264 ), #6121, .F. ) ;
#254 = ADVANCED_FACE ( 'NONE', ( #3260 ), #1893, .T. ) ;
#255 = CARTESIAN_POINT ( 'NONE',  ( -23.24199247792598300, -60.60035336314109600, 0.000000000000000000 ) ) ;
#256 = ORIENTED_EDGE ( 'NONE', *, *, #3355, .T. ) ;
#257 = LINE ( 'NONE', #5502, #279 ) ;
#258 = ORIENTED_EDGE ( 'NONE', *, *, #3510, .T. ) ;
#259 = VECTOR ( 'NONE', #1109, 1000.000000000000000 ) ;
#260 = ADVANCED_FACE ( 'NONE', ( #2245 ), #3717, .T. ) ;
#261 = EDGE_LOOP ( 'NONE', ( #4255, #2973, #3622, #159 ) ) ;
#262 = CYLINDRICAL_SURFACE ( 'NONE', #5035, 1.500000000000001332 ) ;
#263 = CIRCLE ( 'NONE', #3828, 1.500000000000001332 ) ;
#264 = MANIFOLD_SOLID_BREP ( '컷-돌출11', #4022 ) ;
#265 = LINE ( 'NONE', #2173, #2621 ) ;
#266 = FACE_OUTER_BOUND ( 'NONE', #2993, .T. ) ;
#267 = DIRECTION ( 'NONE',  ( 0.000000000000000000, 0.000000000000000000, 1.000000000000000000 ) ) ;
#268 = AXIS2_PLACEMENT_3D ( 'NONE', #5432, #3594, #6007 ) ;
#269 = DIRECTION ( 'NONE',  ( -0.000000000000000000, -0.000000000000000000, -1.000000000000000000 ) ) ;
#270 = VERTEX_POINT ( 'NONE', #4129 ) ;
#271 = FACE_OUTER_BOUND ( 'NONE', #1647, .T. ) ;
#272 = ORIENTED_EDGE ( 'NONE', *, *, #4586, .F. ) ;
#273 = CIRCLE ( 'NONE', #5041, 1.500000000000001332 ) ;
#274 = FACE_BOUND ( 'NONE', #5013, .T. ) ;
#275 = DIRECTION ( 'NONE',  ( -1.000000000000000000, 0.000000000000000000, -0.000000000000000000 ) ) ;
#276 = CARTESIAN_POINT ( 'NONE',  ( 7.933495839656858450, -15.19746065600975449, 2.057067205432563828 ) ) ;
#277 = DIRECTION ( 'NONE',  ( -0.000000000000000000, -0.000000000000000000, -1.000000000000000000 ) ) ;
#278 = ORIENTED_EDGE ( 'NONE', *, *, #2539, .T. ) ;
#279 = VECTOR ( 'NONE', #3671, 1000.000000000000000 ) ;
#280 = PERSON_AND_ORGANIZATION_ROLE ( 'classification_officer' ) ;
#281 = FACE_BOUND ( 'NONE', #2373, .T. ) ;
#282 = CARTESIAN_POINT ( 'NONE',  ( 6.007138400552347157, -13.96774895264810468, 49.78704925126082514 ) ) ;
#283 = AXIS2_PLACEMENT_3D ( 'NONE', #1649, #4127, #5106 ) ;
#284 = CARTESIAN_POINT ( 'NONE',  ( 12.99387413405359482, -25.09915018965287103, 2.831896644617450054 ) ) ;
#285 = ORIENTED_EDGE ( 'NONE', *, *, #85, .T. ) ;
#286 = CARTESIAN_POINT ( 'NONE',  ( 21.91421356237309581, -60.58578643762691485, 52.00000000000000000 ) ) ;
#287 = CARTESIAN_POINT ( 'NONE',  ( -20.22405443198876540, -58.17964419786542862, 51.00000000000000000 ) ) ;
#288 = DIRECTION ( 'NONE',  ( 1.000000000000000000, 0.000000000000000000, 0.000000000000000000 ) ) ;
#289 = AXIS2_PLACEMENT_3D ( 'NONE', #2702, #4605, #5573 ) ;
#290 = VECTOR ( 'NONE', #69, 1000.000000000000000 ) ;
#291 = ORIENTED_EDGE ( 'NONE', *, *, #5217, .T. ) ;
#292 = CARTESIAN_POINT ( 'NONE',  ( -5.685875052008637631, -67.00000000000000000, 1.000000000000000000 ) ) ;
#293 = EDGE_LOOP ( 'NONE', ( #2909, #2676, #581, #226 ) ) ;
#294 = ADVANCED_FACE ( 'NONE', ( #4293, #969 ), #10, .T. ) ;
#295 = VECTOR ( 'NONE', #2914, 1000.000000000000000 ) ;
#296 = AXIS2_PLACEMENT_3D ( 'NONE', #1835, #812, #332 ) ;
#297 = VERTEX_POINT ( 'NONE', #4387 ) ;
#298 = DIRECTION ( 'NONE',  ( 1.000000000000000000, 1.172673560416567696E-16, -0.000000000000000000 ) ) ;
#299 = AXIS2_PLACEMENT_3D ( 'NONE', #2808, #945, #3815 ) ;
#300 = CIRCLE ( 'NONE', #5774, 2.749999999999999112 ) ;
#301 = CARTESIAN_POINT ( 'NONE',  ( -5.685875052008640296, -44.67814575986520964, 4.000000000000000000 ) ) ;
#302 = EDGE_CURVE ( 'NONE', #1291, #5734, #6143, .T. ) ;
#303 = CYLINDRICAL_SURFACE ( 'NONE', #5360, 1.500000000000004885 ) ;
#304 = EDGE_CURVE ( 'NONE', #2061, #3402, #2396, .T. ) ;
#305 = CARTESIAN_POINT ( 'NONE',  ( 13.00000000000000533, -25.50000000000000355, 5.999999999999998224 ) ) ;
#306 = AXIS2_PLACEMENT_3D ( 'NONE', #6223, #3821, #6193 ) ;
#307 = CARTESIAN_POINT ( 'NONE',  ( -26.50000000000002842, -23.75252334941184884, 48.49999999999997868 ) ) ;
#308 = EDGE_LOOP ( 'NONE', ( #4798, #3474, #100, #5086 ) ) ;
#309 = CARTESIAN_POINT ( 'NONE',  ( -15.49999999999999645, -41.00000000000000000, 49.00000000000000000 ) ) ;
#310 = ORIENTED_EDGE ( 'NONE', *, *, #3691, .T. ) ;
#311 = VECTOR ( 'NONE', #40, 1000.000000000000000 ) ;
#312 = DIRECTION ( 'NONE',  ( 0.7071067811865492381, -0.7071067811865457964, 0.000000000000000000 ) ) ;
#313 = FACE_OUTER_BOUND ( 'NONE', #3086, .T. ) ;
#314 = EDGE_CURVE ( 'NONE', #4529, #3035, #917, .T. ) ;
#315 = CARTESIAN_POINT ( 'NONE',  ( 7.227837932437431334, -14.69069403367256577, 1.993158086382736505 ) ) ;
#316 = CARTESIAN_POINT ( 'NONE',  ( -15.50000000000000000, -10.00000000000000000, 6.000000000000000000 ) ) ;
#317 = VERTEX_POINT ( 'NONE', #463 ) ;
#318 = AXIS2_PLACEMENT_3D ( 'NONE', #2673, #1802, #1741 ) ;
#319 = DATE_AND_TIME ( #3693, #4406 ) ;
#320 = LINE ( 'NONE', #218, #902 ) ;
#321 = CARTESIAN_POINT ( 'NONE',  ( 11.25735931288073566, -68.00000000000000000, 51.00000000000000000 ) ) ;
#322 = ORIENTED_EDGE ( 'NONE', *, *, #4617, .F. ) ;
#323 = CARTESIAN_POINT ( 'NONE',  ( 11.96446609406728179, -67.70710678118655323, 1.000000000000000000 ) ) ;
#324 = DIRECTION ( 'NONE',  ( 0.000000000000000000, 1.000000000000000000, 0.000000000000000000 ) ) ;
#325 = CARTESIAN_POINT ( 'NONE',  ( 6.539809849142475429, -67.00000000000000000, -5.000000000000011546 ) ) ;
#326 = VERTEX_POINT ( 'NONE', #1419 ) ;
#327 = CARTESIAN_POINT ( 'NONE',  ( 15.50000000000000000, -10.00000000000000178, 0.000000000000000000 ) ) ;
#328 = EDGE_LOOP ( 'NONE', ( #4112, #3731, #1545, #4622 ) ) ;
#329 = EDGE_LOOP ( 'NONE', ( #1560, #5298, #4739, #2471 ) ) ;
#330 = EDGE_CURVE ( 'NONE', #505, #4587, #2846, .T. ) ;
#331 = CARTESIAN_POINT ( 'NONE',  ( -6.685875052008640296, -43.67814575986520964, 51.00000000000000000 ) ) ;
#332 = DIRECTION ( 'NONE',  ( 1.000000000000000000, 0.000000000000000000, 0.000000000000000000 ) ) ;
#333 = CIRCLE ( 'NONE', #3690, 2.749999999999999112 ) ;
#334 = LINE ( 'NONE', #4218, #6067 ) ;
#335 = CARTESIAN_POINT ( 'NONE',  ( -22.50000000000000000, -14.75252334941184351, 3.499999999999996003 ) ) ;
#336 = ORIENTED_EDGE ( 'NONE', *, *, #2546, .F. ) ;
#337 = CARTESIAN_POINT ( 'NONE',  ( -26.50000000000003197, -16.25252334941184529, 3.499999999999996003 ) ) ;
#338 = EDGE_CURVE ( 'NONE', #2240, #4684, #3357, .T. ) ;
#339 = EDGE_CURVE ( 'NONE', #3296, #6164, #5843, .T. ) ;
#340 = VERTEX_POINT ( 'NONE', #435 ) ;
#341 = DIRECTION ( 'NONE',  ( -0.000000000000000000, 0.000000000000000000, 1.000000000000000000 ) ) ;
#342 = CARTESIAN_POINT ( 'NONE',  ( 11.25735931288073566, -67.00000000000000000, 48.00000000000000000 ) ) ;
#343 = CARTESIAN_POINT ( 'NONE',  ( -26.50000000000003197, -14.75252334941184351, 3.499999999999996003 ) ) ;
#344 = DIRECTION ( 'NONE',  ( 0.000000000000000000, 1.000000000000000000, 0.000000000000000000 ) ) ;
#345 = EDGE_LOOP ( 'NONE', ( #694, #2828, #2187, #3848 ) ) ;
#346 = COORDINATED_UNIVERSAL_TIME_OFFSET ( 9, 0, .AHEAD. ) ;
#347 = ADVANCED_FACE ( 'NONE', ( #944 ), #2874, .F. ) ;
#348 = CARTESIAN_POINT ( 'NONE',  ( 7.227837932437441104, -14.69069403367256932, 46.99315808638272784 ) ) ;
#349 = FACE_OUTER_BOUND ( 'NONE', #5311, .T. ) ;
#350 = ORIENTED_EDGE ( 'NONE', *, *, #6003, .T. ) ;
#351 = DIRECTION ( 'NONE',  ( 1.000000000000000000, 1.172673560416567696E-16, -0.000000000000000000 ) ) ;
#352 = CARTESIAN_POINT ( 'NONE',  ( -15.50000000000000000, -10.00000000000000000, 52.00000000000000000 ) ) ;
#353 = CARTESIAN_POINT ( 'NONE',  ( -1.229881206134885607, -82.31566764376178469, 0.000000000000000000 ) ) ;
#354 = EDGE_LOOP ( 'NONE', ( #6021, #3939, #3399, #2646 ) ) ;
#355 = DIRECTION ( 'NONE',  ( 0.000000000000000000, 0.000000000000000000, 1.000000000000000000 ) ) ;
#356 = ORIENTED_EDGE ( 'NONE', *, *, #871, .T. ) ;
#357 = B_SPLINE_CURVE_WITH_KNOTS ( 'NONE', 3,
 ( #1912, #3854, #3794, #4368, #5778, #1140, #3558, #1585, #83, #3461, #3040, #1997, #147, #2087, #1488, #5870, #3491, #1555, #5491, #2122, #2032, #3072, #4037, #5931, #4522, #4917, #3977, #5425, #5396, #5009 ),
 .UNSPECIFIED., .F., .F.,
 ( 4, 2, 2, 2, 2, 2, 2, 2, 2, 2, 2, 2, 2, 2, 4 ),
 ( 0.000000000000000000, 0.0002947355079973008169, 0.0005894710159946016338, 0.0008842065239919025049, 0.001178942031989203268, 0.001768413047983804142, 0.002357884063978404800, 0.002652619571975704804, 0.002947355079973004374, 0.003242090587970304378, 0.003536826095967603948, 0.003831561603964903518, 0.004126297111962203522, 0.004421032619959503959, 0.004715768127956802662 ),
 .UNSPECIFIED. ) ;
#358 = VERTEX_POINT ( 'NONE', #5825 ) ;
#359 = DIRECTION ( 'NONE',  ( 0.000000000000000000, -1.000000000000000000, 0.000000000000000000 ) ) ;
#360 = CARTESIAN_POINT ( 'NONE',  ( 19.50000000000000355, -44.67814575986520964, 4.000000000000000000 ) ) ;
#361 = DIRECTION ( 'NONE',  ( -0.000000000000000000, -0.000000000000000000, 1.000000000000000000 ) ) ;
#362 = ADVANCED_FACE ( 'NONE', ( #5732, #1477, #5350, #2905, #1875 ), #4885, .F. ) ;
#363 = CARTESIAN_POINT ( 'NONE',  ( -19.49999999999999645, -43.67814575986520964, 0.000000000000000000 ) ) ;
#364 = ORIENTED_EDGE ( 'NONE', *, *, #1704, .F. ) ;
#365 = DIRECTION ( 'NONE',  ( -1.000000000000000000, 0.000000000000000000, 0.000000000000000000 ) ) ;
#366 = ORIENTED_EDGE ( 'NONE', *, *, #4424, .T. ) ;
#367 = CARTESIAN_POINT ( 'NONE',  ( -11.81786251617137928, -10.00000000000000000, 10.92715187696833823 ) ) ;
#368 = CARTESIAN_POINT ( 'NONE',  ( -19.49999999999999645, -43.67814575986520964, 52.00000000000000000 ) ) ;
#369 = PLANE ( 'NONE',  #2385 ) ;
#370 = CARTESIAN_POINT ( 'NONE',  ( 12.58784713141547051, -22.25252334941183463, 3.400314497812017223 ) ) ;
#371 = EDGE_CURVE ( 'NONE', #6146, #5883, #2689, .T. ) ;
#372 = ADVANCED_FACE ( 'NONE', ( #3320 ), #880, .F. ) ;
#373 = EDGE_LOOP ( 'NONE', ( #5699, #1924, #47, #4938 ) ) ;
#374 = CIRCLE ( 'NONE', #4132, 1.499999999999999556 ) ;
#375 = DIRECTION ( 'NONE',  ( -0.000000000000000000, -0.000000000000000000, -1.000000000000000000 ) ) ;
#376 = ORIENTED_EDGE ( 'NONE', *, *, #1497, .F. ) ;
#377 = DIRECTION ( 'NONE',  ( 0.000000000000000000, 0.000000000000000000, -1.000000000000000000 ) ) ;
#378 = ORIENTED_EDGE ( 'NONE', *, *, #3323, .T. ) ;
#379 = CARTESIAN_POINT ( 'NONE',  ( -15.50000000000000000, -10.00000000000000000, 46.00000000000000000 ) ) ;
#380 = EDGE_CURVE ( 'NONE', #2866, #2837, #6276, .T. ) ;
#381 = ADVANCED_FACE ( 'NONE', ( #1448 ), #496, .F. ) ;
#382 = VECTOR ( 'NONE', #3604, 1000.000000000000000 ) ;
#383 = DIRECTION ( 'NONE',  ( 0.000000000000000000, 0.000000000000000000, 1.000000000000000000 ) ) ;
#384 = DIRECTION ( 'NONE',  ( 1.000000000000000000, 1.172673560416567696E-16, -0.000000000000000000 ) ) ;
#385 = ORIENTED_EDGE ( 'NONE', *, *, #4139, .T. ) ;
#386 = CARTESIAN_POINT ( 'NONE',  ( 13.64213748382862867, 0.000000000000000000, 37.88715187696832487 ) ) ;
#387 = AXIS2_PLACEMENT_3D ( 'NONE', #664, #3104, #2092 ) ;
#388 = ORIENTED_EDGE ( 'NONE', *, *, #4264, .T. ) ;
#389 = CIRCLE ( 'NONE', #4759, 1.000000000000000888 ) ;
#390 = CIRCLE ( 'NONE', #5560, 1.000000000000000000 ) ;
#391 = EDGE_LOOP ( 'NONE', ( #465, #3949 ) ) ;
#392 = LINE ( 'NONE', #4377, #3936 ) ;
#393 = AXIS2_PLACEMENT_3D ( 'NONE', #3056, #3173, #5981 ) ;
#394 = VECTOR ( 'NONE', #6182, 1000.000000000000000 ) ;
#395 = CARTESIAN_POINT ( 'NONE',  ( 3.469446951953615767E-15, -60.50000000000000000, 46.00000000000000000 ) ) ;
#396 = FACE_OUTER_BOUND ( 'NONE', #616, .T. ) ;
#397 = FACE_OUTER_BOUND ( 'NONE', #6201, .T. ) ;
#398 = VECTOR ( 'NONE', #5108, 1000.000000000000000 ) ;
#399 = AXIS2_PLACEMENT_3D ( 'NONE', #2049, #1571, #3997 ) ;
#400 = ORIENTED_EDGE ( 'NONE', *, *, #5524, .F. ) ;
#401 = CARTESIAN_POINT ( 'NONE',  ( 4.539809849142472764, -45.67814575986520964, 1.000000000000000000 ) ) ;
#402 = ORIENTED_EDGE ( 'NONE', *, *, #1772, .F. ) ;
#403 = FACE_OUTER_BOUND ( 'NONE', #4718, .T. ) ;
#404 = CIRCLE ( 'NONE', #5979, 2.749999999999999112 ) ;
#405 = DIRECTION ( 'NONE',  ( 0.000000000000000000, 0.000000000000000000, -1.000000000000000000 ) ) ;
#406 = DIRECTION ( 'NONE',  ( 0.000000000000000000, -1.000000000000000000, 0.000000000000000000 ) ) ;
#407 = CARTESIAN_POINT ( 'NONE',  ( 19.50000000000000355, -58.75735931288073743, -5.000000000000011546 ) ) ;
#408 = VERTEX_POINT ( 'NONE', #6217 ) ;
#409 = APPROVAL_STATUS ( 'not_yet_approved' ) ;
#410 = ADVANCED_FACE ( 'NONE', ( #5764 ), #3386, .F. ) ;
#411 = CARTESIAN_POINT ( 'NONE',  ( 5.758356962892690056, -13.84179138020920874, 47.29790194880474985 ) ) ;
#412 = CARTESIAN_POINT ( 'NONE',  ( 7.228536437782728363, -14.69115132677717916, 5.006881866360887834 ) ) ;
#413 = CARTESIAN_POINT ( 'NONE',  ( 19.50000000000000355, -45.67814575986520964, 48.00000000000000000 ) ) ;
#414 = DIRECTION ( 'NONE',  ( 1.000000000000000000, 0.000000000000000000, -0.000000000000000000 ) ) ;
#415 = CIRCLE ( 'NONE', #3868, 1.000000000000000888 ) ;
#416 = LINE ( 'NONE', #1789, #5541 ) ;
#417 = CARTESIAN_POINT ( 'NONE',  ( 15.50000000000000000, -10.00000000000000178, 3.000000000000000000 ) ) ;
#418 = ORIENTED_EDGE ( 'NONE', *, *, #696, .F. ) ;
#419 = DIRECTION ( 'NONE',  ( -0.000000000000000000, 0.000000000000000000, 1.000000000000000000 ) ) ;
#420 = ADVANCED_FACE ( 'NONE', ( #2021 ), #5415, .F. ) ;
#421 = AXIS2_PLACEMENT_3D ( 'NONE', #3680, #1323, #779 ) ;
#422 = EDGE_CURVE ( 'NONE', #1470, #4558, #624, .T. ) ;
#423 = VERTEX_POINT ( 'NONE', #2517 ) ;
#424 = ORIENTED_EDGE ( 'NONE', *, *, #503, .F. ) ;
#425 = DIRECTION ( 'NONE',  ( 1.000000000000000000, 0.000000000000000000, 0.000000000000000000 ) ) ;
#426 = EDGE_CURVE ( 'NONE', #2026, #2833, #3509, .T. ) ;
#427 = ORIENTED_EDGE ( 'NONE', *, *, #3652, .T. ) ;
#428 = CARTESIAN_POINT ( 'NONE',  ( -12.99764422145080900, -25.25252334941184529, 48.30329754005180831 ) ) ;
#429 = DIRECTION ( 'NONE',  ( -0.000000000000000000, 0.000000000000000000, 1.000000000000000000 ) ) ;
#430 = DIRECTION ( 'NONE',  ( 0.000000000000000000, 1.000000000000000000, 0.000000000000000000 ) ) ;
#431 = ORIENTED_EDGE ( 'NONE', *, *, #2665, .T. ) ;
#432 = CIRCLE ( 'NONE', #2155, 1.500000000000001332 ) ;
#433 = FACE_OUTER_BOUND ( 'NONE', #1369, .T. ) ;
#434 = CARTESIAN_POINT ( 'NONE',  ( 6.539809849142472764, -43.67814575986520964, 51.00000000000000000 ) ) ;
#435 = CARTESIAN_POINT ( 'NONE',  ( 12.75000000000000355, -40.99999999999999289, 6.000000000000000000 ) ) ;
#436 = CARTESIAN_POINT ( 'NONE',  ( -15.50000000000000000, -10.00000000000000000, 3.000000000000000000 ) ) ;
#437 = VERTEX_POINT ( 'NONE', #5951 ) ;
#438 = APPROVAL_PERSON_ORGANIZATION ( #4296, #549, #3720 ) ;
#439 = DIRECTION ( 'NONE',  ( 0.000000000000000000, 0.000000000000000000, -1.000000000000000000 ) ) ;
#440 = ORIENTED_EDGE ( 'NONE', *, *, #5805, .F. ) ;
#441 = CARTESIAN_POINT ( 'NONE',  ( 8.159753463939596330, -15.37624077898441932, 47.12067406081836651 ) ) ;
#442 = ORIENTED_EDGE ( 'NONE', *, *, #2927, .F. ) ;
#443 = DIRECTION ( 'NONE',  ( 0.000000000000000000, -1.000000000000000000, 0.000000000000000000 ) ) ;
#444 = CARTESIAN_POINT ( 'NONE',  ( -24.22261749071093107, -7.000000000000000000, 6.938893903907228378E-15 ) ) ;
#445 = FACE_OUTER_BOUND ( 'NONE', #2930, .T. ) ;
#446 = CARTESIAN_POINT ( 'NONE',  ( -4.358820447471741133, -13.25252334941183818, 3.499999999999996003 ) ) ;
#447 = EDGE_CURVE ( 'NONE', #5898, #5033, #5639, .T. ) ;
#448 = LINE ( 'NONE', #895, #3168 ) ;
#449 = CARTESIAN_POINT ( 'NONE',  ( -10.86906707174016518, -69.00000000000000000, 51.00000000000000000 ) ) ;
#450 = VERTEX_POINT ( 'NONE', #1060 ) ;
#451 = EDGE_CURVE ( 'NONE', #5208, #2667, #138, .T. ) ;
#452 = ADVANCED_FACE ( 'NONE', ( #169 ), #5895, .F. ) ;
#453 = ORIENTED_EDGE ( 'NONE', *, *, #2585, .T. ) ;
#454 = DIRECTION ( 'NONE',  ( 0.000000000000000000, 0.000000000000000000, -1.000000000000000000 ) ) ;
#455 = VERTEX_POINT ( 'NONE', #2967 ) ;
#456 = ORIENTED_EDGE ( 'NONE', *, *, #5972, .F. ) ;
#457 = CARTESIAN_POINT ( 'NONE',  ( -12.93783528842134167, -24.22688952211948532, 49.92642176736215731 ) ) ;
#458 = EDGE_CURVE ( 'NONE', #4720, #4189, #2899, .T. ) ;
#459 = CARTESIAN_POINT ( 'NONE',  ( -20.49999999999999645, -44.67814575986520964, -5.000000000000011546 ) ) ;
#460 = CARTESIAN_POINT ( 'NONE',  ( 13.64213748382861979, -6.999999999999978684, 13.92715187696833290 ) ) ;
#461 = CARTESIAN_POINT ( 'NONE',  ( -12.99999999999999822, -25.50000000000000355, 52.00000000000000000 ) ) ;
#462 = CARTESIAN_POINT ( 'NONE',  ( -29.99999999999999289, -72.50000000000001421, 0.000000000000000000 ) ) ;
#463 = CARTESIAN_POINT ( 'NONE',  ( 5.539809849142472764, -45.67814575986520964, 1.000000000000000000 ) ) ;
#464 = DIRECTION ( 'NONE',  ( -0.000000000000000000, -0.000000000000000000, -1.000000000000000000 ) ) ;
#465 = ORIENTED_EDGE ( 'NONE', *, *, #2196, .F. ) ;
#466 = AXIS2_PLACEMENT_3D ( 'NONE', #5203, #1200, #1809 ) ;
#467 = CARTESIAN_POINT ( 'NONE',  ( -7.228536437782724811, -14.69115132677718627, 1.993118133639105283 ) ) ;
#468 = ORIENTED_EDGE ( 'NONE', *, *, #6125, .F. ) ;
#469 = FACE_OUTER_BOUND ( 'NONE', #354, .T. ) ;
#470 = ORIENTED_EDGE ( 'NONE', *, *, #1662, .T. ) ;
#471 = CARTESIAN_POINT ( 'NONE',  ( 8.152139359165493815, -15.37268090766245621, 4.868994974585747926 ) ) ;
#472 = CARTESIAN_POINT ( 'NONE',  ( 19.50000000000000355, -45.67814575986520964, 4.000000000000000000 ) ) ;
#473 = CARTESIAN_POINT ( 'NONE',  ( -15.50000000000000000, -10.00000000000000000, 0.000000000000000000 ) ) ;
#474 = DIRECTION ( 'NONE',  ( 0.9095261976375372814, 0.4156465996625061665, 0.000000000000000000 ) ) ;
#475 = VECTOR ( 'NONE', #2916, 1000.000000000000000 ) ;
#476 = CARTESIAN_POINT ( 'NONE',  ( -13.99999999999999822, -10.00000000000000000, 49.00000000000000000 ) ) ;
#477 = CARTESIAN_POINT ( 'NONE',  ( -15.50000000000000000, -10.00000000000000000, 52.00000000000000000 ) ) ;
#478 = VECTOR ( 'NONE', #4408, 1000.000000000000000 ) ;
#479 = ORIENTED_EDGE ( 'NONE', *, *, #611, .F. ) ;
#480 = CIRCLE ( 'NONE', #4351, 1.500000000000001332 ) ;
#481 = VERTEX_POINT ( 'NONE', #4972 ) ;
#482 = CARTESIAN_POINT ( 'NONE',  ( 22.50000000000000000, -7.000000000000000000, 52.00000000000000000 ) ) ;
#483 = ADVANCED_FACE ( 'NONE', ( #4484 ), #1607, .F. ) ;
#484 = ORIENTED_EDGE ( 'NONE', *, *, #5524, .T. ) ;
#485 = ORIENTED_EDGE ( 'NONE', *, *, #2395, .T. ) ;
#486 = VECTOR ( 'NONE', #689, 1000.000000000000000 ) ;
#487 = CARTESIAN_POINT ( 'NONE',  ( -12.92830766986439350, -24.13317017002911768, 49.95419990757434903 ) ) ;
#488 = VECTOR ( 'NONE', #5841, 1000.000000000000000 ) ;
#489 = FACE_OUTER_BOUND ( 'NONE', #5718, .T. ) ;
#490 = VECTOR ( 'NONE', #5539, 1000.000000000000000 ) ;
#491 = CIRCLE ( 'NONE', #4053, 1.000000000000000888 ) ;
#492 = EDGE_CURVE ( 'NONE', #4684, #5256, #4437, .T. ) ;
#493 = EDGE_CURVE ( 'NONE', #1825, #3487, #6044, .T. ) ;
#494 = CARTESIAN_POINT ( 'NONE',  ( 0.9121374838286215869, 0.000000000000000000, 25.15715187696833866 ) ) ;
#495 = DIRECTION ( 'NONE',  ( -1.000000000000000000, 0.000000000000000000, 0.000000000000000000 ) ) ;
#496 = CYLINDRICAL_SURFACE ( 'NONE', #1896, 2.749999999999999112 ) ;
#497 = CARTESIAN_POINT ( 'NONE',  ( 12.72365396687464134, -22.83008103520237952, 2.301302624957411780 ) ) ;
#498 = CIRCLE ( 'NONE', #1207, 1.500000000000001332 ) ;
#499 = AXIS2_PLACEMENT_3D ( 'NONE', #5027, #6017, #136 ) ;
#500 = ORIENTED_EDGE ( 'NONE', *, *, #3715, .T. ) ;
#501 = DIRECTION ( 'NONE',  ( 0.000000000000000000, 0.000000000000000000, 1.000000000000000000 ) ) ;
#502 = ORIENTED_EDGE ( 'NONE', *, *, #2298, .T. ) ;
#503 = EDGE_CURVE ( 'NONE', #1988, #3747, #3729, .T. ) ;
#504 = FACE_BOUND ( 'NONE', #4862, .T. ) ;
#505 = VERTEX_POINT ( 'NONE', #1512 ) ;
#506 = DIRECTION ( 'NONE',  ( 0.000000000000000000, 0.000000000000000000, -1.000000000000000000 ) ) ;
#507 = EDGE_LOOP ( 'NONE', ( #5634, #4965, #628, #708, #644, #1349, #258, #1691, #1836, #5830 ) ) ;
#508 = CARTESIAN_POINT ( 'NONE',  ( 13.00000000000000533, -25.50000000000000355, 56.00000000000002132 ) ) ;
#509 = CARTESIAN_POINT ( 'NONE',  ( -4.428508954356644267, -13.27751523048848448, 3.781112851879341541 ) ) ;
#510 = AXIS2_PLACEMENT_3D ( 'NONE', #1969, #5959, #5489 ) ;
#511 = LINE ( 'NONE', #4370, #16 ) ;
#512 = FACE_BOUND ( 'NONE', #3094, .T. ) ;
#513 = CIRCLE ( 'NONE', #4073, 1.500000000000001332 ) ;
#514 = EDGE_LOOP ( 'NONE', ( #552, #648, #5512, #4181 ) ) ;
#515 = AXIS2_PLACEMENT_3D ( 'NONE', #1377, #5254, #3382 ) ;
#516 = ORIENTED_EDGE ( 'NONE', *, *, #4422, .T. ) ;
#517 = CARTESIAN_POINT ( 'NONE',  ( -6.685875052008637631, -69.00000000000000000, 1.000000000000000000 ) ) ;
#518 = ORIENTED_EDGE ( 'NONE', *, *, #855, .F. ) ;
#519 = ORIENTED_EDGE ( 'NONE', *, *, #3725, .F. ) ;
#520 = CARTESIAN_POINT ( 'NONE',  ( -12.59039670961113444, -22.26236121956707592, 48.69762442092864063 ) ) ;
#521 = EDGE_CURVE ( 'NONE', #5935, #3063, #5510, .T. ) ;
#522 = ORIENTED_EDGE ( 'NONE', *, *, #5392, .F. ) ;
#523 = LINE ( 'NONE', #3383, #1124 ) ;
#524 = DIRECTION ( 'NONE',  ( 1.000000000000000000, 0.000000000000000000, 0.000000000000000000 ) ) ;
#525 = CARTESIAN_POINT ( 'NONE',  ( 20.91421356237309581, -60.17157287525382969, 52.00000000000000000 ) ) ;
#526 = FACE_BOUND ( 'NONE', #6287, .T. ) ;
#527 = ORIENTED_EDGE ( 'NONE', *, *, #4085, .T. ) ;
#528 = ADVANCED_FACE ( 'NONE', ( #1160, #1573, #3452, #2076, #4025, #71, #653, #3092, #526, #5387 ), #2455, .F. ) ;
#529 = CARTESIAN_POINT ( 'NONE',  ( -9.114878434570712784, -16.23057295097878949, 3.208180655777209900 ) ) ;
#530 = EDGE_CURVE ( 'NONE', #1479, #1482, #5334, .T. ) ;
#531 = VERTEX_POINT ( 'NONE', #2703 ) ;
#532 = AXIS2_PLACEMENT_3D ( 'NONE', #2760, #384, #6198 ) ;
#533 = ORIENTED_EDGE ( 'NONE', *, *, #3800, .F. ) ;
#534 = LINE ( 'NONE', #211, #2018 ) ;
#535 = CARTESIAN_POINT ( 'NONE',  ( -22.49999999999999645, -59.04554884989668295, 46.00000000000000000 ) ) ;
#536 = DIRECTION ( 'NONE',  ( 1.000000000000000000, 0.000000000000000000, 0.000000000000000000 ) ) ;
#537 = CARTESIAN_POINT ( 'NONE',  ( 15.50000000000000000, -10.00000000000000178, 52.00000000000000000 ) ) ;
#538 = DIRECTION ( 'NONE',  ( 0.000000000000000000, 0.000000000000000000, -1.000000000000000000 ) ) ;
#539 = EDGE_CURVE ( 'NONE', #3534, #4329, #2203, .T. ) ;
#540 = CARTESIAN_POINT ( 'NONE',  ( 6.539809849142475429, -69.00000000000000000, 52.00000000000000000 ) ) ;
#541 = ORIENTED_EDGE ( 'NONE', *, *, #4954, .F. ) ;
#542 = VERTEX_POINT ( 'NONE', #305 ) ;
#543 = DIRECTION ( 'NONE',  ( -0.000000000000000000, 1.000000000000000000, -0.000000000000000000 ) ) ;
#544 = ORIENTED_EDGE ( 'NONE', *, *, #59, .F. ) ;
#545 = EDGE_LOOP ( 'NONE', ( #1026, #592, #6108, #2520 ) ) ;
#546 = CARTESIAN_POINT ( 'NONE',  ( -12.99387413405358949, -25.09915018965289235, 49.16810335538254151 ) ) ;
#547 = FACE_BOUND ( 'NONE', #148, .T. ) ;
#548 = DIRECTION ( 'NONE',  ( 0.000000000000000000, 0.000000000000000000, 1.000000000000000000 ) ) ;
#549 = APPROVAL ( #2753, 'UNSPECIFIED' ) ;
#550 = LINE ( 'NONE', #2050, #590 ) ;
#551 = DIRECTION ( 'NONE',  ( 0.000000000000000000, 0.000000000000000000, 1.000000000000000000 ) ) ;
#552 = ORIENTED_EDGE ( 'NONE', *, *, #2772, .T. ) ;
#553 = FACE_OUTER_BOUND ( 'NONE', #2369, .T. ) ;
#554 = EDGE_LOOP ( 'NONE', ( #2077, #1909, #2352, #959 ) ) ;
#555 = ORIENTED_EDGE ( 'NONE', *, *, #760, .F. ) ;
#556 = PLANE ( 'NONE',  #4948 ) ;
#557 = EDGE_CURVE ( 'NONE', #5215, #3388, #748, .T. ) ;
#558 = FACE_OUTER_BOUND ( 'NONE', #545, .T. ) ;
#559 = EDGE_CURVE ( 'NONE', #2356, #5256, #6047, .T. ) ;
#560 = AXIS2_PLACEMENT_3D ( 'NONE', #413, #6224, #2405 ) ;
#561 = DIRECTION ( 'NONE',  ( -1.000000000000000000, 0.000000000000000000, 0.000000000000000000 ) ) ;
#562 = CARTESIAN_POINT ( 'NONE',  ( -6.685875052008637631, -67.00000000000000000, -5.000000000000011546 ) ) ;
#563 = CARTESIAN_POINT ( 'NONE',  ( -8.570763945842520215, -15.72175461843904820, 49.66282166542934107 ) ) ;
#564 = CARTESIAN_POINT ( 'NONE',  ( 13.99999999999999822, -10.00000000000000178, 3.000000000000002665 ) ) ;
#565 = AXIS2_PLACEMENT_3D ( 'NONE', #5128, #2238, #3184 ) ;
#566 = DIRECTION ( 'NONE',  ( 0.000000000000000000, -0.000000000000000000, 1.000000000000000000 ) ) ;
#567 = CARTESIAN_POINT ( 'NONE',  ( 8.830543400721582614, -15.95897874999666044, 49.40031056808891918 ) ) ;
#568 = EDGE_CURVE ( 'NONE', #340, #2327, #5234, .T. ) ;
#569 = VERTEX_POINT ( 'NONE', #815 ) ;
#570 = EDGE_CURVE ( 'NONE', #2667, #4825, #5536, .T. ) ;
#571 = ORIENTED_EDGE ( 'NONE', *, *, #2897, .T. ) ;
#572 = CIRCLE ( 'NONE', #5643, 13.00000000000000178 ) ;
#573 = FACE_BOUND ( 'NONE', #4031, .T. ) ;
#574 = EDGE_LOOP ( 'NONE', ( #5391, #2842, #3893, #139 ) ) ;
#575 = ADVANCED_FACE ( 'NONE', ( #2672 ), #2263, .F. ) ;
#576 = CARTESIAN_POINT ( 'NONE',  ( 15.50000000000000000, -10.00000000000000178, 52.00000000000000000 ) ) ;
#577 = AXIS2_PLACEMENT_3D ( 'NONE', #3054, #643, #2957 ) ;
#578 = ORIENTED_EDGE ( 'NONE', *, *, #6148, .T. ) ;
#579 = CARTESIAN_POINT ( 'NONE',  ( -5.685875052008637631, -67.00000000000000000, 48.00000000000000000 ) ) ;
#580 = CIRCLE ( 'NONE', #2915, 1.500000000000001332 ) ;
#581 = ORIENTED_EDGE ( 'NONE', *, *, #3608, .T. ) ;
#582 = CARTESIAN_POINT ( 'NONE',  ( -12.60763322818843157, -22.32996819197835947, 3.985807651221132453 ) ) ;
#583 = AXIS2_PLACEMENT_3D ( 'NONE', #6092, #213, #6053 ) ;
#584 = AXIS2_PLACEMENT_3D ( 'NONE', #1044, #5899, #3458 ) ;
#585 = DIRECTION ( 'NONE',  ( 0.000000000000000000, 0.000000000000000000, 1.000000000000000000 ) ) ;
#586 = DIRECTION ( 'NONE',  ( 0.000000000000000000, 0.000000000000000000, 1.000000000000000000 ) ) ;
#587 = DIRECTION ( 'NONE',  ( 0.000000000000000000, 1.000000000000000000, 0.000000000000000000 ) ) ;
#588 = EDGE_LOOP ( 'NONE', ( #210, #848, #385, #3983 ) ) ;
#589 = CARTESIAN_POINT ( 'NONE',  ( -12.75000000000000178, -10.00000000000000000, 46.00000000000000000 ) ) ;
#590 = VECTOR ( 'NONE', #3028, 1000.000000000000000 ) ;
#591 = CIRCLE ( 'NONE', #5868, 0.9999999999999991118 ) ;
#592 = ORIENTED_EDGE ( 'NONE', *, *, #4115, .F. ) ;
#593 = EDGE_LOOP ( 'NONE', ( #2752, #3711, #2912, #4533 ) ) ;
#594 = DIRECTION ( 'NONE',  ( -0.000000000000000000, -0.000000000000000000, 1.000000000000000000 ) ) ;
#595 = AXIS2_PLACEMENT_3D ( 'NONE', #6195, #4776, #414 ) ;
#596 = CYLINDRICAL_SURFACE ( 'NONE', #4681, 1.000000000000000000 ) ;
#597 = AXIS2_PLACEMENT_3D ( 'NONE', #4633, #746, #622 ) ;
#598 = DIRECTION ( 'NONE',  ( -1.000000000000000000, 0.000000000000000000, 0.000000000000000000 ) ) ;
#599 = DIRECTION ( 'NONE',  ( 0.000000000000000000, 0.000000000000000000, -1.000000000000000000 ) ) ;
#600 = ORIENTED_EDGE ( 'NONE', *, *, #1772, .T. ) ;
#601 = CARTESIAN_POINT ( 'NONE',  ( 5.539809849142472764, -44.67814575986520964, 4.000000000000000000 ) ) ;
#602 = EDGE_CURVE ( 'NONE', #5768, #3077, #4121, .T. ) ;
#603 = AXIS2_PLACEMENT_3D ( 'NONE', #5999, #5612, #1265 ) ;
#604 = AXIS2_PLACEMENT_3D ( 'NONE', #3542, #3965, #35 ) ;
#605 = DIRECTION ( 'NONE',  ( -1.000000000000000000, 0.000000000000000000, -0.000000000000000000 ) ) ;
#606 = CARTESIAN_POINT ( 'NONE',  ( 15.50000000000000355, -40.99999999999999289, 3.000000000000002665 ) ) ;
#607 = ORIENTED_EDGE ( 'NONE', *, *, #5273, .F. ) ;
#608 = AXIS2_PLACEMENT_3D ( 'NONE', #5197, #5101, #4758 ) ;
#609 = DIRECTION ( 'NONE',  ( 1.115728272363205951E-16, -1.000000000000000000, 0.000000000000000000 ) ) ;
#610 = FACE_OUTER_BOUND ( 'NONE', #6265, .T. ) ;
#611 = EDGE_CURVE ( 'NONE', #4465, #2820, #2611, .T. ) ;
#612 = ADVANCED_FACE ( 'NONE', ( #5602 ), #207, .T. ) ;
#613 = ORIENTED_EDGE ( 'NONE', *, *, #1389, .T. ) ;
#614 = LINE ( 'NONE', #3469, #1697 ) ;
#615 = VECTOR ( 'NONE', #172, 1000.000000000000000 ) ;
#616 = EDGE_LOOP ( 'NONE', ( #1829, #2293, #1234, #322 ) ) ;
#617 = FACE_OUTER_BOUND ( 'NONE', #574, .T. ) ;
#618 = AXIS2_PLACEMENT_3D ( 'NONE', #1121, #155, #2097 ) ;
#619 = EDGE_CURVE ( 'NONE', #4450, #4587, #671, .T. ) ;
#620 = ORIENTED_EDGE ( 'NONE', *, *, #6132, .T. ) ;
#621 = DIRECTION ( 'NONE',  ( 0.000000000000000000, 0.000000000000000000, -1.000000000000000000 ) ) ;
#622 = DIRECTION ( 'NONE',  ( 1.000000000000000000, 0.000000000000000000, 0.000000000000000000 ) ) ;
#623 = DIRECTION ( 'NONE',  ( 0.000000000000000000, 0.000000000000000000, 1.000000000000000000 ) ) ;
#624 = LINE ( 'NONE', #4060, #5436 ) ;
#625 = VERTEX_POINT ( 'NONE', #6083 ) ;
#626 = CARTESIAN_POINT ( 'NONE',  ( 5.539809849142475429, -67.00000000000000000, 0.000000000000000000 ) ) ;
#627 = VERTEX_POINT ( 'NONE', #2741 ) ;
#628 = ORIENTED_EDGE ( 'NONE', *, *, #3918, .T. ) ;
#629 = PLANE ( 'NONE',  #1920 ) ;
#630 = DIRECTION ( 'NONE',  ( 1.000000000000000000, 0.000000000000000000, 0.000000000000000000 ) ) ;
#631 = DIRECTION ( 'NONE',  ( -1.000000000000000000, 0.000000000000000000, 0.000000000000000000 ) ) ;
#632 = CARTESIAN_POINT ( 'NONE',  ( 20.50000000000000355, -58.75735931288073743, 1.000000000000000000 ) ) ;
#633 = EDGE_LOOP ( 'NONE', ( #3280, #1273, #686, #76 ) ) ;
#634 = CARTESIAN_POINT ( 'NONE',  ( -11.81786251617137928, 0.000000000000000000, 12.42715187696833645 ) ) ;
#635 = CYLINDRICAL_SURFACE ( 'NONE', #5965, 13.00000000000000178 ) ;
#636 = LINE ( 'NONE', #4464, #488 ) ;
#637 = VECTOR ( 'NONE', #6008, 1000.000000000000000 ) ;
#638 = ORIENTED_EDGE ( 'NONE', *, *, #611, .T. ) ;
#639 = EDGE_CURVE ( 'NONE', #2963, #505, #2994, .T. ) ;
#640 = CARTESIAN_POINT ( 'NONE',  ( 12.77407000420387817, -23.08515505246284860, 4.846884718738670550 ) ) ;
#641 = FACE_OUTER_BOUND ( 'NONE', #2047, .T. ) ;
#642 = ORIENTED_EDGE ( 'NONE', *, *, #2189, .F. ) ;
#643 = DIRECTION ( 'NONE',  ( 0.000000000000000000, 0.000000000000000000, -1.000000000000000000 ) ) ;
#644 = ORIENTED_EDGE ( 'NONE', *, *, #5691, .T. ) ;
#645 = EDGE_CURVE ( 'NONE', #3587, #683, #4240, .T. ) ;
#646 = DIRECTION ( 'NONE',  ( -1.115728272363205951E-16, 1.000000000000000000, 0.000000000000000000 ) ) ;
#647 = ADVANCED_FACE ( 'NONE', ( #5631 ), #1288, .F. ) ;
#648 = ORIENTED_EDGE ( 'NONE', *, *, #1587, .T. ) ;
#649 = CARTESIAN_POINT ( 'NONE',  ( -26.50000000000003197, -13.25252334941184351, 48.49999999999998579 ) ) ;
#650 = DIRECTION ( 'NONE',  ( -0.000000000000000000, -0.000000000000000000, -1.000000000000000000 ) ) ;
#651 = LINE ( 'NONE', #4668, #1100 ) ;
#652 = EDGE_CURVE ( 'NONE', #5989, #5416, #263, .T. ) ;
#653 = FACE_BOUND ( 'NONE', #1870, .T. ) ;
#654 = ORIENTED_EDGE ( 'NONE', *, *, #1030, .T. ) ;
#655 = CARTESIAN_POINT ( 'NONE',  ( -19.49999999999999645, -44.67814575986520964, 4.000000000000000000 ) ) ;
#656 = ORIENTED_EDGE ( 'NONE', *, *, #3800, .T. ) ;
#657 = ORIENTED_EDGE ( 'NONE', *, *, #932, .F. ) ;
#658 = PLANE ( 'NONE',  #5257 ) ;
#659 = CARTESIAN_POINT ( 'NONE',  ( 5.539809849142472764, -45.67814575986520964, 51.00000000000000000 ) ) ;
#660 = CARTESIAN_POINT ( 'NONE',  ( 19.50000000000000355, -43.67814575986520964, 52.00000000000000000 ) ) ;
#661 = CARTESIAN_POINT ( 'NONE',  ( -15.49999999999999645, -41.00000000000000000, 3.000000000000000000 ) ) ;
#662 = VERTEX_POINT ( 'NONE', #5402 ) ;
#663 = CARTESIAN_POINT ( 'NONE',  ( 14.00000000000000178, -40.99999999999999289, 0.000000000000000000 ) ) ;
#664 = CARTESIAN_POINT ( 'NONE',  ( -19.49999999999999645, -57.48990136207992663, 52.00000000000000000 ) ) ;
#665 = DIRECTION ( 'NONE',  ( -1.000000000000000000, 0.000000000000000000, 0.000000000000000000 ) ) ;
#666 = ORIENTED_EDGE ( 'NONE', *, *, #2348, .F. ) ;
#667 = DIRECTION ( 'NONE',  ( -0.000000000000000000, -0.000000000000000000, -1.000000000000000000 ) ) ;
#668 = FACE_OUTER_BOUND ( 'NONE', #3310, .T. ) ;
#669 = ORIENTED_EDGE ( 'NONE', *, *, #2111, .F. ) ;
#670 = LINE ( 'NONE', #3082, #1494 ) ;
#671 = CIRCLE ( 'NONE', #5030, 1.000000000000001110 ) ;
#672 = ORIENTED_EDGE ( 'NONE', *, *, #4460, .F. ) ;
#673 = AXIS2_PLACEMENT_3D ( 'NONE', #331, #2700, #1796 ) ;
#674 = ORIENTED_EDGE ( 'NONE', *, *, #1781, .T. ) ;
#675 = CARTESIAN_POINT ( 'NONE',  ( -12.90652898516504976, -23.94087442908943686, 4.991346118115973951 ) ) ;
#676 = ADVANCED_FACE ( 'NONE', ( #3374 ), #5815, .T. ) ;
#677 = DIRECTION ( 'NONE',  ( 1.000000000000000000, 0.000000000000000000, 0.000000000000000000 ) ) ;
#678 = LINE ( 'NONE', #2550, #4266 ) ;
#679 = CARTESIAN_POINT ( 'NONE',  ( -20.94810886397753080, -58.86938703365093062, 52.00000000000000000 ) ) ;
#680 = AXIS2_PLACEMENT_3D ( 'NONE', #3921, #543, #1500 ) ;
#681 = DIRECTION ( 'NONE',  ( 0.000000000000000000, -1.000000000000000000, 0.000000000000000000 ) ) ;
#682 = DIRECTION ( 'NONE',  ( -0.000000000000000000, -0.000000000000000000, 1.000000000000000000 ) ) ;
#683 = VERTEX_POINT ( 'NONE', #2982 ) ;
#684 = EDGE_CURVE ( 'NONE', #4419, #3055, #4925, .T. ) ;
#685 = ADVANCED_FACE ( 'NONE', ( #2096 ), #4499, .T. ) ;
#686 = ORIENTED_EDGE ( 'NONE', *, *, #769, .T. ) ;
#687 = AXIS2_PLACEMENT_3D ( 'NONE', #1492, #1558, #4922 ) ;
#688 = CARTESIAN_POINT ( 'NONE',  ( 17.00000000000000355, -40.99999999999999289, 52.00000000000000000 ) ) ;
#689 = DIRECTION ( 'NONE',  ( -0.000000000000000000, -0.000000000000000000, -1.000000000000000000 ) ) ;
#690 = DIRECTION ( 'NONE',  ( 1.000000000000000000, 0.000000000000000000, 0.000000000000000000 ) ) ;
#691 = CARTESIAN_POINT ( 'NONE',  ( -12.75758263690692651, -22.99982147338739935, 2.198884887868364224 ) ) ;
#692 = CIRCLE ( 'NONE', #2812, 0.9999999999999991118 ) ;
#693 = CIRCLE ( 'NONE', #1819, 35.50000000000001421 ) ;
#694 = ORIENTED_EDGE ( 'NONE', *, *, #2242, .F. ) ;
#695 = CARTESIAN_POINT ( 'NONE',  ( -22.50000000000000000, -13.25252334941184351, 48.49999999999998579 ) ) ;
#696 = EDGE_CURVE ( 'NONE', #1470, #1231, #1289, .T. ) ;
#697 = AXIS2_PLACEMENT_3D ( 'NONE', #2328, #6236, #6209 ) ;
#698 = AXIS2_PLACEMENT_3D ( 'NONE', #4794, #3354, #312 ) ;
#699 = DIRECTION ( 'NONE',  ( 0.000000000000000000, 1.000000000000000000, 0.000000000000000000 ) ) ;
#700 = LINE ( 'NONE', #5113, #1623 ) ;
#701 = ORIENTED_EDGE ( 'NONE', *, *, #5853, .F. ) ;
#702 = CARTESIAN_POINT ( 'NONE',  ( 12.59844111860275540, -22.29293097336653773, 3.897212168308583191 ) ) ;
#703 = CIRCLE ( 'NONE', #6278, 2.749999999999999112 ) ;
#704 = CARTESIAN_POINT ( 'NONE',  ( -4.685875052008639408, -59.04554884989668295, 0.000000000000000000 ) ) ;
#705 = ORIENTED_EDGE ( 'NONE', *, *, #4654, .T. ) ;
#706 = DIRECTION ( 'NONE',  ( 0.7071067811865475727, 0.7071067811865475727, 0.000000000000000000 ) ) ;
#707 = AXIS2_PLACEMENT_3D ( 'NONE', #3164, #2680, #1420 ) ;
#708 = ORIENTED_EDGE ( 'NONE', *, *, #54, .T. ) ;
#709 = AXIS2_PLACEMENT_3D ( 'NONE', #4892, #3911, #145 ) ;
#710 = VERTEX_POINT ( 'NONE', #4985 ) ;
#711 = CARTESIAN_POINT ( 'NONE',  ( 12.63579489455313976, -22.44341730959600056, 49.25791080436923863 ) ) ;
#712 = CARTESIAN_POINT ( 'NONE',  ( -6.685875052008637631, -69.00000000000000000, 0.000000000000000000 ) ) ;
#713 = CARTESIAN_POINT ( 'NONE',  ( 3.469446951953615767E-15, -60.50000000000000000, 5.999999999999998224 ) ) ;
#714 = CIRCLE ( 'NONE', #4878, 1.000000000000000000 ) ;
#715 = LINE ( 'NONE', #1159, #1403 ) ;
#716 = CARTESIAN_POINT ( 'NONE',  ( 0.8240424184599304258, 0.000000000000000000, 25.15779854030026286 ) ) ;
#717 = EDGE_CURVE ( 'NONE', #1996, #4701, #2901, .T. ) ;
#718 = CARTESIAN_POINT ( 'NONE',  ( 21.50000000000000355, -45.67814575986520964, 0.000000000000000000 ) ) ;
#719 = ORIENTED_EDGE ( 'NONE', *, *, #2381, .T. ) ;
#720 = AXIS2_PLACEMENT_3D ( 'NONE', #1084, #1593, #2362 ) ;
#721 = VERTEX_POINT ( 'NONE', #251 ) ;
#722 = CARTESIAN_POINT ( 'NONE',  ( -8.261085028756687265, -15.46144808609516197, 47.17417202180310198 ) ) ;
#723 = DIRECTION ( 'NONE',  ( -1.000000000000000000, 0.000000000000000000, 0.000000000000000000 ) ) ;
#724 = FACE_OUTER_BOUND ( 'NONE', #3101, .T. ) ;
#725 = DIRECTION ( 'NONE',  ( 1.000000000000000000, 0.000000000000000000, 0.000000000000000000 ) ) ;
#726 = ADVANCED_FACE ( 'NONE', ( #3048 ), #2537, .F. ) ;
#727 = ADVANCED_FACE ( 'NONE', ( #2567 ), #1562, .F. ) ;
#728 = ORIENTED_EDGE ( 'NONE', *, *, #1182, .T. ) ;
#729 = DIRECTION ( 'NONE',  ( 0.000000000000000000, 0.000000000000000000, 1.000000000000000000 ) ) ;
#730 = LINE ( 'NONE', #4206, #1711 ) ;
#731 = ORIENTED_EDGE ( 'NONE', *, *, #3885, .F. ) ;
#732 = CARTESIAN_POINT ( 'NONE',  ( 12.98536308922323101, -24.87922585044970702, 2.504783391085006805 ) ) ;
#733 = B_SPLINE_CURVE_WITH_KNOTS ( 'NONE', 3,
 ( #1271, #5143, #794, #2721, #4683, #6157, #6251, #2784, #977, #3791, #471, #5207, #3882, #2277, #412, #2818, #2308, #5681, #3761, #1818, #5297, #889, #4773, #3364, #1364, #858, #2343, #4235 ),
 .UNSPECIFIED., .F., .F.,
 ( 4, 2, 2, 2, 2, 2, 2, 2, 2, 2, 2, 2, 2, 4 ),
 ( 0.006985428353279098806, 0.007421974064622500512, 0.007858519775965902218, 0.008295065487309304791, 0.008731611198652705630, 0.009168156909996101264, 0.009604702621339496899, 0.01047779404402628123, 0.01135088546671306903, 0.01222397688939985683, 0.01309706831208664116, 0.01353361402343003679, 0.01375188687910173374, 0.01397015973477342896 ),
 .UNSPECIFIED. ) ;
#734 = ORIENTED_EDGE ( 'NONE', *, *, #3196, .F. ) ;
#735 = ADVANCED_FACE ( 'NONE', ( #4623 ), #5014, .T. ) ;
#736 = CARTESIAN_POINT ( 'NONE',  ( 12.85325792593741667, -23.54985731639171576, 4.989417457709514281 ) ) ;
#737 = CARTESIAN_POINT ( 'NONE',  ( 21.50000000000000355, -58.75735931288073743, 51.00000000000000000 ) ) ;
#738 = VERTEX_POINT ( 'NONE', #4012 ) ;
#739 = AXIS2_PLACEMENT_3D ( 'NONE', #1435, #3494, #86 ) ;
#740 = CARTESIAN_POINT ( 'NONE',  ( 18.25000000000000000, -10.00000000000000178, 3.000000000000000000 ) ) ;
#741 = ORIENTED_EDGE ( 'NONE', *, *, #684, .T. ) ;
#742 = AXIS2_PLACEMENT_3D ( 'NONE', #3525, #3561, #245 ) ;
#743 = ORIENTED_EDGE ( 'NONE', *, *, #5077, .F. ) ;
#744 = CARTESIAN_POINT ( 'NONE',  ( -12.99746654100458798, -25.24262886704172715, 3.698276650079029615 ) ) ;
#745 = CARTESIAN_POINT ( 'NONE',  ( -5.685875052008640296, -44.67814575986520964, -5.000000000000011546 ) ) ;
#746 = DIRECTION ( 'NONE',  ( 0.000000000000000000, 0.000000000000000000, 1.000000000000000000 ) ) ;
#747 = DIRECTION ( 'NONE',  ( -1.000000000000000000, 0.000000000000000000, 0.000000000000000000 ) ) ;
#748 = LINE ( 'NONE', #6141, #2592 ) ;
#749 = DIRECTION ( 'NONE',  ( 0.000000000000000000, -0.000000000000000000, 1.000000000000000000 ) ) ;
#750 = ORIENTED_EDGE ( 'NONE', *, *, #5192, .T. ) ;
#751 = PLANE ( 'NONE',  #3346 ) ;
#752 = ORIENTED_EDGE ( 'NONE', *, *, #923, .F. ) ;
#753 = DIRECTION ( 'NONE',  ( 1.000000000000000000, 1.175176459371563913E-16, -0.000000000000000000 ) ) ;
#754 = FACE_OUTER_BOUND ( 'NONE', #507, .T. ) ;
#755 = CARTESIAN_POINT ( 'NONE',  ( 4.594349781617761863, -13.33857156165794500, 2.985274009010804974 ) ) ;
#756 = CARTESIAN_POINT ( 'NONE',  ( -12.66288888228902820, -22.55533143220760550, 2.575624557011028770 ) ) ;
#757 = EDGE_LOOP ( 'NONE', ( #1613, #2398, #29, #5123, #2666, #6144, #5518, #3378, #795, #5338 ) ) ;
#758 = DIRECTION ( 'NONE',  ( 0.000000000000000000, 0.000000000000000000, -1.000000000000000000 ) ) ;
#759 = EDGE_CURVE ( 'NONE', #5474, #2484, #2163, .T. ) ;
#760 = EDGE_CURVE ( 'NONE', #3599, #569, #3734, .T. ) ;
#761 = DIRECTION ( 'NONE',  ( 1.000000000000000000, -0.000000000000000000, -0.000000000000000000 ) ) ;
#762 = CARTESIAN_POINT ( 'NONE',  ( -15.49999999999999645, -41.00000000000000000, 3.000000000000000000 ) ) ;
#763 = VERTEX_POINT ( 'NONE', #1688 ) ;
#764 = CARTESIAN_POINT ( 'NONE',  ( -6.685875052008640296, -43.67814575986520964, 0.000000000000000000 ) ) ;
#765 = CARTESIAN_POINT ( 'NONE',  ( 22.50000000000000711, -59.17157287525380838, 46.00000000000000000 ) ) ;
#766 = CARTESIAN_POINT ( 'NONE',  ( 5.539809849142475429, -69.00000000000000000, 52.00000000000000000 ) ) ;
#767 = ORIENTED_EDGE ( 'NONE', *, *, #6204, .T. ) ;
#768 = DIRECTION ( 'NONE',  ( 0.000000000000000000, 0.000000000000000000, -1.000000000000000000 ) ) ;
#769 = EDGE_CURVE ( 'NONE', #2185, #3404, #5558, .T. ) ;
#770 = ADVANCED_FACE ( 'NONE', ( #3530 ), #5467, .F. ) ;
#771 = ORIENTED_EDGE ( 'NONE', *, *, #4195, .T. ) ;
#772 = ORIENTED_EDGE ( 'NONE', *, *, #955, .T. ) ;
#773 = DIRECTION ( 'NONE',  ( -0.000000000000000000, 1.000000000000000000, -0.000000000000000000 ) ) ;
#774 = AXIS2_PLACEMENT_3D ( 'NONE', #1132, #4416, #3969 ) ;
#775 = CYLINDRICAL_SURFACE ( 'NONE', #5469, 1.500000000000001332 ) ;
#776 = CARTESIAN_POINT ( 'NONE',  ( 25.87070232763078792, -6.999999999999978684, 0.000000000000000000 ) ) ;
#777 = CARTESIAN_POINT ( 'NONE',  ( -15.50000000000000000, -10.00000000000000000, 52.00000000000000000 ) ) ;
#778 = VECTOR ( 'NONE', #1592, 1000.000000000000000 ) ;
#779 = DIRECTION ( 'NONE',  ( -1.000000000000000000, 0.000000000000000000, 0.000000000000000000 ) ) ;
#780 = ORIENTED_EDGE ( 'NONE', *, *, #2234, .F. ) ;
#781 = DIRECTION ( 'NONE',  ( 0.000000000000000000, 0.000000000000000000, 1.000000000000000000 ) ) ;
#782 = EDGE_LOOP ( 'NONE', ( #5100, #5376 ) ) ;
#783 = CIRCLE ( 'NONE', #1192, 2.000000000000001776 ) ;
#784 = CARTESIAN_POINT ( 'NONE',  ( -21.50000000000000000, -44.67814575986520964, 51.00000000000000000 ) ) ;
#785 = DIRECTION ( 'NONE',  ( -0.000000000000000000, -0.000000000000000000, -1.000000000000000000 ) ) ;
#786 = CARTESIAN_POINT ( 'NONE',  ( 9.033355500340297439, -16.15110916950344233, 2.939816304273220826 ) ) ;
#787 = CARTESIAN_POINT ( 'NONE',  ( -12.63579489455313087, -22.44341730959600056, 2.742089195630760479 ) ) ;
#788 = ORIENTED_EDGE ( 'NONE', *, *, #3365, .T. ) ;
#789 = AXIS2_PLACEMENT_3D ( 'NONE', #5528, #1181, #3112 ) ;
#790 = PERSON_AND_ORGANIZATION ( #6107, #2867 ) ;
#791 = CARTESIAN_POINT ( 'NONE',  ( 7.470399507936297034, -14.85691389245966754, 50.00629672713313312 ) ) ;
#792 = ORIENTED_EDGE ( 'NONE', *, *, #43, .T. ) ;
#793 = AXIS2_PLACEMENT_3D ( 'NONE', #4676, #1199, #3614 ) ;
#794 = CARTESIAN_POINT ( 'NONE',  ( 9.114878434570711008, -16.23057295097879305, 3.791819344222781663 ) ) ;
#795 = ORIENTED_EDGE ( 'NONE', *, *, #1970, .F. ) ;
#796 = FACE_BOUND ( 'NONE', #5471, .T. ) ;
#797 = CARTESIAN_POINT ( 'NONE',  ( -5.270681273965611702, -13.61335110121749814, 49.48831120268815198 ) ) ;
#798 = EDGE_CURVE ( 'NONE', #3599, #1441, #4777, .T. ) ;
#799 = CARTESIAN_POINT ( 'NONE',  ( 20.50000000000000355, -44.67814575986520964, -5.000000000000011546 ) ) ;
#800 = AXIS2_PLACEMENT_3D ( 'NONE', #1410, #5220, #4698 ) ;
#801 = CIRCLE ( 'NONE', #3126, 2.500000000000000888 ) ;
#802 = VERTEX_POINT ( 'NONE', #765 ) ;
#803 = CARTESIAN_POINT ( 'NONE',  ( -11.81786251617137395, -10.00000000000000000, 37.88715187696834619 ) ) ;
#804 = ORIENTED_EDGE ( 'NONE', *, *, #2465, .T. ) ;
#805 = TOROIDAL_SURFACE ( 'NONE', #2118, 2.000000000000000000, 1.000000000000000000 ) ;
#806 = AXIS2_PLACEMENT_3D ( 'NONE', #1761, #3052, #4528 ) ;
#807 = ADVANCED_FACE ( 'NONE', ( #4210 ), #4716, .F. ) ;
#808 = ADVANCED_FACE ( 'NONE', ( #6131 ), #1245, .F. ) ;
#809 = ORIENTED_EDGE ( 'NONE', *, *, #4705, .T. ) ;
#810 = CARTESIAN_POINT ( 'NONE',  ( -11.81786251617137395, -10.00000000000000000, 36.38715187696834619 ) ) ;
#811 = CIRCLE ( 'NONE', #3765, 1.000000000000000000 ) ;
#812 = DIRECTION ( 'NONE',  ( 0.000000000000000000, 0.000000000000000000, 1.000000000000000000 ) ) ;
#813 = EDGE_LOOP ( 'NONE', ( #3179, #533 ) ) ;
#814 = CARTESIAN_POINT ( 'NONE',  ( -12.58784713141547051, -22.25252334941184174, 48.49999999999997158 ) ) ;
#815 = CARTESIAN_POINT ( 'NONE',  ( 18.25000000000000000, -10.00000000000000178, 49.00000000000000000 ) ) ;
#816 = CIRCLE ( 'NONE', #2729, 0.9999999999999991118 ) ;
#817 = EDGE_CURVE ( 'NONE', #5739, #542, #572, .T. ) ;
#818 = CARTESIAN_POINT ( 'NONE',  ( 25.87070232763079147, -7.000000000000000000, 6.938893903907228378E-15 ) ) ;
#819 = ORIENTED_EDGE ( 'NONE', *, *, #3477, .F. ) ;
#820 = ORIENTED_EDGE ( 'NONE', *, *, #380, .F. ) ;
#821 = AXIS2_PLACEMENT_3D ( 'NONE', #4448, #4577, #3124 ) ;
#822 = CARTESIAN_POINT ( 'NONE',  ( 11.25735931288073566, -68.00000000000000000, 48.00000000000000000 ) ) ;
#823 = CARTESIAN_POINT ( 'NONE',  ( -12.74999999999999822, -41.00000000000000000, 3.000000000000000000 ) ) ;
#824 = CARTESIAN_POINT ( 'NONE',  ( 6.742662059380128525, -14.38158082260526349, 2.038221268890233695 ) ) ;
#825 = CARTESIAN_POINT ( 'NONE',  ( -12.97793262987730500, -24.73963871872954456, 2.366299604677886137 ) ) ;
#826 = VERTEX_POINT ( 'NONE', #3175 ) ;
#827 = CIRCLE ( 'NONE', #318, 1.500000000000001332 ) ;
#828 = CARTESIAN_POINT ( 'NONE',  ( -22.49999999999999645, -22.25252334941184174, 48.49999999999997868 ) ) ;
#829 = CARTESIAN_POINT ( 'NONE',  ( 11.67157287525381548, -68.00000000000000000, 52.00000000000000000 ) ) ;
#830 = VERTEX_POINT ( 'NONE', #287 ) ;
#831 = CARTESIAN_POINT ( 'NONE',  ( -10.44056729256981519, -68.00000000000000000, 48.00000000000000000 ) ) ;
#832 = FACE_OUTER_BOUND ( 'NONE', #1724, .T. ) ;
#833 = DIRECTION ( 'NONE',  ( 0.000000000000000000, 1.000000000000000000, 0.000000000000000000 ) ) ;
#834 = ORIENTED_EDGE ( 'NONE', *, *, #5150, .F. ) ;
#835 = CYLINDRICAL_SURFACE ( 'NONE', #1913, 1.500000000000004885 ) ;
#836 = EDGE_CURVE ( 'NONE', #2499, #4744, #6197, .T. ) ;
#837 = ORIENTED_EDGE ( 'NONE', *, *, #841, .F. ) ;
#838 = VECTOR ( 'NONE', #3887, 1000.000000000000000 ) ;
#839 = VERTEX_POINT ( 'NONE', #2688 ) ;
#840 = DIRECTION ( 'NONE',  ( 1.115728272363205951E-16, -1.000000000000000000, -0.000000000000000000 ) ) ;
#841 = EDGE_CURVE ( 'NONE', #1566, #6000, #416, .T. ) ;
#842 = EDGE_CURVE ( 'NONE', #4760, #3979, #5545, .T. ) ;
#843 = DIRECTION ( 'NONE',  ( 1.000000000000000000, 0.000000000000000000, 0.000000000000000000 ) ) ;
#844 = CARTESIAN_POINT ( 'NONE',  ( -12.72482047170554686, -22.83809253254226590, 47.30698829412813211 ) ) ;
#845 = CARTESIAN_POINT ( 'NONE',  ( -19.49999999999999645, -44.67814575986520964, 48.00000000000000000 ) ) ;
#846 = EDGE_LOOP ( 'NONE', ( #4146, #3220, #896, #4 ) ) ;
#847 = CARTESIAN_POINT ( 'NONE',  ( -15.49999999999999645, -41.00000000000000000, 49.00000000000000000 ) ) ;
#848 = ORIENTED_EDGE ( 'NONE', *, *, #3254, .F. ) ;
#849 = ADVANCED_FACE ( 'NONE', ( #832 ), #4687, .F. ) ;
#850 = CARTESIAN_POINT ( 'NONE',  ( 6.539809849142475429, -68.00000000000000000, 4.000000000000000000 ) ) ;
#851 = CYLINDRICAL_SURFACE ( 'NONE', #4456, 2.000000000000001776 ) ;
#852 = DIRECTION ( 'NONE',  ( -0.000000000000000000, -0.000000000000000000, -1.000000000000000000 ) ) ;
#853 = DIRECTION ( 'NONE',  ( 0.000000000000000000, 0.000000000000000000, 1.000000000000000000 ) ) ;
#854 = VERTEX_POINT ( 'NONE', #4239 ) ;
#855 = EDGE_CURVE ( 'NONE', #5058, #2770, #2194, .T. ) ;
#856 = PERSON_AND_ORGANIZATION ( #6107, #2867 ) ;
#857 = CARTESIAN_POINT ( 'NONE',  ( 22.50000000000000711, -59.17157287525380838, 0.000000000000000000 ) ) ;
#858 = CARTESIAN_POINT ( 'NONE',  ( 4.374906795949528693, -13.25822773028612822, 3.646956059175281872 ) ) ;
#859 = ORIENTED_EDGE ( 'NONE', *, *, #1828, .T. ) ;
#860 = LINE ( 'NONE', #508, #5873 ) ;
#861 = DIRECTION ( 'NONE',  ( -0.000000000000000000, -0.000000000000000000, -1.000000000000000000 ) ) ;
#862 = DIRECTION ( 'NONE',  ( 0.000000000000000000, 0.000000000000000000, 1.000000000000000000 ) ) ;
#863 = ORIENTED_EDGE ( 'NONE', *, *, #4018, .T. ) ;
#864 = CARTESIAN_POINT ( 'NONE',  ( 20.20710678118654968, -59.46446609406728356, 51.00000000000000000 ) ) ;
#865 = ORIENTED_EDGE ( 'NONE', *, *, #5894, .T. ) ;
#866 = ORIENTED_EDGE ( 'NONE', *, *, #2387, .T. ) ;
#867 = DIRECTION ( 'NONE',  ( 0.000000000000000000, -0.000000000000000000, -1.000000000000000000 ) ) ;
#868 = VECTOR ( 'NONE', #3367, 1000.000000000000000 ) ;
#869 = CARTESIAN_POINT ( 'NONE',  ( 15.50000000000000355, -40.99999999999999289, 52.00000000000000000 ) ) ;
#870 = CARTESIAN_POINT ( 'NONE',  ( -12.95464084049452147, -24.41110901962206015, 47.14870821961469005 ) ) ;
#871 = EDGE_CURVE ( 'NONE', #3063, #3148, #1725, .T. ) ;
#872 = FACE_BOUND ( 'NONE', #5727, .T. ) ;
#873 = AXIS2_PLACEMENT_3D ( 'NONE', #3814, #1359, #5229 ) ;
#874 = ORIENTED_EDGE ( 'NONE', *, *, #5578, .T. ) ;
#875 = CARTESIAN_POINT ( 'NONE',  ( -17.00000000000000000, -10.00000000000000000, 3.000000000000002665 ) ) ;
#876 = ORIENTED_EDGE ( 'NONE', *, *, #4349, .F. ) ;
#877 = CARTESIAN_POINT ( 'NONE',  ( -22.50000000000000000, 0.000000000000000000, 52.00000000000000000 ) ) ;
#878 = CARTESIAN_POINT ( 'NONE',  ( -12.58784713141547051, -22.25252334941184174, 48.49999999999997158 ) ) ;
#879 = VECTOR ( 'NONE', #474, 999.9999999999998863 ) ;
#880 = PLANE ( 'NONE',  #1797 ) ;
#881 = DIRECTION ( 'NONE',  ( 0.000000000000000000, 0.000000000000000000, -1.000000000000000000 ) ) ;
#882 = ORIENTED_EDGE ( 'NONE', *, *, #1431, .T. ) ;
#883 = EDGE_CURVE ( 'NONE', #4048, #3866, #5117, .T. ) ;
#884 = ADVANCED_FACE ( 'NONE', ( #5210 ), #4179, .F. ) ;
#885 = DIRECTION ( 'NONE',  ( 1.000000000000000000, 0.000000000000000000, 0.000000000000000000 ) ) ;
#886 = VECTOR ( 'NONE', #2794, 1000.000000000000000 ) ;
#887 = CARTESIAN_POINT ( 'NONE',  ( 15.50000000000000000, -10.00000000000000178, 6.000000000000000000 ) ) ;
#888 = EDGE_LOOP ( 'NONE', ( #4967, #183, #518, #1757 ) ) ;
#889 = CARTESIAN_POINT ( 'NONE',  ( 4.698326973869246359, -13.37813299420540503, 4.108278275153472769 ) ) ;
#890 = ORIENTED_EDGE ( 'NONE', *, *, #422, .T. ) ;
#891 = LINE ( 'NONE', #3913, #2321 ) ;
#892 = CIRCLE ( 'NONE', #986, 1.500000000000001332 ) ;
#893 = DIRECTION ( 'NONE',  ( 1.000000000000000000, 0.000000000000000000, 0.000000000000000000 ) ) ;
#894 = EDGE_CURVE ( 'NONE', #5980, #3435, #6103, .T. ) ;
#895 = CARTESIAN_POINT ( 'NONE',  ( -20.52174821054351028, -61.12220974643857119, 46.00000000000000000 ) ) ;
#896 = ORIENTED_EDGE ( 'NONE', *, *, #4028, .T. ) ;
#897 = DIRECTION ( 'NONE',  ( -1.000000000000000000, 0.000000000000000000, 0.000000000000000000 ) ) ;
#898 = VECTOR ( 'NONE', #5625, 1000.000000000000000 ) ;
#899 = ORIENTED_EDGE ( 'NONE', *, *, #2749, .T. ) ;
#900 = CIRCLE ( 'NONE', #3330, 0.9999999999999988898 ) ;
#901 = EDGE_CURVE ( 'NONE', #5495, #962, #2742, .T. ) ;
#902 = VECTOR ( 'NONE', #4174, 1000.000000000000000 ) ;
#903 = ORIENTED_EDGE ( 'NONE', *, *, #871, .F. ) ;
#904 = LINE ( 'NONE', #2834, #1596 ) ;
#905 = AXIS2_PLACEMENT_3D ( 'NONE', #3334, #927, #6288 ) ;
#906 = VECTOR ( 'NONE', #4443, 1000.000000000000114 ) ;
#907 = CARTESIAN_POINT ( 'NONE',  ( -12.75758263690693184, -22.99982147338742067, 47.19888488786834557 ) ) ;
#908 = CARTESIAN_POINT ( 'NONE',  ( 20.20710678118654968, -59.46446609406728356, 1.000000000000000000 ) ) ;
#909 = CIRCLE ( 'NONE', #4474, 1.500000000000001332 ) ;
#910 = VECTOR ( 'NONE', #1605, 1000.000000000000000 ) ;
#911 = ORIENTED_EDGE ( 'NONE', *, *, #54, .F. ) ;
#912 = CARTESIAN_POINT ( 'NONE',  ( -18.24999999999999645, -41.00000000000000000, 49.00000000000000000 ) ) ;
#913 = DIRECTION ( 'NONE',  ( 0.000000000000000000, -1.000000000000000000, 0.000000000000000000 ) ) ;
#914 = ADVANCED_FACE ( 'NONE', ( #1014 ), #3369, .F. ) ;
#915 = CIRCLE ( 'NONE', #3244, 2.749999999999999112 ) ;
#916 = DIRECTION ( 'NONE',  ( -0.000000000000000000, -0.000000000000000000, -1.000000000000000000 ) ) ;
#917 = LINE ( 'NONE', #1960, #1177 ) ;
#918 = DIRECTION ( 'NONE',  ( 0.000000000000000000, 0.000000000000000000, -1.000000000000000000 ) ) ;
#919 = EDGE_LOOP ( 'NONE', ( #1561, #4703, #4376, #3523 ) ) ;
#920 = LINE ( 'NONE', #3324, #5986 ) ;
#921 = CIRCLE ( 'NONE', #2531, 2.749999999999999112 ) ;
#922 = DIRECTION ( 'NONE',  ( 0.000000000000000000, 0.000000000000000000, 1.000000000000000000 ) ) ;
#923 = EDGE_CURVE ( 'NONE', #5070, #6213, #2904, .T. ) ;
#924 = DIRECTION ( 'NONE',  ( 1.000000000000000000, 0.000000000000000000, 0.000000000000000000 ) ) ;
#925 = EDGE_CURVE ( 'NONE', #3083, #3063, #3108, .T. ) ;
#926 = CARTESIAN_POINT ( 'NONE',  ( 9.136967527403578870, -16.25252334941185239, 48.49999999999998579 ) ) ;
#927 = DIRECTION ( 'NONE',  ( 0.000000000000000000, 0.000000000000000000, 1.000000000000000000 ) ) ;
#928 = CIRCLE ( 'NONE', #4488, 1.500000000000001332 ) ;
#929 = CARTESIAN_POINT ( 'NONE',  ( -8.974699713463596851, -16.09444782584490596, 49.18229081251977419 ) ) ;
#930 = CARTESIAN_POINT ( 'NONE',  ( -12.75000000000000178, -10.00000000000000000, 3.000000000000000000 ) ) ;
#931 = DIRECTION ( 'NONE',  ( 0.000000000000000000, 1.000000000000000000, 0.000000000000000000 ) ) ;
#932 = EDGE_CURVE ( 'NONE', #5680, #5055, #374, .T. ) ;
#933 = VERTEX_POINT ( 'NONE', #2441 ) ;
#934 = ORIENTED_EDGE ( 'NONE', *, *, #1116, .T. ) ;
#935 = CARTESIAN_POINT ( 'NONE',  ( 5.539809849142472764, -45.67814575986520964, 4.000000000000000000 ) ) ;
#936 = ORIENTED_EDGE ( 'NONE', *, *, #2204, .T. ) ;
#937 = EDGE_LOOP ( 'NONE', ( #364, #5880 ) ) ;
#938 = LINE ( 'NONE', #3740, #5760 ) ;
#939 = DIRECTION ( 'NONE',  ( 1.000000000000000000, 0.000000000000000000, 0.000000000000000000 ) ) ;
#940 = CARTESIAN_POINT ( 'NONE',  ( 22.50000000000000355, -23.75252334941183463, 3.500000000000003109 ) ) ;
#941 = AXIS2_PLACEMENT_3D ( 'NONE', #2856, #1276, #5687 ) ;
#942 = DIRECTION ( 'NONE',  ( 0.000000000000000000, 0.000000000000000000, 1.000000000000000000 ) ) ;
#943 = DIRECTION ( 'NONE',  ( -1.000000000000000000, 0.000000000000000000, 0.000000000000000000 ) ) ;
#944 = FACE_OUTER_BOUND ( 'NONE', #6006, .T. ) ;
#945 = DIRECTION ( 'NONE',  ( 0.000000000000000000, 0.000000000000000000, 1.000000000000000000 ) ) ;
#946 = EDGE_LOOP ( 'NONE', ( #3058, #3135, #1453, #1852 ) ) ;
#947 = AXIS2_PLACEMENT_3D ( 'NONE', #4009, #2089, #2563 ) ;
#948 = CARTESIAN_POINT ( 'NONE',  ( -7.816766648769891468, -15.11160759145805699, 2.041056782795656943 ) ) ;
#949 = DIRECTION ( 'NONE',  ( 1.000000000000000000, 0.000000000000000000, 0.000000000000000000 ) ) ;
#950 = DIRECTION ( 'NONE',  ( 0.000000000000000000, 0.000000000000000000, 1.000000000000000000 ) ) ;
#951 = ORIENTED_EDGE ( 'NONE', *, *, #5384, .F. ) ;
#952 = DIRECTION ( 'NONE',  ( -0.000000000000000000, -0.000000000000000000, -1.000000000000000000 ) ) ;
#953 = CARTESIAN_POINT ( 'NONE',  ( -9.115268349807909232, -16.23095720869403635, 48.78996791692769364 ) ) ;
#954 = DIRECTION ( 'NONE',  ( -0.000000000000000000, -0.000000000000000000, -1.000000000000000000 ) ) ;
#955 = EDGE_CURVE ( 'NONE', #1891, #1674, #5365, .T. ) ;
#956 = FACE_OUTER_BOUND ( 'NONE', #3697, .T. ) ;
#957 = EDGE_CURVE ( 'NONE', #5256, #4684, #3309, .T. ) ;
#958 = EDGE_CURVE ( 'NONE', #2411, #4529, #3886, .T. ) ;
#959 = ORIENTED_EDGE ( 'NONE', *, *, #1970, .T. ) ;
#960 = DIRECTION ( 'NONE',  ( 1.000000000000000000, 0.000000000000000000, 0.000000000000000000 ) ) ;
#961 = ORIENTED_EDGE ( 'NONE', *, *, #3206, .T. ) ;
#962 = VERTEX_POINT ( 'NONE', #2951 ) ;
#963 = CARTESIAN_POINT ( 'NONE',  ( -12.99664046984260324, -25.20383639274311705, 48.89168678034130266 ) ) ;
#964 = DIRECTION ( 'NONE',  ( -0.000000000000000000, -0.000000000000000000, -1.000000000000000000 ) ) ;
#965 = EDGE_CURVE ( 'NONE', #2320, #1042, #87, .T. ) ;
#966 = DIRECTION ( 'NONE',  ( -1.000000000000000000, 0.000000000000000000, 0.000000000000000000 ) ) ;
#967 = DIRECTION ( 'NONE',  ( 1.000000000000000000, 0.000000000000000000, 0.000000000000000000 ) ) ;
#968 = DIRECTION ( 'NONE',  ( 1.000000000000000000, 0.000000000000000000, 0.000000000000000000 ) ) ;
#969 = FACE_OUTER_BOUND ( 'NONE', #1090, .T. ) ;
#970 = DIRECTION ( 'NONE',  ( 1.000000000000000000, 0.000000000000000000, 0.000000000000000000 ) ) ;
#971 = ORIENTED_EDGE ( 'NONE', *, *, #2306, .F. ) ;
#972 = AXIS2_PLACEMENT_3D ( 'NONE', #3557, #5454, #2086 ) ;
#973 = CARTESIAN_POINT ( 'NONE',  ( -4.358820447471741133, -13.25252334941183818, 3.499999999999996003 ) ) ;
#974 = ORIENTED_EDGE ( 'NONE', *, *, #521, .F. ) ;
#975 = CARTESIAN_POINT ( 'NONE',  ( 17.00000000000000000, -10.00000000000000178, 52.00000000000000000 ) ) ;
#976 = ORIENTED_EDGE ( 'NONE', *, *, #4627, .T. ) ;
#977 = CARTESIAN_POINT ( 'NONE',  ( 8.466790153400902241, -15.63432643562620505, 4.717709910936908280 ) ) ;
#978 = EDGE_LOOP ( 'NONE', ( #1324, #1175, #4360, #2438 ) ) ;
#979 = LINE ( 'NONE', #2821, #3758 ) ;
#980 = CARTESIAN_POINT ( 'NONE',  ( -6.498630176726784669, -14.23739617981588701, 49.91668113052939049 ) ) ;
#981 = CARTESIAN_POINT ( 'NONE',  ( -22.50000000000000000, -7.000000000000000000, 52.00000000000000000 ) ) ;
#982 = DIRECTION ( 'NONE',  ( -0.000000000000000000, -1.000000000000000000, 0.000000000000000000 ) ) ;
#983 = AXIS2_PLACEMENT_3D ( 'NONE', #4089, #5535, #1187 ) ;
#984 = ORIENTED_EDGE ( 'NONE', *, *, #4109, .F. ) ;
#985 = EDGE_CURVE ( 'NONE', #2833, #5375, #2640, .T. ) ;
#986 = AXIS2_PLACEMENT_3D ( 'NONE', #2318, #1436, #4719 ) ;
#987 = ORIENTED_EDGE ( 'NONE', *, *, #5077, .T. ) ;
#988 = DIRECTION ( 'NONE',  ( 0.000000000000000000, 0.000000000000000000, -1.000000000000000000 ) ) ;
#989 = ORIENTED_EDGE ( 'NONE', *, *, #493, .T. ) ;
#990 = ORIENTED_EDGE ( 'NONE', *, *, #2781, .T. ) ;
#991 = EDGE_CURVE ( 'NONE', #1680, #3511, #2998, .T. ) ;
#992 = AXIS2_PLACEMENT_3D ( 'NONE', #2776, #1418, #5638 ) ;
#993 = CARTESIAN_POINT ( 'NONE',  ( -12.58784713141547051, -22.25252334941183463, 48.59968550218795258 ) ) ;
#994 = EDGE_CURVE ( 'NONE', #3234, #2866, #1384, .T. ) ;
#995 = AXIS2_PLACEMENT_3D ( 'NONE', #3233, #1815, #1363 ) ;
#996 = PLANE ( 'NONE',  #4482 ) ;
#997 = VECTOR ( 'NONE', #1504, 1000.000000000000000 ) ;
#998 = AXIS2_PLACEMENT_3D ( 'NONE', #494, #4481, #1542 ) ;
#999 = CARTESIAN_POINT ( 'NONE',  ( 19.50000000000000355, -45.67814575986520964, 51.00000000000000000 ) ) ;
#1000 = CARTESIAN_POINT ( 'NONE',  ( 11.25735931288073566, -68.00000000000000000, 1.000000000000000000 ) ) ;
#1001 = ADVANCED_FACE ( 'NONE', ( #6076 ), #1223, .F. ) ;
#1002 = CARTESIAN_POINT ( 'NONE',  ( 2.500000000000004441, -60.50000000000000000, 52.00000000000000000 ) ) ;
#1003 = CARTESIAN_POINT ( 'NONE',  ( 12.93783528842134700, -24.22688952211947466, 2.073578232637843133 ) ) ;
#1004 = CIRCLE ( 'NONE', #1831, 2.000000000000001776 ) ;
#1005 = ORIENTED_EDGE ( 'NONE', *, *, #4661, .F. ) ;
#1006 = CARTESIAN_POINT ( 'NONE',  ( 6.539809849142475429, -67.00000000000000000, 4.000000000000000000 ) ) ;
#1007 = ORIENTED_EDGE ( 'NONE', *, *, #338, .F. ) ;
#1008 = ORIENTED_EDGE ( 'NONE', *, *, #991, .F. ) ;
#1009 = VECTOR ( 'NONE', #5646, 1000.000000000000000 ) ;
#1010 = DIRECTION ( 'NONE',  ( 0.000000000000000000, 0.000000000000000000, 1.000000000000000000 ) ) ;
#1011 = PLANE ( 'NONE',  #3967 ) ;
#1012 = ORIENTED_EDGE ( 'NONE', *, *, #2692, .F. ) ;
#1013 = CARTESIAN_POINT ( 'NONE',  ( 6.539809849142475429, -69.00000000000000000, 0.000000000000000000 ) ) ;
#1014 = FACE_OUTER_BOUND ( 'NONE', #5186, .T. ) ;
#1015 = TOROIDAL_SURFACE ( 'NONE', #608, 2.000000000000000000, 1.000000000000000000 ) ;
#1016 = DIRECTION ( 'NONE',  ( -0.000000000000000000, -0.000000000000000000, 1.000000000000000000 ) ) ;
#1017 = DIRECTION ( 'NONE',  ( 1.000000000000000000, 0.000000000000000000, 0.000000000000000000 ) ) ;
#1018 = CARTESIAN_POINT ( 'NONE',  ( 20.50000000000000355, -58.75735931288073743, 51.00000000000000000 ) ) ;
#1019 = VECTOR ( 'NONE', #140, 1000.000000000000000 ) ;
#1020 = VERTEX_POINT ( 'NONE', #4602 ) ;
#1021 = AXIS2_PLACEMENT_3D ( 'NONE', #3351, #2540, #1661 ) ;
#1022 = ORIENTED_EDGE ( 'NONE', *, *, #4735, .F. ) ;
#1023 = CC_DESIGN_PERSON_AND_ORGANIZATION_ASSIGNMENT ( #790, #5232, ( #1554 ) ) ;
#1024 = DIRECTION ( 'NONE',  ( 0.000000000000000000, 0.000000000000000000, 1.000000000000000000 ) ) ;
#1025 = ORIENTED_EDGE ( 'NONE', *, *, #817, .T. ) ;
#1026 = ORIENTED_EDGE ( 'NONE', *, *, #5419, .F. ) ;
#1027 = CARTESIAN_POINT ( 'NONE',  ( -12.99238217197087586, -25.05164472636241157, 49.25626752411562848 ) ) ;
#1028 = ORIENTED_EDGE ( 'NONE', *, *, #2823, .T. ) ;
#1029 = DIRECTION ( 'NONE',  ( -0.000000000000000000, -0.000000000000000000, -1.000000000000000000 ) ) ;
#1030 = EDGE_CURVE ( 'NONE', #2419, #1566, #4152, .T. ) ;
#1031 = DIRECTION ( 'NONE',  ( 1.000000000000000000, 0.000000000000000000, 0.000000000000000000 ) ) ;
#1032 = EDGE_CURVE ( 'NONE', #4419, #2633, #5124, .T. ) ;
#1033 = CARTESIAN_POINT ( 'NONE',  ( 22.50000000000000355, -23.75252334941184174, 48.49999999999997868 ) ) ;
#1034 = CARTESIAN_POINT ( 'NONE',  ( -21.50000000000000000, -59.04554884989668295, 0.000000000000000000 ) ) ;
#1035 = DIRECTION ( 'NONE',  ( 1.000000000000000000, 1.115728272363205951E-16, 0.000000000000000000 ) ) ;
#1036 = EDGE_LOOP ( 'NONE', ( #2067, #1918, #1767, #2529, #1507, #3566, #4620, #3801, #6031, #1535, #6029 ) ) ;
#1037 = CARTESIAN_POINT ( 'NONE',  ( -9.136967527403564659, -16.25252334941184884, 3.499999999999996447 ) ) ;
#1038 = ORIENTED_EDGE ( 'NONE', *, *, #5579, .T. ) ;
#1039 = VECTOR ( 'NONE', #1915, 1000.000000000000000 ) ;
#1040 = EDGE_CURVE ( 'NONE', #1128, #1904, #1319, .T. ) ;
#1041 = EDGE_CURVE ( 'NONE', #1925, #2115, #2260, .T. ) ;
#1042 = VERTEX_POINT ( 'NONE', #1736 ) ;
#1043 = B_SPLINE_CURVE_WITH_KNOTS ( 'NONE', 3,
 ( #2017, #3993, #4480, #133, #3475, #5507, #106, #4601, #1091, #4088, #2512, #5059, #5890, #4020, #2072, #5441, #4934, #1057, #5412, #2048, #711, #1669, #1157, #5946 ),
 .UNSPECIFIED., .F., .F.,
 ( 4, 2, 2, 2, 2, 2, 2, 2, 2, 2, 2, 4 ),
 ( 0.004715768127956802662, 0.005305131033299997564, 0.005894493938643191600, 0.006189175391314799893, 0.006483856843986408186, 0.007073219749329615232, 0.007367901202001219188, 0.007662582654672824012, 0.007957264107344427101, 0.008251945560016030190, 0.008841308465359225960, 0.009430671370702418260 ),
 .UNSPECIFIED. ) ;
#1044 = CARTESIAN_POINT ( 'NONE',  ( -19.49999999999999645, -57.48990136207992663, 4.000000000000000000 ) ) ;
#1045 = DIRECTION ( 'NONE',  ( 0.000000000000000000, 0.000000000000000000, 1.000000000000000000 ) ) ;
#1046 = CARTESIAN_POINT ( 'NONE',  ( -6.685875052008640296, -45.67814575986520964, 1.000000000000000000 ) ) ;
#1047 = CARTESIAN_POINT ( 'NONE',  ( -5.030392056600362594, -13.51034377413182064, 4.362168149922306171 ) ) ;
#1048 = DIRECTION ( 'NONE',  ( 0.000000000000000000, 0.000000000000000000, 1.000000000000000000 ) ) ;
#1049 = CARTESIAN_POINT ( 'NONE',  ( -46.63709636151666871, -6.999999999999978684, 6.000000000000000000 ) ) ;
#1050 = ORIENTED_EDGE ( 'NONE', *, *, #3277, .T. ) ;
#1051 = DIRECTION ( 'NONE',  ( 0.000000000000000000, 0.000000000000000000, -1.000000000000000000 ) ) ;
#1052 = ORIENTED_EDGE ( 'NONE', *, *, #5697, .T. ) ;
#1053 = LINE ( 'NONE', #2984, #1293 ) ;
#1054 = EDGE_LOOP ( 'NONE', ( #456, #424 ) ) ;
#1055 = DIRECTION ( 'NONE',  ( 0.000000000000000000, 1.000000000000000000, 0.000000000000000000 ) ) ;
#1056 = ORIENTED_EDGE ( 'NONE', *, *, #4696, .F. ) ;
#1057 = CARTESIAN_POINT ( 'NONE',  ( 12.72482047170555042, -22.83809253254225879, 49.69301170587182526 ) ) ;
#1058 = DIRECTION ( 'NONE',  ( 1.000000000000000000, 0.000000000000000000, 0.000000000000000000 ) ) ;
#1059 = DIRECTION ( 'NONE',  ( -1.000000000000000000, 0.000000000000000000, 0.000000000000000000 ) ) ;
#1060 = CARTESIAN_POINT ( 'NONE',  ( 22.50000000000000000, -7.000000000000000000, 5.999999999999998224 ) ) ;
#1061 = ADVANCED_FACE ( 'NONE', ( #2233 ), #6043, .F. ) ;
#1062 = VERTEX_POINT ( 'NONE', #5094 ) ;
#1063 = CARTESIAN_POINT ( 'NONE',  ( 11.25735931288073566, -68.00000000000000000, 4.000000000000000000 ) ) ;
#1064 = ORIENTED_EDGE ( 'NONE', *, *, #5336, .F. ) ;
#1065 = EDGE_LOOP ( 'NONE', ( #874, #5561 ) ) ;
#1066 = CARTESIAN_POINT ( 'NONE',  ( -12.06465996625052739, -72.00000000000001421, 52.00000000000000000 ) ) ;
#1067 = DIRECTION ( 'NONE',  ( -1.000000000000000000, 0.000000000000000000, 0.000000000000000000 ) ) ;
#1068 = AXIS2_PLACEMENT_3D ( 'NONE', #1330, #3163, #5611 ) ;
#1069 = FACE_OUTER_BOUND ( 'NONE', #5466, .T. ) ;
#1070 = DIRECTION ( 'NONE',  ( 1.000000000000000000, 0.000000000000000000, 0.000000000000000000 ) ) ;
#1071 = EDGE_CURVE ( 'NONE', #2043, #3388, #2596, .T. ) ;
#1072 = ADVANCED_FACE ( 'NONE', ( #4632 ), #262, .F. ) ;
#1073 = VERTEX_POINT ( 'NONE', #4664 ) ;
#1074 = DIRECTION ( 'NONE',  ( 0.000000000000000000, 0.000000000000000000, 1.000000000000000000 ) ) ;
#1075 = AXIS2_PLACEMENT_3D ( 'NONE', #2052, #3029, #38 ) ;
#1076 = CARTESIAN_POINT ( 'NONE',  ( -22.49999999999999645, -25.25252334941184174, 3.500000000000003109 ) ) ;
#1077 = EDGE_CURVE ( 'NONE', #1698, #4977, #5023, .T. ) ;
#1078 = ORIENTED_EDGE ( 'NONE', *, *, #2387, .F. ) ;
#1079 = ORIENTED_EDGE ( 'NONE', *, *, #3432, .F. ) ;
#1080 = EDGE_CURVE ( 'NONE', #5550, #3551, #2200, .T. ) ;
#1081 = AXIS2_PLACEMENT_3D ( 'NONE', #3667, #4271, #3795 ) ;
#1082 = CARTESIAN_POINT ( 'NONE',  ( 6.539809849142475429, -67.00000000000000000, 51.00000000000000000 ) ) ;
#1083 = DESIGN_CONTEXT ( 'detailed design', #67, 'design' ) ;
#1084 = CARTESIAN_POINT ( 'NONE',  ( -15.50000000000000000, -10.00000000000000000, 52.00000000000000000 ) ) ;
#1085 = EDGE_LOOP ( 'NONE', ( #4578, #5896 ) ) ;
#1086 = FACE_OUTER_BOUND ( 'NONE', #5426, .T. ) ;
#1087 = ORIENTED_EDGE ( 'NONE', *, *, #1080, .F. ) ;
#1088 = CARTESIAN_POINT ( 'NONE',  ( -12.58784713141547051, -22.25252334941184174, 48.49999999999997158 ) ) ;
#1089 = AXIS2_PLACEMENT_3D ( 'NONE', #5184, #6165, #1826 ) ;
#1090 = EDGE_LOOP ( 'NONE', ( #571, #3065 ) ) ;
#1091 = CARTESIAN_POINT ( 'NONE',  ( 12.95464084049453213, -24.41110901962204949, 49.85129178038528153 ) ) ;
#1092 = CARTESIAN_POINT ( 'NONE',  ( 19.50000000000000355, -45.67814575986520964, 0.000000000000000000 ) ) ;
#1093 = AXIS2_PLACEMENT_3D ( 'NONE', #1677, #2180, #4199 ) ;
#1094 = AXIS2_PLACEMENT_3D ( 'NONE', #1754, #2593, #3694 ) ;
#1095 = LINE ( 'NONE', #3644, #3759 ) ;
#1096 = CARTESIAN_POINT ( 'NONE',  ( -15.50000000000000000, -10.00000000000000000, 3.000000000000000000 ) ) ;
#1097 = DIRECTION ( 'NONE',  ( 0.000000000000000000, 1.000000000000000000, 0.000000000000000000 ) ) ;
#1098 = VERTEX_POINT ( 'NONE', #4187 ) ;
#1099 = LINE ( 'NONE', #1673, #1019 ) ;
#1100 = VECTOR ( 'NONE', #5097, 1000.000000000000000 ) ;
#1101 = CIRCLE ( 'NONE', #998, 7.750000000000003553 ) ;
#1102 = ORIENTED_EDGE ( 'NONE', *, *, #1667, .F. ) ;
#1103 = EDGE_LOOP ( 'NONE', ( #1746, #132, #3188, #1628 ) ) ;
#1104 = EDGE_CURVE ( 'NONE', #5994, #5091, #4570, .T. ) ;
#1105 = DIRECTION ( 'NONE',  ( 1.000000000000000000, 0.000000000000000000, -0.000000000000000000 ) ) ;
#1106 = TOROIDAL_SURFACE ( 'NONE', #6073, 2.000000000000000000, 1.000000000000000000 ) ;
#1107 = DIRECTION ( 'NONE',  ( -0.000000000000000000, -0.000000000000000000, 1.000000000000000000 ) ) ;
#1108 = AXIS2_PLACEMENT_3D ( 'NONE', #395, #5722, #3739 ) ;
#1109 = DIRECTION ( 'NONE',  ( 1.175176459371563913E-16, -1.000000000000000000, 0.000000000000000000 ) ) ;
#1110 = CARTESIAN_POINT ( 'NONE',  ( 13.64213748382861979, 0.000000000000000000, 13.92715187696833290 ) ) ;
#1111 = ORIENTED_EDGE ( 'NONE', *, *, #2539, .F. ) ;
#1112 = CARTESIAN_POINT ( 'NONE',  ( 13.64213748382862867, 0.000000000000000000, 37.88715187696832487 ) ) ;
#1113 = AXIS2_PLACEMENT_3D ( 'NONE', #6218, #2847, #5204 ) ;
#1114 = CIRCLE ( 'NONE', #4753, 1.000000000000000888 ) ;
#1115 = CYLINDRICAL_SURFACE ( 'NONE', #4659, 1.000000000000000000 ) ;
#1116 = EDGE_CURVE ( 'NONE', #4902, #5971, #2144, .T. ) ;
#1117 = EDGE_CURVE ( 'NONE', #5215, #2944, #1253, .T. ) ;
#1118 = CARTESIAN_POINT ( 'NONE',  ( 9.136967527403578870, -16.25252334941185239, 48.49999999999998579 ) ) ;
#1119 = ORIENTED_EDGE ( 'NONE', *, *, #1350, .F. ) ;
#1120 = CARTESIAN_POINT ( 'NONE',  ( 12.97321052741363800, -24.66180512905363997, 4.697027863416786353 ) ) ;
#1121 = CARTESIAN_POINT ( 'NONE',  ( -19.49999999999999645, -57.48990136207992663, 1.000000000000000000 ) ) ;
#1122 = ORIENTED_EDGE ( 'NONE', *, *, #5885, .T. ) ;
#1123 = FACE_OUTER_BOUND ( 'NONE', #4395, .T. ) ;
#1124 = VECTOR ( 'NONE', #4348, 1000.000000000000000 ) ;
#1125 = EDGE_CURVE ( 'NONE', #1646, #1904, #2804, .T. ) ;
#1126 = ORIENTED_EDGE ( 'NONE', *, *, #4585, .T. ) ;
#1127 = DIRECTION ( 'NONE',  ( 0.000000000000000000, 0.000000000000000000, -1.000000000000000000 ) ) ;
#1128 = VERTEX_POINT ( 'NONE', #5060 ) ;
#1129 = DIRECTION ( 'NONE',  ( -1.000000000000000000, 0.000000000000000000, 0.000000000000000000 ) ) ;
#1130 = CARTESIAN_POINT ( 'NONE',  ( 11.67157287525380660, -70.00000000000000000, 0.000000000000000000 ) ) ;
#1131 = DIRECTION ( 'NONE',  ( 0.000000000000000000, -0.000000000000000000, 1.000000000000000000 ) ) ;
#1132 = CARTESIAN_POINT ( 'NONE',  ( 15.50000000000000355, -40.99999999999999289, 49.00000000000000000 ) ) ;
#1133 = ORIENTED_EDGE ( 'NONE', *, *, #3996, .F. ) ;
#1134 = CARTESIAN_POINT ( 'NONE',  ( -24.49999999999999289, -43.67814575986520964, 1.000000000000000000 ) ) ;
#1135 = VERTEX_POINT ( 'NONE', #712 ) ;
#1136 = ORIENTED_EDGE ( 'NONE', *, *, #3723, .F. ) ;
#1137 = CARTESIAN_POINT ( 'NONE',  ( 13.64213748382861979, 0.000000000000000000, 12.42715187696833468 ) ) ;
#1138 = DIRECTION ( 'NONE',  ( 0.7071067811865474617, 0.7071067811865474617, 0.000000000000000000 ) ) ;
#1139 = CARTESIAN_POINT ( 'NONE',  ( 19.50000000000000355, -43.67814575986520964, 0.000000000000000000 ) ) ;
#1140 = CARTESIAN_POINT ( 'NONE',  ( 12.62640359689137881, -22.40557768092353186, 47.83260984719121467 ) ) ;
#1141 = ORIENTED_EDGE ( 'NONE', *, *, #923, .T. ) ;
#1142 = AXIS2_PLACEMENT_3D ( 'NONE', #3915, #5838, #2034 ) ;
#1143 = CARTESIAN_POINT ( 'NONE',  ( -20.49999999999999645, -57.88997158201483728, 51.00000000000000000 ) ) ;
#1144 = CARTESIAN_POINT ( 'NONE',  ( 4.358820447471752679, -13.25252334941183996, 48.57408551845420419 ) ) ;
#1145 = AXIS2_PLACEMENT_3D ( 'NONE', #3568, #3080, #288 ) ;
#1146 = ORIENTED_EDGE ( 'NONE', *, *, #5894, .F. ) ;
#1147 = CARTESIAN_POINT ( 'NONE',  ( 12.58784713141546874, -22.25252334941182397, 3.699334439169933653 ) ) ;
#1148 = EDGE_CURVE ( 'NONE', #5375, #2638, #1951, .T. ) ;
#1149 = CARTESIAN_POINT ( 'NONE',  ( -29.99999999999999289, -72.50000000000001421, 0.000000000000000000 ) ) ;
#1150 = EDGE_LOOP ( 'NONE', ( #3363, #4374, #2358, #3515 ) ) ;
#1151 = CARTESIAN_POINT ( 'NONE',  ( -10.44056729256981519, -69.00000000000000000, 52.00000000000000000 ) ) ;
#1152 = ORIENTED_EDGE ( 'NONE', *, *, #842, .T. ) ;
#1153 = DIRECTION ( 'NONE',  ( -1.000000000000000000, 0.000000000000000000, 0.000000000000000000 ) ) ;
#1154 = EDGE_CURVE ( 'NONE', #569, #238, #4247, .T. ) ;
#1155 = EDGE_CURVE ( 'NONE', #1742, #1499, #392, .T. ) ;
#1156 = ORIENTED_EDGE ( 'NONE', *, *, #1533, .T. ) ;
#1157 = CARTESIAN_POINT ( 'NONE',  ( 12.58784713141547584, -22.25252334941183463, 48.69933443916991678 ) ) ;
#1158 = CARTESIAN_POINT ( 'NONE',  ( -6.685875052008640296, -45.67814575986520964, 0.000000000000000000 ) ) ;
#1159 = CARTESIAN_POINT ( 'NONE',  ( 20.50000000000000355, -59.17157287525382969, 48.00000000000000000 ) ) ;
#1160 = FACE_BOUND ( 'NONE', #4252, .T. ) ;
#1161 = EDGE_CURVE ( 'NONE', #3032, #4080, #2766, .T. ) ;
#1162 = FACE_OUTER_BOUND ( 'NONE', #3684, .T. ) ;
#1163 = VERTEX_POINT ( 'NONE', #6172 ) ;
#1164 = EDGE_LOOP ( 'NONE', ( #4983, #216 ) ) ;
#1165 = EDGE_CURVE ( 'NONE', #4300, #4933, #5649, .T. ) ;
#1166 = FACE_OUTER_BOUND ( 'NONE', #3910, .T. ) ;
#1167 = DIRECTION ( 'NONE',  ( -1.000000000000000000, 0.000000000000000000, 0.000000000000000000 ) ) ;
#1168 = CARTESIAN_POINT ( 'NONE',  ( -10.86906707174016518, -68.00000000000000000, 51.00000000000000000 ) ) ;
#1169 = CARTESIAN_POINT ( 'NONE',  ( -12.96156881298345098, -24.49775455273097791, 2.194511771717487569 ) ) ;
#1170 = ORIENTED_EDGE ( 'NONE', *, *, #3563, .F. ) ;
#1171 = LINE ( 'NONE', #6001, #3272 ) ;
#1172 = DIRECTION ( 'NONE',  ( 0.000000000000000000, 0.000000000000000000, 1.000000000000000000 ) ) ;
#1173 = CARTESIAN_POINT ( 'NONE',  ( 4.358820447471754456, -13.25252334941183996, 48.49999999999997868 ) ) ;
#1174 = DIRECTION ( 'NONE',  ( 0.000000000000000000, 0.000000000000000000, -1.000000000000000000 ) ) ;
#1175 = ORIENTED_EDGE ( 'NONE', *, *, #4772, .T. ) ;
#1176 = CARTESIAN_POINT ( 'NONE',  ( 12.86759911222992692, -23.64668432511367158, 4.999501286064533367 ) ) ;
#1177 = VECTOR ( 'NONE', #4851, 1000.000000000000000 ) ;
#1178 = LINE ( 'NONE', #2598, #4091 ) ;
#1179 = FACE_OUTER_BOUND ( 'NONE', #4019, .T. ) ;
#1180 = VERTEX_POINT ( 'NONE', #1346 ) ;
#1181 = DIRECTION ( 'NONE',  ( 0.000000000000000000, 0.000000000000000000, 1.000000000000000000 ) ) ;
#1182 = EDGE_CURVE ( 'NONE', #3316, #6211, #2296, .T. ) ;
#1183 = AXIS2_PLACEMENT_3D ( 'NONE', #3218, #5163, #4699 ) ;
#1184 = ORIENTED_EDGE ( 'NONE', *, *, #925, .F. ) ;
#1185 = VERTEX_POINT ( 'NONE', #1833 ) ;
#1186 = CARTESIAN_POINT ( 'NONE',  ( -15.49999999999999645, -41.00000000000000000, 0.000000000000000000 ) ) ;
#1187 = DIRECTION ( 'NONE',  ( 0.000000000000000000, 0.000000000000000000, 1.000000000000000000 ) ) ;
#1188 = EDGE_CURVE ( 'NONE', #317, #2790, #3, .T. ) ;
#1189 = EDGE_CURVE ( 'NONE', #2584, #5939, #3210, .T. ) ;
#1190 = CARTESIAN_POINT ( 'NONE',  ( -26.50000000000002842, -23.75252334941184174, 3.500000000000003109 ) ) ;
#1191 = FACE_OUTER_BOUND ( 'NONE', #846, .T. ) ;
#1192 = AXIS2_PLACEMENT_3D ( 'NONE', #3955, #5847, #4435 ) ;
#1193 = DIRECTION ( 'NONE',  ( 1.000000000000000000, 1.175176459371563913E-16, -0.000000000000000000 ) ) ;
#1194 = ORIENTED_EDGE ( 'NONE', *, *, #5295, .T. ) ;
#1195 = VERTEX_POINT ( 'NONE', #4282 ) ;
#1196 = CIRCLE ( 'NONE', #5957, 1.000000000000000000 ) ;
#1197 = EDGE_CURVE ( 'NONE', #450, #1694, #5190, .T. ) ;
#1198 = CARTESIAN_POINT ( 'NONE',  ( -4.592936371523030026, -13.33804245042397874, 47.98685008894397441 ) ) ;
#1199 = DIRECTION ( 'NONE',  ( 0.000000000000000000, 1.000000000000000000, 0.000000000000000000 ) ) ;
#1200 = DIRECTION ( 'NONE',  ( 0.000000000000000000, 0.000000000000000000, 1.000000000000000000 ) ) ;
#1201 = CARTESIAN_POINT ( 'NONE',  ( 15.50000000000000000, -10.00000000000000178, 3.000000000000000000 ) ) ;
#1202 = AXIS2_PLACEMENT_3D ( 'NONE', #2262, #2739, #2768 ) ;
#1203 = AXIS2_PLACEMENT_3D ( 'NONE', #4771, #2402, #4362 ) ;
#1204 = ORIENTED_EDGE ( 'NONE', *, *, #4305, .F. ) ;
#1205 = DIRECTION ( 'NONE',  ( -1.000000000000000000, 0.000000000000000000, 0.000000000000000000 ) ) ;
#1206 = FACE_OUTER_BOUND ( 'NONE', #55, .T. ) ;
#1207 = AXIS2_PLACEMENT_3D ( 'NONE', #4270, #5238, #1366 ) ;
#1208 = CIRCLE ( 'NONE', #5565, 1.500000000000001332 ) ;
#1209 = DIRECTION ( 'NONE',  ( -0.7071067811865474617, -0.7071067811865474617, -0.000000000000000000 ) ) ;
#1210 = DIRECTION ( 'NONE',  ( -0.000000000000000000, -0.000000000000000000, -1.000000000000000000 ) ) ;
#1211 = ORIENTED_EDGE ( 'NONE', *, *, #6012, .F. ) ;
#1212 = CARTESIAN_POINT ( 'NONE',  ( -26.50000000000002842, -22.25252334941184174, 48.49999999999997868 ) ) ;
#1213 = AXIS2_PLACEMENT_3D ( 'NONE', #436, #5261, #4324 ) ;
#1214 = CARTESIAN_POINT ( 'NONE',  ( 4.539809849142474540, -67.00000000000000000, 0.000000000000000000 ) ) ;
#1215 = DIRECTION ( 'NONE',  ( -0.000000000000000000, 1.000000000000000000, -0.000000000000000000 ) ) ;
#1216 = ORIENTED_EDGE ( 'NONE', *, *, #2016, .F. ) ;
#1217 = CARTESIAN_POINT ( 'NONE',  ( 11.25735931288073566, -69.00000000000000000, 52.00000000000000000 ) ) ;
#1218 = CIRCLE ( 'NONE', #4580, 5.000000000000007994 ) ;
#1219 = ORIENTED_EDGE ( 'NONE', *, *, #4311, .T. ) ;
#1220 = AXIS2_PLACEMENT_3D ( 'NONE', #2706, #4289, #2207 ) ;
#1221 = EDGE_LOOP ( 'NONE', ( #3890, #3215, #2878, #6041 ) ) ;
#1222 = CARTESIAN_POINT ( 'NONE',  ( -12.97317956067895395, -24.66134403532324271, 4.697358703203060593 ) ) ;
#1223 = CYLINDRICAL_SURFACE ( 'NONE', #4341, 1.500000000000004885 ) ;
#1224 = CARTESIAN_POINT ( 'NONE',  ( -15.50000000000000000, -10.00000000000000000, 6.000000000000000000 ) ) ;
#1225 = CIRCLE ( 'NONE', #4785, 1.000000000000000888 ) ;
#1226 = CARTESIAN_POINT ( 'NONE',  ( -19.49999999999999645, -45.67814575986520964, -5.000000000000011546 ) ) ;
#1227 = DIRECTION ( 'NONE',  ( 0.000000000000000000, 0.000000000000000000, 1.000000000000000000 ) ) ;
#1228 = EDGE_CURVE ( 'NONE', #1621, #3737, #2493, .T. ) ;
#1229 = DIRECTION ( 'NONE',  ( 0.000000000000000000, 1.000000000000000000, 0.000000000000000000 ) ) ;
#1230 = EDGE_CURVE ( 'NONE', #3418, #5320, #3863, .T. ) ;
#1231 = VERTEX_POINT ( 'NONE', #2324 ) ;
#1232 = FACE_OUTER_BOUND ( 'NONE', #4434, .T. ) ;
#1233 = CIRCLE ( 'NONE', #2950, 35.50000000000001421 ) ;
#1234 = ORIENTED_EDGE ( 'NONE', *, *, #639, .F. ) ;
#1235 = CARTESIAN_POINT ( 'NONE',  ( 12.37867965644037227, -68.70710678118655323, 52.00000000000000000 ) ) ;
#1236 = CYLINDRICAL_SURFACE ( 'NONE', #2225, 2.500000000000000888 ) ;
#1237 = CARTESIAN_POINT ( 'NONE',  ( 8.570763945842513110, -15.72175461843904110, 2.337178334570662042 ) ) ;
#1238 = CARTESIAN_POINT ( 'NONE',  ( -23.24199247792598300, -60.60035336314109600, 5.999999999999998224 ) ) ;
#1239 = ORIENTED_EDGE ( 'NONE', *, *, #530, .T. ) ;
#1240 = EDGE_CURVE ( 'NONE', #2504, #5208, #1889, .T. ) ;
#1241 = EDGE_CURVE ( 'NONE', #1479, #3713, #3831, .T. ) ;
#1242 = CARTESIAN_POINT ( 'NONE',  ( 7.930073387008047980, -15.19786894832207835, 49.93541280997057896 ) ) ;
#1243 = CARTESIAN_POINT ( 'NONE',  ( 12.97317956067896283, -24.66134403532323205, 2.302641296796945625 ) ) ;
#1244 = ORIENTED_EDGE ( 'NONE', *, *, #3254, .T. ) ;
#1245 = CYLINDRICAL_SURFACE ( 'NONE', #5240, 2.749999999999999112 ) ;
#1246 = DIRECTION ( 'NONE',  ( 1.000000000000000000, 1.172673560416567696E-16, 0.000000000000000000 ) ) ;
#1247 = VERTEX_POINT ( 'NONE', #2383 ) ;
#1248 = VECTOR ( 'NONE', #4807, 1000.000000000000000 ) ;
#1249 = DIRECTION ( 'NONE',  ( 0.000000000000000000, 0.000000000000000000, 1.000000000000000000 ) ) ;
#1250 = ORIENTED_EDGE ( 'NONE', *, *, #94, .T. ) ;
#1251 = CIRCLE ( 'NONE', #1866, 2.749999999999999112 ) ;
#1252 = ORIENTED_EDGE ( 'NONE', *, *, #4963, .T. ) ;
#1253 = LINE ( 'NONE', #3181, #4140 ) ;
#1254 = CARTESIAN_POINT ( 'NONE',  ( 3.469446951953615767E-15, -60.50000000000000000, 52.00000000000000000 ) ) ;
#1255 = DIRECTION ( 'NONE',  ( 0.000000000000000000, 1.000000000000000000, 0.000000000000000000 ) ) ;
#1256 = DIRECTION ( 'NONE',  ( 0.000000000000000000, 0.000000000000000000, 1.000000000000000000 ) ) ;
#1257 = LINE ( 'NONE', #2769, #2637 ) ;
#1258 = ORIENTED_EDGE ( 'NONE', *, *, #6090, .F. ) ;
#1259 = FACE_OUTER_BOUND ( 'NONE', #5440, .T. ) ;
#1260 = ORIENTED_EDGE ( 'NONE', *, *, #5121, .F. ) ;
#1261 = CARTESIAN_POINT ( 'NONE',  ( -6.742750411257075527, -14.38162486851267374, 47.03818817859605872 ) ) ;
#1262 = EDGE_CURVE ( 'NONE', #5352, #1381, #5218, .T. ) ;
#1263 = DIRECTION ( 'NONE',  ( 0.000000000000000000, 0.000000000000000000, 1.000000000000000000 ) ) ;
#1264 = FACE_OUTER_BOUND ( 'NONE', #3467, .T. ) ;
#1265 = DIRECTION ( 'NONE',  ( 0.000000000000000000, 0.000000000000000000, 1.000000000000000000 ) ) ;
#1266 = EDGE_LOOP ( 'NONE', ( #5503, #6116, #5437, #5449, #2371, #3242, #6159, #1594, #5458, #2907 ) ) ;
#1267 = PERSON_AND_ORGANIZATION ( #6107, #2867 ) ;
#1268 = CYLINDRICAL_SURFACE ( 'NONE', #4256, 1.500000000000001332 ) ;
#1269 = CARTESIAN_POINT ( 'NONE',  ( -4.685875052008641184, -45.67814575986520964, 1.000000000000000000 ) ) ;
#1270 = EDGE_CURVE ( 'NONE', #5119, #1020, #4787, .T. ) ;
#1271 = CARTESIAN_POINT ( 'NONE',  ( 9.136967527403571765, -16.25252334941184529, 3.499999999999995559 ) ) ;
#1272 = EDGE_CURVE ( 'NONE', #1231, #1425, #4314, .T. ) ;
#1273 = ORIENTED_EDGE ( 'NONE', *, *, #3988, .F. ) ;
#1274 = CYLINDRICAL_SURFACE ( 'NONE', #5564, 1.000000000000001110 ) ;
#1275 = DIRECTION ( 'NONE',  ( -0.000000000000000000, -0.000000000000000000, -1.000000000000000000 ) ) ;
#1276 = DIRECTION ( 'NONE',  ( 0.000000000000000000, 0.000000000000000000, 1.000000000000000000 ) ) ;
#1277 = ORIENTED_EDGE ( 'NONE', *, *, #2395, .F. ) ;
#1278 = FACE_OUTER_BOUND ( 'NONE', #6294, .T. ) ;
#1279 = EDGE_CURVE ( 'NONE', #3341, #2384, #3802, .T. ) ;
#1280 = VERTEX_POINT ( 'NONE', #3345 ) ;
#1281 = AXIS2_PLACEMENT_3D ( 'NONE', #2300, #4259, #3290 ) ;
#1282 = EDGE_LOOP ( 'NONE', ( #2895, #866, #3160, #788 ) ) ;
#1283 = DIRECTION ( 'NONE',  ( -0.000000000000000000, -0.000000000000000000, -1.000000000000000000 ) ) ;
#1284 = AXIS2_PLACEMENT_3D ( 'NONE', #4908, #551, #2480 ) ;
#1285 = DIRECTION ( 'NONE',  ( -0.000000000000000000, -0.000000000000000000, -1.000000000000000000 ) ) ;
#1286 = ORIENTED_EDGE ( 'NONE', *, *, #5505, .F. ) ;
#1287 = CARTESIAN_POINT ( 'NONE',  ( -26.50000000000002842, -23.75252334941184884, 48.49999999999997868 ) ) ;
#1288 = CYLINDRICAL_SURFACE ( 'NONE', #1183, 0.9999999999999991118 ) ;
#1289 = CIRCLE ( 'NONE', #6154, 1.000000000000000000 ) ;
#1290 = DIRECTION ( 'NONE',  ( -1.000000000000000000, 0.000000000000000000, 0.000000000000000000 ) ) ;
#1291 = VERTEX_POINT ( 'NONE', #1406 ) ;
#1292 = ORIENTED_EDGE ( 'NONE', *, *, #5499, .F. ) ;
#1293 = VECTOR ( 'NONE', #4473, 1000.000000000000000 ) ;
#1294 = CARTESIAN_POINT ( 'NONE',  ( 22.50000000000000355, -25.25252334941184529, 48.49999999999997868 ) ) ;
#1295 = DIRECTION ( 'NONE',  ( 1.000000000000000000, 0.000000000000000000, 0.000000000000000000 ) ) ;
#1296 = LINE ( 'NONE', #6054, #1683 ) ;
#1297 = CYLINDRICAL_SURFACE ( 'NONE', #3548, 1.500000000000001332 ) ;
#1298 = ORIENTED_EDGE ( 'NONE', *, *, #3849, .F. ) ;
#1299 = VECTOR ( 'NONE', #4833, 1000.000000000000000 ) ;
#1300 = EDGE_CURVE ( 'NONE', #839, #2010, #2892, .T. ) ;
#1301 = CARTESIAN_POINT ( 'NONE',  ( 9.033355500340306321, -16.15110916950344233, 47.93981630427321505 ) ) ;
#1302 = VECTOR ( 'NONE', #785, 1000.000000000000000 ) ;
#1303 = CARTESIAN_POINT ( 'NONE',  ( 12.99599653652276565, -25.17516218697525332, 3.014340985683166885 ) ) ;
#1304 = CIRCLE ( 'NONE', #3121, 2.749999999999999112 ) ;
#1305 = EDGE_LOOP ( 'NONE', ( #1517, #2727, #1717, #3047 ) ) ;
#1306 = DIRECTION ( 'NONE',  ( 0.000000000000000000, 0.000000000000000000, 1.000000000000000000 ) ) ;
#1307 = CARTESIAN_POINT ( 'NONE',  ( 11.25735931288073566, -67.00000000000000000, 0.000000000000000000 ) ) ;
#1308 = CARTESIAN_POINT ( 'NONE',  ( -21.50000000000000000, -57.48990136207992663, 52.00000000000000000 ) ) ;
#1309 = EDGE_CURVE ( 'NONE', #3393, #2041, #904, .T. ) ;
#1310 = EDGE_CURVE ( 'NONE', #2746, #1470, #614, .T. ) ;
#1311 = VECTOR ( 'NONE', #6240, 1000.000000000000000 ) ;
#1312 = ORIENTED_EDGE ( 'NONE', *, *, #5728, .F. ) ;
#1313 = CARTESIAN_POINT ( 'NONE',  ( -26.50000000000003197, -14.75252334941184884, 48.49999999999998579 ) ) ;
#1314 = ORIENTED_EDGE ( 'NONE', *, *, #5194, .T. ) ;
#1315 = AXIS2_PLACEMENT_3D ( 'NONE', #562, #1620, #48 ) ;
#1316 = AXIS2_PLACEMENT_3D ( 'NONE', #1737, #2074, #2609 ) ;
#1317 = EDGE_CURVE ( 'NONE', #802, #5375, #783, .T. ) ;
#1318 = VERTEX_POINT ( 'NONE', #58 ) ;
#1319 = LINE ( 'NONE', #6016, #5340 ) ;
#1320 = FACE_OUTER_BOUND ( 'NONE', #4788, .T. ) ;
#1321 = CARTESIAN_POINT ( 'NONE',  ( -12.77407000420386929, -23.08515505246285215, 47.15311528126132146 ) ) ;
#1322 = AXIS2_PLACEMENT_3D ( 'NONE', #3851, #1428, #2881 ) ;
#1323 = DIRECTION ( 'NONE',  ( 0.000000000000000000, 0.000000000000000000, -1.000000000000000000 ) ) ;
#1324 = ORIENTED_EDGE ( 'NONE', *, *, #304, .F. ) ;
#1325 = LINE ( 'NONE', #3159, #1417 ) ;
#1326 = ORIENTED_EDGE ( 'NONE', *, *, #1310, .F. ) ;
#1327 = CIRCLE ( 'NONE', #3042, 1.500000000000001332 ) ;
#1328 = CARTESIAN_POINT ( 'NONE',  ( -16.99999999999999645, -41.00000000000000000, 49.00000000000000000 ) ) ;
#1329 = LINE ( 'NONE', #3259, #5250 ) ;
#1330 = CARTESIAN_POINT ( 'NONE',  ( -12.06465996625052028, -70.00000000000000000, 52.00000000000000000 ) ) ;
#1331 = DIRECTION ( 'NONE',  ( -1.000000000000000000, 0.000000000000000000, 0.000000000000000000 ) ) ;
#1332 = VERTEX_POINT ( 'NONE', #2011 ) ;
#1333 = VECTOR ( 'NONE', #3550, 1000.000000000000000 ) ;
#1334 = DIRECTION ( 'NONE',  ( 0.000000000000000000, 0.000000000000000000, 1.000000000000000000 ) ) ;
#1335 = ORIENTED_EDGE ( 'NONE', *, *, #4382, .T. ) ;
#1336 = CARTESIAN_POINT ( 'NONE',  ( -19.49999999999999645, -45.67814575986520964, 51.00000000000000000 ) ) ;
#1337 = ORIENTED_EDGE ( 'NONE', *, *, #2229, .F. ) ;
#1338 = DIRECTION ( 'NONE',  ( 1.000000000000000000, 0.000000000000000000, 0.000000000000000000 ) ) ;
#1339 = DIRECTION ( 'NONE',  ( 0.000000000000000000, 0.000000000000000000, 1.000000000000000000 ) ) ;
#1340 = DIRECTION ( 'NONE',  ( 0.000000000000000000, 0.000000000000000000, 1.000000000000000000 ) ) ;
#1341 = ORIENTED_EDGE ( 'NONE', *, *, #5392, .T. ) ;
#1342 = CARTESIAN_POINT ( 'NONE',  ( -15.49999999999999645, -41.00000000000000000, 49.00000000000000000 ) ) ;
#1343 = ORIENTED_EDGE ( 'NONE', *, *, #1421, .F. ) ;
#1344 = EDGE_CURVE ( 'NONE', #5883, #5657, #5406, .T. ) ;
#1345 = ORIENTED_EDGE ( 'NONE', *, *, #2809, .T. ) ;
#1346 = CARTESIAN_POINT ( 'NONE',  ( 11.67157287525380660, -70.00000000000000000, 5.999999999999998224 ) ) ;
#1347 = DIRECTION ( 'NONE',  ( 1.115728272363205951E-16, -1.000000000000000000, 0.000000000000000000 ) ) ;
#1348 = AXIS2_PLACEMENT_3D ( 'NONE', #1588, #3169, #729 ) ;
#1349 = ORIENTED_EDGE ( 'NONE', *, *, #371, .T. ) ;
#1350 = EDGE_CURVE ( 'NONE', #3829, #4189, #1053, .T. ) ;
#1351 = DIRECTION ( 'NONE',  ( 1.000000000000000000, 0.000000000000000000, 0.000000000000000000 ) ) ;
#1352 = EDGE_CURVE ( 'NONE', #2820, #297, #4748, .T. ) ;
#1353 = PLANE ( 'NONE',  #5993 ) ;
#1354 = VERTEX_POINT ( 'NONE', #3501 ) ;
#1355 = ORIENTED_EDGE ( 'NONE', *, *, #2577, .F. ) ;
#1356 = CARTESIAN_POINT ( 'NONE',  ( -5.685875052008637631, -67.00000000000000000, 4.000000000000000000 ) ) ;
#1357 = DIRECTION ( 'NONE',  ( -0.000000000000000000, -0.000000000000000000, 1.000000000000000000 ) ) ;
#1358 = EDGE_CURVE ( 'NONE', #3487, #2566, #98, .T. ) ;
#1359 = DIRECTION ( 'NONE',  ( -0.000000000000000000, -0.000000000000000000, -1.000000000000000000 ) ) ;
#1360 = CARTESIAN_POINT ( 'NONE',  ( 12.60763322818843513, -22.32996819197836302, 3.014192348778873320 ) ) ;
#1361 = ORIENTED_EDGE ( 'NONE', *, *, #3837, .T. ) ;
#1362 = CALENDAR_DATE ( 2024, 26, 9 ) ;
#1363 = DIRECTION ( 'NONE',  ( 0.000000000000000000, 0.000000000000000000, -1.000000000000000000 ) ) ;
#1364 = CARTESIAN_POINT ( 'NONE',  ( 4.428060341630818186, -13.27735383038283246, 3.779982804461884616 ) ) ;
#1365 = VERTEX_POINT ( 'NONE', #5911 ) ;
#1366 = DIRECTION ( 'NONE',  ( 0.000000000000000000, 0.000000000000000000, -1.000000000000000000 ) ) ;
#1367 = CARTESIAN_POINT ( 'NONE',  ( -4.428508954356655813, -13.27751523048849158, 48.78111285187934243 ) ) ;
#1368 = PLANE ( 'NONE',  #2653 ) ;
#1369 = EDGE_LOOP ( 'NONE', ( #731, #767, #3292, #4000 ) ) ;
#1370 = DIRECTION ( 'NONE',  ( 0.000000000000000000, 0.000000000000000000, -1.000000000000000000 ) ) ;
#1371 = EDGE_LOOP ( 'NONE', ( #4503, #92, #2686, #3986 ) ) ;
#1372 = VERTEX_POINT ( 'NONE', #5881 ) ;
#1373 = EDGE_CURVE ( 'NONE', #170, #358, #3736, .T. ) ;
#1374 = DIRECTION ( 'NONE',  ( -0.000000000000000000, 1.000000000000000000, -0.000000000000000000 ) ) ;
#1375 = AXIS2_PLACEMENT_3D ( 'NONE', #343, #2271, #6150 ) ;
#1376 = CARTESIAN_POINT ( 'NONE',  ( -12.92967535983297900, -24.13724302138786371, 47.03682228797487852 ) ) ;
#1377 = CARTESIAN_POINT ( 'NONE',  ( -24.49999999999999289, -59.04554884989668295, 52.00000000000000000 ) ) ;
#1378 = CARTESIAN_POINT ( 'NONE',  ( 21.50000000000000355, -45.67814575986520964, 1.000000000000000000 ) ) ;
#1379 = ADVANCED_FACE ( 'NONE', ( #5435 ), #64, .T. ) ;
#1380 = ADVANCED_FACE ( 'NONE', ( #1086 ), #127, .F. ) ;
#1381 = VERTEX_POINT ( 'NONE', #2446 ) ;
#1382 = LINE ( 'NONE', #850, #81 ) ;
#1383 = CARTESIAN_POINT ( 'NONE',  ( -10.44056729256981519, -67.00000000000000000, 51.00000000000000000 ) ) ;
#1384 = CIRCLE ( 'NONE', #2095, 1.000000000000000000 ) ;
#1385 = DIRECTION ( 'NONE',  ( 0.000000000000000000, 0.000000000000000000, 1.000000000000000000 ) ) ;
#1386 = CYLINDRICAL_SURFACE ( 'NONE', #2831, 1.500000000000001332 ) ;
#1387 = ORIENTED_EDGE ( 'NONE', *, *, #5262, .T. ) ;
#1388 = LINE ( 'NONE', #5389, #5888 ) ;
#1389 = EDGE_CURVE ( 'NONE', #1180, #2473, #3312, .T. ) ;
#1390 = CIRCLE ( 'NONE', #6161, 1.000000000000000000 ) ;
#1391 = DIRECTION ( 'NONE',  ( 1.000000000000000000, 0.000000000000000000, 0.000000000000000000 ) ) ;
#1392 = DIRECTION ( 'NONE',  ( -1.000000000000000000, 0.000000000000000000, 0.000000000000000000 ) ) ;
#1393 = CARTESIAN_POINT ( 'NONE',  ( -22.49999999999999645, -25.25252334941185239, 48.49999999999997868 ) ) ;
#1394 = CYLINDRICAL_SURFACE ( 'NONE', #1513, 1.500000000000001332 ) ;
#1395 = VECTOR ( 'NONE', #419, 1000.000000000000000 ) ;
#1396 = CARTESIAN_POINT ( 'NONE',  ( 13.64213748382861979, -6.999999999999978684, 12.42715187696833468 ) ) ;
#1397 = CARTESIAN_POINT ( 'NONE',  ( -17.00000000000000000, -10.00000000000000000, 0.000000000000000000 ) ) ;
#1398 = DIRECTION ( 'NONE',  ( -1.000000000000000000, 0.000000000000000000, 0.000000000000000000 ) ) ;
#1399 = AXIS2_PLACEMENT_3D ( 'NONE', #1096, #5317, #968 ) ;
#1400 = VECTOR ( 'NONE', #1941, 1000.000000000000000 ) ;
#1401 = ORIENTED_EDGE ( 'NONE', *, *, #4361, .F. ) ;
#1402 = DIRECTION ( 'NONE',  ( -0.000000000000000000, 0.000000000000000000, 1.000000000000000000 ) ) ;
#1403 = VECTOR ( 'NONE', #3123, 1000.000000000000000 ) ;
#1404 = AXIS2_PLACEMENT_3D ( 'NONE', #3873, #4848, #967 ) ;
#1405 = EDGE_LOOP ( 'NONE', ( #1586, #2972, #2693, #3665 ) ) ;
#1406 = CARTESIAN_POINT ( 'NONE',  ( 5.539809849142475429, -67.00000000000000000, 1.000000000000000000 ) ) ;
#1407 = CIRCLE ( 'NONE', #2619, 7.750000000000000000 ) ;
#1408 = ORIENTED_EDGE ( 'NONE', *, *, #330, .T. ) ;
#1409 = VERTEX_POINT ( 'NONE', #2042 ) ;
#1410 = CARTESIAN_POINT ( 'NONE',  ( 15.50000000000000355, -40.99999999999999289, 49.00000000000000000 ) ) ;
#1411 = FACE_OUTER_BOUND ( 'NONE', #244, .T. ) ;
#1412 = CIRCLE ( 'NONE', #4272, 2.000000000000001776 ) ;
#1413 = AXIS2_PLACEMENT_3D ( 'NONE', #2711, #3716, #2649 ) ;
#1414 = DIRECTION ( 'NONE',  ( 1.000000000000000000, 0.000000000000000000, 0.000000000000000000 ) ) ;
#1415 = B_SPLINE_CURVE_WITH_KNOTS ( 'NONE', 3,
 ( #3025, #2639, #5534, #1538, #582, #4968, #1601, #2575, #3541, #4534, #3603, #5022, #5478, #164, #675, #2605, #4569, #203, #2143, #1222, #233, #2171, #1699, #3151, #5093, #4117, #6042, #744, #2668, #3638 ),
 .UNSPECIFIED., .F., .F.,
 ( 4, 2, 2, 2, 2, 2, 2, 2, 2, 2, 2, 2, 2, 2, 4 ),
 ( 4.336808689942017736E-19, 0.0002947355079973002748, 0.0005894710159946001159, 0.0008842065239919000112, 0.001178942031989199798, 0.001768413047983807612, 0.002357884063978415642, 0.002652619571975713478, 0.002947355079973012180, 0.003242090587970310016, 0.003536826095967608719, 0.003831561603964906554, 0.004126297111962204389, 0.004421032619959503959, 0.004715768127956801795 ),
 .UNSPECIFIED. ) ;
#1416 = CARTESIAN_POINT ( 'NONE',  ( -22.49999999999999645, -59.04554884989668295, 52.00000000000000000 ) ) ;
#1417 = VECTOR ( 'NONE', #2675, 1000.000000000000000 ) ;
#1418 = DIRECTION ( 'NONE',  ( 0.000000000000000000, 0.000000000000000000, 1.000000000000000000 ) ) ;
#1419 = CARTESIAN_POINT ( 'NONE',  ( -11.16462172455858237, -67.68974283578550910, 51.00000000000000000 ) ) ;
#1420 = DIRECTION ( 'NONE',  ( 0.000000000000000000, 1.000000000000000000, 0.000000000000000000 ) ) ;
#1421 = EDGE_CURVE ( 'NONE', #1991, #1680, #4552, .T. ) ;
#1422 = ADVANCED_FACE ( 'NONE', ( #1123 ), #2926, .F. ) ;
#1423 = ORIENTED_EDGE ( 'NONE', *, *, #4283, .F. ) ;
#1424 = CARTESIAN_POINT ( 'NONE',  ( -4.428060341630811969, -13.27735383038283601, 3.220017195538111388 ) ) ;
#1425 = VERTEX_POINT ( 'NONE', #4901 ) ;
#1426 = VECTOR ( 'NONE', #3870, 1000.000000000000000 ) ;
#1427 = CARTESIAN_POINT ( 'NONE',  ( 11.25735931288073566, -68.00000000000000000, 48.00000000000000000 ) ) ;
#1428 = DIRECTION ( 'NONE',  ( -0.000000000000000000, 1.000000000000000000, -0.000000000000000000 ) ) ;
#1429 = ORIENTED_EDGE ( 'NONE', *, *, #2196, .T. ) ;
#1430 = LINE ( 'NONE', #4863, #295 ) ;
#1431 = EDGE_CURVE ( 'NONE', #2419, #1135, #1390, .T. ) ;
#1432 = CIRCLE ( 'NONE', #5786, 2.000000000000000000 ) ;
#1433 = EDGE_CURVE ( 'NONE', #2473, #3895, #1468, .T. ) ;
#1434 = CARTESIAN_POINT ( 'NONE',  ( -7.470224603225383397, -14.85676658389539284, 50.00637233262735037 ) ) ;
#1435 = CARTESIAN_POINT ( 'NONE',  ( 15.50000000000000355, -40.99999999999999289, 52.00000000000000000 ) ) ;
#1436 = DIRECTION ( 'NONE',  ( 0.000000000000000000, -1.000000000000000000, 0.000000000000000000 ) ) ;
#1437 = ORIENTED_EDGE ( 'NONE', *, *, #1241, .F. ) ;
#1438 = ADVANCED_FACE ( 'NONE', ( #30 ), #1979, .F. ) ;
#1439 = ORIENTED_EDGE ( 'NONE', *, *, #5452, .F. ) ;
#1440 = DIRECTION ( 'NONE',  ( -0.000000000000000000, -0.000000000000000000, -1.000000000000000000 ) ) ;
#1441 = VERTEX_POINT ( 'NONE', #3436 ) ;
#1442 = ORIENTED_EDGE ( 'NONE', *, *, #3313, .T. ) ;
#1443 = CARTESIAN_POINT ( 'NONE',  ( -12.75783019448190991, -22.99584252998387512, 49.80957474669065732 ) ) ;
#1444 = FACE_BOUND ( 'NONE', #4940, .T. ) ;
#1445 = CARTESIAN_POINT ( 'NONE',  ( -6.685875052008637631, -67.00000000000000000, 52.00000000000000000 ) ) ;
#1446 = DIRECTION ( 'NONE',  ( -0.000000000000000000, -0.000000000000000000, -1.000000000000000000 ) ) ;
#1447 = DIRECTION ( 'NONE',  ( 1.115728272363205951E-16, -1.000000000000000000, 0.000000000000000000 ) ) ;
#1448 = FACE_OUTER_BOUND ( 'NONE', #3775, .T. ) ;
#1449 = DIRECTION ( 'NONE',  ( 0.000000000000000000, 0.000000000000000000, 1.000000000000000000 ) ) ;
#1450 = VERTEX_POINT ( 'NONE', #2472 ) ;
#1451 = CIRCLE ( 'NONE', #4095, 2.000000000000000000 ) ;
#1452 = CARTESIAN_POINT ( 'NONE',  ( -4.358820447471743798, -13.25252334941184351, 3.425914481545785151 ) ) ;
#1453 = ORIENTED_EDGE ( 'NONE', *, *, #1615, .T. ) ;
#1454 = EDGE_CURVE ( 'NONE', #3853, #1409, #1633, .T. ) ;
#1455 = CARTESIAN_POINT ( 'NONE',  ( 14.00000000000000178, -40.99999999999999289, 52.00000000000000000 ) ) ;
#1456 = ORIENTED_EDGE ( 'NONE', *, *, #94, .F. ) ;
#1457 = CARTESIAN_POINT ( 'NONE',  ( -6.685875052008640296, -45.67814575986520964, -5.000000000000011546 ) ) ;
#1458 = ORIENTED_EDGE ( 'NONE', *, *, #4504, .F. ) ;
#1459 = CARTESIAN_POINT ( 'NONE',  ( -26.50000000000003197, -16.25252334941185239, 48.49999999999998579 ) ) ;
#1460 = CARTESIAN_POINT ( 'NONE',  ( -9.136967527403564659, -16.25252334941184884, 3.647071234214655622 ) ) ;
#1461 = LINE ( 'NONE', #4495, #3892 ) ;
#1462 = CARTESIAN_POINT ( 'NONE',  ( 20.50000000000000355, -44.67814575986520964, -5.000000000000011546 ) ) ;
#1463 = EDGE_CURVE ( 'NONE', #738, #5657, #1907, .T. ) ;
#1464 = EDGE_CURVE ( 'NONE', #1776, #1128, #4845, .T. ) ;
#1465 = VERTEX_POINT ( 'NONE', #2634 ) ;
#1466 = CARTESIAN_POINT ( 'NONE',  ( -24.49999999999999289, -69.00000000000000000, 1.000000000000000000 ) ) ;
#1467 = ORIENTED_EDGE ( 'NONE', *, *, #1702, .T. ) ;
#1468 = LINE ( 'NONE', #4873, #478 ) ;
#1469 = EDGE_CURVE ( 'NONE', #1318, #4064, #5595, .T. ) ;
#1470 = VERTEX_POINT ( 'NONE', #1692 ) ;
#1471 = EDGE_LOOP ( 'NONE', ( #4476, #5596, #4988, #3271 ) ) ;
#1472 = CARTESIAN_POINT ( 'NONE',  ( -12.60022715555860451, -22.30083295117720255, 48.89017120939942629 ) ) ;
#1473 = ORIENTED_EDGE ( 'NONE', *, *, #5803, .T. ) ;
#1474 = DIRECTION ( 'NONE',  ( 0.000000000000000000, 0.000000000000000000, 1.000000000000000000 ) ) ;
#1475 = LINE ( 'NONE', #2019, #906 ) ;
#1476 = DIRECTION ( 'NONE',  ( 0.7774022566222053010, 0.6290037610370091681, 0.000000000000000000 ) ) ;
#1477 = FACE_BOUND ( 'NONE', #813, .T. ) ;
#1478 = CARTESIAN_POINT ( 'NONE',  ( 12.63769924280165569, -22.45177213539822247, 2.746585835653943874 ) ) ;
#1479 = VERTEX_POINT ( 'NONE', #2664 ) ;
#1480 = CIRCLE ( 'NONE', #2477, 1.000000000000000888 ) ;
#1481 = CARTESIAN_POINT ( 'NONE',  ( -13.99999999999999467, -41.00000000000000000, 52.00000000000000000 ) ) ;
#1482 = VERTEX_POINT ( 'NONE', #1151 ) ;
#1483 = AXIS2_PLACEMENT_3D ( 'NONE', #777, #3709, #4191 ) ;
#1484 = CARTESIAN_POINT ( 'NONE',  ( 22.50000000000000000, 0.000000000000000000, 52.00000000000000000 ) ) ;
#1485 = ORIENTED_EDGE ( 'NONE', *, *, #2123, .F. ) ;
#1486 = DIRECTION ( 'NONE',  ( -0.000000000000000000, 1.000000000000000000, -0.000000000000000000 ) ) ;
#1487 = ORIENTED_EDGE ( 'NONE', *, *, #5839, .F. ) ;
#1488 = CARTESIAN_POINT ( 'NONE',  ( 12.90652898516505509, -23.94087442908944041, 47.00865388188401539 ) ) ;
#1489 = CARTESIAN_POINT ( 'NONE',  ( -4.374439730367319257, -13.25805969034558096, 3.645779827520228000 ) ) ;
#1490 = VECTOR ( 'NONE', #6110, 1000.000000000000000 ) ;
#1491 = CARTESIAN_POINT ( 'NONE',  ( 20.50000000000000355, -58.75735931288073743, 4.000000000000000000 ) ) ;
#1492 = CARTESIAN_POINT ( 'NONE',  ( -6.685875052008640296, -45.67814575986520964, 48.00000000000000000 ) ) ;
#1493 = CARTESIAN_POINT ( 'NONE',  ( 22.50000000000000000, -16.25252334941184174, 3.499999999999996003 ) ) ;
#1494 = VECTOR ( 'NONE', #6036, 1000.000000000000000 ) ;
#1495 = EDGE_LOOP ( 'NONE', ( #1194, #3540, #5753, #620 ) ) ;
#1496 = EDGE_CURVE ( 'NONE', #4720, #4298, #670, .T. ) ;
#1497 = EDGE_CURVE ( 'NONE', #3932, #4114, #273, .T. ) ;
#1498 = AXIS2_PLACEMENT_3D ( 'NONE', #1462, #1948, #566 ) ;
#1499 = VERTEX_POINT ( 'NONE', #292 ) ;
#1500 = DIRECTION ( 'NONE',  ( 0.000000000000000000, 0.000000000000000000, 1.000000000000000000 ) ) ;
#1501 = ORIENTED_EDGE ( 'NONE', *, *, #3002, .T. ) ;
#1502 = ORIENTED_EDGE ( 'NONE', *, *, #4361, .T. ) ;
#1503 = VECTOR ( 'NONE', #3998, 1000.000000000000000 ) ;
#1504 = DIRECTION ( 'NONE',  ( 1.115728272363205951E-16, -1.000000000000000000, 0.000000000000000000 ) ) ;
#1505 = CIRCLE ( 'NONE', #182, 0.9999999999999991118 ) ;
#1506 = ADVANCED_FACE ( 'NONE', ( #1278 ), #5018, .F. ) ;
#1507 = ORIENTED_EDGE ( 'NONE', *, *, #2039, .F. ) ;
#1508 = DIRECTION ( 'NONE',  ( 0.000000000000000000, 0.000000000000000000, 1.000000000000000000 ) ) ;
#1509 = AXIS2_PLACEMENT_3D ( 'NONE', #2710, #4706, #5169 ) ;
#1510 = CARTESIAN_POINT ( 'NONE',  ( 3.469446951953615767E-15, -60.50000000000000000, 0.000000000000000000 ) ) ;
#1511 = PLANE ( 'NONE',  #4462 ) ;
#1512 = CARTESIAN_POINT ( 'NONE',  ( -11.16462172455858237, -67.68974283578550910, 1.000000000000000000 ) ) ;
#1513 = AXIS2_PLACEMENT_3D ( 'NONE', #4302, #21, #2345 ) ;
#1514 = AXIS2_PLACEMENT_3D ( 'NONE', #4058, #1641, #3576 ) ;
#1515 = ORIENTED_EDGE ( 'NONE', *, *, #2168, .T. ) ;
#1516 = CARTESIAN_POINT ( 'NONE',  ( 0.8240424184599304258, 0.000000000000000000, 25.15779854030026286 ) ) ;
#1517 = ORIENTED_EDGE ( 'NONE', *, *, #1373, .T. ) ;
#1518 = ORIENTED_EDGE ( 'NONE', *, *, #994, .F. ) ;
#1519 = VECTOR ( 'NONE', #1210, 1000.000000000000000 ) ;
#1520 = DIRECTION ( 'NONE',  ( -1.000000000000000000, -1.172673560416567696E-16, 0.000000000000000000 ) ) ;
#1521 = DIRECTION ( 'NONE',  ( 0.000000000000000000, 0.000000000000000000, -1.000000000000000000 ) ) ;
#1522 = CYLINDRICAL_SURFACE ( 'NONE', #3098, 1.499999999999999556 ) ;
#1523 = DIRECTION ( 'NONE',  ( -1.000000000000000000, 0.000000000000000000, 0.000000000000000000 ) ) ;
#1524 = DIRECTION ( 'NONE',  ( 0.000000000000000000, -1.000000000000000000, -0.000000000000000000 ) ) ;
#1525 = VECTOR ( 'NONE', #1880, 1000.000000000000000 ) ;
#1526 = DIRECTION ( 'NONE',  ( -1.000000000000000000, 0.000000000000000000, 0.000000000000000000 ) ) ;
#1527 = CARTESIAN_POINT ( 'NONE',  ( -46.63709636151667581, -86.00000000000000000, 46.00000000000000000 ) ) ;
#1528 = CARTESIAN_POINT ( 'NONE',  ( 8.973227552296041409, -16.09304669195397608, 49.18490212491460056 ) ) ;
#1529 = ORIENTED_EDGE ( 'NONE', *, *, #1352, .F. ) ;
#1530 = AXIS2_PLACEMENT_3D ( 'NONE', #459, #5792, #429 ) ;
#1531 = ORIENTED_EDGE ( 'NONE', *, *, #3477, .T. ) ;
#1532 = DIRECTION ( 'NONE',  ( 1.000000000000000000, 0.000000000000000000, 0.000000000000000000 ) ) ;
#1533 = EDGE_CURVE ( 'NONE', #4319, #2384, #5444, .T. ) ;
#1534 = ORIENTED_EDGE ( 'NONE', *, *, #1788, .T. ) ;
#1535 = ORIENTED_EDGE ( 'NONE', *, *, #2864, .F. ) ;
#1536 = CARTESIAN_POINT ( 'NONE',  ( -34.99999999999999289, -72.50000000000001421, 5.999999999999998224 ) ) ;
#1537 = ORIENTED_EDGE ( 'NONE', *, *, #3522, .T. ) ;
#1538 = CARTESIAN_POINT ( 'NONE',  ( -12.60022715555860451, -22.30083295117720255, 3.890171209399442276 ) ) ;
#1539 = CARTESIAN_POINT ( 'NONE',  ( -15.49999999999999645, -41.00000000000000000, 6.000000000000000000 ) ) ;
#1540 = EDGE_CURVE ( 'NONE', #5307, #4032, #2257, .T. ) ;
#1541 = EDGE_CURVE ( 'NONE', #2484, #3402, #5153, .T. ) ;
#1542 = DIRECTION ( 'NONE',  ( 0.000000000000000000, 0.000000000000000000, 1.000000000000000000 ) ) ;
#1543 = CARTESIAN_POINT ( 'NONE',  ( -27.99999999999998934, -72.50000000000001421, 5.999999999999998224 ) ) ;
#1544 = DIRECTION ( 'NONE',  ( 0.000000000000000000, 0.000000000000000000, -1.000000000000000000 ) ) ;
#1545 = ORIENTED_EDGE ( 'NONE', *, *, #5264, .F. ) ;
#1546 = LINE ( 'NONE', #5067, #1333 ) ;
#1547 = EDGE_LOOP ( 'NONE', ( #2968, #1487, #5237, #3549 ) ) ;
#1548 = AXIS2_PLACEMENT_3D ( 'NONE', #1112, #2591, #185 ) ;
#1549 = ORIENTED_EDGE ( 'NONE', *, *, #4889, .T. ) ;
#1550 = EDGE_CURVE ( 'NONE', #5533, #2232, #257, .T. ) ;
#1551 = FACE_OUTER_BOUND ( 'NONE', #1221, .T. ) ;
#1552 = DIRECTION ( 'NONE',  ( -1.000000000000000000, 0.000000000000000000, 0.000000000000000000 ) ) ;
#1553 = CARTESIAN_POINT ( 'NONE',  ( 13.64213748382861979, -10.00000000000000000, 12.42715187696833468 ) ) ;
#1554 = PRODUCT_DEFINITION_FORMATION_WITH_SPECIFIED_SOURCE ( 'ANY', '', #2684, .NOT_KNOWN. ) ;
#1555 = CARTESIAN_POINT ( 'NONE',  ( 12.95449238128389347, -24.40934910146856751, 47.14786011979194313 ) ) ;
#1556 = ORIENTED_EDGE ( 'NONE', *, *, #3837, .F. ) ;
#1557 = FACE_OUTER_BOUND ( 'NONE', #1305, .T. ) ;
#1558 = DIRECTION ( 'NONE',  ( -0.000000000000000000, -0.000000000000000000, 1.000000000000000000 ) ) ;
#1559 = CARTESIAN_POINT ( 'NONE',  ( 8.747452865161649882, -15.88245827638094099, 49.49311667305744322 ) ) ;
#1560 = ORIENTED_EDGE ( 'NONE', *, *, #4196, .T. ) ;
#1561 = ORIENTED_EDGE ( 'NONE', *, *, #4424, .F. ) ;
#1562 = CYLINDRICAL_SURFACE ( 'NONE', #5944, 7.750000000000003553 ) ;
#1563 = DIRECTION ( 'NONE',  ( -0.000000000000000000, -0.000000000000000000, -1.000000000000000000 ) ) ;
#1564 = VERTEX_POINT ( 'NONE', #1217 ) ;
#1565 = DIRECTION ( 'NONE',  ( 1.000000000000000000, 0.000000000000000000, -0.000000000000000000 ) ) ;
#1566 = VERTEX_POINT ( 'NONE', #2600 ) ;
#1567 = CARTESIAN_POINT ( 'NONE',  ( -12.89416260422203564, -23.84161178335873998, 50.00052246977596582 ) ) ;
#1568 = EDGE_CURVE ( 'NONE', #3859, #2485, #3146, .T. ) ;
#1569 = ORIENTED_EDGE ( 'NONE', *, *, #6262, .T. ) ;
#1570 = FACE_OUTER_BOUND ( 'NONE', #3406, .T. ) ;
#1571 = DIRECTION ( 'NONE',  ( 0.000000000000000000, 0.000000000000000000, 1.000000000000000000 ) ) ;
#1572 = FACE_OUTER_BOUND ( 'NONE', #1371, .T. ) ;
#1573 = FACE_BOUND ( 'NONE', #5642, .T. ) ;
#1574 = ORIENTED_EDGE ( 'NONE', *, *, #1568, .T. ) ;
#1575 = EDGE_CURVE ( 'NONE', #2837, #4780, #5656, .T. ) ;
#1576 = PLANE ( 'NONE',  #5185 ) ;
#1577 = EDGE_CURVE ( 'NONE', #1734, #5980, #4755, .T. ) ;
#1578 = ORIENTED_EDGE ( 'NONE', *, *, #5306, .T. ) ;
#1579 = DIRECTION ( 'NONE',  ( -1.000000000000000000, 0.000000000000000000, 0.000000000000000000 ) ) ;
#1580 = EDGE_LOOP ( 'NONE', ( #3347, #6206, #1008, #1355 ) ) ;
#1581 = FACE_BOUND ( 'NONE', #5523, .T. ) ;
#1582 = DIRECTION ( 'NONE',  ( 1.000000000000000000, 0.000000000000000000, 0.000000000000000000 ) ) ;
#1583 = AXIS2_PLACEMENT_3D ( 'NONE', #5008, #1045, #598 ) ;
#1584 = DIRECTION ( 'NONE',  ( 0.6897428357855003300, -0.7240544319887670666, 0.000000000000000000 ) ) ;
#1585 = CARTESIAN_POINT ( 'NONE',  ( 12.66348844055776546, -22.56074911211987910, 47.58388822127299278 ) ) ;
#1586 = ORIENTED_EDGE ( 'NONE', *, *, #1868, .T. ) ;
#1587 = EDGE_CURVE ( 'NONE', #4657, #408, #2694, .T. ) ;
#1588 = CARTESIAN_POINT ( 'NONE',  ( 5.539809849142475429, -69.00000000000000000, 51.00000000000000000 ) ) ;
#1589 = AXIS2_PLACEMENT_3D ( 'NONE', #4219, #2175, #5029 ) ;
#1590 = DIRECTION ( 'NONE',  ( -1.000000000000000000, 0.000000000000000000, 0.000000000000000000 ) ) ;
#1591 = ORIENTED_EDGE ( 'NONE', *, *, #3608, .F. ) ;
#1592 = DIRECTION ( 'NONE',  ( 1.000000000000000000, 1.172673560416567696E-16, -0.000000000000000000 ) ) ;
#1593 = DIRECTION ( 'NONE',  ( -0.000000000000000000, -0.000000000000000000, -1.000000000000000000 ) ) ;
#1594 = ORIENTED_EDGE ( 'NONE', *, *, #451, .T. ) ;
#1595 = DIRECTION ( 'NONE',  ( -0.000000000000000000, -0.000000000000000000, -1.000000000000000000 ) ) ;
#1596 = VECTOR ( 'NONE', #4962, 1000.000000000000000 ) ;
#1597 = EDGE_LOOP ( 'NONE', ( #3591, #3816, #5907, #19 ) ) ;
#1598 = LINE ( 'NONE', #2573, #6178 ) ;
#1599 = CIRCLE ( 'NONE', #6260, 2.749999999999999112 ) ;
#1600 = ORIENTED_EDGE ( 'NONE', *, *, #314, .F. ) ;
#1601 = CARTESIAN_POINT ( 'NONE',  ( -12.63769924280164858, -22.45177213539822603, 4.253414164346062343 ) ) ;
#1602 = CARTESIAN_POINT ( 'NONE',  ( -20.49999999999999645, -45.67814575986520964, 4.000000000000000000 ) ) ;
#1603 = VECTOR ( 'NONE', #2748, 1000.000000000000000 ) ;
#1604 = AXIS2_PLACEMENT_3D ( 'NONE', #5802, #4914, #3517 ) ;
#1605 = DIRECTION ( 'NONE',  ( -1.175176459371563913E-16, 1.000000000000000000, 0.000000000000000000 ) ) ;
#1606 = CYLINDRICAL_SURFACE ( 'NONE', #3641, 2.500000000000000888 ) ;
#1607 = CYLINDRICAL_SURFACE ( 'NONE', #1989, 1.000000000000000000 ) ;
#1608 = ORIENTED_EDGE ( 'NONE', *, *, #2665, .F. ) ;
#1609 = DIRECTION ( 'NONE',  ( 1.000000000000000000, -0.000000000000000000, -0.000000000000000000 ) ) ;
#1610 = AXIS2_PLACEMENT_3D ( 'NONE', #2551, #2479, #586 ) ;
#1611 = VECTOR ( 'NONE', #6215, 1000.000000000000000 ) ;
#1612 = ORIENTED_EDGE ( 'NONE', *, *, #4735, .T. ) ;
#1613 = ORIENTED_EDGE ( 'NONE', *, *, #6200, .F. ) ;
#1614 = CARTESIAN_POINT ( 'NONE',  ( -7.228536437782735469, -14.69115132677718627, 46.99311813363910062 ) ) ;
#1615 = EDGE_CURVE ( 'NONE', #2763, #65, #4564, .T. ) ;
#1616 = AXIS2_PLACEMENT_3D ( 'NONE', #3990, #2960, #63 ) ;
#1617 = CARTESIAN_POINT ( 'NONE',  ( 12.67157287525382614, -68.41421356237309226, 0.000000000000000000 ) ) ;
#1618 = AXIS2_PLACEMENT_3D ( 'NONE', #3629, #1215, #2662 ) ;
#1619 = FACE_BOUND ( 'NONE', #5103, .T. ) ;
#1620 = DIRECTION ( 'NONE',  ( 0.000000000000000000, 0.000000000000000000, -1.000000000000000000 ) ) ;
#1621 = VERTEX_POINT ( 'NONE', #4084 ) ;
#1622 = CARTESIAN_POINT ( 'NONE',  ( -6.685875052008640296, -45.67814575986520964, 52.00000000000000000 ) ) ;
#1623 = VECTOR ( 'NONE', #4175, 1000.000000000000000 ) ;
#1624 = DIRECTION ( 'NONE',  ( 1.000000000000000000, 1.040834085586083310E-14, 0.000000000000000000 ) ) ;
#1625 = CARTESIAN_POINT ( 'NONE',  ( 9.032769587030328395, -16.15054224664616456, 49.06154458178365019 ) ) ;
#1626 = ADVANCED_FACE ( 'NONE', ( #5054, #6011 ), #1665, .T. ) ;
#1627 = ADVANCED_FACE ( 'NONE', ( #5653 ), #1916, .F. ) ;
#1628 = ORIENTED_EDGE ( 'NONE', *, *, #3050, .F. ) ;
#1629 = CIRCLE ( 'NONE', #2839, 1.000000000000000888 ) ;
#1630 = DIRECTION ( 'NONE',  ( 0.000000000000000000, 0.000000000000000000, 1.000000000000000000 ) ) ;
#1631 = DIRECTION ( 'NONE',  ( 0.000000000000000000, 0.000000000000000000, 1.000000000000000000 ) ) ;
#1632 = ORIENTED_EDGE ( 'NONE', *, *, #759, .F. ) ;
#1633 = LINE ( 'NONE', #3205, #2198 ) ;
#1634 = CIRCLE ( 'NONE', #4782, 0.9999999999999991118 ) ;
#1635 = ADVANCED_FACE ( 'NONE', ( #4336 ), #2284, .F. ) ;
#1636 = EDGE_LOOP ( 'NONE', ( #2140, #4579 ) ) ;
#1637 = CARTESIAN_POINT ( 'NONE',  ( 11.25735931288073566, -69.00000000000000000, 0.000000000000000000 ) ) ;
#1638 = AXIS2_PLACEMENT_3D ( 'NONE', #6115, #4251, #4347 ) ;
#1639 = ORIENTED_EDGE ( 'NONE', *, *, #2189, .T. ) ;
#1640 = DIRECTION ( 'NONE',  ( -1.000000000000000000, 0.000000000000000000, 0.000000000000000000 ) ) ;
#1641 = DIRECTION ( 'NONE',  ( -0.000000000000000000, -0.000000000000000000, 1.000000000000000000 ) ) ;
#1642 = CYLINDRICAL_SURFACE ( 'NONE', #4153, 1.500000000000001332 ) ;
#1643 = DIRECTION ( 'NONE',  ( -1.115728272363205951E-16, 1.000000000000000000, 0.000000000000000000 ) ) ;
#1644 = VERTEX_POINT ( 'NONE', #2857 ) ;
#1645 = DIRECTION ( 'NONE',  ( 0.000000000000000000, 1.000000000000000000, 0.000000000000000000 ) ) ;
#1646 = VERTEX_POINT ( 'NONE', #3770 ) ;
#1647 = EDGE_LOOP ( 'NONE', ( #6219, #502, #6064, #3145 ) ) ;
#1648 = CYLINDRICAL_SURFACE ( 'NONE', #2510, 1.000000000000000888 ) ;
#1649 = CARTESIAN_POINT ( 'NONE',  ( 15.50000000000000355, -40.99999999999999289, 46.00000000000000000 ) ) ;
#1650 = CARTESIAN_POINT ( 'NONE',  ( 22.50000000000000355, -23.75252334941183463, 3.500000000000003109 ) ) ;
#1651 = CARTESIAN_POINT ( 'NONE',  ( -12.99704671182753479, -25.21280345945386969, 3.104816000824247801 ) ) ;
#1652 = ORIENTED_EDGE ( 'NONE', *, *, #645, .F. ) ;
#1653 = CIRCLE ( 'NONE', #941, 2.000000000000000000 ) ;
#1654 = DIRECTION ( 'NONE',  ( 0.000000000000000000, -1.000000000000000000, 0.000000000000000000 ) ) ;
#1655 = EDGE_CURVE ( 'NONE', #6136, #3445, #580, .T. ) ;
#1656 = CARTESIAN_POINT ( 'NONE',  ( -10.44056729256981519, -67.00000000000000000, 4.000000000000000000 ) ) ;
#1657 = LINE ( 'NONE', #5555, #2022 ) ;
#1658 = ORIENTED_EDGE ( 'NONE', *, *, #6242, .T. ) ;
#1659 = CARTESIAN_POINT ( 'NONE',  ( 12.75758263690693362, -22.99982147338739580, 4.801115112131641105 ) ) ;
#1660 = B_SPLINE_CURVE_WITH_KNOTS ( 'NONE', 3,
 ( #1088, #993, #520, #1472, #3472, #2931, #3442, #4411, #3926, #3503, #1443, #1982, #33, #1567, #4477, #487, #457, #4439, #2475, #5791, #1954, #5851, #5313, #1027, #546, #3381, #963, #2986, #2896, #4843 ),
 .UNSPECIFIED., .F., .F.,
 ( 4, 2, 2, 2, 2, 2, 2, 2, 2, 2, 2, 2, 2, 2, 4 ),
 ( 6.938893903907228378E-18, 0.0002947355079973061837, 0.0005894710159946054285, 0.0008842065239919046733, 0.001178942031989203918, 0.001768413047983803058, 0.002357884063978402632, 0.002652619571975702202, 0.002947355079973002639, 0.003242090587970303077, 0.003536826095967603081, 0.003831561603964903518, 0.004126297111962203522, 0.004421032619959503959, 0.004715768127956804397 ),
 .UNSPECIFIED. ) ;
#1661 = DIRECTION ( 'NONE',  ( 0.6897428357855003300, -0.7240544319887670666, 0.000000000000000000 ) ) ;
#1662 = EDGE_CURVE ( 'NONE', #1425, #2746, #4250, .T. ) ;
#1663 = ADVANCED_FACE ( 'NONE', ( #2829 ), #4810, .T. ) ;
#1664 = ORIENTED_EDGE ( 'NONE', *, *, #5295, .F. ) ;
#1665 = PLANE ( 'NONE',  #789 ) ;
#1666 = ORIENTED_EDGE ( 'NONE', *, *, #4018, .F. ) ;
#1667 = EDGE_CURVE ( 'NONE', #1644, #1991, #4275, .T. ) ;
#1668 = ORIENTED_EDGE ( 'NONE', *, *, #1148, .T. ) ;
#1669 = CARTESIAN_POINT ( 'NONE',  ( 12.59844111860276428, -22.29293097336654483, 48.89721216830857031 ) ) ;
#1670 = DIRECTION ( 'NONE',  ( 0.7071067811865457964, 0.7071067811865492381, -0.000000000000000000 ) ) ;
#1671 = DIRECTION ( 'NONE',  ( -1.000000000000000000, 0.000000000000000000, 0.000000000000000000 ) ) ;
#1672 = CARTESIAN_POINT ( 'NONE',  ( -19.49999999999999645, -57.48990136207992663, 1.000000000000000000 ) ) ;
#1673 = CARTESIAN_POINT ( 'NONE',  ( -27.92176700168746351, -77.04763098818770573, 52.00000000000000000 ) ) ;
#1674 = VERTEX_POINT ( 'NONE', #3732 ) ;
#1675 = EDGE_LOOP ( 'NONE', ( #1022, #3651, #1859, #4393 ) ) ;
#1676 = CARTESIAN_POINT ( 'NONE',  ( -4.358820447471746462, -13.25252334941184174, 48.49999999999998579 ) ) ;
#1677 = CARTESIAN_POINT ( 'NONE',  ( -12.06465996625052739, -72.00000000000001421, 5.999999999999998224 ) ) ;
#1678 = CARTESIAN_POINT ( 'NONE',  ( 8.974699713463595074, -16.09444782584490241, 2.817709187480211597 ) ) ;
#1679 = FACE_OUTER_BOUND ( 'NONE', #2983, .T. ) ;
#1680 = VERTEX_POINT ( 'NONE', #864 ) ;
#1681 = CARTESIAN_POINT ( 'NONE',  ( 15.50000000000000355, -40.99999999999999289, 46.00000000000000000 ) ) ;
#1682 = CARTESIAN_POINT ( 'NONE',  ( 6.539809849142475429, -67.00000000000000000, 51.00000000000000000 ) ) ;
#1683 = VECTOR ( 'NONE', #852, 1000.000000000000000 ) ;
#1684 = LINE ( 'NONE', #3621, #4856 ) ;
#1685 = CARTESIAN_POINT ( 'NONE',  ( -6.685875052008637631, -68.00000000000000000, 0.000000000000000000 ) ) ;
#1686 = EDGE_LOOP ( 'NONE', ( #141, #5388 ) ) ;
#1687 = CC_DESIGN_DATE_AND_TIME_ASSIGNMENT ( #3294, #4769, ( #2798 ) ) ;
#1688 = CARTESIAN_POINT ( 'NONE',  ( -22.49999999999999645, -59.04554884989668295, 5.999999999999998224 ) ) ;
#1689 = AXIS2_PLACEMENT_3D ( 'NONE', #4446, #267, #1740 ) ;
#1690 = CARTESIAN_POINT ( 'NONE',  ( -12.99999999999999822, -25.50000000000000355, 5.999999999999998224 ) ) ;
#1691 = ORIENTED_EDGE ( 'NONE', *, *, #3725, .T. ) ;
#1692 = CARTESIAN_POINT ( 'NONE',  ( 6.539809849142475429, -68.00000000000000000, 51.00000000000000000 ) ) ;
#1693 = AXIS2_PLACEMENT_3D ( 'NONE', #1307, #5685, #5239 ) ;
#1694 = VERTEX_POINT ( 'NONE', #2791 ) ;
#1695 = ADVANCED_FACE ( 'NONE', ( #3858 ), #5716, .F. ) ;
#1696 = EDGE_CURVE ( 'NONE', #4329, #6129, #480, .T. ) ;
#1697 = VECTOR ( 'NONE', #1024, 1000.000000000000000 ) ;
#1698 = VERTEX_POINT ( 'NONE', #1885 ) ;
#1699 = CARTESIAN_POINT ( 'NONE',  ( -12.98812964651835067, -24.94187345594722061, 4.419294971250387505 ) ) ;
#1700 = CARTESIAN_POINT ( 'NONE',  ( 15.50000000000000355, -40.99999999999999289, 52.00000000000000000 ) ) ;
#1701 = CARTESIAN_POINT ( 'NONE',  ( 22.50000000000000355, -22.25252334941183463, 48.49999999999997868 ) ) ;
#1702 = EDGE_CURVE ( 'NONE', #3063, #455, #176, .T. ) ;
#1703 = LINE ( 'NONE', #3183, #3229 ) ;
#1704 = EDGE_CURVE ( 'NONE', #5151, #3534, #892, .T. ) ;
#1705 = AXIS2_PLACEMENT_3D ( 'NONE', #6070, #2193, #1730 ) ;
#1706 = CARTESIAN_POINT ( 'NONE',  ( -20.49999999999999645, -44.67814575986520964, 48.00000000000000000 ) ) ;
#1707 = DIRECTION ( 'NONE',  ( -1.000000000000000000, 0.000000000000000000, -0.000000000000000000 ) ) ;
#1708 = EDGE_LOOP ( 'NONE', ( #5359, #2216 ) ) ;
#1709 = AXIS2_PLACEMENT_3D ( 'NONE', #462, #4822, #5731 ) ;
#1710 = ORIENTED_EDGE ( 'NONE', *, *, #3277, .F. ) ;
#1711 = VECTOR ( 'NONE', #6004, 1000.000000000000000 ) ;
#1712 = CARTESIAN_POINT ( 'NONE',  ( -8.466790153400905794, -15.63432643562621216, 47.28229008906308195 ) ) ;
#1713 = CARTESIAN_POINT ( 'NONE',  ( -11.81786251617137928, 0.000000000000000000, 13.92715187696833290 ) ) ;
#1714 = CARTESIAN_POINT ( 'NONE',  ( 6.007546684239312818, -13.96796540843832624, 2.212828580293438208 ) ) ;
#1715 = DIRECTION ( 'NONE',  ( -0.000000000000000000, -0.000000000000000000, 1.000000000000000000 ) ) ;
#1716 = AXIS2_PLACEMENT_3D ( 'NONE', #4135, #5044, #3197 ) ;
#1717 = ORIENTED_EDGE ( 'NONE', *, *, #2697, .F. ) ;
#1718 = FACE_BOUND ( 'NONE', #6230, .T. ) ;
#1719 = AXIS2_PLACEMENT_3D ( 'NONE', #4532, #3573, #5504 ) ;
#1720 = AXIS2_PLACEMENT_3D ( 'NONE', #3966, #942, #1058 ) ;
#1721 = DIRECTION ( 'NONE',  ( 0.000000000000000000, 0.000000000000000000, 1.000000000000000000 ) ) ;
#1722 = ORIENTED_EDGE ( 'NONE', *, *, #4763, .F. ) ;
#1723 = CARTESIAN_POINT ( 'NONE',  ( -11.88867615654735133, -68.37948567157100399, 51.00000000000000000 ) ) ;
#1724 = EDGE_LOOP ( 'NONE', ( #4973, #2038, #4975, #3376 ) ) ;
#1725 = LINE ( 'NONE', #2824, #1801 ) ;
#1726 = AXIS2_PLACEMENT_3D ( 'NONE', #2906, #1934, #1449 ) ;
#1727 = VECTOR ( 'NONE', #2515, 1000.000000000000000 ) ;
#1728 = CARTESIAN_POINT ( 'NONE',  ( 12.75000000000000178, -10.00000000000000178, 3.000000000000000000 ) ) ;
#1729 = ORIENTED_EDGE ( 'NONE', *, *, #925, .T. ) ;
#1730 = DIRECTION ( 'NONE',  ( -1.000000000000000000, 0.000000000000000000, 0.000000000000000000 ) ) ;
#1731 = CIRCLE ( 'NONE', #3771, 13.00000000000000178 ) ;
#1732 = ORIENTED_EDGE ( 'NONE', *, *, #3084, .T. ) ;
#1733 = AXIS2_PLACEMENT_3D ( 'NONE', #3505, #3059, #1640 ) ;
#1734 = VERTEX_POINT ( 'NONE', #3304 ) ;
#1735 = EDGE_CURVE ( 'NONE', #4775, #5119, #1599, .T. ) ;
#1736 = CARTESIAN_POINT ( 'NONE',  ( -9.136967527403564659, -16.25252334941184884, 3.499999999999996447 ) ) ;
#1737 = CARTESIAN_POINT ( 'NONE',  ( -24.49999999999999289, -43.67814575986520964, 1.000000000000000000 ) ) ;
#1738 = CIRCLE ( 'NONE', #5280, 1.000000000000000000 ) ;
#1739 = PLANE ( 'NONE',  #2307 ) ;
#1740 = DIRECTION ( 'NONE',  ( 1.000000000000000000, 0.000000000000000000, 0.000000000000000000 ) ) ;
#1741 = DIRECTION ( 'NONE',  ( 1.000000000000000000, 0.000000000000000000, 0.000000000000000000 ) ) ;
#1742 = VERTEX_POINT ( 'NONE', #3340 ) ;
#1743 = DIRECTION ( 'NONE',  ( -0.000000000000000000, 1.000000000000000000, 0.000000000000000000 ) ) ;
#1744 = ADVANCED_FACE ( 'NONE', ( #956 ), #835, .F. ) ;
#1745 = EDGE_CURVE ( 'NONE', #2232, #1694, #2379, .T. ) ;
#1746 = ORIENTED_EDGE ( 'NONE', *, *, #5499, .T. ) ;
#1747 = CARTESIAN_POINT ( 'NONE',  ( -9.032769587030321290, -16.15054224664616456, 47.93845541821630718 ) ) ;
#1748 = LINE ( 'NONE', #5134, #1302 ) ;
#1749 = DIRECTION ( 'NONE',  ( 1.000000000000000000, 0.000000000000000000, 0.000000000000000000 ) ) ;
#1750 = CARTESIAN_POINT ( 'NONE',  ( 17.00000000000000000, -10.00000000000000178, 49.00000000000000000 ) ) ;
#1751 = ORIENTED_EDGE ( 'NONE', *, *, #4545, .T. ) ;
#1752 = APPROVAL_DATE_TIME ( #319, #549 ) ;
#1753 = ADVANCED_FACE ( 'NONE', ( #4213, #3243 ), #2762, .T. ) ;
#1754 = CARTESIAN_POINT ( 'NONE',  ( 3.469446951953615767E-15, -25.50000000000000355, 56.00000000000002132 ) ) ;
#1755 = DIRECTION ( 'NONE',  ( -1.000000000000000000, 0.000000000000000000, 0.000000000000000000 ) ) ;
#1756 = DIRECTION ( 'NONE',  ( -0.000000000000000000, -0.000000000000000000, -1.000000000000000000 ) ) ;
#1757 = ORIENTED_EDGE ( 'NONE', *, *, #6200, .T. ) ;
#1758 = CARTESIAN_POINT ( 'NONE',  ( -21.22405443198876185, -58.57971441780033928, 51.00000000000000000 ) ) ;
#1759 = DIRECTION ( 'NONE',  ( -1.000000000000000000, 0.000000000000000000, 0.000000000000000000 ) ) ;
#1760 = DIRECTION ( 'NONE',  ( 1.000000000000000000, 0.000000000000000000, 0.000000000000000000 ) ) ;
#1761 = CARTESIAN_POINT ( 'NONE',  ( 11.25735931288073566, -67.00000000000000000, 51.00000000000000000 ) ) ;
#1762 = VERTEX_POINT ( 'NONE', #5689 ) ;
#1763 = VECTOR ( 'NONE', #3825, 1000.000000000000000 ) ;
#1764 = DIRECTION ( 'NONE',  ( -0.000000000000000000, -0.000000000000000000, -1.000000000000000000 ) ) ;
#1765 = ORIENTED_EDGE ( 'NONE', *, *, #5697, .F. ) ;
#1766 = VECTOR ( 'NONE', #1654, 1000.000000000000000 ) ;
#1767 = ORIENTED_EDGE ( 'NONE', *, *, #4460, .T. ) ;
#1768 = DIRECTION ( 'NONE',  ( -0.000000000000000000, -0.000000000000000000, -1.000000000000000000 ) ) ;
#1769 = CARTESIAN_POINT ( 'NONE',  ( -11.81786251617137395, -6.999999999999978684, 39.38715187696834619 ) ) ;
#1770 = CYLINDRICAL_SURFACE ( 'NONE', #800, 2.749999999999999112 ) ;
#1771 = CARTESIAN_POINT ( 'NONE',  ( -6.685875052008640296, -44.67814575986520964, 4.000000000000000000 ) ) ;
#1772 = EDGE_CURVE ( 'NONE', #4984, #3747, #4429, .T. ) ;
#1773 = CARTESIAN_POINT ( 'NONE',  ( 17.00000000000000000, -10.00000000000000178, 52.00000000000000000 ) ) ;
#1774 = ORIENTED_EDGE ( 'NONE', *, *, #521, .T. ) ;
#1775 = FACE_OUTER_BOUND ( 'NONE', #4501, .T. ) ;
#1776 = VERTEX_POINT ( 'NONE', #3398 ) ;
#1777 = DIRECTION ( 'NONE',  ( -1.000000000000000000, 0.000000000000000000, 0.000000000000000000 ) ) ;
#1778 = CARTESIAN_POINT ( 'NONE',  ( 13.08578643762691662, -69.41421356237309226, 0.000000000000000000 ) ) ;
#1779 = LINE ( 'NONE', #2154, #2224 ) ;
#1780 = EDGE_CURVE ( 'NONE', #1450, #2862, #1975, .T. ) ;
#1781 = EDGE_CURVE ( 'NONE', #1291, #3634, #1196, .T. ) ;
#1782 = ORIENTED_EDGE ( 'NONE', *, *, #1814, .F. ) ;
#1783 = PERSON_AND_ORGANIZATION_ROLE ( 'design_owner' ) ;
#1784 = CARTESIAN_POINT ( 'NONE',  ( 9.136967527403582423, -16.25252334941185239, 48.35292876578533594 ) ) ;
#1785 = CARTESIAN_POINT ( 'NONE',  ( 12.99238217197088296, -25.05164472636240447, 2.743732475884346655 ) ) ;
#1786 = ORIENTED_EDGE ( 'NONE', *, *, #2081, .F. ) ;
#1787 = DIRECTION ( 'NONE',  ( 0.000000000000000000, 0.000000000000000000, -1.000000000000000000 ) ) ;
#1788 = EDGE_CURVE ( 'NONE', #6168, #4447, #5460, .T. ) ;
#1789 = CARTESIAN_POINT ( 'NONE',  ( -10.44056729256981519, -68.00000000000000000, 4.000000000000000000 ) ) ;
#1790 = CARTESIAN_POINT ( 'NONE',  ( 13.08578643762691662, -69.41421356237309226, 52.00000000000000000 ) ) ;
#1791 = VERTEX_POINT ( 'NONE', #2062 ) ;
#1792 = DIRECTION ( 'NONE',  ( -1.000000000000000000, 0.000000000000000000, 0.000000000000000000 ) ) ;
#1793 = ORIENTED_EDGE ( 'NONE', *, *, #1550, .F. ) ;
#1794 = CIRCLE ( 'NONE', #5532, 1.500000000000001332 ) ;
#1795 = ORIENTED_EDGE ( 'NONE', *, *, #3207, .T. ) ;
#1796 = DIRECTION ( 'NONE',  ( 0.000000000000000000, 0.000000000000000000, -1.000000000000000000 ) ) ;
#1797 = AXIS2_PLACEMENT_3D ( 'NONE', #3875, #406, #2807 ) ;
#1798 = DIRECTION ( 'NONE',  ( 1.000000000000000000, 0.000000000000000000, 0.000000000000000000 ) ) ;
#1799 = CARTESIAN_POINT ( 'NONE',  ( -12.99283203655999053, -25.06179827468510624, 47.74211639215534575 ) ) ;
#1800 = DIRECTION ( 'NONE',  ( 0.7071067811865475727, 0.7071067811865475727, -0.000000000000000000 ) ) ;
#1801 = VECTOR ( 'NONE', #6065, 1000.000000000000000 ) ;
#1802 = DIRECTION ( 'NONE',  ( 0.000000000000000000, 0.000000000000000000, 1.000000000000000000 ) ) ;
#1803 = ORIENTED_EDGE ( 'NONE', *, *, #4586, .T. ) ;
#1804 = CARTESIAN_POINT ( 'NONE',  ( -12.99999999999999822, -25.50000000000000355, 0.000000000000000000 ) ) ;
#1805 = EDGE_LOOP ( 'NONE', ( #4125, #5189, #544, #4941 ) ) ;
#1806 = VECTOR ( 'NONE', #1374, 1000.000000000000000 ) ;
#1807 = DIRECTION ( 'NONE',  ( -0.7071067811865474617, -0.7071067811865474617, 0.000000000000000000 ) ) ;
#1808 = DIRECTION ( 'NONE',  ( -1.000000000000000000, -0.000000000000000000, -0.000000000000000000 ) ) ;
#1809 = DIRECTION ( 'NONE',  ( 1.000000000000000000, 0.000000000000000000, 0.000000000000000000 ) ) ;
#1810 = CARTESIAN_POINT ( 'NONE',  ( 3.469446951953615767E-15, -60.50000000000000000, 52.00000000000000000 ) ) ;
#1811 = ORIENTED_EDGE ( 'NONE', *, *, #1040, .T. ) ;
#1812 = VECTOR ( 'NONE', #3465, 1000.000000000000000 ) ;
#1813 = SHAPE_DEFINITION_REPRESENTATION ( #5188, #198 ) ;
#1814 = EDGE_CURVE ( 'NONE', #2041, #450, #5399, .T. ) ;
#1815 = DIRECTION ( 'NONE',  ( 0.000000000000000000, 1.000000000000000000, 0.000000000000000000 ) ) ;
#1816 = EDGE_LOOP ( 'NONE', ( #427, #3266, #453, #6014, #5772, #470, #4523, #6282, #750, #6261 ) ) ;
#1817 = CIRCLE ( 'NONE', #1399, 2.749999999999999112 ) ;
#1818 = CARTESIAN_POINT ( 'NONE',  ( 5.269513673675675136, -13.61281926438937617, 4.487758690664978900 ) ) ;
#1819 = AXIS2_PLACEMENT_3D ( 'NONE', #3075, #699, #2249 ) ;
#1820 = ORIENTED_EDGE ( 'NONE', *, *, #2204, .F. ) ;
#1821 = CARTESIAN_POINT ( 'NONE',  ( 0.9121374838286215869, -6.999999999999978684, 25.15715187696833866 ) ) ;
#1822 = CARTESIAN_POINT ( 'NONE',  ( -19.49999999999999645, -57.48990136207992663, -5.000000000000011546 ) ) ;
#1823 = DIRECTION ( 'NONE',  ( 1.000000000000000000, 1.172673560416567696E-16, 0.000000000000000000 ) ) ;
#1824 = CIRCLE ( 'NONE', #2614, 2.000000000000001776 ) ;
#1825 = VERTEX_POINT ( 'NONE', #26 ) ;
#1826 = DIRECTION ( 'NONE',  ( 1.000000000000000000, 0.000000000000000000, -0.000000000000000000 ) ) ;
#1827 = ADVANCED_FACE ( 'NONE', ( #2980 ), #5905, .F. ) ;
#1828 = EDGE_CURVE ( 'NONE', #1409, #5215, #2603, .T. ) ;
#1829 = ORIENTED_EDGE ( 'NONE', *, *, #619, .T. ) ;
#1830 = VECTOR ( 'NONE', #5438, 1000.000000000000000 ) ;
#1831 = AXIS2_PLACEMENT_3D ( 'NONE', #1092, #3506, #5917 ) ;
#1832 = ORIENTED_EDGE ( 'NONE', *, *, #1860, .F. ) ;
#1833 = CARTESIAN_POINT ( 'NONE',  ( -12.74999999999999822, -41.00000000000000000, 6.000000000000000000 ) ) ;
#1834 = EDGE_CURVE ( 'NONE', #2010, #5322, #3428, .T. ) ;
#1835 = CARTESIAN_POINT ( 'NONE',  ( -29.99999999999999289, -72.50000000000001421, 0.000000000000000000 ) ) ;
#1836 = ORIENTED_EDGE ( 'NONE', *, *, #5465, .T. ) ;
#1837 = FACE_OUTER_BOUND ( 'NONE', #329, .T. ) ;
#1838 = CIRCLE ( 'NONE', #3661, 1.000000000000000888 ) ;
#1839 = CARTESIAN_POINT ( 'NONE',  ( -20.49999999999999645, -44.67814575986520964, -5.000000000000011546 ) ) ;
#1840 = ORIENTED_EDGE ( 'NONE', *, *, #4881, .F. ) ;
#1841 = EDGE_LOOP ( 'NONE', ( #5168, #2447, #541, #3612 ) ) ;
#1842 = CIRCLE ( 'NONE', #3456, 1.500000000000001332 ) ;
#1843 = PLANE ( 'NONE',  #1509 ) ;
#1844 = CARTESIAN_POINT ( 'NONE',  ( 17.00000000000000355, -40.99999999999999289, 52.00000000000000000 ) ) ;
#1845 = CARTESIAN_POINT ( 'NONE',  ( 14.00000000000000178, -40.99999999999999289, 52.00000000000000000 ) ) ;
#1846 = FACE_OUTER_BOUND ( 'NONE', #2556, .T. ) ;
#1847 = VERTEX_POINT ( 'NONE', #1076 ) ;
#1848 = VECTOR ( 'NONE', #2040, 1000.000000000000000 ) ;
#1849 = SECURITY_CLASSIFICATION_LEVEL ( 'unclassified' ) ;
#1850 = CARTESIAN_POINT ( 'NONE',  ( 7.933495839656865556, -15.19746065600975982, 47.05706720543256694 ) ) ;
#1851 = CARTESIAN_POINT ( 'NONE',  ( 22.50000000000000355, -25.25252334941183463, 3.500000000000003109 ) ) ;
#1852 = ORIENTED_EDGE ( 'NONE', *, *, #2692, .T. ) ;
#1853 = CARTESIAN_POINT ( 'NONE',  ( -29.99999999999999289, -72.50000000000001421, 52.00000000000000000 ) ) ;
#1854 = DIRECTION ( 'NONE',  ( 0.000000000000000000, 0.000000000000000000, -1.000000000000000000 ) ) ;
#1855 = ADVANCED_FACE ( 'NONE', ( #3045 ), #1115, .T. ) ;
#1856 = CARTESIAN_POINT ( 'NONE',  ( -10.44056729256981519, -68.00000000000000000, 51.00000000000000000 ) ) ;
#1857 = ORIENTED_EDGE ( 'NONE', *, *, #3408, .F. ) ;
#1858 = CARTESIAN_POINT ( 'NONE',  ( 20.50000000000000355, -58.75735931288073743, 52.00000000000000000 ) ) ;
#1859 = ORIENTED_EDGE ( 'NONE', *, *, #3522, .F. ) ;
#1860 = EDGE_CURVE ( 'NONE', #5151, #6129, #2495, .T. ) ;
#1861 = ADVANCED_FACE ( 'NONE', ( #3495 ), #5812, .F. ) ;
#1862 = VECTOR ( 'NONE', #2952, 1000.000000000000000 ) ;
#1863 = VERTEX_POINT ( 'NONE', #5331 ) ;
#1864 = CARTESIAN_POINT ( 'NONE',  ( 13.99999999999999822, -10.00000000000000178, 52.00000000000000000 ) ) ;
#1865 = CYLINDRICAL_SURFACE ( 'NONE', #5767, 1.500000000000001332 ) ;
#1866 = AXIS2_PLACEMENT_3D ( 'NONE', #1681, #5552, #3074 ) ;
#1867 = DIRECTION ( 'NONE',  ( -1.000000000000000000, 0.000000000000000000, 0.000000000000000000 ) ) ;
#1868 = EDGE_CURVE ( 'NONE', #1499, #1791, #5047, .T. ) ;
#1869 = FACE_OUTER_BOUND ( 'NONE', #1266, .T. ) ;
#1870 = EDGE_LOOP ( 'NONE', ( #6086, #5787 ) ) ;
#1871 = LINE ( 'NONE', #337, #201 ) ;
#1872 = ORIENTED_EDGE ( 'NONE', *, *, #2657, .T. ) ;
#1873 = CARTESIAN_POINT ( 'NONE',  ( 19.50000000000000355, -58.75735931288073743, 48.00000000000000000 ) ) ;
#1874 = CARTESIAN_POINT ( 'NONE',  ( 2.500000000000004441, -60.50000000000000000, 46.00000000000000000 ) ) ;
#1875 = FACE_BOUND ( 'NONE', #5529, .T. ) ;
#1876 = FACE_OUTER_BOUND ( 'NONE', #4489, .T. ) ;
#1877 = EDGE_LOOP ( 'NONE', ( #2733, #5379, #4913, #1793 ) ) ;
#1878 = CARTESIAN_POINT ( 'NONE',  ( -8.973227552296025422, -16.09304669195396897, 2.815097875085386558 ) ) ;
#1879 = CYLINDRICAL_SURFACE ( 'NONE', #5252, 2.000000000000001776 ) ;
#1880 = DIRECTION ( 'NONE',  ( -0.000000000000000000, -0.000000000000000000, -1.000000000000000000 ) ) ;
#1881 = FACE_OUTER_BOUND ( 'NONE', #6248, .T. ) ;
#1882 = CARTESIAN_POINT ( 'NONE',  ( -8.159753463939591001, -15.37624077898441577, 49.87932593918162638 ) ) ;
#1883 = CARTESIAN_POINT ( 'NONE',  ( -10.44056729256981519, -68.00000000000000000, 4.000000000000000000 ) ) ;
#1884 = ADVANCED_FACE ( 'NONE', ( #4868 ), #2303, .T. ) ;
#1885 = CARTESIAN_POINT ( 'NONE',  ( -11.81786251617137395, -6.999999999999978684, 36.38715187696834619 ) ) ;
#1886 = CC_DESIGN_DATE_AND_TIME_ASSIGNMENT ( #2814, #3818, ( #5909 ) ) ;
#1887 = ORIENTED_EDGE ( 'NONE', *, *, #6242, .F. ) ;
#1888 = ORIENTED_EDGE ( 'NONE', *, *, #3571, .F. ) ;
#1889 = LINE ( 'NONE', #3276, #5747 ) ;
#1890 = ADVANCED_FACE ( 'NONE', ( #512, #2035, #4897, #2468, #52, #3008, #2002 ), #5875, .T. ) ;
#1891 = VERTEX_POINT ( 'NONE', #4496 ) ;
#1892 = EDGE_CURVE ( 'NONE', #5994, #3713, #3012, .T. ) ;
#1893 = TOROIDAL_SURFACE ( 'NONE', #5330, 2.000000000000000000, 1.000000000000000000 ) ;
#1894 = CARTESIAN_POINT ( 'NONE',  ( 3.469446951953615767E-15, -25.50000000000000355, 52.00000000000000000 ) ) ;
#1895 = CARTESIAN_POINT ( 'NONE',  ( 5.539809849142475429, -68.00000000000000000, 51.00000000000000000 ) ) ;
#1896 = AXIS2_PLACEMENT_3D ( 'NONE', #6243, #2336, #3842 ) ;
#1897 = CARTESIAN_POINT ( 'NONE',  ( 18.25000000000000355, -40.99999999999999289, 49.00000000000000000 ) ) ;
#1898 = ADVANCED_FACE ( 'NONE', ( #3589 ), #3941, .T. ) ;
#1899 = ADVANCED_FACE ( 'NONE', ( #1206 ), #635, .F. ) ;
#1900 = DIRECTION ( 'NONE',  ( 1.000000000000000000, 1.175176459371563913E-16, -0.000000000000000000 ) ) ;
#1901 = DIRECTION ( 'NONE',  ( -0.000000000000000000, -0.000000000000000000, -1.000000000000000000 ) ) ;
#1902 = DIRECTION ( 'NONE',  ( -0.000000000000000000, 1.000000000000000000, -0.000000000000000000 ) ) ;
#1903 = DIRECTION ( 'NONE',  ( -0.000000000000000000, -0.000000000000000000, -1.000000000000000000 ) ) ;
#1904 = VERTEX_POINT ( 'NONE', #5043 ) ;
#1905 = CARTESIAN_POINT ( 'NONE',  ( 4.539809849142472764, -45.67814575986520964, 51.00000000000000000 ) ) ;
#1906 = ORIENTED_EDGE ( 'NONE', *, *, #2571, .F. ) ;
#1907 = CIRCLE ( 'NONE', #3006, 0.9999999999999988898 ) ;
#1908 = DIRECTION ( 'NONE',  ( 1.000000000000000000, 0.000000000000000000, 0.000000000000000000 ) ) ;
#1909 = ORIENTED_EDGE ( 'NONE', *, *, #4696, .T. ) ;
#1910 = DIRECTION ( 'NONE',  ( 1.000000000000000000, 0.000000000000000000, 0.000000000000000000 ) ) ;
#1911 = ORIENTED_EDGE ( 'NONE', *, *, #6262, .F. ) ;
#1912 = CARTESIAN_POINT ( 'NONE',  ( 12.58784713141547584, -22.25252334941183818, 48.49999999999997868 ) ) ;
#1913 = AXIS2_PLACEMENT_3D ( 'NONE', #1313, #5278, #931 ) ;
#1914 = CARTESIAN_POINT ( 'NONE',  ( -6.742662059380123196, -14.38158082260526349, 4.961778731109757423 ) ) ;
#1915 = DIRECTION ( 'NONE',  ( -1.115728272363205951E-16, 1.000000000000000000, 0.000000000000000000 ) ) ;
#1916 = CYLINDRICAL_SURFACE ( 'NONE', #3217, 2.749999999999999112 ) ;
#1917 = CIRCLE ( 'NONE', #1093, 2.000000000000003553 ) ;
#1918 = ORIENTED_EDGE ( 'NONE', *, *, #4504, .T. ) ;
#1919 = AXIS2_PLACEMENT_3D ( 'NONE', #1226, #3546, #3090 ) ;
#1920 = AXIS2_PLACEMENT_3D ( 'NONE', #1484, #1520, #2058 ) ;
#1921 = ORIENTED_EDGE ( 'NONE', *, *, #4350, .T. ) ;
#1922 = DIRECTION ( 'NONE',  ( -0.7071067811865474617, -0.7071067811865474617, 0.000000000000000000 ) ) ;
#1923 = VECTOR ( 'NONE', #2544, 1000.000000000000000 ) ;
#1924 = ORIENTED_EDGE ( 'NONE', *, *, #5828, .T. ) ;
#1925 = VERTEX_POINT ( 'NONE', #4133 ) ;
#1926 = DIRECTION ( 'NONE',  ( 1.000000000000000000, 0.000000000000000000, 0.000000000000000000 ) ) ;
#1927 = ADVANCED_FACE ( 'NONE', ( #2128, #281, #1718, #4042, #4173 ), #6098, .F. ) ;
#1928 = CIRCLE ( 'NONE', #2421, 1.000000000000000000 ) ;
#1929 = DIRECTION ( 'NONE',  ( 0.000000000000000000, 0.000000000000000000, 1.000000000000000000 ) ) ;
#1930 = CARTESIAN_POINT ( 'NONE',  ( 12.75000000000000355, -40.99999999999999289, 3.000000000000000000 ) ) ;
#1931 = AXIS2_PLACEMENT_3D ( 'NONE', #6286, #4365, #1910 ) ;
#1932 = DIRECTION ( 'NONE',  ( 0.000000000000000000, 0.000000000000000000, 1.000000000000000000 ) ) ;
#1933 = CARTESIAN_POINT ( 'NONE',  ( 6.539809849142472764, -44.67814575986520964, 48.00000000000000000 ) ) ;
#1934 = DIRECTION ( 'NONE',  ( 0.000000000000000000, 1.000000000000000000, 0.000000000000000000 ) ) ;
#1935 = ORIENTED_EDGE ( 'NONE', *, *, #1077, .F. ) ;
#1936 = ADVANCED_FACE ( 'NONE', ( #5616 ), #1268, .F. ) ;
#1937 = CARTESIAN_POINT ( 'NONE',  ( -8.564452164968860970, -15.71914116512572157, 2.347314585919524799 ) ) ;
#1938 = EDGE_CURVE ( 'NONE', #4450, #3211, #3947, .T. ) ;
#1939 = VERTEX_POINT ( 'NONE', #2865 ) ;
#1940 = AXIS2_PLACEMENT_3D ( 'NONE', #2422, #4879, #1474 ) ;
#1941 = DIRECTION ( 'NONE',  ( -1.115728272363205951E-16, 1.000000000000000000, -0.000000000000000000 ) ) ;
#1942 = FACE_OUTER_BOUND ( 'NONE', #5922, .T. ) ;
#1943 = ORIENTED_EDGE ( 'NONE', *, *, #1541, .F. ) ;
#1944 = DIRECTION ( 'NONE',  ( -1.000000000000000000, 0.000000000000000000, 0.000000000000000000 ) ) ;
#1945 = CARTESIAN_POINT ( 'NONE',  ( -5.758356962892680286, -13.84179138020920341, 49.70209805119522173 ) ) ;
#1946 = EDGE_CURVE ( 'NONE', #4933, #4300, #2107, .T. ) ;
#1947 = LINE ( 'NONE', #5810, #838 ) ;
#1948 = DIRECTION ( 'NONE',  ( 0.000000000000000000, 1.000000000000000000, 0.000000000000000000 ) ) ;
#1949 = ORIENTED_EDGE ( 'NONE', *, *, #5662, .F. ) ;
#1950 = EDGE_LOOP ( 'NONE', ( #3409, #6088, #669, #837 ) ) ;
#1951 = LINE ( 'NONE', #4340, #60 ) ;
#1952 = EDGE_LOOP ( 'NONE', ( #2024, #190, #3422, #4551 ) ) ;
#1953 = ORIENTED_EDGE ( 'NONE', *, *, #717, .F. ) ;
#1954 = CARTESIAN_POINT ( 'NONE',  ( -12.97782930256043166, -24.73779156570219229, 49.63541233323989132 ) ) ;
#1955 = ORIENTED_EDGE ( 'NONE', *, *, #6114, .F. ) ;
#1956 = DIRECTION ( 'NONE',  ( 0.000000000000000000, 0.000000000000000000, -1.000000000000000000 ) ) ;
#1957 = LOCAL_TIME ( 23, 17, 49.00000000000000000, #2340 ) ;
#1958 = DIRECTION ( 'NONE',  ( 0.000000000000000000, 1.000000000000000000, 0.000000000000000000 ) ) ;
#1959 = DIRECTION ( 'NONE',  ( 0.7071067811865492381, -0.7071067811865457964, 0.000000000000000000 ) ) ;
#1960 = CARTESIAN_POINT ( 'NONE',  ( -12.06465996625052028, -70.00000000000000000, 46.00000000000000000 ) ) ;
#1961 = CARTESIAN_POINT ( 'NONE',  ( 12.89416260422203919, -23.84161178335873288, 1.999477530224026189 ) ) ;
#1962 = ORIENTED_EDGE ( 'NONE', *, *, #4068, .F. ) ;
#1963 = DIRECTION ( 'NONE',  ( 0.000000000000000000, 1.000000000000000000, 0.000000000000000000 ) ) ;
#1964 = ORIENTED_EDGE ( 'NONE', *, *, #1834, .T. ) ;
#1965 = ORIENTED_EDGE ( 'NONE', *, *, #883, .F. ) ;
#1966 = PLANE ( 'NONE',  #5664 ) ;
#1967 = EDGE_CURVE ( 'NONE', #5819, #5420, #636, .T. ) ;
#1968 = EDGE_LOOP ( 'NONE', ( #2599, #3390, #1312, #272 ) ) ;
#1969 = CARTESIAN_POINT ( 'NONE',  ( 3.469446951953615767E-15, -25.50000000000000355, 46.00000000000000000 ) ) ;
#1970 = EDGE_CURVE ( 'NONE', #3296, #5091, #5355, .T. ) ;
#1971 = EDGE_LOOP ( 'NONE', ( #62, #3424, #4116, #1078 ) ) ;
#1972 = CYLINDRICAL_SURFACE ( 'NONE', #2217, 5.000000000000004441 ) ;
#1973 = CARTESIAN_POINT ( 'NONE',  ( -6.742662059380127637, -14.38158082260526882, 49.96177873110976719 ) ) ;
#1974 = CARTESIAN_POINT ( 'NONE',  ( -19.49999999999999645, -44.67814575986520964, 51.00000000000000000 ) ) ;
#1975 = LINE ( 'NONE', #2409, #5246 ) ;
#1976 = EDGE_CURVE ( 'NONE', #5980, #1734, #2819, .T. ) ;
#1977 = ORIENTED_EDGE ( 'NONE', *, *, #1352, .T. ) ;
#1978 = ORIENTED_EDGE ( 'NONE', *, *, #1389, .F. ) ;
#1979 = CYLINDRICAL_SURFACE ( 'NONE', #680, 1.499999999999997780 ) ;
#1980 = EDGE_LOOP ( 'NONE', ( #3726, #5333, #239, #5157 ) ) ;
#1981 = ORIENTED_EDGE ( 'NONE', *, *, #23, .F. ) ;
#1982 = CARTESIAN_POINT ( 'NONE',  ( -12.82285282386766667, -23.35349554780316339, 49.95887925929575601 ) ) ;
#1983 = EDGE_LOOP ( 'NONE', ( #6228, #5591, #1211, #1578 ) ) ;
#1984 = DIRECTION ( 'NONE',  ( -1.000000000000000000, 0.000000000000000000, -0.000000000000000000 ) ) ;
#1985 = CARTESIAN_POINT ( 'NONE',  ( 20.50000000000000355, -44.67814575986520964, 48.00000000000000000 ) ) ;
#1986 = DIRECTION ( 'NONE',  ( 0.7071067811865457964, 0.7071067811865492381, -0.000000000000000000 ) ) ;
#1987 = CARTESIAN_POINT ( 'NONE',  ( 6.539809849142472764, -45.67814575986520964, -5.000000000000011546 ) ) ;
#1988 = VERTEX_POINT ( 'NONE', #1493 ) ;
#1989 = AXIS2_PLACEMENT_3D ( 'NONE', #1987, #1544, #3547 ) ;
#1990 = CARTESIAN_POINT ( 'NONE',  ( -5.685875052008637631, -67.00000000000000000, 52.00000000000000000 ) ) ;
#1991 = VERTEX_POINT ( 'NONE', #1018 ) ;
#1992 = ORIENTED_EDGE ( 'NONE', *, *, #4068, .T. ) ;
#1993 = VECTOR ( 'NONE', #861, 1000.000000000000000 ) ;
#1994 = DIRECTION ( 'NONE',  ( 1.000000000000000000, 0.000000000000000000, 0.000000000000000000 ) ) ;
#1995 = DIRECTION ( 'NONE',  ( 0.000000000000000000, 0.000000000000000000, 1.000000000000000000 ) ) ;
#1996 = VERTEX_POINT ( 'NONE', #5876 ) ;
#1997 = CARTESIAN_POINT ( 'NONE',  ( 12.82285282386767200, -23.35349554780315984, 47.04112074070420135 ) ) ;
#1998 = CARTESIAN_POINT ( 'NONE',  ( -7.227837932437434887, -14.69069403367256932, 50.00684191361725794 ) ) ;
#1999 = VECTOR ( 'NONE', #3728, 1000.000000000000000 ) ;
#2000 = FACE_OUTER_BOUND ( 'NONE', #5801, .T. ) ;
#2001 = EDGE_CURVE ( 'NONE', #839, #2499, #5463, .T. ) ;
#2002 = FACE_BOUND ( 'NONE', #5506, .T. ) ;
#2003 = DIRECTION ( 'NONE',  ( 1.000000000000000000, 0.000000000000000000, 0.000000000000000000 ) ) ;
#2004 = VECTOR ( 'NONE', #3535, 1000.000000000000000 ) ;
#2005 = ORIENTED_EDGE ( 'NONE', *, *, #2657, .F. ) ;
#2006 = EDGE_CURVE ( 'NONE', #1381, #4465, #2036, .T. ) ;
#2007 = CIRCLE ( 'NONE', #2410, 1.999999999999998224 ) ;
#2008 = EDGE_CURVE ( 'NONE', #5, #2722, #3834, .T. ) ;
#2009 = VECTOR ( 'NONE', #1764, 1000.000000000000000 ) ;
#2010 = VERTEX_POINT ( 'NONE', #4555 ) ;
#2011 = CARTESIAN_POINT ( 'NONE',  ( -18.25000000000000000, -10.00000000000000000, 6.000000000000000000 ) ) ;
#2012 = EDGE_LOOP ( 'NONE', ( #743, #1981, #3167, #1473 ) ) ;
#2013 = ORIENTED_EDGE ( 'NONE', *, *, #4952, .T. ) ;
#2014 = LINE ( 'NONE', #3960, #1830 ) ;
#2015 = VECTOR ( 'NONE', #2815, 1000.000000000000000 ) ;
#2016 = EDGE_CURVE ( 'NONE', #2221, #6213, #320, .T. ) ;
#2017 = CARTESIAN_POINT ( 'NONE',  ( 12.99764422145081433, -25.25252334941184884, 48.49999999999997868 ) ) ;
#2018 = VECTOR ( 'NONE', #3131, 1000.000000000000114 ) ;
#2019 = CARTESIAN_POINT ( 'NONE',  ( 20.50000000000000355, -59.17157287525382969, 51.00000000000000000 ) ) ;
#2020 = CARTESIAN_POINT ( 'NONE',  ( 11.67157287525382614, -68.00000000000000000, 4.000000000000000000 ) ) ;
#2021 = FACE_OUTER_BOUND ( 'NONE', #2033, .T. ) ;
#2022 = VECTOR ( 'NONE', #5084, 1000.000000000000114 ) ;
#2023 = AXIS2_PLACEMENT_3D ( 'NONE', #1254, #1285, #3676 ) ;
#2024 = ORIENTED_EDGE ( 'NONE', *, *, #1946, .T. ) ;
#2025 = CARTESIAN_POINT ( 'NONE',  ( -22.50000000000000000, -13.25252334941184174, 3.499999999999996003 ) ) ;
#2026 = VERTEX_POINT ( 'NONE', #6099 ) ;
#2027 = ORIENTED_EDGE ( 'NONE', *, *, #3521, .T. ) ;
#2028 = AXIS2_PLACEMENT_3D ( 'NONE', #4330, #2404, #3265 ) ;
#2029 = DIRECTION ( 'NONE',  ( 1.115728272363205951E-16, -1.000000000000000000, 0.000000000000000000 ) ) ;
#2030 = DIRECTION ( 'NONE',  ( 0.000000000000000000, 0.000000000000000000, -1.000000000000000000 ) ) ;
#2031 = FACE_BOUND ( 'NONE', #937, .T. ) ;
#2032 = CARTESIAN_POINT ( 'NONE',  ( 12.97782930256043699, -24.73779156570219939, 47.36458766676006604 ) ) ;
#2033 = EDGE_LOOP ( 'NONE', ( #4961, #2985, #5089, #4853 ) ) ;
#2034 = DIRECTION ( 'NONE',  ( 1.000000000000000000, 0.000000000000000000, 0.000000000000000000 ) ) ;
#2035 = FACE_BOUND ( 'NONE', #1686, .T. ) ;
#2036 = LINE ( 'NONE', #3982, #2608 ) ;
#2037 = AXIS2_PLACEMENT_3D ( 'NONE', #4846, #5346, #966 ) ;
#2038 = ORIENTED_EDGE ( 'NONE', *, *, #5493, .T. ) ;
#2039 = EDGE_CURVE ( 'NONE', #270, #5322, #693, .T. ) ;
#2040 = DIRECTION ( 'NONE',  ( 1.115728272363205951E-16, -1.000000000000000000, 0.000000000000000000 ) ) ;
#2041 = VERTEX_POINT ( 'NONE', #3170 ) ;
#2042 = CARTESIAN_POINT ( 'NONE',  ( -5.685875052008640296, -45.67814575986520964, 48.00000000000000000 ) ) ;
#2043 = VERTEX_POINT ( 'NONE', #5142 ) ;
#2044 = EDGE_CURVE ( 'NONE', #3393, #270, #4682, .T. ) ;
#2045 = FACE_OUTER_BOUND ( 'NONE', #4327, .T. ) ;
#2046 = EDGE_CURVE ( 'NONE', #531, #6013, #2920, .T. ) ;
#2047 = EDGE_LOOP ( 'NONE', ( #1501, #500, #5914, #5407 ) ) ;
#2048 = CARTESIAN_POINT ( 'NONE',  ( 12.66288888228904419, -22.55533143220762327, 49.42437544298895347 ) ) ;
#2049 = CARTESIAN_POINT ( 'NONE',  ( 6.539809849142472764, -45.67814575986520964, 1.000000000000000000 ) ) ;
#2050 = CARTESIAN_POINT ( 'NONE',  ( -27.99999999999998934, -72.50000000000001421, 52.00000000000000000 ) ) ;
#2051 = ADVANCED_FACE ( 'NONE', ( #188 ), #2159, .F. ) ;
#2052 = CARTESIAN_POINT ( 'NONE',  ( 19.50000000000000355, -45.67814575986520964, 1.000000000000000000 ) ) ;
#2053 = EDGE_LOOP ( 'NONE', ( #5924, #1005 ) ) ;
#2054 = DIRECTION ( 'NONE',  ( 0.000000000000000000, 0.000000000000000000, 1.000000000000000000 ) ) ;
#2055 = ORIENTED_EDGE ( 'NONE', *, *, #5034, .T. ) ;
#2056 = VECTOR ( 'NONE', #2442, 1000.000000000000000 ) ;
#2057 = EDGE_LOOP ( 'NONE', ( #519, #5557, #5198, #2098 ) ) ;
#2058 = DIRECTION ( 'NONE',  ( 1.172673560416567696E-16, -1.000000000000000000, 0.000000000000000000 ) ) ;
#2059 = CARTESIAN_POINT ( 'NONE',  ( -15.50000000000000000, -10.00000000000000000, 49.00000000000000000 ) ) ;
#2060 = DIRECTION ( 'NONE',  ( 1.000000000000000000, 0.000000000000000000, 0.000000000000000000 ) ) ;
#2061 = VERTEX_POINT ( 'NONE', #6028 ) ;
#2062 = CARTESIAN_POINT ( 'NONE',  ( -4.685875052008638519, -67.00000000000000000, 0.000000000000000000 ) ) ;
#2063 = DIRECTION ( 'NONE',  ( 1.000000000000000000, 0.000000000000000000, 0.000000000000000000 ) ) ;
#2064 = ORIENTED_EDGE ( 'NONE', *, *, #5034, .F. ) ;
#2065 = CARTESIAN_POINT ( 'NONE',  ( 12.99704671182754012, -25.21280345945386614, 3.895183999175757972 ) ) ;
#2066 = DIRECTION ( 'NONE',  ( 0.000000000000000000, 0.000000000000000000, 1.000000000000000000 ) ) ;
#2067 = ORIENTED_EDGE ( 'NONE', *, *, #1240, .F. ) ;
#2068 = DIRECTION ( 'NONE',  ( -0.000000000000000000, -0.000000000000000000, -1.000000000000000000 ) ) ;
#2069 = ORIENTED_EDGE ( 'NONE', *, *, #6237, .T. ) ;
#2070 = PLANE ( 'NONE',  #5165 ) ;
#2071 = ORIENTED_EDGE ( 'NONE', *, *, #2423, .T. ) ;
#2072 = CARTESIAN_POINT ( 'NONE',  ( 12.80673678196874832, -23.26486385418791158, 49.92185340526448556 ) ) ;
#2073 = EDGE_CURVE ( 'NONE', #5657, #4008, #1684, .T. ) ;
#2074 = DIRECTION ( 'NONE',  ( -1.000000000000000000, 0.000000000000000000, 0.000000000000000000 ) ) ;
#2075 = CARTESIAN_POINT ( 'NONE',  ( 6.539809849142475429, -68.00000000000000000, 1.000000000000000000 ) ) ;
#2076 = FACE_BOUND ( 'NONE', #4197, .T. ) ;
#2077 = ORIENTED_EDGE ( 'NONE', *, *, #4997, .T. ) ;
#2078 = CARTESIAN_POINT ( 'NONE',  ( -15.50000000000000000, -10.00000000000000000, 3.000000000000002665 ) ) ;
#2079 = ORIENTED_EDGE ( 'NONE', *, *, #5465, .F. ) ;
#2080 = EDGE_CURVE ( 'NONE', #4825, #4407, #730, .T. ) ;
#2081 = EDGE_CURVE ( 'NONE', #3296, #2043, #4619, .T. ) ;
#2082 = ORIENTED_EDGE ( 'NONE', *, *, #2486, .T. ) ;
#2083 = CARTESIAN_POINT ( 'NONE',  ( -8.152139359165493815, -15.37268090766245976, 47.13100502541421832 ) ) ;
#2084 = CARTESIAN_POINT ( 'NONE',  ( 3.469446951953615767E-15, -25.50000000000000355, 0.000000000000000000 ) ) ;
#2085 = CIRCLE ( 'NONE', #5633, 2.749999999999999112 ) ;
#2086 = DIRECTION ( 'NONE',  ( 0.000000000000000000, 0.000000000000000000, 1.000000000000000000 ) ) ;
#2087 = CARTESIAN_POINT ( 'NONE',  ( 12.89416260422203742, -23.84161178335872933, 46.99947753022398445 ) ) ;
#2088 = ORIENTED_EDGE ( 'NONE', *, *, #6071, .F. ) ;
#2089 = DIRECTION ( 'NONE',  ( 0.000000000000000000, 0.000000000000000000, 1.000000000000000000 ) ) ;
#2090 = ADVANCED_FACE ( 'NONE', ( #248 ), #2184, .F. ) ;
#2091 = VECTOR ( 'NONE', #5797, 1000.000000000000000 ) ;
#2092 = DIRECTION ( 'NONE',  ( 1.000000000000000000, 0.000000000000000000, 0.000000000000000000 ) ) ;
#2093 = CARTESIAN_POINT ( 'NONE',  ( 9.114878434570725219, -16.23057295097880370, 48.79181934422276612 ) ) ;
#2094 = EDGE_LOOP ( 'NONE', ( #1250, #1531, #5627, #3673 ) ) ;
#2095 = AXIS2_PLACEMENT_3D ( 'NONE', #5628, #1283, #677 ) ;
#2096 = FACE_OUTER_BOUND ( 'NONE', #5725, .T. ) ;
#2097 = DIRECTION ( 'NONE',  ( 1.000000000000000000, 0.000000000000000000, 0.000000000000000000 ) ) ;
#2098 = ORIENTED_EDGE ( 'NONE', *, *, #3206, .F. ) ;
#2099 = DIRECTION ( 'NONE',  ( 0.000000000000000000, 0.000000000000000000, -1.000000000000000000 ) ) ;
#2100 = VECTOR ( 'NONE', #4598, 1000.000000000000000 ) ;
#2101 = ORIENTED_EDGE ( 'NONE', *, *, #957, .T. ) ;
#2102 = CYLINDRICAL_SURFACE ( 'NONE', #4958, 1.000000000000000000 ) ;
#2103 = AXIS2_PLACEMENT_3D ( 'NONE', #5214, #4745, #6202 ) ;
#2104 = ORIENTED_EDGE ( 'NONE', *, *, #3355, .F. ) ;
#2105 = CARTESIAN_POINT ( 'NONE',  ( 5.539809849142475429, -67.00000000000000000, 4.000000000000000000 ) ) ;
#2106 = VECTOR ( 'NONE', #3785, 1000.000000000000000 ) ;
#2107 = CIRCLE ( 'NONE', #4463, 1.500000000000001332 ) ;
#2108 = LINE ( 'NONE', #2145, #910 ) ;
#2109 = CARTESIAN_POINT ( 'NONE',  ( -15.50000000000000000, -10.00000000000000000, 49.00000000000000000 ) ) ;
#2110 = DIRECTION ( 'NONE',  ( 1.000000000000000000, 0.000000000000000000, -0.000000000000000000 ) ) ;
#2111 = EDGE_CURVE ( 'NONE', #6000, #2247, #1505, .T. ) ;
#2112 = ORIENTED_EDGE ( 'NONE', *, *, #4809, .F. ) ;
#2113 = CARTESIAN_POINT ( 'NONE',  ( -15.49999999999999645, -41.00000000000000000, 49.00000000000000000 ) ) ;
#2114 = CIRCLE ( 'NONE', #698, 0.9999999999999988898 ) ;
#2115 = VERTEX_POINT ( 'NONE', #3695 ) ;
#2116 = ORIENTED_EDGE ( 'NONE', *, *, #5887, .F. ) ;
#2117 = DIRECTION ( 'NONE',  ( 0.000000000000000000, 1.000000000000000000, 0.000000000000000000 ) ) ;
#2118 = AXIS2_PLACEMENT_3D ( 'NONE', #1046, #4981, #2060 ) ;
#2119 = DIRECTION ( 'NONE',  ( 0.000000000000000000, 0.000000000000000000, -1.000000000000000000 ) ) ;
#2120 = AXIS2_PLACEMENT_3D ( 'NONE', #2201, #3545, #5479 ) ;
#2121 = CARTESIAN_POINT ( 'NONE',  ( -12.99999999999999822, -25.50000000000000355, 46.00000000000000000 ) ) ;
#2122 = CARTESIAN_POINT ( 'NONE',  ( 12.97317956067896461, -24.66134403532324626, 47.30264129679691365 ) ) ;
#2123 = EDGE_CURVE ( 'NONE', #1742, #32, #3748, .T. ) ;
#2124 = EDGE_CURVE ( 'NONE', #2722, #5, #3366, .T. ) ;
#2125 = ORIENTED_EDGE ( 'NONE', *, *, #5644, .T. ) ;
#2126 = DIRECTION ( 'NONE',  ( -1.000000000000000000, 0.000000000000000000, 0.000000000000000000 ) ) ;
#2127 = VECTOR ( 'NONE', #881, 1000.000000000000000 ) ;
#2128 = FACE_OUTER_BOUND ( 'NONE', #1980, .T. ) ;
#2129 = CARTESIAN_POINT ( 'NONE',  ( -5.685875052008640296, -43.67814575986520964, 52.00000000000000000 ) ) ;
#2130 = DIRECTION ( 'NONE',  ( 0.000000000000000000, 0.000000000000000000, -1.000000000000000000 ) ) ;
#2131 = ORIENTED_EDGE ( 'NONE', *, *, #2737, .F. ) ;
#2132 = AXIS2_PLACEMENT_3D ( 'NONE', #4802, #443, #4713 ) ;
#2133 = EDGE_CURVE ( 'NONE', #1098, #4298, #2310, .T. ) ;
#2134 = DIRECTION ( 'NONE',  ( 0.000000000000000000, 0.000000000000000000, -1.000000000000000000 ) ) ;
#2135 = LINE ( 'NONE', #6066, #3793 ) ;
#2136 = FACE_OUTER_BOUND ( 'NONE', #3305, .T. ) ;
#2137 = ORIENTED_EDGE ( 'NONE', *, *, #1976, .T. ) ;
#2138 = DIRECTION ( 'NONE',  ( -0.000000000000000000, -0.000000000000000000, -1.000000000000000000 ) ) ;
#2139 = AXIS2_PLACEMENT_3D ( 'NONE', #1006, #2942, #3454 ) ;
#2140 = ORIENTED_EDGE ( 'NONE', *, *, #3601, .F. ) ;
#2141 = CIRCLE ( 'NONE', #3149, 1.499999999999999556 ) ;
#2142 = ORIENTED_EDGE ( 'NONE', *, *, #5473, .F. ) ;
#2143 = CARTESIAN_POINT ( 'NONE',  ( -12.96156045208816998, -24.49766154041163446, 4.805523641911603860 ) ) ;
#2144 = LINE ( 'NONE', #2734, #382 ) ;
#2145 = CARTESIAN_POINT ( 'NONE',  ( -22.50000000000000000, 0.000000000000000000, 46.00000000000000000 ) ) ;
#2146 = DIRECTION ( 'NONE',  ( 1.000000000000000000, 0.000000000000000000, -0.000000000000000000 ) ) ;
#2147 = CYLINDRICAL_SURFACE ( 'NONE', #6196, 2.749999999999999112 ) ;
#2148 = VERTEX_POINT ( 'NONE', #1427 ) ;
#2149 = EDGE_LOOP ( 'NONE', ( #6109, #3820, #1485, #1345 ) ) ;
#2150 = APPLICATION_CONTEXT ( 'configuration controlled 3d designs of mechanical parts and assemblies' ) ;
#2151 = DIRECTION ( 'NONE',  ( 0.000000000000000000, -0.000000000000000000, -1.000000000000000000 ) ) ;
#2152 = FACE_OUTER_BOUND ( 'NONE', #15, .T. ) ;
#2153 = DIRECTION ( 'NONE',  ( 0.000000000000000000, 0.000000000000000000, -1.000000000000000000 ) ) ;
#2154 = CARTESIAN_POINT ( 'NONE',  ( 13.99999999999999822, -10.00000000000000178, 52.00000000000000000 ) ) ;
#2155 = AXIS2_PLACEMENT_3D ( 'NONE', #2226, #3049, #252 ) ;
#2156 = DIRECTION ( 'NONE',  ( 0.000000000000000000, 0.000000000000000000, 1.000000000000000000 ) ) ;
#2157 = ADVANCED_FACE ( 'NONE', ( #469 ), #1879, .F. ) ;
#2158 = EDGE_CURVE ( 'NONE', #5416, #5989, #4150, .T. ) ;
#2159 = PLANE ( 'NONE',  #5052 ) ;
#2160 = AXIS2_PLACEMENT_3D ( 'NONE', #3231, #4204, #885 ) ;
#2161 = LINE ( 'NONE', #1685, #4576 ) ;
#2162 = ORIENTED_EDGE ( 'NONE', *, *, #568, .T. ) ;
#2163 = LINE ( 'NONE', #5936, #5439 ) ;
#2164 = DIRECTION ( 'NONE',  ( -1.115728272363205951E-16, 1.000000000000000000, 0.000000000000000000 ) ) ;
#2165 = VERTEX_POINT ( 'NONE', #4328 ) ;
#2166 = DIRECTION ( 'NONE',  ( 0.000000000000000000, 0.000000000000000000, -1.000000000000000000 ) ) ;
#2167 = EDGE_CURVE ( 'NONE', #4064, #5420, #3533, .T. ) ;
#2168 = EDGE_CURVE ( 'NONE', #4657, #4096, #2709, .T. ) ;
#2169 = ORIENTED_EDGE ( 'NONE', *, *, #1040, .F. ) ;
#2170 = ORIENTED_EDGE ( 'NONE', *, *, #2381, .F. ) ;
#2171 = CARTESIAN_POINT ( 'NONE',  ( -12.98536308922322391, -24.87922585044970347, 4.495216608914999412 ) ) ;
#2172 = DIRECTION ( 'NONE',  ( -1.000000000000000000, -0.000000000000000000, -0.000000000000000000 ) ) ;
#2173 = CARTESIAN_POINT ( 'NONE',  ( 0.9121374838286215869, -15.00000000000000355, 32.90715187696834221 ) ) ;
#2174 = LINE ( 'NONE', #3677, #5159 ) ;
#2175 = DIRECTION ( 'NONE',  ( -0.000000000000000000, -0.000000000000000000, -1.000000000000000000 ) ) ;
#2176 = CARTESIAN_POINT ( 'NONE',  ( 22.50000000000000711, -59.17157287525380838, 5.999999999999998224 ) ) ;
#2177 = ORIENTED_EDGE ( 'NONE', *, *, #1464, .F. ) ;
#2178 = ORIENTED_EDGE ( 'NONE', *, *, #5918, .T. ) ;
#2179 = DIRECTION ( 'NONE',  ( 1.000000000000000000, 0.000000000000000000, 0.000000000000000000 ) ) ;
#2180 = DIRECTION ( 'NONE',  ( -0.000000000000000000, -0.000000000000000000, -1.000000000000000000 ) ) ;
#2181 = DIRECTION ( 'NONE',  ( 0.7071067811865484609, -0.7071067811865466846, 0.000000000000000000 ) ) ;
#2182 = CARTESIAN_POINT ( 'NONE',  ( -12.77407000420386929, -23.08515505246284150, 2.153115281261339664 ) ) ;
#2183 = ORIENTED_EDGE ( 'NONE', *, *, #5225, .F. ) ;
#2184 = CYLINDRICAL_SURFACE ( 'NONE', #1716, 1.499999999999997780 ) ;
#2185 = VERTEX_POINT ( 'NONE', #828 ) ;
#2186 = DIRECTION ( 'NONE',  ( -1.000000000000000000, 0.000000000000000000, 0.000000000000000000 ) ) ;
#2187 = ORIENTED_EDGE ( 'NONE', *, *, #3715, .F. ) ;
#2188 = CARTESIAN_POINT ( 'NONE',  ( 0.9121374838286215869, -15.00000000000000355, 25.15715187696833866 ) ) ;
#2189 = EDGE_CURVE ( 'NONE', #4733, #802, #2879, .T. ) ;
#2190 = AXIS2_PLACEMENT_3D ( 'NONE', #3902, #3786, #1385 ) ;
#2191 = DIRECTION ( 'NONE',  ( 0.000000000000000000, 0.000000000000000000, -1.000000000000000000 ) ) ;
#2192 = ORIENTED_EDGE ( 'NONE', *, *, #161, .F. ) ;
#2193 = DIRECTION ( 'NONE',  ( -0.000000000000000000, -0.000000000000000000, 1.000000000000000000 ) ) ;
#2194 = CIRCLE ( 'NONE', #6255, 1.000000000000000888 ) ;
#2195 = EDGE_LOOP ( 'NONE', ( #5966, #1515, #578, #2131 ) ) ;
#2196 = EDGE_CURVE ( 'NONE', #3487, #1825, #5863, .T. ) ;
#2197 = EDGE_CURVE ( 'NONE', #481, #1185, #1304, .T. ) ;
#2198 = VECTOR ( 'NONE', #3631, 1000.000000000000000 ) ;
#2199 = ORIENTED_EDGE ( 'NONE', *, *, #3336, .F. ) ;
#2200 = LINE ( 'NONE', #3675, #2291 ) ;
#2201 = CARTESIAN_POINT ( 'NONE',  ( 15.50000000000000000, -10.00000000000000178, 3.000000000000000000 ) ) ;
#2202 = CYLINDRICAL_SURFACE ( 'NONE', #1202, 1.000000000000000888 ) ;
#2203 = LINE ( 'NONE', #5574, #4541 ) ;
#2204 = EDGE_CURVE ( 'NONE', #1680, #1163, #3264, .T. ) ;
#2205 = DIRECTION ( 'NONE',  ( -0.000000000000000000, -0.000000000000000000, -1.000000000000000000 ) ) ;
#2206 = ORIENTED_EDGE ( 'NONE', *, *, #1568, .F. ) ;
#2207 = DIRECTION ( 'NONE',  ( 1.000000000000000000, 0.000000000000000000, 0.000000000000000000 ) ) ;
#2208 = CIRCLE ( 'NONE', #6169, 1.499999999999999556 ) ;
#2209 = ORIENTED_EDGE ( 'NONE', *, *, #2235, .F. ) ;
#2210 = VECTOR ( 'NONE', #5738, 1000.000000000000000 ) ;
#2211 = CARTESIAN_POINT ( 'NONE',  ( -8.973227552296037857, -16.09304669195397608, 47.81509787508537102 ) ) ;
#2212 = DIRECTION ( 'NONE',  ( 0.000000000000000000, 1.000000000000000000, -0.000000000000000000 ) ) ;
#2213 = FACE_OUTER_BOUND ( 'NONE', #3536, .T. ) ;
#2214 = CARTESIAN_POINT ( 'NONE',  ( -12.70849840741564307, -22.76156519457737559, 2.369762614791863786 ) ) ;
#2215 = VECTOR ( 'NONE', #4321, 1000.000000000000000 ) ;
#2216 = ORIENTED_EDGE ( 'NONE', *, *, #2168, .F. ) ;
#2217 = AXIS2_PLACEMENT_3D ( 'NONE', #1853, #5209, #2883 ) ;
#2218 = CIRCLE ( 'NONE', #296, 2.000000000000001776 ) ;
#2219 = CARTESIAN_POINT ( 'NONE',  ( 5.269513673675681353, -13.61281926438938328, 49.48775869066498245 ) ) ;
#2220 = CARTESIAN_POINT ( 'NONE',  ( 12.99764422145081433, -25.25252334941183463, 3.401630728823393568 ) ) ;
#2221 = VERTEX_POINT ( 'NONE', #6250 ) ;
#2222 = FACE_OUTER_BOUND ( 'NONE', #4094, .T. ) ;
#2223 = CARTESIAN_POINT ( 'NONE',  ( 21.50000000000000355, -59.17157287525382969, 52.00000000000000000 ) ) ;
#2224 = VECTOR ( 'NONE', #4613, 1000.000000000000000 ) ;
#2225 = AXIS2_PLACEMENT_3D ( 'NONE', #4069, #5037, #1167 ) ;
#2226 = CARTESIAN_POINT ( 'NONE',  ( -15.50000000000000000, -10.00000000000000000, 3.000000000000002665 ) ) ;
#2227 = ORIENTED_EDGE ( 'NONE', *, *, #557, .F. ) ;
#2228 = CARTESIAN_POINT ( 'NONE',  ( -34.99999999999999289, -72.50000000000001421, 52.00000000000000000 ) ) ;
#2229 = EDGE_CURVE ( 'NONE', #2722, #5898, #6222, .T. ) ;
#2230 = CIRCLE ( 'NONE', #5982, 2.000000000000000000 ) ;
#2231 = EDGE_LOOP ( 'NONE', ( #5877, #1252, #2708, #2317 ) ) ;
#2232 = VERTEX_POINT ( 'NONE', #857 ) ;
#2233 = FACE_OUTER_BOUND ( 'NONE', #4837, .T. ) ;
#2234 = EDGE_CURVE ( 'NONE', #3388, #2770, #390, .T. ) ;
#2235 = EDGE_CURVE ( 'NONE', #4246, #2232, #4761, .T. ) ;
#2236 = DIRECTION ( 'NONE',  ( 0.000000000000000000, 0.000000000000000000, 1.000000000000000000 ) ) ;
#2237 = CARTESIAN_POINT ( 'NONE',  ( -12.99764422145081078, -25.25252334941184884, 48.49999999999997868 ) ) ;
#2238 = DIRECTION ( 'NONE',  ( 0.6897428357855025505, -0.7240544319887650682, 0.000000000000000000 ) ) ;
#2239 = DIRECTION ( 'NONE',  ( 0.000000000000000000, 0.000000000000000000, 1.000000000000000000 ) ) ;
#2240 = VERTEX_POINT ( 'NONE', #1455 ) ;
#2241 = ORIENTED_EDGE ( 'NONE', *, *, #568, .F. ) ;
#2242 = EDGE_CURVE ( 'NONE', #1863, #1280, #6268, .T. ) ;
#2243 = FACE_OUTER_BOUND ( 'NONE', #5213, .T. ) ;
#2244 = CARTESIAN_POINT ( 'NONE',  ( -6.685875052008637631, -68.00000000000000000, 48.00000000000000000 ) ) ;
#2245 = FACE_OUTER_BOUND ( 'NONE', #1580, .T. ) ;
#2246 = CARTESIAN_POINT ( 'NONE',  ( -12.99764422145080900, -25.25252334941184174, 3.500000000000003109 ) ) ;
#2247 = VERTEX_POINT ( 'NONE', #4005 ) ;
#2248 = DATE_AND_TIME ( #1362, #4711 ) ;
#2249 = DIRECTION ( 'NONE',  ( 0.000000000000000000, 0.000000000000000000, 1.000000000000000000 ) ) ;
#2250 = CARTESIAN_POINT ( 'NONE',  ( -11.16462172455858237, -67.68974283578550910, 0.000000000000000000 ) ) ;
#2251 = EDGE_LOOP ( 'NONE', ( #4485, #1765 ) ) ;
#2252 = CARTESIAN_POINT ( 'NONE',  ( 19.50000000000000355, -45.67814575986520964, -5.000000000000011546 ) ) ;
#2253 = CARTESIAN_POINT ( 'NONE',  ( 12.75000000000000178, -10.00000000000000178, 49.00000000000000000 ) ) ;
#2254 = FACE_OUTER_BOUND ( 'NONE', #5932, .T. ) ;
#2255 = EDGE_LOOP ( 'NONE', ( #6118, #5707 ) ) ;
#2256 = AXIS2_PLACEMENT_3D ( 'NONE', #417, #5182, #4743 ) ;
#2257 = LINE ( 'NONE', #4144, #2009 ) ;
#2258 = ORIENTED_EDGE ( 'NONE', *, *, #3768, .T. ) ;
#2259 = ORIENTED_EDGE ( 'NONE', *, *, #1615, .F. ) ;
#2260 = LINE ( 'NONE', #6138, #5141 ) ;
#2261 = CARTESIAN_POINT ( 'NONE',  ( 11.96446609406728179, -67.70710678118655323, 48.00000000000000000 ) ) ;
#2262 = CARTESIAN_POINT ( 'NONE',  ( 21.50000000000000355, -59.17157287525382969, 51.00000000000000000 ) ) ;
#2263 = CYLINDRICAL_SURFACE ( 'NONE', #1589, 1.500000000000001332 ) ;
#2264 = EDGE_CURVE ( 'NONE', #1291, #317, #3909, .T. ) ;
#2265 = CYLINDRICAL_SURFACE ( 'NONE', #4789, 1.000000000000000000 ) ;
#2266 = VERTEX_POINT ( 'NONE', #975 ) ;
#2267 = DIRECTION ( 'NONE',  ( 1.000000000000000000, 1.172673560416567696E-16, -0.000000000000000000 ) ) ;
#2268 = ORIENTED_EDGE ( 'NONE', *, *, #6237, .F. ) ;
#2269 = DIRECTION ( 'NONE',  ( -0.000000000000000000, -0.000000000000000000, 1.000000000000000000 ) ) ;
#2270 = CARTESIAN_POINT ( 'NONE',  ( -4.685875052008637631, -67.00000000000000000, 51.00000000000000000 ) ) ;
#2271 = DIRECTION ( 'NONE',  ( 1.000000000000000000, 1.172673560416567696E-16, -0.000000000000000000 ) ) ;
#2272 = CARTESIAN_POINT ( 'NONE',  ( -24.49999999999999289, -59.04554884989668295, 52.00000000000000000 ) ) ;
#2273 = ORIENTED_EDGE ( 'NONE', *, *, #1077, .T. ) ;
#2274 = ADVANCED_FACE ( 'NONE', ( #4421 ), #556, .F. ) ;
#2275 = EDGE_CURVE ( 'NONE', #2997, #2115, #5756, .T. ) ;
#2276 = CARTESIAN_POINT ( 'NONE',  ( 8.759993183131715710, -15.89265353899035205, 47.49241309853297111 ) ) ;
#2277 = CARTESIAN_POINT ( 'NONE',  ( 7.470399507936289929, -14.85691389245966576, 5.006296727133130453 ) ) ;
#2278 = ORIENTED_EDGE ( 'NONE', *, *, #4431, .F. ) ;
#2279 = CARTESIAN_POINT ( 'NONE',  ( -4.685875052008639408, -59.04554884989668295, 1.000000000000000000 ) ) ;
#2280 = CARTESIAN_POINT ( 'NONE',  ( -4.698552763296071078, -13.37821064797249804, 49.10856437840198652 ) ) ;
#2281 = ADVANCED_FACE ( 'NONE', ( #78 ), #2911, .F. ) ;
#2282 = DIRECTION ( 'NONE',  ( 1.000000000000000000, 1.172673560416567696E-16, -0.000000000000000000 ) ) ;
#2283 = EDGE_LOOP ( 'NONE', ( #126, #5818 ) ) ;
#2284 = CYLINDRICAL_SURFACE ( 'NONE', #3632, 1.500000000000001332 ) ;
#2285 = ORIENTED_EDGE ( 'NONE', *, *, #5662, .T. ) ;
#2286 = ORIENTED_EDGE ( 'NONE', *, *, #1575, .F. ) ;
#2287 = CARTESIAN_POINT ( 'NONE',  ( 18.25000000000000000, -10.00000000000000178, 49.00000000000000000 ) ) ;
#2288 = VECTOR ( 'NONE', #5290, 1000.000000000000000 ) ;
#2289 = CARTESIAN_POINT ( 'NONE',  ( -21.50000000000000000, -57.48990136207992663, 1.000000000000000000 ) ) ;
#2290 = CARTESIAN_POINT ( 'NONE',  ( -12.98907047278245308, -24.94901293313866830, 47.57419978892836099 ) ) ;
#2291 = VECTOR ( 'NONE', #3212, 1000.000000000000000 ) ;
#2292 = CYLINDRICAL_SURFACE ( 'NONE', #1638, 13.00000000000000178 ) ;
#2293 = ORIENTED_EDGE ( 'NONE', *, *, #330, .F. ) ;
#2294 = DIRECTION ( 'NONE',  ( 0.000000000000000000, 0.000000000000000000, -1.000000000000000000 ) ) ;
#2295 = ORIENTED_EDGE ( 'NONE', *, *, #901, .F. ) ;
#2296 = CIRCLE ( 'NONE', #3625, 1.500000000000001332 ) ;
#2297 = CARTESIAN_POINT ( 'NONE',  ( -2.499999999999997335, -60.50000000000000000, 46.00000000000000000 ) ) ;
#2298 = EDGE_CURVE ( 'NONE', #5284, #1925, #3847, .T. ) ;
#2299 = LINE ( 'NONE', #3841, #2106 ) ;
#2300 = CARTESIAN_POINT ( 'NONE',  ( 15.50000000000000000, -10.00000000000000178, 3.000000000000000000 ) ) ;
#2301 = CARTESIAN_POINT ( 'NONE',  ( 12.59039670961114332, -22.26236121956707237, 3.302375579071355371 ) ) ;
#2302 = ORIENTED_EDGE ( 'NONE', *, *, #3493, .F. ) ;
#2303 = TOROIDAL_SURFACE ( 'NONE', #5856, 2.000000000000000000, 1.000000000000000000 ) ;
#2304 = PERSON_AND_ORGANIZATION ( #6107, #2867 ) ;
#2305 = CARTESIAN_POINT ( 'NONE',  ( 20.50000000000000355, -59.17157287525381548, 0.000000000000000000 ) ) ;
#2306 = EDGE_CURVE ( 'NONE', #4224, #3979, #2488, .T. ) ;
#2307 = AXIS2_PLACEMENT_3D ( 'NONE', #2579, #1255, #1131 ) ;
#2308 = CARTESIAN_POINT ( 'NONE',  ( 6.498500514662906902, -14.23731750232363602, 4.916661414775263417 ) ) ;
#2309 = ADVANCED_FACE ( 'NONE', ( #1551 ), #3488, .F. ) ;
#2310 = CIRCLE ( 'NONE', #995, 1.000000000000000000 ) ;
#2311 = ORIENTED_EDGE ( 'NONE', *, *, #5925, .F. ) ;
#2312 = CARTESIAN_POINT ( 'NONE',  ( 6.539809849142475429, -68.00000000000000000, 4.000000000000000000 ) ) ;
#2313 = DIRECTION ( 'NONE',  ( -0.000000000000000000, -1.000000000000000000, 0.000000000000000000 ) ) ;
#2314 = CARTESIAN_POINT ( 'NONE',  ( 19.50000000000000355, -45.67814575986520964, 52.00000000000000000 ) ) ;
#2315 = AXIS2_PLACEMENT_3D ( 'NONE', #2977, #4493, #117 ) ;
#2316 = VECTOR ( 'NONE', #2151, 1000.000000000000000 ) ;
#2317 = ORIENTED_EDGE ( 'NONE', *, *, #380, .T. ) ;
#2318 = CARTESIAN_POINT ( 'NONE',  ( 13.64213748382862867, -6.999999999999978684, 37.88715187696832487 ) ) ;
#2319 = ADVANCED_FACE ( 'NONE', ( #5832 ), #4943, .F. ) ;
#2320 = VERTEX_POINT ( 'NONE', #2460 ) ;
#2321 = VECTOR ( 'NONE', #952, 1000.000000000000000 ) ;
#2322 = AXIS2_PLACEMENT_3D ( 'NONE', #4217, #5191, #843 ) ;
#2323 = ORIENTED_EDGE ( 'NONE', *, *, #4774, .T. ) ;
#2324 = CARTESIAN_POINT ( 'NONE',  ( 5.539809849142475429, -67.00000000000000000, 51.00000000000000000 ) ) ;
#2325 = VECTOR ( 'NONE', #5319, 1000.000000000000000 ) ;
#2326 = CARTESIAN_POINT ( 'NONE',  ( -19.49999999999999645, -44.67814575986520964, 48.00000000000000000 ) ) ;
#2327 = VERTEX_POINT ( 'NONE', #2525 ) ;
#2328 = CARTESIAN_POINT ( 'NONE',  ( -20.49999999999999645, -57.88997158201483728, -5.000000000000011546 ) ) ;
#2329 = PLANE ( 'NONE',  #1530 ) ;
#2330 = ORIENTED_EDGE ( 'NONE', *, *, #5452, .T. ) ;
#2331 = DIRECTION ( 'NONE',  ( 1.000000000000000000, 0.000000000000000000, 0.000000000000000000 ) ) ;
#2332 = VERTEX_POINT ( 'NONE', #5865 ) ;
#2333 = CIRCLE ( 'NONE', #2732, 35.50000000000001421 ) ;
#2334 = CYLINDRICAL_SURFACE ( 'NONE', #4366, 2.749999999999999112 ) ;
#2335 = CARTESIAN_POINT ( 'NONE',  ( 20.50000000000000355, -59.17157287525381548, 52.00000000000000000 ) ) ;
#2336 = DIRECTION ( 'NONE',  ( -0.000000000000000000, -0.000000000000000000, 1.000000000000000000 ) ) ;
#2337 = CARTESIAN_POINT ( 'NONE',  ( -12.06465996625052028, -70.00000000000000000, 0.000000000000000000 ) ) ;
#2338 = ORIENTED_EDGE ( 'NONE', *, *, #958, .F. ) ;
#2339 = AXIS2_PLACEMENT_3D ( 'NONE', #3314, #2066, #939 ) ;
#2340 = COORDINATED_UNIVERSAL_TIME_OFFSET ( 9, 0, .AHEAD. ) ;
#2341 = APPROVAL ( #409, 'UNSPECIFIED' ) ;
#2342 = CARTESIAN_POINT ( 'NONE',  ( -15.49999999999999645, -41.00000000000000000, 6.000000000000000000 ) ) ;
#2343 = CARTESIAN_POINT ( 'NONE',  ( 4.358820447471749127, -13.25252334941183463, 3.574085518454208188 ) ) ;
#2344 = ORIENTED_EDGE ( 'NONE', *, *, #639, .T. ) ;
#2345 = DIRECTION ( 'NONE',  ( 0.000000000000000000, 0.000000000000000000, 1.000000000000000000 ) ) ;
#2346 = DIRECTION ( 'NONE',  ( -0.000000000000000000, -0.000000000000000000, -1.000000000000000000 ) ) ;
#2347 = CARTESIAN_POINT ( 'NONE',  ( -26.50000000000002842, -22.25252334941183818, 3.500000000000003109 ) ) ;
#2348 = EDGE_CURVE ( 'NONE', #1566, #505, #591, .T. ) ;
#2349 = ADVANCED_FACE ( 'NONE', ( #3391, #6284, #114 ), #629, .F. ) ;
#2350 = ORIENTED_EDGE ( 'NONE', *, *, #1735, .T. ) ;
#2351 = DIRECTION ( 'NONE',  ( 0.000000000000000000, 0.000000000000000000, -1.000000000000000000 ) ) ;
#2352 = ORIENTED_EDGE ( 'NONE', *, *, #339, .F. ) ;
#2353 = AXIS2_PLACEMENT_3D ( 'NONE', #5623, #3730, #1340 ) ;
#2354 = ADVANCED_FACE ( 'NONE', ( #1581, #5451, #3037, #4857, #504, #44, #5323, #2435 ), #1966, .T. ) ;
#2355 = EDGE_CURVE ( 'NONE', #5647, #1939, #534, .T. ) ;
#2356 = VERTEX_POINT ( 'NONE', #688 ) ;
#2357 = DIRECTION ( 'NONE',  ( -0.6897428357855003300, 0.7240544319887670666, -0.000000000000000000 ) ) ;
#2358 = ORIENTED_EDGE ( 'NONE', *, *, #338, .T. ) ;
#2359 = CC_DESIGN_APPROVAL ( #2341, ( #1554 ) ) ;
#2360 = CARTESIAN_POINT ( 'NONE',  ( -12.97321052741363623, -24.66180512905365063, 47.30297213658319322 ) ) ;
#2361 = EDGE_CURVE ( 'NONE', #4269, #3756, #5362, .T. ) ;
#2362 = DIRECTION ( 'NONE',  ( -1.000000000000000000, 0.000000000000000000, 0.000000000000000000 ) ) ;
#2363 = CYLINDRICAL_SURFACE ( 'NONE', #6293, 1.000000000000000000 ) ;
#2364 = ORIENTED_EDGE ( 'NONE', *, *, #3166, .T. ) ;
#2365 = LINE ( 'NONE', #822, #1611 ) ;
#2366 = DIRECTION ( 'NONE',  ( 1.000000000000000000, -0.000000000000000000, -0.000000000000000000 ) ) ;
#2367 = CARTESIAN_POINT ( 'NONE',  ( 11.67157287525382614, -68.00000000000000000, -5.000000000000011546 ) ) ;
#2368 = LINE ( 'NONE', #4355, #2127 ) ;
#2369 = EDGE_LOOP ( 'NONE', ( #4886, #5154, #6009, #3762 ) ) ;
#2370 = CARTESIAN_POINT ( 'NONE',  ( -9.136967527403564659, -16.25252334941184884, 3.352943439831855166 ) ) ;
#2371 = ORIENTED_EDGE ( 'NONE', *, *, #4513, .T. ) ;
#2372 = DIRECTION ( 'NONE',  ( 0.000000000000000000, 1.000000000000000000, 0.000000000000000000 ) ) ;
#2373 = EDGE_LOOP ( 'NONE', ( #4072, #3954 ) ) ;
#2374 = CARTESIAN_POINT ( 'NONE',  ( 20.50000000000000355, -45.67814575986520964, 1.000000000000000000 ) ) ;
#2375 = ORIENTED_EDGE ( 'NONE', *, *, #3813, .F. ) ;
#2376 = CARTESIAN_POINT ( 'NONE',  ( 19.50000000000000355, -44.67814575986520964, 1.000000000000000000 ) ) ;
#2377 = CARTESIAN_POINT ( 'NONE',  ( -6.007546684239308377, -13.96796540843832446, 4.787171419706553799 ) ) ;
#2378 = CARTESIAN_POINT ( 'NONE',  ( -22.50000000000000000, -16.25252334941184529, 3.499999999999996003 ) ) ;
#2379 = LINE ( 'NONE', #2887, #1299 ) ;
#2380 = ORIENTED_EDGE ( 'NONE', *, *, #2497, .F. ) ;
#2381 = EDGE_CURVE ( 'NONE', #962, #5495, #4303, .T. ) ;
#2382 = VERTEX_POINT ( 'NONE', #4581 ) ;
#2383 = CARTESIAN_POINT ( 'NONE',  ( -12.74999999999999822, -41.00000000000000000, 46.00000000000000000 ) ) ;
#2384 = VERTEX_POINT ( 'NONE', #4519 ) ;
#2385 = AXIS2_PLACEMENT_3D ( 'NONE', #4731, #2712, #4643 ) ;
#2386 = VERTEX_POINT ( 'NONE', #5546 ) ;
#2387 = EDGE_CURVE ( 'NONE', #1365, #3829, #177, .T. ) ;
#2388 = LINE ( 'NONE', #4966, #4467 ) ;
#2389 = ADVANCED_FACE ( 'NONE', ( #1166 ), #1648, .T. ) ;
#2390 = CARTESIAN_POINT ( 'NONE',  ( 4.539809849142472764, -44.67814575986520964, 51.00000000000000000 ) ) ;
#2391 = VECTOR ( 'NONE', #4539, 1000.000000000000114 ) ;
#2392 = CARTESIAN_POINT ( 'NONE',  ( 21.50000000000000355, -59.04554884989668295, 1.000000000000000000 ) ) ;
#2393 = CARTESIAN_POINT ( 'NONE',  ( 11.96446609406728001, -67.70710678118655323, 52.00000000000000000 ) ) ;
#2394 = DIRECTION ( 'NONE',  ( -0.000000000000000000, -0.000000000000000000, -1.000000000000000000 ) ) ;
#2395 = EDGE_CURVE ( 'NONE', #5420, #4064, #2514, .T. ) ;
#2396 = LINE ( 'NONE', #1002, #5941 ) ;
#2397 = CARTESIAN_POINT ( 'NONE',  ( -6.685875052008640296, -43.67814575986520964, 1.000000000000000000 ) ) ;
#2398 = ORIENTED_EDGE ( 'NONE', *, *, #5233, .T. ) ;
#2399 = CARTESIAN_POINT ( 'NONE',  ( -8.152139359165490262, -15.37268090766246154, 2.131005025414244525 ) ) ;
#2400 = VERTEX_POINT ( 'NONE', #4126 ) ;
#2401 = VECTOR ( 'NONE', #867, 1000.000000000000000 ) ;
#2402 = DIRECTION ( 'NONE',  ( 0.000000000000000000, 0.000000000000000000, 1.000000000000000000 ) ) ;
#2403 = EDGE_LOOP ( 'NONE', ( #2876, #5283, #3275, #4379, #5115 ) ) ;
#2404 = DIRECTION ( 'NONE',  ( -0.000000000000000000, -0.000000000000000000, -1.000000000000000000 ) ) ;
#2405 = DIRECTION ( 'NONE',  ( -1.000000000000000000, 0.000000000000000000, 0.000000000000000000 ) ) ;
#2406 = LINE ( 'NONE', #4332, #4672 ) ;
#2407 = CARTESIAN_POINT ( 'NONE',  ( -7.470224603225374516, -14.85676658389538574, 5.006372332627354815 ) ) ;
#2408 = CARTESIAN_POINT ( 'NONE',  ( 3.469446951953615767E-15, -60.50000000000000000, 52.00000000000000000 ) ) ;
#2409 = CARTESIAN_POINT ( 'NONE',  ( -26.50000000000002842, -22.25252334941184174, 48.49999999999997868 ) ) ;
#2410 = AXIS2_PLACEMENT_3D ( 'NONE', #6241, #1901, #1295 ) ;
#2411 = VERTEX_POINT ( 'NONE', #6052 ) ;
#2412 = VECTOR ( 'NONE', #3583, 1000.000000000000000 ) ;
#2413 = EDGE_LOOP ( 'NONE', ( #3769, #5122 ) ) ;
#2414 = EDGE_CURVE ( 'NONE', #3511, #1195, #3653, .T. ) ;
#2415 = DIRECTION ( 'NONE',  ( 0.000000000000000000, 0.000000000000000000, 1.000000000000000000 ) ) ;
#2416 = VECTOR ( 'NONE', #351, 1000.000000000000000 ) ;
#2417 = EDGE_LOOP ( 'NONE', ( #5619, #741, #4650, #6026 ) ) ;
#2418 = AXIS2_PLACEMENT_3D ( 'NONE', #3669, #4656, #1579 ) ;
#2419 = VERTEX_POINT ( 'NONE', #5582 ) ;
#2420 = CARTESIAN_POINT ( 'NONE',  ( 13.08578643762691662, -69.41421356237309226, 0.000000000000000000 ) ) ;
#2421 = AXIS2_PLACEMENT_3D ( 'NONE', #2397, #970, #918 ) ;
#2422 = CARTESIAN_POINT ( 'NONE',  ( -11.81786251617137395, -10.00000000000000000, 37.88715187696834619 ) ) ;
#2423 = EDGE_CURVE ( 'NONE', #4710, #1847, #3434, .T. ) ;
#2424 = EDGE_CURVE ( 'NONE', #3587, #3445, #2677, .T. ) ;
#2425 = DIRECTION ( 'NONE',  ( 1.000000000000000000, 0.000000000000000000, 0.000000000000000000 ) ) ;
#2426 = AXIS2_PLACEMENT_3D ( 'NONE', #4396, #1995, #5900 ) ;
#2427 = CARTESIAN_POINT ( 'NONE',  ( -16.99999999999999645, -41.00000000000000000, 52.00000000000000000 ) ) ;
#2428 = DIRECTION ( 'NONE',  ( 1.000000000000000000, 1.172673560416567696E-16, -0.000000000000000000 ) ) ;
#2429 = CARTESIAN_POINT ( 'NONE',  ( 12.82285282386767378, -23.35349554780315984, 2.041120740704215564 ) ) ;
#2430 = ORIENTED_EDGE ( 'NONE', *, *, #1300, .T. ) ;
#2431 = DIRECTION ( 'NONE',  ( -0.000000000000000000, 0.000000000000000000, 1.000000000000000000 ) ) ;
#2432 = ORIENTED_EDGE ( 'NONE', *, *, #3681, .F. ) ;
#2433 = AXIS2_PLACEMENT_3D ( 'NONE', #3809, #1029, #2933 ) ;
#2434 = ADVANCED_FACE ( 'NONE', ( #274, #5006, #4165 ), #658, .F. ) ;
#2435 = FACE_OUTER_BOUND ( 'NONE', #113, .T. ) ;
#2436 = ORIENTED_EDGE ( 'NONE', *, *, #12, .F. ) ;
#2437 = FACE_OUTER_BOUND ( 'NONE', #5390, .T. ) ;
#2438 = ORIENTED_EDGE ( 'NONE', *, *, #1541, .T. ) ;
#2439 = CARTESIAN_POINT ( 'NONE',  ( 22.50000000000000000, 0.000000000000000000, 5.999999999999998224 ) ) ;
#2440 = AXIS2_PLACEMENT_3D ( 'NONE', #1134, #2521, #73 ) ;
#2441 = CARTESIAN_POINT ( 'NONE',  ( -33.14501880518503896, -68.61298871688897805, 0.000000000000000000 ) ) ;
#2442 = DIRECTION ( 'NONE',  ( 1.000000000000000000, 0.000000000000000000, 0.000000000000000000 ) ) ;
#2443 = CARTESIAN_POINT ( 'NONE',  ( 6.539809849142475429, -67.00000000000000000, 1.000000000000000000 ) ) ;
#2444 = ORIENTED_EDGE ( 'NONE', *, *, #5540, .T. ) ;
#2445 = ORIENTED_EDGE ( 'NONE', *, *, #3961, .T. ) ;
#2446 = CARTESIAN_POINT ( 'NONE',  ( -19.49999999999999645, -44.67814575986520964, 1.000000000000000000 ) ) ;
#2447 = ORIENTED_EDGE ( 'NONE', *, *, #3451, .F. ) ;
#2448 = ORIENTED_EDGE ( 'NONE', *, *, #4585, .F. ) ;
#2449 = FACE_OUTER_BOUND ( 'NONE', #5308, .T. ) ;
#2450 = AXIS2_PLACEMENT_3D ( 'NONE', #6256, #3301, #3700 ) ;
#2451 = DIRECTION ( 'NONE',  ( 0.000000000000000000, 0.000000000000000000, 1.000000000000000000 ) ) ;
#2452 = DIRECTION ( 'NONE',  ( 0.000000000000000000, 0.000000000000000000, 1.000000000000000000 ) ) ;
#2453 = LINE ( 'NONE', #2393, #1727 ) ;
#2454 = LINE ( 'NONE', #4415, #3021 ) ;
#2455 = PLANE ( 'NONE',  #1284 ) ;
#2456 = EDGE_CURVE ( 'NONE', #763, #1465, #4729, .T. ) ;
#2457 = ORIENTED_EDGE ( 'NONE', *, *, #2935, .T. ) ;
#2458 = CARTESIAN_POINT ( 'NONE',  ( -9.032769587030317737, -16.15054224664615745, 2.938455418216325832 ) ) ;
#2459 = EDGE_LOOP ( 'NONE', ( #1600, #2338, #5688, #1244 ) ) ;
#2460 = CARTESIAN_POINT ( 'NONE',  ( -4.358820447471741133, -13.25252334941183818, 3.499999999999996003 ) ) ;
#2461 = CARTESIAN_POINT ( 'NONE',  ( 6.539809849142472764, -43.67814575986520964, 52.00000000000000000 ) ) ;
#2462 = LINE ( 'NONE', #3912, #5937 ) ;
#2463 = DIRECTION ( 'NONE',  ( 1.000000000000000000, 0.000000000000000000, 0.000000000000000000 ) ) ;
#2464 = EDGE_CURVE ( 'NONE', #1499, #2652, #5200, .T. ) ;
#2465 = EDGE_CURVE ( 'NONE', #3634, #4171, #1382, .T. ) ;
#2466 = CARTESIAN_POINT ( 'NONE',  ( -4.465469255802893223, -13.29091804353535089, 3.842433286651222524 ) ) ;
#2467 = DIRECTION ( 'NONE',  ( -0.7071067811865474617, -0.7071067811865474617, 0.000000000000000000 ) ) ;
#2468 = FACE_BOUND ( 'NONE', #4062, .T. ) ;
#2469 = ORIENTED_EDGE ( 'NONE', *, *, #932, .T. ) ;
#2470 = EDGE_CURVE ( 'NONE', #5130, #4546, #3258, .T. ) ;
#2471 = ORIENTED_EDGE ( 'NONE', *, *, #1780, .F. ) ;
#2472 = CARTESIAN_POINT ( 'NONE',  ( 12.58784713141547584, -22.25252334941183818, 48.49999999999997868 ) ) ;
#2473 = VERTEX_POINT ( 'NONE', #3840 ) ;
#2474 = ORIENTED_EDGE ( 'NONE', *, *, #5972, .T. ) ;
#2475 = CARTESIAN_POINT ( 'NONE',  ( -12.96156045208817531, -24.49766154041165223, 49.80552364191157722 ) ) ;
#2476 = DIRECTION ( 'NONE',  ( 1.000000000000000000, 1.172673560416567696E-16, 0.000000000000000000 ) ) ;
#2477 = AXIS2_PLACEMENT_3D ( 'NONE', #472, #4367, #690 ) ;
#2478 = CARTESIAN_POINT ( 'NONE',  ( 20.50000000000000355, -58.75735931288073743, 4.000000000000000000 ) ) ;
#2479 = DIRECTION ( 'NONE',  ( 0.000000000000000000, 1.000000000000000000, 0.000000000000000000 ) ) ;
#2480 = DIRECTION ( 'NONE',  ( 1.000000000000000000, 0.000000000000000000, -0.000000000000000000 ) ) ;
#2481 = EDGE_LOOP ( 'NONE', ( #3285, #1079 ) ) ;
#2482 = AXIS2_PLACEMENT_3D ( 'NONE', #4514, #5859, #1097 ) ;
#2483 = CARTESIAN_POINT ( 'NONE',  ( -8.261085028756681936, -15.46144808609516197, 2.174172021803110422 ) ) ;
#2484 = VERTEX_POINT ( 'NONE', #2297 ) ;
#2485 = VERTEX_POINT ( 'NONE', #5762 ) ;
#2486 = EDGE_CURVE ( 'NONE', #3158, #408, #801, .T. ) ;
#2487 = AXIS2_PLACEMENT_3D ( 'NONE', #3738, #1670, #2606 ) ;
#2488 = LINE ( 'NONE', #5928, #5155 ) ;
#2489 = FACE_OUTER_BOUND ( 'NONE', #4663, .T. ) ;
#2490 = LINE ( 'NONE', #1168, #3924 ) ;
#2491 = DIRECTION ( 'NONE',  ( -1.000000000000000000, -0.000000000000000000, -0.000000000000000000 ) ) ;
#2492 = EDGE_LOOP ( 'NONE', ( #2699, #5672 ) ) ;
#2493 = CIRCLE ( 'NONE', #4040, 1.499999999999997780 ) ;
#2494 = CARTESIAN_POINT ( 'NONE',  ( -10.86906707174016518, -68.00000000000000000, 4.000000000000000000 ) ) ;
#2495 = LINE ( 'NONE', #4373, #3317 ) ;
#2496 = ADVANCED_FACE ( 'NONE', ( #433 ), #1843, .F. ) ;
#2497 = EDGE_CURVE ( 'NONE', #3737, #6101, #4257, .T. ) ;
#2498 = DIRECTION ( 'NONE',  ( 0.000000000000000000, 0.000000000000000000, 1.000000000000000000 ) ) ;
#2499 = VERTEX_POINT ( 'NONE', #2805 ) ;
#2500 = ORIENTED_EDGE ( 'NONE', *, *, #3723, .T. ) ;
#2501 = FACE_BOUND ( 'NONE', #3865, .T. ) ;
#2502 = CIRCLE ( 'NONE', #6061, 1.500000000000004885 ) ;
#2503 = VECTOR ( 'NONE', #5206, 1000.000000000000000 ) ;
#2504 = VERTEX_POINT ( 'NONE', #3288 ) ;
#2505 = DIRECTION ( 'NONE',  ( -1.000000000000000000, 0.000000000000000000, 0.000000000000000000 ) ) ;
#2506 = EDGE_CURVE ( 'NONE', #1381, #6213, #491, .T. ) ;
#2507 = ORIENTED_EDGE ( 'NONE', *, *, #2229, .T. ) ;
#2508 = AXIS2_PLACEMENT_3D ( 'NONE', #2966, #4444, #5893 ) ;
#2509 = DIRECTION ( 'NONE',  ( 0.000000000000000000, 1.000000000000000000, 0.000000000000000000 ) ) ;
#2510 = AXIS2_PLACEMENT_3D ( 'NONE', #784, #144, #4034 ) ;
#2511 = ORIENTED_EDGE ( 'NONE', *, *, #2275, .T. ) ;
#2512 = CARTESIAN_POINT ( 'NONE',  ( 12.90786276486820405, -23.94223799677620690, 50.00094382855242969 ) ) ;
#2513 = AXIS2_PLACEMENT_3D ( 'NONE', #3022, #3763, #4177 ) ;
#2514 = CIRCLE ( 'NONE', #3852, 2.749999999999999112 ) ;
#2515 = DIRECTION ( 'NONE',  ( 0.000000000000000000, 0.000000000000000000, 1.000000000000000000 ) ) ;
#2516 = CARTESIAN_POINT ( 'NONE',  ( -11.16462172455858237, -67.68974283578550910, 48.00000000000000000 ) ) ;
#2517 = CARTESIAN_POINT ( 'NONE',  ( -18.24999999999999645, -41.00000000000000000, 3.000000000000000000 ) ) ;
#2518 = CIRCLE ( 'NONE', #603, 1.000000000000000000 ) ;
#2519 = AXIS2_PLACEMENT_3D ( 'NONE', #1224, #4511, #3153 ) ;
#2520 = ORIENTED_EDGE ( 'NONE', *, *, #5112, .T. ) ;
#2521 = DIRECTION ( 'NONE',  ( -1.000000000000000000, 0.000000000000000000, 0.000000000000000000 ) ) ;
#2522 = ORIENTED_EDGE ( 'NONE', *, *, #3397, .T. ) ;
#2523 = ORIENTED_EDGE ( 'NONE', *, *, #883, .T. ) ;
#2524 = CIRCLE ( 'NONE', #1220, 2.000000000000001776 ) ;
#2525 = CARTESIAN_POINT ( 'NONE',  ( 18.25000000000000355, -40.99999999999999289, 6.000000000000000000 ) ) ;
#2526 = CARTESIAN_POINT ( 'NONE',  ( -6.685875052008640296, -45.67814575986520964, -5.000000000000011546 ) ) ;
#2527 = LINE ( 'NONE', #4549, #259 ) ;
#2528 = CARTESIAN_POINT ( 'NONE',  ( 21.91421356237309581, -60.58578643762691485, 0.000000000000000000 ) ) ;
#2529 = ORIENTED_EDGE ( 'NONE', *, *, #6039, .T. ) ;
#2530 = CC_DESIGN_PERSON_AND_ORGANIZATION_ASSIGNMENT ( #2304, #4232, ( #2798 ) ) ;
#2531 = AXIS2_PLACEMENT_3D ( 'NONE', #4413, #34, #5855 ) ;
#2532 = CARTESIAN_POINT ( 'NONE',  ( 13.08578643762691662, -69.41421356237309226, 52.00000000000000000 ) ) ;
#2533 = DIRECTION ( 'NONE',  ( 1.000000000000000000, 1.172673560416567696E-16, -0.000000000000000000 ) ) ;
#2534 = CARTESIAN_POINT ( 'NONE',  ( 8.261085028756690818, -15.46144808609516730, 49.82582797819688381 ) ) ;
#2535 = AXIS2_PLACEMENT_3D ( 'NONE', #2390, #2898, #4013 ) ;
#2536 = ORIENTED_EDGE ( 'NONE', *, *, #3118, .T. ) ;
#2537 = CYLINDRICAL_SURFACE ( 'NONE', #3620, 1.500000000000001332 ) ;
#2538 = ADVANCED_FACE ( 'NONE', ( #403 ), #2334, .F. ) ;
#2539 = EDGE_CURVE ( 'NONE', #4558, #2148, #2365, .T. ) ;
#2540 = DIRECTION ( 'NONE',  ( -0.7240544319887671776, -0.6897428357855004410, 0.000000000000000000 ) ) ;
#2541 = ORIENTED_EDGE ( 'NONE', *, *, #5844, .F. ) ;
#2542 = DIRECTION ( 'NONE',  ( 0.000000000000000000, 0.000000000000000000, -1.000000000000000000 ) ) ;
#2543 = ORIENTED_EDGE ( 'NONE', *, *, #1780, .T. ) ;
#2544 = DIRECTION ( 'NONE',  ( -0.000000000000000000, -0.000000000000000000, -1.000000000000000000 ) ) ;
#2545 = EDGE_CURVE ( 'NONE', #1163, #1644, #2924, .T. ) ;
#2546 = EDGE_CURVE ( 'NONE', #3032, #1698, #5761, .T. ) ;
#2547 = ORIENTED_EDGE ( 'NONE', *, *, #5813, .T. ) ;
#2548 = LINE ( 'NONE', #4055, #5180 ) ;
#2549 = CARTESIAN_POINT ( 'NONE',  ( 6.539809849142472764, -45.67814575986520964, 4.000000000000000000 ) ) ;
#2550 = CARTESIAN_POINT ( 'NONE',  ( -26.50000000000002842, -25.25252334941185239, 48.49999999999997868 ) ) ;
#2551 = CARTESIAN_POINT ( 'NONE',  ( -11.81786251617137928, 0.000000000000000000, 12.42715187696833645 ) ) ;
#2552 = DIRECTION ( 'NONE',  ( -0.000000000000000000, -0.000000000000000000, -1.000000000000000000 ) ) ;
#2553 = ADVANCED_FACE ( 'NONE', ( #2243 ), #2844, .F. ) ;
#2554 = ORIENTED_EDGE ( 'NONE', *, *, #2648, .T. ) ;
#2555 = DIRECTION ( 'NONE',  ( -0.000000000000000000, -0.000000000000000000, -1.000000000000000000 ) ) ;
#2556 = EDGE_LOOP ( 'NONE', ( #5247, #4054, #400, #5544 ) ) ;
#2557 = VECTOR ( 'NONE', #5745, 1000.000000000000114 ) ;
#2558 = ORIENTED_EDGE ( 'NONE', *, *, #894, .F. ) ;
#2559 = DIRECTION ( 'NONE',  ( 1.000000000000000000, 0.000000000000000000, 0.000000000000000000 ) ) ;
#2560 = DIRECTION ( 'NONE',  ( -1.000000000000000000, 0.000000000000000000, 0.000000000000000000 ) ) ;
#2561 = CARTESIAN_POINT ( 'NONE',  ( 17.00000000000000355, -40.99999999999999289, 3.000000000000002665 ) ) ;
#2562 = ORIENTED_EDGE ( 'NONE', *, *, #955, .F. ) ;
#2563 = DIRECTION ( 'NONE',  ( 1.000000000000000000, 0.000000000000000000, 0.000000000000000000 ) ) ;
#2564 = DIRECTION ( 'NONE',  ( -0.000000000000000000, -0.000000000000000000, -1.000000000000000000 ) ) ;
#2565 = DIRECTION ( 'NONE',  ( 0.000000000000000000, 0.000000000000000000, 1.000000000000000000 ) ) ;
#2566 = VERTEX_POINT ( 'NONE', #1328 ) ;
#2567 = FACE_OUTER_BOUND ( 'NONE', #5053, .T. ) ;
#2568 = DIRECTION ( 'NONE',  ( 0.000000000000000000, 0.000000000000000000, -1.000000000000000000 ) ) ;
#2569 = VERTEX_POINT ( 'NONE', #3714 ) ;
#2570 = CARTESIAN_POINT ( 'NONE',  ( -16.99999999999999645, -41.00000000000000000, 52.00000000000000000 ) ) ;
#2571 = EDGE_CURVE ( 'NONE', #4760, #4008, #2114, .T. ) ;
#2572 = EDGE_LOOP ( 'NONE', ( #3896, #1911 ) ) ;
#2573 = CARTESIAN_POINT ( 'NONE',  ( -20.49999999999999645, -45.67814575986520964, 52.00000000000000000 ) ) ;
#2574 = VERTEX_POINT ( 'NONE', #1294 ) ;
#2575 = CARTESIAN_POINT ( 'NONE',  ( -12.66348844055776190, -22.56074911211987910, 4.416111778726989456 ) ) ;
#2576 = ADVANCED_FACE ( 'NONE', ( #6147 ), #3749, .F. ) ;
#2577 = EDGE_CURVE ( 'NONE', #163, #1680, #1475, .T. ) ;
#2578 = DIRECTION ( 'NONE',  ( 0.000000000000000000, 0.000000000000000000, -1.000000000000000000 ) ) ;
#2579 = CARTESIAN_POINT ( 'NONE',  ( -5.685875052008640296, -44.67814575986520964, -5.000000000000011546 ) ) ;
#2580 = CARTESIAN_POINT ( 'NONE',  ( -15.50000000000000000, -10.00000000000000000, 49.00000000000000000 ) ) ;
#2581 = EDGE_LOOP ( 'NONE', ( #3249, #2241 ) ) ;
#2582 = CARTESIAN_POINT ( 'NONE',  ( 6.539809849142472764, -45.67814575986520964, -5.000000000000011546 ) ) ;
#2583 = ORIENTED_EDGE ( 'NONE', *, *, #1967, .T. ) ;
#2584 = VERTEX_POINT ( 'NONE', #1930 ) ;
#2585 = EDGE_CURVE ( 'NONE', #1372, #2837, #4906, .T. ) ;
#2586 = CARTESIAN_POINT ( 'NONE',  ( -6.007138400552346269, -13.96774895264810823, 47.21295074873916775 ) ) ;
#2587 = FACE_OUTER_BOUND ( 'NONE', #5566, .T. ) ;
#2588 = AXIS2_PLACEMENT_3D ( 'NONE', #5074, #242, #2181 ) ;
#2589 = FACE_OUTER_BOUND ( 'NONE', #3177, .T. ) ;
#2590 = ORIENTED_EDGE ( 'NONE', *, *, #4350, .F. ) ;
#2591 = DIRECTION ( 'NONE',  ( 0.000000000000000000, 1.000000000000000000, 0.000000000000000000 ) ) ;
#2592 = VECTOR ( 'NONE', #1402, 1000.000000000000000 ) ;
#2593 = DIRECTION ( 'NONE',  ( -0.000000000000000000, -0.000000000000000000, -1.000000000000000000 ) ) ;
#2594 = DIRECTION ( 'NONE',  ( 1.000000000000000000, 0.000000000000000000, 0.000000000000000000 ) ) ;
#2595 = ORIENTED_EDGE ( 'NONE', *, *, #5194, .F. ) ;
#2596 = CIRCLE ( 'NONE', #673, 1.000000000000000888 ) ;
#2597 = DIRECTION ( 'NONE',  ( -0.000000000000000000, 1.000000000000000000, -0.000000000000000000 ) ) ;
#2598 = CARTESIAN_POINT ( 'NONE',  ( -5.685875052008640296, -45.67814575986520964, 48.00000000000000000 ) ) ;
#2599 = ORIENTED_EDGE ( 'NONE', *, *, #3804, .F. ) ;
#2600 = CARTESIAN_POINT ( 'NONE',  ( -10.44056729256981519, -68.00000000000000000, 1.000000000000000000 ) ) ;
#2601 = AXIS2_PLACEMENT_3D ( 'NONE', #5940, #1595, #5472 ) ;
#2602 = ORIENTED_EDGE ( 'NONE', *, *, #4156, .F. ) ;
#2603 = CIRCLE ( 'NONE', #687, 1.000000000000000000 ) ;
#2604 = ORIENTED_EDGE ( 'NONE', *, *, #817, .F. ) ;
#2605 = CARTESIAN_POINT ( 'NONE',  ( -12.92830766986438817, -24.13317017002911413, 4.954199907574354356 ) ) ;
#2606 = DIRECTION ( 'NONE',  ( -0.7071067811865492381, 0.7071067811865457964, 0.000000000000000000 ) ) ;
#2607 = VECTOR ( 'NONE', #5289, 1000.000000000000000 ) ;
#2608 = VECTOR ( 'NONE', #90, 1000.000000000000000 ) ;
#2609 = DIRECTION ( 'NONE',  ( 0.000000000000000000, 0.000000000000000000, 1.000000000000000000 ) ) ;
#2610 = DIRECTION ( 'NONE',  ( 0.000000000000000000, 0.000000000000000000, 1.000000000000000000 ) ) ;
#2611 = LINE ( 'NONE', #1771, #3306 ) ;
#2612 = EDGE_CURVE ( 'NONE', #2386, #1988, #4935, .T. ) ;
#2613 = CARTESIAN_POINT ( 'NONE',  ( 12.75000000000000178, -10.00000000000000178, 6.000000000000000000 ) ) ;
#2614 = AXIS2_PLACEMENT_3D ( 'NONE', #2938, #5414, #1059 ) ;
#2615 = ADVANCED_FACE ( 'NONE', ( #5892 ), #3953, .T. ) ;
#2616 = ORIENTED_EDGE ( 'NONE', *, *, #6205, .T. ) ;
#2617 = ORIENTED_EDGE ( 'NONE', *, *, #1155, .F. ) ;
#2618 = CARTESIAN_POINT ( 'NONE',  ( -4.698326973869252576, -13.37813299420540680, 47.89172172484651213 ) ) ;
#2619 = AXIS2_PLACEMENT_3D ( 'NONE', #1821, #4052, #1787 ) ;
#2620 = CARTESIAN_POINT ( 'NONE',  ( -2.499999999999997335, -60.50000000000000000, 0.000000000000000000 ) ) ;
#2621 = VECTOR ( 'NONE', #6045, 1000.000000000000000 ) ;
#2622 = CARTESIAN_POINT ( 'NONE',  ( 11.67157287525381548, -68.00000000000000000, 52.00000000000000000 ) ) ;
#2623 = CARTESIAN_POINT ( 'NONE',  ( -12.58784713141546874, -22.25252334941183463, 3.500000000000002665 ) ) ;
#2624 = ORIENTED_EDGE ( 'NONE', *, *, #1469, .F. ) ;
#2625 = EDGE_CURVE ( 'NONE', #830, #1073, #3755, .T. ) ;
#2626 = DIRECTION ( 'NONE',  ( 1.000000000000000000, 0.000000000000000000, 0.000000000000000000 ) ) ;
#2627 = CIRCLE ( 'NONE', #6183, 2.749999999999999112 ) ;
#2628 = CARTESIAN_POINT ( 'NONE',  ( 4.592936371523025585, -13.33804245042398051, 49.01314991105599717 ) ) ;
#2629 = CYLINDRICAL_SURFACE ( 'NONE', #3444, 0.9999999999999991118 ) ;
#2630 = EDGE_LOOP ( 'NONE', ( #1260, #819, #2104, #72 ) ) ;
#2631 = CIRCLE ( 'NONE', #4172, 1.000000000000000000 ) ;
#2632 = CARTESIAN_POINT ( 'NONE',  ( 13.64213748382862867, -10.00000000000000000, 37.88715187696832487 ) ) ;
#2633 = VERTEX_POINT ( 'NONE', #4821 ) ;
#2634 = CARTESIAN_POINT ( 'NONE',  ( -22.49999999999999645, -59.04554884989668295, 0.000000000000000000 ) ) ;
#2635 = CIRCLE ( 'NONE', #2943, 1.000000000000000888 ) ;
#2636 = ORIENTED_EDGE ( 'NONE', *, *, #4392, .F. ) ;
#2637 = VECTOR ( 'NONE', #2239, 1000.000000000000000 ) ;
#2638 = VERTEX_POINT ( 'NONE', #5385 ) ;
#2639 = CARTESIAN_POINT ( 'NONE',  ( -12.58784713141546874, -22.25252334941184174, 3.599685502187988995 ) ) ;
#2640 = LINE ( 'NONE', #234, #3516 ) ;
#2641 = DIRECTION ( 'NONE',  ( -0.000000000000000000, -0.000000000000000000, -1.000000000000000000 ) ) ;
#2642 = PLANE ( 'NONE',  #5862 ) ;
#2643 = DIRECTION ( 'NONE',  ( 0.000000000000000000, 1.000000000000000000, 0.000000000000000000 ) ) ;
#2644 = DIRECTION ( 'NONE',  ( 0.000000000000000000, 0.000000000000000000, -1.000000000000000000 ) ) ;
#2645 = ORIENTED_EDGE ( 'NONE', *, *, #1272, .F. ) ;
#2646 = ORIENTED_EDGE ( 'NONE', *, *, #85, .F. ) ;
#2647 = CARTESIAN_POINT ( 'NONE',  ( -6.498500514662912231, -14.23731750232364668, 47.08333858522472326 ) ) ;
#2648 = EDGE_CURVE ( 'NONE', #4977, #4080, #1208, .T. ) ;
#2649 = DIRECTION ( 'NONE',  ( -1.000000000000000000, 0.000000000000000000, -0.000000000000000000 ) ) ;
#2650 = DIRECTION ( 'NONE',  ( 0.000000000000000000, 0.000000000000000000, 1.000000000000000000 ) ) ;
#2651 = CARTESIAN_POINT ( 'NONE',  ( -12.86759911222992159, -23.64668432511367868, 2.000498713935474182 ) ) ;
#2652 = VERTEX_POINT ( 'NONE', #3384 ) ;
#2653 = AXIS2_PLACEMENT_3D ( 'NONE', #799, #833, #3766 ) ;
#2654 = FACE_OUTER_BOUND ( 'NONE', #3041, .T. ) ;
#2655 = DIRECTION ( 'NONE',  ( 0.000000000000000000, 0.000000000000000000, 1.000000000000000000 ) ) ;
#2656 = CC_DESIGN_SECURITY_CLASSIFICATION ( #5909, ( #1554 ) ) ;
#2657 = EDGE_CURVE ( 'NONE', #1904, #1646, #1101, .T. ) ;
#2658 = CARTESIAN_POINT ( 'NONE',  ( 12.99764422145081433, -25.25252334941183818, 3.500000000000003109 ) ) ;
#2659 = EDGE_CURVE ( 'NONE', #6013, #531, #4468, .T. ) ;
#2660 = ORIENTED_EDGE ( 'NONE', *, *, #1317, .F. ) ;
#2661 = CARTESIAN_POINT ( 'NONE',  ( 12.82291908442353723, -23.35942952663771877, 4.950832564690639259 ) ) ;
#2662 = DIRECTION ( 'NONE',  ( 0.000000000000000000, 0.000000000000000000, 1.000000000000000000 ) ) ;
#2663 = ORIENTED_EDGE ( 'NONE', *, *, #6114, .T. ) ;
#2664 = CARTESIAN_POINT ( 'NONE',  ( -11.88867615654735133, -68.37948567157100399, 52.00000000000000000 ) ) ;
#2665 = EDGE_CURVE ( 'NONE', #763, #4419, #5265, .T. ) ;
#2666 = ORIENTED_EDGE ( 'NONE', *, *, #530, .F. ) ;
#2667 = VERTEX_POINT ( 'NONE', #4883 ) ;
#2668 = CARTESIAN_POINT ( 'NONE',  ( -12.99764422145081255, -25.25252334941184884, 3.598369271176614426 ) ) ;
#2669 = DIRECTION ( 'NONE',  ( 1.000000000000000000, 1.115728272363205951E-16, 0.000000000000000000 ) ) ;
#2670 = DIRECTION ( 'NONE',  ( 0.000000000000000000, 1.000000000000000000, 0.000000000000000000 ) ) ;
#2671 = FACE_OUTER_BOUND ( 'NONE', #2195, .T. ) ;
#2672 = FACE_OUTER_BOUND ( 'NONE', #1952, .T. ) ;
#2673 = CARTESIAN_POINT ( 'NONE',  ( -15.50000000000000000, -10.00000000000000000, 0.000000000000000000 ) ) ;
#2674 = VERTEX_POINT ( 'NONE', #3900 ) ;
#2675 = DIRECTION ( 'NONE',  ( -0.000000000000000000, 0.000000000000000000, 1.000000000000000000 ) ) ;
#2676 = ORIENTED_EDGE ( 'NONE', *, *, #2158, .F. ) ;
#2677 = LINE ( 'NONE', #5488, #2412 ) ;
#2678 = CYLINDRICAL_SURFACE ( 'NONE', #583, 2.749999999999999112 ) ;
#2679 = CARTESIAN_POINT ( 'NONE',  ( 9.136967527403575318, -16.25252334941184884, 3.352928765785337717 ) ) ;
#2680 = DIRECTION ( 'NONE',  ( 1.000000000000000000, 1.175176459371563913E-16, -0.000000000000000000 ) ) ;
#2681 = ORIENTED_EDGE ( 'NONE', *, *, #3287, .F. ) ;
#2682 = EDGE_CURVE ( 'NONE', #2862, #2574, #3332, .T. ) ;
#2683 = CARTESIAN_POINT ( 'NONE',  ( 7.228536437782737245, -14.69115132677718272, 50.00688186636089227 ) ) ;
#2684 = PRODUCT ( '바디_메인바디', '바디_메인바디', '', ( #3757 ) ) ;
#2685 = FACE_OUTER_BOUND ( 'NONE', #345, .T. ) ;
#2686 = ORIENTED_EDGE ( 'NONE', *, *, #2506, .F. ) ;
#2687 = LINE ( 'NONE', #4715, #2416 ) ;
#2688 = CARTESIAN_POINT ( 'NONE',  ( -22.50000000000000000, 0.000000000000000000, 52.00000000000000000 ) ) ;
#2689 = CIRCLE ( 'NONE', #873, 1.000000000000000888 ) ;
#2690 = DIRECTION ( 'NONE',  ( 1.000000000000000000, 0.000000000000000000, 0.000000000000000000 ) ) ;
#2691 = EDGE_CURVE ( 'NONE', #4298, #6146, #2965, .T. ) ;
#2692 = EDGE_CURVE ( 'NONE', #65, #4032, #4666, .T. ) ;
#2693 = ORIENTED_EDGE ( 'NONE', *, *, #1431, .F. ) ;
#2694 = LINE ( 'NONE', #3702, #898 ) ;
#2695 = AXIS2_PLACEMENT_3D ( 'NONE', #352, #2346, #4653 ) ;
#2696 = ORIENTED_EDGE ( 'NONE', *, *, #1533, .F. ) ;
#2697 = EDGE_CURVE ( 'NONE', #4048, #5130, #2715, .T. ) ;
#2698 = VECTOR ( 'NONE', #1440, 1000.000000000000000 ) ;
#2699 = ORIENTED_EDGE ( 'NONE', *, *, #4662, .F. ) ;
#2700 = DIRECTION ( 'NONE',  ( 1.000000000000000000, 0.000000000000000000, -0.000000000000000000 ) ) ;
#2701 = DIRECTION ( 'NONE',  ( -0.000000000000000000, -0.000000000000000000, -1.000000000000000000 ) ) ;
#2702 = CARTESIAN_POINT ( 'NONE',  ( 11.25735931288073566, -67.00000000000000000, 4.000000000000000000 ) ) ;
#2703 = CARTESIAN_POINT ( 'NONE',  ( 17.00000000000000000, -10.00000000000000178, 3.000000000000002665 ) ) ;
#2704 = CYLINDRICAL_SURFACE ( 'NONE', #3046, 1.500000000000004885 ) ;
#2705 = ORIENTED_EDGE ( 'NONE', *, *, #2123, .T. ) ;
#2706 = CARTESIAN_POINT ( 'NONE',  ( 19.50000000000000355, -58.75735931288073743, 0.000000000000000000 ) ) ;
#2707 = AXIS2_PLACEMENT_3D ( 'NONE', #6184, #405, #943 ) ;
#2708 = ORIENTED_EDGE ( 'NONE', *, *, #6080, .T. ) ;
#2709 = CIRCLE ( 'NONE', #3643, 2.500000000000000888 ) ;
#2710 = CARTESIAN_POINT ( 'NONE',  ( 5.539809849142472764, -44.67814575986520964, -5.000000000000011546 ) ) ;
#2711 = CARTESIAN_POINT ( 'NONE',  ( 15.50000000000000355, -40.99999999999999289, 49.00000000000000000 ) ) ;
#2712 = DIRECTION ( 'NONE',  ( 0.7071067811865475727, -0.7071067811865475727, 0.000000000000000000 ) ) ;
#2713 = CARTESIAN_POINT ( 'NONE',  ( -26.50000000000003197, -16.25252334941185239, 48.49999999999998579 ) ) ;
#2714 = VECTOR ( 'NONE', #4512, 1000.000000000000114 ) ;
#2715 = CIRCLE ( 'NONE', #6273, 1.000000000000000888 ) ;
#2716 = ORIENTED_EDGE ( 'NONE', *, *, #6040, .T. ) ;
#2717 = PERSON_AND_ORGANIZATION ( #6107, #2867 ) ;
#2718 = VECTOR ( 'NONE', #4090, 1000.000000000000000 ) ;
#2719 = CARTESIAN_POINT ( 'NONE',  ( 4.374906795949536686, -13.25822773028613177, 48.64695605917527388 ) ) ;
#2720 = EDGE_LOOP ( 'NONE', ( #4923, #2616, #285, #5312 ) ) ;
#2721 = CARTESIAN_POINT ( 'NONE',  ( 9.032769587030321290, -16.15054224664615035, 4.061544581783667063 ) ) ;
#2722 = VERTEX_POINT ( 'NONE', #2990 ) ;
#2723 = FACE_BOUND ( 'NONE', #1085, .T. ) ;
#2724 = CARTESIAN_POINT ( 'NONE',  ( 3.469446951953615767E-15, -25.50000000000000355, 5.999999999999998224 ) ) ;
#2725 = VECTOR ( 'NONE', #1523, 1000.000000000000000 ) ;
#2726 = DIRECTION ( 'NONE',  ( 0.000000000000000000, 1.000000000000000000, 0.000000000000000000 ) ) ;
#2727 = ORIENTED_EDGE ( 'NONE', *, *, #2731, .T. ) ;
#2728 = DIRECTION ( 'NONE',  ( -0.000000000000000000, 1.000000000000000000, -0.000000000000000000 ) ) ;
#2729 = AXIS2_PLACEMENT_3D ( 'NONE', #3459, #80, #2802 ) ;
#2730 = ORIENTED_EDGE ( 'NONE', *, *, #1967, .F. ) ;
#2731 = EDGE_CURVE ( 'NONE', #358, #5130, #4057, .T. ) ;
#2732 = AXIS2_PLACEMENT_3D ( 'NONE', #1516, #1963, #5829 ) ;
#2733 = ORIENTED_EDGE ( 'NONE', *, *, #4630, .F. ) ;
#2734 = CARTESIAN_POINT ( 'NONE',  ( -17.00000000000000000, -10.00000000000000000, 52.00000000000000000 ) ) ;
#2735 = CARTESIAN_POINT ( 'NONE',  ( 4.539809849142473652, -59.04554884989668295, 1.000000000000000000 ) ) ;
#2736 = ORIENTED_EDGE ( 'NONE', *, *, #1165, .T. ) ;
#2737 = EDGE_CURVE ( 'NONE', #408, #3158, #3026, .T. ) ;
#2738 = VECTOR ( 'NONE', #2164, 1000.000000000000000 ) ;
#2739 = DIRECTION ( 'NONE',  ( -0.000000000000000000, -1.000000000000000000, 0.000000000000000000 ) ) ;
#2740 = EDGE_CURVE ( 'NONE', #2959, #163, #2453, .T. ) ;
#2741 = CARTESIAN_POINT ( 'NONE',  ( -4.685875052008637631, -67.00000000000000000, 52.00000000000000000 ) ) ;
#2742 = B_SPLINE_CURVE_WITH_KNOTS ( 'NONE', 3,
 ( #3699, #5592, #5622, #1367, #5650, #3238, #2280, #3201, #797, #1945, #4806, #980, #1973, #1998, #1434, #4399, #1882, #563, #5301, #929, #3914, #953, #2978, #2884 ),
 .UNSPECIFIED., .F., .F.,
 ( 4, 2, 2, 2, 2, 2, 2, 2, 2, 2, 2, 4 ),
 ( 0.000000000000000000, 0.0002182946360399648988, 0.0004365892720799297976, 0.0008731785441598768341, 0.001746357088319771232, 0.002619535632479665522, 0.003492714176639559378, 0.004365892720799456270, 0.005239071264959352728, 0.006112249809119249186, 0.006548839081199192211, 0.006985428353279134368 ),
 .UNSPECIFIED. ) ;
#2743 = DIRECTION ( 'NONE',  ( 0.000000000000000000, -0.000000000000000000, -1.000000000000000000 ) ) ;
#2744 = ORIENTED_EDGE ( 'NONE', *, *, #1860, .T. ) ;
#2745 = CARTESIAN_POINT ( 'NONE',  ( 14.00000000000000178, -40.99999999999999289, 3.000000000000002665 ) ) ;
#2746 = VERTEX_POINT ( 'NONE', #4414 ) ;
#2747 = CARTESIAN_POINT ( 'NONE',  ( 13.08578643762691662, -69.41421356237309226, 52.00000000000000000 ) ) ;
#2748 = DIRECTION ( 'NONE',  ( -0.000000000000000000, -0.000000000000000000, -1.000000000000000000 ) ) ;
#2749 = EDGE_CURVE ( 'NONE', #3829, #317, #6074, .T. ) ;
#2750 = CARTESIAN_POINT ( 'NONE',  ( 5.270681273965612590, -13.61335110121749281, 2.511688797311822263 ) ) ;
#2751 = CARTESIAN_POINT ( 'NONE',  ( -12.97321052741363268, -24.66180512905363997, 2.302972136583218976 ) ) ;
#2752 = ORIENTED_EDGE ( 'NONE', *, *, #5781, .T. ) ;
#2753 = APPROVAL_STATUS ( 'not_yet_approved' ) ;
#2754 = CARTESIAN_POINT ( 'NONE',  ( 6.007546684239325252, -13.96796540843833156, 47.21282858029344709 ) ) ;
#2755 = DIRECTION ( 'NONE',  ( 0.000000000000000000, 0.000000000000000000, 1.000000000000000000 ) ) ;
#2756 = ORIENTED_EDGE ( 'NONE', *, *, #4349, .T. ) ;
#2757 = AXIS2_PLACEMENT_3D ( 'NONE', #3464, #1048, #2886 ) ;
#2758 = DIRECTION ( 'NONE',  ( -1.000000000000000000, 0.000000000000000000, 0.000000000000000000 ) ) ;
#2759 = DIRECTION ( 'NONE',  ( 0.000000000000000000, -0.000000000000000000, 1.000000000000000000 ) ) ;
#2760 = CARTESIAN_POINT ( 'NONE',  ( -26.50000000000002842, -23.75252334941184174, 3.500000000000003109 ) ) ;
#2761 = ORIENTED_EDGE ( 'NONE', *, *, #3408, .T. ) ;
#2762 = PLANE ( 'NONE',  #1089 ) ;
#2763 = VERTEX_POINT ( 'NONE', #461 ) ;
#2764 = EDGE_LOOP ( 'NONE', ( #4568, #2681, #4043, #5711 ) ) ;
#2765 = EDGE_CURVE ( 'NONE', #1180, #2913, #4352, .T. ) ;
#2766 = LINE ( 'NONE', #5309, #1806 ) ;
#2767 = DIRECTION ( 'NONE',  ( -1.115728272363205951E-16, 1.000000000000000000, 0.000000000000000000 ) ) ;
#2768 = DIRECTION ( 'NONE',  ( 0.000000000000000000, 0.000000000000000000, -1.000000000000000000 ) ) ;
#2769 = CARTESIAN_POINT ( 'NONE',  ( -20.49999999999999645, -45.67814575986520964, 4.000000000000000000 ) ) ;
#2770 = VERTEX_POINT ( 'NONE', #4537 ) ;
#2771 = DIRECTION ( 'NONE',  ( 0.000000000000000000, 0.000000000000000000, -1.000000000000000000 ) ) ;
#2772 = EDGE_CURVE ( 'NONE', #4096, #4657, #193, .T. ) ;
#2773 = EDGE_CURVE ( 'NONE', #4016, #32, #2929, .T. ) ;
#2774 = ORIENTED_EDGE ( 'NONE', *, *, #3849, .T. ) ;
#2775 = DIRECTION ( 'NONE',  ( 0.000000000000000000, 0.000000000000000000, 1.000000000000000000 ) ) ;
#2776 = CARTESIAN_POINT ( 'NONE',  ( 11.25735931288073566, -67.00000000000000000, 1.000000000000000000 ) ) ;
#2777 = CARTESIAN_POINT ( 'NONE',  ( 4.698552763296071966, -13.37821064797249448, 2.891435621598005490 ) ) ;
#2778 = DIRECTION ( 'NONE',  ( 0.000000000000000000, 0.000000000000000000, -1.000000000000000000 ) ) ;
#2779 = ORIENTED_EDGE ( 'NONE', *, *, #6033, .T. ) ;
#2780 = COORDINATED_UNIVERSAL_TIME_OFFSET ( 9, 0, .AHEAD. ) ;
#2781 = EDGE_CURVE ( 'NONE', #3455, #2941, #4155, .T. ) ;
#2782 = CARTESIAN_POINT ( 'NONE',  ( -6.685875052008640296, -45.67814575986520964, 51.00000000000000000 ) ) ;
#2783 = ORIENTED_EDGE ( 'NONE', *, *, #3884, .T. ) ;
#2784 = CARTESIAN_POINT ( 'NONE',  ( 8.564452164968864523, -15.71914116512571447, 4.652685414080466764 ) ) ;
#2785 = EDGE_LOOP ( 'NONE', ( #4106, #366 ) ) ;
#2786 = DIRECTION ( 'NONE',  ( 0.000000000000000000, 0.000000000000000000, -1.000000000000000000 ) ) ;
#2787 = DIRECTION ( 'NONE',  ( 0.000000000000000000, 0.000000000000000000, 1.000000000000000000 ) ) ;
#2788 = CARTESIAN_POINT ( 'NONE',  ( 12.75000000000000355, -40.99999999999999289, 49.00000000000000000 ) ) ;
#2789 = CIRCLE ( 'NONE', #560, 1.000000000000000888 ) ;
#2790 = VERTEX_POINT ( 'NONE', #166 ) ;
#2791 = CARTESIAN_POINT ( 'NONE',  ( 22.50000000000000355, -6.999999999999978684, 0.000000000000000000 ) ) ;
#2792 = ORIENTED_EDGE ( 'NONE', *, *, #2612, .T. ) ;
#2793 = ORIENTED_EDGE ( 'NONE', *, *, #3443, .T. ) ;
#2794 = DIRECTION ( 'NONE',  ( -0.000000000000000000, -0.000000000000000000, -1.000000000000000000 ) ) ;
#2795 = VECTOR ( 'NONE', #3269, 1000.000000000000000 ) ;
#2796 = DIRECTION ( 'NONE',  ( -1.000000000000000000, 0.000000000000000000, 0.000000000000000000 ) ) ;
#2797 = PLANE ( 'NONE',  #697 ) ;
#2798 = PRODUCT_DEFINITION ( 'UNKNOWN', '', #1554, #1083 ) ;
#2799 = VECTOR ( 'NONE', #3705, 1000.000000000000000 ) ;
#2800 = CYLINDRICAL_SURFACE ( 'NONE', #720, 1.500000000000001332 ) ;
#2801 = ORIENTED_EDGE ( 'NONE', *, *, #539, .T. ) ;
#2802 = DIRECTION ( 'NONE',  ( 1.000000000000000000, 0.000000000000000000, 0.000000000000000000 ) ) ;
#2803 = EDGE_LOOP ( 'NONE', ( #2660, #642, #4325, #5092 ) ) ;
#2804 = CIRCLE ( 'NONE', #983, 7.750000000000003553 ) ;
#2805 = CARTESIAN_POINT ( 'NONE',  ( -22.49999999999999645, -59.04554884989668295, 52.00000000000000000 ) ) ;
#2806 = DIRECTION ( 'NONE',  ( -1.000000000000000000, 0.000000000000000000, 0.000000000000000000 ) ) ;
#2807 = DIRECTION ( 'NONE',  ( 0.000000000000000000, -0.000000000000000000, -1.000000000000000000 ) ) ;
#2808 = CARTESIAN_POINT ( 'NONE',  ( 15.50000000000000000, -10.00000000000000178, 0.000000000000000000 ) ) ;
#2809 = EDGE_CURVE ( 'NONE', #1742, #4465, #3439, .T. ) ;
#2810 = EDGE_CURVE ( 'NONE', #1674, #4447, #5975, .T. ) ;
#2811 = ORIENTED_EDGE ( 'NONE', *, *, #4276, .T. ) ;
#2812 = AXIS2_PLACEMENT_3D ( 'NONE', #1383, #2394, #3226 ) ;
#2813 = VECTOR ( 'NONE', #6292, 1000.000000000000000 ) ;
#2814 = DATE_AND_TIME ( #5139, #1957 ) ;
#2815 = DIRECTION ( 'NONE',  ( -0.000000000000000000, -0.000000000000000000, -1.000000000000000000 ) ) ;
#2816 = ORIENTED_EDGE ( 'NONE', *, *, #5305, .T. ) ;
#2817 = CIRCLE ( 'NONE', #4364, 1.000000000000000000 ) ;
#2818 = CARTESIAN_POINT ( 'NONE',  ( 6.742750411257067533, -14.38162486851266664, 4.961811821403912859 ) ) ;
#2819 = CIRCLE ( 'NONE', #5457, 2.749999999999999112 ) ;
#2820 = VERTEX_POINT ( 'NONE', #3605 ) ;
#2821 = CARTESIAN_POINT ( 'NONE',  ( -22.49999999999999645, -59.04554884989668295, 52.00000000000000000 ) ) ;
#2822 = ADVANCED_FACE ( 'NONE', ( #3089 ), #5442, .T. ) ;
#2823 = EDGE_CURVE ( 'NONE', #4558, #1564, #5062, .T. ) ;
#2824 = CARTESIAN_POINT ( 'NONE',  ( -6.685875052008637631, -68.00000000000000000, 48.00000000000000000 ) ) ;
#2825 = DIRECTION ( 'NONE',  ( 0.000000000000000000, 0.000000000000000000, -1.000000000000000000 ) ) ;
#2826 = CIRCLE ( 'NONE', #79, 2.749999999999999112 ) ;
#2827 = AXIS2_PLACEMENT_3D ( 'NONE', #5730, #913, #4225 ) ;
#2828 = ORIENTED_EDGE ( 'NONE', *, *, #4147, .F. ) ;
#2829 = FACE_OUTER_BOUND ( 'NONE', #3788, .T. ) ;
#2830 = ORIENTED_EDGE ( 'NONE', *, *, #1148, .F. ) ;
#2831 = AXIS2_PLACEMENT_3D ( 'NONE', #3321, #3787, #4797 ) ;
#2832 = VECTOR ( 'NONE', #195, 1000.000000000000000 ) ;
#2833 = VERTEX_POINT ( 'NONE', #5985 ) ;
#2834 = CARTESIAN_POINT ( 'NONE',  ( -22.50000000000000000, -7.000000000000000000, 52.00000000000000000 ) ) ;
#2835 = AXIS2_PLACEMENT_3D ( 'NONE', #5834, #1486, #3423 ) ;
#2836 = ORIENTED_EDGE ( 'NONE', *, *, #2890, .F. ) ;
#2837 = VERTEX_POINT ( 'NONE', #4603 ) ;
#2838 = CARTESIAN_POINT ( 'NONE',  ( -12.70849840741563952, -22.76156519457738980, 47.36976261479183137 ) ) ;
#2839 = AXIS2_PLACEMENT_3D ( 'NONE', #3683, #5131, #781 ) ;
#2840 = CARTESIAN_POINT ( 'NONE',  ( 6.539809849142472764, -45.67814575986520964, 0.000000000000000000 ) ) ;
#2841 = DIRECTION ( 'NONE',  ( -0.000000000000000000, -0.000000000000000000, 1.000000000000000000 ) ) ;
#2842 = ORIENTED_EDGE ( 'NONE', *, *, #3401, .T. ) ;
#2843 = CIRCLE ( 'NONE', #4591, 1.500000000000004885 ) ;
#2844 = PLANE ( 'NONE',  #4861 ) ;
#2845 = LINE ( 'NONE', #3289, #4964 ) ;
#2846 = LINE ( 'NONE', #4796, #4128 ) ;
#2847 = DIRECTION ( 'NONE',  ( 1.000000000000000000, 1.172673560416567696E-16, -0.000000000000000000 ) ) ;
#2848 = ORIENTED_EDGE ( 'NONE', *, *, #1463, .F. ) ;
#2849 = CARTESIAN_POINT ( 'NONE',  ( -5.269513673675668031, -13.61281926438938150, 2.512241309335012218 ) ) ;
#2850 = EDGE_CURVE ( 'NONE', #1776, #1646, #265, .T. ) ;
#2851 = CARTESIAN_POINT ( 'NONE',  ( 4.465469255802908322, -13.29091804353535444, 48.15756671334874284 ) ) ;
#2852 = CARTESIAN_POINT ( 'NONE',  ( 12.58784713141547584, -22.25252334941183463, 3.500000000000003553 ) ) ;
#2853 = DIRECTION ( 'NONE',  ( 1.000000000000000000, 0.000000000000000000, 0.000000000000000000 ) ) ;
#2854 = CARTESIAN_POINT ( 'NONE',  ( 19.50000000000000355, -58.75735931288073743, 51.00000000000000000 ) ) ;
#2855 = DIRECTION ( 'NONE',  ( 0.000000000000000000, -1.000000000000000000, 0.000000000000000000 ) ) ;
#2856 = CARTESIAN_POINT ( 'NONE',  ( 6.539809849142475429, -67.00000000000000000, 52.00000000000000000 ) ) ;
#2857 = CARTESIAN_POINT ( 'NONE',  ( 20.50000000000000355, -58.75735931288073743, 48.00000000000000000 ) ) ;
#2858 = EDGE_CURVE ( 'NONE', #2400, #2574, #678, .T. ) ;
#2859 = ADVANCED_FACE ( 'NONE', ( #5063 ), #4572, .T. ) ;
#2860 = ORIENTED_EDGE ( 'NONE', *, *, #2044, .T. ) ;
#2861 = CIRCLE ( 'NONE', #4604, 1.000000000000000000 ) ;
#2862 = VERTEX_POINT ( 'NONE', #1701 ) ;
#2863 = DIRECTION ( 'NONE',  ( 1.000000000000000000, -0.000000000000000000, -0.000000000000000000 ) ) ;
#2864 = EDGE_CURVE ( 'NONE', #3689, #1694, #1095, .T. ) ;
#2865 = CARTESIAN_POINT ( 'NONE',  ( -11.16462172455858060, -67.68974283578550910, 48.00000000000000000 ) ) ;
#2866 = VERTEX_POINT ( 'NONE', #4969 ) ;
#2867 = ORGANIZATION ( 'UNSPECIFIED', 'UNSPECIFIED', '' ) ;
#2868 = ORIENTED_EDGE ( 'NONE', *, *, #4881, .T. ) ;
#2869 = CARTESIAN_POINT ( 'NONE',  ( -12.96156881298345631, -24.49775455273099567, 47.19451177171747958 ) ) ;
#2870 = FACE_OUTER_BOUND ( 'NONE', #4757, .T. ) ;
#2871 = CYLINDRICAL_SURFACE ( 'NONE', #2037, 2.749999999999999112 ) ;
#2872 = DIRECTION ( 'NONE',  ( 0.000000000000000000, 1.000000000000000000, 0.000000000000000000 ) ) ;
#2873 = CARTESIAN_POINT ( 'NONE',  ( 17.00000000000000355, -40.99999999999999289, 0.000000000000000000 ) ) ;
#2874 = PLANE ( 'NONE',  #5737 ) ;
#2875 = CARTESIAN_POINT ( 'NONE',  ( -6.685875052008640296, -44.67814575986520964, 1.000000000000000000 ) ) ;
#2876 = ORIENTED_EDGE ( 'NONE', *, *, #4554, .F. ) ;
#2877 = LINE ( 'NONE', #1990, #4588 ) ;
#2878 = ORIENTED_EDGE ( 'NONE', *, *, #2810, .T. ) ;
#2879 = LINE ( 'NONE', #4827, #2015 ) ;
#2880 = ORIENTED_EDGE ( 'NONE', *, *, #2737, .T. ) ;
#2881 = DIRECTION ( 'NONE',  ( 0.000000000000000000, 0.000000000000000000, -1.000000000000000000 ) ) ;
#2882 = ORIENTED_EDGE ( 'NONE', *, *, #3084, .F. ) ;
#2883 = DIRECTION ( 'NONE',  ( -1.000000000000000000, 0.000000000000000000, 0.000000000000000000 ) ) ;
#2884 = CARTESIAN_POINT ( 'NONE',  ( -9.136967527403575318, -16.25252334941185595, 48.49999999999998579 ) ) ;
#2885 = EDGE_CURVE ( 'NONE', #1332, #2332, #4161, .T. ) ;
#2886 = DIRECTION ( 'NONE',  ( 1.000000000000000000, 0.000000000000000000, 0.000000000000000000 ) ) ;
#2887 = CARTESIAN_POINT ( 'NONE',  ( 22.50000000000000000, 0.000000000000000000, 0.000000000000000000 ) ) ;
#2888 = ORIENTED_EDGE ( 'NONE', *, *, #2424, .T. ) ;
#2889 = ADVANCED_FACE ( 'NONE', ( #5948 ), #4023, .F. ) ;
#2890 = EDGE_CURVE ( 'NONE', #4744, #4466, #2108, .T. ) ;
#2891 = EDGE_LOOP ( 'NONE', ( #4432, #1038, #2330, #3095 ) ) ;
#2892 = LINE ( 'NONE', #4750, #4652 ) ;
#2893 = ORIENTED_EDGE ( 'NONE', *, *, #447, .T. ) ;
#2894 = AXIS2_PLACEMENT_3D ( 'NONE', #3333, #5271, #2853 ) ;
#2895 = ORIENTED_EDGE ( 'NONE', *, *, #3918, .F. ) ;
#2896 = CARTESIAN_POINT ( 'NONE',  ( -12.99764422145081255, -25.25252334941185595, 48.59836927117659400 ) ) ;
#2897 = EDGE_CURVE ( 'NONE', #1318, #5819, #4867, .T. ) ;
#2898 = DIRECTION ( 'NONE',  ( -1.115728272363205951E-16, 1.000000000000000000, 0.000000000000000000 ) ) ;
#2899 = CIRCLE ( 'NONE', #1075, 1.000000000000000888 ) ;
#2900 = CARTESIAN_POINT ( 'NONE',  ( -21.50000000000000000, -45.67814575986520964, 52.00000000000000000 ) ) ;
#2901 = B_SPLINE_CURVE_WITH_KNOTS ( 'NONE', 3,
 ( #223, #153, #2065, #3567, #3014, #4044, #1120, #4107, #3143, #4141, #3079, #1176, #736, #2661, #4957, #640, #1659, #3109, #5973, #3626, #5049, #702, #1147, #4081 ),
 .UNSPECIFIED., .F., .F.,
 ( 4, 2, 2, 2, 2, 2, 2, 2, 2, 2, 2, 4 ),
 ( 0.004715768127956800060, 0.005305131033299995830, 0.005894493938643190732, 0.006189175391314792087, 0.006483856843986394308, 0.007073219749329588343, 0.007367901202001189698, 0.007662582654672791919, 0.007957264107344394141, 0.008251945560015995496, 0.008841308465359201674, 0.009430671370702407852 ),
 .UNSPECIFIED. ) ;
#2902 = CARTESIAN_POINT ( 'NONE',  ( 21.50000000000000355, -45.67814575986520964, 51.00000000000000000 ) ) ;
#2903 = CARTESIAN_POINT ( 'NONE',  ( 13.64213748382861979, 0.000000000000000000, 12.42715187696833468 ) ) ;
#2904 = CIRCLE ( 'NONE', #3208, 1.000000000000000000 ) ;
#2905 = FACE_BOUND ( 'NONE', #4479, .T. ) ;
#2906 = CARTESIAN_POINT ( 'NONE',  ( 0.8240424184599304258, -7.000000000000000000, 25.15779854030026286 ) ) ;
#2907 = ORIENTED_EDGE ( 'NONE', *, *, #2001, .T. ) ;
#2908 = CARTESIAN_POINT ( 'NONE',  ( -6.742750411257066645, -14.38162486851266664, 2.038188178596079592 ) ) ;
#2909 = ORIENTED_EDGE ( 'NONE', *, *, #4889, .F. ) ;
#2910 = VECTOR ( 'NONE', #157, 1000.000000000000000 ) ;
#2911 = CYLINDRICAL_SURFACE ( 'NONE', #4359, 2.749999999999999112 ) ;
#2912 = ORIENTED_EDGE ( 'NONE', *, *, #5578, .F. ) ;
#2913 = VERTEX_POINT ( 'NONE', #1130 ) ;
#2914 = DIRECTION ( 'NONE',  ( 0.000000000000000000, 0.000000000000000000, 1.000000000000000000 ) ) ;
#2915 = AXIS2_PLACEMENT_3D ( 'NONE', #4781, #2351, #897 ) ;
#2916 = DIRECTION ( 'NONE',  ( -0.000000000000000000, -0.000000000000000000, -1.000000000000000000 ) ) ;
#2917 = LINE ( 'NONE', #2494, #2056 ) ;
#2918 = DIRECTION ( 'NONE',  ( 0.000000000000000000, 0.000000000000000000, -1.000000000000000000 ) ) ;
#2919 = VECTOR ( 'NONE', #1808, 1000.000000000000000 ) ;
#2920 = CIRCLE ( 'NONE', #4457, 1.500000000000001332 ) ;
#2921 = CARTESIAN_POINT ( 'NONE',  ( 9.136967527403580647, -16.25252334941185595, 48.64705656016813862 ) ) ;
#2922 = ORIENTED_EDGE ( 'NONE', *, *, #3293, .F. ) ;
#2923 = AXIS2_PLACEMENT_3D ( 'NONE', #3407, #4381, #1055 ) ;
#2924 = CIRCLE ( 'NONE', #3649, 1.000000000000000888 ) ;
#2925 = ORIENTED_EDGE ( 'NONE', *, *, #5505, .T. ) ;
#2926 = CYLINDRICAL_SURFACE ( 'NONE', #577, 1.000000000000000888 ) ;
#2927 = EDGE_CURVE ( 'NONE', #2944, #5768, #6078, .T. ) ;
#2928 = ORIENTED_EDGE ( 'NONE', *, *, #1154, .F. ) ;
#2929 = CIRCLE ( 'NONE', #3343, 2.000000000000000000 ) ;
#2930 = EDGE_LOOP ( 'NONE', ( #2206, #1962, #527, #4990 ) ) ;
#2931 = CARTESIAN_POINT ( 'NONE',  ( -12.62640359689137526, -22.40557768092353186, 49.16739015280877112 ) ) ;
#2932 = AXIS2_PLACEMENT_3D ( 'NONE', #407, #2778, #4228 ) ;
#2933 = DIRECTION ( 'NONE',  ( 1.000000000000000000, 0.000000000000000000, 0.000000000000000000 ) ) ;
#2934 = ADVANCED_FACE ( 'NONE', ( #5508 ), #6139, .F. ) ;
#2935 = EDGE_CURVE ( 'NONE', #2652, #297, #3182, .T. ) ;
#2936 = DIRECTION ( 'NONE',  ( -0.000000000000000000, -0.000000000000000000, -1.000000000000000000 ) ) ;
#2937 = AXIS2_PLACEMENT_3D ( 'NONE', #5361, #4979, #630 ) ;
#2938 = CARTESIAN_POINT ( 'NONE',  ( 11.67157287525381548, -68.00000000000000000, 0.000000000000000000 ) ) ;
#2939 = DIRECTION ( 'NONE',  ( 0.7071067811865474617, 0.7071067811865474617, 0.000000000000000000 ) ) ;
#2940 = CARTESIAN_POINT ( 'NONE',  ( 12.95449238128389524, -24.40934910146856041, 2.147860119791972444 ) ) ;
#2941 = VERTEX_POINT ( 'NONE', #4697 ) ;
#2942 = DIRECTION ( 'NONE',  ( -0.000000000000000000, -0.000000000000000000, -1.000000000000000000 ) ) ;
#2943 = AXIS2_PLACEMENT_3D ( 'NONE', #1905, #3845, #5770 ) ;
#2944 = VERTEX_POINT ( 'NONE', #2326 ) ;
#2945 = ADVANCED_FACE ( 'NONE', ( #6175 ), #1865, .F. ) ;
#2946 = DIRECTION ( 'NONE',  ( 1.000000000000000000, 0.000000000000000000, -0.000000000000000000 ) ) ;
#2947 = DIRECTION ( 'NONE',  ( 1.000000000000000000, -0.000000000000000000, 0.000000000000000000 ) ) ;
#2948 = FACE_OUTER_BOUND ( 'NONE', #1675, .T. ) ;
#2949 = DIRECTION ( 'NONE',  ( 0.000000000000000000, 0.000000000000000000, 1.000000000000000000 ) ) ;
#2950 = AXIS2_PLACEMENT_3D ( 'NONE', #5632, #3185, #3219 ) ;
#2951 = CARTESIAN_POINT ( 'NONE',  ( -9.136967527403575318, -16.25252334941185595, 48.49999999999998579 ) ) ;
#2952 = DIRECTION ( 'NONE',  ( 0.000000000000000000, -0.000000000000000000, 1.000000000000000000 ) ) ;
#2953 = DIRECTION ( 'NONE',  ( 1.000000000000000000, 0.000000000000000000, 0.000000000000000000 ) ) ;
#2954 = CARTESIAN_POINT ( 'NONE',  ( -22.50000000000000000, 0.000000000000000000, 52.00000000000000000 ) ) ;
#2955 = VERTEX_POINT ( 'NONE', #360 ) ;
#2956 = ORIENTED_EDGE ( 'NONE', *, *, #2890, .T. ) ;
#2957 = DIRECTION ( 'NONE',  ( -1.000000000000000000, 0.000000000000000000, 0.000000000000000000 ) ) ;
#2958 = ORIENTED_EDGE ( 'NONE', *, *, #3400, .F. ) ;
#2959 = VERTEX_POINT ( 'NONE', #2261 ) ;
#2960 = DIRECTION ( 'NONE',  ( 0.000000000000000000, 0.000000000000000000, -1.000000000000000000 ) ) ;
#2961 = AXIS2_PLACEMENT_3D ( 'NONE', #6133, #1823, #2726 ) ;
#2962 = EDGE_CURVE ( 'NONE', #4208, #1762, #2218, .T. ) ;
#2963 = VERTEX_POINT ( 'NONE', #5629 ) ;
#2964 = FACE_OUTER_BOUND ( 'NONE', #4086, .T. ) ;
#2965 = LINE ( 'NONE', #2478, #290 ) ;
#2966 = CARTESIAN_POINT ( 'NONE',  ( -19.49999999999999645, -57.48990136207992663, 48.00000000000000000 ) ) ;
#2967 = CARTESIAN_POINT ( 'NONE',  ( -6.685875052008637631, -69.00000000000000000, 52.00000000000000000 ) ) ;
#2968 = ORIENTED_EDGE ( 'NONE', *, *, #4478, .T. ) ;
#2969 = ADVANCED_FACE ( 'NONE', ( #3803 ), #5695, .T. ) ;
#2970 = DIRECTION ( 'NONE',  ( -1.000000000000000000, 0.000000000000000000, -0.000000000000000000 ) ) ;
#2971 = EDGE_CURVE ( 'NONE', #3402, #2484, #4770, .T. ) ;
#2972 = ORIENTED_EDGE ( 'NONE', *, *, #4994, .T. ) ;
#2973 = ORIENTED_EDGE ( 'NONE', *, *, #5845, .T. ) ;
#2974 = DIRECTION ( 'NONE',  ( -1.000000000000000000, -1.115728272363205951E-16, 0.000000000000000000 ) ) ;
#2975 = CARTESIAN_POINT ( 'NONE',  ( -22.49999999999999645, -59.04554884989668295, 38.00000000000000000 ) ) ;
#2976 = FACE_OUTER_BOUND ( 'NONE', #5004, .T. ) ;
#2977 = CARTESIAN_POINT ( 'NONE',  ( 6.539809849142472764, -43.67814575986520964, 1.000000000000000000 ) ) ;
#2978 = CARTESIAN_POINT ( 'NONE',  ( -9.136967527403577094, -16.25252334941185595, 48.64707123421465695 ) ) ;
#2979 = ADVANCED_FACE ( 'NONE', ( #1320 ), #3279, .F. ) ;
#2980 = FACE_OUTER_BOUND ( 'NONE', #4609, .T. ) ;
#2981 = ORIENTED_EDGE ( 'NONE', *, *, #5336, .T. ) ;
#2982 = CARTESIAN_POINT ( 'NONE',  ( -13.99999999999999822, -10.00000000000000000, 52.00000000000000000 ) ) ;
#2983 = EDGE_LOOP ( 'NONE', ( #5032, #2583, #485, #2624 ) ) ;
#2984 = CARTESIAN_POINT ( 'NONE',  ( 20.50000000000000355, -44.67814575986520964, 1.000000000000000000 ) ) ;
#2985 = ORIENTED_EDGE ( 'NONE', *, *, #1230, .T. ) ;
#2986 = CARTESIAN_POINT ( 'NONE',  ( -12.99746654100458798, -25.24262886704173070, 48.69827665007901629 ) ) ;
#2987 = ORIENTED_EDGE ( 'NONE', *, *, #2001, .F. ) ;
#2988 = DIRECTION ( 'NONE',  ( -1.000000000000000000, 0.000000000000000000, 0.000000000000000000 ) ) ;
#2989 = TOROIDAL_SURFACE ( 'NONE', #466, 2.000000000000000000, 1.000000000000000000 ) ;
#2990 = CARTESIAN_POINT ( 'NONE',  ( 4.358820447471754456, -13.25252334941183996, 48.49999999999997868 ) ) ;
#2991 = CARTESIAN_POINT ( 'NONE',  ( 4.539809849142475429, -67.00000000000000000, 52.00000000000000000 ) ) ;
#2992 = CARTESIAN_POINT ( 'NONE',  ( 24.05648139496203797, -7.000000000000000000, 51.99999999999999289 ) ) ;
#2993 = EDGE_LOOP ( 'NONE', ( #4593, #1965, #200, #4193 ) ) ;
#2994 = CIRCLE ( 'NONE', #565, 1.000000000000001110 ) ;
#2995 = LINE ( 'NONE', #4939, #5891 ) ;
#2996 = ORIENTED_EDGE ( 'NONE', *, *, #3011, .F. ) ;
#2997 = VERTEX_POINT ( 'NONE', #5125 ) ;
#2998 = CIRCLE ( 'NONE', #2487, 0.9999999999999988898 ) ;
#2999 = DIRECTION ( 'NONE',  ( -0.000000000000000000, -0.000000000000000000, -1.000000000000000000 ) ) ;
#3000 = ADVANCED_FACE ( 'NONE', ( #4723 ), #3777, .F. ) ;
#3001 = DIRECTION ( 'NONE',  ( 0.000000000000000000, 0.000000000000000000, 1.000000000000000000 ) ) ;
#3002 = EDGE_CURVE ( 'NONE', #3211, #2221, #5669, .T. ) ;
#3003 = CARTESIAN_POINT ( 'NONE',  ( -26.50000000000003197, -14.75252334941184884, 48.49999999999998579 ) ) ;
#3004 = DIRECTION ( 'NONE',  ( 0.000000000000000000, 0.000000000000000000, 1.000000000000000000 ) ) ;
#3005 = EDGE_LOOP ( 'NONE', ( #4817, #5446 ) ) ;
#3006 = AXIS2_PLACEMENT_3D ( 'NONE', #4690, #706, #4658 ) ;
#3007 = CARTESIAN_POINT ( 'NONE',  ( -33.14501880518503896, -68.61298871688897805, 0.000000000000000000 ) ) ;
#3008 = FACE_OUTER_BOUND ( 'NONE', #5138, .T. ) ;
#3009 = ADVANCED_FACE ( 'NONE', ( #5599 ), #775, .F. ) ;
#3010 = ORIENTED_EDGE ( 'NONE', *, *, #3246, .T. ) ;
#3011 = EDGE_CURVE ( 'NONE', #5647, #830, #4751, .T. ) ;
#3012 = CIRCLE ( 'NONE', #387, 2.000000000000001776 ) ;
#3013 = EDGE_LOOP ( 'NONE', ( #5827, #3067, #5652, #4087, #1439, #2816, #1204, #1977, #3431, #3618 ) ) ;
#3014 = CARTESIAN_POINT ( 'NONE',  ( 12.98907047278245663, -24.94901293313865054, 4.425800211071642565 ) ) ;
#3015 = FACE_BOUND ( 'NONE', #2413, .T. ) ;
#3016 = AXIS2_PLACEMENT_3D ( 'NONE', #2270, #6216, #3812 ) ;
#3017 = AXIS2_PLACEMENT_3D ( 'NONE', #17, #3937, #1994 ) ;
#3018 = ORIENTED_EDGE ( 'NONE', *, *, #5781, .F. ) ;
#3019 = DIRECTION ( 'NONE',  ( 0.000000000000000000, 0.000000000000000000, 1.000000000000000000 ) ) ;
#3020 = VERTEX_POINT ( 'NONE', #4188 ) ;
#3021 = VECTOR ( 'NONE', #137, 1000.000000000000000 ) ;
#3022 = CARTESIAN_POINT ( 'NONE',  ( -22.50000000000000000, -14.75252334941184884, 48.49999999999998579 ) ) ;
#3023 = AXIS2_PLACEMENT_3D ( 'NONE', #1033, #107, #2872 ) ;
#3024 = VERTEX_POINT ( 'NONE', #6111 ) ;
#3025 = CARTESIAN_POINT ( 'NONE',  ( -12.58784713141546874, -22.25252334941183463, 3.500000000000002665 ) ) ;
#3026 = CIRCLE ( 'NONE', #5368, 2.500000000000000888 ) ;
#3027 = DIRECTION ( 'NONE',  ( -1.000000000000000000, 0.000000000000000000, 0.000000000000000000 ) ) ;
#3028 = DIRECTION ( 'NONE',  ( -0.000000000000000000, -0.000000000000000000, -1.000000000000000000 ) ) ;
#3029 = DIRECTION ( 'NONE',  ( 0.000000000000000000, 0.000000000000000000, 1.000000000000000000 ) ) ;
#3030 = AXIS2_PLACEMENT_3D ( 'NONE', #3658, #277, #3586 ) ;
#3031 = VECTOR ( 'NONE', #1357, 1000.000000000000000 ) ;
#3032 = VERTEX_POINT ( 'NONE', #1769 ) ;
#3033 = DIRECTION ( 'NONE',  ( 0.000000000000000000, 0.000000000000000000, 1.000000000000000000 ) ) ;
#3034 = ORIENTED_EDGE ( 'NONE', *, *, #4734, .F. ) ;
#3035 = VERTEX_POINT ( 'NONE', #5161 ) ;
#3036 = VECTOR ( 'NONE', #1107, 1000.000000000000000 ) ;
#3037 = FACE_BOUND ( 'NONE', #91, .T. ) ;
#3038 = CARTESIAN_POINT ( 'NONE',  ( -29.99999999999999289, -72.50000000000001421, 5.999999999999998224 ) ) ;
#3039 = FACE_OUTER_BOUND ( 'NONE', #3624, .T. ) ;
#3040 = CARTESIAN_POINT ( 'NONE',  ( 12.75783019448190991, -22.99584252998385381, 47.19042525330931426 ) ) ;
#3041 = EDGE_LOOP ( 'NONE', ( #1442, #4721, #3193, #5002 ) ) ;
#3042 = AXIS2_PLACEMENT_3D ( 'NONE', #1186, #3964, #3087 ) ;
#3043 = FACE_OUTER_BOUND ( 'NONE', #261, .T. ) ;
#3044 = ADVANCED_FACE ( 'NONE', ( #1179 ), #3544, .T. ) ;
#3045 = FACE_OUTER_BOUND ( 'NONE', #5842, .T. ) ;
#3046 = AXIS2_PLACEMENT_3D ( 'NONE', #307, #5604, #5195 ) ;
#3047 = ORIENTED_EDGE ( 'NONE', *, *, #5887, .T. ) ;
#3048 = FACE_OUTER_BOUND ( 'NONE', #5342, .T. ) ;
#3049 = DIRECTION ( 'NONE',  ( 0.000000000000000000, 0.000000000000000000, 1.000000000000000000 ) ) ;
#3050 = EDGE_CURVE ( 'NONE', #5055, #4269, #5016, .T. ) ;
#3051 = ADVANCED_FACE ( 'NONE', ( #2136 ), #225, .F. ) ;
#3052 = DIRECTION ( 'NONE',  ( 0.000000000000000000, 0.000000000000000000, 1.000000000000000000 ) ) ;
#3053 = EDGE_LOOP ( 'NONE', ( #6134, #516 ) ) ;
#3054 = CARTESIAN_POINT ( 'NONE',  ( -19.49999999999999645, -45.67814575986520964, -5.000000000000011546 ) ) ;
#3055 = VERTEX_POINT ( 'NONE', #255 ) ;
#3056 = CARTESIAN_POINT ( 'NONE',  ( -15.50000000000000000, -10.00000000000000000, 52.00000000000000000 ) ) ;
#3057 = EDGE_CURVE ( 'NONE', #1354, #4956, #4372, .T. ) ;
#3058 = ORIENTED_EDGE ( 'NONE', *, *, #1540, .F. ) ;
#3059 = DIRECTION ( 'NONE',  ( -0.000000000000000000, -0.000000000000000000, -1.000000000000000000 ) ) ;
#3060 = CARTESIAN_POINT ( 'NONE',  ( -12.06465996625052739, -72.00000000000001421, 0.000000000000000000 ) ) ;
#3061 = FACE_BOUND ( 'NONE', #2251, .T. ) ;
#3062 = DIRECTION ( 'NONE',  ( 0.000000000000000000, 0.000000000000000000, 1.000000000000000000 ) ) ;
#3063 = VERTEX_POINT ( 'NONE', #3871 ) ;
#3064 = LINE ( 'NONE', #3483, #4976 ) ;
#3065 = ORIENTED_EDGE ( 'NONE', *, *, #5962, .T. ) ;
#3066 = CIRCLE ( 'NONE', #2757, 2.000000000000000888 ) ;
#3067 = ORIENTED_EDGE ( 'NONE', *, *, #2111, .T. ) ;
#3068 = CARTESIAN_POINT ( 'NONE',  ( -4.358820447471746462, -13.25252334941183996, 48.42591448154577449 ) ) ;
#3069 = FACE_OUTER_BOUND ( 'NONE', #4307, .T. ) ;
#3070 = DIRECTION ( 'NONE',  ( 1.000000000000000000, 1.172673560416567696E-16, 0.000000000000000000 ) ) ;
#3071 = AXIS2_PLACEMENT_3D ( 'NONE', #149, #4074, #2126 ) ;
#3072 = CARTESIAN_POINT ( 'NONE',  ( 12.98536308922323101, -24.87922585044971058, 47.50478339108497750 ) ) ;
#3073 = ORIENTED_EDGE ( 'NONE', *, *, #3571, .T. ) ;
#3074 = DIRECTION ( 'NONE',  ( -1.000000000000000000, 0.000000000000000000, 0.000000000000000000 ) ) ;
#3075 = CARTESIAN_POINT ( 'NONE',  ( 0.8240424184599304258, -7.000000000000000000, 25.15779854030026286 ) ) ;
#3076 = ORIENTED_EDGE ( 'NONE', *, *, #43, .F. ) ;
#3077 = VERTEX_POINT ( 'NONE', #165 ) ;
#3078 = APPROVAL ( #6153, 'UNSPECIFIED' ) ;
#3079 = CARTESIAN_POINT ( 'NONE',  ( 12.90786276486819695, -23.94223799677619269, 5.000943828552442127 ) ) ;
#3080 = DIRECTION ( 'NONE',  ( -0.000000000000000000, -0.000000000000000000, 1.000000000000000000 ) ) ;
#3081 = ORIENTED_EDGE ( 'NONE', *, *, #5771, .T. ) ;
#3082 = CARTESIAN_POINT ( 'NONE',  ( 20.50000000000000355, -59.17157287525382969, 1.000000000000000000 ) ) ;
#3083 = VERTEX_POINT ( 'NONE', #3088 ) ;
#3084 = EDGE_CURVE ( 'NONE', #156, #5408, #1004, .T. ) ;
#3085 = EDGE_CURVE ( 'NONE', #1185, #481, #4254, .T. ) ;
#3086 = EDGE_LOOP ( 'NONE', ( #2, #6203, #4214, #4508 ) ) ;
#3087 = DIRECTION ( 'NONE',  ( 1.000000000000000000, 0.000000000000000000, 0.000000000000000000 ) ) ;
#3088 = CARTESIAN_POINT ( 'NONE',  ( -5.685875052008637631, -67.00000000000000000, 51.00000000000000000 ) ) ;
#3089 = FACE_OUTER_BOUND ( 'NONE', #4814, .T. ) ;
#3090 = DIRECTION ( 'NONE',  ( -1.000000000000000000, 0.000000000000000000, 0.000000000000000000 ) ) ;
#3091 = EDGE_CURVE ( 'NONE', #2790, #1365, #3861, .T. ) ;
#3092 = FACE_BOUND ( 'NONE', #5806, .T. ) ;
#3093 = DIRECTION ( 'NONE',  ( -1.000000000000000000, 0.000000000000000000, 0.000000000000000000 ) ) ;
#3094 = EDGE_LOOP ( 'NONE', ( #77, #4531 ) ) ;
#3095 = ORIENTED_EDGE ( 'NONE', *, *, #3553, .T. ) ;
#3096 = CARTESIAN_POINT ( 'NONE',  ( -4.464943649617083565, -13.29072699980122252, 48.15842834796966088 ) ) ;
#3097 = DIRECTION ( 'NONE',  ( 1.000000000000000000, 0.000000000000000000, 0.000000000000000000 ) ) ;
#3098 = AXIS2_PLACEMENT_3D ( 'NONE', #1553, #179, #4070 ) ;
#3099 = LINE ( 'NONE', #4980, #154 ) ;
#3100 = DIRECTION ( 'NONE',  ( 1.000000000000000000, 1.172673560416567696E-16, -0.000000000000000000 ) ) ;
#3101 = EDGE_LOOP ( 'NONE', ( #5279, #1549, #291, #1591 ) ) ;
#3102 = LINE ( 'NONE', #119, #5811 ) ;
#3103 = AXIS2_PLACEMENT_3D ( 'NONE', #5988, #1035, #1643 ) ;
#3104 = DIRECTION ( 'NONE',  ( 0.000000000000000000, 0.000000000000000000, 1.000000000000000000 ) ) ;
#3105 = DIRECTION ( 'NONE',  ( -0.000000000000000000, -1.000000000000000000, -0.000000000000000000 ) ) ;
#3106 = DIRECTION ( 'NONE',  ( -1.000000000000000000, 0.000000000000000000, 0.000000000000000000 ) ) ;
#3107 = VERTEX_POINT ( 'NONE', #1602 ) ;
#3108 = CIRCLE ( 'NONE', #56, 1.000000000000000000 ) ;
#3109 = CARTESIAN_POINT ( 'NONE',  ( 12.72482047170555042, -22.83809253254225524, 4.693011705871850126 ) ) ;
#3110 = LINE ( 'NONE', #704, #2738 ) ;
#3111 = ORIENTED_EDGE ( 'NONE', *, *, #539, .F. ) ;
#3112 = DIRECTION ( 'NONE',  ( 1.000000000000000000, 0.000000000000000000, -0.000000000000000000 ) ) ;
#3113 = AXIS2_PLACEMENT_3D ( 'NONE', #3403, #2542, #4502 ) ;
#3114 = EDGE_LOOP ( 'NONE', ( #5341, #4949, #2178, #3880 ) ) ;
#3115 = AXIS2_PLACEMENT_3D ( 'NONE', #1527, #4951, #605 ) ;
#3116 = EDGE_LOOP ( 'NONE', ( #654, #5597, #350, #1803 ) ) ;
#3117 = CARTESIAN_POINT ( 'NONE',  ( 13.64213748382862867, -6.999999999999978684, 39.38715187696832487 ) ) ;
#3118 = EDGE_CURVE ( 'NONE', #2485, #1891, #3846, .T. ) ;
#3119 = DIRECTION ( 'NONE',  ( 0.000000000000000000, 1.000000000000000000, 0.000000000000000000 ) ) ;
#3120 = VECTOR ( 'NONE', #70, 1000.000000000000000 ) ;
#3121 = AXIS2_PLACEMENT_3D ( 'NONE', #2342, #1334, #3760 ) ;
#3122 = DIRECTION ( 'NONE',  ( 1.000000000000000000, 1.172673560416567696E-16, -0.000000000000000000 ) ) ;
#3123 = DIRECTION ( 'NONE',  ( 0.000000000000000000, 1.000000000000000000, 0.000000000000000000 ) ) ;
#3124 = DIRECTION ( 'NONE',  ( -1.000000000000000000, 0.000000000000000000, 0.000000000000000000 ) ) ;
#3125 = VECTOR ( 'NONE', #3727, 1000.000000000000000 ) ;
#3126 = AXIS2_PLACEMENT_3D ( 'NONE', #3318, #2775, #5703 ) ;
#3127 = ORIENTED_EDGE ( 'NONE', *, *, #3443, .F. ) ;
#3128 = EDGE_CURVE ( 'NONE', #1991, #5130, #3447, .T. ) ;
#3129 = ADVANCED_FACE ( 'NONE', ( #313 ), #3584, .T. ) ;
#3130 = ORIENTED_EDGE ( 'NONE', *, *, #1540, .T. ) ;
#3131 = DIRECTION ( 'NONE',  ( 0.6897428357855003300, -0.7240544319887670666, 0.000000000000000000 ) ) ;
#3132 = AXIS2_PLACEMENT_3D ( 'NONE', #316, #5641, #4071 ) ;
#3133 = PLANE ( 'NONE',  #4046 ) ;
#3134 = CARTESIAN_POINT ( 'NONE',  ( -15.50000000000000000, -10.00000000000000000, 49.00000000000000000 ) ) ;
#3135 = ORIENTED_EDGE ( 'NONE', *, *, #5878, .T. ) ;
#3136 = FACE_OUTER_BOUND ( 'NONE', #1547, .T. ) ;
#3137 = AXIS2_PLACEMENT_3D ( 'NONE', #3140, #1174, #3106 ) ;
#3138 = ADVANCED_FACE ( 'NONE', ( #5547 ), #1236, .F. ) ;
#3139 = DIRECTION ( 'NONE',  ( 0.000000000000000000, 0.000000000000000000, -1.000000000000000000 ) ) ;
#3140 = CARTESIAN_POINT ( 'NONE',  ( -19.49999999999999645, -57.48990136207992663, -5.000000000000011546 ) ) ;
#3141 = ORIENTED_EDGE ( 'NONE', *, *, #5233, .F. ) ;
#3142 = CIRCLE ( 'NONE', #2937, 1.500000000000001332 ) ;
#3143 = CARTESIAN_POINT ( 'NONE',  ( 12.95464084049452502, -24.41110901962203172, 4.851291780385301067 ) ) ;
#3144 = DIRECTION ( 'NONE',  ( 0.000000000000000000, -1.000000000000000000, 0.000000000000000000 ) ) ;
#3145 = ORIENTED_EDGE ( 'NONE', *, *, #2275, .F. ) ;
#3146 = LINE ( 'NONE', #2228, #3527 ) ;
#3147 = AXIS2_PLACEMENT_3D ( 'NONE', #940, #2476, #430 ) ;
#3148 = VERTEX_POINT ( 'NONE', #2244 ) ;
#3149 = AXIS2_PLACEMENT_3D ( 'NONE', #4726, #4636, #5698 ) ;
#3150 = ORIENTED_EDGE ( 'NONE', *, *, #1270, .F. ) ;
#3151 = CARTESIAN_POINT ( 'NONE',  ( -12.99238217197087586, -25.05164472636240802, 4.256267524115659562 ) ) ;
#3152 = DIRECTION ( 'NONE',  ( -0.000000000000000000, -0.000000000000000000, -1.000000000000000000 ) ) ;
#3153 = DIRECTION ( 'NONE',  ( 1.000000000000000000, 0.000000000000000000, 0.000000000000000000 ) ) ;
#3154 = FACE_OUTER_BOUND ( 'NONE', #5554, .T. ) ;
#3155 = CARTESIAN_POINT ( 'NONE',  ( -1.229881206134882055, -82.31566764376179890, 1.000000000000000000 ) ) ;
#3156 = ADVANCED_FACE ( 'NONE', ( #4167, #5515 ), #3686, .T. ) ;
#3157 = CARTESIAN_POINT ( 'NONE',  ( -13.99999999999999822, -10.00000000000000000, 52.00000000000000000 ) ) ;
#3158 = VERTEX_POINT ( 'NONE', #2620 ) ;
#3159 = CARTESIAN_POINT ( 'NONE',  ( 19.50000000000000355, -44.67814575986520964, 52.00000000000000000 ) ) ;
#3160 = ORIENTED_EDGE ( 'NONE', *, *, #1350, .T. ) ;
#3161 = CARTESIAN_POINT ( 'NONE',  ( -22.49999999999999645, -23.75252334941184174, 3.500000000000003109 ) ) ;
#3162 = LINE ( 'NONE', #4098, #486 ) ;
#3163 = DIRECTION ( 'NONE',  ( 0.000000000000000000, 1.000000000000000000, 0.000000000000000000 ) ) ;
#3164 = CARTESIAN_POINT ( 'NONE',  ( -22.49999999999999645, -23.75252334941184884, 48.49999999999997868 ) ) ;
#3165 = ADVANCED_FACE ( 'NONE', ( #754 ), #3133, .F. ) ;
#3166 = EDGE_CURVE ( 'NONE', #569, #3599, #300, .T. ) ;
#3167 = ORIENTED_EDGE ( 'NONE', *, *, #1270, .T. ) ;
#3168 = VECTOR ( 'NONE', #4306, 1000.000000000000000 ) ;
#3169 = DIRECTION ( 'NONE',  ( -1.000000000000000000, 0.000000000000000000, 0.000000000000000000 ) ) ;
#3170 = CARTESIAN_POINT ( 'NONE',  ( -22.50000000000000000, -7.000000000000006217, 6.000000000000000000 ) ) ;
#3171 = CARTESIAN_POINT ( 'NONE',  ( 12.98812964651836310, -24.94187345594722416, 2.580705028749619157 ) ) ;
#3172 = ORIENTED_EDGE ( 'NONE', *, *, #2497, .T. ) ;
#3173 = DIRECTION ( 'NONE',  ( 0.000000000000000000, 0.000000000000000000, 1.000000000000000000 ) ) ;
#3174 = EDGE_CURVE ( 'NONE', #1062, #6168, #1917, .T. ) ;
#3175 = CARTESIAN_POINT ( 'NONE',  ( -12.58784713141546874, -22.25252334941183463, 3.500000000000002665 ) ) ;
#3176 = CARTESIAN_POINT ( 'NONE',  ( -20.49999999999999645, -45.67814575986520964, 48.00000000000000000 ) ) ;
#3177 = EDGE_LOOP ( 'NONE', ( #2432, #2469, #6264, #5178 ) ) ;
#3178 = DIRECTION ( 'NONE',  ( 0.000000000000000000, 0.000000000000000000, -1.000000000000000000 ) ) ;
#3179 = ORIENTED_EDGE ( 'NONE', *, *, #3891, .F. ) ;
#3180 = ORIENTED_EDGE ( 'NONE', *, *, #4004, .T. ) ;
#3181 = CARTESIAN_POINT ( 'NONE',  ( -5.685875052008640296, -44.67814575986520964, 48.00000000000000000 ) ) ;
#3182 = LINE ( 'NONE', #301, #4959 ) ;
#3183 = CARTESIAN_POINT ( 'NONE',  ( -26.50000000000002842, -25.25252334941184174, 3.500000000000003109 ) ) ;
#3184 = DIRECTION ( 'NONE',  ( 0.7240544319887651792, 0.6897428357855026615, 0.000000000000000000 ) ) ;
#3185 = DIRECTION ( 'NONE',  ( 0.000000000000000000, 1.000000000000000000, 0.000000000000000000 ) ) ;
#3186 = ORIENTED_EDGE ( 'NONE', *, *, #3002, .F. ) ;
#3187 = DIRECTION ( 'NONE',  ( 0.000000000000000000, 1.000000000000000000, 0.000000000000000000 ) ) ;
#3188 = ORIENTED_EDGE ( 'NONE', *, *, #3476, .T. ) ;
#3189 = CARTESIAN_POINT ( 'NONE',  ( -5.269513673675680465, -13.61281926438937973, 47.51224130933500334 ) ) ;
#3190 = CARTESIAN_POINT ( 'NONE',  ( -21.50000000000000000, -57.48990136207992663, 0.000000000000000000 ) ) ;
#3191 = CARTESIAN_POINT ( 'NONE',  ( 5.758356962892679398, -13.84179138020919808, 2.297901948804759620 ) ) ;
#3192 = CARTESIAN_POINT ( 'NONE',  ( -12.90786276486819339, -23.94223799677620335, 1.999056171447563868 ) ) ;
#3193 = ORIENTED_EDGE ( 'NONE', *, *, #1373, .F. ) ;
#3194 = APPROVAL_DATE_TIME ( #6097, #3078 ) ;
#3195 = CARTESIAN_POINT ( 'NONE',  ( -15.49999999999999645, -41.00000000000000000, 52.00000000000000000 ) ) ;
#3196 = EDGE_CURVE ( 'NONE', #3895, #4246, #5007, .T. ) ;
#3197 = DIRECTION ( 'NONE',  ( 0.000000000000000000, 0.000000000000000000, 1.000000000000000000 ) ) ;
#3198 = DIRECTION ( 'NONE',  ( 1.000000000000000000, 0.000000000000000000, 0.000000000000000000 ) ) ;
#3199 = ORIENTED_EDGE ( 'NONE', *, *, #4004, .F. ) ;
#3200 = LINE ( 'NONE', #286, #1923 ) ;
#3201 = CARTESIAN_POINT ( 'NONE',  ( -5.030392056600367923, -13.51034377413182241, 49.36216814992230439 ) ) ;
#3202 = AXIS2_PLACEMENT_3D ( 'NONE', #5318, #2428, #587 ) ;
#3203 = CARTESIAN_POINT ( 'NONE',  ( 22.50000000000000000, -13.25252334941183818, 48.49999999999998579 ) ) ;
#3204 = EDGE_LOOP ( 'NONE', ( #1050, #3141, #4288, #4185 ) ) ;
#3205 = CARTESIAN_POINT ( 'NONE',  ( -5.685875052008640296, -44.67814575986520964, 48.00000000000000000 ) ) ;
#3206 = EDGE_CURVE ( 'NONE', #5431, #3504, #3162, .T. ) ;
#3207 = EDGE_CURVE ( 'NONE', #3435, #437, #5754, .T. ) ;
#3208 = AXIS2_PLACEMENT_3D ( 'NONE', #4304, #1524, #3426 ) ;
#3209 = EDGE_LOOP ( 'NONE', ( #5884, #3172, #174, #1857 ) ) ;
#3210 = CIRCLE ( 'NONE', #4346, 2.749999999999999112 ) ;
#3211 = VERTEX_POINT ( 'NONE', #3190 ) ;
#3212 = DIRECTION ( 'NONE',  ( -0.000000000000000000, -0.000000000000000000, -1.000000000000000000 ) ) ;
#3213 = ADVANCED_FACE ( 'NONE', ( #3069 ), #4358, .T. ) ;
#3214 = DIRECTION ( 'NONE',  ( -0.000000000000000000, -0.000000000000000000, -1.000000000000000000 ) ) ;
#3215 = ORIENTED_EDGE ( 'NONE', *, *, #6090, .T. ) ;
#3216 = DIRECTION ( 'NONE',  ( 1.000000000000000000, 1.172673560416567696E-16, -0.000000000000000000 ) ) ;
#3217 = AXIS2_PLACEMENT_3D ( 'NONE', #1342, #4309, #1792 ) ;
#3218 = CARTESIAN_POINT ( 'NONE',  ( 11.25735931288073566, -67.00000000000000000, -5.000000000000011546 ) ) ;
#3219 = DIRECTION ( 'NONE',  ( 0.000000000000000000, 0.000000000000000000, 1.000000000000000000 ) ) ;
#3220 = ORIENTED_EDGE ( 'NONE', *, *, #2423, .F. ) ;
#3221 = DIRECTION ( 'NONE',  ( 1.000000000000000000, 1.172673560416567696E-16, -0.000000000000000000 ) ) ;
#3222 = AXIS2_PLACEMENT_3D ( 'NONE', #342, #4707, #4226 ) ;
#3223 = EDGE_LOOP ( 'NONE', ( #1608, #5020, #378, #3438 ) ) ;
#3224 = AXIS2_PLACEMENT_3D ( 'NONE', #150, #5968, #1624 ) ;
#3225 = DIRECTION ( 'NONE',  ( 0.000000000000000000, 0.000000000000000000, 1.000000000000000000 ) ) ;
#3226 = DIRECTION ( 'NONE',  ( 1.000000000000000000, 0.000000000000000000, 0.000000000000000000 ) ) ;
#3227 = FACE_OUTER_BOUND ( 'NONE', #4556, .T. ) ;
#3228 = CARTESIAN_POINT ( 'NONE',  ( -26.50000000000003197, -14.75252334941184351, 3.499999999999996003 ) ) ;
#3229 = VECTOR ( 'NONE', #4059, 1000.000000000000000 ) ;
#3230 = EDGE_LOOP ( 'NONE', ( #6072, #5831 ) ) ;
#3231 = CARTESIAN_POINT ( 'NONE',  ( 0.000000000000000000, 0.000000000000000000, 0.000000000000000000 ) ) ;
#3232 = AXIS2_PLACEMENT_3D ( 'NONE', #2735, #1347, #1798 ) ;
#3233 = CARTESIAN_POINT ( 'NONE',  ( 21.50000000000000355, -58.75735931288073743, 1.000000000000000000 ) ) ;
#3234 = VERTEX_POINT ( 'NONE', #659 ) ;
#3235 = LINE ( 'NONE', #249, #1009 ) ;
#3236 = EDGE_LOOP ( 'NONE', ( #705, #1239, #951, #256 ) ) ;
#3237 = DIRECTION ( 'NONE',  ( 1.000000000000000000, 0.000000000000000000, 0.000000000000000000 ) ) ;
#3238 = CARTESIAN_POINT ( 'NONE',  ( -4.594349781617761863, -13.33857156165794500, 49.01472599098918437 ) ) ;
#3239 = ADVANCED_FACE ( 'NONE', ( #2587 ), #2678, .F. ) ;
#3240 = VECTOR ( 'NONE', #5517, 1000.000000000000000 ) ;
#3241 = CARTESIAN_POINT ( 'NONE',  ( 3.469446951953615767E-15, -25.50000000000000355, 52.00000000000000000 ) ) ;
#3242 = ORIENTED_EDGE ( 'NONE', *, *, #4392, .T. ) ;
#3243 = FACE_OUTER_BOUND ( 'NONE', #2255, .T. ) ;
#3244 = AXIS2_PLACEMENT_3D ( 'NONE', #5423, #5929, #2560 ) ;
#3245 = VERTEX_POINT ( 'NONE', #1713 ) ;
#3246 = EDGE_CURVE ( 'NONE', #6168, #1180, #5583, .T. ) ;
#3247 = ADVANCED_FACE ( 'NONE', ( #4582, #2152 ), #6023, .T. ) ;
#3248 = CIRCLE ( 'NONE', #2139, 1.000000000000000000 ) ;
#3249 = ORIENTED_EDGE ( 'NONE', *, *, #5112, .F. ) ;
#3250 = DIRECTION ( 'NONE',  ( 0.000000000000000000, 0.000000000000000000, -1.000000000000000000 ) ) ;
#3251 = CARTESIAN_POINT ( 'NONE',  ( -29.99999999999999289, -72.50000000000001421, 52.00000000000000000 ) ) ;
#3252 = TOROIDAL_SURFACE ( 'NONE', #2339, 2.000000000000000000, 1.000000000000000000 ) ;
#3253 = DIRECTION ( 'NONE',  ( 0.000000000000000000, 0.000000000000000000, 1.000000000000000000 ) ) ;
#3254 = EDGE_CURVE ( 'NONE', #3020, #3035, #1748, .T. ) ;
#3255 = FACE_OUTER_BOUND ( 'NONE', #4600, .T. ) ;
#3256 = ORIENTED_EDGE ( 'NONE', *, *, #5079, .T. ) ;
#3257 = ORIENTED_EDGE ( 'NONE', *, *, #2659, .T. ) ;
#3258 = LINE ( 'NONE', #5673, #1311 ) ;
#3259 = CARTESIAN_POINT ( 'NONE',  ( -11.81786251617137928, -10.00000000000000000, 13.92715187696833290 ) ) ;
#3260 = FACE_OUTER_BOUND ( 'NONE', #3972, .T. ) ;
#3261 = CYLINDRICAL_SURFACE ( 'NONE', #4375, 2.500000000000000888 ) ;
#3262 = ORIENTED_EDGE ( 'NONE', *, *, #4229, .F. ) ;
#3263 = APPLICATION_PROTOCOL_DEFINITION ( 'international standard', 'config_control_design', 1994, #67 ) ;
#3264 = LINE ( 'NONE', #3329, #2503 ) ;
#3265 = DIRECTION ( 'NONE',  ( -1.000000000000000000, 0.000000000000000000, 0.000000000000000000 ) ) ;
#3266 = ORIENTED_EDGE ( 'NONE', *, *, #22, .T. ) ;
#3267 = CIRCLE ( 'NONE', #2961, 1.500000000000001332 ) ;
#3268 = DIRECTION ( 'NONE',  ( -0.6897428357855054371, 0.7240544319887622926, -0.000000000000000000 ) ) ;
#3269 = DIRECTION ( 'NONE',  ( -0.000000000000000000, -1.000000000000000000, 0.000000000000000000 ) ) ;
#3270 = LINE ( 'NONE', #930, #1248 ) ;
#3271 = ORIENTED_EDGE ( 'NONE', *, *, #4028, .F. ) ;
#3272 = VECTOR ( 'NONE', #217, 1000.000000000000000 ) ;
#3273 = DIRECTION ( 'NONE',  ( -0.000000000000000000, -0.000000000000000000, -1.000000000000000000 ) ) ;
#3274 = ORIENTED_EDGE ( 'NONE', *, *, #2850, .F. ) ;
#3275 = ORIENTED_EDGE ( 'NONE', *, *, #2080, .T. ) ;
#3276 = CARTESIAN_POINT ( 'NONE',  ( 38.63849739350411028, -6.999999999999978684, 52.00000000000000000 ) ) ;
#3277 = EDGE_CURVE ( 'NONE', #3083, #627, #4149, .T. ) ;
#3278 = EDGE_CURVE ( 'NONE', #5021, #1185, #5674, .T. ) ;
#3279 = CYLINDRICAL_SURFACE ( 'NONE', #2322, 2.749999999999999112 ) ;
#3280 = ORIENTED_EDGE ( 'NONE', *, *, #5531, .F. ) ;
#3281 = CARTESIAN_POINT ( 'NONE',  ( -22.54992673837577044, -57.18788594219551413, 1.000000000000000000 ) ) ;
#3282 = CARTESIAN_POINT ( 'NONE',  ( -5.685875052008640296, -44.67814575986520964, -5.000000000000011546 ) ) ;
#3283 = ORIENTED_EDGE ( 'NONE', *, *, #5079, .F. ) ;
#3284 = FACE_OUTER_BOUND ( 'NONE', #4637, .T. ) ;
#3285 = ORIENTED_EDGE ( 'NONE', *, *, #2682, .F. ) ;
#3286 = EDGE_CURVE ( 'NONE', #1863, #2247, #2845, .T. ) ;
#3287 = EDGE_CURVE ( 'NONE', #4458, #3418, #5456, .T. ) ;
#3288 = CARTESIAN_POINT ( 'NONE',  ( 22.50000000000000711, -6.999999999999978684, 52.00000000000000000 ) ) ;
#3289 = CARTESIAN_POINT ( 'NONE',  ( -20.49999999999999645, -57.88997158201483728, 4.000000000000000000 ) ) ;
#3290 = DIRECTION ( 'NONE',  ( 1.000000000000000000, 0.000000000000000000, -0.000000000000000000 ) ) ;
#3291 = DIRECTION ( 'NONE',  ( 1.000000000000000000, -0.000000000000000000, -0.000000000000000000 ) ) ;
#3292 = ORIENTED_EDGE ( 'NONE', *, *, #5686, .T. ) ;
#3293 = EDGE_CURVE ( 'NONE', #4300, #3316, #5259, .T. ) ;
#3294 = DATE_AND_TIME ( #4646, #231 ) ;
#3295 = CARTESIAN_POINT ( 'NONE',  ( -22.50000000000000000, -14.75252334941184351, 3.499999999999996003 ) ) ;
#3296 = VERTEX_POINT ( 'NONE', #368 ) ;
#3297 = CYLINDRICAL_SURFACE ( 'NONE', #2028, 1.500000000000001332 ) ;
#3298 = ORIENTED_EDGE ( 'NONE', *, *, #1696, .T. ) ;
#3299 = DIRECTION ( 'NONE',  ( -1.172673560416567696E-16, 1.000000000000000000, 0.000000000000000000 ) ) ;
#3300 = CARTESIAN_POINT ( 'NONE',  ( -4.685875052008640296, -45.67814575986520964, 51.00000000000000000 ) ) ;
#3301 = DIRECTION ( 'NONE',  ( 0.000000000000000000, -1.000000000000000000, 0.000000000000000000 ) ) ;
#3302 = CIRCLE ( 'NONE', #4433, 2.000000000000001776 ) ;
#3303 = EDGE_LOOP ( 'NONE', ( #2268, #5910 ) ) ;
#3304 = CARTESIAN_POINT ( 'NONE',  ( 18.25000000000000355, -40.99999999999999289, 49.00000000000000000 ) ) ;
#3305 = EDGE_LOOP ( 'NONE', ( #5356, #1811, #1872, #3274 ) ) ;
#3306 = VECTOR ( 'NONE', #3646, 1000.000000000000000 ) ;
#3307 = ORIENTED_EDGE ( 'NONE', *, *, #602, .T. ) ;
#3308 = CARTESIAN_POINT ( 'NONE',  ( 5.539809849142475429, -67.00000000000000000, 48.00000000000000000 ) ) ;
#3309 = CIRCLE ( 'NONE', #4839, 1.500000000000001332 ) ;
#3310 = EDGE_LOOP ( 'NONE', ( #4011, #3262, #3719, #3925 ) ) ;
#3311 = CARTESIAN_POINT ( 'NONE',  ( -12.82291908442353900, -23.35942952663773653, 47.04916743530934298 ) ) ;
#3312 = CIRCLE ( 'NONE', #168, 2.000000000000001776 ) ;
#3313 = EDGE_CURVE ( 'NONE', #4801, #2866, #1114, .T. ) ;
#3314 = CARTESIAN_POINT ( 'NONE',  ( -6.685875052008637631, -67.00000000000000000, 1.000000000000000000 ) ) ;
#3315 = FACE_OUTER_BOUND ( 'NONE', #5752, .T. ) ;
#3316 = VERTEX_POINT ( 'NONE', #2873 ) ;
#3317 = VECTOR ( 'NONE', #3945, 1000.000000000000000 ) ;
#3318 = CARTESIAN_POINT ( 'NONE',  ( 3.469446951953615767E-15, -60.50000000000000000, 0.000000000000000000 ) ) ;
#3319 = FACE_OUTER_BOUND ( 'NONE', #1103, .T. ) ;
#3320 = FACE_OUTER_BOUND ( 'NONE', #4425, .T. ) ;
#3321 = CARTESIAN_POINT ( 'NONE',  ( 15.50000000000000000, -10.00000000000000178, 52.00000000000000000 ) ) ;
#3322 = EDGE_LOOP ( 'NONE', ( #4380, #4494 ) ) ;
#3323 = EDGE_CURVE ( 'NONE', #1465, #3055, #2007, .T. ) ;
#3324 = CARTESIAN_POINT ( 'NONE',  ( -4.685875052008637631, -68.00000000000000000, 52.00000000000000000 ) ) ;
#3325 = CIRCLE ( 'NONE', #992, 0.9999999999999991118 ) ;
#3326 = EDGE_CURVE ( 'NONE', #933, #2485, #5963, .T. ) ;
#3327 = AXIS2_PLACEMENT_3D ( 'NONE', #3295, #5235, #2372 ) ;
#3328 = APPROVAL_ROLE ( '' ) ;
#3329 = CARTESIAN_POINT ( 'NONE',  ( 20.20710678118654968, -59.46446609406728356, 48.00000000000000000 ) ) ;
#3330 = AXIS2_PLACEMENT_3D ( 'NONE', #9, #1986, #1959 ) ;
#3331 = CARTESIAN_POINT ( 'NONE',  ( 14.00000000000000178, -40.99999999999999289, 49.00000000000000000 ) ) ;
#3332 = CIRCLE ( 'NONE', #3023, 1.500000000000004885 ) ;
#3333 = CARTESIAN_POINT ( 'NONE',  ( 19.50000000000000355, -58.75735931288073743, 52.00000000000000000 ) ) ;
#3334 = CARTESIAN_POINT ( 'NONE',  ( 15.50000000000000355, -40.99999999999999289, 3.000000000000000000 ) ) ;
#3335 = DIRECTION ( 'NONE',  ( 0.000000000000000000, -1.000000000000000000, 0.000000000000000000 ) ) ;
#3336 = EDGE_CURVE ( 'NONE', #2148, #2959, #3635, .T. ) ;
#3337 = CYLINDRICAL_SURFACE ( 'NONE', #532, 1.500000000000001332 ) ;
#3338 = AXIS2_PLACEMENT_3D ( 'NONE', #2252, #1127, #2758 ) ;
#3339 = VECTOR ( 'NONE', #4119, 1000.000000000000000 ) ;
#3340 = CARTESIAN_POINT ( 'NONE',  ( -5.685875052008640296, -45.67814575986520964, 1.000000000000000000 ) ) ;
#3341 = VERTEX_POINT ( 'NONE', #6149 ) ;
#3342 = CIRCLE ( 'NONE', #3132, 2.749999999999999112 ) ;
#3343 = AXIS2_PLACEMENT_3D ( 'NONE', #1158, #650, #5095 ) ;
#3344 = ORIENTED_EDGE ( 'NONE', *, *, #4195, .F. ) ;
#3345 = CARTESIAN_POINT ( 'NONE',  ( -20.49999999999999645, -57.48990136207992663, 4.000000000000000000 ) ) ;
#3346 = AXIS2_PLACEMENT_3D ( 'NONE', #309, #2294, #6117 ) ;
#3347 = ORIENTED_EDGE ( 'NONE', *, *, #3493, .T. ) ;
#3348 = ORIENTED_EDGE ( 'NONE', *, *, #3128, .T. ) ;
#3349 = CARTESIAN_POINT ( 'NONE',  ( -6.685875052008637631, -67.00000000000000000, 4.000000000000000000 ) ) ;
#3350 = VECTOR ( 'NONE', #4509, 1000.000000000000000 ) ;
#3351 = CARTESIAN_POINT ( 'NONE',  ( -20.49999999999999645, -57.88997158201483728, -5.000000000000011546 ) ) ;
#3352 = CARTESIAN_POINT ( 'NONE',  ( -4.685875052008640296, -45.67814575986520964, 52.00000000000000000 ) ) ;
#3353 = TOROIDAL_SURFACE ( 'NONE', #618, 2.000000000000000000, 1.000000000000000000 ) ;
#3354 = DIRECTION ( 'NONE',  ( 0.7071067811865457964, 0.7071067811865492381, -2.453269466693392310E-15 ) ) ;
#3355 = EDGE_CURVE ( 'NONE', #5935, #326, #692, .T. ) ;
#3356 = FACE_OUTER_BOUND ( 'NONE', #1877, .T. ) ;
#3357 = LINE ( 'NONE', #1845, #2288 ) ;
#3358 = FACE_OUTER_BOUND ( 'NONE', #5294, .T. ) ;
#3359 = ORIENTED_EDGE ( 'NONE', *, *, #2546, .T. ) ;
#3360 = CARTESIAN_POINT ( 'NONE',  ( -19.49999999999999645, -45.67814575986520964, 4.000000000000000000 ) ) ;
#3361 = CARTESIAN_POINT ( 'NONE',  ( 3.469446951953615767E-15, -60.50000000000000000, 5.999999999999998224 ) ) ;
#3362 = ADVANCED_FACE ( 'NONE', ( #3356 ), #851, .T. ) ;
#3363 = ORIENTED_EDGE ( 'NONE', *, *, #559, .F. ) ;
#3364 = CARTESIAN_POINT ( 'NONE',  ( 4.464943649617080013, -13.29072699980121541, 3.841571652030314254 ) ) ;
#3365 = EDGE_CURVE ( 'NONE', #4189, #2955, #2299, .T. ) ;
#3366 = B_SPLINE_CURVE_WITH_KNOTS ( 'NONE', 3,
 ( #1173, #3663, #5589, #3722, #2851, #4800, #3850, #5269, #5709, #411, #2754, #4712, #4297, #348, #4267, #1850, #441, #4737, #2276, #3790, #1301, #5775, #1784, #5645 ),
 .UNSPECIFIED., .F., .F.,
 ( 4, 2, 2, 2, 2, 2, 2, 2, 2, 2, 2, 4 ),
 ( 6.992893892674702526E-18, 0.0002182946360399712956, 0.0004365892720799355981, 0.0008731785441598814961, 0.001746357088319774918, 0.002619535632479668558, 0.003492714176639562414, 0.004365892720799456270, 0.005239071264959349258, 0.006112249809119243982, 0.006548839081199183537, 0.006985428353279123960 ),
 .UNSPECIFIED. ) ;
#3367 = DIRECTION ( 'NONE',  ( 0.000000000000000000, 1.000000000000000000, 0.000000000000000000 ) ) ;
#3368 = LINE ( 'NONE', #2439, #4056 ) ;
#3369 = PLANE ( 'NONE',  #5848 ) ;
#3370 = DIRECTION ( 'NONE',  ( 1.000000000000000000, 0.000000000000000000, 0.000000000000000000 ) ) ;
#3371 = DIRECTION ( 'NONE',  ( -0.4156465996625061110, 0.9095261976375372814, 0.000000000000000000 ) ) ;
#3372 = ADVANCED_FACE ( 'NONE', ( #3319 ), #4353, .F. ) ;
#3373 = EDGE_LOOP ( 'NONE', ( #3810, #903, #1184, #2183 ) ) ;
#3374 = FACE_OUTER_BOUND ( 'NONE', #4660, .T. ) ;
#3375 = CIRCLE ( 'NONE', #5600, 2.000000000000001776 ) ;
#3376 = ORIENTED_EDGE ( 'NONE', *, *, #2424, .F. ) ;
#3377 = CARTESIAN_POINT ( 'NONE',  ( -19.49999999999999645, -44.67814575986520964, 0.000000000000000000 ) ) ;
#3378 = ORIENTED_EDGE ( 'NONE', *, *, #1104, .T. ) ;
#3379 = APPROVAL_PERSON_ORGANIZATION ( #1267, #3078, #6126 ) ;
#3380 = EDGE_LOOP ( 'NONE', ( #440, #5816, #890, #278 ) ) ;
#3381 = CARTESIAN_POINT ( 'NONE',  ( -12.99599653652275677, -25.17516218697526043, 48.98565901431681624 ) ) ;
#3382 = DIRECTION ( 'NONE',  ( 1.000000000000000000, 0.000000000000000000, -0.000000000000000000 ) ) ;
#3383 = CARTESIAN_POINT ( 'NONE',  ( -12.74999999999999822, -41.00000000000000000, 49.00000000000000000 ) ) ;
#3384 = CARTESIAN_POINT ( 'NONE',  ( -5.685875052008637631, -67.00000000000000000, 4.000000000000000000 ) ) ;
#3385 = CARTESIAN_POINT ( 'NONE',  ( -20.49999999999999645, -44.67814575986520964, 51.00000000000000000 ) ) ;
#3386 = CYLINDRICAL_SURFACE ( 'NONE', #3202, 1.500000000000004885 ) ;
#3387 = CYLINDRICAL_SURFACE ( 'NONE', #2932, 1.000000000000000888 ) ;
#3388 = VERTEX_POINT ( 'NONE', #5763 ) ;
#3389 = CARTESIAN_POINT ( 'NONE',  ( -5.027368218169200098, -13.50911541890349987, 2.639917473505271950 ) ) ;
#3390 = ORIENTED_EDGE ( 'NONE', *, *, #2464, .F. ) ;
#3391 = FACE_BOUND ( 'NONE', #4793, .T. ) ;
#3392 = LINE ( 'NONE', #4268, #1525 ) ;
#3393 = VERTEX_POINT ( 'NONE', #6275 ) ;
#3394 = DIRECTION ( 'NONE',  ( -1.000000000000000000, 0.000000000000000000, 0.000000000000000000 ) ) ;
#3395 = CARTESIAN_POINT ( 'NONE',  ( -9.136967527403564659, -16.25252334941184884, 3.499999999999996447 ) ) ;
#3396 = CARTESIAN_POINT ( 'NONE',  ( 15.50000000000000355, -40.99999999999999289, 52.00000000000000000 ) ) ;
#3397 = EDGE_CURVE ( 'NONE', #3504, #4008, #3325, .T. ) ;
#3398 = CARTESIAN_POINT ( 'NONE',  ( 0.9121374838286215869, -6.999999999999978684, 32.90715187696834221 ) ) ;
#3399 = ORIENTED_EDGE ( 'NONE', *, *, #2962, .F. ) ;
#3400 = EDGE_CURVE ( 'NONE', #3504, #3634, #5228, .T. ) ;
#3401 = EDGE_CURVE ( 'NONE', #3393, #1465, #4292, .T. ) ;
#3402 = VERTEX_POINT ( 'NONE', #1874 ) ;
#3403 = CARTESIAN_POINT ( 'NONE',  ( -6.685875052008640296, -45.67814575986520964, 4.000000000000000000 ) ) ;
#3404 = VERTEX_POINT ( 'NONE', #878 ) ;
#3405 = AXIS2_PLACEMENT_3D ( 'NONE', #5260, #1902, #4765 ) ;
#3406 = EDGE_LOOP ( 'NONE', ( #4629, #5846, #4281, #105 ) ) ;
#3407 = CARTESIAN_POINT ( 'NONE',  ( -26.50000000000003197, -14.75252334941184351, 3.499999999999996003 ) ) ;
#3408 = EDGE_CURVE ( 'NONE', #1621, #3245, #1329, .T. ) ;
#3409 = ORIENTED_EDGE ( 'NONE', *, *, #2348, .T. ) ;
#3410 = CARTESIAN_POINT ( 'NONE',  ( -12.74999999999999822, -41.00000000000000000, 3.000000000000000000 ) ) ;
#3411 = DIRECTION ( 'NONE',  ( 1.000000000000000000, 1.172673560416567696E-16, -0.000000000000000000 ) ) ;
#3412 = LINE ( 'NONE', #5349, #3120 ) ;
#3413 = AXIS2_PLACEMENT_3D ( 'NONE', #4741, #324, #2759 ) ;
#3414 = DIRECTION ( 'NONE',  ( -0.6897428357855003300, 0.7240544319887670666, -0.000000000000000000 ) ) ;
#3415 = CARTESIAN_POINT ( 'NONE',  ( 12.67802899922611104, -22.62379762853521825, 2.507315733968706439 ) ) ;
#3416 = ORIENTED_EDGE ( 'NONE', *, *, #6167, .T. ) ;
#3417 = CARTESIAN_POINT ( 'NONE',  ( 17.00000000000000355, -40.99999999999999289, 49.00000000000000000 ) ) ;
#3418 = VERTEX_POINT ( 'NONE', #4730 ) ;
#3419 = ORIENTED_EDGE ( 'NONE', *, *, #5885, .F. ) ;
#3420 = VECTOR ( 'NONE', #5248, 1000.000000000000000 ) ;
#3421 = DIRECTION ( 'NONE',  ( 1.000000000000000000, 0.000000000000000000, 0.000000000000000000 ) ) ;
#3422 = ORIENTED_EDGE ( 'NONE', *, *, #5720, .F. ) ;
#3423 = DIRECTION ( 'NONE',  ( 0.000000000000000000, 0.000000000000000000, -1.000000000000000000 ) ) ;
#3424 = ORIENTED_EDGE ( 'NONE', *, *, #1188, .F. ) ;
#3425 = CARTESIAN_POINT ( 'NONE',  ( -31.99999999999999289, -72.50000000000001421, 5.999999999999998224 ) ) ;
#3426 = DIRECTION ( 'NONE',  ( 0.000000000000000000, 0.000000000000000000, 1.000000000000000000 ) ) ;
#3427 = CARTESIAN_POINT ( 'NONE',  ( -18.24999999999999645, -41.00000000000000000, 3.000000000000000000 ) ) ;
#3428 = LINE ( 'NONE', #3526, #2813 ) ;
#3429 = VECTOR ( 'NONE', #108, 1000.000000000000000 ) ;
#3430 = VECTOR ( 'NONE', #5370, 1000.000000000000000 ) ;
#3431 = ORIENTED_EDGE ( 'NONE', *, *, #2935, .F. ) ;
#3432 = EDGE_CURVE ( 'NONE', #2574, #2862, #2502, .T. ) ;
#3433 = AXIS2_PLACEMENT_3D ( 'NONE', #2109, #6018, #4092 ) ;
#3434 = CIRCLE ( 'NONE', #5160, 1.500000000000001332 ) ;
#3435 = VERTEX_POINT ( 'NONE', #3968 ) ;
#3436 = CARTESIAN_POINT ( 'NONE',  ( 12.75000000000000178, -10.00000000000000178, 46.00000000000000000 ) ) ;
#3437 = CIRCLE ( 'NONE', #3857, 1.500000000000001332 ) ;
#3438 = ORIENTED_EDGE ( 'NONE', *, *, #684, .F. ) ;
#3439 = CIRCLE ( 'NONE', #597, 1.000000000000000000 ) ;
#3440 = ORIENTED_EDGE ( 'NONE', *, *, #95, .F. ) ;
#3441 = EDGE_CURVE ( 'NONE', #2569, #2382, #1817, .T. ) ;
#3442 = CARTESIAN_POINT ( 'NONE',  ( -12.63769924280165036, -22.45177213539823313, 49.25341416434605435 ) ) ;
#3443 = EDGE_CURVE ( 'NONE', #3388, #6164, #5443, .T. ) ;
#3444 = AXIS2_PLACEMENT_3D ( 'NONE', #3592, #5522, #2186 ) ;
#3445 = VERTEX_POINT ( 'NONE', #5796 ) ;
#3446 = FACE_OUTER_BOUND ( 'NONE', #250, .T. ) ;
#3447 = LINE ( 'NONE', #5381, #4168 ) ;
#3448 = DIRECTION ( 'NONE',  ( 1.000000000000000000, -1.387778780781444413E-14, 0.000000000000000000 ) ) ;
#3449 = AXIS2_PLACEMENT_3D ( 'NONE', #847, #2771, #365 ) ;
#3450 = CARTESIAN_POINT ( 'NONE',  ( 13.64213748382862867, -6.999999999999978684, 36.38715187696832487 ) ) ;
#3451 = EDGE_CURVE ( 'NONE', #710, #5734, #4386, .T. ) ;
#3452 = FACE_BOUND ( 'NONE', #6137, .T. ) ;
#3453 = ORIENTED_EDGE ( 'NONE', *, *, #6271, .F. ) ;
#3454 = DIRECTION ( 'NONE',  ( 1.000000000000000000, 0.000000000000000000, 0.000000000000000000 ) ) ;
#3455 = VERTEX_POINT ( 'NONE', #2991 ) ;
#3456 = AXIS2_PLACEMENT_3D ( 'NONE', #4029, #1193, #1645 ) ;
#3457 = ORIENTED_EDGE ( 'NONE', *, *, #894, .T. ) ;
#3458 = DIRECTION ( 'NONE',  ( -1.000000000000000000, 0.000000000000000000, 0.000000000000000000 ) ) ;
#3459 = CARTESIAN_POINT ( 'NONE',  ( 11.25735931288073566, -67.00000000000000000, 51.00000000000000000 ) ) ;
#3460 = DIRECTION ( 'NONE',  ( -0.000000000000000000, -0.000000000000000000, -1.000000000000000000 ) ) ;
#3461 = CARTESIAN_POINT ( 'NONE',  ( 12.72365396687464312, -22.83008103520238663, 47.30130262495739402 ) ) ;
#3462 = AXIS2_PLACEMENT_3D ( 'NONE', #5286, #124, #4469 ) ;
#3463 = CARTESIAN_POINT ( 'NONE',  ( -5.270681273965608149, -13.61335110121749459, 4.488311202688168855 ) ) ;
#3464 = CARTESIAN_POINT ( 'NONE',  ( 6.539809849142472764, -45.67814575986520964, 52.00000000000000000 ) ) ;
#3465 = DIRECTION ( 'NONE',  ( 1.000000000000000000, 0.000000000000000000, 0.000000000000000000 ) ) ;
#3466 = VERTEX_POINT ( 'NONE', #1543 ) ;
#3467 = EDGE_LOOP ( 'NONE', ( #3630, #1534, #1921, #4888 ) ) ;
#3468 = CC_DESIGN_PERSON_AND_ORGANIZATION_ASSIGNMENT ( #5268, #1783, ( #2684 ) ) ;
#3469 = CARTESIAN_POINT ( 'NONE',  ( 6.539809849142475429, -68.00000000000000000, 52.00000000000000000 ) ) ;
#3470 = ORIENTED_EDGE ( 'NONE', *, *, #161, .T. ) ;
#3471 = ORIENTED_EDGE ( 'NONE', *, *, #4809, .T. ) ;
#3472 = CARTESIAN_POINT ( 'NONE',  ( -12.60763322818843157, -22.32996819197837368, 48.98580765122111558 ) ) ;
#3473 = VECTOR ( 'NONE', #5398, 1000.000000000000000 ) ;
#3474 = ORIENTED_EDGE ( 'NONE', *, *, #3441, .F. ) ;
#3475 = CARTESIAN_POINT ( 'NONE',  ( 12.98907047278245308, -24.94901293313866120, 49.42580021107161770 ) ) ;
#3476 = EDGE_CURVE ( 'NONE', #3756, #4269, #2208, .T. ) ;
#3477 = EDGE_CURVE ( 'NONE', #326, #1939, #4483, .T. ) ;
#3478 = CIRCLE ( 'NONE', #4308, 1.499999999999997780 ) ;
#3479 = DIRECTION ( 'NONE',  ( 0.000000000000000000, 0.000000000000000000, -1.000000000000000000 ) ) ;
#3480 = DIRECTION ( 'NONE',  ( 0.6290037610370091681, -0.7774022566222053010, 0.000000000000000000 ) ) ;
#3481 = DIRECTION ( 'NONE',  ( 1.000000000000000000, 1.172673560416567696E-16, 0.000000000000000000 ) ) ;
#3482 = ORIENTED_EDGE ( 'NONE', *, *, #1071, .F. ) ;
#3483 = CARTESIAN_POINT ( 'NONE',  ( 12.75000000000000355, -40.99999999999999289, 3.000000000000000000 ) ) ;
#3484 = ORIENTED_EDGE ( 'NONE', *, *, #2197, .F. ) ;
#3485 = EDGE_CURVE ( 'NONE', #6101, #3245, #3754, .T. ) ;
#3486 = EDGE_CURVE ( 'NONE', #3466, #1762, #550, .T. ) ;
#3487 = VERTEX_POINT ( 'NONE', #2427 ) ;
#3488 = CYLINDRICAL_SURFACE ( 'NONE', #6174, 2.000000000000003553 ) ;
#3489 = DIRECTION ( 'NONE',  ( -1.000000000000000000, 0.000000000000000000, 0.000000000000000000 ) ) ;
#3490 = FACE_OUTER_BOUND ( 'NONE', #1597, .T. ) ;
#3491 = CARTESIAN_POINT ( 'NONE',  ( 12.93783528842134700, -24.22688952211946756, 47.07357823263780716 ) ) ;
#3492 = ORIENTED_EDGE ( 'NONE', *, *, #4575, .T. ) ;
#3493 = EDGE_CURVE ( 'NONE', #163, #1195, #900, .T. ) ;
#3494 = DIRECTION ( 'NONE',  ( -0.000000000000000000, -0.000000000000000000, -1.000000000000000000 ) ) ;
#3495 = FACE_OUTER_BOUND ( 'NONE', #1282, .T. ) ;
#3496 = CARTESIAN_POINT ( 'NONE',  ( 8.564452164968871628, -15.71914116512572157, 49.65268541408047298 ) ) ;
#3497 = ORIENTED_EDGE ( 'NONE', *, *, #2773, .F. ) ;
#3498 = DIRECTION ( 'NONE',  ( 1.000000000000000000, 0.000000000000000000, 0.000000000000000000 ) ) ;
#3499 = DIRECTION ( 'NONE',  ( -0.000000000000000000, -1.000000000000000000, 0.000000000000000000 ) ) ;
#3500 = ORIENTED_EDGE ( 'NONE', *, *, #1662, .F. ) ;
#3501 = CARTESIAN_POINT ( 'NONE',  ( 13.00000000000000533, -25.50000000000000355, 0.000000000000000000 ) ) ;
#3502 = ORIENTED_EDGE ( 'NONE', *, *, #1197, .F. ) ;
#3503 = CARTESIAN_POINT ( 'NONE',  ( -12.72365396687463956, -22.83008103520239729, 49.69869737504258467 ) ) ;
#3504 = VERTEX_POINT ( 'NONE', #1000 ) ;
#3505 = CARTESIAN_POINT ( 'NONE',  ( -15.49999999999999645, -41.00000000000000000, 52.00000000000000000 ) ) ;
#3506 = DIRECTION ( 'NONE',  ( -0.000000000000000000, -0.000000000000000000, -1.000000000000000000 ) ) ;
#3507 = DIRECTION ( 'NONE',  ( -0.000000000000000000, -1.000000000000000000, 0.000000000000000000 ) ) ;
#3508 = CYLINDRICAL_SURFACE ( 'NONE', #1919, 1.000000000000000888 ) ;
#3509 = LINE ( 'NONE', #5445, #2391 ) ;
#3510 = EDGE_CURVE ( 'NONE', #5883, #721, #3901, .T. ) ;
#3511 = VERTEX_POINT ( 'NONE', #525 ) ;
#3512 = AXIS2_PLACEMENT_3D ( 'NONE', #3155, #1800, #3678 ) ;
#3513 = CARTESIAN_POINT ( 'NONE',  ( 13.00000000000000533, -25.50000000000000355, 52.00000000000000000 ) ) ;
#3514 = ORIENTED_EDGE ( 'NONE', *, *, #6204, .F. ) ;
#3515 = ORIENTED_EDGE ( 'NONE', *, *, #492, .T. ) ;
#3516 = VECTOR ( 'NONE', #1768, 1000.000000000000000 ) ;
#3517 = DIRECTION ( 'NONE',  ( 1.000000000000000000, 0.000000000000000000, 0.000000000000000000 ) ) ;
#3518 = CARTESIAN_POINT ( 'NONE',  ( 3.469446951953615767E-15, -60.50000000000000000, 52.00000000000000000 ) ) ;
#3519 = DIRECTION ( 'NONE',  ( -1.000000000000000000, 0.000000000000000000, 0.000000000000000000 ) ) ;
#3520 = FACE_OUTER_BOUND ( 'NONE', #1968, .T. ) ;
#3521 = EDGE_CURVE ( 'NONE', #1996, #4692, #2454, .T. ) ;
#3522 = EDGE_CURVE ( 'NONE', #830, #3713, #5056, .T. ) ;
#3523 = ORIENTED_EDGE ( 'NONE', *, *, #5916, .F. ) ;
#3524 = AXIS2_PLACEMENT_3D ( 'NONE', #4928, #1565, #988 ) ;
#3525 = CARTESIAN_POINT ( 'NONE',  ( 20.50000000000000355, -43.67814575986520964, 51.00000000000000000 ) ) ;
#3526 = CARTESIAN_POINT ( 'NONE',  ( -22.49999999999999289, -7.000000000000002665, 51.92044125849763248 ) ) ;
#3527 = VECTOR ( 'NONE', #5090, 1000.000000000000000 ) ;
#3528 = ORIENTED_EDGE ( 'NONE', *, *, #2971, .F. ) ;
#3529 = ADVANCED_FACE ( 'NONE', ( #5858 ), #1511, .F. ) ;
#3530 = FACE_OUTER_BOUND ( 'NONE', #2459, .T. ) ;
#3531 = CYLINDRICAL_SURFACE ( 'NONE', #2535, 1.000000000000000000 ) ;
#3532 = AXIS2_PLACEMENT_3D ( 'NONE', #1539, #2452, #1031 ) ;
#3533 = CIRCLE ( 'NONE', #4562, 2.749999999999999112 ) ;
#3534 = VERTEX_POINT ( 'NONE', #3450 ) ;
#3535 = DIRECTION ( 'NONE',  ( -0.000000000000000000, -0.000000000000000000, -1.000000000000000000 ) ) ;
#3536 = EDGE_LOOP ( 'NONE', ( #5785, #4101, #752, #4124 ) ) ;
#3537 = AXIS2_PLACEMENT_3D ( 'NONE', #3281, #4724, #3833 ) ;
#3538 = CYLINDRICAL_SURFACE ( 'NONE', #3338, 1.000000000000000888 ) ;
#3539 = AXIS2_PLACEMENT_3D ( 'NONE', #4891, #594, #4978 ) ;
#3540 = ORIENTED_EDGE ( 'NONE', *, *, #994, .T. ) ;
#3541 = CARTESIAN_POINT ( 'NONE',  ( -12.67802899922610216, -22.62379762853522891, 4.492684266031297113 ) ) ;
#3542 = CARTESIAN_POINT ( 'NONE',  ( -29.99999999999999289, -72.50000000000001421, 0.000000000000000000 ) ) ;
#3543 = CIRCLE ( 'NONE', #4866, 2.000000000000001776 ) ;
#3544 = TOROIDAL_SURFACE ( 'NONE', #806, 2.000000000000000000, 1.000000000000000000 ) ;
#3545 = DIRECTION ( 'NONE',  ( 0.000000000000000000, 0.000000000000000000, 1.000000000000000000 ) ) ;
#3546 = DIRECTION ( 'NONE',  ( 0.000000000000000000, 0.000000000000000000, -1.000000000000000000 ) ) ;
#3547 = DIRECTION ( 'NONE',  ( -1.000000000000000000, 0.000000000000000000, 0.000000000000000000 ) ) ;
#3548 = AXIS2_PLACEMENT_3D ( 'NONE', #3228, #3100, #344 ) ;
#3549 = ORIENTED_EDGE ( 'NONE', *, *, #422, .F. ) ;
#3550 = DIRECTION ( 'NONE',  ( 1.000000000000000000, 0.000000000000000000, 0.000000000000000000 ) ) ;
#3551 = VERTEX_POINT ( 'NONE', #5386 ) ;
#3552 = EDGE_LOOP ( 'NONE', ( #6050, #4910, #1052, #1337 ) ) ;
#3553 = EDGE_CURVE ( 'NONE', #1280, #2221, #3412, .T. ) ;
#3554 = AXIS2_PLACEMENT_3D ( 'NONE', #2975, #5453, #5867 ) ;
#3555 = DIRECTION ( 'NONE',  ( 0.000000000000000000, 1.000000000000000000, 0.000000000000000000 ) ) ;
#3556 = DIRECTION ( 'NONE',  ( 0.000000000000000000, 0.000000000000000000, 1.000000000000000000 ) ) ;
#3557 = CARTESIAN_POINT ( 'NONE',  ( -11.81786251617137395, 0.000000000000000000, 37.88715187696834619 ) ) ;
#3558 = CARTESIAN_POINT ( 'NONE',  ( 12.63769924280165391, -22.45177213539822603, 47.74658583565391012 ) ) ;
#3559 = ORIENTED_EDGE ( 'NONE', *, *, #6132, .F. ) ;
#3560 = CIRCLE ( 'NONE', #3666, 2.000000000000000000 ) ;
#3561 = DIRECTION ( 'NONE',  ( 1.000000000000000000, 0.000000000000000000, 0.000000000000000000 ) ) ;
#3562 = EDGE_CURVE ( 'NONE', #2913, #3895, #1824, .T. ) ;
#3563 = EDGE_CURVE ( 'NONE', #5070, #3211, #4884, .T. ) ;
#3564 = CARTESIAN_POINT ( 'NONE',  ( 7.816766648769903014, -15.11160759145806054, 49.95894321720432885 ) ) ;
#3565 = CIRCLE ( 'NONE', #421, 2.749999999999999112 ) ;
#3566 = ORIENTED_EDGE ( 'NONE', *, *, #2044, .F. ) ;
#3567 = CARTESIAN_POINT ( 'NONE',  ( 12.99283203655999941, -25.06179827468509558, 4.257883607844638263 ) ) ;
#3568 = CARTESIAN_POINT ( 'NONE',  ( -15.49999999999999645, -41.00000000000000000, 3.000000000000000000 ) ) ;
#3569 = EDGE_LOOP ( 'NONE', ( #4151, #5183, #2375, #4631 ) ) ;
#3570 = DIRECTION ( 'NONE',  ( -1.000000000000000000, 0.000000000000000000, 0.000000000000000000 ) ) ;
#3571 = EDGE_CURVE ( 'NONE', #3077, #5647, #6173, .T. ) ;
#3572 = EDGE_LOOP ( 'NONE', ( #6194, #987, #2444, #3150 ) ) ;
#3573 = DIRECTION ( 'NONE',  ( 1.000000000000000000, 1.175176459371563913E-16, -0.000000000000000000 ) ) ;
#3574 = EDGE_LOOP ( 'NONE', ( #5814, #674, #3419, #2055 ) ) ;
#3575 = CYLINDRICAL_SURFACE ( 'NONE', #1733, 1.500000000000001332 ) ;
#3576 = DIRECTION ( 'NONE',  ( -1.000000000000000000, 0.000000000000000000, 0.000000000000000000 ) ) ;
#3577 = VECTOR ( 'NONE', #4045, 1000.000000000000000 ) ;
#3578 = FACE_OUTER_BOUND ( 'NONE', #5040, .T. ) ;
#3579 = DIRECTION ( 'NONE',  ( 1.000000000000000000, 0.000000000000000000, 0.000000000000000000 ) ) ;
#3580 = DIRECTION ( 'NONE',  ( 0.000000000000000000, 0.000000000000000000, -1.000000000000000000 ) ) ;
#3581 = EDGE_LOOP ( 'NONE', ( #1292, #657 ) ) ;
#3582 = ORIENTED_EDGE ( 'NONE', *, *, #2355, .T. ) ;
#3583 = DIRECTION ( 'NONE',  ( -0.000000000000000000, -0.000000000000000000, -1.000000000000000000 ) ) ;
#3584 = CYLINDRICAL_SURFACE ( 'NONE', #793, 35.50000000000001421 ) ;
#3585 = FACE_BOUND ( 'NONE', #4184, .T. ) ;
#3586 = DIRECTION ( 'NONE',  ( 1.000000000000000000, 0.000000000000000000, 0.000000000000000000 ) ) ;
#3587 = VERTEX_POINT ( 'NONE', #5920 ) ;
#3588 = CARTESIAN_POINT ( 'NONE',  ( 15.50000000000000000, -10.00000000000000178, 46.00000000000000000 ) ) ;
#3589 = FACE_OUTER_BOUND ( 'NONE', #3781, .T. ) ;
#3590 = CARTESIAN_POINT ( 'NONE',  ( 45.58449303754630222, -6.999999999999978684, 0.000000000000000000 ) ) ;
#3591 = ORIENTED_EDGE ( 'NONE', *, *, #22, .F. ) ;
#3592 = CARTESIAN_POINT ( 'NONE',  ( -10.44056729256981519, -67.00000000000000000, -5.000000000000011546 ) ) ;
#3593 = EDGE_LOOP ( 'NONE', ( #5615, #2860, #4689, #3906, #484, #142, #4899, #2209, #734, #6192, #2590, #230, #2562, #3602, #5912, #2088, #3934 ) ) ;
#3594 = DIRECTION ( 'NONE',  ( 1.000000000000000000, 0.000000000000000000, 0.000000000000000000 ) ) ;
#3595 = ADVANCED_FACE ( 'NONE', ( #1572 ), #3508, .F. ) ;
#3596 = DIRECTION ( 'NONE',  ( 0.000000000000000000, 0.000000000000000000, 1.000000000000000000 ) ) ;
#3597 = ORIENTED_EDGE ( 'NONE', *, *, #5531, .T. ) ;
#3598 = CARTESIAN_POINT ( 'NONE',  ( 3.469446951953615767E-15, -60.50000000000000000, 46.00000000000000000 ) ) ;
#3599 = VERTEX_POINT ( 'NONE', #5987 ) ;
#3600 = ADVANCED_FACE ( 'NONE', ( #3061, #4999, #206 ), #2642, .F. ) ;
#3601 = EDGE_CURVE ( 'NONE', #3445, #6136, #5051, .T. ) ;
#3602 = ORIENTED_EDGE ( 'NONE', *, *, #3118, .F. ) ;
#3603 = CARTESIAN_POINT ( 'NONE',  ( -12.75783019448190458, -22.99584252998386447, 4.809574746690657321 ) ) ;
#3604 = DIRECTION ( 'NONE',  ( -0.000000000000000000, -0.000000000000000000, -1.000000000000000000 ) ) ;
#3605 = CARTESIAN_POINT ( 'NONE',  ( -6.685875052008640296, -44.67814575986520964, 4.000000000000000000 ) ) ;
#3606 = LINE ( 'NONE', #5601, #490 ) ;
#3607 = CARTESIAN_POINT ( 'NONE',  ( 15.50000000000000355, -40.99999999999999289, 6.000000000000000000 ) ) ;
#3608 = EDGE_CURVE ( 'NONE', #5416, #2320, #2174, .T. ) ;
#3609 = DIRECTION ( 'NONE',  ( 1.000000000000000000, 0.000000000000000000, 0.000000000000000000 ) ) ;
#3610 = AXIS2_PLACEMENT_3D ( 'NONE', #3822, #5741, #536 ) ;
#3611 = ORIENTED_EDGE ( 'NONE', *, *, #2740, .T. ) ;
#3612 = ORIENTED_EDGE ( 'NONE', *, *, #2264, .F. ) ;
#3613 = CARTESIAN_POINT ( 'NONE',  ( -4.428060341630818186, -13.27735383038283601, 48.22001719553810517 ) ) ;
#3614 = DIRECTION ( 'NONE',  ( 0.000000000000000000, 0.000000000000000000, 1.000000000000000000 ) ) ;
#3615 = AXIS2_PLACEMENT_3D ( 'NONE', #3607, #1256, #5065 ) ;
#3616 = CYLINDRICAL_SURFACE ( 'NONE', #1375, 1.500000000000001332 ) ;
#3617 = CYLINDRICAL_SURFACE ( 'NONE', #4870, 2.749999999999999112 ) ;
#3618 = ORIENTED_EDGE ( 'NONE', *, *, #3804, .T. ) ;
#3619 = DIRECTION ( 'NONE',  ( 0.000000000000000000, 0.000000000000000000, 1.000000000000000000 ) ) ;
#3620 = AXIS2_PLACEMENT_3D ( 'NONE', #2632, #123, #1630 ) ;
#3621 = CARTESIAN_POINT ( 'NONE',  ( 11.67157287525382614, -68.00000000000000000, 1.000000000000000000 ) ) ;
#3622 = ORIENTED_EDGE ( 'NONE', *, *, #1279, .T. ) ;
#3623 = CYLINDRICAL_SURFACE ( 'NONE', #5372, 2.000000000000001776 ) ;
#3624 = EDGE_LOOP ( 'NONE', ( #1429, #5174, #3935, #3703 ) ) ;
#3625 = AXIS2_PLACEMENT_3D ( 'NONE', #3776, #2415, #4722 ) ;
#3626 = CARTESIAN_POINT ( 'NONE',  ( 12.66288888228903886, -22.55533143220760550, 4.424375442988976559 ) ) ;
#3627 = B_SPLINE_CURVE_WITH_KNOTS ( 'NONE', 3,
 ( #2246, #5173, #1651, #5585, #6094, #825, #2751, #1169, #5075, #4170, #3192, #2651, #3718, #5137, #4201, #2182, #691, #4644, #2214, #756, #787, #4709, #5039, #2623 ),
 .UNSPECIFIED., .F., .F.,
 ( 4, 2, 2, 2, 2, 2, 2, 2, 2, 2, 2, 4 ),
 ( 0.004715768127956801795, 0.005305131033300001901, 0.005894493938643202008, 0.006189175391314798158, 0.006483856843986395176, 0.007073219749329597017, 0.007367901202001198371, 0.007662582654672799726, 0.007957264107344402815, 0.008251945560016002434, 0.008841308465359205143, 0.009430671370702407852 ),
 .UNSPECIFIED. ) ;
#3628 = CARTESIAN_POINT ( 'NONE',  ( -18.25000000000000000, -10.00000000000000000, 46.00000000000000000 ) ) ;
#3629 = CARTESIAN_POINT ( 'NONE',  ( 0.9121374838286215869, -15.00000000000000355, 25.15715187696833866 ) ) ;
#3630 = ORIENTED_EDGE ( 'NONE', *, *, #3246, .F. ) ;
#3631 = DIRECTION ( 'NONE',  ( -1.115728272363205951E-16, 1.000000000000000000, 0.000000000000000000 ) ) ;
#3632 = AXIS2_PLACEMENT_3D ( 'NONE', #477, #3273, #6257 ) ;
#3633 = ADVANCED_FACE ( 'NONE', ( #2671 ), #1606, .F. ) ;
#3634 = VERTEX_POINT ( 'NONE', #2075 ) ;
#3635 = CIRCLE ( 'NONE', #3222, 0.9999999999999991118 ) ;
#3636 = AXIS2_PLACEMENT_3D ( 'NONE', #3598, #5978, #3570 ) ;
#3637 = ORIENTED_EDGE ( 'NONE', *, *, #1469, .T. ) ;
#3638 = CARTESIAN_POINT ( 'NONE',  ( -12.99764422145080900, -25.25252334941184174, 3.500000000000003109 ) ) ;
#3639 = DIRECTION ( 'NONE',  ( -1.000000000000000000, 0.000000000000000000, 0.000000000000000000 ) ) ;
#3640 = ADVANCED_FACE ( 'NONE', ( #1191 ), #1642, .F. ) ;
#3641 = AXIS2_PLACEMENT_3D ( 'NONE', #6046, #5127, #4157 ) ;
#3642 = EDGE_CURVE ( 'NONE', #1847, #2165, #1703, .T. ) ;
#3643 = AXIS2_PLACEMENT_3D ( 'NONE', #3361, #6155, #949 ) ;
#3644 = CARTESIAN_POINT ( 'NONE',  ( 45.58449303754630222, -6.999999999999978684, 0.000000000000000000 ) ) ;
#3645 = DIRECTION ( 'NONE',  ( 1.000000000000000000, 0.000000000000000000, 0.000000000000000000 ) ) ;
#3646 = DIRECTION ( 'NONE',  ( -0.000000000000000000, 0.000000000000000000, 1.000000000000000000 ) ) ;
#3647 = FACE_OUTER_BOUND ( 'NONE', #4343, .T. ) ;
#3648 = CIRCLE ( 'NONE', #905, 2.749999999999999112 ) ;
#3649 = AXIS2_PLACEMENT_3D ( 'NONE', #1873, #2269, #3811 ) ;
#3650 = ORIENTED_EDGE ( 'NONE', *, *, #4156, .T. ) ;
#3651 = ORIENTED_EDGE ( 'NONE', *, *, #1892, .T. ) ;
#3652 = EDGE_CURVE ( 'NONE', #1644, #4546, #715, .T. ) ;
#3653 = LINE ( 'NONE', #1235, #4567 ) ;
#3654 = AXIS2_PLACEMENT_3D ( 'NONE', #1723, #3664, #5590 ) ;
#3655 = CARTESIAN_POINT ( 'NONE',  ( 15.50000000000000000, -10.00000000000000178, 49.00000000000000000 ) ) ;
#3656 = AXIS2_PLACEMENT_3D ( 'NONE', #999, #5823, #524 ) ;
#3657 = CARTESIAN_POINT ( 'NONE',  ( 4.374439730367323698, -13.25805969034557741, 3.354220172479761786 ) ) ;
#3658 = CARTESIAN_POINT ( 'NONE',  ( -10.44056729256981519, -67.00000000000000000, 0.000000000000000000 ) ) ;
#3659 = ORIENTED_EDGE ( 'NONE', *, *, #2648, .F. ) ;
#3660 =( NAMED_UNIT ( * ) SI_UNIT ( $, .STERADIAN. ) SOLID_ANGLE_UNIT ( ) );
#3661 = AXIS2_PLACEMENT_3D ( 'NONE', #1336, #5270, #924 ) ;
#3662 = CARTESIAN_POINT ( 'NONE',  ( 3.469446951953615767E-15, -25.50000000000000355, 56.00000000000002132 ) ) ;
#3663 = CARTESIAN_POINT ( 'NONE',  ( 4.358820447471753567, -13.25252334941183996, 48.42590708891846418 ) ) ;
#3664 = DIRECTION ( 'NONE',  ( 0.6897428357855017733, -0.7240544319887659563, 0.000000000000000000 ) ) ;
#3665 = ORIENTED_EDGE ( 'NONE', *, *, #5728, .T. ) ;
#3666 = AXIS2_PLACEMENT_3D ( 'NONE', #1445, #1508, #66 ) ;
#3667 = CARTESIAN_POINT ( 'NONE',  ( -10.86906707174016518, -68.00000000000000000, -5.000000000000011546 ) ) ;
#3668 = CARTESIAN_POINT ( 'NONE',  ( 15.50000000000000000, -10.00000000000000178, 52.00000000000000000 ) ) ;
#3669 = CARTESIAN_POINT ( 'NONE',  ( 3.469446951953615767E-15, -25.50000000000000355, 0.000000000000000000 ) ) ;
#3670 = EDGE_LOOP ( 'NONE', ( #1502, #2344, #666, #1335 ) ) ;
#3671 = DIRECTION ( 'NONE',  ( -0.000000000000000000, -0.000000000000000000, -1.000000000000000000 ) ) ;
#3672 = AXIS2_PLACEMENT_3D ( 'NONE', #5050, #1631, #2690 ) ;
#3673 = ORIENTED_EDGE ( 'NONE', *, *, #3011, .T. ) ;
#3674 = ORIENTED_EDGE ( 'NONE', *, *, #5192, .F. ) ;
#3675 = CARTESIAN_POINT ( 'NONE',  ( -13.99999999999999822, -10.00000000000000000, 52.00000000000000000 ) ) ;
#3676 = DIRECTION ( 'NONE',  ( -1.000000000000000000, 0.000000000000000000, 0.000000000000000000 ) ) ;
#3677 = CARTESIAN_POINT ( 'NONE',  ( -26.50000000000003197, -13.25252334941184174, 3.499999999999996003 ) ) ;
#3678 = DIRECTION ( 'NONE',  ( -0.7071067811865487940, 0.7071067811865462405, 0.000000000000000000 ) ) ;
#3679 = ADVANCED_FACE ( 'NONE', ( #3154 ), #1739, .F. ) ;
#3680 = CARTESIAN_POINT ( 'NONE',  ( -15.49999999999999645, -41.00000000000000000, 46.00000000000000000 ) ) ;
#3681 = EDGE_CURVE ( 'NONE', #5680, #3756, #651, .T. ) ;
#3682 = ORIENTED_EDGE ( 'NONE', *, *, #4954, .T. ) ;
#3683 = CARTESIAN_POINT ( 'NONE',  ( -21.50000000000000000, -45.67814575986520964, 51.00000000000000000 ) ) ;
#3684 = EDGE_LOOP ( 'NONE', ( #5799, #1955, #5242, #1119 ) ) ;
#3685 = CARTESIAN_POINT ( 'NONE',  ( -7.816766648769906567, -15.11160759145807120, 47.04105678279565694 ) ) ;
#3686 = PLANE ( 'NONE',  #1413 ) ;
#3687 = FACE_OUTER_BOUND ( 'NONE', #3670, .T. ) ;
#3688 = DIRECTION ( 'NONE',  ( 1.000000000000000000, 0.000000000000000000, 0.000000000000000000 ) ) ;
#3689 = VERTEX_POINT ( 'NONE', #776 ) ;
#3690 = AXIS2_PLACEMENT_3D ( 'NONE', #194, #4142, #4596 ) ;
#3691 = EDGE_CURVE ( 'NONE', #4310, #1135, #4538, .T. ) ;
#3692 = ADVANCED_FACE ( 'NONE', ( #3578 ), #4573, .T. ) ;
#3693 = CALENDAR_DATE ( 2024, 26, 9 ) ;
#3694 = DIRECTION ( 'NONE',  ( -1.000000000000000000, 0.000000000000000000, 0.000000000000000000 ) ) ;
#3695 = CARTESIAN_POINT ( 'NONE',  ( -16.99999999999999645, -41.00000000000000000, 0.000000000000000000 ) ) ;
#3696 = DIRECTION ( 'NONE',  ( 1.000000000000000000, 0.000000000000000000, 0.000000000000000000 ) ) ;
#3697 = EDGE_LOOP ( 'NONE', ( #5750, #3650, #719, #834 ) ) ;
#3698 = CARTESIAN_POINT ( 'NONE',  ( 21.50000000000000355, -45.67814575986520964, 52.00000000000000000 ) ) ;
#3699 = CARTESIAN_POINT ( 'NONE',  ( -4.358820447471746462, -13.25252334941184174, 48.49999999999998579 ) ) ;
#3700 = DIRECTION ( 'NONE',  ( 0.000000000000000000, -0.000000000000000000, -1.000000000000000000 ) ) ;
#3701 = EDGE_LOOP ( 'NONE', ( #5109, #5676, #2848, #2311 ) ) ;
#3702 = CARTESIAN_POINT ( 'NONE',  ( 2.500000000000004441, -60.50000000000000000, 52.00000000000000000 ) ) ;
#3703 = ORIENTED_EDGE ( 'NONE', *, *, #1358, .F. ) ;
#3704 = VERTEX_POINT ( 'NONE', #4634 ) ;
#3705 = DIRECTION ( 'NONE',  ( -0.000000000000000000, 1.000000000000000000, -0.000000000000000000 ) ) ;
#3706 = DIRECTION ( 'NONE',  ( 0.000000000000000000, 1.000000000000000000, 0.000000000000000000 ) ) ;
#3707 = ORIENTED_EDGE ( 'NONE', *, *, #2962, .T. ) ;
#3708 = CARTESIAN_POINT ( 'NONE',  ( 22.50000000000000000, -13.25252334941183641, 3.499999999999996003 ) ) ;
#3709 = DIRECTION ( 'NONE',  ( 0.000000000000000000, 0.000000000000000000, 1.000000000000000000 ) ) ;
#3710 = CARTESIAN_POINT ( 'NONE',  ( -2.499999999999997335, -60.50000000000000000, 52.00000000000000000 ) ) ;
#3711 = ORIENTED_EDGE ( 'NONE', *, *, #1080, .T. ) ;
#3712 = CARTESIAN_POINT ( 'NONE',  ( -26.50000000000002842, -23.75252334941184884, 48.49999999999997868 ) ) ;
#3713 = VERTEX_POINT ( 'NONE', #679 ) ;
#3714 = CARTESIAN_POINT ( 'NONE',  ( -12.75000000000000178, -10.00000000000000000, 3.000000000000000000 ) ) ;
#3715 = EDGE_CURVE ( 'NONE', #2221, #4587, #389, .T. ) ;
#3716 = DIRECTION ( 'NONE',  ( 0.000000000000000000, 0.000000000000000000, -1.000000000000000000 ) ) ;
#3717 = CYLINDRICAL_SURFACE ( 'NONE', #2588, 0.9999999999999976685 ) ;
#3718 = CARTESIAN_POINT ( 'NONE',  ( -12.85325792593740779, -23.54985731639171931, 2.010582542290493269 ) ) ;
#3719 = ORIENTED_EDGE ( 'NONE', *, *, #3278, .T. ) ;
#3720 = APPROVAL_ROLE ( '' ) ;
#3721 = AXIS2_PLACEMENT_3D ( 'NONE', #2622, #3460, #3519 ) ;
#3722 = CARTESIAN_POINT ( 'NONE',  ( 4.428508954356660254, -13.27751523048848981, 48.21888714812064336 ) ) ;
#3723 = EDGE_CURVE ( 'NONE', #1098, #5408, #3606, .T. ) ;
#3724 = CARTESIAN_POINT ( 'NONE',  ( 12.99664046984260679, -25.20383639274309928, 3.108313219658691562 ) ) ;
#3725 = EDGE_CURVE ( 'NONE', #721, #5431, #3946, .T. ) ;
#3726 = ORIENTED_EDGE ( 'NONE', *, *, #4186, .F. ) ;
#3727 = DIRECTION ( 'NONE',  ( 0.000000000000000000, -0.000000000000000000, -1.000000000000000000 ) ) ;
#3728 = DIRECTION ( 'NONE',  ( -0.000000000000000000, -0.000000000000000000, -1.000000000000000000 ) ) ;
#3729 = CIRCLE ( 'NONE', #2482, 1.500000000000001332 ) ;
#3730 = DIRECTION ( 'NONE',  ( 1.000000000000000000, -0.000000000000000000, -0.000000000000000000 ) ) ;
#3731 = ORIENTED_EDGE ( 'NONE', *, *, #5306, .F. ) ;
#3732 = CARTESIAN_POINT ( 'NONE',  ( -12.89595316557554483, -70.18094760472493476, 0.000000000000000000 ) ) ;
#3733 = ADVANCED_FACE ( 'NONE', ( #266 ), #2202, .T. ) ;
#3734 = CIRCLE ( 'NONE', #4440, 2.749999999999999112 ) ;
#3735 = EDGE_LOOP ( 'NONE', ( #4410, #5196, #2162, #4749 ) ) ;
#3736 = CIRCLE ( 'NONE', #3524, 1.000000000000000888 ) ;
#3737 = VERTEX_POINT ( 'NONE', #3805 ) ;
#3738 = CARTESIAN_POINT ( 'NONE',  ( 20.91421356237309581, -60.17157287525382969, 51.00000000000000000 ) ) ;
#3739 = DIRECTION ( 'NONE',  ( -1.000000000000000000, 0.000000000000000000, 0.000000000000000000 ) ) ;
#3740 = CARTESIAN_POINT ( 'NONE',  ( 13.08578643762691662, -69.41421356237309226, 5.999999999999998224 ) ) ;
#3741 = AXIS2_PLACEMENT_3D ( 'NONE', #3826, #5243, #1370 ) ;
#3742 = DIRECTION ( 'NONE',  ( 1.000000000000000000, 1.175176459371563913E-16, -0.000000000000000000 ) ) ;
#3743 = CARTESIAN_POINT ( 'NONE',  ( -26.50000000000002842, -25.25252334941185239, 48.49999999999997868 ) ) ;
#3744 = ORIENTED_EDGE ( 'NONE', *, *, #1182, .F. ) ;
#3745 = DIRECTION ( 'NONE',  ( 0.000000000000000000, 0.000000000000000000, 1.000000000000000000 ) ) ;
#3746 = AXIS2_PLACEMENT_3D ( 'NONE', #4641, #5610, #275 ) ;
#3747 = VERTEX_POINT ( 'NONE', #3708 ) ;
#3748 = CIRCLE ( 'NONE', #75, 1.000000000000000000 ) ;
#3749 = CYLINDRICAL_SURFACE ( 'NONE', #4262, 0.9999999999999991118 ) ;
#3750 = CARTESIAN_POINT ( 'NONE',  ( -22.50000000000000000, 0.000000000000000000, 0.000000000000000000 ) ) ;
#3751 = CARTESIAN_POINT ( 'NONE',  ( 4.358820447471750015, -13.25252334941183818, 3.425907088918465071 ) ) ;
#3752 = ADVANCED_FACE ( 'NONE', ( #1837 ), #303, .F. ) ;
#3753 = CARTESIAN_POINT ( 'NONE',  ( -22.50000000000000000, -7.000000000000006217, 46.00000000000000000 ) ) ;
#3754 = CIRCLE ( 'NONE', #1610, 1.499999999999997780 ) ;
#3755 = CIRCLE ( 'NONE', #4955, 1.000000000000000888 ) ;
#3756 = VERTEX_POINT ( 'NONE', #5251 ) ;
#3757 = MECHANICAL_CONTEXT ( 'NONE', #2150, 'mechanical' ) ;
#3758 = VECTOR ( 'NONE', #3268, 1000.000000000000000 ) ;
#3759 = VECTOR ( 'NONE', #3027, 1000.000000000000000 ) ;
#3760 = DIRECTION ( 'NONE',  ( 1.000000000000000000, 0.000000000000000000, 0.000000000000000000 ) ) ;
#3761 = CARTESIAN_POINT ( 'NONE',  ( 5.758333223029826087, -13.84176519833820684, 4.702128205581263209 ) ) ;
#3762 = ORIENTED_EDGE ( 'NONE', *, *, #2691, .T. ) ;
#3763 = DIRECTION ( 'NONE',  ( 1.000000000000000000, 1.175176459371563913E-16, -0.000000000000000000 ) ) ;
#3764 = DIRECTION ( 'NONE',  ( 1.000000000000000000, 0.000000000000000000, 0.000000000000000000 ) ) ;
#3765 = AXIS2_PLACEMENT_3D ( 'NONE', #6128, #189, #2130 ) ;
#3766 = DIRECTION ( 'NONE',  ( 0.000000000000000000, -0.000000000000000000, 1.000000000000000000 ) ) ;
#3767 = ADVANCED_FACE ( 'NONE', ( #4754 ), #1770, .F. ) ;
#3768 = EDGE_CURVE ( 'NONE', #2473, #4639, #938, .T. ) ;
#3769 = ORIENTED_EDGE ( 'NONE', *, *, #6167, .F. ) ;
#3770 = CARTESIAN_POINT ( 'NONE',  ( 0.9121374838286215869, 0.000000000000000000, 32.90715187696834221 ) ) ;
#3771 = AXIS2_PLACEMENT_3D ( 'NONE', #2084, #506, #3489 ) ;
#3772 = ORIENTED_EDGE ( 'NONE', *, *, #798, .T. ) ;
#3773 = AXIS2_PLACEMENT_3D ( 'NONE', #5759, #5915, #2988 ) ;
#3774 = ADVANCED_FACE ( 'NONE', ( #396 ), #3779, .T. ) ;
#3775 = EDGE_LOOP ( 'NONE', ( #2730, #4397, #3637, #4840 ) ) ;
#3776 = CARTESIAN_POINT ( 'NONE',  ( 15.50000000000000355, -40.99999999999999289, 0.000000000000000000 ) ) ;
#3777 = CYLINDRICAL_SURFACE ( 'NONE', #2023, 2.500000000000000888 ) ;
#3778 = AXIS2_PLACEMENT_3D ( 'NONE', #2840, #964, #4318 ) ;
#3779 = CYLINDRICAL_SURFACE ( 'NONE', #3537, 1.000000000000001110 ) ;
#3780 = LINE ( 'NONE', #818, #5587 ) ;
#3781 = EDGE_LOOP ( 'NONE', ( #4083, #865, #4645, #4693 ) ) ;
#3782 = DIRECTION ( 'NONE',  ( 1.000000000000000000, 0.000000000000000000, 0.000000000000000000 ) ) ;
#3783 = ORIENTED_EDGE ( 'NONE', *, *, #557, .T. ) ;
#3784 = CARTESIAN_POINT ( 'NONE',  ( -19.49999999999999645, -45.67814575986520964, 1.000000000000000000 ) ) ;
#3785 = DIRECTION ( 'NONE',  ( -0.000000000000000000, 0.000000000000000000, 1.000000000000000000 ) ) ;
#3786 = DIRECTION ( 'NONE',  ( 1.000000000000000000, -0.000000000000000000, -0.000000000000000000 ) ) ;
#3787 = DIRECTION ( 'NONE',  ( -0.000000000000000000, -0.000000000000000000, -1.000000000000000000 ) ) ;
#3788 = EDGE_LOOP ( 'NONE', ( #6245, #607, #4518, #974 ) ) ;
#3789 = PERSON_AND_ORGANIZATION_ROLE ( 'creator' ) ;
#3790 = CARTESIAN_POINT ( 'NONE',  ( 8.974699713463607509, -16.09444782584490596, 47.81770918748019739 ) ) ;
#3791 = CARTESIAN_POINT ( 'NONE',  ( 8.261085028756685489, -15.46144808609515664, 4.825827978196883805 ) ) ;
#3792 = ORIENTED_EDGE ( 'NONE', *, *, #5757, .F. ) ;
#3793 = VECTOR ( 'NONE', #5559, 1000.000000000000000 ) ;
#3794 = CARTESIAN_POINT ( 'NONE',  ( 12.59039670961114332, -22.26236121956707237, 48.30237557907132384 ) ) ;
#3795 = DIRECTION ( 'NONE',  ( 0.000000000000000000, -0.000000000000000000, -1.000000000000000000 ) ) ;
#3796 = FACE_OUTER_BOUND ( 'NONE', #3380, .T. ) ;
#3797 = ORIENTED_EDGE ( 'NONE', *, *, #4382, .F. ) ;
#3798 = DIRECTION ( 'NONE',  ( 0.000000000000000000, 1.000000000000000000, 0.000000000000000000 ) ) ;
#3799 = EDGE_LOOP ( 'NONE', ( #1458, #2636, #1639, #701 ) ) ;
#3800 = EDGE_CURVE ( 'NONE', #2674, #3404, #128, .T. ) ;
#3801 = ORIENTED_EDGE ( 'NONE', *, *, #1814, .T. ) ;
#3802 = LINE ( 'NONE', #1864, #5146 ) ;
#3803 = FACE_OUTER_BOUND ( 'NONE', #1841, .T. ) ;
#3804 = EDGE_CURVE ( 'NONE', #2652, #5401, #2817, .T. ) ;
#3805 = CARTESIAN_POINT ( 'NONE',  ( -11.81786251617137928, -6.999999999999978684, 10.92715187696833645 ) ) ;
#3806 = EDGE_CURVE ( 'NONE', #2382, #1332, #334, .T. ) ;
#3807 = FACE_BOUND ( 'NONE', #782, .T. ) ;
#3808 = ORIENTED_EDGE ( 'NONE', *, *, #5795, .T. ) ;
#3809 = CARTESIAN_POINT ( 'NONE',  ( 6.539809849142475429, -67.00000000000000000, 0.000000000000000000 ) ) ;
#3810 = ORIENTED_EDGE ( 'NONE', *, *, #6033, .F. ) ;
#3811 = DIRECTION ( 'NONE',  ( -1.000000000000000000, 1.387778780781444413E-14, 0.000000000000000000 ) ) ;
#3812 = DIRECTION ( 'NONE',  ( 0.000000000000000000, 0.000000000000000000, -1.000000000000000000 ) ) ;
#3813 = EDGE_CURVE ( 'NONE', #5657, #4298, #4953, .T. ) ;
#3814 = CARTESIAN_POINT ( 'NONE',  ( 19.50000000000000355, -58.75735931288073743, 4.000000000000000000 ) ) ;
#3815 = DIRECTION ( 'NONE',  ( 1.000000000000000000, 0.000000000000000000, 0.000000000000000000 ) ) ;
#3816 = ORIENTED_EDGE ( 'NONE', *, *, #2470, .F. ) ;
#3817 = DIRECTION ( 'NONE',  ( 1.000000000000000000, -0.000000000000000000, -0.000000000000000000 ) ) ;
#3818 = DATE_TIME_ROLE ( 'classification_date' ) ;
#3819 = CARTESIAN_POINT ( 'NONE',  ( -26.50000000000003197, -13.25252334941184351, 48.49999999999998579 ) ) ;
#3820 = ORIENTED_EDGE ( 'NONE', *, *, #2773, .T. ) ;
#3821 = DIRECTION ( 'NONE',  ( 0.000000000000000000, 0.000000000000000000, -1.000000000000000000 ) ) ;
#3822 = CARTESIAN_POINT ( 'NONE',  ( -19.49999999999999645, -57.48990136207992663, 51.00000000000000000 ) ) ;
#3823 = CARTESIAN_POINT ( 'NONE',  ( -2.499999999999997335, -60.50000000000000000, 5.999999999999998224 ) ) ;
#3824 = DIRECTION ( 'NONE',  ( 0.000000000000000000, -0.000000000000000000, -1.000000000000000000 ) ) ;
#3825 = DIRECTION ( 'NONE',  ( 1.172673560416567696E-16, -1.000000000000000000, 0.000000000000000000 ) ) ;
#3826 = CARTESIAN_POINT ( 'NONE',  ( -6.685875052008637631, -69.00000000000000000, 51.00000000000000000 ) ) ;
#3827 = ORIENTED_EDGE ( 'NONE', *, *, #1463, .T. ) ;
#3828 = AXIS2_PLACEMENT_3D ( 'NONE', #335, #3742, #5749 ) ;
#3829 = VERTEX_POINT ( 'NONE', #5193 ) ;
#3830 = ADVANCED_FACE ( 'NONE', ( #4790 ), #2797, .F. ) ;
#3831 = LINE ( 'NONE', #6207, #6258 ) ;
#3832 = ORIENTED_EDGE ( 'NONE', *, *, #2046, .T. ) ;
#3833 = DIRECTION ( 'NONE',  ( 0.7240544319887651792, 0.6897428357855026615, 0.000000000000000000 ) ) ;
#3834 = B_SPLINE_CURVE_WITH_KNOTS ( 'NONE', 3,
 ( #1118, #2921, #2093, #1625, #1528, #567, #1559, #3496, #5430, #2534, #4648, #1242, #3564, #791, #2683, #5012, #4590, #282, #4104, #2219, #5082, #6127, #2628, #5617, #4075, #2719, #1144, #5553 ),
 .UNSPECIFIED., .F., .F.,
 ( 4, 2, 2, 2, 2, 2, 2, 2, 2, 2, 2, 2, 2, 4 ),
 ( 0.006985428353279123960, 0.007421974064622527401, 0.007858519775965929974, 0.008295065487309334282, 0.008731611198652736855, 0.009168156909996134224, 0.009604702621339531593, 0.01047779404402631939, 0.01135088546671310719, 0.01222397688939989326, 0.01309706831208668279, 0.01353361402343006975, 0.01375188687910177364, 0.01397015973477347579 ),
 .UNSPECIFIED. ) ;
#3835 = PLANE ( 'NONE',  #1021 ) ;
#3836 = DIRECTION ( 'NONE',  ( 0.000000000000000000, 1.000000000000000000, -0.000000000000000000 ) ) ;
#3837 = EDGE_CURVE ( 'NONE', #2763, #5307, #74, .T. ) ;
#3838 = ADVANCED_FACE ( 'NONE', ( #2449 ), #4904, .F. ) ;
#3839 = VECTOR ( 'NONE', #2138, 1000.000000000000000 ) ;
#3840 = CARTESIAN_POINT ( 'NONE',  ( 13.08578643762691662, -69.41421356237309226, 5.999999999999998224 ) ) ;
#3841 = CARTESIAN_POINT ( 'NONE',  ( 19.50000000000000355, -44.67814575986520964, 4.000000000000000000 ) ) ;
#3842 = DIRECTION ( 'NONE',  ( 1.000000000000000000, 0.000000000000000000, 0.000000000000000000 ) ) ;
#3843 = CARTESIAN_POINT ( 'NONE',  ( -18.25000000000000000, -10.00000000000000000, 49.00000000000000000 ) ) ;
#3844 = ORIENTED_EDGE ( 'NONE', *, *, #1262, .T. ) ;
#3845 = DIRECTION ( 'NONE',  ( 0.000000000000000000, 1.000000000000000000, 0.000000000000000000 ) ) ;
#3846 = CIRCLE ( 'NONE', #604, 5.000000000000007994 ) ;
#3847 = CIRCLE ( 'NONE', #1604, 1.500000000000001332 ) ;
#3848 = ORIENTED_EDGE ( 'NONE', *, *, #3553, .F. ) ;
#3849 = EDGE_CURVE ( 'NONE', #1073, #3077, #5343, .T. ) ;
#3850 = CARTESIAN_POINT ( 'NONE',  ( 4.698552763296080848, -13.37821064797250159, 47.89143562159801348 ) ) ;
#3851 = CARTESIAN_POINT ( 'NONE',  ( -21.50000000000000000, -57.48990136207992663, 51.00000000000000000 ) ) ;
#3852 = AXIS2_PLACEMENT_3D ( 'NONE', #4097, #6022, #2179 ) ;
#3853 = VERTEX_POINT ( 'NONE', #579 ) ;
#3854 = CARTESIAN_POINT ( 'NONE',  ( 12.58784713141547762, -22.25252334941184174, 48.40031449781199768 ) ) ;
#3855 = CARTESIAN_POINT ( 'NONE',  ( -8.759993183131703276, -15.89265353899035205, 4.507586901467011131 ) ) ;
#3856 = DIRECTION ( 'NONE',  ( -0.000000000000000000, -0.000000000000000000, -1.000000000000000000 ) ) ;
#3857 = AXIS2_PLACEMENT_3D ( 'NONE', #473, #5272, #6253 ) ;
#3858 = FACE_OUTER_BOUND ( 'NONE', #5690, .T. ) ;
#3859 = VERTEX_POINT ( 'NONE', #1536 ) ;
#3860 = CIRCLE ( 'NONE', #6077, 1.000000000000000888 ) ;
#3861 = CIRCLE ( 'NONE', #6266, 1.000000000000000000 ) ;
#3862 = ORIENTED_EDGE ( 'NONE', *, *, #1155, .T. ) ;
#3863 = LINE ( 'NONE', #5788, #2698 ) ;
#3864 = CIRCLE ( 'NONE', #2132, 1.499999999999997780 ) ;
#3865 = EDGE_LOOP ( 'NONE', ( #2116, #2523, #3076, #4816, #4679, #4337, #1146, #990, #3559, #1387 ) ) ;
#3866 = VERTEX_POINT ( 'NONE', #4818 ) ;
#3867 = CARTESIAN_POINT ( 'NONE',  ( 5.539809849142472764, -44.67814575986520964, 48.00000000000000000 ) ) ;
#3868 = AXIS2_PLACEMENT_3D ( 'NONE', #3360, #4542, #3093 ) ;
#3869 = PLANE ( 'NONE',  #3462 ) ;
#3870 = DIRECTION ( 'NONE',  ( -0.000000000000000000, -0.000000000000000000, -1.000000000000000000 ) ) ;
#3871 = CARTESIAN_POINT ( 'NONE',  ( -6.685875052008637631, -68.00000000000000000, 51.00000000000000000 ) ) ;
#3872 = CIRCLE ( 'NONE', #4183, 1.500000000000004885 ) ;
#3873 = CARTESIAN_POINT ( 'NONE',  ( 6.539809849142472764, -45.67814575986520964, 51.00000000000000000 ) ) ;
#3874 = CARTESIAN_POINT ( 'NONE',  ( -20.94810886397753080, -58.86938703365093062, 51.00000000000000000 ) ) ;
#3875 = CARTESIAN_POINT ( 'NONE',  ( 5.539809849142475429, -68.00000000000000000, -5.000000000000011546 ) ) ;
#3876 = CARTESIAN_POINT ( 'NONE',  ( 11.67157287525380660, -70.00000000000000000, 46.00000000000000000 ) ) ;
#3877 = ADVANCED_FACE ( 'NONE', ( #2045 ), #4345, .F. ) ;
#3878 = ORIENTED_EDGE ( 'NONE', *, *, #2008, .F. ) ;
#3879 = CARTESIAN_POINT ( 'NONE',  ( -8.747452865161639224, -15.88245827638093033, 2.506883326942554557 ) ) ;
#3880 = ORIENTED_EDGE ( 'NONE', *, *, #5019, .T. ) ;
#3881 = DIRECTION ( 'NONE',  ( -0.000000000000000000, -0.000000000000000000, 1.000000000000000000 ) ) ;
#3882 = CARTESIAN_POINT ( 'NONE',  ( 7.816766648769900350, -15.11160759145806232, 4.958943217204335951 ) ) ;
#3883 = ORIENTED_EDGE ( 'NONE', *, *, #1938, .F. ) ;
#3884 = EDGE_CURVE ( 'NONE', #2240, #2356, #5663, .T. ) ;
#3885 = EDGE_CURVE ( 'NONE', #4780, #1425, #5377, .T. ) ;
#3886 = LINE ( 'NONE', #5809, #475 ) ;
#3887 = DIRECTION ( 'NONE',  ( 1.000000000000000000, 0.000000000000000000, 0.000000000000000000 ) ) ;
#3888 = DIRECTION ( 'NONE',  ( 0.000000000000000000, -1.000000000000000000, 0.000000000000000000 ) ) ;
#3889 = AXIS2_PLACEMENT_3D ( 'NONE', #325, #2825, #5148 ) ;
#3890 = ORIENTED_EDGE ( 'NONE', *, *, #3174, .F. ) ;
#3891 = EDGE_CURVE ( 'NONE', #3404, #2674, #1660, .T. ) ;
#3892 = VECTOR ( 'NONE', #1526, 1000.000000000000000 ) ;
#3893 = ORIENTED_EDGE ( 'NONE', *, *, #2456, .F. ) ;
#3894 = CARTESIAN_POINT ( 'NONE',  ( 15.50000000000000355, -40.99999999999999289, 3.000000000000000000 ) ) ;
#3895 = VERTEX_POINT ( 'NONE', #2420 ) ;
#3896 = ORIENTED_EDGE ( 'NONE', *, *, #3207, .F. ) ;
#3897 = CYLINDRICAL_SURFACE ( 'NONE', #1616, 1.000000000000000888 ) ;
#3898 = CARTESIAN_POINT ( 'NONE',  ( -10.44056729256981519, -67.00000000000000000, 48.00000000000000000 ) ) ;
#3899 = EDGE_LOOP ( 'NONE', ( #2380, #809, #2761, #2069 ) ) ;
#3900 = CARTESIAN_POINT ( 'NONE',  ( -12.99764422145081078, -25.25252334941184884, 48.49999999999997868 ) ) ;
#3901 = LINE ( 'NONE', #2020, #2714 ) ;
#3902 = CARTESIAN_POINT ( 'NONE',  ( -19.49999999999999645, -43.67814575986520964, 51.00000000000000000 ) ) ;
#3903 = CARTESIAN_POINT ( 'NONE',  ( 12.66348844055776013, -22.56074911211986489, 2.583888221273016317 ) ) ;
#3904 = ORIENTED_EDGE ( 'NONE', *, *, #1577, .F. ) ;
#3905 = CARTESIAN_POINT ( 'NONE',  ( -4.698326973869244583, -13.37813299420541036, 2.891721724846520569 ) ) ;
#3906 = ORIENTED_EDGE ( 'NONE', *, *, #2080, .F. ) ;
#3907 = EDGE_LOOP ( 'NONE', ( #5624, #5144, #6095, #1632 ) ) ;
#3908 = ADVANCED_FACE ( 'NONE', ( #5886 ), #3897, .F. ) ;
#3909 = LINE ( 'NONE', #3974, #1400 ) ;
#3910 = EDGE_LOOP ( 'NONE', ( #1612, #1887, #5492, #6060 ) ) ;
#3911 = DIRECTION ( 'NONE',  ( -0.000000000000000000, -0.000000000000000000, 1.000000000000000000 ) ) ;
#3912 = CARTESIAN_POINT ( 'NONE',  ( -27.92176700168746351, -77.04763098818770573, 5.999999999999998224 ) ) ;
#3913 = CARTESIAN_POINT ( 'NONE',  ( -33.14501880518503896, -68.61298871688897805, 52.00000000000000000 ) ) ;
#3914 = CARTESIAN_POINT ( 'NONE',  ( -9.033355500340295663, -16.15110916950344233, 49.06018369572676363 ) ) ;
#3915 = CARTESIAN_POINT ( 'NONE',  ( 19.50000000000000355, -45.67814575986520964, 51.00000000000000000 ) ) ;
#3916 = CARTESIAN_POINT ( 'NONE',  ( 11.25735931288073566, -67.00000000000000000, -5.000000000000011546 ) ) ;
#3917 = EDGE_CURVE ( 'NONE', #3083, #2770, #2014, .T. ) ;
#3918 = EDGE_CURVE ( 'NONE', #1365, #2955, #2388, .T. ) ;
#3919 = AXIS2_PLACEMENT_3D ( 'NONE', #5424, #116, #5998 ) ;
#3920 = VERTEX_POINT ( 'NONE', #831 ) ;
#3921 = CARTESIAN_POINT ( 'NONE',  ( -11.81786251617137928, -10.00000000000000000, 12.42715187696833645 ) ) ;
#3922 = EDGE_CURVE ( 'NONE', #683, #3587, #5263, .T. ) ;
#3923 = ORIENTED_EDGE ( 'NONE', *, *, #4305, .T. ) ;
#3924 = VECTOR ( 'NONE', #1584, 1000.000000000000114 ) ;
#3925 = ORIENTED_EDGE ( 'NONE', *, *, #3085, .T. ) ;
#3926 = CARTESIAN_POINT ( 'NONE',  ( -12.67802899922610571, -22.62379762853522891, 49.49268426603127580 ) ) ;
#3927 = VECTOR ( 'NONE', #5000, 1000.000000000000000 ) ;
#3928 = DIRECTION ( 'NONE',  ( -1.000000000000000000, 0.000000000000000000, 0.000000000000000000 ) ) ;
#3929 = DIRECTION ( 'NONE',  ( -0.7240544319887651792, -0.6897428357855026615, 0.000000000000000000 ) ) ;
#3930 = AXIS2_PLACEMENT_3D ( 'NONE', #4595, #609, #3498 ) ;
#3931 = DIRECTION ( 'NONE',  ( 0.000000000000000000, 1.000000000000000000, 0.000000000000000000 ) ) ;
#3932 = VERTEX_POINT ( 'NONE', #5683 ) ;
#3933 = CARTESIAN_POINT ( 'NONE',  ( -8.466790153400900465, -15.63432643562620150, 2.282290089063085059 ) ) ;
#3934 = ORIENTED_EDGE ( 'NONE', *, *, #3323, .F. ) ;
#3935 = ORIENTED_EDGE ( 'NONE', *, *, #4986, .T. ) ;
#3936 = VECTOR ( 'NONE', #840, 1000.000000000000000 ) ;
#3937 = DIRECTION ( 'NONE',  ( 0.000000000000000000, 0.000000000000000000, 1.000000000000000000 ) ) ;
#3938 = DIRECTION ( 'NONE',  ( -1.000000000000000000, 0.000000000000000000, 0.000000000000000000 ) ) ;
#3939 = ORIENTED_EDGE ( 'NONE', *, *, #3486, .T. ) ;
#3940 = CARTESIAN_POINT ( 'NONE',  ( -5.685875052008640296, -44.67814575986520964, 4.000000000000000000 ) ) ;
#3941 = TOROIDAL_SURFACE ( 'NONE', #4145, 2.000000000000000000, 1.000000000000000000 ) ;
#3942 = CARTESIAN_POINT ( 'NONE',  ( -8.570763945842513110, -15.72175461843904110, 4.662821665429328633 ) ) ;
#3943 = PRODUCT_RELATED_PRODUCT_CATEGORY ( 'detail', '', ( #2684 ) ) ;
#3944 = CARTESIAN_POINT ( 'NONE',  ( -6.685875052008637631, -67.00000000000000000, 48.00000000000000000 ) ) ;
#3945 = DIRECTION ( 'NONE',  ( -0.000000000000000000, 1.000000000000000000, -0.000000000000000000 ) ) ;
#3946 = CIRCLE ( 'NONE', #289, 0.9999999999999991118 ) ;
#3947 = CIRCLE ( 'NONE', #3224, 2.000000000000001776 ) ;
#3948 = DIRECTION ( 'NONE',  ( -1.000000000000000000, 0.000000000000000000, 0.000000000000000000 ) ) ;
#3949 = ORIENTED_EDGE ( 'NONE', *, *, #493, .F. ) ;
#3950 = EDGE_CURVE ( 'NONE', #4639, #4246, #3200, .T. ) ;
#3951 = AXIS2_PLACEMENT_3D ( 'NONE', #6130, #1306, #3237 ) ;
#3952 = ADVANCED_FACE ( 'NONE', ( #5620 ), #131, .T. ) ;
#3953 = TOROIDAL_SURFACE ( 'NONE', #1404, 2.000000000000000000, 1.000000000000000000 ) ;
#3954 = ORIENTED_EDGE ( 'NONE', *, *, #5217, .F. ) ;
#3955 = CARTESIAN_POINT ( 'NONE',  ( 20.50000000000000355, -59.17157287525381548, 46.00000000000000000 ) ) ;
#3956 = CIRCLE ( 'NONE', #707, 1.500000000000004885 ) ;
#3957 = ORIENTED_EDGE ( 'NONE', *, *, #1868, .F. ) ;
#3958 = AXIS2_PLACEMENT_3D ( 'NONE', #5572, #6081, #2578 ) ;
#3959 = ORIENTED_EDGE ( 'NONE', *, *, #4575, .F. ) ;
#3960 = CARTESIAN_POINT ( 'NONE',  ( -5.685875052008640296, -44.67814575986520964, 51.00000000000000000 ) ) ;
#3961 = EDGE_CURVE ( 'NONE', #662, #6234, #4767, .T. ) ;
#3962 = ADVANCED_FACE ( 'NONE', ( #4017 ), #1274, .T. ) ;
#3963 = VECTOR ( 'NONE', #950, 1000.000000000000000 ) ;
#3964 = DIRECTION ( 'NONE',  ( 0.000000000000000000, 0.000000000000000000, 1.000000000000000000 ) ) ;
#3965 = DIRECTION ( 'NONE',  ( 0.000000000000000000, 0.000000000000000000, 1.000000000000000000 ) ) ;
#3966 = CARTESIAN_POINT ( 'NONE',  ( 15.50000000000000000, -10.00000000000000178, 3.000000000000002665 ) ) ;
#3967 = AXIS2_PLACEMENT_3D ( 'NONE', #4453, #2947, #1521 ) ;
#3968 = CARTESIAN_POINT ( 'NONE',  ( 12.75000000000000355, -40.99999999999999289, 46.00000000000000000 ) ) ;
#3969 = DIRECTION ( 'NONE',  ( -1.000000000000000000, 0.000000000000000000, 0.000000000000000000 ) ) ;
#3970 = ORIENTED_EDGE ( 'NONE', *, *, #5952, .F. ) ;
#3971 = CARTESIAN_POINT ( 'NONE',  ( 11.25735931288073566, -67.00000000000000000, 52.00000000000000000 ) ) ;
#3972 = EDGE_LOOP ( 'NONE', ( #3492, #2522, #1906, #1152 ) ) ;
#3973 = ORIENTED_EDGE ( 'NONE', *, *, #1745, .T. ) ;
#3974 = CARTESIAN_POINT ( 'NONE',  ( 5.539809849142472764, -44.67814575986520964, 1.000000000000000000 ) ) ;
#3975 = FACE_OUTER_BOUND ( 'NONE', #588, .T. ) ;
#3976 = CARTESIAN_POINT ( 'NONE',  ( -15.49999999999999645, -41.00000000000000000, 52.00000000000000000 ) ) ;
#3977 = CARTESIAN_POINT ( 'NONE',  ( 12.99664046984260679, -25.20383639274310639, 48.10831321965866891 ) ) ;
#3978 = VECTOR ( 'NONE', #269, 1000.000000000000000 ) ;
#3979 = VERTEX_POINT ( 'NONE', #1637 ) ;
#3980 = LINE ( 'NONE', #601, #1039 ) ;
#3981 = DIRECTION ( 'NONE',  ( -0.000000000000000000, -0.000000000000000000, -1.000000000000000000 ) ) ;
#3982 = CARTESIAN_POINT ( 'NONE',  ( -5.685875052008640296, -44.67814575986520964, 1.000000000000000000 ) ) ;
#3983 = ORIENTED_EDGE ( 'NONE', *, *, #836, .T. ) ;
#3984 = ORIENTED_EDGE ( 'NONE', *, *, #5686, .F. ) ;
#3985 = LINE ( 'NONE', #5908, #5083 ) ;
#3986 = ORIENTED_EDGE ( 'NONE', *, *, #1262, .F. ) ;
#3987 = CARTESIAN_POINT ( 'NONE',  ( 20.20710678118654968, -59.46446609406728356, 0.000000000000000000 ) ) ;
#3988 = EDGE_CURVE ( 'NONE', #2185, #41, #5367, .T. ) ;
#3989 = ORIENTED_EDGE ( 'NONE', *, *, #5025, .T. ) ;
#3990 = CARTESIAN_POINT ( 'NONE',  ( 19.50000000000000355, -58.75735931288073743, -5.000000000000011546 ) ) ;
#3991 = AXIS2_PLACEMENT_3D ( 'NONE', #737, #4624, #2191 ) ;
#3992 = ORIENTED_EDGE ( 'NONE', *, *, #1496, .F. ) ;
#3993 = CARTESIAN_POINT ( 'NONE',  ( 12.99764422145081610, -25.25252334941184529, 48.69670245994814195 ) ) ;
#3994 = CC_DESIGN_APPROVAL ( #549, ( #5909 ) ) ;
#3995 = ADVANCED_FACE ( 'NONE', ( #796, #2723, #617 ), #2070, .F. ) ;
#3996 = EDGE_CURVE ( 'NONE', #854, #4720, #5475, .T. ) ;
#3997 = DIRECTION ( 'NONE',  ( 1.000000000000000000, 0.000000000000000000, 0.000000000000000000 ) ) ;
#3998 = DIRECTION ( 'NONE',  ( 0.000000000000000000, -1.000000000000000000, 0.000000000000000000 ) ) ;
#3999 = CARTESIAN_POINT ( 'NONE',  ( 22.50000000000000000, -14.75252334941184351, 48.49999999999998579 ) ) ;
#4000 = ORIENTED_EDGE ( 'NONE', *, *, #1272, .T. ) ;
#4001 = DIRECTION ( 'NONE',  ( -1.000000000000000000, 0.000000000000000000, 0.000000000000000000 ) ) ;
#4002 = ORIENTED_EDGE ( 'NONE', *, *, #4230, .F. ) ;
#4003 = ORIENTED_EDGE ( 'NONE', *, *, #2577, .T. ) ;
#4004 = EDGE_CURVE ( 'NONE', #1128, #1776, #1407, .T. ) ;
#4005 = CARTESIAN_POINT ( 'NONE',  ( -11.16462172455858060, -67.68974283578550910, 4.000000000000000000 ) ) ;
#4006 = DIRECTION ( 'NONE',  ( -0.000000000000000000, -0.000000000000000000, -1.000000000000000000 ) ) ;
#4007 = CARTESIAN_POINT ( 'NONE',  ( -19.49999999999999645, -43.67814575986520964, 1.000000000000000000 ) ) ;
#4008 = VERTEX_POINT ( 'NONE', #323 ) ;
#4009 = CARTESIAN_POINT ( 'NONE',  ( -19.49999999999999645, -45.67814575986520964, 51.00000000000000000 ) ) ;
#4010 = DIRECTION ( 'NONE',  ( 1.000000000000000000, 1.172673560416567696E-16, -0.000000000000000000 ) ) ;
#4011 = ORIENTED_EDGE ( 'NONE', *, *, #6048, .F. ) ;
#4012 = CARTESIAN_POINT ( 'NONE',  ( 20.91421356237309226, -60.17157287525382969, 0.000000000000000000 ) ) ;
#4013 = DIRECTION ( 'NONE',  ( -1.000000000000000000, 0.000000000000000000, 0.000000000000000000 ) ) ;
#4014 = ORIENTED_EDGE ( 'NONE', *, *, #4617, .T. ) ;
#4015 = DIRECTION ( 'NONE',  ( 0.000000000000000000, 0.000000000000000000, 1.000000000000000000 ) ) ;
#4016 = VERTEX_POINT ( 'NONE', #764 ) ;
#4017 = FACE_OUTER_BOUND ( 'NONE', #118, .T. ) ;
#4018 = EDGE_CURVE ( 'NONE', #5768, #3024, #1598, .T. ) ;
#4019 = EDGE_LOOP ( 'NONE', ( #1028, #4540, #2302, #2868 ) ) ;
#4020 = CARTESIAN_POINT ( 'NONE',  ( 12.82291908442353900, -23.35942952663773298, 49.95083256469060728 ) ) ;
#4021 = DIRECTION ( 'NONE',  ( -0.000000000000000000, -0.000000000000000000, -1.000000000000000000 ) ) ;
#4022 = CLOSED_SHELL ( 'NONE', ( #420, #5374, #3239, #2538, #2979, #2281, #4400, #2319, #1899, #5588, #5990, #2889, #3877, #1001, #4919, #3752, #1506, #726, #3372, #2090, #3051, #2157, #4470, #3000, #3692, #229, #1744, #575, #5149, #1635, #4535, #6124, #135, #849, #4725, #6235, #5614, #1936, #1072, #1380, #5140, #4942, #3009, #143, #4312, #5655, #372, #2274, #1861, #5274, #219, #5654, #3830, #914, #452, #5538, #347, #4880, #5964, #2496, #5995, #4506, #3995, #3600, #2349, #528, #2434, #4430, #3529, #4158, #1695, #2309, #253, #770, #104, #4594, #6002, #2553, #3362, #3952, #3633, #3138, #2934, #5603, #134, #2354, #1890, #3129, #4808, #3679, #1061, #884, #5692, #5464, #2051, #5085, #4691, #3165, #5926, #1884, #647, #676, #2969, #483, #254, #3213, #3908, #612, #5410, #4030, #4924, #4918, #5105, #3595, #2859, #4783, #221, #4238, #4628, #1855, #4039, #4205, #5729, #5613, #3774, #2822, #246, #4618, #5530, #1898, #6272, #1827, #5427, #5621, #3044, #2615, #260, #4544, #173, #6283, #4134, #6079, #3733, #807, #28, #3962, #2576, #1422, #2389, #4835, #6231, #1663, #5310, #4742, #685, #4993, #1379, #735, #727, #1438, #171, #4103, #5026, #5568, #410, #4498, #3838, #2945, #3640, #1927, #362, #808, #1626, #381, #294, #4850, #4148, #5769, #1753, #5066, #5114, #3767, #3156, #1627, #4909, #4842, #3247 ) ) ;
#4023 = CYLINDRICAL_SURFACE ( 'NONE', #6179, 1.500000000000001332 ) ;
#4024 = DIRECTION ( 'NONE',  ( 1.000000000000000000, 1.172673560416567696E-16, -0.000000000000000000 ) ) ;
#4025 = FACE_BOUND ( 'NONE', #5682, .T. ) ;
#4026 = ORIENTED_EDGE ( 'NONE', *, *, #5382, .T. ) ;
#4027 = AXIS2_PLACEMENT_3D ( 'NONE', #3999, #3481, #109 ) ;
#4028 = EDGE_CURVE ( 'NONE', #4710, #826, #2687, .T. ) ;
#4029 = CARTESIAN_POINT ( 'NONE',  ( -22.49999999999999645, -23.75252334941184174, 3.500000000000003109 ) ) ;
#4030 = ADVANCED_FACE ( 'NONE', ( #5648 ), #3538, .F. ) ;
#4031 = EDGE_LOOP ( 'NONE', ( #1652, #4222 ) ) ;
#4032 = VERTEX_POINT ( 'NONE', #4991 ) ;
#4033 = VECTOR ( 'NONE', #4118, 999.9999999999998863 ) ;
#4034 = DIRECTION ( 'NONE',  ( 0.000000000000000000, 0.000000000000000000, 1.000000000000000000 ) ) ;
#4035 = CARTESIAN_POINT ( 'NONE',  ( 5.539809849142472764, -45.67814575986520964, 48.00000000000000000 ) ) ;
#4036 = CYLINDRICAL_SURFACE ( 'NONE', #4536, 1.500000000000001332 ) ;
#4037 = CARTESIAN_POINT ( 'NONE',  ( 12.98812964651836310, -24.94187345594722416, 47.58070502874960539 ) ) ;
#4038 = ORIENTED_EDGE ( 'NONE', *, *, #1125, .F. ) ;
#4039 = ADVANCED_FACE ( 'NONE', ( #2222 ), #2102, .T. ) ;
#4040 = AXIS2_PLACEMENT_3D ( 'NONE', #5817, #359, #454 ) ;
#4041 = CARTESIAN_POINT ( 'NONE',  ( -29.99999999999999289, -72.50000000000001421, 5.999999999999998224 ) ) ;
#4042 = FACE_BOUND ( 'NONE', #13, .T. ) ;
#4043 = ORIENTED_EDGE ( 'NONE', *, *, #6199, .T. ) ;
#4044 = CARTESIAN_POINT ( 'NONE',  ( 12.97793262987731211, -24.73963871872954101, 4.633700395322122745 ) ) ;
#4045 = DIRECTION ( 'NONE',  ( 1.000000000000000000, 0.000000000000000000, 0.000000000000000000 ) ) ;
#4046 = AXIS2_PLACEMENT_3D ( 'NONE', #5073, #1263, #6120 ) ;
#4047 = VECTOR ( 'NONE', #665, 1000.000000000000000 ) ;
#4048 = VERTEX_POINT ( 'NONE', #3698 ) ;
#4049 = DIRECTION ( 'NONE',  ( -1.000000000000000000, 0.000000000000000000, -0.000000000000000000 ) ) ;
#4050 = ORIENTED_EDGE ( 'NONE', *, *, #4994, .F. ) ;
#4051 = AXIS2_PLACEMENT_3D ( 'NONE', #1894, #4877, #5820 ) ;
#4052 = DIRECTION ( 'NONE',  ( 0.000000000000000000, -1.000000000000000000, 0.000000000000000000 ) ) ;
#4053 = AXIS2_PLACEMENT_3D ( 'NONE', #3784, #5227, #4762 ) ;
#4054 = ORIENTED_EDGE ( 'NONE', *, *, #5498, .T. ) ;
#4055 = CARTESIAN_POINT ( 'NONE',  ( 11.67157287525382614, -68.00000000000000000, 48.00000000000000000 ) ) ;
#4056 = VECTOR ( 'NONE', #3299, 1000.000000000000000 ) ;
#4057 = CIRCLE ( 'NONE', #3656, 1.000000000000000888 ) ;
#4058 = CARTESIAN_POINT ( 'NONE',  ( -19.49999999999999645, -45.67814575986520964, 48.00000000000000000 ) ) ;
#4059 = DIRECTION ( 'NONE',  ( 1.000000000000000000, 1.172673560416567696E-16, -0.000000000000000000 ) ) ;
#4060 = CARTESIAN_POINT ( 'NONE',  ( 11.67157287525382792, -68.00000000000000000, 51.00000000000000000 ) ) ;
#4061 = CIRCLE ( 'NONE', #3030, 2.000000000000000000 ) ;
#4062 = EDGE_LOOP ( 'NONE', ( #3453, #4607 ) ) ;
#4063 = CARTESIAN_POINT ( 'NONE',  ( -10.44056729256981519, -69.00000000000000000, 51.00000000000000000 ) ) ;
#4064 = VERTEX_POINT ( 'NONE', #4209 ) ;
#4065 = EDGE_LOOP ( 'NONE', ( #5833, #2996, #1888, #1298 ) ) ;
#4066 = AXIS2_PLACEMENT_3D ( 'NONE', #6145, #3745, #4223 ) ;
#4067 = CARTESIAN_POINT ( 'NONE',  ( -8.564452164968868075, -15.71914116512572157, 47.34731458591951991 ) ) ;
#4068 = EDGE_CURVE ( 'NONE', #2633, #3859, #5974, .T. ) ;
#4069 = CARTESIAN_POINT ( 'NONE',  ( 3.469446951953615767E-15, -60.50000000000000000, 52.00000000000000000 ) ) ;
#4070 = DIRECTION ( 'NONE',  ( 0.000000000000000000, 0.000000000000000000, 1.000000000000000000 ) ) ;
#4071 = DIRECTION ( 'NONE',  ( 1.000000000000000000, 0.000000000000000000, 0.000000000000000000 ) ) ;
#4072 = ORIENTED_EDGE ( 'NONE', *, *, #965, .F. ) ;
#4073 = AXIS2_PLACEMENT_3D ( 'NONE', #2078, #2054, #3609 ) ;
#4074 = DIRECTION ( 'NONE',  ( -0.000000000000000000, -0.000000000000000000, -1.000000000000000000 ) ) ;
#4075 = CARTESIAN_POINT ( 'NONE',  ( 4.428060341630820851, -13.27735383038283246, 48.77998280446186641 ) ) ;
#4076 = EDGE_CURVE ( 'NONE', #5715, #5320, #2826, .T. ) ;
#4077 = CIRCLE ( 'NONE', #3778, 2.000000000000000888 ) ;
#4078 = DIRECTION ( 'NONE',  ( -0.000000000000000000, -0.000000000000000000, -1.000000000000000000 ) ) ;
#4079 = EDGE_CURVE ( 'NONE', #5533, #450, #3368, .T. ) ;
#4080 = VERTEX_POINT ( 'NONE', #4830 ) ;
#4081 = CARTESIAN_POINT ( 'NONE',  ( 12.58784713141547584, -22.25252334941183463, 3.500000000000003553 ) ) ;
#4082 = DIRECTION ( 'NONE',  ( 0.000000000000000000, -0.000000000000000000, -1.000000000000000000 ) ) ;
#4083 = ORIENTED_EDGE ( 'NONE', *, *, #4872, .F. ) ;
#4084 = CARTESIAN_POINT ( 'NONE',  ( -11.81786251617137928, -6.999999999999978684, 13.92715187696833468 ) ) ;
#4085 = EDGE_CURVE ( 'NONE', #2633, #933, #891, .T. ) ;
#4086 = EDGE_LOOP ( 'NONE', ( #5371, #5411, #3307, #3073, #3582, #4673, #1341, #2779, #4674, #859 ) ) ;
#4087 = ORIENTED_EDGE ( 'NONE', *, *, #2242, .T. ) ;
#4088 = CARTESIAN_POINT ( 'NONE',  ( 12.92967535983298433, -24.13724302138785305, 49.96317771202507174 ) ) ;
#4089 = CARTESIAN_POINT ( 'NONE',  ( 0.9121374838286215869, 0.000000000000000000, 25.15715187696833866 ) ) ;
#4090 = DIRECTION ( 'NONE',  ( -0.000000000000000000, -0.000000000000000000, -1.000000000000000000 ) ) ;
#4091 = VECTOR ( 'NONE', #4082, 1000.000000000000000 ) ;
#4092 = DIRECTION ( 'NONE',  ( -1.000000000000000000, 0.000000000000000000, 0.000000000000000000 ) ) ;
#4093 = DIRECTION ( 'NONE',  ( -1.000000000000000000, 0.000000000000000000, 0.000000000000000000 ) ) ;
#4094 = EDGE_LOOP ( 'NONE', ( #2705, #4858, #3957, #2617 ) ) ;
#4095 = AXIS2_PLACEMENT_3D ( 'NONE', #1622, #5011, #4553 ) ;
#4096 = VERTEX_POINT ( 'NONE', #3823 ) ;
#4097 = CARTESIAN_POINT ( 'NONE',  ( 15.50000000000000000, -10.00000000000000178, 6.000000000000000000 ) ) ;
#4098 = CARTESIAN_POINT ( 'NONE',  ( 11.25735931288073566, -68.00000000000000000, 0.000000000000000000 ) ) ;
#4099 = CARTESIAN_POINT ( 'NONE',  ( 6.498630176726781116, -14.23739617981588346, 2.083318869470597079 ) ) ;
#4100 = CARTESIAN_POINT ( 'NONE',  ( 22.50000000000000000, 0.000000000000000000, 52.00000000000000000 ) ) ;
#4101 = ORIENTED_EDGE ( 'NONE', *, *, #2506, .T. ) ;
#4102 = CARTESIAN_POINT ( 'NONE',  ( -12.06465996625052028, -70.00000000000000000, 5.999999999999998224 ) ) ;
#4103 = ADVANCED_FACE ( 'NONE', ( #1881 ), #1394, .F. ) ;
#4104 = CARTESIAN_POINT ( 'NONE',  ( 5.758333223029833192, -13.84176519833821217, 49.70212820558125344 ) ) ;
#4105 = FACE_OUTER_BOUND ( 'NONE', #1805, .T. ) ;
#4106 = ORIENTED_EDGE ( 'NONE', *, *, #3441, .T. ) ;
#4107 = CARTESIAN_POINT ( 'NONE',  ( 12.96156881298345454, -24.49775455273097080, 4.805488228282516872 ) ) ;
#4108 = CARTESIAN_POINT ( 'NONE',  ( -22.50000000000000000, -14.75252334941184884, 48.49999999999998579 ) ) ;
#4109 = EDGE_CURVE ( 'NONE', #3551, #5971, #3437, .T. ) ;
#4110 = EDGE_CURVE ( 'NONE', #1698, #3032, #498, .T. ) ;
#4111 = CARTESIAN_POINT ( 'NONE',  ( 13.64213748382861979, -10.00000000000000000, 13.92715187696833290 ) ) ;
#4112 = ORIENTED_EDGE ( 'NONE', *, *, #1781, .F. ) ;
#4113 = CARTESIAN_POINT ( 'NONE',  ( 0.9121374838286215869, -6.999999999999978684, 25.15715187696833866 ) ) ;
#4114 = VERTEX_POINT ( 'NONE', #5742 ) ;
#4115 = EDGE_CURVE ( 'NONE', #5939, #2584, #3648, .T. ) ;
#4116 = ORIENTED_EDGE ( 'NONE', *, *, #2749, .F. ) ;
#4117 = CARTESIAN_POINT ( 'NONE',  ( -12.99599653652275855, -25.17516218697524977, 3.985659014316838444 ) ) ;
#4118 = DIRECTION ( 'NONE',  ( -0.7774022566222053010, -0.6290037610370091681, 0.000000000000000000 ) ) ;
#4119 = DIRECTION ( 'NONE',  ( -1.115728272363205951E-16, 1.000000000000000000, -0.000000000000000000 ) ) ;
#4120 = DIRECTION ( 'NONE',  ( 1.172673560416567696E-16, -1.000000000000000000, 0.000000000000000000 ) ) ;
#4121 = LINE ( 'NONE', #1706, #4338 ) ;
#4122 = LINE ( 'NONE', #4671, #4285 ) ;
#4123 = AXIS2_PLACEMENT_3D ( 'NONE', #5172, #6093, #1749 ) ;
#4124 = ORIENTED_EDGE ( 'NONE', *, *, #4734, .T. ) ;
#4125 = ORIENTED_EDGE ( 'NONE', *, *, #102, .F. ) ;
#4126 = CARTESIAN_POINT ( 'NONE',  ( 12.99764422145081433, -25.25252334941184884, 48.49999999999997868 ) ) ;
#4127 = DIRECTION ( 'NONE',  ( 0.000000000000000000, 0.000000000000000000, -1.000000000000000000 ) ) ;
#4128 = VECTOR ( 'NONE', #3414, 1000.000000000000114 ) ;
#4129 = CARTESIAN_POINT ( 'NONE',  ( -24.22261749071092751, -7.000000000000000000, 0.000000000000000000 ) ) ;
#4130 = CARTESIAN_POINT ( 'NONE',  ( -24.22261749071093107, 0.000000000000000000, 6.938893903907228378E-15 ) ) ;
#4131 = ORIENTED_EDGE ( 'NONE', *, *, #3922, .T. ) ;
#4132 = AXIS2_PLACEMENT_3D ( 'NONE', #1396, #3335, #5397 ) ;
#4133 = CARTESIAN_POINT ( 'NONE',  ( -16.99999999999999645, -41.00000000000000000, 3.000000000000002665 ) ) ;
#4134 = ADVANCED_FACE ( 'NONE', ( #4398 ), #1106, .T. ) ;
#4135 = CARTESIAN_POINT ( 'NONE',  ( -11.81786251617137928, -10.00000000000000000, 12.42715187696833645 ) ) ;
#4136 = ORIENTED_EDGE ( 'NONE', *, *, #3563, .T. ) ;
#4137 = CYLINDRICAL_SURFACE ( 'NONE', #3137, 1.000000000000000888 ) ;
#4138 = EDGE_LOOP ( 'NONE', ( #3827, #4599, #6056, #2013 ) ) ;
#4139 = EDGE_CURVE ( 'NONE', #3020, #2499, #979, .T. ) ;
#4140 = VECTOR ( 'NONE', #4694, 1000.000000000000000 ) ;
#4141 = CARTESIAN_POINT ( 'NONE',  ( 12.92967535983298255, -24.13724302138783528, 4.963177712025100163 ) ) ;
#4142 = DIRECTION ( 'NONE',  ( 0.000000000000000000, 0.000000000000000000, -1.000000000000000000 ) ) ;
#4143 = ORIENTED_EDGE ( 'NONE', *, *, #4471, .F. ) ;
#4144 = CARTESIAN_POINT ( 'NONE',  ( 13.00000000000000533, -25.50000000000000355, 56.00000000000002132 ) ) ;
#4145 = AXIS2_PLACEMENT_3D ( 'NONE', #1682, #1172, #5110 ) ;
#4146 = ORIENTED_EDGE ( 'NONE', *, *, #3642, .F. ) ;
#4147 = EDGE_CURVE ( 'NONE', #4587, #1863, #1430, .T. ) ;
#4148 = ADVANCED_FACE ( 'NONE', ( #4805, #5808 ), #5300, .T. ) ;
#4149 = CIRCLE ( 'NONE', #3016, 1.000000000000000888 ) ;
#4150 = CIRCLE ( 'NONE', #3327, 1.500000000000001332 ) ;
#4151 = ORIENTED_EDGE ( 'NONE', *, *, #371, .F. ) ;
#4152 = LINE ( 'NONE', #4216, #5744 ) ;
#4153 = AXIS2_PLACEMENT_3D ( 'NONE', #6082, #4024, #5949 ) ;
#4154 = AXIS2_PLACEMENT_3D ( 'NONE', #1137, #2117, #4547 ) ;
#4155 = LINE ( 'NONE', #235, #3339 ) ;
#4156 = EDGE_CURVE ( 'NONE', #662, #962, #4740, .T. ) ;
#4157 = DIRECTION ( 'NONE',  ( -1.000000000000000000, 0.000000000000000000, 0.000000000000000000 ) ) ;
#4158 = ADVANCED_FACE ( 'NONE', ( #445 ), #1972, .T. ) ;
#4159 = DIRECTION ( 'NONE',  ( -0.7240544319887651792, -0.6897428357855026615, 0.000000000000000000 ) ) ;
#4160 = LINE ( 'NONE', #845, #103 ) ;
#4161 = CIRCLE ( 'NONE', #2519, 2.749999999999999112 ) ;
#4162 = ORIENTED_EDGE ( 'NONE', *, *, #5150, .T. ) ;
#4163 = CARTESIAN_POINT ( 'NONE',  ( -6.685875052008637631, -67.00000000000000000, 0.000000000000000000 ) ) ;
#4164 = ORIENTED_EDGE ( 'NONE', *, *, #2464, .T. ) ;
#4165 = FACE_OUTER_BOUND ( 'NONE', #5448, .T. ) ;
#4166 = AXIS2_PLACEMENT_3D ( 'NONE', #2272, #1903, #6244 ) ;
#4167 = FACE_BOUND ( 'NONE', #2283, .T. ) ;
#4168 = VECTOR ( 'NONE', #2212, 1000.000000000000000 ) ;
#4169 = CARTESIAN_POINT ( 'NONE',  ( 4.465469255802898552, -13.29091804353535622, 3.157566713348768150 ) ) ;
#4170 = CARTESIAN_POINT ( 'NONE',  ( -12.92967535983298077, -24.13724302138784594, 2.036822287974905166 ) ) ;
#4171 = VERTEX_POINT ( 'NONE', #2312 ) ;
#4172 = AXIS2_PLACEMENT_3D ( 'NONE', #401, #1743, #6180 ) ;
#4173 = FACE_BOUND ( 'NONE', #2053, .T. ) ;
#4174 = DIRECTION ( 'NONE',  ( -0.000000000000000000, 1.000000000000000000, -0.000000000000000000 ) ) ;
#4175 = DIRECTION ( 'NONE',  ( -1.000000000000000000, -0.000000000000000000, -0.000000000000000000 ) ) ;
#4176 = ORIENTED_EDGE ( 'NONE', *, *, #2470, .T. ) ;
#4177 = DIRECTION ( 'NONE',  ( 0.000000000000000000, 1.000000000000000000, 0.000000000000000000 ) ) ;
#4178 = CIRCLE ( 'NONE', #4970, 1.500000000000001332 ) ;
#4179 = PLANE ( 'NONE',  #1081 ) ;
#4180 = DIRECTION ( 'NONE',  ( 1.000000000000000000, 0.000000000000000000, 0.000000000000000000 ) ) ;
#4181 = ORIENTED_EDGE ( 'NONE', *, *, #6148, .F. ) ;
#4182 = CARTESIAN_POINT ( 'NONE',  ( 15.50000000000000355, -40.99999999999999289, 49.00000000000000000 ) ) ;
#4183 = AXIS2_PLACEMENT_3D ( 'NONE', #4108, #4655, #4527 ) ;
#4184 = EDGE_LOOP ( 'NONE', ( #4487, #5421 ) ) ;
#4185 = ORIENTED_EDGE ( 'NONE', *, *, #3917, .F. ) ;
#4186 = EDGE_CURVE ( 'NONE', #542, #1354, #860, .T. ) ;
#4187 = CARTESIAN_POINT ( 'NONE',  ( 21.50000000000000355, -58.75735931288073743, 0.000000000000000000 ) ) ;
#4188 = CARTESIAN_POINT ( 'NONE',  ( -12.06465996625053450, -70.00000000000000000, 52.00000000000000000 ) ) ;
#4189 = VERTEX_POINT ( 'NONE', #2376 ) ;
#4190 = CARTESIAN_POINT ( 'NONE',  ( -12.86759911222992692, -23.64668432511369645, 47.00049871393547107 ) ) ;
#4191 = DIRECTION ( 'NONE',  ( 1.000000000000000000, 0.000000000000000000, 0.000000000000000000 ) ) ;
#4192 = FACE_OUTER_BOUND ( 'NONE', #4565, .T. ) ;
#4193 = ORIENTED_EDGE ( 'NONE', *, *, #3128, .F. ) ;
#4194 = CYLINDRICAL_SURFACE ( 'NONE', #6290, 1.500000000000004885 ) ;
#4195 = EDGE_CURVE ( 'NONE', #4016, #5586, #2406, .T. ) ;
#4196 = EDGE_CURVE ( 'NONE', #1450, #2400, #357, .T. ) ;
#4197 = EDGE_LOOP ( 'NONE', ( #4900, #728 ) ) ;
#4198 = CARTESIAN_POINT ( 'NONE',  ( -10.44056729256981519, -67.00000000000000000, -5.000000000000011546 ) ) ;
#4199 = DIRECTION ( 'NONE',  ( 1.000000000000000000, -6.938893903907215756E-15, 0.000000000000000000 ) ) ;
#4200 = CARTESIAN_POINT ( 'NONE',  ( 7.470224603225383397, -14.85676658389539107, 1.993627667372636747 ) ) ;
#4201 = CARTESIAN_POINT ( 'NONE',  ( -12.80673678196874121, -23.26486385418790803, 2.078146594735498454 ) ) ;
#4202 = ORIENTED_EDGE ( 'NONE', *, *, #2740, .F. ) ;
#4203 = AXIS2_PLACEMENT_3D ( 'NONE', #3241, #6227, #5277 ) ;
#4204 = DIRECTION ( 'NONE',  ( 0.000000000000000000, 0.000000000000000000, 1.000000000000000000 ) ) ;
#4205 = ADVANCED_FACE ( 'NONE', ( #3520 ), #5836, .F. ) ;
#4206 = CARTESIAN_POINT ( 'NONE',  ( -22.50000000000000000, 0.000000000000000000, 0.000000000000000000 ) ) ;
#4207 = CARTESIAN_POINT ( 'NONE',  ( 12.99746654100459331, -25.24262886704172004, 3.301723349920977935 ) ) ;
#4208 = VERTEX_POINT ( 'NONE', #5902 ) ;
#4209 = CARTESIAN_POINT ( 'NONE',  ( 18.25000000000000000, -10.00000000000000178, 6.000000000000000000 ) ) ;
#4210 = FACE_OUTER_BOUND ( 'NONE', #4065, .T. ) ;
#4211 = PLANE ( 'NONE',  #4804 ) ;
#4212 = ORIENTED_EDGE ( 'NONE', *, *, #2850, .T. ) ;
#4213 = FACE_BOUND ( 'NONE', #5860, .T. ) ;
#4214 = ORIENTED_EDGE ( 'NONE', *, *, #1834, .F. ) ;
#4215 = VERTEX_POINT ( 'NONE', #3425 ) ;
#4216 = CARTESIAN_POINT ( 'NONE',  ( -10.86906707174016518, -68.00000000000000000, 1.000000000000000000 ) ) ;
#4217 = CARTESIAN_POINT ( 'NONE',  ( -15.49999999999999645, -41.00000000000000000, 3.000000000000000000 ) ) ;
#4218 = CARTESIAN_POINT ( 'NONE',  ( -18.25000000000000000, -10.00000000000000000, 3.000000000000000000 ) ) ;
#4219 = CARTESIAN_POINT ( 'NONE',  ( 15.50000000000000355, -40.99999999999999289, 52.00000000000000000 ) ) ;
#4220 = CC_DESIGN_PERSON_AND_ORGANIZATION_ASSIGNMENT ( #2717, #280, ( #5909 ) ) ;
#4221 = CARTESIAN_POINT ( 'NONE',  ( -13.99999999999999822, -10.00000000000000000, 3.000000000000002665 ) ) ;
#4222 = ORIENTED_EDGE ( 'NONE', *, *, #3922, .F. ) ;
#4223 = DIRECTION ( 'NONE',  ( 1.000000000000000000, 0.000000000000000000, 0.000000000000000000 ) ) ;
#4224 = VERTEX_POINT ( 'NONE', #1013 ) ;
#4225 = DIRECTION ( 'NONE',  ( 0.000000000000000000, 0.000000000000000000, -1.000000000000000000 ) ) ;
#4226 = DIRECTION ( 'NONE',  ( -1.000000000000000000, 0.000000000000000000, 0.000000000000000000 ) ) ;
#4227 = CARTESIAN_POINT ( 'NONE',  ( 18.25000000000000000, -10.00000000000000178, 46.00000000000000000 ) ) ;
#4228 = DIRECTION ( 'NONE',  ( -1.000000000000000000, 0.000000000000000000, 0.000000000000000000 ) ) ;
#4229 = EDGE_CURVE ( 'NONE', #5021, #423, #703, .T. ) ;
#4230 = EDGE_CURVE ( 'NONE', #4215, #3466, #3543, .T. ) ;
#4231 = ORIENTED_EDGE ( 'NONE', *, *, #2885, .F. ) ;
#4232 = PERSON_AND_ORGANIZATION_ROLE ( 'creator' ) ;
#4233 = AXIS2_PLACEMENT_3D ( 'NONE', #4492, #4454, #5490 ) ;
#4234 = DIRECTION ( 'NONE',  ( 0.000000000000000000, 0.000000000000000000, 1.000000000000000000 ) ) ;
#4235 = CARTESIAN_POINT ( 'NONE',  ( 4.358820447471742909, -13.25252334941183818, 3.499999999999997780 ) ) ;
#4236 = ORIENTED_EDGE ( 'NONE', *, *, #5337, .F. ) ;
#4237 = DIRECTION ( 'NONE',  ( 1.000000000000000000, 1.175176459371563913E-16, -0.000000000000000000 ) ) ;
#4238 = ADVANCED_FACE ( 'NONE', ( #5455 ), #805, .T. ) ;
#4239 = CARTESIAN_POINT ( 'NONE',  ( 20.50000000000000355, -45.67814575986520964, 4.000000000000000000 ) ) ;
#4240 = CIRCLE ( 'NONE', #1483, 1.500000000000001332 ) ;
#4241 = LINE ( 'NONE', #2347, #5702 ) ;
#4242 = EDGE_LOOP ( 'NONE', ( #2137, #4768 ) ) ;
#4243 = DIRECTION ( 'NONE',  ( 0.000000000000000000, 0.000000000000000000, 1.000000000000000000 ) ) ;
#4244 = ORIENTED_EDGE ( 'NONE', *, *, #503, .T. ) ;
#4245 = AXIS2_PLACEMENT_3D ( 'NONE', #4113, #5152, #3178 ) ;
#4246 = VERTEX_POINT ( 'NONE', #2528 ) ;
#4247 = LINE ( 'NONE', #2287, #4445 ) ;
#4248 = DIRECTION ( 'NONE',  ( 1.000000000000000000, 1.172673560416567696E-16, -0.000000000000000000 ) ) ;
#4249 = DIRECTION ( 'NONE',  ( 0.7071067811865474617, 0.7071067811865474617, -0.000000000000000000 ) ) ;
#4250 = CIRCLE ( 'NONE', #2103, 1.000000000000000000 ) ;
#4251 = DIRECTION ( 'NONE',  ( -0.000000000000000000, -0.000000000000000000, -1.000000000000000000 ) ) ;
#4252 = EDGE_LOOP ( 'NONE', ( #1722, #5636 ) ) ;
#4253 = CARTESIAN_POINT ( 'NONE',  ( -15.49999999999999645, -41.00000000000000000, 52.00000000000000000 ) ) ;
#4254 = CIRCLE ( 'NONE', #3532, 2.749999999999999112 ) ;
#4255 = ORIENTED_EDGE ( 'NONE', *, *, #5813, .F. ) ;
#4256 = AXIS2_PLACEMENT_3D ( 'NONE', #3195, #2564, #4524 ) ;
#4257 = LINE ( 'NONE', #367, #394 ) ;
#4258 = CARTESIAN_POINT ( 'NONE',  ( 13.64213748382861979, -10.00000000000000000, 12.42715187696833468 ) ) ;
#4259 = DIRECTION ( 'NONE',  ( 0.000000000000000000, 0.000000000000000000, 1.000000000000000000 ) ) ;
#4260 = CYLINDRICAL_SURFACE ( 'NONE', #4166, 1.999999999999998224 ) ;
#4261 = AXIS2_PLACEMENT_3D ( 'NONE', #5913, #101, #2509 ) ;
#4262 = AXIS2_PLACEMENT_3D ( 'NONE', #4198, #6119, #1777 ) ;
#4263 = ORIENTED_EDGE ( 'NONE', *, *, #5001, .F. ) ;
#4264 = EDGE_CURVE ( 'NONE', #3341, #2266, #4371, .T. ) ;
#4265 = CIRCLE ( 'NONE', #2315, 1.000000000000000000 ) ;
#4266 = VECTOR ( 'NONE', #3122, 1000.000000000000000 ) ;
#4267 = CARTESIAN_POINT ( 'NONE',  ( 7.470224603225389615, -14.85676658389539284, 46.99362766737262831 ) ) ;
#4268 = CARTESIAN_POINT ( 'NONE',  ( -12.99999999999999822, -25.50000000000000355, 56.00000000000002132 ) ) ;
#4269 = VERTEX_POINT ( 'NONE', #1110 ) ;
#4270 = CARTESIAN_POINT ( 'NONE',  ( -11.81786251617137395, -6.999999999999978684, 37.88715187696834619 ) ) ;
#4271 = DIRECTION ( 'NONE',  ( 0.000000000000000000, -1.000000000000000000, 0.000000000000000000 ) ) ;
#4272 = AXIS2_PLACEMENT_3D ( 'NONE', #4852, #853, #6151 ) ;
#4273 = FACE_OUTER_BOUND ( 'NONE', #2231, .T. ) ;
#4274 = ORIENTED_EDGE ( 'NONE', *, *, #458, .F. ) ;
#4275 = LINE ( 'NONE', #1858, #1395 ) ;
#4276 = EDGE_CURVE ( 'NONE', #4189, #156, #192, .T. ) ;
#4277 = EDGE_CURVE ( 'NONE', #3829, #5821, #4265, .T. ) ;
#4278 = TOROIDAL_SURFACE ( 'NONE', #6084, 2.000000000000000000, 1.000000000000000000 ) ;
#4279 = ORIENTED_EDGE ( 'NONE', *, *, #129, .T. ) ;
#4280 = AXIS2_PLACEMENT_3D ( 'NONE', #5793, #1929, #1414 ) ;
#4281 = ORIENTED_EDGE ( 'NONE', *, *, #5187, .F. ) ;
#4282 = CARTESIAN_POINT ( 'NONE',  ( 12.67157287525382969, -68.41421356237309226, 52.00000000000000000 ) ) ;
#4283 = EDGE_CURVE ( 'NONE', #5586, #1381, #5061, .T. ) ;
#4284 = DIRECTION ( 'NONE',  ( 0.000000000000000000, -1.000000000000000000, 0.000000000000000000 ) ) ;
#4285 = VECTOR ( 'NONE', #1290, 1000.000000000000000 ) ;
#4286 = CARTESIAN_POINT ( 'NONE',  ( -12.90786276486818984, -23.94223799677620335, 46.99905617144752767 ) ) ;
#4287 = FACE_BOUND ( 'NONE', #757, .T. ) ;
#4288 = ORIENTED_EDGE ( 'NONE', *, *, #855, .T. ) ;
#4289 = DIRECTION ( 'NONE',  ( -0.000000000000000000, -0.000000000000000000, -1.000000000000000000 ) ) ;
#4290 = EDGE_LOOP ( 'NONE', ( #2286, #820, #1518, #3514 ) ) ;
#4291 = DIRECTION ( 'NONE',  ( -0.000000000000000000, -0.000000000000000000, -1.000000000000000000 ) ) ;
#4292 = LINE ( 'NONE', #3750, #2607 ) ;
#4293 = FACE_BOUND ( 'NONE', #1164, .T. ) ;
#4294 = CARTESIAN_POINT ( 'NONE',  ( 6.539809849142475429, -69.00000000000000000, 51.00000000000000000 ) ) ;
#4295 = ORIENTED_EDGE ( 'NONE', *, *, #426, .F. ) ;
#4296 = PERSON_AND_ORGANIZATION ( #6107, #2867 ) ;
#4297 = CARTESIAN_POINT ( 'NONE',  ( 6.742662059380134743, -14.38158082260526527, 47.03822126889020439 ) ) ;
#4298 = VERTEX_POINT ( 'NONE', #632 ) ;
#4299 = FACE_OUTER_BOUND ( 'NONE', #3013, .T. ) ;
#4300 = VERTEX_POINT ( 'NONE', #2561 ) ;
#4301 = CIRCLE ( 'NONE', #2256, 2.749999999999999112 ) ;
#4302 = CARTESIAN_POINT ( 'NONE',  ( 13.64213748382862867, -10.00000000000000000, 37.88715187696832487 ) ) ;
#4303 = B_SPLINE_CURVE_WITH_KNOTS ( 'NONE', 3,
 ( #6091, #4611, #5609, #1747, #2211, #240, #5036, #4067, #1712, #722, #2083, #5072, #3685, #5958, #1614, #1261, #2647, #2586, #5996, #3189, #5104, #2618, #1198, #3096, #3613, #5133, #3068, #1676 ),
 .UNSPECIFIED., .F., .F.,
 ( 4, 2, 2, 2, 2, 2, 2, 2, 2, 2, 2, 2, 2, 4 ),
 ( 0.006985428353279134368, 0.007421974064622531737, 0.007858519775965928239, 0.008295065487309325608, 0.008731611198652722977, 0.009168156909996120346, 0.009604702621339517715, 0.01047779404402630551, 0.01135088546671309678, 0.01222397688939988632, 0.01309706831208667585, 0.01353361402343007669, 0.01375188687910178578, 0.01397015973477349661 ),
 .UNSPECIFIED. ) ;
#4304 = CARTESIAN_POINT ( 'NONE',  ( -21.50000000000000000, -45.67814575986520964, 1.000000000000000000 ) ) ;
#4305 = EDGE_CURVE ( 'NONE', #2820, #5352, #180, .T. ) ;
#4306 = DIRECTION ( 'NONE',  ( 0.6897428357855054371, -0.7240544319887622926, 0.000000000000000000 ) ) ;
#4307 = EDGE_LOOP ( 'NONE', ( #3682, #2285, #5405, #899 ) ) ;
#4308 = AXIS2_PLACEMENT_3D ( 'NONE', #634, #4589, #2156 ) ;
#4309 = DIRECTION ( 'NONE',  ( -0.000000000000000000, -0.000000000000000000, -1.000000000000000000 ) ) ;
#4310 = VERTEX_POINT ( 'NONE', #4455 ) ;
#4311 = EDGE_CURVE ( 'NONE', #3418, #4458, #404, .T. ) ;
#4312 = ADVANCED_FACE ( 'NONE', ( #6055 ), #1297, .F. ) ;
#4313 = ORIENTED_EDGE ( 'NONE', *, *, #1161, .T. ) ;
#4314 = LINE ( 'NONE', #3308, #3420 ) ;
#4315 = ORIENTED_EDGE ( 'NONE', *, *, #2765, .T. ) ;
#4316 = CARTESIAN_POINT ( 'NONE',  ( -12.58784713141547051, -22.25252334941184174, 48.30066556083004770 ) ) ;
#4317 = EDGE_CURVE ( 'NONE', #5, #5033, #4678, .T. ) ;
#4318 = DIRECTION ( 'NONE',  ( 1.000000000000000000, 0.000000000000000000, 0.000000000000000000 ) ) ;
#4319 = VERTEX_POINT ( 'NONE', #1750 ) ;
#4320 = CARTESIAN_POINT ( 'NONE',  ( 22.50000000000000000, -16.25252334941184884, 48.49999999999998579 ) ) ;
#4321 = DIRECTION ( 'NONE',  ( -0.000000000000000000, -0.000000000000000000, -1.000000000000000000 ) ) ;
#4322 = DIRECTION ( 'NONE',  ( -0.000000000000000000, 1.000000000000000000, -0.000000000000000000 ) ) ;
#4323 = DIRECTION ( 'NONE',  ( -1.000000000000000000, 0.000000000000000000, 0.000000000000000000 ) ) ;
#4324 = DIRECTION ( 'NONE',  ( 1.000000000000000000, 0.000000000000000000, 0.000000000000000000 ) ) ;
#4325 = ORIENTED_EDGE ( 'NONE', *, *, #4513, .F. ) ;
#4326 = CARTESIAN_POINT ( 'NONE',  ( -13.99999999999999467, -41.00000000000000000, 3.000000000000002665 ) ) ;
#4327 = EDGE_LOOP ( 'NONE', ( #5266, #2792, #4244, #402 ) ) ;
#4328 = CARTESIAN_POINT ( 'NONE',  ( -12.99764422145080900, -25.25252334941184174, 3.500000000000003109 ) ) ;
#4329 = VERTEX_POINT ( 'NONE', #243 ) ;
#4330 = CARTESIAN_POINT ( 'NONE',  ( 15.50000000000000000, -10.00000000000000178, 52.00000000000000000 ) ) ;
#4331 = ORIENTED_EDGE ( 'NONE', *, *, #3174, .T. ) ;
#4332 = CARTESIAN_POINT ( 'NONE',  ( -24.49999999999999289, -43.67814575986520964, 0.000000000000000000 ) ) ;
#4333 = CARTESIAN_POINT ( 'NONE',  ( -6.498630176726775787, -14.23739617981588523, 4.916681130529394927 ) ) ;
#4334 = FACE_OUTER_BOUND ( 'NONE', #1471, .T. ) ;
#4335 = CIRCLE ( 'NONE', #2894, 2.000000000000001776 ) ;
#4336 = FACE_OUTER_BOUND ( 'NONE', #593, .T. ) ;
#4337 = ORIENTED_EDGE ( 'NONE', *, *, #5839, .T. ) ;
#4338 = VECTOR ( 'NONE', #681, 1000.000000000000000 ) ;
#4339 = ORIENTED_EDGE ( 'NONE', *, *, #1125, .T. ) ;
#4340 = CARTESIAN_POINT ( 'NONE',  ( 13.08578643762691662, -69.41421356237309226, 46.00000000000000000 ) ) ;
#4341 = AXIS2_PLACEMENT_3D ( 'NONE', #204, #298, #3119 ) ;
#4342 = EDGE_CURVE ( 'NONE', #2332, #1332, #3342, .T. ) ;
#4343 = EDGE_LOOP ( 'NONE', ( #2793, #196, #6280, #3783 ) ) ;
#4344 = ORIENTED_EDGE ( 'NONE', *, *, #559, .T. ) ;
#4345 = CYLINDRICAL_SURFACE ( 'NONE', #2923, 1.500000000000001332 ) ;
#4346 = AXIS2_PLACEMENT_3D ( 'NONE', #3894, #5694, #425 ) ;
#4347 = DIRECTION ( 'NONE',  ( -1.000000000000000000, 0.000000000000000000, 0.000000000000000000 ) ) ;
#4348 = DIRECTION ( 'NONE',  ( -0.000000000000000000, -0.000000000000000000, -1.000000000000000000 ) ) ;
#4349 = EDGE_CURVE ( 'NONE', #6013, #3932, #1779, .T. ) ;
#4350 = EDGE_CURVE ( 'NONE', #4447, #2913, #6025, .T. ) ;
#4351 = AXIS2_PLACEMENT_3D ( 'NONE', #386, #3798, #355 ) ;
#4352 = LINE ( 'NONE', #6274, #2718 ) ;
#4353 = CYLINDRICAL_SURFACE ( 'NONE', #5658, 1.499999999999999556 ) ;
#4354 = DIRECTION ( 'NONE',  ( -0.000000000000000000, -0.000000000000000000, -1.000000000000000000 ) ) ;
#4355 = CARTESIAN_POINT ( 'NONE',  ( 22.50000000000000000, -7.000000000000000000, 52.00000000000000000 ) ) ;
#4356 = ORIENTED_EDGE ( 'NONE', *, *, #3562, .T. ) ;
#4357 = CARTESIAN_POINT ( 'NONE',  ( -4.592936371523017591, -13.33804245042397696, 2.986850088943994397 ) ) ;
#4358 = TOROIDAL_SURFACE ( 'NONE', #4855, 2.000000000000000000, 1.000000000000000000 ) ;
#4359 = AXIS2_PLACEMENT_3D ( 'NONE', #5422, #3881, #3421 ) ;
#4360 = ORIENTED_EDGE ( 'NONE', *, *, #759, .T. ) ;
#4361 = EDGE_CURVE ( 'NONE', #4310, #2963, #4061, .T. ) ;
#4362 = DIRECTION ( 'NONE',  ( 1.000000000000000000, 0.000000000000000000, 0.000000000000000000 ) ) ;
#4363 = ORIENTED_EDGE ( 'NONE', *, *, #2306, .T. ) ;
#4364 = AXIS2_PLACEMENT_3D ( 'NONE', #3349, #5162, #1867 ) ;
#4365 = DIRECTION ( 'NONE',  ( -0.000000000000000000, -0.000000000000000000, -1.000000000000000000 ) ) ;
#4366 = AXIS2_PLACEMENT_3D ( 'NONE', #5258, #4291, #5637 ) ;
#4367 = DIRECTION ( 'NONE',  ( -0.000000000000000000, -0.000000000000000000, -1.000000000000000000 ) ) ;
#4368 = CARTESIAN_POINT ( 'NONE',  ( 12.60022715555861161, -22.30083295117719544, 48.10982879060054529 ) ) ;
#4369 = CARTESIAN_POINT ( 'NONE',  ( -9.033355500340285005, -16.15110916950343523, 4.060183695726769848 ) ) ;
#4370 = CARTESIAN_POINT ( 'NONE',  ( -2.499999999999997335, -60.50000000000000000, 52.00000000000000000 ) ) ;
#4371 = CIRCLE ( 'NONE', #5668, 1.500000000000001332 ) ;
#4372 = CIRCLE ( 'NONE', #2418, 13.00000000000000178 ) ;
#4373 = CARTESIAN_POINT ( 'NONE',  ( 13.64213748382862867, -10.00000000000000000, 39.38715187696832487 ) ) ;
#4374 = ORIENTED_EDGE ( 'NONE', *, *, #6158, .T. ) ;
#4375 = AXIS2_PLACEMENT_3D ( 'NONE', #1810, #464, #1331 ) ;
#4376 = ORIENTED_EDGE ( 'NONE', *, *, #2885, .T. ) ;
#4377 = CARTESIAN_POINT ( 'NONE',  ( -5.685875052008640296, -44.67814575986520964, 1.000000000000000000 ) ) ;
#4378 = CIRCLE ( 'NONE', #1322, 1.000000000000000888 ) ;
#4379 = ORIENTED_EDGE ( 'NONE', *, *, #5249, .T. ) ;
#4380 = ORIENTED_EDGE ( 'NONE', *, *, #3884, .F. ) ;
#4381 = DIRECTION ( 'NONE',  ( 1.000000000000000000, 1.172673560416567696E-16, -0.000000000000000000 ) ) ;
#4382 = EDGE_CURVE ( 'NONE', #1566, #4310, #2518, .T. ) ;
#4383 = ORIENTED_EDGE ( 'NONE', *, *, #769, .F. ) ;
#4384 = DIRECTION ( 'NONE',  ( -0.000000000000000000, -1.000000000000000000, -0.000000000000000000 ) ) ;
#4385 = DIRECTION ( 'NONE',  ( -1.000000000000000000, 0.000000000000000000, 0.000000000000000000 ) ) ;
#4386 = LINE ( 'NONE', #4936, #5354 ) ;
#4387 = CARTESIAN_POINT ( 'NONE',  ( -5.685875052008640296, -45.67814575986520964, 4.000000000000000000 ) ) ;
#4388 = CARTESIAN_POINT ( 'NONE',  ( 12.75783019448190991, -22.99584252998385736, 2.190425253309348452 ) ) ;
#4389 = ORIENTED_EDGE ( 'NONE', *, *, #1667, .T. ) ;
#4390 = EDGE_CURVE ( 'NONE', #2165, #826, #3627, .T. ) ;
#4391 = DIRECTION ( 'NONE',  ( 1.115728272363205951E-16, -1.000000000000000000, -0.000000000000000000 ) ) ;
#4392 = EDGE_CURVE ( 'NONE', #4733, #2504, #215, .T. ) ;
#4393 = ORIENTED_EDGE ( 'NONE', *, *, #2625, .T. ) ;
#4394 = DIRECTION ( 'NONE',  ( -0.000000000000000000, -0.000000000000000000, -1.000000000000000000 ) ) ;
#4395 = EDGE_LOOP ( 'NONE', ( #442, #2142, #1056, #1666 ) ) ;
#4396 = CARTESIAN_POINT ( 'NONE',  ( -10.44056729256981519, -67.00000000000000000, 51.00000000000000000 ) ) ;
#4397 = ORIENTED_EDGE ( 'NONE', *, *, #2897, .F. ) ;
#4398 = FACE_OUTER_BOUND ( 'NONE', #4597, .T. ) ;
#4399 = CARTESIAN_POINT ( 'NONE',  ( -7.933495839656860227, -15.19746065600975804, 49.94293279456740464 ) ) ;
#4400 = ADVANCED_FACE ( 'NONE', ( #1679 ), #3617, .F. ) ;
#4401 = LINE ( 'NONE', #3427, #121 ) ;
#4402 = DIRECTION ( 'NONE',  ( 0.000000000000000000, 0.000000000000000000, 1.000000000000000000 ) ) ;
#4403 = DIRECTION ( 'NONE',  ( 0.000000000000000000, 0.000000000000000000, -1.000000000000000000 ) ) ;
#4404 = CIRCLE ( 'NONE', #5199, 1.500000000000001332 ) ;
#4405 = ORIENTED_EDGE ( 'NONE', *, *, #5757, .T. ) ;
#4406 = LOCAL_TIME ( 23, 17, 49.00000000000000000, #4680 ) ;
#4407 = VERTEX_POINT ( 'NONE', #4130 ) ;
#4408 = DIRECTION ( 'NONE',  ( -0.000000000000000000, -0.000000000000000000, -1.000000000000000000 ) ) ;
#4409 = ORIENTED_EDGE ( 'NONE', *, *, #901, .T. ) ;
#4410 = ORIENTED_EDGE ( 'NONE', *, *, #1189, .F. ) ;
#4411 = CARTESIAN_POINT ( 'NONE',  ( -12.66348844055775658, -22.56074911211987910, 49.41611177872695748 ) ) ;
#4412 = ORIENTED_EDGE ( 'NONE', *, *, #2197, .T. ) ;
#4413 = CARTESIAN_POINT ( 'NONE',  ( 15.50000000000000355, -40.99999999999999289, 6.000000000000000000 ) ) ;
#4414 = CARTESIAN_POINT ( 'NONE',  ( 6.539809849142475429, -68.00000000000000000, 48.00000000000000000 ) ) ;
#4415 = CARTESIAN_POINT ( 'NONE',  ( -26.50000000000002842, -25.25252334941184174, 3.500000000000003109 ) ) ;
#4416 = DIRECTION ( 'NONE',  ( 0.000000000000000000, 0.000000000000000000, -1.000000000000000000 ) ) ;
#4417 = ORIENTED_EDGE ( 'NONE', *, *, #4661, .T. ) ;
#4418 = LINE ( 'NONE', #4854, #5480 ) ;
#4419 = VERTEX_POINT ( 'NONE', #1238 ) ;
#4420 = ORIENTED_EDGE ( 'NONE', *, *, #4610, .F. ) ;
#4421 = FACE_OUTER_BOUND ( 'NONE', #1983, .T. ) ;
#4422 = EDGE_CURVE ( 'NONE', #41, #2185, #3956, .T. ) ;
#4423 = DIRECTION ( 'NONE',  ( 1.000000000000000000, 0.000000000000000000, 0.000000000000000000 ) ) ;
#4424 = EDGE_CURVE ( 'NONE', #2382, #2569, #5170, .T. ) ;
#4425 = EDGE_LOOP ( 'NONE', ( #2079, #961, #4728, #804 ) ) ;
#4426 = DIRECTION ( 'NONE',  ( 0.000000000000000000, 0.000000000000000000, 1.000000000000000000 ) ) ;
#4427 = CARTESIAN_POINT ( 'NONE',  ( -7.933495839656851345, -15.19746065600974738, 4.942932794567428623 ) ) ;
#4428 = LINE ( 'NONE', #50, #6112 ) ;
#4429 = LINE ( 'NONE', #5429, #4557 ) ;
#4430 = ADVANCED_FACE ( 'NONE', ( #4766 ), #4260, .F. ) ;
#4431 = EDGE_CURVE ( 'NONE', #4465, #4016, #1928, .T. ) ;
#4432 = ORIENTED_EDGE ( 'NONE', *, *, #2016, .T. ) ;
#4433 = AXIS2_PLACEMENT_3D ( 'NONE', #5038, #2153, #561 ) ;
#4434 = EDGE_LOOP ( 'NONE', ( #5357, #3597, #656, #4383 ) ) ;
#4435 = DIRECTION ( 'NONE',  ( -1.000000000000000000, 0.000000000000000000, 0.000000000000000000 ) ) ;
#4436 = ORIENTED_EDGE ( 'NONE', *, *, #1030, .F. ) ;
#4437 = CIRCLE ( 'NONE', #774, 1.500000000000001332 ) ;
#4438 = ORIENTED_EDGE ( 'NONE', *, *, #1433, .F. ) ;
#4439 = CARTESIAN_POINT ( 'NONE',  ( -12.95449238128389524, -24.40934910146858883, 49.85213988020802134 ) ) ;
#4440 = AXIS2_PLACEMENT_3D ( 'NONE', #4559, #2134, #6032 ) ;
#4441 = EDGE_LOOP ( 'NONE', ( #468, #5513 ) ) ;
#4442 = CYLINDRICAL_SURFACE ( 'NONE', #1940, 1.500000000000001332 ) ;
#4443 = DIRECTION ( 'NONE',  ( 0.7071067811865474617, 0.7071067811865474617, -0.000000000000000000 ) ) ;
#4444 = DIRECTION ( 'NONE',  ( -0.000000000000000000, -0.000000000000000000, 1.000000000000000000 ) ) ;
#4445 = VECTOR ( 'NONE', #5751, 1000.000000000000000 ) ;
#4446 = CARTESIAN_POINT ( 'NONE',  ( -10.44056729256981519, -67.00000000000000000, 52.00000000000000000 ) ) ;
#4447 = VERTEX_POINT ( 'NONE', #2337 ) ;
#4448 = CARTESIAN_POINT ( 'NONE',  ( -6.685875052008637631, -67.00000000000000000, -5.000000000000011546 ) ) ;
#4449 = ORIENTED_EDGE ( 'NONE', *, *, #3601, .T. ) ;
#4450 = VERTEX_POINT ( 'NONE', #6277 ) ;
#4451 = AXIS2_PLACEMENT_3D ( 'NONE', #449, #6135, #4243 ) ;
#4452 = CARTESIAN_POINT ( 'NONE',  ( 5.539809849142472764, -44.67814575986520964, -5.000000000000011546 ) ) ;
#4453 = CARTESIAN_POINT ( 'NONE',  ( 20.50000000000000355, -59.17157287525382969, -5.000000000000011546 ) ) ;
#4454 = DIRECTION ( 'NONE',  ( 0.000000000000000000, -1.000000000000000000, 0.000000000000000000 ) ) ;
#4455 = CARTESIAN_POINT ( 'NONE',  ( -10.44056729256981519, -69.00000000000000000, 0.000000000000000000 ) ) ;
#4456 = AXIS2_PLACEMENT_3D ( 'NONE', #2335, #916, #2806 ) ;
#4457 = AXIS2_PLACEMENT_3D ( 'NONE', #5494, #2655, #2594 ) ;
#4458 = VERTEX_POINT ( 'NONE', #3843 ) ;
#4459 = DIRECTION ( 'NONE',  ( -0.000000000000000000, -0.000000000000000000, 1.000000000000000000 ) ) ;
#4460 = EDGE_CURVE ( 'NONE', #3704, #4466, #5765, .T. ) ;
#4461 = DIRECTION ( 'NONE',  ( 0.000000000000000000, 0.000000000000000000, 1.000000000000000000 ) ) ;
#4462 = AXIS2_PLACEMENT_3D ( 'NONE', #5824, #3480, #1476 ) ;
#4463 = AXIS2_PLACEMENT_3D ( 'NONE', #606, #2498, #2003 ) ;
#4464 = CARTESIAN_POINT ( 'NONE',  ( 12.75000000000000178, -10.00000000000000178, 3.000000000000000000 ) ) ;
#4465 = VERTEX_POINT ( 'NONE', #2875 ) ;
#4466 = VERTEX_POINT ( 'NONE', #3753 ) ;
#4467 = VECTOR ( 'NONE', #4505, 1000.000000000000000 ) ;
#4468 = CIRCLE ( 'NONE', #1720, 1.500000000000001332 ) ;
#4469 = DIRECTION ( 'NONE',  ( 0.000000000000000000, -0.000000000000000000, -1.000000000000000000 ) ) ;
#4470 = ADVANCED_FACE ( 'NONE', ( #5675 ), #3261, .F. ) ;
#4471 = EDGE_CURVE ( 'NONE', #4114, #3932, #199, .T. ) ;
#4472 = ORIENTED_EDGE ( 'NONE', *, *, #12, .T. ) ;
#4473 = DIRECTION ( 'NONE',  ( 1.000000000000000000, -0.000000000000000000, -0.000000000000000000 ) ) ;
#4474 = AXIS2_PLACEMENT_3D ( 'NONE', #5740, #5236, #1392 ) ;
#4475 = AXIS2_PLACEMENT_3D ( 'NONE', #713, #4998, #205 ) ;
#4476 = ORIENTED_EDGE ( 'NONE', *, *, #5382, .F. ) ;
#4477 = CARTESIAN_POINT ( 'NONE',  ( -12.90652898516504798, -23.94087442908944752, 49.99134611811594908 ) ) ;
#4478 = EDGE_CURVE ( 'NONE', #1470, #6105, #3860, .T. ) ;
#4479 = EDGE_LOOP ( 'NONE', ( #2295, #2170 ) ) ;
#4480 = CARTESIAN_POINT ( 'NONE',  ( 12.99704671182754190, -25.21280345945387680, 48.89518399917573532 ) ) ;
#4481 = DIRECTION ( 'NONE',  ( 0.000000000000000000, 1.000000000000000000, 0.000000000000000000 ) ) ;
#4482 = AXIS2_PLACEMENT_3D ( 'NONE', #6270, #1956, #1984 ) ;
#4483 = LINE ( 'NONE', #2516, #3429 ) ;
#4484 = FACE_OUTER_BOUND ( 'NONE', #1971, .T. ) ;
#4485 = ORIENTED_EDGE ( 'NONE', *, *, #447, .F. ) ;
#4486 = DIRECTION ( 'NONE',  ( 0.000000000000000000, -1.000000000000000000, 0.000000000000000000 ) ) ;
#4487 = ORIENTED_EDGE ( 'NONE', *, *, #1228, .F. ) ;
#4488 = AXIS2_PLACEMENT_3D ( 'NONE', #5088, #3144, #2568 ) ;
#4489 = EDGE_LOOP ( 'NONE', ( #3257, #2925, #376, #876 ) ) ;
#4490 = CARTESIAN_POINT ( 'NONE',  ( -10.44056729256981519, -67.00000000000000000, 1.000000000000000000 ) ) ;
#4491 = CARTESIAN_POINT ( 'NONE',  ( 25.87070232763078792, 0.000000000000000000, 0.000000000000000000 ) ) ;
#4492 = CARTESIAN_POINT ( 'NONE',  ( 0.000000000000000000, -6.999999999999978684, 0.000000000000000000 ) ) ;
#4493 = DIRECTION ( 'NONE',  ( 1.000000000000000000, 0.000000000000000000, 0.000000000000000000 ) ) ;
#4494 = ORIENTED_EDGE ( 'NONE', *, *, #6158, .F. ) ;
#4495 = CARTESIAN_POINT ( 'NONE',  ( -24.49999999999999289, -43.67814575986520964, 0.000000000000000000 ) ) ;
#4496 = CARTESIAN_POINT ( 'NONE',  ( -27.92176700168746351, -77.04763098818770573, 0.000000000000000000 ) ) ;
#4497 = ORIENTED_EDGE ( 'NONE', *, *, #23, .T. ) ;
#4498 = ADVANCED_FACE ( 'NONE', ( #3358 ), #5291, .F. ) ;
#4499 = CYLINDRICAL_SURFACE ( 'NONE', #268, 1.000000000000000888 ) ;
#4500 = FACE_OUTER_BOUND ( 'NONE', #2403, .T. ) ;
#4501 = EDGE_LOOP ( 'NONE', ( #2811, #1732, #3283, #5543 ) ) ;
#4502 = DIRECTION ( 'NONE',  ( -1.000000000000000000, 0.000000000000000000, 0.000000000000000000 ) ) ;
#4503 = ORIENTED_EDGE ( 'NONE', *, *, #5305, .F. ) ;
#4504 = EDGE_CURVE ( 'NONE', #2504, #3704, #2368, .T. ) ;
#4505 = DIRECTION ( 'NONE',  ( 1.000000000000000000, 0.000000000000000000, 0.000000000000000000 ) ) ;
#4506 = ADVANCED_FACE ( 'NONE', ( #1846 ), #5733, .T. ) ;
#4507 = AXIS2_PLACEMENT_3D ( 'NONE', #3668, #3596, #4987 ) ;
#4508 = ORIENTED_EDGE ( 'NONE', *, *, #5249, .F. ) ;
#4509 = DIRECTION ( 'NONE',  ( 1.000000000000000000, 1.172673560416567696E-16, -0.000000000000000000 ) ) ;
#4510 = AXIS2_PLACEMENT_3D ( 'NONE', #4041, #3619, #2626 ) ;
#4511 = DIRECTION ( 'NONE',  ( 0.000000000000000000, 0.000000000000000000, 1.000000000000000000 ) ) ;
#4512 = DIRECTION ( 'NONE',  ( -0.7071067811865474617, -0.7071067811865474617, 0.000000000000000000 ) ) ;
#4513 = EDGE_CURVE ( 'NONE', #2833, #4733, #1412, .T. ) ;
#4514 = CARTESIAN_POINT ( 'NONE',  ( 22.50000000000000000, -14.75252334941183818, 3.499999999999996003 ) ) ;
#4515 = ORIENTED_EDGE ( 'NONE', *, *, #1317, .T. ) ;
#4516 = CARTESIAN_POINT ( 'NONE',  ( 21.91421356237309581, -60.58578643762691485, 46.00000000000000000 ) ) ;
#4517 = ORIENTED_EDGE ( 'NONE', *, *, #2298, .F. ) ;
#4518 = ORIENTED_EDGE ( 'NONE', *, *, #1702, .F. ) ;
#4519 = CARTESIAN_POINT ( 'NONE',  ( 13.99999999999999822, -10.00000000000000178, 49.00000000000000000 ) ) ;
#4520 = CYLINDRICAL_SURFACE ( 'NONE', #709, 2.749999999999999112 ) ;
#4521 = FACE_OUTER_BOUND ( 'NONE', #1036, .T. ) ;
#4522 = CARTESIAN_POINT ( 'NONE',  ( 12.99387413405359304, -25.09915018965287459, 47.83189664461741586 ) ) ;
#4523 = ORIENTED_EDGE ( 'NONE', *, *, #5805, .T. ) ;
#4524 = DIRECTION ( 'NONE',  ( -1.000000000000000000, 0.000000000000000000, 0.000000000000000000 ) ) ;
#4525 = EDGE_LOOP ( 'NONE', ( #31, #1314, #2543, #5605 ) ) ;
#4526 = DIRECTION ( 'NONE',  ( -0.000000000000000000, -0.000000000000000000, -1.000000000000000000 ) ) ;
#4527 = DIRECTION ( 'NONE',  ( 0.000000000000000000, 1.000000000000000000, 0.000000000000000000 ) ) ;
#4528 = DIRECTION ( 'NONE',  ( 1.000000000000000000, 0.000000000000000000, 0.000000000000000000 ) ) ;
#4529 = VERTEX_POINT ( 'NONE', #3876 ) ;
#4530 = CARTESIAN_POINT ( 'NONE',  ( 11.67157287525381548, -68.00000000000000000, 5.999999999999998224 ) ) ;
#4531 = ORIENTED_EDGE ( 'NONE', *, *, #4844, .F. ) ;
#4532 = CARTESIAN_POINT ( 'NONE',  ( -22.49999999999999645, -23.75252334941184884, 48.49999999999997868 ) ) ;
#4533 = ORIENTED_EDGE ( 'NONE', *, *, #1116, .F. ) ;
#4534 = CARTESIAN_POINT ( 'NONE',  ( -12.72365396687463601, -22.83008103520237952, 4.698697375042591773 ) ) ;
#4535 = ADVANCED_FACE ( 'NONE', ( #1876 ), #1386, .F. ) ;
#4536 = AXIS2_PLACEMENT_3D ( 'NONE', #3976, #5930, #631 ) ;
#4537 = CARTESIAN_POINT ( 'NONE',  ( -5.685875052008640296, -45.67814575986520964, 51.00000000000000000 ) ) ;
#4538 = LINE ( 'NONE', #167, #4665 ) ;
#4539 = DIRECTION ( 'NONE',  ( 0.7071067811865474617, 0.7071067811865474617, 0.000000000000000000 ) ) ;
#4540 = ORIENTED_EDGE ( 'NONE', *, *, #5417, .T. ) ;
#4541 = VECTOR ( 'NONE', #4635, 1000.000000000000000 ) ;
#4542 = DIRECTION ( 'NONE',  ( 0.000000000000000000, 0.000000000000000000, -1.000000000000000000 ) ) ;
#4543 = ORIENTED_EDGE ( 'NONE', *, *, #5344, .F. ) ;
#4544 = ADVANCED_FACE ( 'NONE', ( #5798 ), #3387, .F. ) ;
#4545 = EDGE_CURVE ( 'NONE', #4701, #1996, #5211, .T. ) ;
#4546 = VERTEX_POINT ( 'NONE', #4621 ) ;
#4547 = DIRECTION ( 'NONE',  ( 0.000000000000000000, 0.000000000000000000, 1.000000000000000000 ) ) ;
#4548 = CARTESIAN_POINT ( 'NONE',  ( -12.06465996625052028, -70.00000000000000000, 5.999999999999998224 ) ) ;
#4549 = CARTESIAN_POINT ( 'NONE',  ( -22.50000000000000000, 0.000000000000000000, 5.999999999999998224 ) ) ;
#4550 = CARTESIAN_POINT ( 'NONE',  ( 19.50000000000000355, -43.67814575986520964, 1.000000000000000000 ) ) ;
#4551 = ORIENTED_EDGE ( 'NONE', *, *, #5644, .F. ) ;
#4552 = CIRCLE ( 'NONE', #2601, 1.000000000000000888 ) ;
#4553 = DIRECTION ( 'NONE',  ( 1.000000000000000000, 0.000000000000000000, 0.000000000000000000 ) ) ;
#4554 = EDGE_CURVE ( 'NONE', #2667, #839, #700, .T. ) ;
#4555 = CARTESIAN_POINT ( 'NONE',  ( -22.49999999999999289, 0.000000000000000000, 51.92044125849763248 ) ) ;
#4556 = EDGE_LOOP ( 'NONE', ( #42, #202, #5527, #209 ) ) ;
#4557 = VECTOR ( 'NONE', #2533, 1000.000000000000000 ) ;
#4558 = VERTEX_POINT ( 'NONE', #321 ) ;
#4559 = CARTESIAN_POINT ( 'NONE',  ( 15.50000000000000000, -10.00000000000000178, 49.00000000000000000 ) ) ;
#4560 = CARTESIAN_POINT ( 'NONE',  ( 22.50000000000000000, -14.75252334941184351, 48.49999999999998579 ) ) ;
#4561 = VECTOR ( 'NONE', #1138, 1000.000000000000114 ) ;
#4562 = AXIS2_PLACEMENT_3D ( 'NONE', #887, #4234, #5296 ) ;
#4563 = ORIENTED_EDGE ( 'NONE', *, *, #3652, .F. ) ;
#4564 = LINE ( 'NONE', #197, #3839 ) ;
#4565 = EDGE_LOOP ( 'NONE', ( #1025, #5434, #5231, #152 ) ) ;
#4566 = AXIS2_PLACEMENT_3D ( 'NONE', #5509, #5028, #747 ) ;
#4567 = VECTOR ( 'NONE', #4640, 1000.000000000000114 ) ;
#4568 = ORIENTED_EDGE ( 'NONE', *, *, #1230, .F. ) ;
#4569 = CARTESIAN_POINT ( 'NONE',  ( -12.93783528842134167, -24.22688952211947111, 4.926421767362164417 ) ) ;
#4570 = LINE ( 'NONE', #5598, #2799 ) ;
#4571 = AXIS2_PLACEMENT_3D ( 'NONE', #4550, #4946, #599 ) ;
#4572 = CYLINDRICAL_SURFACE ( 'NONE', #1316, 1.000000000000000000 ) ;
#4573 = CYLINDRICAL_SURFACE ( 'NONE', #4566, 5.000000000000004441 ) ;
#4574 = CARTESIAN_POINT ( 'NONE',  ( -20.94810886397753080, -58.86938703365093062, 1.000000000000000000 ) ) ;
#4575 = EDGE_CURVE ( 'NONE', #3979, #3504, #811, .T. ) ;
#4576 = VECTOR ( 'NONE', #1756, 1000.000000000000000 ) ;
#4577 = DIRECTION ( 'NONE',  ( 0.000000000000000000, 0.000000000000000000, -1.000000000000000000 ) ) ;
#4578 = ORIENTED_EDGE ( 'NONE', *, *, #2158, .T. ) ;
#4579 = ORIENTED_EDGE ( 'NONE', *, *, #1655, .F. ) ;
#4580 = AXIS2_PLACEMENT_3D ( 'NONE', #3038, #3556, #4423 ) ;
#4581 = CARTESIAN_POINT ( 'NONE',  ( -18.25000000000000000, -10.00000000000000000, 3.000000000000000000 ) ) ;
#4582 = FACE_BOUND ( 'NONE', #1636, .T. ) ;
#4583 = FACE_BOUND ( 'NONE', #3581, .T. ) ;
#4584 = DIRECTION ( 'NONE',  ( -1.000000000000000000, 0.000000000000000000, 0.000000000000000000 ) ) ;
#4585 = EDGE_CURVE ( 'NONE', #297, #1742, #3235, .T. ) ;
#4586 = EDGE_CURVE ( 'NONE', #5401, #2419, #2161, .T. ) ;
#4587 = VERTEX_POINT ( 'NONE', #5177 ) ;
#4588 = VECTOR ( 'NONE', #2431, 1000.000000000000000 ) ;
#4589 = DIRECTION ( 'NONE',  ( 0.000000000000000000, 1.000000000000000000, 0.000000000000000000 ) ) ;
#4590 = CARTESIAN_POINT ( 'NONE',  ( 6.498500514662909566, -14.23731750232364135, 49.91666141477524121 ) ) ;
#4591 = AXIS2_PLACEMENT_3D ( 'NONE', #4560, #1246, #5976 ) ;
#4592 = CARTESIAN_POINT ( 'NONE',  ( 21.91421356237309581, -60.58578643762691485, 5.999999999999998224 ) ) ;
#4593 = ORIENTED_EDGE ( 'NONE', *, *, #5844, .T. ) ;
#4594 = ADVANCED_FACE ( 'NONE', ( #4105 ), #3623, .T. ) ;
#4595 = CARTESIAN_POINT ( 'NONE',  ( -4.685875052008640296, -44.67814575986520964, 51.00000000000000000 ) ) ;
#4596 = DIRECTION ( 'NONE',  ( -1.000000000000000000, 0.000000000000000000, 0.000000000000000000 ) ) ;
#4597 = EDGE_LOOP ( 'NONE', ( #4841, #792, #2541, #5955 ) ) ;
#4598 = DIRECTION ( 'NONE',  ( -0.000000000000000000, -0.000000000000000000, 1.000000000000000000 ) ) ;
#4599 = ORIENTED_EDGE ( 'NONE', *, *, #3813, .T. ) ;
#4600 = EDGE_LOOP ( 'NONE', ( #418, #1326, #3500, #2645 ) ) ;
#4601 = CARTESIAN_POINT ( 'NONE',  ( 12.96156881298345986, -24.49775455273099212, 49.80548822828249911 ) ) ;
#4602 = CARTESIAN_POINT ( 'NONE',  ( -18.24999999999999645, -41.00000000000000000, 46.00000000000000000 ) ) ;
#4603 = CARTESIAN_POINT ( 'NONE',  ( 6.539809849142471876, -44.67814575986520964, 48.00000000000000000 ) ) ;
#4604 = AXIS2_PLACEMENT_3D ( 'NONE', #3944, #1016, #4865 ) ;
#4605 = DIRECTION ( 'NONE',  ( -0.000000000000000000, -0.000000000000000000, -1.000000000000000000 ) ) ;
#4606 = CARTESIAN_POINT ( 'NONE',  ( 17.00000000000000355, -40.99999999999999289, 52.00000000000000000 ) ) ;
#4607 = ORIENTED_EDGE ( 'NONE', *, *, #5156, .F. ) ;
#4608 = CIRCLE ( 'NONE', #4510, 2.000000000000001776 ) ;
#4609 = EDGE_LOOP ( 'NONE', ( #2199, #1111, #1840, #4202 ) ) ;
#4610 = EDGE_CURVE ( 'NONE', #423, #5021, #2627, .T. ) ;
#4611 = CARTESIAN_POINT ( 'NONE',  ( -9.136967527403573541, -16.25252334941185595, 48.35294343983184717 ) ) ;
#4612 = DIRECTION ( 'NONE',  ( 1.000000000000000000, 0.000000000000000000, 0.000000000000000000 ) ) ;
#4613 = DIRECTION ( 'NONE',  ( -0.000000000000000000, -0.000000000000000000, -1.000000000000000000 ) ) ;
#4614 = ORIENTED_EDGE ( 'NONE', *, *, #842, .F. ) ;
#4615 = CYLINDRICAL_SURFACE ( 'NONE', #742, 1.000000000000000888 ) ;
#4616 = DIRECTION ( 'NONE',  ( -1.000000000000000000, 0.000000000000000000, 0.000000000000000000 ) ) ;
#4617 = EDGE_CURVE ( 'NONE', #4450, #2963, #1657, .T. ) ;
#4618 = ADVANCED_FACE ( 'NONE', ( #220 ), #2629, .F. ) ;
#4619 = LINE ( 'NONE', #2129, #6170 ) ;
#4620 = ORIENTED_EDGE ( 'NONE', *, *, #1309, .T. ) ;
#4621 = CARTESIAN_POINT ( 'NONE',  ( 20.50000000000000355, -45.67814575986520964, 48.00000000000000000 ) ) ;
#4622 = ORIENTED_EDGE ( 'NONE', *, *, #2465, .F. ) ;
#4623 = FACE_OUTER_BOUND ( 'NONE', #3204, .T. ) ;
#4624 = DIRECTION ( 'NONE',  ( -0.000000000000000000, 1.000000000000000000, -0.000000000000000000 ) ) ;
#4625 = ORIENTED_EDGE ( 'NONE', *, *, #314, .T. ) ;
#4626 = DIRECTION ( 'NONE',  ( 0.000000000000000000, 0.000000000000000000, 1.000000000000000000 ) ) ;
#4627 = EDGE_CURVE ( 'NONE', #2247, #505, #5618, .T. ) ;
#4628 = ADVANCED_FACE ( 'NONE', ( #2685 ), #4137, .F. ) ;
#4629 = ORIENTED_EDGE ( 'NONE', *, *, #4813, .T. ) ;
#4630 = EDGE_CURVE ( 'NONE', #4639, #5533, #5879, .T. ) ;
#4631 = ORIENTED_EDGE ( 'NONE', *, *, #1344, .F. ) ;
#4632 = FACE_OUTER_BOUND ( 'NONE', #1150, .T. ) ;
#4633 = CARTESIAN_POINT ( 'NONE',  ( -6.685875052008640296, -45.67814575986520964, 1.000000000000000000 ) ) ;
#4634 = CARTESIAN_POINT ( 'NONE',  ( 22.50000000000001421, -7.000000000000006217, 46.00000000000000000 ) ) ;
#4635 = DIRECTION ( 'NONE',  ( -0.000000000000000000, 1.000000000000000000, -0.000000000000000000 ) ) ;
#4636 = DIRECTION ( 'NONE',  ( 0.000000000000000000, -1.000000000000000000, 0.000000000000000000 ) ) ;
#4637 = EDGE_LOOP ( 'NONE', ( #1467, #3989, #1710, #1729 ) ) ;
#4638 = CARTESIAN_POINT ( 'NONE',  ( -11.81786251617137395, 0.000000000000000000, 36.38715187696834619 ) ) ;
#4639 = VERTEX_POINT ( 'NONE', #4592 ) ;
#4640 = DIRECTION ( 'NONE',  ( -0.7071067811865474617, -0.7071067811865474617, 0.000000000000000000 ) ) ;
#4641 = CARTESIAN_POINT ( 'NONE',  ( -15.50000000000000000, -10.00000000000000000, 49.00000000000000000 ) ) ;
#4642 = VECTOR ( 'NONE', #4526, 1000.000000000000000 ) ;
#4643 = DIRECTION ( 'NONE',  ( 0.7071067811865474617, 0.7071067811865474617, 0.000000000000000000 ) ) ;
#4644 = CARTESIAN_POINT ( 'NONE',  ( -12.72482047170554154, -22.83809253254225524, 2.306988294128154315 ) ) ;
#4645 = ORIENTED_EDGE ( 'NONE', *, *, #4478, .F. ) ;
#4646 = CALENDAR_DATE ( 2024, 26, 9 ) ;
#4647 = AXIS2_PLACEMENT_3D ( 'NONE', #1466, #5335, #1051 ) ;
#4648 = CARTESIAN_POINT ( 'NONE',  ( 8.152139359165506249, -15.37268090766246331, 49.86899497458574615 ) ) ;
#4649 = CARTESIAN_POINT ( 'NONE',  ( 2.500000000000004441, -60.50000000000000000, 5.999999999999998224 ) ) ;
#4650 = ORIENTED_EDGE ( 'NONE', *, *, #6071, .T. ) ;
#4651 = CARTESIAN_POINT ( 'NONE',  ( 20.50000000000000355, -59.17157287525381548, 52.00000000000000000 ) ) ;
#4652 = VECTOR ( 'NONE', #5719, 1000.000000000000000 ) ;
#4653 = DIRECTION ( 'NONE',  ( -1.000000000000000000, 0.000000000000000000, 0.000000000000000000 ) ) ;
#4654 = EDGE_CURVE ( 'NONE', #326, #1479, #88, .T. ) ;
#4655 = DIRECTION ( 'NONE',  ( 1.000000000000000000, 1.175176459371563913E-16, -0.000000000000000000 ) ) ;
#4656 = DIRECTION ( 'NONE',  ( 0.000000000000000000, 0.000000000000000000, -1.000000000000000000 ) ) ;
#4657 = VERTEX_POINT ( 'NONE', #4649 ) ;
#4658 = DIRECTION ( 'NONE',  ( -0.7071067811865492381, 0.7071067811865457964, 0.000000000000000000 ) ) ;
#4659 = AXIS2_PLACEMENT_3D ( 'NONE', #4982, #3888, #5369 ) ;
#4660 = EDGE_LOOP ( 'NONE', ( #1122, #2958, #3959, #971 ) ) ;
#4661 = EDGE_CURVE ( 'NONE', #2386, #4984, #733, .T. ) ;
#4662 = EDGE_CURVE ( 'NONE', #2566, #5626, #909, .T. ) ;
#4663 = EDGE_LOOP ( 'NONE', ( #3348, #4176, #4563, #4389 ) ) ;
#4664 = CARTESIAN_POINT ( 'NONE',  ( -20.49999999999999645, -57.48990136207992663, 51.00000000000000000 ) ) ;
#4665 = VECTOR ( 'NONE', #2146, 1000.000000000000000 ) ;
#4666 = CIRCLE ( 'NONE', #5462, 13.00000000000000178 ) ;
#4667 = DIRECTION ( 'NONE',  ( -1.000000000000000000, 0.000000000000000000, 0.000000000000000000 ) ) ;
#4668 = CARTESIAN_POINT ( 'NONE',  ( 13.64213748382861979, -10.00000000000000000, 10.92715187696833468 ) ) ;
#4669 = DIRECTION ( 'NONE',  ( -0.000000000000000000, -0.000000000000000000, -1.000000000000000000 ) ) ;
#4670 = EDGE_CURVE ( 'NONE', #5739, #4956, #3392, .T. ) ;
#4671 = CARTESIAN_POINT ( 'NONE',  ( 5.539809849142475429, -68.00000000000000000, 4.000000000000000000 ) ) ;
#4672 = VECTOR ( 'NONE', #3394, 1000.000000000000000 ) ;
#4673 = ORIENTED_EDGE ( 'NONE', *, *, #5121, .T. ) ;
#4674 = ORIENTED_EDGE ( 'NONE', *, *, #1454, .T. ) ;
#4675 = DIRECTION ( 'NONE',  ( -1.175176459371563913E-16, 1.000000000000000000, 0.000000000000000000 ) ) ;
#4676 = CARTESIAN_POINT ( 'NONE',  ( 0.8240424184599304258, -7.000000000000000000, 25.15779854030026286 ) ) ;
#4677 = CARTESIAN_POINT ( 'NONE',  ( 11.25735931288073566, -67.00000000000000000, 1.000000000000000000 ) ) ;
#4678 = LINE ( 'NONE', #2713, #3240 ) ;
#4679 = ORIENTED_EDGE ( 'NONE', *, *, #5417, .F. ) ;
#4680 = COORDINATED_UNIVERSAL_TIME_OFFSET ( 9, 0, .AHEAD. ) ;
#4681 = AXIS2_PLACEMENT_3D ( 'NONE', #2526, #2030, #3938 ) ;
#4682 = LINE ( 'NONE', #3590, #4047 ) ;
#4683 = CARTESIAN_POINT ( 'NONE',  ( 8.973227552296034304, -16.09304669195396542, 4.184902124914606780 ) ) ;
#4684 = VERTEX_POINT ( 'NONE', #3331 ) ;
#4685 = CARTESIAN_POINT ( 'NONE',  ( 20.50000000000000355, -45.67814575986520964, 0.000000000000000000 ) ) ;
#4686 = CIRCLE ( 'NONE', #5378, 2.749999999999999112 ) ;
#4687 = CYLINDRICAL_SURFACE ( 'NONE', #2695, 1.500000000000001332 ) ;
#4688 = CYLINDRICAL_SURFACE ( 'NONE', #3889, 1.000000000000000000 ) ;
#4689 = ORIENTED_EDGE ( 'NONE', *, *, #53, .T. ) ;
#4690 = CARTESIAN_POINT ( 'NONE',  ( 20.91421356237309226, -60.17157287525382969, 1.000000000000000000 ) ) ;
#4691 = ADVANCED_FACE ( 'NONE', ( #4299 ), #5710, .T. ) ;
#4692 = VERTEX_POINT ( 'NONE', #1851 ) ;
#4693 = ORIENTED_EDGE ( 'NONE', *, *, #696, .T. ) ;
#4694 = DIRECTION ( 'NONE',  ( -1.000000000000000000, 0.000000000000000000, 0.000000000000000000 ) ) ;
#4695 = EDGE_CURVE ( 'NONE', #4008, #721, #5324, .T. ) ;
#4696 = EDGE_CURVE ( 'NONE', #3024, #6164, #1838, .T. ) ;
#4697 = CARTESIAN_POINT ( 'NONE',  ( 4.539809849142472764, -45.67814575986520964, 52.00000000000000000 ) ) ;
#4698 = DIRECTION ( 'NONE',  ( -1.000000000000000000, 0.000000000000000000, 0.000000000000000000 ) ) ;
#4699 = DIRECTION ( 'NONE',  ( -1.000000000000000000, 0.000000000000000000, 0.000000000000000000 ) ) ;
#4700 = CARTESIAN_POINT ( 'NONE',  ( -4.358820447471746462, -13.25252334941184174, 48.49999999999998579 ) ) ;
#4701 = VERTEX_POINT ( 'NONE', #2852 ) ;
#4702 = DIRECTION ( 'NONE',  ( -0.000000000000000000, -0.000000000000000000, -1.000000000000000000 ) ) ;
#4703 = ORIENTED_EDGE ( 'NONE', *, *, #3806, .T. ) ;
#4704 = AXIS2_PLACEMENT_3D ( 'NONE', #2408, #1074, #3370 ) ;
#4705 = EDGE_CURVE ( 'NONE', #3737, #1621, #3864, .T. ) ;
#4706 = DIRECTION ( 'NONE',  ( -1.000000000000000000, -1.115728272363205951E-16, 0.000000000000000000 ) ) ;
#4707 = DIRECTION ( 'NONE',  ( -0.000000000000000000, -0.000000000000000000, 1.000000000000000000 ) ) ;
#4708 = CARTESIAN_POINT ( 'NONE',  ( 9.136967527403571765, -16.25252334941184529, 3.499999999999995559 ) ) ;
#4709 = CARTESIAN_POINT ( 'NONE',  ( -12.59844111860275540, -22.29293097336654839, 3.102787831691423914 ) ) ;
#4710 = VERTEX_POINT ( 'NONE', #4828 ) ;
#4711 = LOCAL_TIME ( 23, 17, 49.00000000000000000, #2780 ) ;
#4712 = CARTESIAN_POINT ( 'NONE',  ( 6.498630176726789998, -14.23739617981588168, 47.08331886947058820 ) ) ;
#4713 = DIRECTION ( 'NONE',  ( 0.000000000000000000, 0.000000000000000000, -1.000000000000000000 ) ) ;
#4714 = ORIENTED_EDGE ( 'NONE', *, *, #4147, .T. ) ;
#4715 = CARTESIAN_POINT ( 'NONE',  ( -26.50000000000002842, -22.25252334941183818, 3.500000000000003109 ) ) ;
#4716 = CYLINDRICAL_SURFACE ( 'NONE', #4746, 1.000000000000000888 ) ;
#4717 = CARTESIAN_POINT ( 'NONE',  ( 22.50000000000000000, 0.000000000000000000, 46.00000000000000000 ) ) ;
#4718 = EDGE_LOOP ( 'NONE', ( #4752, #5292, #5693, #5903 ) ) ;
#4719 = DIRECTION ( 'NONE',  ( 0.000000000000000000, 0.000000000000000000, -1.000000000000000000 ) ) ;
#4720 = VERTEX_POINT ( 'NONE', #2374 ) ;
#4721 = ORIENTED_EDGE ( 'NONE', *, *, #6080, .F. ) ;
#4722 = DIRECTION ( 'NONE',  ( 1.000000000000000000, 0.000000000000000000, 0.000000000000000000 ) ) ;
#4723 = FACE_OUTER_BOUND ( 'NONE', #514, .T. ) ;
#4724 = DIRECTION ( 'NONE',  ( 0.6897428357855004410, -0.7240544319887671776, 0.000000000000000000 ) ) ;
#4725 = ADVANCED_FACE ( 'NONE', ( #349 ), #3297, .F. ) ;
#4726 = CARTESIAN_POINT ( 'NONE',  ( 13.64213748382861979, -6.999999999999978684, 12.42715187696833468 ) ) ;
#4727 = ORIENTED_EDGE ( 'NONE', *, *, #4110, .T. ) ;
#4728 = ORIENTED_EDGE ( 'NONE', *, *, #3400, .T. ) ;
#4729 = LINE ( 'NONE', #1416, #2215 ) ;
#4730 = CARTESIAN_POINT ( 'NONE',  ( -12.75000000000000178, -10.00000000000000000, 49.00000000000000000 ) ) ;
#4731 = CARTESIAN_POINT ( 'NONE',  ( 11.67157287525382614, -68.00000000000000000, -5.000000000000011546 ) ) ;
#4732 = CARTESIAN_POINT ( 'NONE',  ( 12.58784713141547584, -22.25252334941183463, 3.500000000000003553 ) ) ;
#4733 = VERTEX_POINT ( 'NONE', #4738 ) ;
#4734 = EDGE_CURVE ( 'NONE', #5070, #5586, #5882, .T. ) ;
#4735 = EDGE_CURVE ( 'NONE', #5994, #1073, #4378, .T. ) ;
#4736 = CALENDAR_DATE ( 2024, 26, 9 ) ;
#4737 = CARTESIAN_POINT ( 'NONE',  ( 8.570763945842521991, -15.72175461843904110, 47.33717833457064472 ) ) ;
#4738 = CARTESIAN_POINT ( 'NONE',  ( 22.50000000000000711, -59.17157287525380838, 52.00000000000000000 ) ) ;
#4739 = ORIENTED_EDGE ( 'NONE', *, *, #3432, .T. ) ;
#4740 = LINE ( 'NONE', #1459, #5468 ) ;
#4741 = CARTESIAN_POINT ( 'NONE',  ( -12.06465996625052028, -70.00000000000000000, 52.00000000000000000 ) ) ;
#4742 = ADVANCED_FACE ( 'NONE', ( #1942 ), #5804, .F. ) ;
#4743 = DIRECTION ( 'NONE',  ( 1.000000000000000000, 0.000000000000000000, 0.000000000000000000 ) ) ;
#4744 = VERTEX_POINT ( 'NONE', #535 ) ;
#4745 = DIRECTION ( 'NONE',  ( -0.000000000000000000, -0.000000000000000000, 1.000000000000000000 ) ) ;
#4746 = AXIS2_PLACEMENT_3D ( 'NONE', #1822, #1854, #1759 ) ;
#4747 = ORIENTED_EDGE ( 'NONE', *, *, #5187, .T. ) ;
#4748 = CIRCLE ( 'NONE', #3113, 1.000000000000000000 ) ;
#4749 = ORIENTED_EDGE ( 'NONE', *, *, #4812, .F. ) ;
#4750 = CARTESIAN_POINT ( 'NONE',  ( -22.50000000000000000, 0.000000000000000000, 52.00000000000000000 ) ) ;
#4751 = LINE ( 'NONE', #6208, #5571 ) ;
#4752 = ORIENTED_EDGE ( 'NONE', *, *, #3166, .F. ) ;
#4753 = AXIS2_PLACEMENT_3D ( 'NONE', #434, #2366, #1932 ) ;
#4754 = FACE_OUTER_BOUND ( 'NONE', #5222, .T. ) ;
#4755 = CIRCLE ( 'NONE', #5450, 2.749999999999999112 ) ;
#4756 = LINE ( 'NONE', #96, #4882 ) ;
#4757 = EDGE_LOOP ( 'NONE', ( #6285, #4131, #2888, #4449 ) ) ;
#4758 = DIRECTION ( 'NONE',  ( 1.000000000000000000, 0.000000000000000000, 0.000000000000000000 ) ) ;
#4759 = AXIS2_PLACEMENT_3D ( 'NONE', #1672, #2610, #3645 ) ;
#4760 = VERTEX_POINT ( 'NONE', #1617 ) ;
#4761 = CIRCLE ( 'NONE', #6063, 2.000000000000001776 ) ;
#4762 = DIRECTION ( 'NONE',  ( 1.000000000000000000, 0.000000000000000000, 0.000000000000000000 ) ) ;
#4763 = EDGE_CURVE ( 'NONE', #4956, #1354, #1731, .T. ) ;
#4764 = DIRECTION ( 'NONE',  ( 0.000000000000000000, 0.000000000000000000, 1.000000000000000000 ) ) ;
#4765 = DIRECTION ( 'NONE',  ( 0.000000000000000000, 0.000000000000000000, -1.000000000000000000 ) ) ;
#4766 = FACE_OUTER_BOUND ( 'NONE', #3223, .T. ) ;
#4767 = CIRCLE ( 'NONE', #2513, 1.500000000000004885 ) ;
#4768 = ORIENTED_EDGE ( 'NONE', *, *, #1577, .T. ) ;
#4769 = DATE_TIME_ROLE ( 'creation_date' ) ;
#4770 = CIRCLE ( 'NONE', #1108, 2.500000000000000888 ) ;
#4771 = CARTESIAN_POINT ( 'NONE',  ( -15.49999999999999645, -41.00000000000000000, 52.00000000000000000 ) ) ;
#4772 = EDGE_CURVE ( 'NONE', #2061, #5474, #5071, .T. ) ;
#4773 = CARTESIAN_POINT ( 'NONE',  ( 4.592936371523026473, -13.33804245042397874, 4.013149911055997165 ) ) ;
#4774 = EDGE_CURVE ( 'NONE', #3859, #5500, #1218, .T. ) ;
#4775 = VERTEX_POINT ( 'NONE', #4944 ) ;
#4776 = DIRECTION ( 'NONE',  ( 0.000000000000000000, 0.000000000000000000, 1.000000000000000000 ) ) ;
#4777 = LINE ( 'NONE', #2253, #1993 ) ;
#4778 = CIRCLE ( 'NONE', #2835, 1.000000000000000888 ) ;
#4779 = LINE ( 'NONE', #353, #2557 ) ;
#4780 = VERTEX_POINT ( 'NONE', #4035 ) ;
#4781 = CARTESIAN_POINT ( 'NONE',  ( -15.50000000000000000, -10.00000000000000000, 49.00000000000000000 ) ) ;
#4782 = AXIS2_PLACEMENT_3D ( 'NONE', #3898, #2841, #3928 ) ;
#4783 = ADVANCED_FACE ( 'NONE', ( #2437 ), #596, .F. ) ;
#4784 = ORIENTED_EDGE ( 'NONE', *, *, #1161, .F. ) ;
#4785 = AXIS2_PLACEMENT_3D ( 'NONE', #4063, #1609, #3033 ) ;
#4786 = ORIENTED_EDGE ( 'NONE', *, *, #4390, .F. ) ;
#4787 = LINE ( 'NONE', #6263, #886 ) ;
#4788 = EDGE_LOOP ( 'NONE', ( #4420, #5660, #4412, #5521 ) ) ;
#4789 = AXIS2_PLACEMENT_3D ( 'NONE', #6085, #2644, #5667 ) ;
#4790 = FACE_OUTER_BOUND ( 'NONE', #2094, .T. ) ;
#4791 = FACE_BOUND ( 'NONE', #5608, .T. ) ;
#4792 = FACE_OUTER_BOUND ( 'NONE', #4876, .T. ) ;
#4793 = EDGE_LOOP ( 'NONE', ( #5942, #2192 ) ) ;
#4794 = CARTESIAN_POINT ( 'NONE',  ( 12.67157287525382969, -68.41421356237309226, 1.000000000000000000 ) ) ;
#4795 = DIRECTION ( 'NONE',  ( -0.000000000000000000, 1.000000000000000000, -0.000000000000000000 ) ) ;
#4796 = CARTESIAN_POINT ( 'NONE',  ( -20.49999999999999645, -57.88997158201483728, 1.000000000000000000 ) ) ;
#4797 = DIRECTION ( 'NONE',  ( -1.000000000000000000, 0.000000000000000000, 0.000000000000000000 ) ) ;
#4798 = ORIENTED_EDGE ( 'NONE', *, *, #3806, .F. ) ;
#4799 = LINE ( 'NONE', #1481, #311 ) ;
#4800 = CARTESIAN_POINT ( 'NONE',  ( 4.594349781617774298, -13.33857156165794855, 47.98527400901080853 ) ) ;
#4801 = VERTEX_POINT ( 'NONE', #2461 ) ;
#4802 = CARTESIAN_POINT ( 'NONE',  ( -11.81786251617137928, -6.999999999999978684, 12.42715187696833645 ) ) ;
#4803 = LINE ( 'NONE', #444, #868 ) ;
#4804 = AXIS2_PLACEMENT_3D ( 'NONE', #1790, #4832, #2467 ) ;
#4805 = FACE_BOUND ( 'NONE', #4834, .T. ) ;
#4806 = CARTESIAN_POINT ( 'NONE',  ( -6.007546684239314594, -13.96796540843832446, 49.78717141970653870 ) ) ;
#4807 = DIRECTION ( 'NONE',  ( -0.000000000000000000, -0.000000000000000000, 1.000000000000000000 ) ) ;
#4808 = ADVANCED_FACE ( 'NONE', ( #3975 ), #5394, .F. ) ;
#4809 = EDGE_CURVE ( 'NONE', #4032, #65, #5575, .T. ) ;
#4810 = CYLINDRICAL_SURFACE ( 'NONE', #4451, 1.000000000000000888 ) ;
#4811 = ORIENTED_EDGE ( 'NONE', *, *, #5068, .T. ) ;
#4812 = EDGE_CURVE ( 'NONE', #5939, #2327, #45, .T. ) ;
#4813 = EDGE_CURVE ( 'NONE', #1925, #5284, #3142, .T. ) ;
#4814 = EDGE_LOOP ( 'NONE', ( #882, #5927, #3797, #4436 ) ) ;
#4815 = DIRECTION ( 'NONE',  ( 0.000000000000000000, 0.000000000000000000, 1.000000000000000000 ) ) ;
#4816 = ORIENTED_EDGE ( 'NONE', *, *, #2414, .T. ) ;
#4817 = ORIENTED_EDGE ( 'NONE', *, *, #4115, .T. ) ;
#4818 = CARTESIAN_POINT ( 'NONE',  ( 21.50000000000000355, -58.75735931288073743, 52.00000000000000000 ) ) ;
#4819 = FACE_BOUND ( 'NONE', #3303, .T. ) ;
#4820 = DIRECTION ( 'NONE',  ( -1.000000000000000000, 0.000000000000000000, -0.000000000000000000 ) ) ;
#4821 = CARTESIAN_POINT ( 'NONE',  ( -33.14501880518503896, -68.61298871688897805, 5.999999999999998224 ) ) ;
#4822 = DIRECTION ( 'NONE',  ( 0.000000000000000000, 0.000000000000000000, 1.000000000000000000 ) ) ;
#4823 = DIRECTION ( 'NONE',  ( 0.7071067811865475727, -0.7071067811865475727, 0.000000000000000000 ) ) ;
#4824 = DIRECTION ( 'NONE',  ( 0.000000000000000000, 0.000000000000000000, 1.000000000000000000 ) ) ;
#4825 = VERTEX_POINT ( 'NONE', #4491 ) ;
#4826 = CARTESIAN_POINT ( 'NONE',  ( -6.498500514662902461, -14.23731750232364668, 2.083338585224728590 ) ) ;
#4827 = CARTESIAN_POINT ( 'NONE',  ( 22.50000000000000711, -59.17157287525380838, 52.00000000000000000 ) ) ;
#4828 = CARTESIAN_POINT ( 'NONE',  ( -22.49999999999999645, -22.25252334941183818, 3.500000000000003109 ) ) ;
#4829 = DIRECTION ( 'NONE',  ( -1.000000000000000000, 0.000000000000000000, 0.000000000000000000 ) ) ;
#4830 = CARTESIAN_POINT ( 'NONE',  ( -11.81786251617137395, 0.000000000000000000, 39.38715187696834619 ) ) ;
#4831 = DIRECTION ( 'NONE',  ( -0.000000000000000000, -0.000000000000000000, -1.000000000000000000 ) ) ;
#4832 = DIRECTION ( 'NONE',  ( -0.7071067811865475727, 0.7071067811865475727, 0.000000000000000000 ) ) ;
#4833 = DIRECTION ( 'NONE',  ( -1.172673560416567696E-16, 1.000000000000000000, -0.000000000000000000 ) ) ;
#4834 = EDGE_LOOP ( 'NONE', ( #4927, #5670 ) ) ;
#4835 = ADVANCED_FACE ( 'NONE', ( #18 ), #5476, .T. ) ;
#4836 = AXIS2_PLACEMENT_3D ( 'NONE', #2580, #2552, #5482 ) ;
#4837 = EDGE_LOOP ( 'NONE', ( #3862, #4164, #2457, #1126 ) ) ;
#4838 = DIRECTION ( 'NONE',  ( -0.000000000000000000, -0.000000000000000000, -1.000000000000000000 ) ) ;
#4839 = AXIS2_PLACEMENT_3D ( 'NONE', #4895, #538, #6226 ) ;
#4840 = ORIENTED_EDGE ( 'NONE', *, *, #2167, .T. ) ;
#4841 = ORIENTED_EDGE ( 'NONE', *, *, #991, .T. ) ;
#4842 = ADVANCED_FACE ( 'NONE', ( #4860 ), #115, .F. ) ;
#4843 = CARTESIAN_POINT ( 'NONE',  ( -12.99764422145081078, -25.25252334941184884, 48.49999999999997868 ) ) ;
#4844 = EDGE_CURVE ( 'NONE', #5320, #5715, #915, .T. ) ;
#4845 = CIRCLE ( 'NONE', #4245, 7.750000000000000000 ) ;
#4846 = CARTESIAN_POINT ( 'NONE',  ( 15.50000000000000000, -10.00000000000000178, 49.00000000000000000 ) ) ;
#4847 = AXIS2_PLACEMENT_3D ( 'NONE', #803, #2728, #1249 ) ;
#4848 = DIRECTION ( 'NONE',  ( 0.000000000000000000, 0.000000000000000000, 1.000000000000000000 ) ) ;
#4849 = DIRECTION ( 'NONE',  ( 1.000000000000000000, 1.172673560416567696E-16, 0.000000000000000000 ) ) ;
#4850 = ADVANCED_FACE ( 'NONE', ( #558 ), #4520, .F. ) ;
#4851 = DIRECTION ( 'NONE',  ( -1.000000000000000000, 0.000000000000000000, 0.000000000000000000 ) ) ;
#4852 = CARTESIAN_POINT ( 'NONE',  ( 20.50000000000000355, -59.17157287525381548, 52.00000000000000000 ) ) ;
#4853 = ORIENTED_EDGE ( 'NONE', *, *, #6199, .F. ) ;
#4854 = CARTESIAN_POINT ( 'NONE',  ( -10.44056729256981519, -68.00000000000000000, 52.00000000000000000 ) ) ;
#4855 = AXIS2_PLACEMENT_3D ( 'NONE', #5997, #241, #3097 ) ;
#4856 = VECTOR ( 'NONE', #1209, 1000.000000000000114 ) ;
#4857 = FACE_BOUND ( 'NONE', #4995, .T. ) ;
#4858 = ORIENTED_EDGE ( 'NONE', *, *, #5771, .F. ) ;
#4859 = VECTOR ( 'NONE', #6, 1000.000000000000000 ) ;
#4860 = FACE_OUTER_BOUND ( 'NONE', #2764, .T. ) ;
#4861 = AXIS2_PLACEMENT_3D ( 'NONE', #2747, #5288, #1807 ) ;
#4862 = EDGE_LOOP ( 'NONE', ( #2604, #4263 ) ) ;
#4863 = CARTESIAN_POINT ( 'NONE',  ( -20.22405443198876540, -58.17964419786542862, 4.000000000000000000 ) ) ;
#4864 = CARTESIAN_POINT ( 'NONE',  ( -4.358820447471744686, -13.25252334941184174, 3.574092911081527824 ) ) ;
#4865 = DIRECTION ( 'NONE',  ( -1.000000000000000000, 0.000000000000000000, 0.000000000000000000 ) ) ;
#4866 = AXIS2_PLACEMENT_3D ( 'NONE', #5961, #2949, #1070 ) ;
#4867 = CIRCLE ( 'NONE', #2120, 2.749999999999999112 ) ;
#4868 = FACE_OUTER_BOUND ( 'NONE', #3574, .T. ) ;
#4869 = EDGE_LOOP ( 'NONE', ( #2278, #97, #1423, #3344 ) ) ;
#4870 = AXIS2_PLACEMENT_3D ( 'NONE', #1201, #1715, #725 ) ;
#4871 = EDGE_LOOP ( 'NONE', ( #5045, #3878 ) ) ;
#4872 = EDGE_CURVE ( 'NONE', #3455, #1231, #4778, .T. ) ;
#4873 = CARTESIAN_POINT ( 'NONE',  ( 13.08578643762691662, -69.41421356237309226, 52.00000000000000000 ) ) ;
#4874 = AXIS2_PLACEMENT_3D ( 'NONE', #1457, #377, #1067 ) ;
#4875 = ORIENTED_EDGE ( 'NONE', *, *, #4110, .F. ) ;
#4876 = EDGE_LOOP ( 'NONE', ( #1087, #5216, #934, #984 ) ) ;
#4877 = DIRECTION ( 'NONE',  ( 0.000000000000000000, 0.000000000000000000, 1.000000000000000000 ) ) ;
#4878 = AXIS2_PLACEMENT_3D ( 'NONE', #1378, #4384, #2451 ) ;
#4879 = DIRECTION ( 'NONE',  ( -0.000000000000000000, 1.000000000000000000, -0.000000000000000000 ) ) ;
#4880 = ADVANCED_FACE ( 'NONE', ( #2489 ), #1011, .F. ) ;
#4881 = EDGE_CURVE ( 'NONE', #163, #4558, #816, .T. ) ;
#4882 = VECTOR ( 'NONE', #1563, 1000.000000000000000 ) ;
#4883 = CARTESIAN_POINT ( 'NONE',  ( 24.05648139496203797, 0.000000000000000000, 51.99999999999999289 ) ) ;
#4884 = LINE ( 'NONE', #1034, #1503 ) ;
#4885 = CYLINDRICAL_SURFACE ( 'NONE', #5135, 13.00000000000000178 ) ;
#4886 = ORIENTED_EDGE ( 'NONE', *, *, #5691, .F. ) ;
#4887 = CARTESIAN_POINT ( 'NONE',  ( -7.470399507936287264, -14.85691389245966576, 1.993703272866863552 ) ) ;
#4888 = ORIENTED_EDGE ( 'NONE', *, *, #2765, .F. ) ;
#4889 = EDGE_CURVE ( 'NONE', #5989, #1042, #1871, .T. ) ;
#4890 = ORIENTED_EDGE ( 'NONE', *, *, #4813, .F. ) ;
#4891 = CARTESIAN_POINT ( 'NONE',  ( -15.50000000000000000, -10.00000000000000000, 3.000000000000000000 ) ) ;
#4892 = CARTESIAN_POINT ( 'NONE',  ( 15.50000000000000355, -40.99999999999999289, 3.000000000000000000 ) ) ;
#4893 = CARTESIAN_POINT ( 'NONE',  ( -4.685875052008641184, -45.67814575986520964, 0.000000000000000000 ) ) ;
#4894 = DIRECTION ( 'NONE',  ( 0.000000000000000000, 0.000000000000000000, 1.000000000000000000 ) ) ;
#4895 = CARTESIAN_POINT ( 'NONE',  ( 15.50000000000000355, -40.99999999999999289, 49.00000000000000000 ) ) ;
#4896 = LINE ( 'NONE', #981, #1862 ) ;
#4897 = FACE_BOUND ( 'NONE', #2572, .T. ) ;
#4898 = CIRCLE ( 'NONE', #3991, 1.000000000000000888 ) ;
#4899 = ORIENTED_EDGE ( 'NONE', *, *, #1745, .F. ) ;
#4900 = ORIENTED_EDGE ( 'NONE', *, *, #5720, .T. ) ;
#4901 = CARTESIAN_POINT ( 'NONE',  ( 5.539809849142475429, -67.00000000000000000, 48.00000000000000000 ) ) ;
#4902 = VERTEX_POINT ( 'NONE', #875 ) ;
#4903 = EDGE_LOOP ( 'NONE', ( #3502, #5485, #5945, #3973 ) ) ;
#4904 = CYLINDRICAL_SURFACE ( 'NONE', #4261, 1.500000000000001332 ) ;
#4905 = PLANE ( 'NONE',  #5784 ) ;
#4906 = LINE ( 'NONE', #1985, #187 ) ;
#4907 = DIRECTION ( 'NONE',  ( 0.6897428357855025505, -0.7240544319887650682, -0.000000000000000000 ) ) ;
#4908 = CARTESIAN_POINT ( 'NONE',  ( -24.49999999999999289, -59.04554884989668295, 0.000000000000000000 ) ) ;
#4909 = ADVANCED_FACE ( 'NONE', ( #5577, #1259 ), #751, .T. ) ;
#4910 = ORIENTED_EDGE ( 'NONE', *, *, #4317, .T. ) ;
#4911 = CARTESIAN_POINT ( 'NONE',  ( -5.758333223029823422, -13.84176519833821573, 2.297871794418730129 ) ) ;
#4912 = ORIENTED_EDGE ( 'NONE', *, *, #3286, .T. ) ;
#4913 = ORIENTED_EDGE ( 'NONE', *, *, #2235, .T. ) ;
#4914 = DIRECTION ( 'NONE',  ( 0.000000000000000000, 0.000000000000000000, 1.000000000000000000 ) ) ;
#4915 = CARTESIAN_POINT ( 'NONE',  ( 18.25000000000000355, -40.99999999999999289, 3.000000000000000000 ) ) ;
#4916 = DIRECTION ( 'NONE',  ( -0.000000000000000000, -0.000000000000000000, -1.000000000000000000 ) ) ;
#4917 = CARTESIAN_POINT ( 'NONE',  ( 12.99599653652276210, -25.17516218697525332, 48.01434098568313402 ) ) ;
#4918 = ADVANCED_FACE ( 'NONE', ( #1775 ), #5276, .T. ) ;
#4919 = ADVANCED_FACE ( 'NONE', ( #1232 ), #4194, .F. ) ;
#4920 = CARTESIAN_POINT ( 'NONE',  ( -10.86906707174016518, -68.00000000000000000, -5.000000000000011546 ) ) ;
#4921 = LINE ( 'NONE', #5782, #3473 ) ;
#4922 = DIRECTION ( 'NONE',  ( -1.000000000000000000, 0.000000000000000000, 0.000000000000000000 ) ) ;
#4923 = ORIENTED_EDGE ( 'NONE', *, *, #3486, .F. ) ;
#4924 = ADVANCED_FACE ( 'NONE', ( #5671 ), #1015, .T. ) ;
#4925 = LINE ( 'NONE', #5525, #4642 ) ;
#4926 = FACE_BOUND ( 'NONE', #391, .T. ) ;
#4927 = ORIENTED_EDGE ( 'NONE', *, *, #1946, .F. ) ;
#4928 = CARTESIAN_POINT ( 'NONE',  ( 19.50000000000000355, -43.67814575986520964, 51.00000000000000000 ) ) ;
#4929 = VECTOR ( 'NONE', #4669, 1000.000000000000000 ) ;
#4930 = ORIENTED_EDGE ( 'NONE', *, *, #3196, .T. ) ;
#4931 = CARTESIAN_POINT ( 'NONE',  ( -20.49999999999999645, -57.48990136207992663, 48.00000000000000000 ) ) ;
#4932 = VECTOR ( 'NONE', #1275, 1000.000000000000000 ) ;
#4933 = VERTEX_POINT ( 'NONE', #2745 ) ;
#4934 = CARTESIAN_POINT ( 'NONE',  ( 12.75758263690693717, -22.99982147338740646, 49.80111511213163311 ) ) ;
#4935 = LINE ( 'NONE', #5316, #5970 ) ;
#4936 = CARTESIAN_POINT ( 'NONE',  ( 4.539809849142473652, -59.04554884989668295, 0.000000000000000000 ) ) ;
#4937 = CARTESIAN_POINT ( 'NONE',  ( -15.49999999999999645, -41.00000000000000000, 52.00000000000000000 ) ) ;
#4938 = ORIENTED_EDGE ( 'NONE', *, *, #5225, .T. ) ;
#4939 = CARTESIAN_POINT ( 'NONE',  ( -20.49999999999999645, -44.67814575986520964, 4.000000000000000000 ) ) ;
#4940 = EDGE_LOOP ( 'NONE', ( #1556, #6075 ) ) ;
#4941 = ORIENTED_EDGE ( 'NONE', *, *, #958, .T. ) ;
#4942 = ADVANCED_FACE ( 'NONE', ( #271 ), #5635, .F. ) ;
#4943 = CYLINDRICAL_SURFACE ( 'NONE', #3539, 2.749999999999999112 ) ;
#4944 = CARTESIAN_POINT ( 'NONE',  ( -12.74999999999999822, -41.00000000000000000, 49.00000000000000000 ) ) ;
#4945 = CYLINDRICAL_SURFACE ( 'NONE', #3919, 1.000000000000000888 ) ;
#4946 = DIRECTION ( 'NONE',  ( 1.000000000000000000, 0.000000000000000000, 0.000000000000000000 ) ) ;
#4947 = VECTOR ( 'NONE', #495, 1000.000000000000000 ) ;
#4948 = AXIS2_PLACEMENT_3D ( 'NONE', #4452, #2974, #2029 ) ;
#4949 = ORIENTED_EDGE ( 'NONE', *, *, #717, .T. ) ;
#4950 = CARTESIAN_POINT ( 'NONE',  ( -11.81786251617137928, 0.000000000000000000, 10.92715187696833645 ) ) ;
#4951 = DIRECTION ( 'NONE',  ( 0.000000000000000000, 0.000000000000000000, -1.000000000000000000 ) ) ;
#4952 = EDGE_CURVE ( 'NONE', #1098, #738, #2524, .T. ) ;
#4953 = CIRCLE ( 'NONE', #5969, 1.000000000000000888 ) ;
#4954 = EDGE_CURVE ( 'NONE', #317, #710, #2631, .T. ) ;
#4955 = AXIS2_PLACEMENT_3D ( 'NONE', #5794, #1446, #3448 ) ;
#4956 = VERTEX_POINT ( 'NONE', #1804 ) ;
#4957 = CARTESIAN_POINT ( 'NONE',  ( 12.80673678196874476, -23.26486385418791158, 4.921853405264508652 ) ) ;
#4958 = AXIS2_PLACEMENT_3D ( 'NONE', #2279, #646, #5116 ) ;
#4959 = VECTOR ( 'NONE', #2767, 1000.000000000000000 ) ;
#4960 = CARTESIAN_POINT ( 'NONE',  ( -20.22405443198876540, -58.17964419786542862, 48.00000000000000000 ) ) ;
#4961 = ORIENTED_EDGE ( 'NONE', *, *, #4311, .F. ) ;
#4962 = DIRECTION ( 'NONE',  ( 0.000000000000000000, -0.000000000000000000, 1.000000000000000000 ) ) ;
#4963 = EDGE_CURVE ( 'NONE', #1372, #358, #1325, .T. ) ;
#4964 = VECTOR ( 'NONE', #5201, 1000.000000000000114 ) ;
#4965 = ORIENTED_EDGE ( 'NONE', *, *, #3091, .T. ) ;
#4966 = CARTESIAN_POINT ( 'NONE',  ( 20.50000000000000355, -44.67814575986520964, 4.000000000000000000 ) ) ;
#4967 = ORIENTED_EDGE ( 'NONE', *, *, #1071, .T. ) ;
#4968 = CARTESIAN_POINT ( 'NONE',  ( -12.62640359689137171, -22.40557768092352475, 4.167390152808786219 ) ) ;
#4969 = CARTESIAN_POINT ( 'NONE',  ( 6.539809849142472764, -44.67814575986520964, 51.00000000000000000 ) ) ;
#4970 = AXIS2_PLACEMENT_3D ( 'NONE', #5542, #3580, #5897 ) ;
#4971 = DIRECTION ( 'NONE',  ( 0.000000000000000000, 1.000000000000000000, 0.000000000000000000 ) ) ;
#4972 = CARTESIAN_POINT ( 'NONE',  ( -18.24999999999999645, -41.00000000000000000, 6.000000000000000000 ) ) ;
#4973 = ORIENTED_EDGE ( 'NONE', *, *, #645, .T. ) ;
#4974 = FACE_OUTER_BOUND ( 'NONE', #3373, .T. ) ;
#4975 = ORIENTED_EDGE ( 'NONE', *, *, #1655, .T. ) ;
#4976 = VECTOR ( 'NONE', #682, 1000.000000000000000 ) ;
#4977 = VERTEX_POINT ( 'NONE', #4638 ) ;
#4978 = DIRECTION ( 'NONE',  ( 1.000000000000000000, 0.000000000000000000, 0.000000000000000000 ) ) ;
#4979 = DIRECTION ( 'NONE',  ( 0.000000000000000000, 0.000000000000000000, 1.000000000000000000 ) ) ;
#4980 = CARTESIAN_POINT ( 'NONE',  ( -31.99999999999999289, -72.50000000000001421, 52.00000000000000000 ) ) ;
#4981 = DIRECTION ( 'NONE',  ( 0.000000000000000000, 0.000000000000000000, 1.000000000000000000 ) ) ;
#4982 = CARTESIAN_POINT ( 'NONE',  ( -21.50000000000000000, -59.04554884989668295, 1.000000000000000000 ) ) ;
#4983 = ORIENTED_EDGE ( 'NONE', *, *, #2659, .F. ) ;
#4984 = VERTEX_POINT ( 'NONE', #6087 ) ;
#4985 = CARTESIAN_POINT ( 'NONE',  ( 4.539809849142471876, -45.67814575986520964, 0.000000000000000000 ) ) ;
#4986 = EDGE_CURVE ( 'NONE', #5626, #2566, #6190, .T. ) ;
#4987 = DIRECTION ( 'NONE',  ( 1.000000000000000000, 0.000000000000000000, 0.000000000000000000 ) ) ;
#4988 = ORIENTED_EDGE ( 'NONE', *, *, #4390, .T. ) ;
#4989 = CARTESIAN_POINT ( 'NONE',  ( -6.685875052008640296, -45.67814575986520964, 51.00000000000000000 ) ) ;
#4990 = ORIENTED_EDGE ( 'NONE', *, *, #3326, .T. ) ;
#4991 = CARTESIAN_POINT ( 'NONE',  ( 13.00000000000000533, -25.50000000000000355, 46.00000000000000000 ) ) ;
#4992 = VECTOR ( 'NONE', #25, 1000.000000000000000 ) ;
#4993 = ADVANCED_FACE ( 'NONE', ( #3284 ), #4278, .T. ) ;
#4994 = EDGE_CURVE ( 'NONE', #1791, #1135, #2230, .T. ) ;
#4995 = EDGE_LOOP ( 'NONE', ( #5850, #4231 ) ) ;
#4996 = CARTESIAN_POINT ( 'NONE',  ( 15.50000000000000000, -10.00000000000000178, 46.00000000000000000 ) ) ;
#4997 = EDGE_CURVE ( 'NONE', #5091, #3024, #1629, .T. ) ;
#4998 = DIRECTION ( 'NONE',  ( 0.000000000000000000, 0.000000000000000000, 1.000000000000000000 ) ) ;
#4999 = FACE_BOUND ( 'NONE', #2481, .T. ) ;
#5000 = DIRECTION ( 'NONE',  ( 1.000000000000000000, 0.000000000000000000, -0.000000000000000000 ) ) ;
#5001 = EDGE_CURVE ( 'NONE', #542, #5739, #5581, .T. ) ;
#5002 = ORIENTED_EDGE ( 'NONE', *, *, #5262, .F. ) ;
#5003 = CYLINDRICAL_SURFACE ( 'NONE', #6096, 1.000000000000000000 ) ;
#5004 = EDGE_LOOP ( 'NONE', ( #2602, #3792, #4162, #4409 ) ) ;
#5005 = ORIENTED_EDGE ( 'NONE', *, *, #95, .T. ) ;
#5006 = FACE_BOUND ( 'NONE', #3053, .T. ) ;
#5007 = LINE ( 'NONE', #1778, #4561 ) ;
#5008 = CARTESIAN_POINT ( 'NONE',  ( 11.67157287525381548, -68.00000000000000000, 52.00000000000000000 ) ) ;
#5009 = CARTESIAN_POINT ( 'NONE',  ( 12.99764422145081433, -25.25252334941184884, 48.49999999999997868 ) ) ;
#5010 = ORIENTED_EDGE ( 'NONE', *, *, #836, .F. ) ;
#5011 = DIRECTION ( 'NONE',  ( 0.000000000000000000, 0.000000000000000000, 1.000000000000000000 ) ) ;
#5012 = CARTESIAN_POINT ( 'NONE',  ( 6.742750411257073750, -14.38162486851266664, 49.96181182140389865 ) ) ;
#5013 = EDGE_LOOP ( 'NONE', ( #4405, #2445 ) ) ;
#5014 = CYLINDRICAL_SURFACE ( 'NONE', #3930, 1.000000000000000000 ) ;
#5015 = CARTESIAN_POINT ( 'NONE',  ( 5.539809849142475429, -68.00000000000000000, 48.00000000000000000 ) ) ;
#5016 = LINE ( 'NONE', #4111, #2832 ) ;
#5017 = ORIENTED_EDGE ( 'NONE', *, *, #2167, .F. ) ;
#5018 = CYLINDRICAL_SURFACE ( 'NONE', #4847, 1.500000000000001332 ) ;
#5019 = EDGE_CURVE ( 'NONE', #625, #4692, #99, .T. ) ;
#5020 = ORIENTED_EDGE ( 'NONE', *, *, #2456, .T. ) ;
#5021 = VERTEX_POINT ( 'NONE', #3410 ) ;
#5022 = CARTESIAN_POINT ( 'NONE',  ( -12.82285282386766490, -23.35349554780316339, 4.958879259295790654 ) ) ;
#5023 = LINE ( 'NONE', #810, #1490 ) ;
#5024 = CIRCLE ( 'NONE', #1583, 2.000000000000001776 ) ;
#5025 = EDGE_CURVE ( 'NONE', #455, #627, #3560, .T. ) ;
#5026 = ADVANCED_FACE ( 'NONE', ( #5287 ), #4442, .F. ) ;
#5027 = CARTESIAN_POINT ( 'NONE',  ( 11.25735931288073566, -69.00000000000000000, 51.00000000000000000 ) ) ;
#5028 = DIRECTION ( 'NONE',  ( -0.000000000000000000, -0.000000000000000000, -1.000000000000000000 ) ) ;
#5029 = DIRECTION ( 'NONE',  ( -1.000000000000000000, 0.000000000000000000, 0.000000000000000000 ) ) ;
#5030 = AXIS2_PLACEMENT_3D ( 'NONE', #4574, #5098, #4159 ) ;
#5031 = DIRECTION ( 'NONE',  ( 1.000000000000000000, 0.000000000000000000, 0.000000000000000000 ) ) ;
#5032 = ORIENTED_EDGE ( 'NONE', *, *, #5962, .F. ) ;
#5033 = VERTEX_POINT ( 'NONE', #4320 ) ;
#5034 = EDGE_CURVE ( 'NONE', #4224, #5734, #5684, .T. ) ;
#5035 = AXIS2_PLACEMENT_3D ( 'NONE', #1700, #5661, #3639 ) ;
#5036 = CARTESIAN_POINT ( 'NONE',  ( -8.747452865161646329, -15.88245827638094099, 47.50688332694254257 ) ) ;
#5037 = DIRECTION ( 'NONE',  ( -0.000000000000000000, -0.000000000000000000, -1.000000000000000000 ) ) ;
#5038 = CARTESIAN_POINT ( 'NONE',  ( 11.67157287525381548, -68.00000000000000000, 46.00000000000000000 ) ) ;
#5039 = CARTESIAN_POINT ( 'NONE',  ( -12.58784713141546874, -22.25252334941183818, 3.300665560830070344 ) ) ;
#5040 = EDGE_LOOP ( 'NONE', ( #5483, #1574, #2536, #1064 ) ) ;
#5041 = AXIS2_PLACEMENT_3D ( 'NONE', #327, #4626, #228 ) ;
#5042 = FACE_OUTER_BOUND ( 'NONE', #554, .T. ) ;
#5043 = CARTESIAN_POINT ( 'NONE',  ( 0.9121374838286225861, 0.000000000000000000, 17.40715187696833866 ) ) ;
#5044 = DIRECTION ( 'NONE',  ( -0.000000000000000000, 1.000000000000000000, -0.000000000000000000 ) ) ;
#5045 = ORIENTED_EDGE ( 'NONE', *, *, #2124, .F. ) ;
#5046 = DIRECTION ( 'NONE',  ( 0.000000000000000000, 0.000000000000000000, 1.000000000000000000 ) ) ;
#5047 = CIRCLE ( 'NONE', #6057, 1.000000000000000000 ) ;
#5048 = ORIENTED_EDGE ( 'NONE', *, *, #1704, .T. ) ;
#5049 = CARTESIAN_POINT ( 'NONE',  ( 12.63579489455313265, -22.44341730959598991, 4.257910804369246627 ) ) ;
#5050 = CARTESIAN_POINT ( 'NONE',  ( 15.50000000000000355, -40.99999999999999289, 0.000000000000000000 ) ) ;
#5051 = CIRCLE ( 'NONE', #3433, 1.500000000000001332 ) ;
#5052 = AXIS2_PLACEMENT_3D ( 'NONE', #5111, #3139, #6059 ) ;
#5053 = EDGE_LOOP ( 'NONE', ( #2169, #3180, #4212, #4339 ) ) ;
#5054 = FACE_BOUND ( 'NONE', #5789, .T. ) ;
#5055 = VERTEX_POINT ( 'NONE', #460 ) ;
#5056 = CIRCLE ( 'NONE', #5461, 1.000000000000001110 ) ;
#5057 = VECTOR ( 'NONE', #341, 1000.000000000000000 ) ;
#5058 = VERTEX_POINT ( 'NONE', #3352 ) ;
#5059 = CARTESIAN_POINT ( 'NONE',  ( 12.86759911222992869, -23.64668432511368223, 49.99950128606450050 ) ) ;
#5060 = CARTESIAN_POINT ( 'NONE',  ( 0.9121374838286225861, -6.999999999999978684, 17.40715187696833866 ) ) ;
#5061 = CIRCLE ( 'NONE', #5866, 1.000000000000000000 ) ;
#5062 = CIRCLE ( 'NONE', #499, 1.000000000000000888 ) ;
#5063 = FACE_OUTER_BOUND ( 'NONE', #4869, .T. ) ;
#5064 = DIRECTION ( 'NONE',  ( -1.000000000000000000, -1.172673560416567696E-16, 0.000000000000000000 ) ) ;
#5065 = DIRECTION ( 'NONE',  ( 1.000000000000000000, 0.000000000000000000, 0.000000000000000000 ) ) ;
#5066 = ADVANCED_FACE ( 'NONE', ( #3446 ), #2871, .F. ) ;
#5067 = CARTESIAN_POINT ( 'NONE',  ( -10.86906707174016518, -68.00000000000000000, 48.00000000000000000 ) ) ;
#5068 = EDGE_CURVE ( 'NONE', #1734, #437, #5726, .T. ) ;
#5069 = ORIENTED_EDGE ( 'NONE', *, *, #5925, .T. ) ;
#5070 = VERTEX_POINT ( 'NONE', #5315 ) ;
#5071 = CIRCLE ( 'NONE', #5780, 2.500000000000000888 ) ;
#5072 = CARTESIAN_POINT ( 'NONE',  ( -7.930073387008046204, -15.19786894832208368, 47.06458719002938551 ) ) ;
#5073 = CARTESIAN_POINT ( 'NONE',  ( 0.000000000000000000, 0.000000000000000000, 4.000000000000000000 ) ) ;
#5074 = CARTESIAN_POINT ( 'NONE',  ( 12.37867965644037227, -68.70710678118655323, 51.00000000000000000 ) ) ;
#5075 = CARTESIAN_POINT ( 'NONE',  ( -12.95464084049452325, -24.41110901962203172, 2.148708219614704706 ) ) ;
#5076 = ORIENTED_EDGE ( 'NONE', *, *, #5202, .F. ) ;
#5077 = EDGE_CURVE ( 'NONE', #4775, #1247, #523, .T. ) ;
#5078 = VECTOR ( 'NONE', #3817, 1000.000000000000000 ) ;
#5079 = EDGE_CURVE ( 'NONE', #4720, #5408, #714, .T. ) ;
#5080 = CYLINDRICAL_SURFACE ( 'NONE', #1348, 1.000000000000000888 ) ;
#5081 = DIRECTION ( 'NONE',  ( -0.000000000000000000, -0.000000000000000000, -1.000000000000000000 ) ) ;
#5082 = CARTESIAN_POINT ( 'NONE',  ( 5.027368218169204539, -13.50911541890349987, 49.36008252649472183 ) ) ;
#5083 = VECTOR ( 'NONE', #3499, 1000.000000000000000 ) ;
#5084 = DIRECTION ( 'NONE',  ( 0.6897428357855003300, -0.7240544319887670666, 0.000000000000000000 ) ) ;
#5085 = ADVANCED_FACE ( 'NONE', ( #2964 ), #4905, .F. ) ;
#5086 = ORIENTED_EDGE ( 'NONE', *, *, #4342, .T. ) ;
#5087 = DIRECTION ( 'NONE',  ( 1.000000000000000000, 0.000000000000000000, 0.000000000000000000 ) ) ;
#5088 = CARTESIAN_POINT ( 'NONE',  ( 13.64213748382862867, -6.999999999999978684, 37.88715187696832487 ) ) ;
#5089 = ORIENTED_EDGE ( 'NONE', *, *, #4844, .T. ) ;
#5090 = DIRECTION ( 'NONE',  ( -0.000000000000000000, -0.000000000000000000, -1.000000000000000000 ) ) ;
#5091 = VERTEX_POINT ( 'NONE', #2900 ) ;
#5092 = ORIENTED_EDGE ( 'NONE', *, *, #985, .T. ) ;
#5093 = CARTESIAN_POINT ( 'NONE',  ( -12.99387413405358593, -25.09915018965287459, 4.168103355382555719 ) ) ;
#5094 = CARTESIAN_POINT ( 'NONE',  ( -12.89595316557554483, -70.18094760472493476, 5.999999999999998224 ) ) ;
#5095 = DIRECTION ( 'NONE',  ( 1.000000000000000000, 0.000000000000000000, 0.000000000000000000 ) ) ;
#5096 = CIRCLE ( 'NONE', #5906, 2.000000000000001776 ) ;
#5097 = DIRECTION ( 'NONE',  ( -0.000000000000000000, 1.000000000000000000, -0.000000000000000000 ) ) ;
#5098 = DIRECTION ( 'NONE',  ( 0.6897428357855025505, -0.7240544319887650682, -0.000000000000000000 ) ) ;
#5099 = LINE ( 'NONE', #3743, #5383 ) ;
#5100 = ORIENTED_EDGE ( 'NONE', *, *, #4264, .F. ) ;
#5101 = DIRECTION ( 'NONE',  ( 0.000000000000000000, 0.000000000000000000, 1.000000000000000000 ) ) ;
#5102 = TOROIDAL_SURFACE ( 'NONE', #947, 2.000000000000000000, 1.000000000000000000 ) ;
#5103 = EDGE_LOOP ( 'NONE', ( #336, #4875 ) ) ;
#5104 = CARTESIAN_POINT ( 'NONE',  ( -5.027368218169208092, -13.50911541890350342, 47.63991747350527817 ) ) ;
#5105 = ADVANCED_FACE ( 'NONE', ( #489 ), #2363, .T. ) ;
#5106 = DIRECTION ( 'NONE',  ( -1.000000000000000000, 0.000000000000000000, 0.000000000000000000 ) ) ;
#5107 = CARTESIAN_POINT ( 'NONE',  ( 5.030392056600370587, -13.51034377413182064, 2.637831850077686724 ) ) ;
#5108 = DIRECTION ( 'NONE',  ( -1.172673560416567696E-16, 1.000000000000000000, -0.000000000000000000 ) ) ;
#5109 = ORIENTED_EDGE ( 'NONE', *, *, #2571, .T. ) ;
#5110 = DIRECTION ( 'NONE',  ( 1.000000000000000000, 0.000000000000000000, 0.000000000000000000 ) ) ;
#5111 = CARTESIAN_POINT ( 'NONE',  ( 0.000000000000000000, 0.000000000000000000, 48.00000000000000000 ) ) ;
#5112 = EDGE_CURVE ( 'NONE', #2327, #340, #921, .T. ) ;
#5113 = CARTESIAN_POINT ( 'NONE',  ( -22.50000000000000000, 0.000000000000000000, 52.00000000000000000 ) ) ;
#5114 = ADVANCED_FACE ( 'NONE', ( #547, #3315 ), #996, .T. ) ;
#5115 = ORIENTED_EDGE ( 'NONE', *, *, #1300, .F. ) ;
#5116 = DIRECTION ( 'NONE',  ( -1.000000000000000000, 0.000000000000000000, 0.000000000000000000 ) ) ;
#5117 = LINE ( 'NONE', #2223, #2795 ) ;
#5118 = LINE ( 'NONE', #4717, #1763 ) ;
#5119 = VERTEX_POINT ( 'NONE', #912 ) ;
#5120 = CARTESIAN_POINT ( 'NONE',  ( 15.50000000000000000, -10.00000000000000178, 49.00000000000000000 ) ) ;
#5121 = EDGE_CURVE ( 'NONE', #1939, #3920, #1634, .T. ) ;
#5122 = ORIENTED_EDGE ( 'NONE', *, *, #1696, .F. ) ;
#5123 = ORIENTED_EDGE ( 'NONE', *, *, #5273, .T. ) ;
#5124 = LINE ( 'NONE', #5569, #4033 ) ;
#5125 = CARTESIAN_POINT ( 'NONE',  ( -13.99999999999999467, -41.00000000000000000, 0.000000000000000000 ) ) ;
#5126 = ORIENTED_EDGE ( 'NONE', *, *, #5721, .T. ) ;
#5127 = DIRECTION ( 'NONE',  ( -0.000000000000000000, -0.000000000000000000, -1.000000000000000000 ) ) ;
#5128 = CARTESIAN_POINT ( 'NONE',  ( -11.88867615654734955, -68.37948567157100399, 1.000000000000000000 ) ) ;
#5129 = LINE ( 'NONE', #1773, #3978 ) ;
#5130 = VERTEX_POINT ( 'NONE', #5822 ) ;
#5131 = DIRECTION ( 'NONE',  ( 0.000000000000000000, 1.000000000000000000, 0.000000000000000000 ) ) ;
#5132 = ORIENTED_EDGE ( 'NONE', *, *, #5828, .F. ) ;
#5133 = CARTESIAN_POINT ( 'NONE',  ( -4.374906795949531357, -13.25822773028613533, 48.35304394082471191 ) ) ;
#5134 = CARTESIAN_POINT ( 'NONE',  ( -12.06465996625052028, -70.00000000000000000, 52.00000000000000000 ) ) ;
#5135 = AXIS2_PLACEMENT_3D ( 'NONE', #5705, #4354, #4323 ) ;
#5136 = CARTESIAN_POINT ( 'NONE',  ( 8.759993183131705052, -15.89265353899034849, 2.492413098532983096 ) ) ;
#5137 = CARTESIAN_POINT ( 'NONE',  ( -12.82291908442353368, -23.35942952663773298, 2.049167435309366958 ) ) ;
#5138 = EDGE_LOOP ( 'NONE', ( #3970, #2956, #672, #5226, #4515, #1668, #6020, #4625 ) ) ;
#5139 = CALENDAR_DATE ( 2024, 26, 9 ) ;
#5140 = ADVANCED_FACE ( 'NONE', ( #4792 ), #6239, .F. ) ;
#5141 = VECTOR ( 'NONE', #3152, 1000.000000000000000 ) ;
#5142 = CARTESIAN_POINT ( 'NONE',  ( -6.685875052008640296, -43.67814575986520964, 52.00000000000000000 ) ) ;
#5143 = CARTESIAN_POINT ( 'NONE',  ( 9.136967527403575318, -16.25252334941184884, 3.647056560168137729 ) ) ;
#5144 = ORIENTED_EDGE ( 'NONE', *, *, #304, .T. ) ;
#5145 = DIRECTION ( 'NONE',  ( -0.6897428357855004410, 0.7240544319887671776, 0.000000000000000000 ) ) ;
#5146 = VECTOR ( 'NONE', #4838, 1000.000000000000000 ) ;
#5147 = CARTESIAN_POINT ( 'NONE',  ( -15.50000000000000000, -10.00000000000000000, 3.000000000000000000 ) ) ;
#5148 = DIRECTION ( 'NONE',  ( -1.000000000000000000, 0.000000000000000000, 0.000000000000000000 ) ) ;
#5149 = ADVANCED_FACE ( 'NONE', ( #1570 ), #3575, .F. ) ;
#5150 = EDGE_CURVE ( 'NONE', #6234, #5495, #6015, .T. ) ;
#5151 = VERTEX_POINT ( 'NONE', #3117 ) ;
#5152 = DIRECTION ( 'NONE',  ( 0.000000000000000000, -1.000000000000000000, 0.000000000000000000 ) ) ;
#5153 = CIRCLE ( 'NONE', #3636, 2.500000000000000888 ) ;
#5154 = ORIENTED_EDGE ( 'NONE', *, *, #3996, .T. ) ;
#5155 = VECTOR ( 'NONE', #1105, 1000.000000000000000 ) ;
#5156 = EDGE_CURVE ( 'NONE', #238, #1441, #4686, .T. ) ;
#5157 = ORIENTED_EDGE ( 'NONE', *, *, #4763, .T. ) ;
#5158 = DIRECTION ( 'NONE',  ( -1.115728272363205951E-16, 1.000000000000000000, 0.000000000000000000 ) ) ;
#5159 = VECTOR ( 'NONE', #5481, 1000.000000000000000 ) ;
#5160 = AXIS2_PLACEMENT_3D ( 'NONE', #3161, #753, #3555 ) ;
#5161 = CARTESIAN_POINT ( 'NONE',  ( -12.06465996625053450, -70.00000000000000000, 46.00000000000000000 ) ) ;
#5162 = DIRECTION ( 'NONE',  ( 0.000000000000000000, 0.000000000000000000, -1.000000000000000000 ) ) ;
#5163 = DIRECTION ( 'NONE',  ( 0.000000000000000000, 0.000000000000000000, -1.000000000000000000 ) ) ;
#5164 = CARTESIAN_POINT ( 'NONE',  ( -27.92176700168746351, -77.04763098818770573, 5.999999999999998224 ) ) ;
#5165 = AXIS2_PLACEMENT_3D ( 'NONE', #5943, #4237, #6160 ) ;
#5166 = AXIS2_PLACEMENT_3D ( 'NONE', #2289, #4284, #5219 ) ;
#5167 = VERTEX_POINT ( 'NONE', #2105 ) ;
#5168 = ORIENTED_EDGE ( 'NONE', *, *, #302, .T. ) ;
#5169 = DIRECTION ( 'NONE',  ( 1.115728272363205951E-16, -1.000000000000000000, 0.000000000000000000 ) ) ;
#5170 = CIRCLE ( 'NONE', #1213, 2.749999999999999112 ) ;
#5171 = CARTESIAN_POINT ( 'NONE',  ( 5.539809849142475429, -68.00000000000000000, 1.000000000000000000 ) ) ;
#5172 = CARTESIAN_POINT ( 'NONE',  ( -19.49999999999999645, -45.67814575986520964, 1.000000000000000000 ) ) ;
#5173 = CARTESIAN_POINT ( 'NONE',  ( -12.99764422145080900, -25.25252334941184174, 3.303297540051844727 ) ) ;
#5174 = ORIENTED_EDGE ( 'NONE', *, *, #5253, .T. ) ;
#5175 = APPLICATION_PROTOCOL_DEFINITION ( 'international standard', 'config_control_design', 1994, #2150 ) ;
#5176 = DIRECTION ( 'NONE',  ( -0.000000000000000000, -0.000000000000000000, -1.000000000000000000 ) ) ;
#5177 = CARTESIAN_POINT ( 'NONE',  ( -20.22405443198876540, -58.17964419786542862, 1.000000000000000000 ) ) ;
#5178 = ORIENTED_EDGE ( 'NONE', *, *, #2361, .T. ) ;
#5179 = DIRECTION ( 'NONE',  ( -0.7240544319887651792, -0.6897428357855026615, 0.000000000000000000 ) ) ;
#5180 = VECTOR ( 'NONE', #5984, 1000.000000000000114 ) ;
#5181 = CARTESIAN_POINT ( 'NONE',  ( -22.49999999999999645, -59.04554884989668295, 52.00000000000000000 ) ) ;
#5182 = DIRECTION ( 'NONE',  ( 0.000000000000000000, 0.000000000000000000, 1.000000000000000000 ) ) ;
#5183 = ORIENTED_EDGE ( 'NONE', *, *, #2691, .F. ) ;
#5184 = CARTESIAN_POINT ( 'NONE',  ( -15.49999999999999645, -41.00000000000000000, 3.000000000000000000 ) ) ;
#5185 = AXIS2_PLACEMENT_3D ( 'NONE', #1839, #1707, #5221 ) ;
#5186 = EDGE_LOOP ( 'NONE', ( #1774, #356, #522, #5790 ) ) ;
#5187 = EDGE_CURVE ( 'NONE', #2115, #2997, #1327, .T. ) ;
#5188 = PRODUCT_DEFINITION_SHAPE ( 'NONE', 'NONE',  #2798 ) ;
#5189 = ORIENTED_EDGE ( 'NONE', *, *, #6040, .F. ) ;
#5190 = LINE ( 'NONE', #482, #5345 ) ;
#5191 = DIRECTION ( 'NONE',  ( -0.000000000000000000, -0.000000000000000000, 1.000000000000000000 ) ) ;
#5192 = EDGE_CURVE ( 'NONE', #2959, #1163, #2548, .T. ) ;
#5193 = CARTESIAN_POINT ( 'NONE',  ( 6.539809849142472764, -44.67814575986520964, 1.000000000000000000 ) ) ;
#5194 = EDGE_CURVE ( 'NONE', #2400, #1450, #1043, .T. ) ;
#5195 = DIRECTION ( 'NONE',  ( 0.000000000000000000, 1.000000000000000000, 0.000000000000000000 ) ) ;
#5196 = ORIENTED_EDGE ( 'NONE', *, *, #5419, .T. ) ;
#5197 = CARTESIAN_POINT ( 'NONE',  ( 19.50000000000000355, -58.75735931288073743, 1.000000000000000000 ) ) ;
#5198 = ORIENTED_EDGE ( 'NONE', *, *, #3397, .F. ) ;
#5199 = AXIS2_PLACEMENT_3D ( 'NONE', #3396, #5366, #5329 ) ;
#5200 = LINE ( 'NONE', #1356, #5057 ) ;
#5201 = DIRECTION ( 'NONE',  ( 0.6897428357855003300, -0.7240544319887670666, 0.000000000000000000 ) ) ;
#5202 = EDGE_CURVE ( 'NONE', #826, #2165, #1415, .T. ) ;
#5203 = CARTESIAN_POINT ( 'NONE',  ( -10.44056729256981519, -67.00000000000000000, 1.000000000000000000 ) ) ;
#5204 = DIRECTION ( 'NONE',  ( 0.000000000000000000, 1.000000000000000000, 0.000000000000000000 ) ) ;
#5205 = EDGE_LOOP ( 'NONE', ( #2177, #3199 ) ) ;
#5206 = DIRECTION ( 'NONE',  ( -0.000000000000000000, -0.000000000000000000, -1.000000000000000000 ) ) ;
#5207 = CARTESIAN_POINT ( 'NONE',  ( 7.930073387008039099, -15.19786894832207125, 4.935412809970597614 ) ) ;
#5208 = VERTEX_POINT ( 'NONE', #5567 ) ;
#5209 = DIRECTION ( 'NONE',  ( -0.000000000000000000, -0.000000000000000000, -1.000000000000000000 ) ) ;
#5210 = FACE_OUTER_BOUND ( 'NONE', #3116, .T. ) ;
#5211 = B_SPLINE_CURVE_WITH_KNOTS ( 'NONE', 3,
 ( #4732, #370, #2301, #5706, #1360, #5230, #1478, #3903, #3415, #497, #4388, #2429, #11, #1961, #5826, #5351, #1003, #2940, #6030, #1243, #6100, #732, #3171, #1785, #284, #1303, #3724, #4207, #2220, #2658 ),
 .UNSPECIFIED., .F., .F.,
 ( 4, 2, 2, 2, 2, 2, 2, 2, 2, 2, 2, 2, 2, 2, 4 ),
 ( 4.336808689942017736E-19, 0.0002947355079972998411, 0.0005894710159945992485, 0.0008842065239918986018, 0.001178942031989198063, 0.001768413047983805660, 0.002357884063978413474, 0.002652619571975712177, 0.002947355079973010446, 0.003242090587970308715, 0.003536826095967606550, 0.003831561603964905253, 0.004126297111962204389, 0.004421032619959502225, 0.004715768127956800060 ),
 .UNSPECIFIED. ) ;
#5212 = DIRECTION ( 'NONE',  ( 1.000000000000000000, 0.000000000000000000, 0.000000000000000000 ) ) ;
#5213 = EDGE_LOOP ( 'NONE', ( #2830, #175, #4295, #2716 ) ) ;
#5214 = CARTESIAN_POINT ( 'NONE',  ( 6.539809849142475429, -67.00000000000000000, 48.00000000000000000 ) ) ;
#5215 = VERTEX_POINT ( 'NONE', #14 ) ;
#5216 = ORIENTED_EDGE ( 'NONE', *, *, #5337, .T. ) ;
#5217 = EDGE_CURVE ( 'NONE', #1042, #2320, #6188, .T. ) ;
#5218 = LINE ( 'NONE', #3377, #2401 ) ;
#5219 = DIRECTION ( 'NONE',  ( 0.000000000000000000, 0.000000000000000000, -1.000000000000000000 ) ) ;
#5220 = DIRECTION ( 'NONE',  ( -0.000000000000000000, -0.000000000000000000, -1.000000000000000000 ) ) ;
#5221 = DIRECTION ( 'NONE',  ( -0.000000000000000000, 0.000000000000000000, 1.000000000000000000 ) ) ;
#5222 = EDGE_LOOP ( 'NONE', ( #5325, #5977, #3457, #1795 ) ) ;
#5223 = DIRECTION ( 'NONE',  ( 0.000000000000000000, 0.000000000000000000, 1.000000000000000000 ) ) ;
#5224 = EDGE_CURVE ( 'NONE', #3920, #5935, #4418, .T. ) ;
#5225 = EDGE_CURVE ( 'NONE', #3853, #3083, #2877, .T. ) ;
#5226 = ORIENTED_EDGE ( 'NONE', *, *, #5853, .T. ) ;
#5227 = DIRECTION ( 'NONE',  ( 0.000000000000000000, 0.000000000000000000, 1.000000000000000000 ) ) ;
#5228 = LINE ( 'NONE', #5171, #2919 ) ;
#5229 = DIRECTION ( 'NONE',  ( 1.000000000000000000, 0.000000000000000000, 0.000000000000000000 ) ) ;
#5230 = CARTESIAN_POINT ( 'NONE',  ( 12.62640359689137703, -22.40557768092352831, 2.832609847191219998 ) ) ;
#5231 = ORIENTED_EDGE ( 'NONE', *, *, #3057, .T. ) ;
#5232 = PERSON_AND_ORGANIZATION_ROLE ( 'design_supplier' ) ;
#5233 = EDGE_CURVE ( 'NONE', #5058, #627, #920, .T. ) ;
#5234 = CIRCLE ( 'NONE', #3615, 2.749999999999999112 ) ;
#5235 = DIRECTION ( 'NONE',  ( 1.000000000000000000, 1.175176459371563913E-16, -0.000000000000000000 ) ) ;
#5236 = DIRECTION ( 'NONE',  ( 0.000000000000000000, 0.000000000000000000, -1.000000000000000000 ) ) ;
#5237 = ORIENTED_EDGE ( 'NONE', *, *, #2823, .F. ) ;
#5238 = DIRECTION ( 'NONE',  ( 0.000000000000000000, -1.000000000000000000, 0.000000000000000000 ) ) ;
#5239 = DIRECTION ( 'NONE',  ( 1.000000000000000000, -6.938893903907228378E-15, 0.000000000000000000 ) ) ;
#5240 = AXIS2_PLACEMENT_3D ( 'NONE', #5147, #6162, #3764 ) ;
#5241 = CARTESIAN_POINT ( 'NONE',  ( 18.25000000000000355, -40.99999999999999289, 3.000000000000000000 ) ) ;
#5242 = ORIENTED_EDGE ( 'NONE', *, *, #4276, .F. ) ;
#5243 = DIRECTION ( 'NONE',  ( 1.000000000000000000, 0.000000000000000000, 0.000000000000000000 ) ) ;
#5244 = AXIS2_PLACEMENT_3D ( 'NONE', #6233, #5282, #960 ) ;
#5245 = ORIENTED_EDGE ( 'NONE', *, *, #3950, .F. ) ;
#5246 = VECTOR ( 'NONE', #4010, 1000.000000000000000 ) ;
#5247 = ORIENTED_EDGE ( 'NONE', *, *, #451, .F. ) ;
#5248 = DIRECTION ( 'NONE',  ( -0.000000000000000000, -0.000000000000000000, -1.000000000000000000 ) ) ;
#5249 = EDGE_CURVE ( 'NONE', #4407, #2010, #2333, .T. ) ;
#5250 = VECTOR ( 'NONE', #4795, 1000.000000000000000 ) ;
#5251 = CARTESIAN_POINT ( 'NONE',  ( 13.64213748382861979, 0.000000000000000000, 10.92715187696833468 ) ) ;
#5252 = AXIS2_PLACEMENT_3D ( 'NONE', #6191, #5176, #5679 ) ;
#5253 = EDGE_CURVE ( 'NONE', #1825, #5626, #4799, .T. ) ;
#5254 = DIRECTION ( 'NONE',  ( 0.000000000000000000, 0.000000000000000000, 1.000000000000000000 ) ) ;
#5255 = DIRECTION ( 'NONE',  ( 0.000000000000000000, 0.000000000000000000, -1.000000000000000000 ) ) ;
#5256 = VERTEX_POINT ( 'NONE', #3417 ) ;
#5257 = AXIS2_PLACEMENT_3D ( 'NONE', #877, #1900, #4675 ) ;
#5258 = CARTESIAN_POINT ( 'NONE',  ( 15.50000000000000000, -10.00000000000000178, 49.00000000000000000 ) ) ;
#5259 = LINE ( 'NONE', #1844, #1603 ) ;
#5260 = CARTESIAN_POINT ( 'NONE',  ( 4.539809849142474540, -67.00000000000000000, 1.000000000000000000 ) ) ;
#5261 = DIRECTION ( 'NONE',  ( 0.000000000000000000, 0.000000000000000000, 1.000000000000000000 ) ) ;
#5262 = EDGE_CURVE ( 'NONE', #4801, #170, #5353, .T. ) ;
#5263 = CIRCLE ( 'NONE', #393, 1.500000000000001332 ) ;
#5264 = EDGE_CURVE ( 'NONE', #4171, #5167, #3248, .T. ) ;
#5265 = CIRCLE ( 'NONE', #6068, 1.999999999999998224 ) ;
#5266 = ORIENTED_EDGE ( 'NONE', *, *, #184, .T. ) ;
#5267 = DIRECTION ( 'NONE',  ( 1.000000000000000000, -0.000000000000000000, 0.000000000000000000 ) ) ;
#5268 = PERSON_AND_ORGANIZATION ( #6107, #2867 ) ;
#5269 = CARTESIAN_POINT ( 'NONE',  ( 5.030392056600381245, -13.51034377413182952, 47.63783185007768139 ) ) ;
#5270 = DIRECTION ( 'NONE',  ( -0.000000000000000000, -0.000000000000000000, -1.000000000000000000 ) ) ;
#5271 = DIRECTION ( 'NONE',  ( 0.000000000000000000, 0.000000000000000000, 1.000000000000000000 ) ) ;
#5272 = DIRECTION ( 'NONE',  ( 0.000000000000000000, 0.000000000000000000, 1.000000000000000000 ) ) ;
#5273 = EDGE_CURVE ( 'NONE', #455, #1482, #1388, .T. ) ;
#5274 = ADVANCED_FACE ( 'NONE', ( #553 ), #6221, .F. ) ;
#5275 = CARTESIAN_POINT ( 'NONE',  ( -5.758356962892674069, -13.84179138020920163, 4.702098051195231498 ) ) ;
#5276 = TOROIDAL_SURFACE ( 'NONE', #4066, 2.000000000000000000, 1.000000000000000000 ) ;
#5277 = DIRECTION ( 'NONE',  ( 1.000000000000000000, 0.000000000000000000, 0.000000000000000000 ) ) ;
#5278 = DIRECTION ( 'NONE',  ( 1.000000000000000000, 1.172673560416567696E-16, -0.000000000000000000 ) ) ;
#5279 = ORIENTED_EDGE ( 'NONE', *, *, #652, .F. ) ;
#5280 = AXIS2_PLACEMENT_3D ( 'NONE', #5470, #5593, #4180 ) ;
#5281 = ORIENTED_EDGE ( 'NONE', *, *, #2809, .F. ) ;
#5282 = DIRECTION ( 'NONE',  ( 0.000000000000000000, 0.000000000000000000, 1.000000000000000000 ) ) ;
#5283 = ORIENTED_EDGE ( 'NONE', *, *, #570, .T. ) ;
#5284 = VERTEX_POINT ( 'NONE', #4326 ) ;
#5285 = CARTESIAN_POINT ( 'NONE',  ( -12.99704671182753657, -25.21280345945387680, 48.10481600082422915 ) ) ;
#5286 = CARTESIAN_POINT ( 'NONE',  ( -22.50000000000000000, 0.000000000000000000, 52.00000000000000000 ) ) ;
#5287 = FACE_OUTER_BOUND ( 'NONE', #5953, .T. ) ;
#5288 = DIRECTION ( 'NONE',  ( -0.7071067811865475727, 0.7071067811865475727, 0.000000000000000000 ) ) ;
#5289 = DIRECTION ( 'NONE',  ( 1.175176459371563913E-16, -1.000000000000000000, 0.000000000000000000 ) ) ;
#5290 = DIRECTION ( 'NONE',  ( -0.000000000000000000, -0.000000000000000000, -1.000000000000000000 ) ) ;
#5291 = CYLINDRICAL_SURFACE ( 'NONE', #1113, 1.500000000000004885 ) ;
#5292 = ORIENTED_EDGE ( 'NONE', *, *, #1154, .T. ) ;
#5293 = CARTESIAN_POINT ( 'NONE',  ( 20.50000000000000355, -43.67814575986520964, 52.00000000000000000 ) ) ;
#5294 = EDGE_LOOP ( 'NONE', ( #5748, #6051, #2507, #2893 ) ) ;
#5295 = EDGE_CURVE ( 'NONE', #2941, #3234, #2635, .T. ) ;
#5296 = DIRECTION ( 'NONE',  ( 1.000000000000000000, 0.000000000000000000, 0.000000000000000000 ) ) ;
#5297 = CARTESIAN_POINT ( 'NONE',  ( 5.027368218169201874, -13.50911541890349454, 4.360082526494720057 ) ) ;
#5298 = ORIENTED_EDGE ( 'NONE', *, *, #2858, .T. ) ;
#5299 = CIRCLE ( 'NONE', #2353, 1.000000000000000000 ) ;
#5300 = PLANE ( 'NONE',  #595 ) ;
#5301 = CARTESIAN_POINT ( 'NONE',  ( -8.759993183131706829, -15.89265353899035560, 49.50758690146700047 ) ) ;
#5302 = CARTESIAN_POINT ( 'NONE',  ( 13.64213748382862867, 0.000000000000000000, 39.38715187696832487 ) ) ;
#5303 = CIRCLE ( 'NONE', #125, 2.749999999999999112 ) ;
#5304 = DIRECTION ( 'NONE',  ( 0.000000000000000000, 0.000000000000000000, -1.000000000000000000 ) ) ;
#5305 = EDGE_CURVE ( 'NONE', #3107, #5352, #415, .T. ) ;
#5306 = EDGE_CURVE ( 'NONE', #5167, #1291, #6019, .T. ) ;
#5307 = VERTEX_POINT ( 'NONE', #3513 ) ;
#5308 = EDGE_LOOP ( 'NONE', ( #6035, #4417, #600, #2474 ) ) ;
#5309 = CARTESIAN_POINT ( 'NONE',  ( -11.81786251617137395, -10.00000000000000000, 39.38715187696834619 ) ) ;
#5310 = ADVANCED_FACE ( 'NONE', ( #4974 ), #5511, .F. ) ;
#5311 = EDGE_LOOP ( 'NONE', ( #388, #2547, #1156, #5563 ) ) ;
#5312 = ORIENTED_EDGE ( 'NONE', *, *, #5795, .F. ) ;
#5313 = CARTESIAN_POINT ( 'NONE',  ( -12.98812964651835955, -24.94187345594723837, 49.41929497125038040 ) ) ;
#5314 = FACE_BOUND ( 'NONE', #3322, .T. ) ;
#5315 = CARTESIAN_POINT ( 'NONE',  ( -21.50000000000000000, -45.67814575986520964, 0.000000000000000000 ) ) ;
#5316 = CARTESIAN_POINT ( 'NONE',  ( -26.50000000000003197, -16.25252334941184529, 3.499999999999996003 ) ) ;
#5317 = DIRECTION ( 'NONE',  ( 0.000000000000000000, 0.000000000000000000, 1.000000000000000000 ) ) ;
#5318 = CARTESIAN_POINT ( 'NONE',  ( -26.50000000000002842, -23.75252334941184884, 48.49999999999997868 ) ) ;
#5319 = DIRECTION ( 'NONE',  ( -1.000000000000000000, -0.000000000000000000, -0.000000000000000000 ) ) ;
#5320 = VERTEX_POINT ( 'NONE', #589 ) ;
#5321 = CARTESIAN_POINT ( 'NONE',  ( -6.007138400552339164, -13.96774895264810823, 2.212950748739171303 ) ) ;
#5322 = VERTEX_POINT ( 'NONE', #5954 ) ;
#5323 = FACE_BOUND ( 'NONE', #1708, .T. ) ;
#5324 = LINE ( 'NONE', #5776, #3963 ) ;
#5325 = ORIENTED_EDGE ( 'NONE', *, *, #5068, .F. ) ;
#5326 = DIRECTION ( 'NONE',  ( 0.000000000000000000, 0.000000000000000000, 1.000000000000000000 ) ) ;
#5327 = CARTESIAN_POINT ( 'NONE',  ( -7.227837932437423341, -14.69069403367255866, 5.006841913617254392 ) ) ;
#5328 = CC_DESIGN_PERSON_AND_ORGANIZATION_ASSIGNMENT ( #5677, #3789, ( #1554 ) ) ;
#5329 = DIRECTION ( 'NONE',  ( 1.000000000000000000, 0.000000000000000000, 0.000000000000000000 ) ) ;
#5330 = AXIS2_PLACEMENT_3D ( 'NONE', #4677, #2650, #4612 ) ;
#5331 = CARTESIAN_POINT ( 'NONE',  ( -20.22405443198876540, -58.17964419786542862, 4.000000000000000000 ) ) ;
#5332 = CARTESIAN_POINT ( 'NONE',  ( -19.49999999999999645, -45.67814575986520964, 52.00000000000000000 ) ) ;
#5333 = ORIENTED_EDGE ( 'NONE', *, *, #5001, .T. ) ;
#5334 = CIRCLE ( 'NONE', #1689, 2.000000000000000000 ) ;
#5335 = DIRECTION ( 'NONE',  ( 1.000000000000000000, 0.000000000000000000, -0.000000000000000000 ) ) ;
#5336 = EDGE_CURVE ( 'NONE', #5500, #1891, #1099, .T. ) ;
#5337 = EDGE_CURVE ( 'NONE', #5550, #4902, #513, .T. ) ;
#5338 = ORIENTED_EDGE ( 'NONE', *, *, #2081, .T. ) ;
#5339 = DIRECTION ( 'NONE',  ( 1.000000000000000000, 0.000000000000000000, 0.000000000000000000 ) ) ;
#5340 = VECTOR ( 'NONE', #773, 1000.000000000000000 ) ;
#5341 = ORIENTED_EDGE ( 'NONE', *, *, #3521, .F. ) ;
#5342 = EDGE_LOOP ( 'NONE', ( #5048, #2801, #3298, #1832 ) ) ;
#5343 = LINE ( 'NONE', #4931, #4859 ) ;
#5344 = EDGE_CURVE ( 'NONE', #2384, #4319, #4178, .T. ) ;
#5345 = VECTOR ( 'NONE', #3250, 1000.000000000000000 ) ;
#5346 = DIRECTION ( 'NONE',  ( -0.000000000000000000, -0.000000000000000000, -1.000000000000000000 ) ) ;
#5347 = AXIS2_PLACEMENT_3D ( 'NONE', #3916, #5840, #1590 ) ;
#5348 = CARTESIAN_POINT ( 'NONE',  ( -24.49999999999999289, -59.04554884989668295, 5.999999999999998224 ) ) ;
#5349 = CARTESIAN_POINT ( 'NONE',  ( -20.49999999999999645, -57.48990136207992663, 0.000000000000000000 ) ) ;
#5350 = FACE_BOUND ( 'NONE', #4871, .T. ) ;
#5351 = CARTESIAN_POINT ( 'NONE',  ( 12.92830766986439706, -24.13317017002910703, 2.045800092425651417 ) ) ;
#5352 = VERTEX_POINT ( 'NONE', #655 ) ;
#5353 = LINE ( 'NONE', #5293, #5078 ) ;
#5354 = VECTOR ( 'NONE', #1447, 1000.000000000000000 ) ;
#5355 = CIRCLE ( 'NONE', #5659, 2.000000000000001776 ) ;
#5356 = ORIENTED_EDGE ( 'NONE', *, *, #1464, .T. ) ;
#5357 = ORIENTED_EDGE ( 'NONE', *, *, #4422, .F. ) ;
#5358 = CARTESIAN_POINT ( 'NONE',  ( -46.63709636151666871, -86.00000000000000000, 6.000000000000000000 ) ) ;
#5359 = ORIENTED_EDGE ( 'NONE', *, *, #2772, .F. ) ;
#5360 = AXIS2_PLACEMENT_3D ( 'NONE', #1287, #3216, #5723 ) ;
#5361 = CARTESIAN_POINT ( 'NONE',  ( -15.49999999999999645, -41.00000000000000000, 3.000000000000002665 ) ) ;
#5362 = CIRCLE ( 'NONE', #4154, 1.499999999999999556 ) ;
#5363 = ORIENTED_EDGE ( 'NONE', *, *, #4196, .F. ) ;
#5364 = DIRECTION ( 'NONE',  ( 1.000000000000000000, 0.000000000000000000, 0.000000000000000000 ) ) ;
#5365 = LINE ( 'NONE', #5837, #879 ) ;
#5366 = DIRECTION ( 'NONE',  ( 0.000000000000000000, 0.000000000000000000, 1.000000000000000000 ) ) ;
#5367 = CIRCLE ( 'NONE', #1719, 1.500000000000004885 ) ;
#5368 = AXIS2_PLACEMENT_3D ( 'NONE', #1510, #585, #5857 ) ;
#5369 = DIRECTION ( 'NONE',  ( 0.000000000000000000, 0.000000000000000000, -1.000000000000000000 ) ) ;
#5370 = DIRECTION ( 'NONE',  ( 1.175176459371563913E-16, -1.000000000000000000, 0.000000000000000000 ) ) ;
#5371 = ORIENTED_EDGE ( 'NONE', *, *, #1117, .T. ) ;
#5372 = AXIS2_PLACEMENT_3D ( 'NONE', #829, #4078, #6005 ) ;
#5373 = ORIENTED_EDGE ( 'NONE', *, *, #3287, .T. ) ;
#5374 = ADVANCED_FACE ( 'NONE', ( #5447 ), #2147, .F. ) ;
#5375 = VERTEX_POINT ( 'NONE', #4516 ) ;
#5376 = ORIENTED_EDGE ( 'NONE', *, *, #5845, .F. ) ;
#5377 = LINE ( 'NONE', #3867, #997 ) ;
#5378 = AXIS2_PLACEMENT_3D ( 'NONE', #4996, #621, #1129 ) ;
#5379 = ORIENTED_EDGE ( 'NONE', *, *, #3950, .T. ) ;
#5380 = CARTESIAN_POINT ( 'NONE',  ( 0.000000000000000000, 0.000000000000000000, 48.00000000000000000 ) ) ;
#5381 = CARTESIAN_POINT ( 'NONE',  ( 20.50000000000000355, -44.67814575986520964, 51.00000000000000000 ) ) ;
#5382 = EDGE_CURVE ( 'NONE', #1847, #4710, #1842, .T. ) ;
#5383 = VECTOR ( 'NONE', #237, 1000.000000000000000 ) ;
#5384 = EDGE_CURVE ( 'NONE', #5935, #1482, #1225, .T. ) ;
#5385 = CARTESIAN_POINT ( 'NONE',  ( 13.08578643762691662, -69.41421356237309226, 46.00000000000000000 ) ) ;
#5386 = CARTESIAN_POINT ( 'NONE',  ( -13.99999999999999822, -10.00000000000000000, 0.000000000000000000 ) ) ;
#5387 = FACE_OUTER_BOUND ( 'NONE', #3593, .T. ) ;
#5388 = ORIENTED_EDGE ( 'NONE', *, *, #5540, .F. ) ;
#5389 = CARTESIAN_POINT ( 'NONE',  ( -10.86906707174016518, -69.00000000000000000, 52.00000000000000000 ) ) ;
#5390 = EDGE_LOOP ( 'NONE', ( #1529, #479, #5281, #2448 ) ) ;
#5391 = ORIENTED_EDGE ( 'NONE', *, *, #1309, .F. ) ;
#5392 = EDGE_CURVE ( 'NONE', #3920, #3148, #1546, .T. ) ;
#5393 = DIRECTION ( 'NONE',  ( -1.000000000000000000, 0.000000000000000000, 0.000000000000000000 ) ) ;
#5394 = PLANE ( 'NONE',  #3554 ) ;
#5395 = DIRECTION ( 'NONE',  ( 0.000000000000000000, 1.000000000000000000, 0.000000000000000000 ) ) ;
#5396 = CARTESIAN_POINT ( 'NONE',  ( 12.99764422145082143, -25.25252334941185595, 48.40163072882339890 ) ) ;
#5397 = DIRECTION ( 'NONE',  ( 0.000000000000000000, 0.000000000000000000, -1.000000000000000000 ) ) ;
#5398 = DIRECTION ( 'NONE',  ( -1.000000000000000000, 0.000000000000000000, 0.000000000000000000 ) ) ;
#5399 = LINE ( 'NONE', #1049, #1812 ) ;
#5400 = VECTOR ( 'NONE', #3856, 1000.000000000000000 ) ;
#5401 = VERTEX_POINT ( 'NONE', #5923 ) ;
#5402 = CARTESIAN_POINT ( 'NONE',  ( -22.50000000000000000, -16.25252334941185239, 48.49999999999998579 ) ) ;
#5403 = UNCERTAINTY_MEASURE_WITH_UNIT (LENGTH_MEASURE( 1.000000000000000082E-05 ), #5459, 'distance_accuracy_value', 'NONE');
#5404 = APPROVAL_PERSON_ORGANIZATION ( #856, #2341, #3328 ) ;
#5405 = ORIENTED_EDGE ( 'NONE', *, *, #4277, .F. ) ;
#5406 = LINE ( 'NONE', #3987, #2910 ) ;
#5407 = ORIENTED_EDGE ( 'NONE', *, *, #1938, .T. ) ;
#5408 = VERTEX_POINT ( 'NONE', #718 ) ;
#5409 = DIRECTION ( 'NONE',  ( 0.000000000000000000, 0.000000000000000000, 1.000000000000000000 ) ) ;
#5410 = ADVANCED_FACE ( 'NONE', ( #1162 ), #5484, .T. ) ;
#5411 = ORIENTED_EDGE ( 'NONE', *, *, #2927, .T. ) ;
#5412 = CARTESIAN_POINT ( 'NONE',  ( 12.70849840741564662, -22.76156519457738270, 49.63023738520811179 ) ) ;
#5413 = DIRECTION ( 'NONE',  ( -1.000000000000000000, 0.000000000000000000, 0.000000000000000000 ) ) ;
#5414 = DIRECTION ( 'NONE',  ( 0.000000000000000000, 0.000000000000000000, 1.000000000000000000 ) ) ;
#5415 = CYLINDRICAL_SURFACE ( 'NONE', #4836, 2.749999999999999112 ) ;
#5416 = VERTEX_POINT ( 'NONE', #2025 ) ;
#5417 = EDGE_CURVE ( 'NONE', #1564, #1195, #1432, .T. ) ;
#5418 = FACE_OUTER_BOUND ( 'NONE', #4290, .T. ) ;
#5419 = EDGE_CURVE ( 'NONE', #2584, #340, #3064, .T. ) ;
#5420 = VERTEX_POINT ( 'NONE', #2613 ) ;
#5421 = ORIENTED_EDGE ( 'NONE', *, *, #4705, .F. ) ;
#5422 = CARTESIAN_POINT ( 'NONE',  ( 15.50000000000000355, -40.99999999999999289, 3.000000000000000000 ) ) ;
#5423 = CARTESIAN_POINT ( 'NONE',  ( -15.50000000000000000, -10.00000000000000000, 46.00000000000000000 ) ) ;
#5424 = CARTESIAN_POINT ( 'NONE',  ( 19.50000000000000355, -45.67814575986520964, -5.000000000000011546 ) ) ;
#5425 = CARTESIAN_POINT ( 'NONE',  ( 12.99746654100459686, -25.24262886704173070, 48.30172334992096950 ) ) ;
#5426 = EDGE_LOOP ( 'NONE', ( #1286, #3832, #2756, #4143 ) ) ;
#5427 = ADVANCED_FACE ( 'NONE', ( #5418 ), #5003, .F. ) ;
#5428 = LINE ( 'NONE', #3007, #4992 ) ;
#5429 = CARTESIAN_POINT ( 'NONE',  ( -26.50000000000003197, -13.25252334941184174, 3.499999999999996003 ) ) ;
#5430 = CARTESIAN_POINT ( 'NONE',  ( 8.466790153400907570, -15.63432643562621216, 49.71770991093689673 ) ) ;
#5431 = VERTEX_POINT ( 'NONE', #1063 ) ;
#5432 = CARTESIAN_POINT ( 'NONE',  ( -5.685875052008640296, -43.67814575986520964, 51.00000000000000000 ) ) ;
#5433 = CARTESIAN_POINT ( 'NONE',  ( 13.64213748382861979, -6.999999999999978684, 10.92715187696833468 ) ) ;
#5434 = ORIENTED_EDGE ( 'NONE', *, *, #4186, .T. ) ;
#5435 = FACE_OUTER_BOUND ( 'NONE', #888, .T. ) ;
#5436 = VECTOR ( 'NONE', #2110, 1000.000000000000000 ) ;
#5437 = ORIENTED_EDGE ( 'NONE', *, *, #59, .T. ) ;
#5438 = DIRECTION ( 'NONE',  ( -1.115728272363205951E-16, 1.000000000000000000, -0.000000000000000000 ) ) ;
#5439 = VECTOR ( 'NONE', #667, 1000.000000000000000 ) ;
#5440 = EDGE_LOOP ( 'NONE', ( #4497, #2350 ) ) ;
#5441 = CARTESIAN_POINT ( 'NONE',  ( 12.77407000420387462, -23.08515505246284505, 49.84688471873864302 ) ) ;
#5442 = CYLINDRICAL_SURFACE ( 'NONE', #3958, 1.000000000000000000 ) ;
#5443 = LINE ( 'NONE', #3385, #4947 ) ;
#5444 = CIRCLE ( 'NONE', #68, 1.500000000000001332 ) ;
#5445 = CARTESIAN_POINT ( 'NONE',  ( 13.08578643762691662, -69.41421356237309226, 52.00000000000000000 ) ) ;
#5446 = ORIENTED_EDGE ( 'NONE', *, *, #1189, .T. ) ;
#5447 = FACE_OUTER_BOUND ( 'NONE', #3572, .T. ) ;
#5448 = EDGE_LOOP ( 'NONE', ( #2430, #1964, #5580, #2836, #5010, #2987 ) ) ;
#5449 = ORIENTED_EDGE ( 'NONE', *, *, #426, .T. ) ;
#5450 = AXIS2_PLACEMENT_3D ( 'NONE', #4182, #768, #6106 ) ;
#5451 = FACE_BOUND ( 'NONE', #2581, .T. ) ;
#5452 = EDGE_CURVE ( 'NONE', #3107, #1280, #2995, .T. ) ;
#5453 = DIRECTION ( 'NONE',  ( 0.7240544319887622926, 0.6897428357855054371, 0.000000000000000000 ) ) ;
#5454 = DIRECTION ( 'NONE',  ( 0.000000000000000000, 1.000000000000000000, 0.000000000000000000 ) ) ;
#5455 = FACE_OUTER_BOUND ( 'NONE', #2149, .T. ) ;
#5456 = CIRCLE ( 'NONE', #2707, 2.749999999999999112 ) ;
#5457 = AXIS2_PLACEMENT_3D ( 'NONE', #151, #4403, #3948 ) ;
#5458 = ORIENTED_EDGE ( 'NONE', *, *, #4554, .T. ) ;
#5459 =( LENGTH_UNIT ( ) NAMED_UNIT ( * ) SI_UNIT ( .MILLI., .METRE. ) );
#5460 = LINE ( 'NONE', #5934, #5556 ) ;
#5461 = AXIS2_PLACEMENT_3D ( 'NONE', #3874, #4907, #3929 ) ;
#5462 = AXIS2_PLACEMENT_3D ( 'NONE', #5919, #3479, #5413 ) ;
#5463 = LINE ( 'NONE', #2954, #3430 ) ;
#5464 = ADVANCED_FACE ( 'NONE', ( #111 ), #1576, .F. ) ;
#5465 = EDGE_CURVE ( 'NONE', #5431, #4171, #4122, .T. ) ;
#5466 = EDGE_LOOP ( 'NONE', ( #1978, #4315, #4356, #4438 ) ) ;
#5467 = PLANE ( 'NONE',  #3413 ) ;
#5468 = VECTOR ( 'NONE', #5712, 1000.000000000000000 ) ;
#5469 = AXIS2_PLACEMENT_3D ( 'NONE', #869, #3214, #2796 ) ;
#5470 = CARTESIAN_POINT ( 'NONE',  ( -6.685875052008637631, -67.00000000000000000, 1.000000000000000000 ) ) ;
#5471 = EDGE_LOOP ( 'NONE', ( #2071, #4026 ) ) ;
#5472 = DIRECTION ( 'NONE',  ( 1.000000000000000000, 0.000000000000000000, 0.000000000000000000 ) ) ;
#5473 = EDGE_CURVE ( 'NONE', #6164, #2944, #4160, .T. ) ;
#5474 = VERTEX_POINT ( 'NONE', #3710 ) ;
#5475 = LINE ( 'NONE', #4685, #3125 ) ;
#5476 = TOROIDAL_SURFACE ( 'NONE', #2426, 2.000000000000000000, 1.000000000000000000 ) ;
#5477 = ORIENTED_EDGE ( 'NONE', *, *, #1358, .T. ) ;
#5478 = CARTESIAN_POINT ( 'NONE',  ( -12.85429442635824060, -23.54914435045912313, 4.998884487960234324 ) ) ;
#5479 = DIRECTION ( 'NONE',  ( 1.000000000000000000, 0.000000000000000000, 0.000000000000000000 ) ) ;
#5480 = VECTOR ( 'NONE', #501, 1000.000000000000000 ) ;
#5481 = DIRECTION ( 'NONE',  ( 1.000000000000000000, 1.172673560416567696E-16, -0.000000000000000000 ) ) ;
#5482 = DIRECTION ( 'NONE',  ( -1.000000000000000000, 0.000000000000000000, 0.000000000000000000 ) ) ;
#5483 = ORIENTED_EDGE ( 'NONE', *, *, #4774, .F. ) ;
#5484 = CYLINDRICAL_SURFACE ( 'NONE', #2440, 1.000000000000000000 ) ;
#5485 = ORIENTED_EDGE ( 'NONE', *, *, #4079, .F. ) ;
#5486 = CIRCLE ( 'NONE', #3672, 1.500000000000001332 ) ;
#5487 = ORIENTED_EDGE ( 'NONE', *, *, #3451, .T. ) ;
#5488 = CARTESIAN_POINT ( 'NONE',  ( -17.00000000000000000, -10.00000000000000000, 52.00000000000000000 ) ) ;
#5489 = DIRECTION ( 'NONE',  ( -1.000000000000000000, 0.000000000000000000, 0.000000000000000000 ) ) ;
#5490 = DIRECTION ( 'NONE',  ( 0.000000000000000000, -0.000000000000000000, -1.000000000000000000 ) ) ;
#5491 = CARTESIAN_POINT ( 'NONE',  ( 12.96156045208818242, -24.49766154041164512, 47.19447635808838726 ) ) ;
#5492 = ORIENTED_EDGE ( 'NONE', *, *, #4997, .F. ) ;
#5493 = EDGE_CURVE ( 'NONE', #683, #6136, #6177, .T. ) ;
#5494 = CARTESIAN_POINT ( 'NONE',  ( 15.50000000000000000, -10.00000000000000178, 3.000000000000002665 ) ) ;
#5495 = VERTEX_POINT ( 'NONE', #4700 ) ;
#5496 = DIRECTION ( 'NONE',  ( 0.000000000000000000, 0.000000000000000000, 1.000000000000000000 ) ) ;
#5497 = CARTESIAN_POINT ( 'NONE',  ( 6.539809849142472764, -43.67814575986520964, 0.000000000000000000 ) ) ;
#5498 = EDGE_CURVE ( 'NONE', #5208, #3689, #1233, .T. ) ;
#5499 = EDGE_CURVE ( 'NONE', #5055, #5680, #2141, .T. ) ;
#5500 = VERTEX_POINT ( 'NONE', #5164 ) ;
#5501 = CIRCLE ( 'NONE', #4507, 1.500000000000001332 ) ;
#5502 = CARTESIAN_POINT ( 'NONE',  ( 22.50000000000000711, -59.17157287525380838, 52.00000000000000000 ) ) ;
#5503 = ORIENTED_EDGE ( 'NONE', *, *, #4139, .F. ) ;
#5504 = DIRECTION ( 'NONE',  ( 0.000000000000000000, 1.000000000000000000, 0.000000000000000000 ) ) ;
#5505 = EDGE_CURVE ( 'NONE', #531, #4114, #5129, .T. ) ;
#5506 = EDGE_LOOP ( 'NONE', ( #1943, #3528 ) ) ;
#5507 = CARTESIAN_POINT ( 'NONE',  ( 12.97793262987730500, -24.73963871872955167, 49.63370039532208722 ) ) ;
#5508 = FACE_OUTER_BOUND ( 'NONE', #2720, .T. ) ;
#5509 = CARTESIAN_POINT ( 'NONE',  ( -29.99999999999999289, -72.50000000000001421, 52.00000000000000000 ) ) ;
#5510 = LINE ( 'NONE', #5921, #3927 ) ;
#5511 = CYLINDRICAL_SURFACE ( 'NONE', #821, 1.000000000000000000 ) ;
#5512 = ORIENTED_EDGE ( 'NONE', *, *, #2486, .F. ) ;
#5513 = ORIENTED_EDGE ( 'NONE', *, *, #4772, .F. ) ;
#5514 = CARTESIAN_POINT ( 'NONE',  ( 6.539809849142472764, -44.67814575986520964, 0.000000000000000000 ) ) ;
#5515 = FACE_OUTER_BOUND ( 'NONE', #4242, .T. ) ;
#5516 = CYLINDRICAL_SURFACE ( 'NONE', #6246, 1.500000000000004885 ) ;
#5517 = DIRECTION ( 'NONE',  ( 1.000000000000000000, 1.172673560416567696E-16, -0.000000000000000000 ) ) ;
#5518 = ORIENTED_EDGE ( 'NONE', *, *, #1892, .F. ) ;
#5519 = DIRECTION ( 'NONE',  ( 0.000000000000000000, 0.000000000000000000, 1.000000000000000000 ) ) ;
#5520 = DIRECTION ( 'NONE',  ( 0.000000000000000000, 0.000000000000000000, -1.000000000000000000 ) ) ;
#5521 = ORIENTED_EDGE ( 'NONE', *, *, #3278, .F. ) ;
#5522 = DIRECTION ( 'NONE',  ( 0.000000000000000000, 0.000000000000000000, -1.000000000000000000 ) ) ;
#5523 = EDGE_LOOP ( 'NONE', ( #6181, #3484 ) ) ;
#5524 = EDGE_CURVE ( 'NONE', #4825, #3689, #3780, .T. ) ;
#5525 = CARTESIAN_POINT ( 'NONE',  ( -23.24199247792598300, -60.60035336314109600, 52.00000000000000000 ) ) ;
#5526 = LINE ( 'NONE', #766, #637 ) ;
#5527 = ORIENTED_EDGE ( 'NONE', *, *, #2073, .T. ) ;
#5528 = CARTESIAN_POINT ( 'NONE',  ( -15.50000000000000000, -10.00000000000000000, 3.000000000000000000 ) ) ;
#5529 = EDGE_LOOP ( 'NONE', ( #5363, #2595 ) ) ;
#5530 = ADVANCED_FACE ( 'NONE', ( #3255 ), #2265, .F. ) ;
#5531 = EDGE_CURVE ( 'NONE', #41, #2674, #5099, .T. ) ;
#5532 = AXIS2_PLACEMENT_3D ( 'NONE', #1650, #3070, #146 ) ;
#5533 = VERTEX_POINT ( 'NONE', #2176 ) ;
#5534 = CARTESIAN_POINT ( 'NONE',  ( -12.59039670961113444, -22.26236121956707237, 3.697624420928652178 ) ) ;
#5535 = DIRECTION ( 'NONE',  ( 0.000000000000000000, 1.000000000000000000, 0.000000000000000000 ) ) ;
#5536 = CIRCLE ( 'NONE', #51, 35.50000000000001421 ) ;
#5537 = DIRECTION ( 'NONE',  ( 1.000000000000000000, 1.172673560416567696E-16, -0.000000000000000000 ) ) ;
#5538 = ADVANCED_FACE ( 'NONE', ( #3647 ), #1353, .F. ) ;
#5539 = DIRECTION ( 'NONE',  ( 0.000000000000000000, 1.000000000000000000, -0.000000000000000000 ) ) ;
#5540 = EDGE_CURVE ( 'NONE', #1247, #1020, #3565, .T. ) ;
#5541 = VECTOR ( 'NONE', #383, 1000.000000000000000 ) ;
#5542 = CARTESIAN_POINT ( 'NONE',  ( 15.50000000000000000, -10.00000000000000178, 49.00000000000000000 ) ) ;
#5543 = ORIENTED_EDGE ( 'NONE', *, *, #458, .T. ) ;
#5544 = ORIENTED_EDGE ( 'NONE', *, *, #570, .F. ) ;
#5545 = CIRCLE ( 'NONE', #1693, 2.000000000000000000 ) ;
#5546 = CARTESIAN_POINT ( 'NONE',  ( 9.136967527403571765, -16.25252334941184529, 3.499999999999995559 ) ) ;
#5547 = FACE_OUTER_BOUND ( 'NONE', #978, .T. ) ;
#5548 = CARTESIAN_POINT ( 'NONE',  ( 9.115268349807903903, -16.23095720869402570, 3.210032083072300590 ) ) ;
#5549 = CARTESIAN_POINT ( 'NONE',  ( -12.06465996625052028, -70.00000000000000000, 0.000000000000000000 ) ) ;
#5550 = VERTEX_POINT ( 'NONE', #4221 ) ;
#5551 = AXIS2_PLACEMENT_3D ( 'NONE', #4989, #3019, #1532 ) ;
#5552 = DIRECTION ( 'NONE',  ( 0.000000000000000000, 0.000000000000000000, -1.000000000000000000 ) ) ;
#5553 = CARTESIAN_POINT ( 'NONE',  ( 4.358820447471754456, -13.25252334941183996, 48.49999999999997868 ) ) ;
#5554 = EDGE_LOOP ( 'NONE', ( #5889, #638, #3923, #3844 ) ) ;
#5555 = CARTESIAN_POINT ( 'NONE',  ( -22.54992673837577044, -57.18788594219551413, 0.000000000000000000 ) ) ;
#5556 = VECTOR ( 'NONE', #3981, 1000.000000000000000 ) ;
#5557 = ORIENTED_EDGE ( 'NONE', *, *, #4695, .F. ) ;
#5558 = LINE ( 'NONE', #1212, #778 ) ;
#5559 = DIRECTION ( 'NONE',  ( -0.000000000000000000, -0.000000000000000000, -1.000000000000000000 ) ) ;
#5560 = AXIS2_PLACEMENT_3D ( 'NONE', #2782, #375, #1391 ) ;
#5561 = ORIENTED_EDGE ( 'NONE', *, *, #4109, .T. ) ;
#5562 = DIRECTION ( 'NONE',  ( -1.000000000000000000, 0.000000000000000000, 0.000000000000000000 ) ) ;
#5563 = ORIENTED_EDGE ( 'NONE', *, *, #1279, .F. ) ;
#5564 = AXIS2_PLACEMENT_3D ( 'NONE', #1758, #5145, #5179 ) ;
#5565 = AXIS2_PLACEMENT_3D ( 'NONE', #36, #1958, #548 ) ;
#5566 = EDGE_LOOP ( 'NONE', ( #3904, #4811, #1569, #2558 ) ) ;
#5567 = CARTESIAN_POINT ( 'NONE',  ( 24.05648139496203441, -7.000000000000000000, 52.00000000000000000 ) ) ;
#5568 = ADVANCED_FACE ( 'NONE', ( #6142 ), #2704, .F. ) ;
#5569 = CARTESIAN_POINT ( 'NONE',  ( -33.14501880518503896, -68.61298871688897805, 5.999999999999998224 ) ) ;
#5570 = AXIS2_PLACEMENT_3D ( 'NONE', #6062, #5046, #3198 ) ;
#5571 = VECTOR ( 'NONE', #2236, 1000.000000000000000 ) ;
#5572 = CARTESIAN_POINT ( 'NONE',  ( -24.49999999999999289, -69.00000000000000000, 1.000000000000000000 ) ) ;
#5573 = DIRECTION ( 'NONE',  ( 1.000000000000000000, 0.000000000000000000, 0.000000000000000000 ) ) ;
#5574 = CARTESIAN_POINT ( 'NONE',  ( 13.64213748382862867, -10.00000000000000000, 36.38715187696832487 ) ) ;
#5575 = CIRCLE ( 'NONE', #510, 13.00000000000000178 ) ;
#5576 = ORIENTED_EDGE ( 'NONE', *, *, #3768, .F. ) ;
#5577 = FACE_BOUND ( 'NONE', #2492, .T. ) ;
#5578 = EDGE_CURVE ( 'NONE', #5971, #3551, #827, .T. ) ;
#5579 = EDGE_CURVE ( 'NONE', #6213, #3107, #1257, .T. ) ;
#5580 = ORIENTED_EDGE ( 'NONE', *, *, #6039, .F. ) ;
#5581 = CIRCLE ( 'NONE', #4280, 13.00000000000000178 ) ;
#5582 = CARTESIAN_POINT ( 'NONE',  ( -6.685875052008637631, -68.00000000000000000, 1.000000000000000000 ) ) ;
#5583 = LINE ( 'NONE', #4548, #181 ) ;
#5584 = CARTESIAN_POINT ( 'NONE',  ( 4.428508954356651373, -13.27751523048848981, 3.218887148120647801 ) ) ;
#5585 = CARTESIAN_POINT ( 'NONE',  ( -12.99283203655999408, -25.06179827468509913, 2.742116392155367066 ) ) ;
#5586 = VERTEX_POINT ( 'NONE', #363 ) ;
#5587 = VECTOR ( 'NONE', #6049, 1000.000000000000000 ) ;
#5588 = ADVANCED_FACE ( 'NONE', ( #4192 ), #2292, .F. ) ;
#5589 = CARTESIAN_POINT ( 'NONE',  ( 4.374439730367334356, -13.25805969034558274, 48.35422017247976356 ) ) ;
#5590 = DIRECTION ( 'NONE',  ( 0.7240544319887651792, 0.6897428357855026615, 0.000000000000000000 ) ) ;
#5591 = ORIENTED_EDGE ( 'NONE', *, *, #1188, .T. ) ;
#5592 = CARTESIAN_POINT ( 'NONE',  ( -4.358820447471746462, -13.25252334941183996, 48.57409291108152161 ) ) ;
#5593 = DIRECTION ( 'NONE',  ( 0.000000000000000000, 0.000000000000000000, 1.000000000000000000 ) ) ;
#5594 = ORIENTED_EDGE ( 'NONE', *, *, #5253, .F. ) ;
#5595 = LINE ( 'NONE', #740, #2100 ) ;
#5596 = ORIENTED_EDGE ( 'NONE', *, *, #3642, .T. ) ;
#5597 = ORIENTED_EDGE ( 'NONE', *, *, #841, .T. ) ;
#5598 = CARTESIAN_POINT ( 'NONE',  ( -21.50000000000000000, -44.67814575986520964, 52.00000000000000000 ) ) ;
#5599 = FACE_OUTER_BOUND ( 'NONE', #5983, .T. ) ;
#5600 = AXIS2_PLACEMENT_3D ( 'NONE', #1149, #6104, #1760 ) ;
#5601 = CARTESIAN_POINT ( 'NONE',  ( 21.50000000000000355, -59.04554884989668295, 0.000000000000000000 ) ) ;
#5602 = FACE_OUTER_BOUND ( 'NONE', #3701, .T. ) ;
#5603 = ADVANCED_FACE ( 'NONE', ( #4791, #3015, #6269, #4819, #872, #4500 ), #3869, .F. ) ;
#5604 = DIRECTION ( 'NONE',  ( 1.000000000000000000, 1.172673560416567696E-16, -0.000000000000000000 ) ) ;
#5605 = ORIENTED_EDGE ( 'NONE', *, *, #2682, .T. ) ;
#5606 = DIRECTION ( 'NONE',  ( -0.000000000000000000, -0.000000000000000000, -1.000000000000000000 ) ) ;
#5607 =( GEOMETRIC_REPRESENTATION_CONTEXT ( 3 ) GLOBAL_UNCERTAINTY_ASSIGNED_CONTEXT ( ( #5403 ) ) GLOBAL_UNIT_ASSIGNED_CONTEXT ( ( #5459, #6058, #3660 ) ) REPRESENTATION_CONTEXT ( 'NONE', 'WORKASPACE' ) );
#5608 = EDGE_LOOP ( 'NONE', ( #3440, #3659 ) ) ;
#5609 = CARTESIAN_POINT ( 'NONE',  ( -9.114878434570714560, -16.23057295097880015, 48.20818065577719835 ) ) ;
#5610 = DIRECTION ( 'NONE',  ( 0.000000000000000000, 0.000000000000000000, -1.000000000000000000 ) ) ;
#5611 = DIRECTION ( 'NONE',  ( 0.000000000000000000, -0.000000000000000000, 1.000000000000000000 ) ) ;
#5612 = DIRECTION ( 'NONE',  ( -1.000000000000000000, 0.000000000000000000, 0.000000000000000000 ) ) ;
#5613 = ADVANCED_FACE ( 'NONE', ( #5938 ), #3252, .T. ) ;
#5614 = ADVANCED_FACE ( 'NONE', ( #2870 ), #2800, .F. ) ;
#5615 = ORIENTED_EDGE ( 'NONE', *, *, #3401, .F. ) ;
#5616 = FACE_OUTER_BOUND ( 'NONE', #6259, .T. ) ;
#5617 = CARTESIAN_POINT ( 'NONE',  ( 4.464943649617080013, -13.29072699980121719, 48.84157165203030360 ) ) ;
#5618 = LINE ( 'NONE', #2250, #1519 ) ;
#5619 = ORIENTED_EDGE ( 'NONE', *, *, #1032, .F. ) ;
#5620 = FACE_OUTER_BOUND ( 'NONE', #2803, .T. ) ;
#5621 = ADVANCED_FACE ( 'NONE', ( #1411 ), #3531, .T. ) ;
#5622 = CARTESIAN_POINT ( 'NONE',  ( -4.374439730367327250, -13.25805969034558274, 48.64577982752022933 ) ) ;
#5623 = CARTESIAN_POINT ( 'NONE',  ( 6.539809849142475429, -69.00000000000000000, 1.000000000000000000 ) ) ;
#5624 = ORIENTED_EDGE ( 'NONE', *, *, #6125, .T. ) ;
#5625 = DIRECTION ( 'NONE',  ( -0.000000000000000000, -0.000000000000000000, -1.000000000000000000 ) ) ;
#5626 = VERTEX_POINT ( 'NONE', #6210 ) ;
#5627 = ORIENTED_EDGE ( 'NONE', *, *, #2355, .F. ) ;
#5628 = CARTESIAN_POINT ( 'NONE',  ( 6.539809849142472764, -45.67814575986520964, 51.00000000000000000 ) ) ;
#5629 = CARTESIAN_POINT ( 'NONE',  ( -11.88867615654734955, -68.37948567157100399, 0.000000000000000000 ) ) ;
#5630 = CARTESIAN_POINT ( 'NONE',  ( -12.80673678196874299, -23.26486385418791869, 47.07814659473549312 ) ) ;
#5631 = FACE_OUTER_BOUND ( 'NONE', #2057, .T. ) ;
#5632 = CARTESIAN_POINT ( 'NONE',  ( 0.8240424184599304258, -7.000000000000000000, 25.15779854030026286 ) ) ;
#5633 = AXIS2_PLACEMENT_3D ( 'NONE', #6252, #5777, #4829 ) ;
#5634 = ORIENTED_EDGE ( 'NONE', *, *, #6012, .T. ) ;
#5635 = CYLINDRICAL_SURFACE ( 'NONE', #93, 1.500000000000001332 ) ;
#5636 = ORIENTED_EDGE ( 'NONE', *, *, #3057, .F. ) ;
#5637 = DIRECTION ( 'NONE',  ( -1.000000000000000000, 0.000000000000000000, 0.000000000000000000 ) ) ;
#5638 = DIRECTION ( 'NONE',  ( 1.000000000000000000, 0.000000000000000000, 0.000000000000000000 ) ) ;
#5639 = CIRCLE ( 'NONE', #4027, 1.500000000000004885 ) ;
#5640 = CARTESIAN_POINT ( 'NONE',  ( 4.358820447471742909, -13.25252334941183818, 3.499999999999997780 ) ) ;
#5641 = DIRECTION ( 'NONE',  ( 0.000000000000000000, 0.000000000000000000, 1.000000000000000000 ) ) ;
#5642 = EDGE_LOOP ( 'NONE', ( #4614, #5069, #6152, #2500, #2882, #2663, #1949, #5487, #2064, #4363 ) ) ;
#5643 = AXIS2_PLACEMENT_3D ( 'NONE', #2724, #2787, #893 ) ;
#5644 = EDGE_CURVE ( 'NONE', #4933, #6211, #4756, .T. ) ;
#5645 = CARTESIAN_POINT ( 'NONE',  ( 9.136967527403578870, -16.25252334941185239, 48.49999999999998579 ) ) ;
#5646 = DIRECTION ( 'NONE',  ( 0.000000000000000000, -0.000000000000000000, -1.000000000000000000 ) ) ;
#5647 = VERTEX_POINT ( 'NONE', #4960 ) ;
#5648 = FACE_OUTER_BOUND ( 'NONE', #110, .T. ) ;
#5649 = CIRCLE ( 'NONE', #5244, 1.500000000000001332 ) ;
#5650 = CARTESIAN_POINT ( 'NONE',  ( -4.465469255802897663, -13.29091804353535444, 48.84243328665122874 ) ) ;
#5651 = CARTESIAN_POINT ( 'NONE',  ( 20.20710678118654968, -59.46446609406728356, 4.000000000000000000 ) ) ;
#5652 = ORIENTED_EDGE ( 'NONE', *, *, #3286, .F. ) ;
#5653 = FACE_OUTER_BOUND ( 'NONE', #2012, .T. ) ;
#5654 = ADVANCED_FACE ( 'NONE', ( #397 ), #2329, .F. ) ;
#5655 = ADVANCED_FACE ( 'NONE', ( #1444, #4287, #1869, #4926, #3807, #5758, #573, #5314, #2501 ), #5724, .T. ) ;
#5656 = CIRCLE ( 'NONE', #1705, 1.000000000000000000 ) ;
#5657 = VERTEX_POINT ( 'NONE', #908 ) ;
#5658 = AXIS2_PLACEMENT_3D ( 'NONE', #4258, #4322, #4764 ) ;
#5659 = AXIS2_PLACEMENT_3D ( 'NONE', #5332, #2565, #2063 ) ;
#5660 = ORIENTED_EDGE ( 'NONE', *, *, #6048, .T. ) ;
#5661 = DIRECTION ( 'NONE',  ( -0.000000000000000000, -0.000000000000000000, -1.000000000000000000 ) ) ;
#5662 = EDGE_CURVE ( 'NONE', #710, #5821, #4077, .T. ) ;
#5663 = CIRCLE ( 'NONE', #186, 1.500000000000001332 ) ;
#5664 = AXIS2_PLACEMENT_3D ( 'NONE', #5358, #1010, #2946 ) ;
#5665 = CARTESIAN_POINT ( 'NONE',  ( -26.50000000000002842, -23.75252334941184174, 3.500000000000003109 ) ) ;
#5666 = CARTESIAN_POINT ( 'NONE',  ( -12.59844111860275540, -22.29293097336654839, 48.10278783169140127 ) ) ;
#5667 = DIRECTION ( 'NONE',  ( -1.000000000000000000, 0.000000000000000000, 0.000000000000000000 ) ) ;
#5668 = AXIS2_PLACEMENT_3D ( 'NONE', #537, #3004, #2463 ) ;
#5669 = CIRCLE ( 'NONE', #5166, 1.000000000000000000 ) ;
#5670 = ORIENTED_EDGE ( 'NONE', *, *, #1165, .F. ) ;
#5671 = FACE_OUTER_BOUND ( 'NONE', #4138, .T. ) ;
#5672 = ORIENTED_EDGE ( 'NONE', *, *, #4986, .F. ) ;
#5673 = CARTESIAN_POINT ( 'NONE',  ( 20.50000000000000355, -45.67814575986520964, 48.00000000000000000 ) ) ;
#5674 = LINE ( 'NONE', #823, #3031 ) ;
#5675 = FACE_OUTER_BOUND ( 'NONE', #3907, .T. ) ;
#5676 = ORIENTED_EDGE ( 'NONE', *, *, #2073, .F. ) ;
#5677 = PERSON_AND_ORGANIZATION ( #6107, #2867 ) ;
#5678 = AXIS2_PLACEMENT_3D ( 'NONE', #2059, #4006, #1552 ) ;
#5679 = DIRECTION ( 'NONE',  ( -1.000000000000000000, 0.000000000000000000, 0.000000000000000000 ) ) ;
#5680 = VERTEX_POINT ( 'NONE', #5433 ) ;
#5681 = CARTESIAN_POINT ( 'NONE',  ( 6.007138400552341828, -13.96774895264810290, 4.787049251260821592 ) ) ;
#5682 = EDGE_LOOP ( 'NONE', ( #4747, #2511 ) ) ;
#5683 = CARTESIAN_POINT ( 'NONE',  ( 13.99999999999999822, -10.00000000000000178, 0.000000000000000000 ) ) ;
#5684 = CIRCLE ( 'NONE', #2433, 2.000000000000000000 ) ;
#5685 = DIRECTION ( 'NONE',  ( -0.000000000000000000, -0.000000000000000000, -1.000000000000000000 ) ) ;
#5686 = EDGE_CURVE ( 'NONE', #3234, #1231, #6238, .T. ) ;
#5687 = DIRECTION ( 'NONE',  ( 1.000000000000000000, 0.000000000000000000, 0.000000000000000000 ) ) ;
#5688 = ORIENTED_EDGE ( 'NONE', *, *, #6156, .F. ) ;
#5689 = CARTESIAN_POINT ( 'NONE',  ( -27.99999999999998934, -72.50000000000001421, 0.000000000000000000 ) ) ;
#5690 = EDGE_LOOP ( 'NONE', ( #2436, #2981, #772, #1258 ) ) ;
#5691 = EDGE_CURVE ( 'NONE', #854, #6146, #3985, .T. ) ;
#5692 = ADVANCED_FACE ( 'NONE', ( #610 ), #3835, .F. ) ;
#5693 = ORIENTED_EDGE ( 'NONE', *, *, #5156, .T. ) ;
#5694 = DIRECTION ( 'NONE',  ( 0.000000000000000000, 0.000000000000000000, 1.000000000000000000 ) ) ;
#5695 = CYLINDRICAL_SURFACE ( 'NONE', #3232, 1.000000000000000000 ) ;
#5696 = CARTESIAN_POINT ( 'NONE',  ( -12.66288888228902998, -22.55533143220761971, 47.57562455701100390 ) ) ;
#5697 = EDGE_CURVE ( 'NONE', #5033, #5898, #2843, .T. ) ;
#5698 = DIRECTION ( 'NONE',  ( 0.000000000000000000, 0.000000000000000000, -1.000000000000000000 ) ) ;
#5699 = ORIENTED_EDGE ( 'NONE', *, *, #3917, .T. ) ;
#5700 = CARTESIAN_POINT ( 'NONE',  ( -6.685875052008637631, -67.00000000000000000, 51.00000000000000000 ) ) ;
#5701 = ORIENTED_EDGE ( 'NONE', *, *, #2545, .F. ) ;
#5702 = VECTOR ( 'NONE', #2282, 1000.000000000000000 ) ;
#5703 = DIRECTION ( 'NONE',  ( 1.000000000000000000, 0.000000000000000000, 0.000000000000000000 ) ) ;
#5704 = CARTESIAN_POINT ( 'NONE',  ( 22.50000000000000355, -23.75252334941184174, 48.49999999999997868 ) ) ;
#5705 = CARTESIAN_POINT ( 'NONE',  ( 3.469446951953615767E-15, -25.50000000000000355, 56.00000000000002132 ) ) ;
#5706 = CARTESIAN_POINT ( 'NONE',  ( 12.60022715555860806, -22.30083295117718478, 3.109828790600564830 ) ) ;
#5707 = ORIENTED_EDGE ( 'NONE', *, *, #4610, .T. ) ;
#5708 = COORDINATED_UNIVERSAL_TIME_OFFSET ( 9, 0, .AHEAD. ) ;
#5709 = CARTESIAN_POINT ( 'NONE',  ( 5.270681273965622360, -13.61335110121749992, 47.51168879731181249 ) ) ;
#5710 = PLANE ( 'NONE',  #306 ) ;
#5711 = ORIENTED_EDGE ( 'NONE', *, *, #4076, .T. ) ;
#5712 = DIRECTION ( 'NONE',  ( 1.000000000000000000, 1.172673560416567696E-16, -0.000000000000000000 ) ) ;
#5713 = CARTESIAN_POINT ( 'NONE',  ( 12.75000000000000355, -40.99999999999999289, 49.00000000000000000 ) ) ;
#5714 = PLANE ( 'NONE',  #2450 ) ;
#5715 = VERTEX_POINT ( 'NONE', #3628 ) ;
#5716 = PLANE ( 'NONE',  #6166 ) ;
#5717 = ORIENTED_EDGE ( 'NONE', *, *, #2781, .F. ) ;
#5718 = EDGE_LOOP ( 'NONE', ( #61, #3992, #3256, #1136 ) ) ;
#5719 = DIRECTION ( 'NONE',  ( -0.000000000000000000, -0.000000000000000000, -1.000000000000000000 ) ) ;
#5720 = EDGE_CURVE ( 'NONE', #6211, #3316, #5486, .T. ) ;
#5721 = EDGE_CURVE ( 'NONE', #3534, #5151, #928, .T. ) ;
#5722 = DIRECTION ( 'NONE',  ( 0.000000000000000000, 0.000000000000000000, -1.000000000000000000 ) ) ;
#5723 = DIRECTION ( 'NONE',  ( 0.000000000000000000, 1.000000000000000000, 0.000000000000000000 ) ) ;
#5724 = PLANE ( 'NONE',  #515 ) ;
#5725 = EDGE_LOOP ( 'NONE', ( #6037, #3127, #3482, #1786 ) ) ;
#5726 = LINE ( 'NONE', #1897, #1426 ) ;
#5727 = EDGE_LOOP ( 'NONE', ( #4038, #2005 ) ) ;
#5728 = EDGE_CURVE ( 'NONE', #2419, #1499, #1738, .T. ) ;
#5729 = ADVANCED_FACE ( 'NONE', ( #641 ), #3353, .T. ) ;
#5730 = CARTESIAN_POINT ( 'NONE',  ( -11.81786251617137395, -6.999999999999978684, 37.88715187696834619 ) ) ;
#5731 = DIRECTION ( 'NONE',  ( 1.000000000000000000, 0.000000000000000000, 0.000000000000000000 ) ) ;
#5732 = FACE_OUTER_BOUND ( 'NONE', #946, .T. ) ;
#5733 = CYLINDRICAL_SURFACE ( 'NONE', #1726, 35.50000000000001421 ) ;
#5734 = VERTEX_POINT ( 'NONE', #1214 ) ;
#5735 = CIRCLE ( 'NONE', #972, 1.500000000000001332 ) ;
#5736 = CARTESIAN_POINT ( 'NONE',  ( 20.50000000000000355, -59.17157287525382969, -5.000000000000011546 ) ) ;
#5737 = AXIS2_PLACEMENT_3D ( 'NONE', #2367, #4823, #2939 ) ;
#5738 = DIRECTION ( 'NONE',  ( 1.000000000000000000, 1.172673560416567696E-16, -0.000000000000000000 ) ) ;
#5739 = VERTEX_POINT ( 'NONE', #1690 ) ;
#5740 = CARTESIAN_POINT ( 'NONE',  ( -15.49999999999999645, -41.00000000000000000, 49.00000000000000000 ) ) ;
#5741 = DIRECTION ( 'NONE',  ( 0.000000000000000000, 0.000000000000000000, 1.000000000000000000 ) ) ;
#5742 = CARTESIAN_POINT ( 'NONE',  ( 17.00000000000000000, -10.00000000000000178, 0.000000000000000000 ) ) ;
#5743 = CARTESIAN_POINT ( 'NONE',  ( -6.685875052008637631, -67.00000000000000000, 51.00000000000000000 ) ) ;
#5744 = VECTOR ( 'NONE', #2172, 1000.000000000000000 ) ;
#5745 = DIRECTION ( 'NONE',  ( 0.7071067811865474617, 0.7071067811865474617, -0.000000000000000000 ) ) ;
#5746 = CARTESIAN_POINT ( 'NONE',  ( -15.49999999999999645, -41.00000000000000000, 49.00000000000000000 ) ) ;
#5747 = VECTOR ( 'NONE', #2863, 1000.000000000000000 ) ;
#5748 = ORIENTED_EDGE ( 'NONE', *, *, #4317, .F. ) ;
#5749 = DIRECTION ( 'NONE',  ( 0.000000000000000000, 1.000000000000000000, 0.000000000000000000 ) ) ;
#5750 = ORIENTED_EDGE ( 'NONE', *, *, #3961, .F. ) ;
#5751 = DIRECTION ( 'NONE',  ( -0.000000000000000000, -0.000000000000000000, -1.000000000000000000 ) ) ;
#5752 = EDGE_LOOP ( 'NONE', ( #6232, #2364 ) ) ;
#5753 = ORIENTED_EDGE ( 'NONE', *, *, #3313, .F. ) ;
#5754 = CIRCLE ( 'NONE', #283, 2.749999999999999112 ) ;
#5755 = CARTESIAN_POINT ( 'NONE',  ( -12.85325792593740779, -23.54985731639172641, 47.01058254229046440 ) ) ;
#5756 = CIRCLE ( 'NONE', #3017, 1.500000000000001332 ) ;
#5757 = EDGE_CURVE ( 'NONE', #6234, #662, #3872, .T. ) ;
#5758 = FACE_BOUND ( 'NONE', #4441, .T. ) ;
#5759 = CARTESIAN_POINT ( 'NONE',  ( -15.50000000000000000, -10.00000000000000000, 52.00000000000000000 ) ) ;
#5760 = VECTOR ( 'NONE', #4249, 1000.000000000000114 ) ;
#5761 = CIRCLE ( 'NONE', #2827, 1.500000000000001332 ) ;
#5762 = CARTESIAN_POINT ( 'NONE',  ( -34.99999999999999289, -72.50000000000001421, 0.000000000000000000 ) ) ;
#5763 = CARTESIAN_POINT ( 'NONE',  ( -6.685875052008640296, -44.67814575986520964, 51.00000000000000000 ) ) ;
#5764 = FACE_OUTER_BOUND ( 'NONE', #633, .T. ) ;
#5765 = LINE ( 'NONE', #6186, #2325 ) ;
#5766 = AXIS2_PLACEMENT_3D ( 'NONE', #4651, #6102, #1153 ) ;
#5767 = AXIS2_PLACEMENT_3D ( 'NONE', #5665, #4248, #3706 ) ;
#5768 = VERTEX_POINT ( 'NONE', #3176 ) ;
#5769 = ADVANCED_FACE ( 'NONE', ( #668 ), #6034, .F. ) ;
#5770 = DIRECTION ( 'NONE',  ( 0.000000000000000000, 0.000000000000000000, 1.000000000000000000 ) ) ;
#5771 = EDGE_CURVE ( 'NONE', #1791, #32, #3110, .T. ) ;
#5772 = ORIENTED_EDGE ( 'NONE', *, *, #3885, .T. ) ;
#5773 = VECTOR ( 'NONE', #3688, 1000.000000000000000 ) ;
#5774 = AXIS2_PLACEMENT_3D ( 'NONE', #3655, #2119, #723 ) ;
#5775 = CARTESIAN_POINT ( 'NONE',  ( 9.115268349807907455, -16.23095720869402214, 48.21003208307229215 ) ) ;
#5776 = CARTESIAN_POINT ( 'NONE',  ( 11.96446609406728001, -67.70710678118655323, 4.000000000000000000 ) ) ;
#5777 = DIRECTION ( 'NONE',  ( 0.000000000000000000, 0.000000000000000000, -1.000000000000000000 ) ) ;
#5778 = CARTESIAN_POINT ( 'NONE',  ( 12.60763322818843513, -22.32996819197836302, 48.01419234877883468 ) ) ;
#5779 = CARTESIAN_POINT ( 'NONE',  ( -8.974699713463589745, -16.09444782584490241, 4.182290812519783962 ) ) ;
#5780 = AXIS2_PLACEMENT_3D ( 'NONE', #3518, #3001, #1582 ) ;
#5781 = EDGE_CURVE ( 'NONE', #4902, #5550, #432, .T. ) ;
#5782 = CARTESIAN_POINT ( 'NONE',  ( 5.539809849142472764, -44.67814575986520964, 51.00000000000000000 ) ) ;
#5783 = DIRECTION ( 'NONE',  ( -0.9095261976375371704, -0.4156465996625060555, 0.000000000000000000 ) ) ;
#5784 = AXIS2_PLACEMENT_3D ( 'NONE', #5380, #5255, #4820 ) ;
#5785 = ORIENTED_EDGE ( 'NONE', *, *, #4283, .T. ) ;
#5786 = AXIS2_PLACEMENT_3D ( 'NONE', #3971, #5991, #5031 ) ;
#5787 = ORIENTED_EDGE ( 'NONE', *, *, #4471, .T. ) ;
#5788 = CARTESIAN_POINT ( 'NONE',  ( -12.75000000000000178, -10.00000000000000000, 49.00000000000000000 ) ) ;
#5789 = EDGE_LOOP ( 'NONE', ( #3018, #4236 ) ) ;
#5790 = ORIENTED_EDGE ( 'NONE', *, *, #5224, .T. ) ;
#5791 = CARTESIAN_POINT ( 'NONE',  ( -12.97317956067895928, -24.66134403532325337, 49.69735870320303661 ) ) ;
#5792 = DIRECTION ( 'NONE',  ( -1.000000000000000000, 0.000000000000000000, -0.000000000000000000 ) ) ;
#5793 = CARTESIAN_POINT ( 'NONE',  ( 3.469446951953615767E-15, -25.50000000000000355, 5.999999999999998224 ) ) ;
#5794 = CARTESIAN_POINT ( 'NONE',  ( -19.49999999999999645, -57.48990136207992663, 51.00000000000000000 ) ) ;
#5795 = EDGE_CURVE ( 'NONE', #1762, #4208, #3375, .T. ) ;
#5796 = CARTESIAN_POINT ( 'NONE',  ( -17.00000000000000000, -10.00000000000000000, 49.00000000000000000 ) ) ;
#5797 = DIRECTION ( 'NONE',  ( 0.000000000000000000, -0.000000000000000000, -1.000000000000000000 ) ) ;
#5798 = FACE_OUTER_BOUND ( 'NONE', #232, .T. ) ;
#5799 = ORIENTED_EDGE ( 'NONE', *, *, #4277, .T. ) ;
#5800 = CARTESIAN_POINT ( 'NONE',  ( -4.374906795949524252, -13.25822773028613355, 3.353043940824714575 ) ) ;
#5801 = EDGE_LOOP ( 'NONE', ( #2783, #4344, #2101, #1007 ) ) ;
#5802 = CARTESIAN_POINT ( 'NONE',  ( -15.49999999999999645, -41.00000000000000000, 3.000000000000002665 ) ) ;
#5803 = EDGE_CURVE ( 'NONE', #1020, #1247, #333, .T. ) ;
#5804 = CYLINDRICAL_SURFACE ( 'NONE', #4874, 1.000000000000000000 ) ;
#5805 = EDGE_CURVE ( 'NONE', #2746, #2148, #224, .T. ) ;
#5806 = EDGE_LOOP ( 'NONE', ( #3707, #3808 ) ) ;
#5807 = CIRCLE ( 'NONE', #4704, 2.500000000000000888 ) ;
#5808 = FACE_OUTER_BOUND ( 'NONE', #3005, .T. ) ;
#5809 = CARTESIAN_POINT ( 'NONE',  ( 11.67157287525380660, -70.00000000000000000, 52.00000000000000000 ) ) ;
#5810 = CARTESIAN_POINT ( 'NONE',  ( -12.06465996625052028, -70.00000000000000000, 52.00000000000000000 ) ) ;
#5811 = VECTOR ( 'NONE', #5519, 1000.000000000000000 ) ;
#5812 = PLANE ( 'NONE',  #1498 ) ;
#5813 = EDGE_CURVE ( 'NONE', #2266, #4319, #2135, .T. ) ;
#5814 = ORIENTED_EDGE ( 'NONE', *, *, #302, .F. ) ;
#5815 = CYLINDRICAL_SURFACE ( 'NONE', #4647, 1.000000000000000000 ) ;
#5816 = ORIENTED_EDGE ( 'NONE', *, *, #1310, .T. ) ;
#5817 = CARTESIAN_POINT ( 'NONE',  ( -11.81786251617137928, -6.999999999999978684, 12.42715187696833645 ) ) ;
#5818 = ORIENTED_EDGE ( 'NONE', *, *, #957, .F. ) ;
#5819 = VERTEX_POINT ( 'NONE', #1728 ) ;
#5820 = DIRECTION ( 'NONE',  ( 1.000000000000000000, 0.000000000000000000, 0.000000000000000000 ) ) ;
#5821 = VERTEX_POINT ( 'NONE', #5497 ) ;
#5822 = CARTESIAN_POINT ( 'NONE',  ( 20.50000000000000355, -45.67814575986520964, 51.00000000000000000 ) ) ;
#5823 = DIRECTION ( 'NONE',  ( -0.000000000000000000, -0.000000000000000000, -1.000000000000000000 ) ) ;
#5824 = CARTESIAN_POINT ( 'NONE',  ( -33.14501880518503896, -68.61298871688897805, 52.00000000000000000 ) ) ;
#5825 = CARTESIAN_POINT ( 'NONE',  ( 19.50000000000000355, -44.67814575986520964, 51.00000000000000000 ) ) ;
#5826 = CARTESIAN_POINT ( 'NONE',  ( 12.90652898516505154, -23.94087442908943331, 2.008653881884032710 ) ) ;
#5827 = ORIENTED_EDGE ( 'NONE', *, *, #6003, .F. ) ;
#5828 = EDGE_CURVE ( 'NONE', #2770, #1409, #1178, .T. ) ;
#5829 = DIRECTION ( 'NONE',  ( 0.000000000000000000, 0.000000000000000000, 1.000000000000000000 ) ) ;
#5830 = ORIENTED_EDGE ( 'NONE', *, *, #5264, .T. ) ;
#5831 = ORIENTED_EDGE ( 'NONE', *, *, #3476, .F. ) ;
#5832 = FACE_OUTER_BOUND ( 'NONE', #919, .T. ) ;
#5833 = ORIENTED_EDGE ( 'NONE', *, *, #2625, .F. ) ;
#5834 = CARTESIAN_POINT ( 'NONE',  ( 4.539809849142475429, -67.00000000000000000, 51.00000000000000000 ) ) ;
#5835 = DIRECTION ( 'NONE',  ( 0.9095261976375372814, 0.4156465996625061110, -0.000000000000000000 ) ) ;
#5836 = CYLINDRICAL_SURFACE ( 'NONE', #1315, 1.000000000000000000 ) ;
#5837 = CARTESIAN_POINT ( 'NONE',  ( -27.92176700168746351, -77.04763098818770573, 0.000000000000000000 ) ) ;
#5838 = DIRECTION ( 'NONE',  ( 0.000000000000000000, 0.000000000000000000, 1.000000000000000000 ) ) ;
#5839 = EDGE_CURVE ( 'NONE', #1564, #6105, #5526, .T. ) ;
#5840 = DIRECTION ( 'NONE',  ( 0.000000000000000000, 0.000000000000000000, -1.000000000000000000 ) ) ;
#5841 = DIRECTION ( 'NONE',  ( -0.000000000000000000, -0.000000000000000000, 1.000000000000000000 ) ) ;
#5842 = EDGE_LOOP ( 'NONE', ( #1141, #1216, #3186, #1170 ) ) ;
#5843 = CIRCLE ( 'NONE', #2190, 1.000000000000000888 ) ;
#5844 = EDGE_CURVE ( 'NONE', #1991, #3866, #4898, .T. ) ;
#5845 = EDGE_CURVE ( 'NONE', #2266, #3341, #5501, .T. ) ;
#5846 = ORIENTED_EDGE ( 'NONE', *, *, #212, .T. ) ;
#5847 = DIRECTION ( 'NONE',  ( 0.000000000000000000, 0.000000000000000000, -1.000000000000000000 ) ) ;
#5848 = AXIS2_PLACEMENT_3D ( 'NONE', #4920, #2855, #3824 ) ;
#5849 = ORIENTED_EDGE ( 'NONE', *, *, #5918, .F. ) ;
#5850 = ORIENTED_EDGE ( 'NONE', *, *, #4342, .F. ) ;
#5851 = CARTESIAN_POINT ( 'NONE',  ( -12.98536308922322746, -24.87922585044971768, 49.49521660891500119 ) ) ;
#5852 = VECTOR ( 'NONE', #4815, 1000.000000000000000 ) ;
#5853 = EDGE_CURVE ( 'NONE', #3704, #802, #5118, .T. ) ;
#5854 = ORIENTED_EDGE ( 'NONE', *, *, #6271, .T. ) ;
#5855 = DIRECTION ( 'NONE',  ( 1.000000000000000000, 0.000000000000000000, 0.000000000000000000 ) ) ;
#5856 = AXIS2_PLACEMENT_3D ( 'NONE', #2443, #4402, #1017 ) ;
#5857 = DIRECTION ( 'NONE',  ( 1.000000000000000000, 0.000000000000000000, 0.000000000000000000 ) ) ;
#5858 = FACE_OUTER_BOUND ( 'NONE', #2417, .T. ) ;
#5859 = DIRECTION ( 'NONE',  ( 1.000000000000000000, 1.172673560416567696E-16, 0.000000000000000000 ) ) ;
#5860 = EDGE_LOOP ( 'NONE', ( #4890, #4517 ) ) ;
#5861 = CARTESIAN_POINT ( 'NONE',  ( -4.464943649617075572, -13.29072699980122785, 3.158428347969675976 ) ) ;
#5862 = AXIS2_PLACEMENT_3D ( 'NONE', #236, #5064, #4120 ) ;
#5863 = CIRCLE ( 'NONE', #1203, 1.500000000000001332 ) ;
#5864 = ORIENTED_EDGE ( 'NONE', *, *, #6205, .F. ) ;
#5865 = CARTESIAN_POINT ( 'NONE',  ( -12.75000000000000178, -10.00000000000000000, 6.000000000000000000 ) ) ;
#5866 = AXIS2_PLACEMENT_3D ( 'NONE', #4007, #2491, #4426 ) ;
#5867 = DIRECTION ( 'NONE',  ( -0.6897428357855054371, 0.7240544319887622926, 0.000000000000000000 ) ) ;
#5868 = AXIS2_PLACEMENT_3D ( 'NONE', #4490, #4394, #2559 ) ;
#5869 = PLANE ( 'NONE',  #4233 ) ;
#5870 = CARTESIAN_POINT ( 'NONE',  ( 12.92830766986439883, -24.13317017002911413, 47.04580009242562966 ) ) ;
#5871 = CARTESIAN_POINT ( 'NONE',  ( -8.159753463939582119, -15.37624077898441222, 4.879325939181635263 ) ) ;
#5872 = CYLINDRICAL_SURFACE ( 'NONE', #739, 1.500000000000001332 ) ;
#5873 = VECTOR ( 'NONE', #6225, 1000.000000000000000 ) ;
#5874 = AXIS2_PLACEMENT_3D ( 'NONE', #3060, #2641, #1671 ) ;
#5875 = PLANE ( 'NONE',  #3115 ) ;
#5876 = CARTESIAN_POINT ( 'NONE',  ( 12.99764422145081433, -25.25252334941183818, 3.500000000000003109 ) ) ;
#5877 = ORIENTED_EDGE ( 'NONE', *, *, #2585, .F. ) ;
#5878 = EDGE_CURVE ( 'NONE', #5307, #2763, #227, .T. ) ;
#5879 = CIRCLE ( 'NONE', #5570, 2.000000000000001776 ) ;
#5880 = ORIENTED_EDGE ( 'NONE', *, *, #5721, .F. ) ;
#5881 = CARTESIAN_POINT ( 'NONE',  ( 19.50000000000000355, -44.67814575986520964, 48.00000000000000000 ) ) ;
#5882 = CIRCLE ( 'NONE', #1931, 2.000000000000001776 ) ;
#5883 = VERTEX_POINT ( 'NONE', #5651 ) ;
#5884 = ORIENTED_EDGE ( 'NONE', *, *, #1228, .T. ) ;
#5885 = EDGE_CURVE ( 'NONE', #4224, #3634, #5299, .T. ) ;
#5886 = FACE_OUTER_BOUND ( 'NONE', #3569, .T. ) ;
#5887 = EDGE_CURVE ( 'NONE', #4048, #170, #5096, .T. ) ;
#5888 = VECTOR ( 'NONE', #2970, 1000.000000000000000 ) ;
#5889 = ORIENTED_EDGE ( 'NONE', *, *, #2006, .T. ) ;
#5890 = CARTESIAN_POINT ( 'NONE',  ( 12.85325792593741490, -23.54985731639172286, 49.98941745770950007 ) ) ;
#5891 = VECTOR ( 'NONE', #4486, 1000.000000000000000 ) ;
#5892 = FACE_OUTER_BOUND ( 'NONE', #1495, .T. ) ;
#5893 = DIRECTION ( 'NONE',  ( -1.000000000000000000, 0.000000000000000000, 0.000000000000000000 ) ) ;
#5894 = EDGE_CURVE ( 'NONE', #3455, #6105, #1653, .T. ) ;
#5895 = PLANE ( 'NONE',  #3103 ) ;
#5896 = ORIENTED_EDGE ( 'NONE', *, *, #652, .T. ) ;
#5897 = DIRECTION ( 'NONE',  ( -1.000000000000000000, 0.000000000000000000, 0.000000000000000000 ) ) ;
#5898 = VERTEX_POINT ( 'NONE', #3203 ) ;
#5899 = DIRECTION ( 'NONE',  ( 0.000000000000000000, 0.000000000000000000, -1.000000000000000000 ) ) ;
#5900 = DIRECTION ( 'NONE',  ( 1.000000000000000000, 0.000000000000000000, 0.000000000000000000 ) ) ;
#5901 = CARTESIAN_POINT ( 'NONE',  ( 11.96446609406728179, -67.70710678118655323, 51.00000000000000000 ) ) ;
#5902 = CARTESIAN_POINT ( 'NONE',  ( -31.99999999999999289, -72.50000000000001421, 0.000000000000000000 ) ) ;
#5903 = ORIENTED_EDGE ( 'NONE', *, *, #798, .F. ) ;
#5904 = LINE ( 'NONE', #2532, #5400 ) ;
#5905 = CYLINDRICAL_SURFACE ( 'NONE', #5347, 0.9999999999999991118 ) ;
#5906 = AXIS2_PLACEMENT_3D ( 'NONE', #2314, #862, #5212 ) ;
#5907 = ORIENTED_EDGE ( 'NONE', *, *, #2731, .F. ) ;
#5908 = CARTESIAN_POINT ( 'NONE',  ( 20.50000000000000355, -59.17157287525382969, 4.000000000000000000 ) ) ;
#5909 = SECURITY_CLASSIFICATION ( '', '', #1849 ) ;
#5910 = ORIENTED_EDGE ( 'NONE', *, *, #3485, .F. ) ;
#5911 = CARTESIAN_POINT ( 'NONE',  ( 6.539809849142471876, -44.67814575986520964, 4.000000000000000000 ) ) ;
#5912 = ORIENTED_EDGE ( 'NONE', *, *, #3326, .F. ) ;
#5913 = CARTESIAN_POINT ( 'NONE',  ( -26.50000000000003197, -14.75252334941184351, 3.499999999999996003 ) ) ;
#5914 = ORIENTED_EDGE ( 'NONE', *, *, #619, .F. ) ;
#5915 = DIRECTION ( 'NONE',  ( -0.000000000000000000, -0.000000000000000000, -1.000000000000000000 ) ) ;
#5916 = EDGE_CURVE ( 'NONE', #2569, #2332, #3270, .T. ) ;
#5917 = DIRECTION ( 'NONE',  ( 1.000000000000000000, 0.000000000000000000, 0.000000000000000000 ) ) ;
#5918 = EDGE_CURVE ( 'NONE', #4701, #625, #4241, .T. ) ;
#5919 = CARTESIAN_POINT ( 'NONE',  ( 3.469446951953615767E-15, -25.50000000000000355, 46.00000000000000000 ) ) ;
#5920 = CARTESIAN_POINT ( 'NONE',  ( -17.00000000000000000, -10.00000000000000000, 52.00000000000000000 ) ) ;
#5921 = CARTESIAN_POINT ( 'NONE',  ( -5.685875052008637631, -68.00000000000000000, 51.00000000000000000 ) ) ;
#5922 = EDGE_LOOP ( 'NONE', ( #27, #5132, #780, #2227 ) ) ;
#5923 = CARTESIAN_POINT ( 'NONE',  ( -6.685875052008637631, -68.00000000000000000, 4.000000000000000000 ) ) ;
#5924 = ORIENTED_EDGE ( 'NONE', *, *, #184, .F. ) ;
#5925 = EDGE_CURVE ( 'NONE', #4760, #738, #4779, .T. ) ;
#5926 = ADVANCED_FACE ( 'NONE', ( #6163 ), #4688, .F. ) ;
#5927 = ORIENTED_EDGE ( 'NONE', *, *, #3691, .F. ) ;
#5928 = CARTESIAN_POINT ( 'NONE',  ( -24.49999999999999289, -69.00000000000000000, 0.000000000000000000 ) ) ;
#5929 = DIRECTION ( 'NONE',  ( 0.000000000000000000, 0.000000000000000000, -1.000000000000000000 ) ) ;
#5930 = DIRECTION ( 'NONE',  ( -0.000000000000000000, -0.000000000000000000, -1.000000000000000000 ) ) ;
#5931 = CARTESIAN_POINT ( 'NONE',  ( 12.99238217197088474, -25.05164472636240802, 47.74373247588432889 ) ) ;
#5932 = EDGE_LOOP ( 'NONE', ( #5576, #57, #4930, #5245 ) ) ;
#5933 = CYLINDRICAL_SURFACE ( 'NONE', #3071, 1.500000000000001332 ) ;
#5934 = CARTESIAN_POINT ( 'NONE',  ( -12.06465996625052028, -70.00000000000000000, 52.00000000000000000 ) ) ;
#5935 = VERTEX_POINT ( 'NONE', #1856 ) ;
#5936 = CARTESIAN_POINT ( 'NONE',  ( -2.499999999999997335, -60.50000000000000000, 52.00000000000000000 ) ) ;
#5937 = VECTOR ( 'NONE', #5835, 999.9999999999998863 ) ;
#5938 = FACE_OUTER_BOUND ( 'NONE', #1405, .T. ) ;
#5939 = VERTEX_POINT ( 'NONE', #5241 ) ;
#5940 = CARTESIAN_POINT ( 'NONE',  ( 19.50000000000000355, -58.75735931288073743, 51.00000000000000000 ) ) ;
#5941 = VECTOR ( 'NONE', #6185, 1000.000000000000000 ) ;
#5942 = ORIENTED_EDGE ( 'NONE', *, *, #5019, .F. ) ;
#5943 = CARTESIAN_POINT ( 'NONE',  ( -22.50000000000000000, 0.000000000000000000, 52.00000000000000000 ) ) ;
#5944 = AXIS2_PLACEMENT_3D ( 'NONE', #2188, #2597, #5496 ) ;
#5945 = ORIENTED_EDGE ( 'NONE', *, *, #1550, .T. ) ;
#5946 = CARTESIAN_POINT ( 'NONE',  ( 12.58784713141547584, -22.25252334941183818, 48.49999999999997868 ) ) ;
#5947 = DIRECTION ( 'NONE',  ( 1.000000000000000000, 0.000000000000000000, 0.000000000000000000 ) ) ;
#5948 = FACE_OUTER_BOUND ( 'NONE', #6171, .T. ) ;
#5949 = DIRECTION ( 'NONE',  ( 0.000000000000000000, 1.000000000000000000, 0.000000000000000000 ) ) ;
#5950 = AXIS2_PLACEMENT_3D ( 'NONE', #576, #2068, #2505 ) ;
#5951 = CARTESIAN_POINT ( 'NONE',  ( 18.25000000000000355, -40.99999999999999289, 46.00000000000000000 ) ) ;
#5952 = EDGE_CURVE ( 'NONE', #4744, #3035, #448, .T. ) ;
#5953 = EDGE_LOOP ( 'NONE', ( #1935, #4727, #4313, #5005 ) ) ;
#5954 = CARTESIAN_POINT ( 'NONE',  ( -22.50000000000000000, -7.000000000000000000, 51.92044125849763248 ) ) ;
#5955 = ORIENTED_EDGE ( 'NONE', *, *, #1421, .T. ) ;
#5956 = ORIENTED_EDGE ( 'NONE', *, *, #4654, .F. ) ;
#5957 = AXIS2_PLACEMENT_3D ( 'NONE', #120, #4461, #2953 ) ;
#5958 = CARTESIAN_POINT ( 'NONE',  ( -7.470399507936299699, -14.85691389245967997, 46.99370327286687399 ) ) ;
#5959 = DIRECTION ( 'NONE',  ( 0.000000000000000000, 0.000000000000000000, -1.000000000000000000 ) ) ;
#5960 = DIRECTION ( 'NONE',  ( 1.000000000000000000, 1.172673560416567696E-16, -0.000000000000000000 ) ) ;
#5961 = CARTESIAN_POINT ( 'NONE',  ( -29.99999999999999289, -72.50000000000001421, 5.999999999999998224 ) ) ;
#5962 = EDGE_CURVE ( 'NONE', #5819, #1318, #4301, .T. ) ;
#5963 = CIRCLE ( 'NONE', #1709, 5.000000000000007994 ) ;
#5964 = ADVANCED_FACE ( 'NONE', ( #4273 ), #1368, .F. ) ;
#5965 = AXIS2_PLACEMENT_3D ( 'NONE', #3662, #5081, #4616 ) ;
#5966 = ORIENTED_EDGE ( 'NONE', *, *, #1587, .F. ) ;
#5967 = LINE ( 'NONE', #1143, #1766 ) ;
#5968 = DIRECTION ( 'NONE',  ( -0.000000000000000000, -0.000000000000000000, -1.000000000000000000 ) ) ;
#5969 = AXIS2_PLACEMENT_3D ( 'NONE', #6140, #3253, #1351 ) ;
#5970 = VECTOR ( 'NONE', #3411, 1000.000000000000000 ) ;
#5971 = VERTEX_POINT ( 'NONE', #1397 ) ;
#5972 = EDGE_CURVE ( 'NONE', #3747, #1988, #3267, .T. ) ;
#5973 = CARTESIAN_POINT ( 'NONE',  ( 12.70849840741564307, -22.76156519457737915, 4.630237385208141987 ) ) ;
#5974 = CIRCLE ( 'NONE', #3951, 5.000000000000007994 ) ;
#5975 = CIRCLE ( 'NONE', #5874, 2.000000000000003553 ) ;
#5976 = DIRECTION ( 'NONE',  ( 0.000000000000000000, 1.000000000000000000, 0.000000000000000000 ) ) ;
#5977 = ORIENTED_EDGE ( 'NONE', *, *, #1976, .F. ) ;
#5978 = DIRECTION ( 'NONE',  ( 0.000000000000000000, 0.000000000000000000, -1.000000000000000000 ) ) ;
#5979 = AXIS2_PLACEMENT_3D ( 'NONE', #3134, #6122, #4584 ) ;
#5980 = VERTEX_POINT ( 'NONE', #2788 ) ;
#5981 = DIRECTION ( 'NONE',  ( 1.000000000000000000, 0.000000000000000000, 0.000000000000000000 ) ) ;
#5982 = AXIS2_PLACEMENT_3D ( 'NONE', #4163, #5606, #3782 ) ;
#5983 = EDGE_LOOP ( 'NONE', ( #2922, #2736, #2125, #3744 ) ) ;
#5984 = DIRECTION ( 'NONE',  ( 0.7071067811865474617, 0.7071067811865474617, 0.000000000000000000 ) ) ;
#5985 = CARTESIAN_POINT ( 'NONE',  ( 21.91421356237309581, -60.58578643762691485, 52.00000000000000000 ) ) ;
#5986 = VECTOR ( 'NONE', #4391, 1000.000000000000000 ) ;
#5987 = CARTESIAN_POINT ( 'NONE',  ( 12.75000000000000178, -10.00000000000000178, 49.00000000000000000 ) ) ;
#5988 = CARTESIAN_POINT ( 'NONE',  ( -5.685875052008640296, -44.67814575986520964, -5.000000000000011546 ) ) ;
#5989 = VERTEX_POINT ( 'NONE', #2378 ) ;
#5990 = ADVANCED_FACE ( 'NONE', ( #4334 ), #3337, .F. ) ;
#5991 = DIRECTION ( 'NONE',  ( 0.000000000000000000, 0.000000000000000000, 1.000000000000000000 ) ) ;
#5992 = ORIENTED_EDGE ( 'NONE', *, *, #4630, .T. ) ;
#5993 = AXIS2_PLACEMENT_3D ( 'NONE', #3282, #1229, #749 ) ;
#5994 = VERTEX_POINT ( 'NONE', #1308 ) ;
#5995 = ADVANCED_FACE ( 'NONE', ( #3796 ), #5714, .F. ) ;
#5996 = CARTESIAN_POINT ( 'NONE',  ( -5.758333223029831416, -13.84176519833821395, 47.29787179441871103 ) ) ;
#5997 = CARTESIAN_POINT ( 'NONE',  ( 6.539809849142472764, -45.67814575986520964, 1.000000000000000000 ) ) ;
#5998 = DIRECTION ( 'NONE',  ( -1.000000000000000000, 0.000000000000000000, 0.000000000000000000 ) ) ;
#5999 = CARTESIAN_POINT ( 'NONE',  ( -10.44056729256981519, -69.00000000000000000, 1.000000000000000000 ) ) ;
#6000 = VERTEX_POINT ( 'NONE', #1883 ) ;
#6001 = CARTESIAN_POINT ( 'NONE',  ( -18.25000000000000000, -10.00000000000000000, 49.00000000000000000 ) ) ;
#6002 = ADVANCED_FACE ( 'NONE', ( #2254 ), #4211, .F. ) ;
#6003 = EDGE_CURVE ( 'NONE', #6000, #5401, #2917, .T. ) ;
#6004 = DIRECTION ( 'NONE',  ( -1.000000000000000000, 0.000000000000000000, 0.000000000000000000 ) ) ;
#6005 = DIRECTION ( 'NONE',  ( -1.000000000000000000, 0.000000000000000000, 0.000000000000000000 ) ) ;
#6006 = EDGE_LOOP ( 'NONE', ( #4003, #936, #3674, #3611 ) ) ;
#6007 = DIRECTION ( 'NONE',  ( 0.000000000000000000, 0.000000000000000000, -1.000000000000000000 ) ) ;
#6008 = DIRECTION ( 'NONE',  ( -1.000000000000000000, 0.000000000000000000, -0.000000000000000000 ) ) ;
#6009 = ORIENTED_EDGE ( 'NONE', *, *, #1496, .T. ) ;
#6010 = CIRCLE ( 'NONE', #1548, 1.500000000000001332 ) ;
#6011 = FACE_OUTER_BOUND ( 'NONE', #2785, .T. ) ;
#6012 = EDGE_CURVE ( 'NONE', #5167, #2790, #3980, .T. ) ;
#6013 = VERTEX_POINT ( 'NONE', #564 ) ;
#6014 = ORIENTED_EDGE ( 'NONE', *, *, #1575, .T. ) ;
#6015 = LINE ( 'NONE', #649, #3350 ) ;
#6016 = CARTESIAN_POINT ( 'NONE',  ( 0.9121374838286225861, -15.00000000000000355, 17.40715187696833866 ) ) ;
#6017 = DIRECTION ( 'NONE',  ( 1.000000000000000000, 0.000000000000000000, 0.000000000000000000 ) ) ;
#6018 = DIRECTION ( 'NONE',  ( 0.000000000000000000, 0.000000000000000000, -1.000000000000000000 ) ) ;
#6019 = LINE ( 'NONE', #626, #615 ) ;
#6020 = ORIENTED_EDGE ( 'NONE', *, *, #102, .T. ) ;
#6021 = ORIENTED_EDGE ( 'NONE', *, *, #4230, .T. ) ;
#6022 = DIRECTION ( 'NONE',  ( 0.000000000000000000, 0.000000000000000000, 1.000000000000000000 ) ) ;
#6023 = PLANE ( 'NONE',  #3746 ) ;
#6024 = CARTESIAN_POINT ( 'NONE',  ( 8.159753463939589224, -15.37624077898441577, 2.120674060818357631 ) ) ;
#6025 = LINE ( 'NONE', #5549, #5773 ) ;
#6026 = ORIENTED_EDGE ( 'NONE', *, *, #4085, .F. ) ;
#6027 = CARTESIAN_POINT ( 'NONE',  ( -20.49999999999999645, -45.67814575986520964, 1.000000000000000000 ) ) ;
#6028 = CARTESIAN_POINT ( 'NONE',  ( 2.500000000000004441, -60.50000000000000000, 52.00000000000000000 ) ) ;
#6029 = ORIENTED_EDGE ( 'NONE', *, *, #5498, .F. ) ;
#6030 = CARTESIAN_POINT ( 'NONE',  ( 12.96156045208818064, -24.49766154041163446, 2.194476358088402357 ) ) ;
#6031 = ORIENTED_EDGE ( 'NONE', *, *, #1197, .T. ) ;
#6032 = DIRECTION ( 'NONE',  ( -1.000000000000000000, 0.000000000000000000, 0.000000000000000000 ) ) ;
#6033 = EDGE_CURVE ( 'NONE', #3148, #3853, #2861, .T. ) ;
#6034 = CYLINDRICAL_SURFACE ( 'NONE', #1145, 2.749999999999999112 ) ;
#6035 = ORIENTED_EDGE ( 'NONE', *, *, #2612, .F. ) ;
#6036 = DIRECTION ( 'NONE',  ( -0.000000000000000000, -1.000000000000000000, -0.000000000000000000 ) ) ;
#6037 = ORIENTED_EDGE ( 'NONE', *, *, #339, .T. ) ;
#6038 = TOROIDAL_SURFACE ( 'NONE', #4123, 2.000000000000000000, 1.000000000000000000 ) ;
#6039 = EDGE_CURVE ( 'NONE', #4466, #5322, #4896, .T. ) ;
#6040 = EDGE_CURVE ( 'NONE', #2026, #2638, #5904, .T. ) ;
#6041 = ORIENTED_EDGE ( 'NONE', *, *, #1788, .F. ) ;
#6042 = CARTESIAN_POINT ( 'NONE',  ( -12.99664046984259613, -25.20383639274309218, 3.891686780341315099 ) ) ;
#6043 = PLANE ( 'NONE',  #162 ) ;
#6044 = CIRCLE ( 'NONE', #158, 1.500000000000001332 ) ;
#6045 = DIRECTION ( 'NONE',  ( -0.000000000000000000, 1.000000000000000000, -0.000000000000000000 ) ) ;
#6046 = CARTESIAN_POINT ( 'NONE',  ( 3.469446951953615767E-15, -60.50000000000000000, 52.00000000000000000 ) ) ;
#6047 = LINE ( 'NONE', #4606, #4929 ) ;
#6048 = EDGE_CURVE ( 'NONE', #423, #481, #4401, .T. ) ;
#6049 = DIRECTION ( 'NONE',  ( -0.000000000000000000, -1.000000000000000000, -0.000000000000000000 ) ) ;
#6050 = ORIENTED_EDGE ( 'NONE', *, *, #2124, .T. ) ;
#6051 = ORIENTED_EDGE ( 'NONE', *, *, #2008, .T. ) ;
#6052 = CARTESIAN_POINT ( 'NONE',  ( 11.67157287525380660, -70.00000000000000000, 52.00000000000000000 ) ) ;
#6053 = DIRECTION ( 'NONE',  ( -1.000000000000000000, 0.000000000000000000, 0.000000000000000000 ) ) ;
#6054 = CARTESIAN_POINT ( 'NONE',  ( -13.99999999999999467, -41.00000000000000000, 52.00000000000000000 ) ) ;
#6055 = FACE_OUTER_BOUND ( 'NONE', #293, .T. ) ;
#6056 = ORIENTED_EDGE ( 'NONE', *, *, #2133, .F. ) ;
#6057 = AXIS2_PLACEMENT_3D ( 'NONE', #89, #982, #2918 ) ;
#6058 =( NAMED_UNIT ( * ) PLANE_ANGLE_UNIT ( ) SI_UNIT ( $, .RADIAN. ) );
#6059 = DIRECTION ( 'NONE',  ( -1.000000000000000000, 0.000000000000000000, -0.000000000000000000 ) ) ;
#6060 = ORIENTED_EDGE ( 'NONE', *, *, #1104, .F. ) ;
#6061 = AXIS2_PLACEMENT_3D ( 'NONE', #5704, #4849, #37 ) ;
#6062 = CARTESIAN_POINT ( 'NONE',  ( 20.50000000000000355, -59.17157287525381548, 5.999999999999998224 ) ) ;
#6063 = AXIS2_PLACEMENT_3D ( 'NONE', #2305, #922, #1908 ) ;
#6064 = ORIENTED_EDGE ( 'NONE', *, *, #1041, .T. ) ;
#6065 = DIRECTION ( 'NONE',  ( -0.000000000000000000, -0.000000000000000000, -1.000000000000000000 ) ) ;
#6066 = CARTESIAN_POINT ( 'NONE',  ( 17.00000000000000000, -10.00000000000000178, 52.00000000000000000 ) ) ;
#6067 = VECTOR ( 'NONE', #361, 1000.000000000000000 ) ;
#6068 = AXIS2_PLACEMENT_3D ( 'NONE', #5348, #2936, #2425 ) ;
#6069 = EDGE_LOOP ( 'NONE', ( #1012, #2112 ) ) ;
#6070 = CARTESIAN_POINT ( 'NONE',  ( 6.539809849142472764, -45.67814575986520964, 48.00000000000000000 ) ) ;
#6071 = EDGE_CURVE ( 'NONE', #3055, #933, #5428, .T. ) ;
#6072 = ORIENTED_EDGE ( 'NONE', *, *, #2361, .F. ) ;
#6073 = AXIS2_PLACEMENT_3D ( 'NONE', #2854, #5326, #1338 ) ;
#6074 = CIRCLE ( 'NONE', #399, 1.000000000000000000 ) ;
#6075 = ORIENTED_EDGE ( 'NONE', *, *, #5878, .F. ) ;
#6076 = FACE_OUTER_BOUND ( 'NONE', #3552, .T. ) ;
#6077 = AXIS2_PLACEMENT_3D ( 'NONE', #4294, #3291, #4824 ) ;
#6078 = CIRCLE ( 'NONE', #1514, 1.000000000000000888 ) ;
#6079 = ADVANCED_FACE ( 'NONE', ( #1557 ), #6214, .T. ) ;
#6080 = EDGE_CURVE ( 'NONE', #358, #2866, #4921, .T. ) ;
#6081 = DIRECTION ( 'NONE',  ( 1.000000000000000000, 0.000000000000000000, -0.000000000000000000 ) ) ;
#6082 = CARTESIAN_POINT ( 'NONE',  ( -26.50000000000002842, -23.75252334941184174, 3.500000000000003109 ) ) ;
#6083 = CARTESIAN_POINT ( 'NONE',  ( 22.50000000000000355, -22.25252334941183108, 3.500000000000003109 ) ) ;
#6084 = AXIS2_PLACEMENT_3D ( 'NONE', #5700, #5223, #2331 ) ;
#6085 = CARTESIAN_POINT ( 'NONE',  ( 6.539809849142475429, -67.00000000000000000, -5.000000000000011546 ) ) ;
#6086 = ORIENTED_EDGE ( 'NONE', *, *, #1497, .T. ) ;
#6087 = CARTESIAN_POINT ( 'NONE',  ( 4.358820447471742909, -13.25252334941183818, 3.499999999999997780 ) ) ;
#6088 = ORIENTED_EDGE ( 'NONE', *, *, #4627, .F. ) ;
#6089 = AXIS2_PLACEMENT_3D ( 'NONE', #5736, #5267, #439 ) ;
#6090 = EDGE_CURVE ( 'NONE', #1062, #1674, #4428, .T. ) ;
#6091 = CARTESIAN_POINT ( 'NONE',  ( -9.136967527403575318, -16.25252334941185595, 48.49999999999998579 ) ) ;
#6092 = CARTESIAN_POINT ( 'NONE',  ( 15.50000000000000355, -40.99999999999999289, 49.00000000000000000 ) ) ;
#6093 = DIRECTION ( 'NONE',  ( 0.000000000000000000, 0.000000000000000000, 1.000000000000000000 ) ) ;
#6094 = CARTESIAN_POINT ( 'NONE',  ( -12.98907047278244953, -24.94901293313864699, 2.574199788928365873 ) ) ;
#6095 = ORIENTED_EDGE ( 'NONE', *, *, #2971, .T. ) ;
#6096 = AXIS2_PLACEMENT_3D ( 'NONE', #2582, #208, #4093 ) ;
#6097 = DATE_AND_TIME ( #4736, #20 ) ;
#6098 = CYLINDRICAL_SURFACE ( 'NONE', #1094, 13.00000000000000178 ) ;
#6099 = CARTESIAN_POINT ( 'NONE',  ( 13.08578643762691662, -69.41421356237309226, 52.00000000000000000 ) ) ;
#6100 = CARTESIAN_POINT ( 'NONE',  ( 12.97782930256043343, -24.73779156570218518, 2.364587666760093132 ) ) ;
#6101 = VERTEX_POINT ( 'NONE', #4950 ) ;
#6102 = DIRECTION ( 'NONE',  ( -0.000000000000000000, -0.000000000000000000, -1.000000000000000000 ) ) ;
#6103 = LINE ( 'NONE', #5713, #1999 ) ;
#6104 = DIRECTION ( 'NONE',  ( 0.000000000000000000, 0.000000000000000000, 1.000000000000000000 ) ) ;
#6105 = VERTEX_POINT ( 'NONE', #540 ) ;
#6106 = DIRECTION ( 'NONE',  ( -1.000000000000000000, 0.000000000000000000, 0.000000000000000000 ) ) ;
#6107 = PERSON ( 'UNSPECIFIED', 'UNSPECIFIED', 'UNSPECIFIED', ('UNSPECIFIED'), ('UNSPECIFIED'), ('UNSPECIFIED') ) ;
#6108 = ORIENTED_EDGE ( 'NONE', *, *, #4812, .T. ) ;
#6109 = ORIENTED_EDGE ( 'NONE', *, *, #4431, .T. ) ;
#6110 = DIRECTION ( 'NONE',  ( -0.000000000000000000, 1.000000000000000000, -0.000000000000000000 ) ) ;
#6111 = CARTESIAN_POINT ( 'NONE',  ( -20.49999999999999645, -45.67814575986520964, 51.00000000000000000 ) ) ;
#6112 = VECTOR ( 'NONE', #954, 1000.000000000000000 ) ;
#6113 = CARTESIAN_POINT ( 'NONE',  ( -12.63579489455312910, -22.44341730959599701, 47.74208919563072584 ) ) ;
#6114 = EDGE_CURVE ( 'NONE', #156, #5821, #1461, .T. ) ;
#6115 = CARTESIAN_POINT ( 'NONE',  ( 3.469446951953615767E-15, -25.50000000000000355, 56.00000000000002132 ) ) ;
#6116 = ORIENTED_EDGE ( 'NONE', *, *, #6156, .T. ) ;
#6117 = DIRECTION ( 'NONE',  ( -1.000000000000000000, 0.000000000000000000, -0.000000000000000000 ) ) ;
#6118 = ORIENTED_EDGE ( 'NONE', *, *, #4229, .T. ) ;
#6119 = DIRECTION ( 'NONE',  ( 0.000000000000000000, 0.000000000000000000, -1.000000000000000000 ) ) ;
#6120 = DIRECTION ( 'NONE',  ( 1.000000000000000000, 0.000000000000000000, -0.000000000000000000 ) ) ;
#6121 = PLANE ( 'NONE',  #1068 ) ;
#6122 = DIRECTION ( 'NONE',  ( 0.000000000000000000, 0.000000000000000000, -1.000000000000000000 ) ) ;
#6123 = ORIENTED_EDGE ( 'NONE', *, *, #4079, .T. ) ;
#6124 = ADVANCED_FACE ( 'NONE', ( #2000 ), #5872, .F. ) ;
#6125 = EDGE_CURVE ( 'NONE', #5474, #2061, #5807, .T. ) ;
#6126 = APPROVAL_ROLE ( '' ) ;
#6127 = CARTESIAN_POINT ( 'NONE',  ( 4.698326973869249024, -13.37813299420540680, 49.10827827515347366 ) ) ;
#6128 = CARTESIAN_POINT ( 'NONE',  ( 11.25735931288073566, -69.00000000000000000, 1.000000000000000000 ) ) ;
#6129 = VERTEX_POINT ( 'NONE', #5302 ) ;
#6130 = CARTESIAN_POINT ( 'NONE',  ( -29.99999999999999289, -72.50000000000001421, 5.999999999999998224 ) ) ;
#6131 = FACE_OUTER_BOUND ( 'NONE', #308, .T. ) ;
#6132 = EDGE_CURVE ( 'NONE', #4801, #2941, #3066, .T. ) ;
#6133 = CARTESIAN_POINT ( 'NONE',  ( 22.50000000000000000, -14.75252334941183818, 3.499999999999996003 ) ) ;
#6134 = ORIENTED_EDGE ( 'NONE', *, *, #3988, .T. ) ;
#6135 = DIRECTION ( 'NONE',  ( -1.000000000000000000, 0.000000000000000000, 0.000000000000000000 ) ) ;
#6136 = VERTEX_POINT ( 'NONE', #476 ) ;
#6137 = EDGE_LOOP ( 'NONE', ( #1401, #310, #4050, #3081, #3497, #771, #3034, #4136, #3883, #4014 ) ) ;
#6138 = CARTESIAN_POINT ( 'NONE',  ( -16.99999999999999645, -41.00000000000000000, 52.00000000000000000 ) ) ;
#6139 = CYLINDRICAL_SURFACE ( 'NONE', #6279, 2.000000000000001776 ) ;
#6140 = CARTESIAN_POINT ( 'NONE',  ( 19.50000000000000355, -58.75735931288073743, 1.000000000000000000 ) ) ;
#6141 = CARTESIAN_POINT ( 'NONE',  ( -6.685875052008640296, -44.67814575986520964, 52.00000000000000000 ) ) ;
#6142 = FACE_OUTER_BOUND ( 'NONE', #4525, .T. ) ;
#6143 = CIRCLE ( 'NONE', #3405, 1.000000000000000000 ) ;
#6144 = ORIENTED_EDGE ( 'NONE', *, *, #1241, .T. ) ;
#6145 = CARTESIAN_POINT ( 'NONE',  ( 19.50000000000000355, -45.67814575986520964, 1.000000000000000000 ) ) ;
#6146 = VERTEX_POINT ( 'NONE', #1491 ) ;
#6147 = FACE_OUTER_BOUND ( 'NONE', #2630, .T. ) ;
#6148 = EDGE_CURVE ( 'NONE', #4096, #3158, #511, .T. ) ;
#6149 = CARTESIAN_POINT ( 'NONE',  ( 13.99999999999999822, -10.00000000000000178, 52.00000000000000000 ) ) ;
#6150 = DIRECTION ( 'NONE',  ( 0.000000000000000000, 1.000000000000000000, 0.000000000000000000 ) ) ;
#6151 = DIRECTION ( 'NONE',  ( 1.000000000000000000, 0.000000000000000000, 0.000000000000000000 ) ) ;
#6152 = ORIENTED_EDGE ( 'NONE', *, *, #4952, .F. ) ;
#6153 = APPROVAL_STATUS ( 'not_yet_approved' ) ;
#6154 = AXIS2_PLACEMENT_3D ( 'NONE', #1082, #191, #5087 ) ;
#6155 = DIRECTION ( 'NONE',  ( 0.000000000000000000, 0.000000000000000000, 1.000000000000000000 ) ) ;
#6156 = EDGE_CURVE ( 'NONE', #3020, #2411, #1947, .T. ) ;
#6157 = CARTESIAN_POINT ( 'NONE',  ( 8.830543400721575509, -15.95897874999664978, 4.400310568088927177 ) ) ;
#6158 = EDGE_CURVE ( 'NONE', #2356, #2240, #4404, .T. ) ;
#6159 = ORIENTED_EDGE ( 'NONE', *, *, #1240, .T. ) ;
#6160 = DIRECTION ( 'NONE',  ( -1.175176459371563913E-16, 1.000000000000000000, 0.000000000000000000 ) ) ;
#6161 = AXIS2_PLACEMENT_3D ( 'NONE', #517, #4049, #2099 ) ;
#6162 = DIRECTION ( 'NONE',  ( -0.000000000000000000, -0.000000000000000000, 1.000000000000000000 ) ) ;
#6163 = FACE_OUTER_BOUND ( 'NONE', #328, .T. ) ;
#6164 = VERTEX_POINT ( 'NONE', #1974 ) ;
#6165 = DIRECTION ( 'NONE',  ( 0.000000000000000000, 0.000000000000000000, 1.000000000000000000 ) ) ;
#6166 = AXIS2_PLACEMENT_3D ( 'NONE', #6229, #3371, #5783 ) ;
#6167 = EDGE_CURVE ( 'NONE', #6129, #4329, #6010, .T. ) ;
#6168 = VERTEX_POINT ( 'NONE', #4102 ) ;
#6169 = AXIS2_PLACEMENT_3D ( 'NONE', #2903, #4971, #623 ) ;
#6170 = VECTOR ( 'NONE', #761, 1000.000000000000000 ) ;
#6171 = EDGE_LOOP ( 'NONE', ( #1751, #2027, #3470, #5849 ) ) ;
#6172 = CARTESIAN_POINT ( 'NONE',  ( 20.20710678118654968, -59.46446609406728356, 48.00000000000000000 ) ) ;
#6173 = CIRCLE ( 'NONE', #2508, 1.000000000000000888 ) ;
#6174 = AXIS2_PLACEMENT_3D ( 'NONE', #1066, #2999, #5393 ) ;
#6175 = FACE_OUTER_BOUND ( 'NONE', #3114, .T. ) ;
#6176 = CARTESIAN_POINT ( 'NONE',  ( -12.97793262987730145, -24.73963871872955878, 47.36629960467787015 ) ) ;
#6177 = LINE ( 'NONE', #3157, #1 ) ;
#6178 = VECTOR ( 'NONE', #160, 1000.000000000000000 ) ;
#6179 = AXIS2_PLACEMENT_3D ( 'NONE', #1190, #5537, #2670 ) ;
#6180 = DIRECTION ( 'NONE',  ( 0.000000000000000000, 0.000000000000000000, 1.000000000000000000 ) ) ;
#6181 = ORIENTED_EDGE ( 'NONE', *, *, #3085, .F. ) ;
#6182 = DIRECTION ( 'NONE',  ( -0.000000000000000000, 1.000000000000000000, -0.000000000000000000 ) ) ;
#6183 = AXIS2_PLACEMENT_3D ( 'NONE', #762, #2755, #3696 ) ;
#6184 = CARTESIAN_POINT ( 'NONE',  ( -15.50000000000000000, -10.00000000000000000, 49.00000000000000000 ) ) ;
#6185 = DIRECTION ( 'NONE',  ( -0.000000000000000000, -0.000000000000000000, -1.000000000000000000 ) ) ;
#6186 = CARTESIAN_POINT ( 'NONE',  ( -46.63709636151667581, -6.999999999999978684, 46.00000000000000000 ) ) ;
#6187 = EDGE_LOOP ( 'NONE', ( #4002, #5864 ) ) ;
#6188 = B_SPLINE_CURVE_WITH_KNOTS ( 'NONE', 3,
 ( #1037, #2370, #529, #2458, #1878, #6247, #3879, #1937, #3933, #2483, #2399, #6281, #948, #4887, #467, #2908, #4826, #5321, #4911, #2849, #3389, #3905, #4357, #5861, #1424, #5800, #1452, #973 ),
 .UNSPECIFIED., .F., .F.,
 ( 4, 2, 2, 2, 2, 2, 2, 2, 2, 2, 2, 2, 2, 4 ),
 ( 0.006985428353279110950, 0.007421974064622508319, 0.007858519775965905688, 0.008295065487309303057, 0.008731611198652700426, 0.009168156909996097795, 0.009604702621339496899, 0.01047779404402628817, 0.01135088546671308117, 0.01222397688939987417, 0.01309706831208666544, 0.01353361402343006281, 0.01375188687910175803, 0.01397015973477345671 ),
 .UNSPECIFIED. ) ;
#6189 = APPROVAL_DATE_TIME ( #2248, #2341 ) ;
#6190 = CIRCLE ( 'NONE', #3449, 1.500000000000001332 ) ;
#6191 = CARTESIAN_POINT ( 'NONE',  ( -29.99999999999999289, -72.50000000000001421, 52.00000000000000000 ) ) ;
#6192 = ORIENTED_EDGE ( 'NONE', *, *, #3562, .F. ) ;
#6193 = DIRECTION ( 'NONE',  ( -1.000000000000000000, 0.000000000000000000, -0.000000000000000000 ) ) ;
#6194 = ORIENTED_EDGE ( 'NONE', *, *, #1735, .F. ) ;
#6195 = CARTESIAN_POINT ( 'NONE',  ( 15.50000000000000355, -40.99999999999999289, 3.000000000000000000 ) ) ;
#6196 = AXIS2_PLACEMENT_3D ( 'NONE', #2113, #2555, #4001 ) ;
#6197 = LINE ( 'NONE', #5181, #4932 ) ;
#6198 = DIRECTION ( 'NONE',  ( 0.000000000000000000, 1.000000000000000000, 0.000000000000000000 ) ) ;
#6199 = EDGE_CURVE ( 'NONE', #4458, #5715, #1171, .T. ) ;
#6200 = EDGE_CURVE ( 'NONE', #5058, #2043, #1451, .T. ) ;
#6201 = EDGE_LOOP ( 'NONE', ( #112, #863, #1658, #2774 ) ) ;
#6202 = DIRECTION ( 'NONE',  ( -1.000000000000000000, 0.000000000000000000, 0.000000000000000000 ) ) ;
#6203 = ORIENTED_EDGE ( 'NONE', *, *, #2039, .T. ) ;
#6204 = EDGE_CURVE ( 'NONE', #4780, #3234, #3102, .T. ) ;
#6205 = EDGE_CURVE ( 'NONE', #3466, #4215, #4608, .T. ) ;
#6206 = ORIENTED_EDGE ( 'NONE', *, *, #2414, .F. ) ;
#6207 = CARTESIAN_POINT ( 'NONE',  ( -21.22405443198876540, -58.57971441780033928, 52.00000000000000000 ) ) ;
#6208 = CARTESIAN_POINT ( 'NONE',  ( -20.22405443198876540, -58.17964419786542862, 52.00000000000000000 ) ) ;
#6209 = DIRECTION ( 'NONE',  ( 0.6897428357855003300, -0.7240544319887670666, 0.000000000000000000 ) ) ;
#6210 = CARTESIAN_POINT ( 'NONE',  ( -13.99999999999999467, -41.00000000000000000, 49.00000000000000000 ) ) ;
#6211 = VERTEX_POINT ( 'NONE', #663 ) ;
#6212 = DIRECTION ( 'NONE',  ( -1.000000000000000000, 0.000000000000000000, 0.000000000000000000 ) ) ;
#6213 = VERTEX_POINT ( 'NONE', #6027 ) ;
#6214 = TOROIDAL_SURFACE ( 'NONE', #1142, 2.000000000000000000, 1.000000000000000000 ) ;
#6215 = DIRECTION ( 'NONE',  ( -0.000000000000000000, -0.000000000000000000, -1.000000000000000000 ) ) ;
#6216 = DIRECTION ( 'NONE',  ( -0.000000000000000000, 1.000000000000000000, -0.000000000000000000 ) ) ;
#6217 = CARTESIAN_POINT ( 'NONE',  ( 2.500000000000004441, -60.50000000000000000, 0.000000000000000000 ) ) ;
#6218 = CARTESIAN_POINT ( 'NONE',  ( -26.50000000000003197, -14.75252334941184884, 48.49999999999998579 ) ) ;
#6219 = ORIENTED_EDGE ( 'NONE', *, *, #212, .F. ) ;
#6220 = CC_DESIGN_APPROVAL ( #3078, ( #2798 ) ) ;
#6221 = PLANE ( 'NONE',  #6089 ) ;
#6222 = LINE ( 'NONE', #3819, #2210 ) ;
#6223 = CARTESIAN_POINT ( 'NONE',  ( 0.000000000000000000, 0.000000000000000000, 4.000000000000000000 ) ) ;
#6224 = DIRECTION ( 'NONE',  ( -0.000000000000000000, -0.000000000000000000, 1.000000000000000000 ) ) ;
#6225 = DIRECTION ( 'NONE',  ( -0.000000000000000000, -0.000000000000000000, -1.000000000000000000 ) ) ;
#6226 = DIRECTION ( 'NONE',  ( -1.000000000000000000, 0.000000000000000000, 0.000000000000000000 ) ) ;
#6227 = DIRECTION ( 'NONE',  ( 0.000000000000000000, 0.000000000000000000, 1.000000000000000000 ) ) ;
#6228 = ORIENTED_EDGE ( 'NONE', *, *, #2264, .T. ) ;
#6229 = CARTESIAN_POINT ( 'NONE',  ( -27.92176700168746351, -77.04763098818770573, 52.00000000000000000 ) ) ;
#6230 = EDGE_LOOP ( 'NONE', ( #39, #1953 ) ) ;
#6231 = ADVANCED_FACE ( 'NONE', ( #5042 ), #5102, .T. ) ;
#6232 = ORIENTED_EDGE ( 'NONE', *, *, #760, .T. ) ;
#6233 = CARTESIAN_POINT ( 'NONE',  ( 15.50000000000000355, -40.99999999999999289, 3.000000000000002665 ) ) ;
#6234 = VERTEX_POINT ( 'NONE', #695 ) ;
#6235 = ADVANCED_FACE ( 'NONE', ( #3043 ), #5933, .F. ) ;
#6236 = DIRECTION ( 'NONE',  ( -0.7240544319887671776, -0.6897428357855004410, 0.000000000000000000 ) ) ;
#6237 = EDGE_CURVE ( 'NONE', #3245, #6101, #3478, .T. ) ;
#6238 = LINE ( 'NONE', #1895, #1848 ) ;
#6239 = CYLINDRICAL_SURFACE ( 'NONE', #3773, 1.500000000000001332 ) ;
#6240 = DIRECTION ( 'NONE',  ( 0.000000000000000000, -0.000000000000000000, -1.000000000000000000 ) ) ;
#6241 = CARTESIAN_POINT ( 'NONE',  ( -24.49999999999999289, -59.04554884989668295, 0.000000000000000000 ) ) ;
#6242 = EDGE_CURVE ( 'NONE', #3024, #1073, #5967, .T. ) ;
#6243 = CARTESIAN_POINT ( 'NONE',  ( 15.50000000000000000, -10.00000000000000178, 3.000000000000000000 ) ) ;
#6244 = DIRECTION ( 'NONE',  ( -1.000000000000000000, 0.000000000000000000, 0.000000000000000000 ) ) ;
#6245 = ORIENTED_EDGE ( 'NONE', *, *, #5384, .T. ) ;
#6246 = AXIS2_PLACEMENT_3D ( 'NONE', #3003, #5960, #5395 ) ;
#6247 = CARTESIAN_POINT ( 'NONE',  ( -8.830543400721568403, -15.95897874999665689, 2.599689431911068827 ) ) ;
#6248 = EDGE_LOOP ( 'NONE', ( #3111, #5126, #2744, #3416 ) ) ;
#6249 = VECTOR ( 'NONE', #3931, 1000.000000000000000 ) ;
#6250 = CARTESIAN_POINT ( 'NONE',  ( -20.49999999999999645, -57.48990136207992663, 1.000000000000000000 ) ) ;
#6251 = CARTESIAN_POINT ( 'NONE',  ( 8.747452865161644553, -15.88245827638093388, 4.493116673057437893 ) ) ;
#6252 = CARTESIAN_POINT ( 'NONE',  ( -15.49999999999999645, -41.00000000000000000, 49.00000000000000000 ) ) ;
#6253 = DIRECTION ( 'NONE',  ( 1.000000000000000000, 0.000000000000000000, 0.000000000000000000 ) ) ;
#6254 = CARTESIAN_POINT ( 'NONE',  ( -4.698552763296061308, -13.37821064797249271, 4.108564378401986517 ) ) ;
#6255 = AXIS2_PLACEMENT_3D ( 'NONE', #3300, #2313, #1339 ) ;
#6256 = CARTESIAN_POINT ( 'NONE',  ( 5.539809849142475429, -68.00000000000000000, -5.000000000000011546 ) ) ;
#6257 = DIRECTION ( 'NONE',  ( -1.000000000000000000, 0.000000000000000000, 0.000000000000000000 ) ) ;
#6258 = VECTOR ( 'NONE', #2357, 1000.000000000000114 ) ;
#6259 = EDGE_LOOP ( 'NONE', ( #5594, #989, #5477, #84 ) ) ;
#6260 = AXIS2_PLACEMENT_3D ( 'NONE', #5746, #5304, #1398 ) ;
#6261 = ORIENTED_EDGE ( 'NONE', *, *, #2545, .T. ) ;
#6262 = EDGE_CURVE ( 'NONE', #437, #3435, #1251, .T. ) ;
#6263 = CARTESIAN_POINT ( 'NONE',  ( -18.24999999999999645, -41.00000000000000000, 49.00000000000000000 ) ) ;
#6264 = ORIENTED_EDGE ( 'NONE', *, *, #3050, .T. ) ;
#6265 = EDGE_LOOP ( 'NONE', ( #4912, #976, #1408, #4714 ) ) ;
#6266 = AXIS2_PLACEMENT_3D ( 'NONE', #2549, #4021, #5947 ) ;
#6267 = CARTESIAN_POINT ( 'NONE',  ( 15.50000000000000355, -40.99999999999999289, 52.00000000000000000 ) ) ;
#6268 = CIRCLE ( 'NONE', #584, 1.000000000000000888 ) ;
#6269 = FACE_BOUND ( 'NONE', #3230, .T. ) ;
#6270 = CARTESIAN_POINT ( 'NONE',  ( 15.50000000000000000, -10.00000000000000178, 49.00000000000000000 ) ) ;
#6271 = EDGE_CURVE ( 'NONE', #1441, #238, #5303, .T. ) ;
#6272 = ADVANCED_FACE ( 'NONE', ( #3136 ), #5080, .T. ) ;
#6273 = AXIS2_PLACEMENT_3D ( 'NONE', #2902, #3507, #8 ) ;
#6274 = CARTESIAN_POINT ( 'NONE',  ( 11.67157287525380660, -70.00000000000000000, 52.00000000000000000 ) ) ;
#6275 = CARTESIAN_POINT ( 'NONE',  ( -22.49999999999999289, -6.999999999999978684, 0.000000000000000000 ) ) ;
#6276 = LINE ( 'NONE', #1933, #2091 ) ;
#6277 = CARTESIAN_POINT ( 'NONE',  ( -20.94810886397753080, -58.86938703365093062, 0.000000000000000000 ) ) ;
#6278 = AXIS2_PLACEMENT_3D ( 'NONE', #661, #4894, #5364 ) ;
#6279 = AXIS2_PLACEMENT_3D ( 'NONE', #3251, #2701, #4667 ) ;
#6280 = ORIENTED_EDGE ( 'NONE', *, *, #1117, .F. ) ;
#6281 = CARTESIAN_POINT ( 'NONE',  ( -7.930073387008036434, -15.19786894832207658, 2.064587190029394836 ) ) ;
#6282 = ORIENTED_EDGE ( 'NONE', *, *, #3336, .T. ) ;
#6283 = ADVANCED_FACE ( 'NONE', ( #2654 ), #4615, .T. ) ;
#6284 = FACE_BOUND ( 'NONE', #1054, .T. ) ;
#6285 = ORIENTED_EDGE ( 'NONE', *, *, #5493, .F. ) ;
#6286 = CARTESIAN_POINT ( 'NONE',  ( -19.49999999999999645, -45.67814575986520964, 0.000000000000000000 ) ) ;
#6287 = EDGE_LOOP ( 'NONE', ( #2082, #2880 ) ) ;
#6288 = DIRECTION ( 'NONE',  ( 1.000000000000000000, 0.000000000000000000, 0.000000000000000000 ) ) ;
#6289 = CARTESIAN_POINT ( 'NONE',  ( -9.115268349807900350, -16.23095720869402214, 3.789967916927692748 ) ) ;
#6290 = AXIS2_PLACEMENT_3D ( 'NONE', #3712, #3221, #3187 ) ;
#6291 = DIRECTION ( 'NONE',  ( -0.000000000000000000, -0.000000000000000000, -1.000000000000000000 ) ) ;
#6292 = DIRECTION ( 'NONE',  ( -0.000000000000000000, -1.000000000000000000, -0.000000000000000000 ) ) ;
#6293 = AXIS2_PLACEMENT_3D ( 'NONE', #2392, #3836, #7 ) ;
#6294 = EDGE_LOOP ( 'NONE', ( #3359, #2273, #2554, #4784 ) ) ;
ENDSEC;
END-ISO-10303-21;
