ISO-10303-21;
HEADER;
FILE_DESCRIPTION (( 'STEP AP203' ),
    '1' );
FILE_NAME ('¹Ùµð_ºÕ.STEP',
    '2024-09-26T14:17:42',
    ( '' ),
    ( '' ),
    'SwSTEP 2.0',
    'SolidWorks 2022',
    '' );
FILE_SCHEMA (( 'CONFIG_CONTROL_DESIGN' ));
ENDSEC;

DATA;
#1 = CARTESIAN_POINT ( 'NONE',  ( -90.00000000000001421, 19.14152759948652616, 0.000000000000000000 ) ) ;
#2 = DIRECTION ( 'NONE',  ( -0.07584000000000000463, 0.9971200000000000063, -0.000000000000000000 ) ) ;
#3 = VERTEX_POINT ( 'NONE', #125 ) ;
#4 = VERTEX_POINT ( 'NONE', #1717 ) ;
#5 = DIRECTION ( 'NONE',  ( 1.000000000000000000, 0.000000000000000000, 0.000000000000000000 ) ) ;
#6 = FACE_OUTER_BOUND ( 'NONE', #1576, .T. ) ;
#7 = CYLINDRICAL_SURFACE ( 'NONE', #1224, 7.500000000000000000 ) ;
#8 = EDGE_CURVE ( 'NONE', #1003, #1379, #430, .T. ) ;
#9 = VERTEX_POINT ( 'NONE', #1709 ) ;
#10 = APPLICATION_CONTEXT ( 'configuration controlled 3d designs of mechanical parts and assemblies' ) ;
#11 = DIRECTION ( 'NONE',  ( -0.07584000000000000463, 0.9971200000000000063, -0.000000000000000000 ) ) ;
#12 = EDGE_LOOP ( 'NONE', ( #1655, #1766 ) ) ;
#13 = VERTEX_POINT ( 'NONE', #1842 ) ;
#14 = PERSON_AND_ORGANIZATION ( #309, #1161 ) ;
#15 = CARTESIAN_POINT ( 'NONE',  ( -19.99999999999999645, 12.50000000000000178, 0.000000000000000000 ) ) ;
#16 = CYLINDRICAL_SURFACE ( 'NONE', #1578, 1.500000000000001332 ) ;
#17 = APPROVAL ( #740, 'UNSPECIFIED' ) ;
#18 = EDGE_CURVE ( 'NONE', #1213, #909, #1642, .T. ) ;
#19 = FACE_OUTER_BOUND ( 'NONE', #1668, .T. ) ;
#20 = EDGE_CURVE ( 'NONE', #1251, #155, #1560, .T. ) ;
#21 = CARTESIAN_POINT ( 'NONE',  ( -80.78267391999997926, -6.144253440000014166, -15.00000000000000178 ) ) ;
#22 = VECTOR ( 'NONE', #336, 1000.000000000000000 ) ;
#23 = VERTEX_POINT ( 'NONE', #586 ) ;
#24 = LINE ( 'NONE', #1175, #22 ) ;
#25 = VECTOR ( 'NONE', #395, 1000.000000000000000 ) ;
#26 = ORIENTED_EDGE ( 'NONE', *, *, #1506, .F. ) ;
#27 = DIRECTION ( 'NONE',  ( -1.000000000000000000, -0.000000000000000000, -2.040851148208008245E-16 ) ) ;
#28 = FACE_OUTER_BOUND ( 'NONE', #1138, .T. ) ;
#29 = DIRECTION ( 'NONE',  ( -0.07584000000000000463, 0.9971200000000000063, -0.000000000000000000 ) ) ;
#30 = CARTESIAN_POINT ( 'NONE',  ( -40.86879999999998603, 22.87839999999999918, -15.00000000000000178 ) ) ;
#31 = VERTEX_POINT ( 'NONE', #276 ) ;
#32 = ADVANCED_FACE ( 'NONE', ( #19 ), #716, .F. ) ;
#33 = DIRECTION ( 'NONE',  ( 0.000000000000000000, 0.000000000000000000, 1.000000000000000000 ) ) ;
#34 = ORIENTED_EDGE ( 'NONE', *, *, #147, .T. ) ;
#35 = DATE_AND_TIME ( #1147, #1579 ) ;
#36 = CARTESIAN_POINT ( 'NONE',  ( -12.49999999999999645, 12.50000000000000000, -18.00000000000000000 ) ) ;
#37 = DIRECTION ( 'NONE',  ( -0.000000000000000000, -0.000000000000000000, 1.000000000000000000 ) ) ;
#38 = CARTESIAN_POINT ( 'NONE',  ( -81.24999999999997158, 0.000000000000000000, -15.00000000000000178 ) ) ;
#39 = ORIENTED_EDGE ( 'NONE', *, *, #1533, .T. ) ;
#40 = CARTESIAN_POINT ( 'NONE',  ( -12.49999999999999645, 12.50000000000000000, -18.00000000000000000 ) ) ;
#41 = ORIENTED_EDGE ( 'NONE', *, *, #966, .F. ) ;
#42 = PERSON_AND_ORGANIZATION ( #309, #1161 ) ;
#43 = DIRECTION ( 'NONE',  ( 1.000000000000000000, 0.000000000000000000, -0.000000000000000000 ) ) ;
#44 = FACE_BOUND ( 'NONE', #380, .T. ) ;
#45 = PLANE ( 'NONE',  #751 ) ;
#46 = ORIENTED_EDGE ( 'NONE', *, *, #1269, .T. ) ;
#47 = AXIS2_PLACEMENT_3D ( 'NONE', #1075, #91, #664 ) ;
#48 = FACE_OUTER_BOUND ( 'NONE', #645, .T. ) ;
#49 = ORIENTED_EDGE ( 'NONE', *, *, #676, .T. ) ;
#50 = EDGE_CURVE ( 'NONE', #1049, #739, #1125, .T. ) ;
#51 = CIRCLE ( 'NONE', #1373, 1.500000000000001332 ) ;
#52 = LOCAL_TIME ( 23, 17, 42.00000000000000000, #1581 ) ;
#53 = CARTESIAN_POINT ( 'NONE',  ( -131.0000000000000000, 8.000000000000000000, -26.99999999999999645 ) ) ;
#54 = CARTESIAN_POINT ( 'NONE',  ( -83.77403391999999371, -6.371773440000012556, -15.00000000000000178 ) ) ;
#55 = AXIS2_PLACEMENT_3D ( 'NONE', #774, #908, #190 ) ;
#56 = EDGE_CURVE ( 'NONE', #1399, #1391, #446, .T. ) ;
#57 = CIRCLE ( 'NONE', #1678, 8.000000000000007105 ) ;
#58 = DIRECTION ( 'NONE',  ( -0.000000000000000000, 0.000000000000000000, 1.000000000000000000 ) ) ;
#59 = EDGE_LOOP ( 'NONE', ( #847, #140, #692, #690 ) ) ;
#60 = CARTESIAN_POINT ( 'NONE',  ( -5.428932188134522718, 19.57106781186547906, -8.000000000000000000 ) ) ;
#61 = ORIENTED_EDGE ( 'NONE', *, *, #436, .T. ) ;
#62 = PLANE ( 'NONE',  #1757 ) ;
#63 = FACE_OUTER_BOUND ( 'NONE', #1825, .T. ) ;
#64 = DIRECTION ( 'NONE',  ( -1.000000000000000000, 0.000000000000000000, 0.000000000000000000 ) ) ;
#65 = ORIENTED_EDGE ( 'NONE', *, *, #1851, .F. ) ;
#66 = ADVANCED_FACE ( 'NONE', ( #705 ), #1017, .F. ) ;
#67 = EDGE_CURVE ( 'NONE', #240, #342, #736, .T. ) ;
#68 = CARTESIAN_POINT ( 'NONE',  ( -80.78267391999997926, -6.144253440000014166, -3.999999999999986233 ) ) ;
#69 = ORIENTED_EDGE ( 'NONE', *, *, #1383, .T. ) ;
#70 = DIRECTION ( 'NONE',  ( 1.000000000000000000, 0.000000000000000000, 0.000000000000000000 ) ) ;
#71 = VERTEX_POINT ( 'NONE', #1286 ) ;
#72 = DIRECTION ( 'NONE',  ( -0.07584000000000000463, 0.9971200000000000063, -0.000000000000000000 ) ) ;
#73 = DIRECTION ( 'NONE',  ( 0.000000000000000000, 0.000000000000000000, 1.000000000000000000 ) ) ;
#74 = DIRECTION ( 'NONE',  ( 0.000000000000000000, 0.000000000000000000, -1.000000000000000000 ) ) ;
#75 = ORIENTED_EDGE ( 'NONE', *, *, #398, .T. ) ;
#76 = DIRECTION ( 'NONE',  ( 0.000000000000000000, 0.000000000000000000, 1.000000000000000000 ) ) ;
#77 = VERTEX_POINT ( 'NONE', #1 ) ;
#78 = DIRECTION ( 'NONE',  ( 0.000000000000000000, 0.000000000000000000, 1.000000000000000000 ) ) ;
#79 = ORIENTED_EDGE ( 'NONE', *, *, #1202, .F. ) ;
#80 = CIRCLE ( 'NONE', #1666, 6.499999999999999112 ) ;
#81 = PLANE ( 'NONE',  #1280 ) ;
#82 = AXIS2_PLACEMENT_3D ( 'NONE', #894, #1592, #1469 ) ;
#83 = VECTOR ( 'NONE', #1831, 1000.000000000000000 ) ;
#84 = PRODUCT ( '¹Ùµð_ºÕ', '¹Ùµð_ºÕ', '', ( #1179 ) ) ;
#85 = LINE ( 'NONE', #1744, #743 ) ;
#86 = EDGE_LOOP ( 'NONE', ( #1775, #651 ) ) ;
#87 = AXIS2_PLACEMENT_3D ( 'NONE', #768, #1189, #1601 ) ;
#88 = VECTOR ( 'NONE', #1122, 1000.000000000000000 ) ;
#89 = CARTESIAN_POINT ( 'NONE',  ( -88.29880544903772943, -6.715923264256091763, -3.999999999999986233 ) ) ;
#90 = ORIENTED_EDGE ( 'NONE', *, *, #1063, .F. ) ;
#91 = DIRECTION ( 'NONE',  ( -1.568602391179839206E-16, -1.193064078015474586E-17, -1.000000000000000000 ) ) ;
#92 = ORIENTED_EDGE ( 'NONE', *, *, #318, .F. ) ;
#93 = EDGE_CURVE ( 'NONE', #322, #560, #1302, .T. ) ;
#94 = DIRECTION ( 'NONE',  ( -0.000000000000000000, -0.000000000000000000, 1.000000000000000000 ) ) ;
#95 = ORIENTED_EDGE ( 'NONE', *, *, #1739, .T. ) ;
#96 = DIRECTION ( 'NONE',  ( -0.8834757315831144320, 0.000000000000000000, -0.4684769276108276537 ) ) ;
#97 = ORIENTED_EDGE ( 'NONE', *, *, #846, .T. ) ;
#98 = CARTESIAN_POINT ( 'NONE',  ( -12.49999999999999289, 0.000000000000000000, 0.000000000000000000 ) ) ;
#99 = EDGE_LOOP ( 'NONE', ( #1114, #515, #404, #1833, #415 ) ) ;
#100 = FACE_OUTER_BOUND ( 'NONE', #578, .T. ) ;
#101 = CARTESIAN_POINT ( 'NONE',  ( -18.99999999999999645, 12.50000000000000000, -26.99999999999999645 ) ) ;
#102 = ORIENTED_EDGE ( 'NONE', *, *, #584, .F. ) ;
#103 = FACE_OUTER_BOUND ( 'NONE', #1693, .T. ) ;
#104 = EDGE_LOOP ( 'NONE', ( #39, #957, #252, #1402, #615, #1204, #983, #1107, #588, #102, #1501, #937 ) ) ;
#105 = DIRECTION ( 'NONE',  ( -0.000000000000000000, -1.000000000000000000, -0.000000000000000000 ) ) ;
#106 = ORIENTED_EDGE ( 'NONE', *, *, #1705, .F. ) ;
#107 = EDGE_CURVE ( 'NONE', #942, #1783, #1285, .T. ) ;
#108 = VECTOR ( 'NONE', #105, 1000.000000000000000 ) ;
#109 = CARTESIAN_POINT ( 'NONE',  ( -12.49999999999999645, 12.50000000000000000, -19.00000000000000000 ) ) ;
#110 = CARTESIAN_POINT ( 'NONE',  ( -84.25866495507059994, 0.000000000000000000, -15.00000000000000178 ) ) ;
#111 = EDGE_LOOP ( 'NONE', ( #965, #1358, #867, #801 ) ) ;
#112 = PLANE ( 'NONE',  #958 ) ;
#113 = EDGE_CURVE ( 'NONE', #1145, #781, #57, .T. ) ;
#114 = AXIS2_PLACEMENT_3D ( 'NONE', #456, #996, #1140 ) ;
#115 = CIRCLE ( 'NONE', #895, 1.500000000000001332 ) ;
#116 =( GEOMETRIC_REPRESENTATION_CONTEXT ( 3 ) GLOBAL_UNCERTAINTY_ASSIGNED_CONTEXT ( ( #1624 ) ) GLOBAL_UNIT_ASSIGNED_CONTEXT ( ( #1852, #549, #149 ) ) REPRESENTATION_CONTEXT ( 'NONE', 'WORKASPACE' ) );
#117 = EDGE_LOOP ( 'NONE', ( #1061, #1795, #913, #562 ) ) ;
#118 = FACE_BOUND ( 'NONE', #947, .T. ) ;
#119 = AXIS2_PLACEMENT_3D ( 'NONE', #1182, #1053, #614 ) ;
#120 = ORIENTED_EDGE ( 'NONE', *, *, #305, .F. ) ;
#121 = DIRECTION ( 'NONE',  ( 0.9971200000000000063, 0.07584000000000000463, -1.257983616266178671E-15 ) ) ;
#122 = DIRECTION ( 'NONE',  ( 0.000000000000000000, 0.000000000000000000, 1.000000000000000000 ) ) ;
#123 = LINE ( 'NONE', #1557, #1016 ) ;
#124 = EDGE_CURVE ( 'NONE', #1251, #1747, #1548, .T. ) ;
#125 = CARTESIAN_POINT ( 'NONE',  ( -134.0000000000000000, 8.000000000000000000, 2.000000000000004441 ) ) ;
#126 = FACE_OUTER_BOUND ( 'NONE', #828, .T. ) ;
#127 = ORIENTED_EDGE ( 'NONE', *, *, #1448, .F. ) ;
#128 = DIRECTION ( 'NONE',  ( -0.000000000000000000, -0.000000000000000000, 1.000000000000000000 ) ) ;
#129 = CARTESIAN_POINT ( 'NONE',  ( -131.0000000000000000, 8.000000000000000000, -26.99999999999999645 ) ) ;
#130 = CYLINDRICAL_SURFACE ( 'NONE', #511, 6.500000000000000888 ) ;
#131 = DIRECTION ( 'NONE',  ( 1.000000000000000000, 0.000000000000000000, -5.908267548039422404E-15 ) ) ;
#132 = CARTESIAN_POINT ( 'NONE',  ( -12.49999999999999645, 12.50000000000000000, -1.000000000000000000 ) ) ;
#133 = ORIENTED_EDGE ( 'NONE', *, *, #940, .T. ) ;
#134 = EDGE_CURVE ( 'NONE', #1288, #502, #1476, .T. ) ;
#135 = LINE ( 'NONE', #695, #88 ) ;
#136 = FACE_BOUND ( 'NONE', #12, .T. ) ;
#137 = CARTESIAN_POINT ( 'NONE',  ( -131.0000000000000000, 8.000000000000000000, -3.999999999999993339 ) ) ;
#138 = VECTOR ( 'NONE', #941, 1000.000000000000000 ) ;
#139 = AXIS2_PLACEMENT_3D ( 'NONE', #717, #1274, #1433 ) ;
#140 = ORIENTED_EDGE ( 'NONE', *, *, #800, .F. ) ;
#141 = VECTOR ( 'NONE', #1096, 1000.000000000000000 ) ;
#142 = VECTOR ( 'NONE', #1123, 1000.000000000000000 ) ;
#143 = CARTESIAN_POINT ( 'NONE',  ( -12.49999999999999645, 12.50000000000000000, -18.00000000000000000 ) ) ;
#144 = ORIENTED_EDGE ( 'NONE', *, *, #528, .T. ) ;
#145 = APPROVAL_PERSON_ORGANIZATION ( #1157, #146, #731 ) ;
#146 = APPROVAL ( #1022, 'UNSPECIFIED' ) ;
#147 = EDGE_CURVE ( 'NONE', #1510, #560, #882, .T. ) ;
#148 = VERTEX_POINT ( 'NONE', #38 ) ;
#149 =( NAMED_UNIT ( * ) SI_UNIT ( $, .STERADIAN. ) SOLID_ANGLE_UNIT ( ) );
#150 = PLANE ( 'NONE',  #114 ) ;
#151 = DIRECTION ( 'NONE',  ( -0.000000000000000000, 0.000000000000000000, 1.000000000000000000 ) ) ;
#152 = EDGE_LOOP ( 'NONE', ( #432, #749, #611, #1479 ) ) ;
#153 = LINE ( 'NONE', #414, #890 ) ;
#154 = ORIENTED_EDGE ( 'NONE', *, *, #409, .F. ) ;
#155 = VERTEX_POINT ( 'NONE', #489 ) ;
#156 = ADVANCED_FACE ( 'NONE', ( #1319 ), #168, .F. ) ;
#157 = CARTESIAN_POINT ( 'NONE',  ( -41.89499391999997613, -3.186493440000010668, -15.00000000000000178 ) ) ;
#158 = CARTESIAN_POINT ( 'NONE',  ( -107.6758399999999796, 17.79711999999999961, -3.999999999999997335 ) ) ;
#159 = DIRECTION ( 'NONE',  ( -0.000000000000000000, 0.000000000000000000, -1.000000000000000000 ) ) ;
#160 = CARTESIAN_POINT ( 'NONE',  ( -40.86879999999998603, 22.87839999999999918, -3.999999999999990674 ) ) ;
#161 = ORIENTED_EDGE ( 'NONE', *, *, #1657, .T. ) ;
#162 = ORIENTED_EDGE ( 'NONE', *, *, #220, .F. ) ;
#163 = PERSON_AND_ORGANIZATION_ROLE ( 'creator' ) ;
#164 = DIRECTION ( 'NONE',  ( 1.000000000000000000, 0.000000000000000000, 0.000000000000000000 ) ) ;
#165 = CARTESIAN_POINT ( 'NONE',  ( -90.00000000000000000, 0.000000000000000000, -19.00000000000000000 ) ) ;
#166 = EDGE_CURVE ( 'NONE', #1646, #1196, #1342, .T. ) ;
#167 = EDGE_CURVE ( 'NONE', #155, #1473, #1614, .T. ) ;
#168 = CYLINDRICAL_SURFACE ( 'NONE', #82, 3.000000000000002665 ) ;
#169 = DIRECTION ( 'NONE',  ( 1.000000000000000000, 0.000000000000000000, -0.000000000000000000 ) ) ;
#170 = AXIS2_PLACEMENT_3D ( 'NONE', #1366, #659, #1797 ) ;
#171 = ORIENTED_EDGE ( 'NONE', *, *, #914, .T. ) ;
#172 = VECTOR ( 'NONE', #1094, 1000.000000000000000 ) ;
#173 = DIRECTION ( 'NONE',  ( -0.000000000000000000, -0.000000000000000000, 1.000000000000000000 ) ) ;
#174 = VECTOR ( 'NONE', #1571, 1000.000000000000000 ) ;
#175 = CC_DESIGN_APPROVAL ( #146, ( #1803 ) ) ;
#176 = ORIENTED_EDGE ( 'NONE', *, *, #1381, .T. ) ;
#177 = SHAPE_DEFINITION_REPRESENTATION ( #340, #1331 ) ;
#178 = DIRECTION ( 'NONE',  ( -0.000000000000000000, -0.000000000000000000, -1.000000000000000000 ) ) ;
#179 = VECTOR ( 'NONE', #905, 1000.000000000000000 ) ;
#180 = DIRECTION ( 'NONE',  ( 1.000000000000000000, 0.000000000000000000, 0.000000000000000000 ) ) ;
#181 = CARTESIAN_POINT ( 'NONE',  ( -4.392086695303554215E-15, 0.000000000000000000, -21.00000000000001776 ) ) ;
#182 = ORIENTED_EDGE ( 'NONE', *, *, #344, .F. ) ;
#183 = LINE ( 'NONE', #885, #1155 ) ;
#184 = ORIENTED_EDGE ( 'NONE', *, *, #1471, .F. ) ;
#185 = CARTESIAN_POINT ( 'NONE',  ( -18.07106781186546840, 5.428932188134528047, 0.000000000000000000 ) ) ;
#186 = CARTESIAN_POINT ( 'NONE',  ( -12.49999999999999645, 0.000000000000000000, -19.00000000000000000 ) ) ;
#187 = CARTESIAN_POINT ( 'NONE',  ( -20.95547391999997444, -1.593853440000011279, -15.00000000000000178 ) ) ;
#188 = ORIENTED_EDGE ( 'NONE', *, *, #906, .F. ) ;
#189 = EDGE_CURVE ( 'NONE', #327, #77, #1211, .T. ) ;
#190 = DIRECTION ( 'NONE',  ( 1.000000000000000000, 0.000000000000000000, -2.891205793294675861E-16 ) ) ;
#191 = EDGE_LOOP ( 'NONE', ( #1093, #1528, #1089, #1519, #950, #764 ) ) ;
#192 = EDGE_CURVE ( 'NONE', #1391, #810, #1449, .T. ) ;
#193 = DIRECTION ( 'NONE',  ( -1.000000000000000000, 0.000000000000000000, 2.091469854906452357E-16 ) ) ;
#194 = LINE ( 'NONE', #54, #1160 ) ;
#195 = ORIENTED_EDGE ( 'NONE', *, *, #747, .T. ) ;
#196 = LINE ( 'NONE', #769, #1525 ) ;
#197 = ORIENTED_EDGE ( 'NONE', *, *, #1112, .F. ) ;
#198 = AXIS2_PLACEMENT_3D ( 'NONE', #143, #74, #64 ) ;
#199 = DIRECTION ( 'NONE',  ( 1.000000000000000000, 0.000000000000000000, 0.000000000000000000 ) ) ;
#200 = ORIENTED_EDGE ( 'NONE', *, *, #1739, .F. ) ;
#201 = AXIS2_PLACEMENT_3D ( 'NONE', #1376, #962, #1805 ) ;
#202 = CIRCLE ( 'NONE', #87, 3.000000000000002665 ) ;
#203 = EDGE_CURVE ( 'NONE', #1297, #249, #1743, .T. ) ;
#204 = AXIS2_PLACEMENT_3D ( 'NONE', #1838, #128, #254 ) ;
#205 = LINE ( 'NONE', #1345, #449 ) ;
#206 = CARTESIAN_POINT ( 'NONE',  ( -5.428932188134520942, 5.428932188134529824, -8.000000000000000000 ) ) ;
#207 = DIRECTION ( 'NONE',  ( -0.000000000000000000, -0.000000000000000000, 1.000000000000000000 ) ) ;
#208 = AXIS2_PLACEMENT_3D ( 'NONE', #570, #1422, #1294 ) ;
#209 = ORIENTED_EDGE ( 'NONE', *, *, #332, .F. ) ;
#210 = DIRECTION ( 'NONE',  ( 1.000000000000000000, 0.000000000000000000, 0.000000000000000000 ) ) ;
#211 = ORIENTED_EDGE ( 'NONE', *, *, #1541, .F. ) ;
#212 = LINE ( 'NONE', #345, #393 ) ;
#213 = ORIENTED_EDGE ( 'NONE', *, *, #1228, .T. ) ;
#214 = DIRECTION ( 'NONE',  ( -0.000000000000000000, -0.000000000000000000, 1.000000000000000000 ) ) ;
#215 = CARTESIAN_POINT ( 'NONE',  ( -82.74783999999998230, 19.69312000000000396, -26.99999999999999645 ) ) ;
#216 = EDGE_CURVE ( 'NONE', #560, #504, #1172, .T. ) ;
#217 = DIRECTION ( 'NONE',  ( 0.000000000000000000, -0.000000000000000000, 1.000000000000000000 ) ) ;
#218 = ORIENTED_EDGE ( 'NONE', *, *, #1190, .F. ) ;
#219 = CARTESIAN_POINT ( 'NONE',  ( -19.57106781186546840, 19.57106781186547551, -8.000000000000000000 ) ) ;
#220 = EDGE_CURVE ( 'NONE', #1178, #342, #1311, .T. ) ;
#221 = VERTEX_POINT ( 'NONE', #333 ) ;
#222 = DIRECTION ( 'NONE',  ( -0.000000000000000000, 0.000000000000000000, 1.000000000000000000 ) ) ;
#223 = VERTEX_POINT ( 'NONE', #458 ) ;
#224 = CARTESIAN_POINT ( 'NONE',  ( -80.78267391999997926, -6.144253440000014166, -15.00000000000000178 ) ) ;
#225 = DIRECTION ( 'NONE',  ( -2.040851148208008491E-16, 0.000000000000000000, 1.000000000000000000 ) ) ;
#226 = CARTESIAN_POINT ( 'NONE',  ( -60.18934531450575776, 0.000000000000000000, -15.00000000000000178 ) ) ;
#227 = VERTEX_POINT ( 'NONE', #1622 ) ;
#228 = CARTESIAN_POINT ( 'NONE',  ( -134.0000000000000000, 8.000000000000000000, -3.999999999999992450 ) ) ;
#229 = EDGE_CURVE ( 'NONE', #810, #439, #196, .T. ) ;
#230 = ORIENTED_EDGE ( 'NONE', *, *, #952, .F. ) ;
#231 = PLANE ( 'NONE',  #233 ) ;
#232 = ORIENTED_EDGE ( 'NONE', *, *, #334, .F. ) ;
#233 = AXIS2_PLACEMENT_3D ( 'NONE', #803, #1676, #1374 ) ;
#234 = CIRCLE ( 'NONE', #1608, 1.500000000000001332 ) ;
#235 = CIRCLE ( 'NONE', #445, 1.500000000000000444 ) ;
#236 = DIRECTION ( 'NONE',  ( -0.000000000000000000, -0.000000000000000000, 1.000000000000000000 ) ) ;
#237 = ORIENTED_EDGE ( 'NONE', *, *, #398, .F. ) ;
#238 = AXIS2_PLACEMENT_3D ( 'NONE', #1263, #988, #1543 ) ;
#239 = DIRECTION ( 'NONE',  ( 0.8823529411764710062, 0.000000000000000000, 0.4705882352941168634 ) ) ;
#240 = VERTEX_POINT ( 'NONE', #476 ) ;
#241 = AXIS2_PLACEMENT_3D ( 'NONE', #364, #1641, #791 ) ;
#242 = APPROVAL ( #870, 'UNSPECIFIED' ) ;
#243 = CARTESIAN_POINT ( 'NONE',  ( -89.02941882512631366, -6.771493023605575701, -15.00000000000000178 ) ) ;
#244 = ORIENTED_EDGE ( 'NONE', *, *, #134, .T. ) ;
#245 = FACE_OUTER_BOUND ( 'NONE', #525, .T. ) ;
#246 = CARTESIAN_POINT ( 'NONE',  ( -82.74783999999998230, 19.69312000000000040, -3.999999999999986233 ) ) ;
#247 = ORIENTED_EDGE ( 'NONE', *, *, #1384, .F. ) ;
#248 = CARTESIAN_POINT ( 'NONE',  ( -12.49999999999999645, 12.50000000000000000, -19.00000000000000000 ) ) ;
#249 = VERTEX_POINT ( 'NONE', #495 ) ;
#250 = FACE_BOUND ( 'NONE', #1361, .T. ) ;
#251 = EDGE_CURVE ( 'NONE', #1653, #1434, #1488, .T. ) ;
#252 = ORIENTED_EDGE ( 'NONE', *, *, #332, .T. ) ;
#253 = ADVANCED_FACE ( 'NONE', ( #1310 ), #45, .F. ) ;
#254 = DIRECTION ( 'NONE',  ( 1.000000000000000000, 0.000000000000000000, 0.000000000000000000 ) ) ;
#255 = CARTESIAN_POINT ( 'NONE',  ( -21.07106781186546840, 19.57106781186547551, 0.000000000000000000 ) ) ;
#256 = VERTEX_POINT ( 'NONE', #1629 ) ;
#257 = CARTESIAN_POINT ( 'NONE',  ( -5.428932188134522718, 19.57106781186547906, 0.000000000000000000 ) ) ;
#258 = ORIENTED_EDGE ( 'NONE', *, *, #1471, .T. ) ;
#259 = DIRECTION ( 'NONE',  ( 0.07584000000000000463, -0.9971200000000000063, 0.000000000000000000 ) ) ;
#260 = ORIENTED_EDGE ( 'NONE', *, *, #1323, .F. ) ;
#261 = EDGE_CURVE ( 'NONE', #1234, #781, #1060, .T. ) ;
#262 = AXIS2_PLACEMENT_3D ( 'NONE', #132, #829, #700 ) ;
#263 = FACE_OUTER_BOUND ( 'NONE', #1513, .T. ) ;
#264 = LINE ( 'NONE', #1406, #142 ) ;
#265 = ORIENTED_EDGE ( 'NONE', *, *, #1850, .F. ) ;
#266 = DIRECTION ( 'NONE',  ( 1.000000000000000000, 0.000000000000000000, 0.000000000000000000 ) ) ;
#267 = VECTOR ( 'NONE', #646, 1000.000000000000000 ) ;
#268 = AXIS2_PLACEMENT_3D ( 'NONE', #964, #1397, #819 ) ;
#269 = ORIENTED_EDGE ( 'NONE', *, *, #334, .T. ) ;
#270 = DIRECTION ( 'NONE',  ( 0.9971200000000000063, 0.07583999999999997688, 0.000000000000000000 ) ) ;
#271 = ORIENTED_EDGE ( 'NONE', *, *, #1633, .T. ) ;
#272 = PLANE ( 'NONE',  #1195 ) ;
#273 = DIRECTION ( 'NONE',  ( 1.000000000000000000, 0.000000000000000000, 0.000000000000000000 ) ) ;
#274 = ADVANCED_FACE ( 'NONE', ( #622 ), #763, .F. ) ;
#275 = DIRECTION ( 'NONE',  ( 0.000000000000000000, 0.000000000000000000, 1.000000000000000000 ) ) ;
#276 = CARTESIAN_POINT ( 'NONE',  ( -131.6067200000000241, 15.97696000000000538, -3.999999999999993339 ) ) ;
#277 = FACE_OUTER_BOUND ( 'NONE', #1754, .T. ) ;
#278 = ORIENTED_EDGE ( 'NONE', *, *, #584, .T. ) ;
#279 = DIRECTION ( 'NONE',  ( 0.9971200000000000063, 0.07584000000000000463, -0.000000000000000000 ) ) ;
#280 = LINE ( 'NONE', #581, #1130 ) ;
#281 = CARTESIAN_POINT ( 'NONE',  ( -3.928932188134520498, 5.428932188134529824, 0.000000000000000000 ) ) ;
#282 = CARTESIAN_POINT ( 'NONE',  ( -134.0000000000000000, 8.000000000000000000, -26.99999999999999645 ) ) ;
#283 = ADVANCED_FACE ( 'NONE', ( #633 ), #1024, .F. ) ;
#284 = LINE ( 'NONE', #855, #1454 ) ;
#285 = ORIENTED_EDGE ( 'NONE', *, *, #1111, .F. ) ;
#286 = CARTESIAN_POINT ( 'NONE',  ( -63.19801026957637191, -4.336808689942017736E-16, -3.999999999999986233 ) ) ;
#287 = CARTESIAN_POINT ( 'NONE',  ( -61.80831999999998772, 21.28575999999999979, -15.00000000000000178 ) ) ;
#288 = VECTOR ( 'NONE', #784, 1000.000000000000000 ) ;
#289 = VECTOR ( 'NONE', #207, 1000.000000000000000 ) ;
#290 = ORIENTED_EDGE ( 'NONE', *, *, #987, .T. ) ;
#291 = AXIS2_PLACEMENT_3D ( 'NONE', #1200, #1767, #1627 ) ;
#292 = CYLINDRICAL_SURFACE ( 'NONE', #1012, 12.49999999999999645 ) ;
#293 = ORIENTED_EDGE ( 'NONE', *, *, #113, .F. ) ;
#294 = AXIS2_PLACEMENT_3D ( 'NONE', #635, #1315, #1343 ) ;
#295 = ADVANCED_FACE ( 'NONE', ( #1779 ), #662, .F. ) ;
#296 = ORIENTED_EDGE ( 'NONE', *, *, #509, .T. ) ;
#297 = DATE_AND_TIME ( #473, #52 ) ;
#298 = DIRECTION ( 'NONE',  ( -1.000000000000000000, 0.000000000000000000, -0.000000000000000000 ) ) ;
#299 = CARTESIAN_POINT ( 'NONE',  ( -90.00000000000000000, 0.000000000000000000, 0.000000000000000000 ) ) ;
#300 = EDGE_LOOP ( 'NONE', ( #798, #1083 ) ) ;
#301 = CARTESIAN_POINT ( 'NONE',  ( -131.0000000000000000, -1.214306433183764966E-14, -26.99999999999999645 ) ) ;
#302 = EDGE_LOOP ( 'NONE', ( #1232, #589, #1226, #1643 ) ) ;
#303 = ORIENTED_EDGE ( 'NONE', *, *, #107, .T. ) ;
#304 = ADVANCED_FACE ( 'NONE', ( #516 ), #1669, .F. ) ;
#305 = EDGE_CURVE ( 'NONE', #504, #1046, #934, .T. ) ;
#306 = APPLICATION_PROTOCOL_DEFINITION ( 'international standard', 'config_control_design', 1994, #984 ) ;
#307 = FACE_OUTER_BOUND ( 'NONE', #111, .T. ) ;
#308 = LINE ( 'NONE', #733, #1370 ) ;
#309 = PERSON ( 'UNSPECIFIED', 'UNSPECIFIED', 'UNSPECIFIED', ('UNSPECIFIED'), ('UNSPECIFIED'), ('UNSPECIFIED') ) ;
#310 = CARTESIAN_POINT ( 'NONE',  ( -59.84315391999998468, -4.551613440000011224, -15.00000000000000178 ) ) ;
#311 = DIRECTION ( 'NONE',  ( 1.000000000000000000, 0.000000000000000000, 0.000000000000000000 ) ) ;
#312 = ORIENTED_EDGE ( 'NONE', *, *, #1438, .F. ) ;
#313 = CARTESIAN_POINT ( 'NONE',  ( -19.57106781186546840, 5.428932188134528047, -8.000000000000000000 ) ) ;
#314 = ORIENTED_EDGE ( 'NONE', *, *, #720, .F. ) ;
#315 = CALENDAR_DATE ( 2024, 26, 9 ) ;
#316 = CARTESIAN_POINT ( 'NONE',  ( -12.49999999999999645, 12.50000000000000000, -18.00000000000000000 ) ) ;
#317 = CARTESIAN_POINT ( 'NONE',  ( -85.73919999999999675, 19.46560000000000201, -26.99999999999989342 ) ) ;
#318 = EDGE_CURVE ( 'NONE', #1569, #1236, #718, .T. ) ;
#319 = DIRECTION ( 'NONE',  ( 0.1314101546052597325, 0.009994931528063718054, 0.9912776970205529059 ) ) ;
#320 = LINE ( 'NONE', #1484, #289 ) ;
#321 = VECTOR ( 'NONE', #270, 1000.000000000000114 ) ;
#322 = VERTEX_POINT ( 'NONE', #1529 ) ;
#323 = AXIS2_PLACEMENT_3D ( 'NONE', #1824, #1832, #1124 ) ;
#324 = VECTOR ( 'NONE', #27, 1000.000000000000000 ) ;
#325 = LINE ( 'NONE', #899, #1760 ) ;
#326 = CIRCLE ( 'NONE', #1847, 12.49999999999999645 ) ;
#327 = VERTEX_POINT ( 'NONE', #382 ) ;
#328 = COORDINATED_UNIVERSAL_TIME_OFFSET ( 9, 0, .AHEAD. ) ;
#329 = CARTESIAN_POINT ( 'NONE',  ( -21.07106781186546840, 19.57106781186547551, -8.000000000000000000 ) ) ;
#330 = VECTOR ( 'NONE', #1815, 1000.000000000000000 ) ;
#331 = DIRECTION ( 'NONE',  ( 1.000000000000000000, 0.000000000000000000, 0.000000000000000000 ) ) ;
#332 = EDGE_CURVE ( 'NONE', #31, #1681, #503, .T. ) ;
#333 = CARTESIAN_POINT ( 'NONE',  ( -3.928932188134521386, 19.57106781186547906, 0.000000000000000000 ) ) ;
#334 = EDGE_CURVE ( 'NONE', #440, #1702, #1070, .T. ) ;
#335 = VERTEX_POINT ( 'NONE', #228 ) ;
#336 = DIRECTION ( 'NONE',  ( -0.000000000000000000, -0.000000000000000000, -1.000000000000000000 ) ) ;
#337 = ORIENTED_EDGE ( 'NONE', *, *, #166, .T. ) ;
#338 = LINE ( 'NONE', #224, #832 ) ;
#339 = DIRECTION ( 'NONE',  ( 1.254360623451332154E-15, 9.540547745762698430E-17, 1.000000000000000000 ) ) ;
#340 = PRODUCT_DEFINITION_SHAPE ( 'NONE', 'NONE',  #1803 ) ;
#341 = CARTESIAN_POINT ( 'NONE',  ( -0.07462656000000000844, 25.98116608000000483, 0.000000000000000000 ) ) ;
#342 = VERTEX_POINT ( 'NONE', #799 ) ;
#343 = EDGE_CURVE ( 'NONE', #1234, #1028, #1220, .T. ) ;
#344 = EDGE_CURVE ( 'NONE', #1399, #439, #650, .T. ) ;
#345 = CARTESIAN_POINT ( 'NONE',  ( -19.99999999999999645, 12.50000000000000178, -1.000000000000000000 ) ) ;
#346 = ORIENTED_EDGE ( 'NONE', *, *, #597, .T. ) ;
#347 = CARTESIAN_POINT ( 'NONE',  ( -4.999999999999998224, 12.50000000000000178, -18.00000000000000000 ) ) ;
#348 = CARTESIAN_POINT ( 'NONE',  ( -1.965166079999999704, 25.83737344000000036, -26.99999999999999645 ) ) ;
#349 = CARTESIAN_POINT ( 'NONE',  ( -105.0000000000000142, 25.00000000000000000, 2.000000000000004441 ) ) ;
#350 = ORIENTED_EDGE ( 'NONE', *, *, #999, .F. ) ;
#351 = VECTOR ( 'NONE', #2, 1000.000000000000000 ) ;
#352 = DIRECTION ( 'NONE',  ( 1.000000000000000000, 0.000000000000000000, 0.000000000000000000 ) ) ;
#353 = ORIENTED_EDGE ( 'NONE', *, *, #1392, .T. ) ;
#354 = AXIS2_PLACEMENT_3D ( 'NONE', #1164, #361, #1209 ) ;
#355 = VECTOR ( 'NONE', #37, 1000.000000000000000 ) ;
#356 = VECTOR ( 'NONE', #1058, 1000.000000000000000 ) ;
#357 = FACE_OUTER_BOUND ( 'NONE', #1262, .T. ) ;
#358 = EDGE_CURVE ( 'NONE', #1199, #221, #51, .T. ) ;
#359 = FACE_OUTER_BOUND ( 'NONE', #1153, .T. ) ;
#360 = CLOSED_SHELL ( 'NONE', ( #520, #1176, #1128, #1109, #32, #669, #642, #1694, #156, #618, #428, #1837, #1054, #790, #735, #1121, #1237, #1008, #399, #533, #857, #396, #1772, #1826, #776, #1259, #839, #1393, #1781, #722, #1661, #1360, #1542, #1848, #1662, #295, #1244, #1290, #274, #1332, #1587, #66, #892, #944, #1460, #1804, #1462, #877, #253, #283, #304, #1566, #1769, #1647, #556, #1559, #779 ) ) ;
#361 = DIRECTION ( 'NONE',  ( 0.000000000000000000, 0.000000000000000000, -1.000000000000000000 ) ) ;
#362 = VECTOR ( 'NONE', #1043, 1000.000000000000000 ) ;
#363 = VERTEX_POINT ( 'NONE', #543 ) ;
#364 = CARTESIAN_POINT ( 'NONE',  ( -80.78267391999997926, -6.144253440000014166, -15.00000000000000178 ) ) ;
#365 = ORIENTED_EDGE ( 'NONE', *, *, #1435, .T. ) ;
#366 = FACE_OUTER_BOUND ( 'NONE', #1665, .T. ) ;
#367 = ORIENTED_EDGE ( 'NONE', *, *, #1613, .T. ) ;
#368 = DIRECTION ( 'NONE',  ( 1.000000000000000000, 0.000000000000000000, 0.000000000000000000 ) ) ;
#369 = CARTESIAN_POINT ( 'NONE',  ( -43.86015999999997206, 22.65088000000000434, -26.99999999999999645 ) ) ;
#370 = EDGE_CURVE ( 'NONE', #1377, #1653, #1427, .T. ) ;
#371 = EDGE_CURVE ( 'NONE', #842, #1206, #539, .T. ) ;
#372 = CARTESIAN_POINT ( 'NONE',  ( 0.000000000000000000, 0.000000000000000000, -19.00000000000000000 ) ) ;
#373 = EDGE_LOOP ( 'NONE', ( #1419, #667, #271, #1736 ) ) ;
#374 = LINE ( 'NONE', #943, #141 ) ;
#375 = ORIENTED_EDGE ( 'NONE', *, *, #452, .F. ) ;
#376 = CARTESIAN_POINT ( 'NONE',  ( -19.99999999999999645, 12.50000000000000178, -1.000000000000000000 ) ) ;
#377 = ORIENTED_EDGE ( 'NONE', *, *, #463, .F. ) ;
#378 = CARTESIAN_POINT ( 'NONE',  ( -139.0000000000000000, 25.00000000000000000, 2.000000000000000000 ) ) ;
#379 = DIRECTION ( 'NONE',  ( 1.000000000000000000, 0.000000000000000000, 0.000000000000000000 ) ) ;
#380 = EDGE_LOOP ( 'NONE', ( #756, #1723, #679, #1120 ) ) ;
#381 = CC_DESIGN_PERSON_AND_ORGANIZATION_ASSIGNMENT ( #14, #1731, ( #628 ) ) ;
#382 = CARTESIAN_POINT ( 'NONE',  ( -13.44799999999999507, 24.96400000000000219, 0.000000000000000000 ) ) ;
#383 = ORIENTED_EDGE ( 'NONE', *, *, #1598, .T. ) ;
#384 = LINE ( 'NONE', #1362, #1424 ) ;
#385 = EDGE_LOOP ( 'NONE', ( #1069, #303 ) ) ;
#386 = CIRCLE ( 'NONE', #537, 1.500000000000000444 ) ;
#387 = AXIS2_PLACEMENT_3D ( 'NONE', #851, #710, #1713 ) ;
#388 = AXIS2_PLACEMENT_3D ( 'NONE', #1421, #1546, #559 ) ;
#389 = AXIS2_PLACEMENT_3D ( 'NONE', #129, #670, #273 ) ;
#390 = DIRECTION ( 'NONE',  ( 1.000000000000000000, 0.000000000000000000, -1.568602391179839206E-16 ) ) ;
#391 = DIRECTION ( 'NONE',  ( -0.000000000000000000, -0.000000000000000000, 1.000000000000000000 ) ) ;
#392 = EDGE_LOOP ( 'NONE', ( #973, #230, #759, #1341 ) ) ;
#393 = VECTOR ( 'NONE', #1478, 1000.000000000000000 ) ;
#394 = AXIS2_PLACEMENT_3D ( 'NONE', #603, #1445, #5 ) ;
#395 = DIRECTION ( 'NONE',  ( 1.000000000000000000, -0.000000000000000000, 0.000000000000000000 ) ) ;
#396 = ADVANCED_FACE ( 'NONE', ( #827 ), #112, .T. ) ;
#397 = ORIENTED_EDGE ( 'NONE', *, *, #838, .T. ) ;
#398 = EDGE_CURVE ( 'NONE', #536, #1396, #374, .T. ) ;
#399 = ADVANCED_FACE ( 'NONE', ( #1507 ), #524, .F. ) ;
#400 = CARTESIAN_POINT ( 'NONE',  ( -4.999999999999998224, 12.50000000000000178, -18.00000000000000000 ) ) ;
#401 = VERTEX_POINT ( 'NONE', #1378 ) ;
#402 = DIRECTION ( 'NONE',  ( -0.07584000000000000463, 0.9971200000000000063, -0.000000000000000000 ) ) ;
#403 = LINE ( 'NONE', #689, #1700 ) ;
#404 = ORIENTED_EDGE ( 'NONE', *, *, #999, .T. ) ;
#405 = DIRECTION ( 'NONE',  ( 1.000000000000000000, 0.000000000000000000, 0.000000000000000000 ) ) ;
#406 = ORIENTED_EDGE ( 'NONE', *, *, #1384, .T. ) ;
#407 = CARTESIAN_POINT ( 'NONE',  ( -13.44405753410161353, 0.000000000000000000, 25.35343336108275025 ) ) ;
#408 = EDGE_LOOP ( 'NONE', ( #875, #176 ) ) ;
#409 = EDGE_CURVE ( 'NONE', #830, #1562, #672, .T. ) ;
#410 = LINE ( 'NONE', #558, #172 ) ;
#411 = ORIENTED_EDGE ( 'NONE', *, *, #1684, .F. ) ;
#412 = CARTESIAN_POINT ( 'NONE',  ( -90.26397152903774668, 19.12145017574391659, -3.999999999999985345 ) ) ;
#413 = ORIENTED_EDGE ( 'NONE', *, *, #1150, .F. ) ;
#414 = CARTESIAN_POINT ( 'NONE',  ( -0.5027153262021446523, 25.94860605509951768, -15.96816749371143729 ) ) ;
#415 = ORIENTED_EDGE ( 'NONE', *, *, #416, .F. ) ;
#416 = EDGE_CURVE ( 'NONE', #1686, #1046, #1640, .T. ) ;
#417 = VECTOR ( 'NONE', #967, 1000.000000000000000 ) ;
#418 = LINE ( 'NONE', #709, #1281 ) ;
#419 = DIRECTION ( 'NONE',  ( 1.000000000000000000, 0.000000000000000000, 0.000000000000000000 ) ) ;
#420 = DIRECTION ( 'NONE',  ( 0.000000000000000000, 0.000000000000000000, 1.000000000000000000 ) ) ;
#421 = AXIS2_PLACEMENT_3D ( 'NONE', #529, #1115, #1527 ) ;
#422 = CARTESIAN_POINT ( 'NONE',  ( -2.363307019216070937E-14, 0.000000000000000000, -4.000000000000510703 ) ) ;
#423 = CARTESIAN_POINT ( 'NONE',  ( -131.0000000000000000, 8.000000000000000000, -26.99999999999999645 ) ) ;
#424 = ORIENTED_EDGE ( 'NONE', *, *, #56, .F. ) ;
#425 = CYLINDRICAL_SURFACE ( 'NONE', #238, 8.000000000000007105 ) ;
#426 = PLANE ( 'NONE',  #1728 ) ;
#427 = LINE ( 'NONE', #998, #1517 ) ;
#428 = ADVANCED_FACE ( 'NONE', ( #103 ), #130, .F. ) ;
#429 = EDGE_CURVE ( 'NONE', #335, #655, #1552, .T. ) ;
#430 = LINE ( 'NONE', #727, #600 ) ;
#431 = DIRECTION ( 'NONE',  ( -0.000000000000000000, 0.000000000000000000, -1.000000000000000000 ) ) ;
#432 = ORIENTED_EDGE ( 'NONE', *, *, #1392, .F. ) ;
#433 = DATE_AND_TIME ( #887, #1673 ) ;
#434 = CARTESIAN_POINT ( 'NONE',  ( -12.49999999999999645, 12.50000000000000000, -18.00000000000000000 ) ) ;
#435 = DIRECTION ( 'NONE',  ( 0.000000000000000000, 0.000000000000000000, 1.000000000000000000 ) ) ;
#436 = EDGE_CURVE ( 'NONE', #663, #649, #1272, .T. ) ;
#437 = CARTESIAN_POINT ( 'NONE',  ( -12.49999999999999645, 12.50000000000000000, -1.000000000000000000 ) ) ;
#438 = DIRECTION ( 'NONE',  ( -0.07584000000000000463, 0.9971200000000000063, -0.000000000000000000 ) ) ;
#439 = VERTEX_POINT ( 'NONE', #412 ) ;
#440 = VERTEX_POINT ( 'NONE', #1854 ) ;
#441 = CALENDAR_DATE ( 2024, 26, 9 ) ;
#442 = DIRECTION ( 'NONE',  ( 0.000000000000000000, 0.000000000000000000, -1.000000000000000000 ) ) ;
#443 = LINE ( 'NONE', #697, #1041 ) ;
#444 = VECTOR ( 'NONE', #974, 1000.000000000000227 ) ;
#445 = AXIS2_PLACEMENT_3D ( 'NONE', #1317, #1420, #164 ) ;
#446 = LINE ( 'NONE', #422, #660 ) ;
#447 = EDGE_CURVE ( 'NONE', #1473, #1747, #711, .T. ) ;
#448 = AXIS2_PLACEMENT_3D ( 'NONE', #911, #1468, #1171 ) ;
#449 = VECTOR ( 'NONE', #637, 1000.000000000000000 ) ;
#450 = DIRECTION ( 'NONE',  ( 1.000000000000000000, 0.000000000000000000, 0.000000000000000000 ) ) ;
#451 = ORIENTED_EDGE ( 'NONE', *, *, #1494, .F. ) ;
#452 = EDGE_CURVE ( 'NONE', #1681, #322, #746, .T. ) ;
#453 = VECTOR ( 'NONE', #1136, 1000.000000000000000 ) ;
#454 = ORIENTED_EDGE ( 'NONE', *, *, #67, .T. ) ;
#455 = PERSON_AND_ORGANIZATION ( #309, #1161 ) ;
#456 = CARTESIAN_POINT ( 'NONE',  ( -59.84315391999998468, -4.551613440000011224, -15.00000000000000178 ) ) ;
#457 = DIRECTION ( 'NONE',  ( -0.000000000000000000, -0.000000000000000000, 1.000000000000000000 ) ) ;
#458 = CARTESIAN_POINT ( 'NONE',  ( -4.999999999999998224, 12.50000000000000178, -19.00000000000000000 ) ) ;
#459 = FACE_OUTER_BOUND ( 'NONE', #1057, .T. ) ;
#460 = VERTEX_POINT ( 'NONE', #1440 ) ;
#461 = DIRECTION ( 'NONE',  ( 0.000000000000000000, 0.000000000000000000, -1.000000000000000000 ) ) ;
#462 = CC_DESIGN_PERSON_AND_ORGANIZATION_ASSIGNMENT ( #619, #590, ( #84 ) ) ;
#463 = EDGE_CURVE ( 'NONE', #227, #1752, #234, .T. ) ;
#464 = EDGE_LOOP ( 'NONE', ( #636, #822, #290, #1183 ) ) ;
#465 = APPROVAL_ROLE ( '' ) ;
#466 = CARTESIAN_POINT ( 'NONE',  ( -105.0000000000000142, 18.00064184852374893, 2.000000000000004441 ) ) ;
#467 = CARTESIAN_POINT ( 'NONE',  ( -42.13735558408213677, -8.673617379884035472E-16, -15.00000000000000178 ) ) ;
#468 = CARTESIAN_POINT ( 'NONE',  ( -90.00000000000000000, 0.000000000000000000, 0.000000000000000000 ) ) ;
#469 = CARTESIAN_POINT ( 'NONE',  ( -103.6873599999999982, 18.10048000000000101, -21.76948005059927738 ) ) ;
#470 = ORIENTED_EDGE ( 'NONE', *, *, #436, .F. ) ;
#471 = CARTESIAN_POINT ( 'NONE',  ( -5.428932188134520942, 5.428932188134529824, -8.000000000000000000 ) ) ;
#472 = VERTEX_POINT ( 'NONE', #980 ) ;
#473 = CALENDAR_DATE ( 2024, 26, 9 ) ;
#474 = DIRECTION ( 'NONE',  ( 1.000000000000000000, 0.000000000000000000, 0.000000000000000000 ) ) ;
#475 = FACE_BOUND ( 'NONE', #191, .T. ) ;
#476 = CARTESIAN_POINT ( 'NONE',  ( -134.0000000000000000, 8.000000000000000000, -26.99999999999999645 ) ) ;
#477 = ORIENTED_EDGE ( 'NONE', *, *, #429, .T. ) ;
#478 = VECTOR ( 'NONE', #1791, 1000.000000000000000 ) ;
#479 = VECTOR ( 'NONE', #574, 1000.000000000000000 ) ;
#480 = CARTESIAN_POINT ( 'NONE',  ( -81.24999999999997158, 0.000000000000000000, -3.999999999999986233 ) ) ;
#481 = VECTOR ( 'NONE', #948, 1000.000000000000000 ) ;
#482 = APPROVAL_PERSON_ORGANIZATION ( #42, #242, #465 ) ;
#483 = ORIENTED_EDGE ( 'NONE', *, *, #585, .T. ) ;
#484 = LINE ( 'NONE', #767, #1549 ) ;
#485 = VECTOR ( 'NONE', #853, 1000.000000000000000 ) ;
#486 = DIRECTION ( 'NONE',  ( 0.000000000000000000, 0.000000000000000000, 1.000000000000000000 ) ) ;
#487 = EDGE_LOOP ( 'NONE', ( #551, #1110, #1789, #617 ) ) ;
#488 = EDGE_CURVE ( 'NONE', #1702, #1003, #1722, .T. ) ;
#489 = CARTESIAN_POINT ( 'NONE',  ( -21.07670089858790874, -4.336808689942017736E-16, -15.00000000000000178 ) ) ;
#490 = VERTEX_POINT ( 'NONE', #1284 ) ;
#491 = CYLINDRICAL_SURFACE ( 'NONE', #1340, 1.500000000000001332 ) ;
#492 = EDGE_LOOP ( 'NONE', ( #269, #1260, #411, #1829 ) ) ;
#493 = CARTESIAN_POINT ( 'NONE',  ( -131.6067200000000241, 15.97696000000000538, 2.000000000000004441 ) ) ;
#494 = FACE_OUTER_BOUND ( 'NONE', #104, .T. ) ;
#495 = CARTESIAN_POINT ( 'NONE',  ( -90.99458490512633091, 19.06588041639443176, -15.00000000000000000 ) ) ;
#496 = VERTEX_POINT ( 'NONE', #158 ) ;
#497 = CARTESIAN_POINT ( 'NONE',  ( 0.000000000000000000, 12.50000000000000000, -19.00000000000000000 ) ) ;
#498 = VERTEX_POINT ( 'NONE', #552 ) ;
#499 = FACE_BOUND ( 'NONE', #856, .T. ) ;
#500 = CARTESIAN_POINT ( 'NONE',  ( -43.86015999999997916, 22.65088000000000079, -3.999999999999990674 ) ) ;
#501 = FACE_OUTER_BOUND ( 'NONE', #1098, .T. ) ;
#502 = VERTEX_POINT ( 'NONE', #287 ) ;
#503 = LINE ( 'NONE', #1233, #330 ) ;
#504 = VERTEX_POINT ( 'NONE', #299 ) ;
#505 = CIRCLE ( 'NONE', #198, 7.500000000000000000 ) ;
#506 = DIRECTION ( 'NONE',  ( -1.000000000000000000, 0.000000000000000000, 0.000000000000000000 ) ) ;
#507 = EDGE_LOOP ( 'NONE', ( #200, #260 ) ) ;
#508 = EDGE_CURVE ( 'NONE', #1288, #1545, #1408, .T. ) ;
#509 = EDGE_CURVE ( 'NONE', #1818, #4, #123, .T. ) ;
#510 = VECTOR ( 'NONE', #910, 1000.000000000000000 ) ;
#511 = AXIS2_PLACEMENT_3D ( 'NONE', #1690, #1117, #266 ) ;
#512 = CARTESIAN_POINT ( 'NONE',  ( -131.0000000000000000, 8.000000000000000000, -26.99999999999999645 ) ) ;
#513 = LINE ( 'NONE', #369, #1403 ) ;
#514 = CARTESIAN_POINT ( 'NONE',  ( -12.49999999999999645, 12.50000000000000000, 0.000000000000000000 ) ) ;
#515 = ORIENTED_EDGE ( 'NONE', *, *, #189, .T. ) ;
#516 = FACE_OUTER_BOUND ( 'NONE', #117, .T. ) ;
#517 = VERTEX_POINT ( 'NONE', #1293 ) ;
#518 = FACE_BOUND ( 'NONE', #640, .T. ) ;
#519 = VERTEX_POINT ( 'NONE', #1415 ) ;
#520 = ADVANCED_FACE ( 'NONE', ( #1708 ), #872, .F. ) ;
#521 = CARTESIAN_POINT ( 'NONE',  ( -1.965166079999998372, 25.83737344000000036, -21.00000000000001776 ) ) ;
#522 = CARTESIAN_POINT ( 'NONE',  ( -13.44799999999999507, 24.96400000000000219, -26.99999999999999645 ) ) ;
#523 = ORIENTED_EDGE ( 'NONE', *, *, #1714, .T. ) ;
#524 = PLANE ( 'NONE',  #567 ) ;
#525 = EDGE_LOOP ( 'NONE', ( #1091, #1305, #1659, #907 ) ) ;
#526 = DIRECTION ( 'NONE',  ( -0.000000000000000000, -0.000000000000000000, 1.000000000000000000 ) ) ;
#527 = ORIENTED_EDGE ( 'NONE', *, *, #1166, .F. ) ;
#528 = EDGE_CURVE ( 'NONE', #830, #1379, #443, .T. ) ;
#529 = CARTESIAN_POINT ( 'NONE',  ( -131.0000000000000000, 8.000000000000000000, -20.99999999999998934 ) ) ;
#530 = ORIENTED_EDGE ( 'NONE', *, *, #1381, .F. ) ;
#531 = DIRECTION ( 'NONE',  ( 0.07584000000000000463, -0.9971200000000000063, 0.000000000000000000 ) ) ;
#532 = EDGE_CURVE ( 'NONE', #1545, #1049, #575, .T. ) ;
#533 = ADVANCED_FACE ( 'NONE', ( #1258 ), #1265, .F. ) ;
#534 = ORIENTED_EDGE ( 'NONE', *, *, #1227, .F. ) ;
#535 = LINE ( 'NONE', #1782, #623 ) ;
#536 = VERTEX_POINT ( 'NONE', #1431 ) ;
#537 = AXIS2_PLACEMENT_3D ( 'NONE', #471, #1036, #1490 ) ;
#538 = CIRCLE ( 'NONE', #1609, 1.500000000000001332 ) ;
#539 = CIRCLE ( 'NONE', #1074, 12.49999999999999645 ) ;
#540 = DIRECTION ( 'NONE',  ( -0.07584000000000000463, 0.9971200000000000063, 0.000000000000000000 ) ) ;
#541 = PLANE ( 'NONE',  #1099 ) ;
#542 = ORIENTED_EDGE ( 'NONE', *, *, #358, .F. ) ;
#543 = CARTESIAN_POINT ( 'NONE',  ( -105.0000000000000142, 0.000000000000000000, -26.99999999999998934 ) ) ;
#544 = AXIS2_PLACEMENT_3D ( 'NONE', #1584, #1273, #1000 ) ;
#545 = EDGE_CURVE ( 'NONE', #1320, #502, #427, .T. ) ;
#546 = VERTEX_POINT ( 'NONE', #281 ) ;
#547 = CARTESIAN_POINT ( 'NONE',  ( -82.74783999999998230, 19.69312000000000040, -15.00000000000000178 ) ) ;
#548 = ORIENTED_EDGE ( 'NONE', *, *, #532, .T. ) ;
#549 =( NAMED_UNIT ( * ) PLANE_ANGLE_UNIT ( ) SI_UNIT ( $, .RADIAN. ) );
#550 = LINE ( 'NONE', #1688, #859 ) ;
#551 = ORIENTED_EDGE ( 'NONE', *, *, #167, .T. ) ;
#552 = CARTESIAN_POINT ( 'NONE',  ( -5.999999999999996447, 12.50000000000000000, -18.00000000000000000 ) ) ;
#553 = ORIENTED_EDGE ( 'NONE', *, *, #676, .F. ) ;
#554 = FACE_BOUND ( 'NONE', #1239, .T. ) ;
#555 = ORIENTED_EDGE ( 'NONE', *, *, #823, .T. ) ;
#556 = ADVANCED_FACE ( 'NONE', ( #1565 ), #7, .F. ) ;
#557 = CARTESIAN_POINT ( 'NONE',  ( -83.77403391999999371, -6.371773440000012556, -15.00000000000000178 ) ) ;
#558 = CARTESIAN_POINT ( 'NONE',  ( -12.49999999999999645, 1.734723475976807094E-15, -26.99999999999999645 ) ) ;
#559 = DIRECTION ( 'NONE',  ( -1.000000000000000000, 0.000000000000000000, 0.000000000000000000 ) ) ;
#560 = VERTEX_POINT ( 'NONE', #1733 ) ;
#561 = CARTESIAN_POINT ( 'NONE',  ( -12.49999999999999645, 12.50000000000000000, -26.99999999999999645 ) ) ;
#562 = ORIENTED_EDGE ( 'NONE', *, *, #1087, .F. ) ;
#563 = EDGE_CURVE ( 'NONE', #221, #1199, #115, .T. ) ;
#564 = CARTESIAN_POINT ( 'NONE',  ( -105.7106739199999907, -8.040253440000013185, -3.999999999999997335 ) ) ;
#565 = DIRECTION ( 'NONE',  ( 1.000000000000000000, 0.000000000000000000, 0.000000000000000000 ) ) ;
#566 = CARTESIAN_POINT ( 'NONE',  ( -64.79967999999998085, 21.05824000000000140, -26.99999999999999645 ) ) ;
#567 = AXIS2_PLACEMENT_3D ( 'NONE', #1660, #1514, #239 ) ;
#568 = CIRCLE ( 'NONE', #387, 8.000000000000007105 ) ;
#569 = SECURITY_CLASSIFICATION ( '', '', #1712 ) ;
#570 = CARTESIAN_POINT ( 'NONE',  ( -19.57106781186546840, 5.428932188134528047, -8.000000000000000000 ) ) ;
#571 = CARTESIAN_POINT ( 'NONE',  ( -38.90363391999997589, -2.958973440000012278, -3.999999999999991562 ) ) ;
#572 = AXIS2_PLACEMENT_3D ( 'NONE', #680, #811, #96 ) ;
#573 = ORIENTED_EDGE ( 'NONE', *, *, #1724, .T. ) ;
#574 = DIRECTION ( 'NONE',  ( -0.07584000000000000463, 0.9971200000000000063, -0.000000000000000000 ) ) ;
#575 = LINE ( 'NONE', #1715, #772 ) ;
#576 = DIRECTION ( 'NONE',  ( 1.000000000000000000, 0.000000000000000000, 1.275531967630005245E-16 ) ) ;
#577 = CARTESIAN_POINT ( 'NONE',  ( -128.0000000000000000, 8.000000000000000000, -20.99999999999998934 ) ) ;
#578 = EDGE_LOOP ( 'NONE', ( #1151, #625, #1453, #337 ) ) ;
#579 = VERTEX_POINT ( 'NONE', #1335 ) ;
#580 = DATE_AND_TIME ( #441, #1459 ) ;
#581 = CARTESIAN_POINT ( 'NONE',  ( -131.6067200000000241, 15.97696000000000538, -26.99999999999999645 ) ) ;
#582 = EDGE_CURVE ( 'NONE', #1477, #1257, #754, .T. ) ;
#583 = CARTESIAN_POINT ( 'NONE',  ( -12.49999999999999645, 12.50000000000000000, -1.000000000000000000 ) ) ;
#584 = EDGE_CURVE ( 'NONE', #1275, #1818, #1159, .T. ) ;
#585 = EDGE_CURVE ( 'NONE', #519, #363, #1611, .T. ) ;
#586 = CARTESIAN_POINT ( 'NONE',  ( -19.99999999999999645, 12.50000000000000000, -19.00000000000000000 ) ) ;
#587 = DIRECTION ( 'NONE',  ( -0.000000000000000000, -0.000000000000000000, 1.000000000000000000 ) ) ;
#588 = ORIENTED_EDGE ( 'NONE', *, *, #509, .F. ) ;
#589 = ORIENTED_EDGE ( 'NONE', *, *, #447, .F. ) ;
#590 = PERSON_AND_ORGANIZATION_ROLE ( 'design_owner' ) ;
#591 = DIRECTION ( 'NONE',  ( -0.07584000000000000463, 0.9971200000000000063, -0.000000000000000000 ) ) ;
#592 = FACE_BOUND ( 'NONE', #1683, .T. ) ;
#593 = CIRCLE ( 'NONE', #1306, 7.500000000000000000 ) ;
#594 = AXIS2_PLACEMENT_3D ( 'NONE', #1610, #1355, #193 ) ;
#595 = DIRECTION ( 'NONE',  ( 1.000000000000000000, 0.000000000000000000, 0.000000000000000000 ) ) ;
#596 = AXIS2_PLACEMENT_3D ( 'NONE', #378, #1346, #1776 ) ;
#597 = EDGE_CURVE ( 'NONE', #490, #3, #202, .T. ) ;
#598 = DIRECTION ( 'NONE',  ( -1.000000000000000000, 0.000000000000000000, -0.000000000000000000 ) ) ;
#599 = ORIENTED_EDGE ( 'NONE', *, *, #452, .T. ) ;
#600 = VECTOR ( 'NONE', #1441, 1000.000000000000000 ) ;
#601 = CARTESIAN_POINT ( 'NONE',  ( -83.77403391999997950, -6.371773440000012556, -4.000000000000013323 ) ) ;
#602 = VERTEX_POINT ( 'NONE', #1475 ) ;
#603 = CARTESIAN_POINT ( 'NONE',  ( 0.000000000000000000, 0.000000000000000000, 0.000000000000000000 ) ) ;
#604 = LINE ( 'NONE', #157, #985 ) ;
#605 = CARTESIAN_POINT ( 'NONE',  ( -39.12869062901152972, -2.168404344971008868E-16, -15.00000000000000178 ) ) ;
#606 = DIRECTION ( 'NONE',  ( -0.07584000000000000463, 0.9971200000000000063, -0.000000000000000000 ) ) ;
#607 = FACE_OUTER_BOUND ( 'NONE', #492, .T. ) ;
#608 = EDGE_LOOP ( 'NONE', ( #818, #477, #1330, #346 ) ) ;
#609 = CC_DESIGN_DATE_AND_TIME_ASSIGNMENT ( #433, #1740, ( #569 ) ) ;
#610 = DIRECTION ( 'NONE',  ( 0.9971200000000000063, 0.07583999999999997688, 0.000000000000000000 ) ) ;
#611 = ORIENTED_EDGE ( 'NONE', *, *, #1249, .T. ) ;
#612 = LINE ( 'NONE', #1467, #267 ) ;
#613 = CARTESIAN_POINT ( 'NONE',  ( -18.07106781186546840, 19.57106781186547551, -8.000000000000000000 ) ) ;
#614 = DIRECTION ( 'NONE',  ( 1.000000000000000000, 0.000000000000000000, 0.000000000000000000 ) ) ;
#615 = ORIENTED_EDGE ( 'NONE', *, *, #1724, .F. ) ;
#616 = DIRECTION ( 'NONE',  ( -0.000000000000000000, -0.000000000000000000, 1.000000000000000000 ) ) ;
#617 = ORIENTED_EDGE ( 'NONE', *, *, #914, .F. ) ;
#618 = ADVANCED_FACE ( 'NONE', ( #1181 ), #1023, .F. ) ;
#619 = PERSON_AND_ORGANIZATION ( #309, #1161 ) ;
#620 = CYLINDRICAL_SURFACE ( 'NONE', #1400, 8.000000000000007105 ) ;
#621 = DIRECTION ( 'NONE',  ( -1.000000000000000000, 0.000000000000000000, 0.000000000000000000 ) ) ;
#622 = FACE_OUTER_BOUND ( 'NONE', #975, .T. ) ;
#623 = VECTOR ( 'NONE', #1214, 1000.000000000000000 ) ;
#624 = VECTOR ( 'NONE', #1299, 1000.000000000000000 ) ;
#625 = ORIENTED_EDGE ( 'NONE', *, *, #881, .F. ) ;
#626 = CARTESIAN_POINT ( 'NONE',  ( -105.0000000000000142, 25.00000000000000000, -26.99999999999998934 ) ) ;
#627 = VECTOR ( 'NONE', #915, 1000.000000000000000 ) ;
#628 = PRODUCT_DEFINITION_FORMATION_WITH_SPECIFIED_SOURCE ( 'ANY', '', #84, .NOT_KNOWN. ) ;
#629 = ORIENTED_EDGE ( 'NONE', *, *, #8, .F. ) ;
#630 = CARTESIAN_POINT ( 'NONE',  ( -89.56466778161120601, 19.17463855447951104, -0.05804429578517235344 ) ) ;
#631 = AXIS2_PLACEMENT_3D ( 'NONE', #1416, #1567, #840 ) ;
#632 = CARTESIAN_POINT ( 'NONE',  ( -1.965166079999999704, 25.83737344000000036, -26.99999999999999645 ) ) ;
#633 = FACE_OUTER_BOUND ( 'NONE', #1536, .T. ) ;
#634 = ORIENTED_EDGE ( 'NONE', *, *, #854, .T. ) ;
#635 = CARTESIAN_POINT ( 'NONE',  ( -5.428932188134520942, 5.428932188134529824, -8.000000000000000000 ) ) ;
#636 = ORIENTED_EDGE ( 'NONE', *, *, #815, .T. ) ;
#637 = DIRECTION ( 'NONE',  ( -0.000000000000000000, -0.000000000000000000, 1.000000000000000000 ) ) ;
#638 = FACE_OUTER_BOUND ( 'NONE', #1451, .T. ) ;
#639 = FACE_OUTER_BOUND ( 'NONE', #1314, .T. ) ;
#640 = EDGE_LOOP ( 'NONE', ( #1798, #884 ) ) ;
#641 = DIRECTION ( 'NONE',  ( -0.9971200000000000063, -0.07584000000000000463, 0.000000000000000000 ) ) ;
#642 = ADVANCED_FACE ( 'NONE', ( #1051 ), #16, .F. ) ;
#643 = ORIENTED_EDGE ( 'NONE', *, *, #1383, .F. ) ;
#644 = FACE_BOUND ( 'NONE', #1632, .T. ) ;
#645 = EDGE_LOOP ( 'NONE', ( #1304, #783, #812, #1410 ) ) ;
#646 = DIRECTION ( 'NONE',  ( -0.000000000000000000, 0.000000000000000000, -1.000000000000000000 ) ) ;
#647 = FACE_OUTER_BOUND ( 'NONE', #898, .T. ) ;
#648 = PLANE ( 'NONE',  #1635 ) ;
#649 = VERTEX_POINT ( 'NONE', #762 ) ;
#650 = LINE ( 'NONE', #89, #1817 ) ;
#651 = ORIENTED_EDGE ( 'NONE', *, *, #1716, .T. ) ;
#652 = EDGE_CURVE ( 'NONE', #1477, #401, #194, .T. ) ;
#653 = CIRCLE ( 'NONE', #656, 6.500000000000000888 ) ;
#654 = CARTESIAN_POINT ( 'NONE',  ( -6.274409564719378518E-16, 0.000000000000000000, -4.000000000000014211 ) ) ;
#655 = VERTEX_POINT ( 'NONE', #1201 ) ;
#656 = AXIS2_PLACEMENT_3D ( 'NONE', #1442, #1638, #1303 ) ;
#657 = VECTOR ( 'NONE', #1759, 1000.000000000000114 ) ;
#658 = DIRECTION ( 'NONE',  ( 1.000000000000000000, 0.000000000000000000, 2.040851148208008491E-16 ) ) ;
#659 = DIRECTION ( 'NONE',  ( 0.9971200000000000063, 0.07583999999999999075, -0.000000000000000000 ) ) ;
#660 = VECTOR ( 'NONE', #131, 1000.000000000000000 ) ;
#661 = ORIENTED_EDGE ( 'NONE', *, *, #358, .T. ) ;
#662 = PLANE ( 'NONE',  #241 ) ;
#663 = VERTEX_POINT ( 'NONE', #605 ) ;
#664 = DIRECTION ( 'NONE',  ( 1.000000000000000000, 0.000000000000000000, -1.084202172485503448E-16 ) ) ;
#665 = PRODUCT_RELATED_PRODUCT_CATEGORY ( 'detail', '', ( #84 ) ) ;
#666 = EDGE_CURVE ( 'NONE', #148, #830, #308, .T. ) ;
#667 = ORIENTED_EDGE ( 'NONE', *, *, #545, .T. ) ;
#668 = EDGE_CURVE ( 'NONE', #401, #810, #880, .T. ) ;
#669 = ADVANCED_FACE ( 'NONE', ( #28 ), #1628, .F. ) ;
#670 = DIRECTION ( 'NONE',  ( -0.000000000000000000, -0.000000000000000000, 1.000000000000000000 ) ) ;
#671 = ORIENTED_EDGE ( 'NONE', *, *, #563, .T. ) ;
#672 = LINE ( 'NONE', #1240, #25 ) ;
#673 = ORIENTED_EDGE ( 'NONE', *, *, #416, .T. ) ;
#674 = CARTESIAN_POINT ( 'NONE',  ( -42.13735558408213677, 0.000000000000000000, -3.999999999999991562 ) ) ;
#675 = ORIENTED_EDGE ( 'NONE', *, *, #488, .F. ) ;
#676 = EDGE_CURVE ( 'NONE', #1752, #227, #1486, .T. ) ;
#677 = CARTESIAN_POINT ( 'NONE',  ( -20.95547391999997444, -1.593853440000011279, -15.00000000000000178 ) ) ;
#678 = FACE_OUTER_BOUND ( 'NONE', #487, .T. ) ;
#679 = ORIENTED_EDGE ( 'NONE', *, *, #1672, .T. ) ;
#680 = CARTESIAN_POINT ( 'NONE',  ( -101.7221939199999809, -7.736893440000013555, -21.76948005059927382 ) ) ;
#681 = ORIENTED_EDGE ( 'NONE', *, *, #1598, .F. ) ;
#682 = DIRECTION ( 'NONE',  ( -0.07584000000000000463, 0.9971200000000000063, -0.000000000000000000 ) ) ;
#683 = VERTEX_POINT ( 'NONE', #186 ) ;
#684 = CIRCLE ( 'NONE', #1369, 3.000000000000002665 ) ;
#685 = AXIS2_PLACEMENT_3D ( 'NONE', #36, #1853, #1170 ) ;
#686 = AXIS2_PLACEMENT_3D ( 'NONE', #1750, #1742, #1318 ) ;
#687 = AXIS2_PLACEMENT_3D ( 'NONE', #564, #1139, #390 ) ;
#688 = DIRECTION ( 'NONE',  ( 1.000000000000000000, 0.000000000000000000, 0.000000000000000000 ) ) ;
#689 = CARTESIAN_POINT ( 'NONE',  ( 0.000000000000000000, 12.50000000000000000, -26.99999999999999645 ) ) ;
#690 = ORIENTED_EDGE ( 'NONE', *, *, #261, .F. ) ;
#691 = DIRECTION ( 'NONE',  ( 0.000000000000000000, 0.000000000000000000, 1.000000000000000000 ) ) ;
#692 = ORIENTED_EDGE ( 'NONE', *, *, #113, .T. ) ;
#693 = CARTESIAN_POINT ( 'NONE',  ( -6.928932188134522718, 5.428932188134529824, -8.000000000000000000 ) ) ;
#694 = ORIENTED_EDGE ( 'NONE', *, *, #699, .F. ) ;
#695 = CARTESIAN_POINT ( 'NONE',  ( -1.965166079999996152, 25.83737344000000036, -4.000000000000014211 ) ) ;
#696 = DIRECTION ( 'NONE',  ( -0.000000000000000000, 0.000000000000000000, 1.000000000000000000 ) ) ;
#697 = CARTESIAN_POINT ( 'NONE',  ( -80.78267391999997926, -6.144253440000014166, -3.999999999999986233 ) ) ;
#698 = EDGE_LOOP ( 'NONE', ( #1792, #1387, #1530, #265 ) ) ;
#699 = EDGE_CURVE ( 'NONE', #1377, #71, #889, .T. ) ;
#700 = DIRECTION ( 'NONE',  ( 1.000000000000000000, 0.000000000000000000, 0.000000000000000000 ) ) ;
#701 = VERTEX_POINT ( 'NONE', #467 ) ;
#702 = DIRECTION ( 'NONE',  ( 0.000000000000000000, 0.000000000000000000, -1.000000000000000000 ) ) ;
#703 = DIRECTION ( 'NONE',  ( -0.000000000000000000, -0.000000000000000000, 1.000000000000000000 ) ) ;
#704 = DIRECTION ( 'NONE',  ( -1.568602391179839206E-16, -1.193064078015474586E-17, -1.000000000000000000 ) ) ;
#705 = FACE_OUTER_BOUND ( 'NONE', #1436, .T. ) ;
#706 = CARTESIAN_POINT ( 'NONE',  ( -131.0000000000000000, 8.000000000000000000, -26.99999999999999645 ) ) ;
#707 = EDGE_LOOP ( 'NONE', ( #312, #26 ) ) ;
#708 = VECTOR ( 'NONE', #956, 1000.000000000000000 ) ;
#709 = CARTESIAN_POINT ( 'NONE',  ( -84.25866495507058573, 0.000000000000000000, 1.063021702923821054E-13 ) ) ;
#710 = DIRECTION ( 'NONE',  ( -0.000000000000000000, 0.000000000000000000, 1.000000000000000000 ) ) ;
#711 = LINE ( 'NONE', #1583, #174 ) ;
#712 = VECTOR ( 'NONE', #1591, 1000.000000000000114 ) ;
#713 = AXIS2_PLACEMENT_3D ( 'NONE', #835, #122, #808 ) ;
#714 = AXIS2_PLACEMENT_3D ( 'NONE', #206, #1786, #1086 ) ;
#715 = CC_DESIGN_APPROVAL ( #17, ( #569 ) ) ;
#716 = CYLINDRICAL_SURFACE ( 'NONE', #631, 1.500000000000001332 ) ;
#717 = CARTESIAN_POINT ( 'NONE',  ( 0.000000000000000000, 0.000000000000000000, 0.000000000000000000 ) ) ;
#718 = CIRCLE ( 'NONE', #1135, 7.500000000000000000 ) ;
#719 = ORIENTED_EDGE ( 'NONE', *, *, #1851, .T. ) ;
#720 = EDGE_CURVE ( 'NONE', #1783, #1236, #1326, .T. ) ;
#721 = ORIENTED_EDGE ( 'NONE', *, *, #1761, .T. ) ;
#722 = ADVANCED_FACE ( 'NONE', ( #475, #592, #1039, #44, #494 ), #1059, .F. ) ;
#723 = EDGE_CURVE ( 'NONE', #1065, #739, #513, .T. ) ;
#724 = APPLICATION_PROTOCOL_DEFINITION ( 'international standard', 'config_control_design', 1994, #10 ) ;
#725 = CARTESIAN_POINT ( 'NONE',  ( -12.49999999999999645, 12.50000000000000000, -1.000000000000000888 ) ) ;
#726 = CARTESIAN_POINT ( 'NONE',  ( -39.12869062901152972, 0.000000000000000000, 0.000000000000000000 ) ) ;
#727 = CARTESIAN_POINT ( 'NONE',  ( -1.965166079999999704, 25.83737344000000036, -3.999999999999986233 ) ) ;
#728 = CYLINDRICAL_SURFACE ( 'NONE', #262, 7.500000000000000000 ) ;
#729 = ORIENTED_EDGE ( 'NONE', *, *, #251, .T. ) ;
#730 = VERTEX_POINT ( 'NONE', #1230 ) ;
#731 = APPROVAL_ROLE ( '' ) ;
#732 = CARTESIAN_POINT ( 'NONE',  ( -1.965166079999999704, 25.83737344000000036, -15.00000000000000178 ) ) ;
#733 = CARTESIAN_POINT ( 'NONE',  ( -81.24999999999997158, 0.000000000000000000, 0.000000000000000000 ) ) ;
#734 = CC_DESIGN_DATE_AND_TIME_ASSIGNMENT ( #35, #1429, ( #1803 ) ) ;
#735 = ADVANCED_FACE ( 'NONE', ( #1511, #647 ), #796, .F. ) ;
#736 = LINE ( 'NONE', #282, #485 ) ;
#737 = LINE ( 'NONE', #301, #1221 ) ;
#738 = ORIENTED_EDGE ( 'NONE', *, *, #463, .T. ) ;
#739 = VERTEX_POINT ( 'NONE', #500 ) ;
#740 = APPROVAL_STATUS ( 'not_yet_approved' ) ;
#741 = LINE ( 'NONE', #1158, #806 ) ;
#742 = CARTESIAN_POINT ( 'NONE',  ( -12.49999999999999645, 12.50000000000000000, -26.99999999999999645 ) ) ;
#743 = VECTOR ( 'NONE', #1504, 1000.000000000000000 ) ;
#744 = AXIS2_PLACEMENT_3D ( 'NONE', #1556, #970, #565 ) ;
#745 = CARTESIAN_POINT ( 'NONE',  ( -88.29880544903772943, -6.715923264256091763, -3.999999999999986233 ) ) ;
#746 = CIRCLE ( 'NONE', #1458, 8.000000000000007105 ) ;
#747 = EDGE_CURVE ( 'NONE', #804, #322, #931, .T. ) ;
#748 = DIRECTION ( 'NONE',  ( 0.000000000000000000, 0.000000000000000000, 1.000000000000000000 ) ) ;
#749 = ORIENTED_EDGE ( 'NONE', *, *, #371, .T. ) ;
#750 = PLANE ( 'NONE',  #1846 ) ;
#751 = AXIS2_PLACEMENT_3D ( 'NONE', #745, #319, #1351 ) ;
#752 = ORIENTED_EDGE ( 'NONE', *, *, #1417, .T. ) ;
#753 = DIRECTION ( 'NONE',  ( 1.000000000000000000, 0.000000000000000000, 0.000000000000000000 ) ) ;
#754 = LINE ( 'NONE', #1620, #1277 ) ;
#755 = DIRECTION ( 'NONE',  ( -1.000000000000000000, 0.000000000000000000, 0.000000000000000000 ) ) ;
#756 = ORIENTED_EDGE ( 'NONE', *, *, #8, .T. ) ;
#757 = EDGE_CURVE ( 'NONE', #1379, #1085, #1067, .T. ) ;
#758 = LINE ( 'NONE', #1753, #288 ) ;
#759 = ORIENTED_EDGE ( 'NONE', *, *, #50, .F. ) ;
#760 = COORDINATED_UNIVERSAL_TIME_OFFSET ( 9, 0, .AHEAD. ) ;
#761 = CARTESIAN_POINT ( 'NONE',  ( -62.83451391999998492, -4.779133440000013167, -3.999999999999986233 ) ) ;
#762 = CARTESIAN_POINT ( 'NONE',  ( -39.12869062901152972, -2.168404344971008868E-16, -3.999999999999991562 ) ) ;
#763 = PLANE ( 'NONE',  #1229 ) ;
#764 = ORIENTED_EDGE ( 'NONE', *, *, #1142, .T. ) ;
#765 = CARTESIAN_POINT ( 'NONE',  ( -18.07106781186546840, 5.428932188134528047, -8.000000000000000000 ) ) ;
#766 = EDGE_LOOP ( 'NONE', ( #1241, #826, #1532, #470 ) ) ;
#767 = CARTESIAN_POINT ( 'NONE',  ( -2.054881322484865436, 0.000000000000000000, -15.50076575986172323 ) ) ;
#768 = CARTESIAN_POINT ( 'NONE',  ( -131.0000000000000000, 8.000000000000000000, 2.000000000000004441 ) ) ;
#769 = CARTESIAN_POINT ( 'NONE',  ( -1.965166079999863813, 25.83737344000001102, -4.000000000000509814 ) ) ;
#770 = VECTOR ( 'NONE', #438, 1000.000000000000000 ) ;
#771 = ORIENTED_EDGE ( 'NONE', *, *, #1522, .F. ) ;
#772 = VECTOR ( 'NONE', #862, 1000.000000000000000 ) ;
#773 = CIRCLE ( 'NONE', #291, 7.500000000000000000 ) ;
#774 = CARTESIAN_POINT ( 'NONE',  ( -131.0000000000000000, 8.000000000000000000, -3.999999999999993339 ) ) ;
#775 = EDGE_LOOP ( 'NONE', ( #814, #1730, #1350, #213 ) ) ;
#776 = ADVANCED_FACE ( 'NONE', ( #638 ), #1636, .F. ) ;
#777 = CARTESIAN_POINT ( 'NONE',  ( -12.49999999999999645, 12.50000000000000000, -1.000000000000000000 ) ) ;
#778 = DIRECTION ( 'NONE',  ( 0.9971200000000000063, 0.07583999999999999075, 0.000000000000000000 ) ) ;
#779 = ADVANCED_FACE ( 'NONE', ( #359 ), #1649, .F. ) ;
#780 = DIRECTION ( 'NONE',  ( 1.000000000000000000, 0.000000000000000000, -0.000000000000000000 ) ) ;
#781 = VERTEX_POINT ( 'NONE', #939 ) ;
#782 = DIRECTION ( 'NONE',  ( -0.9971200000000000063, -0.07583999999999997688, 0.000000000000000000 ) ) ;
#783 = ORIENTED_EDGE ( 'NONE', *, *, #370, .F. ) ;
#784 = DIRECTION ( 'NONE',  ( -1.000000000000000000, 0.000000000000000000, 0.000000000000000000 ) ) ;
#785 = ORIENTED_EDGE ( 'NONE', *, *, #1771, .F. ) ;
#786 = FACE_OUTER_BOUND ( 'NONE', #385, .T. ) ;
#787 = DIRECTION ( 'NONE',  ( -0.000000000000000000, -0.000000000000000000, -1.000000000000000000 ) ) ;
#788 = CARTESIAN_POINT ( 'NONE',  ( -5.428932188134520942, 5.428932188134529824, -8.000000000000000000 ) ) ;
#789 = ORIENTED_EDGE ( 'NONE', *, *, #1613, .F. ) ;
#790 = ADVANCED_FACE ( 'NONE', ( #1503, #63 ), #81, .F. ) ;
#791 = DIRECTION ( 'NONE',  ( 0.07583999999999999075, -0.9971200000000000063, 0.000000000000000000 ) ) ;
#792 = ORIENTED_EDGE ( 'NONE', *, *, #582, .F. ) ;
#793 = FACE_OUTER_BOUND ( 'NONE', #766, .T. ) ;
#794 = ORIENTED_EDGE ( 'NONE', *, *, #1577, .T. ) ;
#795 = FACE_OUTER_BOUND ( 'NONE', #1425, .T. ) ;
#796 = PLANE ( 'NONE',  #596 ) ;
#797 = PLANE ( 'NONE',  #923 ) ;
#798 = ORIENTED_EDGE ( 'NONE', *, *, #881, .T. ) ;
#799 = CARTESIAN_POINT ( 'NONE',  ( -134.0000000000000000, 8.000000000000000000, -20.99999999999998934 ) ) ;
#800 = EDGE_CURVE ( 'NONE', #1145, #1028, #1796, .T. ) ;
#801 = ORIENTED_EDGE ( 'NONE', *, *, #854, .F. ) ;
#802 = AXIS2_PLACEMENT_3D ( 'NONE', #1225, #222, #70 ) ;
#803 = CARTESIAN_POINT ( 'NONE',  ( 0.000000000000000000, 25.00000000000000000, 0.000000000000000000 ) ) ;
#804 = VERTEX_POINT ( 'NONE', #1205 ) ;
#805 = VECTOR ( 'NONE', #435, 1000.000000000000000 ) ;
#806 = VECTOR ( 'NONE', #1564, 1000.000000000000000 ) ;
#807 = AXIS2_PLACEMENT_3D ( 'NONE', #1027, #616, #1617 ) ;
#808 = DIRECTION ( 'NONE',  ( 1.000000000000000000, 0.000000000000000000, -0.000000000000000000 ) ) ;
#809 = VECTOR ( 'NONE', #912, 1000.000000000000114 ) ;
#810 = VERTEX_POINT ( 'NONE', #1765 ) ;
#811 = DIRECTION ( 'NONE',  ( 0.4681798136127819920, 0.03560931188261531183, -0.8829154200900262150 ) ) ;
#812 = ORIENTED_EDGE ( 'NONE', *, *, #699, .T. ) ;
#813 = CARTESIAN_POINT ( 'NONE',  ( -90.00000000000000000, 25.00000000000000000, 0.000000000000000000 ) ) ;
#814 = ORIENTED_EDGE ( 'NONE', *, *, #868, .F. ) ;
#815 = EDGE_CURVE ( 'NONE', #655, #335, #1675, .T. ) ;
#816 = CARTESIAN_POINT ( 'NONE',  ( -105.0000000000000426, 18.00064184852374893, -26.99999999999999645 ) ) ;
#817 = CARTESIAN_POINT ( 'NONE',  ( -22.92063999999997392, 24.24351999999999308, -15.00000000000000178 ) ) ;
#818 = ORIENTED_EDGE ( 'NONE', *, *, #1748, .F. ) ;
#819 = DIRECTION ( 'NONE',  ( -1.000000000000000000, 0.000000000000000000, 0.000000000000000000 ) ) ;
#820 = ORIENTED_EDGE ( 'NONE', *, *, #1312, .F. ) ;
#821 = CARTESIAN_POINT ( 'NONE',  ( -107.6758399999999796, 17.79711999999999961, -20.99999999999999645 ) ) ;
#822 = ORIENTED_EDGE ( 'NONE', *, *, #1748, .T. ) ;
#823 = EDGE_CURVE ( 'NONE', #1223, #460, #1103, .T. ) ;
#824 = DIRECTION ( 'NONE',  ( 0.000000000000000000, 0.000000000000000000, 1.000000000000000000 ) ) ;
#825 = DIRECTION ( 'NONE',  ( 0.000000000000000000, 0.000000000000000000, 1.000000000000000000 ) ) ;
#826 = ORIENTED_EDGE ( 'NONE', *, *, #838, .F. ) ;
#827 = FACE_OUTER_BOUND ( 'NONE', #408, .T. ) ;
#828 = EDGE_LOOP ( 'NONE', ( #933, #925, #1266, #314 ) ) ;
#829 = DIRECTION ( 'NONE',  ( -0.000000000000000000, -0.000000000000000000, 1.000000000000000000 ) ) ;
#830 = VERTEX_POINT ( 'NONE', #480 ) ;
#831 = VECTOR ( 'NONE', #932, 1000.000000000000000 ) ;
#832 = VECTOR ( 'NONE', #72, 1000.000000000000000 ) ;
#833 = VECTOR ( 'NONE', #1217, 1000.000000000000000 ) ;
#834 = DIRECTION ( 'NONE',  ( 0.000000000000000000, -0.000000000000000000, 1.000000000000000000 ) ) ;
#835 = CARTESIAN_POINT ( 'NONE',  ( -5.428932188134522718, 19.57106781186547906, -8.000000000000000000 ) ) ;
#836 = ORIENTED_EDGE ( 'NONE', *, *, #1695, .F. ) ;
#837 = CARTESIAN_POINT ( 'NONE',  ( -5.428932188134522718, 19.57106781186547906, -8.000000000000000000 ) ) ;
#838 = EDGE_CURVE ( 'NONE', #1247, #1268, #325, .T. ) ;
#839 = ADVANCED_FACE ( 'NONE', ( #1452 ), #491, .F. ) ;
#840 = DIRECTION ( 'NONE',  ( 1.000000000000000000, 0.000000000000000000, 0.000000000000000000 ) ) ;
#841 = DIRECTION ( 'NONE',  ( 1.000000000000000000, -0.000000000000000000, 0.000000000000000000 ) ) ;
#842 = VERTEX_POINT ( 'NONE', #497 ) ;
#843 = CARTESIAN_POINT ( 'NONE',  ( -19.57106781186546840, 5.428932188134528047, -8.000000000000000000 ) ) ;
#844 = CARTESIAN_POINT ( 'NONE',  ( -18.07106781186546840, 19.57106781186547551, -8.000000000000000000 ) ) ;
#845 = CARTESIAN_POINT ( 'NONE',  ( -60.18934531450575776, 0.000000000000000000, 0.000000000000000000 ) ) ;
#846 = EDGE_CURVE ( 'NONE', #1268, #1473, #1168, .T. ) ;
#847 = ORIENTED_EDGE ( 'NONE', *, *, #343, .T. ) ;
#848 = LINE ( 'NONE', #1287, #1547 ) ;
#849 = ORIENTED_EDGE ( 'NONE', *, *, #429, .F. ) ;
#850 = CYLINDRICAL_SURFACE ( 'NONE', #204, 12.49999999999999645 ) ;
#851 = CARTESIAN_POINT ( 'NONE',  ( -131.0000000000000000, 8.000000000000000000, -26.99999999999999645 ) ) ;
#852 = DIRECTION ( 'NONE',  ( 1.000000000000000000, 0.000000000000000000, 0.000000000000000000 ) ) ;
#853 = DIRECTION ( 'NONE',  ( -0.000000000000000000, -0.000000000000000000, 1.000000000000000000 ) ) ;
#854 = EDGE_CURVE ( 'NONE', #730, #1234, #1774, .T. ) ;
#855 = CARTESIAN_POINT ( 'NONE',  ( -18.07106781186546840, 5.428932188134528047, -8.000000000000000000 ) ) ;
#856 = EDGE_LOOP ( 'NONE', ( #162, #184 ) ) ;
#857 = ADVANCED_FACE ( 'NONE', ( #48 ), #1605, .F. ) ;
#858 = CIRCLE ( 'NONE', #1398, 12.49999999999999645 ) ;
#859 = VECTOR ( 'NONE', #1031, 1000.000000000000114 ) ;
#860 = DATE_AND_TIME ( #315, #1404 ) ;
#861 = DIRECTION ( 'NONE',  ( -1.000000000000000000, 0.000000000000000000, 0.000000000000000000 ) ) ;
#862 = DIRECTION ( 'NONE',  ( 1.000000000000000000, -0.000000000000000000, 0.000000000000000000 ) ) ;
#863 = AXIS2_PLACEMENT_3D ( 'NONE', #137, #704, #1006 ) ;
#864 = APPROVAL_PERSON_ORGANIZATION ( #1324, #17, #1030 ) ;
#865 = CARTESIAN_POINT ( 'NONE',  ( -21.07670089858790874, 0.000000000000000000, 0.000000000000000000 ) ) ;
#866 = FACE_BOUND ( 'NONE', #1162, .T. ) ;
#867 = ORIENTED_EDGE ( 'NONE', *, *, #343, .F. ) ;
#868 = EDGE_CURVE ( 'NONE', #942, #1569, #212, .T. ) ;
#869 = EDGE_LOOP ( 'NONE', ( #1588, #1623 ) ) ;
#870 = APPROVAL_STATUS ( 'not_yet_approved' ) ;
#871 = DIRECTION ( 'NONE',  ( -0.000000000000000000, -0.000000000000000000, 1.000000000000000000 ) ) ;
#872 = CYLINDRICAL_SURFACE ( 'NONE', #388, 7.500000000000000000 ) ;
#873 = ORIENTED_EDGE ( 'NONE', *, *, #917, .F. ) ;
#874 = DIRECTION ( 'NONE',  ( -0.000000000000000000, -0.000000000000000000, 1.000000000000000000 ) ) ;
#875 = ORIENTED_EDGE ( 'NONE', *, *, #370, .T. ) ;
#876 = ORIENTED_EDGE ( 'NONE', *, *, #666, .F. ) ;
#877 = ADVANCED_FACE ( 'NONE', ( #1737 ), #750, .F. ) ;
#878 = PERSON_AND_ORGANIZATION_ROLE ( 'classification_officer' ) ;
#879 = LINE ( 'NONE', #1446, #479 ) ;
#880 = LINE ( 'NONE', #317, #1337 ) ;
#881 = EDGE_CURVE ( 'NONE', #909, #1213, #1044, .T. ) ;
#882 = LINE ( 'NONE', #349, #891 ) ;
#883 = CARTESIAN_POINT ( 'NONE',  ( -61.80831999999998772, 21.28575999999999979, -3.999999999999990674 ) ) ;
#884 = ORIENTED_EDGE ( 'NONE', *, *, #1435, .F. ) ;
#885 = CARTESIAN_POINT ( 'NONE',  ( -1.965166079999999704, 25.83737344000000036, 2.000000000000004441 ) ) ;
#886 = ORIENTED_EDGE ( 'NONE', *, *, #917, .T. ) ;
#887 = CALENDAR_DATE ( 2024, 26, 9 ) ;
#888 = DIRECTION ( 'NONE',  ( 0.9971200000000000063, 0.07584000000000000463, -0.000000000000000000 ) ) ;
#889 = LINE ( 'NONE', #613, #1729 ) ;
#890 = VECTOR ( 'NONE', #1119, 999.9999999999998863 ) ;
#891 = VECTOR ( 'NONE', #1763, 1000.000000000000000 ) ;
#892 = ADVANCED_FACE ( 'NONE', ( #927 ), #1464, .F. ) ;
#893 = AXIS2_PLACEMENT_3D ( 'NONE', #1456, #888, #1721 ) ;
#894 = CARTESIAN_POINT ( 'NONE',  ( -131.0000000000000000, 8.000000000000000000, -26.99999999999999645 ) ) ;
#895 = AXIS2_PLACEMENT_3D ( 'NONE', #1457, #486, #1482 ) ;
#896 = AXIS2_PLACEMENT_3D ( 'NONE', #53, #1648, #1180 ) ;
#897 = DIRECTION ( 'NONE',  ( 0.000000000000000000, 0.000000000000000000, 1.000000000000000000 ) ) ;
#898 = EDGE_LOOP ( 'NONE', ( #599, #1820, #1540, #188 ) ) ;
#899 = CARTESIAN_POINT ( 'NONE',  ( -40.86879999999997892, 22.87840000000000273, -26.99999999999999645 ) ) ;
#900 = VECTOR ( 'NONE', #1248, 1000.000000000000000 ) ;
#901 = EDGE_LOOP ( 'NONE', ( #1814, #752, #820, #789 ) ) ;
#902 = APPROVAL_DATE_TIME ( #580, #242 ) ;
#903 = DIRECTION ( 'NONE',  ( 0.000000000000000000, 0.000000000000000000, 1.000000000000000000 ) ) ;
#904 = DIRECTION ( 'NONE',  ( -0.07584000000000000463, 0.9971200000000000063, -0.000000000000000000 ) ) ;
#905 = DIRECTION ( 'NONE',  ( -1.000000000000000000, 0.000000000000000000, 2.091469854906452357E-16 ) ) ;
#906 = EDGE_CURVE ( 'NONE', #1681, #1510, #183, .T. ) ;
#907 = ORIENTED_EDGE ( 'NONE', *, *, #1836, .F. ) ;
#908 = DIRECTION ( 'NONE',  ( -1.568602391179839206E-16, -1.193064078015474586E-17, -1.000000000000000000 ) ) ;
#909 = VERTEX_POINT ( 'NONE', #765 ) ;
#910 = DIRECTION ( 'NONE',  ( -0.9971200000000000063, -0.07583999999999999075, 0.000000000000000000 ) ) ;
#911 = CARTESIAN_POINT ( 'NONE',  ( -5.428932188134520942, 5.428932188134529824, -8.000000000000000000 ) ) ;
#912 = DIRECTION ( 'NONE',  ( 0.8803726236801668881, 0.06696030545962756986, 0.4695320659627546522 ) ) ;
#913 = ORIENTED_EDGE ( 'NONE', *, *, #1516, .F. ) ;
#914 = EDGE_CURVE ( 'NONE', #155, #663, #758, .T. ) ;
#915 = DIRECTION ( 'NONE',  ( 0.9971200000000000063, 0.07583999999999999075, 0.000000000000000000 ) ) ;
#916 = ORIENTED_EDGE ( 'NONE', *, *, #815, .F. ) ;
#917 = EDGE_CURVE ( 'NONE', #256, #23, #24, .T. ) ;
#918 = EDGE_CURVE ( 'NONE', #460, #1223, #386, .T. ) ;
#919 = CARTESIAN_POINT ( 'NONE',  ( -22.92063999999997392, 24.24352000000000018, -3.999999999999990674 ) ) ;
#920 = DIRECTION ( 'NONE',  ( 0.000000000000000000, 0.000000000000000000, 1.000000000000000000 ) ) ;
#921 = ORIENTED_EDGE ( 'NONE', *, *, #1323, .T. ) ;
#922 = DIRECTION ( 'NONE',  ( 2.091469854906452357E-16, 1.590752104020632987E-17, 1.000000000000000000 ) ) ;
#923 = AXIS2_PLACEMENT_3D ( 'NONE', #1788, #217, #169 ) ;
#924 = AXIS2_PLACEMENT_3D ( 'NONE', #725, #178, #753 ) ;
#925 = ORIENTED_EDGE ( 'NONE', *, *, #868, .T. ) ;
#926 = AXIS2_PLACEMENT_3D ( 'NONE', #348, #1208, #778 ) ;
#927 = FACE_OUTER_BOUND ( 'NONE', #392, .T. ) ;
#928 = ORIENTED_EDGE ( 'NONE', *, *, #1186, .F. ) ;
#929 = EDGE_CURVE ( 'NONE', #9, #498, #80, .T. ) ;
#930 = CARTESIAN_POINT ( 'NONE',  ( -64.79967999999998085, 21.05823999999999074, -15.00000000000000178 ) ) ;
#931 = LINE ( 'NONE', #1079, #833 ) ;
#932 = DIRECTION ( 'NONE',  ( -0.000000000000000000, -0.000000000000000000, 1.000000000000000000 ) ) ;
#933 = ORIENTED_EDGE ( 'NONE', *, *, #107, .F. ) ;
#934 = LINE ( 'NONE', #972, #900 ) ;
#935 = EDGE_LOOP ( 'NONE', ( #1243, #106, #1146, #527 ) ) ;
#936 = LINE ( 'NONE', #654, #708 ) ;
#937 = ORIENTED_EDGE ( 'NONE', *, *, #800, .T. ) ;
#938 = DIRECTION ( 'NONE',  ( -0.000000000000000000, -0.000000000000000000, 1.000000000000000000 ) ) ;
#939 = CARTESIAN_POINT ( 'NONE',  ( -131.0000000000000000, -6.938893903907228378E-15, -20.99999999999998934 ) ) ;
#940 = EDGE_CURVE ( 'NONE', #1818, #363, #1329, .T. ) ;
#941 = DIRECTION ( 'NONE',  ( -1.000000000000000000, 0.000000000000000000, 0.000000000000000000 ) ) ;
#942 = VERTEX_POINT ( 'NONE', #376 ) ;
#943 = CARTESIAN_POINT ( 'NONE',  ( -101.7221939199999809, -7.736893440000013555, -2.210214870538347309 ) ) ;
#944 = ADVANCED_FACE ( 'NONE', ( #793 ), #1500, .F. ) ;
#945 = EDGE_LOOP ( 'NONE', ( #161, #675, #232, #413 ) ) ;
#946 = CARTESIAN_POINT ( 'NONE',  ( -38.90363391999997589, -2.958973440000012278, -15.00000000000000178 ) ) ;
#947 = EDGE_LOOP ( 'NONE', ( #171, #61, #1778, #1010 ) ) ;
#948 = DIRECTION ( 'NONE',  ( 0.9971200000000000063, 0.07583999999999999075, -2.097510685681214241E-16 ) ) ;
#949 = CARTESIAN_POINT ( 'NONE',  ( -19.57106781186546840, 19.57106781186547551, 0.000000000000000000 ) ) ;
#950 = ORIENTED_EDGE ( 'NONE', *, *, #203, .T. ) ;
#951 = DIRECTION ( 'NONE',  ( 0.000000000000000000, 0.000000000000000000, 1.000000000000000000 ) ) ;
#952 = EDGE_CURVE ( 'NONE', #739, #1320, #384, .T. ) ;
#953 = VECTOR ( 'NONE', #11, 1000.000000000000000 ) ;
#954 = ORIENTED_EDGE ( 'NONE', *, *, #1150, .T. ) ;
#955 = VECTOR ( 'NONE', #587, 1000.000000000000000 ) ;
#956 = DIRECTION ( 'NONE',  ( 1.000000000000000000, 0.000000000000000000, -1.568602391179839206E-16 ) ) ;
#957 = ORIENTED_EDGE ( 'NONE', *, *, #1771, .T. ) ;
#958 = AXIS2_PLACEMENT_3D ( 'NONE', #219, #76, #1652 ) ;
#959 = CIRCLE ( 'NONE', #744, 1.500000000000001332 ) ;
#960 = AXIS2_PLACEMENT_3D ( 'NONE', #843, #1413, #1385 ) ;
#961 = CARTESIAN_POINT ( 'NONE',  ( -4.999999999999997335, 12.50000000000000000, -1.000000000000000000 ) ) ;
#962 = DIRECTION ( 'NONE',  ( 0.000000000000000000, 0.000000000000000000, -1.000000000000000000 ) ) ;
#963 = EDGE_LOOP ( 'NONE', ( #350, #573, #34, #1606 ) ) ;
#964 = CARTESIAN_POINT ( 'NONE',  ( -12.49999999999999645, 12.50000000000000000, 0.000000000000000000 ) ) ;
#965 = ORIENTED_EDGE ( 'NONE', *, *, #1190, .T. ) ;
#966 = EDGE_CURVE ( 'NONE', #1257, #249, #1654, .T. ) ;
#967 = DIRECTION ( 'NONE',  ( -0.000000000000000000, -0.000000000000000000, -1.000000000000000000 ) ) ;
#968 = ORIENTED_EDGE ( 'NONE', *, *, #1558, .F. ) ;
#969 = LINE ( 'NONE', #995, #1338 ) ;
#970 = DIRECTION ( 'NONE',  ( 0.000000000000000000, 0.000000000000000000, 1.000000000000000000 ) ) ;
#971 = ORIENTED_EDGE ( 'NONE', *, *, #50, .T. ) ;
#972 = CARTESIAN_POINT ( 'NONE',  ( 0.000000000000000000, 0.000000000000000000, 0.000000000000000000 ) ) ;
#973 = ORIENTED_EDGE ( 'NONE', *, *, #1112, .T. ) ;
#974 = DIRECTION ( 'NONE',  ( -0.8834757315831144320, 0.000000000000000000, -0.4684769276108276537 ) ) ;
#975 = EDGE_LOOP ( 'NONE', ( #144, #629, #1465, #154 ) ) ;
#976 = EDGE_CURVE ( 'NONE', #804, #730, #936, .T. ) ;
#977 = FACE_OUTER_BOUND ( 'NONE', #1604, .T. ) ;
#978 = LINE ( 'NONE', #1512, #1787 ) ;
#979 = EDGE_LOOP ( 'NONE', ( #1344, #1076 ) ) ;
#980 = CARTESIAN_POINT ( 'NONE',  ( -128.0000000000000000, 8.000000000000000000, -26.99999999999999645 ) ) ;
#981 = DIRECTION ( 'NONE',  ( 2.091469854906452357E-16, 1.590752104020632987E-17, 1.000000000000000000 ) ) ;
#982 = CYLINDRICAL_SURFACE ( 'NONE', #1755, 3.000000000000002665 ) ;
#983 = ORIENTED_EDGE ( 'NONE', *, *, #1249, .F. ) ;
#984 = APPLICATION_CONTEXT ( 'configuration controlled 3d designs of mechanical parts and assemblies' ) ;
#985 = VECTOR ( 'NONE', #591, 1000.000000000000000 ) ;
#986 = VECTOR ( 'NONE', #990, 1000.000000000000000 ) ;
#987 = EDGE_CURVE ( 'NONE', #3, #490, #1515, .T. ) ;
#988 = DIRECTION ( 'NONE',  ( -0.000000000000000000, -0.000000000000000000, 1.000000000000000000 ) ) ;
#989 = PLANE ( 'NONE',  #713 ) ;
#990 = DIRECTION ( 'NONE',  ( 0.000000000000000000, 0.000000000000000000, 1.000000000000000000 ) ) ;
#991 = VECTOR ( 'NONE', #782, 1000.000000000000114 ) ;
#992 = ORIENTED_EDGE ( 'NONE', *, *, #1506, .T. ) ;
#993 = CARTESIAN_POINT ( 'NONE',  ( -105.7106739199999907, -8.040253440000013185, -3.999999999999997335 ) ) ;
#994 = ORIENTED_EDGE ( 'NONE', *, *, #1850, .T. ) ;
#995 = CARTESIAN_POINT ( 'NONE',  ( 0.000000000000000000, 0.000000000000000000, -15.00000000000000178 ) ) ;
#996 = DIRECTION ( 'NONE',  ( 0.000000000000000000, 0.000000000000000000, -1.000000000000000000 ) ) ;
#997 = EDGE_CURVE ( 'NONE', #1196, #1646, #1040, .T. ) ;
#998 = CARTESIAN_POINT ( 'NONE',  ( -61.80831999999998061, 21.28576000000000334, -26.99999999999999645 ) ) ;
#999 = EDGE_CURVE ( 'NONE', #77, #504, #1084, .T. ) ;
#1000 = DIRECTION ( 'NONE',  ( -0.07584000000000000463, 0.9971200000000000063, 0.000000000000000000 ) ) ;
#1001 = MANIFOLD_SOLID_BREP ( 'ÄÆ-µ¹Ãâ5', #360 ) ;
#1002 = DIRECTION ( 'NONE',  ( 1.000000000000000000, 0.000000000000000000, 0.000000000000000000 ) ) ;
#1003 = VERTEX_POINT ( 'NONE', #1523 ) ;
#1004 = PERSON_AND_ORGANIZATION ( #309, #1161 ) ;
#1005 = FACE_OUTER_BOUND ( 'NONE', #1499, .T. ) ;
#1006 = DIRECTION ( 'NONE',  ( 1.000000000000000000, 0.000000000000000000, -2.891205793294675861E-16 ) ) ;
#1007 = DIRECTION ( 'NONE',  ( -1.000000000000000000, 0.000000000000000000, 0.000000000000000000 ) ) ;
#1008 = ADVANCED_FACE ( 'NONE', ( #1092, #518, #644, #1685, #250, #1509 ), #231, .F. ) ;
#1009 = DIRECTION ( 'NONE',  ( -0.000000000000000000, -0.000000000000000000, 1.000000000000000000 ) ) ;
#1010 = ORIENTED_EDGE ( 'NONE', *, *, #20, .T. ) ;
#1011 = ORIENTED_EDGE ( 'NONE', *, *, #56, .T. ) ;
#1012 = AXIS2_PLACEMENT_3D ( 'NONE', #561, #1828, #1418 ) ;
#1013 = AXIS2_PLACEMENT_3D ( 'NONE', #1697, #1106, #419 ) ;
#1014 = PLANE ( 'NONE',  #685 ) ;
#1015 = DIRECTION ( 'NONE',  ( 1.000000000000000000, 0.000000000000000000, 0.000000000000000000 ) ) ;
#1016 = VECTOR ( 'NONE', #1134, 999.9999999999998863 ) ;
#1017 = PLANE ( 'NONE',  #544 ) ;
#1018 = DIRECTION ( 'NONE',  ( -0.000000000000000000, -0.000000000000000000, 1.000000000000000000 ) ) ;
#1019 = ORIENTED_EDGE ( 'NONE', *, *, #528, .F. ) ;
#1020 = EDGE_CURVE ( 'NONE', #4, #519, #535, .T. ) ;
#1021 = EDGE_LOOP ( 'NONE', ( #738, #49 ) ) ;
#1022 = APPROVAL_STATUS ( 'not_yet_approved' ) ;
#1023 = CYLINDRICAL_SURFACE ( 'NONE', #1102, 6.500000000000000888 ) ;
#1024 = PLANE ( 'NONE',  #1704 ) ;
#1025 = CARTESIAN_POINT ( 'NONE',  ( -59.84315391999998468, -4.551613440000011224, -15.00000000000000178 ) ) ;
#1026 = ORIENTED_EDGE ( 'NONE', *, *, #918, .F. ) ;
#1027 = CARTESIAN_POINT ( 'NONE',  ( -19.57106781186546840, 19.57106781186547551, -8.000000000000000000 ) ) ;
#1028 = VERTEX_POINT ( 'NONE', #821 ) ;
#1029 = EDGE_CURVE ( 'NONE', #327, #1686, #858, .T. ) ;
#1030 = APPROVAL_ROLE ( '' ) ;
#1031 = DIRECTION ( 'NONE',  ( 0.9971200000000000063, 0.07583999999999997688, 0.000000000000000000 ) ) ;
#1032 = DIRECTION ( 'NONE',  ( 1.000000000000000000, 0.000000000000000000, 0.000000000000000000 ) ) ;
#1033 = CARTESIAN_POINT ( 'NONE',  ( -131.0000000000000000, 8.000000000000000000, -20.99999999999998934 ) ) ;
#1034 = CARTESIAN_POINT ( 'NONE',  ( -131.6067200000000241, 15.97696000000000538, -26.99999999999999645 ) ) ;
#1035 = ORIENTED_EDGE ( 'NONE', *, *, #747, .F. ) ;
#1036 = DIRECTION ( 'NONE',  ( 0.000000000000000000, 0.000000000000000000, 1.000000000000000000 ) ) ;
#1037 = ORIENTED_EDGE ( 'NONE', *, *, #1573, .F. ) ;
#1038 = DIRECTION ( 'NONE',  ( -0.000000000000000000, -0.000000000000000000, 1.000000000000000000 ) ) ;
#1039 = FACE_BOUND ( 'NONE', #373, .T. ) ;
#1040 = CIRCLE ( 'NONE', #1726, 1.500000000000001332 ) ;
#1041 = VECTOR ( 'NONE', #1141, 1000.000000000000000 ) ;
#1042 = CIRCLE ( 'NONE', #924, 6.500000000000000888 ) ;
#1043 = DIRECTION ( 'NONE',  ( 0.9912279006826346661, -0.000000000000000000, -0.1321637200910181220 ) ) ;
#1044 = CIRCLE ( 'NONE', #1607, 1.500000000000001332 ) ;
#1045 = VECTOR ( 'NONE', #402, 1000.000000000000000 ) ;
#1046 = VERTEX_POINT ( 'NONE', #98 ) ;
#1047 = DIRECTION ( 'NONE',  ( -0.000000000000000000, -0.000000000000000000, 1.000000000000000000 ) ) ;
#1048 = VECTOR ( 'NONE', #606, 1000.000000000000000 ) ;
#1049 = VERTEX_POINT ( 'NONE', #674 ) ;
#1050 = CARTESIAN_POINT ( 'NONE',  ( 0.000000000000000000, 12.50000000000000000, 0.000000000000000000 ) ) ;
#1051 = FACE_OUTER_BOUND ( 'NONE', #1412, .T. ) ;
#1052 = EDGE_CURVE ( 'NONE', #804, #31, #1276, .T. ) ;
#1053 = DIRECTION ( 'NONE',  ( 0.000000000000000000, 0.000000000000000000, 1.000000000000000000 ) ) ;
#1054 = ADVANCED_FACE ( 'NONE', ( #1801 ), #1390, .F. ) ;
#1055 = EDGE_LOOP ( 'NONE', ( #1651, #92 ) ) ;
#1056 = CARTESIAN_POINT ( 'NONE',  ( -1.965166079999999704, 25.83737344000000036, -15.00000000000000178 ) ) ;
#1057 = EDGE_LOOP ( 'NONE', ( #244, #1118, #197, #1823 ) ) ;
#1058 = DIRECTION ( 'NONE',  ( -0.9884228172531337453, -0.07517850054203871479, 0.1317897089670846400 ) ) ;
#1059 = PLANE ( 'NONE',  #926 ) ;
#1060 = LINE ( 'NONE', #181, #179 ) ;
#1061 = ORIENTED_EDGE ( 'NONE', *, *, #966, .T. ) ;
#1062 = CC_DESIGN_PERSON_AND_ORGANIZATION_ASSIGNMENT ( #1466, #163, ( #1803 ) ) ;
#1063 = EDGE_CURVE ( 'NONE', #1745, #223, #1100, .T. ) ;
#1064 = DIRECTION ( 'NONE',  ( -0.000000000000000000, 0.000000000000000000, -1.000000000000000000 ) ) ;
#1065 = VERTEX_POINT ( 'NONE', #1645 ) ;
#1066 = LINE ( 'NONE', #630, #356 ) ;
#1067 = LINE ( 'NONE', #215, #1703 ) ;
#1068 = CARTESIAN_POINT ( 'NONE',  ( -89.54445215201801034, 0.000000000000000000, -15.00000000000000178 ) ) ;
#1069 = ORIENTED_EDGE ( 'NONE', *, *, #1212, .T. ) ;
#1070 = LINE ( 'NONE', #1090, #1671 ) ;
#1071 = AXIS2_PLACEMENT_3D ( 'NONE', #788, #748, #780 ) ;
#1072 = VECTOR ( 'NONE', #703, 1000.000000000000000 ) ;
#1073 = ORIENTED_EDGE ( 'NONE', *, *, #1052, .F. ) ;
#1074 = AXIS2_PLACEMENT_3D ( 'NONE', #248, #1537, #1388 ) ;
#1075 = CARTESIAN_POINT ( 'NONE',  ( -131.0000000000000000, 8.000000000000000000, -3.999999999999993339 ) ) ;
#1076 = ORIENTED_EDGE ( 'NONE', *, *, #1573, .T. ) ;
#1077 = DIRECTION ( 'NONE',  ( 0.9971200000000000063, 0.07583999999999999075, 0.000000000000000000 ) ) ;
#1078 = EDGE_CURVE ( 'NONE', #440, #148, #1531, .T. ) ;
#1079 = CARTESIAN_POINT ( 'NONE',  ( -131.0000000000000000, -1.214306433183764966E-14, -26.99999999999999645 ) ) ;
#1080 = PLANE ( 'NONE',  #1071 ) ;
#1081 = ORIENTED_EDGE ( 'NONE', *, *, #1495, .T. ) ;
#1082 = CARTESIAN_POINT ( 'NONE',  ( -12.49999999999999645, 12.50000000000000000, 0.000000000000000000 ) ) ;
#1083 = ORIENTED_EDGE ( 'NONE', *, *, #18, .T. ) ;
#1084 = LINE ( 'NONE', #813, #108 ) ;
#1085 = VERTEX_POINT ( 'NONE', #547 ) ;
#1086 = DIRECTION ( 'NONE',  ( 1.000000000000000000, 0.000000000000000000, 0.000000000000000000 ) ) ;
#1087 = EDGE_CURVE ( 'NONE', #1257, #579, #1113, .T. ) ;
#1088 = LINE ( 'NONE', #522, #831 ) ;
#1089 = ORIENTED_EDGE ( 'NONE', *, *, #1111, .T. ) ;
#1090 = CARTESIAN_POINT ( 'NONE',  ( -62.83451391999998492, -4.779133440000013167, -15.00000000000000178 ) ) ;
#1091 = ORIENTED_EDGE ( 'NONE', *, *, #192, .T. ) ;
#1092 = FACE_BOUND ( 'NONE', #1055, .T. ) ;
#1093 = ORIENTED_EDGE ( 'NONE', *, *, #668, .T. ) ;
#1094 = DIRECTION ( 'NONE',  ( -0.000000000000000000, -0.000000000000000000, 1.000000000000000000 ) ) ;
#1095 = ORIENTED_EDGE ( 'NONE', *, *, #1684, .T. ) ;
#1096 = DIRECTION ( 'NONE',  ( -0.07584000000000000463, 0.9971200000000000063, -0.000000000000000000 ) ) ;
#1097 = VECTOR ( 'NONE', #841, 1000.000000000000000 ) ;
#1098 = EDGE_LOOP ( 'NONE', ( #1081, #1463, #65, #46, #1375 ) ) ;
#1099 = AXIS2_PLACEMENT_3D ( 'NONE', #1395, #696, #1264 ) ;
#1100 = LINE ( 'NONE', #400, #417 ) ;
#1101 = EDGE_LOOP ( 'NONE', ( #1035, #1382, #634, #1363, #1127, #1352, #1389, #1169, #1505, #120, #1596, #1616 ) ) ;
#1102 = AXIS2_PLACEMENT_3D ( 'NONE', #742, #457, #331 ) ;
#1103 = CIRCLE ( 'NONE', #294, 1.500000000000000444 ) ;
#1104 = VECTOR ( 'NONE', #1193, 1000.000000000000000 ) ;
#1105 = LINE ( 'NONE', #1679, #1045 ) ;
#1106 = DIRECTION ( 'NONE',  ( 0.000000000000000000, 0.000000000000000000, 1.000000000000000000 ) ) ;
#1107 = ORIENTED_EDGE ( 'NONE', *, *, #1495, .F. ) ;
#1108 = DIRECTION ( 'NONE',  ( -0.07584000000000000463, 0.9971200000000000063, -0.000000000000000000 ) ) ;
#1109 = ADVANCED_FACE ( 'NONE', ( #366 ), #292, .T. ) ;
#1110 = ORIENTED_EDGE ( 'NONE', *, *, #846, .F. ) ;
#1111 = EDGE_CURVE ( 'NONE', #439, #1396, #153, .T. ) ;
#1112 = EDGE_CURVE ( 'NONE', #1545, #1320, #1126, .T. ) ;
#1113 = LINE ( 'NONE', #407, #444 ) ;
#1114 = ORIENTED_EDGE ( 'NONE', *, *, #1029, .F. ) ;
#1115 = DIRECTION ( 'NONE',  ( 2.091469854906452357E-16, 1.590752104020632987E-17, 1.000000000000000000 ) ) ;
#1116 = ORIENTED_EDGE ( 'NONE', *, *, #18, .F. ) ;
#1117 = DIRECTION ( 'NONE',  ( -0.000000000000000000, -0.000000000000000000, 1.000000000000000000 ) ) ;
#1118 = ORIENTED_EDGE ( 'NONE', *, *, #545, .F. ) ;
#1119 = DIRECTION ( 'NONE',  ( -0.9884228172531337453, -0.07517850054203872867, 0.1317897089670849453 ) ) ;
#1120 = ORIENTED_EDGE ( 'NONE', *, *, #488, .T. ) ;
#1121 = ADVANCED_FACE ( 'NONE', ( #554, #118, #1137, #866, #1701 ), #1561, .F. ) ;
#1122 = DIRECTION ( 'NONE',  ( -0.9971200000000000063, -0.07583999999999999075, 1.573133014260910681E-16 ) ) ;
#1123 = DIRECTION ( 'NONE',  ( -0.000000000000000000, -0.000000000000000000, 1.000000000000000000 ) ) ;
#1124 = DIRECTION ( 'NONE',  ( -0.9912279006826346661, 0.000000000000000000, 0.1321637200910181220 ) ) ;
#1125 = LINE ( 'NONE', #1699, #453 ) ;
#1126 = LINE ( 'NONE', #1834, #351 ) ;
#1127 = ORIENTED_EDGE ( 'NONE', *, *, #1301, .F. ) ;
#1128 = ADVANCED_FACE ( 'NONE', ( #277 ), #982, .F. ) ;
#1129 = VECTOR ( 'NONE', #159, 1000.000000000000000 ) ;
#1130 = VECTOR ( 'NONE', #871, 1000.000000000000000 ) ;
#1131 = VECTOR ( 'NONE', #702, 1000.000000000000000 ) ;
#1132 = DIRECTION ( 'NONE',  ( -0.07584000000000000463, 0.9971200000000000063, 0.000000000000000000 ) ) ;
#1133 = FACE_OUTER_BOUND ( 'NONE', #698, .T. ) ;
#1134 = DIRECTION ( 'NONE',  ( 0.8803726236801668881, 0.06696030545962758374, 0.4695320659627547633 ) ) ;
#1135 = AXIS2_PLACEMENT_3D ( 'NONE', #1082, #691, #1807 ) ;
#1136 = DIRECTION ( 'NONE',  ( -0.07584000000000000463, 0.9971200000000000063, -0.000000000000000000 ) ) ;
#1137 = FACE_BOUND ( 'NONE', #1210, .T. ) ;
#1138 = EDGE_LOOP ( 'NONE', ( #1845, #1711, #992, #127 ) ) ;
#1139 = DIRECTION ( 'NONE',  ( 1.568602391179839206E-16, 1.193064078015474586E-17, 1.000000000000000000 ) ) ;
#1140 = DIRECTION ( 'NONE',  ( -1.000000000000000000, 0.000000000000000000, -0.000000000000000000 ) ) ;
#1141 = DIRECTION ( 'NONE',  ( -0.07584000000000000463, 0.9971200000000000063, -0.000000000000000000 ) ) ;
#1142 = EDGE_CURVE ( 'NONE', #249, #401, #1692, .T. ) ;
#1143 = DIRECTION ( 'NONE',  ( 0.000000000000000000, 0.000000000000000000, 1.000000000000000000 ) ) ;
#1144 = CARTESIAN_POINT ( 'NONE',  ( -131.6067200000000241, 15.97696000000000538, -20.99999999999998934 ) ) ;
#1145 = VERTEX_POINT ( 'NONE', #1144 ) ;
#1146 = ORIENTED_EDGE ( 'NONE', *, *, #124, .F. ) ;
#1147 = CALENDAR_DATE ( 2024, 26, 9 ) ;
#1148 = DIRECTION ( 'NONE',  ( -0.000000000000000000, -0.000000000000000000, 1.000000000000000000 ) ) ;
#1149 = DIRECTION ( 'NONE',  ( -0.000000000000000000, -0.000000000000000000, 1.000000000000000000 ) ) ;
#1150 = EDGE_CURVE ( 'NONE', #1562, #440, #848, .T. ) ;
#1151 = ORIENTED_EDGE ( 'NONE', *, *, #1348, .F. ) ;
#1152 = CARTESIAN_POINT ( 'NONE',  ( -13.44799999999999507, 24.96400000000000219, -19.00000000000000000 ) ) ;
#1153 = EDGE_LOOP ( 'NONE', ( #90, #534, #886, #95 ) ) ;
#1154 = ORIENTED_EDGE ( 'NONE', *, *, #563, .F. ) ;
#1155 = VECTOR ( 'NONE', #610, 1000.000000000000114 ) ;
#1156 = VECTOR ( 'NONE', #1502, 1000.000000000000000 ) ;
#1157 = PERSON_AND_ORGANIZATION ( #309, #1161 ) ;
#1158 = CARTESIAN_POINT ( 'NONE',  ( -107.6758399999999654, 17.79712000000000671, -26.99999999999999645 ) ) ;
#1159 = LINE ( 'NONE', #632, #712 ) ;
#1160 = VECTOR ( 'NONE', #904, 1000.000000000000000 ) ;
#1161 = ORGANIZATION ( 'UNSPECIFIED', 'UNSPECIFIED', '' ) ;
#1162 = EDGE_LOOP ( 'NONE', ( #1580, #1219, #1674, #954 ) ) ;
#1163 = VECTOR ( 'NONE', #29, 1000.000000000000000 ) ;
#1164 = CARTESIAN_POINT ( 'NONE',  ( -12.49999999999999645, 12.50000000000000000, -19.00000000000000000 ) ) ;
#1165 = ORIENTED_EDGE ( 'NONE', *, *, #1227, .T. ) ;
#1166 = EDGE_CURVE ( 'NONE', #649, #1251, #1295, .T. ) ;
#1167 = EDGE_CURVE ( 'NONE', #1223, #13, #1568, .T. ) ;
#1168 = LINE ( 'NONE', #1056, #627 ) ;
#1169 = ORIENTED_EDGE ( 'NONE', *, *, #1269, .F. ) ;
#1170 = DIRECTION ( 'NONE',  ( -1.000000000000000000, 0.000000000000000000, -0.000000000000000000 ) ) ;
#1171 = DIRECTION ( 'NONE',  ( 1.000000000000000000, 0.000000000000000000, 0.000000000000000000 ) ) ;
#1172 = LINE ( 'NONE', #468, #362 ) ;
#1173 = DIRECTION ( 'NONE',  ( -0.9971200000000000063, -0.07584000000000000463, 0.000000000000000000 ) ) ;
#1174 = ORIENTED_EDGE ( 'NONE', *, *, #220, .T. ) ;
#1175 = CARTESIAN_POINT ( 'NONE',  ( -19.99999999999999645, 12.50000000000000000, -18.00000000000000000 ) ) ;
#1176 = ADVANCED_FACE ( 'NONE', ( #126 ), #728, .F. ) ;
#1177 = EDGE_CURVE ( 'NONE', #649, #1247, #1718, .T. ) ;
#1178 = VERTEX_POINT ( 'NONE', #577 ) ;
#1179 = MECHANICAL_CONTEXT ( 'NONE', #984, 'mechanical' ) ;
#1180 = DIRECTION ( 'NONE',  ( 1.000000000000000000, 0.000000000000000000, 0.000000000000000000 ) ) ;
#1181 = FACE_OUTER_BOUND ( 'NONE', #901, .T. ) ;
#1182 = CARTESIAN_POINT ( 'NONE',  ( -19.57106781186546840, 5.428932188134528047, 0.000000000000000000 ) ) ;
#1183 = ORIENTED_EDGE ( 'NONE', *, *, #1278, .F. ) ;
#1184 = CARTESIAN_POINT ( 'NONE',  ( -59.84315391999998468, -4.551613440000011224, -3.999999999999991562 ) ) ;
#1185 = ORIENTED_EDGE ( 'NONE', *, *, #229, .F. ) ;
#1186 = EDGE_CURVE ( 'NONE', #472, #240, #684, .T. ) ;
#1187 = PLANE ( 'NONE',  #594 ) ;
#1188 = VECTOR ( 'NONE', #1198, 1000.000000000000000 ) ;
#1189 = DIRECTION ( 'NONE',  ( -0.000000000000000000, 0.000000000000000000, 1.000000000000000000 ) ) ;
#1190 = EDGE_CURVE ( 'NONE', #730, #496, #1267, .T. ) ;
#1191 = CIRCLE ( 'NONE', #1192, 6.499999999999999112 ) ;
#1192 = AXIS2_PLACEMENT_3D ( 'NONE', #434, #1732, #1741 ) ;
#1193 = DIRECTION ( 'NONE',  ( -0.07584000000000000463, 0.9971200000000000063, -0.000000000000000000 ) ) ;
#1194 = VECTOR ( 'NONE', #1064, 1000.000000000000000 ) ;
#1195 = AXIS2_PLACEMENT_3D ( 'NONE', #557, #121, #540 ) ;
#1196 = VERTEX_POINT ( 'NONE', #1844 ) ;
#1197 = DESIGN_CONTEXT ( 'detailed design', #10, 'design' ) ;
#1198 = DIRECTION ( 'NONE',  ( -0.000000000000000000, -1.000000000000000000, -0.000000000000000000 ) ) ;
#1199 = VERTEX_POINT ( 'NONE', #1710 ) ;
#1200 = CARTESIAN_POINT ( 'NONE',  ( -12.49999999999999645, 12.50000000000000000, -19.00000000000000000 ) ) ;
#1201 = CARTESIAN_POINT ( 'NONE',  ( -128.0000000000000000, 8.000000000000000000, -3.999999999999994227 ) ) ;
#1202 = EDGE_CURVE ( 'NONE', #909, #1646, #284, .T. ) ;
#1203 = CARTESIAN_POINT ( 'NONE',  ( -21.07106781186546840, 19.57106781186547551, -8.000000000000000000 ) ) ;
#1204 = ORIENTED_EDGE ( 'NONE', *, *, #189, .F. ) ;
#1205 = CARTESIAN_POINT ( 'NONE',  ( -131.0000000000000000, -6.938893903907228378E-15, -3.999999999999993339 ) ) ;
#1206 = VERTEX_POINT ( 'NONE', #1152 ) ;
#1207 = LINE ( 'NONE', #1492, #1553 ) ;
#1208 = DIRECTION ( 'NONE',  ( 0.07583999999999999075, -0.9971200000000000063, 0.000000000000000000 ) ) ;
#1209 = DIRECTION ( 'NONE',  ( -1.000000000000000000, 0.000000000000000000, 0.000000000000000000 ) ) ;
#1210 = EDGE_LOOP ( 'NONE', ( #994, #1808, #548, #1443 ) ) ;
#1211 = LINE ( 'NONE', #341, #991 ) ;
#1212 = EDGE_CURVE ( 'NONE', #1783, #942, #593, .T. ) ;
#1213 = VERTEX_POINT ( 'NONE', #1401 ) ;
#1214 = DIRECTION ( 'NONE',  ( -0.000000000000000000, -1.000000000000000000, -0.000000000000000000 ) ) ;
#1215 = ORIENTED_EDGE ( 'NONE', *, *, #1448, .T. ) ;
#1216 = LINE ( 'NONE', #1758, #510 ) ;
#1217 = DIRECTION ( 'NONE',  ( -0.000000000000000000, -0.000000000000000000, 1.000000000000000000 ) ) ;
#1218 = CARTESIAN_POINT ( 'NONE',  ( -21.07670089858790874, 0.000000000000000000, -3.999999999999991562 ) ) ;
#1219 = ORIENTED_EDGE ( 'NONE', *, *, #666, .T. ) ;
#1220 = LINE ( 'NONE', #1368, #478 ) ;
#1221 = VECTOR ( 'NONE', #874, 1000.000000000000000 ) ;
#1222 = CIRCLE ( 'NONE', #896, 3.000000000000002665 ) ;
#1223 = VERTEX_POINT ( 'NONE', #693 ) ;
#1224 = AXIS2_PLACEMENT_3D ( 'NONE', #583, #1149, #1032 ) ;
#1225 = CARTESIAN_POINT ( 'NONE',  ( -131.0000000000000000, 8.000000000000000000, 2.000000000000004441 ) ) ;
#1226 = ORIENTED_EDGE ( 'NONE', *, *, #167, .F. ) ;
#1227 = EDGE_CURVE ( 'NONE', #256, #1745, #505, .T. ) ;
#1228 = EDGE_CURVE ( 'NONE', #1236, #1569, #1334, .T. ) ;
#1229 = AXIS2_PLACEMENT_3D ( 'NONE', #68, #58, #210 ) ;
#1230 = CARTESIAN_POINT ( 'NONE',  ( -106.3222079589216804, -8.673617379884035472E-16, -3.999999999999997335 ) ) ;
#1231 = CARTESIAN_POINT ( 'NONE',  ( -4.999999999999997335, 12.50000000000000000, 0.000000000000000000 ) ) ;
#1232 = ORIENTED_EDGE ( 'NONE', *, *, #124, .T. ) ;
#1233 = CARTESIAN_POINT ( 'NONE',  ( -131.6067200000000241, 15.97696000000000538, -26.99999999999999645 ) ) ;
#1234 = VERTEX_POINT ( 'NONE', #1357 ) ;
#1235 = CARTESIAN_POINT ( 'NONE',  ( -19.57106781186546840, 5.428932188134528047, 0.000000000000000000 ) ) ;
#1236 = VERTEX_POINT ( 'NONE', #1231 ) ;
#1237 = ADVANCED_FACE ( 'NONE', ( #1777, #501 ), #797, .F. ) ;
#1238 = FACE_OUTER_BOUND ( 'NONE', #1021, .T. ) ;
#1239 = EDGE_LOOP ( 'NONE', ( #523, #1011, #1689, #1444, #1289, #1810 ) ) ;
#1240 = CARTESIAN_POINT ( 'NONE',  ( 0.000000000000000000, 0.000000000000000000, -3.999999999999986233 ) ) ;
#1241 = ORIENTED_EDGE ( 'NONE', *, *, #1827, .T. ) ;
#1242 = DIRECTION ( 'NONE',  ( 0.000000000000000000, 0.000000000000000000, -1.000000000000000000 ) ) ;
#1243 = ORIENTED_EDGE ( 'NONE', *, *, #1177, .T. ) ;
#1244 = ADVANCED_FACE ( 'NONE', ( #607 ), #648, .F. ) ;
#1245 = PLANE ( 'NONE',  #1487 ) ;
#1246 = CARTESIAN_POINT ( 'NONE',  ( -88.80961219282099250, 0.000000000000000000, -3.999999999999988010 ) ) ;
#1247 = VERTEX_POINT ( 'NONE', #160 ) ;
#1248 = DIRECTION ( 'NONE',  ( 1.000000000000000000, -0.000000000000000000, -0.000000000000000000 ) ) ;
#1249 = EDGE_CURVE ( 'NONE', #1206, #327, #1088, .T. ) ;
#1250 = AXIS2_PLACEMENT_3D ( 'NONE', #1184, #1625, #352 ) ;
#1251 = VERTEX_POINT ( 'NONE', #1218 ) ;
#1252 = CIRCLE ( 'NONE', #421, 3.000000000000002665 ) ;
#1253 = CARTESIAN_POINT ( 'NONE',  ( 0.000000000000000000, 0.000000000000000000, -15.00000000000000178 ) ) ;
#1254 = ORIENTED_EDGE ( 'NONE', *, *, #1052, .T. ) ;
#1255 = AXIS2_PLACEMENT_3D ( 'NONE', #677, #279, #1132 ) ;
#1256 = LINE ( 'NONE', #1822, #83 ) ;
#1257 = VERTEX_POINT ( 'NONE', #1068 ) ;
#1258 = FACE_OUTER_BOUND ( 'NONE', #963, .T. ) ;
#1259 = ADVANCED_FACE ( 'NONE', ( #639 ), #1080, .T. ) ;
#1260 = ORIENTED_EDGE ( 'NONE', *, *, #1672, .F. ) ;
#1261 = DIRECTION ( 'NONE',  ( 0.000000000000000000, 0.000000000000000000, 1.000000000000000000 ) ) ;
#1262 = EDGE_LOOP ( 'NONE', ( #293, #771, #383, #1621 ) ) ;
#1263 = CARTESIAN_POINT ( 'NONE',  ( -131.0000000000000000, 8.000000000000000000, -26.99999999999999645 ) ) ;
#1264 = DIRECTION ( 'NONE',  ( 1.000000000000000000, 0.000000000000000000, 0.000000000000000000 ) ) ;
#1265 = PLANE ( 'NONE',  #323 ) ;
#1266 = ORIENTED_EDGE ( 'NONE', *, *, #318, .T. ) ;
#1267 = LINE ( 'NONE', #993, #953 ) ;
#1268 = VERTEX_POINT ( 'NONE', #30 ) ;
#1269 = EDGE_CURVE ( 'NONE', #683, #519, #1650, .T. ) ;
#1270 = DIRECTION ( 'NONE',  ( -1.261617073437679231E-15, 0.000000000000000000, -1.000000000000000000 ) ) ;
#1271 = CARTESIAN_POINT ( 'NONE',  ( -19.57106781186546840, 19.57106781186547551, 0.000000000000000000 ) ) ;
#1272 = LINE ( 'NONE', #726, #1790 ) ;
#1273 = DIRECTION ( 'NONE',  ( 0.9971200000000000063, 0.07584000000000000463, -0.000000000000000000 ) ) ;
#1274 = DIRECTION ( 'NONE',  ( 0.000000000000000000, 1.000000000000000000, 0.000000000000000000 ) ) ;
#1275 = VERTEX_POINT ( 'NONE', #1034 ) ;
#1276 = CIRCLE ( 'NONE', #47, 8.000000000000007105 ) ;
#1277 = VECTOR ( 'NONE', #621, 1000.000000000000000 ) ;
#1278 = EDGE_CURVE ( 'NONE', #655, #490, #85, .T. ) ;
#1279 = CIRCLE ( 'NONE', #1013, 1.500000000000000444 ) ;
#1280 = AXIS2_PLACEMENT_3D ( 'NONE', #1656, #225, #658 ) ;
#1281 = VECTOR ( 'NONE', #1270, 1000.000000000000000 ) ;
#1282 = FACE_OUTER_BOUND ( 'NONE', #152, .T. ) ;
#1283 = CARTESIAN_POINT ( 'NONE',  ( -60.18934531450575776, 0.000000000000000000, -3.999999999999991562 ) ) ;
#1284 = CARTESIAN_POINT ( 'NONE',  ( -128.0000000000000000, 8.000000000000000000, 2.000000000000004441 ) ) ;
#1285 = CIRCLE ( 'NONE', #1405, 7.500000000000000000 ) ;
#1286 = CARTESIAN_POINT ( 'NONE',  ( -18.07106781186546840, 19.57106781186547551, 0.000000000000000000 ) ) ;
#1287 = CARTESIAN_POINT ( 'NONE',  ( -63.19801026957638612, 0.000000000000000000, 0.000000000000000000 ) ) ;
#1288 = VERTEX_POINT ( 'NONE', #226 ) ;
#1289 = ORIENTED_EDGE ( 'NONE', *, *, #1087, .T. ) ;
#1290 = ADVANCED_FACE ( 'NONE', ( #1313 ), #1593, .F. ) ;
#1291 = COORDINATED_UNIVERSAL_TIME_OFFSET ( 9, 0, .AHEAD. ) ;
#1292 = CARTESIAN_POINT ( 'NONE',  ( -5.999999999999996447, 12.50000000000000000, -26.99999999999999645 ) ) ;
#1293 = CARTESIAN_POINT ( 'NONE',  ( -5.999999999999996447, 12.50000000000000000, -1.000000000000000888 ) ) ;
#1294 = DIRECTION ( 'NONE',  ( 1.000000000000000000, 0.000000000000000000, 0.000000000000000000 ) ) ;
#1295 = LINE ( 'NONE', #1574, #1097 ) ;
#1296 = ORIENTED_EDGE ( 'NONE', *, *, #1417, .F. ) ;
#1297 = VERTEX_POINT ( 'NONE', #469 ) ;
#1298 = APPROVAL_DATE_TIME ( #297, #146 ) ;
#1299 = DIRECTION ( 'NONE',  ( 0.9971200000000000063, 0.07583999999999999075, 0.000000000000000000 ) ) ;
#1300 = DIRECTION ( 'NONE',  ( -0.000000000000000000, -0.000000000000000000, 1.000000000000000000 ) ) ;
#1301 = EDGE_CURVE ( 'NONE', #1639, #781, #737, .T. ) ;
#1302 = LINE ( 'NONE', #1432, #1615 ) ;
#1303 = DIRECTION ( 'NONE',  ( 1.000000000000000000, 0.000000000000000000, 0.000000000000000000 ) ) ;
#1304 = ORIENTED_EDGE ( 'NONE', *, *, #251, .F. ) ;
#1305 = ORIENTED_EDGE ( 'NONE', *, *, #668, .F. ) ;
#1306 = AXIS2_PLACEMENT_3D ( 'NONE', #1423, #1261, #450 ) ;
#1307 = AXIS2_PLACEMENT_3D ( 'NONE', #1333, #1038, #474 ) ;
#1308 = CARTESIAN_POINT ( 'NONE',  ( -139.0000000000000000, 0.000000000000000000, -26.99999999999999645 ) ) ;
#1309 = DIRECTION ( 'NONE',  ( -0.000000000000000000, -0.000000000000000000, 1.000000000000000000 ) ) ;
#1310 = FACE_OUTER_BOUND ( 'NONE', #1594, .T. ) ;
#1311 = CIRCLE ( 'NONE', #1849, 3.000000000000002665 ) ;
#1312 = EDGE_CURVE ( 'NONE', #517, #602, #653, .T. ) ;
#1313 = FACE_OUTER_BOUND ( 'NONE', #945, .T. ) ;
#1314 = EDGE_LOOP ( 'NONE', ( #1497, #555 ) ) ;
#1315 = DIRECTION ( 'NONE',  ( 0.000000000000000000, 0.000000000000000000, 1.000000000000000000 ) ) ;
#1316 = ORIENTED_EDGE ( 'NONE', *, *, #997, .F. ) ;
#1317 = CARTESIAN_POINT ( 'NONE',  ( -5.428932188134520942, 5.428932188134529824, 0.000000000000000000 ) ) ;
#1318 = DIRECTION ( 'NONE',  ( 1.000000000000000000, 0.000000000000000000, 0.000000000000000000 ) ) ;
#1319 = FACE_OUTER_BOUND ( 'NONE', #464, .T. ) ;
#1320 = VERTEX_POINT ( 'NONE', #883 ) ;
#1321 = DIRECTION ( 'NONE',  ( 5.908267548039422404E-15, 4.493772172289291755E-16, 1.000000000000000000 ) ) ;
#1322 = ORIENTED_EDGE ( 'NONE', *, *, #757, .F. ) ;
#1323 = EDGE_CURVE ( 'NONE', #223, #23, #1371, .T. ) ;
#1324 = PERSON_AND_ORGANIZATION ( #309, #1161 ) ;
#1325 = FACE_OUTER_BOUND ( 'NONE', #59, .T. ) ;
#1326 = LINE ( 'NONE', #1768, #355 ) ;
#1327 = DIRECTION ( 'NONE',  ( -0.9971200000000000063, -0.07583999999999999075, 5.925332505655710579E-15 ) ) ;
#1328 = ORIENTED_EDGE ( 'NONE', *, *, #192, .F. ) ;
#1329 = LINE ( 'NONE', #626, #1188 ) ;
#1330 = ORIENTED_EDGE ( 'NONE', *, *, #1278, .T. ) ;
#1331 = ADVANCED_BREP_SHAPE_REPRESENTATION ( '¹Ùµð_ºÕ', ( #1001, #394 ), #116 ) ;
#1332 = ADVANCED_FACE ( 'NONE', ( #459 ), #1450, .F. ) ;
#1333 = CARTESIAN_POINT ( 'NONE',  ( -19.57106781186546840, 19.57106781186547551, -8.000000000000000000 ) ) ;
#1334 = CIRCLE ( 'NONE', #1481, 7.500000000000000000 ) ;
#1335 = CARTESIAN_POINT ( 'NONE',  ( -102.3106546854941996, 8.673617379884035472E-16, -21.76948005059927382 ) ) ;
#1336 = VECTOR ( 'NONE', #391, 1000.000000000000000 ) ;
#1337 = VECTOR ( 'NONE', #339, 1000.000000000000000 ) ;
#1338 = VECTOR ( 'NONE', #1394, 1000.000000000000000 ) ;
#1339 = CARTESIAN_POINT ( 'NONE',  ( -83.77403391999997950, -6.371773440000012556, -4.000000000000013323 ) ) ;
#1340 = AXIS2_PLACEMENT_3D ( 'NONE', #60, #173, #199 ) ;
#1341 = ORIENTED_EDGE ( 'NONE', *, *, #532, .F. ) ;
#1342 = CIRCLE ( 'NONE', #119, 1.500000000000001332 ) ;
#1343 = DIRECTION ( 'NONE',  ( 1.000000000000000000, 0.000000000000000000, 0.000000000000000000 ) ) ;
#1344 = ORIENTED_EDGE ( 'NONE', *, *, #1312, .T. ) ;
#1345 = CARTESIAN_POINT ( 'NONE',  ( -134.0000000000000000, 8.000000000000000000, -26.99999999999999645 ) ) ;
#1346 = DIRECTION ( 'NONE',  ( 1.275531967630005245E-16, 0.000000000000000000, -1.000000000000000000 ) ) ;
#1347 = CC_DESIGN_PERSON_AND_ORGANIZATION_ASSIGNMENT ( #1004, #1589, ( #628 ) ) ;
#1348 = EDGE_CURVE ( 'NONE', #1213, #1196, #320, .T. ) ;
#1349 = FACE_OUTER_BOUND ( 'NONE', #1727, .T. ) ;
#1350 = ORIENTED_EDGE ( 'NONE', *, *, #720, .T. ) ;
#1351 = DIRECTION ( 'NONE',  ( 0.9913272143855742513, 0.000000000000000000, -0.1314167189460218044 ) ) ;
#1352 = ORIENTED_EDGE ( 'NONE', *, *, #1577, .F. ) ;
#1353 = DIRECTION ( 'NONE',  ( -0.9971200000000000063, -0.07583999999999999075, 0.000000000000000000 ) ) ;
#1354 = ORIENTED_EDGE ( 'NONE', *, *, #1714, .F. ) ;
#1355 = DIRECTION ( 'NONE',  ( -2.091469854906452357E-16, -1.590752104020632987E-17, -1.000000000000000000 ) ) ;
#1356 = DIRECTION ( 'NONE',  ( -1.000000000000000000, 0.000000000000000000, 0.000000000000000000 ) ) ;
#1357 = CARTESIAN_POINT ( 'NONE',  ( -106.3222079589216804, -8.673617379884035472E-16, -20.99999999999999645 ) ) ;
#1358 = ORIENTED_EDGE ( 'NONE', *, *, #1533, .F. ) ;
#1359 = DIRECTION ( 'NONE',  ( 0.000000000000000000, 0.000000000000000000, 1.000000000000000000 ) ) ;
#1360 = ADVANCED_FACE ( 'NONE', ( #1349 ), #1496, .F. ) ;
#1361 = EDGE_LOOP ( 'NONE', ( #1154, #542 ) ) ;
#1362 = CARTESIAN_POINT ( 'NONE',  ( -1.965166079999999704, 25.83737344000000036, -3.999999999999989786 ) ) ;
#1363 = ORIENTED_EDGE ( 'NONE', *, *, #261, .T. ) ;
#1364 = FACE_BOUND ( 'NONE', #979, .T. ) ;
#1365 = DIRECTION ( 'NONE',  ( 0.000000000000000000, 0.000000000000000000, -1.000000000000000000 ) ) ;
#1366 = CARTESIAN_POINT ( 'NONE',  ( -62.83451391999998492, -4.779133440000013167, -15.00000000000000178 ) ) ;
#1367 = ORIENTED_EDGE ( 'NONE', *, *, #1716, .F. ) ;
#1368 = CARTESIAN_POINT ( 'NONE',  ( -105.7106739199999907, -8.040253440000013185, -20.99999999999999645 ) ) ;
#1369 = AXIS2_PLACEMENT_3D ( 'NONE', #706, #1725, #1002 ) ;
#1370 = VECTOR ( 'NONE', #920, 1000.000000000000000 ) ;
#1371 = CIRCLE ( 'NONE', #354, 7.500000000000000000 ) ;
#1372 = ORIENTED_EDGE ( 'NONE', *, *, #1794, .F. ) ;
#1373 = AXIS2_PLACEMENT_3D ( 'NONE', #257, #1359, #405 ) ;
#1374 = DIRECTION ( 'NONE',  ( -1.000000000000000000, 0.000000000000000000, -0.000000000000000000 ) ) ;
#1375 = ORIENTED_EDGE ( 'NONE', *, *, #1020, .F. ) ;
#1376 = CARTESIAN_POINT ( 'NONE',  ( -38.90363391999997589, -2.958973440000012278, -15.00000000000000178 ) ) ;
#1377 = VERTEX_POINT ( 'NONE', #844 ) ;
#1378 = CARTESIAN_POINT ( 'NONE',  ( -85.73919999999998254, 19.46559999999999491, -15.00000000000000178 ) ) ;
#1379 = VERTEX_POINT ( 'NONE', #246 ) ;
#1380 = CARTESIAN_POINT ( 'NONE',  ( -12.49999999999999645, 12.50000000000000000, 0.000000000000000000 ) ) ;
#1381 = EDGE_CURVE ( 'NONE', #1653, #1377, #959, .T. ) ;
#1382 = ORIENTED_EDGE ( 'NONE', *, *, #976, .T. ) ;
#1383 = EDGE_CURVE ( 'NONE', #1752, #1199, #1658, .T. ) ;
#1384 = EDGE_CURVE ( 'NONE', #227, #221, #264, .T. ) ;
#1385 = DIRECTION ( 'NONE',  ( 1.000000000000000000, 0.000000000000000000, 0.000000000000000000 ) ) ;
#1386 = DIRECTION ( 'NONE',  ( 1.000000000000000000, 0.000000000000000000, 0.000000000000000000 ) ) ;
#1387 = ORIENTED_EDGE ( 'NONE', *, *, #1633, .F. ) ;
#1388 = DIRECTION ( 'NONE',  ( 1.000000000000000000, 0.000000000000000000, 0.000000000000000000 ) ) ;
#1389 = ORIENTED_EDGE ( 'NONE', *, *, #585, .F. ) ;
#1390 = CYLINDRICAL_SURFACE ( 'NONE', #1811, 3.000000000000002665 ) ;
#1391 = VERTEX_POINT ( 'NONE', #1535 ) ;
#1392 = EDGE_CURVE ( 'NONE', #842, #1686, #403, .T. ) ;
#1393 = ADVANCED_FACE ( 'NONE', ( #1238 ), #989, .T. ) ;
#1394 = DIRECTION ( 'NONE',  ( -1.000000000000000000, 0.000000000000000000, 0.000000000000000000 ) ) ;
#1395 = CARTESIAN_POINT ( 'NONE',  ( -38.90363391999997589, -2.958973440000012278, -3.999999999999991562 ) ) ;
#1396 = VERTEX_POINT ( 'NONE', #1414 ) ;
#1397 = DIRECTION ( 'NONE',  ( 0.000000000000000000, 0.000000000000000000, -1.000000000000000000 ) ) ;
#1398 = AXIS2_PLACEMENT_3D ( 'NONE', #1380, #1242, #506 ) ;
#1399 = VERTEX_POINT ( 'NONE', #1246 ) ;
#1400 = AXIS2_PLACEMENT_3D ( 'NONE', #512, #938, #368 ) ;
#1401 = CARTESIAN_POINT ( 'NONE',  ( -21.07106781186546840, 5.428932188134528047, -8.000000000000000000 ) ) ;
#1402 = ORIENTED_EDGE ( 'NONE', *, *, #906, .T. ) ;
#1403 = VECTOR ( 'NONE', #73, 1000.000000000000000 ) ;
#1404 = LOCAL_TIME ( 23, 17, 42.00000000000000000, #1599 ) ;
#1405 = AXIS2_PLACEMENT_3D ( 'NONE', #437, #1143, #595 ) ;
#1406 = CARTESIAN_POINT ( 'NONE',  ( -3.928932188134521386, 19.57106781186547906, -8.000000000000000000 ) ) ;
#1407 = ORIENTED_EDGE ( 'NONE', *, *, #652, .T. ) ;
#1408 = LINE ( 'NONE', #845, #805 ) ;
#1409 = EDGE_CURVE ( 'NONE', #683, #1046, #410, .T. ) ;
#1410 = ORIENTED_EDGE ( 'NONE', *, *, #1437, .T. ) ;
#1411 = CARTESIAN_POINT ( 'NONE',  ( -6.928932188134521830, 5.428932188134529824, -8.000000000000000000 ) ) ;
#1412 = EDGE_LOOP ( 'NONE', ( #1116, #1538, #1780, #79 ) ) ;
#1413 = DIRECTION ( 'NONE',  ( -0.000000000000000000, -0.000000000000000000, 1.000000000000000000 ) ) ;
#1414 = CARTESIAN_POINT ( 'NONE',  ( -103.6873599999999840, 18.10047999999999035, -2.210214870538347309 ) ) ;
#1415 = CARTESIAN_POINT ( 'NONE',  ( -90.00000000000000000, 0.000000000000000000, -19.00000000000000000 ) ) ;
#1416 = CARTESIAN_POINT ( 'NONE',  ( -5.428932188134522718, 19.57106781186547906, -8.000000000000000000 ) ) ;
#1417 = EDGE_CURVE ( 'NONE', #9, #602, #1667, .T. ) ;
#1418 = DIRECTION ( 'NONE',  ( 1.000000000000000000, 0.000000000000000000, 0.000000000000000000 ) ) ;
#1419 = ORIENTED_EDGE ( 'NONE', *, *, #952, .T. ) ;
#1420 = DIRECTION ( 'NONE',  ( 0.000000000000000000, 0.000000000000000000, 1.000000000000000000 ) ) ;
#1421 = CARTESIAN_POINT ( 'NONE',  ( -12.49999999999999645, 12.50000000000000000, -18.00000000000000000 ) ) ;
#1422 = DIRECTION ( 'NONE',  ( 0.000000000000000000, 0.000000000000000000, 1.000000000000000000 ) ) ;
#1423 = CARTESIAN_POINT ( 'NONE',  ( -12.49999999999999645, 12.50000000000000000, -1.000000000000000000 ) ) ;
#1424 = VECTOR ( 'NONE', #1353, 1000.000000000000000 ) ;
#1425 = EDGE_LOOP ( 'NONE', ( #530, #729, #365, #694 ) ) ;
#1426 = AXIS2_PLACEMENT_3D ( 'NONE', #1025, #1173, #1603 ) ;
#1427 = CIRCLE ( 'NONE', #1756, 1.500000000000001332 ) ;
#1428 = CC_DESIGN_SECURITY_CLASSIFICATION ( #569, ( #628 ) ) ;
#1429 = DATE_TIME_ROLE ( 'creation_date' ) ;
#1430 = CARTESIAN_POINT ( 'NONE',  ( -89.02941882512631366, -6.771493023605575701, -15.00000000000000178 ) ) ;
#1431 = CARTESIAN_POINT ( 'NONE',  ( -102.3106546854941996, -3.469446951953614189E-15, -2.210214870538347309 ) ) ;
#1432 = CARTESIAN_POINT ( 'NONE',  ( -139.0000000000000000, 0.000000000000000000, 2.000000000000000000 ) ) ;
#1433 = DIRECTION ( 'NONE',  ( 0.000000000000000000, -0.000000000000000000, 1.000000000000000000 ) ) ;
#1434 = VERTEX_POINT ( 'NONE', #255 ) ;
#1435 = EDGE_CURVE ( 'NONE', #1434, #71, #1816, .T. ) ;
#1436 = EDGE_LOOP ( 'NONE', ( #971, #1762, #1491, #836 ) ) ;
#1437 = EDGE_CURVE ( 'NONE', #71, #1434, #538, .T. ) ;
#1438 = EDGE_CURVE ( 'NONE', #546, #13, #1279, .T. ) ;
#1439 = LINE ( 'NONE', #1292, #1518 ) ;
#1440 = CARTESIAN_POINT ( 'NONE',  ( -3.928932188134520498, 5.428932188134529824, -8.000000000000000000 ) ) ;
#1441 = DIRECTION ( 'NONE',  ( -0.9971200000000000063, -0.07583999999999999075, 0.000000000000000000 ) ) ;
#1442 = CARTESIAN_POINT ( 'NONE',  ( -12.49999999999999645, 12.50000000000000000, -1.000000000000000888 ) ) ;
#1443 = ORIENTED_EDGE ( 'NONE', *, *, #1695, .T. ) ;
#1444 = ORIENTED_EDGE ( 'NONE', *, *, #582, .T. ) ;
#1445 = DIRECTION ( 'NONE',  ( 0.000000000000000000, 0.000000000000000000, 1.000000000000000000 ) ) ;
#1446 = CARTESIAN_POINT ( 'NONE',  ( -101.7221939199999809, -7.736893440000013555, -21.76948005059927382 ) ) ;
#1447 = CARTESIAN_POINT ( 'NONE',  ( -19.57106781186546840, 5.428932188134528047, -8.000000000000000000 ) ) ;
#1448 = EDGE_CURVE ( 'NONE', #460, #546, #978, .T. ) ;
#1449 = LINE ( 'NONE', #1339, #1644 ) ;
#1450 = PLANE ( 'NONE',  #1426 ) ;
#1451 = EDGE_LOOP ( 'NONE', ( #1720, #1026, #1215, #1586 ) ) ;
#1452 = FACE_OUTER_BOUND ( 'NONE', #1719, .T. ) ;
#1453 = ORIENTED_EDGE ( 'NONE', *, *, #1202, .T. ) ;
#1454 = VECTOR ( 'NONE', #1009, 1000.000000000000000 ) ;
#1455 = APPROVAL_DATE_TIME ( #860, #17 ) ;
#1456 = CARTESIAN_POINT ( 'NONE',  ( -105.7106739199999907, -8.040253440000013185, -20.99999999999999645 ) ) ;
#1457 = CARTESIAN_POINT ( 'NONE',  ( -5.428932188134522718, 19.57106781186547906, 0.000000000000000000 ) ) ;
#1458 = AXIS2_PLACEMENT_3D ( 'NONE', #1840, #151, #1015 ) ;
#1459 = LOCAL_TIME ( 23, 17, 42.00000000000000000, #328 ) ;
#1460 = ADVANCED_FACE ( 'NONE', ( #678 ), #1680, .F. ) ;
#1461 = DIRECTION ( 'NONE',  ( -0.07584000000000000463, 0.9971200000000000063, -0.000000000000000000 ) ) ;
#1462 = ADVANCED_FACE ( 'NONE', ( #1813 ), #541, .F. ) ;
#1463 = ORIENTED_EDGE ( 'NONE', *, *, #371, .F. ) ;
#1464 = PLANE ( 'NONE',  #1250 ) ;
#1465 = ORIENTED_EDGE ( 'NONE', *, *, #1657, .F. ) ;
#1466 = PERSON_AND_ORGANIZATION ( #309, #1161 ) ;
#1467 = CARTESIAN_POINT ( 'NONE',  ( -42.13735558408213677, 0.000000000000000000, 0.000000000000000000 ) ) ;
#1468 = DIRECTION ( 'NONE',  ( -0.000000000000000000, -0.000000000000000000, 1.000000000000000000 ) ) ;
#1469 = DIRECTION ( 'NONE',  ( 1.000000000000000000, 0.000000000000000000, 0.000000000000000000 ) ) ;
#1470 = ORIENTED_EDGE ( 'NONE', *, *, #1142, .F. ) ;
#1471 = EDGE_CURVE ( 'NONE', #342, #1178, #1252, .T. ) ;
#1472 = DIRECTION ( 'NONE',  ( -1.000000000000000000, 0.000000000000000000, 0.000000000000000000 ) ) ;
#1473 = VERTEX_POINT ( 'NONE', #817 ) ;
#1474 = LINE ( 'NONE', #1480, #1637 ) ;
#1475 = CARTESIAN_POINT ( 'NONE',  ( -18.99999999999999645, 12.50000000000000000, -1.000000000000000888 ) ) ;
#1476 = LINE ( 'NONE', #310, #1048 ) ;
#1477 = VERTEX_POINT ( 'NONE', #110 ) ;
#1478 = DIRECTION ( 'NONE',  ( -0.000000000000000000, -0.000000000000000000, 1.000000000000000000 ) ) ;
#1479 = ORIENTED_EDGE ( 'NONE', *, *, #1029, .T. ) ;
#1480 = CARTESIAN_POINT ( 'NONE',  ( -1.965166079999999704, 25.83737344000000036, -15.00000000000000178 ) ) ;
#1481 = AXIS2_PLACEMENT_3D ( 'NONE', #514, #897, #311 ) ;
#1482 = DIRECTION ( 'NONE',  ( 1.000000000000000000, 0.000000000000000000, 0.000000000000000000 ) ) ;
#1483 = CIRCLE ( 'NONE', #1843, 7.500000000000000000 ) ;
#1484 = CARTESIAN_POINT ( 'NONE',  ( -21.07106781186546840, 5.428932188134528047, -8.000000000000000000 ) ) ;
#1485 = ORIENTED_EDGE ( 'NONE', *, *, #1063, .T. ) ;
#1486 = CIRCLE ( 'NONE', #686, 1.500000000000001332 ) ;
#1487 = AXIS2_PLACEMENT_3D ( 'NONE', #1812, #824, #1526 ) ;
#1488 = LINE ( 'NONE', #1203, #1554 ) ;
#1489 = EDGE_LOOP ( 'NONE', ( #1806, #1185, #1328, #424 ) ) ;
#1490 = DIRECTION ( 'NONE',  ( 1.000000000000000000, 0.000000000000000000, 0.000000000000000000 ) ) ;
#1491 = ORIENTED_EDGE ( 'NONE', *, *, #1521, .F. ) ;
#1492 = CARTESIAN_POINT ( 'NONE',  ( -128.0000000000000000, 8.000000000000000000, -26.99999999999999645 ) ) ;
#1493 = CARTESIAN_POINT ( 'NONE',  ( -12.49999999999999645, 12.50000000000000000, -18.00000000000000000 ) ) ;
#1494 = EDGE_CURVE ( 'NONE', #579, #536, #1256, .T. ) ;
#1495 = EDGE_CURVE ( 'NONE', #4, #1206, #550, .T. ) ;
#1496 = CYLINDRICAL_SURFACE ( 'NONE', #389, 3.000000000000002665 ) ;
#1497 = ORIENTED_EDGE ( 'NONE', *, *, #918, .T. ) ;
#1498 = CARTESIAN_POINT ( 'NONE',  ( -19.57106781186546840, 19.57106781186547551, -8.000000000000000000 ) ) ;
#1499 = EDGE_LOOP ( 'NONE', ( #1165, #1835 ) ) ;
#1500 = PLANE ( 'NONE',  #1841 ) ;
#1501 = ORIENTED_EDGE ( 'NONE', *, *, #1522, .T. ) ;
#1502 = DIRECTION ( 'NONE',  ( -0.07584000000000000463, 0.9971200000000000063, -0.000000000000000000 ) ) ;
#1503 = FACE_BOUND ( 'NONE', #86, .T. ) ;
#1504 = DIRECTION ( 'NONE',  ( -0.000000000000000000, -0.000000000000000000, 1.000000000000000000 ) ) ;
#1505 = ORIENTED_EDGE ( 'NONE', *, *, #1409, .T. ) ;
#1506 = EDGE_CURVE ( 'NONE', #13, #546, #235, .T. ) ;
#1507 = FACE_OUTER_BOUND ( 'NONE', #1800, .T. ) ;
#1508 = ORIENTED_EDGE ( 'NONE', *, *, #166, .F. ) ;
#1509 = FACE_OUTER_BOUND ( 'NONE', #99, .T. ) ;
#1510 = VERTEX_POINT ( 'NONE', #466 ) ;
#1511 = FACE_BOUND ( 'NONE', #869, .T. ) ;
#1512 = CARTESIAN_POINT ( 'NONE',  ( -3.928932188134520498, 5.428932188134529824, -8.000000000000000000 ) ) ;
#1513 = EDGE_LOOP ( 'NONE', ( #1254, #785, #218, #1630 ) ) ;
#1514 = DIRECTION ( 'NONE',  ( -0.4705882352941168634, 0.000000000000000000, 0.8823529411764710062 ) ) ;
#1515 = CIRCLE ( 'NONE', #802, 3.000000000000002665 ) ;
#1516 = EDGE_CURVE ( 'NONE', #579, #1297, #879, .T. ) ;
#1517 = VECTOR ( 'NONE', #1698, 1000.000000000000000 ) ;
#1518 = VECTOR ( 'NONE', #1148, 1000.000000000000000 ) ;
#1519 = ORIENTED_EDGE ( 'NONE', *, *, #1794, .T. ) ;
#1520 = CC_DESIGN_APPROVAL ( #242, ( #628 ) ) ;
#1521 = EDGE_CURVE ( 'NONE', #701, #1065, #604, .T. ) ;
#1522 = EDGE_CURVE ( 'NONE', #1275, #1145, #280, .T. ) ;
#1523 = CARTESIAN_POINT ( 'NONE',  ( -64.79967999999998085, 21.05823999999999785, -3.999999999999986233 ) ) ;
#1524 = ORIENTED_EDGE ( 'NONE', *, *, #1020, .T. ) ;
#1525 = VECTOR ( 'NONE', #1327, 1000.000000000000000 ) ;
#1526 = DIRECTION ( 'NONE',  ( 1.000000000000000000, 0.000000000000000000, -0.000000000000000000 ) ) ;
#1527 = DIRECTION ( 'NONE',  ( -1.000000000000000000, 0.000000000000000000, 0.000000000000000000 ) ) ;
#1528 = ORIENTED_EDGE ( 'NONE', *, *, #229, .T. ) ;
#1529 = CARTESIAN_POINT ( 'NONE',  ( -131.0000000000000000, -1.214306433183764966E-14, 2.000000000000004441 ) ) ;
#1530 = ORIENTED_EDGE ( 'NONE', *, *, #134, .F. ) ;
#1531 = LINE ( 'NONE', #1253, #1785 ) ;
#1532 = ORIENTED_EDGE ( 'NONE', *, *, #1177, .F. ) ;
#1533 = EDGE_CURVE ( 'NONE', #1028, #496, #741, .T. ) ;
#1534 = CARTESIAN_POINT ( 'NONE',  ( -103.6873599999999698, 18.10048000000000457, -26.99999999999999645 ) ) ;
#1535 = CARTESIAN_POINT ( 'NONE',  ( -84.25866495507057152, -2.602085213965210642E-15, -4.000000000000013323 ) ) ;
#1536 = EDGE_LOOP ( 'NONE', ( #1773, #1372, #237, #451 ) ) ;
#1537 = DIRECTION ( 'NONE',  ( 0.000000000000000000, -0.000000000000000000, 1.000000000000000000 ) ) ;
#1538 = ORIENTED_EDGE ( 'NONE', *, *, #1348, .T. ) ;
#1539 = DIRECTION ( 'NONE',  ( -0.9971200000000000063, -0.07584000000000000463, 0.000000000000000000 ) ) ;
#1540 = ORIENTED_EDGE ( 'NONE', *, *, #147, .F. ) ;
#1541 = EDGE_CURVE ( 'NONE', #498, #9, #1191, .T. ) ;
#1542 = ADVANCED_FACE ( 'NONE', ( #307 ), #1600, .F. ) ;
#1543 = DIRECTION ( 'NONE',  ( 1.000000000000000000, 0.000000000000000000, 0.000000000000000000 ) ) ;
#1544 = CARTESIAN_POINT ( 'NONE',  ( -6.928932188134524495, 19.57106781186547906, -8.000000000000000000 ) ) ;
#1545 = VERTEX_POINT ( 'NONE', #1283 ) ;
#1546 = DIRECTION ( 'NONE',  ( -0.000000000000000000, -0.000000000000000000, -1.000000000000000000 ) ) ;
#1547 = VECTOR ( 'NONE', #431, 1000.000000000000000 ) ;
#1548 = LINE ( 'NONE', #1572, #1104 ) ;
#1549 = VECTOR ( 'NONE', #1784, 1000.000000000000114 ) ;
#1550 = CARTESIAN_POINT ( 'NONE',  ( -1.965166079999999704, 25.83737344000000036, -15.00000000000000000 ) ) ;
#1551 = ORIENTED_EDGE ( 'NONE', *, *, #1409, .F. ) ;
#1552 = CIRCLE ( 'NONE', #863, 3.000000000000002665 ) ;
#1553 = VECTOR ( 'NONE', #214, 1000.000000000000000 ) ;
#1554 = VECTOR ( 'NONE', #1602, 1000.000000000000000 ) ;
#1555 = FACE_BOUND ( 'NONE', #1618, .T. ) ;
#1556 = CARTESIAN_POINT ( 'NONE',  ( -19.57106781186546840, 19.57106781186547551, -8.000000000000000000 ) ) ;
#1557 = CARTESIAN_POINT ( 'NONE',  ( -89.65464293599245593, 19.16779512970789412, -18.81580956586264364 ) ) ;
#1558 = EDGE_CURVE ( 'NONE', #1745, #256, #1483, .T. ) ;
#1559 = ADVANCED_FACE ( 'NONE', ( #1005, #136 ), #1014, .T. ) ;
#1560 = LINE ( 'NONE', #865, #1129 ) ;
#1561 = PLANE ( 'NONE',  #139 ) ;
#1562 = VERTEX_POINT ( 'NONE', #286 ) ;
#1563 = CYLINDRICAL_SURFACE ( 'NONE', #960, 1.500000000000001332 ) ;
#1564 = DIRECTION ( 'NONE',  ( 0.000000000000000000, 0.000000000000000000, 1.000000000000000000 ) ) ;
#1565 = FACE_OUTER_BOUND ( 'NONE', #775, .T. ) ;
#1566 = ADVANCED_FACE ( 'NONE', ( #6 ), #426, .F. ) ;
#1567 = DIRECTION ( 'NONE',  ( -0.000000000000000000, -0.000000000000000000, 1.000000000000000000 ) ) ;
#1568 = LINE ( 'NONE', #1411, #955 ) ;
#1569 = VERTEX_POINT ( 'NONE', #15 ) ;
#1570 = LINE ( 'NONE', #1308, #324 ) ;
#1571 = DIRECTION ( 'NONE',  ( 0.000000000000000000, 0.000000000000000000, 1.000000000000000000 ) ) ;
#1572 = CARTESIAN_POINT ( 'NONE',  ( -20.95547391999997444, -1.593853440000011279, -3.999999999999991562 ) ) ;
#1573 = EDGE_CURVE ( 'NONE', #602, #517, #1042, .T. ) ;
#1574 = CARTESIAN_POINT ( 'NONE',  ( 0.000000000000000000, 0.000000000000000000, -3.999999999999991562 ) ) ;
#1575 = VECTOR ( 'NONE', #682, 1000.000000000000000 ) ;
#1576 = EDGE_LOOP ( 'NONE', ( #1407, #1470, #41, #792 ) ) ;
#1577 = EDGE_CURVE ( 'NONE', #363, #1639, #1570, .T. ) ;
#1578 = AXIS2_PLACEMENT_3D ( 'NONE', #1447, #1309, #180 ) ;
#1579 = LOCAL_TIME ( 23, 17, 42.00000000000000000, #1291 ) ;
#1580 = ORIENTED_EDGE ( 'NONE', *, *, #1078, .T. ) ;
#1581 = COORDINATED_UNIVERSAL_TIME_OFFSET ( 9, 0, .AHEAD. ) ;
#1582 = LINE ( 'NONE', #732, #624 ) ;
#1583 = CARTESIAN_POINT ( 'NONE',  ( -22.92063999999997392, 24.24352000000000373, -26.99999999999999645 ) ) ;
#1584 = CARTESIAN_POINT ( 'NONE',  ( -41.89499391999997613, -3.186493440000010668, -15.00000000000000178 ) ) ;
#1585 = DIRECTION ( 'NONE',  ( 1.000000000000000000, 0.000000000000000000, 0.000000000000000000 ) ) ;
#1586 = ORIENTED_EDGE ( 'NONE', *, *, #1438, .T. ) ;
#1587 = ADVANCED_FACE ( 'NONE', ( #1133 ), #150, .F. ) ;
#1588 = ORIENTED_EDGE ( 'NONE', *, *, #597, .F. ) ;
#1589 = PERSON_AND_ORGANIZATION_ROLE ( 'design_supplier' ) ;
#1590 = CARTESIAN_POINT ( 'NONE',  ( -131.0000000000000000, -1.214306433183764966E-14, -26.99999999999999645 ) ) ;
#1591 = DIRECTION ( 'NONE',  ( 0.9971200000000000063, 0.07583999999999997688, 0.000000000000000000 ) ) ;
#1592 = DIRECTION ( 'NONE',  ( -0.000000000000000000, -0.000000000000000000, 1.000000000000000000 ) ) ;
#1593 = PLANE ( 'NONE',  #170 ) ;
#1594 = EDGE_LOOP ( 'NONE', ( #75, #285, #182, #1354 ) ) ;
#1595 = DIRECTION ( 'NONE',  ( 1.000000000000000000, 0.000000000000000000, 0.000000000000000000 ) ) ;
#1596 = ORIENTED_EDGE ( 'NONE', *, *, #216, .F. ) ;
#1597 = CC_DESIGN_PERSON_AND_ORGANIZATION_ASSIGNMENT ( #455, #878, ( #569 ) ) ;
#1598 = EDGE_CURVE ( 'NONE', #1275, #1639, #568, .T. ) ;
#1599 = COORDINATED_UNIVERSAL_TIME_OFFSET ( 9, 0, .AHEAD. ) ;
#1600 = PLANE ( 'NONE',  #893 ) ;
#1601 = DIRECTION ( 'NONE',  ( 1.000000000000000000, 0.000000000000000000, 0.000000000000000000 ) ) ;
#1602 = DIRECTION ( 'NONE',  ( -0.000000000000000000, -0.000000000000000000, 1.000000000000000000 ) ) ;
#1603 = DIRECTION ( 'NONE',  ( 0.07584000000000000463, -0.9971200000000000063, 0.000000000000000000 ) ) ;
#1604 = EDGE_LOOP ( 'NONE', ( #1073, #195, #375, #209 ) ) ;
#1605 = CYLINDRICAL_SURFACE ( 'NONE', #807, 1.500000000000001332 ) ;
#1606 = ORIENTED_EDGE ( 'NONE', *, *, #216, .T. ) ;
#1607 = AXIS2_PLACEMENT_3D ( 'NONE', #313, #33, #1595 ) ;
#1608 = AXIS2_PLACEMENT_3D ( 'NONE', #837, #420, #852 ) ;
#1609 = AXIS2_PLACEMENT_3D ( 'NONE', #949, #825, #1386 ) ;
#1610 = CARTESIAN_POINT ( 'NONE',  ( -105.7106739199999907, -8.040253440000013185, -20.99999999999999645 ) ) ;
#1611 = LINE ( 'NONE', #165, #657 ) ;
#1612 = AXIS2_PLACEMENT_3D ( 'NONE', #1493, #787, #1356 ) ;
#1613 = EDGE_CURVE ( 'NONE', #498, #517, #1439, .T. ) ;
#1614 = LINE ( 'NONE', #187, #1163 ) ;
#1615 = VECTOR ( 'NONE', #576, 1000.000000000000000 ) ;
#1616 = ORIENTED_EDGE ( 'NONE', *, *, #93, .F. ) ;
#1617 = DIRECTION ( 'NONE',  ( 1.000000000000000000, 0.000000000000000000, 0.000000000000000000 ) ) ;
#1618 = EDGE_LOOP ( 'NONE', ( #916, #849 ) ) ;
#1619 = CYLINDRICAL_SURFACE ( 'NONE', #1307, 1.500000000000001332 ) ;
#1620 = CARTESIAN_POINT ( 'NONE',  ( 0.000000000000000000, 0.000000000000000000, -15.00000000000000178 ) ) ;
#1621 = ORIENTED_EDGE ( 'NONE', *, *, #1301, .T. ) ;
#1622 = CARTESIAN_POINT ( 'NONE',  ( -3.928932188134521386, 19.57106781186547906, -8.000000000000000000 ) ) ;
#1623 = ORIENTED_EDGE ( 'NONE', *, *, #987, .F. ) ;
#1624 = UNCERTAINTY_MEASURE_WITH_UNIT (LENGTH_MEASURE( 1.000000000000000082E-05 ), #1852, 'distance_accuracy_value', 'NONE');
#1625 = DIRECTION ( 'NONE',  ( -0.000000000000000000, 0.000000000000000000, 1.000000000000000000 ) ) ;
#1626 = ORIENTED_EDGE ( 'NONE', *, *, #1761, .F. ) ;
#1627 = DIRECTION ( 'NONE',  ( -1.000000000000000000, 0.000000000000000000, 0.000000000000000000 ) ) ;
#1628 = CYLINDRICAL_SURFACE ( 'NONE', #448, 1.500000000000000444 ) ;
#1629 = CARTESIAN_POINT ( 'NONE',  ( -19.99999999999999645, 12.50000000000000000, -18.00000000000000000 ) ) ;
#1630 = ORIENTED_EDGE ( 'NONE', *, *, #976, .F. ) ;
#1631 = DIRECTION ( 'NONE',  ( 1.000000000000000000, 0.000000000000000000, -5.908267548039422404E-15 ) ) ;
#1632 = EDGE_LOOP ( 'NONE', ( #1508, #1316 ) ) ;
#1633 = EDGE_CURVE ( 'NONE', #502, #1065, #1582, .T. ) ;
#1634 = CARTESIAN_POINT ( 'NONE',  ( -6.928932188134524495, 19.57106781186547906, -8.000000000000000000 ) ) ;
#1635 = AXIS2_PLACEMENT_3D ( 'NONE', #21, #1735, #598 ) ;
#1636 = CYLINDRICAL_SURFACE ( 'NONE', #714, 1.500000000000000444 ) ;
#1637 = VECTOR ( 'NONE', #1077, 1000.000000000000000 ) ;
#1638 = DIRECTION ( 'NONE',  ( -0.000000000000000000, -0.000000000000000000, -1.000000000000000000 ) ) ;
#1639 = VERTEX_POINT ( 'NONE', #1590 ) ;
#1640 = CIRCLE ( 'NONE', #268, 12.49999999999999645 ) ;
#1641 = DIRECTION ( 'NONE',  ( -0.9971200000000000063, -0.07583999999999999075, 0.000000000000000000 ) ) ;
#1642 = CIRCLE ( 'NONE', #208, 1.500000000000001332 ) ;
#1643 = ORIENTED_EDGE ( 'NONE', *, *, #20, .F. ) ;
#1644 = VECTOR ( 'NONE', #1461, 1000.000000000000000 ) ;
#1645 = CARTESIAN_POINT ( 'NONE',  ( -43.86015999999997916, 22.65087999999999369, -15.00000000000000178 ) ) ;
#1646 = VERTEX_POINT ( 'NONE', #185 ) ;
#1647 = ADVANCED_FACE ( 'NONE', ( #786, #1364 ), #62, .T. ) ;
#1648 = DIRECTION ( 'NONE',  ( -0.000000000000000000, 0.000000000000000000, 1.000000000000000000 ) ) ;
#1649 = CYLINDRICAL_SURFACE ( 'NONE', #1612, 7.500000000000000000 ) ;
#1650 = LINE ( 'NONE', #372, #138 ) ;
#1651 = ORIENTED_EDGE ( 'NONE', *, *, #1228, .F. ) ;
#1652 = DIRECTION ( 'NONE',  ( 1.000000000000000000, 0.000000000000000000, -0.000000000000000000 ) ) ;
#1653 = VERTEX_POINT ( 'NONE', #329 ) ;
#1654 = LINE ( 'NONE', #243, #1575 ) ;
#1655 = ORIENTED_EDGE ( 'NONE', *, *, #1541, .T. ) ;
#1656 = CARTESIAN_POINT ( 'NONE',  ( -139.0000000000000000, 25.00000000000000000, -26.99999999999999645 ) ) ;
#1657 = EDGE_CURVE ( 'NONE', #1562, #1003, #1749, .T. ) ;
#1658 = LINE ( 'NONE', #1544, #1072 ) ;
#1659 = ORIENTED_EDGE ( 'NONE', *, *, #652, .F. ) ;
#1660 = CARTESIAN_POINT ( 'NONE',  ( -90.00000000000000000, 25.00000000000000000, -19.00000000000000000 ) ) ;
#1661 = ADVANCED_FACE ( 'NONE', ( #357 ), #620, .T. ) ;
#1662 = ADVANCED_FACE ( 'NONE', ( #499, #1325 ), #1187, .F. ) ;
#1663 = ORIENTED_EDGE ( 'NONE', *, *, #1705, .T. ) ;
#1664 = DIRECTION ( 'NONE',  ( 1.000000000000000000, 0.000000000000000000, 0.000000000000000000 ) ) ;
#1665 = EDGE_LOOP ( 'NONE', ( #719, #353, #673, #1551 ) ) ;
#1666 = AXIS2_PLACEMENT_3D ( 'NONE', #40, #1047, #1472 ) ;
#1667 = LINE ( 'NONE', #101, #1336 ) ;
#1668 = EDGE_LOOP ( 'NONE', ( #553, #69, #661, #247 ) ) ;
#1669 = PLANE ( 'NONE',  #572 ) ;
#1670 = AXIS2_PLACEMENT_3D ( 'NONE', #1271, #1839, #379 ) ;
#1671 = VECTOR ( 'NONE', #1108, 1000.000000000000000 ) ;
#1672 = EDGE_CURVE ( 'NONE', #1085, #1702, #1474, .T. ) ;
#1673 = LOCAL_TIME ( 23, 17, 42.00000000000000000, #760 ) ;
#1674 = ORIENTED_EDGE ( 'NONE', *, *, #409, .T. ) ;
#1675 = CIRCLE ( 'NONE', #55, 3.000000000000002665 ) ;
#1676 = DIRECTION ( 'NONE',  ( 0.000000000000000000, 0.000000000000000000, -1.000000000000000000 ) ) ;
#1677 = ORIENTED_EDGE ( 'NONE', *, *, #940, .F. ) ;
#1678 = AXIS2_PLACEMENT_3D ( 'NONE', #1734, #981, #1007 ) ;
#1679 = CARTESIAN_POINT ( 'NONE',  ( -38.90363391999997589, -2.958973440000012278, -15.00000000000000178 ) ) ;
#1680 = PLANE ( 'NONE',  #201 ) ;
#1681 = VERTEX_POINT ( 'NONE', #493 ) ;
#1682 = DIRECTION ( 'NONE',  ( 1.000000000000000000, 0.000000000000000000, 0.000000000000000000 ) ) ;
#1683 = EDGE_LOOP ( 'NONE', ( #1663, #397, #97, #1764 ) ) ;
#1684 = EDGE_CURVE ( 'NONE', #148, #1085, #338, .T. ) ;
#1685 = FACE_BOUND ( 'NONE', #707, .T. ) ;
#1686 = VERTEX_POINT ( 'NONE', #1050 ) ;
#1687 = FACE_OUTER_BOUND ( 'NONE', #300, .T. ) ;
#1688 = CARTESIAN_POINT ( 'NONE',  ( -0.07462656000000000844, 25.98116608000000483, -19.00000000000000000 ) ) ;
#1689 = ORIENTED_EDGE ( 'NONE', *, *, #1836, .T. ) ;
#1690 = CARTESIAN_POINT ( 'NONE',  ( -12.49999999999999645, 12.50000000000000000, -26.99999999999999645 ) ) ;
#1691 = EDGE_LOOP ( 'NONE', ( #1095, #1322, #1019, #876 ) ) ;
#1692 = LINE ( 'NONE', #1550, #321 ) ;
#1693 = EDGE_LOOP ( 'NONE', ( #1296, #211, #367, #1037 ) ) ;
#1694 = ADVANCED_FACE ( 'NONE', ( #795 ), #1619, .F. ) ;
#1695 = EDGE_CURVE ( 'NONE', #1049, #701, #612, .T. ) ;
#1696 = PLANE ( 'NONE',  #1255 ) ;
#1697 = CARTESIAN_POINT ( 'NONE',  ( -5.428932188134520942, 5.428932188134529824, 0.000000000000000000 ) ) ;
#1698 = DIRECTION ( 'NONE',  ( 0.000000000000000000, 0.000000000000000000, -1.000000000000000000 ) ) ;
#1699 = CARTESIAN_POINT ( 'NONE',  ( -41.89499391999997613, -3.186493440000010668, -3.999999999999991562 ) ) ;
#1700 = VECTOR ( 'NONE', #236, 1000.000000000000000 ) ;
#1701 = FACE_OUTER_BOUND ( 'NONE', #1101, .T. ) ;
#1702 = VERTEX_POINT ( 'NONE', #930 ) ;
#1703 = VECTOR ( 'NONE', #1365, 1000.000000000000000 ) ;
#1704 = AXIS2_PLACEMENT_3D ( 'NONE', #1770, #641, #531 ) ;
#1705 = EDGE_CURVE ( 'NONE', #1747, #1247, #1216, .T. ) ;
#1706 = FACE_OUTER_BOUND ( 'NONE', #302, .T. ) ;
#1707 = DIRECTION ( 'NONE',  ( 0.000000000000000000, 0.000000000000000000, -1.000000000000000000 ) ) ;
#1708 = FACE_OUTER_BOUND ( 'NONE', #1738, .T. ) ;
#1709 = CARTESIAN_POINT ( 'NONE',  ( -18.99999999999999645, 12.50000000000000000, -18.00000000000000000 ) ) ;
#1710 = CARTESIAN_POINT ( 'NONE',  ( -6.928932188134524495, 19.57106781186547906, 0.000000000000000000 ) ) ;
#1711 = ORIENTED_EDGE ( 'NONE', *, *, #1167, .T. ) ;
#1712 = SECURITY_CLASSIFICATION_LEVEL ( 'unclassified' ) ;
#1713 = DIRECTION ( 'NONE',  ( 1.000000000000000000, 0.000000000000000000, 0.000000000000000000 ) ) ;
#1714 = EDGE_CURVE ( 'NONE', #536, #1399, #484, .T. ) ;
#1715 = CARTESIAN_POINT ( 'NONE',  ( 0.000000000000000000, 0.000000000000000000, -3.999999999999991562 ) ) ;
#1716 = EDGE_CURVE ( 'NONE', #240, #472, #1222, .T. ) ;
#1717 = CARTESIAN_POINT ( 'NONE',  ( -90.00000000000000000, 19.14152759948652616, -18.99999999999999645 ) ) ;
#1718 = LINE ( 'NONE', #571, #770 ) ;
#1719 = EDGE_LOOP ( 'NONE', ( #643, #377, #406, #671 ) ) ;
#1720 = ORIENTED_EDGE ( 'NONE', *, *, #1167, .F. ) ;
#1721 = DIRECTION ( 'NONE',  ( -0.07584000000000000463, 0.9971200000000000063, 0.000000000000000000 ) ) ;
#1722 = LINE ( 'NONE', #566, #986 ) ;
#1723 = ORIENTED_EDGE ( 'NONE', *, *, #757, .T. ) ;
#1724 = EDGE_CURVE ( 'NONE', #77, #1510, #1066, .T. ) ;
#1725 = DIRECTION ( 'NONE',  ( -0.000000000000000000, 0.000000000000000000, 1.000000000000000000 ) ) ;
#1726 = AXIS2_PLACEMENT_3D ( 'NONE', #1235, #78, #1793 ) ;
#1727 = EDGE_LOOP ( 'NONE', ( #1802, #928, #721, #1174 ) ) ;
#1728 = AXIS2_PLACEMENT_3D ( 'NONE', #1430, #1707, #298 ) ;
#1729 = VECTOR ( 'NONE', #1300, 1000.000000000000000 ) ;
#1730 = ORIENTED_EDGE ( 'NONE', *, *, #1212, .F. ) ;
#1731 = PERSON_AND_ORGANIZATION_ROLE ( 'creator' ) ;
#1732 = DIRECTION ( 'NONE',  ( -0.000000000000000000, -0.000000000000000000, 1.000000000000000000 ) ) ;
#1733 = CARTESIAN_POINT ( 'NONE',  ( -105.0000000000000142, 0.000000000000000000, 2.000000000000004441 ) ) ;
#1734 = CARTESIAN_POINT ( 'NONE',  ( -131.0000000000000000, 8.000000000000000000, -20.99999999999998934 ) ) ;
#1735 = DIRECTION ( 'NONE',  ( 0.000000000000000000, 0.000000000000000000, -1.000000000000000000 ) ) ;
#1736 = ORIENTED_EDGE ( 'NONE', *, *, #723, .T. ) ;
#1737 = FACE_OUTER_BOUND ( 'NONE', #1489, .T. ) ;
#1738 = EDGE_LOOP ( 'NONE', ( #968, #1485, #921, #873 ) ) ;
#1739 = EDGE_CURVE ( 'NONE', #23, #223, #773, .T. ) ;
#1740 = DATE_TIME_ROLE ( 'classification_date' ) ;
#1741 = DIRECTION ( 'NONE',  ( -1.000000000000000000, 0.000000000000000000, 0.000000000000000000 ) ) ;
#1742 = DIRECTION ( 'NONE',  ( 0.000000000000000000, 0.000000000000000000, 1.000000000000000000 ) ) ;
#1743 = LINE ( 'NONE', #1751, #809 ) ;
#1744 = CARTESIAN_POINT ( 'NONE',  ( -128.0000000000000000, 8.000000000000000000, -26.99999999999999645 ) ) ;
#1745 = VERTEX_POINT ( 'NONE', #347 ) ;
#1746 = CARTESIAN_POINT ( 'NONE',  ( -106.3222079589216804, 0.000000000000000000, 0.000000000000000000 ) ) ;
#1747 = VERTEX_POINT ( 'NONE', #919 ) ;
#1748 = EDGE_CURVE ( 'NONE', #335, #3, #205, .T. ) ;
#1749 = LINE ( 'NONE', #761, #1156 ) ;
#1750 = CARTESIAN_POINT ( 'NONE',  ( -5.428932188134522718, 19.57106781186547906, -8.000000000000000000 ) ) ;
#1751 = CARTESIAN_POINT ( 'NONE',  ( -26.55298201265525293, 23.96724751700921274, 19.36885487598449274 ) ) ;
#1752 = VERTEX_POINT ( 'NONE', #1634 ) ;
#1753 = CARTESIAN_POINT ( 'NONE',  ( 0.000000000000000000, 0.000000000000000000, -15.00000000000000178 ) ) ;
#1754 = EDGE_LOOP ( 'NONE', ( #1367, #454, #258, #1626 ) ) ;
#1755 = AXIS2_PLACEMENT_3D ( 'NONE', #423, #1018, #1585 ) ;
#1756 = AXIS2_PLACEMENT_3D ( 'NONE', #1498, #951, #1682 ) ;
#1757 = AXIS2_PLACEMENT_3D ( 'NONE', #777, #903, #43 ) ;
#1758 = CARTESIAN_POINT ( 'NONE',  ( -1.965166079999999704, 25.83737344000000036, -3.999999999999989786 ) ) ;
#1759 = DIRECTION ( 'NONE',  ( -0.8823529411764710062, 0.000000000000000000, -0.4705882352941168634 ) ) ;
#1760 = VECTOR ( 'NONE', #461, 1000.000000000000000 ) ;
#1761 = EDGE_CURVE ( 'NONE', #472, #1178, #1207, .T. ) ;
#1762 = ORIENTED_EDGE ( 'NONE', *, *, #723, .F. ) ;
#1763 = DIRECTION ( 'NONE',  ( -0.000000000000000000, -1.000000000000000000, -0.000000000000000000 ) ) ;
#1764 = ORIENTED_EDGE ( 'NONE', *, *, #447, .T. ) ;
#1765 = CARTESIAN_POINT ( 'NONE',  ( -85.73919999999996833, 19.46560000000000556, -4.000000000000014211 ) ) ;
#1766 = ORIENTED_EDGE ( 'NONE', *, *, #929, .T. ) ;
#1767 = DIRECTION ( 'NONE',  ( 0.000000000000000000, 0.000000000000000000, -1.000000000000000000 ) ) ;
#1768 = CARTESIAN_POINT ( 'NONE',  ( -4.999999999999997335, 12.50000000000000000, -1.000000000000000000 ) ) ;
#1769 = ADVANCED_FACE ( 'NONE', ( #245 ), #272, .F. ) ;
#1770 = CARTESIAN_POINT ( 'NONE',  ( -101.7221939199999809, -7.736893440000013555, -21.76948005059927382 ) ) ;
#1771 = EDGE_CURVE ( 'NONE', #496, #31, #135, .T. ) ;
#1772 = ADVANCED_FACE ( 'NONE', ( #100 ), #1563, .F. ) ;
#1773 = ORIENTED_EDGE ( 'NONE', *, *, #1516, .T. ) ;
#1774 = LINE ( 'NONE', #1746, #1194 ) ;
#1775 = ORIENTED_EDGE ( 'NONE', *, *, #1186, .T. ) ;
#1776 = DIRECTION ( 'NONE',  ( -1.000000000000000000, 0.000000000000000000, -1.275531967630005245E-16 ) ) ;
#1777 = FACE_BOUND ( 'NONE', #507, .T. ) ;
#1778 = ORIENTED_EDGE ( 'NONE', *, *, #1166, .T. ) ;
#1779 = FACE_OUTER_BOUND ( 'NONE', #1691, .T. ) ;
#1780 = ORIENTED_EDGE ( 'NONE', *, *, #997, .T. ) ;
#1781 = ADVANCED_FACE ( 'NONE', ( #1282 ), #850, .T. ) ;
#1782 = CARTESIAN_POINT ( 'NONE',  ( -90.00000000000000000, 25.00000000000000000, -19.00000000000000000 ) ) ;
#1783 = VERTEX_POINT ( 'NONE', #961 ) ;
#1784 = DIRECTION ( 'NONE',  ( 0.9913272143855742513, 0.000000000000000000, -0.1314167189460218044 ) ) ;
#1785 = VECTOR ( 'NONE', #1819, 1000.000000000000000 ) ;
#1786 = DIRECTION ( 'NONE',  ( -0.000000000000000000, -0.000000000000000000, 1.000000000000000000 ) ) ;
#1787 = VECTOR ( 'NONE', #94, 1000.000000000000000 ) ;
#1788 = CARTESIAN_POINT ( 'NONE',  ( 0.000000000000000000, 25.00000000000000000, -19.00000000000000000 ) ) ;
#1789 = ORIENTED_EDGE ( 'NONE', *, *, #1827, .F. ) ;
#1790 = VECTOR ( 'NONE', #275, 1000.000000000000000 ) ;
#1791 = DIRECTION ( 'NONE',  ( -0.07584000000000000463, 0.9971200000000000063, -0.000000000000000000 ) ) ;
#1792 = ORIENTED_EDGE ( 'NONE', *, *, #1521, .T. ) ;
#1793 = DIRECTION ( 'NONE',  ( 1.000000000000000000, 0.000000000000000000, 0.000000000000000000 ) ) ;
#1794 = EDGE_CURVE ( 'NONE', #1396, #1297, #1821, .T. ) ;
#1795 = ORIENTED_EDGE ( 'NONE', *, *, #203, .F. ) ;
#1796 = LINE ( 'NONE', #521, #481 ) ;
#1797 = DIRECTION ( 'NONE',  ( -0.07583999999999999075, 0.9971200000000000063, 0.000000000000000000 ) ) ;
#1798 = ORIENTED_EDGE ( 'NONE', *, *, #1437, .F. ) ;
#1799 = DIRECTION ( 'NONE',  ( -0.07584000000000000463, 0.9971200000000000063, -0.000000000000000000 ) ) ;
#1800 = EDGE_LOOP ( 'NONE', ( #1677, #296, #1524, #483 ) ) ;
#1801 = FACE_OUTER_BOUND ( 'NONE', #608, .T. ) ;
#1802 = ORIENTED_EDGE ( 'NONE', *, *, #67, .F. ) ;
#1803 = PRODUCT_DEFINITION ( 'UNKNOWN', '', #628, #1197 ) ;
#1804 = ADVANCED_FACE ( 'NONE', ( #1706 ), #1696, .F. ) ;
#1805 = DIRECTION ( 'NONE',  ( -1.000000000000000000, 0.000000000000000000, -0.000000000000000000 ) ) ;
#1806 = ORIENTED_EDGE ( 'NONE', *, *, #344, .T. ) ;
#1807 = DIRECTION ( 'NONE',  ( 1.000000000000000000, 0.000000000000000000, 0.000000000000000000 ) ) ;
#1808 = ORIENTED_EDGE ( 'NONE', *, *, #508, .T. ) ;
#1809 = CARTESIAN_POINT ( 'NONE',  ( -131.0000000000000000, 8.000000000000000000, -26.99999999999999645 ) ) ;
#1810 = ORIENTED_EDGE ( 'NONE', *, *, #1494, .T. ) ;
#1811 = AXIS2_PLACEMENT_3D ( 'NONE', #1809, #526, #1664 ) ;
#1812 = CARTESIAN_POINT ( 'NONE',  ( -19.57106781186546840, 5.428932188134528047, -8.000000000000000000 ) ) ;
#1813 = FACE_OUTER_BOUND ( 'NONE', #935, .T. ) ;
#1814 = ORIENTED_EDGE ( 'NONE', *, *, #929, .F. ) ;
#1815 = DIRECTION ( 'NONE',  ( -0.000000000000000000, -0.000000000000000000, 1.000000000000000000 ) ) ;
#1816 = CIRCLE ( 'NONE', #1670, 1.500000000000001332 ) ;
#1817 = VECTOR ( 'NONE', #1799, 1000.000000000000000 ) ;
#1818 = VERTEX_POINT ( 'NONE', #816 ) ;
#1819 = DIRECTION ( 'NONE',  ( -1.000000000000000000, 0.000000000000000000, 0.000000000000000000 ) ) ;
#1820 = ORIENTED_EDGE ( 'NONE', *, *, #93, .T. ) ;
#1821 = LINE ( 'NONE', #1534, #1131 ) ;
#1822 = CARTESIAN_POINT ( 'NONE',  ( -102.3106546854941996, 0.000000000000000000, 0.000000000000000000 ) ) ;
#1823 = ORIENTED_EDGE ( 'NONE', *, *, #508, .F. ) ;
#1824 = CARTESIAN_POINT ( 'NONE',  ( -90.00000000000000000, 25.00000000000000000, 0.000000000000000000 ) ) ;
#1825 = EDGE_LOOP ( 'NONE', ( #794, #681, #278, #133 ) ) ;
#1826 = ADVANCED_FACE ( 'NONE', ( #1687 ), #1245, .T. ) ;
#1827 = EDGE_CURVE ( 'NONE', #663, #1268, #1105, .T. ) ;
#1828 = DIRECTION ( 'NONE',  ( -0.000000000000000000, -0.000000000000000000, 1.000000000000000000 ) ) ;
#1829 = ORIENTED_EDGE ( 'NONE', *, *, #1078, .F. ) ;
#1830 = PLANE ( 'NONE',  #687 ) ;
#1831 = DIRECTION ( 'NONE',  ( 0.000000000000000000, 0.000000000000000000, 1.000000000000000000 ) ) ;
#1832 = DIRECTION ( 'NONE',  ( -0.1321637200910181220, 0.000000000000000000, -0.9912279006826346661 ) ) ;
#1833 = ORIENTED_EDGE ( 'NONE', *, *, #305, .T. ) ;
#1834 = CARTESIAN_POINT ( 'NONE',  ( -59.84315391999998468, -4.551613440000011224, -3.999999999999991562 ) ) ;
#1835 = ORIENTED_EDGE ( 'NONE', *, *, #1558, .T. ) ;
#1836 = EDGE_CURVE ( 'NONE', #1391, #1477, #418, .T. ) ;
#1837 = ADVANCED_FACE ( 'NONE', ( #977 ), #425, .T. ) ;
#1838 = CARTESIAN_POINT ( 'NONE',  ( -12.49999999999999645, 12.50000000000000000, -26.99999999999999645 ) ) ;
#1839 = DIRECTION ( 'NONE',  ( 0.000000000000000000, 0.000000000000000000, 1.000000000000000000 ) ) ;
#1840 = CARTESIAN_POINT ( 'NONE',  ( -131.0000000000000000, 8.000000000000000000, 2.000000000000004441 ) ) ;
#1841 = AXIS2_PLACEMENT_3D ( 'NONE', #946, #1539, #259 ) ;
#1842 = CARTESIAN_POINT ( 'NONE',  ( -6.928932188134522718, 5.428932188134529824, 0.000000000000000000 ) ) ;
#1843 = AXIS2_PLACEMENT_3D ( 'NONE', #316, #442, #861 ) ;
#1844 = CARTESIAN_POINT ( 'NONE',  ( -21.07106781186546840, 5.428932188134528047, 0.000000000000000000 ) ) ;
#1845 = ORIENTED_EDGE ( 'NONE', *, *, #823, .F. ) ;
#1846 = AXIS2_PLACEMENT_3D ( 'NONE', #601, #1321, #1631 ) ;
#1847 = AXIS2_PLACEMENT_3D ( 'NONE', #109, #834, #688 ) ;
#1848 = ADVANCED_FACE ( 'NONE', ( #1555, #263 ), #1830, .F. ) ;
#1849 = AXIS2_PLACEMENT_3D ( 'NONE', #1033, #922, #755 ) ;
#1850 = EDGE_CURVE ( 'NONE', #701, #1288, #969, .T. ) ;
#1851 = EDGE_CURVE ( 'NONE', #683, #842, #326, .T. ) ;
#1852 =( LENGTH_UNIT ( ) NAMED_UNIT ( * ) SI_UNIT ( .MILLI., .METRE. ) );
#1853 = DIRECTION ( 'NONE',  ( 0.000000000000000000, 0.000000000000000000, -1.000000000000000000 ) ) ;
#1854 = CARTESIAN_POINT ( 'NONE',  ( -63.19801026957637191, -8.673617379884035472E-16, -15.00000000000000178 ) ) ;
ENDSEC;
END-ISO-10303-21;
