ISO-10303-21;
HEADER;
FILE_DESCRIPTION (( 'STEP AP203' ),
    '1' );
FILE_NAME ('바디_지지대.STEP',
    '2024-09-26T14:17:09',
    ( '' ),
    ( '' ),
    'SwSTEP 2.0',
    'SolidWorks 2022',
    '' );
FILE_SCHEMA (( 'CONFIG_CONTROL_DESIGN' ));
ENDSEC;

DATA;
#1 = EDGE_CURVE ( 'NONE', #1993, #982, #1798, .T. ) ;
#2 = FACE_OUTER_BOUND ( 'NONE', #1357, .T. ) ;
#3 = ORIENTED_EDGE ( 'NONE', *, *, #524, .F. ) ;
#4 = ORIENTED_EDGE ( 'NONE', *, *, #581, .F. ) ;
#5 = DIRECTION ( 'NONE',  ( 1.119970843490464545E-16, -1.000000000000000000, 0.000000000000000000 ) ) ;
#6 = CARTESIAN_POINT ( 'NONE',  ( 19.00000000000000000, 20.00000000000000355, 2.000000000000001776 ) ) ;
#7 = DIRECTION ( 'NONE',  ( 0.000000000000000000, -1.000000000000000000, -0.000000000000000000 ) ) ;
#8 = AXIS2_PLACEMENT_3D ( 'NONE', #2023, #557, #401 ) ;
#9 = VECTOR ( 'NONE', #1224, 1000.000000000000227 ) ;
#10 = CIRCLE ( 'NONE', #1981, 1.000000000000000444 ) ;
#11 = CARTESIAN_POINT ( 'NONE',  ( 1.000000000000001332, -8.035891039679565750, 17.99497474683057874 ) ) ;
#12 = ORIENTED_EDGE ( 'NONE', *, *, #845, .T. ) ;
#13 = VECTOR ( 'NONE', #576, 1000.000000000000000 ) ;
#14 = ORIENTED_EDGE ( 'NONE', *, *, #234, .F. ) ;
#15 = LINE ( 'NONE', #618, #1611 ) ;
#16 = CARTESIAN_POINT ( 'NONE',  ( 14.00000000000000178, -7.894469683442257413, 18.98492424049175042 ) ) ;
#17 = ADVANCED_FACE ( 'NONE', ( #73 ), #2045, .F. ) ;
#18 = LINE ( 'NONE', #994, #1471 ) ;
#19 = EDGE_CURVE ( 'NONE', #1629, #1894, #40, .T. ) ;
#20 = FACE_OUTER_BOUND ( 'NONE', #91, .T. ) ;
#21 = ORIENTED_EDGE ( 'NONE', *, *, #1874, .T. ) ;
#22 = VERTEX_POINT ( 'NONE', #89 ) ;
#23 = DIRECTION ( 'NONE',  ( 0.000000000000000000, 0.1414213562373093369, 0.9899494936611665796 ) ) ;
#24 = LINE ( 'NONE', #1829, #1062 ) ;
#25 = EDGE_CURVE ( 'NONE', #1783, #1617, #563, .T. ) ;
#26 = DIRECTION ( 'NONE',  ( 0.000000000000000000, 0.1414213562373077826, 0.9899494936611668017 ) ) ;
#27 = DIRECTION ( 'NONE',  ( 0.000000000000000000, 0.000000000000000000, -1.000000000000000000 ) ) ;
#28 = ADVANCED_FACE ( 'NONE', ( #436 ), #1229, .F. ) ;
#29 = VECTOR ( 'NONE', #87, 1000.000000000000000 ) ;
#30 = CARTESIAN_POINT ( 'NONE',  ( 15.00000000000000355, 15.00000000000000000, 4.000000000000000888 ) ) ;
#31 = DATE_TIME_ROLE ( 'creation_date' ) ;
#32 = ORIENTED_EDGE ( 'NONE', *, *, #1780, .T. ) ;
#33 = EDGE_LOOP ( 'NONE', ( #224, #1079, #163, #1989 ) ) ;
#34 = DIRECTION ( 'NONE',  ( 0.000000000000000000, 0.000000000000000000, -1.000000000000000000 ) ) ;
#35 = DIRECTION ( 'NONE',  ( 0.000000000000000000, -0.9899494936611665796, 0.1414213562373097532 ) ) ;
#36 = DIRECTION ( 'NONE',  ( 0.000000000000000000, -0.9899494936611665796, 0.1414213562373097532 ) ) ;
#37 = ORIENTED_EDGE ( 'NONE', *, *, #1306, .F. ) ;
#38 = CARTESIAN_POINT ( 'NONE',  ( -27.00000000000000000, 15.00000000000000178, 10.00000000000000000 ) ) ;
#39 = ADVANCED_FACE ( 'NONE', ( #260 ), #235, .F. ) ;
#40 = CIRCLE ( 'NONE', #715, 1.999999999999999112 ) ;
#41 = LINE ( 'NONE', #1179, #1182 ) ;
#42 = ORIENTED_EDGE ( 'NONE', *, *, #753, .F. ) ;
#43 = ORIENTED_EDGE ( 'NONE', *, *, #121, .F. ) ;
#44 = CYLINDRICAL_SURFACE ( 'NONE', #774, 1.000000000000000888 ) ;
#45 = CARTESIAN_POINT ( 'NONE',  ( 0.000000000000000000, 15.00000000000000355, 0.000000000000000000 ) ) ;
#46 = VECTOR ( 'NONE', #47, 1000.000000000000227 ) ;
#47 = DIRECTION ( 'NONE',  ( 3.081487911019576681E-33, 0.1414213562373093092, 0.9899494936611664686 ) ) ;
#48 = DIRECTION ( 'NONE',  ( -3.081487911019576681E-33, -0.1414213562373093092, -0.9899494936611664686 ) ) ;
#49 = ADVANCED_FACE ( 'NONE', ( #1391 ), #1065, .T. ) ;
#50 = DIRECTION ( 'NONE',  ( -0.000000000000000000, -0.1414213562373093369, -0.9899494936611665796 ) ) ;
#51 = DATE_AND_TIME ( #695, #717 ) ;
#52 = ORIENTED_EDGE ( 'NONE', *, *, #1326, .T. ) ;
#53 = ORIENTED_EDGE ( 'NONE', *, *, #535, .F. ) ;
#54 = LINE ( 'NONE', #1671, #1355 ) ;
#55 = DIRECTION ( 'NONE',  ( -0.000000000000000000, 1.000000000000000000, -0.000000000000000000 ) ) ;
#56 = EDGE_CURVE ( 'NONE', #1727, #157, #99, .T. ) ;
#57 = CARTESIAN_POINT ( 'NONE',  ( -17.00000000000000000, 15.00000000000000711, 2.000000000000001776 ) ) ;
#58 = CYLINDRICAL_SURFACE ( 'NONE', #72, 2.000000000000001776 ) ;
#59 = AXIS2_PLACEMENT_3D ( 'NONE', #939, #351, #651 ) ;
#60 = CARTESIAN_POINT ( 'NONE',  ( -13.99999999999999645, -9.308683245815343454, 16.15649711574559078 ) ) ;
#61 = ORIENTED_EDGE ( 'NONE', *, *, #129, .F. ) ;
#62 = AXIS2_PLACEMENT_3D ( 'NONE', #1566, #547, #1365 ) ;
#63 = CARTESIAN_POINT ( 'NONE',  ( 15.00000000000000355, 15.00000000000000000, 4.000000000000000888 ) ) ;
#64 = LINE ( 'NONE', #1161, #724 ) ;
#65 = DIRECTION ( 'NONE',  ( 0.000000000000000000, 0.1414213562373095034, 0.9899494936611665796 ) ) ;
#66 = CC_DESIGN_DATE_AND_TIME_ASSIGNMENT ( #1635, #31, ( #503 ) ) ;
#67 = DIRECTION ( 'NONE',  ( 0.000000000000000000, 0.1414213562373093369, 0.9899494936611665796 ) ) ;
#68 = CARTESIAN_POINT ( 'NONE',  ( -17.00000000000000000, 0.000000000000000000, 27.99999999999999645 ) ) ;
#69 = CARTESIAN_POINT ( 'NONE',  ( -17.00000000000000000, -19.99999999999999645, 27.99999999999999645 ) ) ;
#70 = APPROVAL_ROLE ( '' ) ;
#71 = VERTEX_POINT ( 'NONE', #916 ) ;
#72 = AXIS2_PLACEMENT_3D ( 'NONE', #68, #1201, #844 ) ;
#73 = FACE_OUTER_BOUND ( 'NONE', #698, .T. ) ;
#74 = DIRECTION ( 'NONE',  ( -1.416690838714393775E-16, -1.000000000000000000, 0.000000000000000000 ) ) ;
#75 = CIRCLE ( 'NONE', #821, 2.000000000000005329 ) ;
#76 = CIRCLE ( 'NONE', #1335, 1.000000000000000888 ) ;
#77 = AXIS2_PLACEMENT_3D ( 'NONE', #324, #302, #940 ) ;
#78 = ORIENTED_EDGE ( 'NONE', *, *, #1058, .T. ) ;
#79 = DIRECTION ( 'NONE',  ( -3.081487911019577365E-33, -0.1414213562373093369, -0.9899494936611666907 ) ) ;
#80 = CIRCLE ( 'NONE', #1027, 0.9999999999999995559 ) ;
#81 = ADVANCED_FACE ( 'NONE', ( #1568 ), #1410, .F. ) ;
#82 = VECTOR ( 'NONE', #1423, 1000.000000000000000 ) ;
#83 = EDGE_LOOP ( 'NONE', ( #929, #575, #313, #675 ) ) ;
#84 = CARTESIAN_POINT ( 'NONE',  ( -2.000000000000001776, 12.47020561473032352, 13.04522727852478603 ) ) ;
#85 = EDGE_CURVE ( 'NONE', #1688, #1647, #754, .T. ) ;
#86 = ADVANCED_FACE ( 'NONE', ( #1925 ), #1325, .F. ) ;
#87 = DIRECTION ( 'NONE',  ( -1.000000000000000000, -0.000000000000000000, -0.000000000000000000 ) ) ;
#88 = ORIENTED_EDGE ( 'NONE', *, *, #255, .F. ) ;
#89 = CARTESIAN_POINT ( 'NONE',  ( 15.00000000000000355, 20.00000000000000355, 2.000000000000001776 ) ) ;
#90 = DIRECTION ( 'NONE',  ( -0.000000000000000000, 1.000000000000000000, -0.000000000000000000 ) ) ;
#91 = EDGE_LOOP ( 'NONE', ( #2022, #1804, #1502, #1059 ) ) ;
#92 = LINE ( 'NONE', #2040, #1546 ) ;
#93 = ORIENTED_EDGE ( 'NONE', *, *, #1024, .T. ) ;
#94 = CARTESIAN_POINT ( 'NONE',  ( 0.000000000000000000, -15.00000000000001421, 30.00000000000000000 ) ) ;
#95 = VECTOR ( 'NONE', #1490, 1000.000000000000000 ) ;
#96 = ADVANCED_FACE ( 'NONE', ( #187 ), #470, .F. ) ;
#97 = DIRECTION ( 'NONE',  ( -3.081487911019577365E-33, -0.1414213562373093369, -0.9899494936611666907 ) ) ;
#98 = ORIENTED_EDGE ( 'NONE', *, *, #208, .F. ) ;
#99 = LINE ( 'NONE', #1724, #484 ) ;
#100 = AXIS2_PLACEMENT_3D ( 'NONE', #109, #2024, #1712 ) ;
#101 = CARTESIAN_POINT ( 'NONE',  ( 17.00000000000000000, -15.00000000000001421, 27.99999999999999645 ) ) ;
#102 = EDGE_LOOP ( 'NONE', ( #1512, #977, #769, #827 ) ) ;
#103 = AXIS2_PLACEMENT_3D ( 'NONE', #226, #1053, #722 ) ;
#104 = ORIENTED_EDGE ( 'NONE', *, *, #1753, .T. ) ;
#105 = DIRECTION ( 'NONE',  ( 0.000000000000000000, 0.9899494936611665796, -0.1414213562373095034 ) ) ;
#106 = EDGE_LOOP ( 'NONE', ( #596, #1492, #2013 ) ) ;
#107 = DIRECTION ( 'NONE',  ( 0.000000000000000000, -0.9899494936611665796, 0.1414213562373096422 ) ) ;
#108 = PERSON ( 'UNSPECIFIED', 'UNSPECIFIED', 'UNSPECIFIED', ('UNSPECIFIED'), ('UNSPECIFIED'), ('UNSPECIFIED') ) ;
#109 = CARTESIAN_POINT ( 'NONE',  ( 0.000000000000000000, -8.177312395916866095, 17.00502525316944258 ) ) ;
#110 = ADVANCED_FACE ( 'NONE', ( #660 ), #283, .T. ) ;
#111 = ORIENTED_EDGE ( 'NONE', *, *, #1499, .F. ) ;
#112 = CARTESIAN_POINT ( 'NONE',  ( 13.00000000000000178, -9.874368670764587463, 19.26776695296636532 ) ) ;
#113 = ORIENTED_EDGE ( 'NONE', *, *, #671, .T. ) ;
#114 = VECTOR ( 'NONE', #693, 1000.000000000000000 ) ;
#115 = ORIENTED_EDGE ( 'NONE', *, *, #813, .T. ) ;
#116 = AXIS2_PLACEMENT_3D ( 'NONE', #1092, #1740, #458 ) ;
#117 = CARTESIAN_POINT ( 'NONE',  ( -1.000000000000001776, 12.75304832720493842, 15.02512626584708322 ) ) ;
#118 = AXIS2_PLACEMENT_3D ( 'NONE', #1170, #361, #375 ) ;
#119 = FACE_OUTER_BOUND ( 'NONE', #2044, .T. ) ;
#120 = PERSON_AND_ORGANIZATION ( #108, #1200 ) ;
#121 = EDGE_CURVE ( 'NONE', #22, #376, #1334, .T. ) ;
#122 = FACE_OUTER_BOUND ( 'NONE', #136, .T. ) ;
#123 = DIRECTION ( 'NONE',  ( 0.000000000000000000, 0.9899494936611665796, -0.1414213562373097532 ) ) ;
#124 = ORIENTED_EDGE ( 'NONE', *, *, #1542, .F. ) ;
#125 = AXIS2_PLACEMENT_3D ( 'NONE', #1689, #759, #905 ) ;
#126 = ORIENTED_EDGE ( 'NONE', *, *, #760, .F. ) ;
#127 = DIRECTION ( 'NONE',  ( -0.000000000000000000, -0.1414213562373093369, -0.9899494936611665796 ) ) ;
#128 = CARTESIAN_POINT ( 'NONE',  ( 2.000000000000001332, -9.167261889578036005, 17.14644660940675180 ) ) ;
#129 = EDGE_CURVE ( 'NONE', #354, #1679, #679, .T. ) ;
#130 = ORIENTED_EDGE ( 'NONE', *, *, #984, .T. ) ;
#131 = LINE ( 'NONE', #578, #1373 ) ;
#132 = DIRECTION ( 'NONE',  ( 0.000000000000000000, 0.000000000000000000, -1.000000000000000000 ) ) ;
#133 = DIRECTION ( 'NONE',  ( 0.000000000000000000, -0.9899494936611665796, 0.1414213562373097532 ) ) ;
#134 = ORIENTED_EDGE ( 'NONE', *, *, #1955, .F. ) ;
#135 = CIRCLE ( 'NONE', #1317, 2.000000000000000000 ) ;
#136 = EDGE_LOOP ( 'NONE', ( #1748, #521, #1387 ) ) ;
#137 = LINE ( 'NONE', #165, #996 ) ;
#138 = CARTESIAN_POINT ( 'NONE',  ( -13.99999999999999645, -8.035891039679563974, 17.99497474683057874 ) ) ;
#139 = AXIS2_PLACEMENT_3D ( 'NONE', #890, #269, #718 ) ;
#140 = DIRECTION ( 'NONE',  ( 0.000000000000000000, 0.000000000000000000, 1.000000000000000000 ) ) ;
#141 = FACE_BOUND ( 'NONE', #507, .T. ) ;
#142 = CARTESIAN_POINT ( 'NONE',  ( 15.00000000000000355, -8.035891039679567527, 17.99497474683057874 ) ) ;
#143 = DIRECTION ( 'NONE',  ( 0.000000000000000000, 1.000000000000000000, 0.000000000000000000 ) ) ;
#144 = ORIENTED_EDGE ( 'NONE', *, *, #1886, .T. ) ;
#145 = VERTEX_POINT ( 'NONE', #154 ) ;
#146 = DIRECTION ( 'NONE',  ( -0.000000000000000000, -1.000000000000000000, -1.734723475976807094E-16 ) ) ;
#147 = ADVANCED_FACE ( 'NONE', ( #141, #954, #293 ), #513, .T. ) ;
#148 = CARTESIAN_POINT ( 'NONE',  ( 2.999999999999998668, 13.60157646462879910, 13.89375541594864316 ) ) ;
#149 = AXIS2_PLACEMENT_3D ( 'NONE', #1197, #989, #1672 ) ;
#150 = VECTOR ( 'NONE', #927, 1000.000000000000114 ) ;
#151 = TOROIDAL_SURFACE ( 'NONE', #254, 2.000000000000000000, 1.000000000000000000 ) ;
#152 = EDGE_CURVE ( 'NONE', #512, #214, #1976, .T. ) ;
#153 = AXIS2_PLACEMENT_3D ( 'NONE', #1758, #1140, #1785 ) ;
#154 = CARTESIAN_POINT ( 'NONE',  ( -17.00000000000000000, 20.00000000000000355, 0.000000000000000000 ) ) ;
#155 = DIRECTION ( 'NONE',  ( 1.131341397376178572E-16, -0.9899494936611665796, 0.1414213562373091981 ) ) ;
#156 = ORIENTED_EDGE ( 'NONE', *, *, #648, .F. ) ;
#157 = VERTEX_POINT ( 'NONE', #1442 ) ;
#158 = DIRECTION ( 'NONE',  ( 0.000000000000000000, 1.000000000000000000, 0.000000000000000000 ) ) ;
#159 = CARTESIAN_POINT ( 'NONE',  ( -19.00000000000000000, -15.00000000000001421, 30.00000000000000000 ) ) ;
#160 = DIRECTION ( 'NONE',  ( 0.000000000000000000, -0.000000000000000000, 1.000000000000000000 ) ) ;
#161 = CARTESIAN_POINT ( 'NONE',  ( 14.00000000000000178, -9.025840533340730332, 18.13639610306788796 ) ) ;
#162 = CARTESIAN_POINT ( 'NONE',  ( -12.99999999999999645, -8.884419177103421106, 19.12634559672905610 ) ) ;
#163 = ORIENTED_EDGE ( 'NONE', *, *, #873, .F. ) ;
#164 = ORIENTED_EDGE ( 'NONE', *, *, #304, .T. ) ;
#165 = CARTESIAN_POINT ( 'NONE',  ( -14.00000000000000178, 12.89446968344224764, 16.01507575950826023 ) ) ;
#166 = CARTESIAN_POINT ( 'NONE',  ( 19.00000000000000000, -19.99999999999999645, 15.00000000000000000 ) ) ;
#167 = DIRECTION ( 'NONE',  ( -1.000000000000000000, 0.000000000000000000, 0.000000000000000000 ) ) ;
#168 = PERSON_AND_ORGANIZATION_ROLE ( 'creator' ) ;
#169 = ORIENTED_EDGE ( 'NONE', *, *, #1496, .T. ) ;
#170 = VERTEX_POINT ( 'NONE', #1746 ) ;
#171 = CYLINDRICAL_SURFACE ( 'NONE', #2052, 1.000000000000000444 ) ;
#172 = DIRECTION ( 'NONE',  ( 0.000000000000000000, -0.9899494936611665796, 0.1414213562373093369 ) ) ;
#173 = CARTESIAN_POINT ( 'NONE',  ( 15.00000000000000355, -23.99999999999997868, 4.000000000000000888 ) ) ;
#174 = AXIS2_PLACEMENT_3D ( 'NONE', #1177, #728, #1388 ) ;
#175 = VECTOR ( 'NONE', #812, 1000.000000000000000 ) ;
#176 = APPROVAL_PERSON_ORGANIZATION ( #1511, #730, #673 ) ;
#177 = VECTOR ( 'NONE', #750, 1000.000000000000114 ) ;
#178 = CYLINDRICAL_SURFACE ( 'NONE', #1656, 1.999999999999998224 ) ;
#179 = CARTESIAN_POINT ( 'NONE',  ( 0.000000000000000000, 0.000000000000000000, 0.000000000000000000 ) ) ;
#180 = ORIENTED_EDGE ( 'NONE', *, *, #431, .T. ) ;
#181 = CIRCLE ( 'NONE', #1608, 1.000000000000001110 ) ;
#182 = ORIENTED_EDGE ( 'NONE', *, *, #1487, .F. ) ;
#183 = FACE_OUTER_BOUND ( 'NONE', #2057, .T. ) ;
#184 = FACE_OUTER_BOUND ( 'NONE', #1864, .T. ) ;
#185 = ADVANCED_FACE ( 'NONE', ( #20 ), #1594, .F. ) ;
#186 = CARTESIAN_POINT ( 'NONE',  ( 13.00000000000000000, 2.075735931288072322, 14.53015151901653290 ) ) ;
#187 = FACE_OUTER_BOUND ( 'NONE', #1470, .T. ) ;
#188 = FACE_BOUND ( 'NONE', #1792, .T. ) ;
#189 = COORDINATED_UNIVERSAL_TIME_OFFSET ( 9, 0, .AHEAD. ) ;
#190 = ORIENTED_EDGE ( 'NONE', *, *, #669, .T. ) ;
#191 = ORIENTED_EDGE ( 'NONE', *, *, #845, .F. ) ;
#192 = DIRECTION ( 'NONE',  ( -1.131341397376178572E-16, 0.9899494936611665796, -0.1414213562373091981 ) ) ;
#193 = DIRECTION ( 'NONE',  ( 3.081487911019576681E-33, 0.1414213562373093092, 0.9899494936611664686 ) ) ;
#194 = ORIENTED_EDGE ( 'NONE', *, *, #1565, .T. ) ;
#195 = DIRECTION ( 'NONE',  ( -1.000000000000000000, 0.000000000000000000, -0.000000000000000000 ) ) ;
#196 = EDGE_CURVE ( 'NONE', #368, #218, #1703, .T. ) ;
#197 = ORIENTED_EDGE ( 'NONE', *, *, #1523, .T. ) ;
#198 = CARTESIAN_POINT ( 'NONE',  ( 13.00000000000000178, -8.318733752154180650, 16.01507575950827800 ) ) ;
#199 = ADVANCED_FACE ( 'NONE', ( #1257 ), #946, .F. ) ;
#200 = DIRECTION ( 'NONE',  ( 3.081487911019576681E-33, 0.1414213562373093092, 0.9899494936611664686 ) ) ;
#201 = ORIENTED_EDGE ( 'NONE', *, *, #760, .T. ) ;
#202 = DESIGN_CONTEXT ( 'detailed design', #322, 'design' ) ;
#203 = ORIENTED_EDGE ( 'NONE', *, *, #861, .T. ) ;
#204 = DIRECTION ( 'NONE',  ( -1.000000000000000000, 0.000000000000000000, 0.000000000000000000 ) ) ;
#205 = LINE ( 'NONE', #2009, #1507 ) ;
#206 = ADVANCED_FACE ( 'NONE', ( #122 ), #502, .F. ) ;
#207 = CARTESIAN_POINT ( 'NONE',  ( -13.99999999999999645, -8.318733752154177097, 16.01507575950827800 ) ) ;
#208 = EDGE_CURVE ( 'NONE', #863, #1848, #511, .T. ) ;
#209 = AXIS2_PLACEMENT_3D ( 'NONE', #955, #471, #1586 ) ;
#210 = ADVANCED_FACE ( 'NONE', ( #1418 ), #1061, .T. ) ;
#211 = CYLINDRICAL_SURFACE ( 'NONE', #908, 1.999999999999998224 ) ;
#212 = DIRECTION ( 'NONE',  ( 0.000000000000000000, 0.000000000000000000, 1.000000000000000000 ) ) ;
#213 = ORIENTED_EDGE ( 'NONE', *, *, #1722, .F. ) ;
#214 = VERTEX_POINT ( 'NONE', #1902 ) ;
#215 = CARTESIAN_POINT ( 'NONE',  ( 19.00000000000000000, 20.00000000000001066, 15.00000000000000355 ) ) ;
#216 = CARTESIAN_POINT ( 'NONE',  ( -19.00000000000000000, -19.99999999999999645, 15.00000000000000000 ) ) ;
#217 = CARTESIAN_POINT ( 'NONE',  ( 3.000000000000000888, -8.884419177103421106, 19.12634559672905965 ) ) ;
#218 = VERTEX_POINT ( 'NONE', #612 ) ;
#219 = CARTESIAN_POINT ( 'NONE',  ( -19.00000000000000000, 15.00000000000000533, 2.000000000000001776 ) ) ;
#220 = EDGE_CURVE ( 'NONE', #512, #457, #1271, .T. ) ;
#221 = CARTESIAN_POINT ( 'NONE',  ( -19.00000000000000000, -19.99999999999999645, 30.00000000000000000 ) ) ;
#222 = ORIENTED_EDGE ( 'NONE', *, *, #913, .T. ) ;
#223 = ADVANCED_FACE ( 'NONE', ( #1853 ), #704, .F. ) ;
#224 = ORIENTED_EDGE ( 'NONE', *, *, #1690, .T. ) ;
#225 = FACE_OUTER_BOUND ( 'NONE', #1660, .T. ) ;
#226 = CARTESIAN_POINT ( 'NONE',  ( 15.00000000000000000, -15.00000000000001421, 26.00000000000000000 ) ) ;
#227 = CARTESIAN_POINT ( 'NONE',  ( 13.00000000000000178, -8.035891039679569303, 17.99497474683057874 ) ) ;
#228 = DIRECTION ( 'NONE',  ( 0.000000000000000000, 0.000000000000000000, 1.000000000000000000 ) ) ;
#229 = AXIS2_PLACEMENT_3D ( 'NONE', #1504, #34, #699 ) ;
#230 = DIRECTION ( 'NONE',  ( 0.000000000000000000, 1.000000000000000000, 0.000000000000000000 ) ) ;
#231 = APPROVAL_STATUS ( 'not_yet_approved' ) ;
#232 = ORIENTED_EDGE ( 'NONE', *, *, #1464, .F. ) ;
#233 = VECTOR ( 'NONE', #1932, 1000.000000000000000 ) ;
#234 = EDGE_CURVE ( 'NONE', #616, #218, #1529, .T. ) ;
#235 = CYLINDRICAL_SURFACE ( 'NONE', #1469, 0.9999999999999991118 ) ;
#236 = FACE_OUTER_BOUND ( 'NONE', #1852, .T. ) ;
#237 = EDGE_CURVE ( 'NONE', #71, #145, #1015, .T. ) ;
#238 = EDGE_LOOP ( 'NONE', ( #201, #1398, #399, #860, #893, #1658, #2048, #764 ) ) ;
#239 = CARTESIAN_POINT ( 'NONE',  ( -19.00000000000000000, 20.00000000000000355, 30.00000000000000000 ) ) ;
#240 = ADVANCED_FACE ( 'NONE', ( #1544, #359, #1047 ), #1676, .T. ) ;
#241 = EDGE_CURVE ( 'NONE', #1679, #2077, #1683, .T. ) ;
#242 = ORIENTED_EDGE ( 'NONE', *, *, #196, .T. ) ;
#243 = PLANE ( 'NONE',  #450 ) ;
#244 = DIRECTION ( 'NONE',  ( 1.000000000000000000, 0.000000000000000000, 0.000000000000000000 ) ) ;
#245 = AXIS2_PLACEMENT_3D ( 'NONE', #461, #1489, #1281 ) ;
#246 = ORIENTED_EDGE ( 'NONE', *, *, #1844, .F. ) ;
#247 = DIRECTION ( 'NONE',  ( -1.000000000000000000, -2.239941686980929090E-16, 3.199916695687037419E-17 ) ) ;
#248 = VERTEX_POINT ( 'NONE', #219 ) ;
#249 = AXIS2_PLACEMENT_3D ( 'NONE', #1244, #1584, #107 ) ;
#250 = VECTOR ( 'NONE', #55, 1000.000000000000000 ) ;
#251 = AXIS2_PLACEMENT_3D ( 'NONE', #1247, #123, #1891 ) ;
#252 = EDGE_LOOP ( 'NONE', ( #1260, #1890, #1697, #1871 ) ) ;
#253 = CARTESIAN_POINT ( 'NONE',  ( 12.99999999999999822, 12.61162697096763097, 14.03517677218595239 ) ) ;
#254 = AXIS2_PLACEMENT_3D ( 'NONE', #227, #67, #712 ) ;
#255 = EDGE_CURVE ( 'NONE', #1571, #1243, #990, .T. ) ;
#256 = ORIENTED_EDGE ( 'NONE', *, *, #803, .F. ) ;
#257 = DIRECTION ( 'NONE',  ( 2.262682794752357144E-16, -0.9899494936611664686, 0.1414213562373093369 ) ) ;
#258 = LINE ( 'NONE', #902, #271 ) ;
#259 = ORIENTED_EDGE ( 'NONE', *, *, #1280, .F. ) ;
#260 = FACE_OUTER_BOUND ( 'NONE', #1465, .T. ) ;
#261 = DIRECTION ( 'NONE',  ( 1.000000000000000000, -0.000000000000000000, -0.000000000000000000 ) ) ;
#262 = VERTEX_POINT ( 'NONE', #1364 ) ;
#263 = EDGE_LOOP ( 'NONE', ( #295, #1765, #1937, #442 ) ) ;
#264 = DIRECTION ( 'NONE',  ( 0.000000000000000000, 1.000000000000000000, 0.000000000000000000 ) ) ;
#265 = ORIENTED_EDGE ( 'NONE', *, *, #1753, .F. ) ;
#266 = CARTESIAN_POINT ( 'NONE',  ( 15.00000000000000000, -15.00000000000001421, 26.00000000000000000 ) ) ;
#267 = EDGE_CURVE ( 'NONE', #1209, #404, #866, .T. ) ;
#268 = VECTOR ( 'NONE', #1838, 1000.000000000000227 ) ;
#269 = DIRECTION ( 'NONE',  ( -2.453269466693403551E-16, 0.9899494936611665796, -0.1414213562373097810 ) ) ;
#270 = EDGE_LOOP ( 'NONE', ( #203, #1588, #42, #1012 ) ) ;
#271 = VECTOR ( 'NONE', #1038, 1000.000000000000000 ) ;
#272 = LINE ( 'NONE', #966, #1025 ) ;
#273 = AXIS2_PLACEMENT_3D ( 'NONE', #872, #2017, #65 ) ;
#274 = VERTEX_POINT ( 'NONE', #1665 ) ;
#275 = DIRECTION ( 'NONE',  ( 0.000000000000000000, 0.1414213562373097532, 0.9899494936611665796 ) ) ;
#276 = ORIENTED_EDGE ( 'NONE', *, *, #1701, .T. ) ;
#277 = EDGE_CURVE ( 'NONE', #1848, #1573, #1498, .T. ) ;
#278 = DIRECTION ( 'NONE',  ( 0.000000000000000000, 0.000000000000000000, 1.000000000000000000 ) ) ;
#279 = EDGE_CURVE ( 'NONE', #1855, #906, #1037, .T. ) ;
#280 = DIRECTION ( 'NONE',  ( -0.000000000000000000, 1.000000000000000000, -0.000000000000000000 ) ) ;
#281 = DIRECTION ( 'NONE',  ( 0.000000000000000000, -0.1414213562373093092, -0.9899494936611665796 ) ) ;
#282 = ORIENTED_EDGE ( 'NONE', *, *, #1614, .F. ) ;
#283 = TOROIDAL_SURFACE ( 'NONE', #615, 2.000000000000000000, 1.000000000000000000 ) ;
#284 = ORIENTED_EDGE ( 'NONE', *, *, #1499, .T. ) ;
#285 = VECTOR ( 'NONE', #337, 1000.000000000000000 ) ;
#286 = DIRECTION ( 'NONE',  ( -0.000000000000000000, -0.9899494936611665796, 0.1414213562373097810 ) ) ;
#287 = LOCAL_TIME ( 23, 17, 9.000000000000000000, #189 ) ;
#288 = ORIENTED_EDGE ( 'NONE', *, *, #646, .F. ) ;
#289 = CARTESIAN_POINT ( 'NONE',  ( -13.00000000000000178, 12.47020561473032174, 13.04522727852478603 ) ) ;
#290 = DATE_AND_TIME ( #385, #455 ) ;
#291 = AXIS2_PLACEMENT_3D ( 'NONE', #1199, #884, #1851 ) ;
#292 = ADVANCED_FACE ( 'NONE', ( #1212 ), #58, .T. ) ;
#293 = FACE_OUTER_BOUND ( 'NONE', #1793, .T. ) ;
#294 = DIRECTION ( 'NONE',  ( 1.000000000000000000, 0.000000000000000000, 0.000000000000000000 ) ) ;
#295 = ORIENTED_EDGE ( 'NONE', *, *, #1464, .T. ) ;
#296 = CC_DESIGN_DATE_AND_TIME_ASSIGNMENT ( #290, #1752, ( #546 ) ) ;
#297 = ORIENTED_EDGE ( 'NONE', *, *, #1111, .T. ) ;
#298 = LINE ( 'NONE', #1562, #177 ) ;
#299 = DIRECTION ( 'NONE',  ( -1.000000000000000000, 0.000000000000000000, -0.000000000000000000 ) ) ;
#300 = CARTESIAN_POINT ( 'NONE',  ( -12.99999999999999645, -9.025840533340730332, 18.13639610306788796 ) ) ;
#301 = CARTESIAN_POINT ( 'NONE',  ( 12.99999999999999822, 12.61162697096763097, 14.03517677218595239 ) ) ;
#302 = DIRECTION ( 'NONE',  ( 0.000000000000000000, -0.1414213562373093369, -0.9899494936611666907 ) ) ;
#303 = ORIENTED_EDGE ( 'NONE', *, *, #1917, .F. ) ;
#304 = EDGE_CURVE ( 'NONE', #2077, #577, #1999, .T. ) ;
#305 = EDGE_LOOP ( 'NONE', ( #1401, #1892, #614, #634 ) ) ;
#306 = LINE ( 'NONE', #1930, #687 ) ;
#307 = CARTESIAN_POINT ( 'NONE',  ( 12.99999999999999822, 12.47020561473032174, 13.04522727852478603 ) ) ;
#308 = VECTOR ( 'NONE', #1122, 1000.000000000000227 ) ;
#309 = ADVANCED_FACE ( 'NONE', ( #1352 ), #1845, .T. ) ;
#310 = CYLINDRICAL_SURFACE ( 'NONE', #1338, 0.9999999999999995559 ) ;
#311 = DIRECTION ( 'NONE',  ( 1.000000000000000000, 0.000000000000000000, 0.000000000000000000 ) ) ;
#312 = CARTESIAN_POINT ( 'NONE',  ( -13.00000000000000178, 13.60157646462879910, 13.89375541594864316 ) ) ;
#313 = ORIENTED_EDGE ( 'NONE', *, *, #1832, .F. ) ;
#314 = EDGE_LOOP ( 'NONE', ( #1960, #1300, #463, #1970 ) ) ;
#315 = CARTESIAN_POINT ( 'NONE',  ( 1.999999999999998668, 12.61162697096763274, 14.03517677218595239 ) ) ;
#316 = EDGE_CURVE ( 'NONE', #326, #262, #644, .T. ) ;
#317 = FACE_BOUND ( 'NONE', #848, .T. ) ;
#318 = VECTOR ( 'NONE', #1823, 1000.000000000000000 ) ;
#319 = AXIS2_PLACEMENT_3D ( 'NONE', #448, #294, #133 ) ;
#320 = LINE ( 'NONE', #329, #924 ) ;
#321 = CIRCLE ( 'NONE', #1104, 2.000000000000000888 ) ;
#322 = APPLICATION_CONTEXT ( 'configuration controlled 3d designs of mechanical parts and assemblies' ) ;
#323 = AXIS2_PLACEMENT_3D ( 'NONE', #897, #770, #1553 ) ;
#324 = CARTESIAN_POINT ( 'NONE',  ( -13.00000000000000178, 12.61162697096763274, 14.03517677218595061 ) ) ;
#325 = EDGE_LOOP ( 'NONE', ( #843, #788, #2071 ) ) ;
#326 = VERTEX_POINT ( 'NONE', #198 ) ;
#327 = DIRECTION ( 'NONE',  ( 0.000000000000000000, 0.9899494936611665796, -0.1414213562373096422 ) ) ;
#328 = CARTESIAN_POINT ( 'NONE',  ( 15.00000000000000000, 13.74299782086610300, 14.88370490960977399 ) ) ;
#329 = CARTESIAN_POINT ( 'NONE',  ( 15.00000000000000000, -23.99999999999997868, 23.99999999999999289 ) ) ;
#330 = DIRECTION ( 'NONE',  ( -5.204170427930416550E-15, 0.000000000000000000, 1.000000000000000000 ) ) ;
#331 = DATE_AND_TIME ( #1782, #1473 ) ;
#332 = VERTEX_POINT ( 'NONE', #876 ) ;
#333 = ORIENTED_EDGE ( 'NONE', *, *, #1684, .T. ) ;
#334 = CARTESIAN_POINT ( 'NONE',  ( -0.9999999999999985567, -7.894469683442255636, 18.98492424049174687 ) ) ;
#335 = AXIS2_PLACEMENT_3D ( 'NONE', #1156, #835, #384 ) ;
#336 = LINE ( 'NONE', #16, #992 ) ;
#337 = DIRECTION ( 'NONE',  ( 1.000000000000000000, -1.416690838714392296E-16, 2.023844055306272376E-17 ) ) ;
#338 = CIRCLE ( 'NONE', #62, 1.000000000000001332 ) ;
#339 = EDGE_CURVE ( 'NONE', #1571, #1867, #1836, .T. ) ;
#340 = VERTEX_POINT ( 'NONE', #1340 ) ;
#341 = ADVANCED_FACE ( 'NONE', ( #1695 ), #243, .T. ) ;
#342 = ORIENTED_EDGE ( 'NONE', *, *, #1928, .F. ) ;
#343 = CYLINDRICAL_SURFACE ( 'NONE', #1711, 1.999999999999999112 ) ;
#344 = FACE_OUTER_BOUND ( 'NONE', #1784, .T. ) ;
#345 = CARTESIAN_POINT ( 'NONE',  ( 17.00000000000000000, 15.00000000000000711, 0.000000000000000000 ) ) ;
#346 = CARTESIAN_POINT ( 'NONE',  ( -27.00000000000000000, -15.00000000000001421, 19.99999999999999645 ) ) ;
#347 = VECTOR ( 'NONE', #1731, 1000.000000000000000 ) ;
#348 = AXIS2_PLACEMENT_3D ( 'NONE', #818, #690, #1476 ) ;
#349 = AXIS2_PLACEMENT_3D ( 'NONE', #1882, #428, #1725 ) ;
#350 = VECTOR ( 'NONE', #167, 1000.000000000000000 ) ;
#351 = DIRECTION ( 'NONE',  ( 1.000000000000000000, 1.493294457987286224E-16, -2.133277797124691921E-17 ) ) ;
#352 =( LENGTH_UNIT ( ) NAMED_UNIT ( * ) SI_UNIT ( .MILLI., .METRE. ) );
#353 = EDGE_LOOP ( 'NONE', ( #1194, #363, #1905, #686, #1067, #1548 ) ) ;
#354 = VERTEX_POINT ( 'NONE', #300 ) ;
#355 = FACE_OUTER_BOUND ( 'NONE', #1920, .T. ) ;
#356 = CARTESIAN_POINT ( 'NONE',  ( -2.999999999999998224, -8.318733752154175320, 16.01507575950827800 ) ) ;
#357 = EDGE_CURVE ( 'NONE', #986, #1969, #2050, .T. ) ;
#358 = FACE_OUTER_BOUND ( 'NONE', #1884, .T. ) ;
#359 = FACE_BOUND ( 'NONE', #1757, .T. ) ;
#360 = FACE_OUTER_BOUND ( 'NONE', #1219, .T. ) ;
#361 = DIRECTION ( 'NONE',  ( 0.000000000000000000, 0.1414213562373093369, 0.9899494936611665796 ) ) ;
#362 = VERTEX_POINT ( 'NONE', #1574 ) ;
#363 = ORIENTED_EDGE ( 'NONE', *, *, #1438, .T. ) ;
#364 = DIRECTION ( 'NONE',  ( -0.000000000000000000, 1.000000000000000000, -0.000000000000000000 ) ) ;
#365 = FACE_OUTER_BOUND ( 'NONE', #573, .T. ) ;
#366 = EDGE_CURVE ( 'NONE', #1309, #1627, #1163, .T. ) ;
#367 = CIRCLE ( 'NONE', #2065, 1.999999999999999112 ) ;
#368 = VERTEX_POINT ( 'NONE', #425 ) ;
#369 = LINE ( 'NONE', #1211, #46 ) ;
#370 = ADVANCED_FACE ( 'NONE', ( #1865 ), #1080, .F. ) ;
#371 = DIRECTION ( 'NONE',  ( -1.000000000000000000, 0.000000000000000000, 0.000000000000000000 ) ) ;
#372 = CIRCLE ( 'NONE', #539, 1.000000000000000444 ) ;
#373 = AXIS2_PLACEMENT_3D ( 'NONE', #1033, #1392, #74 ) ;
#374 = DIRECTION ( 'NONE',  ( 1.000000000000000000, 0.000000000000000000, 0.000000000000000000 ) ) ;
#375 = DIRECTION ( 'NONE',  ( 0.000000000000000000, -0.9899494936611665796, 0.1414213562373093369 ) ) ;
#376 = VERTEX_POINT ( 'NONE', #945 ) ;
#377 = ORIENTED_EDGE ( 'NONE', *, *, #1955, .T. ) ;
#378 = LINE ( 'NONE', #1207, #2001 ) ;
#379 = CARTESIAN_POINT ( 'NONE',  ( -14.99999999999999645, 20.00000000000000355, 2.000000000000000444 ) ) ;
#380 = DIRECTION ( 'NONE',  ( -0.000000000000000000, -0.000000000000000000, -1.000000000000000000 ) ) ;
#381 = CARTESIAN_POINT ( 'NONE',  ( -13.99999999999999645, -10.01579002700189491, 18.27781745930519719 ) ) ;
#382 = AXIS2_PLACEMENT_3D ( 'NONE', #1192, #1005, #1376 ) ;
#383 = CC_DESIGN_PERSON_AND_ORGANIZATION_ASSIGNMENT ( #1299, #685, ( #697 ) ) ;
#384 = DIRECTION ( 'NONE',  ( 0.000000000000000000, -0.000000000000000000, -1.000000000000000000 ) ) ;
#385 = CALENDAR_DATE ( 2024, 26, 9 ) ;
#386 = ORIENTED_EDGE ( 'NONE', *, *, #1917, .T. ) ;
#387 = VERTEX_POINT ( 'NONE', #1427 ) ;
#388 = DIRECTION ( 'NONE',  ( -3.081487911019576681E-33, -0.1414213562373093092, -0.9899494936611664686 ) ) ;
#389 = CARTESIAN_POINT ( 'NONE',  ( -15.00000000000000000, -15.00000000000001421, 24.00000000000000000 ) ) ;
#390 = AXIS2_PLACEMENT_3D ( 'NONE', #554, #1495, #526 ) ;
#391 = FACE_OUTER_BOUND ( 'NONE', #1101, .T. ) ;
#392 = ORIENTED_EDGE ( 'NONE', *, *, #624, .T. ) ;
#393 = DIRECTION ( 'NONE',  ( -1.000000000000000000, -0.000000000000000000, 0.000000000000000000 ) ) ;
#394 = EDGE_CURVE ( 'NONE', #519, #1393, #1254, .T. ) ;
#395 = CYLINDRICAL_SURFACE ( 'NONE', #100, 1.000000000000000888 ) ;
#396 = ORIENTED_EDGE ( 'NONE', *, *, #1523, .F. ) ;
#397 = ORIENTED_EDGE ( 'NONE', *, *, #1361, .F. ) ;
#398 = DIRECTION ( 'NONE',  ( 1.000000000000000000, 0.000000000000000000, 0.000000000000000000 ) ) ;
#399 = ORIENTED_EDGE ( 'NONE', *, *, #1326, .F. ) ;
#400 = CARTESIAN_POINT ( 'NONE',  ( 2.999999999999998668, 12.61162697096763274, 14.03517677218595239 ) ) ;
#401 = DIRECTION ( 'NONE',  ( 0.000000000000000000, -0.9899494936611665796, 0.1414213562373097532 ) ) ;
#402 = AXIS2_PLACEMENT_3D ( 'NONE', #142, #1292, #1136 ) ;
#403 = PLANE ( 'NONE',  #1011 ) ;
#404 = VERTEX_POINT ( 'NONE', #289 ) ;
#405 = VECTOR ( 'NONE', #1073, 1000.000000000000000 ) ;
#406 = DIRECTION ( 'NONE',  ( -0.000000000000000000, 0.1414213562373092259, 0.9899494936611665796 ) ) ;
#407 = FACE_OUTER_BOUND ( 'NONE', #429, .T. ) ;
#408 = VERTEX_POINT ( 'NONE', #591 ) ;
#409 = ADVANCED_FACE ( 'NONE', ( #2072 ), #1234, .F. ) ;
#410 = ORIENTED_EDGE ( 'NONE', *, *, #445, .F. ) ;
#411 = DIRECTION ( 'NONE',  ( 0.000000000000000000, -0.9899494936611665796, 0.1414213562373097532 ) ) ;
#412 = ORIENTED_EDGE ( 'NONE', *, *, #121, .T. ) ;
#413 = CARTESIAN_POINT ( 'NONE',  ( -13.99999999999999645, -9.025840533340730332, 18.13639610306789152 ) ) ;
#414 = DIRECTION ( 'NONE',  ( 0.000000000000000000, 0.000000000000000000, 1.000000000000000000 ) ) ;
#415 = ORIENTED_EDGE ( 'NONE', *, *, #1123, .T. ) ;
#416 = DIRECTION ( 'NONE',  ( 0.000000000000000000, 0.9899494936611665796, -0.1414213562373097532 ) ) ;
#417 = DIRECTION ( 'NONE',  ( 0.000000000000000000, 0.1414213562373093369, 0.9899494936611665796 ) ) ;
#418 = FACE_OUTER_BOUND ( 'NONE', #1055, .T. ) ;
#419 = EDGE_LOOP ( 'NONE', ( #1220, #1390, #1664, #1139 ) ) ;
#420 = AXIS2_PLACEMENT_3D ( 'NONE', #1806, #700, #1348 ) ;
#421 = ORIENTED_EDGE ( 'NONE', *, *, #279, .T. ) ;
#422 = DIRECTION ( 'NONE',  ( 0.000000000000000000, 1.000000000000000000, 0.000000000000000000 ) ) ;
#423 = AXIS2_PLACEMENT_3D ( 'NONE', #1249, #1895, #441 ) ;
#424 = ORIENTED_EDGE ( 'NONE', *, *, #1487, .T. ) ;
#425 = CARTESIAN_POINT ( 'NONE',  ( -3.000000000000002665, 13.60157646462879732, 13.89375541594864139 ) ) ;
#426 = CARTESIAN_POINT ( 'NONE',  ( 13.00000000000000178, -8.318733752154180650, 16.01507575950828155 ) ) ;
#427 = ORIENTED_EDGE ( 'NONE', *, *, #1216, .T. ) ;
#428 = DIRECTION ( 'NONE',  ( 0.000000000000000000, -0.9899494936611666907, 0.1414213562373095312 ) ) ;
#429 = EDGE_LOOP ( 'NONE', ( #190, #941, #124, #1929 ) ) ;
#430 = FACE_OUTER_BOUND ( 'NONE', #325, .T. ) ;
#431 = EDGE_CURVE ( 'NONE', #170, #1855, #131, .T. ) ;
#432 = CARTESIAN_POINT ( 'NONE',  ( 15.00000000000000000, -23.99999999999997868, 28.00000000000000355 ) ) ;
#433 = EDGE_CURVE ( 'NONE', #1384, #1627, #1877, .T. ) ;
#434 = CIRCLE ( 'NONE', #601, 0.9999999999999995559 ) ;
#435 = SPHERICAL_SURFACE ( 'NONE', #635, 1.000000000000000000 ) ;
#436 = FACE_OUTER_BOUND ( 'NONE', #1275, .T. ) ;
#437 = AXIS2_PLACEMENT_3D ( 'NONE', #328, #970, #811 ) ;
#438 = FACE_OUTER_BOUND ( 'NONE', #83, .T. ) ;
#439 = EDGE_LOOP ( 'NONE', ( #1240, #1110, #194, #497 ) ) ;
#440 = EDGE_LOOP ( 'NONE', ( #37, #950, #246, #156 ) ) ;
#441 = DIRECTION ( 'NONE',  ( 0.000000000000000000, 0.9899494936611665796, -0.1414213562373096422 ) ) ;
#442 = ORIENTED_EDGE ( 'NONE', *, *, #1190, .T. ) ;
#443 = DIRECTION ( 'NONE',  ( 2.262682794752357144E-16, -0.9899494936611665796, 0.1414213562373092259 ) ) ;
#444 = COORDINATED_UNIVERSAL_TIME_OFFSET ( 9, 0, .AHEAD. ) ;
#445 = EDGE_CURVE ( 'NONE', #1295, #332, #75, .T. ) ;
#446 = DIRECTION ( 'NONE',  ( 0.000000000000000000, -0.1414213562373093369, -0.9899494936611666907 ) ) ;
#447 = FACE_OUTER_BOUND ( 'NONE', #1088, .T. ) ;
#448 = CARTESIAN_POINT ( 'NONE',  ( 13.00000000000000178, -8.177312395916871424, 17.00502525316944613 ) ) ;
#449 = ORIENTED_EDGE ( 'NONE', *, *, #1040, .F. ) ;
#450 = AXIS2_PLACEMENT_3D ( 'NONE', #38, #886, #1899 ) ;
#451 = EDGE_LOOP ( 'NONE', ( #213, #778, #680, #571 ) ) ;
#452 = AXIS2_PLACEMENT_3D ( 'NONE', #649, #1305, #1963 ) ;
#453 = CARTESIAN_POINT ( 'NONE',  ( -15.00000000000000000, -15.00000000000001421, 26.00000000000000000 ) ) ;
#454 = CARTESIAN_POINT ( 'NONE',  ( 2.999999999999998668, 12.61162697096763274, 14.03517677218595239 ) ) ;
#455 = LOCAL_TIME ( 23, 17, 9.000000000000000000, #444 ) ;
#456 = AXIS2_PLACEMENT_3D ( 'NONE', #1385, #586, #1885 ) ;
#457 = VERTEX_POINT ( 'NONE', #1564 ) ;
#458 = DIRECTION ( 'NONE',  ( 0.000000000000000000, -0.9899494936611665796, 0.1414213562373097532 ) ) ;
#459 = AXIS2_PLACEMENT_3D ( 'NONE', #1433, #1475, #5 ) ;
#460 = EDGE_CURVE ( 'NONE', #404, #1497, #921, .T. ) ;
#461 = CARTESIAN_POINT ( 'NONE',  ( 2.999999999999998668, 12.47020561473032352, 13.04522727852478603 ) ) ;
#462 = FACE_OUTER_BOUND ( 'NONE', #270, .T. ) ;
#463 = ORIENTED_EDGE ( 'NONE', *, *, #803, .T. ) ;
#464 = ADVANCED_FACE ( 'NONE', ( #119 ), #752, .T. ) ;
#465 = ORIENTED_EDGE ( 'NONE', *, *, #1832, .T. ) ;
#466 = FACE_OUTER_BOUND ( 'NONE', #1285, .T. ) ;
#467 = FACE_BOUND ( 'NONE', #2089, .T. ) ;
#468 = LINE ( 'NONE', #345, #1807 ) ;
#469 = EDGE_CURVE ( 'NONE', #340, #1295, #782, .T. ) ;
#470 = CYLINDRICAL_SURFACE ( 'NONE', #2014, 1.000000000000000444 ) ;
#471 = DIRECTION ( 'NONE',  ( -3.081487911019577365E-33, -0.1414213562373093369, -0.9899494936611666907 ) ) ;
#472 = ORIENTED_EDGE ( 'NONE', *, *, #1478, .F. ) ;
#473 = ORIENTED_EDGE ( 'NONE', *, *, #745, .T. ) ;
#474 = DIRECTION ( 'NONE',  ( 0.000000000000000000, 0.000000000000000000, -1.000000000000000000 ) ) ;
#475 = CARTESIAN_POINT ( 'NONE',  ( 12.99999999999999822, 12.61162697096763097, 14.03517677218595239 ) ) ;
#476 = ADVANCED_FACE ( 'NONE', ( #2082 ), #1417, .F. ) ;
#477 = DIRECTION ( 'NONE',  ( -1.508455196501571676E-16, 0.9899494936611665796, -0.1414213562373091981 ) ) ;
#478 = LINE ( 'NONE', #805, #1637 ) ;
#479 = ORIENTED_EDGE ( 'NONE', *, *, #659, .T. ) ;
#480 = ORIENTED_EDGE ( 'NONE', *, *, #445, .T. ) ;
#481 = DIRECTION ( 'NONE',  ( 1.000000000000000000, -0.000000000000000000, -0.000000000000000000 ) ) ;
#482 = CARTESIAN_POINT ( 'NONE',  ( 15.00000000000000000, 12.89446968344224587, 16.01507575950825313 ) ) ;
#483 = ADVANCED_BREP_SHAPE_REPRESENTATION ( '바디_지지대', ( #1437, #1128 ), #993 ) ;
#484 = VECTOR ( 'NONE', #1399, 1000.000000000000000 ) ;
#485 = EDGE_CURVE ( 'NONE', #1345, #274, #2060, .T. ) ;
#486 = CIRCLE ( 'NONE', #2051, 0.9999999999999995559 ) ;
#487 = COORDINATED_UNIVERSAL_TIME_OFFSET ( 9, 0, .AHEAD. ) ;
#488 = ORIENTED_EDGE ( 'NONE', *, *, #267, .T. ) ;
#489 = ORIENTED_EDGE ( 'NONE', *, *, #1349, .T. ) ;
#490 = FACE_OUTER_BOUND ( 'NONE', #1959, .T. ) ;
#491 = CARTESIAN_POINT ( 'NONE',  ( -3.000000000000002665, 14.73294731452727113, 14.74228355337246654 ) ) ;
#492 = EDGE_CURVE ( 'NONE', #1063, #1855, #1095, .T. ) ;
#493 = LINE ( 'NONE', #802, #175 ) ;
#494 = EDGE_CURVE ( 'NONE', #608, #1679, #1751, .T. ) ;
#495 = FACE_OUTER_BOUND ( 'NONE', #537, .T. ) ;
#496 = ORIENTED_EDGE ( 'NONE', *, *, #1831, .T. ) ;
#497 = ORIENTED_EDGE ( 'NONE', *, *, #1914, .T. ) ;
#498 = DIRECTION ( 'NONE',  ( -2.262682794752357144E-16, 0.9899494936611664686, -0.1414213562373093369 ) ) ;
#499 = CIRCLE ( 'NONE', #402, 1.000000000000001332 ) ;
#500 = CARTESIAN_POINT ( 'NONE',  ( 19.00000000000000000, -15.00000000000001421, 27.99999999999999645 ) ) ;
#501 = DIRECTION ( 'NONE',  ( 0.000000000000000000, 0.000000000000000000, 1.000000000000000000 ) ) ;
#502 = SPHERICAL_SURFACE ( 'NONE', #1872, 1.000000000000000000 ) ;
#503 = PRODUCT_DEFINITION ( 'UNKNOWN', '', #2019, #202 ) ;
#504 = CARTESIAN_POINT ( 'NONE',  ( 12.99999999999999822, 14.73294731452726936, 14.74228355337246654 ) ) ;
#505 = APPLICATION_PROTOCOL_DEFINITION ( 'international standard', 'config_control_design', 1994, #2098 ) ;
#506 = ORIENTED_EDGE ( 'NONE', *, *, #913, .F. ) ;
#507 = EDGE_LOOP ( 'NONE', ( #1521, #1402, #1310, #1552, #736, #1554, #2039, #1149 ) ) ;
#508 = DIRECTION ( 'NONE',  ( 1.000000000000000000, 0.000000000000000000, 0.000000000000000000 ) ) ;
#509 = FACE_OUTER_BOUND ( 'NONE', #1265, .T. ) ;
#510 = CARTESIAN_POINT ( 'NONE',  ( -2.999999999999998224, -7.894469683442255636, 18.98492424049174687 ) ) ;
#511 = CIRCLE ( 'NONE', #1944, 1.000000000000000888 ) ;
#512 = VERTEX_POINT ( 'NONE', #740 ) ;
#513 = PLANE ( 'NONE',  #887 ) ;
#514 = VECTOR ( 'NONE', #443, 1000.000000000000000 ) ;
#515 = AXIS2_PLACEMENT_3D ( 'NONE', #1010, #1505, #981 ) ;
#516 = CIRCLE ( 'NONE', #291, 1.000000000000000888 ) ;
#517 = EDGE_CURVE ( 'NONE', #1076, #1536, #18, .T. ) ;
#518 = DIRECTION ( 'NONE',  ( 0.000000000000000000, 0.000000000000000000, 1.000000000000000000 ) ) ;
#519 = VERTEX_POINT ( 'NONE', #148 ) ;
#520 = AXIS2_PLACEMENT_3D ( 'NONE', #789, #642, #1618 ) ;
#521 = ORIENTED_EDGE ( 'NONE', *, *, #196, .F. ) ;
#522 = DIRECTION ( 'NONE',  ( -0.000000000000000000, -0.1414213562373093369, -0.9899494936611665796 ) ) ;
#523 = DIRECTION ( 'NONE',  ( -0.000000000000000000, 1.000000000000000000, -0.000000000000000000 ) ) ;
#524 = EDGE_CURVE ( 'NONE', #387, #1894, #622, .T. ) ;
#525 = EDGE_LOOP ( 'NONE', ( #78, #342, #88, #134 ) ) ;
#526 = DIRECTION ( 'NONE',  ( 0.000000000000000000, 0.000000000000000000, 1.000000000000000000 ) ) ;
#527 = DIRECTION ( 'NONE',  ( 0.000000000000000000, 0.000000000000000000, 1.000000000000000000 ) ) ;
#528 = CARTESIAN_POINT ( 'NONE',  ( -14.99999999999999645, -23.99999999999997868, 2.000000000000000444 ) ) ;
#529 = CARTESIAN_POINT ( 'NONE',  ( 0.000000000000000000, 2.075735931288070546, 14.53015151901653290 ) ) ;
#530 = EDGE_LOOP ( 'NONE', ( #1648, #284, #815, #61 ) ) ;
#531 = ADVANCED_FACE ( 'NONE', ( #1133 ), #1601, .F. ) ;
#532 = VERTEX_POINT ( 'NONE', #1779 ) ;
#533 = FACE_OUTER_BOUND ( 'NONE', #1158, .T. ) ;
#534 = CARTESIAN_POINT ( 'NONE',  ( -13.00000000000000178, 12.89446968344224764, 16.01507575950825313 ) ) ;
#535 = EDGE_CURVE ( 'NONE', #326, #214, #631, .T. ) ;
#536 = CARTESIAN_POINT ( 'NONE',  ( 19.00000000000000000, -15.00000000000001421, 19.99999999999999645 ) ) ;
#537 = EDGE_LOOP ( 'NONE', ( #182, #1482, #115, #1678 ) ) ;
#538 = CARTESIAN_POINT ( 'NONE',  ( 13.99999999999999822, 13.60157646462879732, 13.89375541594864494 ) ) ;
#539 = AXIS2_PLACEMENT_3D ( 'NONE', #1685, #1696, #579 ) ;
#540 = DIRECTION ( 'NONE',  ( 0.000000000000000000, 0.9899494936611665796, -0.1414213562373093369 ) ) ;
#541 = ORIENTED_EDGE ( 'NONE', *, *, #220, .T. ) ;
#542 = ORIENTED_EDGE ( 'NONE', *, *, #85, .F. ) ;
#543 = DIRECTION ( 'NONE',  ( -1.131341397376178572E-16, 0.9899494936611665796, -0.1414213562373093369 ) ) ;
#544 = LINE ( 'NONE', #1652, #1545 ) ;
#545 = CARTESIAN_POINT ( 'NONE',  ( 2.000000000000001776, -9.874368670764587463, 19.26776695296636532 ) ) ;
#546 = SECURITY_CLASSIFICATION ( '', '', #1030 ) ;
#547 = DIRECTION ( 'NONE',  ( 4.906538933386797242E-16, 0.9899494936611665796, -0.1414213562373095034 ) ) ;
#548 = ORIENTED_EDGE ( 'NONE', *, *, #1451, .T. ) ;
#549 = DIRECTION ( 'NONE',  ( 0.000000000000000000, 0.1414213562373097532, 0.9899494936611665796 ) ) ;
#550 = DIRECTION ( 'NONE',  ( 0.000000000000000000, -0.9899494936611665796, 0.1414213562373094757 ) ) ;
#551 = CARTESIAN_POINT ( 'NONE',  ( 15.00000000000000355, -7.894469683442257413, 18.98492424049174687 ) ) ;
#552 = AXIS2_PLACEMENT_3D ( 'NONE', #1337, #1165, #1998 ) ;
#553 = ORIENTED_EDGE ( 'NONE', *, *, #867, .T. ) ;
#554 = CARTESIAN_POINT ( 'NONE',  ( -17.00000000000000000, -19.99999999999999645, 2.000000000000001776 ) ) ;
#555 = EDGE_CURVE ( 'NONE', #1571, #1445, #1954, .T. ) ;
#556 = ORIENTED_EDGE ( 'NONE', *, *, #901, .F. ) ;
#557 = DIRECTION ( 'NONE',  ( 0.000000000000000000, 0.1414213562373093369, 0.9899494936611665796 ) ) ;
#558 = EDGE_CURVE ( 'NONE', #2097, #1859, #493, .T. ) ;
#559 = ADVANCED_FACE ( 'NONE', ( #983 ), #963, .F. ) ;
#560 = CYLINDRICAL_SURFACE ( 'NONE', #947, 1.000000000000000444 ) ;
#561 = PERSON_AND_ORGANIZATION ( #108, #1200 ) ;
#562 = ORIENTED_EDGE ( 'NONE', *, *, #1284, .F. ) ;
#563 = LINE ( 'NONE', #1074, #1406 ) ;
#564 = CARTESIAN_POINT ( 'NONE',  ( -2.999999999999998224, -8.177312395916871424, 17.00502525316944613 ) ) ;
#565 = ORIENTED_EDGE ( 'NONE', *, *, #1704, .T. ) ;
#566 = ORIENTED_EDGE ( 'NONE', *, *, #255, .T. ) ;
#567 = LINE ( 'NONE', #2067, #650 ) ;
#568 = ORIENTED_EDGE ( 'NONE', *, *, #944, .F. ) ;
#569 = CARTESIAN_POINT ( 'NONE',  ( 0.000000000000000000, 12.47020561473031997, 13.04522727852478603 ) ) ;
#570 = CARTESIAN_POINT ( 'NONE',  ( -19.00000000000000000, -22.09999999999999787, 15.29999999999999716 ) ) ;
#571 = ORIENTED_EDGE ( 'NONE', *, *, #1081, .T. ) ;
#572 = APPROVAL ( #231, 'UNSPECIFIED' ) ;
#573 = EDGE_LOOP ( 'NONE', ( #397, #1979, #1331, #1206 ) ) ;
#574 = PLANE ( 'NONE',  #1659 ) ;
#575 = ORIENTED_EDGE ( 'NONE', *, *, #1250, .T. ) ;
#576 = DIRECTION ( 'NONE',  ( 1.508455196501571676E-16, -0.9899494936611665796, 0.1414213562373092259 ) ) ;
#577 = VERTEX_POINT ( 'NONE', #1769 ) ;
#578 = CARTESIAN_POINT ( 'NONE',  ( 2.000000000000001332, -9.025840533340732108, 18.13639610306789152 ) ) ;
#579 = DIRECTION ( 'NONE',  ( 0.000000000000000000, 0.9899494936611665796, -0.1414213562373096422 ) ) ;
#580 = ORIENTED_EDGE ( 'NONE', *, *, #753, .T. ) ;
#581 = EDGE_CURVE ( 'NONE', #1532, #332, #320, .T. ) ;
#582 = APPROVAL_PERSON_ORGANIZATION ( #561, #572, #70 ) ;
#583 = CARTESIAN_POINT ( 'NONE',  ( 0.000000000000000000, 12.61162697096763097, 14.03517677218595239 ) ) ;
#584 = DIRECTION ( 'NONE',  ( -0.000000000000000000, 1.000000000000000000, -0.000000000000000000 ) ) ;
#585 = ORIENTED_EDGE ( 'NONE', *, *, #1415, .F. ) ;
#586 = DIRECTION ( 'NONE',  ( 0.000000000000000000, 0.1414213562373093369, 0.9899494936611665796 ) ) ;
#587 = AXIS2_PLACEMENT_3D ( 'NONE', #453, #264, #1262 ) ;
#588 = ADVANCED_FACE ( 'NONE', ( #2093 ), #1153, .F. ) ;
#589 = CIRCLE ( 'NONE', #1810, 1.000000000000000888 ) ;
#590 = ORIENTED_EDGE ( 'NONE', *, *, #1264, .F. ) ;
#591 = CARTESIAN_POINT ( 'NONE',  ( -14.99999999999999822, -7.894469683442253860, 18.98492424049174687 ) ) ;
#592 = CIRCLE ( 'NONE', #2056, 2.000000000000001776 ) ;
#593 = FACE_OUTER_BOUND ( 'NONE', #744, .T. ) ;
#594 = ORIENTED_EDGE ( 'NONE', *, *, #469, .F. ) ;
#595 = DIRECTION ( 'NONE',  ( 0.000000000000000000, 1.000000000000000000, 0.000000000000000000 ) ) ;
#596 = ORIENTED_EDGE ( 'NONE', *, *, #1997, .F. ) ;
#597 = LINE ( 'NONE', #2030, #13 ) ;
#598 = ADVANCED_FACE ( 'NONE', ( #1479, #2104, #1115 ), #1924, .T. ) ;
#599 = ORIENTED_EDGE ( 'NONE', *, *, #831, .T. ) ;
#600 = DIRECTION ( 'NONE',  ( 1.000000000000000000, -0.000000000000000000, 0.000000000000000000 ) ) ;
#601 = AXIS2_PLACEMENT_3D ( 'NONE', #1984, #522, #864 ) ;
#602 = DIRECTION ( 'NONE',  ( 0.000000000000000000, 0.1414213562373093647, 0.9899494936611665796 ) ) ;
#603 = AXIS2_PLACEMENT_3D ( 'NONE', #2069, #643, #607 ) ;
#604 = FACE_OUTER_BOUND ( 'NONE', #440, .T. ) ;
#605 = ORIENTED_EDGE ( 'NONE', *, *, #745, .F. ) ;
#606 = CARTESIAN_POINT ( 'NONE',  ( -17.00000000000000000, -19.99999999999999645, 30.00000000000000000 ) ) ;
#607 = DIRECTION ( 'NONE',  ( 0.000000000000000000, 0.000000000000000000, -1.000000000000000000 ) ) ;
#608 = VERTEX_POINT ( 'NONE', #658 ) ;
#609 = ADVANCED_FACE ( 'NONE', ( #1486 ), #638, .F. ) ;
#610 = DIRECTION ( 'NONE',  ( 1.431073855571149196E-16, 0.9899494936611665796, -0.1414213562373093369 ) ) ;
#611 = EDGE_CURVE ( 'NONE', #1983, #986, #1943, .T. ) ;
#612 = CARTESIAN_POINT ( 'NONE',  ( -2.000000000000001776, 12.61162697096763274, 14.03517677218595239 ) ) ;
#613 = FACE_OUTER_BOUND ( 'NONE', #1897, .T. ) ;
#614 = ORIENTED_EDGE ( 'NONE', *, *, #883, .F. ) ;
#615 = AXIS2_PLACEMENT_3D ( 'NONE', #670, #1797, #2062 ) ;
#616 = VERTEX_POINT ( 'NONE', #971 ) ;
#617 = AXIS2_PLACEMENT_3D ( 'NONE', #173, #1459, #501 ) ;
#618 = CARTESIAN_POINT ( 'NONE',  ( -17.00000000000000000, 0.000000000000000000, 30.00000000000000000 ) ) ;
#619 = CARTESIAN_POINT ( 'NONE',  ( 15.00000000000000355, 20.00000000000000355, 4.000000000000000888 ) ) ;
#620 = LOCAL_TIME ( 23, 17, 9.000000000000000000, #1978 ) ;
#621 = CIRCLE ( 'NONE', #792, 1.000000000000001332 ) ;
#622 = LINE ( 'NONE', #1124, #285 ) ;
#623 = VECTOR ( 'NONE', #498, 1000.000000000000114 ) ;
#624 = EDGE_CURVE ( 'NONE', #71, #1319, #468, .T. ) ;
#625 = DIRECTION ( 'NONE',  ( 0.000000000000000000, 0.000000000000000000, 1.000000000000000000 ) ) ;
#626 = DIRECTION ( 'NONE',  ( -1.508455196501571429E-16, 0.9899494936611664686, -0.1414213562373093369 ) ) ;
#627 = EDGE_LOOP ( 'NONE', ( #1774, #599, #639, #641, #1474, #1951, #1730, #1949 ) ) ;
#628 = ORIENTED_EDGE ( 'NONE', *, *, #535, .T. ) ;
#629 = CARTESIAN_POINT ( 'NONE',  ( -19.00000000000000000, -19.99999999999999645, 27.99999999999999645 ) ) ;
#630 = DIRECTION ( 'NONE',  ( 0.000000000000000000, 1.000000000000000000, 0.000000000000000000 ) ) ;
#631 = LINE ( 'NONE', #186, #716 ) ;
#632 = DIRECTION ( 'NONE',  ( 0.000000000000000000, 0.9899494936611665796, -0.1414213562373096422 ) ) ;
#633 = ORIENTED_EDGE ( 'NONE', *, *, #937, .F. ) ;
#634 = ORIENTED_EDGE ( 'NONE', *, *, #25, .F. ) ;
#635 = AXIS2_PLACEMENT_3D ( 'NONE', #1547, #1049, #914 ) ;
#636 = DIRECTION ( 'NONE',  ( 0.000000000000000000, 0.000000000000000000, 1.000000000000000000 ) ) ;
#637 = FACE_OUTER_BOUND ( 'NONE', #1183, .T. ) ;
#638 = CYLINDRICAL_SURFACE ( 'NONE', #1204, 1.000000000000000444 ) ;
#639 = ORIENTED_EDGE ( 'NONE', *, *, #1155, .F. ) ;
#640 = ADVANCED_FACE ( 'NONE', ( #1760 ), #310, .F. ) ;
#641 = ORIENTED_EDGE ( 'NONE', *, *, #930, .T. ) ;
#642 = DIRECTION ( 'NONE',  ( 0.000000000000000000, 0.1414213562373093369, 0.9899494936611665796 ) ) ;
#643 = DIRECTION ( 'NONE',  ( -0.000000000000000000, 1.000000000000000000, -0.000000000000000000 ) ) ;
#644 = CIRCLE ( 'NONE', #1267, 1.000000000000000888 ) ;
#645 = AXIS2_PLACEMENT_3D ( 'NONE', #1709, #1555, #1910 ) ;
#646 = EDGE_CURVE ( 'NONE', #457, #326, #181, .T. ) ;
#647 = CC_DESIGN_APPROVAL ( #1268, ( #503 ) ) ;
#648 = EDGE_CURVE ( 'NONE', #2035, #274, #691, .T. ) ;
#649 = CARTESIAN_POINT ( 'NONE',  ( 13.00000000000000000, 2.217157287525381548, 15.52010101267769926 ) ) ;
#650 = VECTOR ( 'NONE', #1873, 1000.000000000000227 ) ;
#651 = DIRECTION ( 'NONE',  ( -1.493294457987286224E-16, 1.000000000000000000, 0.000000000000000000 ) ) ;
#652 = PERSON_AND_ORGANIZATION_ROLE ( 'design_supplier' ) ;
#653 = EDGE_LOOP ( 'NONE', ( #580, #111, #1233 ) ) ;
#654 = ORIENTED_EDGE ( 'NONE', *, *, #1886, .F. ) ;
#655 = FACE_OUTER_BOUND ( 'NONE', #1215, .T. ) ;
#656 = CARTESIAN_POINT ( 'NONE',  ( 3.000000000000000888, -7.894469683442255636, 18.98492424049174687 ) ) ;
#657 = AXIS2_PLACEMENT_3D ( 'NONE', #1849, #261, #1042 ) ;
#658 = CARTESIAN_POINT ( 'NONE',  ( -14.00000000000000178, 12.75304832720493842, 15.02512626584708499 ) ) ;
#659 = EDGE_CURVE ( 'NONE', #408, #1861, #321, .T. ) ;
#660 = FACE_OUTER_BOUND ( 'NONE', #33, .T. ) ;
#661 = CARTESIAN_POINT ( 'NONE',  ( 19.00000000000000000, 15.00000000000000178, 10.00000000000000000 ) ) ;
#662 = VERTEX_POINT ( 'NONE', #536 ) ;
#663 = ORIENTED_EDGE ( 'NONE', *, *, #2061, .F. ) ;
#664 = DIRECTION ( 'NONE',  ( -0.000000000000000000, 1.000000000000000000, -0.000000000000000000 ) ) ;
#665 = CIRCLE ( 'NONE', #1893, 1.000000000000001332 ) ;
#666 = FACE_OUTER_BOUND ( 'NONE', #1974, .T. ) ;
#667 = DIRECTION ( 'NONE',  ( 0.000000000000000000, 0.1414213562373093092, 0.9899494936611665796 ) ) ;
#668 = AXIS2_PLACEMENT_3D ( 'NONE', #454, #1612, #1263 ) ;
#669 = EDGE_CURVE ( 'NONE', #519, #1993, #720, .T. ) ;
#670 = CARTESIAN_POINT ( 'NONE',  ( -3.000000000000002665, 12.75304832720493842, 15.02512626584708144 ) ) ;
#671 = EDGE_CURVE ( 'NONE', #1330, #1063, #1350, .T. ) ;
#672 = DIRECTION ( 'NONE',  ( -0.000000000000000000, -1.000000000000000000, -1.734723475976807094E-16 ) ) ;
#673 = APPROVAL_ROLE ( '' ) ;
#674 = ORIENTED_EDGE ( 'NONE', *, *, #1349, .F. ) ;
#675 = ORIENTED_EDGE ( 'NONE', *, *, #1768, .T. ) ;
#676 = CARTESIAN_POINT ( 'NONE',  ( -2.999999999999998224, -9.874368670764585687, 19.26776695296636532 ) ) ;
#677 = SPHERICAL_SURFACE ( 'NONE', #1034, 1.000000000000000000 ) ;
#678 = DIRECTION ( 'NONE',  ( 0.000000000000000000, 0.000000000000000000, -1.000000000000000000 ) ) ;
#679 = CIRCLE ( 'NONE', #756, 0.9999999999999995559 ) ;
#680 = ORIENTED_EDGE ( 'NONE', *, *, #56, .T. ) ;
#681 = DIRECTION ( 'NONE',  ( -1.000000000000000000, 0.000000000000000000, -0.000000000000000000 ) ) ;
#682 = CIRCLE ( 'NONE', #854, 1.999999999999999556 ) ;
#683 = VECTOR ( 'NONE', #1323, 1000.000000000000227 ) ;
#684 = CARTESIAN_POINT ( 'NONE',  ( -13.00000000000000178, 14.87436867076458036, 15.73223304703363290 ) ) ;
#685 = PERSON_AND_ORGANIZATION_ROLE ( 'design_owner' ) ;
#686 = ORIENTED_EDGE ( 'NONE', *, *, #1844, .T. ) ;
#687 = VECTOR ( 'NONE', #980, 1000.000000000000000 ) ;
#688 = ORIENTED_EDGE ( 'NONE', *, *, #711, .F. ) ;
#689 = CARTESIAN_POINT ( 'NONE',  ( -14.99999999999999645, -8.035891039679563974, 17.99497474683057874 ) ) ;
#690 = DIRECTION ( 'NONE',  ( 0.000000000000000000, -1.000000000000000000, 0.000000000000000000 ) ) ;
#691 = LINE ( 'NONE', #1175, #892 ) ;
#692 = ORIENTED_EDGE ( 'NONE', *, *, #152, .T. ) ;
#693 = DIRECTION ( 'NONE',  ( -1.000000000000000000, -0.000000000000000000, -0.000000000000000000 ) ) ;
#694 = DIRECTION ( 'NONE',  ( 0.000000000000000000, -0.9899494936611665796, 0.1414213562373097532 ) ) ;
#695 = CALENDAR_DATE ( 2024, 26, 9 ) ;
#696 = EDGE_LOOP ( 'NONE', ( #692, #53, #288, #1420 ) ) ;
#697 = PRODUCT ( '바디_지지대', '바디_지지대', '', ( #1180 ) ) ;
#698 = EDGE_LOOP ( 'NONE', ( #506, #1176, #2078, #594 ) ) ;
#699 = DIRECTION ( 'NONE',  ( -1.000000000000000000, 0.000000000000000000, -0.000000000000000000 ) ) ;
#700 = DIRECTION ( 'NONE',  ( 0.000000000000000000, 0.1414213562373093369, 0.9899494936611665796 ) ) ;
#701 = CIRCLE ( 'NONE', #349, 1.000000000000001332 ) ;
#702 = CIRCLE ( 'NONE', #1522, 0.9999999999999995559 ) ;
#703 = DIRECTION ( 'NONE',  ( 1.000000000000000000, -0.000000000000000000, -0.000000000000000000 ) ) ;
#704 = PLANE ( 'NONE',  #1094 ) ;
#705 = AXIS2_PLACEMENT_3D ( 'NONE', #69, #1214, #278 ) ;
#706 = FACE_OUTER_BOUND ( 'NONE', #102, .T. ) ;
#707 = EDGE_LOOP ( 'NONE', ( #674, #542 ) ) ;
#708 = DIRECTION ( 'NONE',  ( -0.000000000000000000, -1.000000000000000000, -1.734723475976807094E-16 ) ) ;
#709 = DIRECTION ( 'NONE',  ( -0.000000000000000000, -1.000000000000000000, -0.000000000000000000 ) ) ;
#710 = CARTESIAN_POINT ( 'NONE',  ( 2.000000000000001332, -8.035891039679565750, 17.99497474683057874 ) ) ;
#711 = EDGE_CURVE ( 'NONE', #1138, #1867, #369, .T. ) ;
#712 = DIRECTION ( 'NONE',  ( 0.000000000000000000, -0.9899494936611665796, 0.1414213562373093369 ) ) ;
#713 = ADVANCED_FACE ( 'NONE', ( #358 ), #1188, .F. ) ;
#714 = CARTESIAN_POINT ( 'NONE',  ( 13.00000000000000178, -8.177312395916867871, 17.00502525316944613 ) ) ;
#715 = AXIS2_PLACEMENT_3D ( 'NONE', #758, #721, #2026 ) ;
#716 = VECTOR ( 'NONE', #477, 1000.000000000000000 ) ;
#717 = LOCAL_TIME ( 23, 17, 9.000000000000000000, #1531 ) ;
#718 = DIRECTION ( 'NONE',  ( 0.000000000000000000, 0.1414213562373097532, 0.9899494936611665796 ) ) ;
#719 = ORIENTED_EDGE ( 'NONE', *, *, #1684, .F. ) ;
#720 = CIRCLE ( 'NONE', #1064, 0.9999999999999991118 ) ;
#721 = DIRECTION ( 'NONE',  ( 0.000000000000000000, 0.1414213562373093369, 0.9899494936611665796 ) ) ;
#722 = DIRECTION ( 'NONE',  ( 0.000000000000000000, 0.000000000000000000, 1.000000000000000000 ) ) ;
#723 = ORIENTED_EDGE ( 'NONE', *, *, #1409, .T. ) ;
#724 = VECTOR ( 'NONE', #388, 1000.000000000000227 ) ;
#725 = ORIENTED_EDGE ( 'NONE', *, *, #873, .T. ) ;
#726 = DIRECTION ( 'NONE',  ( 0.000000000000000000, 0.9899494936611665796, -0.1414213562373097532 ) ) ;
#727 = VERTEX_POINT ( 'NONE', #1371 ) ;
#728 = DIRECTION ( 'NONE',  ( 0.000000000000000000, -1.000000000000000000, -1.734723475976807094E-16 ) ) ;
#729 = ADVANCED_FACE ( 'NONE', ( #1045 ), #1693, .T. ) ;
#730 = APPROVAL ( #826, 'UNSPECIFIED' ) ;
#731 = DIRECTION ( 'NONE',  ( 0.000000000000000000, -0.1414213562373093092, -0.9899494936611664686 ) ) ;
#732 = EDGE_CURVE ( 'NONE', #1209, #368, #516, .T. ) ;
#733 = ORIENTED_EDGE ( 'NONE', *, *, #611, .T. ) ;
#734 = DIRECTION ( 'NONE',  ( -0.000000000000000000, 1.000000000000000000, -0.000000000000000000 ) ) ;
#735 = LINE ( 'NONE', #2055, #1514 ) ;
#736 = ORIENTED_EDGE ( 'NONE', *, *, #1190, .F. ) ;
#737 = CARTESIAN_POINT ( 'NONE',  ( -2.999999999999998224, -8.177312395916869647, 17.00502525316944613 ) ) ;
#738 = AXIS2_PLACEMENT_3D ( 'NONE', #1321, #204, #1649 ) ;
#739 = ORIENTED_EDGE ( 'NONE', *, *, #1744, .T. ) ;
#740 = CARTESIAN_POINT ( 'NONE',  ( 13.99999999999999822, 12.61162697096763097, 14.03517677218595416 ) ) ;
#741 = EDGE_CURVE ( 'NONE', #1243, #1032, #1878, .T. ) ;
#742 = CARTESIAN_POINT ( 'NONE',  ( 15.00000000000000000, -19.99999999999999645, 26.00000000000000000 ) ) ;
#743 = AXIS2_PLACEMENT_3D ( 'NONE', #1569, #1860, #747 ) ;
#744 = EDGE_LOOP ( 'NONE', ( #2064, #1148, #899, #104 ) ) ;
#745 = EDGE_CURVE ( 'NONE', #1969, #368, #544, .T. ) ;
#746 = DIRECTION ( 'NONE',  ( 0.000000000000000000, 0.000000000000000000, 1.000000000000000000 ) ) ;
#747 = DIRECTION ( 'NONE',  ( 0.000000000000000000, -0.1414213562373093092, -0.9899494936611665796 ) ) ;
#748 = ORIENTED_EDGE ( 'NONE', *, *, #741, .T. ) ;
#749 = ORIENTED_EDGE ( 'NONE', *, *, #357, .T. ) ;
#750 = DIRECTION ( 'NONE',  ( 1.508455196501571676E-16, -0.9899494936611664686, 0.1414213562373093369 ) ) ;
#751 = EDGE_LOOP ( 'NONE', ( #1835, #633, #1354 ) ) ;
#752 = CYLINDRICAL_SURFACE ( 'NONE', #1945, 0.9999999999999995559 ) ;
#753 = EDGE_CURVE ( 'NONE', #1497, #2077, #961, .T. ) ;
#754 = CIRCLE ( 'NONE', #1669, 1.999999999999999112 ) ;
#755 = DIRECTION ( 'NONE',  ( 0.000000000000000000, 1.000000000000000000, 0.000000000000000000 ) ) ;
#756 = AXIS2_PLACEMENT_3D ( 'NONE', #1167, #1975, #1116 ) ;
#757 = AXIS2_PLACEMENT_3D ( 'NONE', #2088, #143, #1272 ) ;
#758 = CARTESIAN_POINT ( 'NONE',  ( 12.99999999999999822, 12.89446968344224587, 16.01507575950825313 ) ) ;
#759 = DIRECTION ( 'NONE',  ( 1.000000000000000000, 0.000000000000000000, 0.000000000000000000 ) ) ;
#760 = EDGE_CURVE ( 'NONE', #1106, #910, #1830, .T. ) ;
#761 = ORIENTED_EDGE ( 'NONE', *, *, #1111, .F. ) ;
#762 = DIRECTION ( 'NONE',  ( 0.000000000000000000, -0.9899494936611665796, 0.1414213562373097532 ) ) ;
#763 = CIRCLE ( 'NONE', #1950, 1.000000000000001332 ) ;
#764 = ORIENTED_EDGE ( 'NONE', *, *, #1938, .F. ) ;
#765 = DIRECTION ( 'NONE',  ( 1.508455196501571676E-16, -0.9899494936611665796, 0.1414213562373093369 ) ) ;
#766 = DIRECTION ( 'NONE',  ( 1.000000000000000000, -0.000000000000000000, 0.000000000000000000 ) ) ;
#767 = LINE ( 'NONE', #1430, #150 ) ;
#768 = EDGE_CURVE ( 'NONE', #532, #1497, #824, .T. ) ;
#769 = ORIENTED_EDGE ( 'NONE', *, *, #780, .F. ) ;
#770 = DIRECTION ( 'NONE',  ( 0.000000000000000000, 1.000000000000000000, 0.000000000000000000 ) ) ;
#771 = CARTESIAN_POINT ( 'NONE',  ( 3.000000000000000888, -9.874368670764587463, 19.26776695296636532 ) ) ;
#772 = ORIENTED_EDGE ( 'NONE', *, *, #339, .T. ) ;
#773 = DIRECTION ( 'NONE',  ( 0.000000000000000000, -0.1414213562373097532, -0.9899494936611665796 ) ) ;
#774 = AXIS2_PLACEMENT_3D ( 'NONE', #829, #1001, #1184 ) ;
#775 = VECTOR ( 'NONE', #2103, 1000.000000000000000 ) ;
#776 = CARTESIAN_POINT ( 'NONE',  ( -13.00000000000000000, 2.217157287525377551, 15.52010101267769926 ) ) ;
#777 = ORIENTED_EDGE ( 'NONE', *, *, #1356, .F. ) ;
#778 = ORIENTED_EDGE ( 'NONE', *, *, #833, .F. ) ;
#779 = PLANE ( 'NONE',  #459 ) ;
#780 = EDGE_CURVE ( 'NONE', #863, #262, #842, .T. ) ;
#781 = CYLINDRICAL_SURFACE ( 'NONE', #1965, 0.9999999999999995559 ) ;
#782 = LINE ( 'NONE', #432, #347 ) ;
#783 = CARTESIAN_POINT ( 'NONE',  ( 15.00000000000000000, -23.99999999999997868, 26.00000000000000000 ) ) ;
#784 = CARTESIAN_POINT ( 'NONE',  ( 15.00000000000000000, -15.00000000000001421, 28.00000000000000355 ) ) ;
#785 = CYLINDRICAL_SURFACE ( 'NONE', #1541, 0.9999999999999995559 ) ;
#786 = ORIENTED_EDGE ( 'NONE', *, *, #820, .F. ) ;
#787 = AXIS2_PLACEMENT_3D ( 'NONE', #1549, #734, #1246 ) ;
#788 = ORIENTED_EDGE ( 'NONE', *, *, #1623, .F. ) ;
#789 = CARTESIAN_POINT ( 'NONE',  ( -2.999999999999998224, -8.035891039679565750, 17.99497474683057874 ) ) ;
#790 = CARTESIAN_POINT ( 'NONE',  ( -3.000000000000002665, 14.87436867076458036, 15.73223304703363290 ) ) ;
#791 = VECTOR ( 'NONE', #1100, 1000.000000000000000 ) ;
#792 = AXIS2_PLACEMENT_3D ( 'NONE', #737, #105, #1103 ) ;
#793 = DIRECTION ( 'NONE',  ( -3.081487911019577365E-33, -0.1414213562373093369, -0.9899494936611666907 ) ) ;
#794 = VECTOR ( 'NONE', #969, 1000.000000000000114 ) ;
#795 = EDGE_CURVE ( 'NONE', #248, #2066, #2021, .T. ) ;
#796 = CARTESIAN_POINT ( 'NONE',  ( -3.000000000000002665, 12.61162697096763274, 14.03517677218595061 ) ) ;
#797 = DIRECTION ( 'NONE',  ( 0.000000000000000000, 0.1414213562373093092, 0.9899494936611664686 ) ) ;
#798 = ORIENTED_EDGE ( 'NONE', *, *, #1058, .F. ) ;
#799 = ORIENTED_EDGE ( 'NONE', *, *, #460, .T. ) ;
#800 = CARTESIAN_POINT ( 'NONE',  ( 1.502627548349706507E-15, 12.47020561473031997, 13.04522727852478603 ) ) ;
#801 = LINE ( 'NONE', #1458, #1082 ) ;
#802 = CARTESIAN_POINT ( 'NONE',  ( 19.00000000000000000, 15.00000000000000355, -6.123233995736768255E-16 ) ) ;
#803 = EDGE_CURVE ( 'NONE', #855, #2035, #205, .T. ) ;
#804 = CIRCLE ( 'NONE', #1787, 2.000000000000001776 ) ;
#805 = CARTESIAN_POINT ( 'NONE',  ( 13.99999999999999822, 13.74299782086610300, 14.88370490960977399 ) ) ;
#806 = VERTEX_POINT ( 'NONE', #1842 ) ;
#807 = ADVANCED_FACE ( 'NONE', ( #391 ), #151, .T. ) ;
#808 = VERTEX_POINT ( 'NONE', #1035 ) ;
#809 = VECTOR ( 'NONE', #244, 1000.000000000000000 ) ;
#810 = DIRECTION ( 'NONE',  ( 0.000000000000000000, 1.734723475976805517E-15, 1.000000000000000000 ) ) ;
#811 = DIRECTION ( 'NONE',  ( 0.000000000000000000, -0.1414213562373097532, -0.9899494936611665796 ) ) ;
#812 = DIRECTION ( 'NONE',  ( -0.000000000000000000, 1.734723475976807094E-16, -1.000000000000000000 ) ) ;
#813 = EDGE_CURVE ( 'NONE', #1837, #157, #1379, .T. ) ;
#814 = PERSON_AND_ORGANIZATION ( #108, #1200 ) ;
#815 = ORIENTED_EDGE ( 'NONE', *, *, #241, .F. ) ;
#816 = ORIENTED_EDGE ( 'NONE', *, *, #558, .F. ) ;
#817 = CARTESIAN_POINT ( 'NONE',  ( -12.99999999999999645, -8.318733752154177097, 16.01507575950827800 ) ) ;
#818 = CARTESIAN_POINT ( 'NONE',  ( 17.00000000000000000, -19.99999999999999645, 2.000000000000001776 ) ) ;
#819 = CLOSED_SHELL ( 'NONE', ( #559, #370, #1421, #17, #223, #1342, #1378, #1591, #86, #1226, #240, #341, #147, #598, #729, #1747, #292, #1933, #972, #409, #1313, #1901, #2094, #1846, #1412, #28, #1472, #49, #96, #210, #185, #1732, #1203, #1426, #1252, #807, #2010, #1653, #898, #1535, #81, #2085, #640, #1186, #991, #1093, #110, #1719, #464, #309, #962, #609, #909, #1857, #1858, #476, #1809, #1057, #531, #1942, #206, #39, #713, #1818, #588, #2008, #1488, #1477, #199, #1327, #1821, #1135 ) ) ;
#820 = EDGE_CURVE ( 'NONE', #1138, #1700, #621, .T. ) ;
#821 = AXIS2_PLACEMENT_3D ( 'NONE', #266, #911, #140 ) ;
#822 = CIRCLE ( 'NONE', #251, 0.9999999999999995559 ) ;
#823 = DIRECTION ( 'NONE',  ( 1.000000000000000000, 0.000000000000000000, 0.000000000000000000 ) ) ;
#824 = CIRCLE ( 'NONE', #1237, 1.000000000000000888 ) ;
#825 = DIRECTION ( 'NONE',  ( 1.000000000000000000, 0.000000000000000000, -0.000000000000000000 ) ) ;
#826 = APPROVAL_STATUS ( 'not_yet_approved' ) ;
#827 = ORIENTED_EDGE ( 'NONE', *, *, #1409, .F. ) ;
#828 = ORIENTED_EDGE ( 'NONE', *, *, #646, .T. ) ;
#829 = CARTESIAN_POINT ( 'NONE',  ( -14.00000000000000178, 14.73294731452727113, 14.74228355337246477 ) ) ;
#830 = DIRECTION ( 'NONE',  ( 0.000000000000000000, 0.1414213562373093369, 0.9899494936611665796 ) ) ;
#831 = EDGE_CURVE ( 'NONE', #1859, #1668, #1394, .T. ) ;
#832 = CARTESIAN_POINT ( 'NONE',  ( -2.999999999999998224, -8.177312395916871424, 17.00502525316944613 ) ) ;
#833 = EDGE_CURVE ( 'NONE', #1727, #727, #1773, .T. ) ;
#834 = CARTESIAN_POINT ( 'NONE',  ( 13.00000000000000178, -10.01579002700189669, 18.27781745930519719 ) ) ;
#835 = DIRECTION ( 'NONE',  ( 0.000000000000000000, -1.000000000000000000, 0.000000000000000000 ) ) ;
#836 = APPROVAL_DATE_TIME ( #1958, #1268 ) ;
#837 = ORIENTED_EDGE ( 'NONE', *, *, #1914, .F. ) ;
#838 = ORIENTED_EDGE ( 'NONE', *, *, #25, .T. ) ;
#839 = CARTESIAN_POINT ( 'NONE',  ( -3.000000000000001776, 12.47020561473032352, 13.04522727852478603 ) ) ;
#840 = CARTESIAN_POINT ( 'NONE',  ( -12.99999999999999645, -8.035891039679563974, 17.99497474683057874 ) ) ;
#841 = EDGE_CURVE ( 'NONE', #170, #362, #486, .T. ) ;
#842 = LINE ( 'NONE', #1518, #2086 ) ;
#843 = ORIENTED_EDGE ( 'NONE', *, *, #669, .F. ) ;
#844 = DIRECTION ( 'NONE',  ( 0.000000000000000000, 0.000000000000000000, -1.000000000000000000 ) ) ;
#845 = EDGE_CURVE ( 'NONE', #1309, #1032, #298, .T. ) ;
#846 = FACE_OUTER_BOUND ( 'NONE', #238, .T. ) ;
#847 = DIRECTION ( 'NONE',  ( 0.000000000000000000, -0.9899494936611665796, 0.1414213562373091981 ) ) ;
#848 = EDGE_LOOP ( 'NONE', ( #1444, #424 ) ) ;
#849 = ORIENTED_EDGE ( 'NONE', *, *, #1361, .T. ) ;
#850 = CARTESIAN_POINT ( 'NONE',  ( 15.00000000000000355, -23.99999999999997868, 4.000000000000000888 ) ) ;
#851 = CARTESIAN_POINT ( 'NONE',  ( 15.00000000000000355, -23.99999999999997868, 2.000000000000001776 ) ) ;
#852 = DIRECTION ( 'NONE',  ( 0.000000000000000000, 0.000000000000000000, -1.000000000000000000 ) ) ;
#853 = VECTOR ( 'NONE', #1508, 1000.000000000000227 ) ;
#854 = AXIS2_PLACEMENT_3D ( 'NONE', #1125, #1771, #1904 ) ;
#855 = VERTEX_POINT ( 'NONE', #606 ) ;
#856 = CARTESIAN_POINT ( 'NONE',  ( 2.000000000000000888, -8.318733752154178873, 16.01507575950827800 ) ) ;
#857 = AXIS2_PLACEMENT_3D ( 'NONE', #1749, #1221, #1232 ) ;
#858 = CARTESIAN_POINT ( 'NONE',  ( 12.99999999999999822, 13.60157646462879732, 13.89375541594864316 ) ) ;
#859 = DIRECTION ( 'NONE',  ( -0.000000000000000000, 0.1414213562373091981, 0.9899494936611665796 ) ) ;
#860 = ORIENTED_EDGE ( 'NONE', *, *, #1439, .F. ) ;
#861 = EDGE_CURVE ( 'NONE', #404, #577, #1132, .T. ) ;
#862 = VECTOR ( 'NONE', #2101, 1000.000000000000000 ) ;
#863 = VERTEX_POINT ( 'NONE', #1737 ) ;
#864 = DIRECTION ( 'NONE',  ( 0.000000000000000000, -0.9899494936611665796, 0.1414213562373097532 ) ) ;
#865 = DIRECTION ( 'NONE',  ( -1.508455196501571676E-16, 0.9899494936611665796, -0.1414213562373092259 ) ) ;
#866 = LINE ( 'NONE', #569, #318 ) ;
#867 = EDGE_CURVE ( 'NONE', #608, #1383, #1408, .T. ) ;
#868 = CARTESIAN_POINT ( 'NONE',  ( -14.00000000000000178, 13.46015510839148988, 12.90380592228747680 ) ) ;
#869 = EDGE_LOOP ( 'NONE', ( #489, #565, #412, #1069 ) ) ;
#870 = DIRECTION ( 'NONE',  ( 0.000000000000000000, 0.9899494936611665796, -0.1414213562373097532 ) ) ;
#871 = CARTESIAN_POINT ( 'NONE',  ( 2.999999999999998668, 12.75304832720493842, 15.02512626584708144 ) ) ;
#872 = CARTESIAN_POINT ( 'NONE',  ( 15.00000000000000000, 12.75304832720493664, 15.02512626584708322 ) ) ;
#873 = EDGE_CURVE ( 'NONE', #1309, #616, #763, .T. ) ;
#874 = AXIS2_PLACEMENT_3D ( 'NONE', #871, #417, #1086 ) ;
#875 = CARTESIAN_POINT ( 'NONE',  ( -12.99999999999999645, -7.894469683442253860, 18.98492424049174687 ) ) ;
#876 = CARTESIAN_POINT ( 'NONE',  ( 15.00000000000000000, -15.00000000000001421, 23.99999999999999289 ) ) ;
#877 = LINE ( 'NONE', #1389, #809 ) ;
#878 = ORIENTED_EDGE ( 'NONE', *, *, #316, .F. ) ;
#879 = VERTEX_POINT ( 'NONE', #1906 ) ;
#880 = CYLINDRICAL_SURFACE ( 'NONE', #936, 2.000000000000000000 ) ;
#881 = EDGE_CURVE ( 'NONE', #1393, #512, #80, .T. ) ;
#882 = EDGE_LOOP ( 'NONE', ( #2031, #2041, #113, #1118 ) ) ;
#883 = EDGE_CURVE ( 'NONE', #1617, #2097, #567, .T. ) ;
#884 = DIRECTION ( 'NONE',  ( 1.000000000000000000, 0.000000000000000000, 0.000000000000000000 ) ) ;
#885 = ORIENTED_EDGE ( 'NONE', *, *, #1982, .T. ) ;
#886 = DIRECTION ( 'NONE',  ( 0.000000000000000000, -0.1414213562373095034, -0.9899494936611665796 ) ) ;
#887 = AXIS2_PLACEMENT_3D ( 'NONE', #346, #602, #938 ) ;
#888 = AXIS2_PLACEMENT_3D ( 'NONE', #1468, #1279, #160 ) ;
#889 = VECTOR ( 'NONE', #797, 1000.000000000000227 ) ;
#890 = CARTESIAN_POINT ( 'NONE',  ( 0.9999999999999988898, 12.75304832720493842, 15.02512626584708499 ) ) ;
#891 = ORIENTED_EDGE ( 'NONE', *, *, #861, .F. ) ;
#892 = VECTOR ( 'NONE', #1022, 1000.000000000000000 ) ;
#893 = ORIENTED_EDGE ( 'NONE', *, *, #1496, .F. ) ;
#894 = CARTESIAN_POINT ( 'NONE',  ( -1.999999999999998224, -8.035891039679565750, 17.99497474683057874 ) ) ;
#895 = CIRCLE ( 'NONE', #1068, 1.000000000000000888 ) ;
#896 = EDGE_LOOP ( 'NONE', ( #1431, #242, #14, #590 ) ) ;
#897 = CARTESIAN_POINT ( 'NONE',  ( 15.00000000000000000, -19.99999999999999645, 26.00000000000000000 ) ) ;
#898 = ADVANCED_FACE ( 'NONE', ( #1242 ), #932, .T. ) ;
#899 = ORIENTED_EDGE ( 'NONE', *, *, #1119, .F. ) ;
#900 = DIRECTION ( 'NONE',  ( 0.000000000000000000, 0.1414213562373093092, 0.9899494936611664686 ) ) ;
#901 = EDGE_CURVE ( 'NONE', #218, #1138, #597, .T. ) ;
#902 = CARTESIAN_POINT ( 'NONE',  ( -19.00000000000000000, -19.99999999999999645, 30.00000000000000000 ) ) ;
#903 = ORIENTED_EDGE ( 'NONE', *, *, #1051, .T. ) ;
#904 = CARTESIAN_POINT ( 'NONE',  ( 0.000000000000000000, 2.075735931288071434, 14.53015151901653290 ) ) ;
#905 = DIRECTION ( 'NONE',  ( 0.000000000000000000, -0.9899494936611665796, 0.1414213562373097532 ) ) ;
#906 = VERTEX_POINT ( 'NONE', #1077 ) ;
#907 = CARTESIAN_POINT ( 'NONE',  ( -15.00000000000000355, 12.75304832720493842, 15.02512626584708499 ) ) ;
#908 = AXIS2_PLACEMENT_3D ( 'NONE', #1146, #1307, #1791 ) ;
#909 = ADVANCED_FACE ( 'NONE', ( #430 ), #1056, .F. ) ;
#910 = VERTEX_POINT ( 'NONE', #2049 ) ;
#911 = DIRECTION ( 'NONE',  ( 0.000000000000000000, 1.000000000000000000, 0.000000000000000000 ) ) ;
#912 = CIRCLE ( 'NONE', #1896, 1.999999999999999112 ) ;
#913 = EDGE_CURVE ( 'NONE', #1532, #340, #1879, .T. ) ;
#914 = DIRECTION ( 'NONE',  ( 0.000000000000000000, -0.9899494936611665796, 0.1414213562373097532 ) ) ;
#915 = CIRCLE ( 'NONE', #273, 1.000000000000001332 ) ;
#916 = CARTESIAN_POINT ( 'NONE',  ( 17.00000000000000355, 20.00000000000000355, 0.000000000000000000 ) ) ;
#917 = DIRECTION ( 'NONE',  ( 0.000000000000000000, 0.1414213562373093092, 0.9899494936611664686 ) ) ;
#918 = ORIENTED_EDGE ( 'NONE', *, *, #1438, .F. ) ;
#919 = DIRECTION ( 'NONE',  ( -0.000000000000000000, -0.9899494936611664686, 0.1414213562373093369 ) ) ;
#920 = ORIENTED_EDGE ( 'NONE', *, *, #494, .F. ) ;
#921 = LINE ( 'NONE', #1405, #514 ) ;
#922 = VECTOR ( 'NONE', #1519, 1000.000000000000000 ) ;
#923 = DIRECTION ( 'NONE',  ( 0.000000000000000000, 0.000000000000000000, 1.000000000000000000 ) ) ;
#924 = VECTOR ( 'NONE', #1142, 1000.000000000000000 ) ;
#925 = AXIS2_PLACEMENT_3D ( 'NONE', #2076, #1936, #1919 ) ;
#926 = CARTESIAN_POINT ( 'NONE',  ( 3.000000000000000888, -8.318733752154178873, 16.01507575950827800 ) ) ;
#927 = DIRECTION ( 'NONE',  ( 0.000000000000000000, -0.9899494936611664686, 0.1414213562373093369 ) ) ;
#928 = ORIENTED_EDGE ( 'NONE', *, *, #492, .T. ) ;
#929 = ORIENTED_EDGE ( 'NONE', *, *, #867, .F. ) ;
#930 = EDGE_CURVE ( 'NONE', #1238, #662, #92, .T. ) ;
#931 = LINE ( 'NONE', #1581, #82 ) ;
#932 = TOROIDAL_SURFACE ( 'NONE', #456, 2.000000000000000000, 1.000000000000000000 ) ;
#933 = DIRECTION ( 'NONE',  ( 0.000000000000000000, 1.000000000000000000, 0.000000000000000000 ) ) ;
#934 = EDGE_LOOP ( 'NONE', ( #749, #473, #1248, #733 ) ) ;
#935 = CARTESIAN_POINT ( 'NONE',  ( 1.999999999999998668, 13.60157646462879910, 13.89375541594864316 ) ) ;
#936 = AXIS2_PLACEMENT_3D ( 'NONE', #1526, #584, #1411 ) ;
#937 = EDGE_CURVE ( 'NONE', #1330, #906, #1776, .T. ) ;
#938 = DIRECTION ( 'NONE',  ( 0.000000000000000000, -0.9899494936611664686, 0.1414213562373093369 ) ) ;
#939 = CARTESIAN_POINT ( 'NONE',  ( 13.99999999999999822, 13.46015510839148810, 12.90380592228747680 ) ) ;
#940 = DIRECTION ( 'NONE',  ( 0.000000000000000000, 0.9899494936611665796, -0.1414213562373097532 ) ) ;
#941 = ORIENTED_EDGE ( 'NONE', *, *, #1084, .F. ) ;
#942 = DIRECTION ( 'NONE',  ( 0.000000000000000000, 0.1414213562373095034, 0.9899494936611665796 ) ) ;
#943 = FACE_OUTER_BOUND ( 'NONE', #1561, .T. ) ;
#944 = EDGE_CURVE ( 'NONE', #2028, #1617, #931, .T. ) ;
#945 = CARTESIAN_POINT ( 'NONE',  ( 15.00000000000000355, 20.00000000000000355, 6.000000000000000000 ) ) ;
#946 = CYLINDRICAL_SURFACE ( 'NONE', #1198, 2.000000000000005329 ) ;
#947 = AXIS2_PLACEMENT_3D ( 'NONE', #426, #97, #1397 ) ;
#948 = CARTESIAN_POINT ( 'NONE',  ( -3.000000000000002665, 13.74299782086610477, 14.88370490960977399 ) ) ;
#949 = ORIENTED_EDGE ( 'NONE', *, *, #1966, .F. ) ;
#950 = ORIENTED_EDGE ( 'NONE', *, *, #1097, .F. ) ;
#951 = CARTESIAN_POINT ( 'NONE',  ( 0.000000000000000000, -8.177312395916867871, 17.00502525316944258 ) ) ;
#952 = EDGE_CURVE ( 'NONE', #1816, #1524, #1446, .T. ) ;
#953 = CARTESIAN_POINT ( 'NONE',  ( -3.000000000000002665, 12.47020561473032352, 13.04522727852478603 ) ) ;
#954 = FACE_BOUND ( 'NONE', #1363, .T. ) ;
#955 = CARTESIAN_POINT ( 'NONE',  ( -2.999999999999998224, -8.177312395916869647, 17.00502525316944613 ) ) ;
#956 = ORIENTED_EDGE ( 'NONE', *, *, #1024, .F. ) ;
#957 = VECTOR ( 'NONE', #1026, 1000.000000000000227 ) ;
#958 = ORIENTED_EDGE ( 'NONE', *, *, #1874, .F. ) ;
#959 = CARTESIAN_POINT ( 'NONE',  ( -14.99999999999999645, 15.00000000000000000, 6.000000000000000000 ) ) ;
#960 = CARTESIAN_POINT ( 'NONE',  ( -19.00000000000000000, -19.99999999999999645, 30.00000000000000000 ) ) ;
#961 = CIRCLE ( 'NONE', #552, 1.000000000000001332 ) ;
#962 = ADVANCED_FACE ( 'NONE', ( #466 ), #1447, .T. ) ;
#963 = CYLINDRICAL_SURFACE ( 'NONE', #617, 1.999999999999999112 ) ;
#964 = AXIS2_PLACEMENT_3D ( 'NONE', #1610, #158, #636 ) ;
#965 = EDGE_CURVE ( 'NONE', #1345, #855, #15, .T. ) ;
#966 = CARTESIAN_POINT ( 'NONE',  ( -13.99999999999999645, -9.874368670764585687, 19.26776695296636532 ) ) ;
#967 = ORIENTED_EDGE ( 'NONE', *, *, #2061, .T. ) ;
#968 = ORIENTED_EDGE ( 'NONE', *, *, #1768, .F. ) ;
#969 = DIRECTION ( 'NONE',  ( -1.131341397376178572E-16, 0.9899494936611664686, -0.1414213562373093369 ) ) ;
#970 = DIRECTION ( 'NONE',  ( 1.508455196501571676E-16, -0.9899494936611665796, 0.1414213562373093369 ) ) ;
#971 = CARTESIAN_POINT ( 'NONE',  ( -2.000000000000001776, 12.75304832720493842, 15.02512626584708322 ) ) ;
#972 = ADVANCED_FACE ( 'NONE', ( #655 ), #779, .F. ) ;
#973 = AXIS2_PLACEMENT_3D ( 'NONE', #1230, #1559, #1870 ) ;
#974 = AXIS2_PLACEMENT_3D ( 'NONE', #689, #550, #2006 ) ;
#975 = DIRECTION ( 'NONE',  ( 0.000000000000000000, -0.1414213562373095034, -0.9899494936611665796 ) ) ;
#976 = APPROVAL_DATE_TIME ( #331, #730 ) ;
#977 = ORIENTED_EDGE ( 'NONE', *, *, #2036, .T. ) ;
#978 = VERTEX_POINT ( 'NONE', #629 ) ;
#979 = CIRCLE ( 'NONE', #603, 2.000000000000000000 ) ;
#980 = DIRECTION ( 'NONE',  ( 0.000000000000000000, -1.000000000000000000, 0.000000000000000000 ) ) ;
#981 = DIRECTION ( 'NONE',  ( 0.000000000000000000, 0.000000000000000000, -1.000000000000000000 ) ) ;
#982 = VERTEX_POINT ( 'NONE', #315 ) ;
#983 = FACE_OUTER_BOUND ( 'NONE', #869, .T. ) ;
#984 = EDGE_CURVE ( 'NONE', #408, #1383, #1276, .T. ) ;
#985 = PLANE ( 'NONE',  #1043 ) ;
#986 = VERTEX_POINT ( 'NONE', #1303 ) ;
#987 = VERTEX_POINT ( 'NONE', #1961 ) ;
#988 = CARTESIAN_POINT ( 'NONE',  ( -13.00000000000000178, 12.61162697096763097, 14.03517677218595239 ) ) ;
#989 = DIRECTION ( 'NONE',  ( 0.000000000000000000, 0.1414213562373093369, 0.9899494936611665796 ) ) ;
#990 = CIRCLE ( 'NONE', #382, 1.000000000000000888 ) ;
#991 = ADVANCED_FACE ( 'NONE', ( #490 ), #1794, .T. ) ;
#992 = VECTOR ( 'NONE', #193, 1000.000000000000227 ) ;
#993 =( GEOMETRIC_REPRESENTATION_CONTEXT ( 3 ) GLOBAL_UNCERTAINTY_ASSIGNED_CONTEXT ( ( #1817 ) ) GLOBAL_UNIT_ASSIGNED_CONTEXT ( ( #352, #1147, #1308 ) ) REPRESENTATION_CONTEXT ( 'NONE', 'WORKASPACE' ) );
#994 = CARTESIAN_POINT ( 'NONE',  ( -14.99999999999999645, -23.99999999999997868, 6.000000000000000000 ) ) ;
#995 = DIRECTION ( 'NONE',  ( 0.000000000000000000, -0.9899494936611665796, 0.1414213562373097532 ) ) ;
#996 = VECTOR ( 'NONE', #1766, 1000.000000000000227 ) ;
#997 = DIRECTION ( 'NONE',  ( 0.000000000000000000, 0.000000000000000000, -1.000000000000000000 ) ) ;
#998 = PERSON_AND_ORGANIZATION ( #108, #1200 ) ;
#999 = ORIENTED_EDGE ( 'NONE', *, *, #1778, .F. ) ;
#1000 = ORIENTED_EDGE ( 'NONE', *, *, #1081, .F. ) ;
#1001 = DIRECTION ( 'NONE',  ( 1.000000000000000000, -0.000000000000000000, 0.000000000000000000 ) ) ;
#1002 = CARTESIAN_POINT ( 'NONE',  ( 0.9999999999999986677, 13.74299782086610477, 14.88370490960977399 ) ) ;
#1003 = CC_DESIGN_PERSON_AND_ORGANIZATION_ASSIGNMENT ( #814, #652, ( #2019 ) ) ;
#1004 = DIRECTION ( 'NONE',  ( 1.000000000000000000, 0.000000000000000000, 0.000000000000000000 ) ) ;
#1005 = DIRECTION ( 'NONE',  ( 1.000000000000000000, -0.000000000000000000, 0.000000000000000000 ) ) ;
#1006 = LINE ( 'NONE', #1657, #1145 ) ;
#1007 = EDGE_LOOP ( 'NONE', ( #488, #799, #1675, #1432 ) ) ;
#1008 = ORIENTED_EDGE ( 'NONE', *, *, #711, .T. ) ;
#1009 = CARTESIAN_POINT ( 'NONE',  ( -19.00000000000000000, 20.00000000000000355, 15.00000000000000000 ) ) ;
#1010 = CARTESIAN_POINT ( 'NONE',  ( 17.00000000000000000, 15.00000000000000711, 2.000000000000001776 ) ) ;
#1011 = AXIS2_PLACEMENT_3D ( 'NONE', #60, #1227, #731 ) ;
#1012 = ORIENTED_EDGE ( 'NONE', *, *, #460, .F. ) ;
#1013 = DIRECTION ( 'NONE',  ( -3.081487911019576681E-33, -0.1414213562373093092, -0.9899494936611664686 ) ) ;
#1014 = ORIENTED_EDGE ( 'NONE', *, *, #1513, .T. ) ;
#1015 = LINE ( 'NONE', #2011, #114 ) ;
#1016 = DIRECTION ( 'NONE',  ( 1.000000000000000000, -0.000000000000000000, -0.000000000000000000 ) ) ;
#1017 = VERTEX_POINT ( 'NONE', #1113 ) ;
#1018 = EDGE_LOOP ( 'NONE', ( #4, #396, #1578, #480 ) ) ;
#1019 = LINE ( 'NONE', #1347, #268 ) ;
#1020 = DIRECTION ( 'NONE',  ( 1.508455196501571676E-16, -0.9899494936611664686, 0.1414213562373093369 ) ) ;
#1021 = VECTOR ( 'NONE', #48, 1000.000000000000227 ) ;
#1022 = DIRECTION ( 'NONE',  ( 0.000000000000000000, 1.000000000000000000, 0.000000000000000000 ) ) ;
#1023 = VECTOR ( 'NONE', #600, 1000.000000000000000 ) ;
#1024 = EDGE_CURVE ( 'NONE', #1063, #1573, #589, .T. ) ;
#1025 = VECTOR ( 'NONE', #1606, 1000.000000000000000 ) ;
#1026 = DIRECTION ( 'NONE',  ( -0.000000000000000000, -0.1414213562373093092, -0.9899494936611664686 ) ) ;
#1027 = AXIS2_PLACEMENT_3D ( 'NONE', #253, #79, #726 ) ;
#1028 = EDGE_CURVE ( 'NONE', #387, #362, #1277, .T. ) ;
#1029 = CARTESIAN_POINT ( 'NONE',  ( -15.00000000000000355, 12.89446968344224764, 16.01507575950825313 ) ) ;
#1030 = SECURITY_CLASSIFICATION_LEVEL ( 'unclassified' ) ;
#1031 = ORIENTED_EDGE ( 'NONE', *, *, #1255, .F. ) ;
#1032 = VERTEX_POINT ( 'NONE', #334 ) ;
#1033 = CARTESIAN_POINT ( 'NONE',  ( 1.502627548349706902E-15, 12.61162697096763097, 14.03517677218595239 ) ) ;
#1034 = AXIS2_PLACEMENT_3D ( 'NONE', #1962, #1333, #1985 ) ;
#1035 = CARTESIAN_POINT ( 'NONE',  ( 12.99999999999999822, 13.74299782086610300, 14.88370490960977399 ) ) ;
#1036 = ORIENTED_EDGE ( 'NONE', *, *, #659, .F. ) ;
#1037 = LINE ( 'NONE', #856, #853 ) ;
#1038 = DIRECTION ( 'NONE',  ( -0.000000000000000000, -0.000000000000000000, -1.000000000000000000 ) ) ;
#1039 = ORIENTED_EDGE ( 'NONE', *, *, #831, .F. ) ;
#1040 = EDGE_CURVE ( 'NONE', #910, #248, #306, .T. ) ;
#1041 = ORIENTED_EDGE ( 'NONE', *, *, #1155, .T. ) ;
#1042 = DIRECTION ( 'NONE',  ( 0.000000000000000000, 0.000000000000000000, 1.000000000000000000 ) ) ;
#1043 = AXIS2_PLACEMENT_3D ( 'NONE', #868, #540, #1634 ) ;
#1044 = ORIENTED_EDGE ( 'NONE', *, *, #2073, .F. ) ;
#1045 = FACE_OUTER_BOUND ( 'NONE', #2025, .T. ) ;
#1046 = EDGE_LOOP ( 'NONE', ( #1939, #479, #798, #1551 ) ) ;
#1047 = FACE_OUTER_BOUND ( 'NONE', #1483, .T. ) ;
#1048 = AXIS2_PLACEMENT_3D ( 'NONE', #491, #1786, #1750 ) ;
#1049 = DIRECTION ( 'NONE',  ( 1.000000000000000000, 0.000000000000000000, 0.000000000000000000 ) ) ;
#1050 = ORIENTED_EDGE ( 'NONE', *, *, #277, .F. ) ;
#1051 = EDGE_CURVE ( 'NONE', #577, #608, #137, .T. ) ;
#1052 = VERTEX_POINT ( 'NONE', #1286 ) ;
#1053 = DIRECTION ( 'NONE',  ( 0.000000000000000000, 1.000000000000000000, 0.000000000000000000 ) ) ;
#1054 = ORIENTED_EDGE ( 'NONE', *, *, #1084, .T. ) ;
#1055 = EDGE_LOOP ( 'NONE', ( #1366, #164, #903, #1261 ) ) ;
#1056 = SPHERICAL_SURFACE ( 'NONE', #1274, 1.000000000000000000 ) ;
#1057 = ADVANCED_FACE ( 'NONE', ( #2079 ), #1630, .F. ) ;
#1058 = EDGE_CURVE ( 'NONE', #354, #1861, #895, .T. ) ;
#1059 = ORIENTED_EDGE ( 'NONE', *, *, #841, .F. ) ;
#1060 = DIRECTION ( 'NONE',  ( -0.000000000000000000, 1.000000000000000000, -0.000000000000000000 ) ) ;
#1061 = TOROIDAL_SURFACE ( 'NONE', #1738, 2.000000000000000000, 1.000000000000000000 ) ;
#1062 = VECTOR ( 'NONE', #1020, 1000.000000000000114 ) ;
#1063 = VERTEX_POINT ( 'NONE', #1121 ) ;
#1064 = AXIS2_PLACEMENT_3D ( 'NONE', #400, #195, #1674 ) ;
#1065 = PLANE ( 'NONE',  #1537 ) ;
#1066 = DIRECTION ( 'NONE',  ( 0.000000000000000000, 0.000000000000000000, -1.000000000000000000 ) ) ;
#1067 = ORIENTED_EDGE ( 'NONE', *, *, #1651, .F. ) ;
#1068 = AXIS2_PLACEMENT_3D ( 'NONE', #1466, #481, #810 ) ;
#1069 = ORIENTED_EDGE ( 'NONE', *, *, #1202, .F. ) ;
#1070 = CC_DESIGN_PERSON_AND_ORGANIZATION_ASSIGNMENT ( #1626, #168, ( #2019 ) ) ;
#1071 = ORIENTED_EDGE ( 'NONE', *, *, #279, .F. ) ;
#1072 = DIRECTION ( 'NONE',  ( 1.000000000000000000, -1.416690838714392296E-16, 2.023844055306270219E-17 ) ) ;
#1073 = DIRECTION ( 'NONE',  ( 1.000000000000000000, 0.000000000000000000, 0.000000000000000000 ) ) ;
#1074 = CARTESIAN_POINT ( 'NONE',  ( -27.00000000000000000, -19.99999999999999645, 15.00000000000000000 ) ) ;
#1075 = DIRECTION ( 'NONE',  ( 0.000000000000000000, 0.000000000000000000, 1.000000000000000000 ) ) ;
#1076 = VERTEX_POINT ( 'NONE', #959 ) ;
#1077 = CARTESIAN_POINT ( 'NONE',  ( 2.000000000000000888, -8.177312395916869647, 17.00502525316944258 ) ) ;
#1078 = CIRCLE ( 'NONE', #1687, 0.9999999999999995559 ) ;
#1079 = ORIENTED_EDGE ( 'NONE', *, *, #1264, .T. ) ;
#1080 = CYLINDRICAL_SURFACE ( 'NONE', #1912, 2.000000000000000000 ) ;
#1081 = EDGE_CURVE ( 'NONE', #157, #1837, #1134, .T. ) ;
#1082 = VECTOR ( 'NONE', #1619, 1000.000000000000114 ) ;
#1083 = LINE ( 'NONE', #1733, #405 ) ;
#1084 = EDGE_CURVE ( 'NONE', #214, #1993, #1457, .T. ) ;
#1085 = CARTESIAN_POINT ( 'NONE',  ( -2.000000000000001776, 13.46015510839148988, 12.90380592228747680 ) ) ;
#1086 = DIRECTION ( 'NONE',  ( 0.000000000000000000, -0.9899494936611665796, 0.1414213562373093369 ) ) ;
#1087 = DIRECTION ( 'NONE',  ( 0.000000000000000000, 1.000000000000000000, 0.000000000000000000 ) ) ;
#1088 = EDGE_LOOP ( 'NONE', ( #2090, #541, #1102, #967 ) ) ;
#1089 = ORIENTED_EDGE ( 'NONE', *, *, #1707, .T. ) ;
#1090 = DIRECTION ( 'NONE',  ( 0.000000000000000000, 0.1414213562373095034, 0.9899494936611665796 ) ) ;
#1091 = ORIENTED_EDGE ( 'NONE', *, *, #1567, .F. ) ;
#1092 = CARTESIAN_POINT ( 'NONE',  ( 3.000000000000000888, -8.035891039679565750, 17.99497474683057874 ) ) ;
#1093 = ADVANCED_FACE ( 'NONE', ( #1296 ), #171, .F. ) ;
#1094 = AXIS2_PLACEMENT_3D ( 'NONE', #1990, #371, #527 ) ;
#1095 = CIRCLE ( 'NONE', #116, 0.9999999999999995559 ) ;
#1096 = TOROIDAL_SURFACE ( 'NONE', #118, 2.000000000000000000, 1.000000000000000000 ) ;
#1097 = EDGE_CURVE ( 'NONE', #1812, #2028, #1995, .T. ) ;
#1098 = DIRECTION ( 'NONE',  ( 0.000000000000000000, 0.000000000000000000, 1.000000000000000000 ) ) ;
#1099 = PLANE ( 'NONE',  #59 ) ;
#1100 = DIRECTION ( 'NONE',  ( 1.000000000000000000, 0.000000000000000000, -0.000000000000000000 ) ) ;
#1101 = EDGE_LOOP ( 'NONE', ( #1302, #32, #2037, #723 ) ) ;
#1102 = ORIENTED_EDGE ( 'NONE', *, *, #1788, .T. ) ;
#1103 = DIRECTION ( 'NONE',  ( 0.000000000000000000, 0.1414213562373095034, 0.9899494936611665796 ) ) ;
#1104 = AXIS2_PLACEMENT_3D ( 'NONE', #875, #2020, #1988 ) ;
#1105 = LINE ( 'NONE', #1590, #775 ) ;
#1106 = VERTEX_POINT ( 'NONE', #1009 ) ;
#1107 = CARTESIAN_POINT ( 'NONE',  ( -13.00000000000000178, 13.46015510839148988, 12.90380592228747680 ) ) ;
#1108 = CARTESIAN_POINT ( 'NONE',  ( 0.000000000000000000, 0.000000000000000000, 30.00000000000000000 ) ) ;
#1109 = CARTESIAN_POINT ( 'NONE',  ( 2.999999999999998668, 12.47020561473032174, 13.04522727852478603 ) ) ;
#1110 = ORIENTED_EDGE ( 'NONE', *, *, #394, .T. ) ;
#1111 = EDGE_CURVE ( 'NONE', #404, #1969, #1341, .T. ) ;
#1112 = ORIENTED_EDGE ( 'NONE', *, *, #1216, .F. ) ;
#1113 = CARTESIAN_POINT ( 'NONE',  ( -19.00000000000000000, 15.00000000000000178, 10.00000000000000000 ) ) ;
#1114 = DIRECTION ( 'NONE',  ( 0.000000000000000000, 0.000000000000000000, -1.000000000000000000 ) ) ;
#1115 = FACE_OUTER_BOUND ( 'NONE', #353, .T. ) ;
#1116 = DIRECTION ( 'NONE',  ( 0.000000000000000000, -0.9899494936611665796, 0.1414213562373097532 ) ) ;
#1117 = CARTESIAN_POINT ( 'NONE',  ( -17.00000000000000000, 15.00000000000000355, 0.000000000000000000 ) ) ;
#1118 = ORIENTED_EDGE ( 'NONE', *, *, #1255, .T. ) ;
#1119 = EDGE_CURVE ( 'NONE', #1717, #512, #64, .T. ) ;
#1120 = ORIENTED_EDGE ( 'NONE', *, *, #1587, .F. ) ;
#1121 = CARTESIAN_POINT ( 'NONE',  ( 3.000000000000000888, -9.025840533340730332, 18.13639610306788796 ) ) ;
#1122 = DIRECTION ( 'NONE',  ( 3.081487911019576681E-33, 0.1414213562373093092, 0.9899494936611664686 ) ) ;
#1123 = EDGE_CURVE ( 'NONE', #987, #662, #1805, .T. ) ;
#1124 = CARTESIAN_POINT ( 'NONE',  ( 13.99999999999999822, 14.87436867076457858, 15.73223304703363290 ) ) ;
#1125 = CARTESIAN_POINT ( 'NONE',  ( -14.99999999999999645, 15.00000000000000000, 4.000000000000000000 ) ) ;
#1126 = EDGE_LOOP ( 'NONE', ( #1089, #282, #878, #1720 ) ) ;
#1127 = AXIS2_PLACEMENT_3D ( 'NONE', #796, #1644, #1315 ) ;
#1128 = AXIS2_PLACEMENT_3D ( 'NONE', #179, #212, #1968 ) ;
#1129 = ORIENTED_EDGE ( 'NONE', *, *, #555, .F. ) ;
#1130 = CARTESIAN_POINT ( 'NONE',  ( -15.00000000000000355, 13.88441917710341222, 15.87365440327094213 ) ) ;
#1131 = DIRECTION ( 'NONE',  ( -3.081487911019577365E-33, -0.1414213562373093369, -0.9899494936611666907 ) ) ;
#1132 = CIRCLE ( 'NONE', #1986, 0.9999999999999995559 ) ;
#1133 = FACE_OUTER_BOUND ( 'NONE', #696, .T. ) ;
#1134 = CIRCLE ( 'NONE', #964, 1.999999999999998224 ) ;
#1135 = ADVANCED_FACE ( 'NONE', ( #183 ), #343, .F. ) ;
#1136 = DIRECTION ( 'NONE',  ( 0.000000000000000000, -0.1414213562373095034, -0.9899494936611665796 ) ) ;
#1137 = CALENDAR_DATE ( 2024, 26, 9 ) ;
#1138 = VERTEX_POINT ( 'NONE', #2016 ) ;
#1139 = ORIENTED_EDGE ( 'NONE', *, *, #1451, .F. ) ;
#1140 = DIRECTION ( 'NONE',  ( 1.000000000000000000, -0.000000000000000000, -0.000000000000000000 ) ) ;
#1141 = CARTESIAN_POINT ( 'NONE',  ( 14.00000000000000178, -8.035891039679567527, 17.99497474683057874 ) ) ;
#1142 = DIRECTION ( 'NONE',  ( -0.000000000000000000, 1.000000000000000000, -0.000000000000000000 ) ) ;
#1143 = EDGE_CURVE ( 'NONE', #1679, #408, #1168, .T. ) ;
#1144 = CIRCLE ( 'NONE', #2000, 1.000000000000000888 ) ;
#1145 = VECTOR ( 'NONE', #200, 1000.000000000000227 ) ;
#1146 = CARTESIAN_POINT ( 'NONE',  ( -15.00000000000000000, -23.99999999999997868, 26.00000000000000000 ) ) ;
#1147 =( NAMED_UNIT ( * ) PLANE_ANGLE_UNIT ( ) SI_UNIT ( $, .RADIAN. ) );
#1148 = ORIENTED_EDGE ( 'NONE', *, *, #881, .T. ) ;
#1149 = ORIENTED_EDGE ( 'NONE', *, *, #1778, .T. ) ;
#1150 = AXIS2_PLACEMENT_3D ( 'NONE', #2012, #230, #414 ) ;
#1151 = CARTESIAN_POINT ( 'NONE',  ( -15.00000000000000355, 13.74299782086610477, 14.88370490960977399 ) ) ;
#1152 = LINE ( 'NONE', #45, #1789 ) ;
#1153 = SPHERICAL_SURFACE ( 'NONE', #1802, 1.000000000000000000 ) ;
#1154 = CARTESIAN_POINT ( 'NONE',  ( -3.000000000000002665, 12.61162697096763274, 14.03517677218595061 ) ) ;
#1155 = EDGE_CURVE ( 'NONE', #1238, #1668, #378, .T. ) ;
#1156 = CARTESIAN_POINT ( 'NONE',  ( -19.00000000000000000, 20.00000000000000355, 30.00000000000000000 ) ) ;
#1157 = CARTESIAN_POINT ( 'NONE',  ( -3.000000000000000000, 2.075735931288070990, 14.53015151901653290 ) ) ;
#1158 = EDGE_LOOP ( 'NONE', ( #276, #144, #1616, #392 ) ) ;
#1159 = PRODUCT_RELATED_PRODUCT_CATEGORY ( 'detail', '', ( #697 ) ) ;
#1160 = ORIENTED_EDGE ( 'NONE', *, *, #1291, .T. ) ;
#1161 = CARTESIAN_POINT ( 'NONE',  ( 13.99999999999999822, 12.47020561473032174, 13.04522727852478603 ) ) ;
#1162 = FACE_OUTER_BOUND ( 'NONE', #1046, .T. ) ;
#1163 = CIRCLE ( 'NONE', #249, 2.000000000000000888 ) ;
#1164 = AXIS2_PLACEMENT_3D ( 'NONE', #2063, #1087, #1735 ) ;
#1165 = DIRECTION ( 'NONE',  ( 4.906538933386801186E-16, 0.9899494936611665796, -0.1414213562373094757 ) ) ;
#1166 = AXIS2_PLACEMENT_3D ( 'NONE', #57, #1663, #852 ) ;
#1167 = CARTESIAN_POINT ( 'NONE',  ( -12.99999999999999645, -8.035891039679563974, 17.99497474683057874 ) ) ;
#1168 = CIRCLE ( 'NONE', #974, 1.000000000000001332 ) ;
#1169 = LINE ( 'NONE', #528, #1289 ) ;
#1170 = CARTESIAN_POINT ( 'NONE',  ( -13.00000000000000178, 12.75304832720493842, 15.02512626584708144 ) ) ;
#1171 = ORIENTED_EDGE ( 'NONE', *, *, #19, .T. ) ;
#1172 = EDGE_LOOP ( 'NONE', ( #2100, #849, #1876, #1463 ) ) ;
#1173 = CYLINDRICAL_SURFACE ( 'NONE', #348, 2.000000000000000000 ) ;
#1174 = ORIENTED_EDGE ( 'NONE', *, *, #1542, .T. ) ;
#1175 = CARTESIAN_POINT ( 'NONE',  ( 17.00000000000000000, 0.000000000000000000, 30.00000000000000000 ) ) ;
#1176 = ORIENTED_EDGE ( 'NONE', *, *, #581, .T. ) ;
#1177 = CARTESIAN_POINT ( 'NONE',  ( -27.00000000000000000, 15.00000000000000355, -6.123233995736768255E-16 ) ) ;
#1178 = PRODUCT_DEFINITION_SHAPE ( 'NONE', 'NONE',  #503 ) ;
#1179 = CARTESIAN_POINT ( 'NONE',  ( -27.00000000000000000, 20.00000000000000355, 15.00000000000000000 ) ) ;
#1180 = MECHANICAL_CONTEXT ( 'NONE', #2098, 'mechanical' ) ;
#1181 = ORIENTED_EDGE ( 'NONE', *, *, #1744, .F. ) ;
#1182 = VECTOR ( 'NONE', #1016, 1000.000000000000000 ) ;
#1183 = EDGE_LOOP ( 'NONE', ( #1160, #999, #958, #663 ) ) ;
#1184 = DIRECTION ( 'NONE',  ( 0.000000000000000000, 0.000000000000000000, -1.000000000000000000 ) ) ;
#1185 = DIRECTION ( 'NONE',  ( 0.000000000000000000, -0.9899494936611665796, 0.1414213562373096422 ) ) ;
#1186 = ADVANCED_FACE ( 'NONE', ( #355 ), #44, .T. ) ;
#1187 = CIRCLE ( 'NONE', #1048, 0.9999999999999991118 ) ;
#1188 = CYLINDRICAL_SURFACE ( 'NONE', #1843, 0.9999999999999995559 ) ;
#1189 = CIRCLE ( 'NONE', #103, 2.000000000000005329 ) ;
#1190 = EDGE_CURVE ( 'NONE', #387, #1524, #1560, .T. ) ;
#1191 = ORIENTED_EDGE ( 'NONE', *, *, #1997, .T. ) ;
#1192 = CARTESIAN_POINT ( 'NONE',  ( -2.999999999999998224, -10.01579002700189491, 18.27781745930519719 ) ) ;
#1193 = CARTESIAN_POINT ( 'NONE',  ( 17.00000000000000000, 20.00000000000000355, 2.000000000000001776 ) ) ;
#1194 = ORIENTED_EDGE ( 'NONE', *, *, #1628, .T. ) ;
#1195 = ORIENTED_EDGE ( 'NONE', *, *, #2036, .F. ) ;
#1196 = LINE ( 'NONE', #161, #1622 ) ;
#1197 = CARTESIAN_POINT ( 'NONE',  ( 13.00000000000000178, -7.894469683442259189, 18.98492424049174687 ) ) ;
#1198 = AXIS2_PLACEMENT_3D ( 'NONE', #783, #280, #625 ) ;
#1199 = CARTESIAN_POINT ( 'NONE',  ( -3.000000000000002665, 12.61162697096763274, 14.03517677218595061 ) ) ;
#1200 = ORGANIZATION ( 'UNSPECIFIED', 'UNSPECIFIED', '' ) ;
#1201 = DIRECTION ( 'NONE',  ( 0.000000000000000000, -1.000000000000000000, 0.000000000000000000 ) ) ;
#1202 = EDGE_CURVE ( 'NONE', #1647, #376, #54, .T. ) ;
#1203 = ADVANCED_FACE ( 'NONE', ( #225 ), #1661, .T. ) ;
#1204 = AXIS2_PLACEMENT_3D ( 'NONE', #1613, #1314, #1796 ) ;
#1205 = DIRECTION ( 'NONE',  ( 0.000000000000000000, 1.000000000000000000, 0.000000000000000000 ) ) ;
#1206 = ORIENTED_EDGE ( 'NONE', *, *, #1356, .T. ) ;
#1207 = CARTESIAN_POINT ( 'NONE',  ( 19.00000000000000000, 20.00000000000000355, 30.00000000000000000 ) ) ;
#1208 = SPHERICAL_SURFACE ( 'NONE', #125, 1.000000000000000000 ) ;
#1209 = VERTEX_POINT ( 'NONE', #839 ) ;
#1210 = CIRCLE ( 'NONE', #657, 1.000000000000000888 ) ;
#1211 = CARTESIAN_POINT ( 'NONE',  ( -1.999999999999998224, -7.894469683442255636, 18.98492424049175042 ) ) ;
#1212 = FACE_OUTER_BOUND ( 'NONE', #1638, .T. ) ;
#1213 = EDGE_CURVE ( 'NONE', #362, #519, #1019, .T. ) ;
#1214 = DIRECTION ( 'NONE',  ( -0.000000000000000000, -1.000000000000000000, -0.000000000000000000 ) ) ;
#1215 = EDGE_LOOP ( 'NONE', ( #421, #427, #496, #180 ) ) ;
#1216 = EDGE_CURVE ( 'NONE', #906, #982, #1971, .T. ) ;
#1217 = DIRECTION ( 'NONE',  ( 1.000000000000000000, 1.493294457987286224E-16, -2.133277797124691921E-17 ) ) ;
#1218 = FACE_OUTER_BOUND ( 'NONE', #882, .T. ) ;
#1219 = EDGE_LOOP ( 'NONE', ( #1228, #333, #126, #1686, #1041, #2047 ) ) ;
#1220 = ORIENTED_EDGE ( 'NONE', *, *, #1898, .T. ) ;
#1221 = DIRECTION ( 'NONE',  ( 0.000000000000000000, 1.000000000000000000, 0.000000000000000000 ) ) ;
#1222 = ORIENTED_EDGE ( 'NONE', *, *, #267, .F. ) ;
#1223 = VECTOR ( 'NONE', #90, 1000.000000000000000 ) ;
#1224 = DIRECTION ( 'NONE',  ( 0.000000000000000000, -0.1414213562373093092, -0.9899494936611664686 ) ) ;
#1225 = CIRCLE ( 'NONE', #1150, 2.000000000000001776 ) ;
#1226 = ADVANCED_FACE ( 'NONE', ( #533 ), #1493, .T. ) ;
#1227 = DIRECTION ( 'NONE',  ( 0.000000000000000000, -0.9899494936611665796, 0.1414213562373093369 ) ) ;
#1228 = ORIENTED_EDGE ( 'NONE', *, *, #237, .T. ) ;
#1229 = PLANE ( 'NONE',  #1235 ) ;
#1230 = CARTESIAN_POINT ( 'NONE',  ( 2.000000000000001332, -9.308683245815345231, 16.15649711574559078 ) ) ;
#1231 = ORIENTED_EDGE ( 'NONE', *, *, #1316, .F. ) ;
#1232 = DIRECTION ( 'NONE',  ( 0.000000000000000000, 0.000000000000000000, 1.000000000000000000 ) ) ;
#1233 = ORIENTED_EDGE ( 'NONE', *, *, #768, .T. ) ;
#1234 = PLANE ( 'NONE',  #2018 ) ;
#1235 = AXIS2_PLACEMENT_3D ( 'NONE', #1085, #1217, #1714 ) ;
#1236 = DIRECTION ( 'NONE',  ( 0.000000000000000000, 0.000000000000000000, 1.000000000000000000 ) ) ;
#1237 = AXIS2_PLACEMENT_3D ( 'NONE', #1528, #1004, #678 ) ;
#1238 = VERTEX_POINT ( 'NONE', #215 ) ;
#1239 = DIRECTION ( 'NONE',  ( -1.000000000000000000, 1.416690838714392296E-16, -2.023844055306272376E-17 ) ) ;
#1240 = ORIENTED_EDGE ( 'NONE', *, *, #1213, .T. ) ;
#1241 = ORIENTED_EDGE ( 'NONE', *, *, #1808, .T. ) ;
#1242 = FACE_OUTER_BOUND ( 'NONE', #1827, .T. ) ;
#1243 = VERTEX_POINT ( 'NONE', #676 ) ;
#1244 = CARTESIAN_POINT ( 'NONE',  ( -3.000000000000002665, 12.89446968344224764, 16.01507575950825313 ) ) ;
#1245 = FACE_OUTER_BOUND ( 'NONE', #1318, .T. ) ;
#1246 = DIRECTION ( 'NONE',  ( 0.000000000000000000, 0.000000000000000000, 1.000000000000000000 ) ) ;
#1247 = CARTESIAN_POINT ( 'NONE',  ( -3.000000000000002665, 12.61162697096763274, 14.03517677218595061 ) ) ;
#1248 = ORIENTED_EDGE ( 'NONE', *, *, #1372, .T. ) ;
#1249 = CARTESIAN_POINT ( 'NONE',  ( 3.000000000000000888, -8.177312395916869647, 17.00502525316944258 ) ) ;
#1250 = EDGE_CURVE ( 'NONE', #608, #986, #434, .T. ) ;
#1251 = AXIS2_PLACEMENT_3D ( 'NONE', #504, #825, #997 ) ;
#1252 = ADVANCED_FACE ( 'NONE', ( #1358 ), #1964, .T. ) ;
#1253 = ORIENTED_EDGE ( 'NONE', *, *, #339, .F. ) ;
#1254 = LINE ( 'NONE', #935, #1742 ) ;
#1255 = EDGE_CURVE ( 'NONE', #1063, #863, #1196, .T. ) ;
#1256 = VECTOR ( 'NONE', #2080, 1000.000000000000000 ) ;
#1257 = FACE_OUTER_BOUND ( 'NONE', #1018, .T. ) ;
#1258 = CARTESIAN_POINT ( 'NONE',  ( 17.00000000000000000, -19.99999999999999645, 27.99999999999999645 ) ) ;
#1259 = CYLINDRICAL_SURFACE ( 'NONE', #757, 2.000000000000001776 ) ;
#1260 = ORIENTED_EDGE ( 'NONE', *, *, #1051, .F. ) ;
#1261 = ORIENTED_EDGE ( 'NONE', *, *, #494, .T. ) ;
#1262 = DIRECTION ( 'NONE',  ( 0.000000000000000000, 0.000000000000000000, 1.000000000000000000 ) ) ;
#1263 = DIRECTION ( 'NONE',  ( 0.000000000000000000, 0.9899494936611665796, -0.1414213562373097532 ) ) ;
#1264 = EDGE_CURVE ( 'NONE', #1983, #616, #702, .T. ) ;
#1265 = EDGE_LOOP ( 'NONE', ( #1181, #1883, #585, #1039 ) ) ;
#1266 = CARTESIAN_POINT ( 'NONE',  ( -1.000000000000001776, 13.74299782086610477, 14.88370490960977399 ) ) ;
#1267 = AXIS2_PLACEMENT_3D ( 'NONE', #714, #393, #228 ) ;
#1268 = APPROVAL ( #1344, 'UNSPECIFIED' ) ;
#1269 = CIRCLE ( 'NONE', #1956, 1.999999999999999112 ) ;
#1270 = VECTOR ( 'NONE', #1815, 1000.000000000000000 ) ;
#1271 = LINE ( 'NONE', #538, #922 ) ;
#1272 = DIRECTION ( 'NONE',  ( 0.000000000000000000, 0.000000000000000000, 1.000000000000000000 ) ) ;
#1273 = EDGE_LOOP ( 'NONE', ( #1000, #1927 ) ) ;
#1274 = AXIS2_PLACEMENT_3D ( 'NONE', #1572, #1718, #762 ) ;
#1275 = EDGE_LOOP ( 'NONE', ( #2015, #1580, #1008, #1850 ) ) ;
#1276 = LINE ( 'NONE', #1130, #623 ) ;
#1277 = CIRCLE ( 'NONE', #153, 1.000000000000000888 ) ;
#1278 = CARTESIAN_POINT ( 'NONE',  ( -2.999999999999998224, -9.025840533340730332, 18.13639610306788796 ) ) ;
#1279 = DIRECTION ( 'NONE',  ( 0.000000000000000000, 1.000000000000000000, 0.000000000000000000 ) ) ;
#1280 = EDGE_CURVE ( 'NONE', #1816, #1855, #665, .T. ) ;
#1281 = DIRECTION ( 'NONE',  ( 0.000000000000000000, 0.9899494936611665796, -0.1414213562373097532 ) ) ;
#1282 = LINE ( 'NONE', #162, #889 ) ;
#1283 = ORIENTED_EDGE ( 'NONE', *, *, #1704, .F. ) ;
#1284 = EDGE_CURVE ( 'NONE', #1017, #2097, #1595, .T. ) ;
#1285 = EDGE_LOOP ( 'NONE', ( #748, #386, #1253, #566 ) ) ;
#1286 = CARTESIAN_POINT ( 'NONE',  ( -14.99999999999999645, 15.00000000000000000, 2.000000000000000444 ) ) ;
#1287 = DIRECTION ( 'NONE',  ( 0.000000000000000000, 0.000000000000000000, 1.000000000000000000 ) ) ;
#1288 = DIRECTION ( 'NONE',  ( 0.000000000000000000, -0.9899494936611665796, 0.1414213562373097532 ) ) ;
#1289 = VECTOR ( 'NONE', #1814, 1000.000000000000000 ) ;
#1290 = VECTOR ( 'NONE', #1600, 1000.000000000000000 ) ;
#1291 = EDGE_CURVE ( 'NONE', #1598, #1887, #499, .T. ) ;
#1292 = DIRECTION ( 'NONE',  ( -0.000000000000000000, 0.9899494936611665796, -0.1414213562373095034 ) ) ;
#1293 = LINE ( 'NONE', #1419, #1374 ) ;
#1294 = ORIENTED_EDGE ( 'NONE', *, *, #2068, .F. ) ;
#1295 = VERTEX_POINT ( 'NONE', #784 ) ;
#1296 = FACE_OUTER_BOUND ( 'NONE', #530, .T. ) ;
#1297 = CARTESIAN_POINT ( 'NONE',  ( -14.99999999999999645, 20.00000000000000355, 6.000000000000000000 ) ) ;
#1298 = VECTOR ( 'NONE', #681, 1000.000000000000000 ) ;
#1299 = PERSON_AND_ORGANIZATION ( #108, #1200 ) ;
#1300 = ORIENTED_EDGE ( 'NONE', *, *, #965, .T. ) ;
#1301 = AXIS2_PLACEMENT_3D ( 'NONE', #529, #859, #847 ) ;
#1302 = ORIENTED_EDGE ( 'NONE', *, *, #208, .T. ) ;
#1303 = CARTESIAN_POINT ( 'NONE',  ( -13.00000000000000178, 13.74299782086610477, 14.88370490960977399 ) ) ;
#1304 = DIRECTION ( 'NONE',  ( 0.000000000000000000, -0.000000000000000000, 1.000000000000000000 ) ) ;
#1305 = DIRECTION ( 'NONE',  ( -1.508455196501571676E-16, 0.9899494936611665796, -0.1414213562373091981 ) ) ;
#1306 = EDGE_CURVE ( 'NONE', #2028, #2035, #804, .T. ) ;
#1307 = DIRECTION ( 'NONE',  ( -0.000000000000000000, 1.000000000000000000, -0.000000000000000000 ) ) ;
#1308 =( NAMED_UNIT ( * ) SI_UNIT ( $, .STERADIAN. ) SOLID_ANGLE_UNIT ( ) );
#1309 = VERTEX_POINT ( 'NONE', #1903 ) ;
#1310 = ORIENTED_EDGE ( 'NONE', *, *, #1808, .F. ) ;
#1311 = CARTESIAN_POINT ( 'NONE',  ( 0.9999999999999986677, 13.88441917710341222, 15.87365440327094213 ) ) ;
#1312 = DIRECTION ( 'NONE',  ( 0.000000000000000000, 0.000000000000000000, 1.000000000000000000 ) ) ;
#1313 = ADVANCED_FACE ( 'NONE', ( #447 ), #1099, .F. ) ;
#1314 = DIRECTION ( 'NONE',  ( -3.081487911019577365E-33, -0.1414213562373093369, -0.9899494936611666907 ) ) ;
#1315 = DIRECTION ( 'NONE',  ( 0.000000000000000000, 0.9899494936611665796, -0.1414213562373097532 ) ) ;
#1316 = EDGE_CURVE ( 'NONE', #1894, #808, #1824, .T. ) ;
#1317 = AXIS2_PLACEMENT_3D ( 'NONE', #1193, #1520, #1957 ) ;
#1318 = EDGE_LOOP ( 'NONE', ( #1533, #548, #885, #377 ) ) ;
#1319 = VERTEX_POINT ( 'NONE', #1677 ) ;
#1320 = VECTOR ( 'NONE', #523, 1000.000000000000000 ) ;
#1321 = CARTESIAN_POINT ( 'NONE',  ( 2.000000000000001332, -10.01579002700189669, 18.27781745930519719 ) ) ;
#1322 = DIRECTION ( 'NONE',  ( -1.000000000000000000, -0.000000000000000000, 0.000000000000000000 ) ) ;
#1323 = DIRECTION ( 'NONE',  ( 0.000000000000000000, 0.1414213562373093092, 0.9899494936611664686 ) ) ;
#1324 = ORIENTED_EDGE ( 'NONE', *, *, #1579, .T. ) ;
#1325 = PLANE ( 'NONE',  #1603 ) ;
#1326 = EDGE_CURVE ( 'NONE', #1017, #248, #1645, .T. ) ;
#1327 = ADVANCED_FACE ( 'NONE', ( #1991 ), #211, .F. ) ;
#1328 = CARTESIAN_POINT ( 'NONE',  ( 3.000000000000000888, -9.167261889578036005, 17.14644660940675180 ) ) ;
#1329 = APPLICATION_PROTOCOL_DEFINITION ( 'international standard', 'config_control_design', 1994, #322 ) ;
#1330 = VERTEX_POINT ( 'NONE', #1328 ) ;
#1331 = ORIENTED_EDGE ( 'NONE', *, *, #517, .T. ) ;
#1332 = CARTESIAN_POINT ( 'NONE',  ( -27.00000000000000000, -15.00000000000001421, 19.99999999999999645 ) ) ;
#1333 = DIRECTION ( 'NONE',  ( 1.000000000000000000, 0.000000000000000000, 0.000000000000000000 ) ) ;
#1334 = CIRCLE ( 'NONE', #2081, 1.999999999999999112 ) ;
#1335 = AXIS2_PLACEMENT_3D ( 'NONE', #2007, #1322, #1312 ) ;
#1336 = CC_DESIGN_SECURITY_CLASSIFICATION ( #546, ( #2019 ) ) ;
#1337 = CARTESIAN_POINT ( 'NONE',  ( -12.99999999999999822, -8.177312395916867871, 17.00502525316944613 ) ) ;
#1338 = AXIS2_PLACEMENT_3D ( 'NONE', #953, #793, #1449 ) ;
#1339 = ORIENTED_EDGE ( 'NONE', *, *, #937, .T. ) ;
#1340 = CARTESIAN_POINT ( 'NONE',  ( 15.00000000000000000, -19.99999999999999645, 28.00000000000000355 ) ) ;
#1341 = CIRCLE ( 'NONE', #2087, 0.9999999999999991118 ) ;
#1342 = ADVANCED_FACE ( 'NONE', ( #188, #1825, #360 ), #1967, .F. ) ;
#1343 = DIRECTION ( 'NONE',  ( 0.000000000000000000, 0.000000000000000000, -1.000000000000000000 ) ) ;
#1344 = APPROVAL_STATUS ( 'not_yet_approved' ) ;
#1345 = VERTEX_POINT ( 'NONE', #1834 ) ;
#1346 = ORIENTED_EDGE ( 'NONE', *, *, #1143, .F. ) ;
#1347 = CARTESIAN_POINT ( 'NONE',  ( 2.999999999999998668, 13.46015510839148988, 12.90380592228747680 ) ) ;
#1348 = DIRECTION ( 'NONE',  ( 0.000000000000000000, -0.9899494936611665796, 0.1414213562373097532 ) ) ;
#1349 = EDGE_CURVE ( 'NONE', #1647, #1688, #367, .T. ) ;
#1350 = LINE ( 'NONE', #217, #683 ) ;
#1351 = ORIENTED_EDGE ( 'NONE', *, *, #1579, .F. ) ;
#1352 = FACE_OUTER_BOUND ( 'NONE', #525, .T. ) ;
#1353 = FACE_OUTER_BOUND ( 'NONE', #934, .T. ) ;
#1354 = ORIENTED_EDGE ( 'NONE', *, *, #1707, .F. ) ;
#1355 = VECTOR ( 'NONE', #664, 1000.000000000000000 ) ;
#1356 = EDGE_CURVE ( 'NONE', #1536, #1713, #1856, .T. ) ;
#1357 = EDGE_LOOP ( 'NONE', ( #1764, #1195, #828 ) ) ;
#1358 = FACE_OUTER_BOUND ( 'NONE', #263, .T. ) ;
#1359 = DIRECTION ( 'NONE',  ( -1.000000000000000000, 0.000000000000000000, 0.000000000000000000 ) ) ;
#1360 = CIRCLE ( 'NONE', #668, 0.9999999999999995559 ) ;
#1361 = EDGE_CURVE ( 'NONE', #1052, #1713, #1169, .T. ) ;
#1362 = DIRECTION ( 'NONE',  ( 1.000000000000000000, 0.000000000000000000, 0.000000000000000000 ) ) ;
#1363 = EDGE_LOOP ( 'NONE', ( #968, #2029, #1736, #12, #1597, #1583, #1036, #130 ) ) ;
#1364 = CARTESIAN_POINT ( 'NONE',  ( 13.00000000000000178, -9.167261889578036005, 17.14644660940675180 ) ) ;
#1365 = DIRECTION ( 'NONE',  ( 0.000000000000000000, 0.1414213562373095034, 0.9899494936611665796 ) ) ;
#1366 = ORIENTED_EDGE ( 'NONE', *, *, #241, .T. ) ;
#1367 = DIRECTION ( 'NONE',  ( 0.000000000000000000, 0.000000000000000000, -1.000000000000000000 ) ) ;
#1368 = DIRECTION ( 'NONE',  ( 0.000000000000000000, 0.000000000000000000, 1.000000000000000000 ) ) ;
#1369 = CARTESIAN_POINT ( 'NONE',  ( -17.00000000000000000, 20.00000000000000355, 0.000000000000000000 ) ) ;
#1370 = AXIS2_PLACEMENT_3D ( 'NONE', #381, #2032, #1813 ) ;
#1371 = CARTESIAN_POINT ( 'NONE',  ( -15.00000000000000000, -19.99999999999999645, 24.00000000000000000 ) ) ;
#1372 = EDGE_CURVE ( 'NONE', #368, #1983, #1006, .T. ) ;
#1373 = VECTOR ( 'NONE', #1721, 1000.000000000000114 ) ;
#1374 = VECTOR ( 'NONE', #155, 1000.000000000000000 ) ;
#1375 = ORIENTED_EDGE ( 'NONE', *, *, #1386, .F. ) ;
#1376 = DIRECTION ( 'NONE',  ( 0.000000000000000000, 0.000000000000000000, -1.000000000000000000 ) ) ;
#1377 = VECTOR ( 'NONE', #422, 1000.000000000000000 ) ;
#1378 = ADVANCED_FACE ( 'NONE', ( #846 ), #1500, .F. ) ;
#1379 = CIRCLE ( 'NONE', #587, 1.999999999999998224 ) ;
#1380 = FACE_OUTER_BOUND ( 'NONE', #653, .T. ) ;
#1381 = ORIENTED_EDGE ( 'NONE', *, *, #433, .F. ) ;
#1382 = LINE ( 'NONE', #1369, #1223 ) ;
#1383 = VERTEX_POINT ( 'NONE', #1029 ) ;
#1384 = VERTEX_POINT ( 'NONE', #684 ) ;
#1385 = CARTESIAN_POINT ( 'NONE',  ( 12.99999999999999822, 12.75304832720493664, 15.02512626584708144 ) ) ;
#1386 = EDGE_CURVE ( 'NONE', #1106, #1238, #41, .T. ) ;
#1387 = ORIENTED_EDGE ( 'NONE', *, *, #732, .F. ) ;
#1388 = DIRECTION ( 'NONE',  ( 0.000000000000000000, 1.734723475976807094E-16, -1.000000000000000000 ) ) ;
#1389 = CARTESIAN_POINT ( 'NONE',  ( 0.000000000000000000, -8.318733752154173544, 16.01507575950827800 ) ) ;
#1390 = ORIENTED_EDGE ( 'NONE', *, *, #1435, .F. ) ;
#1391 = FACE_OUTER_BOUND ( 'NONE', #1007, .T. ) ;
#1392 = DIRECTION ( 'NONE',  ( -1.000000000000000000, 1.416690838714392296E-16, -2.023844055306270219E-17 ) ) ;
#1393 = VERTEX_POINT ( 'NONE', #858 ) ;
#1394 = LINE ( 'NONE', #1728, #1377 ) ;
#1395 = EDGE_LOOP ( 'NONE', ( #1557, #1014, #628, #1054 ) ) ;
#1396 = DIRECTION ( 'NONE',  ( 0.000000000000000000, 0.000000000000000000, 1.000000000000000000 ) ) ;
#1397 = DIRECTION ( 'NONE',  ( 0.000000000000000000, 0.9899494936611665796, -0.1414213562373096422 ) ) ;
#1398 = ORIENTED_EDGE ( 'NONE', *, *, #1040, .T. ) ;
#1399 = DIRECTION ( 'NONE',  ( -0.000000000000000000, 1.000000000000000000, -0.000000000000000000 ) ) ;
#1400 = LINE ( 'NONE', #2046, #1621 ) ;
#1401 = ORIENTED_EDGE ( 'NONE', *, *, #1439, .T. ) ;
#1402 = ORIENTED_EDGE ( 'NONE', *, *, #277, .T. ) ;
#1403 = DIRECTION ( 'NONE',  ( 0.000000000000000000, 0.9899494936611665796, -0.1414213562373097810 ) ) ;
#1404 = ORIENTED_EDGE ( 'NONE', *, *, #795, .T. ) ;
#1405 = CARTESIAN_POINT ( 'NONE',  ( -13.00000000000000000, 2.075735931288068326, 14.53015151901653290 ) ) ;
#1406 = VECTOR ( 'NONE', #1698, 1000.000000000000000 ) ;
#1407 = CARTESIAN_POINT ( 'NONE',  ( 0.9999999999999988898, 12.89446968344224764, 16.01507575950825313 ) ) ;
#1408 = CIRCLE ( 'NONE', #1575, 0.9999999999999995559 ) ;
#1409 = EDGE_CURVE ( 'NONE', #1598, #863, #1078, .T. ) ;
#1410 = CYLINDRICAL_SURFACE ( 'NONE', #1770, 0.9999999999999995559 ) ;
#1411 = DIRECTION ( 'NONE',  ( 0.000000000000000000, 0.000000000000000000, 1.000000000000000000 ) ) ;
#1412 = ADVANCED_FACE ( 'NONE', ( #1353 ), #985, .F. ) ;
#1413 = ORIENTED_EDGE ( 'NONE', *, *, #930, .F. ) ;
#1414 = CARTESIAN_POINT ( 'NONE',  ( -13.00000000000000178, 12.61162697096763274, 14.03517677218595061 ) ) ;
#1415 = EDGE_CURVE ( 'NONE', #1668, #71, #135, .T. ) ;
#1416 = ORIENTED_EDGE ( 'NONE', *, *, #1306, .T. ) ;
#1417 = SPHERICAL_SURFACE ( 'NONE', #645, 1.000000000000000000 ) ;
#1418 = FACE_OUTER_BOUND ( 'NONE', #1607, .T. ) ;
#1419 = CARTESIAN_POINT ( 'NONE',  ( 3.000000000000000000, 2.075735931288070990, 14.53015151901653290 ) ) ;
#1420 = ORIENTED_EDGE ( 'NONE', *, *, #220, .F. ) ;
#1421 = ADVANCED_FACE ( 'NONE', ( #495 ), #178, .F. ) ;
#1422 = ORIENTED_EDGE ( 'NONE', *, *, #795, .F. ) ;
#1423 = DIRECTION ( 'NONE',  ( -0.000000000000000000, -0.000000000000000000, -1.000000000000000000 ) ) ;
#1424 = CARTESIAN_POINT ( 'NONE',  ( 15.00000000000000355, 15.00000000000000000, 6.000000000000000000 ) ) ;
#1425 = AXIS2_PLACEMENT_3D ( 'NONE', #2002, #1799, #518 ) ;
#1426 = ADVANCED_FACE ( 'NONE', ( #706 ), #560, .F. ) ;
#1427 = CARTESIAN_POINT ( 'NONE',  ( 2.999999999999998668, 14.87436867076458036, 15.73223304703363290 ) ) ;
#1428 = CIRCLE ( 'NONE', #2004, 1.999999999999999556 ) ;
#1429 = CARTESIAN_POINT ( 'NONE',  ( 3.000000000000000888, -8.035891039679565750, 17.99497474683057874 ) ) ;
#1430 = CARTESIAN_POINT ( 'NONE',  ( -19.00000000000000000, -21.29999999999999716, 20.89999999999999503 ) ) ;
#1431 = ORIENTED_EDGE ( 'NONE', *, *, #1372, .F. ) ;
#1432 = ORIENTED_EDGE ( 'NONE', *, *, #2099, .T. ) ;
#1433 = CARTESIAN_POINT ( 'NONE',  ( 1.999999999999998668, 13.46015510839148988, 12.90380592228747680 ) ) ;
#1434 = LINE ( 'NONE', #128, #233 ) ;
#1435 = EDGE_CURVE ( 'NONE', #1497, #1700, #1083, .T. ) ;
#1436 = CARTESIAN_POINT ( 'NONE',  ( -14.99999999999999645, -23.99999999999997868, 4.000000000000000000 ) ) ;
#1437 = MANIFOLD_SOLID_BREP ( '컷-돌출3', #819 ) ;
#1438 = EDGE_CURVE ( 'NONE', #806, #1345, #1225, .T. ) ;
#1439 = EDGE_CURVE ( 'NONE', #1783, #1017, #1723, .T. ) ;
#1440 = VECTOR ( 'NONE', #2042, 1000.000000000000000 ) ;
#1441 = AXIS2_PLACEMENT_3D ( 'NONE', #840, #1795, #172 ) ;
#1442 = CARTESIAN_POINT ( 'NONE',  ( -15.00000000000000000, -15.00000000000001421, 27.99999999999999645 ) ) ;
#1443 = DIRECTION ( 'NONE',  ( -3.081487911019577365E-33, -0.1414213562373093369, -0.9899494936611666907 ) ) ;
#1444 = ORIENTED_EDGE ( 'NONE', *, *, #833, .T. ) ;
#1445 = VERTEX_POINT ( 'NONE', #1530 ) ;
#1446 = LINE ( 'NONE', #1311, #794 ) ;
#1447 = TOROIDAL_SURFACE ( 'NONE', #520, 2.000000000000000000, 1.000000000000000000 ) ;
#1448 = DIRECTION ( 'NONE',  ( 0.000000000000000000, 0.000000000000000000, 1.000000000000000000 ) ) ;
#1449 = DIRECTION ( 'NONE',  ( 0.000000000000000000, 0.9899494936611665796, -0.1414213562373097532 ) ) ;
#1450 = EDGE_CURVE ( 'NONE', #855, #978, #2070, .T. ) ;
#1451 = EDGE_CURVE ( 'NONE', #1445, #532, #2034, .T. ) ;
#1452 = DIRECTION ( 'NONE',  ( -1.000000000000000000, 0.000000000000000000, -0.000000000000000000 ) ) ;
#1453 = DIRECTION ( 'NONE',  ( -0.000000000000000000, 0.9899494936611665796, -0.1414213562373095034 ) ) ;
#1454 = DIRECTION ( 'NONE',  ( 2.262682794752357144E-16, -0.9899494936611665796, 0.1414213562373092259 ) ) ;
#1455 = ORIENTED_EDGE ( 'NONE', *, *, #671, .F. ) ;
#1456 = ORIENTED_EDGE ( 'NONE', *, *, #984, .F. ) ;
#1457 = LINE ( 'NONE', #800, #862 ) ;
#1458 = CARTESIAN_POINT ( 'NONE',  ( -2.000000000000001776, 13.74299782086610477, 14.88370490960977399 ) ) ;
#1459 = DIRECTION ( 'NONE',  ( -0.000000000000000000, 1.000000000000000000, -0.000000000000000000 ) ) ;
#1460 = VECTOR ( 'NONE', #2095, 1000.000000000000000 ) ;
#1461 = CIRCLE ( 'NONE', #1527, 0.9999999999999991118 ) ;
#1462 = CARTESIAN_POINT ( 'NONE',  ( -13.99999999999999645, -8.177312395916867871, 17.00502525316944258 ) ) ;
#1463 = ORIENTED_EDGE ( 'NONE', *, *, #517, .F. ) ;
#1464 = EDGE_CURVE ( 'NONE', #1524, #170, #1729, .T. ) ;
#1465 = EDGE_LOOP ( 'NONE', ( #1739, #605, #761, #1222 ) ) ;
#1466 = CARTESIAN_POINT ( 'NONE',  ( -12.99999999999999645, -10.01579002700189491, 18.27781745930519719 ) ) ;
#1467 = LINE ( 'NONE', #159, #1256 ) ;
#1468 = CARTESIAN_POINT ( 'NONE',  ( -27.00000000000000000, -15.00000000000001421, 30.00000000000000000 ) ) ;
#1469 = AXIS2_PLACEMENT_3D ( 'NONE', #583, #1869, #746 ) ;
#1470 = EDGE_LOOP ( 'NONE', ( #1455, #1339, #1071, #2003 ) ) ;
#1471 = VECTOR ( 'NONE', #1934, 1000.000000000000000 ) ;
#1472 = ADVANCED_FACE ( 'NONE', ( #1245 ), #403, .F. ) ;
#1473 = LOCAL_TIME ( 23, 17, 9.000000000000000000, #487 ) ;
#1474 = ORIENTED_EDGE ( 'NONE', *, *, #1651, .T. ) ;
#1475 = DIRECTION ( 'NONE',  ( -1.000000000000000000, -1.119970843490464545E-16, 1.599958347843518710E-17 ) ) ;
#1476 = DIRECTION ( 'NONE',  ( 0.000000000000000000, 0.000000000000000000, -1.000000000000000000 ) ) ;
#1477 = ADVANCED_FACE ( 'NONE', ( #1380 ), #435, .F. ) ;
#1478 = EDGE_CURVE ( 'NONE', #879, #906, #338, .T. ) ;
#1479 = FACE_BOUND ( 'NONE', #1273, .T. ) ;
#1480 = CARTESIAN_POINT ( 'NONE',  ( -15.00000000000000000, -23.99999999999997868, 26.00000000000000000 ) ) ;
#1481 = PLANE ( 'NONE',  #1301 ) ;
#1482 = ORIENTED_EDGE ( 'NONE', *, *, #1722, .T. ) ;
#1483 = EDGE_LOOP ( 'NONE', ( #52, #1404, #1716, #739, #816, #562 ) ) ;
#1484 = CARTESIAN_POINT ( 'NONE',  ( 2.999999999999998668, 12.89446968344224764, 16.01507575950825313 ) ) ;
#1485 = CARTESIAN_POINT ( 'NONE',  ( 1.000000000000001110, -7.894469683442255636, 18.98492424049174687 ) ) ;
#1486 = FACE_OUTER_BOUND ( 'NONE', #1756, .T. ) ;
#1487 = EDGE_CURVE ( 'NONE', #727, #1727, #1563, .T. ) ;
#1488 = ADVANCED_FACE ( 'NONE', ( #1847 ), #395, .F. ) ;
#1489 = DIRECTION ( 'NONE',  ( 0.000000000000000000, -0.1414213562373093369, -0.9899494936611666907 ) ) ;
#1490 = DIRECTION ( 'NONE',  ( 0.000000000000000000, 1.734723475976807094E-16, -1.000000000000000000 ) ) ;
#1491 = ORIENTED_EDGE ( 'NONE', *, *, #1938, .T. ) ;
#1492 = ORIENTED_EDGE ( 'NONE', *, *, #820, .T. ) ;
#1493 = PLANE ( 'NONE',  #229 ) ;
#1494 = CARTESIAN_POINT ( 'NONE',  ( -15.00000000000000000, -23.99999999999997868, 24.00000000000000000 ) ) ;
#1495 = DIRECTION ( 'NONE',  ( -0.000000000000000000, 1.000000000000000000, 0.000000000000000000 ) ) ;
#1496 = EDGE_CURVE ( 'NONE', #978, #1783, #258, .T. ) ;
#1497 = VERTEX_POINT ( 'NONE', #1556 ) ;
#1498 = LINE ( 'NONE', #545, #1298 ) ;
#1499 = EDGE_CURVE ( 'NONE', #532, #2077, #372, .T. ) ;
#1500 = PLANE ( 'NONE',  #2102 ) ;
#1501 = LINE ( 'NONE', #1157, #1270 ) ;
#1502 = ORIENTED_EDGE ( 'NONE', *, *, #1213, .F. ) ;
#1503 = ORIENTED_EDGE ( 'NONE', *, *, #2033, .F. ) ;
#1504 = CARTESIAN_POINT ( 'NONE',  ( 0.000000000000000000, 0.000000000000000000, 0.000000000000000000 ) ) ;
#1505 = DIRECTION ( 'NONE',  ( -0.000000000000000000, -1.000000000000000000, -1.734723475976807094E-16 ) ) ;
#1506 = VECTOR ( 'NONE', #1655, 1000.000000000000000 ) ;
#1507 = VECTOR ( 'NONE', #1362, 1000.000000000000000 ) ;
#1508 = DIRECTION ( 'NONE',  ( -0.000000000000000000, -0.1414213562373093092, -0.9899494936611664686 ) ) ;
#1509 = AXIS2_PLACEMENT_3D ( 'NONE', #1151, #1775, #942 ) ;
#1510 = CARTESIAN_POINT ( 'NONE',  ( 13.00000000000000178, -8.035891039679567527, 17.99497474683057874 ) ) ;
#1511 = PERSON_AND_ORGANIZATION ( #108, #1200 ) ;
#1512 = ORIENTED_EDGE ( 'NONE', *, *, #1788, .F. ) ;
#1513 = EDGE_CURVE ( 'NONE', #879, #326, #877, .T. ) ;
#1514 = VECTOR ( 'NONE', #917, 1000.000000000000227 ) ;
#1515 = EDGE_LOOP ( 'NONE', ( #777, #1294 ) ) ;
#1516 = CARTESIAN_POINT ( 'NONE',  ( 19.00000000000000000, -19.99999999999999645, 27.99999999999999645 ) ) ;
#1517 = CARTESIAN_POINT ( 'NONE',  ( 13.99999999999999822, 12.75304832720493664, 15.02512626584708322 ) ) ;
#1518 = CARTESIAN_POINT ( 'NONE',  ( 13.00000000000000178, -9.308683245815345231, 16.15649711574559078 ) ) ;
#1519 = DIRECTION ( 'NONE',  ( 1.508455196501571676E-16, -0.9899494936611665796, 0.1414213562373091981 ) ) ;
#1520 = DIRECTION ( 'NONE',  ( -0.000000000000000000, 1.000000000000000000, -0.000000000000000000 ) ) ;
#1521 = ORIENTED_EDGE ( 'NONE', *, *, #1780, .F. ) ;
#1522 = AXIS2_PLACEMENT_3D ( 'NONE', #1947, #1762, #2075 ) ;
#1523 = EDGE_CURVE ( 'NONE', #340, #1532, #1862, .T. ) ;
#1524 = VERTEX_POINT ( 'NONE', #1407 ) ;
#1525 = DIRECTION ( 'NONE',  ( 1.000000000000000000, -0.000000000000000000, -0.000000000000000000 ) ) ;
#1526 = CARTESIAN_POINT ( 'NONE',  ( -14.99999999999999645, -23.99999999999997868, 4.000000000000000000 ) ) ;
#1527 = AXIS2_PLACEMENT_3D ( 'NONE', #475, #299, #1287 ) ;
#1528 = CARTESIAN_POINT ( 'NONE',  ( -12.99999999999999645, -8.177312395916867871, 17.00502525316944258 ) ) ;
#1529 = LINE ( 'NONE', #84, #1021 ) ;
#1530 = CARTESIAN_POINT ( 'NONE',  ( -2.999999999999998224, -9.167261889578034229, 17.14644660940675180 ) ) ;
#1531 = COORDINATED_UNIVERSAL_TIME_OFFSET ( 9, 0, .AHEAD. ) ;
#1532 = VERTEX_POINT ( 'NONE', #2053 ) ;
#1533 = ORIENTED_EDGE ( 'NONE', *, *, #555, .T. ) ;
#1534 = CARTESIAN_POINT ( 'NONE',  ( -14.00000000000000178, 13.46015510839148988, 12.90380592228747680 ) ) ;
#1535 = ADVANCED_FACE ( 'NONE', ( #593 ), #781, .F. ) ;
#1536 = VERTEX_POINT ( 'NONE', #1297 ) ;
#1537 = AXIS2_PLACEMENT_3D ( 'NONE', #904, #406, #1558 ) ;
#1538 = DIRECTION ( 'NONE',  ( 0.000000000000000000, 0.1414213562373097532, 0.9899494936611665796 ) ) ;
#1539 = VECTOR ( 'NONE', #257, 1000.000000000000114 ) ;
#1540 = CIRCLE ( 'NONE', #515, 2.000000000000000000 ) ;
#1541 = AXIS2_PLACEMENT_3D ( 'NONE', #776, #1454, #281 ) ;
#1542 = EDGE_CURVE ( 'NONE', #1393, #214, #1461, .T. ) ;
#1543 = ORIENTED_EDGE ( 'NONE', *, *, #2084, .T. ) ;
#1544 = FACE_BOUND ( 'NONE', #707, .T. ) ;
#1545 = VECTOR ( 'NONE', #703, 1000.000000000000000 ) ;
#1546 = VECTOR ( 'NONE', #919, 1000.000000000000227 ) ;
#1547 = CARTESIAN_POINT ( 'NONE',  ( -12.99999999999999645, -8.177312395916867871, 17.00502525316944613 ) ) ;
#1548 = ORIENTED_EDGE ( 'NONE', *, *, #1123, .F. ) ;
#1549 = CARTESIAN_POINT ( 'NONE',  ( 15.00000000000000000, -23.99999999999997868, 26.00000000000000000 ) ) ;
#1550 = CARTESIAN_POINT ( 'NONE',  ( -12.99999999999999645, -9.874368670764585687, 19.26776695296636532 ) ) ;
#1551 = ORIENTED_EDGE ( 'NONE', *, *, #129, .T. ) ;
#1552 = ORIENTED_EDGE ( 'NONE', *, *, #952, .T. ) ;
#1553 = DIRECTION ( 'NONE',  ( 0.000000000000000000, 0.000000000000000000, 1.000000000000000000 ) ) ;
#1554 = ORIENTED_EDGE ( 'NONE', *, *, #524, .T. ) ;
#1555 = DIRECTION ( 'NONE',  ( 1.000000000000000000, 0.000000000000000000, 0.000000000000000000 ) ) ;
#1556 = CARTESIAN_POINT ( 'NONE',  ( -12.99999999999999645, -8.318733752154175320, 16.01507575950827800 ) ) ;
#1557 = ORIENTED_EDGE ( 'NONE', *, *, #1966, .T. ) ;
#1558 = DIRECTION ( 'NONE',  ( 0.000000000000000000, -0.9899494936611665796, 0.1414213562373092259 ) ) ;
#1559 = DIRECTION ( 'NONE',  ( 0.000000000000000000, -0.9899494936611665796, 0.1414213562373093369 ) ) ;
#1560 = CIRCLE ( 'NONE', #1726, 2.000000000000000888 ) ;
#1561 = EDGE_LOOP ( 'NONE', ( #256, #1609, #169, #838, #568, #1416 ) ) ;
#1562 = CARTESIAN_POINT ( 'NONE',  ( -0.9999999999999983347, -8.884419177103419329, 19.12634559672905610 ) ) ;
#1563 = CIRCLE ( 'NONE', #1593, 1.999999999999998224 ) ;
#1564 = CARTESIAN_POINT ( 'NONE',  ( 14.00000000000000178, -8.177312395916871424, 17.00502525316944613 ) ) ;
#1565 = EDGE_CURVE ( 'NONE', #1393, #808, #1941, .T. ) ;
#1566 = CARTESIAN_POINT ( 'NONE',  ( 3.000000000000001332, -8.177312395916869647, 17.00502525316944613 ) ) ;
#1567 = EDGE_CURVE ( 'NONE', #1076, #1052, #1428, .T. ) ;
#1568 = FACE_OUTER_BOUND ( 'NONE', #252, .T. ) ;
#1569 = CARTESIAN_POINT ( 'NONE',  ( 3.000000000000000000, 2.217157287525380216, 15.52010101267769926 ) ) ;
#1570 = ORIENTED_EDGE ( 'NONE', *, *, #611, .F. ) ;
#1571 = VERTEX_POINT ( 'NONE', #1278 ) ;
#1572 = CARTESIAN_POINT ( 'NONE',  ( 2.999999999999998668, 12.61162697096763274, 14.03517677218595239 ) ) ;
#1573 = VERTEX_POINT ( 'NONE', #771 ) ;
#1574 = CARTESIAN_POINT ( 'NONE',  ( 2.999999999999998668, 13.74299782086610477, 14.88370490960977399 ) ) ;
#1575 = AXIS2_PLACEMENT_3D ( 'NONE', #907, #286, #275 ) ;
#1576 = DIRECTION ( 'NONE',  ( 0.000000000000000000, 0.9899494936611665796, -0.1414213562373096422 ) ) ;
#1577 = CYLINDRICAL_SURFACE ( 'NONE', #925, 0.9999999999999991118 ) ;
#1578 = ORIENTED_EDGE ( 'NONE', *, *, #469, .T. ) ;
#1579 = EDGE_CURVE ( 'NONE', #376, #22, #912, .T. ) ;
#1580 = ORIENTED_EDGE ( 'NONE', *, *, #901, .T. ) ;
#1581 = CARTESIAN_POINT ( 'NONE',  ( 19.00000000000000000, -19.99999999999999645, 30.00000000000000000 ) ) ;
#1582 = CARTESIAN_POINT ( 'NONE',  ( -14.99999999999999645, 15.00000000000000000, 4.000000000000000000 ) ) ;
#1583 = ORIENTED_EDGE ( 'NONE', *, *, #1928, .T. ) ;
#1584 = DIRECTION ( 'NONE',  ( 0.000000000000000000, 0.1414213562373093369, 0.9899494936611665796 ) ) ;
#1585 = DIRECTION ( 'NONE',  ( 0.000000000000000000, 0.1414213562373097532, 0.9899494936611665796 ) ) ;
#1586 = DIRECTION ( 'NONE',  ( 0.000000000000000000, 0.9899494936611665796, -0.1414213562373096422 ) ) ;
#1587 = EDGE_CURVE ( 'NONE', #978, #806, #1907, .T. ) ;
#1588 = ORIENTED_EDGE ( 'NONE', *, *, #304, .F. ) ;
#1589 = DIRECTION ( 'NONE',  ( 0.000000000000000000, 1.734723475976805517E-15, 1.000000000000000000 ) ) ;
#1590 = CARTESIAN_POINT ( 'NONE',  ( 19.00000000000000000, -15.00000000000001421, 30.00000000000000000 ) ) ;
#1591 = ADVANCED_FACE ( 'NONE', ( #317, #467, #943 ), #1923, .F. ) ;
#1592 = CARTESIAN_POINT ( 'NONE',  ( 1.999999999999998668, 13.46015510839148988, 12.90380592228747680 ) ) ;
#1593 = AXIS2_PLACEMENT_3D ( 'NONE', #2043, #1205, #923 ) ;
#1594 = CYLINDRICAL_SURFACE ( 'NONE', #245, 0.9999999999999995559 ) ;
#1595 = LINE ( 'NONE', #1625, #1460 ) ;
#1596 = CARTESIAN_POINT ( 'NONE',  ( 13.00000000000000178, -8.177312395916871424, 17.00502525316944613 ) ) ;
#1597 = ORIENTED_EDGE ( 'NONE', *, *, #741, .F. ) ;
#1598 = VERTEX_POINT ( 'NONE', #1141 ) ;
#1599 = DIRECTION ( 'NONE',  ( 1.000000000000000000, 0.000000000000000000, 0.000000000000000000 ) ) ;
#1600 = DIRECTION ( 'NONE',  ( -0.000000000000000000, 1.000000000000000000, -0.000000000000000000 ) ) ;
#1601 = CYLINDRICAL_SURFACE ( 'NONE', #452, 0.9999999999999995559 ) ;
#1602 = CC_DESIGN_PERSON_AND_ORGANIZATION_ASSIGNMENT ( #1667, #1948, ( #503 ) ) ;
#1603 = AXIS2_PLACEMENT_3D ( 'NONE', #1108, #27, #1452 ) ;
#1604 = CIRCLE ( 'NONE', #1980, 2.000000000000000888 ) ;
#1605 = CARTESIAN_POINT ( 'NONE',  ( 15.00000000000000355, 20.00000000000000355, 4.000000000000000888 ) ) ;
#1606 = DIRECTION ( 'NONE',  ( -1.000000000000000000, 0.000000000000000000, -0.000000000000000000 ) ) ;
#1607 = EDGE_LOOP ( 'NONE', ( #956, #928, #259, #1241 ) ) ;
#1608 = AXIS2_PLACEMENT_3D ( 'NONE', #1811, #1822, #26 ) ;
#1609 = ORIENTED_EDGE ( 'NONE', *, *, #1450, .T. ) ;
#1610 = CARTESIAN_POINT ( 'NONE',  ( -15.00000000000000000, -15.00000000000001421, 26.00000000000000000 ) ) ;
#1611 = VECTOR ( 'NONE', #2091, 1000.000000000000000 ) ;
#1612 = DIRECTION ( 'NONE',  ( 0.000000000000000000, -0.1414213562373093369, -0.9899494936611666907 ) ) ;
#1613 = CARTESIAN_POINT ( 'NONE',  ( -2.999999999999998224, -8.318733752154178873, 16.01507575950828155 ) ) ;
#1614 = EDGE_CURVE ( 'NONE', #262, #1330, #1434, .T. ) ;
#1615 = LINE ( 'NONE', #1926, #791 ) ;
#1616 = ORIENTED_EDGE ( 'NONE', *, *, #237, .F. ) ;
#1617 = VERTEX_POINT ( 'NONE', #166 ) ;
#1618 = DIRECTION ( 'NONE',  ( 0.000000000000000000, -0.9899494936611665796, 0.1414213562373093369 ) ) ;
#1619 = DIRECTION ( 'NONE',  ( -1.508455196501571429E-16, 0.9899494936611664686, -0.1414213562373093369 ) ) ;
#1620 = CARTESIAN_POINT ( 'NONE',  ( -14.00000000000000178, 13.74299782086610300, 14.88370490960977399 ) ) ;
#1621 = VECTOR ( 'NONE', #1239, 1000.000000000000000 ) ;
#1622 = VECTOR ( 'NONE', #1935, 1000.000000000000000 ) ;
#1623 = EDGE_CURVE ( 'NONE', #982, #519, #1360, .T. ) ;
#1624 = VECTOR ( 'NONE', #1889, 1000.000000000000114 ) ;
#1625 = CARTESIAN_POINT ( 'NONE',  ( -27.00000000000000000, 15.00000000000000178, 10.00000000000000000 ) ) ;
#1626 = PERSON_AND_ORGANIZATION ( #108, #1200 ) ;
#1627 = VERTEX_POINT ( 'NONE', #790 ) ;
#1628 = EDGE_CURVE ( 'NONE', #987, #806, #1467, .T. ) ;
#1629 = VERTEX_POINT ( 'NONE', #482 ) ;
#1630 = CYLINDRICAL_SURFACE ( 'NONE', #1987, 1.000000000000000888 ) ;
#1631 = DIRECTION ( 'NONE',  ( 0.000000000000000000, 0.1414213562373095034, 0.9899494936611665796 ) ) ;
#1632 = DIRECTION ( 'NONE',  ( -3.081487911019576681E-33, -0.1414213562373093092, -0.9899494936611664686 ) ) ;
#1633 = AXIS2_PLACEMENT_3D ( 'NONE', #301, #1761, #1585 ) ;
#1634 = DIRECTION ( 'NONE',  ( 0.000000000000000000, 0.1414213562373093092, 0.9899494936611664686 ) ) ;
#1635 = DATE_AND_TIME ( #1992, #287 ) ;
#1636 = ORIENTED_EDGE ( 'NONE', *, *, #965, .F. ) ;
#1637 = VECTOR ( 'NONE', #626, 1000.000000000000114 ) ;
#1638 = EDGE_LOOP ( 'NONE', ( #918, #1120, #2059, #1636 ) ) ;
#1639 = DIRECTION ( 'NONE',  ( 0.000000000000000000, 0.000000000000000000, -1.000000000000000000 ) ) ;
#1640 = CYLINDRICAL_SURFACE ( 'NONE', #1706, 1.000000000000001332 ) ;
#1641 = EDGE_CURVE ( 'NONE', #1867, #616, #801, .T. ) ;
#1642 = VECTOR ( 'NONE', #709, 1000.000000000000000 ) ;
#1643 = CARTESIAN_POINT ( 'NONE',  ( -2.999999999999998224, -9.308683245815343454, 16.15649711574559078 ) ) ;
#1644 = DIRECTION ( 'NONE',  ( -3.081487911019577365E-33, -0.1414213562373093369, -0.9899494936611666907 ) ) ;
#1645 = LINE ( 'NONE', #1666, #95 ) ;
#1646 = APPROVAL_ROLE ( '' ) ;
#1647 = VERTEX_POINT ( 'NONE', #1424 ) ;
#1648 = ORIENTED_EDGE ( 'NONE', *, *, #1982, .F. ) ;
#1649 = DIRECTION ( 'NONE',  ( 0.000000000000000000, 0.000000000000000000, 1.000000000000000000 ) ) ;
#1650 = DIRECTION ( 'NONE',  ( 0.000000000000000000, 0.1414213562373093369, 0.9899494936611665796 ) ) ;
#1651 = EDGE_CURVE ( 'NONE', #662, #1812, #1105, .T. ) ;
#1652 = CARTESIAN_POINT ( 'NONE',  ( -14.00000000000000178, 13.60157646462879910, 13.89375541594864316 ) ) ;
#1653 = ADVANCED_FACE ( 'NONE', ( #637 ), #1777, .T. ) ;
#1654 = ORIENTED_EDGE ( 'NONE', *, *, #881, .F. ) ;
#1655 = DIRECTION ( 'NONE',  ( -2.262682794752357144E-16, 0.9899494936611665796, -0.1414213562373092259 ) ) ;
#1656 = AXIS2_PLACEMENT_3D ( 'NONE', #1480, #1880, #1866 ) ;
#1657 = CARTESIAN_POINT ( 'NONE',  ( -3.000000000000002665, 13.88441917710341400, 15.87365440327094923 ) ) ;
#1658 = ORIENTED_EDGE ( 'NONE', *, *, #1587, .T. ) ;
#1659 = AXIS2_PLACEMENT_3D ( 'NONE', #1534, #247, #1839 ) ;
#1660 = EDGE_LOOP ( 'NONE', ( #93, #1050, #98, #1031 ) ) ;
#1661 = CYLINDRICAL_SURFACE ( 'NONE', #738, 1.000000000000000888 ) ;
#1662 = LINE ( 'NONE', #851, #1320 ) ;
#1663 = DIRECTION ( 'NONE',  ( -0.000000000000000000, -1.000000000000000000, -1.734723475976807094E-16 ) ) ;
#1664 = ORIENTED_EDGE ( 'NONE', *, *, #768, .F. ) ;
#1665 = CARTESIAN_POINT ( 'NONE',  ( 17.00000000000000000, -15.00000000000001421, 30.00000000000000000 ) ) ;
#1666 = CARTESIAN_POINT ( 'NONE',  ( -19.00000000000000000, 15.00000000000000000, 30.00000000000000711 ) ) ;
#1667 = PERSON_AND_ORGANIZATION ( #108, #1200 ) ;
#1668 = VERTEX_POINT ( 'NONE', #6 ) ;
#1669 = AXIS2_PLACEMENT_3D ( 'NONE', #63, #708, #1367 ) ;
#1670 = ORIENTED_EDGE ( 'NONE', *, *, #431, .F. ) ;
#1671 = CARTESIAN_POINT ( 'NONE',  ( 15.00000000000000355, -23.99999999999997868, 6.000000000000000000 ) ) ;
#1672 = DIRECTION ( 'NONE',  ( 0.000000000000000000, -0.9899494936611665796, 0.1414213562373097532 ) ) ;
#1673 = APPROVAL_PERSON_ORGANIZATION ( #998, #1268, #1646 ) ;
#1674 = DIRECTION ( 'NONE',  ( 0.000000000000000000, 0.000000000000000000, 1.000000000000000000 ) ) ;
#1675 = ORIENTED_EDGE ( 'NONE', *, *, #1435, .T. ) ;
#1676 = PLANE ( 'NONE',  #174 ) ;
#1677 = CARTESIAN_POINT ( 'NONE',  ( 17.00000000000000000, 15.00000000000000355, 0.000000000000000000 ) ) ;
#1678 = ORIENTED_EDGE ( 'NONE', *, *, #56, .F. ) ;
#1679 = VERTEX_POINT ( 'NONE', #138 ) ;
#1680 = DIRECTION ( 'NONE',  ( -0.000000000000000000, -0.000000000000000000, -1.000000000000000000 ) ) ;
#1681 = CARTESIAN_POINT ( 'NONE',  ( 19.00000000000000000, 15.00000000000000355, 2.000000000000001776 ) ) ;
#1682 = DIRECTION ( 'NONE',  ( 0.000000000000000000, 0.1414213562373093369, 0.9899494936611665796 ) ) ;
#1683 = LINE ( 'NONE', #207, #957 ) ;
#1684 = EDGE_CURVE ( 'NONE', #145, #910, #979, .T. ) ;
#1685 = CARTESIAN_POINT ( 'NONE',  ( -12.99999999999999645, -8.177312395916867871, 17.00502525316944613 ) ) ;
#1686 = ORIENTED_EDGE ( 'NONE', *, *, #1386, .T. ) ;
#1687 = AXIS2_PLACEMENT_3D ( 'NONE', #1510, #50, #694 ) ;
#1688 = VERTEX_POINT ( 'NONE', #1953 ) ;
#1689 = CARTESIAN_POINT ( 'NONE',  ( -13.00000000000000178, 12.61162697096763274, 14.03517677218595061 ) ) ;
#1690 = EDGE_CURVE ( 'NONE', #1627, #1983, #1187, .T. ) ;
#1691 = AXIS2_PLACEMENT_3D ( 'NONE', #742, #755, #1236 ) ;
#1692 = ORIENTED_EDGE ( 'NONE', *, *, #1316, .T. ) ;
#1693 = CYLINDRICAL_SURFACE ( 'NONE', #390, 2.000000000000000000 ) ;
#1694 = ORIENTED_EDGE ( 'NONE', *, *, #85, .T. ) ;
#1695 = FACE_OUTER_BOUND ( 'NONE', #305, .T. ) ;
#1696 = DIRECTION ( 'NONE',  ( 0.000000000000000000, -0.1414213562373093369, -0.9899494936611666907 ) ) ;
#1697 = ORIENTED_EDGE ( 'NONE', *, *, #357, .F. ) ;
#1698 = DIRECTION ( 'NONE',  ( 1.000000000000000000, -0.000000000000000000, -0.000000000000000000 ) ) ;
#1699 = CYLINDRICAL_SURFACE ( 'NONE', #743, 0.9999999999999995559 ) ;
#1700 = VERTEX_POINT ( 'NONE', #356 ) ;
#1701 = EDGE_CURVE ( 'NONE', #1319, #2066, #1152, .T. ) ;
#1702 = ORIENTED_EDGE ( 'NONE', *, *, #1, .T. ) ;
#1703 = CIRCLE ( 'NONE', #1127, 0.9999999999999995559 ) ;
#1704 = EDGE_CURVE ( 'NONE', #1688, #22, #1662, .T. ) ;
#1705 = CARTESIAN_POINT ( 'NONE',  ( 2.999999999999998668, 12.75304832720493664, 15.02512626584708144 ) ) ;
#1706 = AXIS2_PLACEMENT_3D ( 'NONE', #1002, #543, #1631 ) ;
#1707 = EDGE_CURVE ( 'NONE', #879, #1330, #76, .T. ) ;
#1708 = ORIENTED_EDGE ( 'NONE', *, *, #1028, .T. ) ;
#1709 = CARTESIAN_POINT ( 'NONE',  ( 3.000000000000000888, -8.177312395916869647, 17.00502525316944258 ) ) ;
#1710 = AXIS2_PLACEMENT_3D ( 'NONE', #510, #1682, #36 ) ;
#1711 = AXIS2_PLACEMENT_3D ( 'NONE', #850, #364, #1368 ) ;
#1712 = DIRECTION ( 'NONE',  ( 0.000000000000000000, 0.000000000000000000, -1.000000000000000000 ) ) ;
#1713 = VERTEX_POINT ( 'NONE', #379 ) ;
#1714 = DIRECTION ( 'NONE',  ( -1.493294457987286224E-16, 1.000000000000000000, 0.000000000000000000 ) ) ;
#1715 = CARTESIAN_POINT ( 'NONE',  ( 12.99999999999999822, 14.87436867076457858, 15.73223304703363290 ) ) ;
#1716 = ORIENTED_EDGE ( 'NONE', *, *, #1701, .F. ) ;
#1717 = VERTEX_POINT ( 'NONE', #1517 ) ;
#1718 = DIRECTION ( 'NONE',  ( 1.000000000000000000, 0.000000000000000000, 0.000000000000000000 ) ) ;
#1719 = ADVANCED_FACE ( 'NONE', ( #1162 ), #1875, .T. ) ;
#1720 = ORIENTED_EDGE ( 'NONE', *, *, #1513, .F. ) ;
#1721 = DIRECTION ( 'NONE',  ( 1.131341397376178572E-16, -0.9899494936611664686, 0.1414213562373093369 ) ) ;
#1722 = EDGE_CURVE ( 'NONE', #727, #1837, #1996, .T. ) ;
#1723 = LINE ( 'NONE', #570, #1624 ) ;
#1724 = CARTESIAN_POINT ( 'NONE',  ( -15.00000000000000000, -23.99999999999997868, 27.99999999999999645 ) ) ;
#1725 = DIRECTION ( 'NONE',  ( 0.000000000000000000, -0.1414213562373095034, -0.9899494936611665796 ) ) ;
#1726 = AXIS2_PLACEMENT_3D ( 'NONE', #1484, #23, #1820 ) ;
#1727 = VERTEX_POINT ( 'NONE', #1972 ) ;
#1728 = CARTESIAN_POINT ( 'NONE',  ( 19.00000000000000000, 20.00000000000000355, 2.000000000000001776 ) ) ;
#1729 = CIRCLE ( 'NONE', #139, 0.9999999999999995559 ) ;
#1730 = ORIENTED_EDGE ( 'NONE', *, *, #944, .T. ) ;
#1731 = DIRECTION ( 'NONE',  ( -0.000000000000000000, 1.000000000000000000, -0.000000000000000000 ) ) ;
#1732 = ADVANCED_FACE ( 'NONE', ( #344 ), #1640, .T. ) ;
#1733 = CARTESIAN_POINT ( 'NONE',  ( 0.000000000000000000, -8.318733752154173544, 16.01507575950827800 ) ) ;
#1734 = DIRECTION ( 'NONE',  ( 0.000000000000000000, -0.1414213562373093369, -0.9899494936611666907 ) ) ;
#1735 = DIRECTION ( 'NONE',  ( 0.000000000000000000, 0.000000000000000000, 1.000000000000000000 ) ) ;
#1736 = ORIENTED_EDGE ( 'NONE', *, *, #366, .F. ) ;
#1737 = CARTESIAN_POINT ( 'NONE',  ( 13.00000000000000178, -9.025840533340730332, 18.13639610306788796 ) ) ;
#1738 = AXIS2_PLACEMENT_3D ( 'NONE', #1429, #1918, #2074 ) ;
#1739 = ORIENTED_EDGE ( 'NONE', *, *, #732, .T. ) ;
#1740 = DIRECTION ( 'NONE',  ( -0.000000000000000000, -0.1414213562373093369, -0.9899494936611665796 ) ) ;
#1741 = APPROVAL_DATE_TIME ( #51, #572 ) ;
#1742 = VECTOR ( 'NONE', #1072, 1000.000000000000000 ) ;
#1743 = CIRCLE ( 'NONE', #1164, 2.000000000000000000 ) ;
#1744 = EDGE_CURVE ( 'NONE', #1319, #1859, #1540, .T. ) ;
#1745 = VECTOR ( 'NONE', #380, 1000.000000000000000 ) ;
#1746 = CARTESIAN_POINT ( 'NONE',  ( 1.999999999999998668, 12.75304832720493842, 15.02512626584708322 ) ) ;
#1747 = ADVANCED_FACE ( 'NONE', ( #509 ), #1173, .T. ) ;
#1748 = ORIENTED_EDGE ( 'NONE', *, *, #2084, .F. ) ;
#1749 = CARTESIAN_POINT ( 'NONE',  ( -15.00000000000000000, -19.99999999999999645, 26.00000000000000000 ) ) ;
#1750 = DIRECTION ( 'NONE',  ( 0.000000000000000000, 0.000000000000000000, -1.000000000000000000 ) ) ;
#1751 = LINE ( 'NONE', #413, #1539 ) ;
#1752 = DATE_TIME_ROLE ( 'classification_date' ) ;
#1753 = EDGE_CURVE ( 'NONE', #1717, #808, #1913, .T. ) ;
#1754 = DIRECTION ( 'NONE',  ( 0.000000000000000000, 1.000000000000000000, 0.000000000000000000 ) ) ;
#1755 = CARTESIAN_POINT ( 'NONE',  ( 19.00000000000000000, -19.99999999999999645, 27.99999999999999645 ) ) ;
#1756 = EDGE_LOOP ( 'NONE', ( #688, #1191, #1129, #772 ) ) ;
#1757 = EDGE_LOOP ( 'NONE', ( #1091, #1044 ) ) ;
#1758 = CARTESIAN_POINT ( 'NONE',  ( 2.999999999999998668, 14.73294731452727113, 14.74228355337246477 ) ) ;
#1759 = CARTESIAN_POINT ( 'NONE',  ( 12.99999999999999822, 13.88441917710341222, 15.87365440327094923 ) ) ;
#1760 = FACE_OUTER_BOUND ( 'NONE', #896, .T. ) ;
#1761 = DIRECTION ( 'NONE',  ( 0.000000000000000000, 0.9899494936611665796, -0.1414213562373097810 ) ) ;
#1762 = DIRECTION ( 'NONE',  ( -0.000000000000000000, -0.1414213562373093369, -0.9899494936611665796 ) ) ;
#1763 = SPHERICAL_SURFACE ( 'NONE', #319, 1.000000000000000000 ) ;
#1764 = ORIENTED_EDGE ( 'NONE', *, *, #316, .T. ) ;
#1765 = ORIENTED_EDGE ( 'NONE', *, *, #841, .T. ) ;
#1766 = DIRECTION ( 'NONE',  ( 0.000000000000000000, 0.1414213562373093092, 0.9899494936611664686 ) ) ;
#1767 = DIRECTION ( 'NONE',  ( 0.000000000000000000, 0.9899494936611665796, -0.1414213562373097532 ) ) ;
#1768 = EDGE_CURVE ( 'NONE', #1384, #1383, #1604, .T. ) ;
#1769 = CARTESIAN_POINT ( 'NONE',  ( -14.00000000000000178, 12.61162697096763097, 14.03517677218595061 ) ) ;
#1770 = AXIS2_PLACEMENT_3D ( 'NONE', #2054, #1734, #870 ) ;
#1771 = DIRECTION ( 'NONE',  ( -0.000000000000000000, -1.000000000000000000, -1.734723475976807094E-16 ) ) ;
#1772 = ORIENTED_EDGE ( 'NONE', *, *, #2099, .F. ) ;
#1773 = CIRCLE ( 'NONE', #857, 1.999999999999998224 ) ;
#1774 = ORIENTED_EDGE ( 'NONE', *, *, #558, .T. ) ;
#1775 = DIRECTION ( 'NONE',  ( -2.262682794752357144E-16, 0.9899494936611665796, -0.1414213562373093369 ) ) ;
#1776 = CIRCLE ( 'NONE', #423, 1.000000000000000444 ) ;
#1777 = CYLINDRICAL_SURFACE ( 'NONE', #437, 0.9999999999999995559 ) ;
#1778 = EDGE_CURVE ( 'NONE', #1629, #1887, #24, .T. ) ;
#1779 = CARTESIAN_POINT ( 'NONE',  ( -12.99999999999999645, -9.167261889578036005, 17.14644660940675180 ) ) ;
#1780 = EDGE_CURVE ( 'NONE', #1848, #1887, #2083, .T. ) ;
#1781 = DIRECTION ( 'NONE',  ( -0.000000000000000000, -1.000000000000000000, -0.000000000000000000 ) ) ;
#1782 = CALENDAR_DATE ( 2024, 26, 9 ) ;
#1783 = VERTEX_POINT ( 'NONE', #216 ) ;
#1784 = EDGE_LOOP ( 'NONE', ( #1819, #1670, #232, #1826 ) ) ;
#1785 = DIRECTION ( 'NONE',  ( 0.000000000000000000, 0.000000000000000000, 1.000000000000000000 ) ) ;
#1786 = DIRECTION ( 'NONE',  ( 1.000000000000000000, 0.000000000000000000, -0.000000000000000000 ) ) ;
#1787 = AXIS2_PLACEMENT_3D ( 'NONE', #1258, #1781, #330 ) ;
#1788 = EDGE_CURVE ( 'NONE', #457, #1598, #336, .T. ) ;
#1789 = VECTOR ( 'NONE', #1359, 1000.000000000000000 ) ;
#1790 = CC_DESIGN_PERSON_AND_ORGANIZATION_ASSIGNMENT ( #120, #1911, ( #546 ) ) ;
#1791 = DIRECTION ( 'NONE',  ( 0.000000000000000000, 0.000000000000000000, 1.000000000000000000 ) ) ;
#1792 = EDGE_LOOP ( 'NONE', ( #1351, #43 ) ) ;
#1793 = EDGE_LOOP ( 'NONE', ( #1491, #415, #1413, #1375 ) ) ;
#1794 = CYLINDRICAL_SURFACE ( 'NONE', #1509, 1.000000000000001332 ) ;
#1795 = DIRECTION ( 'NONE',  ( 0.000000000000000000, 0.1414213562373093369, 0.9899494936611665796 ) ) ;
#1796 = DIRECTION ( 'NONE',  ( 0.000000000000000000, 0.9899494936611665796, -0.1414213562373096422 ) ) ;
#1797 = DIRECTION ( 'NONE',  ( 0.000000000000000000, 0.1414213562373093369, 0.9899494936611665796 ) ) ;
#1798 = CIRCLE ( 'NONE', #1908, 0.9999999999999995559 ) ;
#1799 = DIRECTION ( 'NONE',  ( 0.000000000000000000, 1.000000000000000000, 0.000000000000000000 ) ) ;
#1800 = FACE_OUTER_BOUND ( 'NONE', #1395, .T. ) ;
#1801 = ORIENTED_EDGE ( 'NONE', *, *, #152, .F. ) ;
#1802 = AXIS2_PLACEMENT_3D ( 'NONE', #832, #823, #1288 ) ;
#1803 = CC_DESIGN_APPROVAL ( #730, ( #2019 ) ) ;
#1804 = ORIENTED_EDGE ( 'NONE', *, *, #1623, .T. ) ;
#1805 = LINE ( 'NONE', #1332, #1916 ) ;
#1806 = CARTESIAN_POINT ( 'NONE',  ( 12.99999999999999822, 12.75304832720493486, 15.02512626584707967 ) ) ;
#1807 = VECTOR ( 'NONE', #7, 1000.000000000000000 ) ;
#1808 = EDGE_CURVE ( 'NONE', #1816, #1573, #1269, .T. ) ;
#1809 = ADVANCED_FACE ( 'NONE', ( #184 ), #677, .F. ) ;
#1810 = AXIS2_PLACEMENT_3D ( 'NONE', #1952, #1922, #1589 ) ;
#1811 = CARTESIAN_POINT ( 'NONE',  ( 13.00000000000000178, -8.177312395916873200, 17.00502525316944613 ) ) ;
#1812 = VERTEX_POINT ( 'NONE', #500 ) ;
#1813 = DIRECTION ( 'NONE',  ( 0.000000000000000000, 0.000000000000000000, 1.000000000000000000 ) ) ;
#1814 = DIRECTION ( 'NONE',  ( -0.000000000000000000, 1.000000000000000000, -0.000000000000000000 ) ) ;
#1815 = DIRECTION ( 'NONE',  ( -1.508455196501571922E-16, 0.9899494936611665796, -0.1414213562373092259 ) ) ;
#1816 = VERTEX_POINT ( 'NONE', #1485 ) ;
#1817 = UNCERTAINTY_MEASURE_WITH_UNIT (LENGTH_MEASURE( 1.000000000000000082E-05 ), #352, 'distance_accuracy_value', 'NONE');
#1818 = ADVANCED_FACE ( 'NONE', ( #666 ), #1208, .F. ) ;
#1819 = ORIENTED_EDGE ( 'NONE', *, *, #1280, .T. ) ;
#1820 = DIRECTION ( 'NONE',  ( 0.000000000000000000, -0.9899494936611665796, 0.1414213562373096422 ) ) ;
#1821 = ADVANCED_FACE ( 'NONE', ( #365 ), #880, .F. ) ;
#1822 = DIRECTION ( 'NONE',  ( 0.000000000000000000, 0.9899494936611668017, -0.1414213562373077826 ) ) ;
#1823 = DIRECTION ( 'NONE',  ( -1.000000000000000000, 0.000000000000000000, 0.000000000000000000 ) ) ;
#1824 = CIRCLE ( 'NONE', #1251, 0.9999999999999991118 ) ;
#1825 = FACE_BOUND ( 'NONE', #1515, .T. ) ;
#1826 = ORIENTED_EDGE ( 'NONE', *, *, #952, .F. ) ;
#1827 = EDGE_LOOP ( 'NONE', ( #1171, #1692, #265, #21 ) ) ;
#1828 = CARTESIAN_POINT ( 'NONE',  ( 1.999999999999998668, 13.60157646462879910, 13.89375541594864139 ) ) ;
#1829 = CARTESIAN_POINT ( 'NONE',  ( 15.00000000000000355, -8.884419177103421106, 19.12634559672905965 ) ) ;
#1830 = LINE ( 'NONE', #239, #1745 ) ;
#1831 = EDGE_CURVE ( 'NONE', #982, #170, #735, .T. ) ;
#1832 = EDGE_CURVE ( 'NONE', #1384, #986, #1210, .T. ) ;
#1833 = CARTESIAN_POINT ( 'NONE',  ( -14.00000000000000178, 13.60157646462879910, 13.89375541594864139 ) ) ;
#1834 = CARTESIAN_POINT ( 'NONE',  ( -17.00000000000000000, -15.00000000000001421, 30.00000000000000000 ) ) ;
#1835 = ORIENTED_EDGE ( 'NONE', *, *, #1478, .T. ) ;
#1836 = CIRCLE ( 'NONE', #8, 0.9999999999999995559 ) ;
#1837 = VERTEX_POINT ( 'NONE', #389 ) ;
#1838 = DIRECTION ( 'NONE',  ( -0.000000000000000000, -0.1414213562373093092, -0.9899494936611664686 ) ) ;
#1839 = DIRECTION ( 'NONE',  ( 2.239941686980929090E-16, -1.000000000000000000, 0.000000000000000000 ) ) ;
#1840 = VECTOR ( 'NONE', #1632, 1000.000000000000227 ) ;
#1841 = CIRCLE ( 'NONE', #77, 0.9999999999999995559 ) ;
#1842 = CARTESIAN_POINT ( 'NONE',  ( -19.00000000000000000, -15.00000000000001421, 27.99999999999999645 ) ) ;
#1843 = AXIS2_PLACEMENT_3D ( 'NONE', #1973, #865, #667 ) ;
#1844 = EDGE_CURVE ( 'NONE', #274, #1812, #592, .T. ) ;
#1845 = CYLINDRICAL_SURFACE ( 'NONE', #1370, 1.000000000000000888 ) ;
#1846 = ADVANCED_FACE ( 'NONE', ( #418 ), #574, .F. ) ;
#1847 = FACE_OUTER_BOUND ( 'NONE', #419, .T. ) ;
#1848 = VERTEX_POINT ( 'NONE', #112 ) ;
#1849 = CARTESIAN_POINT ( 'NONE',  ( -13.00000000000000178, 14.73294731452727113, 14.74228355337246477 ) ) ;
#1850 = ORIENTED_EDGE ( 'NONE', *, *, #1641, .T. ) ;
#1851 = DIRECTION ( 'NONE',  ( 0.000000000000000000, 0.000000000000000000, -1.000000000000000000 ) ) ;
#1852 = EDGE_LOOP ( 'NONE', ( #1702, #1112, #472, #949 ) ) ;
#1853 = FACE_OUTER_BOUND ( 'NONE', #627, .T. ) ;
#1854 = CARTESIAN_POINT ( 'NONE',  ( -13.99999999999999645, -9.167261889578034229, 17.14644660940675180 ) ) ;
#1855 = VERTEX_POINT ( 'NONE', #710 ) ;
#1856 = CIRCLE ( 'NONE', #1425, 2.000000000000000000 ) ;
#1857 = ADVANCED_FACE ( 'NONE', ( #236 ), #1699, .F. ) ;
#1858 = ADVANCED_FACE ( 'NONE', ( #407 ), #2027, .F. ) ;
#1859 = VERTEX_POINT ( 'NONE', #1681 ) ;
#1860 = DIRECTION ( 'NONE',  ( 1.131341397376178572E-16, -0.9899494936611665796, 0.1414213562373091981 ) ) ;
#1861 = VERTEX_POINT ( 'NONE', #1550 ) ;
#1862 = CIRCLE ( 'NONE', #1691, 2.000000000000005329 ) ;
#1863 = ORIENTED_EDGE ( 'NONE', *, *, #1202, .T. ) ;
#1864 = EDGE_LOOP ( 'NONE', ( #1654, #1174, #1801 ) ) ;
#1865 = FACE_OUTER_BOUND ( 'NONE', #1172, .T. ) ;
#1866 = DIRECTION ( 'NONE',  ( 0.000000000000000000, 0.000000000000000000, 1.000000000000000000 ) ) ;
#1867 = VERTEX_POINT ( 'NONE', #894 ) ;
#1868 = EDGE_CURVE ( 'NONE', #332, #1295, #1189, .T. ) ;
#1869 = DIRECTION ( 'NONE',  ( -1.000000000000000000, 0.000000000000000000, 0.000000000000000000 ) ) ;
#1870 = DIRECTION ( 'NONE',  ( 0.000000000000000000, -0.1414213562373093092, -0.9899494936611664686 ) ) ;
#1871 = ORIENTED_EDGE ( 'NONE', *, *, #1250, .F. ) ;
#1872 = AXIS2_PLACEMENT_3D ( 'NONE', #1154, #311, #995 ) ;
#1873 = DIRECTION ( 'NONE',  ( -0.000000000000000000, 0.9899494936611664686, -0.1414213562373094757 ) ) ;
#1874 = EDGE_CURVE ( 'NONE', #1717, #1629, #915, .T. ) ;
#1875 = TOROIDAL_SURFACE ( 'NONE', #1441, 2.000000000000000000, 1.000000000000000000 ) ;
#1876 = ORIENTED_EDGE ( 'NONE', *, *, #2068, .T. ) ;
#1877 = LINE ( 'NONE', #1888, #1440 ) ;
#1878 = CIRCLE ( 'NONE', #1710, 1.999999999999999112 ) ;
#1879 = CIRCLE ( 'NONE', #323, 2.000000000000005329 ) ;
#1880 = DIRECTION ( 'NONE',  ( -0.000000000000000000, 1.000000000000000000, -0.000000000000000000 ) ) ;
#1881 = CARTESIAN_POINT ( 'NONE',  ( 2.999999999999998668, 12.61162697096763274, 14.03517677218595239 ) ) ;
#1882 = CARTESIAN_POINT ( 'NONE',  ( -0.9999999999999985567, -8.035891039679565750, 17.99497474683057874 ) ) ;
#1883 = ORIENTED_EDGE ( 'NONE', *, *, #624, .F. ) ;
#1884 = EDGE_LOOP ( 'NONE', ( #1543, #1772, #786, #556 ) ) ;
#1885 = DIRECTION ( 'NONE',  ( 0.000000000000000000, -0.9899494936611665796, 0.1414213562373093369 ) ) ;
#1886 = EDGE_CURVE ( 'NONE', #2066, #145, #1382, .T. ) ;
#1887 = VERTEX_POINT ( 'NONE', #551 ) ;
#1888 = CARTESIAN_POINT ( 'NONE',  ( -2.000000000000001776, 14.87436867076458036, 15.73223304703363290 ) ) ;
#1889 = DIRECTION ( 'NONE',  ( 0.000000000000000000, 0.9899494936611664686, -0.1414213562373094757 ) ) ;
#1890 = ORIENTED_EDGE ( 'NONE', *, *, #2033, .T. ) ;
#1891 = DIRECTION ( 'NONE',  ( 0.000000000000000000, 0.1414213562373097532, 0.9899494936611665796 ) ) ;
#1892 = ORIENTED_EDGE ( 'NONE', *, *, #1284, .T. ) ;
#1893 = AXIS2_PLACEMENT_3D ( 'NONE', #11, #1453, #975 ) ;
#1894 = VERTEX_POINT ( 'NONE', #1715 ) ;
#1895 = DIRECTION ( 'NONE',  ( 0.000000000000000000, -0.1414213562373093369, -0.9899494936611666907 ) ) ;
#1896 = AXIS2_PLACEMENT_3D ( 'NONE', #619, #933, #1448 ) ;
#1897 = EDGE_LOOP ( 'NONE', ( #1708, #837, #1231, #3 ) ) ;
#1898 = EDGE_CURVE ( 'NONE', #1445, #1700, #1144, .T. ) ;
#1899 = DIRECTION ( 'NONE',  ( 0.000000000000000000, 0.9899494936611664686, -0.1414213562373094757 ) ) ;
#1900 = SHAPE_DEFINITION_REPRESENTATION ( #1178, #483 ) ;
#1901 = ADVANCED_FACE ( 'NONE', ( #1218 ), #2038, .F. ) ;
#1902 = CARTESIAN_POINT ( 'NONE',  ( 12.99999999999999822, 12.47020561473032174, 13.04522727852478603 ) ) ;
#1903 = CARTESIAN_POINT ( 'NONE',  ( -1.000000000000001554, 12.89446968344224764, 16.01507575950825313 ) ) ;
#1904 = DIRECTION ( 'NONE',  ( 0.000000000000000000, 0.000000000000000000, -1.000000000000000000 ) ) ;
#1905 = ORIENTED_EDGE ( 'NONE', *, *, #485, .T. ) ;
#1906 = CARTESIAN_POINT ( 'NONE',  ( 3.000000000000001332, -8.318733752154178873, 16.01507575950827800 ) ) ;
#1907 = LINE ( 'NONE', #2092, #1290 ) ;
#1908 = AXIS2_PLACEMENT_3D ( 'NONE', #1881, #416, #549 ) ;
#1909 = EDGE_LOOP ( 'NONE', ( #410, #2005 ) ) ;
#1910 = DIRECTION ( 'NONE',  ( 0.000000000000000000, -0.9899494936611665796, 0.1414213562373097532 ) ) ;
#1911 = PERSON_AND_ORGANIZATION_ROLE ( 'classification_officer' ) ;
#1912 = AXIS2_PLACEMENT_3D ( 'NONE', #1436, #1060, #1396 ) ;
#1913 = CIRCLE ( 'NONE', #420, 0.9999999999999995559 ) ;
#1914 = EDGE_CURVE ( 'NONE', #808, #362, #1400, .T. ) ;
#1915 = CC_DESIGN_APPROVAL ( #572, ( #546 ) ) ;
#1916 = VECTOR ( 'NONE', #1525, 1000.000000000000000 ) ;
#1917 = EDGE_CURVE ( 'NONE', #1032, #1867, #701, .T. ) ;
#1918 = DIRECTION ( 'NONE',  ( 0.000000000000000000, 0.1414213562373093369, 0.9899494936611665796 ) ) ;
#1919 = DIRECTION ( 'NONE',  ( 0.000000000000000000, 1.000000000000000000, 0.000000000000000000 ) ) ;
#1920 = EDGE_LOOP ( 'NONE', ( #465, #1570, #1921, #1381 ) ) ;
#1921 = ORIENTED_EDGE ( 'NONE', *, *, #1690, .F. ) ;
#1922 = DIRECTION ( 'NONE',  ( 1.000000000000000000, -0.000000000000000000, -0.000000000000000000 ) ) ;
#1923 = PLANE ( 'NONE',  #2105 ) ;
#1924 = PLANE ( 'NONE',  #888 ) ;
#1925 = FACE_OUTER_BOUND ( 'NONE', #314, .T. ) ;
#1926 = CARTESIAN_POINT ( 'NONE',  ( -1.999999999999998224, -9.025840533340730332, 18.13639610306788796 ) ) ;
#1927 = ORIENTED_EDGE ( 'NONE', *, *, #813, .F. ) ;
#1928 = EDGE_CURVE ( 'NONE', #1243, #1861, #272, .T. ) ;
#1929 = ORIENTED_EDGE ( 'NONE', *, *, #394, .F. ) ;
#1930 = CARTESIAN_POINT ( 'NONE',  ( -19.00000000000000000, 15.00000000000000711, 2.000000000000001776 ) ) ;
#1931 = VECTOR ( 'NONE', #192, 1000.000000000000000 ) ;
#1932 = DIRECTION ( 'NONE',  ( -1.000000000000000000, -0.000000000000000000, -0.000000000000000000 ) ) ;
#1933 = ADVANCED_FACE ( 'NONE', ( #604 ), #1259, .T. ) ;
#1934 = DIRECTION ( 'NONE',  ( -0.000000000000000000, 1.000000000000000000, -0.000000000000000000 ) ) ;
#1935 = DIRECTION ( 'NONE',  ( 1.000000000000000000, 0.000000000000000000, -0.000000000000000000 ) ) ;
#1936 = DIRECTION ( 'NONE',  ( 1.000000000000000000, -1.416690838714392296E-16, 2.023844055306272376E-17 ) ) ;
#1937 = ORIENTED_EDGE ( 'NONE', *, *, #1028, .F. ) ;
#1938 = EDGE_CURVE ( 'NONE', #1106, #987, #767, .T. ) ;
#1939 = ORIENTED_EDGE ( 'NONE', *, *, #1143, .T. ) ;
#1940 = DIRECTION ( 'NONE',  ( 0.000000000000000000, -0.1414213562373093369, -0.9899494936611666907 ) ) ;
#1941 = LINE ( 'NONE', #1759, #308 ) ;
#1942 = ADVANCED_FACE ( 'NONE', ( #2 ), #1763, .F. ) ;
#1943 = LINE ( 'NONE', #1620, #350 ) ;
#1944 = AXIS2_PLACEMENT_3D ( 'NONE', #834, #766, #132 ) ;
#1945 = AXIS2_PLACEMENT_3D ( 'NONE', #1266, #765, #773 ) ;
#1946 = CIRCLE ( 'NONE', #209, 1.000000000000000444 ) ;
#1947 = CARTESIAN_POINT ( 'NONE',  ( -3.000000000000002665, 12.75304832720493664, 15.02512626584707967 ) ) ;
#1948 = PERSON_AND_ORGANIZATION_ROLE ( 'creator' ) ;
#1949 = ORIENTED_EDGE ( 'NONE', *, *, #883, .T. ) ;
#1950 = AXIS2_PLACEMENT_3D ( 'NONE', #117, #2058, #1090 ) ;
#1951 = ORIENTED_EDGE ( 'NONE', *, *, #1097, .T. ) ;
#1952 = CARTESIAN_POINT ( 'NONE',  ( 3.000000000000000888, -10.01579002700189669, 18.27781745930519719 ) ) ;
#1953 = CARTESIAN_POINT ( 'NONE',  ( 15.00000000000000355, 15.00000000000000000, 2.000000000000001776 ) ) ;
#1954 = LINE ( 'NONE', #1643, #1840 ) ;
#1955 = EDGE_CURVE ( 'NONE', #354, #1571, #1615, .T. ) ;
#1956 = AXIS2_PLACEMENT_3D ( 'NONE', #656, #1650, #35 ) ;
#1957 = DIRECTION ( 'NONE',  ( -5.204170427930421283E-15, 0.000000000000000000, -1.000000000000000000 ) ) ;
#1958 = DATE_AND_TIME ( #1137, #620 ) ;
#1959 = EDGE_LOOP ( 'NONE', ( #553, #1456, #1346, #920 ) ) ;
#1960 = ORIENTED_EDGE ( 'NONE', *, *, #485, .F. ) ;
#1961 = CARTESIAN_POINT ( 'NONE',  ( -19.00000000000000000, -15.00000000000001421, 19.99999999999999645 ) ) ;
#1962 = CARTESIAN_POINT ( 'NONE',  ( 12.99999999999999822, 12.61162697096763097, 14.03517677218595239 ) ) ;
#1963 = DIRECTION ( 'NONE',  ( 0.000000000000000000, 0.1414213562373093092, 0.9899494936611665796 ) ) ;
#1964 = TOROIDAL_SURFACE ( 'NONE', #874, 2.000000000000000000, 1.000000000000000000 ) ;
#1965 = AXIS2_PLACEMENT_3D ( 'NONE', #307, #1131, #1767 ) ;
#1966 = EDGE_CURVE ( 'NONE', #1993, #879, #1293, .T. ) ;
#1967 = PLANE ( 'NONE',  #335 ) ;
#1968 = DIRECTION ( 'NONE',  ( 1.000000000000000000, 0.000000000000000000, 0.000000000000000000 ) ) ;
#1969 = VERTEX_POINT ( 'NONE', #312 ) ;
#1970 = ORIENTED_EDGE ( 'NONE', *, *, #648, .T. ) ;
#1971 = LINE ( 'NONE', #1828, #1931 ) ;
#1972 = CARTESIAN_POINT ( 'NONE',  ( -15.00000000000000000, -19.99999999999999645, 27.99999999999999645 ) ) ;
#1973 = CARTESIAN_POINT ( 'NONE',  ( -3.000000000000000000, 2.217157287525380216, 15.52010101267769926 ) ) ;
#1974 = EDGE_LOOP ( 'NONE', ( #297, #1503, #891 ) ) ;
#1975 = DIRECTION ( 'NONE',  ( -0.000000000000000000, -0.1414213562373093369, -0.9899494936611665796 ) ) ;
#1976 = CIRCLE ( 'NONE', #1633, 0.9999999999999995559 ) ;
#1977 = DIRECTION ( 'NONE',  ( 0.000000000000000000, 0.000000000000000000, -1.000000000000000000 ) ) ;
#1978 = COORDINATED_UNIVERSAL_TIME_OFFSET ( 9, 0, .AHEAD. ) ;
#1979 = ORIENTED_EDGE ( 'NONE', *, *, #2073, .T. ) ;
#1980 = AXIS2_PLACEMENT_3D ( 'NONE', #534, #830, #1185 ) ;
#1981 = AXIS2_PLACEMENT_3D ( 'NONE', #1596, #1443, #632 ) ;
#1982 = EDGE_CURVE ( 'NONE', #532, #354, #1282, .T. ) ;
#1983 = VERTEX_POINT ( 'NONE', #948 ) ;
#1984 = CARTESIAN_POINT ( 'NONE',  ( -13.00000000000000178, 12.75304832720493664, 15.02512626584708144 ) ) ;
#1985 = DIRECTION ( 'NONE',  ( 0.000000000000000000, -0.9899494936611665796, 0.1414213562373097532 ) ) ;
#1986 = AXIS2_PLACEMENT_3D ( 'NONE', #1414, #1403, #1538 ) ;
#1987 = AXIS2_PLACEMENT_3D ( 'NONE', #951, #1599, #474 ) ;
#1988 = DIRECTION ( 'NONE',  ( 0.000000000000000000, -0.9899494936611665796, 0.1414213562373096422 ) ) ;
#1989 = ORIENTED_EDGE ( 'NONE', *, *, #366, .T. ) ;
#1990 = CARTESIAN_POINT ( 'NONE',  ( 19.00000000000000000, -19.99999999999999645, 30.00000000000000000 ) ) ;
#1991 = FACE_OUTER_BOUND ( 'NONE', #451, .T. ) ;
#1992 = CALENDAR_DATE ( 2024, 26, 9 ) ;
#1993 = VERTEX_POINT ( 'NONE', #1109 ) ;
#1994 = ORIENTED_EDGE ( 'NONE', *, *, #1641, .F. ) ;
#1995 = LINE ( 'NONE', #1516, #1642 ) ;
#1996 = LINE ( 'NONE', #1494, #250 ) ;
#1997 = EDGE_CURVE ( 'NONE', #1138, #1445, #1946, .T. ) ;
#1998 = DIRECTION ( 'NONE',  ( 0.000000000000000000, 0.1414213562373095034, 0.9899494936611665796 ) ) ;
#1999 = LINE ( 'NONE', #1833, #1506 ) ;
#2000 = AXIS2_PLACEMENT_3D ( 'NONE', #564, #398, #1066 ) ;
#2001 = VECTOR ( 'NONE', #1680, 1000.000000000000000 ) ;
#2002 = CARTESIAN_POINT ( 'NONE',  ( -14.99999999999999645, 20.00000000000000355, 4.000000000000000000 ) ) ;
#2003 = ORIENTED_EDGE ( 'NONE', *, *, #492, .F. ) ;
#2004 = AXIS2_PLACEMENT_3D ( 'NONE', #1582, #146, #1114 ) ;
#2005 = ORIENTED_EDGE ( 'NONE', *, *, #1868, .F. ) ;
#2006 = DIRECTION ( 'NONE',  ( 0.000000000000000000, -0.1414213562373095034, -0.9899494936611665796 ) ) ;
#2007 = CARTESIAN_POINT ( 'NONE',  ( 3.000000000000000888, -8.177312395916869647, 17.00502525316944613 ) ) ;
#2008 = ADVANCED_FACE ( 'NONE', ( #462 ), #785, .F. ) ;
#2009 = CARTESIAN_POINT ( 'NONE',  ( -19.00000000000000000, -19.99999999999999645, 30.00000000000000000 ) ) ;
#2010 = ADVANCED_FACE ( 'NONE', ( #613 ), #1577, .T. ) ;
#2011 = CARTESIAN_POINT ( 'NONE',  ( -19.00000000000000000, 20.00000000000000355, 0.000000000000000000 ) ) ;
#2012 = CARTESIAN_POINT ( 'NONE',  ( -17.00000000000000000, -15.00000000000001421, 27.99999999999999645 ) ) ;
#2013 = ORIENTED_EDGE ( 'NONE', *, *, #1898, .F. ) ;
#2014 = AXIS2_PLACEMENT_3D ( 'NONE', #926, #446, #1576 ) ;
#2015 = ORIENTED_EDGE ( 'NONE', *, *, #234, .T. ) ;
#2016 = CARTESIAN_POINT ( 'NONE',  ( -1.999999999999998224, -8.177312395916869647, 17.00502525316944613 ) ) ;
#2017 = DIRECTION ( 'NONE',  ( 0.000000000000000000, 0.9899494936611665796, -0.1414213562373095034 ) ) ;
#2018 = AXIS2_PLACEMENT_3D ( 'NONE', #1592, #610, #900 ) ;
#2019 = PRODUCT_DEFINITION_FORMATION_WITH_SPECIFIED_SOURCE ( 'ANY', '', #697, .NOT_KNOWN. ) ;
#2020 = DIRECTION ( 'NONE',  ( 0.000000000000000000, 0.1414213562373093369, 0.9899494936611665796 ) ) ;
#2021 = CIRCLE ( 'NONE', #1166, 2.000000000000000000 ) ;
#2022 = ORIENTED_EDGE ( 'NONE', *, *, #1831, .F. ) ;
#2023 = CARTESIAN_POINT ( 'NONE',  ( -2.999999999999998224, -8.035891039679565750, 17.99497474683057874 ) ) ;
#2024 = DIRECTION ( 'NONE',  ( 1.000000000000000000, 0.000000000000000000, 0.000000000000000000 ) ) ;
#2025 = EDGE_LOOP ( 'NONE', ( #719, #654, #1422, #449 ) ) ;
#2026 = DIRECTION ( 'NONE',  ( 0.000000000000000000, -0.9899494936611665796, 0.1414213562373097532 ) ) ;
#2027 = CYLINDRICAL_SURFACE ( 'NONE', #373, 0.9999999999999991118 ) ;
#2028 = VERTEX_POINT ( 'NONE', #1755 ) ;
#2029 = ORIENTED_EDGE ( 'NONE', *, *, #433, .T. ) ;
#2030 = CARTESIAN_POINT ( 'NONE',  ( -2.000000000000001776, 13.60157646462879910, 13.89375541594864494 ) ) ;
#2031 = ORIENTED_EDGE ( 'NONE', *, *, #780, .T. ) ;
#2032 = DIRECTION ( 'NONE',  ( -1.000000000000000000, 0.000000000000000000, 0.000000000000000000 ) ) ;
#2033 = EDGE_CURVE ( 'NONE', #577, #1969, #1841, .T. ) ;
#2034 = LINE ( 'NONE', #1854, #29 ) ;
#2035 = VERTEX_POINT ( 'NONE', #2096 ) ;
#2036 = EDGE_CURVE ( 'NONE', #457, #262, #10, .T. ) ;
#2037 = ORIENTED_EDGE ( 'NONE', *, *, #1291, .F. ) ;
#2038 = PLANE ( 'NONE',  #973 ) ;
#2039 = ORIENTED_EDGE ( 'NONE', *, *, #19, .F. ) ;
#2040 = CARTESIAN_POINT ( 'NONE',  ( 19.00000000000000000, -15.00000000000001421, 19.99999999999999645 ) ) ;
#2041 = ORIENTED_EDGE ( 'NONE', *, *, #1614, .T. ) ;
#2042 = DIRECTION ( 'NONE',  ( 1.000000000000000000, -0.000000000000000000, -0.000000000000000000 ) ) ;
#2043 = CARTESIAN_POINT ( 'NONE',  ( -15.00000000000000000, -19.99999999999999645, 26.00000000000000000 ) ) ;
#2044 = EDGE_LOOP ( 'NONE', ( #725, #1994, #303, #191 ) ) ;
#2045 = CYLINDRICAL_SURFACE ( 'NONE', #787, 2.000000000000005329 ) ;
#2046 = CARTESIAN_POINT ( 'NONE',  ( 1.999999999999998668, 13.74299782086610300, 14.88370490960977399 ) ) ;
#2047 = ORIENTED_EDGE ( 'NONE', *, *, #1415, .T. ) ;
#2048 = ORIENTED_EDGE ( 'NONE', *, *, #1628, .F. ) ;
#2049 = CARTESIAN_POINT ( 'NONE',  ( -19.00000000000000000, 20.00000000000000355, 2.000000000000001776 ) ) ;
#2050 = LINE ( 'NONE', #1107, #9 ) ;
#2051 = AXIS2_PLACEMENT_3D ( 'NONE', #1705, #127, #411 ) ;
#2052 = AXIS2_PLACEMENT_3D ( 'NONE', #817, #1940, #327 ) ;
#2053 = CARTESIAN_POINT ( 'NONE',  ( 15.00000000000000000, -19.99999999999999645, 23.99999999999999289 ) ) ;
#2054 = CARTESIAN_POINT ( 'NONE',  ( -13.00000000000000178, 12.47020561473032352, 13.04522727852478603 ) ) ;
#2055 = CARTESIAN_POINT ( 'NONE',  ( 1.999999999999998668, 12.89446968344224764, 16.01507575950826023 ) ) ;
#2056 = AXIS2_PLACEMENT_3D ( 'NONE', #101, #595, #1075 ) ;
#2057 = EDGE_LOOP ( 'NONE', ( #1283, #1694, #1863, #1324 ) ) ;
#2058 = DIRECTION ( 'NONE',  ( -0.000000000000000000, -0.9899494936611665796, 0.1414213562373095034 ) ) ;
#2059 = ORIENTED_EDGE ( 'NONE', *, *, #1450, .F. ) ;
#2060 = LINE ( 'NONE', #94, #1023 ) ;
#2061 = EDGE_CURVE ( 'NONE', #1598, #1717, #478, .T. ) ;
#2062 = DIRECTION ( 'NONE',  ( 0.000000000000000000, -0.9899494936611665796, 0.1414213562373093369 ) ) ;
#2063 = CARTESIAN_POINT ( 'NONE',  ( -14.99999999999999645, 20.00000000000000355, 4.000000000000000000 ) ) ;
#2064 = ORIENTED_EDGE ( 'NONE', *, *, #1565, .F. ) ;
#2065 = AXIS2_PLACEMENT_3D ( 'NONE', #30, #672, #1977 ) ;
#2066 = VERTEX_POINT ( 'NONE', #1117 ) ;
#2067 = CARTESIAN_POINT ( 'NONE',  ( 19.00000000000000000, 15.00000000000000178, 10.00000000000000000 ) ) ;
#2068 = EDGE_CURVE ( 'NONE', #1713, #1536, #1743, .T. ) ;
#2069 = CARTESIAN_POINT ( 'NONE',  ( -17.00000000000000000, 20.00000000000000355, 2.000000000000001776 ) ) ;
#2070 = CIRCLE ( 'NONE', #705, 2.000000000000001776 ) ;
#2071 = ORIENTED_EDGE ( 'NONE', *, *, #1, .F. ) ;
#2072 = FACE_OUTER_BOUND ( 'NONE', #439, .T. ) ;
#2073 = EDGE_CURVE ( 'NONE', #1052, #1076, #682, .T. ) ;
#2074 = DIRECTION ( 'NONE',  ( 0.000000000000000000, -0.9899494936611665796, 0.1414213562373093369 ) ) ;
#2075 = DIRECTION ( 'NONE',  ( 8.673617379884039416E-16, -0.9899494936611665796, 0.1414213562373097532 ) ) ;
#2076 = CARTESIAN_POINT ( 'NONE',  ( 1.999999999999998668, 14.73294731452727113, 14.74228355337246477 ) ) ;
#2077 = VERTEX_POINT ( 'NONE', #1462 ) ;
#2078 = ORIENTED_EDGE ( 'NONE', *, *, #1868, .T. ) ;
#2079 = FACE_OUTER_BOUND ( 'NONE', #1126, .T. ) ;
#2080 = DIRECTION ( 'NONE',  ( 0.000000000000000000, 0.000000000000000000, 1.000000000000000000 ) ) ;
#2081 = AXIS2_PLACEMENT_3D ( 'NONE', #1605, #1754, #1098 ) ;
#2082 = FACE_OUTER_BOUND ( 'NONE', #751, .T. ) ;
#2083 = CIRCLE ( 'NONE', #149, 1.999999999999999112 ) ;
#2084 = EDGE_CURVE ( 'NONE', #218, #1209, #822, .T. ) ;
#2085 = ADVANCED_FACE ( 'NONE', ( #438 ), #1096, .T. ) ;
#2086 = VECTOR ( 'NONE', #1013, 1000.000000000000227 ) ;
#2087 = AXIS2_PLACEMENT_3D ( 'NONE', #988, #508, #1639 ) ;
#2088 = CARTESIAN_POINT ( 'NONE',  ( 17.00000000000000000, 0.000000000000000000, 27.99999999999999645 ) ) ;
#2089 = EDGE_LOOP ( 'NONE', ( #197, #222 ) ) ;
#2090 = ORIENTED_EDGE ( 'NONE', *, *, #1119, .T. ) ;
#2091 = DIRECTION ( 'NONE',  ( 0.000000000000000000, -1.000000000000000000, 0.000000000000000000 ) ) ;
#2092 = CARTESIAN_POINT ( 'NONE',  ( -19.00000000000000000, -19.99999999999999645, 27.99999999999999645 ) ) ;
#2093 = FACE_OUTER_BOUND ( 'NONE', #106, .T. ) ;
#2094 = ADVANCED_FACE ( 'NONE', ( #1800 ), #1481, .T. ) ;
#2095 = DIRECTION ( 'NONE',  ( 1.000000000000000000, -0.000000000000000000, -0.000000000000000000 ) ) ;
#2096 = CARTESIAN_POINT ( 'NONE',  ( 17.00000000000000355, -19.99999999999999645, 30.00000000000000000 ) ) ;
#2097 = VERTEX_POINT ( 'NONE', #661 ) ;
#2098 = APPLICATION_CONTEXT ( 'configuration controlled 3d designs of mechanical parts and assemblies' ) ;
#2099 = EDGE_CURVE ( 'NONE', #1700, #1209, #1501, .T. ) ;
#2100 = ORIENTED_EDGE ( 'NONE', *, *, #1567, .T. ) ;
#2101 = DIRECTION ( 'NONE',  ( -1.000000000000000000, 1.416690838714392296E-16, -2.023844055306270219E-17 ) ) ;
#2102 = AXIS2_PLACEMENT_3D ( 'NONE', #221, #374, #1343 ) ;
#2103 = DIRECTION ( 'NONE',  ( -0.000000000000000000, -0.000000000000000000, 1.000000000000000000 ) ) ;
#2104 = FACE_BOUND ( 'NONE', #1909, .T. ) ;
#2105 = AXIS2_PLACEMENT_3D ( 'NONE', #960, #630, #1304 ) ;
ENDSEC;
END-ISO-10303-21;
