ISO-10303-21;
HEADER;
FILE_DESCRIPTION (( 'STEP AP203' ),
    '1' );
FILE_NAME ('바디_그라운드.STEP',
    '2024-09-26T14:17:55',
    ( '' ),
    ( '' ),
    'SwSTEP 2.0',
    'SolidWorks 2022',
    '' );
FILE_SCHEMA (( 'CONFIG_CONTROL_DESIGN' ));
ENDSEC;

DATA;
#1 = PERSON_AND_ORGANIZATION ( #1601, #137 ) ;
#2 = VERTEX_POINT ( 'NONE', #2731 ) ;
#3 = VERTEX_POINT ( 'NONE', #129 ) ;
#4 = LINE ( 'NONE', #2608, #2852 ) ;
#5 = FACE_OUTER_BOUND ( 'NONE', #3108, .T. ) ;
#6 = CARTESIAN_POINT ( 'NONE',  ( -12.97927405783631016, 28.49999999999999289, 5.599999999999999645 ) ) ;
#7 = FACE_BOUND ( 'NONE', #889, .T. ) ;
#8 = CARTESIAN_POINT ( 'NONE',  ( 17.02072594216369339, 21.50000000000000000, 12.00000000000000000 ) ) ;
#9 = CARTESIAN_POINT ( 'NONE',  ( 22.49999999999998579, -25.79554888391155032, 11.98052752694110268 ) ) ;
#10 = CARTESIAN_POINT ( 'NONE',  ( 12.50000000000000000, -35.50000000000000711, 12.00000000000000000 ) ) ;
#11 = VERTEX_POINT ( 'NONE', #2188 ) ;
#12 = EDGE_CURVE ( 'NONE', #1919, #1361, #383, .T. ) ;
#13 = ORIENTED_EDGE ( 'NONE', *, *, #2175, .F. ) ;
#14 = EDGE_CURVE ( 'NONE', #2716, #558, #1658, .T. ) ;
#15 = EDGE_LOOP ( 'NONE', ( #1404, #1434, #1060, #795 ) ) ;
#16 = ADVANCED_FACE ( 'NONE', ( #858 ), #1896, .F. ) ;
#17 = VERTEX_POINT ( 'NONE', #2204 ) ;
#18 = CYLINDRICAL_SURFACE ( 'NONE', #1053, 1.999999999999998224 ) ;
#19 = EDGE_CURVE ( 'NONE', #2167, #986, #2423, .T. ) ;
#20 = DIRECTION ( 'NONE',  ( 1.230715518008035029E-16, -1.000000000000000000, 0.000000000000000000 ) ) ;
#21 = CARTESIAN_POINT ( 'NONE',  ( -17.02072594216368984, 28.49999999999999289, 12.00000000000000000 ) ) ;
#22 = CARTESIAN_POINT ( 'NONE',  ( -14.99999999999999645, -19.00000000000000000, -6.000000000000001776 ) ) ;
#23 = CARTESIAN_POINT ( 'NONE',  ( 0.000000000000000000, 0.000000000000000000, 4.999999999999996447 ) ) ;
#24 = PLANE ( 'NONE',  #1501 ) ;
#25 = CARTESIAN_POINT ( 'NONE',  ( 12.97927405783631016, 21.50000000000000000, 5.599999999999999645 ) ) ;
#26 = ORIENTED_EDGE ( 'NONE', *, *, #2782, .T. ) ;
#27 = AXIS2_PLACEMENT_3D ( 'NONE', #3023, #3284, #1766 ) ;
#28 = ORIENTED_EDGE ( 'NONE', *, *, #246, .F. ) ;
#29 = EDGE_CURVE ( 'NONE', #2760, #1733, #2859, .T. ) ;
#30 = ORIENTED_EDGE ( 'NONE', *, *, #2570, .F. ) ;
#31 = AXIS2_PLACEMENT_3D ( 'NONE', #1003, #1754, #3062 ) ;
#32 = EDGE_CURVE ( 'NONE', #915, #1111, #1402, .T. ) ;
#33 = VERTEX_POINT ( 'NONE', #2747 ) ;
#34 = CIRCLE ( 'NONE', #2415, 34.00000000000000000 ) ;
#35 = VECTOR ( 'NONE', #179, 1000.000000000000000 ) ;
#36 = CARTESIAN_POINT ( 'NONE',  ( 27.00000000000000355, 14.99999999999999822, -6.000000000000001776 ) ) ;
#37 = FACE_BOUND ( 'NONE', #451, .T. ) ;
#38 = CIRCLE ( 'NONE', #688, 2.000000000000001776 ) ;
#39 = EDGE_CURVE ( 'NONE', #253, #1321, #684, .T. ) ;
#40 = FACE_OUTER_BOUND ( 'NONE', #1990, .T. ) ;
#41 = ORIENTED_EDGE ( 'NONE', *, *, #1449, .F. ) ;
#42 = DIRECTION ( 'NONE',  ( -0.000000000000000000, -0.000000000000000000, -1.000000000000000000 ) ) ;
#43 = DIRECTION ( 'NONE',  ( -1.000000000000000000, 0.000000000000000000, 0.000000000000000000 ) ) ;
#44 = VECTOR ( 'NONE', #1365, 1000.000000000000000 ) ;
#45 = VECTOR ( 'NONE', #2031, 1000.000000000000000 ) ;
#46 = VECTOR ( 'NONE', #2863, 1000.000000000000114 ) ;
#47 = DIRECTION ( 'NONE',  ( 0.000000000000000000, -1.000000000000000000, 0.000000000000000000 ) ) ;
#48 = ORIENTED_EDGE ( 'NONE', *, *, #1283, .T. ) ;
#49 = CIRCLE ( 'NONE', #1734, 35.00000000000000000 ) ;
#50 = ORIENTED_EDGE ( 'NONE', *, *, #1841, .T. ) ;
#51 = PLANE ( 'NONE',  #1509 ) ;
#52 = EDGE_LOOP ( 'NONE', ( #1679, #917, #2670, #2585 ) ) ;
#53 = VERTEX_POINT ( 'NONE', #3293 ) ;
#54 = DIRECTION ( 'NONE',  ( 0.8660254037844390407, -0.4999999999999993339, 0.000000000000000000 ) ) ;
#55 = DIRECTION ( 'NONE',  ( -1.000000000000000000, 0.000000000000000000, 0.000000000000000000 ) ) ;
#56 = ADVANCED_FACE ( 'NONE', ( #2015 ), #484, .F. ) ;
#57 = DIRECTION ( 'NONE',  ( -0.000000000000000000, -0.000000000000000000, -1.000000000000000000 ) ) ;
#58 = ORIENTED_EDGE ( 'NONE', *, *, #434, .T. ) ;
#59 = DIRECTION ( 'NONE',  ( -0.000000000000000000, -0.000000000000000000, 1.000000000000000000 ) ) ;
#60 = CARTESIAN_POINT ( 'NONE',  ( -35.00000000000000000, 0.000000000000000000, 0.000000000000000000 ) ) ;
#61 = EDGE_CURVE ( 'NONE', #2855, #1919, #3052, .T. ) ;
#62 = CARTESIAN_POINT ( 'NONE',  ( 34.00000000000000000, 0.000000000000000000, 11.00000000000000000 ) ) ;
#63 = LINE ( 'NONE', #3107, #689 ) ;
#64 = ORIENTED_EDGE ( 'NONE', *, *, #1630, .T. ) ;
#65 = VERTEX_POINT ( 'NONE', #3278 ) ;
#66 = FACE_OUTER_BOUND ( 'NONE', #2479, .T. ) ;
#67 = ORIENTED_EDGE ( 'NONE', *, *, #2756, .T. ) ;
#68 = CARTESIAN_POINT ( 'NONE',  ( 27.02072594216370049, -18.50000000000000000, 5.599999999999999645 ) ) ;
#69 = DIRECTION ( 'NONE',  ( 1.000000000000000000, 0.000000000000000000, 0.000000000000000000 ) ) ;
#70 = EDGE_CURVE ( 'NONE', #2736, #419, #2587, .T. ) ;
#71 = CARTESIAN_POINT ( 'NONE',  ( 14.68426695494093615, -16.26459300804384256, 12.00000000000012257 ) ) ;
#72 = ORIENTED_EDGE ( 'NONE', *, *, #1359, .F. ) ;
#73 = DIRECTION ( 'NONE',  ( 0.000000000000000000, 0.000000000000000000, 1.000000000000000000 ) ) ;
#74 = CARTESIAN_POINT ( 'NONE',  ( -27.02072594216368273, -18.49999999999999645, 5.599999999999999645 ) ) ;
#75 = ADVANCED_FACE ( 'NONE', ( #1707 ), #2545, .F. ) ;
#76 = DIRECTION ( 'NONE',  ( -0.000000000000000000, -0.000000000000000000, -1.000000000000000000 ) ) ;
#77 = DIRECTION ( 'NONE',  ( 0.000000000000000000, -0.000000000000000000, 1.000000000000000000 ) ) ;
#78 = EDGE_LOOP ( 'NONE', ( #202, #250, #909, #1049, #2504, #2034 ) ) ;
#79 = ADVANCED_FACE ( 'NONE', ( #1777 ), #1214, .F. ) ;
#80 = EDGE_LOOP ( 'NONE', ( #1671, #2400, #1767, #469 ) ) ;
#81 = DIRECTION ( 'NONE',  ( -0.000000000000000000, -0.000000000000000000, -1.000000000000000000 ) ) ;
#82 = VERTEX_POINT ( 'NONE', #2277 ) ;
#83 = CARTESIAN_POINT ( 'NONE',  ( 0.000000000000000000, 0.000000000000000000, 4.999999999999996447 ) ) ;
#84 = DIRECTION ( 'NONE',  ( -1.000000000000000000, 0.000000000000000000, 0.000000000000000000 ) ) ;
#85 = VECTOR ( 'NONE', #3007, 1000.000000000000000 ) ;
#86 = AXIS2_PLACEMENT_3D ( 'NONE', #608, #1647, #2708 ) ;
#87 = CIRCLE ( 'NONE', #2646, 12.00000000000000178 ) ;
#88 = DIRECTION ( 'NONE',  ( -0.000000000000000000, -0.000000000000000000, 1.000000000000000000 ) ) ;
#89 = VERTEX_POINT ( 'NONE', #2254 ) ;
#90 = DIRECTION ( 'NONE',  ( -0.4999999999999997780, -0.8660254037844387076, 0.000000000000000000 ) ) ;
#91 = DIRECTION ( 'NONE',  ( 0.5000000000000001110, -0.8660254037844384856, 0.000000000000000000 ) ) ;
#92 = AXIS2_PLACEMENT_3D ( 'NONE', #176, #1211, #1564 ) ;
#93 = CARTESIAN_POINT ( 'NONE',  ( -29.04145188432737257, -14.99999999999999822, 5.599999999999999645 ) ) ;
#94 = AXIS2_PLACEMENT_3D ( 'NONE', #3314, #1532, #1795 ) ;
#95 = AXIS2_PLACEMENT_3D ( 'NONE', #1329, #1602, #1280 ) ;
#96 = DIRECTION ( 'NONE',  ( -0.000000000000000000, -0.000000000000000000, 1.000000000000000000 ) ) ;
#97 = CARTESIAN_POINT ( 'NONE',  ( 0.000000000000000000, 0.000000000000000000, 11.00000000000000000 ) ) ;
#98 = EDGE_CURVE ( 'NONE', #1321, #2937, #687, .T. ) ;
#99 = EDGE_LOOP ( 'NONE', ( #2617, #704, #3259, #347 ) ) ;
#100 = AXIS2_PLACEMENT_3D ( 'NONE', #1230, #1758, #460 ) ;
#101 = VECTOR ( 'NONE', #1037, 1000.000000000000114 ) ;
#102 = DIRECTION ( 'NONE',  ( -0.8660254037844384856, -0.5000000000000004441, 0.000000000000000000 ) ) ;
#103 = CIRCLE ( 'NONE', #1943, 2.000000000000000000 ) ;
#104 = ADVANCED_FACE ( 'NONE', ( #1729 ), #3067, .F. ) ;
#105 = ORIENTED_EDGE ( 'NONE', *, *, #1756, .F. ) ;
#106 = CARTESIAN_POINT ( 'NONE',  ( -19.49999999999999645, -54.99999999999998579, 2.999999999999999112 ) ) ;
#107 = DIRECTION ( 'NONE',  ( 1.000000000000000000, 0.000000000000000000, 0.000000000000000000 ) ) ;
#108 = FACE_OUTER_BOUND ( 'NONE', #1031, .T. ) ;
#109 = VERTEX_POINT ( 'NONE', #977 ) ;
#110 = CARTESIAN_POINT ( 'NONE',  ( -12.97927405783631194, 21.49999999999999289, 5.599999999999999645 ) ) ;
#111 = CYLINDRICAL_SURFACE ( 'NONE', #1718, 1.999999999999998224 ) ;
#112 = DIRECTION ( 'NONE',  ( -0.000000000000000000, -0.000000000000000000, 1.000000000000000000 ) ) ;
#113 = CARTESIAN_POINT ( 'NONE',  ( -22.49999999999999289, -58.00000000000000000, 6.000000000000000000 ) ) ;
#114 = ORIENTED_EDGE ( 'NONE', *, *, #2795, .T. ) ;
#115 = ORIENTED_EDGE ( 'NONE', *, *, #2982, .F. ) ;
#116 = DIRECTION ( 'NONE',  ( 0.5000000000000003331, -0.8660254037844383745, 0.000000000000000000 ) ) ;
#117 = ORIENTED_EDGE ( 'NONE', *, *, #1479, .T. ) ;
#118 = ORIENTED_EDGE ( 'NONE', *, *, #2596, .F. ) ;
#119 = CARTESIAN_POINT ( 'NONE',  ( 13.50000000000000355, -50.15627297532784468, 2.999999999999999112 ) ) ;
#120 = CARTESIAN_POINT ( 'NONE',  ( 22.97927405783629951, 11.49999999999998579, 12.00000000000000000 ) ) ;
#121 = ADVANCED_FACE ( 'NONE', ( #2768 ), #723, .F. ) ;
#122 = EDGE_CURVE ( 'NONE', #673, #557, #87, .T. ) ;
#123 = DIRECTION ( 'NONE',  ( 1.000000000000000000, 0.000000000000000000, 0.000000000000000000 ) ) ;
#124 = EDGE_LOOP ( 'NONE', ( #1851, #1302, #2431, #2699, #1190, #2056, #2103, #1626 ) ) ;
#125 = DIRECTION ( 'NONE',  ( 1.000000000000000000, 1.776356839400250465E-15, 0.000000000000000000 ) ) ;
#126 = LINE ( 'NONE', #1377, #1281 ) ;
#127 = LINE ( 'NONE', #1162, #1234 ) ;
#128 = LINE ( 'NONE', #2993, #3304 ) ;
#129 = CARTESIAN_POINT ( 'NONE',  ( -16.99999999999999289, -19.00000000000000000, 0.000000000000000000 ) ) ;
#130 = ORIENTED_EDGE ( 'NONE', *, *, #641, .T. ) ;
#131 = DIRECTION ( 'NONE',  ( -0.000000000000000000, -0.000000000000000000, 1.000000000000000000 ) ) ;
#132 = VERTEX_POINT ( 'NONE', #1961 ) ;
#133 = EDGE_LOOP ( 'NONE', ( #2216, #1650 ) ) ;
#134 = EDGE_CURVE ( 'NONE', #184, #2337, #957, .T. ) ;
#135 = LINE ( 'NONE', #829, #1168 ) ;
#136 = ORIENTED_EDGE ( 'NONE', *, *, #1949, .T. ) ;
#137 = ORGANIZATION ( 'UNSPECIFIED', 'UNSPECIFIED', '' ) ;
#138 = DIRECTION ( 'NONE',  ( 1.000000000000000000, 0.000000000000000000, 0.000000000000000000 ) ) ;
#139 = ORIENTED_EDGE ( 'NONE', *, *, #886, .T. ) ;
#140 = LINE ( 'NONE', #3211, #410 ) ;
#141 = FACE_OUTER_BOUND ( 'NONE', #1539, .T. ) ;
#142 = EDGE_CURVE ( 'NONE', #151, #423, #2151, .T. ) ;
#143 = AXIS2_PLACEMENT_3D ( 'NONE', #1971, #1463, #1991 ) ;
#144 = LINE ( 'NONE', #93, #2867 ) ;
#145 = LINE ( 'NONE', #1925, #959 ) ;
#146 = DIRECTION ( 'NONE',  ( 1.000000000000000000, 0.000000000000000000, 0.000000000000000000 ) ) ;
#147 = AXIS2_PLACEMENT_3D ( 'NONE', #3264, #461, #433 ) ;
#148 = VERTEX_POINT ( 'NONE', #2029 ) ;
#149 = VECTOR ( 'NONE', #1773, 1000.000000000000000 ) ;
#150 = CARTESIAN_POINT ( 'NONE',  ( 15.00000000000000355, -19.00000000000000355, 0.000000000000000000 ) ) ;
#151 = VERTEX_POINT ( 'NONE', #3036 ) ;
#152 = CIRCLE ( 'NONE', #2969, 11.00000000000000355 ) ;
#153 = VECTOR ( 'NONE', #1916, 1000.000000000000000 ) ;
#154 = ORIENTED_EDGE ( 'NONE', *, *, #3303, .T. ) ;
#155 = CIRCLE ( 'NONE', #1892, 2.000000000000001776 ) ;
#156 = CARTESIAN_POINT ( 'NONE',  ( 0.000000000000000000, 0.000000000000000000, 12.00000000000000000 ) ) ;
#157 = EDGE_LOOP ( 'NONE', ( #2281, #1159, #2412, #373 ) ) ;
#158 = AXIS2_PLACEMENT_3D ( 'NONE', #2301, #493, #2887 ) ;
#159 = CARTESIAN_POINT ( 'NONE',  ( -22.97927405783631016, 11.50000000000000178, 5.599999999999999645 ) ) ;
#160 = ORIENTED_EDGE ( 'NONE', *, *, #1922, .F. ) ;
#161 = DIRECTION ( 'NONE',  ( 1.000000000000000000, 0.000000000000000000, 0.000000000000000000 ) ) ;
#162 = EDGE_CURVE ( 'NONE', #2475, #2376, #710, .T. ) ;
#163 = DIRECTION ( 'NONE',  ( -0.000000000000000000, -0.000000000000000000, 1.000000000000000000 ) ) ;
#164 = LINE ( 'NONE', #3313, #1674 ) ;
#165 = LINE ( 'NONE', #2730, #1556 ) ;
#166 = ADVANCED_FACE ( 'NONE', ( #2783 ), #447, .F. ) ;
#167 = CARTESIAN_POINT ( 'NONE',  ( 27.02072594216369339, -11.49999999999998579, 5.599999999999999645 ) ) ;
#168 = CARTESIAN_POINT ( 'NONE',  ( -23.00000000000000000, -15.00000000000000000, 5.600000000000000533 ) ) ;
#169 = DIRECTION ( 'NONE',  ( 1.000000000000000000, 0.000000000000000000, 0.000000000000000000 ) ) ;
#170 = ORIENTED_EDGE ( 'NONE', *, *, #2193, .T. ) ;
#171 = EDGE_LOOP ( 'NONE', ( #1218, #378, #350, #2732 ) ) ;
#172 = ORIENTED_EDGE ( 'NONE', *, *, #1279, .F. ) ;
#173 = CARTESIAN_POINT ( 'NONE',  ( 0.000000000000000000, 0.000000000000000000, 4.999999999999996447 ) ) ;
#174 = ORIENTED_EDGE ( 'NONE', *, *, #595, .F. ) ;
#175 = DIRECTION ( 'NONE',  ( 1.000000000000000000, 0.000000000000000000, 0.000000000000000000 ) ) ;
#176 = CARTESIAN_POINT ( 'NONE',  ( 0.000000000000000000, 0.000000000000000000, 12.00000000000000000 ) ) ;
#177 = FACE_OUTER_BOUND ( 'NONE', #2312, .T. ) ;
#178 = CARTESIAN_POINT ( 'NONE',  ( -12.97927405783631194, 21.49999999999999289, 5.599999999999999645 ) ) ;
#179 = DIRECTION ( 'NONE',  ( -0.000000000000000000, -0.000000000000000000, 1.000000000000000000 ) ) ;
#180 = ADVANCED_FACE ( 'NONE', ( #2865 ), #2912, .T. ) ;
#181 = DIRECTION ( 'NONE',  ( -0.000000000000000000, -0.000000000000000000, 1.000000000000000000 ) ) ;
#182 = EDGE_CURVE ( 'NONE', #2788, #2904, #1055, .T. ) ;
#183 = DIRECTION ( 'NONE',  ( -0.000000000000000000, -0.000000000000000000, 1.000000000000000000 ) ) ;
#184 = VERTEX_POINT ( 'NONE', #230 ) ;
#185 = VERTEX_POINT ( 'NONE', #2563 ) ;
#186 = DIRECTION ( 'NONE',  ( -1.000000000000000000, 0.000000000000000000, 0.000000000000000000 ) ) ;
#187 = ORIENTED_EDGE ( 'NONE', *, *, #2862, .T. ) ;
#188 = LINE ( 'NONE', #2248, #3090 ) ;
#189 = ORIENTED_EDGE ( 'NONE', *, *, #2408, .T. ) ;
#190 = FACE_OUTER_BOUND ( 'NONE', #2929, .T. ) ;
#191 = DIRECTION ( 'NONE',  ( 1.000000000000000000, 0.000000000000000000, 0.000000000000000000 ) ) ;
#192 = PRODUCT_DEFINITION_FORMATION_WITH_SPECIFIED_SOURCE ( 'ANY', '', #880, .NOT_KNOWN. ) ;
#193 = CARTESIAN_POINT ( 'NONE',  ( 20.95854811567259901, 15.00000000000000000, 5.599999999999999645 ) ) ;
#194 = CYLINDRICAL_SURFACE ( 'NONE', #100, 2.000000000000001776 ) ;
#195 = CARTESIAN_POINT ( 'NONE',  ( 27.02072594216368273, 18.50000000000001776, 5.599999999999999645 ) ) ;
#196 = AXIS2_PLACEMENT_3D ( 'NONE', #393, #1413, #665 ) ;
#197 = DIRECTION ( 'NONE',  ( 1.000000000000000000, 0.000000000000000000, 0.000000000000000000 ) ) ;
#198 = AXIS2_PLACEMENT_3D ( 'NONE', #2685, #3058, #473 ) ;
#199 = CLOSED_SHELL ( 'NONE', ( #2218, #1583, #3240, #1712, #2660, #2089, #1065, #3219, #121, #235, #241, #1407, #1298, #3346, #3298, #2903, #2613, #468, #79, #2925, #2961, #2696, #2464, #3135, #2346, #1900, #1574, #422, #1316, #463, #369, #1845, #346, #2701, #1107, #2687, #617, #1675, #3042, #242, #2512, #16, #2291, #2006, #104, #2484, #2285, #1548, #2673, #2074, #1320, #1157, #2845, #1484, #180, #1788, #1917, #2200, #1087, #325, #3095, #1095, #280, #1742, #881, #3048, #2260, #1983, #1335, #56, #75, #727, #361, #1073, #3001, #166, #1804, #2152, #3053, #1694, #303, #3064, #3207, #1530, #863, #1505, #535, #2800, #1981, #1614, #474, #3020, #1652, #3162, #983, #2128, #1572, #537, #384, #1817, #1657, #820, #471 ) ) ;
#200 = CARTESIAN_POINT ( 'NONE',  ( -12.24999999999999822, -19.00000000000000000, 2.000000000000000000 ) ) ;
#201 = ORIENTED_EDGE ( 'NONE', *, *, #3364, .T. ) ;
#202 = ORIENTED_EDGE ( 'NONE', *, *, #925, .T. ) ;
#203 = AXIS2_PLACEMENT_3D ( 'NONE', #1183, #365, #2223 ) ;
#204 = AXIS2_PLACEMENT_3D ( 'NONE', #847, #1888, #2927 ) ;
#205 = EDGE_CURVE ( 'NONE', #1472, #1042, #245, .T. ) ;
#206 = VERTEX_POINT ( 'NONE', #294 ) ;
#207 = CIRCLE ( 'NONE', #2106, 2.000000000000001776 ) ;
#208 = FACE_OUTER_BOUND ( 'NONE', #1084, .T. ) ;
#209 = ORIENTED_EDGE ( 'NONE', *, *, #3241, .F. ) ;
#210 = CARTESIAN_POINT ( 'NONE',  ( -22.50000000000000355, -25.49019419306177525, 12.00000000000000000 ) ) ;
#211 = LINE ( 'NONE', #2235, #2590 ) ;
#212 = AXIS2_PLACEMENT_3D ( 'NONE', #1443, #2215, #1174 ) ;
#213 = CARTESIAN_POINT ( 'NONE',  ( -17.49999999999999645, -50.15627297532785178, 0.000000000000000000 ) ) ;
#214 = CARTESIAN_POINT ( 'NONE',  ( 12.97927405783631016, 21.50000000000000000, 12.00000000000000000 ) ) ;
#215 = DIRECTION ( 'NONE',  ( 1.000000000000000000, 0.000000000000000000, 0.000000000000000000 ) ) ;
#216 = DIRECTION ( 'NONE',  ( 0.000000000000000000, 0.000000000000000000, 1.000000000000000000 ) ) ;
#217 = DIRECTION ( 'NONE',  ( 0.000000000000000000, 0.000000000000000000, 1.000000000000000000 ) ) ;
#218 = ORIENTED_EDGE ( 'NONE', *, *, #1801, .T. ) ;
#219 = EDGE_LOOP ( 'NONE', ( #454, #1255, #677, #2632, #1462, #1186 ) ) ;
#220 = DIRECTION ( 'NONE',  ( 1.000000000000000000, 0.000000000000000000, 0.000000000000000000 ) ) ;
#221 = ORIENTED_EDGE ( 'NONE', *, *, #29, .T. ) ;
#222 = EDGE_CURVE ( 'NONE', #648, #2996, #2578, .T. ) ;
#223 = CYLINDRICAL_SURFACE ( 'NONE', #1241, 7.000000000000000000 ) ;
#224 = EDGE_CURVE ( 'NONE', #1970, #17, #564, .T. ) ;
#225 = VERTEX_POINT ( 'NONE', #1858 ) ;
#226 = LINE ( 'NONE', #2559, #85 ) ;
#227 = CARTESIAN_POINT ( 'NONE',  ( 17.00000000000000000, -19.00000000000000355, 0.000000000000000000 ) ) ;
#228 = CARTESIAN_POINT ( 'NONE',  ( -10.95854811567261855, 24.99999999999999289, 12.00000000000000000 ) ) ;
#229 = CARTESIAN_POINT ( 'NONE',  ( -13.08495619505658958, -17.02152255143387194, 11.84798214392401938 ) ) ;
#230 = CARTESIAN_POINT ( 'NONE',  ( 27.02072594216369339, -11.49999999999998579, 5.599999999999999645 ) ) ;
#231 = CARTESIAN_POINT ( 'NONE',  ( 25.00000000000000000, 14.99999999999999822, 5.600000000000000533 ) ) ;
#232 = CARTESIAN_POINT ( 'NONE',  ( 0.000000000000000000, 0.000000000000000000, 11.00000000000000000 ) ) ;
#233 = ORIENTED_EDGE ( 'NONE', *, *, #2764, .T. ) ;
#234 = ORIENTED_EDGE ( 'NONE', *, *, #1685, .F. ) ;
#235 = ADVANCED_FACE ( 'NONE', ( #2342 ), #548, .F. ) ;
#236 = VERTEX_POINT ( 'NONE', #279 ) ;
#237 = DIRECTION ( 'NONE',  ( 1.000000000000000000, 0.000000000000000000, 0.000000000000000000 ) ) ;
#238 = ORIENTED_EDGE ( 'NONE', *, *, #1379, .F. ) ;
#239 = PLANE ( 'NONE',  #1923 ) ;
#240 = DIRECTION ( 'NONE',  ( 0.000000000000000000, 0.000000000000000000, 1.000000000000000000 ) ) ;
#241 = ADVANCED_FACE ( 'NONE', ( #1312 ), #2324, .F. ) ;
#242 = ADVANCED_FACE ( 'NONE', ( #3105 ), #758, .F. ) ;
#243 = LINE ( 'NONE', #21, #101 ) ;
#244 = CYLINDRICAL_SURFACE ( 'NONE', #3014, 2.000000000000001776 ) ;
#245 = LINE ( 'NONE', #1077, #2698 ) ;
#246 = EDGE_CURVE ( 'NONE', #2968, #89, #2043, .T. ) ;
#247 = CARTESIAN_POINT ( 'NONE',  ( 22.49999999999999645, -26.42252327532097667, 11.71269439370651000 ) ) ;
#248 = FACE_OUTER_BOUND ( 'NONE', #792, .T. ) ;
#249 = ORIENTED_EDGE ( 'NONE', *, *, #974, .F. ) ;
#250 = ORIENTED_EDGE ( 'NONE', *, *, #1112, .T. ) ;
#251 = AXIS2_PLACEMENT_3D ( 'NONE', #740, #1250, #413 ) ;
#252 = AXIS2_PLACEMENT_3D ( 'NONE', #1908, #2405, #1414 ) ;
#253 = VERTEX_POINT ( 'NONE', #1039 ) ;
#254 = VECTOR ( 'NONE', #1625, 1000.000000000000000 ) ;
#255 = CIRCLE ( 'NONE', #2915, 12.50000000000000000 ) ;
#256 = EDGE_LOOP ( 'NONE', ( #117, #2989, #2004, #58 ) ) ;
#257 = FACE_OUTER_BOUND ( 'NONE', #456, .T. ) ;
#258 = DIRECTION ( 'NONE',  ( -1.000000000000000000, 0.000000000000000000, 0.000000000000000000 ) ) ;
#259 = CIRCLE ( 'NONE', #2919, 2.000000000000000000 ) ;
#260 = CIRCLE ( 'NONE', #2051, 2.749999999999999112 ) ;
#261 = EDGE_CURVE ( 'NONE', #407, #2, #3342, .T. ) ;
#262 = CARTESIAN_POINT ( 'NONE',  ( -12.50000000000000000, -35.50000000000000711, 2.999999999999999112 ) ) ;
#263 = VECTOR ( 'NONE', #2494, 1000.000000000000000 ) ;
#264 = LINE ( 'NONE', #2611, #1113 ) ;
#265 = CARTESIAN_POINT ( 'NONE',  ( -29.04145188432738323, 15.00000000000000178, 5.599999999999999645 ) ) ;
#266 = CIRCLE ( 'NONE', #212, 12.50000000000000000 ) ;
#267 = EDGE_CURVE ( 'NONE', #2070, #1269, #3158, .T. ) ;
#268 = CARTESIAN_POINT ( 'NONE',  ( 22.49999999999999289, -26.76151394971115494, 11.30457920750621703 ) ) ;
#269 = DIRECTION ( 'NONE',  ( 0.000000000000000000, 0.000000000000000000, 1.000000000000000000 ) ) ;
#270 = ORIENTED_EDGE ( 'NONE', *, *, #2180, .T. ) ;
#271 = ORIENTED_EDGE ( 'NONE', *, *, #989, .T. ) ;
#272 = PERSON_AND_ORGANIZATION ( #1601, #137 ) ;
#273 = ORIENTED_EDGE ( 'NONE', *, *, #1441, .F. ) ;
#274 = ORIENTED_EDGE ( 'NONE', *, *, #1877, .T. ) ;
#275 = CARTESIAN_POINT ( 'NONE',  ( -20.95854811567262388, 14.99999999999999645, 5.599999999999999645 ) ) ;
#276 = LINE ( 'NONE', #291, #522 ) ;
#277 = LINE ( 'NONE', #817, #1344 ) ;
#278 = LINE ( 'NONE', #2096, #2958 ) ;
#279 = CARTESIAN_POINT ( 'NONE',  ( -11.00000000000000355, 1.408343819019456570E-15, 12.00000000000000000 ) ) ;
#280 = ADVANCED_FACE ( 'NONE', ( #806 ), #1025, .F. ) ;
#281 = CARTESIAN_POINT ( 'NONE',  ( 0.000000000000000000, 0.000000000000000000, 11.00000000000000000 ) ) ;
#282 = DIRECTION ( 'NONE',  ( -0.000000000000000000, 1.000000000000000000, 0.000000000000000000 ) ) ;
#283 = ORIENTED_EDGE ( 'NONE', *, *, #2133, .T. ) ;
#284 = ORIENTED_EDGE ( 'NONE', *, *, #2329, .F. ) ;
#285 = EDGE_CURVE ( 'NONE', #1042, #2233, #2372, .T. ) ;
#286 = SECURITY_CLASSIFICATION_LEVEL ( 'unclassified' ) ;
#287 = EDGE_CURVE ( 'NONE', #637, #236, #2964, .T. ) ;
#288 = ORIENTED_EDGE ( 'NONE', *, *, #2382, .T. ) ;
#289 = ORIENTED_EDGE ( 'NONE', *, *, #299, .T. ) ;
#290 = DIRECTION ( 'NONE',  ( 0.000000000000000000, -0.000000000000000000, 1.000000000000000000 ) ) ;
#291 = CARTESIAN_POINT ( 'NONE',  ( 22.97927405783631372, -11.49999999999998579, 5.599999999999999645 ) ) ;
#292 = DIRECTION ( 'NONE',  ( -1.000000000000000000, 0.000000000000000000, 0.000000000000000000 ) ) ;
#293 = CARTESIAN_POINT ( 'NONE',  ( -13.00000000000000355, 24.99999999999999289, 5.600000000000000533 ) ) ;
#294 = CARTESIAN_POINT ( 'NONE',  ( 22.50000000000000000, -57.99999999999998579, 6.000000000000000000 ) ) ;
#295 = DIRECTION ( 'NONE',  ( 0.000000000000000000, 0.000000000000000000, -1.000000000000000000 ) ) ;
#296 = LINE ( 'NONE', #1860, #1723 ) ;
#297 = ORIENTED_EDGE ( 'NONE', *, *, #205, .T. ) ;
#298 = ORIENTED_EDGE ( 'NONE', *, *, #2195, .F. ) ;
#299 = EDGE_CURVE ( 'NONE', #2139, #840, #1062, .T. ) ;
#300 = DIRECTION ( 'NONE',  ( -0.000000000000000000, -0.000000000000000000, 1.000000000000000000 ) ) ;
#301 = ORIENTED_EDGE ( 'NONE', *, *, #3202, .T. ) ;
#302 = AXIS2_PLACEMENT_3D ( 'NONE', #2623, #1853, #2877 ) ;
#303 = ADVANCED_FACE ( 'NONE', ( #772 ), #2848, .F. ) ;
#304 = ORIENTED_EDGE ( 'NONE', *, *, #1634, .F. ) ;
#305 = AXIS2_PLACEMENT_3D ( 'NONE', #97, #1132, #366 ) ;
#306 = LINE ( 'NONE', #2077, #620 ) ;
#307 = VECTOR ( 'NONE', #1177, 1000.000000000000000 ) ;
#308 = CARTESIAN_POINT ( 'NONE',  ( -15.49999999999999289, -50.15627297532785178, -6.000000000000001776 ) ) ;
#309 = EDGE_LOOP ( 'NONE', ( #2876, #2965 ) ) ;
#310 = DIRECTION ( 'NONE',  ( -0.000000000000000000, -0.000000000000000000, 1.000000000000000000 ) ) ;
#311 = DIRECTION ( 'NONE',  ( 0.000000000000000000, -1.000000000000000000, 0.000000000000000000 ) ) ;
#312 = VECTOR ( 'NONE', #979, 1000.000000000000000 ) ;
#313 = VECTOR ( 'NONE', #2295, 1000.000000000000000 ) ;
#314 = VECTOR ( 'NONE', #2237, 1000.000000000000000 ) ;
#315 = DIRECTION ( 'NONE',  ( 0.8660254037844385966, -0.5000000000000001110, 0.000000000000000000 ) ) ;
#316 = DIRECTION ( 'NONE',  ( -0.000000000000000000, -0.000000000000000000, 1.000000000000000000 ) ) ;
#317 = ORIENTED_EDGE ( 'NONE', *, *, #12, .F. ) ;
#318 = VECTOR ( 'NONE', #995, 1000.000000000000000 ) ;
#319 = ORIENTED_EDGE ( 'NONE', *, *, #2044, .T. ) ;
#320 = DIRECTION ( 'NONE',  ( 0.5000000000000004441, -0.8660254037844383745, 0.000000000000000000 ) ) ;
#321 = EDGE_LOOP ( 'NONE', ( #1317, #2035, #1268, #398, #3198, #2258 ) ) ;
#322 = EDGE_CURVE ( 'NONE', #3187, #1175, #2146, .T. ) ;
#323 = DIRECTION ( 'NONE',  ( 1.000000000000000000, 0.000000000000000000, 0.000000000000000000 ) ) ;
#324 = LINE ( 'NONE', #1142, #153 ) ;
#325 = ADVANCED_FACE ( 'NONE', ( #834 ), #1638, .F. ) ;
#326 = EDGE_CURVE ( 'NONE', #3306, #2302, #1173, .T. ) ;
#327 = FACE_OUTER_BOUND ( 'NONE', #367, .T. ) ;
#328 = ORIENTED_EDGE ( 'NONE', *, *, #326, .T. ) ;
#329 = DIRECTION ( 'NONE',  ( -0.000000000000000000, -0.000000000000000000, 1.000000000000000000 ) ) ;
#330 = CARTESIAN_POINT ( 'NONE',  ( 0.000000000000000000, 0.000000000000000000, 9.000000000000001776 ) ) ;
#331 = CARTESIAN_POINT ( 'NONE',  ( 0.000000000000000000, 0.000000000000000000, 11.00000000000000000 ) ) ;
#332 = DIRECTION ( 'NONE',  ( -0.000000000000000000, 0.000000000000000000, 1.000000000000000000 ) ) ;
#333 = DIRECTION ( 'NONE',  ( -0.000000000000000000, -0.000000000000000000, 1.000000000000000000 ) ) ;
#334 = ORIENTED_EDGE ( 'NONE', *, *, #901, .T. ) ;
#335 = FACE_BOUND ( 'NONE', #2621, .T. ) ;
#336 = ORIENTED_EDGE ( 'NONE', *, *, #1787, .T. ) ;
#337 = CARTESIAN_POINT ( 'NONE',  ( 22.97927405783631372, -11.49999999999998579, 5.599999999999999645 ) ) ;
#338 = DIRECTION ( 'NONE',  ( 1.000000000000000000, 0.000000000000000000, -0.000000000000000000 ) ) ;
#339 = DIRECTION ( 'NONE',  ( 0.000000000000000000, 0.000000000000000000, 1.000000000000000000 ) ) ;
#340 = ORIENTED_EDGE ( 'NONE', *, *, #2999, .F. ) ;
#341 = DIRECTION ( 'NONE',  ( 0.000000000000000000, -1.000000000000000000, 0.000000000000000000 ) ) ;
#342 = EDGE_CURVE ( 'NONE', #2716, #2249, #1600, .T. ) ;
#343 = CARTESIAN_POINT ( 'NONE',  ( 15.50000000000000711, -50.15627297532784468, 0.000000000000000000 ) ) ;
#344 = CARTESIAN_POINT ( 'NONE',  ( 0.000000000000000000, 0.000000000000000000, 0.000000000000000000 ) ) ;
#345 = CARTESIAN_POINT ( 'NONE',  ( 19.49999999999999645, -57.99999999999998579, 6.000000000000000888 ) ) ;
#346 = ADVANCED_FACE ( 'NONE', ( #2714, #1653 ), #1350, .T. ) ;
#347 = ORIENTED_EDGE ( 'NONE', *, *, #2404, .T. ) ;
#348 = EDGE_LOOP ( 'NONE', ( #1104, #693, #1912, #187 ) ) ;
#349 = CARTESIAN_POINT ( 'NONE',  ( 0.000000000000000000, 0.000000000000000000, 11.00000000000000000 ) ) ;
#350 = ORIENTED_EDGE ( 'NONE', *, *, #32, .F. ) ;
#351 = FACE_OUTER_BOUND ( 'NONE', #984, .T. ) ;
#352 = DIRECTION ( 'NONE',  ( 1.000000000000000000, 0.000000000000000000, 0.000000000000000000 ) ) ;
#353 = VECTOR ( 'NONE', #2727, 1000.000000000000000 ) ;
#354 = CIRCLE ( 'NONE', #1061, 2.000000000000000000 ) ;
#355 = AXIS2_PLACEMENT_3D ( 'NONE', #2294, #1975, #2994 ) ;
#356 = FACE_OUTER_BOUND ( 'NONE', #256, .T. ) ;
#357 = ORIENTED_EDGE ( 'NONE', *, *, #434, .F. ) ;
#358 = CARTESIAN_POINT ( 'NONE',  ( 12.97927405783630839, 28.49999999999999645, 12.00000000000000000 ) ) ;
#359 = FACE_OUTER_BOUND ( 'NONE', #729, .T. ) ;
#360 = AXIS2_PLACEMENT_3D ( 'NONE', #1542, #3102, #1529 ) ;
#361 = ADVANCED_FACE ( 'NONE', ( #1126 ), #1147, .F. ) ;
#362 = LINE ( 'NONE', #2665, #2378 ) ;
#363 = AXIS2_PLACEMENT_3D ( 'NONE', #976, #2544, #2577 ) ;
#364 = VECTOR ( 'NONE', #2147, 1000.000000000000000 ) ;
#365 = DIRECTION ( 'NONE',  ( -0.000000000000000000, -0.000000000000000000, 1.000000000000000000 ) ) ;
#366 = DIRECTION ( 'NONE',  ( 1.000000000000000000, 0.000000000000000000, 0.000000000000000000 ) ) ;
#367 = EDGE_LOOP ( 'NONE', ( #968, #3245, #1285, #118 ) ) ;
#368 = AXIS2_PLACEMENT_3D ( 'NONE', #2725, #88, #123 ) ;
#369 = ADVANCED_FACE ( 'NONE', ( #359 ), #111, .F. ) ;
#370 = CARTESIAN_POINT ( 'NONE',  ( -34.00000000000000000, 4.163799117101000559E-15, 11.00000000000000000 ) ) ;
#371 = ORIENTED_EDGE ( 'NONE', *, *, #2057, .F. ) ;
#372 = VECTOR ( 'NONE', #751, 1000.000000000000000 ) ;
#373 = ORIENTED_EDGE ( 'NONE', *, *, #2071, .T. ) ;
#374 = EDGE_CURVE ( 'NONE', #2020, #733, #126, .T. ) ;
#375 = CYLINDRICAL_SURFACE ( 'NONE', #625, 12.00000000000000178 ) ;
#376 = CARTESIAN_POINT ( 'NONE',  ( -22.97927405783630306, -18.49999999999999645, 12.00000000000000000 ) ) ;
#377 = CARTESIAN_POINT ( 'NONE',  ( 26.50000000000002487, -54.99999999999998579, 6.577099041022346881 ) ) ;
#378 = ORIENTED_EDGE ( 'NONE', *, *, #1304, .F. ) ;
#379 = CARTESIAN_POINT ( 'NONE',  ( 21.00000000000000000, 0.000000000000000000, 11.00000000000000000 ) ) ;
#380 = PLANE ( 'NONE',  #252 ) ;
#381 = FACE_BOUND ( 'NONE', #639, .T. ) ;
#382 = DIRECTION ( 'NONE',  ( 0.000000000000000000, 0.000000000000000000, 1.000000000000000000 ) ) ;
#383 = LINE ( 'NONE', #590, #3297 ) ;
#384 = ADVANCED_FACE ( 'NONE', ( #2199 ), #380, .F. ) ;
#385 = ORIENTED_EDGE ( 'NONE', *, *, #2158, .F. ) ;
#386 = CARTESIAN_POINT ( 'NONE',  ( 27.02072594216370049, -18.50000000000000000, 5.599999999999999645 ) ) ;
#387 = EDGE_LOOP ( 'NONE', ( #2003, #1000, #670, #2987 ) ) ;
#388 = ORIENTED_EDGE ( 'NONE', *, *, #2449, .T. ) ;
#389 = DIRECTION ( 'NONE',  ( -1.000000000000000000, 0.000000000000000000, 0.000000000000000000 ) ) ;
#390 = EDGE_LOOP ( 'NONE', ( #270, #2076, #2656, #2712 ) ) ;
#391 = CARTESIAN_POINT ( 'NONE',  ( 12.89641258465323048, -17.22337128404040385, 11.87555561111883407 ) ) ;
#392 = VERTEX_POINT ( 'NONE', #2456 ) ;
#393 = CARTESIAN_POINT ( 'NONE',  ( -15.49999999999999289, -50.15627297532785178, 2.999999999999999112 ) ) ;
#394 = CYLINDRICAL_SURFACE ( 'NONE', #1499, 2.749999999999997335 ) ;
#395 = CARTESIAN_POINT ( 'NONE',  ( 19.50000000000000000, -26.80951323690903010, 2.999999999999999112 ) ) ;
#396 = DIRECTION ( 'NONE',  ( -0.000000000000000000, -0.000000000000000000, 1.000000000000000000 ) ) ;
#397 = VERTEX_POINT ( 'NONE', #2170 ) ;
#398 = ORIENTED_EDGE ( 'NONE', *, *, #2717, .F. ) ;
#399 = CARTESIAN_POINT ( 'NONE',  ( 0.000000000000000000, 0.000000000000000000, 9.000000000000001776 ) ) ;
#400 = ORIENTED_EDGE ( 'NONE', *, *, #678, .T. ) ;
#401 = ORIENTED_EDGE ( 'NONE', *, *, #2299, .T. ) ;
#402 = EDGE_CURVE ( 'NONE', #2901, #1803, #38, .T. ) ;
#403 = DIRECTION ( 'NONE',  ( -0.000000000000000000, -0.000000000000000000, -1.000000000000000000 ) ) ;
#404 = EDGE_LOOP ( 'NONE', ( #2569, #139, #562, #189, #1956, #868, #2269, #1789 ) ) ;
#405 = EDGE_CURVE ( 'NONE', #1194, #827, #581, .T. ) ;
#406 = DIRECTION ( 'NONE',  ( -0.000000000000000000, -0.000000000000000000, 1.000000000000000000 ) ) ;
#407 = VERTEX_POINT ( 'NONE', #1921 ) ;
#408 = CARTESIAN_POINT ( 'NONE',  ( 27.02072594216368273, 18.50000000000001776, 5.599999999999999645 ) ) ;
#409 = CARTESIAN_POINT ( 'NONE',  ( 19.50000000000000000, -26.80951323690903010, 2.999999999999999112 ) ) ;
#410 = VECTOR ( 'NONE', #2418, 1000.000000000000000 ) ;
#411 = CARTESIAN_POINT ( 'NONE',  ( 23.00000000000000711, -15.00000000000000000, -6.000000000000001776 ) ) ;
#412 = FACE_OUTER_BOUND ( 'NONE', #2313, .T. ) ;
#413 = DIRECTION ( 'NONE',  ( 0.000000000000000000, -0.000000000000000000, 1.000000000000000000 ) ) ;
#414 = AXIS2_PLACEMENT_3D ( 'NONE', #902, #2677, #2944 ) ;
#415 = VECTOR ( 'NONE', #496, 1000.000000000000114 ) ;
#416 = DIRECTION ( 'NONE',  ( -0.000000000000000000, 0.000000000000000000, 1.000000000000000000 ) ) ;
#417 = VERTEX_POINT ( 'NONE', #60 ) ;
#418 = AXIS2_PLACEMENT_3D ( 'NONE', #485, #1519, #197 ) ;
#419 = VERTEX_POINT ( 'NONE', #1092 ) ;
#420 = VECTOR ( 'NONE', #936, 1000.000000000000114 ) ;
#421 = CARTESIAN_POINT ( 'NONE',  ( 8.984733708938769325, -26.80951323690903010, 12.00000000000000000 ) ) ;
#422 = ADVANCED_FACE ( 'NONE', ( #613 ), #2957, .F. ) ;
#423 = VERTEX_POINT ( 'NONE', #1872 ) ;
#424 = AXIS2_PLACEMENT_3D ( 'NONE', #1608, #593, #2654 ) ;
#425 = CARTESIAN_POINT ( 'NONE',  ( 15.00000000000000355, -19.00000000000000355, 12.00000000000000000 ) ) ;
#426 = EDGE_LOOP ( 'NONE', ( #2828, #2394, #2500, #899, #2980, #2474 ) ) ;
#427 = FACE_OUTER_BOUND ( 'NONE', #2212, .T. ) ;
#428 = LINE ( 'NONE', #2779, #3019 ) ;
#429 = EDGE_CURVE ( 'NONE', #148, #82, #2911, .T. ) ;
#430 = EDGE_CURVE ( 'NONE', #3301, #2788, #1363, .T. ) ;
#431 = CARTESIAN_POINT ( 'NONE',  ( 14.82411843049279376, -16.25563018645306101, 12.00000000000000000 ) ) ;
#432 = CARTESIAN_POINT ( 'NONE',  ( -13.40630265297124346, -16.75461016616772270, 11.84009282434628751 ) ) ;
#433 = DIRECTION ( 'NONE',  ( 1.000000000000000000, 0.000000000000000000, 0.000000000000000000 ) ) ;
#434 = EDGE_CURVE ( 'NONE', #507, #933, #2271, .T. ) ;
#435 = DIRECTION ( 'NONE',  ( 1.000000000000000000, 0.000000000000000000, 0.000000000000000000 ) ) ;
#436 = CARTESIAN_POINT ( 'NONE',  ( -22.50000000000000711, -26.76147945762353686, 11.30482264573577211 ) ) ;
#437 = ORIENTED_EDGE ( 'NONE', *, *, #1379, .T. ) ;
#438 = EDGE_LOOP ( 'NONE', ( #1866, #2950 ) ) ;
#439 = ORIENTED_EDGE ( 'NONE', *, *, #2897, .T. ) ;
#440 = CYLINDRICAL_SURFACE ( 'NONE', #476, 2.749999999999999112 ) ;
#441 = EDGE_LOOP ( 'NONE', ( #575, #818, #475, #3285 ) ) ;
#442 = CARTESIAN_POINT ( 'NONE',  ( -17.49999999999999645, -50.15627297532785178, 2.999999999999999112 ) ) ;
#443 = CARTESIAN_POINT ( 'NONE',  ( 22.49999999999999289, -26.80951323690903010, 12.00000000000000000 ) ) ;
#444 = EDGE_CURVE ( 'NONE', #680, #206, #952, .T. ) ;
#445 = CARTESIAN_POINT ( 'NONE',  ( 0.000000000000000000, 0.000000000000000000, 12.00000000000000000 ) ) ;
#446 = CARTESIAN_POINT ( 'NONE',  ( 17.02072594216368984, 28.49999999999999645, 12.00000000000000000 ) ) ;
#447 = PLANE ( 'NONE',  #2265 ) ;
#448 = EDGE_CURVE ( 'NONE', #2075, #392, #632, .T. ) ;
#449 = LINE ( 'NONE', #2547, #2920 ) ;
#450 = LINE ( 'NONE', #726, #2325 ) ;
#451 = EDGE_LOOP ( 'NONE', ( #621, #1013 ) ) ;
#452 = ORIENTED_EDGE ( 'NONE', *, *, #3323, .T. ) ;
#453 = DIRECTION ( 'NONE',  ( 0.000000000000000000, 0.000000000000000000, 1.000000000000000000 ) ) ;
#454 = ORIENTED_EDGE ( 'NONE', *, *, #3159, .F. ) ;
#455 = DIRECTION ( 'NONE',  ( 1.000000000000000000, 0.000000000000000000, 0.000000000000000000 ) ) ;
#456 = EDGE_LOOP ( 'NONE', ( #2244, #1476, #1735, #201, #2090, #3146 ) ) ;
#457 = DIRECTION ( 'NONE',  ( 1.000000000000000000, 0.000000000000000000, 0.000000000000000000 ) ) ;
#458 = LINE ( 'NONE', #919, #307 ) ;
#459 = DIRECTION ( 'NONE',  ( -0.000000000000000000, -0.000000000000000000, 1.000000000000000000 ) ) ;
#460 = DIRECTION ( 'NONE',  ( 1.000000000000000000, 0.000000000000000000, 0.000000000000000000 ) ) ;
#461 = DIRECTION ( 'NONE',  ( -0.000000000000000000, -0.000000000000000000, 1.000000000000000000 ) ) ;
#462 = AXIS2_PLACEMENT_3D ( 'NONE', #2270, #3310, #3046 ) ;
#463 = ADVANCED_FACE ( 'NONE', ( #988 ), #1755, .F. ) ;
#464 = CARTESIAN_POINT ( 'NONE',  ( -17.02072594216368984, 21.49999999999999289, 5.599999999999999645 ) ) ;
#465 = AXIS2_PLACEMENT_3D ( 'NONE', #2225, #992, #1999 ) ;
#466 = CARTESIAN_POINT ( 'NONE',  ( -22.50000000000000000, -26.59829254174390201, 11.56361748713319848 ) ) ;
#467 = ORIENTED_EDGE ( 'NONE', *, *, #1072, .T. ) ;
#468 = ADVANCED_FACE ( 'NONE', ( #2011 ), #2522, .F. ) ;
#469 = ORIENTED_EDGE ( 'NONE', *, *, #1565, .F. ) ;
#470 = VECTOR ( 'NONE', #1595, 1000.000000000000000 ) ;
#471 = ADVANCED_FACE ( 'NONE', ( #2025 ), #394, .F. ) ;
#472 = AXIS2_PLACEMENT_3D ( 'NONE', #344, #2472, #1640 ) ;
#473 = DIRECTION ( 'NONE',  ( 1.000000000000000000, 0.000000000000000000, 0.000000000000000000 ) ) ;
#474 = ADVANCED_FACE ( 'NONE', ( #2490 ), #650, .F. ) ;
#475 = ORIENTED_EDGE ( 'NONE', *, *, #430, .F. ) ;
#476 = AXIS2_PLACEMENT_3D ( 'NONE', #2741, #406, #1244 ) ;
#477 = CARTESIAN_POINT ( 'NONE',  ( 19.49999999999999645, -54.99999999999998579, 6.577099041022347770 ) ) ;
#478 = EDGE_LOOP ( 'NONE', ( #1749, #2228, #273, #731, #2551, #2488 ) ) ;
#479 = DIRECTION ( 'NONE',  ( 0.5000000000000003331, -0.8660254037844383745, 0.000000000000000000 ) ) ;
#480 = PLANE ( 'NONE',  #360 ) ;
#481 = AXIS2_PLACEMENT_3D ( 'NONE', #150, #642, #672 ) ;
#482 = DIRECTION ( 'NONE',  ( 1.000000000000000000, 0.000000000000000000, -0.000000000000000000 ) ) ;
#483 = CARTESIAN_POINT ( 'NONE',  ( 17.00000000000000000, 24.99999999999999645, 5.600000000000000533 ) ) ;
#484 = PLANE ( 'NONE',  #251 ) ;
#485 = CARTESIAN_POINT ( 'NONE',  ( -14.99999999999999645, -19.00000000000000000, 2.000000000000000000 ) ) ;
#486 = EDGE_CURVE ( 'NONE', #3334, #2622, #458, .T. ) ;
#487 = DIRECTION ( 'NONE',  ( -0.000000000000000000, -0.000000000000000000, -1.000000000000000000 ) ) ;
#488 = EDGE_LOOP ( 'NONE', ( #523, #2018 ) ) ;
#489 = VERTEX_POINT ( 'NONE', #1493 ) ;
#490 = APPROVAL_ROLE ( '' ) ;
#491 = ORIENTED_EDGE ( 'NONE', *, *, #671, .T. ) ;
#492 = EDGE_CURVE ( 'NONE', #1697, #3232, #1196, .T. ) ;
#493 = DIRECTION ( 'NONE',  ( 0.000000000000000000, 0.000000000000000000, 1.000000000000000000 ) ) ;
#494 = EDGE_LOOP ( 'NONE', ( #1586, #3171, #3040, #233 ) ) ;
#495 = PLANE ( 'NONE',  #2806 ) ;
#496 = DIRECTION ( 'NONE',  ( -0.5000000000000003331, 0.8660254037844383745, 0.000000000000000000 ) ) ;
#497 = CARTESIAN_POINT ( 'NONE',  ( 10.95854811567261855, 24.99999999999999645, 12.00000000000000000 ) ) ;
#498 = PLANE ( 'NONE',  #363 ) ;
#499 = DIRECTION ( 'NONE',  ( 1.224646799147353207E-16, 1.000000000000000000, -0.000000000000000000 ) ) ;
#500 = DIRECTION ( 'NONE',  ( -0.000000000000000000, 0.000000000000000000, 1.000000000000000000 ) ) ;
#501 = CARTESIAN_POINT ( 'NONE',  ( 22.97927405783631372, -11.49999999999998579, 12.00000000000000000 ) ) ;
#502 = EDGE_LOOP ( 'NONE', ( #894, #1883, #2192, #1075 ) ) ;
#503 = ORIENTED_EDGE ( 'NONE', *, *, #1345, .F. ) ;
#504 = DATE_AND_TIME ( #2335, #3129 ) ;
#505 = ORIENTED_EDGE ( 'NONE', *, *, #2236, .T. ) ;
#506 = EDGE_CURVE ( 'NONE', #1865, #767, #849, .T. ) ;
#507 = VERTEX_POINT ( 'NONE', #1465 ) ;
#508 = CARTESIAN_POINT ( 'NONE',  ( 22.97927405783629951, 18.50000000000001776, 5.599999999999999645 ) ) ;
#509 = CARTESIAN_POINT ( 'NONE',  ( 17.02072594216368984, 28.49999999999999645, 12.00000000000000000 ) ) ;
#510 = DIRECTION ( 'NONE',  ( 1.000000000000000000, 0.000000000000000000, -0.000000000000000000 ) ) ;
#511 = VECTOR ( 'NONE', #1510, 1000.000000000000114 ) ;
#512 = CARTESIAN_POINT ( 'NONE',  ( 15.50000000000000711, -50.15627297532784468, -6.000000000000001776 ) ) ;
#513 = DIRECTION ( 'NONE',  ( -0.000000000000000000, -0.000000000000000000, 1.000000000000000000 ) ) ;
#514 = CARTESIAN_POINT ( 'NONE',  ( -17.02072594216368984, 21.49999999999999289, 5.599999999999999645 ) ) ;
#515 = PLANE ( 'NONE',  #1500 ) ;
#516 = ORIENTED_EDGE ( 'NONE', *, *, #2678, .F. ) ;
#517 = VECTOR ( 'NONE', #2438, 1000.000000000000000 ) ;
#518 = ORIENTED_EDGE ( 'NONE', *, *, #1048, .T. ) ;
#519 = VECTOR ( 'NONE', #1170, 1000.000000000000227 ) ;
#520 = VECTOR ( 'NONE', #1745, 1000.000000000000000 ) ;
#521 = APPROVAL_ROLE ( '' ) ;
#522 = VECTOR ( 'NONE', #735, 1000.000000000000114 ) ;
#523 = ORIENTED_EDGE ( 'NONE', *, *, #1488, .T. ) ;
#524 = CIRCLE ( 'NONE', #2866, 2.000000000000001776 ) ;
#525 = VECTOR ( 'NONE', #3191, 1000.000000000000114 ) ;
#526 = ORIENTED_EDGE ( 'NONE', *, *, #2287, .T. ) ;
#527 = DIRECTION ( 'NONE',  ( -0.4999999999999996669, 0.8660254037844388186, 0.000000000000000000 ) ) ;
#528 = EDGE_CURVE ( 'NONE', #715, #3123, #211, .T. ) ;
#529 = LINE ( 'NONE', #2319, #3353 ) ;
#530 = CIRCLE ( 'NONE', #3358, 2.000000000000000000 ) ;
#531 = AXIS2_PLACEMENT_3D ( 'NONE', #3170, #2974, #2674 ) ;
#532 = DIRECTION ( 'NONE',  ( 0.000000000000000000, -0.000000000000000000, 1.000000000000000000 ) ) ;
#533 = AXIS2_PLACEMENT_3D ( 'NONE', #3230, #102, #116 ) ;
#534 = FACE_BOUND ( 'NONE', #478, .T. ) ;
#535 = ADVANCED_FACE ( 'NONE', ( #2506 ), #3275, .F. ) ;
#536 = CARTESIAN_POINT ( 'NONE',  ( -22.97927405783630306, -11.50000000000000355, 5.599999999999999645 ) ) ;
#537 = ADVANCED_FACE ( 'NONE', ( #141 ), #1247, .F. ) ;
#538 = CARTESIAN_POINT ( 'NONE',  ( -23.00000000000000000, 15.00000000000000000, 5.600000000000000533 ) ) ;
#539 = LINE ( 'NONE', #552, #44 ) ;
#540 = ORIENTED_EDGE ( 'NONE', *, *, #2556, .F. ) ;
#541 = ORIENTED_EDGE ( 'NONE', *, *, #659, .F. ) ;
#542 = ORIENTED_EDGE ( 'NONE', *, *, #866, .T. ) ;
#543 = ORIENTED_EDGE ( 'NONE', *, *, #2030, .F. ) ;
#544 = DIRECTION ( 'NONE',  ( -0.000000000000000000, -0.000000000000000000, 1.000000000000000000 ) ) ;
#545 = CARTESIAN_POINT ( 'NONE',  ( 17.02072594216369339, 21.50000000000000000, 12.00000000000000000 ) ) ;
#546 = FACE_BOUND ( 'NONE', #3333, .T. ) ;
#547 = CARTESIAN_POINT ( 'NONE',  ( -27.02072594216368984, 11.50000000000000178, 5.599999999999999645 ) ) ;
#548 = CYLINDRICAL_SURFACE ( 'NONE', #1117, 2.000000000000001776 ) ;
#549 = EDGE_CURVE ( 'NONE', #1459, #2567, #428, .T. ) ;
#550 = CARTESIAN_POINT ( 'NONE',  ( 22.97927405783629951, 18.50000000000001776, 12.00000000000000000 ) ) ;
#551 = EDGE_CURVE ( 'NONE', #594, #419, #2219, .T. ) ;
#552 = CARTESIAN_POINT ( 'NONE',  ( -16.99999999999999289, -19.00000000000000000, -6.000000000000001776 ) ) ;
#553 = ORIENTED_EDGE ( 'NONE', *, *, #3257, .F. ) ;
#554 = VERTEX_POINT ( 'NONE', #409 ) ;
#555 = CARTESIAN_POINT ( 'NONE',  ( 22.50000000000000711, -58.00000000000000000, 0.000000000000000000 ) ) ;
#556 = PERSON_AND_ORGANIZATION_ROLE ( 'creator' ) ;
#557 = VERTEX_POINT ( 'NONE', #682 ) ;
#558 = VERTEX_POINT ( 'NONE', #2762 ) ;
#559 = CARTESIAN_POINT ( 'NONE',  ( 15.00000000000000355, -19.00000000000000355, -6.000000000000001776 ) ) ;
#560 = CARTESIAN_POINT ( 'NONE',  ( 0.000000000000000000, 0.000000000000000000, 9.000000000000001776 ) ) ;
#561 = DIRECTION ( 'NONE',  ( -1.000000000000000000, 0.000000000000000000, 0.000000000000000000 ) ) ;
#562 = ORIENTED_EDGE ( 'NONE', *, *, #676, .T. ) ;
#563 = CARTESIAN_POINT ( 'NONE',  ( 0.000000000000000000, 0.000000000000000000, 12.00000000000000000 ) ) ;
#564 = LINE ( 'NONE', #1328, #1550 ) ;
#565 = CARTESIAN_POINT ( 'NONE',  ( 22.49999999999999289, -26.48195453418441758, 11.66519485363514086 ) ) ;
#566 = CARTESIAN_POINT ( 'NONE',  ( -29.04145188432738323, 15.00000000000000178, 12.00000000000000000 ) ) ;
#567 = ORIENTED_EDGE ( 'NONE', *, *, #405, .F. ) ;
#568 = EDGE_CURVE ( 'NONE', #2345, #914, #1610, .T. ) ;
#569 = ORIENTED_EDGE ( 'NONE', *, *, #486, .F. ) ;
#570 = LINE ( 'NONE', #606, #2278 ) ;
#571 = EDGE_CURVE ( 'NONE', #1803, #2601, #754, .T. ) ;
#572 = EDGE_LOOP ( 'NONE', ( #3077, #154, #2528, #2037, #2174, #1522 ) ) ;
#573 = EDGE_CURVE ( 'NONE', #840, #1424, #2813, .T. ) ;
#574 = CIRCLE ( 'NONE', #196, 2.000000000000000000 ) ;
#575 = ORIENTED_EDGE ( 'NONE', *, *, #1133, .T. ) ;
#576 = VECTOR ( 'NONE', #2117, 1000.000000000000114 ) ;
#577 = DIRECTION ( 'NONE',  ( 1.000000000000000000, 0.000000000000000000, 0.000000000000000000 ) ) ;
#578 = EDGE_CURVE ( 'NONE', #2582, #2837, #3082, .T. ) ;
#579 = DIRECTION ( 'NONE',  ( 0.5000000000000001110, -0.8660254037844384856, 0.000000000000000000 ) ) ;
#580 = AXIS2_PLACEMENT_3D ( 'NONE', #2069, #1252, #3345 ) ;
#581 = CIRCLE ( 'NONE', #3193, 21.00000000000000000 ) ;
#582 = CARTESIAN_POINT ( 'NONE',  ( 12.80898483935273191, -17.33238214830159407, 11.89516259207082527 ) ) ;
#583 = ORIENTED_EDGE ( 'NONE', *, *, #842, .T. ) ;
#584 = LINE ( 'NONE', #1581, #1451 ) ;
#585 = DIRECTION ( 'NONE',  ( -0.000000000000000000, -0.000000000000000000, 1.000000000000000000 ) ) ;
#586 = AXIS2_PLACEMENT_3D ( 'NONE', #2001, #3331, #1782 ) ;
#587 = VECTOR ( 'NONE', #292, 1000.000000000000000 ) ;
#588 = PLANE ( 'NONE',  #472 ) ;
#589 = FACE_OUTER_BOUND ( 'NONE', #502, .T. ) ;
#590 = CARTESIAN_POINT ( 'NONE',  ( -12.97927405783631194, 21.49999999999999289, 12.00000000000000000 ) ) ;
#591 = CIRCLE ( 'NONE', #2220, 1.999999999999998224 ) ;
#592 = ORIENTED_EDGE ( 'NONE', *, *, #2492, .F. ) ;
#593 = DIRECTION ( 'NONE',  ( 0.000000000000000000, 1.000000000000000000, 0.000000000000000000 ) ) ;
#594 = VERTEX_POINT ( 'NONE', #227 ) ;
#595 = EDGE_CURVE ( 'NONE', #2985, #2638, #3339, .T. ) ;
#596 = DIRECTION ( 'NONE',  ( 1.000000000000000000, 0.000000000000000000, 0.000000000000000000 ) ) ;
#597 = CARTESIAN_POINT ( 'NONE',  ( 27.02072594216370049, -18.50000000000000000, 12.00000000000000000 ) ) ;
#598 = CARTESIAN_POINT ( 'NONE',  ( -25.00000000000000000, 15.00000000000000000, 5.600000000000000533 ) ) ;
#599 = EDGE_LOOP ( 'NONE', ( #3004, #1852, #1875, #2366 ) ) ;
#600 = CARTESIAN_POINT ( 'NONE',  ( 25.00000000000000000, 14.99999999999999822, 0.000000000000000000 ) ) ;
#601 = DIRECTION ( 'NONE',  ( -0.4999999999999997224, 0.8660254037844388186, 0.000000000000000000 ) ) ;
#602 = CARTESIAN_POINT ( 'NONE',  ( 22.97927405783629951, 11.49999999999998579, 5.599999999999999645 ) ) ;
#603 = CYLINDRICAL_SURFACE ( 'NONE', #1014, 2.000000000000000000 ) ;
#604 = CARTESIAN_POINT ( 'NONE',  ( -19.50000000000000000, -26.80951323690903010, 2.999999999999999112 ) ) ;
#605 = ORIENTED_EDGE ( 'NONE', *, *, #3089, .T. ) ;
#606 = CARTESIAN_POINT ( 'NONE',  ( 29.04145188432738678, -14.99999999999999645, 12.00000000000000000 ) ) ;
#607 = ORIENTED_EDGE ( 'NONE', *, *, #1779, .F. ) ;
#608 = CARTESIAN_POINT ( 'NONE',  ( 11.00000000000000355, 0.000000000000000000, 11.00000000000000000 ) ) ;
#609 = CARTESIAN_POINT ( 'NONE',  ( -19.49999999999999645, -54.99999999999998579, 2.999999999999999112 ) ) ;
#610 = CARTESIAN_POINT ( 'NONE',  ( 27.02072594216369694, 11.49999999999998579, 5.599999999999999645 ) ) ;
#611 = ORIENTED_EDGE ( 'NONE', *, *, #1403, .F. ) ;
#612 = CARTESIAN_POINT ( 'NONE',  ( 13.00000000000000533, -19.00000000000000355, 2.000000000000000000 ) ) ;
#613 = FACE_OUTER_BOUND ( 'NONE', #1082, .T. ) ;
#614 = LINE ( 'NONE', #921, #1781 ) ;
#615 = DIRECTION ( 'NONE',  ( 1.000000000000000000, 0.000000000000000000, 0.000000000000000000 ) ) ;
#616 = ORIENTED_EDGE ( 'NONE', *, *, #2362, .F. ) ;
#617 = ADVANCED_FACE ( 'NONE', ( #5 ), #480, .F. ) ;
#618 = ORIENTED_EDGE ( 'NONE', *, *, #19, .F. ) ;
#619 = DIRECTION ( 'NONE',  ( -0.000000000000000000, 0.000000000000000000, -1.000000000000000000 ) ) ;
#620 = VECTOR ( 'NONE', #2367, 1000.000000000000000 ) ;
#621 = ORIENTED_EDGE ( 'NONE', *, *, #944, .T. ) ;
#622 = DIRECTION ( 'NONE',  ( -0.000000000000000000, -0.000000000000000000, 1.000000000000000000 ) ) ;
#623 = LINE ( 'NONE', #2907, #903 ) ;
#624 = VECTOR ( 'NONE', #329, 1000.000000000000000 ) ;
#625 = AXIS2_PLACEMENT_3D ( 'NONE', #1631, #622, #323 ) ;
#626 = VECTOR ( 'NONE', #3118, 1000.000000000000114 ) ;
#627 = EDGE_CURVE ( 'NONE', #2516, #3368, #255, .T. ) ;
#628 = DIRECTION ( 'NONE',  ( 0.000000000000000000, -0.000000000000000000, 1.000000000000000000 ) ) ;
#629 = ORIENTED_EDGE ( 'NONE', *, *, #2443, .F. ) ;
#630 = FACE_OUTER_BOUND ( 'NONE', #1384, .T. ) ;
#631 = CARTESIAN_POINT ( 'NONE',  ( 12.97927405783631016, 21.50000000000000000, 5.599999999999999645 ) ) ;
#632 = CIRCLE ( 'NONE', #1287, 2.749999999999999112 ) ;
#633 = LINE ( 'NONE', #1148, #960 ) ;
#634 = AXIS2_PLACEMENT_3D ( 'NONE', #808, #77, #1301 ) ;
#635 = CIRCLE ( 'NONE', #3140, 12.00000000000000178 ) ;
#636 = DIRECTION ( 'NONE',  ( -0.000000000000000000, -0.000000000000000000, 1.000000000000000000 ) ) ;
#637 = VERTEX_POINT ( 'NONE', #1036 ) ;
#638 = EDGE_CURVE ( 'NONE', #3144, #3093, #276, .T. ) ;
#639 = EDGE_LOOP ( 'NONE', ( #2515, #2558 ) ) ;
#640 = AXIS2_PLACEMENT_3D ( 'NONE', #2114, #2340, #3154 ) ;
#641 = EDGE_CURVE ( 'NONE', #1303, #3181, #3063, .T. ) ;
#642 = DIRECTION ( 'NONE',  ( 0.000000000000000000, 0.000000000000000000, 1.000000000000000000 ) ) ;
#643 = EDGE_LOOP ( 'NONE', ( #2742, #2706 ) ) ;
#644 = CIRCLE ( 'NONE', #481, 1.999999999999998224 ) ;
#645 = ORIENTED_EDGE ( 'NONE', *, *, #1243, .T. ) ;
#646 = LINE ( 'NONE', #1370, #2264 ) ;
#647 = LINE ( 'NONE', #377, #1290 ) ;
#648 = VERTEX_POINT ( 'NONE', #545 ) ;
#649 = DIRECTION ( 'NONE',  ( 1.000000000000000000, 0.000000000000000000, 0.000000000000000000 ) ) ;
#650 = PLANE ( 'NONE',  #1829 ) ;
#651 = CARTESIAN_POINT ( 'NONE',  ( 0.000000000000000000, 0.000000000000000000, 4.999999999999996447 ) ) ;
#652 = CARTESIAN_POINT ( 'NONE',  ( -13.00000000000000355, 24.99999999999999289, -6.000000000000001776 ) ) ;
#653 = ORIENTED_EDGE ( 'NONE', *, *, #1030, .T. ) ;
#654 = B_SPLINE_CURVE_WITH_KNOTS ( 'NONE', 3,
 ( #978, #3160, #268, #2913, #2082, #565, #247, #2358, #1569, #9, #2119, #1093 ),
 .UNSPECIFIED., .F., .F.,
 ( 4, 2, 2, 2, 2, 4 ),
 ( 0.000000000000000000, 0.0004560781088765654846, 0.0006841171633148454079, 0.0009121562177531254397, 0.001368234326629685395, 0.001824312435506245242 ),
 .UNSPECIFIED. ) ;
#655 = EDGE_CURVE ( 'NONE', #2811, #3, #2427, .T. ) ;
#656 = VERTEX_POINT ( 'NONE', #800 ) ;
#657 = CARTESIAN_POINT ( 'NONE',  ( 25.00000000000000711, -15.00000000000000000, 5.600000000000000533 ) ) ;
#658 = ORIENTED_EDGE ( 'NONE', *, *, #1760, .F. ) ;
#659 = EDGE_CURVE ( 'NONE', #109, #2722, #1232, .T. ) ;
#660 = ORIENTED_EDGE ( 'NONE', *, *, #2570, .T. ) ;
#661 = CARTESIAN_POINT ( 'NONE',  ( 0.000000000000000000, 0.000000000000000000, 11.00000000000000000 ) ) ;
#662 = ORIENTED_EDGE ( 'NONE', *, *, #1760, .T. ) ;
#663 = LINE ( 'NONE', #3286, #1621 ) ;
#664 = ORIENTED_EDGE ( 'NONE', *, *, #2024, .F. ) ;
#665 = DIRECTION ( 'NONE',  ( 1.000000000000000000, 0.000000000000000000, 0.000000000000000000 ) ) ;
#666 = DIRECTION ( 'NONE',  ( 0.8660254037844389297, -0.4999999999999996114, 0.000000000000000000 ) ) ;
#667 = LINE ( 'NONE', #1229, #1730 ) ;
#668 = LINE ( 'NONE', #3228, #1181 ) ;
#669 = DIRECTION ( 'NONE',  ( -0.000000000000000000, -0.000000000000000000, 1.000000000000000000 ) ) ;
#670 = ORIENTED_EDGE ( 'NONE', *, *, #1543, .F. ) ;
#671 = EDGE_CURVE ( 'NONE', #860, #2345, #1778, .T. ) ;
#672 = DIRECTION ( 'NONE',  ( 1.000000000000000000, 0.000000000000000000, 0.000000000000000000 ) ) ;
#673 = VERTEX_POINT ( 'NONE', #2304 ) ;
#674 = ORIENTED_EDGE ( 'NONE', *, *, #134, .T. ) ;
#675 = DIRECTION ( 'NONE',  ( -4.449365575222965782E-16, 1.000000000000000000, -0.000000000000000000 ) ) ;
#676 = EDGE_CURVE ( 'NONE', #3181, #2638, #1004, .T. ) ;
#677 = ORIENTED_EDGE ( 'NONE', *, *, #1880, .F. ) ;
#678 = EDGE_CURVE ( 'NONE', #3123, #749, #529, .T. ) ;
#679 = FACE_OUTER_BOUND ( 'NONE', #2721, .T. ) ;
#680 = VERTEX_POINT ( 'NONE', #2624 ) ;
#681 = CARTESIAN_POINT ( 'NONE',  ( 0.000000000000000000, 0.000000000000000000, 0.000000000000000000 ) ) ;
#682 = CARTESIAN_POINT ( 'NONE',  ( -12.00000000000000178, 1.469576158976824144E-15, 9.000000000000001776 ) ) ;
#683 = CIRCLE ( 'NONE', #1171, 2.000000000000001776 ) ;
#684 = CIRCLE ( 'NONE', #1389, 2.000000000000000000 ) ;
#685 = DIRECTION ( 'NONE',  ( 1.000000000000000000, 0.000000000000000000, 0.000000000000000000 ) ) ;
#686 = CARTESIAN_POINT ( 'NONE',  ( 15.00000000000000000, 24.99999999999999645, 5.600000000000000533 ) ) ;
#687 = LINE ( 'NONE', #3315, #1985 ) ;
#688 = AXIS2_PLACEMENT_3D ( 'NONE', #3226, #3212, #885 ) ;
#689 = VECTOR ( 'NONE', #1094, 1000.000000000000114 ) ;
#690 = AXIS2_PLACEMENT_3D ( 'NONE', #1972, #1226, #1428 ) ;
#691 = PLANE ( 'NONE',  #586 ) ;
#692 = CARTESIAN_POINT ( 'NONE',  ( -22.50000000000000000, -26.22980632425062808, 11.83983067771952413 ) ) ;
#693 = ORIENTED_EDGE ( 'NONE', *, *, #2575, .F. ) ;
#694 = AXIS2_PLACEMENT_3D ( 'NONE', #2066, #2116, #833 ) ;
#695 = AXIS2_PLACEMENT_3D ( 'NONE', #3295, #500, #711 ) ;
#696 = EDGE_LOOP ( 'NONE', ( #2062, #340, #943, #2984, #64, #941 ) ) ;
#697 = VECTOR ( 'NONE', #738, 1000.000000000000000 ) ;
#698 = LINE ( 'NONE', #2789, #2098 ) ;
#699 = EDGE_LOOP ( 'NONE', ( #1968, #2300, #2460, #221 ) ) ;
#700 = AXIS2_PLACEMENT_3D ( 'NONE', #657, #619, #2720 ) ;
#701 = EDGE_CURVE ( 'NONE', #3268, #1504, #3357, .T. ) ;
#702 = CC_DESIGN_DATE_AND_TIME_ASSIGNMENT ( #1318, #1559, ( #2259 ) ) ;
#703 = CARTESIAN_POINT ( 'NONE',  ( -17.02072594216368984, 28.49999999999999289, 5.599999999999999645 ) ) ;
#704 = ORIENTED_EDGE ( 'NONE', *, *, #1736, .F. ) ;
#705 = CARTESIAN_POINT ( 'NONE',  ( -7.000000000000000000, 0.000000000000000000, 4.999999999999996447 ) ) ;
#706 = DIRECTION ( 'NONE',  ( -1.000000000000000000, -0.000000000000000000, -0.000000000000000000 ) ) ;
#707 = EDGE_CURVE ( 'NONE', #2996, #2582, #2092, .T. ) ;
#708 = DIRECTION ( 'NONE',  ( 0.000000000000000000, 0.000000000000000000, 1.000000000000000000 ) ) ;
#709 = CARTESIAN_POINT ( 'NONE',  ( -13.52052408270410133, -16.67779401892961744, 11.84805292845025804 ) ) ;
#710 = LINE ( 'NONE', #195, #520 ) ;
#711 = DIRECTION ( 'NONE',  ( 1.000000000000000000, 0.000000000000000000, 0.000000000000000000 ) ) ;
#712 = CARTESIAN_POINT ( 'NONE',  ( 29.04145188432738678, 14.99999999999999289, 5.599999999999999645 ) ) ;
#713 = VERTEX_POINT ( 'NONE', #783 ) ;
#714 = ORIENTED_EDGE ( 'NONE', *, *, #842, .F. ) ;
#715 = VERTEX_POINT ( 'NONE', #2064 ) ;
#716 = DIRECTION ( 'NONE',  ( 1.000000000000000000, 0.000000000000000000, 0.000000000000000000 ) ) ;
#717 = ORIENTED_EDGE ( 'NONE', *, *, #1078, .T. ) ;
#718 = DIRECTION ( 'NONE',  ( -0.000000000000000000, -0.000000000000000000, 1.000000000000000000 ) ) ;
#719 = CARTESIAN_POINT ( 'NONE',  ( 25.00000000000000000, 14.99999999999999822, -6.000000000000001776 ) ) ;
#720 = CARTESIAN_POINT ( 'NONE',  ( 20.95854811567261677, -14.99999999999999467, 5.599999999999999645 ) ) ;
#721 = CARTESIAN_POINT ( 'NONE',  ( -12.80937978730081106, -17.33185450519406956, 11.89506787172552826 ) ) ;
#722 = EDGE_CURVE ( 'NONE', #1899, #1331, #1882, .T. ) ;
#723 = CYLINDRICAL_SURFACE ( 'NONE', #147, 21.00000000000000000 ) ;
#724 = EDGE_CURVE ( 'NONE', #1524, #1361, #2844, .T. ) ;
#725 = LINE ( 'NONE', #2564, #45 ) ;
#726 = CARTESIAN_POINT ( 'NONE',  ( 12.97927405783630839, 28.49999999999999645, 12.00000000000000000 ) ) ;
#727 = ADVANCED_FACE ( 'NONE', ( #2339, #37 ), #1120, .T. ) ;
#728 = ORIENTED_EDGE ( 'NONE', *, *, #2012, .F. ) ;
#729 = EDGE_LOOP ( 'NONE', ( #3045, #1338, #2918, #728 ) ) ;
#730 = CARTESIAN_POINT ( 'NONE',  ( -19.50000000000000000, -26.80951323690903010, 2.999999999999999112 ) ) ;
#731 = ORIENTED_EDGE ( 'NONE', *, *, #2180, .F. ) ;
#732 = DIRECTION ( 'NONE',  ( 0.000000000000000000, -1.000000000000000000, 0.000000000000000000 ) ) ;
#733 = VERTEX_POINT ( 'NONE', #120 ) ;
#734 = PLANE ( 'NONE',  #462 ) ;
#735 = DIRECTION ( 'NONE',  ( -0.5000000000000001110, -0.8660254037844385966, 0.000000000000000000 ) ) ;
#736 = AXIS2_PLACEMENT_3D ( 'NONE', #83, #1666, #389 ) ;
#737 = EDGE_CURVE ( 'NONE', #1737, #1331, #2100, .T. ) ;
#738 = DIRECTION ( 'NONE',  ( -0.000000000000000000, -0.000000000000000000, 1.000000000000000000 ) ) ;
#739 = CARTESIAN_POINT ( 'NONE',  ( -12.46329212144046572, -17.92914835241680294, 11.98873826524753738 ) ) ;
#740 = CARTESIAN_POINT ( 'NONE',  ( 27.02072594216369339, -11.49999999999998579, 5.599999999999999645 ) ) ;
#741 = CARTESIAN_POINT ( 'NONE',  ( -22.97927405783630306, -18.49999999999999645, 5.599999999999999645 ) ) ;
#742 = AXIS2_PLACEMENT_3D ( 'NONE', #604, #1416, #1164 ) ;
#743 = CARTESIAN_POINT ( 'NONE',  ( 27.00000000000001066, -15.00000000000000000, 0.000000000000000000 ) ) ;
#744 = ORIENTED_EDGE ( 'NONE', *, *, #2181, .F. ) ;
#745 = ORIENTED_EDGE ( 'NONE', *, *, #1072, .F. ) ;
#746 = VECTOR ( 'NONE', #69, 1000.000000000000000 ) ;
#747 = EDGE_CURVE ( 'NONE', #557, #673, #2536, .T. ) ;
#748 = VECTOR ( 'NONE', #2693, 1000.000000000000000 ) ;
#749 = VERTEX_POINT ( 'NONE', #609 ) ;
#750 = AXIS2_PLACEMENT_3D ( 'NONE', #898, #339, #2688 ) ;
#751 = DIRECTION ( 'NONE',  ( -1.000000000000000000, 0.000000000000000000, 0.000000000000000000 ) ) ;
#752 = ORIENTED_EDGE ( 'NONE', *, *, #2447, .F. ) ;
#753 = DIRECTION ( 'NONE',  ( -0.8660254037844387076, -0.5000000000000001110, 0.000000000000000000 ) ) ;
#754 = LINE ( 'NONE', #2560, #2211 ) ;
#755 = AXIS2_PLACEMENT_3D ( 'NONE', #399, #1433, #2770 ) ;
#756 = CARTESIAN_POINT ( 'NONE',  ( -22.97927405783631372, 18.49999999999999645, 5.599999999999999645 ) ) ;
#757 = CARTESIAN_POINT ( 'NONE',  ( 12.50000000000000000, -35.50000000000000711, 0.000000000000000000 ) ) ;
#758 = CYLINDRICAL_SURFACE ( 'NONE', #3190, 12.50000000000000000 ) ;
#759 = DIRECTION ( 'NONE',  ( 1.000000000000000000, 0.000000000000000000, 0.000000000000000000 ) ) ;
#760 = CARTESIAN_POINT ( 'NONE',  ( -20.95854811567261322, -15.00000000000000000, 5.599999999999999645 ) ) ;
#761 = ORIENTED_EDGE ( 'NONE', *, *, #134, .F. ) ;
#762 = EDGE_CURVE ( 'NONE', #3306, #3237, #1648, .T. ) ;
#763 = EDGE_LOOP ( 'NONE', ( #2437, #1367, #2735, #3325 ) ) ;
#764 = PERSON_AND_ORGANIZATION ( #1601, #137 ) ;
#765 = EDGE_LOOP ( 'NONE', ( #2485, #2650 ) ) ;
#766 = DIRECTION ( 'NONE',  ( -0.4999999999999998890, 0.8660254037844387076, 0.000000000000000000 ) ) ;
#767 = VERTEX_POINT ( 'NONE', #2640 ) ;
#768 = CARTESIAN_POINT ( 'NONE',  ( -12.97927405783631016, 28.49999999999999289, 12.00000000000000000 ) ) ;
#769 = DIRECTION ( 'NONE',  ( 2.224682787611483384E-16, -1.000000000000000000, 0.000000000000000000 ) ) ;
#770 = CARTESIAN_POINT ( 'NONE',  ( -15.00000000000000355, 24.99999999999999289, 0.000000000000000000 ) ) ;
#771 = CARTESIAN_POINT ( 'NONE',  ( 17.02072594216369339, 21.50000000000000000, 5.599999999999999645 ) ) ;
#772 = FACE_OUTER_BOUND ( 'NONE', #3229, .T. ) ;
#773 = DIRECTION ( 'NONE',  ( -0.4999999999999995559, -0.8660254037844388186, 0.000000000000000000 ) ) ;
#774 = CARTESIAN_POINT ( 'NONE',  ( 27.02072594216370049, -18.50000000000000000, 5.599999999999999645 ) ) ;
#775 = ORIENTED_EDGE ( 'NONE', *, *, #2305, .T. ) ;
#776 = ORIENTED_EDGE ( 'NONE', *, *, #2784, .F. ) ;
#777 = PERSON_AND_ORGANIZATION ( #1601, #137 ) ;
#778 = ORIENTED_EDGE ( 'NONE', *, *, #2133, .F. ) ;
#779 = EDGE_CURVE ( 'NONE', #2636, #1751, #1342, .T. ) ;
#780 = EDGE_CURVE ( 'NONE', #206, #996, #623, .T. ) ;
#781 = ORIENTED_EDGE ( 'NONE', *, *, #3197, .T. ) ;
#782 = DIRECTION ( 'NONE',  ( -0.8660254037844387076, -0.4999999999999998335, 0.000000000000000000 ) ) ;
#783 = CARTESIAN_POINT ( 'NONE',  ( 22.97927405783629951, 18.50000000000001776, 5.599999999999999645 ) ) ;
#784 = CARTESIAN_POINT ( 'NONE',  ( 29.04145188432738678, 14.99999999999999289, 12.00000000000000000 ) ) ;
#785 = VECTOR ( 'NONE', #1220, 1000.000000000000000 ) ;
#786 = DIRECTION ( 'NONE',  ( 0.000000000000000000, 0.000000000000000000, 1.000000000000000000 ) ) ;
#787 = DIRECTION ( 'NONE',  ( -0.000000000000000000, -0.000000000000000000, 1.000000000000000000 ) ) ;
#788 = FACE_BOUND ( 'NONE', #1019, .T. ) ;
#789 = CARTESIAN_POINT ( 'NONE',  ( -19.50000000000000000, -26.80951323690903010, 2.999999999999999112 ) ) ;
#790 = VERTEX_POINT ( 'NONE', #597 ) ;
#791 = CIRCLE ( 'NONE', #1224, 2.000000000000001776 ) ;
#792 = EDGE_LOOP ( 'NONE', ( #1457, #1511, #2384, #2361 ) ) ;
#793 = AXIS2_PLACEMENT_3D ( 'NONE', #3221, #2450, #2926 ) ;
#794 = AXIS2_PLACEMENT_3D ( 'NONE', #1410, #3183, #2452 ) ;
#795 = ORIENTED_EDGE ( 'NONE', *, *, #1877, .F. ) ;
#796 = VECTOR ( 'NONE', #2767, 1000.000000000000000 ) ;
#797 = VECTOR ( 'NONE', #2932, 1000.000000000000000 ) ;
#798 = ORIENTED_EDGE ( 'NONE', *, *, #2387, .F. ) ;
#799 = LINE ( 'NONE', #508, #2424 ) ;
#800 = CARTESIAN_POINT ( 'NONE',  ( 7.500000000000000000, 9.184850993605147944E-16, 4.999999999999996447 ) ) ;
#801 = EDGE_CURVE ( 'NONE', #1693, #407, #2659, .T. ) ;
#802 = AXIS2_PLACEMENT_3D ( 'NONE', #445, #3034, #1466 ) ;
#803 = CARTESIAN_POINT ( 'NONE',  ( -27.00000000000000355, 15.00000000000000000, 5.600000000000000533 ) ) ;
#804 = AXIS2_PLACEMENT_3D ( 'NONE', #1193, #985, #1769 ) ;
#805 = DIRECTION ( 'NONE',  ( 1.000000000000000000, 0.000000000000000000, 0.000000000000000000 ) ) ;
#806 = FACE_OUTER_BOUND ( 'NONE', #2009, .T. ) ;
#807 = FACE_BOUND ( 'NONE', #133, .T. ) ;
#808 = CARTESIAN_POINT ( 'NONE',  ( 0.000000000000000000, 0.000000000000000000, 5.599999999999999645 ) ) ;
#809 = ORIENTED_EDGE ( 'NONE', *, *, #1179, .F. ) ;
#810 = VERTEX_POINT ( 'NONE', #2686 ) ;
#811 = APPROVAL_STATUS ( 'not_yet_approved' ) ;
#812 = ORIENTED_EDGE ( 'NONE', *, *, #2467, .T. ) ;
#813 = ORIENTED_EDGE ( 'NONE', *, *, #267, .T. ) ;
#814 = DIRECTION ( 'NONE',  ( 0.000000000000000000, 0.000000000000000000, -1.000000000000000000 ) ) ;
#815 = DIRECTION ( 'NONE',  ( 1.000000000000000000, 0.000000000000000000, 0.000000000000000000 ) ) ;
#816 = EDGE_CURVE ( 'NONE', #2874, #148, #2141, .T. ) ;
#817 = CARTESIAN_POINT ( 'NONE',  ( -10.95854811567261855, 24.99999999999999289, 5.599999999999999645 ) ) ;
#818 = ORIENTED_EDGE ( 'NONE', *, *, #182, .F. ) ;
#819 = DIRECTION ( 'NONE',  ( -0.5000000000000002220, -0.8660254037844384856, 0.000000000000000000 ) ) ;
#820 = ADVANCED_FACE ( 'NONE', ( #1854, #879 ), #2112, .T. ) ;
#821 = LINE ( 'NONE', #550, #2595 ) ;
#822 = FACE_BOUND ( 'NONE', #2135, .T. ) ;
#823 = ORIENTED_EDGE ( 'NONE', *, *, #3179, .T. ) ;
#824 = EDGE_CURVE ( 'NONE', #1319, #2054, #1617, .T. ) ;
#825 = ORIENTED_EDGE ( 'NONE', *, *, #2158, .T. ) ;
#826 = DIRECTION ( 'NONE',  ( -0.000000000000000000, 0.000000000000000000, -1.000000000000000000 ) ) ;
#827 = VERTEX_POINT ( 'NONE', #3153 ) ;
#828 = ORIENTED_EDGE ( 'NONE', *, *, #3266, .T. ) ;
#829 = CARTESIAN_POINT ( 'NONE',  ( 22.97927405783631372, -11.49999999999998579, 12.00000000000000000 ) ) ;
#830 = DIRECTION ( 'NONE',  ( 0.000000000000000000, 0.000000000000000000, 1.000000000000000000 ) ) ;
#831 = CARTESIAN_POINT ( 'NONE',  ( 14.27702448022407289, -16.34313784511082090, 11.95663700364501558 ) ) ;
#832 = EDGE_LOOP ( 'NONE', ( #3024, #328 ) ) ;
#833 = DIRECTION ( 'NONE',  ( 1.000000000000000000, 0.000000000000000000, 0.000000000000000000 ) ) ;
#834 = FACE_OUTER_BOUND ( 'NONE', #1870, .T. ) ;
#835 = EDGE_CURVE ( 'NONE', #2518, #648, #324, .T. ) ;
#836 = PLANE ( 'NONE',  #3022 ) ;
#837 = DIRECTION ( 'NONE',  ( 0.000000000000000000, 0.000000000000000000, 1.000000000000000000 ) ) ;
#838 = ORIENTED_EDGE ( 'NONE', *, *, #970, .T. ) ;
#839 = EDGE_CURVE ( 'NONE', #2890, #11, #260, .T. ) ;
#840 = VERTEX_POINT ( 'NONE', #2709 ) ;
#841 = CARTESIAN_POINT ( 'NONE',  ( -12.97927405783631194, 21.49999999999999289, 12.00000000000000000 ) ) ;
#842 = EDGE_CURVE ( 'NONE', #2060, #132, #906, .T. ) ;
#843 = ORIENTED_EDGE ( 'NONE', *, *, #2879, .T. ) ;
#844 = CIRCLE ( 'NONE', #1059, 2.000000000000001776 ) ;
#845 = AXIS2_PLACEMENT_3D ( 'NONE', #1568, #2081, #2612 ) ;
#846 = CARTESIAN_POINT ( 'NONE',  ( -25.00000000000000000, 15.00000000000000000, 0.000000000000000000 ) ) ;
#847 = CARTESIAN_POINT ( 'NONE',  ( 19.04145188432738323, 24.99999999999999645, 5.599999999999999645 ) ) ;
#848 = VECTOR ( 'NONE', #183, 1000.000000000000000 ) ;
#849 = CIRCLE ( 'NONE', #690, 2.000000000000001776 ) ;
#850 = CARTESIAN_POINT ( 'NONE',  ( 14.14335650462032135, -16.38319121257375954, 11.93551560976202630 ) ) ;
#851 = ORIENTED_EDGE ( 'NONE', *, *, #993, .F. ) ;
#852 = CARTESIAN_POINT ( 'NONE',  ( 0.000000000000000000, 0.000000000000000000, 11.00000000000000000 ) ) ;
#853 = DIRECTION ( 'NONE',  ( 1.000000000000000000, 0.000000000000000000, 0.000000000000000000 ) ) ;
#854 = VECTOR ( 'NONE', #1263, 1000.000000000000000 ) ;
#855 = VECTOR ( 'NONE', #181, 1000.000000000000000 ) ;
#856 = DIRECTION ( 'NONE',  ( -0.000000000000000000, -0.000000000000000000, -1.000000000000000000 ) ) ;
#857 = LINE ( 'NONE', #345, #2651 ) ;
#858 = FACE_OUTER_BOUND ( 'NONE', #2750, .T. ) ;
#859 = CIRCLE ( 'NONE', #158, 2.749999999999997335 ) ;
#860 = VERTEX_POINT ( 'NONE', #3169 ) ;
#861 = DIRECTION ( 'NONE',  ( -1.000000000000000000, 0.000000000000000000, 0.000000000000000000 ) ) ;
#862 = ORIENTED_EDGE ( 'NONE', *, *, #2224, .F. ) ;
#863 = ADVANCED_FACE ( 'NONE', ( #1868 ), #1101, .F. ) ;
#864 = PLANE ( 'NONE',  #2963 ) ;
#865 = ORIENTED_EDGE ( 'NONE', *, *, #1197, .F. ) ;
#866 = EDGE_CURVE ( 'NONE', #2376, #963, #1632, .T. ) ;
#867 = CARTESIAN_POINT ( 'NONE',  ( 13.88580446567868698, -16.48204554857996484, 11.89506787172553537 ) ) ;
#868 = ORIENTED_EDGE ( 'NONE', *, *, #444, .F. ) ;
#869 = CARTESIAN_POINT ( 'NONE',  ( -12.99999999999999645, -19.00000000000000000, 2.000000000000000000 ) ) ;
#870 = DIRECTION ( 'NONE',  ( 1.000000000000000000, 0.000000000000000000, 0.000000000000000000 ) ) ;
#871 = LINE ( 'NONE', #2406, #2815 ) ;
#872 = CARTESIAN_POINT ( 'NONE',  ( -14.99999999999999645, -19.00000000000000000, -6.000000000000001776 ) ) ;
#873 = DIRECTION ( 'NONE',  ( 0.4999999999999999445, 0.8660254037844385966, 0.000000000000000000 ) ) ;
#874 = ORIENTED_EDGE ( 'NONE', *, *, #2507, .T. ) ;
#875 = CARTESIAN_POINT ( 'NONE',  ( 20.95854811567259901, 15.00000000000000000, 12.00000000000000000 ) ) ;
#876 = EDGE_LOOP ( 'NONE', ( #72, #1527, #1340, #1033 ) ) ;
#877 = EDGE_CURVE ( 'NONE', #2682, #648, #1202, .T. ) ;
#878 = CARTESIAN_POINT ( 'NONE',  ( -24.99999999999999645, -15.00000000000000000, 0.000000000000000000 ) ) ;
#879 = FACE_BOUND ( 'NONE', #2751, .T. ) ;
#880 = PRODUCT ( '바디_그라운드', '바디_그라운드', '', ( #2532 ) ) ;
#881 = ADVANCED_FACE ( 'NONE', ( #1502, #1215 ), #691, .T. ) ;
#882 = CARTESIAN_POINT ( 'NONE',  ( 12.41230682002494845, -18.05885921878097733, 12.00000000000000355 ) ) ;
#883 = VERTEX_POINT ( 'NONE', #994 ) ;
#884 = LINE ( 'NONE', #2956, #3185 ) ;
#885 = DIRECTION ( 'NONE',  ( 1.000000000000000000, 0.000000000000000000, 0.000000000000000000 ) ) ;
#886 = EDGE_CURVE ( 'NONE', #1333, #3181, #2279, .T. ) ;
#887 = CARTESIAN_POINT ( 'NONE',  ( 11.00000000000000355, 0.000000000000000000, 12.00000000000000000 ) ) ;
#888 = DIRECTION ( 'NONE',  ( 1.000000000000000000, 0.000000000000000000, 0.000000000000000000 ) ) ;
#889 = EDGE_LOOP ( 'NONE', ( #317, #1471, #798, #1862, #2208, #2409 ) ) ;
#890 = ORIENTED_EDGE ( 'NONE', *, *, #1359, .T. ) ;
#891 = DIRECTION ( 'NONE',  ( -1.000000000000000000, -0.000000000000000000, -0.000000000000000000 ) ) ;
#892 = ORIENTED_EDGE ( 'NONE', *, *, #122, .F. ) ;
#893 = AXIS2_PLACEMENT_3D ( 'NONE', #1750, #453, #220 ) ;
#894 = ORIENTED_EDGE ( 'NONE', *, *, #3369, .T. ) ;
#895 = DIRECTION ( 'NONE',  ( -0.5000000000000001110, -0.8660254037844385966, 0.000000000000000000 ) ) ;
#896 = AXIS2_PLACEMENT_3D ( 'NONE', #852, #1146, #2184 ) ;
#897 = ORIENTED_EDGE ( 'NONE', *, *, #571, .F. ) ;
#898 = CARTESIAN_POINT ( 'NONE',  ( 15.00000000000000355, -19.00000000000000355, 0.000000000000000000 ) ) ;
#899 = ORIENTED_EDGE ( 'NONE', *, *, #2382, .F. ) ;
#900 = FACE_OUTER_BOUND ( 'NONE', #2205, .T. ) ;
#901 = EDGE_CURVE ( 'NONE', #2337, #2173, #725, .T. ) ;
#902 = CARTESIAN_POINT ( 'NONE',  ( 0.000000000000000000, 0.000000000000000000, 12.00000000000000000 ) ) ;
#903 = VECTOR ( 'NONE', #3208, 1000.000000000000000 ) ;
#904 = CARTESIAN_POINT ( 'NONE',  ( 29.04145188432738678, 14.99999999999999289, 12.00000000000000000 ) ) ;
#905 = CIRCLE ( 'NONE', #3352, 35.00000000000000000 ) ;
#906 = CIRCLE ( 'NONE', #1015, 7.500000000000000000 ) ;
#907 = CYLINDRICAL_SURFACE ( 'NONE', #203, 1.999999999999998224 ) ;
#908 = DIRECTION ( 'NONE',  ( -0.000000000000000000, -0.000000000000000000, 1.000000000000000000 ) ) ;
#909 = ORIENTED_EDGE ( 'NONE', *, *, #2492, .T. ) ;
#910 = AXIS2_PLACEMENT_3D ( 'NONE', #1918, #628, #1222 ) ;
#911 = LINE ( 'NONE', #940, #1022 ) ;
#912 = ORIENTED_EDGE ( 'NONE', *, *, #2635, .F. ) ;
#913 = AXIS2_PLACEMENT_3D ( 'NONE', #2759, #1752, #1701 ) ;
#914 = VERTEX_POINT ( 'NONE', #2256 ) ;
#915 = VERTEX_POINT ( 'NONE', #3069 ) ;
#916 = CARTESIAN_POINT ( 'NONE',  ( -27.02072594216368628, -11.50000000000000355, 5.599999999999999645 ) ) ;
#917 = ORIENTED_EDGE ( 'NONE', *, *, #762, .T. ) ;
#918 = CARTESIAN_POINT ( 'NONE',  ( 0.000000000000000000, 0.000000000000000000, 0.000000000000000000 ) ) ;
#919 = CARTESIAN_POINT ( 'NONE',  ( 35.00000000000000000, 4.286263797015736496E-15, 12.00000000000000000 ) ) ;
#920 = EDGE_CURVE ( 'NONE', #2249, #2682, #449, .T. ) ;
#921 = CARTESIAN_POINT ( 'NONE',  ( 12.97927405783631016, 21.50000000000000000, 5.599999999999999645 ) ) ;
#922 = CARTESIAN_POINT ( 'NONE',  ( 34.00000000000000000, 0.000000000000000000, 12.00000000000000000 ) ) ;
#923 = DIRECTION ( 'NONE',  ( 0.000000000000000000, -0.000000000000000000, -1.000000000000000000 ) ) ;
#924 = VERTEX_POINT ( 'NONE', #1731 ) ;
#925 = EDGE_CURVE ( 'NONE', #53, #2085, #1761, .T. ) ;
#926 = DIRECTION ( 'NONE',  ( -0.000000000000000000, -0.000000000000000000, -1.000000000000000000 ) ) ;
#927 = EDGE_LOOP ( 'NONE', ( #1814, #1254 ) ) ;
#928 = ORIENTED_EDGE ( 'NONE', *, *, #737, .T. ) ;
#929 = EDGE_CURVE ( 'NONE', #2772, #3057, #1339, .T. ) ;
#930 = LINE ( 'NONE', #3041, #511 ) ;
#931 = ORIENTED_EDGE ( 'NONE', *, *, #1884, .T. ) ;
#932 = DIRECTION ( 'NONE',  ( -0.4999999999999999445, -0.8660254037844385966, 0.000000000000000000 ) ) ;
#933 = VERTEX_POINT ( 'NONE', #2801 ) ;
#934 = DIRECTION ( 'NONE',  ( -0.000000000000000000, -0.000000000000000000, 1.000000000000000000 ) ) ;
#935 = DIRECTION ( 'NONE',  ( 0.4999999999999995559, 0.8660254037844388186, 0.000000000000000000 ) ) ;
#936 = DIRECTION ( 'NONE',  ( 0.5000000000000004441, -0.8660254037844383745, 0.000000000000000000 ) ) ;
#937 = CARTESIAN_POINT ( 'NONE',  ( -14.54552480520927915, -16.28428956465306143, 11.98859179123471819 ) ) ;
#938 = DIRECTION ( 'NONE',  ( -0.000000000000000000, -0.000000000000000000, -1.000000000000000000 ) ) ;
#939 = DIRECTION ( 'NONE',  ( -1.208557425094843839E-16, 0.9819957637740237555, 0.1889029378539987813 ) ) ;
#940 = CARTESIAN_POINT ( 'NONE',  ( -29.04145188432738323, 15.00000000000000178, 5.599999999999999645 ) ) ;
#941 = ORIENTED_EDGE ( 'NONE', *, *, #448, .T. ) ;
#942 = EDGE_CURVE ( 'NONE', #715, #1431, #3359, .T. ) ;
#943 = ORIENTED_EDGE ( 'NONE', *, *, #2596, .T. ) ;
#944 = EDGE_CURVE ( 'NONE', #883, #1424, #1886, .T. ) ;
#945 = CIRCLE ( 'NONE', #86, 1.000000000000000888 ) ;
#946 = EDGE_CURVE ( 'NONE', #2755, #1150, #2214, .T. ) ;
#947 = ORIENTED_EDGE ( 'NONE', *, *, #1139, .T. ) ;
#948 = CARTESIAN_POINT ( 'NONE',  ( -21.00000000000000000, 2.571758278209441661E-15, 11.00000000000000000 ) ) ;
#949 = VERTEX_POINT ( 'NONE', #3344 ) ;
#950 = VECTOR ( 'NONE', #1259, 1000.000000000000000 ) ;
#951 = DIRECTION ( 'NONE',  ( -0.000000000000000000, -0.000000000000000000, 1.000000000000000000 ) ) ;
#952 = LINE ( 'NONE', #443, #1118 ) ;
#953 = AXIS2_PLACEMENT_3D ( 'NONE', #878, #2194, #596 ) ;
#954 = VECTOR ( 'NONE', #908, 1000.000000000000000 ) ;
#955 = CYLINDRICAL_SURFACE ( 'NONE', #2165, 2.000000000000001776 ) ;
#956 = DIRECTION ( 'NONE',  ( -0.000000000000000000, 0.000000000000000000, -1.000000000000000000 ) ) ;
#957 = LINE ( 'NONE', #167, #35 ) ;
#958 = VECTOR ( 'NONE', #1051, 1000.000000000000000 ) ;
#959 = VECTOR ( 'NONE', #636, 1000.000000000000000 ) ;
#960 = VECTOR ( 'NONE', #2421, 1000.000000000000000 ) ;
#961 = CARTESIAN_POINT ( 'NONE',  ( -20.95854811567261322, -15.00000000000000000, 5.599999999999999645 ) ) ;
#962 = CARTESIAN_POINT ( 'NONE',  ( -22.50000000000000355, -25.49019419306177525, 12.00000000000000000 ) ) ;
#963 = VERTEX_POINT ( 'NONE', #1010 ) ;
#964 = B_SPLINE_CURVE_WITH_KNOTS ( 'NONE', 3,
 ( #962, #1798, #1762, #2016, #692, #1028, #466, #436, #2002, #2580 ),
 .UNSPECIFIED., .F., .F.,
 ( 4, 2, 2, 2, 4 ),
 ( 7.152448122690996019E-18, 0.0004553104662323066709, 0.0009106209324646061861, 0.001365931398696905701, 0.001821241864929205216 ),
 .UNSPECIFIED. ) ;
#965 = VECTOR ( 'NONE', #3050, 1000.000000000000000 ) ;
#966 = ORIENTED_EDGE ( 'NONE', *, *, #1141, .F. ) ;
#967 = VECTOR ( 'NONE', #1709, 1000.000000000000000 ) ;
#968 = ORIENTED_EDGE ( 'NONE', *, *, #839, .F. ) ;
#969 = CARTESIAN_POINT ( 'NONE',  ( 8.984733708938763996, -26.80951323690903010, 12.00000000000000000 ) ) ;
#970 = EDGE_CURVE ( 'NONE', #2085, #407, #2052, .T. ) ;
#971 = ORIENTED_EDGE ( 'NONE', *, *, #877, .F. ) ;
#972 = DIRECTION ( 'NONE',  ( 1.000000000000000000, 0.000000000000000000, 0.000000000000000000 ) ) ;
#973 = CARTESIAN_POINT ( 'NONE',  ( 15.00000000000000355, -19.00000000000000355, 12.00000000000000000 ) ) ;
#974 = EDGE_CURVE ( 'NONE', #2054, #1598, #3091, .T. ) ;
#975 = DIRECTION ( 'NONE',  ( 1.000000000000000000, 0.000000000000000000, 0.000000000000000000 ) ) ;
#976 = CARTESIAN_POINT ( 'NONE',  ( 26.50000000000002487, -57.99999999999998579, 6.000000000000000000 ) ) ;
#977 = CARTESIAN_POINT ( 'NONE',  ( -7.000000000000000000, 0.000000000000000000, 12.00000000000000000 ) ) ;
#978 = CARTESIAN_POINT ( 'NONE',  ( 22.49999999999999289, -26.80951323690903010, 11.00000000000000000 ) ) ;
#979 = DIRECTION ( 'NONE',  ( -0.000000000000000000, -0.000000000000000000, -1.000000000000000000 ) ) ;
#980 = ORIENTED_EDGE ( 'NONE', *, *, #3097, .F. ) ;
#981 = EDGE_LOOP ( 'NONE', ( #1387, #2971, #1753, #897 ) ) ;
#982 = PERSON_AND_ORGANIZATION ( #1601, #137 ) ;
#983 = ADVANCED_FACE ( 'NONE', ( #1797 ), #1976, .F. ) ;
#984 = EDGE_LOOP ( 'NONE', ( #3128, #1763, #2191, #3337 ) ) ;
#985 = DIRECTION ( 'NONE',  ( 0.8660254037844385966, 0.5000000000000001110, 0.000000000000000000 ) ) ;
#986 = VERTEX_POINT ( 'NONE', #168 ) ;
#987 = CARTESIAN_POINT ( 'NONE',  ( 0.000000000000000000, 0.000000000000000000, 12.00000000000000000 ) ) ;
#988 = FACE_OUTER_BOUND ( 'NONE', #1806, .T. ) ;
#989 = EDGE_CURVE ( 'NONE', #1102, #2855, #2785, .T. ) ;
#990 = CARTESIAN_POINT ( 'NONE',  ( 25.00000000000000000, 14.99999999999999822, -6.000000000000001776 ) ) ;
#991 = FACE_OUTER_BOUND ( 'NONE', #404, .T. ) ;
#992 = DIRECTION ( 'NONE',  ( -0.000000000000000000, 0.000000000000000000, 1.000000000000000000 ) ) ;
#993 = EDGE_CURVE ( 'NONE', #397, #53, #2769, .T. ) ;
#994 = CARTESIAN_POINT ( 'NONE',  ( 27.00000000000000355, 14.99999999999999822, 5.600000000000000533 ) ) ;
#995 = DIRECTION ( 'NONE',  ( -1.000000000000000000, 0.000000000000000000, 0.000000000000000000 ) ) ;
#996 = VERTEX_POINT ( 'NONE', #1469 ) ;
#997 = EDGE_LOOP ( 'NONE', ( #809, #467, #2804, #1426 ) ) ;
#998 = B_SPLINE_CURVE_WITH_KNOTS ( 'NONE', 3,
 ( #3277, #1249, #739, #1744, #3087, #721, #2293, #229, #3329, #432, #709, #1517, #1998, #2797, #2027, #937, #2509, #2238 ),
 .UNSPECIFIED., .F., .F.,
 ( 4, 2, 2, 2, 2, 2, 2, 2, 4 ),
 ( 0.001800760653023748131, 0.002219826792773200649, 0.002638892932522653601, 0.003057959072272106553, 0.003477025212021559071, 0.003896091351771011589, 0.004315157491520464975, 0.004734223631269917493, 0.005153289771019370011 ),
 .UNSPECIFIED. ) ;
#999 = CALENDAR_DATE ( 2024, 26, 9 ) ;
#1000 = ORIENTED_EDGE ( 'NONE', *, *, #2840, .F. ) ;
#1001 = FACE_OUTER_BOUND ( 'NONE', #309, .T. ) ;
#1002 = ORIENTED_EDGE ( 'NONE', *, *, #886, .F. ) ;
#1003 = CARTESIAN_POINT ( 'NONE',  ( -14.99999999999999645, -19.00000000000000000, 2.000000000000000000 ) ) ;
#1004 = LINE ( 'NONE', #2042, #1933 ) ;
#1005 = EDGE_CURVE ( 'NONE', #1369, #1271, #1235, .T. ) ;
#1006 = FACE_OUTER_BOUND ( 'NONE', #99, .T. ) ;
#1007 = FACE_OUTER_BOUND ( 'NONE', #1153, .T. ) ;
#1008 = CARTESIAN_POINT ( 'NONE',  ( 27.02072594216369694, 11.49999999999998579, 12.00000000000000000 ) ) ;
#1009 = AXIS2_PLACEMENT_3D ( 'NONE', #1160, #1689, #2198 ) ;
#1010 = CARTESIAN_POINT ( 'NONE',  ( 22.97927405783629951, 18.50000000000001776, 12.00000000000000000 ) ) ;
#1011 = CARTESIAN_POINT ( 'NONE',  ( 17.02072594216368984, 28.49999999999999645, 5.599999999999999645 ) ) ;
#1012 = ORIENTED_EDGE ( 'NONE', *, *, #1421, .F. ) ;
#1013 = ORIENTED_EDGE ( 'NONE', *, *, #2995, .T. ) ;
#1014 = AXIS2_PLACEMENT_3D ( 'NONE', #872, #3194, #888 ) ;
#1015 = AXIS2_PLACEMENT_3D ( 'NONE', #1358, #2399, #55 ) ;
#1016 = ORIENTED_EDGE ( 'NONE', *, *, #3112, .T. ) ;
#1017 = AXIS2_PLACEMENT_3D ( 'NONE', #2065, #2591, #3103 ) ;
#1018 = PLANE ( 'NONE',  #1609 ) ;
#1019 = EDGE_LOOP ( 'NONE', ( #289, #67 ) ) ;
#1020 = LINE ( 'NONE', #36, #1388 ) ;
#1021 = CARTESIAN_POINT ( 'NONE',  ( 26.50000000000001776, -26.80951323690902299, 12.00000000000000000 ) ) ;
#1022 = VECTOR ( 'NONE', #1386, 1000.000000000000114 ) ;
#1023 = DIRECTION ( 'NONE',  ( -1.000000000000000000, 0.000000000000000000, 0.000000000000000000 ) ) ;
#1024 = CYLINDRICAL_SURFACE ( 'NONE', #2692, 2.000000000000000000 ) ;
#1025 = PLANE ( 'NONE',  #1442 ) ;
#1026 = EDGE_CURVE ( 'NONE', #2347, #860, #654, .T. ) ;
#1027 = CARTESIAN_POINT ( 'NONE',  ( -27.02072594216368628, -11.50000000000000355, 5.599999999999999645 ) ) ;
#1028 = CARTESIAN_POINT ( 'NONE',  ( -22.50000000000000355, -26.48524422739701834, 11.67142423346995272 ) ) ;
#1029 = ORIENTED_EDGE ( 'NONE', *, *, #2737, .F. ) ;
#1030 = EDGE_CURVE ( 'NONE', #2167, #489, #1067, .T. ) ;
#1031 = EDGE_LOOP ( 'NONE', ( #1702, #1831, #1436, #336, #1662, #271 ) ) ;
#1032 = EDGE_CURVE ( 'NONE', #963, #2020, #821, .T. ) ;
#1033 = ORIENTED_EDGE ( 'NONE', *, *, #2299, .F. ) ;
#1034 = ORIENTED_EDGE ( 'NONE', *, *, #3257, .T. ) ;
#1035 = DIRECTION ( 'NONE',  ( 0.4999999999999998335, -0.8660254037844387076, 0.000000000000000000 ) ) ;
#1036 = CARTESIAN_POINT ( 'NONE',  ( -12.00000000000000178, 1.469576158976824144E-15, 11.00000000000000000 ) ) ;
#1037 = DIRECTION ( 'NONE',  ( -0.4999999999999999445, -0.8660254037844385966, 0.000000000000000000 ) ) ;
#1038 = FACE_BOUND ( 'NONE', #219, .T. ) ;
#1039 = CARTESIAN_POINT ( 'NONE',  ( -13.49999999999999289, -50.15627297532785178, 0.000000000000000000 ) ) ;
#1040 = FACE_BOUND ( 'NONE', #927, .T. ) ;
#1041 = FACE_OUTER_BOUND ( 'NONE', #2316, .T. ) ;
#1042 = VERTEX_POINT ( 'NONE', #2870 ) ;
#1043 = ORIENTED_EDGE ( 'NONE', *, *, #1044, .T. ) ;
#1044 = EDGE_CURVE ( 'NONE', #1068, #2622, #2757, .T. ) ;
#1045 = DATE_AND_TIME ( #999, #2954 ) ;
#1046 = CC_DESIGN_PERSON_AND_ORGANIZATION_ASSIGNMENT ( #764, #556, ( #1300 ) ) ;
#1047 = VERTEX_POINT ( 'NONE', #538 ) ;
#1048 = EDGE_CURVE ( 'NONE', #417, #1970, #3200, .T. ) ;
#1049 = ORIENTED_EDGE ( 'NONE', *, *, #1587, .T. ) ;
#1050 = CARTESIAN_POINT ( 'NONE',  ( -16.99999999999999289, -19.00000000000000000, 2.000000000000000000 ) ) ;
#1051 = DIRECTION ( 'NONE',  ( -0.000000000000000000, -0.000000000000000000, 1.000000000000000000 ) ) ;
#1052 = DIRECTION ( 'NONE',  ( 0.000000000000000000, 0.000000000000000000, 1.000000000000000000 ) ) ;
#1053 = AXIS2_PLACEMENT_3D ( 'NONE', #559, #1594, #2639 ) ;
#1054 = FACE_BOUND ( 'NONE', #2550, .T. ) ;
#1055 = LINE ( 'NONE', #1297, #2210 ) ;
#1056 = DIRECTION ( 'NONE',  ( 0.000000000000000000, -1.000000000000000000, 0.000000000000000000 ) ) ;
#1057 = LINE ( 'NONE', #2666, #3192 ) ;
#1058 = ORIENTED_EDGE ( 'NONE', *, *, #1373, .F. ) ;
#1059 = AXIS2_PLACEMENT_3D ( 'NONE', #3225, #1703, #2743 ) ;
#1060 = ORIENTED_EDGE ( 'NONE', *, *, #1526, .T. ) ;
#1061 = AXIS2_PLACEMENT_3D ( 'NONE', #2162, #3206, #1901 ) ;
#1062 = CIRCLE ( 'NONE', #3076, 2.000000000000001776 ) ;
#1063 = VECTOR ( 'NONE', #258, 1000.000000000000000 ) ;
#1064 = ORIENTED_EDGE ( 'NONE', *, *, #2784, .T. ) ;
#1065 = ADVANCED_FACE ( 'NONE', ( #2628 ), #1669, .T. ) ;
#1066 = CIRCLE ( 'NONE', #1881, 7.000000000000000000 ) ;
#1067 = CIRCLE ( 'NONE', #1936, 1.999999999999998224 ) ;
#1068 = VERTEX_POINT ( 'NONE', #1859 ) ;
#1069 = FACE_OUTER_BOUND ( 'NONE', #3249, .T. ) ;
#1070 = CARTESIAN_POINT ( 'NONE',  ( 0.000000000000000000, 0.000000000000000000, 12.00000000000000000 ) ) ;
#1071 = AXIS2_PLACEMENT_3D ( 'NONE', #425, #1490, #455 ) ;
#1072 = EDGE_CURVE ( 'NONE', #3334, #2345, #2105, .T. ) ;
#1073 = ADVANCED_FACE ( 'NONE', ( #2598 ), #2374, .F. ) ;
#1074 = LINE ( 'NONE', #1545, #3307 ) ;
#1075 = ORIENTED_EDGE ( 'NONE', *, *, #3241, .T. ) ;
#1076 = FACE_BOUND ( 'NONE', #426, .T. ) ;
#1077 = CARTESIAN_POINT ( 'NONE',  ( -27.02072594216369339, 18.49999999999999645, 5.599999999999999645 ) ) ;
#1078 = EDGE_CURVE ( 'NONE', #185, #637, #635, .T. ) ;
#1079 = DIRECTION ( 'NONE',  ( 0.5000000000000001110, 0.8660254037844385966, 0.000000000000000000 ) ) ;
#1080 = DIRECTION ( 'NONE',  ( -0.000000000000000000, -0.000000000000000000, 1.000000000000000000 ) ) ;
#1081 = EDGE_LOOP ( 'NONE', ( #3246, #3150, #744, #1954 ) ) ;
#1082 = EDGE_LOOP ( 'NONE', ( #2177, #371, #1646, #2231 ) ) ;
#1083 = CARTESIAN_POINT ( 'NONE',  ( 0.000000000000000000, 0.000000000000000000, 4.999999999999996447 ) ) ;
#1084 = EDGE_LOOP ( 'NONE', ( #2739, #1354, #1440, #838 ) ) ;
#1085 = ORIENTED_EDGE ( 'NONE', *, *, #1283, .F. ) ;
#1086 = DIRECTION ( 'NONE',  ( 0.5000000000000000000, -0.8660254037844385966, 0.000000000000000000 ) ) ;
#1087 = ADVANCED_FACE ( 'NONE', ( #2898 ), #24, .F. ) ;
#1088 = DIRECTION ( 'NONE',  ( 0.5000000000000001110, 0.8660254037844385966, 0.000000000000000000 ) ) ;
#1089 = CARTESIAN_POINT ( 'NONE',  ( 14.54711063542947969, -16.28402847295180322, 11.98873826524753738 ) ) ;
#1090 = ORIENTED_EDGE ( 'NONE', *, *, #162, .T. ) ;
#1091 = PLANE ( 'NONE',  #1332 ) ;
#1092 = CARTESIAN_POINT ( 'NONE',  ( 17.00000000000000000, -19.00000000000000355, 2.000000000000000000 ) ) ;
#1093 = CARTESIAN_POINT ( 'NONE',  ( 22.49999999999999289, -25.49019419306177525, 12.00000000000000000 ) ) ;
#1094 = DIRECTION ( 'NONE',  ( 0.4999999999999997224, 0.8660254037844388186, 0.000000000000000000 ) ) ;
#1095 = ADVANCED_FACE ( 'NONE', ( #3175 ), #836, .F. ) ;
#1096 = VERTEX_POINT ( 'NONE', #2849 ) ;
#1097 = ORIENTED_EDGE ( 'NONE', *, *, #3322, .T. ) ;
#1098 = CARTESIAN_POINT ( 'NONE',  ( 17.00000000000000000, 24.99999999999999645, 0.000000000000000000 ) ) ;
#1099 = ORIENTED_EDGE ( 'NONE', *, *, #2885, .F. ) ;
#1100 = DIRECTION ( 'NONE',  ( 1.000000000000000000, 0.000000000000000000, 0.000000000000000000 ) ) ;
#1101 = PLANE ( 'NONE',  #204 ) ;
#1102 = VERTEX_POINT ( 'NONE', #514 ) ;
#1103 = CARTESIAN_POINT ( 'NONE',  ( 12.37138071626489122, -18.19200206610667081, 12.00000000000000000 ) ) ;
#1104 = ORIENTED_EDGE ( 'NONE', *, *, #762, .F. ) ;
#1105 = CARTESIAN_POINT ( 'NONE',  ( -27.02072594216368984, 11.50000000000000178, 5.599999999999999645 ) ) ;
#1106 = DIRECTION ( 'NONE',  ( -0.000000000000000000, -0.000000000000000000, 1.000000000000000000 ) ) ;
#1107 = ADVANCED_FACE ( 'NONE', ( #2099, #1551, #2343, #3142, #1040, #3119, #2882, #788, #807, #1847, #1624, #1677, #381 ), #588, .F. ) ;
#1108 = CARTESIAN_POINT ( 'NONE',  ( -21.00000000000000000, 2.571758278209441661E-15, 9.000000000000001776 ) ) ;
#1109 = LINE ( 'NONE', #774, #254 ) ;
#1110 = VERTEX_POINT ( 'NONE', #1130 ) ;
#1111 = VERTEX_POINT ( 'NONE', #1959 ) ;
#1112 = EDGE_CURVE ( 'NONE', #2085, #949, #2978, .T. ) ;
#1113 = VECTOR ( 'NONE', #1296, 1000.000000000000114 ) ;
#1114 = DIRECTION ( 'NONE',  ( -0.000000000000000000, -0.000000000000000000, -1.000000000000000000 ) ) ;
#1115 = VERTEX_POINT ( 'NONE', #887 ) ;
#1116 = CIRCLE ( 'NONE', #1544, 1.999999999999998224 ) ;
#1117 = AXIS2_PLACEMENT_3D ( 'NONE', #2881, #513, #2627 ) ;
#1118 = VECTOR ( 'NONE', #3261, 1000.000000000000114 ) ;
#1119 = LINE ( 'NONE', #2938, #2697 ) ;
#1120 = PLANE ( 'NONE',  #794 ) ;
#1121 = VECTOR ( 'NONE', #1163, 1000.000000000000227 ) ;
#1122 = AXIS2_PLACEMENT_3D ( 'NONE', #2330, #47, #2647 ) ;
#1123 = LINE ( 'NONE', #3209, #2432 ) ;
#1124 = ORIENTED_EDGE ( 'NONE', *, *, #29, .F. ) ;
#1125 = LINE ( 'NONE', #2690, #2094 ) ;
#1126 = FACE_OUTER_BOUND ( 'NONE', #3309, .T. ) ;
#1127 = VECTOR ( 'NONE', #2781, 1000.000000000000000 ) ;
#1128 = VECTOR ( 'NONE', #1251, 1000.000000000000000 ) ;
#1129 = TOROIDAL_SURFACE ( 'NONE', #1017, 11.00000000000000355, 1.000000000000000000 ) ;
#1130 = CARTESIAN_POINT ( 'NONE',  ( 12.99999999999999645, 24.99999999999999645, 5.600000000000000533 ) ) ;
#1131 = CARTESIAN_POINT ( 'NONE',  ( -13.00000000000000355, 24.99999999999999289, 0.000000000000000000 ) ) ;
#1132 = DIRECTION ( 'NONE',  ( 0.000000000000000000, 0.000000000000000000, 1.000000000000000000 ) ) ;
#1133 = EDGE_CURVE ( 'NONE', #82, #2904, #1180, .T. ) ;
#1134 = CIRCLE ( 'NONE', #1676, 2.000000000000001776 ) ;
#1135 = EDGE_LOOP ( 'NONE', ( #1643, #2448 ) ) ;
#1136 = DIRECTION ( 'NONE',  ( 1.000000000000000000, 0.000000000000000000, 0.000000000000000000 ) ) ;
#1137 = EDGE_CURVE ( 'NONE', #3347, #1269, #362, .T. ) ;
#1138 = ORIENTED_EDGE ( 'NONE', *, *, #1884, .F. ) ;
#1139 = EDGE_CURVE ( 'NONE', #1536, #1948, #633, .T. ) ;
#1140 = FACE_OUTER_BOUND ( 'NONE', #3148, .T. ) ;
#1141 = EDGE_CURVE ( 'NONE', #2684, #1459, #144, .T. ) ;
#1142 = CARTESIAN_POINT ( 'NONE',  ( 12.97927405783631016, 21.50000000000000000, 12.00000000000000000 ) ) ;
#1143 = ORIENTED_EDGE ( 'NONE', *, *, #1323, .T. ) ;
#1144 = PLANE ( 'NONE',  #910 ) ;
#1145 = ORIENTED_EDGE ( 'NONE', *, *, #1681, .T. ) ;
#1146 = DIRECTION ( 'NONE',  ( 0.000000000000000000, 0.000000000000000000, 1.000000000000000000 ) ) ;
#1147 = PLANE ( 'NONE',  #2320 ) ;
#1148 = CARTESIAN_POINT ( 'NONE',  ( -17.74999999999999645, -19.00000000000000000, 2.000000000000000000 ) ) ;
#1149 = LINE ( 'NONE', #652, #3021 ) ;
#1150 = VERTEX_POINT ( 'NONE', #2202 ) ;
#1151 = ORIENTED_EDGE ( 'NONE', *, *, #2136, .F. ) ;
#1152 = CARTESIAN_POINT ( 'NONE',  ( 15.50000000000000711, -50.15627297532784468, 2.999999999999999112 ) ) ;
#1153 = EDGE_LOOP ( 'NONE', ( #3283, #437, #1521, #13 ) ) ;
#1154 = ORIENTED_EDGE ( 'NONE', *, *, #747, .F. ) ;
#1155 = EDGE_CURVE ( 'NONE', #3347, #2475, #2221, .T. ) ;
#1156 = DIRECTION ( 'NONE',  ( -0.8660254037844388186, 0.4999999999999996669, 0.000000000000000000 ) ) ;
#1157 = ADVANCED_FACE ( 'NONE', ( #2171 ), #3213, .T. ) ;
#1158 = DIRECTION ( 'NONE',  ( -0.5000000000000002220, -0.8660254037844384856, 0.000000000000000000 ) ) ;
#1159 = ORIENTED_EDGE ( 'NONE', *, *, #1243, .F. ) ;
#1160 = CARTESIAN_POINT ( 'NONE',  ( -22.00000000000000355, 2.694222958124177204E-15, 11.00000000000000000 ) ) ;
#1161 = DIRECTION ( 'NONE',  ( 0.000000000000000000, -0.000000000000000000, -1.000000000000000000 ) ) ;
#1162 = CARTESIAN_POINT ( 'NONE',  ( -8.984733708938769325, -26.80951323690903010, 12.00000000000000000 ) ) ;
#1163 = DIRECTION ( 'NONE',  ( -0.5000000000000002220, -0.8660254037844384856, 0.000000000000000000 ) ) ;
#1164 = DIRECTION ( 'NONE',  ( 1.230715518008035029E-16, -1.000000000000000000, 0.000000000000000000 ) ) ;
#1165 = ORIENTED_EDGE ( 'NONE', *, *, #1373, .T. ) ;
#1166 = LINE ( 'NONE', #1661, #967 ) ;
#1167 = ORIENTED_EDGE ( 'NONE', *, *, #1654, .F. ) ;
#1168 = VECTOR ( 'NONE', #895, 1000.000000000000114 ) ;
#1169 = ORIENTED_EDGE ( 'NONE', *, *, #1421, .T. ) ;
#1170 = DIRECTION ( 'NONE',  ( 0.4999999999999992784, 0.8660254037844389297, 0.000000000000000000 ) ) ;
#1171 = AXIS2_PLACEMENT_3D ( 'NONE', #600, #73, #2169 ) ;
#1172 = ORIENTED_EDGE ( 'NONE', *, *, #1587, .F. ) ;
#1173 = CIRCLE ( 'NONE', #1607, 2.000000000000001776 ) ;
#1174 = DIRECTION ( 'NONE',  ( 1.000000000000000000, 0.000000000000000000, 0.000000000000000000 ) ) ;
#1175 = VERTEX_POINT ( 'NONE', #3227 ) ;
#1176 = PLANE ( 'NONE',  #1605 ) ;
#1177 = DIRECTION ( 'NONE',  ( -0.000000000000000000, -0.000000000000000000, -1.000000000000000000 ) ) ;
#1178 = AXIS2_PLACEMENT_3D ( 'NONE', #719, #2471, #191 ) ;
#1179 = EDGE_CURVE ( 'NONE', #3334, #2347, #2273, .T. ) ;
#1180 = LINE ( 'NONE', #1380, #2430 ) ;
#1181 = VECTOR ( 'NONE', #1946, 1000.000000000000000 ) ;
#1182 = VECTOR ( 'NONE', #3013, 1000.000000000000000 ) ;
#1183 = CARTESIAN_POINT ( 'NONE',  ( 15.00000000000000355, -19.00000000000000355, -6.000000000000001776 ) ) ;
#1184 = DIRECTION ( 'NONE',  ( 1.000000000000000000, 0.000000000000000000, 0.000000000000000000 ) ) ;
#1185 = EDGE_CURVE ( 'NONE', #206, #1856, #871, .T. ) ;
#1186 = ORIENTED_EDGE ( 'NONE', *, *, #1841, .F. ) ;
#1187 = AXIS2_PLACEMENT_3D ( 'NONE', #2893, #532, #510 ) ;
#1188 = DIRECTION ( 'NONE',  ( 1.000000000000000000, -1.230715518008035029E-16, 0.000000000000000000 ) ) ;
#1189 = ORIENTED_EDGE ( 'NONE', *, *, #3305, .T. ) ;
#1190 = ORIENTED_EDGE ( 'NONE', *, *, #1261, .F. ) ;
#1191 = CARTESIAN_POINT ( 'NONE',  ( 35.00000000000000000, 4.286263797015736496E-15, 11.00000000000000000 ) ) ;
#1192 = ORIENTED_EDGE ( 'NONE', *, *, #568, .T. ) ;
#1193 = CARTESIAN_POINT ( 'NONE',  ( -20.95854811567261322, -15.00000000000000000, 5.599999999999999645 ) ) ;
#1194 = VERTEX_POINT ( 'NONE', #1108 ) ;
#1195 = CARTESIAN_POINT ( 'NONE',  ( -22.97927405783631372, 18.49999999999999645, 12.00000000000000000 ) ) ;
#1196 = LINE ( 'NONE', #2728, #3078 ) ;
#1197 = EDGE_CURVE ( 'NONE', #2243, #1047, #1909, .T. ) ;
#1198 = LINE ( 'NONE', #720, #420 ) ;
#1199 = CARTESIAN_POINT ( 'NONE',  ( -22.97927405783630306, -11.50000000000000355, 5.599999999999999645 ) ) ;
#1200 = DIRECTION ( 'NONE',  ( -0.5000000000000003331, 0.8660254037844383745, 0.000000000000000000 ) ) ;
#1201 = EDGE_CURVE ( 'NONE', #17, #1856, #2945, .T. ) ;
#1202 = LINE ( 'NONE', #3054, #313 ) ;
#1203 = CARTESIAN_POINT ( 'NONE',  ( 20.95854811567261677, -14.99999999999999467, 5.599999999999999645 ) ) ;
#1204 = ORIENTED_EDGE ( 'NONE', *, *, #1922, .T. ) ;
#1205 = ORIENTED_EDGE ( 'NONE', *, *, #70, .F. ) ;
#1206 =( NAMED_UNIT ( * ) PLANE_ANGLE_UNIT ( ) SI_UNIT ( $, .RADIAN. ) );
#1207 = EDGE_LOOP ( 'NONE', ( #2975, #1284, #611, #2955 ) ) ;
#1208 = PLANE ( 'NONE',  #1942 ) ;
#1209 = ORIENTED_EDGE ( 'NONE', *, *, #2940, .F. ) ;
#1210 = CARTESIAN_POINT ( 'NONE',  ( -15.00000000000000355, 24.99999999999999289, -6.000000000000001776 ) ) ;
#1211 = DIRECTION ( 'NONE',  ( 0.000000000000000000, 0.000000000000000000, 1.000000000000000000 ) ) ;
#1212 = FACE_OUTER_BOUND ( 'NONE', #1267, .T. ) ;
#1213 = DIRECTION ( 'NONE',  ( 1.000000000000000000, 0.000000000000000000, 0.000000000000000000 ) ) ;
#1214 = CYLINDRICAL_SURFACE ( 'NONE', #355, 2.000000000000001776 ) ;
#1215 = FACE_BOUND ( 'NONE', #438, .T. ) ;
#1216 = DIRECTION ( 'NONE',  ( -0.000000000000000000, -0.000000000000000000, 1.000000000000000000 ) ) ;
#1217 = ORIENTED_EDGE ( 'NONE', *, *, #944, .F. ) ;
#1218 = ORIENTED_EDGE ( 'NONE', *, *, #707, .T. ) ;
#1219 = LOCAL_TIME ( 23, 17, 55.00000000000000000, #3075 ) ;
#1220 = DIRECTION ( 'NONE',  ( -0.000000000000000000, -0.000000000000000000, -1.000000000000000000 ) ) ;
#1221 = ORIENTED_EDGE ( 'NONE', *, *, #2939, .F. ) ;
#1222 = DIRECTION ( 'NONE',  ( 1.000000000000000000, 0.000000000000000000, -0.000000000000000000 ) ) ;
#1223 = ORIENTED_EDGE ( 'NONE', *, *, #2443, .T. ) ;
#1224 = AXIS2_PLACEMENT_3D ( 'NONE', #1477, #2023, #972 ) ;
#1225 = FACE_OUTER_BOUND ( 'NONE', #157, .T. ) ;
#1226 = DIRECTION ( 'NONE',  ( -0.000000000000000000, 0.000000000000000000, -1.000000000000000000 ) ) ;
#1227 = CIRCLE ( 'NONE', #27, 2.000000000000001776 ) ;
#1228 = AXIS2_PLACEMENT_3D ( 'NONE', #2357, #787, #2896 ) ;
#1229 = CARTESIAN_POINT ( 'NONE',  ( -27.00000000000000355, 15.00000000000000000, -6.000000000000001776 ) ) ;
#1230 = CARTESIAN_POINT ( 'NONE',  ( 25.00000000000000711, -15.00000000000000000, -6.000000000000001776 ) ) ;
#1231 = DIRECTION ( 'NONE',  ( -0.8660254037844388186, 0.4999999999999998335, 0.000000000000000000 ) ) ;
#1232 = CIRCLE ( 'NONE', #2700, 7.000000000000000000 ) ;
#1233 = VECTOR ( 'NONE', #2280, 1000.000000000000000 ) ;
#1234 = VECTOR ( 'NONE', #3243, 1000.000000000000000 ) ;
#1235 = LINE ( 'NONE', #2513, #855 ) ;
#1236 = EDGE_CURVE ( 'NONE', #2249, #2518, #614, .T. ) ;
#1237 = CARTESIAN_POINT ( 'NONE',  ( -23.00000000000000000, -15.00000000000000000, 0.000000000000000000 ) ) ;
#1238 = VERTEX_POINT ( 'NONE', #1415 ) ;
#1239 = ORIENTED_EDGE ( 'NONE', *, *, #2764, .F. ) ;
#1240 = MANIFOLD_SOLID_BREP ( '컷-돌출8', #199 ) ;
#1241 = AXIS2_PLACEMENT_3D ( 'NONE', #1270, #81, #861 ) ;
#1242 = ORIENTED_EDGE ( 'NONE', *, *, #2118, .F. ) ;
#1243 = EDGE_CURVE ( 'NONE', #2054, #733, #1400, .T. ) ;
#1244 = DIRECTION ( 'NONE',  ( 1.000000000000000000, 0.000000000000000000, 0.000000000000000000 ) ) ;
#1245 = EDGE_LOOP ( 'NONE', ( #2803, #2462, #439, #3006 ) ) ;
#1246 = CARTESIAN_POINT ( 'NONE',  ( -22.49999999999999289, -58.00000000000000000, 12.00000000000000000 ) ) ;
#1247 = PLANE ( 'NONE',  #1552 ) ;
#1248 = CARTESIAN_POINT ( 'NONE',  ( 19.49999999999999645, -54.99999999999998579, 2.999999999999999112 ) ) ;
#1249 = CARTESIAN_POINT ( 'NONE',  ( -12.41255581691641119, -18.05804916964214968, 12.00000000000012257 ) ) ;
#1250 = DIRECTION ( 'NONE',  ( 0.000000000000000000, 1.000000000000000000, 0.000000000000000000 ) ) ;
#1251 = DIRECTION ( 'NONE',  ( -0.000000000000000000, -0.000000000000000000, 1.000000000000000000 ) ) ;
#1252 = DIRECTION ( 'NONE',  ( -0.8660254037844384856, -0.5000000000000004441, 0.000000000000000000 ) ) ;
#1253 = ORIENTED_EDGE ( 'NONE', *, *, #2885, .T. ) ;
#1254 = ORIENTED_EDGE ( 'NONE', *, *, #2940, .T. ) ;
#1255 = ORIENTED_EDGE ( 'NONE', *, *, #2921, .F. ) ;
#1256 = EDGE_CURVE ( 'NONE', #1695, #554, #2440, .T. ) ;
#1257 = DIRECTION ( 'NONE',  ( 0.4999999999999998890, -0.8660254037844387076, 0.000000000000000000 ) ) ;
#1258 = ORIENTED_EDGE ( 'NONE', *, *, #678, .F. ) ;
#1259 = DIRECTION ( 'NONE',  ( -0.000000000000000000, -0.000000000000000000, -1.000000000000000000 ) ) ;
#1260 = DIRECTION ( 'NONE',  ( 0.000000000000000000, 0.000000000000000000, 1.000000000000000000 ) ) ;
#1261 = EDGE_CURVE ( 'NONE', #715, #1303, #127, .T. ) ;
#1262 = DIRECTION ( 'NONE',  ( -0.000000000000000000, 0.000000000000000000, -1.000000000000000000 ) ) ;
#1263 = DIRECTION ( 'NONE',  ( -0.000000000000000000, -0.000000000000000000, 1.000000000000000000 ) ) ;
#1264 = DIRECTION ( 'NONE',  ( -0.000000000000000000, -0.000000000000000000, -1.000000000000000000 ) ) ;
#1265 = DIRECTION ( 'NONE',  ( -0.000000000000000000, 0.000000000000000000, -1.000000000000000000 ) ) ;
#1266 = DIRECTION ( 'NONE',  ( 1.000000000000000000, 0.000000000000000000, 0.000000000000000000 ) ) ;
#1267 = EDGE_LOOP ( 'NONE', ( #1489, #2667, #2917, #503 ) ) ;
#1268 = ORIENTED_EDGE ( 'NONE', *, *, #549, .F. ) ;
#1269 = VERTEX_POINT ( 'NONE', #904 ) ;
#1270 = CARTESIAN_POINT ( 'NONE',  ( 0.000000000000000000, 0.000000000000000000, 12.00000000000000000 ) ) ;
#1271 = VERTEX_POINT ( 'NONE', #1945 ) ;
#1272 = FACE_OUTER_BOUND ( 'NONE', #2288, .T. ) ;
#1273 = EDGE_CURVE ( 'NONE', #2502, #656, #1398, .T. ) ;
#1274 = DIRECTION ( 'NONE',  ( 1.000000000000000000, 0.000000000000000000, 0.000000000000000000 ) ) ;
#1275 = ADVANCED_BREP_SHAPE_REPRESENTATION ( '바디_그라운드', ( #1240, #893 ), #1597 ) ;
#1276 = CYLINDRICAL_SURFACE ( 'NONE', #2641, 35.00000000000000000 ) ;
#1277 = EDGE_CURVE ( 'NONE', #1238, #2144, #3026, .T. ) ;
#1278 = DIRECTION ( 'NONE',  ( 0.000000000000000000, 0.000000000000000000, 1.000000000000000000 ) ) ;
#1279 = EDGE_CURVE ( 'NONE', #184, #3144, #2026, .T. ) ;
#1280 = DIRECTION ( 'NONE',  ( 1.000000000000000000, 0.000000000000000000, 0.000000000000000000 ) ) ;
#1281 = VECTOR ( 'NONE', #91, 1000.000000000000227 ) ;
#1282 = CARTESIAN_POINT ( 'NONE',  ( -12.50000000000000000, -35.50000000000000711, 12.00000000000000000 ) ) ;
#1283 = EDGE_CURVE ( 'NONE', #2502, #2060, #1496, .T. ) ;
#1284 = ORIENTED_EDGE ( 'NONE', *, *, #1591, .F. ) ;
#1285 = ORIENTED_EDGE ( 'NONE', *, *, #1654, .T. ) ;
#1286 = CIRCLE ( 'NONE', #1447, 21.00000000000000000 ) ;
#1287 = AXIS2_PLACEMENT_3D ( 'NONE', #973, #1478, #3327 ) ;
#1288 = AXIS2_PLACEMENT_3D ( 'NONE', #2497, #216, #2310 ) ;
#1289 = ORIENTED_EDGE ( 'NONE', *, *, #2195, .T. ) ;
#1290 = VECTOR ( 'NONE', #1905, 1000.000000000000000 ) ;
#1291 = ORIENTED_EDGE ( 'NONE', *, *, #1179, .T. ) ;
#1292 = DIRECTION ( 'NONE',  ( 1.000000000000000000, 0.000000000000000000, -0.000000000000000000 ) ) ;
#1293 = CARTESIAN_POINT ( 'NONE',  ( -22.50000000000000000, -26.80951323690903365, 12.00000000000000000 ) ) ;
#1294 = AXIS2_PLACEMENT_3D ( 'NONE', #1864, #1879, #1628 ) ;
#1295 = FACE_OUTER_BOUND ( 'NONE', #1081, .T. ) ;
#1296 = DIRECTION ( 'NONE',  ( -0.4999999999999996114, -0.8660254037844388186, 0.000000000000000000 ) ) ;
#1297 = CARTESIAN_POINT ( 'NONE',  ( -22.97927405783631372, 18.49999999999999645, 5.599999999999999645 ) ) ;
#1298 = ADVANCED_FACE ( 'NONE', ( #1212 ), #1705, .T. ) ;
#1299 = DIRECTION ( 'NONE',  ( -0.8660254037844389297, 0.4999999999999996114, 0.000000000000000000 ) ) ;
#1300 = PRODUCT_DEFINITION ( 'UNKNOWN', '', #192, #1372 ) ;
#1301 = DIRECTION ( 'NONE',  ( 1.000000000000000000, 0.000000000000000000, -0.000000000000000000 ) ) ;
#1302 = ORIENTED_EDGE ( 'NONE', *, *, #142, .T. ) ;
#1303 = VERTEX_POINT ( 'NONE', #2306 ) ;
#1304 = EDGE_CURVE ( 'NONE', #1111, #2582, #3328, .T. ) ;
#1305 = SHAPE_DEFINITION_REPRESENTATION ( #1645, #1275 ) ;
#1306 = ORIENTED_EDGE ( 'NONE', *, *, #122, .T. ) ;
#1307 = EDGE_LOOP ( 'NONE', ( #660, #540, #249, #645 ) ) ;
#1308 = FACE_OUTER_BOUND ( 'NONE', #2389, .T. ) ;
#1309 = DIRECTION ( 'NONE',  ( 1.000000000000000000, 0.000000000000000000, 0.000000000000000000 ) ) ;
#1310 = FACE_OUTER_BOUND ( 'NONE', #1965, .T. ) ;
#1311 = DIRECTION ( 'NONE',  ( 1.000000000000000000, 0.000000000000000000, 0.000000000000000000 ) ) ;
#1312 = FACE_OUTER_BOUND ( 'NONE', #1353, .T. ) ;
#1313 = DIRECTION ( 'NONE',  ( 1.000000000000000000, 0.000000000000000000, 0.000000000000000000 ) ) ;
#1314 = DIRECTION ( 'NONE',  ( -0.000000000000000000, -0.000000000000000000, -1.000000000000000000 ) ) ;
#1315 = ORIENTED_EDGE ( 'NONE', *, *, #573, .T. ) ;
#1316 = ADVANCED_FACE ( 'NONE', ( #2013 ), #955, .F. ) ;
#1317 = ORIENTED_EDGE ( 'NONE', *, *, #801, .F. ) ;
#1318 = DATE_AND_TIME ( #3096, #1435 ) ;
#1319 = VERTEX_POINT ( 'NONE', #193 ) ;
#1320 = ADVANCED_FACE ( 'NONE', ( #2542, #177 ), #1995, .T. ) ;
#1321 = VERTEX_POINT ( 'NONE', #213 ) ;
#1322 = DIRECTION ( 'NONE',  ( -0.5000000000000000000, 0.8660254037844385966, 0.000000000000000000 ) ) ;
#1323 = EDGE_CURVE ( 'NONE', #1695, #1770, #1725, .T. ) ;
#1324 = CARTESIAN_POINT ( 'NONE',  ( -10.95854811567261855, 24.99999999999999289, 5.599999999999999645 ) ) ;
#1325 = LINE ( 'NONE', #784, #46 ) ;
#1326 = AXIS2_PLACEMENT_3D ( 'NONE', #846, #2398, #1100 ) ;
#1327 = DIRECTION ( 'NONE',  ( -0.000000000000000000, -0.000000000000000000, 1.000000000000000000 ) ) ;
#1328 = CARTESIAN_POINT ( 'NONE',  ( -22.50000000000000000, -26.80951323690903365, 0.000000000000000000 ) ) ;
#1329 = CARTESIAN_POINT ( 'NONE',  ( 0.000000000000000000, 0.000000000000000000, 0.000000000000000000 ) ) ;
#1330 = DIRECTION ( 'NONE',  ( 1.000000000000000000, 0.000000000000000000, 0.000000000000000000 ) ) ;
#1331 = VERTEX_POINT ( 'NONE', #431 ) ;
#1332 = AXIS2_PLACEMENT_3D ( 'NONE', #563, #2592, #2864 ) ;
#1333 = VERTEX_POINT ( 'NONE', #1743 ) ;
#1334 = VECTOR ( 'NONE', #585, 1000.000000000000000 ) ;
#1335 = ADVANCED_FACE ( 'NONE', ( #1006 ), #1775, .F. ) ;
#1336 = FACE_BOUND ( 'NONE', #1366, .T. ) ;
#1337 = VECTOR ( 'NONE', #1088, 1000.000000000000114 ) ;
#1338 = ORIENTED_EDGE ( 'NONE', *, *, #1030, .F. ) ;
#1339 = CIRCLE ( 'NONE', #418, 2.000000000000000000 ) ;
#1340 = ORIENTED_EDGE ( 'NONE', *, *, #1197, .T. ) ;
#1341 = FACE_OUTER_BOUND ( 'NONE', #2909, .T. ) ;
#1342 = LINE ( 'NONE', #2386, #746 ) ;
#1343 = VERTEX_POINT ( 'NONE', #2816 ) ;
#1344 = VECTOR ( 'NONE', #1855, 1000.000000000000227 ) ;
#1345 = EDGE_CURVE ( 'NONE', #2466, #417, #164, .T. ) ;
#1346 = DIRECTION ( 'NONE',  ( -0.000000000000000000, -0.000000000000000000, 1.000000000000000000 ) ) ;
#1347 = ORIENTED_EDGE ( 'NONE', *, *, #2756, .F. ) ;
#1348 = CIRCLE ( 'NONE', #3205, 2.749999999999997335 ) ;
#1349 = CARTESIAN_POINT ( 'NONE',  ( 22.97927405783631372, -18.50000000000000000, 5.599999999999999645 ) ) ;
#1350 = PLANE ( 'NONE',  #414 ) ;
#1351 = CARTESIAN_POINT ( 'NONE',  ( 0.000000000000000000, 0.000000000000000000, 11.00000000000000000 ) ) ;
#1352 = CARTESIAN_POINT ( 'NONE',  ( 0.000000000000000000, 0.000000000000000000, 2.999999999999999112 ) ) ;
#1353 = EDGE_LOOP ( 'NONE', ( #2689, #2618, #1034, #1615 ) ) ;
#1354 = ORIENTED_EDGE ( 'NONE', *, *, #2805, .F. ) ;
#1355 = DIRECTION ( 'NONE',  ( 1.000000000000000000, 0.000000000000000000, 0.000000000000000000 ) ) ;
#1356 = ORIENTED_EDGE ( 'NONE', *, *, #2350, .T. ) ;
#1357 = LINE ( 'NONE', #68, #1984 ) ;
#1358 = CARTESIAN_POINT ( 'NONE',  ( 0.000000000000000000, 0.000000000000000000, 0.000000000000000000 ) ) ;
#1359 = EDGE_CURVE ( 'NONE', #1343, #1408, #667, .T. ) ;
#1360 = CYLINDRICAL_SURFACE ( 'NONE', #531, 2.000000000000001776 ) ;
#1361 = VERTEX_POINT ( 'NONE', #228 ) ;
#1362 = DIRECTION ( 'NONE',  ( 0.000000000000000000, -0.000000000000000000, -1.000000000000000000 ) ) ;
#1363 = LINE ( 'NONE', #1893, #3134 ) ;
#1364 = DIRECTION ( 'NONE',  ( 1.000000000000000000, 0.000000000000000000, 0.000000000000000000 ) ) ;
#1365 = DIRECTION ( 'NONE',  ( -0.000000000000000000, -0.000000000000000000, 1.000000000000000000 ) ) ;
#1366 = EDGE_LOOP ( 'NONE', ( #28, #980 ) ) ;
#1367 = ORIENTED_EDGE ( 'NONE', *, *, #1005, .F. ) ;
#1368 = FACE_OUTER_BOUND ( 'NONE', #2375, .T. ) ;
#1369 = VERTEX_POINT ( 'NONE', #1973 ) ;
#1370 = CARTESIAN_POINT ( 'NONE',  ( 12.97927405783630839, 28.49999999999999645, 5.599999999999999645 ) ) ;
#1371 = CARTESIAN_POINT ( 'NONE',  ( 27.02072594216368273, 18.50000000000001776, 12.00000000000000000 ) ) ;
#1372 = DESIGN_CONTEXT ( 'detailed design', #3149, 'design' ) ;
#1373 = EDGE_CURVE ( 'NONE', #1504, #2668, #1785, .T. ) ;
#1374 = PLANE ( 'NONE',  #1835 ) ;
#1375 = EDGE_LOOP ( 'NONE', ( #653, #823 ) ) ;
#1376 = CARTESIAN_POINT ( 'NONE',  ( 13.00000000000000533, -19.00000000000000355, 0.000000000000000000 ) ) ;
#1377 = CARTESIAN_POINT ( 'NONE',  ( 20.95854811567259901, 15.00000000000000000, 12.00000000000000000 ) ) ;
#1378 = VECTOR ( 'NONE', #2671, 1000.000000000000114 ) ;
#1379 = EDGE_CURVE ( 'NONE', #1238, #767, #2745, .T. ) ;
#1380 = CARTESIAN_POINT ( 'NONE',  ( -20.95854811567262388, 14.99999999999999645, 12.00000000000000000 ) ) ;
#1381 = DIRECTION ( 'NONE',  ( -0.000000000000000000, -0.000000000000000000, 1.000000000000000000 ) ) ;
#1382 = ORIENTED_EDGE ( 'NONE', *, *, #2838, .F. ) ;
#1383 = EDGE_CURVE ( 'NONE', #3093, #1096, #1198, .T. ) ;
#1384 = EDGE_LOOP ( 'NONE', ( #1683, #298, #778, #1560 ) ) ;
#1385 = AXIS2_PLACEMENT_3D ( 'NONE', #1427, #2713, #2470 ) ;
#1386 = DIRECTION ( 'NONE',  ( 0.5000000000000003331, -0.8660254037844383745, 0.000000000000000000 ) ) ;
#1387 = ORIENTED_EDGE ( 'NONE', *, *, #402, .F. ) ;
#1388 = VECTOR ( 'NONE', #2126, 1000.000000000000000 ) ;
#1389 = AXIS2_PLACEMENT_3D ( 'NONE', #1759, #2239, #146 ) ;
#1390 = CARTESIAN_POINT ( 'NONE',  ( -29.04145188432738323, 15.00000000000000178, 12.00000000000000000 ) ) ;
#1391 = CARTESIAN_POINT ( 'NONE',  ( -14.99999999999999645, -19.00000000000000000, 2.000000000000000000 ) ) ;
#1392 = VECTOR ( 'NONE', #1401, 1000.000000000000114 ) ;
#1393 = VECTOR ( 'NONE', #1894, 1000.000000000000114 ) ;
#1394 = CARTESIAN_POINT ( 'NONE',  ( -20.95854811567262388, 14.99999999999999645, 5.599999999999999645 ) ) ;
#1395 = ORIENTED_EDGE ( 'NONE', *, *, #3323, .F. ) ;
#1396 = CARTESIAN_POINT ( 'NONE',  ( -22.97927405783631372, 18.49999999999999645, 12.00000000000000000 ) ) ;
#1397 = DIRECTION ( 'NONE',  ( 0.4999999999999996114, 0.8660254037844389297, 0.000000000000000000 ) ) ;
#1398 = CIRCLE ( 'NONE', #2055, 7.500000000000000000 ) ;
#1399 = VECTOR ( 'NONE', #320, 1000.000000000000114 ) ;
#1400 = LINE ( 'NONE', #602, #748 ) ;
#1401 = DIRECTION ( 'NONE',  ( 0.5000000000000003331, -0.8660254037844383745, 0.000000000000000000 ) ) ;
#1402 = LINE ( 'NONE', #1518, #2425 ) ;
#1403 = EDGE_CURVE ( 'NONE', #1751, #3301, #3009, .T. ) ;
#1404 = ORIENTED_EDGE ( 'NONE', *, *, #2305, .F. ) ;
#1405 = DIRECTION ( 'NONE',  ( -0.000000000000000000, 0.000000000000000000, -1.000000000000000000 ) ) ;
#1406 = ORIENTED_EDGE ( 'NONE', *, *, #1256, .T. ) ;
#1407 = ADVANCED_FACE ( 'NONE', ( #3360 ), #2388, .F. ) ;
#1408 = VERTEX_POINT ( 'NONE', #803 ) ;
#1409 = FACE_OUTER_BOUND ( 'NONE', #390, .T. ) ;
#1410 = CARTESIAN_POINT ( 'NONE',  ( 0.000000000000000000, 0.000000000000000000, 5.599999999999999645 ) ) ;
#1411 = DIRECTION ( 'NONE',  ( -0.8660254037844387076, 0.4999999999999999445, 0.000000000000000000 ) ) ;
#1412 = ORIENTED_EDGE ( 'NONE', *, *, #3303, .F. ) ;
#1413 = DIRECTION ( 'NONE',  ( -0.000000000000000000, 0.000000000000000000, 1.000000000000000000 ) ) ;
#1414 = DIRECTION ( 'NONE',  ( -0.5000000000000000000, 0.8660254037844385966, 0.000000000000000000 ) ) ;
#1415 = CARTESIAN_POINT ( 'NONE',  ( 23.00000000000000711, -15.00000000000000000, 0.000000000000000000 ) ) ;
#1416 = DIRECTION ( 'NONE',  ( -1.000000000000000000, -1.230715518008035029E-16, 0.000000000000000000 ) ) ;
#1417 = ORIENTED_EDGE ( 'NONE', *, *, #1345, .T. ) ;
#1418 = CARTESIAN_POINT ( 'NONE',  ( -7.500000000000000000, 0.000000000000000000, 0.000000000000000000 ) ) ;
#1419 = ORIENTED_EDGE ( 'NONE', *, *, #2321, .T. ) ;
#1420 = ORIENTED_EDGE ( 'NONE', *, *, #3110, .T. ) ;
#1421 = EDGE_CURVE ( 'NONE', #2788, #1472, #3116, .T. ) ;
#1422 = CARTESIAN_POINT ( 'NONE',  ( -17.00000000000000000, 24.99999999999999289, 0.000000000000000000 ) ) ;
#1423 = EDGE_CURVE ( 'NONE', #2124, #2755, #3085, .T. ) ;
#1424 = VERTEX_POINT ( 'NONE', #2095 ) ;
#1425 = DIRECTION ( 'NONE',  ( -0.4999999999999996114, -0.8660254037844388186, 0.000000000000000000 ) ) ;
#1426 = ORIENTED_EDGE ( 'NONE', *, *, #1026, .F. ) ;
#1427 = CARTESIAN_POINT ( 'NONE',  ( 0.000000000000000000, -35.50000000000000711, 12.00000000000000000 ) ) ;
#1428 = DIRECTION ( 'NONE',  ( 1.000000000000000000, 0.000000000000000000, 0.000000000000000000 ) ) ;
#1429 = CARTESIAN_POINT ( 'NONE',  ( 29.04145188432738678, 14.99999999999999289, 5.599999999999999645 ) ) ;
#1430 = DIRECTION ( 'NONE',  ( 1.000000000000000000, 0.000000000000000000, 0.000000000000000000 ) ) ;
#1431 = VERTEX_POINT ( 'NONE', #262 ) ;
#1432 = ORIENTED_EDGE ( 'NONE', *, *, #2365, .T. ) ;
#1433 = DIRECTION ( 'NONE',  ( -0.000000000000000000, -0.000000000000000000, 1.000000000000000000 ) ) ;
#1434 = ORIENTED_EDGE ( 'NONE', *, *, #655, .F. ) ;
#1435 = LOCAL_TIME ( 23, 17, 55.00000000000000000, #1575 ) ;
#1436 = ORIENTED_EDGE ( 'NONE', *, *, #1437, .T. ) ;
#1437 = EDGE_CURVE ( 'NONE', #810, #507, #1794, .T. ) ;
#1438 = CYLINDRICAL_SURFACE ( 'NONE', #3296, 35.00000000000000000 ) ;
#1439 = CIRCLE ( 'NONE', #143, 2.000000000000000000 ) ;
#1440 = ORIENTED_EDGE ( 'NONE', *, *, #1112, .F. ) ;
#1441 = EDGE_CURVE ( 'NONE', #558, #2518, #1596, .T. ) ;
#1442 = AXIS2_PLACEMENT_3D ( 'NONE', #536, #1846, #3088 ) ;
#1443 = CARTESIAN_POINT ( 'NONE',  ( 0.000000000000000000, -35.50000000000000711, 2.999999999999999112 ) ) ;
#1444 = EDGE_LOOP ( 'NONE', ( #2296, #1593 ) ) ;
#1445 = CARTESIAN_POINT ( 'NONE',  ( 17.50000000000000711, -50.15627297532784468, 2.999999999999999112 ) ) ;
#1446 = DIRECTION ( 'NONE',  ( -0.000000000000000000, -0.000000000000000000, 1.000000000000000000 ) ) ;
#1447 = AXIS2_PLACEMENT_3D ( 'NONE', #2344, #837, #2120 ) ;
#1448 = VECTOR ( 'NONE', #1579, 1000.000000000000000 ) ;
#1449 = EDGE_CURVE ( 'NONE', #656, #2502, #1558, .T. ) ;
#1450 = CARTESIAN_POINT ( 'NONE',  ( -15.00000000000000355, 24.99999999999999289, 5.600000000000000533 ) ) ;
#1451 = VECTOR ( 'NONE', #2626, 1000.000000000000000 ) ;
#1452 = VECTOR ( 'NONE', #939, 1000.000000000000114 ) ;
#1453 = FACE_OUTER_BOUND ( 'NONE', #1849, .T. ) ;
#1454 = DIRECTION ( 'NONE',  ( 0.8660254037844387076, 0.4999999999999998335, 0.000000000000000000 ) ) ;
#1455 = AXIS2_PLACEMENT_3D ( 'NONE', #308, #1346, #2166 ) ;
#1456 = PLANE ( 'NONE',  #533 ) ;
#1457 = ORIENTED_EDGE ( 'NONE', *, *, #1464, .T. ) ;
#1458 = CIRCLE ( 'NONE', #2973, 1.000000000000000888 ) ;
#1459 = VERTEX_POINT ( 'NONE', #2846 ) ;
#1460 = ORIENTED_EDGE ( 'NONE', *, *, #3032, .F. ) ;
#1461 = CARTESIAN_POINT ( 'NONE',  ( -22.97927405783630306, -18.49999999999999645, 12.00000000000000000 ) ) ;
#1462 = ORIENTED_EDGE ( 'NONE', *, *, #901, .F. ) ;
#1463 = DIRECTION ( 'NONE',  ( 0.000000000000000000, 0.000000000000000000, 1.000000000000000000 ) ) ;
#1464 = EDGE_CURVE ( 'NONE', #1269, #2376, #1325, .T. ) ;
#1465 = CARTESIAN_POINT ( 'NONE',  ( -17.02072594216368984, 28.49999999999999289, 5.599999999999999645 ) ) ;
#1466 = DIRECTION ( 'NONE',  ( -1.000000000000000000, 0.000000000000000000, 0.000000000000000000 ) ) ;
#1467 = LINE ( 'NONE', #3066, #1885 ) ;
#1468 = CARTESIAN_POINT ( 'NONE',  ( -12.97927405783631194, 21.49999999999999289, 5.599999999999999645 ) ) ;
#1469 = CARTESIAN_POINT ( 'NONE',  ( -22.49999999999999289, -58.00000000000000000, 6.000000000000000000 ) ) ;
#1470 = PLANE ( 'NONE',  #1935 ) ;
#1471 = ORIENTED_EDGE ( 'NONE', *, *, #3049, .F. ) ;
#1472 = VERTEX_POINT ( 'NONE', #1531 ) ;
#1473 = FACE_OUTER_BOUND ( 'NONE', #2822, .T. ) ;
#1474 = VERTEX_POINT ( 'NONE', #2576 ) ;
#1475 = CARTESIAN_POINT ( 'NONE',  ( -22.49999999999999289, -58.00000000000000000, 12.00000000000000000 ) ) ;
#1476 = ORIENTED_EDGE ( 'NONE', *, *, #32, .T. ) ;
#1477 = CARTESIAN_POINT ( 'NONE',  ( 25.00000000000000000, 14.99999999999999822, 5.600000000000000533 ) ) ;
#1478 = DIRECTION ( 'NONE',  ( 0.000000000000000000, 0.000000000000000000, 1.000000000000000000 ) ) ;
#1479 = EDGE_CURVE ( 'NONE', #933, #1175, #243, .T. ) ;
#1480 = DIRECTION ( 'NONE',  ( -0.8660254037844385966, 0.5000000000000001110, 0.000000000000000000 ) ) ;
#1481 = LINE ( 'NONE', #2307, #854 ) ;
#1482 = CARTESIAN_POINT ( 'NONE',  ( 22.97927405783629951, 18.50000000000001776, 5.599999999999999645 ) ) ;
#1483 = CARTESIAN_POINT ( 'NONE',  ( -17.02072594216368984, 21.49999999999999289, 5.599999999999999645 ) ) ;
#1484 = ADVANCED_FACE ( 'NONE', ( #1566 ), #1129, .T. ) ;
#1485 = DIRECTION ( 'NONE',  ( -0.5000000000000003331, 0.8660254037844383745, 0.000000000000000000 ) ) ;
#1486 = ORIENTED_EDGE ( 'NONE', *, *, #722, .F. ) ;
#1487 = ORIENTED_EDGE ( 'NONE', *, *, #2451, .T. ) ;
#1488 = EDGE_CURVE ( 'NONE', #2402, #3268, #2655, .T. ) ;
#1489 = ORIENTED_EDGE ( 'NONE', *, *, #1988, .T. ) ;
#1490 = DIRECTION ( 'NONE',  ( 0.000000000000000000, 0.000000000000000000, 1.000000000000000000 ) ) ;
#1491 = ORIENTED_EDGE ( 'NONE', *, *, #2552, .F. ) ;
#1492 = DIRECTION ( 'NONE',  ( 1.000000000000000000, 0.000000000000000000, 0.000000000000000000 ) ) ;
#1493 = CARTESIAN_POINT ( 'NONE',  ( -26.99999999999999645, -15.00000000000000000, 0.000000000000000000 ) ) ;
#1494 = CIRCLE ( 'NONE', #3068, 12.00000000000000178 ) ;
#1495 = AXIS2_PLACEMENT_3D ( 'NONE', #631, #311, #2419 ) ;
#1496 = LINE ( 'NONE', #2508, #3031 ) ;
#1497 = CARTESIAN_POINT ( 'NONE',  ( -7.500000000000000000, 0.000000000000000000, 4.999999999999996447 ) ) ;
#1498 = DIRECTION ( 'NONE',  ( 0.000000000000000000, 0.000000000000000000, 1.000000000000000000 ) ) ;
#1499 = AXIS2_PLACEMENT_3D ( 'NONE', #1958, #1690, #2290 ) ;
#1500 = AXIS2_PLACEMENT_3D ( 'NONE', #1352, #332, #1330 ) ;
#1501 = AXIS2_PLACEMENT_3D ( 'NONE', #2392, #315, #1079 ) ;
#1502 = FACE_OUTER_BOUND ( 'NONE', #572, .T. ) ;
#1503 = CARTESIAN_POINT ( 'NONE',  ( 0.000000000000000000, 0.000000000000000000, 11.00000000000000000 ) ) ;
#1504 = VERTEX_POINT ( 'NONE', #2880 ) ;
#1505 = ADVANCED_FACE ( 'NONE', ( #40, #546 ), #2355, .T. ) ;
#1506 = AXIS2_PLACEMENT_3D ( 'NONE', #2766, #1516, #685 ) ;
#1507 = ORIENTED_EDGE ( 'NONE', *, *, #1185, .T. ) ;
#1508 = APPROVAL ( #2568, 'UNSPECIFIED' ) ;
#1509 = AXIS2_PLACEMENT_3D ( 'NONE', #1083, #2123, #2411 ) ;
#1510 = DIRECTION ( 'NONE',  ( -0.4999999999999997224, -0.8660254037844388186, 0.000000000000000000 ) ) ;
#1511 = ORIENTED_EDGE ( 'NONE', *, *, #162, .F. ) ;
#1512 = DIRECTION ( 'NONE',  ( 0.000000000000000000, 1.000000000000000000, 0.000000000000000000 ) ) ;
#1513 = ORIENTED_EDGE ( 'NONE', *, *, #1639, .F. ) ;
#1514 = CYLINDRICAL_SURFACE ( 'NONE', #1822, 2.000000000000001776 ) ;
#1515 = CARTESIAN_POINT ( 'NONE',  ( 0.000000000000000000, -35.50000000000000711, 0.000000000000000000 ) ) ;
#1516 = DIRECTION ( 'NONE',  ( 0.000000000000000000, 0.000000000000000000, 1.000000000000000000 ) ) ;
#1517 = CARTESIAN_POINT ( 'NONE',  ( -13.76008450578530784, -16.54152503051507139, 11.87555561111883229 ) ) ;
#1518 = CARTESIAN_POINT ( 'NONE',  ( 19.04145188432738323, 24.99999999999999645, 5.599999999999999645 ) ) ;
#1519 = DIRECTION ( 'NONE',  ( -0.000000000000000000, -0.000000000000000000, -1.000000000000000000 ) ) ;
#1520 = DIRECTION ( 'NONE',  ( -0.4999999999999997224, -0.8660254037844388186, 0.000000000000000000 ) ) ;
#1521 = ORIENTED_EDGE ( 'NONE', *, *, #506, .F. ) ;
#1522 = ORIENTED_EDGE ( 'NONE', *, *, #2631, .T. ) ;
#1523 = DATE_AND_TIME ( #1538, #1768 ) ;
#1524 = VERTEX_POINT ( 'NONE', #2079 ) ;
#1525 = CARTESIAN_POINT ( 'NONE',  ( -14.99999999999999645, -19.00000000000000000, 12.00000000000000000 ) ) ;
#1526 = EDGE_CURVE ( 'NONE', #2811, #2772, #1074, .T. ) ;
#1527 = ORIENTED_EDGE ( 'NONE', *, *, #3222, .F. ) ;
#1528 = LINE ( 'NONE', #1792, #1771 ) ;
#1529 = DIRECTION ( 'NONE',  ( -2.224682787611483384E-16, 1.000000000000000000, 0.000000000000000000 ) ) ;
#1530 = ADVANCED_FACE ( 'NONE', ( #1295 ), #1580, .F. ) ;
#1531 = CARTESIAN_POINT ( 'NONE',  ( -27.02072594216369339, 18.49999999999999645, 5.599999999999999645 ) ) ;
#1532 = DIRECTION ( 'NONE',  ( -0.000000000000000000, 1.000000000000000000, 0.000000000000000000 ) ) ;
#1533 = DIRECTION ( 'NONE',  ( -1.000000000000000000, 1.224646799147351482E-16, 0.000000000000000000 ) ) ;
#1534 = CARTESIAN_POINT ( 'NONE',  ( -24.99999999999999645, -15.00000000000000000, 0.000000000000000000 ) ) ;
#1535 = DIRECTION ( 'NONE',  ( -0.000000000000000000, -0.000000000000000000, -1.000000000000000000 ) ) ;
#1536 = VERTEX_POINT ( 'NONE', #2610 ) ;
#1537 = ORIENTED_EDGE ( 'NONE', *, *, #779, .T. ) ;
#1538 = CALENDAR_DATE ( 2024, 26, 9 ) ;
#1539 = EDGE_LOOP ( 'NONE', ( #1837, #357, #1816, #2948 ) ) ;
#1540 = ORIENTED_EDGE ( 'NONE', *, *, #1141, .T. ) ;
#1541 = LINE ( 'NONE', #2588, #2255 ) ;
#1542 = CARTESIAN_POINT ( 'NONE',  ( -22.50000000000000000, -26.80951323690903365, 12.00000000000000000 ) ) ;
#1543 = EDGE_CURVE ( 'NONE', #1524, #810, #277, .T. ) ;
#1544 = AXIS2_PLACEMENT_3D ( 'NONE', #1651, #1637, #2676 ) ;
#1545 = CARTESIAN_POINT ( 'NONE',  ( -12.99999999999999645, -19.00000000000000000, -6.000000000000001776 ) ) ;
#1546 = CARTESIAN_POINT ( 'NONE',  ( 21.00000000000000000, 0.000000000000000000, 9.000000000000001776 ) ) ;
#1547 = CARTESIAN_POINT ( 'NONE',  ( -20.95854811567261322, -15.00000000000000000, 12.00000000000000000 ) ) ;
#1548 = ADVANCED_FACE ( 'NONE', ( #1310 ), #2642, .F. ) ;
#1549 = VECTOR ( 'NONE', #577, 1000.000000000000000 ) ;
#1550 = VECTOR ( 'NONE', #1582, 1000.000000000000000 ) ;
#1551 = FACE_BOUND ( 'NONE', #832, .T. ) ;
#1552 = AXIS2_PLACEMENT_3D ( 'NONE', #3008, #2251, #3030 ) ;
#1553 = LINE ( 'NONE', #10, #2156 ) ;
#1554 = ORIENTED_EDGE ( 'NONE', *, *, #2841, .T. ) ;
#1555 = ORIENTED_EDGE ( 'NONE', *, *, #205, .F. ) ;
#1556 = VECTOR ( 'NONE', #2441, 1000.000000000000000 ) ;
#1557 = AXIS2_PLACEMENT_3D ( 'NONE', #231, #1265, #3279 ) ;
#1558 = CIRCLE ( 'NONE', #2763, 7.500000000000000000 ) ;
#1559 = DATE_TIME_ROLE ( 'classification_date' ) ;
#1560 = ORIENTED_EDGE ( 'NONE', *, *, #3110, .F. ) ;
#1561 = VECTOR ( 'NONE', #2322, 1000.000000000000000 ) ;
#1562 = ORIENTED_EDGE ( 'NONE', *, *, #2348, .F. ) ;
#1563 = DIRECTION ( 'NONE',  ( 1.000000000000000000, 0.000000000000000000, 0.000000000000000000 ) ) ;
#1564 = DIRECTION ( 'NONE',  ( 1.000000000000000000, 0.000000000000000000, 0.000000000000000000 ) ) ;
#1565 = EDGE_CURVE ( 'NONE', #1770, #1333, #647, .T. ) ;
#1566 = FACE_OUTER_BOUND ( 'NONE', #3163, .T. ) ;
#1567 = CARTESIAN_POINT ( 'NONE',  ( 10.95854811567261855, 24.99999999999999645, 5.599999999999999645 ) ) ;
#1568 = CARTESIAN_POINT ( 'NONE',  ( 0.000000000000000000, 0.000000000000000000, 11.00000000000000000 ) ) ;
#1569 = CARTESIAN_POINT ( 'NONE',  ( 22.49999999999998934, -26.09059482525680451, 11.89971843290634546 ) ) ;
#1570 = DIRECTION ( 'NONE',  ( 0.000000000000000000, -1.000000000000000000, 0.000000000000000000 ) ) ;
#1571 = EDGE_LOOP ( 'NONE', ( #714, #2776 ) ) ;
#1572 = ADVANCED_FACE ( 'NONE', ( #356 ), #1374, .F. ) ;
#1573 = ORIENTED_EDGE ( 'NONE', *, *, #568, .F. ) ;
#1574 = ADVANCED_FACE ( 'NONE', ( #2928 ), #1360, .F. ) ;
#1575 = COORDINATED_UNIVERSAL_TIME_OFFSET ( 9, 0, .AHEAD. ) ;
#1576 = ORIENTED_EDGE ( 'NONE', *, *, #929, .F. ) ;
#1577 = EDGE_LOOP ( 'NONE', ( #2572, #1064, #1124, #658 ) ) ;
#1578 = FACE_BOUND ( 'NONE', #3216, .T. ) ;
#1579 = DIRECTION ( 'NONE',  ( -1.000000000000000000, -2.224682787611483384E-16, -0.000000000000000000 ) ) ;
#1580 = PLANE ( 'NONE',  #640 ) ;
#1581 = CARTESIAN_POINT ( 'NONE',  ( 13.00000000000000533, -19.00000000000000355, -6.000000000000001776 ) ) ;
#1582 = DIRECTION ( 'NONE',  ( 2.224682787611483384E-16, -1.000000000000000000, 0.000000000000000000 ) ) ;
#1583 = ADVANCED_FACE ( 'NONE', ( #327 ), #2129, .F. ) ;
#1584 = DIRECTION ( 'NONE',  ( -0.4999999999999997780, -0.8660254037844387076, 0.000000000000000000 ) ) ;
#1585 = PLANE ( 'NONE',  #2377 ) ;
#1586 = ORIENTED_EDGE ( 'NONE', *, *, #801, .T. ) ;
#1587 = EDGE_CURVE ( 'NONE', #1697, #2684, #1123, .T. ) ;
#1588 = ORIENTED_EDGE ( 'NONE', *, *, #701, .F. ) ;
#1589 = DIRECTION ( 'NONE',  ( 1.000000000000000000, 0.000000000000000000, 0.000000000000000000 ) ) ;
#1590 = COORDINATED_UNIVERSAL_TIME_OFFSET ( 9, 0, .AHEAD. ) ;
#1591 = EDGE_CURVE ( 'NONE', #3301, #82, #1890, .T. ) ;
#1592 = ORIENTED_EDGE ( 'NONE', *, *, #595, .T. ) ;
#1593 = ORIENTED_EDGE ( 'NONE', *, *, #1277, .T. ) ;
#1594 = DIRECTION ( 'NONE',  ( -0.000000000000000000, -0.000000000000000000, 1.000000000000000000 ) ) ;
#1595 = DIRECTION ( 'NONE',  ( -0.000000000000000000, -0.000000000000000000, 1.000000000000000000 ) ) ;
#1596 = LINE ( 'NONE', #497, #2491 ) ;
#1597 =( GEOMETRIC_REPRESENTATION_CONTEXT ( 3 ) GLOBAL_UNCERTAINTY_ASSIGNED_CONTEXT ( ( #3184 ) ) GLOBAL_UNIT_ASSIGNED_CONTEXT ( ( #2553, #1206, #2773 ) ) REPRESENTATION_CONTEXT ( 'NONE', 'WORKASPACE' ) );
#1598 = VERTEX_POINT ( 'NONE', #610 ) ;
#1599 = DIRECTION ( 'NONE',  ( 1.000000000000000000, 0.000000000000000000, 0.000000000000000000 ) ) ;
#1600 = LINE ( 'NONE', #2977, #3350 ) ;
#1601 = PERSON ( 'UNSPECIFIED', 'UNSPECIFIED', 'UNSPECIFIED', ('UNSPECIFIED'), ('UNSPECIFIED'), ('UNSPECIFIED') ) ;
#1602 = DIRECTION ( 'NONE',  ( 0.000000000000000000, 0.000000000000000000, 1.000000000000000000 ) ) ;
#1603 = CARTESIAN_POINT ( 'NONE',  ( -25.00000000000000000, 15.00000000000000000, 0.000000000000000000 ) ) ;
#1604 = ORIENTED_EDGE ( 'NONE', *, *, #2387, .T. ) ;
#1605 = AXIS2_PLACEMENT_3D ( 'NONE', #1105, #341, #1362 ) ;
#1606 = VERTEX_POINT ( 'NONE', #1687 ) ;
#1607 = AXIS2_PLACEMENT_3D ( 'NONE', #343, #2691, #870 ) ;
#1608 = CARTESIAN_POINT ( 'NONE',  ( 27.02072594216368273, 18.50000000000001776, 5.599999999999999645 ) ) ;
#1609 = AXIS2_PLACEMENT_3D ( 'NONE', #3180, #2155, #3201 ) ;
#1610 = CIRCLE ( 'NONE', #92, 34.00000000000000000 ) ;
#1611 = ORIENTED_EDGE ( 'NONE', *, *, #2740, .F. ) ;
#1612 = VECTOR ( 'NONE', #487, 1000.000000000000000 ) ;
#1613 = AXIS2_PLACEMENT_3D ( 'NONE', #1391, #1667, #338 ) ;
#1614 = ADVANCED_FACE ( 'NONE', ( #1938 ), #2401, .F. ) ;
#1615 = ORIENTED_EDGE ( 'NONE', *, *, #2321, .F. ) ;
#1616 = LINE ( 'NONE', #106, #1826 ) ;
#1617 = LINE ( 'NONE', #2127, #1994 ) ;
#1618 = CIRCLE ( 'NONE', #750, 1.999999999999998224 ) ;
#1619 = CARTESIAN_POINT ( 'NONE',  ( 13.51998943991400992, -16.67807525286222869, 11.84798214392402471 ) ) ;
#1620 = ORIENTED_EDGE ( 'NONE', *, *, #3179, .F. ) ;
#1621 = VECTOR ( 'NONE', #2232, 1000.000000000000000 ) ;
#1622 = CARTESIAN_POINT ( 'NONE',  ( -29.04145188432737257, -14.99999999999999822, 5.599999999999999645 ) ) ;
#1623 = CARTESIAN_POINT ( 'NONE',  ( -22.97927405783631016, 11.50000000000000178, 12.00000000000000000 ) ) ;
#1624 = FACE_BOUND ( 'NONE', #488, .T. ) ;
#1625 = DIRECTION ( 'NONE',  ( -0.000000000000000000, -0.000000000000000000, 1.000000000000000000 ) ) ;
#1626 = ORIENTED_EDGE ( 'NONE', *, *, #627, .F. ) ;
#1627 = ORIENTED_EDGE ( 'NONE', *, *, #528, .T. ) ;
#1628 = DIRECTION ( 'NONE',  ( 1.000000000000000000, 0.000000000000000000, 0.000000000000000000 ) ) ;
#1629 = EDGE_LOOP ( 'NONE', ( #1627, #400, #2566, #1406, #3000, #2808, #2463, #3300 ) ) ;
#1630 = EDGE_CURVE ( 'NONE', #1331, #2075, #2222, .T. ) ;
#1631 = CARTESIAN_POINT ( 'NONE',  ( 0.000000000000000000, 0.000000000000000000, 9.000000000000001776 ) ) ;
#1632 = LINE ( 'NONE', #1371, #2652 ) ;
#1633 = EDGE_CURVE ( 'NONE', #2722, #89, #2941, .T. ) ;
#1634 = EDGE_CURVE ( 'NONE', #1047, #1408, #207, .T. ) ;
#1635 = DIRECTION ( 'NONE',  ( 1.000000000000000000, 0.000000000000000000, 0.000000000000000000 ) ) ;
#1636 = ORIENTED_EDGE ( 'NONE', *, *, #2175, .T. ) ;
#1637 = DIRECTION ( 'NONE',  ( -0.000000000000000000, -0.000000000000000000, -1.000000000000000000 ) ) ;
#1638 = PLANE ( 'NONE',  #2373 ) ;
#1639 = EDGE_CURVE ( 'NONE', #594, #2787, #1618, .T. ) ;
#1640 = DIRECTION ( 'NONE',  ( 1.000000000000000000, 0.000000000000000000, -0.000000000000000000 ) ) ;
#1641 = FACE_OUTER_BOUND ( 'NONE', #15, .T. ) ;
#1642 = ORIENTED_EDGE ( 'NONE', *, *, #1155, .T. ) ;
#1643 = ORIENTED_EDGE ( 'NONE', *, *, #1273, .T. ) ;
#1644 = DIRECTION ( 'NONE',  ( 0.000000000000000000, 0.000000000000000000, 1.000000000000000000 ) ) ;
#1645 = PRODUCT_DEFINITION_SHAPE ( 'NONE', 'NONE',  #1300 ) ;
#1646 = ORIENTED_EDGE ( 'NONE', *, *, #571, .T. ) ;
#1647 = DIRECTION ( 'NONE',  ( 0.000000000000000000, -1.000000000000000000, 0.000000000000000000 ) ) ;
#1648 = LINE ( 'NONE', #2434, #470 ) ;
#1649 = CARTESIAN_POINT ( 'NONE',  ( -27.02072594216369339, 18.49999999999999645, 5.599999999999999645 ) ) ;
#1650 = ORIENTED_EDGE ( 'NONE', *, *, #402, .T. ) ;
#1651 = CARTESIAN_POINT ( 'NONE',  ( 15.00000000000000355, -19.00000000000000355, 2.000000000000000000 ) ) ;
#1652 = ADVANCED_FACE ( 'NONE', ( #108, #1670 ), #1144, .T. ) ;
#1653 = FACE_BOUND ( 'NONE', #3039, .T. ) ;
#1654 = EDGE_CURVE ( 'NONE', #392, #1899, #2543, .T. ) ;
#1655 = DIRECTION ( 'NONE',  ( -0.000000000000000000, -0.000000000000000000, 1.000000000000000000 ) ) ;
#1656 = DIRECTION ( 'NONE',  ( 0.000000000000000000, 0.000000000000000000, 1.000000000000000000 ) ) ;
#1657 = ADVANCED_FACE ( 'NONE', ( #2791 ), #440, .F. ) ;
#1658 = LINE ( 'NONE', #2934, #3015 ) ;
#1659 = ORIENTED_EDGE ( 'NONE', *, *, #285, .F. ) ;
#1660 = VECTOR ( 'NONE', #59, 1000.000000000000000 ) ;
#1661 = CARTESIAN_POINT ( 'NONE',  ( 26.50000000000001776, -26.80951323690902299, 12.00000000000000000 ) ) ;
#1662 = ORIENTED_EDGE ( 'NONE', *, *, #3003, .T. ) ;
#1663 = AXIS2_PLACEMENT_3D ( 'NONE', #2501, #403, #186 ) ;
#1664 = AXIS2_PLACEMENT_3D ( 'NONE', #2833, #499, #1533 ) ;
#1665 = AXIS2_PLACEMENT_3D ( 'NONE', #2878, #1808, #1821 ) ;
#1666 = DIRECTION ( 'NONE',  ( -0.000000000000000000, -0.000000000000000000, -1.000000000000000000 ) ) ;
#1667 = DIRECTION ( 'NONE',  ( 0.000000000000000000, 0.000000000000000000, 1.000000000000000000 ) ) ;
#1668 = AXIS2_PLACEMENT_3D ( 'NONE', #1910, #1656, #2473 ) ;
#1669 = TOROIDAL_SURFACE ( 'NONE', #1727, 34.00000000000000000, 1.000000000000000000 ) ;
#1670 = FACE_BOUND ( 'NONE', #2947, .T. ) ;
#1671 = ORIENTED_EDGE ( 'NONE', *, *, #1323, .F. ) ;
#1672 = DIRECTION ( 'NONE',  ( -0.000000000000000000, -0.000000000000000000, 1.000000000000000000 ) ) ;
#1673 = DIRECTION ( 'NONE',  ( 0.5000000000000000000, -0.8660254037844385966, 0.000000000000000000 ) ) ;
#1674 = VECTOR ( 'NONE', #2274, 1000.000000000000000 ) ;
#1675 = ADVANCED_FACE ( 'NONE', ( #3258 ), #1208, .F. ) ;
#1676 = AXIS2_PLACEMENT_3D ( 'NONE', #1152, #416, #1136 ) ;
#1677 = FACE_OUTER_BOUND ( 'NONE', #1891, .T. ) ;
#1678 = CARTESIAN_POINT ( 'NONE',  ( -35.00000000000000000, 0.000000000000000000, 11.00000000000000000 ) ) ;
#1679 = ORIENTED_EDGE ( 'NONE', *, *, #326, .F. ) ;
#1680 = ORIENTED_EDGE ( 'NONE', *, *, #835, .T. ) ;
#1681 = EDGE_CURVE ( 'NONE', #1733, #2760, #2380, .T. ) ;
#1682 = DIRECTION ( 'NONE',  ( 0.000000000000000000, 0.000000000000000000, 1.000000000000000000 ) ) ;
#1683 = ORIENTED_EDGE ( 'NONE', *, *, #2044, .F. ) ;
#1684 = ORIENTED_EDGE ( 'NONE', *, *, #737, .F. ) ;
#1685 = EDGE_CURVE ( 'NONE', #2144, #1238, #155, .T. ) ;
#1686 = CARTESIAN_POINT ( 'NONE',  ( 12.97927405783630839, 28.49999999999999645, 5.599999999999999645 ) ) ;
#1687 = CARTESIAN_POINT ( 'NONE',  ( -14.82411843049279554, -16.25563018645305746, 12.00000000000000000 ) ) ;
#1688 = ORIENTED_EDGE ( 'NONE', *, *, #2093, .F. ) ;
#1689 = DIRECTION ( 'NONE',  ( 1.224646799147353207E-16, 1.000000000000000000, -0.000000000000000000 ) ) ;
#1690 = DIRECTION ( 'NONE',  ( -0.000000000000000000, -0.000000000000000000, 1.000000000000000000 ) ) ;
#1691 = CARTESIAN_POINT ( 'NONE',  ( -22.49999999999999289, -58.00000000000000000, 0.000000000000000000 ) ) ;
#1692 = CARTESIAN_POINT ( 'NONE',  ( 22.49999999999999289, -26.80951323690903010, 11.00000000000000000 ) ) ;
#1693 = VERTEX_POINT ( 'NONE', #1461 ) ;
#1694 = ADVANCED_FACE ( 'NONE', ( #3308 ), #2810, .F. ) ;
#1695 = VERTEX_POINT ( 'NONE', #3027 ) ;
#1696 = LINE ( 'NONE', #2702, #2048 ) ;
#1697 = VERTEX_POINT ( 'NONE', #916 ) ;
#1698 = EDGE_LOOP ( 'NONE', ( #2284, #2499, #752, #1688 ) ) ;
#1699 = LINE ( 'NONE', #421, #785 ) ;
#1700 = EDGE_LOOP ( 'NONE', ( #1395, #1748, #2005, #2395 ) ) ;
#1701 = DIRECTION ( 'NONE',  ( 0.4999999999999996669, 0.8660254037844388186, 0.000000000000000000 ) ) ;
#1702 = ORIENTED_EDGE ( 'NONE', *, *, #2548, .T. ) ;
#1703 = DIRECTION ( 'NONE',  ( -0.000000000000000000, 0.000000000000000000, 1.000000000000000000 ) ) ;
#1704 = DIRECTION ( 'NONE',  ( 0.4999999999999998890, -0.8660254037844387076, 0.000000000000000000 ) ) ;
#1705 = CYLINDRICAL_SURFACE ( 'NONE', #802, 35.00000000000000000 ) ;
#1706 = CARTESIAN_POINT ( 'NONE',  ( 0.000000000000000000, 0.000000000000000000, 12.00000000000000000 ) ) ;
#1707 = FACE_OUTER_BOUND ( 'NONE', #1914, .T. ) ;
#1708 = ORIENTED_EDGE ( 'NONE', *, *, #2782, .F. ) ;
#1709 = DIRECTION ( 'NONE',  ( -1.000000000000000000, -2.224682787611483384E-16, -0.000000000000000000 ) ) ;
#1710 = ORIENTED_EDGE ( 'NONE', *, *, #1937, .T. ) ;
#1711 = ORIENTED_EDGE ( 'NONE', *, *, #1032, .F. ) ;
#1712 = ADVANCED_FACE ( 'NONE', ( #2487 ), #2924, .T. ) ;
#1713 = DIRECTION ( 'NONE',  ( -0.000000000000000000, -0.000000000000000000, -1.000000000000000000 ) ) ;
#1714 = VECTOR ( 'NONE', #90, 1000.000000000000227 ) ;
#1715 = VECTOR ( 'NONE', #669, 1000.000000000000000 ) ;
#1716 = ORIENTED_EDGE ( 'NONE', *, *, #1630, .F. ) ;
#1717 = EDGE_CURVE ( 'NONE', #1431, #151, #266, .T. ) ;
#1718 = AXIS2_PLACEMENT_3D ( 'NONE', #3189, #1106, #2645 ) ;
#1719 = CYLINDRICAL_SURFACE ( 'NONE', #3033, 7.500000000000000000 ) ;
#1720 = VERTEX_POINT ( 'NONE', #969 ) ;
#1721 = CARTESIAN_POINT ( 'NONE',  ( -27.02072594216368984, 11.50000000000000178, 12.00000000000000000 ) ) ;
#1722 = CARTESIAN_POINT ( 'NONE',  ( 17.00000000000000000, -19.00000000000000355, -6.000000000000001776 ) ) ;
#1723 = VECTOR ( 'NONE', #2883, 1000.000000000000000 ) ;
#1724 = AXIS2_PLACEMENT_3D ( 'NONE', #2991, #666, #935 ) ;
#1725 = LINE ( 'NONE', #1248, #697 ) ;
#1726 = VECTOR ( 'NONE', #1327, 1000.000000000000000 ) ;
#1727 = AXIS2_PLACEMENT_3D ( 'NONE', #281, #1828, #3106 ) ;
#1728 = DIRECTION ( 'NONE',  ( -1.000000000000000000, 0.000000000000000000, 0.000000000000000000 ) ) ;
#1729 = FACE_OUTER_BOUND ( 'NONE', #80, .T. ) ;
#1730 = VECTOR ( 'NONE', #2561, 1000.000000000000000 ) ;
#1731 = CARTESIAN_POINT ( 'NONE',  ( -17.02072594216368984, 21.49999999999999289, 12.00000000000000000 ) ) ;
#1732 = LINE ( 'NONE', #1282, #312 ) ;
#1733 = VERTEX_POINT ( 'NONE', #948 ) ;
#1734 = AXIS2_PLACEMENT_3D ( 'NONE', #349, #926, #2428 ) ;
#1735 = ORIENTED_EDGE ( 'NONE', *, *, #2181, .T. ) ;
#1736 = EDGE_CURVE ( 'NONE', #3093, #1979, #3044, .T. ) ;
#1737 = VERTEX_POINT ( 'NONE', #2503 ) ;
#1738 = DIRECTION ( 'NONE',  ( 0.000000000000000000, 0.000000000000000000, 1.000000000000000000 ) ) ;
#1739 = ORIENTED_EDGE ( 'NONE', *, *, #747, .T. ) ;
#1740 = DIRECTION ( 'NONE',  ( 0.000000000000000000, 0.000000000000000000, 1.000000000000000000 ) ) ;
#1741 = DIRECTION ( 'NONE',  ( 0.000000000000000000, 1.000000000000000000, 0.000000000000000000 ) ) ;
#1742 = ADVANCED_FACE ( 'NONE', ( #208 ), #1955, .F. ) ;
#1743 = CARTESIAN_POINT ( 'NONE',  ( -19.49999999999999645, -54.99999999999998579, 6.577099041022347770 ) ) ;
#1744 = CARTESIAN_POINT ( 'NONE',  ( -12.58346969693291939, -17.68015477928804557, 11.95663700364501381 ) ) ;
#1745 = DIRECTION ( 'NONE',  ( -0.000000000000000000, -0.000000000000000000, 1.000000000000000000 ) ) ;
#1746 = CARTESIAN_POINT ( 'NONE',  ( 22.97927405783629951, 11.49999999999998579, 5.599999999999999645 ) ) ;
#1747 = LINE ( 'NONE', #2786, #2704 ) ;
#1748 = ORIENTED_EDGE ( 'NONE', *, *, #287, .T. ) ;
#1749 = ORIENTED_EDGE ( 'NONE', *, *, #222, .F. ) ;
#1750 = CARTESIAN_POINT ( 'NONE',  ( 0.000000000000000000, 0.000000000000000000, 0.000000000000000000 ) ) ;
#1751 = VERTEX_POINT ( 'NONE', #159 ) ;
#1752 = DIRECTION ( 'NONE',  ( 0.8660254037844388186, -0.4999999999999996669, 0.000000000000000000 ) ) ;
#1753 = ORIENTED_EDGE ( 'NONE', *, *, #3343, .F. ) ;
#1754 = DIRECTION ( 'NONE',  ( 0.000000000000000000, 0.000000000000000000, 1.000000000000000000 ) ) ;
#1755 = CYLINDRICAL_SURFACE ( 'NONE', #1987, 2.000000000000001776 ) ;
#1756 = EDGE_CURVE ( 'NONE', #1751, #148, #188, .T. ) ;
#1757 = DIRECTION ( 'NONE',  ( -0.000000000000000000, -0.000000000000000000, -1.000000000000000000 ) ) ;
#1758 = DIRECTION ( 'NONE',  ( -0.000000000000000000, -0.000000000000000000, 1.000000000000000000 ) ) ;
#1759 = CARTESIAN_POINT ( 'NONE',  ( -15.49999999999999289, -50.15627297532785178, 0.000000000000000000 ) ) ;
#1760 = EDGE_CURVE ( 'NONE', #1737, #2760, #1458, .T. ) ;
#1761 = LINE ( 'NONE', #741, #2161 ) ;
#1762 = CARTESIAN_POINT ( 'NONE',  ( -22.50000000000000355, -25.79417134713045101, 11.98075960682727015 ) ) ;
#1763 = ORIENTED_EDGE ( 'NONE', *, *, #724, .F. ) ;
#1764 = ORIENTED_EDGE ( 'NONE', *, *, #676, .F. ) ;
#1765 = APPROVAL_PERSON_ORGANIZATION ( #777, #2007, #521 ) ;
#1766 = DIRECTION ( 'NONE',  ( 1.000000000000000000, 0.000000000000000000, 0.000000000000000000 ) ) ;
#1767 = ORIENTED_EDGE ( 'NONE', *, *, #2552, .T. ) ;
#1768 = LOCAL_TIME ( 23, 17, 55.00000000000000000, #1590 ) ;
#1769 = DIRECTION ( 'NONE',  ( -0.5000000000000001110, 0.8660254037844385966, 0.000000000000000000 ) ) ;
#1770 = VERTEX_POINT ( 'NONE', #477 ) ;
#1771 = VECTOR ( 'NONE', #2829, 1000.000000000000000 ) ;
#1772 = LINE ( 'NONE', #2812, #2369 ) ;
#1773 = DIRECTION ( 'NONE',  ( -0.000000000000000000, -0.000000000000000000, 1.000000000000000000 ) ) ;
#1774 = VECTOR ( 'NONE', #3138, 1000.000000000000000 ) ;
#1775 = PLANE ( 'NONE',  #3361 ) ;
#1776 = LINE ( 'NONE', #2562, #1127 ) ;
#1777 = FACE_OUTER_BOUND ( 'NONE', #981, .T. ) ;
#1778 = CIRCLE ( 'NONE', #2753, 34.00000000000000000 ) ;
#1779 = EDGE_CURVE ( 'NONE', #1102, #924, #663, .T. ) ;
#1780 = VECTOR ( 'NONE', #2187, 1000.000000000000000 ) ;
#1781 = VECTOR ( 'NONE', #1655, 1000.000000000000000 ) ;
#1782 = DIRECTION ( 'NONE',  ( 1.000000000000000000, 0.000000000000000000, -0.000000000000000000 ) ) ;
#1783 = CARTESIAN_POINT ( 'NONE',  ( 27.00000000000001066, -15.00000000000000000, -6.000000000000001776 ) ) ;
#1784 = ORIENTED_EDGE ( 'NONE', *, *, #246, .T. ) ;
#1785 = CIRCLE ( 'NONE', #1889, 2.000000000000000000 ) ;
#1786 = ORIENTED_EDGE ( 'NONE', *, *, #2738, .F. ) ;
#1787 = EDGE_CURVE ( 'NONE', #507, #3187, #3272, .T. ) ;
#1788 = ADVANCED_FACE ( 'NONE', ( #679 ), #1719, .F. ) ;
#1789 = ORIENTED_EDGE ( 'NONE', *, *, #2329, .T. ) ;
#1790 = CARTESIAN_POINT ( 'NONE',  ( 20.95854811567261677, -14.99999999999999467, 12.00000000000000000 ) ) ;
#1791 = ORIENTED_EDGE ( 'NONE', *, *, #1026, .T. ) ;
#1792 = CARTESIAN_POINT ( 'NONE',  ( 22.49999999999999289, -26.80951323690903010, 12.00000000000000000 ) ) ;
#1793 = DIRECTION ( 'NONE',  ( -1.000000000000000000, -2.224682787611483384E-16, -0.000000000000000000 ) ) ;
#1794 = LINE ( 'NONE', #6, #587 ) ;
#1795 = DIRECTION ( 'NONE',  ( 0.000000000000000000, -0.000000000000000000, 1.000000000000000000 ) ) ;
#1796 = DIRECTION ( 'NONE',  ( -0.000000000000000000, -0.000000000000000000, 1.000000000000000000 ) ) ;
#1797 = FACE_OUTER_BOUND ( 'NONE', #2718, .T. ) ;
#1798 = CARTESIAN_POINT ( 'NONE',  ( -22.49999999999999645, -25.64359813866665760, 12.00000000000000178 ) ) ;
#1799 = EDGE_LOOP ( 'NONE', ( #569, #1291, #3018, #1043 ) ) ;
#1800 = EDGE_LOOP ( 'NONE', ( #1289, #1417, #518, #385 ) ) ;
#1801 = EDGE_CURVE ( 'NONE', #1948, #2755, #2710, .T. ) ;
#1802 = APPROVAL_DATE_TIME ( #1045, #2007 ) ;
#1803 = VERTEX_POINT ( 'NONE', #1098 ) ;
#1804 = ADVANCED_FACE ( 'NONE', ( #3079 ), #1898, .F. ) ;
#1805 = CARTESIAN_POINT ( 'NONE',  ( 17.75000000000000355, -19.00000000000000355, 12.00000000000000000 ) ) ;
#1806 = EDGE_LOOP ( 'NONE', ( #238, #234, #1636, #664 ) ) ;
#1807 = CARTESIAN_POINT ( 'NONE',  ( 0.000000000000000000, 0.000000000000000000, 12.00000000000000000 ) ) ;
#1808 = DIRECTION ( 'NONE',  ( 0.000000000000000000, 0.000000000000000000, 1.000000000000000000 ) ) ;
#1809 = DIRECTION ( 'NONE',  ( 0.000000000000000000, 0.000000000000000000, -1.000000000000000000 ) ) ;
#1810 = DIRECTION ( 'NONE',  ( -1.000000000000000000, 0.000000000000000000, 0.000000000000000000 ) ) ;
#1811 = DIRECTION ( 'NONE',  ( -1.000000000000000000, 0.000000000000000000, 0.000000000000000000 ) ) ;
#1812 = DIRECTION ( 'NONE',  ( -0.000000000000000000, -0.000000000000000000, -1.000000000000000000 ) ) ;
#1813 = CARTESIAN_POINT ( 'NONE',  ( -14.99999999999999645, -19.00000000000000000, 2.000000000000000000 ) ) ;
#1814 = ORIENTED_EDGE ( 'NONE', *, *, #655, .T. ) ;
#1815 = ORIENTED_EDGE ( 'NONE', *, *, #2862, .F. ) ;
#1816 = ORIENTED_EDGE ( 'NONE', *, *, #1437, .F. ) ;
#1817 = ADVANCED_FACE ( 'NONE', ( #1001, #335 ), #1018, .T. ) ;
#1818 = CIRCLE ( 'NONE', #953, 1.999999999999998224 ) ;
#1819 = ORIENTED_EDGE ( 'NONE', *, *, #1423, .F. ) ;
#1820 = DIRECTION ( 'NONE',  ( 0.4999999999999993339, 0.8660254037844390407, 0.000000000000000000 ) ) ;
#1821 = DIRECTION ( 'NONE',  ( 1.000000000000000000, 0.000000000000000000, 0.000000000000000000 ) ) ;
#1822 = AXIS2_PLACEMENT_3D ( 'NONE', #3288, #934, #175 ) ;
#1823 = CARTESIAN_POINT ( 'NONE',  ( 0.000000000000000000, -35.50000000000000711, 12.00000000000000000 ) ) ;
#1824 = FACE_OUTER_BOUND ( 'NONE', #1799, .T. ) ;
#1825 = CARTESIAN_POINT ( 'NONE',  ( 0.000000000000000000, -35.50000000000000711, 12.00000000000000000 ) ) ;
#1826 = VECTOR ( 'NONE', #2658, 1000.000000000000000 ) ;
#1827 = AXIS2_PLACEMENT_3D ( 'NONE', #2798, #938, #1184 ) ;
#1828 = DIRECTION ( 'NONE',  ( 0.000000000000000000, 0.000000000000000000, 1.000000000000000000 ) ) ;
#1829 = AXIS2_PLACEMENT_3D ( 'NONE', #3289, #1741, #2794 ) ;
#1830 = DIRECTION ( 'NONE',  ( 0.000000000000000000, -0.000000000000000000, 1.000000000000000000 ) ) ;
#1831 = ORIENTED_EDGE ( 'NONE', *, *, #1543, .T. ) ;
#1832 = ORIENTED_EDGE ( 'NONE', *, *, #1681, .F. ) ;
#1833 = TOROIDAL_SURFACE ( 'NONE', #2481, 34.00000000000000000, 1.000000000000000000 ) ;
#1834 = AXIS2_PLACEMENT_3D ( 'NONE', #331, #856, #1364 ) ;
#1835 = AXIS2_PLACEMENT_3D ( 'NONE', #2453, #1411, #2416 ) ;
#1836 = DATE_AND_TIME ( #3124, #1219 ) ;
#1837 = ORIENTED_EDGE ( 'NONE', *, *, #1863, .T. ) ;
#1838 = VECTOR ( 'NONE', #300, 1000.000000000000000 ) ;
#1839 = EDGE_LOOP ( 'NONE', ( #170, #2352 ) ) ;
#1840 = FACE_OUTER_BOUND ( 'NONE', #763, .T. ) ;
#1841 = EDGE_CURVE ( 'NONE', #1271, #2337, #570, .T. ) ;
#1842 = CARTESIAN_POINT ( 'NONE',  ( 19.04145188432738323, 24.99999999999999645, 12.00000000000000000 ) ) ;
#1843 = CARTESIAN_POINT ( 'NONE',  ( -12.24999999999999822, -19.00000000000000000, 2.000000000000000000 ) ) ;
#1844 = FACE_BOUND ( 'NONE', #2410, .T. ) ;
#1845 = ADVANCED_FACE ( 'NONE', ( #1368 ), #223, .F. ) ;
#1846 = DIRECTION ( 'NONE',  ( 0.000000000000000000, 1.000000000000000000, 0.000000000000000000 ) ) ;
#1847 = FACE_BOUND ( 'NONE', #3094, .T. ) ;
#1848 = EDGE_CURVE ( 'NONE', #2684, #397, #2902, .T. ) ;
#1849 = EDGE_LOOP ( 'NONE', ( #3166, #2535, #3113, #2894 ) ) ;
#1850 = DATE_TIME_ROLE ( 'creation_date' ) ;
#1851 = ORIENTED_EDGE ( 'NONE', *, *, #2309, .F. ) ;
#1852 = ORIENTED_EDGE ( 'NONE', *, *, #2263, .F. ) ;
#1853 = DIRECTION ( 'NONE',  ( -1.000000000000000000, -4.449365575222965782E-16, 0.000000000000000000 ) ) ;
#1854 = FACE_OUTER_BOUND ( 'NONE', #2537, .T. ) ;
#1855 = DIRECTION ( 'NONE',  ( -0.5000000000000000000, 0.8660254037844385966, 0.000000000000000000 ) ) ;
#1856 = VERTEX_POINT ( 'NONE', #555 ) ;
#1857 = CARTESIAN_POINT ( 'NONE',  ( 35.00000000000000000, 4.286263797015736496E-15, 0.000000000000000000 ) ) ;
#1858 = CARTESIAN_POINT ( 'NONE',  ( -26.99999999999999645, -15.00000000000000000, 5.600000000000000533 ) ) ;
#1859 = CARTESIAN_POINT ( 'NONE',  ( 22.49999999999999289, -26.80951323690903010, 0.000000000000000000 ) ) ;
#1860 = CARTESIAN_POINT ( 'NONE',  ( 27.02072594216369694, 11.49999999999998579, 5.599999999999999645 ) ) ;
#1861 = ORIENTED_EDGE ( 'NONE', *, *, #3282, .T. ) ;
#1862 = ORIENTED_EDGE ( 'NONE', *, *, #1479, .F. ) ;
#1863 = EDGE_CURVE ( 'NONE', #3098, #933, #2633, .T. ) ;
#1864 = CARTESIAN_POINT ( 'NONE',  ( -24.99999999999999645, -15.00000000000000000, 5.600000000000000533 ) ) ;
#1865 = VERTEX_POINT ( 'NONE', #2396 ) ;
#1866 = ORIENTED_EDGE ( 'NONE', *, *, #506, .T. ) ;
#1867 = CARTESIAN_POINT ( 'NONE',  ( -19.50000000000000000, -26.80951323690903010, 12.00000000000000000 ) ) ;
#1868 = FACE_OUTER_BOUND ( 'NONE', #171, .T. ) ;
#1869 = CARTESIAN_POINT ( 'NONE',  ( 13.18578606469541370, -16.92870220954338123, 11.84009282434629107 ) ) ;
#1870 = EDGE_LOOP ( 'NONE', ( #301, #1239, #851, #2397 ) ) ;
#1871 = LINE ( 'NONE', #1349, #3199 ) ;
#1872 = CARTESIAN_POINT ( 'NONE',  ( 8.984733708938769325, -26.80951323690903010, 2.999999999999999112 ) ) ;
#1873 = DIRECTION ( 'NONE',  ( 0.000000000000000000, 0.000000000000000000, 1.000000000000000000 ) ) ;
#1874 = FACE_OUTER_BOUND ( 'NONE', #1629, .T. ) ;
#1875 = ORIENTED_EDGE ( 'NONE', *, *, #2631, .F. ) ;
#1876 = CIRCLE ( 'NONE', #2856, 22.00000000000000355 ) ;
#1877 = EDGE_CURVE ( 'NONE', #3057, #2772, #103, .T. ) ;
#1878 = ORIENTED_EDGE ( 'NONE', *, *, #3003, .F. ) ;
#1879 = DIRECTION ( 'NONE',  ( -0.000000000000000000, 0.000000000000000000, -1.000000000000000000 ) ) ;
#1880 = EDGE_CURVE ( 'NONE', #1979, #33, #2922, .T. ) ;
#1881 = AXIS2_PLACEMENT_3D ( 'NONE', #2148, #382, #1430 ) ;
#1882 = CIRCLE ( 'NONE', #1665, 2.749999999999999112 ) ;
#1883 = ORIENTED_EDGE ( 'NONE', *, *, #2033, .F. ) ;
#1884 = EDGE_CURVE ( 'NONE', #1606, #1948, #859, .T. ) ;
#1885 = VECTOR ( 'NONE', #3292, 1000.000000000000000 ) ;
#1886 = CIRCLE ( 'NONE', #1557, 2.000000000000001776 ) ;
#1887 = FACE_OUTER_BOUND ( 'NONE', #2426, .T. ) ;
#1888 = DIRECTION ( 'NONE',  ( 0.8660254037844384856, 0.5000000000000004441, 0.000000000000000000 ) ) ;
#1889 = AXIS2_PLACEMENT_3D ( 'NONE', #1450, #1262, #975 ) ;
#1890 = LINE ( 'NONE', #1394, #2275 ) ;
#1891 = EDGE_LOOP ( 'NONE', ( #1906, #2209, #2851, #2606, #3210, #1786 ) ) ;
#1892 = AXIS2_PLACEMENT_3D ( 'NONE', #1989, #3005, #1969 ) ;
#1893 = CARTESIAN_POINT ( 'NONE',  ( -20.95854811567262388, 14.99999999999999645, 5.599999999999999645 ) ) ;
#1894 = DIRECTION ( 'NONE',  ( -0.5000000000000003331, 0.8660254037844383745, 0.000000000000000000 ) ) ;
#1895 = DIRECTION ( 'NONE',  ( -1.208557425094843839E-16, -0.9819957637740237555, -0.1889029378539987813 ) ) ;
#1896 = PLANE ( 'NONE',  #742 ) ;
#1897 = ORIENTED_EDGE ( 'NONE', *, *, #1944, .F. ) ;
#1898 = PLANE ( 'NONE',  #424 ) ;
#1899 = VERTEX_POINT ( 'NONE', #1805 ) ;
#1900 = ADVANCED_FACE ( 'NONE', ( #66 ), #2138, .F. ) ;
#1901 = DIRECTION ( 'NONE',  ( 1.000000000000000000, 0.000000000000000000, 0.000000000000000000 ) ) ;
#1902 = CARTESIAN_POINT ( 'NONE',  ( 0.000000000000000000, 0.000000000000000000, 12.00000000000000000 ) ) ;
#1903 = ORIENTED_EDGE ( 'NONE', *, *, #3343, .T. ) ;
#1904 = EDGE_CURVE ( 'NONE', #2890, #392, #3336, .T. ) ;
#1905 = DIRECTION ( 'NONE',  ( -1.000000000000000000, 0.000000000000000000, 4.279541011031694142E-17 ) ) ;
#1906 = ORIENTED_EDGE ( 'NONE', *, *, #1044, .F. ) ;
#1907 = CARTESIAN_POINT ( 'NONE',  ( 22.97927405783629951, 18.50000000000001776, 5.599999999999999645 ) ) ;
#1908 = CARTESIAN_POINT ( 'NONE',  ( -10.95854811567261855, 24.99999999999999289, 5.599999999999999645 ) ) ;
#1909 = LINE ( 'NONE', #1924, #364 ) ;
#1910 = CARTESIAN_POINT ( 'NONE',  ( 0.000000000000000000, -35.50000000000000711, 0.000000000000000000 ) ) ;
#1911 = ORIENTED_EDGE ( 'NONE', *, *, #374, .F. ) ;
#1912 = ORIENTED_EDGE ( 'NONE', *, *, #2245, .T. ) ;
#1913 = CARTESIAN_POINT ( 'NONE',  ( -22.50000000000000000, -26.80951323690903365, 11.00000000000000000 ) ) ;
#1914 = EDGE_LOOP ( 'NONE', ( #50, #761, #1412, #2724 ) ) ;
#1915 = LINE ( 'NONE', #1390, #1378 ) ;
#1916 = DIRECTION ( 'NONE',  ( 1.000000000000000000, 0.000000000000000000, 0.000000000000000000 ) ) ;
#1917 = ADVANCED_FACE ( 'NONE', ( #1336, #2379 ), #51, .T. ) ;
#1918 = CARTESIAN_POINT ( 'NONE',  ( 0.000000000000000000, 0.000000000000000000, 5.599999999999999645 ) ) ;
#1919 = VERTEX_POINT ( 'NONE', #841 ) ;
#1920 = CARTESIAN_POINT ( 'NONE',  ( -12.24999999999999822, -19.00000000000000000, 12.00000000000000000 ) ) ;
#1921 = CARTESIAN_POINT ( 'NONE',  ( -20.95854811567261677, -15.00000000000000000, 12.00000000000000000 ) ) ;
#1922 = EDGE_CURVE ( 'NONE', #2668, #1504, #2109, .T. ) ;
#1923 = AXIS2_PLACEMENT_3D ( 'NONE', #2091, #290, #1292 ) ;
#1924 = CARTESIAN_POINT ( 'NONE',  ( -23.00000000000000000, 15.00000000000000000, -6.000000000000001776 ) ) ;
#1925 = CARTESIAN_POINT ( 'NONE',  ( -12.00000000000000178, 1.469576158976824144E-15, 9.000000000000001776 ) ) ;
#1926 = EDGE_LOOP ( 'NONE', ( #2875, #3252, #3061, #2266 ) ) ;
#1927 = ORIENTED_EDGE ( 'NONE', *, *, #2897, .F. ) ;
#1928 = AXIS2_PLACEMENT_3D ( 'NONE', #2521, #2041, #3338 ) ;
#1929 = CARTESIAN_POINT ( 'NONE',  ( 22.97927405783629951, 11.49999999999998579, 5.599999999999999645 ) ) ;
#1930 = ORIENTED_EDGE ( 'NONE', *, *, #2241, .T. ) ;
#1931 = EDGE_LOOP ( 'NONE', ( #2332, #966, #1172, #2603 ) ) ;
#1932 = AXIS2_PLACEMENT_3D ( 'NONE', #2525, #1454, #3011 ) ;
#1933 = VECTOR ( 'NONE', #1793, 1000.000000000000000 ) ;
#1934 = CARTESIAN_POINT ( 'NONE',  ( -13.49999999999999289, -50.15627297532785178, 2.999999999999999112 ) ) ;
#1935 = AXIS2_PLACEMENT_3D ( 'NONE', #712, #3055, #1485 ) ;
#1936 = AXIS2_PLACEMENT_3D ( 'NONE', #1534, #1873, #1313 ) ;
#1937 = EDGE_CURVE ( 'NONE', #986, #225, #2435, .T. ) ;
#1938 = FACE_OUTER_BOUND ( 'NONE', #1939, .T. ) ;
#1939 = EDGE_LOOP ( 'NONE', ( #288, #1659, #1555, #1223 ) ) ;
#1940 = LINE ( 'NONE', #2976, #353 ) ;
#1941 = CARTESIAN_POINT ( 'NONE',  ( 27.02072594216369694, 11.49999999999998579, 5.599999999999999645 ) ) ;
#1942 = AXIS2_PLACEMENT_3D ( 'NONE', #1475, #1512, #2519 ) ;
#1943 = AXIS2_PLACEMENT_3D ( 'NONE', #3354, #1114, #2061 ) ;
#1944 = EDGE_CURVE ( 'NONE', #3237, #2900, #1134, .T. ) ;
#1945 = CARTESIAN_POINT ( 'NONE',  ( 29.04145188432739033, -15.00000000000000000, 12.00000000000000000 ) ) ;
#1946 = DIRECTION ( 'NONE',  ( -0.000000000000000000, -0.000000000000000000, 1.000000000000000000 ) ) ;
#1947 = ORIENTED_EDGE ( 'NONE', *, *, #1139, .F. ) ;
#1948 = VERTEX_POINT ( 'NONE', #3217 ) ;
#1949 = EDGE_CURVE ( 'NONE', #1042, #2636, #911, .T. ) ;
#1950 = FACE_OUTER_BOUND ( 'NONE', #1926, .T. ) ;
#1951 = VERTEX_POINT ( 'NONE', #386 ) ;
#1952 = ORIENTED_EDGE ( 'NONE', *, *, #2236, .F. ) ;
#1953 = FACE_OUTER_BOUND ( 'NONE', #1800, .T. ) ;
#1954 = ORIENTED_EDGE ( 'NONE', *, *, #1304, .T. ) ;
#1955 = PLANE ( 'NONE',  #804 ) ;
#1956 = ORIENTED_EDGE ( 'NONE', *, *, #780, .F. ) ;
#1957 = DIRECTION ( 'NONE',  ( -0.000000000000000000, -0.000000000000000000, -1.000000000000000000 ) ) ;
#1958 = CARTESIAN_POINT ( 'NONE',  ( -14.99999999999999645, -19.00000000000000000, 2.000000000000000000 ) ) ;
#1959 = CARTESIAN_POINT ( 'NONE',  ( 17.02072594216368984, 28.49999999999999645, 5.599999999999999645 ) ) ;
#1960 = CARTESIAN_POINT ( 'NONE',  ( 27.02072594216368273, 18.50000000000001776, 12.00000000000000000 ) ) ;
#1961 = CARTESIAN_POINT ( 'NONE',  ( 7.500000000000000000, 9.184850993605147944E-16, 0.000000000000000000 ) ) ;
#1962 = EDGE_CURVE ( 'NONE', #1536, #2124, #1348, .T. ) ;
#1963 = VERTEX_POINT ( 'NONE', #1913 ) ;
#1964 = CARTESIAN_POINT ( 'NONE',  ( -24.99999999999999645, -15.00000000000000000, 5.600000000000000533 ) ) ;
#1965 = EDGE_LOOP ( 'NONE', ( #2981, #2839, #1419, #26 ) ) ;
#1966 = ORIENTED_EDGE ( 'NONE', *, *, #573, .F. ) ;
#1967 = DIRECTION ( 'NONE',  ( 1.000000000000000000, 0.000000000000000000, 0.000000000000000000 ) ) ;
#1968 = ORIENTED_EDGE ( 'NONE', *, *, #2350, .F. ) ;
#1969 = DIRECTION ( 'NONE',  ( 1.000000000000000000, 0.000000000000000000, 0.000000000000000000 ) ) ;
#1970 = VERTEX_POINT ( 'NONE', #3267 ) ;
#1971 = CARTESIAN_POINT ( 'NONE',  ( -14.99999999999999645, -19.00000000000000000, 0.000000000000000000 ) ) ;
#1972 = CARTESIAN_POINT ( 'NONE',  ( 25.00000000000000711, -15.00000000000000000, 5.600000000000000533 ) ) ;
#1973 = CARTESIAN_POINT ( 'NONE',  ( 29.04145188432738678, -14.99999999999999645, 5.599999999999999645 ) ) ;
#1974 = LINE ( 'NONE', #178, #2272 ) ;
#1975 = DIRECTION ( 'NONE',  ( -0.000000000000000000, -0.000000000000000000, 1.000000000000000000 ) ) ;
#1976 = PLANE ( 'NONE',  #2328 ) ;
#1977 = DIRECTION ( 'NONE',  ( 1.000000000000000000, 0.000000000000000000, 0.000000000000000000 ) ) ;
#1978 = ORIENTED_EDGE ( 'NONE', *, *, #14, .T. ) ;
#1979 = VERTEX_POINT ( 'NONE', #3016 ) ;
#1980 = AXIS2_PLACEMENT_3D ( 'NONE', #681, #2761, #2250 ) ;
#1981 = ADVANCED_FACE ( 'NONE', ( #2683 ), #1456, .F. ) ;
#1982 = CARTESIAN_POINT ( 'NONE',  ( 13.50000000000000355, -50.15627297532784468, 0.000000000000000000 ) ) ;
#1983 = ADVANCED_FACE ( 'NONE', ( #1950 ), #2227, .F. ) ;
#1984 = VECTOR ( 'NONE', #2413, 1000.000000000000227 ) ;
#1985 = VECTOR ( 'NONE', #3330, 1000.000000000000000 ) ;
#1986 = ORIENTED_EDGE ( 'NONE', *, *, #2838, .T. ) ;
#1987 = AXIS2_PLACEMENT_3D ( 'NONE', #1992, #1446, #3047 ) ;
#1988 = EDGE_CURVE ( 'NONE', #2466, #3334, #49, .T. ) ;
#1989 = CARTESIAN_POINT ( 'NONE',  ( 25.00000000000000711, -15.00000000000000000, 0.000000000000000000 ) ) ;
#1990 = EDGE_LOOP ( 'NONE', ( #2122, #3177, #1169, #297, #136, #1537 ) ) ;
#1991 = DIRECTION ( 'NONE',  ( 1.000000000000000000, 0.000000000000000000, 0.000000000000000000 ) ) ;
#1992 = CARTESIAN_POINT ( 'NONE',  ( 25.00000000000000711, -15.00000000000000000, -6.000000000000001776 ) ) ;
#1993 = VECTOR ( 'NONE', #1728, 1000.000000000000000 ) ;
#1994 = VECTOR ( 'NONE', #579, 1000.000000000000227 ) ;
#1995 = PLANE ( 'NONE',  #3141 ) ;
#1996 = VECTOR ( 'NONE', #42, 1000.000000000000000 ) ;
#1997 = AXIS2_PLACEMENT_3D ( 'NONE', #770, #1052, #2370 ) ;
#1998 = CARTESIAN_POINT ( 'NONE',  ( -13.88640936242309287, -16.48178384061445811, 11.89516259207082349 ) ) ;
#1999 = DIRECTION ( 'NONE',  ( 1.000000000000000000, 0.000000000000000000, 0.000000000000000000 ) ) ;
#2000 = CIRCLE ( 'NONE', #2873, 1.000000000000000888 ) ;
#2001 = CARTESIAN_POINT ( 'NONE',  ( 0.000000000000000000, 0.000000000000000000, 5.599999999999999645 ) ) ;
#2002 = CARTESIAN_POINT ( 'NONE',  ( -22.50000000000000000, -26.80951323690902655, 11.15453121129219660 ) ) ;
#2003 = ORIENTED_EDGE ( 'NONE', *, *, #3127, .T. ) ;
#2004 = ORIENTED_EDGE ( 'NONE', *, *, #1787, .F. ) ;
#2005 = ORIENTED_EDGE ( 'NONE', *, *, #2193, .F. ) ;
#2006 = ADVANCED_FACE ( 'NONE', ( #2477 ), #2176, .F. ) ;
#2007 = APPROVAL ( #2349, 'UNSPECIFIED' ) ;
#2008 = DIRECTION ( 'NONE',  ( -0.000000000000000000, -0.000000000000000000, 1.000000000000000000 ) ) ;
#2009 = EDGE_LOOP ( 'NONE', ( #2159, #2584, #592, #2446 ) ) ;
#2010 = CARTESIAN_POINT ( 'NONE',  ( 19.04145188432738678, 24.99999999999999289, 12.00000000000000000 ) ) ;
#2011 = FACE_OUTER_BOUND ( 'NONE', #2108, .T. ) ;
#2012 = EDGE_CURVE ( 'NONE', #225, #986, #591, .T. ) ;
#2013 = FACE_OUTER_BOUND ( 'NONE', #2444, .T. ) ;
#2014 = LINE ( 'NONE', #3010, #796 ) ;
#2015 = FACE_OUTER_BOUND ( 'NONE', #3271, .T. ) ;
#2016 = CARTESIAN_POINT ( 'NONE',  ( -22.49999999999999645, -26.08913602211909932, 11.90026179824789132 ) ) ;
#2017 = ORIENTED_EDGE ( 'NONE', *, *, #2408, .F. ) ;
#2018 = ORIENTED_EDGE ( 'NONE', *, *, #2653, .T. ) ;
#2019 = PERSON_AND_ORGANIZATION_ROLE ( 'design_owner' ) ;
#2020 = VERTEX_POINT ( 'NONE', #875 ) ;
#2021 = DIRECTION ( 'NONE',  ( -0.000000000000000000, -0.000000000000000000, 1.000000000000000000 ) ) ;
#2022 = ORIENTED_EDGE ( 'NONE', *, *, #2556, .T. ) ;
#2023 = DIRECTION ( 'NONE',  ( -0.000000000000000000, 0.000000000000000000, -1.000000000000000000 ) ) ;
#2024 = EDGE_CURVE ( 'NONE', #767, #1865, #3145, .T. ) ;
#2025 = FACE_OUTER_BOUND ( 'NONE', #3224, .T. ) ;
#2026 = LINE ( 'NONE', #2523, #314 ) ;
#2027 = CARTESIAN_POINT ( 'NONE',  ( -14.27532817531412768, -16.34359611168806126, 11.95639286362848530 ) ) ;
#2028 = EDGE_CURVE ( 'NONE', #2787, #594, #644, .T. ) ;
#2029 = CARTESIAN_POINT ( 'NONE',  ( -22.97927405783631016, 11.50000000000000178, 12.00000000000000000 ) ) ;
#2030 = EDGE_CURVE ( 'NONE', #680, #1474, #1166, .T. ) ;
#2031 = DIRECTION ( 'NONE',  ( -1.000000000000000000, 0.000000000000000000, 0.000000000000000000 ) ) ;
#2032 = FACE_OUTER_BOUND ( 'NONE', #3196, .T. ) ;
#2033 = EDGE_CURVE ( 'NONE', #554, #423, #1696, .T. ) ;
#2034 = ORIENTED_EDGE ( 'NONE', *, *, #993, .T. ) ;
#2035 = ORIENTED_EDGE ( 'NONE', *, *, #3202, .F. ) ;
#2036 = CC_DESIGN_APPROVAL ( #1508, ( #2259 ) ) ;
#2037 = ORIENTED_EDGE ( 'NONE', *, *, #638, .T. ) ;
#2038 = DIRECTION ( 'NONE',  ( -0.000000000000000000, -0.000000000000000000, 1.000000000000000000 ) ) ;
#2039 = ORIENTED_EDGE ( 'NONE', *, *, #1273, .F. ) ;
#2040 = TOROIDAL_SURFACE ( 'NONE', #896, 34.00000000000000000, 1.000000000000000000 ) ;
#2041 = DIRECTION ( 'NONE',  ( 0.000000000000000000, 0.000000000000000000, 1.000000000000000000 ) ) ;
#2042 = CARTESIAN_POINT ( 'NONE',  ( 26.50000000000001776, -26.80951323690902299, 12.00000000000000000 ) ) ;
#2043 = CIRCLE ( 'NONE', #3130, 7.000000000000000000 ) ;
#2044 = EDGE_CURVE ( 'NONE', #2466, #914, #2000, .T. ) ;
#2045 = DIRECTION ( 'NONE',  ( -1.000000000000000000, 0.000000000000000000, 0.000000000000000000 ) ) ;
#2046 = DIRECTION ( 'NONE',  ( 0.4999999999999999445, 0.8660254037844385966, 0.000000000000000000 ) ) ;
#2047 = DIRECTION ( 'NONE',  ( -0.4999999999999997780, -0.8660254037844387076, 0.000000000000000000 ) ) ;
#2048 = VECTOR ( 'NONE', #891, 1000.000000000000000 ) ;
#2049 = VECTOR ( 'NONE', #163, 1000.000000000000000 ) ;
#2050 = AXIS2_PLACEMENT_3D ( 'NONE', #1813, #1080, #2648 ) ;
#2051 = AXIS2_PLACEMENT_3D ( 'NONE', #2892, #830, #815 ) ;
#2052 = LINE ( 'NONE', #961, #1128 ) ;
#2053 = DIRECTION ( 'NONE',  ( -0.000000000000000000, -0.000000000000000000, -1.000000000000000000 ) ) ;
#2054 = VERTEX_POINT ( 'NONE', #1929 ) ;
#2055 = AXIS2_PLACEMENT_3D ( 'NONE', #651, #2796, #2292 ) ;
#2056 = ORIENTED_EDGE ( 'NONE', *, *, #942, .T. ) ;
#2057 = EDGE_CURVE ( 'NONE', #1803, #2901, #2493, .T. ) ;
#2058 = AXIS2_PLACEMENT_3D ( 'NONE', #1203, #2242, #2949 ) ;
#2059 = PERSON_AND_ORGANIZATION_ROLE ( 'design_supplier' ) ;
#2060 = VERTEX_POINT ( 'NONE', #1418 ) ;
#2061 = DIRECTION ( 'NONE',  ( 1.000000000000000000, 0.000000000000000000, 0.000000000000000000 ) ) ;
#2062 = ORIENTED_EDGE ( 'NONE', *, *, #1904, .F. ) ;
#2063 = CARTESIAN_POINT ( 'NONE',  ( 0.000000000000000000, 0.000000000000000000, 4.999999999999996447 ) ) ;
#2064 = CARTESIAN_POINT ( 'NONE',  ( -8.984733708938769325, -26.80951323690903010, 2.999999999999999112 ) ) ;
#2065 = CARTESIAN_POINT ( 'NONE',  ( 0.000000000000000000, 0.000000000000000000, 11.00000000000000000 ) ) ;
#2066 = CARTESIAN_POINT ( 'NONE',  ( 0.000000000000000000, 0.000000000000000000, 11.00000000000000000 ) ) ;
#2067 = DIRECTION ( 'NONE',  ( 1.000000000000000000, 0.000000000000000000, 0.000000000000000000 ) ) ;
#2068 = DIRECTION ( 'NONE',  ( 1.000000000000000000, 0.000000000000000000, 0.000000000000000000 ) ) ;
#2069 = CARTESIAN_POINT ( 'NONE',  ( -19.04145188432738323, 24.99999999999998934, 5.599999999999999645 ) ) ;
#2070 = VERTEX_POINT ( 'NONE', #2498 ) ;
#2071 = EDGE_CURVE ( 'NONE', #1319, #2020, #3280, .T. ) ;
#2072 = ORIENTED_EDGE ( 'NONE', *, *, #2733, .F. ) ;
#2073 = COORDINATED_UNIVERSAL_TIME_OFFSET ( 9, 0, .AHEAD. ) ;
#2074 = ADVANCED_FACE ( 'NONE', ( #2207 ), #3248, .F. ) ;
#2075 = VERTEX_POINT ( 'NONE', #3070 ) ;
#2076 = ORIENTED_EDGE ( 'NONE', *, *, #14, .F. ) ;
#2077 = CARTESIAN_POINT ( 'NONE',  ( -17.02072594216368984, 21.49999999999999289, 12.00000000000000000 ) ) ;
#2078 = DIRECTION ( 'NONE',  ( 0.000000000000000000, 0.000000000000000000, 1.000000000000000000 ) ) ;
#2079 = CARTESIAN_POINT ( 'NONE',  ( -10.95854811567261855, 24.99999999999999289, 5.599999999999999645 ) ) ;
#2080 = FACE_OUTER_BOUND ( 'NONE', #2872, .T. ) ;
#2081 = DIRECTION ( 'NONE',  ( 0.000000000000000000, 0.000000000000000000, 1.000000000000000000 ) ) ;
#2082 = CARTESIAN_POINT ( 'NONE',  ( 22.49999999999998934, -26.59024604431755634, 11.55840260247841478 ) ) ;
#2083 = CARTESIAN_POINT ( 'NONE',  ( -27.02072594216369339, 18.49999999999999645, 12.00000000000000000 ) ) ;
#2084 = ORIENTED_EDGE ( 'NONE', *, *, #989, .F. ) ;
#2085 = VERTEX_POINT ( 'NONE', #760 ) ;
#2086 = EDGE_CURVE ( 'NONE', #2, #3232, #3299, .T. ) ;
#2087 = ORIENTED_EDGE ( 'NONE', *, *, #222, .T. ) ;
#2088 = VECTOR ( 'NONE', #2230, 1000.000000000000000 ) ;
#2089 = ADVANCED_FACE ( 'NONE', ( #2527 ), #1833, .T. ) ;
#2090 = ORIENTED_EDGE ( 'NONE', *, *, #342, .T. ) ;
#2091 = CARTESIAN_POINT ( 'NONE',  ( 0.000000000000000000, 0.000000000000000000, 5.599999999999999645 ) ) ;
#2092 = LINE ( 'NONE', #1842, #415 ) ;
#2093 = EDGE_CURVE ( 'NONE', #1431, #3368, #1732, .T. ) ;
#2094 = VECTOR ( 'NONE', #2990, 1000.000000000000000 ) ;
#2095 = CARTESIAN_POINT ( 'NONE',  ( 23.00000000000000000, 14.99999999999999822, 5.600000000000000533 ) ) ;
#2096 = CARTESIAN_POINT ( 'NONE',  ( 19.04145188432738323, 24.99999999999999645, 5.599999999999999645 ) ) ;
#2097 = DIRECTION ( 'NONE',  ( -0.000000000000000000, -0.000000000000000000, 1.000000000000000000 ) ) ;
#2098 = VECTOR ( 'NONE', #675, 1000.000000000000000 ) ;
#2099 = FACE_BOUND ( 'NONE', #1571, .T. ) ;
#2100 = CIRCLE ( 'NONE', #2326, 22.00000000000000355 ) ;
#2101 = DIRECTION ( 'NONE',  ( 1.000000000000000000, 0.000000000000000000, 0.000000000000000000 ) ) ;
#2102 = ORIENTED_EDGE ( 'NONE', *, *, #1078, .F. ) ;
#2103 = ORIENTED_EDGE ( 'NONE', *, *, #2093, .T. ) ;
#2104 = VECTOR ( 'NONE', #1216, 1000.000000000000000 ) ;
#2105 = CIRCLE ( 'NONE', #2541, 1.000000000000000888 ) ;
#2106 = AXIS2_PLACEMENT_3D ( 'NONE', #598, #2953, #1635 ) ;
#2107 = APPROVAL_DATE_TIME ( #504, #3220 ) ;
#2108 = EDGE_LOOP ( 'NONE', ( #1347, #1315, #1217, #3351 ) ) ;
#2109 = CIRCLE ( 'NONE', #2383, 2.000000000000000000 ) ;
#2110 = ORIENTED_EDGE ( 'NONE', *, *, #1441, .T. ) ;
#2111 = FACE_OUTER_BOUND ( 'NONE', #441, .T. ) ;
#2112 = PLANE ( 'NONE',  #1613 ) ;
#2113 = PRODUCT_RELATED_PRODUCT_CATEGORY ( 'detail', '', ( #880 ) ) ;
#2114 = CARTESIAN_POINT ( 'NONE',  ( 17.02072594216368984, 28.49999999999999645, 5.599999999999999645 ) ) ;
#2115 = ORIENTED_EDGE ( 'NONE', *, *, #3112, .F. ) ;
#2116 = DIRECTION ( 'NONE',  ( 0.000000000000000000, 0.000000000000000000, 1.000000000000000000 ) ) ;
#2117 = DIRECTION ( 'NONE',  ( -0.5000000000000001110, 0.8660254037844385966, 0.000000000000000000 ) ) ;
#2118 = EDGE_CURVE ( 'NONE', #109, #2968, #3332, .T. ) ;
#2119 = CARTESIAN_POINT ( 'NONE',  ( 22.49999999999998579, -25.64360796852274405, 12.00000000000000000 ) ) ;
#2120 = DIRECTION ( 'NONE',  ( 1.000000000000000000, 0.000000000000000000, 0.000000000000000000 ) ) ;
#2121 = EDGE_LOOP ( 'NONE', ( #2087, #2072, #862, #2884 ) ) ;
#2122 = ORIENTED_EDGE ( 'NONE', *, *, #1403, .T. ) ;
#2123 = DIRECTION ( 'NONE',  ( 0.000000000000000000, 0.000000000000000000, -1.000000000000000000 ) ) ;
#2124 = VERTEX_POINT ( 'NONE', #200 ) ;
#2125 = ORIENTED_EDGE ( 'NONE', *, *, #1256, .F. ) ;
#2126 = DIRECTION ( 'NONE',  ( -0.000000000000000000, -0.000000000000000000, 1.000000000000000000 ) ) ;
#2127 = CARTESIAN_POINT ( 'NONE',  ( 20.95854811567259901, 15.00000000000000000, 5.599999999999999645 ) ) ;
#2128 = ADVANCED_FACE ( 'NONE', ( #2032 ), #2821, .F. ) ;
#2129 = CYLINDRICAL_SURFACE ( 'NONE', #368, 2.749999999999999112 ) ;
#2130 = ORIENTED_EDGE ( 'NONE', *, *, #448, .F. ) ;
#2131 = DIRECTION ( 'NONE',  ( 1.000000000000000000, 0.000000000000000000, 0.000000000000000000 ) ) ;
#2132 = CARTESIAN_POINT ( 'NONE',  ( 15.00000000000000000, 24.99999999999999645, -6.000000000000001776 ) ) ;
#2133 = EDGE_CURVE ( 'NONE', #2985, #1963, #964, .T. ) ;
#2134 = DIRECTION ( 'NONE',  ( -0.000000000000000000, 0.000000000000000000, -1.000000000000000000 ) ) ;
#2135 = EDGE_LOOP ( 'NONE', ( #1815, #1897 ) ) ;
#2136 = EDGE_CURVE ( 'NONE', #397, #2567, #3092, .T. ) ;
#2137 = ORIENTED_EDGE ( 'NONE', *, *, #1633, .T. ) ;
#2138 = CYLINDRICAL_SURFACE ( 'NONE', #2765, 2.000000000000000000 ) ;
#2139 = VERTEX_POINT ( 'NONE', #2835 ) ;
#2140 = CARTESIAN_POINT ( 'NONE',  ( -27.02072594216368628, -11.50000000000000355, 12.00000000000000000 ) ) ;
#2141 = LINE ( 'NONE', #2672, #2809 ) ;
#2142 = CARTESIAN_POINT ( 'NONE',  ( 13.08455855894561104, -17.02197732716001610, 11.84805292845025981 ) ) ;
#2143 = CC_DESIGN_SECURITY_CLASSIFICATION ( #2259, ( #192 ) ) ;
#2144 = VERTEX_POINT ( 'NONE', #743 ) ;
#2145 = CARTESIAN_POINT ( 'NONE',  ( -12.97927405783631016, 28.49999999999999289, 5.599999999999999645 ) ) ;
#2146 = LINE ( 'NONE', #3239, #1334 ) ;
#2147 = DIRECTION ( 'NONE',  ( -0.000000000000000000, -0.000000000000000000, 1.000000000000000000 ) ) ;
#2148 = CARTESIAN_POINT ( 'NONE',  ( 0.000000000000000000, 0.000000000000000000, 12.00000000000000000 ) ) ;
#2149 = EDGE_LOOP ( 'NONE', ( #1562, #2125, #1143, #284 ) ) ;
#2150 = AXIS2_PLACEMENT_3D ( 'NONE', #918, #2943, #649 ) ;
#2151 = CIRCLE ( 'NONE', #465, 12.50000000000000000 ) ;
#2152 = ADVANCED_FACE ( 'NONE', ( #248 ), #1470, .F. ) ;
#2153 = ORIENTED_EDGE ( 'NONE', *, *, #2637, .F. ) ;
#2154 = AXIS2_PLACEMENT_3D ( 'NONE', #2132, #2931, #3173 ) ;
#2155 = DIRECTION ( 'NONE',  ( 0.000000000000000000, 0.000000000000000000, 1.000000000000000000 ) ) ;
#2156 = VECTOR ( 'NONE', #1314, 1000.000000000000000 ) ;
#2157 = VECTOR ( 'NONE', #2744, 1000.000000000000000 ) ;
#2158 = EDGE_CURVE ( 'NONE', #1963, #1970, #1747, .T. ) ;
#2159 = ORIENTED_EDGE ( 'NONE', *, *, #2086, .T. ) ;
#2160 = TOROIDAL_SURFACE ( 'NONE', #694, 11.00000000000000355, 1.000000000000000000 ) ;
#2161 = VECTOR ( 'NONE', #2820, 1000.000000000000114 ) ;
#2162 = CARTESIAN_POINT ( 'NONE',  ( -15.49999999999999289, -50.15627297532785178, 2.999999999999999112 ) ) ;
#2163 = DIRECTION ( 'NONE',  ( -0.000000000000000000, -0.000000000000000000, -1.000000000000000000 ) ) ;
#2164 = ORIENTED_EDGE ( 'NONE', *, *, #920, .F. ) ;
#2165 = AXIS2_PLACEMENT_3D ( 'NONE', #990, #459, #3340 ) ;
#2166 = DIRECTION ( 'NONE',  ( 1.000000000000000000, 0.000000000000000000, 0.000000000000000000 ) ) ;
#2167 = VERTEX_POINT ( 'NONE', #1237 ) ;
#2168 = AXIS2_PLACEMENT_3D ( 'NONE', #2983, #1188, #2190 ) ;
#2169 = DIRECTION ( 'NONE',  ( 1.000000000000000000, 0.000000000000000000, 0.000000000000000000 ) ) ;
#2170 = CARTESIAN_POINT ( 'NONE',  ( -27.02072594216368273, -18.49999999999999645, 5.599999999999999645 ) ) ;
#2171 = FACE_OUTER_BOUND ( 'NONE', #2363, .T. ) ;
#2172 = DIRECTION ( 'NONE',  ( 2.184629073175462822E-16, -0.9819957637740237555, -0.1889029378539987258 ) ) ;
#2173 = VERTEX_POINT ( 'NONE', #501 ) ;
#2174 = ORIENTED_EDGE ( 'NONE', *, *, #1383, .T. ) ;
#2175 = EDGE_CURVE ( 'NONE', #2144, #1865, #2514, .T. ) ;
#2176 = PLANE ( 'NONE',  #2168 ) ;
#2177 = ORIENTED_EDGE ( 'NONE', *, *, #2868, .F. ) ;
#2178 = CARTESIAN_POINT ( 'NONE',  ( 27.02072594216370049, -18.50000000000000000, 12.00000000000000000 ) ) ;
#2179 = DIRECTION ( 'NONE',  ( 0.000000000000000000, 0.000000000000000000, 1.000000000000000000 ) ) ;
#2180 = EDGE_CURVE ( 'NONE', #2837, #558, #450, .T. ) ;
#2181 = EDGE_CURVE ( 'NONE', #1111, #65, #2331, .T. ) ;
#2182 = CARTESIAN_POINT ( 'NONE',  ( 12.58430913279774188, -17.67861114525364385, 11.95639286362848352 ) ) ;
#2183 = ORIENTED_EDGE ( 'NONE', *, *, #2012, .T. ) ;
#2184 = DIRECTION ( 'NONE',  ( 1.000000000000000000, 0.000000000000000000, 0.000000000000000000 ) ) ;
#2185 = DIRECTION ( 'NONE',  ( 0.000000000000000000, -1.000000000000000000, 0.000000000000000000 ) ) ;
#2186 = CARTESIAN_POINT ( 'NONE',  ( 0.000000000000000000, 0.000000000000000000, 9.000000000000001776 ) ) ;
#2187 = DIRECTION ( 'NONE',  ( -0.000000000000000000, -0.000000000000000000, 1.000000000000000000 ) ) ;
#2188 = CARTESIAN_POINT ( 'NONE',  ( 17.75000000000000355, -19.00000000000000355, 2.000000000000000000 ) ) ;
#2189 = ORIENTED_EDGE ( 'NONE', *, *, #182, .T. ) ;
#2190 = DIRECTION ( 'NONE',  ( 1.230715518008035029E-16, 1.000000000000000000, 0.000000000000000000 ) ) ;
#2191 = ORIENTED_EDGE ( 'NONE', *, *, #2548, .F. ) ;
#2192 = ORIENTED_EDGE ( 'NONE', *, *, #2348, .T. ) ;
#2193 = EDGE_CURVE ( 'NONE', #1115, #236, #152, .T. ) ;
#2194 = DIRECTION ( 'NONE',  ( 0.000000000000000000, 0.000000000000000000, 1.000000000000000000 ) ) ;
#2195 = EDGE_CURVE ( 'NONE', #1963, #2466, #905, .T. ) ;
#2196 = CARTESIAN_POINT ( 'NONE',  ( 14.82411843049279376, -16.25563018645306101, 12.00000000000000000 ) ) ;
#2197 = ORIENTED_EDGE ( 'NONE', *, *, #824, .T. ) ;
#2198 = DIRECTION ( 'NONE',  ( -1.000000000000000000, 1.224646799147353454E-16, 0.000000000000000000 ) ) ;
#2199 = FACE_OUTER_BOUND ( 'NONE', #387, .T. ) ;
#2200 = ADVANCED_FACE ( 'NONE', ( #2549, #2899 ), #2407, .T. ) ;
#2201 = VECTOR ( 'NONE', #3002, 1000.000000000000000 ) ;
#2202 = CARTESIAN_POINT ( 'NONE',  ( -12.37138071626488589, -18.19200206610667436, 12.00000000000000000 ) ) ;
#2203 = LINE ( 'NONE', #113, #3250 ) ;
#2204 = CARTESIAN_POINT ( 'NONE',  ( -22.49999999999999289, -58.00000000000000000, 0.000000000000000000 ) ) ;
#2205 = EDGE_LOOP ( 'NONE', ( #2826, #105, #3231, #1986 ) ) ;
#2206 = AXIS2_PLACEMENT_3D ( 'NONE', #3131, #54, #1820 ) ;
#2207 = FACE_OUTER_BOUND ( 'NONE', #699, .T. ) ;
#2208 = ORIENTED_EDGE ( 'NONE', *, *, #1863, .F. ) ;
#2209 = ORIENTED_EDGE ( 'NONE', *, *, #3305, .F. ) ;
#2210 = VECTOR ( 'NONE', #2097, 1000.000000000000000 ) ;
#2211 = VECTOR ( 'NONE', #2354, 1000.000000000000000 ) ;
#2212 = EDGE_LOOP ( 'NONE', ( #1620, #114, #3203, #618 ) ) ;
#2213 = AXIS2_PLACEMENT_3D ( 'NONE', #1706, #2946, #615 ) ;
#2214 = CIRCLE ( 'NONE', #1288, 2.749999999999997335 ) ;
#2215 = DIRECTION ( 'NONE',  ( -0.000000000000000000, 0.000000000000000000, 1.000000000000000000 ) ) ;
#2216 = ORIENTED_EDGE ( 'NONE', *, *, #2057, .T. ) ;
#2217 = CARTESIAN_POINT ( 'NONE',  ( -12.99999999999999645, -19.00000000000000000, 0.000000000000000000 ) ) ;
#2218 = ADVANCED_FACE ( 'NONE', ( #1041 ), #3176, .F. ) ;
#2219 = LINE ( 'NONE', #1722, #2157 ) ;
#2220 = AXIS2_PLACEMENT_3D ( 'NONE', #1964, #1405, #2997 ) ;
#2221 = LINE ( 'NONE', #1429, #1393 ) ;
#2222 = B_SPLINE_CURVE_WITH_KNOTS ( 'NONE', 3,
 ( #2196, #71, #1089, #831, #850, #867, #2468, #1619, #3223, #1869, #2142, #391, #582, #2436, #2182, #3235, #882, #1103 ),
 .UNSPECIFIED., .F., .F.,
 ( 4, 2, 2, 2, 2, 2, 2, 2, 4 ),
 ( 0.001800760653023743578, 0.002219826792773193710, 0.002638892932522643626, 0.003057959072272093976, 0.003477025212021544326, 0.003896091351770994242, 0.004315157491520444158, 0.004734223631269894941, 0.005153289771019344857 ),
 .UNSPECIFIED. ) ;
#2223 = DIRECTION ( 'NONE',  ( 1.000000000000000000, 0.000000000000000000, 0.000000000000000000 ) ) ;
#2224 = EDGE_CURVE ( 'NONE', #2682, #915, #63, .T. ) ;
#2225 = CARTESIAN_POINT ( 'NONE',  ( 0.000000000000000000, -35.50000000000000711, 2.999999999999999112 ) ) ;
#2226 = ORIENTED_EDGE ( 'NONE', *, *, #70, .T. ) ;
#2227 = PLANE ( 'NONE',  #2058 ) ;
#2228 = ORIENTED_EDGE ( 'NONE', *, *, #835, .F. ) ;
#2229 = VERTEX_POINT ( 'NONE', #2083 ) ;
#2230 = DIRECTION ( 'NONE',  ( -0.000000000000000000, -0.000000000000000000, 1.000000000000000000 ) ) ;
#2231 = ORIENTED_EDGE ( 'NONE', *, *, #2507, .F. ) ;
#2232 = DIRECTION ( 'NONE',  ( -0.000000000000000000, -0.000000000000000000, 1.000000000000000000 ) ) ;
#2233 = VERTEX_POINT ( 'NONE', #566 ) ;
#2234 = CARTESIAN_POINT ( 'NONE',  ( -24.99999999999999645, -15.00000000000000000, -6.000000000000001776 ) ) ;
#2235 = CARTESIAN_POINT ( 'NONE',  ( -19.50000000000000000, -26.80951323690903010, 2.999999999999999112 ) ) ;
#2236 = EDGE_CURVE ( 'NONE', #1343, #2243, #2914, .T. ) ;
#2237 = DIRECTION ( 'NONE',  ( -1.000000000000000000, 0.000000000000000000, 0.000000000000000000 ) ) ;
#2238 = CARTESIAN_POINT ( 'NONE',  ( -14.82411843049279554, -16.25563018645305746, 12.00000000000000000 ) ) ;
#2239 = DIRECTION ( 'NONE',  ( 0.000000000000000000, 0.000000000000000000, 1.000000000000000000 ) ) ;
#2240 = DIRECTION ( 'NONE',  ( 1.000000000000000000, 0.000000000000000000, 0.000000000000000000 ) ) ;
#2241 = EDGE_CURVE ( 'NONE', #827, #1194, #1286, .T. ) ;
#2242 = DIRECTION ( 'NONE',  ( -0.8660254037844383745, -0.5000000000000004441, 0.000000000000000000 ) ) ;
#2243 = VERTEX_POINT ( 'NONE', #2599 ) ;
#2244 = ORIENTED_EDGE ( 'NONE', *, *, #2224, .T. ) ;
#2245 = EDGE_CURVE ( 'NONE', #2302, #2900, #1057, .T. ) ;
#2246 = CYLINDRICAL_SURFACE ( 'NONE', #1663, 7.000000000000000000 ) ;
#2247 = ORIENTED_EDGE ( 'NONE', *, *, #1633, .F. ) ;
#2248 = CARTESIAN_POINT ( 'NONE',  ( -22.97927405783631016, 11.50000000000000178, 5.599999999999999645 ) ) ;
#2249 = VERTEX_POINT ( 'NONE', #25 ) ;
#2250 = DIRECTION ( 'NONE',  ( -1.000000000000000000, 0.000000000000000000, 0.000000000000000000 ) ) ;
#2251 = DIRECTION ( 'NONE',  ( 0.000000000000000000, 1.000000000000000000, 0.000000000000000000 ) ) ;
#2252 = CARTESIAN_POINT ( 'NONE',  ( -22.97927405783631016, 11.50000000000000178, 5.599999999999999645 ) ) ;
#2253 = CARTESIAN_POINT ( 'NONE',  ( -27.02072594216368273, -18.49999999999999645, 12.00000000000000000 ) ) ;
#2254 = CARTESIAN_POINT ( 'NONE',  ( 7.000000000000000000, 8.572527594031473190E-16, 4.999999999999996447 ) ) ;
#2255 = VECTOR ( 'NONE', #1322, 1000.000000000000227 ) ;
#2256 = CARTESIAN_POINT ( 'NONE',  ( -34.00000000000000000, 4.225031457058368133E-15, 12.00000000000000000 ) ) ;
#2257 = CARTESIAN_POINT ( 'NONE',  ( 0.000000000000000000, 0.000000000000000000, 12.00000000000000000 ) ) ;
#2258 = ORIENTED_EDGE ( 'NONE', *, *, #261, .F. ) ;
#2259 = SECURITY_CLASSIFICATION ( '', '', #286 ) ;
#2260 = ADVANCED_FACE ( 'NONE', ( #2629 ), #1585, .F. ) ;
#2261 = ORIENTED_EDGE ( 'NONE', *, *, #1488, .F. ) ;
#2262 = AXIS2_PLACEMENT_3D ( 'NONE', #987, #1740, #457 ) ;
#2263 = EDGE_CURVE ( 'NONE', #1951, #790, #1109, .T. ) ;
#2264 = VECTOR ( 'NONE', #2433, 1000.000000000000000 ) ;
#2265 = AXIS2_PLACEMENT_3D ( 'NONE', #1482, #1231, #2047 ) ;
#2266 = ORIENTED_EDGE ( 'NONE', *, *, #1736, .T. ) ;
#2267 = VECTOR ( 'NONE', #2589, 1000.000000000000000 ) ;
#2268 = DIRECTION ( 'NONE',  ( 0.000000000000000000, 0.000000000000000000, 1.000000000000000000 ) ) ;
#2269 = ORIENTED_EDGE ( 'NONE', *, *, #2030, .T. ) ;
#2270 = CARTESIAN_POINT ( 'NONE',  ( 20.95854811567259901, 15.00000000000000000, 5.599999999999999645 ) ) ;
#2271 = LINE ( 'NONE', #3311, #2049 ) ;
#2272 = VECTOR ( 'NONE', #2046, 1000.000000000000114 ) ;
#2273 = CIRCLE ( 'NONE', #1834, 35.00000000000000000 ) ;
#2274 = DIRECTION ( 'NONE',  ( -0.000000000000000000, -0.000000000000000000, -1.000000000000000000 ) ) ;
#2275 = VECTOR ( 'NONE', #2711, 1000.000000000000000 ) ;
#2276 = LINE ( 'NONE', #1199, #1993 ) ;
#2277 = CARTESIAN_POINT ( 'NONE',  ( -20.95854811567262388, 14.99999999999999822, 12.00000000000000000 ) ) ;
#2278 = VECTOR ( 'NONE', #766, 1000.000000000000000 ) ;
#2279 = LINE ( 'NONE', #3037, #1452 ) ;
#2280 = DIRECTION ( 'NONE',  ( -1.000000000000000000, 0.000000000000000000, 0.000000000000000000 ) ) ;
#2281 = ORIENTED_EDGE ( 'NONE', *, *, #374, .T. ) ;
#2282 = ORIENTED_EDGE ( 'NONE', *, *, #974, .T. ) ;
#2283 = CARTESIAN_POINT ( 'NONE',  ( -12.50000000000000000, -35.50000000000000711, 0.000000000000000000 ) ) ;
#2284 = ORIENTED_EDGE ( 'NONE', *, *, #1717, .T. ) ;
#2285 = ADVANCED_FACE ( 'NONE', ( #822, #2850, #1874 ), #515, .T. ) ;
#2286 = CARTESIAN_POINT ( 'NONE',  ( 0.000000000000000000, 0.000000000000000000, 11.00000000000000000 ) ) ;
#2287 = EDGE_CURVE ( 'NONE', #1598, #3347, #296, .T. ) ;
#2288 = EDGE_LOOP ( 'NONE', ( #3017, #1151, #2703, #1540 ) ) ;
#2289 = CARTESIAN_POINT ( 'NONE',  ( 22.97927405783631372, -18.50000000000000000, 12.00000000000000000 ) ) ;
#2290 = DIRECTION ( 'NONE',  ( 1.000000000000000000, 0.000000000000000000, 0.000000000000000000 ) ) ;
#2291 = ADVANCED_FACE ( 'NONE', ( #589 ), #3120, .F. ) ;
#2292 = DIRECTION ( 'NONE',  ( -1.000000000000000000, 0.000000000000000000, 0.000000000000000000 ) ) ;
#2293 = CARTESIAN_POINT ( 'NONE',  ( -12.89547609811196338, -17.22440293542739909, 11.87570519943301051 ) ) ;
#2294 = CARTESIAN_POINT ( 'NONE',  ( 15.00000000000000000, 24.99999999999999645, -6.000000000000001776 ) ) ;
#2295 = DIRECTION ( 'NONE',  ( -0.000000000000000000, -0.000000000000000000, 1.000000000000000000 ) ) ;
#2296 = ORIENTED_EDGE ( 'NONE', *, *, #1685, .T. ) ;
#2297 = ORIENTED_EDGE ( 'NONE', *, *, #2449, .F. ) ;
#2298 = APPROVAL_ROLE ( '' ) ;
#2299 = EDGE_CURVE ( 'NONE', #1408, #1047, #2486, .T. ) ;
#2300 = ORIENTED_EDGE ( 'NONE', *, *, #2241, .F. ) ;
#2301 = CARTESIAN_POINT ( 'NONE',  ( -14.99999999999999645, -19.00000000000000000, 12.00000000000000000 ) ) ;
#2302 = VERTEX_POINT ( 'NONE', #2916 ) ;
#2303 = LINE ( 'NONE', #2289, #3294 ) ;
#2304 = CARTESIAN_POINT ( 'NONE',  ( 12.00000000000000178, 0.000000000000000000, 9.000000000000001776 ) ) ;
#2305 = EDGE_CURVE ( 'NONE', #3, #3057, #539, .T. ) ;
#2306 = CARTESIAN_POINT ( 'NONE',  ( -8.984733708938771102, -26.80951323690903010, 12.00000000000000000 ) ) ;
#2307 = CARTESIAN_POINT ( 'NONE',  ( 17.75000000000000355, -19.00000000000000355, 2.000000000000000000 ) ) ;
#2308 = DIRECTION ( 'NONE',  ( 0.000000000000000000, 0.000000000000000000, -1.000000000000000000 ) ) ;
#2309 = EDGE_CURVE ( 'NONE', #151, #2516, #1553, .T. ) ;
#2310 = DIRECTION ( 'NONE',  ( 1.000000000000000000, 0.000000000000000000, 0.000000000000000000 ) ) ;
#2311 = CARTESIAN_POINT ( 'NONE',  ( -7.000000000000000000, 0.000000000000000000, 12.00000000000000000 ) ) ;
#2312 = EDGE_LOOP ( 'NONE', ( #1930, #2774 ) ) ;
#2313 = EDGE_LOOP ( 'NONE', ( #2998, #130, #2771, #3121 ) ) ;
#2314 = EDGE_LOOP ( 'NONE', ( #3281, #2836, #2942, #1016 ) ) ;
#2315 = CARTESIAN_POINT ( 'NONE',  ( -12.97927405783631016, 28.49999999999999289, 12.00000000000000000 ) ) ;
#2316 = EDGE_LOOP ( 'NONE', ( #3269, #947, #218, #1819 ) ) ;
#2317 = CIRCLE ( 'NONE', #2262, 11.00000000000000355 ) ;
#2318 = PLANE ( 'NONE',  #3122 ) ;
#2319 = CARTESIAN_POINT ( 'NONE',  ( -19.50000000000000000, -26.80951323690903010, 2.999999999999999112 ) ) ;
#2320 = AXIS2_PLACEMENT_3D ( 'NONE', #1941, #2439, #1397 ) ;
#2321 = EDGE_CURVE ( 'NONE', #253, #3155, #2359, .T. ) ;
#2322 = DIRECTION ( 'NONE',  ( -0.000000000000000000, -0.000000000000000000, 1.000000000000000000 ) ) ;
#2323 = LINE ( 'NONE', #3137, #1996 ) ;
#2324 = CYLINDRICAL_SURFACE ( 'NONE', #1228, 2.000000000000000000 ) ;
#2325 = VECTOR ( 'NONE', #1520, 1000.000000000000114 ) ;
#2326 = AXIS2_PLACEMENT_3D ( 'NONE', #1902, #2163, #107 ) ;
#2327 = CIRCLE ( 'NONE', #3025, 2.000000000000001776 ) ;
#2328 = AXIS2_PLACEMENT_3D ( 'NONE', #464, #2834, #3316 ) ;
#2329 = EDGE_CURVE ( 'NONE', #1474, #1770, #857, .T. ) ;
#2330 = CARTESIAN_POINT ( 'NONE',  ( 22.97927405783629951, 11.49999999999998579, 5.599999999999999645 ) ) ;
#2331 = LINE ( 'NONE', #1011, #1233 ) ;
#2332 = ORIENTED_EDGE ( 'NONE', *, *, #2717, .T. ) ;
#2333 = ORIENTED_EDGE ( 'NONE', *, *, #1137, .F. ) ;
#2334 = VECTOR ( 'NONE', #1257, 1000.000000000000000 ) ;
#2335 = CALENDAR_DATE ( 2024, 26, 9 ) ;
#2336 = EDGE_LOOP ( 'NONE', ( #1554, #629, #1012, #2189 ) ) ;
#2337 = VERTEX_POINT ( 'NONE', #2933 ) ;
#2338 = CARTESIAN_POINT ( 'NONE',  ( -29.04145188432737257, -14.99999999999999822, 5.599999999999999645 ) ) ;
#2339 = FACE_OUTER_BOUND ( 'NONE', #3056, .T. ) ;
#2340 = DIRECTION ( 'NONE',  ( 0.000000000000000000, 1.000000000000000000, 0.000000000000000000 ) ) ;
#2341 = CARTESIAN_POINT ( 'NONE',  ( 7.000000000000000000, 8.572527594031473190E-16, 12.00000000000000000 ) ) ;
#2342 = FACE_OUTER_BOUND ( 'NONE', #52, .T. ) ;
#2343 = FACE_BOUND ( 'NONE', #765, .T. ) ;
#2344 = CARTESIAN_POINT ( 'NONE',  ( 0.000000000000000000, 0.000000000000000000, 9.000000000000001776 ) ) ;
#2345 = VERTEX_POINT ( 'NONE', #922 ) ;
#2346 = ADVANCED_FACE ( 'NONE', ( #1641 ), #603, .F. ) ;
#2347 = VERTEX_POINT ( 'NONE', #1692 ) ;
#2348 = EDGE_CURVE ( 'NONE', #554, #1474, #128, .T. ) ;
#2349 = APPROVAL_STATUS ( 'not_yet_approved' ) ;
#2350 = EDGE_CURVE ( 'NONE', #1194, #1733, #2694, .T. ) ;
#2351 = ORIENTED_EDGE ( 'NONE', *, *, #3032, .T. ) ;
#2352 = ORIENTED_EDGE ( 'NONE', *, *, #2982, .T. ) ;
#2353 = DIRECTION ( 'NONE',  ( 0.8660254037844388186, 0.4999999999999996669, 0.000000000000000000 ) ) ;
#2354 = DIRECTION ( 'NONE',  ( -0.000000000000000000, -0.000000000000000000, 1.000000000000000000 ) ) ;
#2355 = PLANE ( 'NONE',  #1187 ) ;
#2356 = CARTESIAN_POINT ( 'NONE',  ( 0.000000000000000000, 0.000000000000000000, 12.00000000000000000 ) ) ;
#2357 = CARTESIAN_POINT ( 'NONE',  ( -15.49999999999999289, -50.15627297532785178, -6.000000000000001776 ) ) ;
#2358 = CARTESIAN_POINT ( 'NONE',  ( 22.49999999999998934, -26.23030680745307563, 11.83966065546235669 ) ) ;
#2359 = LINE ( 'NONE', #3143, #2814 ) ;
#2360 = ORIENTED_EDGE ( 'NONE', *, *, #659, .T. ) ;
#2361 = ORIENTED_EDGE ( 'NONE', *, *, #1137, .T. ) ;
#2362 = EDGE_CURVE ( 'NONE', #656, #132, #165, .T. ) ;
#2363 = EDGE_LOOP ( 'NONE', ( #2297, #1739, #3164, #717 ) ) ;
#2364 = APPROVAL_PERSON_ORGANIZATION ( #2583, #3220, #490 ) ;
#2365 = EDGE_CURVE ( 'NONE', #2722, #109, #1066, .T. ) ;
#2366 = ORIENTED_EDGE ( 'NONE', *, *, #3133, .T. ) ;
#2367 = DIRECTION ( 'NONE',  ( 1.000000000000000000, 0.000000000000000000, 0.000000000000000000 ) ) ;
#2368 = DIRECTION ( 'NONE',  ( 1.000000000000000000, 0.000000000000000000, 0.000000000000000000 ) ) ;
#2369 = VECTOR ( 'NONE', #479, 1000.000000000000114 ) ;
#2370 = DIRECTION ( 'NONE',  ( 1.000000000000000000, 0.000000000000000000, 0.000000000000000000 ) ) ;
#2371 = FACE_BOUND ( 'NONE', #321, .T. ) ;
#2372 = LINE ( 'NONE', #265, #2534 ) ;
#2373 = AXIS2_PLACEMENT_3D ( 'NONE', #74, #2185, #1161 ) ;
#2374 = PLANE ( 'NONE',  #1122 ) ;
#2375 = EDGE_LOOP ( 'NONE', ( #2247, #1432, #3167, #1784 ) ) ;
#2376 = VERTEX_POINT ( 'NONE', #1960 ) ;
#2377 = AXIS2_PLACEMENT_3D ( 'NONE', #2616, #1570, #3161 ) ;
#2378 = VECTOR ( 'NONE', #112, 1000.000000000000000 ) ;
#2379 = FACE_OUTER_BOUND ( 'NONE', #1135, .T. ) ;
#2380 = CIRCLE ( 'NONE', #2817, 21.00000000000000000 ) ;
#2381 = ORIENTED_EDGE ( 'NONE', *, *, #3049, .T. ) ;
#2382 = EDGE_CURVE ( 'NONE', #2229, #2233, #2422, .T. ) ;
#2383 = AXIS2_PLACEMENT_3D ( 'NONE', #3165, #826, #1355 ) ;
#2384 = ORIENTED_EDGE ( 'NONE', *, *, #1155, .F. ) ;
#2385 = CARTESIAN_POINT ( 'NONE',  ( -19.50000000000000000, -26.80951323690903010, 2.999999999999999112 ) ) ;
#2386 = CARTESIAN_POINT ( 'NONE',  ( -27.02072594216368984, 11.50000000000000178, 5.599999999999999645 ) ) ;
#2387 = EDGE_CURVE ( 'NONE', #1175, #924, #2979, .T. ) ;
#2388 = CYLINDRICAL_SURFACE ( 'NONE', #2869, 12.50000000000000000 ) ;
#2389 = EDGE_LOOP ( 'NONE', ( #2153, #1513, #3287, #1205 ) ) ;
#2390 = FACE_OUTER_BOUND ( 'NONE', #1700, .T. ) ;
#2391 = DIRECTION ( 'NONE',  ( 0.000000000000000000, 0.000000000000000000, 1.000000000000000000 ) ) ;
#2392 = CARTESIAN_POINT ( 'NONE',  ( -22.97927405783630306, -18.49999999999999645, 5.599999999999999645 ) ) ;
#2393 = CARTESIAN_POINT ( 'NONE',  ( -25.00000000000000000, 15.00000000000000000, 5.600000000000000533 ) ) ;
#2394 = ORIENTED_EDGE ( 'NONE', *, *, #816, .F. ) ;
#2395 = ORIENTED_EDGE ( 'NONE', *, *, #3266, .F. ) ;
#2396 = CARTESIAN_POINT ( 'NONE',  ( 27.00000000000001066, -15.00000000000000000, 5.600000000000000533 ) ) ;
#2397 = ORIENTED_EDGE ( 'NONE', *, *, #2136, .T. ) ;
#2398 = DIRECTION ( 'NONE',  ( 0.000000000000000000, 0.000000000000000000, 1.000000000000000000 ) ) ;
#2399 = DIRECTION ( 'NONE',  ( 0.000000000000000000, 0.000000000000000000, -1.000000000000000000 ) ) ;
#2400 = ORIENTED_EDGE ( 'NONE', *, *, #3204, .F. ) ;
#2401 = PLANE ( 'NONE',  #3086 ) ;
#2402 = VERTEX_POINT ( 'NONE', #1131 ) ;
#2403 = DIRECTION ( 'NONE',  ( -0.000000000000000000, -0.000000000000000000, 1.000000000000000000 ) ) ;
#2404 = EDGE_CURVE ( 'NONE', #3144, #2173, #668, .T. ) ;
#2405 = DIRECTION ( 'NONE',  ( 0.8660254037844387076, 0.5000000000000001110, 0.000000000000000000 ) ) ;
#2406 = CARTESIAN_POINT ( 'NONE',  ( 22.50000000000000711, -58.00000000000000000, 12.00000000000000000 ) ) ;
#2407 = PLANE ( 'NONE',  #634 ) ;
#2408 = EDGE_CURVE ( 'NONE', #2638, #996, #2203, .T. ) ;
#2409 = ORIENTED_EDGE ( 'NONE', *, *, #3127, .F. ) ;
#2410 = EDGE_LOOP ( 'NONE', ( #1138, #3273, #1861, #928, #1486, #1167, #2130, #1487, #3265, #2675 ) ) ;
#2411 = DIRECTION ( 'NONE',  ( -1.000000000000000000, 0.000000000000000000, -0.000000000000000000 ) ) ;
#2412 = ORIENTED_EDGE ( 'NONE', *, *, #824, .F. ) ;
#2413 = DIRECTION ( 'NONE',  ( 0.4999999999999992784, 0.8660254037844389297, 0.000000000000000000 ) ) ;
#2414 = DIRECTION ( 'NONE',  ( 1.000000000000000000, 0.000000000000000000, 0.000000000000000000 ) ) ;
#2415 = AXIS2_PLACEMENT_3D ( 'NONE', #1807, #2843, #1563 ) ;
#2416 = DIRECTION ( 'NONE',  ( -0.4999999999999998890, -0.8660254037844385966, 0.000000000000000000 ) ) ;
#2417 = ORIENTED_EDGE ( 'NONE', *, *, #287, .F. ) ;
#2418 = DIRECTION ( 'NONE',  ( -0.000000000000000000, -0.000000000000000000, 1.000000000000000000 ) ) ;
#2419 = DIRECTION ( 'NONE',  ( 0.000000000000000000, -0.000000000000000000, -1.000000000000000000 ) ) ;
#2420 = VECTOR ( 'NONE', #3081, 1000.000000000000000 ) ;
#2421 = DIRECTION ( 'NONE',  ( -0.000000000000000000, -0.000000000000000000, 1.000000000000000000 ) ) ;
#2422 = LINE ( 'NONE', #2458, #1121 ) ;
#2423 = LINE ( 'NONE', #2695, #954 ) ;
#2424 = VECTOR ( 'NONE', #544, 1000.000000000000000 ) ;
#2425 = VECTOR ( 'NONE', #1200, 1000.000000000000114 ) ;
#2426 = EDGE_LOOP ( 'NONE', ( #41, #3073, #843, #1085 ) ) ;
#2427 = CIRCLE ( 'NONE', #3247, 2.000000000000000000 ) ;
#2428 = DIRECTION ( 'NONE',  ( 1.000000000000000000, 0.000000000000000000, 0.000000000000000000 ) ) ;
#2429 = AXIS2_PLACEMENT_3D ( 'NONE', #2393, #2134, #2871 ) ;
#2430 = VECTOR ( 'NONE', #2729, 1000.000000000000114 ) ;
#2431 = ORIENTED_EDGE ( 'NONE', *, *, #3369, .F. ) ;
#2432 = VECTOR ( 'NONE', #1425, 1000.000000000000114 ) ;
#2433 = DIRECTION ( 'NONE',  ( -0.000000000000000000, -0.000000000000000000, 1.000000000000000000 ) ) ;
#2434 = CARTESIAN_POINT ( 'NONE',  ( 13.50000000000000355, -50.15627297532784468, -6.000000000000001776 ) ) ;
#2435 = CIRCLE ( 'NONE', #1294, 1.999999999999998224 ) ;
#2436 = CARTESIAN_POINT ( 'NONE',  ( 12.65322325094975930, -17.55981403158947174, 11.93558254526224971 ) ) ;
#2437 = ORIENTED_EDGE ( 'NONE', *, *, #3159, .T. ) ;
#2438 = DIRECTION ( 'NONE',  ( -1.000000000000000000, 0.000000000000000000, 0.000000000000000000 ) ) ;
#2439 = DIRECTION ( 'NONE',  ( 0.8660254037844389297, -0.4999999999999996114, 0.000000000000000000 ) ) ;
#2440 = LINE ( 'NONE', #395, #2705 ) ;
#2441 = DIRECTION ( 'NONE',  ( -0.000000000000000000, -0.000000000000000000, -1.000000000000000000 ) ) ;
#2442 = EDGE_LOOP ( 'NONE', ( #567, #1356, #1145, #912 ) ) ;
#2443 = EDGE_CURVE ( 'NONE', #1472, #2229, #3214, .T. ) ;
#2444 = EDGE_LOOP ( 'NONE', ( #1966, #2649, #605, #3355 ) ) ;
#2445 = DIRECTION ( 'NONE',  ( -1.000000000000000000, 1.224646799147349509E-16, 0.000000000000000000 ) ) ;
#2446 = ORIENTED_EDGE ( 'NONE', *, *, #2805, .T. ) ;
#2447 = EDGE_CURVE ( 'NONE', #3368, #2516, #2540, .T. ) ;
#2448 = ORIENTED_EDGE ( 'NONE', *, *, #1449, .T. ) ;
#2449 = EDGE_CURVE ( 'NONE', #557, #637, #145, .T. ) ;
#2450 = DIRECTION ( 'NONE',  ( 0.8660254037844387076, -0.4999999999999999445, 0.000000000000000000 ) ) ;
#2451 = EDGE_CURVE ( 'NONE', #2075, #1150, #3083, .T. ) ;
#2452 = DIRECTION ( 'NONE',  ( 1.000000000000000000, 0.000000000000000000, -0.000000000000000000 ) ) ;
#2453 = CARTESIAN_POINT ( 'NONE',  ( -17.02072594216368984, 28.49999999999999289, 5.599999999999999645 ) ) ;
#2454 = EDGE_LOOP ( 'NONE', ( #1708, #553 ) ) ;
#2455 = CARTESIAN_POINT ( 'NONE',  ( 0.000000000000000000, 0.000000000000000000, 12.00000000000000000 ) ) ;
#2456 = CARTESIAN_POINT ( 'NONE',  ( 12.25000000000000533, -19.00000000000000355, 12.00000000000000000 ) ) ;
#2457 = DIRECTION ( 'NONE',  ( 1.230715518008035029E-16, 1.000000000000000000, -0.000000000000000000 ) ) ;
#2458 = CARTESIAN_POINT ( 'NONE',  ( -27.02072594216369339, 18.49999999999999645, 12.00000000000000000 ) ) ;
#2459 = ORIENTED_EDGE ( 'NONE', *, *, #2530, .F. ) ;
#2460 = ORIENTED_EDGE ( 'NONE', *, *, #2635, .T. ) ;
#2461 = CARTESIAN_POINT ( 'NONE',  ( 20.95854811567259901, 15.00000000000000000, 5.599999999999999645 ) ) ;
#2462 = ORIENTED_EDGE ( 'NONE', *, *, #780, .T. ) ;
#2463 = ORIENTED_EDGE ( 'NONE', *, *, #1717, .F. ) ;
#2464 = ADVANCED_FACE ( 'NONE', ( #1453 ), #907, .F. ) ;
#2465 = LINE ( 'NONE', #2178, #519 ) ;
#2466 = VERTEX_POINT ( 'NONE', #1678 ) ;
#2467 = EDGE_CURVE ( 'NONE', #2402, #2668, #1149, .T. ) ;
#2468 = CARTESIAN_POINT ( 'NONE',  ( 13.76130533080271157, -16.54085354119786899, 11.87570519943301584 ) ) ;
#2469 = ORIENTED_EDGE ( 'NONE', *, *, #1634, .T. ) ;
#2470 = DIRECTION ( 'NONE',  ( 1.000000000000000000, 0.000000000000000000, 0.000000000000000000 ) ) ;
#2471 = DIRECTION ( 'NONE',  ( -0.000000000000000000, -0.000000000000000000, 1.000000000000000000 ) ) ;
#2472 = DIRECTION ( 'NONE',  ( 0.000000000000000000, 0.000000000000000000, 1.000000000000000000 ) ) ;
#2473 = DIRECTION ( 'NONE',  ( 1.000000000000000000, 0.000000000000000000, 0.000000000000000000 ) ) ;
#2474 = ORIENTED_EDGE ( 'NONE', *, *, #1133, .F. ) ;
#2475 = VERTEX_POINT ( 'NONE', #3263 ) ;
#2476 = AXIS2_PLACEMENT_3D ( 'NONE', #1210, #951, #3029 ) ;
#2477 = FACE_OUTER_BOUND ( 'NONE', #2149, .T. ) ;
#2478 = ORIENTED_EDGE ( 'NONE', *, *, #2939, .T. ) ;
#2479 = EDGE_LOOP ( 'NONE', ( #1588, #2261, #812, #1058 ) ) ;
#2480 = AXIS2_PLACEMENT_3D ( 'NONE', #2819, #2496, #923 ) ;
#2481 = AXIS2_PLACEMENT_3D ( 'NONE', #232, #217, #1266 ) ;
#2482 = VECTOR ( 'NONE', #769, 1000.000000000000000 ) ;
#2483 = LINE ( 'NONE', #2754, #2201 ) ;
#2484 = ADVANCED_FACE ( 'NONE', ( #412 ), #2495, .F. ) ;
#2485 = ORIENTED_EDGE ( 'NONE', *, *, #39, .T. ) ;
#2486 = CIRCLE ( 'NONE', #2429, 2.000000000000001776 ) ;
#2487 = FACE_OUTER_BOUND ( 'NONE', #1577, .T. ) ;
#2488 = ORIENTED_EDGE ( 'NONE', *, *, #707, .F. ) ;
#2489 = CARTESIAN_POINT ( 'NONE',  ( 12.99999999999999645, 24.99999999999999645, 0.000000000000000000 ) ) ;
#2490 = FACE_OUTER_BOUND ( 'NONE', #2336, .T. ) ;
#2491 = VECTOR ( 'NONE', #2625, 1000.000000000000227 ) ;
#2492 = EDGE_CURVE ( 'NONE', #949, #1697, #2276, .T. ) ;
#2493 = CIRCLE ( 'NONE', #3312, 2.000000000000001776 ) ;
#2494 = DIRECTION ( 'NONE',  ( -0.000000000000000000, -0.000000000000000000, 1.000000000000000000 ) ) ;
#2495 = PLANE ( 'NONE',  #94 ) ;
#2496 = DIRECTION ( 'NONE',  ( 0.000000000000000000, -1.000000000000000000, 0.000000000000000000 ) ) ;
#2497 = CARTESIAN_POINT ( 'NONE',  ( -14.99999999999999645, -19.00000000000000000, 12.00000000000000000 ) ) ;
#2498 = CARTESIAN_POINT ( 'NONE',  ( 27.02072594216369694, 11.49999999999998579, 12.00000000000000000 ) ) ;
#2499 = ORIENTED_EDGE ( 'NONE', *, *, #2309, .T. ) ;
#2500 = ORIENTED_EDGE ( 'NONE', *, *, #3197, .F. ) ;
#2501 = CARTESIAN_POINT ( 'NONE',  ( 0.000000000000000000, 0.000000000000000000, 12.00000000000000000 ) ) ;
#2502 = VERTEX_POINT ( 'NONE', #1497 ) ;
#2503 = CARTESIAN_POINT ( 'NONE',  ( 22.00000000000000355, 0.000000000000000000, 12.00000000000000000 ) ) ;
#2504 = ORIENTED_EDGE ( 'NONE', *, *, #1848, .T. ) ;
#2505 = CYLINDRICAL_SURFACE ( 'NONE', #2476, 2.000000000000000000 ) ;
#2506 = FACE_OUTER_BOUND ( 'NONE', #1207, .T. ) ;
#2507 = EDGE_CURVE ( 'NONE', #1110, #2601, #524, .T. ) ;
#2508 = CARTESIAN_POINT ( 'NONE',  ( -7.500000000000000000, 0.000000000000000000, 4.999999999999996447 ) ) ;
#2509 = CARTESIAN_POINT ( 'NONE',  ( -14.68511267437161294, -16.26453880745465952, 12.00000000000000355 ) ) ;
#2510 = CARTESIAN_POINT ( 'NONE',  ( 0.000000000000000000, 0.000000000000000000, 9.000000000000001776 ) ) ;
#2511 = CC_DESIGN_PERSON_AND_ORGANIZATION_ASSIGNMENT ( #982, #2019, ( #880 ) ) ;
#2512 = ADVANCED_FACE ( 'NONE', ( #991 ), #498, .F. ) ;
#2513 = CARTESIAN_POINT ( 'NONE',  ( 29.04145188432738678, -14.99999999999999645, 5.599999999999999645 ) ) ;
#2514 = LINE ( 'NONE', #1783, #848 ) ;
#2515 = ORIENTED_EDGE ( 'NONE', *, *, #2447, .T. ) ;
#2516 = VERTEX_POINT ( 'NONE', #757 ) ;
#2517 = DIRECTION ( 'NONE',  ( -1.000000000000000000, 0.000000000000000000, 0.000000000000000000 ) ) ;
#2518 = VERTEX_POINT ( 'NONE', #214 ) ;
#2519 = DIRECTION ( 'NONE',  ( 0.000000000000000000, -0.000000000000000000, 1.000000000000000000 ) ) ;
#2520 = EDGE_LOOP ( 'NONE', ( #781, #1382, #2853, #3071 ) ) ;
#2521 = CARTESIAN_POINT ( 'NONE',  ( 15.00000000000000355, -19.00000000000000355, 2.000000000000000000 ) ) ;
#2522 = CYLINDRICAL_SURFACE ( 'NONE', #1178, 2.000000000000001776 ) ;
#2523 = CARTESIAN_POINT ( 'NONE',  ( 27.02072594216369339, -11.49999999999998579, 5.599999999999999645 ) ) ;
#2524 = DIRECTION ( 'NONE',  ( 0.000000000000000000, 0.000000000000000000, 1.000000000000000000 ) ) ;
#2525 = CARTESIAN_POINT ( 'NONE',  ( 29.04145188432738678, -14.99999999999999645, 5.599999999999999645 ) ) ;
#2526 = CARTESIAN_POINT ( 'NONE',  ( -27.02072594216368273, -18.49999999999999645, 5.599999999999999645 ) ) ;
#2527 = FACE_OUTER_BOUND ( 'NONE', #3028, .T. ) ;
#2528 = ORIENTED_EDGE ( 'NONE', *, *, #1279, .T. ) ;
#2529 = EDGE_LOOP ( 'NONE', ( #892, #1154 ) ) ;
#2530 = EDGE_CURVE ( 'NONE', #1150, #1606, #998, .T. ) ;
#2531 = CIRCLE ( 'NONE', #1980, 7.500000000000000000 ) ;
#2532 = MECHANICAL_CONTEXT ( 'NONE', #3195, 'mechanical' ) ;
#2533 = CIRCLE ( 'NONE', #2799, 7.000000000000000000 ) ;
#2534 = VECTOR ( 'NONE', #1796, 1000.000000000000000 ) ;
#2535 = ORIENTED_EDGE ( 'NONE', *, *, #2637, .T. ) ;
#2536 = CIRCLE ( 'NONE', #2966, 12.00000000000000178 ) ;
#2537 = EDGE_LOOP ( 'NONE', ( #2478, #3125 ) ) ;
#2538 = CARTESIAN_POINT ( 'NONE',  ( 12.25000000000000533, -19.00000000000000355, 2.000000000000000000 ) ) ;
#2539 = DIRECTION ( 'NONE',  ( -0.000000000000000000, -0.000000000000000000, 1.000000000000000000 ) ) ;
#2540 = CIRCLE ( 'NONE', #1668, 12.50000000000000000 ) ;
#2541 = AXIS2_PLACEMENT_3D ( 'NONE', #62, #1056, #295 ) ;
#2542 = FACE_BOUND ( 'NONE', #2529, .T. ) ;
#2543 = CIRCLE ( 'NONE', #1071, 2.749999999999999112 ) ;
#2544 = DIRECTION ( 'NONE',  ( -4.202491143730326296E-17, 0.1889029378539987813, -0.9819957637740237555 ) ) ;
#2545 = PLANE ( 'NONE',  #1932 ) ;
#2546 = AXIS2_PLACEMENT_3D ( 'NONE', #2286, #2268, #138 ) ;
#2547 = CARTESIAN_POINT ( 'NONE',  ( 12.97927405783631016, 21.50000000000000000, 5.599999999999999645 ) ) ;
#2548 = EDGE_CURVE ( 'NONE', #2855, #1524, #1974, .T. ) ;
#2549 = FACE_OUTER_BOUND ( 'NONE', #78, .T. ) ;
#2550 = EDGE_LOOP ( 'NONE', ( #2842, #30, #1911, #1711, #2662, #3218 ) ) ;
#2551 = ORIENTED_EDGE ( 'NONE', *, *, #578, .F. ) ;
#2552 = EDGE_CURVE ( 'NONE', #749, #1333, #2014, .T. ) ;
#2553 =( LENGTH_UNIT ( ) NAMED_UNIT ( * ) SI_UNIT ( .MILLI., .METRE. ) );
#2554 = CC_DESIGN_PERSON_AND_ORGANIZATION_ASSIGNMENT ( #272, #2854, ( #2259 ) ) ;
#2555 = EDGE_LOOP ( 'NONE', ( #1952, #890, #304, #865 ) ) ;
#2556 = EDGE_CURVE ( 'NONE', #1598, #2070, #1776, .T. ) ;
#2557 = DIRECTION ( 'NONE',  ( -1.000000000000000000, 0.000000000000000000, 0.000000000000000000 ) ) ;
#2558 = ORIENTED_EDGE ( 'NONE', *, *, #627, .T. ) ;
#2559 = CARTESIAN_POINT ( 'NONE',  ( 12.99999999999999645, 24.99999999999999645, -6.000000000000001776 ) ) ;
#2560 = CARTESIAN_POINT ( 'NONE',  ( 17.00000000000000000, 24.99999999999999645, -6.000000000000001776 ) ) ;
#2561 = DIRECTION ( 'NONE',  ( -0.000000000000000000, -0.000000000000000000, 1.000000000000000000 ) ) ;
#2562 = CARTESIAN_POINT ( 'NONE',  ( 27.02072594216369694, 11.49999999999998579, 5.599999999999999645 ) ) ;
#2563 = CARTESIAN_POINT ( 'NONE',  ( 12.00000000000000178, 0.000000000000000000, 11.00000000000000000 ) ) ;
#2564 = CARTESIAN_POINT ( 'NONE',  ( 27.02072594216369339, -11.49999999999998579, 12.00000000000000000 ) ) ;
#2565 = CARTESIAN_POINT ( 'NONE',  ( -22.97927405783630306, -11.50000000000000355, 12.00000000000000000 ) ) ;
#2566 = ORIENTED_EDGE ( 'NONE', *, *, #3204, .T. ) ;
#2567 = VERTEX_POINT ( 'NONE', #2253 ) ;
#2568 = APPROVAL_STATUS ( 'not_yet_approved' ) ;
#2569 = ORIENTED_EDGE ( 'NONE', *, *, #1565, .T. ) ;
#2570 = EDGE_CURVE ( 'NONE', #733, #2070, #1467, .T. ) ;
#2571 = CARTESIAN_POINT ( 'NONE',  ( -15.00000000000000355, 24.99999999999999289, -6.000000000000001776 ) ) ;
#2572 = ORIENTED_EDGE ( 'NONE', *, *, #3282, .F. ) ;
#2573 = PLANE ( 'NONE',  #302 ) ;
#2574 = CARTESIAN_POINT ( 'NONE',  ( 0.000000000000000000, 0.000000000000000000, 12.00000000000000000 ) ) ;
#2575 = EDGE_CURVE ( 'NONE', #2302, #3306, #2327, .T. ) ;
#2576 = CARTESIAN_POINT ( 'NONE',  ( 19.50000000000000355, -26.80951323690902299, 12.00000000000000000 ) ) ;
#2577 = DIRECTION ( 'NONE',  ( 0.000000000000000000, 0.9819957637740237555, 0.1889029378539987813 ) ) ;
#2578 = LINE ( 'NONE', #8, #626 ) ;
#2579 = DIRECTION ( 'NONE',  ( 0.000000000000000000, 0.000000000000000000, 1.000000000000000000 ) ) ;
#2580 = CARTESIAN_POINT ( 'NONE',  ( -22.50000000000000000, -26.80951323690903365, 11.00000000000000000 ) ) ;
#2581 = ORIENTED_EDGE ( 'NONE', *, *, #1526, .F. ) ;
#2582 = VERTEX_POINT ( 'NONE', #446 ) ;
#2583 = PERSON_AND_ORGANIZATION ( #1601, #137 ) ;
#2584 = ORIENTED_EDGE ( 'NONE', *, *, #492, .F. ) ;
#2585 = ORIENTED_EDGE ( 'NONE', *, *, #2245, .F. ) ;
#2586 = CIRCLE ( 'NONE', #1009, 1.000000000000000888 ) ;
#2587 = CIRCLE ( 'NONE', #1827, 1.999999999999998224 ) ;
#2588 = CARTESIAN_POINT ( 'NONE',  ( -10.95854811567261855, 24.99999999999999289, 12.00000000000000000 ) ) ;
#2589 = DIRECTION ( 'NONE',  ( -0.000000000000000000, -0.000000000000000000, 1.000000000000000000 ) ) ;
#2590 = VECTOR ( 'NONE', #706, 1000.000000000000000 ) ;
#2591 = DIRECTION ( 'NONE',  ( 0.000000000000000000, 0.000000000000000000, 1.000000000000000000 ) ) ;
#2592 = DIRECTION ( 'NONE',  ( 0.000000000000000000, 0.000000000000000000, 1.000000000000000000 ) ) ;
#2593 = CARTESIAN_POINT ( 'NONE',  ( 25.00000000000000000, 14.99999999999999822, 0.000000000000000000 ) ) ;
#2594 = VECTOR ( 'NONE', #1381, 1000.000000000000000 ) ;
#2595 = VECTOR ( 'NONE', #1584, 1000.000000000000227 ) ;
#2596 = EDGE_CURVE ( 'NONE', #11, #1899, #1481, .T. ) ;
#2597 = VECTOR ( 'NONE', #759, 1000.000000000000000 ) ;
#2598 = FACE_OUTER_BOUND ( 'NONE', #1307, .T. ) ;
#2599 = CARTESIAN_POINT ( 'NONE',  ( -23.00000000000000000, 15.00000000000000000, 0.000000000000000000 ) ) ;
#2600 = EDGE_CURVE ( 'NONE', #1321, #253, #259, .T. ) ;
#2601 = VERTEX_POINT ( 'NONE', #483 ) ;
#2602 = VECTOR ( 'NONE', #2045, 1000.000000000000000 ) ;
#2603 = ORIENTED_EDGE ( 'NONE', *, *, #492, .T. ) ;
#2604 = VECTOR ( 'NONE', #2008, 1000.000000000000000 ) ;
#2605 = PERSON_AND_ORGANIZATION ( #1601, #137 ) ;
#2606 = ORIENTED_EDGE ( 'NONE', *, *, #224, .F. ) ;
#2607 = ORIENTED_EDGE ( 'NONE', *, *, #1236, .F. ) ;
#2608 = CARTESIAN_POINT ( 'NONE',  ( 22.97927405783631372, -18.50000000000000000, 5.599999999999999645 ) ) ;
#2609 = DIRECTION ( 'NONE',  ( 1.000000000000000000, 0.000000000000000000, 0.000000000000000000 ) ) ;
#2610 = CARTESIAN_POINT ( 'NONE',  ( -17.74999999999999645, -19.00000000000000000, 2.000000000000000000 ) ) ;
#2611 = CARTESIAN_POINT ( 'NONE',  ( -27.02072594216368628, -11.50000000000000355, 12.00000000000000000 ) ) ;
#2612 = DIRECTION ( 'NONE',  ( 1.000000000000000000, 0.000000000000000000, 0.000000000000000000 ) ) ;
#2613 = ADVANCED_FACE ( 'NONE', ( #1007 ), #194, .F. ) ;
#2614 = CARTESIAN_POINT ( 'NONE',  ( 0.000000000000000000, 0.000000000000000000, 0.000000000000000000 ) ) ;
#2615 = CC_DESIGN_DATE_AND_TIME_ASSIGNMENT ( #1836, #1850, ( #1300 ) ) ;
#2616 = CARTESIAN_POINT ( 'NONE',  ( 22.97927405783631372, -18.50000000000000000, 5.599999999999999645 ) ) ;
#2617 = ORIENTED_EDGE ( 'NONE', *, *, #3152, .T. ) ;
#2618 = ORIENTED_EDGE ( 'NONE', *, *, #98, .T. ) ;
#2619 = EDGE_CURVE ( 'NONE', #2347, #1068, #2323, .T. ) ;
#2620 = APPROVAL_DATE_TIME ( #1523, #1508 ) ;
#2621 = EDGE_LOOP ( 'NONE', ( #3178, #2226 ) ) ;
#2622 = VERTEX_POINT ( 'NONE', #1857 ) ;
#2623 = CARTESIAN_POINT ( 'NONE',  ( 22.49999999999999289, -26.80951323690903010, 12.00000000000000000 ) ) ;
#2624 = CARTESIAN_POINT ( 'NONE',  ( 22.50000000000000000, -26.80951323690902299, 12.00000000000000000 ) ) ;
#2625 = DIRECTION ( 'NONE',  ( 0.5000000000000000000, -0.8660254037844385966, 0.000000000000000000 ) ) ;
#2626 = DIRECTION ( 'NONE',  ( -0.000000000000000000, -0.000000000000000000, 1.000000000000000000 ) ) ;
#2627 = DIRECTION ( 'NONE',  ( 1.000000000000000000, 0.000000000000000000, 0.000000000000000000 ) ) ;
#2628 = FACE_OUTER_BOUND ( 'NONE', #997, .T. ) ;
#2629 = FACE_OUTER_BOUND ( 'NONE', #599, .T. ) ;
#2630 = ORIENTED_EDGE ( 'NONE', *, *, #1779, .T. ) ;
#2631 = EDGE_CURVE ( 'NONE', #1096, #1951, #1871, .T. ) ;
#2632 = ORIENTED_EDGE ( 'NONE', *, *, #3152, .F. ) ;
#2633 = LINE ( 'NONE', #2315, #372 ) ;
#2634 = PERSON_AND_ORGANIZATION_ROLE ( 'creator' ) ;
#2635 = EDGE_CURVE ( 'NONE', #827, #2760, #2910, .T. ) ;
#2636 = VERTEX_POINT ( 'NONE', #547 ) ;
#2637 = EDGE_CURVE ( 'NONE', #2787, #2736, #584, .T. ) ;
#2638 = VERTEX_POINT ( 'NONE', #2847 ) ;
#2639 = DIRECTION ( 'NONE',  ( 1.000000000000000000, 0.000000000000000000, 0.000000000000000000 ) ) ;
#2640 = CARTESIAN_POINT ( 'NONE',  ( 23.00000000000000711, -15.00000000000000000, 5.600000000000000533 ) ) ;
#2641 = AXIS2_PLACEMENT_3D ( 'NONE', #2356, #3362, #1810 ) ;
#2642 = CYLINDRICAL_SURFACE ( 'NONE', #1455, 2.000000000000000000 ) ;
#2643 = ORIENTED_EDGE ( 'NONE', *, *, #2653, .F. ) ;
#2644 = FACE_OUTER_BOUND ( 'NONE', #3059, .T. ) ;
#2645 = DIRECTION ( 'NONE',  ( 1.000000000000000000, 0.000000000000000000, 0.000000000000000000 ) ) ;
#2646 = AXIS2_PLACEMENT_3D ( 'NONE', #2510, #1498, #215 ) ;
#2647 = DIRECTION ( 'NONE',  ( 0.000000000000000000, -0.000000000000000000, -1.000000000000000000 ) ) ;
#2648 = DIRECTION ( 'NONE',  ( 1.000000000000000000, 0.000000000000000000, 0.000000000000000000 ) ) ;
#2649 = ORIENTED_EDGE ( 'NONE', *, *, #299, .F. ) ;
#2650 = ORIENTED_EDGE ( 'NONE', *, *, #2600, .T. ) ;
#2651 = VECTOR ( 'NONE', #1895, 1000.000000000000114 ) ;
#2652 = VECTOR ( 'NONE', #84, 1000.000000000000000 ) ;
#2653 = EDGE_CURVE ( 'NONE', #3268, #2402, #530, .T. ) ;
#2654 = DIRECTION ( 'NONE',  ( 0.000000000000000000, -0.000000000000000000, 1.000000000000000000 ) ) ;
#2655 = CIRCLE ( 'NONE', #1997, 2.000000000000000000 ) ;
#2656 = ORIENTED_EDGE ( 'NONE', *, *, #3364, .F. ) ;
#2657 = AXIS2_PLACEMENT_3D ( 'NONE', #1525, #3099, #237 ) ;
#2658 = DIRECTION ( 'NONE',  ( 1.000000000000000000, 0.000000000000000000, 0.000000000000000000 ) ) ;
#2659 = LINE ( 'NONE', #376, #1337 ) ;
#2660 = ADVANCED_FACE ( 'NONE', ( #2390 ), #2160, .T. ) ;
#2661 = CARTESIAN_POINT ( 'NONE',  ( 7.000000000000000000, 8.572527594031473190E-16, 12.00000000000000000 ) ) ;
#2662 = ORIENTED_EDGE ( 'NONE', *, *, #866, .F. ) ;
#2663 = LINE ( 'NONE', #2145, #624 ) ;
#2664 = DIRECTION ( 'NONE',  ( 0.4999999999999996114, 0.8660254037844388186, 0.000000000000000000 ) ) ;
#2665 = CARTESIAN_POINT ( 'NONE',  ( 29.04145188432738678, 14.99999999999999289, 5.599999999999999645 ) ) ;
#2666 = CARTESIAN_POINT ( 'NONE',  ( 17.50000000000000711, -50.15627297532784468, -6.000000000000001776 ) ) ;
#2667 = ORIENTED_EDGE ( 'NONE', *, *, #486, .T. ) ;
#2668 = VERTEX_POINT ( 'NONE', #293 ) ;
#2669 = CARTESIAN_POINT ( 'NONE',  ( -29.04145188432737257, -14.99999999999999822, 5.599999999999999645 ) ) ;
#2670 = ORIENTED_EDGE ( 'NONE', *, *, #1944, .T. ) ;
#2671 = DIRECTION ( 'NONE',  ( 0.5000000000000003331, -0.8660254037844383745, 0.000000000000000000 ) ) ;
#2672 = CARTESIAN_POINT ( 'NONE',  ( -27.02072594216368984, 11.50000000000000178, 12.00000000000000000 ) ) ;
#2673 = ADVANCED_FACE ( 'NONE', ( #3117 ), #244, .F. ) ;
#2674 = DIRECTION ( 'NONE',  ( 1.000000000000000000, 0.000000000000000000, 0.000000000000000000 ) ) ;
#2675 = ORIENTED_EDGE ( 'NONE', *, *, #1801, .F. ) ;
#2676 = DIRECTION ( 'NONE',  ( 1.000000000000000000, 0.000000000000000000, 0.000000000000000000 ) ) ;
#2677 = DIRECTION ( 'NONE',  ( 0.000000000000000000, 0.000000000000000000, 1.000000000000000000 ) ) ;
#2678 = EDGE_CURVE ( 'NONE', #673, #185, #3172, .T. ) ;
#2679 = CARTESIAN_POINT ( 'NONE',  ( -20.95854811567261322, -15.00000000000000000, 5.599999999999999645 ) ) ;
#2680 = CARTESIAN_POINT ( 'NONE',  ( -21.00000000000000000, 2.571758278209441661E-15, 9.000000000000001776 ) ) ;
#2681 = ORIENTED_EDGE ( 'NONE', *, *, #224, .T. ) ;
#2682 = VERTEX_POINT ( 'NONE', #771 ) ;
#2683 = FACE_OUTER_BOUND ( 'NONE', #2520, .T. ) ;
#2684 = VERTEX_POINT ( 'NONE', #1622 ) ;
#2685 = CARTESIAN_POINT ( 'NONE',  ( 0.000000000000000000, 0.000000000000000000, 12.00000000000000000 ) ) ;
#2686 = CARTESIAN_POINT ( 'NONE',  ( -12.97927405783631016, 28.49999999999999289, 5.599999999999999645 ) ) ;
#2687 = ADVANCED_FACE ( 'NONE', ( #1824 ), #1276, .T. ) ;
#2688 = DIRECTION ( 'NONE',  ( 1.000000000000000000, 0.000000000000000000, 0.000000000000000000 ) ) ;
#2689 = ORIENTED_EDGE ( 'NONE', *, *, #2600, .F. ) ;
#2690 = CARTESIAN_POINT ( 'NONE',  ( -27.02072594216368984, 11.50000000000000178, 5.599999999999999645 ) ) ;
#2691 = DIRECTION ( 'NONE',  ( 0.000000000000000000, 0.000000000000000000, 1.000000000000000000 ) ) ;
#2692 = AXIS2_PLACEMENT_3D ( 'NONE', #22, #2895, #805 ) ;
#2693 = DIRECTION ( 'NONE',  ( -0.000000000000000000, -0.000000000000000000, 1.000000000000000000 ) ) ;
#2694 = LINE ( 'NONE', #2680, #2594 ) ;
#2695 = CARTESIAN_POINT ( 'NONE',  ( -23.00000000000000000, -15.00000000000000000, -6.000000000000001776 ) ) ;
#2696 = ADVANCED_FACE ( 'NONE', ( #2644 ), #1024, .F. ) ;
#2697 = VECTOR ( 'NONE', #2723, 1000.000000000000000 ) ;
#2698 = VECTOR ( 'NONE', #819, 1000.000000000000227 ) ;
#2699 = ORIENTED_EDGE ( 'NONE', *, *, #2740, .T. ) ;
#2700 = AXIS2_PLACEMENT_3D ( 'NONE', #2574, #3115, #1274 ) ;
#2701 = ADVANCED_FACE ( 'NONE', ( #1844, #2371, #1038, #1054, #534, #7, #1076, #2080 ), #1091, .T. ) ;
#2702 = CARTESIAN_POINT ( 'NONE',  ( -19.50000000000000000, -26.80951323690903010, 2.999999999999999112 ) ) ;
#2703 = ORIENTED_EDGE ( 'NONE', *, *, #1848, .F. ) ;
#2704 = VECTOR ( 'NONE', #1535, 1000.000000000000000 ) ;
#2705 = VECTOR ( 'NONE', #2457, 1000.000000000000000 ) ;
#2706 = ORIENTED_EDGE ( 'NONE', *, *, #2028, .T. ) ;
#2707 = VECTOR ( 'NONE', #3186, 1000.000000000000000 ) ;
#2708 = DIRECTION ( 'NONE',  ( 0.000000000000000000, 0.000000000000000000, -1.000000000000000000 ) ) ;
#2709 = CARTESIAN_POINT ( 'NONE',  ( 23.00000000000000000, 14.99999999999999822, 0.000000000000000000 ) ) ;
#2710 = CIRCLE ( 'NONE', #2657, 2.749999999999997335 ) ;
#2711 = DIRECTION ( 'NONE',  ( -0.000000000000000000, -0.000000000000000000, 1.000000000000000000 ) ) ;
#2712 = ORIENTED_EDGE ( 'NONE', *, *, #3157, .T. ) ;
#2713 = DIRECTION ( 'NONE',  ( 0.000000000000000000, 0.000000000000000000, 1.000000000000000000 ) ) ;
#2714 = FACE_OUTER_BOUND ( 'NONE', #1839, .T. ) ;
#2715 = DIRECTION ( 'NONE',  ( -0.000000000000000000, -0.000000000000000000, 1.000000000000000000 ) ) ;
#2716 = VERTEX_POINT ( 'NONE', #1567 ) ;
#2717 = EDGE_CURVE ( 'NONE', #3232, #1459, #264, .T. ) ;
#2718 = EDGE_LOOP ( 'NONE', ( #2381, #2935, #2084, #2630 ) ) ;
#2719 = CC_DESIGN_PERSON_AND_ORGANIZATION_ASSIGNMENT ( #2605, #2634, ( #192 ) ) ;
#2720 = DIRECTION ( 'NONE',  ( 1.000000000000000000, 0.000000000000000000, 0.000000000000000000 ) ) ;
#2721 = EDGE_LOOP ( 'NONE', ( #616, #2039, #48, #583 ) ) ;
#2722 = VERTEX_POINT ( 'NONE', #2341 ) ;
#2723 = DIRECTION ( 'NONE',  ( -1.000000000000000000, -0.000000000000000000, -0.000000000000000000 ) ) ;
#2724 = ORIENTED_EDGE ( 'NONE', *, *, #1005, .T. ) ;
#2725 = CARTESIAN_POINT ( 'NONE',  ( 15.00000000000000355, -19.00000000000000355, 2.000000000000000000 ) ) ;
#2726 = ORIENTED_EDGE ( 'NONE', *, *, #2778, .T. ) ;
#2727 = DIRECTION ( 'NONE',  ( -0.000000000000000000, -0.000000000000000000, 1.000000000000000000 ) ) ;
#2728 = CARTESIAN_POINT ( 'NONE',  ( -27.02072594216368628, -11.50000000000000355, 5.599999999999999645 ) ) ;
#2729 = DIRECTION ( 'NONE',  ( -0.4999999999999997224, 0.8660254037844388186, 0.000000000000000000 ) ) ;
#2730 = CARTESIAN_POINT ( 'NONE',  ( 7.500000000000000000, 9.184850993605147944E-16, 4.999999999999996447 ) ) ;
#2731 = CARTESIAN_POINT ( 'NONE',  ( -22.97927405783630306, -11.50000000000000355, 12.00000000000000000 ) ) ;
#2732 = ORIENTED_EDGE ( 'NONE', *, *, #2733, .T. ) ;
#2733 = EDGE_CURVE ( 'NONE', #915, #2996, #278, .T. ) ;
#2734 = DIRECTION ( 'NONE',  ( 1.224646799147353207E-16, 1.000000000000000000, -0.000000000000000000 ) ) ;
#2735 = ORIENTED_EDGE ( 'NONE', *, *, #3174, .F. ) ;
#2736 = VERTEX_POINT ( 'NONE', #612 ) ;
#2737 = EDGE_CURVE ( 'NONE', #1606, #2824, #1876, .T. ) ;
#2738 = EDGE_CURVE ( 'NONE', #2622, #417, #3012, .T. ) ;
#2739 = ORIENTED_EDGE ( 'NONE', *, *, #261, .T. ) ;
#2740 = EDGE_CURVE ( 'NONE', #1720, #1303, #3349, .T. ) ;
#2741 = CARTESIAN_POINT ( 'NONE',  ( 15.00000000000000355, -19.00000000000000355, 2.000000000000000000 ) ) ;
#2742 = ORIENTED_EDGE ( 'NONE', *, *, #1639, .T. ) ;
#2743 = DIRECTION ( 'NONE',  ( 1.000000000000000000, 0.000000000000000000, 0.000000000000000000 ) ) ;
#2744 = DIRECTION ( 'NONE',  ( -0.000000000000000000, -0.000000000000000000, 1.000000000000000000 ) ) ;
#2745 = LINE ( 'NONE', #411, #263 ) ;
#2746 = DIRECTION ( 'NONE',  ( -0.000000000000000000, -0.000000000000000000, 1.000000000000000000 ) ) ;
#2747 = CARTESIAN_POINT ( 'NONE',  ( 22.97927405783631372, -18.50000000000000000, 12.00000000000000000 ) ) ;
#2748 = ORIENTED_EDGE ( 'NONE', *, *, #1236, .T. ) ;
#2749 = CARTESIAN_POINT ( 'NONE',  ( 15.00000000000000000, 24.99999999999999645, 0.000000000000000000 ) ) ;
#2750 = EDGE_LOOP ( 'NONE', ( #1491, #1258, #1097, #1002 ) ) ;
#2751 = EDGE_LOOP ( 'NONE', ( #2790, #274 ) ) ;
#2752 = AXIS2_PLACEMENT_3D ( 'NONE', #1603, #269, #2101 ) ;
#2753 = AXIS2_PLACEMENT_3D ( 'NONE', #1070, #2078, #1309 ) ;
#2754 = CARTESIAN_POINT ( 'NONE',  ( 29.04145188432738678, -14.99999999999999645, 5.599999999999999645 ) ) ;
#2755 = VERTEX_POINT ( 'NONE', #1920 ) ;
#2756 = EDGE_CURVE ( 'NONE', #840, #2139, #683, .T. ) ;
#2757 = CIRCLE ( 'NONE', #95, 35.00000000000000000 ) ;
#2758 = CC_DESIGN_PERSON_AND_ORGANIZATION_ASSIGNMENT ( #3147, #2059, ( #192 ) ) ;
#2759 = CARTESIAN_POINT ( 'NONE',  ( 17.02072594216369339, 21.50000000000000000, 5.599999999999999645 ) ) ;
#2760 = VERTEX_POINT ( 'NONE', #379 ) ;
#2761 = DIRECTION ( 'NONE',  ( 0.000000000000000000, 0.000000000000000000, -1.000000000000000000 ) ) ;
#2762 = CARTESIAN_POINT ( 'NONE',  ( 10.95854811567261855, 24.99999999999999645, 12.00000000000000000 ) ) ;
#2763 = AXIS2_PLACEMENT_3D ( 'NONE', #2831, #1809, #561 ) ;
#2764 = EDGE_CURVE ( 'NONE', #53, #1693, #140, .T. ) ;
#2765 = AXIS2_PLACEMENT_3D ( 'NONE', #2571, #2038, #1589 ) ;
#2766 = CARTESIAN_POINT ( 'NONE',  ( 25.00000000000000711, -15.00000000000000000, 0.000000000000000000 ) ) ;
#2767 = DIRECTION ( 'NONE',  ( -0.000000000000000000, -0.000000000000000000, 1.000000000000000000 ) ) ;
#2768 = FACE_OUTER_BOUND ( 'NONE', #2442, .T. ) ;
#2769 = LINE ( 'NONE', #2526, #3084 ) ;
#2770 = DIRECTION ( 'NONE',  ( 1.000000000000000000, 0.000000000000000000, 0.000000000000000000 ) ) ;
#2771 = ORIENTED_EDGE ( 'NONE', *, *, #3322, .F. ) ;
#2772 = VERTEX_POINT ( 'NONE', #869 ) ;
#2773 =( NAMED_UNIT ( * ) SI_UNIT ( $, .STERADIAN. ) SOLID_ANGLE_UNIT ( ) );
#2774 = ORIENTED_EDGE ( 'NONE', *, *, #405, .T. ) ;
#2775 = CARTESIAN_POINT ( 'NONE',  ( 20.95854811567261677, -14.99999999999999467, 5.599999999999999645 ) ) ;
#2776 = ORIENTED_EDGE ( 'NONE', *, *, #2879, .F. ) ;
#2777 = LINE ( 'NONE', #408, #2420 ) ;
#2778 = EDGE_CURVE ( 'NONE', #713, #1319, #2930, .T. ) ;
#2779 = CARTESIAN_POINT ( 'NONE',  ( -29.04145188432737257, -14.99999999999999822, 12.00000000000000000 ) ) ;
#2780 = CARTESIAN_POINT ( 'NONE',  ( 22.97927405783631372, -11.49999999999998579, 5.599999999999999645 ) ) ;
#2781 = DIRECTION ( 'NONE',  ( -0.000000000000000000, -0.000000000000000000, 1.000000000000000000 ) ) ;
#2782 = EDGE_CURVE ( 'NONE', #3155, #2937, #574, .T. ) ;
#2783 = FACE_OUTER_BOUND ( 'NONE', #2314, .T. ) ;
#2784 = EDGE_CURVE ( 'NONE', #2824, #1733, #2586, .T. ) ;
#2785 = LINE ( 'NONE', #1483, #1182 ) ;
#2786 = CARTESIAN_POINT ( 'NONE',  ( -22.50000000000000000, -26.80951323690903365, 12.00000000000000000 ) ) ;
#2787 = VERTEX_POINT ( 'NONE', #1376 ) ;
#2788 = VERTEX_POINT ( 'NONE', #3238 ) ;
#2789 = CARTESIAN_POINT ( 'NONE',  ( 22.49999999999999289, -26.80951323690903010, 0.000000000000000000 ) ) ;
#2790 = ORIENTED_EDGE ( 'NONE', *, *, #929, .T. ) ;
#2791 = FACE_OUTER_BOUND ( 'NONE', #696, .T. ) ;
#2792 = ORIENTED_EDGE ( 'NONE', *, *, #1988, .F. ) ;
#2793 = LINE ( 'NONE', #1246, #950 ) ;
#2794 = DIRECTION ( 'NONE',  ( 0.000000000000000000, -0.000000000000000000, 1.000000000000000000 ) ) ;
#2795 = EDGE_CURVE ( 'NONE', #489, #225, #884, .T. ) ;
#2796 = DIRECTION ( 'NONE',  ( 0.000000000000000000, 0.000000000000000000, -1.000000000000000000 ) ) ;
#2797 = CARTESIAN_POINT ( 'NONE',  ( -14.14378094859527124, -16.38305795450090585, 11.93558254526224260 ) ) ;
#2798 = CARTESIAN_POINT ( 'NONE',  ( 15.00000000000000355, -19.00000000000000355, 2.000000000000000000 ) ) ;
#2799 = AXIS2_PLACEMENT_3D ( 'NONE', #2063, #814, #3101 ) ;
#2800 = ADVANCED_FACE ( 'NONE', ( #900 ), #1176, .F. ) ;
#2801 = CARTESIAN_POINT ( 'NONE',  ( -17.02072594216368984, 28.49999999999999289, 12.00000000000000000 ) ) ;
#2802 = DIRECTION ( 'NONE',  ( 1.000000000000000000, 0.000000000000000000, 0.000000000000000000 ) ) ;
#2803 = ORIENTED_EDGE ( 'NONE', *, *, #1185, .F. ) ;
#2804 = ORIENTED_EDGE ( 'NONE', *, *, #671, .F. ) ;
#2805 = EDGE_CURVE ( 'NONE', #949, #2, #1940, .T. ) ;
#2806 = AXIS2_PLACEMENT_3D ( 'NONE', #275, #2353, #527 ) ;
#2807 = CARTESIAN_POINT ( 'NONE',  ( 29.04145188432738678, 14.99999999999999289, 5.599999999999999645 ) ) ;
#2808 = ORIENTED_EDGE ( 'NONE', *, *, #142, .F. ) ;
#2809 = VECTOR ( 'NONE', #352, 1000.000000000000000 ) ;
#2810 = PLANE ( 'NONE',  #913 ) ;
#2811 = VERTEX_POINT ( 'NONE', #2217 ) ;
#2812 = CARTESIAN_POINT ( 'NONE',  ( -19.04145188432738323, 24.99999999999998934, 5.599999999999999645 ) ) ;
#2813 = LINE ( 'NONE', #3132, #149 ) ;
#2814 = VECTOR ( 'NONE', #396, 1000.000000000000000 ) ;
#2815 = VECTOR ( 'NONE', #76, 1000.000000000000000 ) ;
#2816 = CARTESIAN_POINT ( 'NONE',  ( -27.00000000000000355, 15.00000000000000000, 0.000000000000000000 ) ) ;
#2817 = AXIS2_PLACEMENT_3D ( 'NONE', #3060, #1738, #716 ) ;
#2818 = CARTESIAN_POINT ( 'NONE',  ( 15.50000000000000711, -50.15627297532784468, 0.000000000000000000 ) ) ;
#2819 = CARTESIAN_POINT ( 'NONE',  ( -19.49999999999999645, -54.99999999999998579, 2.999999999999999112 ) ) ;
#2820 = DIRECTION ( 'NONE',  ( 0.5000000000000001110, 0.8660254037844385966, 0.000000000000000000 ) ) ;
#2821 = PLANE ( 'NONE',  #580 ) ;
#2822 = EDGE_LOOP ( 'NONE', ( #2360, #2137, #2905, #1242 ) ) ;
#2823 = EDGE_CURVE ( 'NONE', #419, #2736, #1116, .T. ) ;
#2824 = VERTEX_POINT ( 'NONE', #3260 ) ;
#2825 = APPLICATION_PROTOCOL_DEFINITION ( 'international standard', 'config_control_design', 1994, #3149 ) ;
#2826 = ORIENTED_EDGE ( 'NONE', *, *, #816, .T. ) ;
#2827 = DIRECTION ( 'NONE',  ( -0.000000000000000000, -0.000000000000000000, -1.000000000000000000 ) ) ;
#2828 = ORIENTED_EDGE ( 'NONE', *, *, #429, .F. ) ;
#2829 = DIRECTION ( 'NONE',  ( -4.449365575222965782E-16, 1.000000000000000000, 0.000000000000000000 ) ) ;
#2830 = CARTESIAN_POINT ( 'NONE',  ( -17.00000000000000000, 24.99999999999999289, -6.000000000000001776 ) ) ;
#2831 = CARTESIAN_POINT ( 'NONE',  ( 0.000000000000000000, 0.000000000000000000, 4.999999999999996447 ) ) ;
#2832 = DIRECTION ( 'NONE',  ( 0.000000000000000000, 0.000000000000000000, 1.000000000000000000 ) ) ;
#2833 = CARTESIAN_POINT ( 'NONE',  ( -11.00000000000000355, 1.347111479062088799E-15, 11.00000000000000000 ) ) ;
#2834 = DIRECTION ( 'NONE',  ( 0.000000000000000000, -1.000000000000000000, 0.000000000000000000 ) ) ;
#2835 = CARTESIAN_POINT ( 'NONE',  ( 27.00000000000000355, 14.99999999999999822, 0.000000000000000000 ) ) ;
#2836 = ORIENTED_EDGE ( 'NONE', *, *, #2071, .F. ) ;
#2837 = VERTEX_POINT ( 'NONE', #358 ) ;
#2838 = EDGE_CURVE ( 'NONE', #2636, #2874, #1125, .T. ) ;
#2839 = ORIENTED_EDGE ( 'NONE', *, *, #39, .F. ) ;
#2840 = EDGE_CURVE ( 'NONE', #810, #3098, #2663, .T. ) ;
#2841 = EDGE_CURVE ( 'NONE', #2904, #2229, #3188, .T. ) ;
#2842 = ORIENTED_EDGE ( 'NONE', *, *, #267, .F. ) ;
#2843 = DIRECTION ( 'NONE',  ( 0.000000000000000000, 0.000000000000000000, 1.000000000000000000 ) ) ;
#2844 = LINE ( 'NONE', #1324, #2267 ) ;
#2845 = ADVANCED_FACE ( 'NONE', ( #630 ), #2040, .T. ) ;
#2846 = CARTESIAN_POINT ( 'NONE',  ( -29.04145188432737257, -14.99999999999999822, 12.00000000000000000 ) ) ;
#2847 = CARTESIAN_POINT ( 'NONE',  ( -22.50000000000000000, -26.80951323690903365, 12.00000000000000000 ) ) ;
#2848 = PLANE ( 'NONE',  #1495 ) ;
#2849 = CARTESIAN_POINT ( 'NONE',  ( 22.97927405783631372, -18.50000000000000000, 5.599999999999999645 ) ) ;
#2850 = FACE_BOUND ( 'NONE', #2454, .T. ) ;
#2851 = ORIENTED_EDGE ( 'NONE', *, *, #1201, .F. ) ;
#2852 = VECTOR ( 'NONE', #2891, 1000.000000000000000 ) ;
#2853 = ORIENTED_EDGE ( 'NONE', *, *, #1949, .F. ) ;
#2854 = PERSON_AND_ORGANIZATION_ROLE ( 'classification_officer' ) ;
#2855 = VERTEX_POINT ( 'NONE', #110 ) ;
#2856 = AXIS2_PLACEMENT_3D ( 'NONE', #2455, #1957, #125 ) ;
#2857 = ORIENTED_EDGE ( 'NONE', *, *, #342, .F. ) ;
#2858 = CIRCLE ( 'NONE', #1326, 2.000000000000001776 ) ;
#2859 = CIRCLE ( 'NONE', #305, 21.00000000000000000 ) ;
#2860 = PLANE ( 'NONE',  #2952 ) ;
#2861 = CARTESIAN_POINT ( 'NONE',  ( -14.99999999999999645, -19.00000000000000000, 0.000000000000000000 ) ) ;
#2862 = EDGE_CURVE ( 'NONE', #2900, #3237, #844, .T. ) ;
#2863 = DIRECTION ( 'NONE',  ( -0.5000000000000003331, 0.8660254037844383745, 0.000000000000000000 ) ) ;
#2864 = DIRECTION ( 'NONE',  ( 1.000000000000000000, 0.000000000000000000, -0.000000000000000000 ) ) ;
#2865 = FACE_OUTER_BOUND ( 'NONE', #3319, .T. ) ;
#2866 = AXIS2_PLACEMENT_3D ( 'NONE', #686, #956, #1213 ) ;
#2867 = VECTOR ( 'NONE', #2715, 1000.000000000000000 ) ;
#2868 = EDGE_CURVE ( 'NONE', #2901, #1110, #226, .T. ) ;
#2869 = AXIS2_PLACEMENT_3D ( 'NONE', #1823, #57, #1023 ) ;
#2870 = CARTESIAN_POINT ( 'NONE',  ( -29.04145188432738323, 15.00000000000000178, 5.599999999999999645 ) ) ;
#2871 = DIRECTION ( 'NONE',  ( 1.000000000000000000, 0.000000000000000000, 0.000000000000000000 ) ) ;
#2872 = EDGE_LOOP ( 'NONE', ( #491, #1192, #1420, #1592, #1764, #2886, #1611, #209, #543, #2351 ) ) ;
#2873 = AXIS2_PLACEMENT_3D ( 'NONE', #370, #2734, #2445 ) ;
#2874 = VERTEX_POINT ( 'NONE', #1721 ) ;
#2875 = ORIENTED_EDGE ( 'NONE', *, *, #1880, .T. ) ;
#2876 = ORIENTED_EDGE ( 'NONE', *, *, #2999, .T. ) ;
#2877 = DIRECTION ( 'NONE',  ( 4.449365575222965782E-16, -1.000000000000000000, 0.000000000000000000 ) ) ;
#2878 = CARTESIAN_POINT ( 'NONE',  ( 15.00000000000000355, -19.00000000000000355, 12.00000000000000000 ) ) ;
#2879 = EDGE_CURVE ( 'NONE', #132, #2060, #2531, .T. ) ;
#2880 = CARTESIAN_POINT ( 'NONE',  ( -17.00000000000000000, 24.99999999999999289, 5.600000000000000533 ) ) ;
#2881 = CARTESIAN_POINT ( 'NONE',  ( 15.50000000000000711, -50.15627297532784468, -6.000000000000001776 ) ) ;
#2882 = FACE_BOUND ( 'NONE', #1444, .T. ) ;
#2883 = DIRECTION ( 'NONE',  ( 0.4999999999999996114, 0.8660254037844388186, 0.000000000000000000 ) ) ;
#2884 = ORIENTED_EDGE ( 'NONE', *, *, #877, .T. ) ;
#2885 = EDGE_CURVE ( 'NONE', #2475, #713, #2777, .T. ) ;
#2886 = ORIENTED_EDGE ( 'NONE', *, *, #641, .F. ) ;
#2887 = DIRECTION ( 'NONE',  ( 1.000000000000000000, 0.000000000000000000, 0.000000000000000000 ) ) ;
#2888 = COORDINATED_UNIVERSAL_TIME_OFFSET ( 9, 0, .AHEAD. ) ;
#2889 = ORIENTED_EDGE ( 'NONE', *, *, #2619, .F. ) ;
#2890 = VERTEX_POINT ( 'NONE', #2538 ) ;
#2891 = DIRECTION ( 'NONE',  ( -0.000000000000000000, -0.000000000000000000, 1.000000000000000000 ) ) ;
#2892 = CARTESIAN_POINT ( 'NONE',  ( 15.00000000000000355, -19.00000000000000355, 2.000000000000000000 ) ) ;
#2893 = CARTESIAN_POINT ( 'NONE',  ( 0.000000000000000000, 0.000000000000000000, 5.599999999999999645 ) ) ;
#2894 = ORIENTED_EDGE ( 'NONE', *, *, #551, .F. ) ;
#2895 = DIRECTION ( 'NONE',  ( -0.000000000000000000, -0.000000000000000000, 1.000000000000000000 ) ) ;
#2896 = DIRECTION ( 'NONE',  ( 1.000000000000000000, 0.000000000000000000, 0.000000000000000000 ) ) ;
#2897 = EDGE_CURVE ( 'NONE', #996, #17, #2793, .T. ) ;
#2898 = FACE_OUTER_BOUND ( 'NONE', #494, .T. ) ;
#2899 = FACE_BOUND ( 'NONE', #3335, .T. ) ;
#2900 = VERTEX_POINT ( 'NONE', #1445 ) ;
#2901 = VERTEX_POINT ( 'NONE', #2489 ) ;
#2902 = LINE ( 'NONE', #2669, #2334 ) ;
#2903 = ADVANCED_FACE ( 'NONE', ( #427 ), #3326, .F. ) ;
#2904 = VERTEX_POINT ( 'NONE', #1195 ) ;
#2905 = ORIENTED_EDGE ( 'NONE', *, *, #3097, .T. ) ;
#2906 = CARTESIAN_POINT ( 'NONE',  ( -27.02072594216368273, -18.49999999999999645, 12.00000000000000000 ) ) ;
#2907 = CARTESIAN_POINT ( 'NONE',  ( 26.50000000000002487, -57.99999999999998579, 6.000000000000000000 ) ) ;
#2908 = DIRECTION ( 'NONE',  ( -0.8660254037844385966, 0.5000000000000003331, 0.000000000000000000 ) ) ;
#2909 = EDGE_LOOP ( 'NONE', ( #2110, #2607, #2857, #1978 ) ) ;
#2910 = LINE ( 'NONE', #1546, #1726 ) ;
#2911 = LINE ( 'NONE', #1623, #3302 ) ;
#2912 = TOROIDAL_SURFACE ( 'NONE', #845, 22.00000000000000355, 1.000000000000000000 ) ;
#2913 = CARTESIAN_POINT ( 'NONE',  ( 22.49999999999998934, -26.63955634672321793, 11.49827185861740553 ) ) ;
#2914 = CIRCLE ( 'NONE', #2752, 2.000000000000001776 ) ;
#2915 = AXIS2_PLACEMENT_3D ( 'NONE', #1515, #240, #2368 ) ;
#2916 = CARTESIAN_POINT ( 'NONE',  ( 17.50000000000000711, -50.15627297532784468, 0.000000000000000000 ) ) ;
#2917 = ORIENTED_EDGE ( 'NONE', *, *, #2738, .T. ) ;
#2918 = ORIENTED_EDGE ( 'NONE', *, *, #19, .T. ) ;
#2919 = AXIS2_PLACEMENT_3D ( 'NONE', #3051, #2524, #3341 ) ;
#2920 = VECTOR ( 'NONE', #2240, 1000.000000000000000 ) ;
#2921 = EDGE_CURVE ( 'NONE', #33, #790, #2303, .T. ) ;
#2922 = LINE ( 'NONE', #1790, #1399 ) ;
#2923 = ORIENTED_EDGE ( 'NONE', *, *, #322, .T. ) ;
#2924 = TOROIDAL_SURFACE ( 'NONE', #2546, 22.00000000000000355, 1.000000000000000000 ) ;
#2925 = ADVANCED_FACE ( 'NONE', ( #3274 ), #1514, .F. ) ;
#2926 = DIRECTION ( 'NONE',  ( 0.4999999999999998890, 0.8660254037844385966, 0.000000000000000000 ) ) ;
#2927 = DIRECTION ( 'NONE',  ( -0.5000000000000003331, 0.8660254037844383745, 0.000000000000000000 ) ) ;
#2928 = FACE_OUTER_BOUND ( 'NONE', #876, .T. ) ;
#2929 = EDGE_LOOP ( 'NONE', ( #2643, #3367, #160, #3318 ) ) ;
#2930 = LINE ( 'NONE', #1907, #1714 ) ;
#2931 = DIRECTION ( 'NONE',  ( -0.000000000000000000, -0.000000000000000000, 1.000000000000000000 ) ) ;
#2932 = DIRECTION ( 'NONE',  ( 1.000000000000000000, 0.000000000000000000, 0.000000000000000000 ) ) ;
#2933 = CARTESIAN_POINT ( 'NONE',  ( 27.02072594216369339, -11.49999999999998579, 12.00000000000000000 ) ) ;
#2934 = CARTESIAN_POINT ( 'NONE',  ( 10.95854811567261855, 24.99999999999999645, 5.599999999999999645 ) ) ;
#2935 = ORIENTED_EDGE ( 'NONE', *, *, #61, .F. ) ;
#2936 = CARTESIAN_POINT ( 'NONE',  ( 12.25000000000000533, -19.00000000000000355, 2.000000000000000000 ) ) ;
#2937 = VERTEX_POINT ( 'NONE', #442 ) ;
#2938 = CARTESIAN_POINT ( 'NONE',  ( -19.50000000000000000, -26.80951323690903010, 12.00000000000000000 ) ) ;
#2939 = EDGE_CURVE ( 'NONE', #2124, #1536, #3242, .T. ) ;
#2940 = EDGE_CURVE ( 'NONE', #3, #2811, #1439, .T. ) ;
#2941 = LINE ( 'NONE', #2661, #2707 ) ;
#2942 = ORIENTED_EDGE ( 'NONE', *, *, #2778, .F. ) ;
#2943 = DIRECTION ( 'NONE',  ( 0.000000000000000000, 0.000000000000000000, 1.000000000000000000 ) ) ;
#2944 = DIRECTION ( 'NONE',  ( 1.000000000000000000, 0.000000000000000000, -0.000000000000000000 ) ) ;
#2945 = LINE ( 'NONE', #1691, #797 ) ;
#2946 = DIRECTION ( 'NONE',  ( -0.000000000000000000, -0.000000000000000000, -1.000000000000000000 ) ) ;
#2947 = EDGE_LOOP ( 'NONE', ( #1204, #1165 ) ) ;
#2948 = ORIENTED_EDGE ( 'NONE', *, *, #2840, .T. ) ;
#2949 = DIRECTION ( 'NONE',  ( 0.5000000000000004441, -0.8660254037844383745, 0.000000000000000000 ) ) ;
#2950 = ORIENTED_EDGE ( 'NONE', *, *, #2024, .T. ) ;
#2951 = DIRECTION ( 'NONE',  ( -0.4999999999999996669, -0.8660254037844388186, 0.000000000000000000 ) ) ;
#2952 = AXIS2_PLACEMENT_3D ( 'NONE', #3114, #753, #1086 ) ;
#2953 = DIRECTION ( 'NONE',  ( -0.000000000000000000, 0.000000000000000000, -1.000000000000000000 ) ) ;
#2954 = LOCAL_TIME ( 23, 17, 55.00000000000000000, #2888 ) ;
#2955 = ORIENTED_EDGE ( 'NONE', *, *, #1756, .T. ) ;
#2956 = CARTESIAN_POINT ( 'NONE',  ( -26.99999999999999645, -15.00000000000000000, -6.000000000000001776 ) ) ;
#2957 = CYLINDRICAL_SURFACE ( 'NONE', #2154, 2.000000000000001776 ) ;
#2958 = VECTOR ( 'NONE', #1672, 1000.000000000000000 ) ;
#2959 = DIRECTION ( 'NONE',  ( 1.000000000000000000, 0.000000000000000000, 0.000000000000000000 ) ) ;
#2960 = CARTESIAN_POINT ( 'NONE',  ( -19.04145188432738323, 24.99999999999998934, 12.00000000000000000 ) ) ;
#2961 = ADVANCED_FACE ( 'NONE', ( #190 ), #2505, .F. ) ;
#2962 = ORIENTED_EDGE ( 'NONE', *, *, #2530, .T. ) ;
#2963 = AXIS2_PLACEMENT_3D ( 'NONE', #1686, #1156, #2951 ) ;
#2964 = CIRCLE ( 'NONE', #1664, 1.000000000000000888 ) ;
#2965 = ORIENTED_EDGE ( 'NONE', *, *, #839, .T. ) ;
#2966 = AXIS2_PLACEMENT_3D ( 'NONE', #560, #2179, #2414 ) ;
#2967 = CARTESIAN_POINT ( 'NONE',  ( -14.99999999999999645, -19.00000000000000000, 2.000000000000000000 ) ) ;
#2968 = VERTEX_POINT ( 'NONE', #705 ) ;
#2969 = AXIS2_PLACEMENT_3D ( 'NONE', #2257, #3317, #2802 ) ;
#2970 = AXIS2_PLACEMENT_3D ( 'NONE', #2614, #2579, #2068 ) ;
#2971 = ORIENTED_EDGE ( 'NONE', *, *, #2868, .T. ) ;
#2972 = LINE ( 'NONE', #2906, #1549 ) ;
#2973 = AXIS2_PLACEMENT_3D ( 'NONE', #3324, #732, #2988 ) ;
#2974 = DIRECTION ( 'NONE',  ( -0.000000000000000000, -0.000000000000000000, 1.000000000000000000 ) ) ;
#2975 = ORIENTED_EDGE ( 'NONE', *, *, #429, .T. ) ;
#2976 = CARTESIAN_POINT ( 'NONE',  ( -22.97927405783630306, -11.50000000000000355, 5.599999999999999645 ) ) ;
#2977 = CARTESIAN_POINT ( 'NONE',  ( 10.95854811567261855, 24.99999999999999645, 5.599999999999999645 ) ) ;
#2978 = LINE ( 'NONE', #2679, #525 ) ;
#2979 = LINE ( 'NONE', #2960, #1392 ) ;
#2980 = ORIENTED_EDGE ( 'NONE', *, *, #2841, .F. ) ;
#2981 = ORIENTED_EDGE ( 'NONE', *, *, #98, .F. ) ;
#2982 = EDGE_CURVE ( 'NONE', #236, #1115, #2317, .T. ) ;
#2983 = CARTESIAN_POINT ( 'NONE',  ( 19.50000000000000000, -26.80951323690903010, 2.999999999999999112 ) ) ;
#2984 = ORIENTED_EDGE ( 'NONE', *, *, #722, .T. ) ;
#2985 = VERTEX_POINT ( 'NONE', #210 ) ;
#2986 = CARTESIAN_POINT ( 'NONE',  ( -20.95854811567262388, 14.99999999999999645, 5.599999999999999645 ) ) ;
#2987 = ORIENTED_EDGE ( 'NONE', *, *, #724, .T. ) ;
#2988 = DIRECTION ( 'NONE',  ( 0.000000000000000000, 0.000000000000000000, -1.000000000000000000 ) ) ;
#2989 = ORIENTED_EDGE ( 'NONE', *, *, #322, .F. ) ;
#2990 = DIRECTION ( 'NONE',  ( -0.000000000000000000, -0.000000000000000000, 1.000000000000000000 ) ) ;
#2991 = CARTESIAN_POINT ( 'NONE',  ( -22.97927405783631016, 11.50000000000000178, 5.599999999999999645 ) ) ;
#2992 = DIRECTION ( 'NONE',  ( -0.5000000000000001110, -0.8660254037844385966, 0.000000000000000000 ) ) ;
#2993 = CARTESIAN_POINT ( 'NONE',  ( 19.50000000000000000, -26.80951323690903010, 2.999999999999999112 ) ) ;
#2994 = DIRECTION ( 'NONE',  ( 1.000000000000000000, 0.000000000000000000, 0.000000000000000000 ) ) ;
#2995 = EDGE_CURVE ( 'NONE', #1424, #883, #791, .T. ) ;
#2996 = VERTEX_POINT ( 'NONE', #2010 ) ;
#2997 = DIRECTION ( 'NONE',  ( 1.000000000000000000, 0.000000000000000000, 0.000000000000000000 ) ) ;
#2998 = ORIENTED_EDGE ( 'NONE', *, *, #1261, .T. ) ;
#2999 = EDGE_CURVE ( 'NONE', #11, #2890, #3126, .T. ) ;
#3000 = ORIENTED_EDGE ( 'NONE', *, *, #2033, .T. ) ;
#3001 = ADVANCED_FACE ( 'NONE', ( #1225 ), #734, .F. ) ;
#3002 = DIRECTION ( 'NONE',  ( -0.4999999999999998890, 0.8660254037844387076, 0.000000000000000000 ) ) ;
#3003 = EDGE_CURVE ( 'NONE', #3187, #1102, #1772, .T. ) ;
#3004 = ORIENTED_EDGE ( 'NONE', *, *, #2921, .T. ) ;
#3005 = DIRECTION ( 'NONE',  ( 0.000000000000000000, 0.000000000000000000, 1.000000000000000000 ) ) ;
#3006 = ORIENTED_EDGE ( 'NONE', *, *, #1201, .T. ) ;
#3007 = DIRECTION ( 'NONE',  ( -0.000000000000000000, -0.000000000000000000, 1.000000000000000000 ) ) ;
#3008 = CARTESIAN_POINT ( 'NONE',  ( -12.97927405783631016, 28.49999999999999289, 5.599999999999999645 ) ) ;
#3009 = LINE ( 'NONE', #2252, #3253 ) ;
#3010 = CARTESIAN_POINT ( 'NONE',  ( -19.49999999999999645, -54.99999999999998579, 2.999999999999999112 ) ) ;
#3011 = DIRECTION ( 'NONE',  ( -0.4999999999999998335, 0.8660254037844387076, 0.000000000000000000 ) ) ;
#3012 = CIRCLE ( 'NONE', #2150, 35.00000000000000000 ) ;
#3013 = DIRECTION ( 'NONE',  ( 1.000000000000000000, 0.000000000000000000, 0.000000000000000000 ) ) ;
#3014 = AXIS2_PLACEMENT_3D ( 'NONE', #512, #310, #1311 ) ;
#3015 = VECTOR ( 'NONE', #333, 1000.000000000000000 ) ;
#3016 = CARTESIAN_POINT ( 'NONE',  ( 20.95854811567261677, -14.99999999999999467, 12.00000000000000000 ) ) ;
#3017 = ORIENTED_EDGE ( 'NONE', *, *, #549, .T. ) ;
#3018 = ORIENTED_EDGE ( 'NONE', *, *, #2619, .T. ) ;
#3019 = VECTOR ( 'NONE', #1704, 1000.000000000000000 ) ;
#3020 = ADVANCED_FACE ( 'NONE', ( #2111 ), #495, .F. ) ;
#3021 = VECTOR ( 'NONE', #2746, 1000.000000000000000 ) ;
#3022 = AXIS2_PLACEMENT_3D ( 'NONE', #1027, #1299, #773 ) ;
#3023 = CARTESIAN_POINT ( 'NONE',  ( 15.00000000000000000, 24.99999999999999645, 5.600000000000000533 ) ) ;
#3024 = ORIENTED_EDGE ( 'NONE', *, *, #2575, .T. ) ;
#3025 = AXIS2_PLACEMENT_3D ( 'NONE', #2818, #2832, #3035 ) ;
#3026 = CIRCLE ( 'NONE', #1506, 2.000000000000001776 ) ;
#3027 = CARTESIAN_POINT ( 'NONE',  ( 19.49999999999999645, -54.99999999999998579, 2.999999999999999112 ) ) ;
#3028 = EDGE_LOOP ( 'NONE', ( #2792, #319, #1573, #745 ) ) ;
#3029 = DIRECTION ( 'NONE',  ( 1.000000000000000000, 0.000000000000000000, 0.000000000000000000 ) ) ;
#3030 = DIRECTION ( 'NONE',  ( 0.000000000000000000, -0.000000000000000000, 1.000000000000000000 ) ) ;
#3031 = VECTOR ( 'NONE', #1757, 1000.000000000000000 ) ;
#3032 = EDGE_CURVE ( 'NONE', #680, #860, #1528, .T. ) ;
#3033 = AXIS2_PLACEMENT_3D ( 'NONE', #173, #2827, #2557 ) ;
#3034 = DIRECTION ( 'NONE',  ( -0.000000000000000000, -0.000000000000000000, -1.000000000000000000 ) ) ;
#3035 = DIRECTION ( 'NONE',  ( 1.000000000000000000, 0.000000000000000000, 0.000000000000000000 ) ) ;
#3036 = CARTESIAN_POINT ( 'NONE',  ( 12.50000000000000000, -35.50000000000000711, 2.999999999999999112 ) ) ;
#3037 = CARTESIAN_POINT ( 'NONE',  ( -19.49999999999999645, -57.99999999999999289, 6.000000000000000888 ) ) ;
#3038 = CARTESIAN_POINT ( 'NONE',  ( -27.02072594216368273, -18.49999999999999645, 5.599999999999999645 ) ) ;
#3039 = EDGE_LOOP ( 'NONE', ( #541, #3111 ) ) ;
#3040 = ORIENTED_EDGE ( 'NONE', *, *, #925, .F. ) ;
#3041 = CARTESIAN_POINT ( 'NONE',  ( 12.97927405783630839, 28.49999999999999645, 5.599999999999999645 ) ) ;
#3042 = ADVANCED_FACE ( 'NONE', ( #1069 ), #2573, .F. ) ;
#3043 = ORIENTED_EDGE ( 'NONE', *, *, #3222, .T. ) ;
#3044 = LINE ( 'NONE', #2775, #2604 ) ;
#3045 = ORIENTED_EDGE ( 'NONE', *, *, #2795, .F. ) ;
#3046 = DIRECTION ( 'NONE',  ( 0.5000000000000001110, -0.8660254037844384856, 0.000000000000000000 ) ) ;
#3047 = DIRECTION ( 'NONE',  ( 1.000000000000000000, 0.000000000000000000, 0.000000000000000000 ) ) ;
#3048 = ADVANCED_FACE ( 'NONE', ( #1840 ), #3356, .F. ) ;
#3049 = EDGE_CURVE ( 'NONE', #924, #1919, #306, .T. ) ;
#3050 = DIRECTION ( 'NONE',  ( -0.000000000000000000, -0.000000000000000000, 1.000000000000000000 ) ) ;
#3051 = CARTESIAN_POINT ( 'NONE',  ( -15.49999999999999289, -50.15627297532785178, 0.000000000000000000 ) ) ;
#3052 = LINE ( 'NONE', #1468, #1715 ) ;
#3053 = ADVANCED_FACE ( 'NONE', ( #257, #1578 ), #239, .T. ) ;
#3054 = CARTESIAN_POINT ( 'NONE',  ( 17.02072594216369339, 21.50000000000000000, 5.599999999999999645 ) ) ;
#3055 = DIRECTION ( 'NONE',  ( 0.8660254037844384856, 0.5000000000000004441, 0.000000000000000000 ) ) ;
#3056 = EDGE_LOOP ( 'NONE', ( #526, #1642, #1253, #2726, #2197, #2282 ) ) ;
#3057 = VERTEX_POINT ( 'NONE', #1050 ) ;
#3058 = DIRECTION ( 'NONE',  ( -0.000000000000000000, -0.000000000000000000, -1.000000000000000000 ) ) ;
#3059 = EDGE_LOOP ( 'NONE', ( #1209, #775, #1576, #2581 ) ) ;
#3060 = CARTESIAN_POINT ( 'NONE',  ( 0.000000000000000000, 0.000000000000000000, 11.00000000000000000 ) ) ;
#3061 = ORIENTED_EDGE ( 'NONE', *, *, #1383, .F. ) ;
#3062 = DIRECTION ( 'NONE',  ( 1.000000000000000000, 0.000000000000000000, 0.000000000000000000 ) ) ;
#3063 = LINE ( 'NONE', #1021, #1448 ) ;
#3064 = ADVANCED_FACE ( 'NONE', ( #1341 ), #2860, .F. ) ;
#3065 = CARTESIAN_POINT ( 'NONE',  ( 0.000000000000000000, 0.000000000000000000, 9.000000000000001776 ) ) ;
#3066 = CARTESIAN_POINT ( 'NONE',  ( 22.97927405783629951, 11.49999999999998579, 12.00000000000000000 ) ) ;
#3067 = PLANE ( 'NONE',  #2480 ) ;
#3068 = AXIS2_PLACEMENT_3D ( 'NONE', #661, #1713, #1967 ) ;
#3069 = CARTESIAN_POINT ( 'NONE',  ( 19.04145188432738323, 24.99999999999999645, 5.599999999999999645 ) ) ;
#3070 = CARTESIAN_POINT ( 'NONE',  ( 12.37138071626489122, -18.19200206610667081, 12.00000000000000000 ) ) ;
#3071 = ORIENTED_EDGE ( 'NONE', *, *, #285, .T. ) ;
#3072 = APPROVAL_PERSON_ORGANIZATION ( #1, #1508, #2298 ) ;
#3073 = ORIENTED_EDGE ( 'NONE', *, *, #2362, .T. ) ;
#3074 = AXIS2_PLACEMENT_3D ( 'NONE', #2234, #718, #161 ) ;
#3075 = COORDINATED_UNIVERSAL_TIME_OFFSET ( 9, 0, .AHEAD. ) ;
#3076 = AXIS2_PLACEMENT_3D ( 'NONE', #2593, #1278, #2067 ) ;
#3077 = ORIENTED_EDGE ( 'NONE', *, *, #3174, .T. ) ;
#3078 = VECTOR ( 'NONE', #2539, 1000.000000000000000 ) ;
#3079 = FACE_OUTER_BOUND ( 'NONE', #3321, .T. ) ;
#3080 = ORIENTED_EDGE ( 'NONE', *, *, #2287, .F. ) ;
#3081 = DIRECTION ( 'NONE',  ( -1.000000000000000000, 0.000000000000000000, 0.000000000000000000 ) ) ;
#3082 = LINE ( 'NONE', #509, #1063 ) ;
#3083 = CIRCLE ( 'NONE', #2213, 22.00000000000000355 ) ;
#3084 = VECTOR ( 'NONE', #435, 1000.000000000000000 ) ;
#3085 = LINE ( 'NONE', #1843, #1561 ) ;
#3086 = AXIS2_PLACEMENT_3D ( 'NONE', #1649, #2908, #1158 ) ;
#3087 = CARTESIAN_POINT ( 'NONE',  ( -12.65345137634585804, -17.55943210331675175, 11.93551560976202630 ) ) ;
#3088 = DIRECTION ( 'NONE',  ( 0.000000000000000000, -0.000000000000000000, 1.000000000000000000 ) ) ;
#3089 = EDGE_CURVE ( 'NONE', #2139, #883, #1020, .T. ) ;
#3090 = VECTOR ( 'NONE', #2021, 1000.000000000000000 ) ;
#3091 = LINE ( 'NONE', #1746, #2597 ) ;
#3092 = LINE ( 'NONE', #3038, #2104 ) ;
#3093 = VERTEX_POINT ( 'NONE', #3151 ) ;
#3094 = EDGE_LOOP ( 'NONE', ( #3043, #505 ) ) ;
#3095 = ADVANCED_FACE ( 'NONE', ( #1272 ), #2318, .F. ) ;
#3096 = CALENDAR_DATE ( 2024, 26, 9 ) ;
#3097 = EDGE_CURVE ( 'NONE', #89, #2968, #2533, .T. ) ;
#3098 = VERTEX_POINT ( 'NONE', #768 ) ;
#3099 = DIRECTION ( 'NONE',  ( 0.000000000000000000, 0.000000000000000000, 1.000000000000000000 ) ) ;
#3100 = ORIENTED_EDGE ( 'NONE', *, *, #2451, .F. ) ;
#3101 = DIRECTION ( 'NONE',  ( -1.000000000000000000, 0.000000000000000000, 0.000000000000000000 ) ) ;
#3102 = DIRECTION ( 'NONE',  ( 1.000000000000000000, 2.224682787611483384E-16, -0.000000000000000000 ) ) ;
#3103 = DIRECTION ( 'NONE',  ( 1.000000000000000000, 0.000000000000000000, 0.000000000000000000 ) ) ;
#3104 = CARTESIAN_POINT ( 'NONE',  ( 12.00000000000000178, 0.000000000000000000, 9.000000000000001776 ) ) ;
#3105 = FACE_OUTER_BOUND ( 'NONE', #124, .T. ) ;
#3106 = DIRECTION ( 'NONE',  ( 1.000000000000000000, 0.000000000000000000, 0.000000000000000000 ) ) ;
#3107 = CARTESIAN_POINT ( 'NONE',  ( 17.02072594216369339, 21.50000000000000000, 5.599999999999999645 ) ) ;
#3108 = EDGE_LOOP ( 'NONE', ( #1927, #2017, #174, #283, #825, #2681 ) ) ;
#3109 = ORIENTED_EDGE ( 'NONE', *, *, #1423, .T. ) ;
#3110 = EDGE_CURVE ( 'NONE', #914, #2985, #34, .T. ) ;
#3111 = ORIENTED_EDGE ( 'NONE', *, *, #2365, .F. ) ;
#3112 = EDGE_CURVE ( 'NONE', #713, #963, #799, .T. ) ;
#3113 = ORIENTED_EDGE ( 'NONE', *, *, #2823, .F. ) ;
#3114 = CARTESIAN_POINT ( 'NONE',  ( 10.95854811567261855, 24.99999999999999645, 5.599999999999999645 ) ) ;
#3115 = DIRECTION ( 'NONE',  ( 0.000000000000000000, 0.000000000000000000, 1.000000000000000000 ) ) ;
#3116 = LINE ( 'NONE', #756, #2602 ) ;
#3117 = FACE_OUTER_BOUND ( 'NONE', #348, .T. ) ;
#3118 = DIRECTION ( 'NONE',  ( 0.4999999999999997224, 0.8660254037844388186, 0.000000000000000000 ) ) ;
#3119 = FACE_BOUND ( 'NONE', #643, .T. ) ;
#3120 = PLANE ( 'NONE',  #3139 ) ;
#3121 = ORIENTED_EDGE ( 'NONE', *, *, #528, .F. ) ;
#3122 = AXIS2_PLACEMENT_3D ( 'NONE', #2338, #782, #1035 ) ;
#3123 = VERTEX_POINT ( 'NONE', #2385 ) ;
#3124 = CALENDAR_DATE ( 2024, 26, 9 ) ;
#3125 = ORIENTED_EDGE ( 'NONE', *, *, #1962, .T. ) ;
#3126 = CIRCLE ( 'NONE', #1928, 2.749999999999999112 ) ;
#3127 = EDGE_CURVE ( 'NONE', #1361, #3098, #1541, .T. ) ;
#3128 = ORIENTED_EDGE ( 'NONE', *, *, #12, .T. ) ;
#3129 = LOCAL_TIME ( 23, 17, 55.00000000000000000, #2073 ) ;
#3130 = AXIS2_PLACEMENT_3D ( 'NONE', #23, #2308, #1811 ) ;
#3131 = CARTESIAN_POINT ( 'NONE',  ( 27.02072594216370049, -18.50000000000000000, 5.599999999999999645 ) ) ;
#3132 = CARTESIAN_POINT ( 'NONE',  ( 23.00000000000000000, 14.99999999999999822, -6.000000000000001776 ) ) ;
#3133 = EDGE_CURVE ( 'NONE', #1096, #33, #4, .T. ) ;
#3134 = VECTOR ( 'NONE', #601, 1000.000000000000114 ) ;
#3135 = ADVANCED_FACE ( 'NONE', ( #1308 ), #18, .F. ) ;
#3136 = DIRECTION ( 'NONE',  ( -0.000000000000000000, -0.000000000000000000, 1.000000000000000000 ) ) ;
#3137 = CARTESIAN_POINT ( 'NONE',  ( 22.49999999999999289, -26.80951323690903010, 12.00000000000000000 ) ) ;
#3138 = DIRECTION ( 'NONE',  ( 0.4999999999999996114, 0.8660254037844388186, 0.000000000000000000 ) ) ;
#3139 = AXIS2_PLACEMENT_3D ( 'NONE', #789, #282, #1830 ) ;
#3140 = AXIS2_PLACEMENT_3D ( 'NONE', #1351, #1812, #3365 ) ;
#3141 = AXIS2_PLACEMENT_3D ( 'NONE', #3065, #708, #482 ) ;
#3142 = FACE_BOUND ( 'NONE', #1375, .T. ) ;
#3143 = CARTESIAN_POINT ( 'NONE',  ( -13.49999999999999289, -50.15627297532785178, -6.000000000000001776 ) ) ;
#3144 = VERTEX_POINT ( 'NONE', #337 ) ;
#3145 = CIRCLE ( 'NONE', #700, 2.000000000000001776 ) ;
#3146 = ORIENTED_EDGE ( 'NONE', *, *, #920, .T. ) ;
#3147 = PERSON_AND_ORGANIZATION ( #1601, #137 ) ;
#3148 = EDGE_LOOP ( 'NONE', ( #1306, #388, #452, #516 ) ) ;
#3149 = APPLICATION_CONTEXT ( 'configuration controlled 3d designs of mechanical parts and assemblies' ) ;
#3150 = ORIENTED_EDGE ( 'NONE', *, *, #3157, .F. ) ;
#3151 = CARTESIAN_POINT ( 'NONE',  ( 20.95854811567261677, -14.99999999999999467, 5.599999999999999645 ) ) ;
#3152 = EDGE_CURVE ( 'NONE', #2173, #1979, #135, .T. ) ;
#3153 = CARTESIAN_POINT ( 'NONE',  ( 21.00000000000000000, 0.000000000000000000, 9.000000000000001776 ) ) ;
#3154 = DIRECTION ( 'NONE',  ( 0.000000000000000000, -0.000000000000000000, 1.000000000000000000 ) ) ;
#3155 = VERTEX_POINT ( 'NONE', #1934 ) ;
#3156 = CARTESIAN_POINT ( 'NONE',  ( -15.00000000000000355, 24.99999999999999289, 0.000000000000000000 ) ) ;
#3157 = EDGE_CURVE ( 'NONE', #65, #2837, #646, .T. ) ;
#3158 = LINE ( 'NONE', #1008, #1774 ) ;
#3159 = EDGE_CURVE ( 'NONE', #790, #1271, #2465, .T. ) ;
#3160 = CARTESIAN_POINT ( 'NONE',  ( 22.49999999999998934, -26.80951323690903010, 11.15454389537232593 ) ) ;
#3161 = DIRECTION ( 'NONE',  ( 0.000000000000000000, -0.000000000000000000, -1.000000000000000000 ) ) ;
#3162 = ADVANCED_FACE ( 'NONE', ( #351 ), #3182, .F. ) ;
#3163 = EDGE_LOOP ( 'NONE', ( #2417, #2102, #828, #115 ) ) ;
#3164 = ORIENTED_EDGE ( 'NONE', *, *, #2678, .T. ) ;
#3165 = CARTESIAN_POINT ( 'NONE',  ( -15.00000000000000355, 24.99999999999999289, 5.600000000000000533 ) ) ;
#3166 = ORIENTED_EDGE ( 'NONE', *, *, #2028, .F. ) ;
#3167 = ORIENTED_EDGE ( 'NONE', *, *, #2118, .T. ) ;
#3168 = CARTESIAN_POINT ( 'NONE',  ( -19.04145188432738323, 24.99999999999998934, 5.599999999999999645 ) ) ;
#3169 = CARTESIAN_POINT ( 'NONE',  ( 22.49999999999999289, -25.49019419306177525, 12.00000000000000000 ) ) ;
#3170 = CARTESIAN_POINT ( 'NONE',  ( -25.00000000000000000, 15.00000000000000000, -6.000000000000001776 ) ) ;
#3171 = ORIENTED_EDGE ( 'NONE', *, *, #970, .F. ) ;
#3172 = LINE ( 'NONE', #3104, #1660 ) ;
#3173 = DIRECTION ( 'NONE',  ( 1.000000000000000000, 0.000000000000000000, 0.000000000000000000 ) ) ;
#3174 = EDGE_CURVE ( 'NONE', #1951, #1369, #1357, .T. ) ;
#3175 = FACE_OUTER_BOUND ( 'NONE', #1931, .T. ) ;
#3176 = CYLINDRICAL_SURFACE ( 'NONE', #2050, 2.749999999999997335 ) ;
#3177 = ORIENTED_EDGE ( 'NONE', *, *, #430, .T. ) ;
#3178 = ORIENTED_EDGE ( 'NONE', *, *, #2823, .T. ) ;
#3179 = EDGE_CURVE ( 'NONE', #489, #2167, #1818, .T. ) ;
#3180 = CARTESIAN_POINT ( 'NONE',  ( 15.00000000000000355, -19.00000000000000355, 2.000000000000000000 ) ) ;
#3181 = VERTEX_POINT ( 'NONE', #1867 ) ;
#3182 = PLANE ( 'NONE',  #793 ) ;
#3183 = DIRECTION ( 'NONE',  ( 0.000000000000000000, -0.000000000000000000, 1.000000000000000000 ) ) ;
#3184 = UNCERTAINTY_MEASURE_WITH_UNIT (LENGTH_MEASURE( 1.000000000000000082E-05 ), #2553, 'distance_accuracy_value', 'NONE');
#3185 = VECTOR ( 'NONE', #2403, 1000.000000000000000 ) ;
#3186 = DIRECTION ( 'NONE',  ( -0.000000000000000000, -0.000000000000000000, -1.000000000000000000 ) ) ;
#3187 = VERTEX_POINT ( 'NONE', #3168 ) ;
#3188 = LINE ( 'NONE', #1396, #517 ) ;
#3189 = CARTESIAN_POINT ( 'NONE',  ( -24.99999999999999645, -15.00000000000000000, -6.000000000000001776 ) ) ;
#3190 = AXIS2_PLACEMENT_3D ( 'NONE', #1825, #1264, #43 ) ;
#3191 = DIRECTION ( 'NONE',  ( -0.5000000000000001110, 0.8660254037844385966, 0.000000000000000000 ) ) ;
#3192 = VECTOR ( 'NONE', #316, 1000.000000000000000 ) ;
#3193 = AXIS2_PLACEMENT_3D ( 'NONE', #330, #2391, #853 ) ;
#3194 = DIRECTION ( 'NONE',  ( -0.000000000000000000, -0.000000000000000000, 1.000000000000000000 ) ) ;
#3195 = APPLICATION_CONTEXT ( 'configuration controlled 3d designs of mechanical parts and assemblies' ) ;
#3196 = EDGE_LOOP ( 'NONE', ( #1604, #607, #1878, #2923 ) ) ;
#3197 = EDGE_CURVE ( 'NONE', #2233, #2874, #1915, .T. ) ;
#3198 = ORIENTED_EDGE ( 'NONE', *, *, #2086, .F. ) ;
#3199 = VECTOR ( 'NONE', #1599, 1000.000000000000000 ) ;
#3200 = CIRCLE ( 'NONE', #2970, 35.00000000000000000 ) ;
#3201 = DIRECTION ( 'NONE',  ( 1.000000000000000000, 0.000000000000000000, -0.000000000000000000 ) ) ;
#3202 = EDGE_CURVE ( 'NONE', #2567, #1693, #2972, .T. ) ;
#3203 = ORIENTED_EDGE ( 'NONE', *, *, #1937, .F. ) ;
#3204 = EDGE_CURVE ( 'NONE', #749, #1695, #1616, .T. ) ;
#3205 = AXIS2_PLACEMENT_3D ( 'NONE', #2967, #1644, #1977 ) ;
#3206 = DIRECTION ( 'NONE',  ( -0.000000000000000000, 0.000000000000000000, 1.000000000000000000 ) ) ;
#3207 = ADVANCED_FACE ( 'NONE', ( #1409 ), #864, .F. ) ;
#3208 = DIRECTION ( 'NONE',  ( -1.000000000000000000, -2.224682787611483384E-16, -0.000000000000000000 ) ) ;
#3209 = CARTESIAN_POINT ( 'NONE',  ( -27.02072594216368628, -11.50000000000000355, 5.599999999999999645 ) ) ;
#3210 = ORIENTED_EDGE ( 'NONE', *, *, #1048, .F. ) ;
#3211 = CARTESIAN_POINT ( 'NONE',  ( -22.97927405783630306, -18.49999999999999645, 5.599999999999999645 ) ) ;
#3212 = DIRECTION ( 'NONE',  ( 0.000000000000000000, 0.000000000000000000, 1.000000000000000000 ) ) ;
#3213 = CYLINDRICAL_SURFACE ( 'NONE', #3251, 12.00000000000000178 ) ;
#3214 = LINE ( 'NONE', #3244, #1780 ) ;
#3215 = ORIENTED_EDGE ( 'NONE', *, *, #2404, .F. ) ;
#3216 = EDGE_LOOP ( 'NONE', ( #1903, #874 ) ) ;
#3217 = CARTESIAN_POINT ( 'NONE',  ( -17.74999999999999645, -19.00000000000000000, 12.00000000000000000 ) ) ;
#3218 = ORIENTED_EDGE ( 'NONE', *, *, #1464, .F. ) ;
#3219 = ADVANCED_FACE ( 'NONE', ( #1140 ), #375, .T. ) ;
#3220 = APPROVAL ( #811, 'UNSPECIFIED' ) ;
#3221 = CARTESIAN_POINT ( 'NONE',  ( -12.97927405783631194, 21.49999999999999289, 5.599999999999999645 ) ) ;
#3222 = EDGE_CURVE ( 'NONE', #2243, #1343, #2858, .T. ) ;
#3223 = CARTESIAN_POINT ( 'NONE',  ( 13.40286589096898773, -16.75705341624604827, 11.83993841468370789 ) ) ;
#3224 = EDGE_LOOP ( 'NONE', ( #1947, #1221, #3109, #3348, #2962, #931 ) ) ;
#3225 = CARTESIAN_POINT ( 'NONE',  ( 15.50000000000000711, -50.15627297532784468, 2.999999999999999112 ) ) ;
#3226 = CARTESIAN_POINT ( 'NONE',  ( 15.00000000000000000, 24.99999999999999645, 0.000000000000000000 ) ) ;
#3227 = CARTESIAN_POINT ( 'NONE',  ( -19.04145188432738323, 24.99999999999998934, 12.00000000000000000 ) ) ;
#3228 = CARTESIAN_POINT ( 'NONE',  ( 22.97927405783631372, -11.49999999999998579, 5.599999999999999645 ) ) ;
#3229 = EDGE_LOOP ( 'NONE', ( #1680, #971, #2164, #2748 ) ) ;
#3230 = CARTESIAN_POINT ( 'NONE',  ( -29.04145188432738323, 15.00000000000000178, 5.599999999999999645 ) ) ;
#3231 = ORIENTED_EDGE ( 'NONE', *, *, #779, .F. ) ;
#3232 = VERTEX_POINT ( 'NONE', #2140 ) ;
#3233 = CYLINDRICAL_SURFACE ( 'NONE', #736, 7.500000000000000000 ) ;
#3234 = CC_DESIGN_APPROVAL ( #3220, ( #1300 ) ) ;
#3235 = CARTESIAN_POINT ( 'NONE',  ( 12.46391412686652878, -17.92766641597629018, 11.98859179123471819 ) ) ;
#3236 = CC_DESIGN_APPROVAL ( #2007, ( #192 ) ) ;
#3237 = VERTEX_POINT ( 'NONE', #119 ) ;
#3238 = CARTESIAN_POINT ( 'NONE',  ( -22.97927405783631372, 18.49999999999999645, 5.599999999999999645 ) ) ;
#3239 = CARTESIAN_POINT ( 'NONE',  ( -19.04145188432738323, 24.99999999999998934, 5.599999999999999645 ) ) ;
#3240 = ADVANCED_FACE ( 'NONE', ( #1887 ), #3233, .F. ) ;
#3241 = EDGE_CURVE ( 'NONE', #1474, #1720, #1119, .T. ) ;
#3242 = CIRCLE ( 'NONE', #31, 2.749999999999997335 ) ;
#3243 = DIRECTION ( 'NONE',  ( 0.000000000000000000, 0.000000000000000000, 1.000000000000000000 ) ) ;
#3244 = CARTESIAN_POINT ( 'NONE',  ( -27.02072594216369339, 18.49999999999999645, 5.599999999999999645 ) ) ;
#3245 = ORIENTED_EDGE ( 'NONE', *, *, #1904, .T. ) ;
#3246 = ORIENTED_EDGE ( 'NONE', *, *, #578, .T. ) ;
#3247 = AXIS2_PLACEMENT_3D ( 'NONE', #2861, #1260, #2609 ) ;
#3248 = CYLINDRICAL_SURFACE ( 'NONE', #755, 21.00000000000000000 ) ;
#3249 = EDGE_LOOP ( 'NONE', ( #2889, #1791, #1460, #3255, #1507, #1189 ) ) ;
#3250 = VECTOR ( 'NONE', #2172, 1000.000000000000000 ) ;
#3251 = AXIS2_PLACEMENT_3D ( 'NONE', #2186, #3262, #2959 ) ;
#3252 = ORIENTED_EDGE ( 'NONE', *, *, #3133, .F. ) ;
#3253 = VECTOR ( 'NONE', #3291, 1000.000000000000114 ) ;
#3254 = APPLICATION_PROTOCOL_DEFINITION ( 'international standard', 'config_control_design', 1994, #3195 ) ;
#3255 = ORIENTED_EDGE ( 'NONE', *, *, #444, .T. ) ;
#3256 = VECTOR ( 'NONE', #131, 1000.000000000000000 ) ;
#3257 = EDGE_CURVE ( 'NONE', #2937, #3155, #354, .T. ) ;
#3258 = FACE_OUTER_BOUND ( 'NONE', #1245, .T. ) ;
#3259 = ORIENTED_EDGE ( 'NONE', *, *, #638, .F. ) ;
#3260 = CARTESIAN_POINT ( 'NONE',  ( -22.00000000000000355, 2.694222958124177204E-15, 12.00000000000000000 ) ) ;
#3261 = DIRECTION ( 'NONE',  ( 4.369258146350924658E-16, -0.9819957637740237555, -0.1889029378539987813 ) ) ;
#3262 = DIRECTION ( 'NONE',  ( -0.000000000000000000, -0.000000000000000000, 1.000000000000000000 ) ) ;
#3263 = CARTESIAN_POINT ( 'NONE',  ( 27.02072594216368273, 18.50000000000001776, 5.599999999999999645 ) ) ;
#3264 = CARTESIAN_POINT ( 'NONE',  ( 0.000000000000000000, 0.000000000000000000, 9.000000000000001776 ) ) ;
#3265 = ORIENTED_EDGE ( 'NONE', *, *, #946, .F. ) ;
#3266 = EDGE_CURVE ( 'NONE', #185, #1115, #945, .T. ) ;
#3267 = CARTESIAN_POINT ( 'NONE',  ( -22.50000000000000000, -26.80951323690903365, 0.000000000000000000 ) ) ;
#3268 = VERTEX_POINT ( 'NONE', #1422 ) ;
#3269 = ORIENTED_EDGE ( 'NONE', *, *, #1962, .F. ) ;
#3270 = LINE ( 'NONE', #730, #2088 ) ;
#3271 = EDGE_LOOP ( 'NONE', ( #334, #3215, #172, #674 ) ) ;
#3272 = LINE ( 'NONE', #703, #3363 ) ;
#3273 = ORIENTED_EDGE ( 'NONE', *, *, #2737, .T. ) ;
#3274 = FACE_OUTER_BOUND ( 'NONE', #2555, .T. ) ;
#3275 = PLANE ( 'NONE',  #1724 ) ;
#3276 = CARTESIAN_POINT ( 'NONE',  ( 17.02072594216368984, 28.49999999999999645, 5.599999999999999645 ) ) ;
#3277 = CARTESIAN_POINT ( 'NONE',  ( -12.37138071626488589, -18.19200206610667436, 12.00000000000000000 ) ) ;
#3278 = CARTESIAN_POINT ( 'NONE',  ( 12.97927405783630839, 28.49999999999999645, 5.599999999999999645 ) ) ;
#3279 = DIRECTION ( 'NONE',  ( 1.000000000000000000, 0.000000000000000000, 0.000000000000000000 ) ) ;
#3280 = LINE ( 'NONE', #2461, #3256 ) ;
#3281 = ORIENTED_EDGE ( 'NONE', *, *, #1032, .T. ) ;
#3282 = EDGE_CURVE ( 'NONE', #2824, #1737, #3290, .T. ) ;
#3283 = ORIENTED_EDGE ( 'NONE', *, *, #1277, .F. ) ;
#3284 = DIRECTION ( 'NONE',  ( -0.000000000000000000, 0.000000000000000000, -1.000000000000000000 ) ) ;
#3285 = ORIENTED_EDGE ( 'NONE', *, *, #1591, .T. ) ;
#3286 = CARTESIAN_POINT ( 'NONE',  ( -17.02072594216368984, 21.49999999999999289, 5.599999999999999645 ) ) ;
#3287 = ORIENTED_EDGE ( 'NONE', *, *, #551, .T. ) ;
#3288 = CARTESIAN_POINT ( 'NONE',  ( -25.00000000000000000, 15.00000000000000000, -6.000000000000001776 ) ) ;
#3289 = CARTESIAN_POINT ( 'NONE',  ( -22.97927405783631372, 18.49999999999999645, 5.599999999999999645 ) ) ;
#3290 = CIRCLE ( 'NONE', #198, 22.00000000000000355 ) ;
#3291 = DIRECTION ( 'NONE',  ( 0.4999999999999996114, 0.8660254037844388186, 0.000000000000000000 ) ) ;
#3292 = DIRECTION ( 'NONE',  ( 1.000000000000000000, 0.000000000000000000, 0.000000000000000000 ) ) ;
#3293 = CARTESIAN_POINT ( 'NONE',  ( -22.97927405783630306, -18.49999999999999645, 5.599999999999999645 ) ) ;
#3294 = VECTOR ( 'NONE', #1492, 1000.000000000000000 ) ;
#3295 = CARTESIAN_POINT ( 'NONE',  ( 0.000000000000000000, -35.50000000000000711, 2.999999999999999112 ) ) ;
#3296 = AXIS2_PLACEMENT_3D ( 'NONE', #156, #3320, #2517 ) ;
#3297 = VECTOR ( 'NONE', #873, 1000.000000000000114 ) ;
#3298 = ADVANCED_FACE ( 'NONE', ( #1473 ), #2246, .F. ) ;
#3299 = LINE ( 'NONE', #2565, #318 ) ;
#3300 = ORIENTED_EDGE ( 'NONE', *, *, #942, .F. ) ;
#3301 = VERTEX_POINT ( 'NONE', #2986 ) ;
#3302 = VECTOR ( 'NONE', #2664, 1000.000000000000114 ) ;
#3303 = EDGE_CURVE ( 'NONE', #1369, #184, #2483, .T. ) ;
#3304 = VECTOR ( 'NONE', #96, 1000.000000000000000 ) ;
#3305 = EDGE_CURVE ( 'NONE', #1856, #1068, #698, .T. ) ;
#3306 = VERTEX_POINT ( 'NONE', #1982 ) ;
#3307 = VECTOR ( 'NONE', #3136, 1000.000000000000000 ) ;
#3308 = FACE_OUTER_BOUND ( 'NONE', #2121, .T. ) ;
#3309 = EDGE_LOOP ( 'NONE', ( #813, #2333, #3080, #2022 ) ) ;
#3310 = DIRECTION ( 'NONE',  ( -0.8660254037844385966, -0.5000000000000002220, 0.000000000000000000 ) ) ;
#3311 = CARTESIAN_POINT ( 'NONE',  ( -17.02072594216368984, 28.49999999999999289, 5.599999999999999645 ) ) ;
#3312 = AXIS2_PLACEMENT_3D ( 'NONE', #2749, #1682, #169 ) ;
#3313 = CARTESIAN_POINT ( 'NONE',  ( -35.00000000000000000, 0.000000000000000000, 12.00000000000000000 ) ) ;
#3314 = CARTESIAN_POINT ( 'NONE',  ( -19.50000000000000000, -26.80951323690903010, 2.999999999999999112 ) ) ;
#3315 = CARTESIAN_POINT ( 'NONE',  ( -17.49999999999999645, -50.15627297532785178, -6.000000000000001776 ) ) ;
#3316 = DIRECTION ( 'NONE',  ( 0.000000000000000000, -0.000000000000000000, -1.000000000000000000 ) ) ;
#3317 = DIRECTION ( 'NONE',  ( 0.000000000000000000, 0.000000000000000000, 1.000000000000000000 ) ) ;
#3318 = ORIENTED_EDGE ( 'NONE', *, *, #2467, .F. ) ;
#3319 = EDGE_LOOP ( 'NONE', ( #776, #1029, #2459, #3100, #1716, #1684, #662, #1832 ) ) ;
#3320 = DIRECTION ( 'NONE',  ( -0.000000000000000000, -0.000000000000000000, -1.000000000000000000 ) ) ;
#3321 = EDGE_LOOP ( 'NONE', ( #542, #2115, #1099, #1090 ) ) ;
#3322 = EDGE_CURVE ( 'NONE', #3123, #3181, #3270, .T. ) ;
#3323 = EDGE_CURVE ( 'NONE', #637, #185, #1494, .T. ) ;
#3324 = CARTESIAN_POINT ( 'NONE',  ( 22.00000000000000355, 0.000000000000000000, 11.00000000000000000 ) ) ;
#3325 = ORIENTED_EDGE ( 'NONE', *, *, #2263, .T. ) ;
#3326 = CYLINDRICAL_SURFACE ( 'NONE', #3074, 1.999999999999998224 ) ;
#3327 = DIRECTION ( 'NONE',  ( 1.000000000000000000, 0.000000000000000000, 0.000000000000000000 ) ) ;
#3328 = LINE ( 'NONE', #3276, #965 ) ;
#3329 = CARTESIAN_POINT ( 'NONE',  ( -13.18896021516801831, -16.92592631819416837, 11.83993841468370434 ) ) ;
#3330 = DIRECTION ( 'NONE',  ( -0.000000000000000000, -0.000000000000000000, 1.000000000000000000 ) ) ;
#3331 = DIRECTION ( 'NONE',  ( 0.000000000000000000, -0.000000000000000000, 1.000000000000000000 ) ) ;
#3332 = LINE ( 'NONE', #2311, #1612 ) ;
#3333 = EDGE_LOOP ( 'NONE', ( #2469, #401 ) ) ;
#3334 = VERTEX_POINT ( 'NONE', #1191 ) ;
#3335 = EDGE_LOOP ( 'NONE', ( #1710, #2183 ) ) ;
#3336 = LINE ( 'NONE', #2936, #1838 ) ;
#3337 = ORIENTED_EDGE ( 'NONE', *, *, #61, .T. ) ;
#3338 = DIRECTION ( 'NONE',  ( 1.000000000000000000, 0.000000000000000000, 0.000000000000000000 ) ) ;
#3339 = LINE ( 'NONE', #1293, #2482 ) ;
#3340 = DIRECTION ( 'NONE',  ( 1.000000000000000000, 0.000000000000000000, 0.000000000000000000 ) ) ;
#3341 = DIRECTION ( 'NONE',  ( 1.000000000000000000, 0.000000000000000000, 0.000000000000000000 ) ) ;
#3342 = LINE ( 'NONE', #1547, #576 ) ;
#3343 = EDGE_CURVE ( 'NONE', #2601, #1110, #1227, .T. ) ;
#3344 = CARTESIAN_POINT ( 'NONE',  ( -22.97927405783630306, -11.50000000000000355, 5.599999999999999645 ) ) ;
#3345 = DIRECTION ( 'NONE',  ( 0.5000000000000003331, -0.8660254037844383745, 0.000000000000000000 ) ) ;
#3346 = ADVANCED_FACE ( 'NONE', ( #1953 ), #1438, .T. ) ;
#3347 = VERTEX_POINT ( 'NONE', #2807 ) ;
#3348 = ORIENTED_EDGE ( 'NONE', *, *, #946, .T. ) ;
#3349 = CIRCLE ( 'NONE', #1385, 12.50000000000000000 ) ;
#3350 = VECTOR ( 'NONE', #1673, 1000.000000000000227 ) ;
#3351 = ORIENTED_EDGE ( 'NONE', *, *, #3089, .F. ) ;
#3352 = AXIS2_PLACEMENT_3D ( 'NONE', #1503, #2053, #3366 ) ;
#3353 = VECTOR ( 'NONE', #20, 1000.000000000000000 ) ;
#3354 = CARTESIAN_POINT ( 'NONE',  ( -14.99999999999999645, -19.00000000000000000, 2.000000000000000000 ) ) ;
#3355 = ORIENTED_EDGE ( 'NONE', *, *, #2995, .F. ) ;
#3356 = PLANE ( 'NONE',  #2206 ) ;
#3357 = LINE ( 'NONE', #2830, #958 ) ;
#3358 = AXIS2_PLACEMENT_3D ( 'NONE', #3156, #786, #2131 ) ;
#3359 = CIRCLE ( 'NONE', #695, 12.50000000000000000 ) ;
#3360 = FACE_OUTER_BOUND ( 'NONE', #1698, .T. ) ;
#3361 = AXIS2_PLACEMENT_3D ( 'NONE', #2780, #1480, #2992 ) ;
#3362 = DIRECTION ( 'NONE',  ( -0.000000000000000000, -0.000000000000000000, -1.000000000000000000 ) ) ;
#3363 = VECTOR ( 'NONE', #932, 1000.000000000000114 ) ;
#3364 = EDGE_CURVE ( 'NONE', #65, #2716, #930, .T. ) ;
#3365 = DIRECTION ( 'NONE',  ( 1.000000000000000000, 0.000000000000000000, 0.000000000000000000 ) ) ;
#3366 = DIRECTION ( 'NONE',  ( 1.000000000000000000, 1.776356839400250465E-15, 0.000000000000000000 ) ) ;
#3367 = ORIENTED_EDGE ( 'NONE', *, *, #701, .T. ) ;
#3368 = VERTEX_POINT ( 'NONE', #2283 ) ;
#3369 = EDGE_CURVE ( 'NONE', #1720, #423, #1699, .T. ) ;
ENDSEC;
END-ISO-10303-21;
