ISO-10303-21;
HEADER;
FILE_DESCRIPTION (( 'STEP AP203' ),
    '1' );
FILE_NAME ('선기어.STEP',
    '2024-09-26T14:15:51',
    ( '' ),
    ( '' ),
    'SwSTEP 2.0',
    'SolidWorks 2022',
    '' );
FILE_SCHEMA (( 'CONFIG_CONTROL_DESIGN' ));
ENDSEC;

DATA;
#1 = VERTEX_POINT ( 'NONE', #478 ) ;
#2 = CARTESIAN_POINT ( 'NONE',  ( -1.297955551099484461, -2.137550967751382203, -8.051518344565808505 ) ) ;
#3 = CARTESIAN_POINT ( 'NONE',  ( 1.347390703094650810, -9.908884469275271556, -6.627058391720929365 ) ) ;
#4 = DIRECTION ( 'NONE',  ( -1.000000000000000000, 0.000000000000000000, 0.000000000000000000 ) ) ;
#5 = CARTESIAN_POINT ( 'NONE',  ( 2.442592916808753234, 2.910968883852142586, 0.000000000000000000 ) ) ;
#6 = EDGE_CURVE ( 'NONE', #3025, #118, #532, .T. ) ;
#7 = EDGE_LOOP ( 'NONE', ( #393, #1538, #2505, #2268, #1769, #2220, #2339, #305, #1943, #747, #2217, #2894, #208, #2005, #1182, #956, #2174, #906, #1881, #2806, #1242, #3204, #2867, #192, #2629, #232, #1500, #383, #836, #1373, #1433, #2459, #1188, #2722, #13, #2965, #549, #1863, #1435, #387, #2046, #2689, #2202, #1253, #1449, #682, #3319, #3113, #406, #2557, #2279, #2070, #3230, #1352, #344, #1927, #2667, #670, #3333, #182, #37, #3128, #1255, #1345, #768, #1627, #1053, #2379, #2514, #3077, #1402, #816 ) ) ;
#8 = DIRECTION ( 'NONE',  ( -0.000000000000000000, -0.000000000000000000, -1.000000000000000000 ) ) ;
#9 = VECTOR ( 'NONE', #1152, 999.9999999999998863 ) ;
#10 = EDGE_CURVE ( 'NONE', #358, #2382, #1835, .T. ) ;
#11 = CARTESIAN_POINT ( 'NONE',  ( 0.000000000000000000, 0.000000000000000000, 11.00000000000000000 ) ) ;
#12 = EDGE_CURVE ( 'NONE', #1912, #2926, #1063, .T. ) ;
#13 = ORIENTED_EDGE ( 'NONE', *, *, #1695, .F. ) ;
#14 = DIRECTION ( 'NONE',  ( -0.5490016335682972315, 0.8358212765533916677, 0.000000000000000000 ) ) ;
#15 = CARTESIAN_POINT ( 'NONE',  ( 1.499978820658926404, 2.000015884505258690, -7.192500174892702880 ) ) ;
#16 = VERTEX_POINT ( 'NONE', #1585 ) ;
#17 = PERSON_AND_ORGANIZATION ( #1709, #2440 ) ;
#18 = ORIENTED_EDGE ( 'NONE', *, *, #3376, .F. ) ;
#19 = ORIENTED_EDGE ( 'NONE', *, *, #1267, .T. ) ;
#20 = CARTESIAN_POINT ( 'NONE',  ( -0.2009208402571259489, -2.493867379961468345, -5.803710251250964625 ) ) ;
#21 = VECTOR ( 'NONE', #2743, 999.9999999999998863 ) ;
#22 = DIRECTION ( 'NONE',  ( 0.1178143533887326955, -0.9930356378980539356, 0.000000000000000000 ) ) ;
#23 = DIRECTION ( 'NONE',  ( 0.000000000000000000, 0.000000000000000000, 1.000000000000000000 ) ) ;
#24 = ORIENTED_EDGE ( 'NONE', *, *, #1015, .T. ) ;
#25 = CARTESIAN_POINT ( 'NONE',  ( 1.899999999999903544, -3.290896534380603367, -3.469446951953614189E-15 ) ) ;
#26 = DIRECTION ( 'NONE',  ( -0.000000000000000000, -0.000000000000000000, -1.000000000000000000 ) ) ;
#27 = ORIENTED_EDGE ( 'NONE', *, *, #2388, .F. ) ;
#28 = DIRECTION ( 'NONE',  ( -9.955928764602502130E-17, -1.000000000000000000, 0.000000000000000000 ) ) ;
#29 = ADVANCED_FACE ( 'NONE', ( #2121 ), #1534, .F. ) ;
#30 = VECTOR ( 'NONE', #812, 1000.000000000000000 ) ;
#31 = EDGE_CURVE ( 'NONE', #2621, #459, #2614, .T. ) ;
#32 = CARTESIAN_POINT ( 'NONE',  ( 1.449702918755749748, 2.036901355159709937, -6.895753535038991799 ) ) ;
#33 = ORIENTED_EDGE ( 'NONE', *, *, #1009, .T. ) ;
#34 = VECTOR ( 'NONE', #3175, 1000.000000000000000 ) ;
#35 = LINE ( 'NONE', #2097, #434 ) ;
#36 = VERTEX_POINT ( 'NONE', #2599 ) ;
#37 = ORIENTED_EDGE ( 'NONE', *, *, #2762, .F. ) ;
#38 = CARTESIAN_POINT ( 'NONE',  ( -1.298096754630598371, -2.137457629536757775, -6.535875014108451175 ) ) ;
#39 = CARTESIAN_POINT ( 'NONE',  ( 1.852483971133061975E-16, -2.500000000000000000, -5.793553330597903894 ) ) ;
#40 = CARTESIAN_POINT ( 'NONE',  ( -0.1992580604730269656, -1.695832084886101931, -3.469446951953614189E-15 ) ) ;
#41 = CARTESIAN_POINT ( 'NONE',  ( 2.662483246009871518, 1.863781898376723145, 11.00000000000000000 ) ) ;
#42 = VERTEX_POINT ( 'NONE', #254 ) ;
#43 = CARTESIAN_POINT ( 'NONE',  ( 2.257346310099018770E-16, -9.999999999999998224, -8.793553330597903894 ) ) ;
#44 = CARTESIAN_POINT ( 'NONE',  ( 4.356006147172517551, 7.181896211002738895, -3.999999999999999112 ) ) ;
#45 = EDGE_LOOP ( 'NONE', ( #754, #2847, #1692, #1411 ) ) ;
#46 = PLANE ( 'NONE',  #431 ) ;
#47 = VECTOR ( 'NONE', #3279, 1000.000000000000000 ) ;
#48 = CARTESIAN_POINT ( 'NONE',  ( 3.237596406937861993, -0.2836714750958370668, 0.000000000000000000 ) ) ;
#49 = EDGE_LOOP ( 'NONE', ( #243, #1949, #2729, #1678 ) ) ;
#50 = EDGE_CURVE ( 'NONE', #2926, #602, #1302, .T. ) ;
#51 = EDGE_CURVE ( 'NONE', #1595, #3209, #1166, .T. ) ;
#52 = EDGE_CURVE ( 'NONE', #2926, #1991, #1868, .T. ) ;
#53 = CARTESIAN_POINT ( 'NONE',  ( 0.2016181045847562636, -1.699402130040193359, 11.00000000000000000 ) ) ;
#54 = EDGE_LOOP ( 'NONE', ( #2605, #3332, #994, #2833 ) ) ;
#55 = VECTOR ( 'NONE', #2763, 1000.000000000000000 ) ;
#56 = CARTESIAN_POINT ( 'NONE',  ( -3.742269461446259271, 0.6598630751344654044, 0.000000000000000000 ) ) ;
#57 = DIRECTION ( 'NONE',  ( -0.2300250710621044303, 0.9731847032721351320, 0.000000000000000000 ) ) ;
#58 = CARTESIAN_POINT ( 'NONE',  ( 1.301255550999845356, -9.915126803682866807, -6.541018796329156615 ) ) ;
#59 = CARTESIAN_POINT ( 'NONE',  ( 3.799999999999842171, 1.311884628707460365E-13, 11.00000000000000000 ) ) ;
#60 = CARTESIAN_POINT ( 'NONE',  ( 1.527958188319675337, 0.7706888051795220962, 11.00000000000000000 ) ) ;
#61 = ORIENTED_EDGE ( 'NONE', *, *, #1636, .T. ) ;
#62 = PLANE ( 'NONE',  #1036 ) ;
#63 = PLANE ( 'NONE',  #3320 ) ;
#64 = ORIENTED_EDGE ( 'NONE', *, *, #1568, .T. ) ;
#65 = CARTESIAN_POINT ( 'NONE',  ( 4.356006147172515774, -7.071617574365308023, -3.999999999999999112 ) ) ;
#66 = CARTESIAN_POINT ( 'NONE',  ( 7.800047896967665804E-17, 2.500000000000000000, -8.793553330597903894 ) ) ;
#67 = EDGE_LOOP ( 'NONE', ( #2398, #1271, #3369, #277 ) ) ;
#68 = CARTESIAN_POINT ( 'NONE',  ( -3.237669077383383165, -0.2828408481026685184, -3.469446951953614189E-15 ) ) ;
#69 = VECTOR ( 'NONE', #3233, 1000.000000000000000 ) ;
#70 = VERTEX_POINT ( 'NONE', #56 ) ;
#71 = ADVANCED_FACE ( 'NONE', ( #1374 ), #2411, .F. ) ;
#72 = PLANE ( 'NONE',  #119 ) ;
#73 = DIRECTION ( 'NONE',  ( -0.000000000000000000, 0.000000000000000000, 1.000000000000000000 ) ) ;
#74 = ADVANCED_FACE ( 'NONE', ( #1920 ), #72, .F. ) ;
#75 = ADVANCED_FACE ( 'NONE', ( #1407 ), #2252, .F. ) ;
#76 = PLANE ( 'NONE',  #110 ) ;
#77 = FACE_OUTER_BOUND ( 'NONE', #1350, .T. ) ;
#78 = ORIENTED_EDGE ( 'NONE', *, *, #889, .T. ) ;
#79 = CARTESIAN_POINT ( 'NONE',  ( 1.431415177857461529, -0.9379062044154465871, -3.469446951953614189E-15 ) ) ;
#80 = FACE_OUTER_BOUND ( 'NONE', #101, .T. ) ;
#81 = AXIS2_PLACEMENT_3D ( 'NONE', #1246, #452, #2282 ) ;
#82 = ORIENTED_EDGE ( 'NONE', *, *, #1721, .T. ) ;
#83 = LINE ( 'NONE', #1713, #2664 ) ;
#84 = VECTOR ( 'NONE', #22, 1000.000000000000000 ) ;
#85 = CARTESIAN_POINT ( 'NONE',  ( 0.2836714750960591669, 3.237596406937842453, -3.469446951953614189E-15 ) ) ;
#86 = EDGE_LOOP ( 'NONE', ( #500, #1805, #3276, #126 ) ) ;
#87 = CARTESIAN_POINT ( 'NONE',  ( 9.999999999999998224, 0.000000000000000000, -11.00000000000000000 ) ) ;
#88 = VECTOR ( 'NONE', #2768, 999.9999999999998863 ) ;
#89 = EDGE_LOOP ( 'NONE', ( #2917, #2422, #933, #1924 ) ) ;
#90 = LINE ( 'NONE', #308, #9 ) ;
#91 = CARTESIAN_POINT ( 'NONE',  ( 0.7672500617877539009, 1.525410625857913427, -3.469446951953614189E-15 ) ) ;
#92 = AXIS2_PLACEMENT_3D ( 'NONE', #727, #976, #3065 ) ;
#93 = AXIS2_PLACEMENT_3D ( 'NONE', #1105, #2381, #2929 ) ;
#94 = ORIENTED_EDGE ( 'NONE', *, *, #2824, .F. ) ;
#95 = EDGE_CURVE ( 'NONE', #3354, #2582, #1115, .T. ) ;
#96 = LINE ( 'NONE', #885, #3384 ) ;
#97 = DIRECTION ( 'NONE',  ( -0.5985480419141079311, 0.8010869125886325159, 0.000000000000000000 ) ) ;
#98 = ORIENTED_EDGE ( 'NONE', *, *, #2511, .F. ) ;
#99 = DIRECTION ( 'NONE',  ( 1.000000000000000000, -9.955928764602502130E-17, -0.000000000000000000 ) ) ;
#100 = FACE_OUTER_BOUND ( 'NONE', #593, .T. ) ;
#101 = EDGE_LOOP ( 'NONE', ( #1439, #134, #1163, #2821 ) ) ;
#102 = CARTESIAN_POINT ( 'NONE',  ( -0.7563356266158721697, 9.972993133688168754, -8.603556879192028717 ) ) ;
#103 = VERTEX_POINT ( 'NONE', #3239 ) ;
#104 = CARTESIAN_POINT ( 'NONE',  ( -1.638573776703354135, -0.4936531555475113242, -3.469446951953614189E-15 ) ) ;
#105 = VECTOR ( 'NONE', #1954, 1000.000000000000114 ) ;
#106 = CARTESIAN_POINT ( 'NONE',  ( -1.695832084886271574, 0.1992580604730461724, 11.00000000000000000 ) ) ;
#107 = CARTESIAN_POINT ( 'NONE',  ( 1.024307465453378807, -1.370916363567833862, -3.469446951953614189E-15 ) ) ;
#108 = ORIENTED_EDGE ( 'NONE', *, *, #2364, .T. ) ;
#109 = DIRECTION ( 'NONE',  ( 0.9574909474504660345, 0.2884633175126589122, 0.000000000000000000 ) ) ;
#110 = AXIS2_PLACEMENT_3D ( 'NONE', #2429, #1153, #2706 ) ;
#111 = VERTEX_POINT ( 'NONE', #1673 ) ;
#112 = EDGE_CURVE ( 'NONE', #1508, #2891, #2461, .T. ) ;
#113 = DIRECTION ( 'NONE',  ( -0.5976454684740243328, -0.8017604966649728437, 0.000000000000000000 ) ) ;
#114 = ADVANCED_FACE ( 'NONE', ( #2445 ), #1604, .F. ) ;
#115 = EDGE_CURVE ( 'NONE', #1026, #372, #2686, .T. ) ;
#116 = PLANE ( 'NONE',  #2912 ) ;
#117 = DIRECTION ( 'NONE',  ( 0.000000000000000000, 0.000000000000000000, 1.000000000000000000 ) ) ;
#118 = VERTEX_POINT ( 'NONE', #2902 ) ;
#119 = AXIS2_PLACEMENT_3D ( 'NONE', #861, #359, #2921 ) ;
#120 = VECTOR ( 'NONE', #309, 1000.000000000000000 ) ;
#121 = CARTESIAN_POINT ( 'NONE',  ( 0.7706888051794332783, -1.527958188319504362, -3.469446951953614189E-15 ) ) ;
#122 = ORIENTED_EDGE ( 'NONE', *, *, #2907, .T. ) ;
#123 = CARTESIAN_POINT ( 'NONE',  ( 0.000000000000000000, 0.000000000000000000, 0.000000000000000000 ) ) ;
#124 = DIRECTION ( 'NONE',  ( 0.3955222236256829005, -0.9184564064876433731, 0.000000000000000000 ) ) ;
#125 = DIRECTION ( 'NONE',  ( -0.9184564064876432621, -0.3955222236256832891, 0.000000000000000000 ) ) ;
#126 = ORIENTED_EDGE ( 'NONE', *, *, #50, .T. ) ;
#127 = DIRECTION ( 'NONE',  ( 0.000000000000000000, 0.000000000000000000, 1.000000000000000000 ) ) ;
#128 = VERTEX_POINT ( 'NONE', #2426 ) ;
#129 = CARTESIAN_POINT ( 'NONE',  ( 4.356006147172515774, -4.094094385158830285, -11.00000000000000000 ) ) ;
#130 = LINE ( 'NONE', #2249, #3080 ) ;
#131 = VECTOR ( 'NONE', #1587, 999.9999999999998863 ) ;
#132 = DIRECTION ( 'NONE',  ( -0.9930356378980539356, -0.1178143533887324457, 0.000000000000000000 ) ) ;
#133 = EDGE_CURVE ( 'NONE', #2795, #813, #90, .T. ) ;
#134 = ORIENTED_EDGE ( 'NONE', *, *, #1485, .F. ) ;
#135 = VECTOR ( 'NONE', #517, 1000.000000000000000 ) ;
#136 = EDGE_CURVE ( 'NONE', #128, #860, #896, .T. ) ;
#137 = CARTESIAN_POINT ( 'NONE',  ( 4.356006147172515774, -7.071617574365308023, -3.999999999999999112 ) ) ;
#138 = ORIENTED_EDGE ( 'NONE', *, *, #1391, .T. ) ;
#139 = VECTOR ( 'NONE', #125, 1000.000000000000000 ) ;
#140 = CARTESIAN_POINT ( 'NONE',  ( 0.3900199438764302418, 9.992855410637270452, -5.841823041992844523 ) ) ;
#141 = ORIENTED_EDGE ( 'NONE', *, *, #2841, .T. ) ;
#142 = DIRECTION ( 'NONE',  ( -0.8933599996659968845, 0.4493416417346272063, 0.000000000000000000 ) ) ;
#143 = DIRECTION ( 'NONE',  ( 0.000000000000000000, -1.000000000000000000, 0.000000000000000000 ) ) ;
#144 = CARTESIAN_POINT ( 'NONE',  ( 1.695832084886213842, -0.1992580604730405380, 11.00000000000000000 ) ) ;
#145 = EDGE_LOOP ( 'NONE', ( #3131, #2419, #1282, #1825 ) ) ;
#146 = ORIENTED_EDGE ( 'NONE', *, *, #2780, .F. ) ;
#147 = DIRECTION ( 'NONE',  ( -0.1166959098226709041, -0.9931676920997073443, 0.000000000000000000 ) ) ;
#148 = CARTESIAN_POINT ( 'NONE',  ( 1.863781898376779322, -2.662483246009831994, 0.000000000000000000 ) ) ;
#149 = PLANE ( 'NONE',  #1661 ) ;
#150 = ORIENTED_EDGE ( 'NONE', *, *, #1286, .T. ) ;
#151 = LINE ( 'NONE', #137, #767 ) ;
#152 = EDGE_CURVE ( 'NONE', #2119, #268, #3322, .T. ) ;
#153 = EDGE_LOOP ( 'NONE', ( #2517, #1609, #1527, #2549 ) ) ;
#154 = ADVANCED_FACE ( 'NONE', ( #2286, #1498 ), #717, .F. ) ;
#155 = ADVANCED_FACE ( 'NONE', ( #1736 ), #1278, .F. ) ;
#156 = CARTESIAN_POINT ( 'NONE',  ( -0.8407591952562818438, 3.139366811252232825, 0.000000000000000000 ) ) ;
#157 = ORIENTED_EDGE ( 'NONE', *, *, #3189, .T. ) ;
#158 = CIRCLE ( 'NONE', #427, 1.500000000000000222 ) ;
#159 = CARTESIAN_POINT ( 'NONE',  ( 0.000000000000000000, -7.071617574365307135, -8.793553330597903894 ) ) ;
#160 = DIRECTION ( 'NONE',  ( -0.1178143533887321126, 0.9930356378980539356, 0.000000000000000000 ) ) ;
#161 = AXIS2_PLACEMENT_3D ( 'NONE', #1073, #1578, #317 ) ;
#162 = LINE ( 'NONE', #3290, #1230 ) ;
#163 = VERTEX_POINT ( 'NONE', #2830 ) ;
#164 = EDGE_LOOP ( 'NONE', ( #2570, #1336, #1522, #1787 ) ) ;
#165 = VECTOR ( 'NONE', #1814, 1000.000000000000114 ) ;
#166 = FACE_OUTER_BOUND ( 'NONE', #2224, .T. ) ;
#167 = CARTESIAN_POINT ( 'NONE',  ( -1.020478584721529414, -1.369004635827606897, -3.469446951953614189E-15 ) ) ;
#168 = PLANE ( 'NONE',  #189 ) ;
#169 = ORIENTED_EDGE ( 'NONE', *, *, #112, .F. ) ;
#170 = FACE_BOUND ( 'NONE', #833, .T. ) ;
#171 = EDGE_LOOP ( 'NONE', ( #3014, #3033, #1185, #378 ) ) ;
#172 = DIRECTION ( 'NONE',  ( 0.000000000000000000, 0.000000000000000000, 1.000000000000000000 ) ) ;
#173 = CARTESIAN_POINT ( 'NONE',  ( 0.3887502231814630727, 9.992901947346071623, -8.745602283933347820 ) ) ;
#174 = EDGE_CURVE ( 'NONE', #3387, #395, #769, .T. ) ;
#175 = CC_DESIGN_PERSON_AND_ORGANIZATION_ASSIGNMENT ( #790, #838, ( #1998 ) ) ;
#176 = ORIENTED_EDGE ( 'NONE', *, *, #217, .F. ) ;
#177 = CARTESIAN_POINT ( 'NONE',  ( -2.945676473157439634, -1.373131499706693237, 11.00000000000000000 ) ) ;
#178 = EDGE_CURVE ( 'NONE', #665, #2243, #3110, .T. ) ;
#179 = LINE ( 'NONE', #3289, #2098 ) ;
#180 = CARTESIAN_POINT ( 'NONE',  ( -1.899999999999950173, -3.290896534380590932, -3.469446951953614189E-15 ) ) ;
#181 = VECTOR ( 'NONE', #117, 1000.000000000000000 ) ;
#182 = ORIENTED_EDGE ( 'NONE', *, *, #2303, .F. ) ;
#183 = DIRECTION ( 'NONE',  ( 0.9574909474504659235, 0.2884633175126588567, 0.000000000000000000 ) ) ;
#184 = CARTESIAN_POINT ( 'NONE',  ( 1.708595009594974679, -0.09654301046209022574, -3.469446951953614189E-15 ) ) ;
#185 = CARTESIAN_POINT ( 'NONE',  ( -2.298391812713996618, -2.297802227183460833, 11.00000000000000000 ) ) ;
#186 = ORIENTED_EDGE ( 'NONE', *, *, #2349, .T. ) ;
#187 = DIRECTION ( 'NONE',  ( -0.2289289126993334367, -0.9734431431420639269, 0.000000000000000000 ) ) ;
#188 = ORIENTED_EDGE ( 'NONE', *, *, #365, .F. ) ;
#189 = AXIS2_PLACEMENT_3D ( 'NONE', #2233, #3298, #681 ) ;
#190 = DIRECTION ( 'NONE',  ( 1.000000000000000000, 0.000000000000000000, 0.000000000000000000 ) ) ;
#191 = CARTESIAN_POINT ( 'NONE',  ( 0.4013937280391749463, -2.474685222232503978, -5.834757093504657099 ) ) ;
#192 = ORIENTED_EDGE ( 'NONE', *, *, #469, .F. ) ;
#193 = CARTESIAN_POINT ( 'NONE',  ( 3.799999999999842171, 1.311884628707460365E-13, -3.469446951953614189E-15 ) ) ;
#194 = VECTOR ( 'NONE', #211, 1000.000000000000000 ) ;
#195 = CARTESIAN_POINT ( 'NONE',  ( -2.945676473157439634, -1.373131499706693237, -3.469446951953614189E-15 ) ) ;
#196 = EDGE_CURVE ( 'NONE', #2563, #3244, #3321, .T. ) ;
#197 = ORIENTED_EDGE ( 'NONE', *, *, #871, .F. ) ;
#198 = LINE ( 'NONE', #1206, #2941 ) ;
#199 = FACE_OUTER_BOUND ( 'NONE', #2448, .T. ) ;
#200 = CARTESIAN_POINT ( 'NONE',  ( 9.999999999999998224, 0.000000000000000000, 0.000000000000000000 ) ) ;
#201 = CARTESIAN_POINT ( 'NONE',  ( 2.168404344971008868E-16, 3.799999999999999378, -3.469446951953614189E-15 ) ) ;
#202 = EDGE_LOOP ( 'NONE', ( #1917, #3374, #1781, #3081 ) ) ;
#203 = CARTESIAN_POINT ( 'NONE',  ( -1.172219938826311036, -1.246803061714115923, -3.469446951953614189E-15 ) ) ;
#204 = ORIENTED_EDGE ( 'NONE', *, *, #2805, .T. ) ;
#205 = CARTESIAN_POINT ( 'NONE',  ( -1.129146563294638028, 9.936290416516861512, -6.301290591919374684 ) ) ;
#206 = CARTESIAN_POINT ( 'NONE',  ( 2.945676473157350816, 1.373131499706882419, 0.000000000000000000 ) ) ;
#207 = CARTESIAN_POINT ( 'NONE',  ( 0.9147715270971269463, 9.958407426003617502, -8.486363225001515076 ) ) ;
#208 = ORIENTED_EDGE ( 'NONE', *, *, #2802, .F. ) ;
#209 = AXIS2_PLACEMENT_3D ( 'NONE', #2248, #749, #3070 ) ;
#210 = CARTESIAN_POINT ( 'NONE',  ( 0.6753535001645950553, -1.568262696300607661, -3.469446951953614189E-15 ) ) ;
#211 = DIRECTION ( 'NONE',  ( 0.000000000000000000, 0.000000000000000000, 1.000000000000000000 ) ) ;
#212 = ORIENTED_EDGE ( 'NONE', *, *, #846, .F. ) ;
#213 = ORIENTED_EDGE ( 'NONE', *, *, #1447, .T. ) ;
#214 = CARTESIAN_POINT ( 'NONE',  ( -4.356006147172515774, 4.204373021796262044, -3.999999999999999112 ) ) ;
#215 = CARTESIAN_POINT ( 'NONE',  ( -1.431415177857607635, 0.9379062044155440647, -3.469446951953614189E-15 ) ) ;
#216 = DIRECTION ( 'NONE',  ( 0.7285620347511350126, -0.6849798256294021837, 0.000000000000000000 ) ) ;
#217 = EDGE_CURVE ( 'NONE', #70, #2080, #2843, .T. ) ;
#218 = EDGE_LOOP ( 'NONE', ( #1114, #2164, #222, #2280 ) ) ;
#219 = DIRECTION ( 'NONE',  ( 0.8928533790783933499, 0.4503474697034444141, 0.000000000000000000 ) ) ;
#220 = ADVANCED_FACE ( 'NONE', ( #953 ), #3074, .F. ) ;
#221 = DIRECTION ( 'NONE',  ( 0.8928533790783933499, 0.4503474697034444141, 0.000000000000000000 ) ) ;
#222 = ORIENTED_EDGE ( 'NONE', *, *, #1951, .F. ) ;
#223 = CALENDAR_DATE ( 2024, 26, 9 ) ;
#224 = CARTESIAN_POINT ( 'NONE',  ( 0.2030170140429783665, -2.499999999999999556, -5.793553330597901230 ) ) ;
#225 = ORIENTED_EDGE ( 'NONE', *, *, #362, .F. ) ;
#226 = CARTESIAN_POINT ( 'NONE',  ( 1.427163357492277740, 0.9374193223017658338, -3.469446951953614189E-15 ) ) ;
#227 = CARTESIAN_POINT ( 'NONE',  ( -1.171002132687811947, 1.242700382245892410, -3.469446951953614189E-15 ) ) ;
#228 = ORIENTED_EDGE ( 'NONE', *, *, #2428, .T. ) ;
#229 = ORIENTED_EDGE ( 'NONE', *, *, #278, .T. ) ;
#230 = FACE_OUTER_BOUND ( 'NONE', #1768, .T. ) ;
#231 = DIRECTION ( 'NONE',  ( 0.2300250710621035144, -0.9731847032721354651, 0.000000000000000000 ) ) ;
#232 = ORIENTED_EDGE ( 'NONE', *, *, #2723, .F. ) ;
#233 = DIRECTION ( 'NONE',  ( 0.000000000000000000, -1.000000000000000000, 0.000000000000000000 ) ) ;
#234 = EDGE_CURVE ( 'NONE', #942, #1471, #968, .T. ) ;
#235 = CARTESIAN_POINT ( 'NONE',  ( -1.527958188319576749, -0.7706888051794704708, 11.00000000000000000 ) ) ;
#236 = ORIENTED_EDGE ( 'NONE', *, *, #2093, .T. ) ;
#237 = ADVANCED_FACE ( 'NONE', ( #2010 ), #1025, .F. ) ;
#238 = VECTOR ( 'NONE', #1738, 1000.000000000000000 ) ;
#239 = VERTEX_POINT ( 'NONE', #2269 ) ;
#240 = VECTOR ( 'NONE', #3353, 1000.000000000000114 ) ;
#241 = LINE ( 'NONE', #2359, #3347 ) ;
#242 = CARTESIAN_POINT ( 'NONE',  ( 0.4907090339736754347, 1.635467785916367323, -3.469446951953614189E-15 ) ) ;
#243 = ORIENTED_EDGE ( 'NONE', *, *, #470, .T. ) ;
#244 = CARTESIAN_POINT ( 'NONE',  ( -1.200498128814314613, -9.928673992045386143, -6.372744326818911453 ) ) ;
#245 = CARTESIAN_POINT ( 'NONE',  ( 3.742269461446233070, -0.6598630751341778566, -3.469446951953614189E-15 ) ) ;
#246 = ORIENTED_EDGE ( 'NONE', *, *, #1616, .T. ) ;
#247 = CARTESIAN_POINT ( 'NONE',  ( 0.1992580604730607718, 1.695832084886384816, -3.469446951953614189E-15 ) ) ;
#248 = VECTOR ( 'NONE', #2547, 1000.000000000000000 ) ;
#249 = DIRECTION ( 'NONE',  ( -9.955928764602502130E-17, -1.000000000000000000, 0.000000000000000000 ) ) ;
#250 = ORIENTED_EDGE ( 'NONE', *, *, #1347, .T. ) ;
#251 = ADVANCED_FACE ( 'NONE', ( #2812 ), #505, .F. ) ;
#252 = CARTESIAN_POINT ( 'NONE',  ( -1.460648237408601169, 9.893043983298429822, -6.899579260520813939 ) ) ;
#253 = EDGE_CURVE ( 'NONE', #2256, #1669, #2558, .T. ) ;
#254 = CARTESIAN_POINT ( 'NONE',  ( 2.442592916808753234, 2.910968883852143474, 11.00000000000000000 ) ) ;
#255 = FACE_OUTER_BOUND ( 'NONE', #202, .T. ) ;
#256 = EDGE_CURVE ( 'NONE', #1866, #548, #1297, .T. ) ;
#257 = ADVANCED_FACE ( 'NONE', ( #1992 ), #2302, .F. ) ;
#258 = CARTESIAN_POINT ( 'NONE',  ( 0.3956287971978184603, -9.993803754302344799, -8.753563855301555563 ) ) ;
#259 = CARTESIAN_POINT ( 'NONE',  ( -2.662483246009963445, -1.863781898376591029, 0.000000000000000000 ) ) ;
#260 = DIRECTION ( 'NONE',  ( -0.9931676920997073443, 0.1166959098226709041, 0.000000000000000000 ) ) ;
#261 = VERTEX_POINT ( 'NONE', #2043 ) ;
#262 = LINE ( 'NONE', #574, #1148 ) ;
#263 = LINE ( 'NONE', #2315, #3134 ) ;
#264 = VERTEX_POINT ( 'NONE', #1794 ) ;
#265 = DIRECTION ( 'NONE',  ( -0.000000000000000000, -0.000000000000000000, -1.000000000000000000 ) ) ;
#266 = VECTOR ( 'NONE', #2108, 1000.000000000000000 ) ;
#267 = CARTESIAN_POINT ( 'NONE',  ( 1.343912171915178977, 2.108549977434411637, -6.620154620079521379 ) ) ;
#268 = VERTEX_POINT ( 'NONE', #493 ) ;
#269 = VECTOR ( 'NONE', #3165, 1000.000000000000000 ) ;
#270 = COORDINATED_UNIVERSAL_TIME_OFFSET ( 9, 0, .AHEAD. ) ;
#271 = ORIENTED_EDGE ( 'NONE', *, *, #1055, .T. ) ;
#272 = DIRECTION ( 'NONE',  ( 0.9184564064876431511, 0.3955222236256833446, 0.000000000000000000 ) ) ;
#273 = EDGE_CURVE ( 'NONE', #1201, #2119, #1528, .T. ) ;
#274 = CARTESIAN_POINT ( 'NONE',  ( -1.568262696300693815, -0.6753535001646314706, 11.00000000000000000 ) ) ;
#275 = CARTESIAN_POINT ( 'NONE',  ( -0.2836714750959318243, -3.237596406937853999, 0.000000000000000000 ) ) ;
#276 = EDGE_CURVE ( 'NONE', #1996, #316, #2877, .T. ) ;
#277 = ORIENTED_EDGE ( 'NONE', *, *, #1119, .F. ) ;
#278 = EDGE_CURVE ( 'NONE', #3025, #484, #1330, .T. ) ;
#279 = CARTESIAN_POINT ( 'NONE',  ( -0.1968318584765918200, -9.998523555244803518, -8.783798316630351266 ) ) ;
#280 = VECTOR ( 'NONE', #2702, 1000.000000000000000 ) ;
#281 = VECTOR ( 'NONE', #2102, 1000.000000000000000 ) ;
#282 = CARTESIAN_POINT ( 'NONE',  ( -3.799999999999867928, 1.569924745759010420E-13, -3.469446951953614189E-15 ) ) ;
#283 = EDGE_LOOP ( 'NONE', ( #1057, #973, #2110, #169 ) ) ;
#284 = CARTESIAN_POINT ( 'NONE',  ( 3.290896534380723271, -1.899999999999792744, 0.000000000000000000 ) ) ;
#285 = EDGE_CURVE ( 'NONE', #782, #1483, #1826, .T. ) ;
#286 = CARTESIAN_POINT ( 'NONE',  ( 1.489521627295418593, 2.007966883471840269, -7.090554434505191850 ) ) ;
#287 = ORIENTED_EDGE ( 'NONE', *, *, #2049, .T. ) ;
#288 = CARTESIAN_POINT ( 'NONE',  ( -1.427163357492163831, -0.9374193223016895615, -3.469446951953614189E-15 ) ) ;
#289 = ORIENTED_EDGE ( 'NONE', *, *, #2364, .F. ) ;
#290 = VERTEX_POINT ( 'NONE', #1346 ) ;
#291 = CARTESIAN_POINT ( 'NONE',  ( -0.3969248145068442479, -2.470262007260407344, -5.843569786982214076 ) ) ;
#292 = CARTESIAN_POINT ( 'NONE',  ( 1.242700382245877311, 1.171002132687795960, 11.00000000000000000 ) ) ;
#293 = VECTOR ( 'NONE', #2840, 999.9999999999998863 ) ;
#294 = CARTESIAN_POINT ( 'NONE',  ( 1.699402130040342129, 0.2016181045847743603, -3.469446951953614189E-15 ) ) ;
#295 = LINE ( 'NONE', #1034, #3024 ) ;
#296 = AXIS2_PLACEMENT_3D ( 'NONE', #2790, #1240, #449 ) ;
#297 = ORIENTED_EDGE ( 'NONE', *, *, #2201, .T. ) ;
#298 = PLANE ( 'NONE',  #2772 ) ;
#299 = ADVANCED_FACE ( 'NONE', ( #2076 ), #3383, .F. ) ;
#300 = CARTESIAN_POINT ( 'NONE',  ( -1.704669384089424922, -0.09824726836557877430, -3.469446951953614189E-15 ) ) ;
#301 = ORIENTED_EDGE ( 'NONE', *, *, #174, .F. ) ;
#302 = DIRECTION ( 'NONE',  ( 0.9983432753029245488, 0.05753872311260528616, 0.000000000000000000 ) ) ;
#303 = VECTOR ( 'NONE', #1280, 1000.000000000000000 ) ;
#304 = DIRECTION ( 'NONE',  ( 0.2884633175126588567, -0.9574909474504660345, 0.000000000000000000 ) ) ;
#305 = ORIENTED_EDGE ( 'NONE', *, *, #1223, .F. ) ;
#306 = LINE ( 'NONE', #288, #327 ) ;
#307 = ORIENTED_EDGE ( 'NONE', *, *, #2596, .T. ) ;
#308 = CARTESIAN_POINT ( 'NONE',  ( -1.638573776703354135, -0.4936531555475113242, 11.00000000000000000 ) ) ;
#309 = DIRECTION ( 'NONE',  ( -0.000000000000000000, 1.000000000000000000, -0.000000000000000000 ) ) ;
#310 = LINE ( 'NONE', #2254, #1708 ) ;
#311 = LINE ( 'NONE', #1393, #1576 ) ;
#312 = CARTESIAN_POINT ( 'NONE',  ( -3.237669077383383165, -0.2828408481026685184, 11.00000000000000000 ) ) ;
#313 = ORIENTED_EDGE ( 'NONE', *, *, #3189, .F. ) ;
#314 = CARTESIAN_POINT ( 'NONE',  ( -1.490245164280374901, -9.888354036577799988, -7.096573883685219464 ) ) ;
#315 = LINE ( 'NONE', #2128, #34 ) ;
#316 = VERTEX_POINT ( 'NONE', #2914 ) ;
#317 = DIRECTION ( 'NONE',  ( 0.6849798256294021837, 0.7285620347511347905, 0.000000000000000000 ) ) ;
#318 = VECTOR ( 'NONE', #99, 1000.000000000000000 ) ;
#319 = ADVANCED_FACE ( 'NONE', ( #2403 ), #46, .F. ) ;
#320 = CARTESIAN_POINT ( 'NONE',  ( 0.2036958308848471899, 2.493619037452134091, -8.782980945261776640 ) ) ;
#321 = ADVANCED_FACE ( 'NONE', ( #1044 ), #579, .F. ) ;
#322 = ORIENTED_EDGE ( 'NONE', *, *, #3214, .F. ) ;
#323 = ADVANCED_FACE ( 'NONE', ( #2645 ), #2932, .F. ) ;
#324 = AXIS2_PLACEMENT_3D ( 'NONE', #1844, #3160, #817 ) ;
#325 = DIRECTION ( 'NONE',  ( -1.000000000000000000, 0.000000000000000000, 0.000000000000000000 ) ) ;
#326 = ORIENTED_EDGE ( 'NONE', *, *, #2723, .T. ) ;
#327 = VECTOR ( 'NONE', #1351, 1000.000000000000114 ) ;
#328 = CARTESIAN_POINT ( 'NONE',  ( -1.197246094519811566, 2.199715957920273190, -8.217147335790812690 ) ) ;
#329 = DIRECTION ( 'NONE',  ( 0.000000000000000000, 0.000000000000000000, 1.000000000000000000 ) ) ;
#330 = LINE ( 'NONE', #1470, #712 ) ;
#331 = DIRECTION ( 'NONE',  ( -0.5480599732849437133, -0.8364390388324225434, 0.000000000000000000 ) ) ;
#332 = ORIENTED_EDGE ( 'NONE', *, *, #178, .F. ) ;
#333 = CARTESIAN_POINT ( 'NONE',  ( -0.7672500617876364393, -1.525410625857688940, -3.469446951953614189E-15 ) ) ;
#334 = APPLICATION_CONTEXT ( 'configuration controlled 3d designs of mechanical parts and assemblies' ) ;
#335 = DESIGN_CONTEXT ( 'detailed design', #1032, 'design' ) ;
#336 = DIRECTION ( 'NONE',  ( -0.2873847965889647083, -0.9578152111391421419, 0.000000000000000000 ) ) ;
#337 = VERTEX_POINT ( 'NONE', #783 ) ;
#338 = FACE_OUTER_BOUND ( 'NONE', #2129, .T. ) ;
#339 = DIRECTION ( 'NONE',  ( -0.7285620347511315709, 0.6849798256294056253, 0.000000000000000000 ) ) ;
#340 = EDGE_LOOP ( 'NONE', ( #951, #27, #2167, #1747 ) ) ;
#341 = CARTESIAN_POINT ( 'NONE',  ( 7.800047896967665804E-17, 2.500000000000000000, -8.793553330597903894 ) ) ;
#342 = EDGE_CURVE ( 'NONE', #2957, #2677, #3126, .T. ) ;
#343 = VECTOR ( 'NONE', #890, 1000.000000000000000 ) ;
#344 = ORIENTED_EDGE ( 'NONE', *, *, #2114, .F. ) ;
#345 = CARTESIAN_POINT ( 'NONE',  ( 0.6750946645869372320, 1.572534468152820830, -3.469446951953614189E-15 ) ) ;
#346 = CARTESIAN_POINT ( 'NONE',  ( 0.000000000000000000, 4.204373021796260268, -8.793553330597903894 ) ) ;
#347 = FACE_OUTER_BOUND ( 'NONE', #171, .T. ) ;
#348 = LINE ( 'NONE', #1410, #1128 ) ;
#349 = ORIENTED_EDGE ( 'NONE', *, *, #3032, .T. ) ;
#350 = FACE_OUTER_BOUND ( 'NONE', #366, .T. ) ;
#351 = LINE ( 'NONE', #1142, #1504 ) ;
#352 = ORIENTED_EDGE ( 'NONE', *, *, #1035, .F. ) ;
#353 = CARTESIAN_POINT ( 'NONE',  ( 0.9374193223016579202, -1.427163357492114759, 11.00000000000000000 ) ) ;
#354 = VECTOR ( 'NONE', #950, 1000.000000000000000 ) ;
#355 = PLANE ( 'NONE',  #503 ) ;
#356 = ORIENTED_EDGE ( 'NONE', *, *, #429, .F. ) ;
#357 = CARTESIAN_POINT ( 'NONE',  ( 0.000000000000000000, 0.000000000000000000, -11.00000000000000000 ) ) ;
#358 = VERTEX_POINT ( 'NONE', #2861 ) ;
#359 = DIRECTION ( 'NONE',  ( -0.9574909474504660345, -0.2884633175126589122, 0.000000000000000000 ) ) ;
#360 = CARTESIAN_POINT ( 'NONE',  ( 0.000000000000000000, 0.000000000000000000, -11.00000000000000000 ) ) ;
#361 = VECTOR ( 'NONE', #464, 1000.000000000000000 ) ;
#362 = EDGE_CURVE ( 'NONE', #3244, #782, #2147, .T. ) ;
#363 = B_SPLINE_CURVE_WITH_KNOTS ( 'NONE', 3,
 ( #1501, #739, #460, #1564, #1010, #205, #512, #1254, #1549, #252, #789, #1300, #2613, #1318, #1779, #2814, #2047, #3097, #495, #1334, #102, #877, #820, #1918 ),
 .UNSPECIFIED., .F., .F.,
 ( 4, 2, 2, 2, 2, 2, 2, 2, 2, 2, 2, 4 ),
 ( 0.004696312007650799494, 0.005283207051719038608, 0.005870102095787277721, 0.006163549617821397278, 0.006456997139855516835, 0.007043892183923759417, 0.007337339705957878974, 0.007630787227991998531, 0.007924234750026118088, 0.008217682272060237644, 0.008804577316128478492, 0.009391472360196717606 ),
 .UNSPECIFIED. ) ;
#364 = VECTOR ( 'NONE', #2657, 1000.000000000000000 ) ;
#365 = EDGE_CURVE ( 'NONE', #1991, #3325, #2111, .T. ) ;
#366 = EDGE_LOOP ( 'NONE', ( #2530, #1406, #540, #1068 ) ) ;
#367 = CARTESIAN_POINT ( 'NONE',  ( 1.699402130040342129, 0.2016181045847743603, -3.469446951953614189E-15 ) ) ;
#368 = EDGE_CURVE ( 'NONE', #2518, #3168, #2609, .T. ) ;
#369 = VERTEX_POINT ( 'NONE', #1633 ) ;
#370 = CARTESIAN_POINT ( 'NONE',  ( -2.910968883852027123, -2.442592916808601800, 11.00000000000000000 ) ) ;
#371 = DIRECTION ( 'NONE',  ( 0.000000000000000000, 0.000000000000000000, 1.000000000000000000 ) ) ;
#372 = VERTEX_POINT ( 'NONE', #2368 ) ;
#373 = CARTESIAN_POINT ( 'NONE',  ( 0.2828408481029022759, -3.237669077383363181, 11.00000000000000000 ) ) ;
#374 = ORIENTED_EDGE ( 'NONE', *, *, #3185, .F. ) ;
#375 = CARTESIAN_POINT ( 'NONE',  ( -0.9278194009786873142, 2.326220038074557461, -8.487527893324754658 ) ) ;
#376 = CARTESIAN_POINT ( 'NONE',  ( -1.373131499706667924, 2.945676473157451181, -3.469446951953614189E-15 ) ) ;
#377 = DIRECTION ( 'NONE',  ( 0.8933599996659967735, -0.4493416417346273173, 0.000000000000000000 ) ) ;
#378 = ORIENTED_EDGE ( 'NONE', *, *, #1412, .T. ) ;
#379 = LINE ( 'NONE', #866, #1997 ) ;
#380 = EDGE_CURVE ( 'NONE', #998, #3000, #1364, .T. ) ;
#381 = DIRECTION ( 'NONE',  ( 0.9189012659773658775, -0.3944875959839476143, 0.000000000000000000 ) ) ;
#382 = ADVANCED_FACE ( 'NONE', ( #1058 ), #1596, .F. ) ;
#383 = ORIENTED_EDGE ( 'NONE', *, *, #133, .F. ) ;
#384 = CARTESIAN_POINT ( 'NONE',  ( 1.369004635827615113, -1.020478584721534521, 11.00000000000000000 ) ) ;
#385 = DIRECTION ( 'NONE',  ( 0.000000000000000000, 0.000000000000000000, 1.000000000000000000 ) ) ;
#386 = CARTESIAN_POINT ( 'NONE',  ( 4.356006147172515774, -4.094094385158830285, -11.00000000000000000 ) ) ;
#387 = ORIENTED_EDGE ( 'NONE', *, *, #2201, .F. ) ;
#388 = VECTOR ( 'NONE', #2579, 1000.000000000000000 ) ;
#389 = VECTOR ( 'NONE', #2341, 999.9999999999998863 ) ;
#390 = DIRECTION ( 'NONE',  ( 1.000000000000000000, 0.000000000000000000, 0.000000000000000000 ) ) ;
#391 = VERTEX_POINT ( 'NONE', #284 ) ;
#392 = LINE ( 'NONE', #1763, #2947 ) ;
#393 = ORIENTED_EDGE ( 'NONE', *, *, #2069, .F. ) ;
#394 = CARTESIAN_POINT ( 'NONE',  ( 1.635467785916186356, -0.4907090339736203122, -3.469446951953614189E-15 ) ) ;
#395 = VERTEX_POINT ( 'NONE', #2091 ) ;
#396 = CARTESIAN_POINT ( 'NONE',  ( -2.910968883852010691, 2.442592916808910886, -3.469446951953614189E-15 ) ) ;
#397 = ADVANCED_FACE ( 'NONE', ( #338 ), #801, .F. ) ;
#398 = CARTESIAN_POINT ( 'NONE',  ( 1.020478584721658866, 1.369004635827780092, -3.469446951953614189E-15 ) ) ;
#399 = VECTOR ( 'NONE', #521, 1000.000000000000000 ) ;
#400 = DIRECTION ( 'NONE',  ( 0.8933599996659957743, -0.4493416417346291492, 0.000000000000000000 ) ) ;
#401 = ORIENTED_EDGE ( 'NONE', *, *, #136, .T. ) ;
#402 = AXIS2_PLACEMENT_3D ( 'NONE', #2295, #2034, #3086 ) ;
#403 = EDGE_CURVE ( 'NONE', #1930, #2090, #1861, .T. ) ;
#404 = EDGE_CURVE ( 'NONE', #2883, #3176, #1650, .T. ) ;
#405 = CARTESIAN_POINT ( 'NONE',  ( -0.9374193223017981413, 1.427163357492329032, -3.469446951953614189E-15 ) ) ;
#406 = ORIENTED_EDGE ( 'NONE', *, *, #781, .F. ) ;
#407 = VECTOR ( 'NONE', #1006, 1000.000000000000000 ) ;
#408 = CARTESIAN_POINT ( 'NONE',  ( 1.499929968307263772, -2.000052523766534751, -7.497267171671897046 ) ) ;
#409 = ADVANCED_BREP_SHAPE_REPRESENTATION ( '선기어', ( #1265, #1725 ), #3034 ) ;
#410 = VERTEX_POINT ( 'NONE', #3261 ) ;
#411 = PLANE ( 'NONE',  #92 ) ;
#412 = VECTOR ( 'NONE', #1156, 1000.000000000000000 ) ;
#413 = CARTESIAN_POINT ( 'NONE',  ( -3.742269461446258827, 0.6598630751344654044, 11.00000000000000000 ) ) ;
#414 = DIRECTION ( 'NONE',  ( 0.000000000000000000, 0.000000000000000000, 1.000000000000000000 ) ) ;
#415 = ORIENTED_EDGE ( 'NONE', *, *, #115, .F. ) ;
#416 = CARTESIAN_POINT ( 'NONE',  ( -3.290896534380747696, 1.900000000000083400, 0.000000000000000000 ) ) ;
#417 = DIRECTION ( 'NONE',  ( 0.000000000000000000, -1.000000000000000000, 0.000000000000000000 ) ) ;
#418 = CARTESIAN_POINT ( 'NONE',  ( -0.3917707149891587748, -1.665873094373757635, -3.469446951953614189E-15 ) ) ;
#419 = ORIENTED_EDGE ( 'NONE', *, *, #2594, .F. ) ;
#420 = EDGE_CURVE ( 'NONE', #2452, #1229, #917, .T. ) ;
#421 = EDGE_CURVE ( 'NONE', #1632, #3271, #1944, .T. ) ;
#422 = CARTESIAN_POINT ( 'NONE',  ( 0.000000000000000000, 0.000000000000000000, -11.00000000000000000 ) ) ;
#423 = ORIENTED_EDGE ( 'NONE', *, *, #1721, .F. ) ;
#424 = ADVANCED_FACE ( 'NONE', ( #1971 ), #2726, .F. ) ;
#425 = CARTESIAN_POINT ( 'NONE',  ( 0.9264657133716717174, -2.326815175142737058, -6.098362416697526989 ) ) ;
#426 = ORIENTED_EDGE ( 'NONE', *, *, #2955, .T. ) ;
#427 = AXIS2_PLACEMENT_3D ( 'NONE', #2892, #3174, #1070 ) ;
#428 = CARTESIAN_POINT ( 'NONE',  ( -1.242700382245741864, -1.171002132687672059, -3.469446951953614189E-15 ) ) ;
#429 = EDGE_CURVE ( 'NONE', #1387, #1908, #1382, .T. ) ;
#430 = FACE_OUTER_BOUND ( 'NONE', #791, .T. ) ;
#431 = AXIS2_PLACEMENT_3D ( 'NONE', #561, #2353, #2335 ) ;
#432 = EDGE_LOOP ( 'NONE', ( #2751, #352, #2644, #492 ) ) ;
#433 = ORIENTED_EDGE ( 'NONE', *, *, #2824, .T. ) ;
#434 = VECTOR ( 'NONE', #601, 999.9999999999998863 ) ;
#435 = DIRECTION ( 'NONE',  ( 1.000000000000000000, -9.955928764602502130E-17, -0.000000000000000000 ) ) ;
#436 = DIRECTION ( 'NONE',  ( -0.000000000000000000, -0.000000000000000000, -1.000000000000000000 ) ) ;
#437 = DIRECTION ( 'NONE',  ( -0.8017604966649728437, 0.5976454684740244439, 0.000000000000000000 ) ) ;
#438 = EDGE_LOOP ( 'NONE', ( #2194, #667, #1248, #2781 ) ) ;
#439 = DIRECTION ( 'NONE',  ( -0.9930356378980540466, -0.1178143533887324595, 0.000000000000000000 ) ) ;
#440 = PLANE ( 'NONE',  #1882 ) ;
#441 = CARTESIAN_POINT ( 'NONE',  ( 0.000000000000000000, 7.181896211002739783, -7.293553330597904782 ) ) ;
#442 = ORIENTED_EDGE ( 'NONE', *, *, #1968, .T. ) ;
#443 = EDGE_CURVE ( 'NONE', #942, #2518, #83, .T. ) ;
#444 = CARTESIAN_POINT ( 'NONE',  ( 1.171002132687655406, -1.242700382245726320, -3.469446951953614189E-15 ) ) ;
#445 = CARTESIAN_POINT ( 'NONE',  ( 0.1968318584765918200, 9.998523555244803518, -8.783798316630351266 ) ) ;
#446 = ORIENTED_EDGE ( 'NONE', *, *, #931, .F. ) ;
#447 = DIRECTION ( 'NONE',  ( 1.000000000000000000, 0.000000000000000000, -0.000000000000000000 ) ) ;
#448 = DIRECTION ( 'NONE',  ( -0.4493416417346273173, -0.8933599996659967735, 0.000000000000000000 ) ) ;
#449 = DIRECTION ( 'NONE',  ( 0.8017604966649723996, -0.5976454684740248879, 0.000000000000000000 ) ) ;
#450 = VERTEX_POINT ( 'NONE', #370 ) ;
#451 = CARTESIAN_POINT ( 'NONE',  ( 4.356006147172517551, 4.204373021796261156, -11.00000000000000000 ) ) ;
#452 = DIRECTION ( 'NONE',  ( 0.000000000000000000, -1.000000000000000000, 0.000000000000000000 ) ) ;
#453 = LINE ( 'NONE', #2299, #3250 ) ;
#454 = ORIENTED_EDGE ( 'NONE', *, *, #1223, .T. ) ;
#455 = CARTESIAN_POINT ( 'NONE',  ( -0.4013937280391749463, 2.474685222232503978, -5.834757093504657099 ) ) ;
#456 = VECTOR ( 'NONE', #2012, 1000.000000000000000 ) ;
#457 = CARTESIAN_POINT ( 'NONE',  ( 4.356006147172515774, -4.094094385158830285, -3.999999999999999112 ) ) ;
#458 = CARTESIAN_POINT ( 'NONE',  ( -0.7706888051795564021, 1.527958188319745725, -3.469446951953614189E-15 ) ) ;
#459 = VERTEX_POINT ( 'NONE', #1913 ) ;
#460 = CARTESIAN_POINT ( 'NONE',  ( -0.3934945893231883152, 9.993891274841788075, -5.832955077686674095 ) ) ;
#461 = CALENDAR_DATE ( 2024, 26, 9 ) ;
#462 = CARTESIAN_POINT ( 'NONE',  ( 1.490245164280374901, 9.888354036577799988, -7.096573883685219464 ) ) ;
#463 = ORIENTED_EDGE ( 'NONE', *, *, #1304, .T. ) ;
#464 = DIRECTION ( 'NONE',  ( -0.8364390388324223213, 0.5480599732849441574, 0.000000000000000000 ) ) ;
#465 = VECTOR ( 'NONE', #2654, 1000.000000000000227 ) ;
#466 = EDGE_CURVE ( 'NONE', #808, #2057, #2966, .T. ) ;
#467 = CARTESIAN_POINT ( 'NONE',  ( 0.000000000000000000, 4.204373021796260268, -7.293553330597904782 ) ) ;
#468 = CARTESIAN_POINT ( 'NONE',  ( 2.910968883851984490, -2.442592916808621784, 11.00000000000000000 ) ) ;
#469 = EDGE_CURVE ( 'NONE', #1229, #939, #2439, .T. ) ;
#470 = EDGE_CURVE ( 'NONE', #1885, #2795, #1399, .T. ) ;
#471 = ORIENTED_EDGE ( 'NONE', *, *, #1827, .F. ) ;
#472 = DIRECTION ( 'NONE',  ( 0.000000000000000000, 0.000000000000000000, 1.000000000000000000 ) ) ;
#473 = DIRECTION ( 'NONE',  ( 0.000000000000000000, 0.000000000000000000, 1.000000000000000000 ) ) ;
#474 = FACE_OUTER_BOUND ( 'NONE', #3137, .T. ) ;
#475 = VERTEX_POINT ( 'NONE', #888 ) ;
#476 = DIRECTION ( 'NONE',  ( 0.1166959098226702102, 0.9931676920997074554, 0.000000000000000000 ) ) ;
#477 = VERTEX_POINT ( 'NONE', #2997 ) ;
#478 = CARTESIAN_POINT ( 'NONE',  ( 3.742269461446237511, 0.6598630751344430889, 0.000000000000000000 ) ) ;
#479 = CIRCLE ( 'NONE', #2389, 2.500000000000000000 ) ;
#480 = CARTESIAN_POINT ( 'NONE',  ( 1.864464907231041746, 2.662004998061414440, 11.00000000000000000 ) ) ;
#481 = CARTESIAN_POINT ( 'NONE',  ( 0.000000000000000000, 7.181896211002739783, -8.793553330597903894 ) ) ;
#482 = CYLINDRICAL_SURFACE ( 'NONE', #2749, 2.500000000000000000 ) ;
#483 = ORIENTED_EDGE ( 'NONE', *, *, #2684, .T. ) ;
#484 = VERTEX_POINT ( 'NONE', #645 ) ;
#485 = CARTESIAN_POINT ( 'NONE',  ( 1.899999999999925082, 3.290896534380879590, -3.469446951953614189E-15 ) ) ;
#486 = EDGE_CURVE ( 'NONE', #2621, #1475, #1928, .T. ) ;
#487 = VECTOR ( 'NONE', #3197, 1000.000000000000000 ) ;
#488 = EDGE_CURVE ( 'NONE', #2546, #1471, #612, .T. ) ;
#489 = LINE ( 'NONE', #2586, #1005 ) ;
#490 = LINE ( 'NONE', #1526, #2207 ) ;
#491 = AXIS2_PLACEMENT_3D ( 'NONE', #1212, #2526, #2985 ) ;
#492 = ORIENTED_EDGE ( 'NONE', *, *, #1827, .T. ) ;
#493 = CARTESIAN_POINT ( 'NONE',  ( 1.821456426356197907E-16, 2.500000000000000000, -5.793553330597903894 ) ) ;
#494 = ORIENTED_EDGE ( 'NONE', *, *, #2574, .T. ) ;
#495 = CARTESIAN_POINT ( 'NONE',  ( -1.130378965574144301, 9.936149080430690006, -8.284400520683700364 ) ) ;
#496 = CALENDAR_DATE ( 2024, 26, 9 ) ;
#497 = CARTESIAN_POINT ( 'NONE',  ( -1.299676544637494713, 3.570831958986464105, -3.469446951953614189E-15 ) ) ;
#498 = CARTESIAN_POINT ( 'NONE',  ( 1.852483971133061975E-16, -2.500000000000000000, -5.793553330597903894 ) ) ;
#499 = DIRECTION ( 'NONE',  ( 0.7285620347511349015, -0.6849798256294020726, 0.000000000000000000 ) ) ;
#500 = ORIENTED_EDGE ( 'NONE', *, *, #1617, .T. ) ;
#501 = LINE ( 'NONE', #1841, #2338 ) ;
#502 = LINE ( 'NONE', #3108, #627 ) ;
#503 = AXIS2_PLACEMENT_3D ( 'NONE', #2441, #1946, #2695 ) ;
#504 = ORIENTED_EDGE ( 'NONE', *, *, #217, .T. ) ;
#505 = CYLINDRICAL_SURFACE ( 'NONE', #1197, 1.499999999999999556 ) ;
#506 = ADVANCED_FACE ( 'NONE', ( #1175 ), #630, .F. ) ;
#507 = CARTESIAN_POINT ( 'NONE',  ( 1.299676544637468067, -3.570831958986175891, -3.469446951953614189E-15 ) ) ;
#508 = CARTESIAN_POINT ( 'NONE',  ( 0.000000000000000000, 0.000000000000000000, 0.000000000000000000 ) ) ;
#509 = EDGE_CURVE ( 'NONE', #1178, #16, #2214, .T. ) ;
#510 = ORIENTED_EDGE ( 'NONE', *, *, #2682, .T. ) ;
#511 = ADVANCED_FACE ( 'NONE', ( #2756 ), #1145, .F. ) ;
#512 = CARTESIAN_POINT ( 'NONE',  ( -1.192465549249126289, 9.928798087179142584, -6.378348354579428836 ) ) ;
#513 = ORIENTED_EDGE ( 'NONE', *, *, #1932, .T. ) ;
#514 = VECTOR ( 'NONE', #1322, 1000.000000000000000 ) ;
#515 = FACE_OUTER_BOUND ( 'NONE', #947, .T. ) ;
#516 = CARTESIAN_POINT ( 'NONE',  ( 1.302331136844570469, -9.914985599966621876, -8.044250041249368266 ) ) ;
#517 = DIRECTION ( 'NONE',  ( 0.000000000000000000, 0.000000000000000000, 1.000000000000000000 ) ) ;
#518 = CARTESIAN_POINT ( 'NONE',  ( 1.373131499706909064, -2.945676473157338826, 0.000000000000000000 ) ) ;
#519 = EDGE_LOOP ( 'NONE', ( #1517, #1730 ) ) ;
#520 = CARTESIAN_POINT ( 'NONE',  ( -1.460414081534251673, -9.893073381920789444, -7.687705854827695973 ) ) ;
#521 = DIRECTION ( 'NONE',  ( 0.05753872311260527922, -0.9983432753029245488, 0.000000000000000000 ) ) ;
#522 = EDGE_LOOP ( 'NONE', ( #1839, #1134, #1778, #1106 ) ) ;
#523 = DIRECTION ( 'NONE',  ( 0.000000000000000000, 0.000000000000000000, 1.000000000000000000 ) ) ;
#524 = VECTOR ( 'NONE', #1139, 1000.000000000000000 ) ;
#525 = AXIS2_PLACEMENT_3D ( 'NONE', #2676, #1682, #381 ) ;
#526 = FACE_OUTER_BOUND ( 'NONE', #519, .T. ) ;
#527 = ORIENTED_EDGE ( 'NONE', *, *, #928, .T. ) ;
#528 = ADVANCED_FACE ( 'NONE', ( #3245 ), #2181, .F. ) ;
#529 = EDGE_CURVE ( 'NONE', #1, #2205, #1189, .T. ) ;
#530 = EDGE_CURVE ( 'NONE', #2057, #1241, #934, .T. ) ;
#531 = APPROVAL_DATE_TIME ( #1027, #595 ) ;
#532 = LINE ( 'NONE', #1816, #2190 ) ;
#533 = CARTESIAN_POINT ( 'NONE',  ( -0.2036958308848471899, -2.493619037452134091, -8.782980945261776640 ) ) ;
#534 = CARTESIAN_POINT ( 'NONE',  ( 1.499870159304497186, -9.886879665616930879, -7.094308989494205520 ) ) ;
#535 = LINE ( 'NONE', #274, #514 ) ;
#536 = DIRECTION ( 'NONE',  ( 0.2289289126993344081, 0.9734431431420637049, 0.000000000000000000 ) ) ;
#537 = ORIENTED_EDGE ( 'NONE', *, *, #2114, .T. ) ;
#538 = CARTESIAN_POINT ( 'NONE',  ( -1.451875317899896212, -9.894060554880320879, -6.904079822589790361 ) ) ;
#539 = LINE ( 'NONE', #1575, #911 ) ;
#540 = ORIENTED_EDGE ( 'NONE', *, *, #1783, .F. ) ;
#541 = DIRECTION ( 'NONE',  ( -0.8358212765533916677, -0.5490016335682972315, 0.000000000000000000 ) ) ;
#542 = DIRECTION ( 'NONE',  ( 0.8010869125886338482, 0.5985480419141061548, 0.000000000000000000 ) ) ;
#543 = ORIENTED_EDGE ( 'NONE', *, *, #1965, .T. ) ;
#544 = VECTOR ( 'NONE', #618, 1000.000000000000227 ) ;
#545 = FACE_OUTER_BOUND ( 'NONE', #54, .T. ) ;
#546 = APPROVAL_STATUS ( 'not_yet_approved' ) ;
#547 = LINE ( 'NONE', #2562, #1915 ) ;
#548 = VERTEX_POINT ( 'NONE', #1243 ) ;
#549 = ORIENTED_EDGE ( 'NONE', *, *, #3145, .F. ) ;
#550 = DIRECTION ( 'NONE',  ( -0.000000000000000000, 0.000000000000000000, 1.000000000000000000 ) ) ;
#551 = EDGE_CURVE ( 'NONE', #316, #1456, #1509, .T. ) ;
#552 = CARTESIAN_POINT ( 'NONE',  ( 1.129146563294638028, -9.936290416516861512, -6.301290591919374684 ) ) ;
#553 = LINE ( 'NONE', #2837, #2697 ) ;
#554 = DIRECTION ( 'NONE',  ( 0.4503474697034449692, -0.8928533790783931279, 0.000000000000000000 ) ) ;
#555 = ORIENTED_EDGE ( 'NONE', *, *, #2762, .T. ) ;
#556 = CARTESIAN_POINT ( 'NONE',  ( -1.199035717947089630, -9.928827469060996336, -8.215778101358901964 ) ) ;
#557 = VECTOR ( 'NONE', #566, 1000.000000000000000 ) ;
#558 = VECTOR ( 'NONE', #1321, 1000.000000000000000 ) ;
#559 = DIRECTION ( 'NONE',  ( 1.000000000000000000, -9.955928764602502130E-17, -0.000000000000000000 ) ) ;
#560 = ORIENTED_EDGE ( 'NONE', *, *, #825, .F. ) ;
#561 = CARTESIAN_POINT ( 'NONE',  ( -0.6753535001647041902, 1.568262696300860570, -3.469446951953614189E-15 ) ) ;
#562 = CARTESIAN_POINT ( 'NONE',  ( 1.572534468152643194, -0.6750946645868599605, 11.00000000000000000 ) ) ;
#563 = ORIENTED_EDGE ( 'NONE', *, *, #2661, .F. ) ;
#564 = DIRECTION ( 'NONE',  ( 0.000000000000000000, 0.000000000000000000, 1.000000000000000000 ) ) ;
#565 = ORIENTED_EDGE ( 'NONE', *, *, #1969, .F. ) ;
#566 = DIRECTION ( 'NONE',  ( -0.4503474697034441365, 0.8928533790783935720, 0.000000000000000000 ) ) ;
#567 = CARTESIAN_POINT ( 'NONE',  ( -1.344719667199252289, -2.108031429079762820, -7.965320328278641782 ) ) ;
#568 = FACE_OUTER_BOUND ( 'NONE', #2493, .T. ) ;
#569 = VECTOR ( 'NONE', #2538, 1000.000000000000000 ) ;
#570 = DIRECTION ( 'NONE',  ( 0.8010869125886338482, 0.5985480419141061548, 0.000000000000000000 ) ) ;
#571 = LINE ( 'NONE', #1589, #30 ) ;
#572 = VECTOR ( 'NONE', #2603, 1000.000000000000000 ) ;
#573 = EDGE_LOOP ( 'NONE', ( #2304, #2647, #621, #3264 ) ) ;
#574 = CARTESIAN_POINT ( 'NONE',  ( -1.370916363567872942, -1.024307465453410115, -3.469446951953614189E-15 ) ) ;
#575 = EDGE_CURVE ( 'NONE', #1483, #2535, #3351, .T. ) ;
#576 = FACE_OUTER_BOUND ( 'NONE', #1126, .T. ) ;
#577 = EDGE_CURVE ( 'NONE', #2559, #3282, #479, .T. ) ;
#578 = VERTEX_POINT ( 'NONE', #2519 ) ;
#579 = PLANE ( 'NONE',  #161 ) ;
#580 = AXIS2_PLACEMENT_3D ( 'NONE', #1340, #260, #2378 ) ;
#581 = CARTESIAN_POINT ( 'NONE',  ( 0.4926413705741519156, 2.452766730206704437, -8.713787427473825176 ) ) ;
#582 = ORIENTED_EDGE ( 'NONE', *, *, #95, .F. ) ;
#583 = APPROVAL_PERSON_ORGANIZATION ( #17, #1309, #3203 ) ;
#584 = DIRECTION ( 'NONE',  ( 1.000000000000000000, 0.000000000000000000, 0.000000000000000000 ) ) ;
#585 = VERTEX_POINT ( 'NONE', #2551 ) ;
#586 = CARTESIAN_POINT ( 'NONE',  ( 1.172219938826447816, 1.246803061714273353, -3.469446951953614189E-15 ) ) ;
#587 = CARTESIAN_POINT ( 'NONE',  ( -3.742269461446262824, -0.6598630751341526546, -3.469446951953614189E-15 ) ) ;
#588 = LINE ( 'NONE', #2413, #2343 ) ;
#589 = CARTESIAN_POINT ( 'NONE',  ( 0.9379062044155568323, 1.431415177857627175, -3.469446951953614189E-15 ) ) ;
#590 = ORIENTED_EDGE ( 'NONE', *, *, #1183, .F. ) ;
#591 = PLANE ( 'NONE',  #2062 ) ;
#592 = CYLINDRICAL_SURFACE ( 'NONE', #802, 1.499999999999999556 ) ;
#593 = EDGE_LOOP ( 'NONE', ( #1491, #2708, #1775, #24 ) ) ;
#594 = DIRECTION ( 'NONE',  ( 1.000000000000000000, 0.000000000000000000, 0.000000000000000000 ) ) ;
#595 = APPROVAL ( #1780, 'UNSPECIFIED' ) ;
#596 = ADVANCED_FACE ( 'NONE', ( #1732 ), #1986, .F. ) ;
#597 = FACE_OUTER_BOUND ( 'NONE', #2936, .T. ) ;
#598 = ORIENTED_EDGE ( 'NONE', *, *, #1988, .T. ) ;
#599 = VECTOR ( 'NONE', #3049, 1000.000000000000000 ) ;
#600 = VECTOR ( 'NONE', #1315, 999.9999999999998863 ) ;
#601 = DIRECTION ( 'NONE',  ( 0.9574909474504660345, 0.2884633175126589122, 0.000000000000000000 ) ) ;
#602 = VERTEX_POINT ( 'NONE', #713 ) ;
#603 = AXIS2_PLACEMENT_3D ( 'NONE', #3001, #1461, #2218 ) ;
#604 = DIRECTION ( 'NONE',  ( -0.2884633175126604110, 0.9574909474504655904, 0.000000000000000000 ) ) ;
#605 = CARTESIAN_POINT ( 'NONE',  ( 3.290896534380735261, 1.900000000000062084, 0.000000000000000000 ) ) ;
#606 = DIRECTION ( 'NONE',  ( 0.9731847032721353541, 0.2300250710621036532, 0.000000000000000000 ) ) ;
#607 = DIRECTION ( 'NONE',  ( -0.2884633175126590232, 0.9574909474504659235, 0.000000000000000000 ) ) ;
#608 = ORIENTED_EDGE ( 'NONE', *, *, #723, .T. ) ;
#609 = DIRECTION ( 'NONE',  ( -9.955928764602502130E-17, -1.000000000000000000, 0.000000000000000000 ) ) ;
#610 = DIRECTION ( 'NONE',  ( -0.1178143533887321126, 0.9930356378980539356, 0.000000000000000000 ) ) ;
#611 = VERTEX_POINT ( 'NONE', #416 ) ;
#612 = LINE ( 'NONE', #129, #318 ) ;
#613 = LINE ( 'NONE', #905, #668 ) ;
#614 = ORIENTED_EDGE ( 'NONE', *, *, #276, .F. ) ;
#615 = EDGE_CURVE ( 'NONE', #1317, #1241, #1000, .T. ) ;
#616 = DIRECTION ( 'NONE',  ( -1.000000000000000000, 9.955928764602502130E-17, 0.000000000000000000 ) ) ;
#617 = ADVANCED_FACE ( 'NONE', ( #230 ), #1457, .F. ) ;
#618 = DIRECTION ( 'NONE',  ( -0.9734431431420637049, 0.2289289126993345469, 0.000000000000000000 ) ) ;
#619 = AXIS2_PLACEMENT_3D ( 'NONE', #2421, #2744, #1929 ) ;
#620 = EDGE_CURVE ( 'NONE', #2239, #2276, #1911, .T. ) ;
#621 = ORIENTED_EDGE ( 'NONE', *, *, #700, .F. ) ;
#622 = CARTESIAN_POINT ( 'NONE',  ( -1.306638750470999311, 2.133298551326449743, -6.531455559687652013 ) ) ;
#623 = CARTESIAN_POINT ( 'NONE',  ( -3.139366811252236378, -0.8407591952562681881, 11.00000000000000000 ) ) ;
#624 = DIRECTION ( 'NONE',  ( -0.6857999066831709234, 0.7277901400770375728, 0.000000000000000000 ) ) ;
#625 = VERTEX_POINT ( 'NONE', #2501 ) ;
#626 = CARTESIAN_POINT ( 'NONE',  ( -2.662004998061303418, 1.864464907231199620, 11.00000000000000000 ) ) ;
#627 = VECTOR ( 'NONE', #1773, 1000.000000000000000 ) ;
#628 = DIRECTION ( 'NONE',  ( 0.000000000000000000, -1.000000000000000000, 0.000000000000000000 ) ) ;
#629 = ORIENTED_EDGE ( 'NONE', *, *, #1950, .F. ) ;
#630 = PLANE ( 'NONE',  #1955 ) ;
#631 = DIRECTION ( 'NONE',  ( 0.8017604966649725107, -0.5976454684740249990, 0.000000000000000000 ) ) ;
#632 = ORIENTED_EDGE ( 'NONE', *, *, #1198, .F. ) ;
#633 = VECTOR ( 'NONE', #961, 1000.000000000000114 ) ;
#634 = DIRECTION ( 'NONE',  ( -0.9578152111391419199, 0.2873847965889654299, 0.000000000000000000 ) ) ;
#635 = ORIENTED_EDGE ( 'NONE', *, *, #678, .F. ) ;
#636 = CARTESIAN_POINT ( 'NONE',  ( 1.661711166661391292, 0.3927674036704330573, -3.469446951953614189E-15 ) ) ;
#637 = EDGE_CURVE ( 'NONE', #3048, #958, #981, .T. ) ;
#638 = CC_DESIGN_APPROVAL ( #1309, ( #1239 ) ) ;
#639 = ADVANCED_FACE ( 'NONE', ( #1275, #3296 ), #2281, .F. ) ;
#640 = DIRECTION ( 'NONE',  ( 0.2873847965889648748, 0.9578152111391421419, 0.000000000000000000 ) ) ;
#641 = PLANE ( 'NONE',  #2318 ) ;
#642 = ORIENTED_EDGE ( 'NONE', *, *, #1121, .F. ) ;
#643 = DIRECTION ( 'NONE',  ( -1.000000000000000000, 9.955928764602502130E-17, 0.000000000000000000 ) ) ;
#644 = ORIENTED_EDGE ( 'NONE', *, *, #2841, .F. ) ;
#645 = CARTESIAN_POINT ( 'NONE',  ( 1.899999999999903544, -3.290896534380603811, 0.000000000000000000 ) ) ;
#646 = VECTOR ( 'NONE', #2027, 1000.000000000000000 ) ;
#647 = LINE ( 'NONE', #2982, #1936 ) ;
#648 = LINE ( 'NONE', #1687, #181 ) ;
#649 = ORIENTED_EDGE ( 'NONE', *, *, #2882, .T. ) ;
#650 = VECTOR ( 'NONE', #1127, 1000.000000000000000 ) ;
#651 = CARTESIAN_POINT ( 'NONE',  ( -3.799999999999867928, 1.567756341414039412E-13, 0.000000000000000000 ) ) ;
#652 = ORIENTED_EDGE ( 'NONE', *, *, #1677, .F. ) ;
#653 = VECTOR ( 'NONE', #1654, 1000.000000000000000 ) ;
#654 = CARTESIAN_POINT ( 'NONE',  ( 0.6657031684408521999, 9.978231879593137066, -8.641330671024643806 ) ) ;
#655 = ORIENTED_EDGE ( 'NONE', *, *, #2030, .F. ) ;
#656 = ADVANCED_FACE ( 'NONE', ( #1476 ), #761, .F. ) ;
#657 = CARTESIAN_POINT ( 'NONE',  ( 0.1992580604730607718, 1.695832084886384816, 11.00000000000000000 ) ) ;
#658 = ADVANCED_FACE ( 'NONE', ( #166 ), #1806, .F. ) ;
#659 = EDGE_CURVE ( 'NONE', #741, #665, #198, .T. ) ;
#660 = ORIENTED_EDGE ( 'NONE', *, *, #2450, .F. ) ;
#661 = EDGE_LOOP ( 'NONE', ( #1296, #2425, #494, #289 ) ) ;
#662 = DIRECTION ( 'NONE',  ( 0.000000000000000000, 0.000000000000000000, 1.000000000000000000 ) ) ;
#663 = CARTESIAN_POINT ( 'NONE',  ( 1.527958188319675337, 0.7706888051795220962, -3.469446951953614189E-15 ) ) ;
#664 = PLANE ( 'NONE',  #1975 ) ;
#665 = VERTEX_POINT ( 'NONE', #3334 ) ;
#666 = DIRECTION ( 'NONE',  ( 0.1178143533887326955, -0.9930356378980539356, 0.000000000000000000 ) ) ;
#667 = ORIENTED_EDGE ( 'NONE', *, *, #529, .F. ) ;
#668 = VECTOR ( 'NONE', #1129, 1000.000000000000000 ) ;
#669 = CARTESIAN_POINT ( 'NONE',  ( 0.7651125116389355663, -2.387314213064271495, -8.598633500141991348 ) ) ;
#670 = ORIENTED_EDGE ( 'NONE', *, *, #2705, .F. ) ;
#671 = LINE ( 'NONE', #1707, #1698 ) ;
#672 = DIRECTION ( 'NONE',  ( 0.000000000000000000, 0.000000000000000000, -1.000000000000000000 ) ) ;
#673 = VERTEX_POINT ( 'NONE', #3313 ) ;
#674 = VERTEX_POINT ( 'NONE', #3089 ) ;
#675 = EDGE_CURVE ( 'NONE', #674, #2972, #2807, .T. ) ;
#676 = DIRECTION ( 'NONE',  ( -0.2884633175126604110, 0.9574909474504655904, 0.000000000000000000 ) ) ;
#677 = EDGE_CURVE ( 'NONE', #1, #875, #1753, .T. ) ;
#678 = EDGE_CURVE ( 'NONE', #484, #2210, #1294, .T. ) ;
#679 = DIRECTION ( 'NONE',  ( -0.2873847965889647083, -0.9578152111391421419, 0.000000000000000000 ) ) ;
#680 = VECTOR ( 'NONE', #679, 1000.000000000000000 ) ;
#681 = DIRECTION ( 'NONE',  ( 0.5480599732849437133, 0.8364390388324225434, 0.000000000000000000 ) ) ;
#682 = ORIENTED_EDGE ( 'NONE', *, *, #1141, .F. ) ;
#683 = LINE ( 'NONE', #121, #55 ) ;
#684 = ORIENTED_EDGE ( 'NONE', *, *, #253, .T. ) ;
#685 = VECTOR ( 'NONE', #634, 999.9999999999998863 ) ;
#686 = CARTESIAN_POINT ( 'NONE',  ( 0.09796877125857476887, 9.999999999999998224, -5.793553330597903006 ) ) ;
#687 = VERTEX_POINT ( 'NONE', #2622 ) ;
#688 = LINE ( 'NONE', #1219, #2598 ) ;
#689 = VECTOR ( 'NONE', #2515, 1000.000000000000114 ) ;
#690 = B_SPLINE_CURVE_WITH_KNOTS ( 'NONE', 3,
 ( #2376, #1624, #2870, #2138, #2103, #552, #1888, #58, #3, #2342, #534, #1819, #1050, #794, #3133, #1083, #516, #3153, #3186, #810, #1854, #258, #2602, #2904 ),
 .UNSPECIFIED., .F., .F.,
 ( 4, 2, 2, 2, 2, 2, 2, 2, 2, 2, 2, 4 ),
 ( 0.004696312007650799494, 0.005283207051719038608, 0.005870102095787277721, 0.006163549617821397278, 0.006456997139855516835, 0.007043892183923759417, 0.007337339705957878974, 0.007630787227991998531, 0.007924234750026118088, 0.008217682272060237644, 0.008804577316128478492, 0.009391472360196717606 ),
 .UNSPECIFIED. ) ;
#691 = FACE_OUTER_BOUND ( 'NONE', #980, .T. ) ;
#692 = VECTOR ( 'NONE', #559, 1000.000000000000000 ) ;
#693 = DIRECTION ( 'NONE',  ( -0.9931676920997073443, 0.1166959098226706404, 0.000000000000000000 ) ) ;
#694 = ORIENTED_EDGE ( 'NONE', *, *, #759, .F. ) ;
#695 = DIRECTION ( 'NONE',  ( 1.000000000000000000, 0.000000000000000000, 0.000000000000000000 ) ) ;
#696 = LINE ( 'NONE', #398, #736 ) ;
#697 = CARTESIAN_POINT ( 'NONE',  ( -2.298391812713996618, -2.297802227183460833, 0.000000000000000000 ) ) ;
#698 = VERTEX_POINT ( 'NONE', #1574 ) ;
#699 = DIRECTION ( 'NONE',  ( 0.2300250710621036254, -0.9731847032721353541, 0.000000000000000000 ) ) ;
#700 = EDGE_CURVE ( 'NONE', #2685, #3271, #158, .T. ) ;
#701 = CARTESIAN_POINT ( 'NONE',  ( -1.568262696300693815, -0.6753535001646314706, -3.469446951953614189E-15 ) ) ;
#702 = CARTESIAN_POINT ( 'NONE',  ( 1.836970198721029934E-16, 4.204373021796260268, -5.793553330597903894 ) ) ;
#703 = ORIENTED_EDGE ( 'NONE', *, *, #3315, .T. ) ;
#704 =( LENGTH_UNIT ( ) NAMED_UNIT ( * ) SI_UNIT ( .MILLI., .METRE. ) );
#705 = CARTESIAN_POINT ( 'NONE',  ( 0.3969840217523951664, -2.470240915193544939, -8.743500633476852357 ) ) ;
#706 = ORIENTED_EDGE ( 'NONE', *, *, #872, .T. ) ;
#707 = VECTOR ( 'NONE', #3259, 999.9999999999998863 ) ;
#708 = LINE ( 'NONE', #1272, #248 ) ;
#709 = LINE ( 'NONE', #1749, #633 ) ;
#710 = ORIENTED_EDGE ( 'NONE', *, *, #931, .T. ) ;
#711 = ORIENTED_EDGE ( 'NONE', *, *, #1638, .T. ) ;
#712 = VECTOR ( 'NONE', #2988, 1000.000000000000000 ) ;
#713 = CARTESIAN_POINT ( 'NONE',  ( -1.299676544637494713, 3.570831958986464105, 11.00000000000000000 ) ) ;
#714 = LINE ( 'NONE', #2470, #1226 ) ;
#715 = DIRECTION ( 'NONE',  ( -0.9983432753029244378, -0.05753872311260558453, 0.000000000000000000 ) ) ;
#716 = ORIENTED_EDGE ( 'NONE', *, *, #1096, .F. ) ;
#717 = PLANE ( 'NONE',  #2789 ) ;
#718 = FACE_OUTER_BOUND ( 'NONE', #145, .T. ) ;
#719 = VERTEX_POINT ( 'NONE', #814 ) ;
#720 = VECTOR ( 'NONE', #3099, 1000.000000000000000 ) ;
#721 = VECTOR ( 'NONE', #3162, 1000.000000000000000 ) ;
#722 = EDGE_CURVE ( 'NONE', #16, #3004, #501, .T. ) ;
#723 = EDGE_CURVE ( 'NONE', #1341, #358, #262, .T. ) ;
#724 = PERSON_AND_ORGANIZATION_ROLE ( 'creator' ) ;
#725 = CARTESIAN_POINT ( 'NONE',  ( 1.423496657440179058, 9.898237315065093966, -6.810505141614096480 ) ) ;
#726 = ORIENTED_EDGE ( 'NONE', *, *, #1831, .T. ) ;
#727 = CARTESIAN_POINT ( 'NONE',  ( 1.246803061714113481, -1.172219938826305041, -3.469446951953614189E-15 ) ) ;
#728 = DIRECTION ( 'NONE',  ( -0.3955222236256829005, 0.9184564064876433731, 0.000000000000000000 ) ) ;
#729 = ORIENTED_EDGE ( 'NONE', *, *, #404, .F. ) ;
#730 = ORIENTED_EDGE ( 'NONE', *, *, #285, .F. ) ;
#731 = DIRECTION ( 'NONE',  ( 1.000000000000000000, -9.955928764602502130E-17, 0.000000000000000000 ) ) ;
#732 = CARTESIAN_POINT ( 'NONE',  ( -1.899999999999949729, -3.290896534380590488, 0.000000000000000000 ) ) ;
#733 = FACE_OUTER_BOUND ( 'NONE', #49, .T. ) ;
#734 = ORIENTED_EDGE ( 'NONE', *, *, #1141, .T. ) ;
#735 = CARTESIAN_POINT ( 'NONE',  ( -0.2016181045847988407, 1.699402130040492676, -3.469446951953614189E-15 ) ) ;
#736 = VECTOR ( 'NONE', #1227, 999.9999999999998863 ) ;
#737 = AXIS2_PLACEMENT_3D ( 'NONE', #3331, #978, #728 ) ;
#738 = VERTEX_POINT ( 'NONE', #1343 ) ;
#739 = CARTESIAN_POINT ( 'NONE',  ( -0.1958894936501431316, 10.00000000000000000, -5.793553330597903006 ) ) ;
#740 = ADVANCED_FACE ( 'NONE', ( #1558 ), #3157, .F. ) ;
#741 = VERTEX_POINT ( 'NONE', #2839 ) ;
#742 = LINE ( 'NONE', #2018, #361 ) ;
#743 = VECTOR ( 'NONE', #2989, 1000.000000000000000 ) ;
#744 = ADVANCED_FACE ( 'NONE', ( #1611 ), #298, .T. ) ;
#745 = CARTESIAN_POINT ( 'NONE',  ( -0.7672500617876364393, -1.525410625857688940, -3.469446951953614189E-15 ) ) ;
#746 = CARTESIAN_POINT ( 'NONE',  ( 0.000000000000000000, 13.00000000000000178, -7.293553330597904782 ) ) ;
#747 = ORIENTED_EDGE ( 'NONE', *, *, #927, .F. ) ;
#748 = EDGE_LOOP ( 'NONE', ( #61, #1277, #1688, #1292 ) ) ;
#749 = DIRECTION ( 'NONE',  ( -0.05641434024597180574, -0.9984074429883882384, 0.000000000000000000 ) ) ;
#750 = CYLINDRICAL_SURFACE ( 'NONE', #81, 1.499999999999999556 ) ;
#751 = LINE ( 'NONE', #201, #1545 ) ;
#752 = ORIENTED_EDGE ( 'NONE', *, *, #2388, .T. ) ;
#753 = CARTESIAN_POINT ( 'NONE',  ( 0.7706888051794332783, -1.527958188319504362, 11.00000000000000000 ) ) ;
#754 = ORIENTED_EDGE ( 'NONE', *, *, #577, .T. ) ;
#755 = ORIENTED_EDGE ( 'NONE', *, *, #2344, .F. ) ;
#756 = AXIS2_PLACEMENT_3D ( 'NONE', #870, #2485, #2197 ) ;
#757 = CARTESIAN_POINT ( 'NONE',  ( -1.449702918755749748, -2.036901355159709937, -6.895753535038991799 ) ) ;
#758 = CYLINDRICAL_SURFACE ( 'NONE', #2095, 1.499999999999999556 ) ;
#759 = EDGE_CURVE ( 'NONE', #808, #1317, #2656, .T. ) ;
#760 = VERTEX_POINT ( 'NONE', #1823 ) ;
#761 = PLANE ( 'NONE',  #3223 ) ;
#762 = EDGE_CURVE ( 'NONE', #967, #1144, #2332, .T. ) ;
#763 = VECTOR ( 'NONE', #1811, 1000.000000000000000 ) ;
#764 = ADVANCED_FACE ( 'NONE', ( #1039 ), #62, .F. ) ;
#765 = LINE ( 'NONE', #1276, #1543 ) ;
#766 = EDGE_CURVE ( 'NONE', #1908, #2465, #96, .T. ) ;
#767 = VECTOR ( 'NONE', #1689, 1000.000000000000000 ) ;
#768 = ORIENTED_EDGE ( 'NONE', *, *, #1038, .F. ) ;
#769 = LINE ( 'NONE', #247, #1250 ) ;
#770 = CARTESIAN_POINT ( 'NONE',  ( 4.356006147172517551, 4.204373021796261156, -11.00000000000000000 ) ) ;
#771 = ORIENTED_EDGE ( 'NONE', *, *, #3078, .T. ) ;
#772 = DIRECTION ( 'NONE',  ( 0.000000000000000000, 0.000000000000000000, 1.000000000000000000 ) ) ;
#773 = DIRECTION ( 'NONE',  ( -0.7277901400770385720, -0.6857999066831699242, 0.000000000000000000 ) ) ;
#774 = LINE ( 'NONE', #2580, #120 ) ;
#775 = PLANE ( 'NONE',  #1600 ) ;
#776 = CARTESIAN_POINT ( 'NONE',  ( 1.568262696300777082, 0.6753535001646673308, 11.00000000000000000 ) ) ;
#777 = ORIENTED_EDGE ( 'NONE', *, *, #3078, .F. ) ;
#778 = DIRECTION ( 'NONE',  ( -0.8358212765533914457, -0.5490016335682976756, 0.000000000000000000 ) ) ;
#779 = DIRECTION ( 'NONE',  ( -0.7277901400770383500, -0.6857999066831702573, 0.000000000000000000 ) ) ;
#780 = VECTOR ( 'NONE', #1901, 1000.000000000000000 ) ;
#781 = EDGE_CURVE ( 'NONE', #698, #1866, #2735, .T. ) ;
#782 = VERTEX_POINT ( 'NONE', #2161 ) ;
#783 = CARTESIAN_POINT ( 'NONE',  ( 1.299676544637468067, -3.570831958986175891, 11.00000000000000000 ) ) ;
#784 = PRODUCT_DEFINITION ( 'UNKNOWN', '', #1998, #335 ) ;
#785 = EDGE_CURVE ( 'NONE', #3004, #2150, #914, .T. ) ;
#786 = DIRECTION ( 'NONE',  ( -0.7285620347511315709, 0.6849798256294056253, 0.000000000000000000 ) ) ;
#787 = CARTESIAN_POINT ( 'NONE',  ( 0.2836714750960591669, 3.237596406937842453, 0.000000000000000000 ) ) ;
#788 = VERTEX_POINT ( 'NONE', #1424 ) ;
#789 = CARTESIAN_POINT ( 'NONE',  ( -1.499870159304497186, 9.886879665616930879, -7.094308989494205520 ) ) ;
#790 = PERSON_AND_ORGANIZATION ( #1709, #2440 ) ;
#791 = EDGE_LOOP ( 'NONE', ( #3218, #3242, #2851, #887 ) ) ;
#792 = VECTOR ( 'NONE', #1101, 1000.000000000000000 ) ;
#793 = DIRECTION ( 'NONE',  ( -0.2289289126993334367, -0.9734431431420639269, 0.000000000000000000 ) ) ;
#794 = CARTESIAN_POINT ( 'NONE',  ( 1.452348343890160987, -9.893990814241140797, -7.681184572633137364 ) ) ;
#795 = CARTESIAN_POINT ( 'NONE',  ( -2.945324094112658386, 1.373887179006869186, -3.469446951953614189E-15 ) ) ;
#796 = CARTESIAN_POINT ( 'NONE',  ( 0.000000000000000000, 13.00000000000000178, -8.793553330597903894 ) ) ;
#797 = ORIENTED_EDGE ( 'NONE', *, *, #1676, .F. ) ;
#798 = CARTESIAN_POINT ( 'NONE',  ( 1.836970602850461554E-16, -9.999999999999998224, -5.793553330597903894 ) ) ;
#799 = CARTESIAN_POINT ( 'NONE',  ( 1.836970198721030181E-16, 13.00000000000000178, -5.793553330597903894 ) ) ;
#800 = ORIENTED_EDGE ( 'NONE', *, *, #1370, .F. ) ;
#801 = PLANE ( 'NONE',  #324 ) ;
#802 = AXIS2_PLACEMENT_3D ( 'NONE', #1613, #3158, #2145 ) ;
#803 = CARTESIAN_POINT ( 'NONE',  ( 0.3969248145068442479, 2.470262007260407344, -5.843569786982214076 ) ) ;
#804 = EDGE_LOOP ( 'NONE', ( #1697, #94, #1086, #1515 ) ) ;
#805 = EDGE_CURVE ( 'NONE', #2775, #1319, #1647, .T. ) ;
#806 = CARTESIAN_POINT ( 'NONE',  ( -1.899999999999931299, 3.290896534380892025, 0.000000000000000000 ) ) ;
#807 = ORIENTED_EDGE ( 'NONE', *, *, #675, .T. ) ;
#808 = VERTEX_POINT ( 'NONE', #2480 ) ;
#809 = CARTESIAN_POINT ( 'NONE',  ( -1.500042259539184242, -1.999968305346703223, -7.494715032742889527 ) ) ;
#810 = CARTESIAN_POINT ( 'NONE',  ( 0.9233809143372346817, -9.958244238040279583, -8.491679670635253530 ) ) ;
#811 = LINE ( 'NONE', #1855, #1007 ) ;
#812 = DIRECTION ( 'NONE',  ( 0.000000000000000000, 0.000000000000000000, 1.000000000000000000 ) ) ;
#813 = VERTEX_POINT ( 'NONE', #2211 ) ;
#814 = CARTESIAN_POINT ( 'NONE',  ( 2.662004998061496153, -1.864464907230923174, 0.000000000000000000 ) ) ;
#815 = FACE_OUTER_BOUND ( 'NONE', #89, .T. ) ;
#816 = ORIENTED_EDGE ( 'NONE', *, *, #2951, .F. ) ;
#817 = DIRECTION ( 'NONE',  ( -0.8364390388324222103, 0.5480599732849441574, 0.000000000000000000 ) ) ;
#818 = LINE ( 'NONE', #562, #3129 ) ;
#819 = ORIENTED_EDGE ( 'NONE', *, *, #362, .T. ) ;
#820 = CARTESIAN_POINT ( 'NONE',  ( -0.1984698108973665664, 9.999999999999998224, -8.793553330597903894 ) ) ;
#821 = PERSON_AND_ORGANIZATION_ROLE ( 'classification_officer' ) ;
#822 = VERTEX_POINT ( 'NONE', #1663 ) ;
#823 = CARTESIAN_POINT ( 'NONE',  ( -1.635467785916288941, 0.4907090339736514539, -3.469446951953614189E-15 ) ) ;
#824 = CARTESIAN_POINT ( 'NONE',  ( -1.343912171915178977, -2.108549977434411637, -6.620154620079521379 ) ) ;
#825 = EDGE_CURVE ( 'NONE', #3176, #673, #2927, .T. ) ;
#826 = CARTESIAN_POINT ( 'NONE',  ( 0.000000000000000000, 13.00000000000000178, -7.293553330597904782 ) ) ;
#827 = CARTESIAN_POINT ( 'NONE',  ( -0.3927674036704614235, 1.661711166661509864, 11.00000000000000000 ) ) ;
#828 = CARTESIAN_POINT ( 'NONE',  ( 0.7706888051794332783, -1.527958188319504362, -3.469446951953614189E-15 ) ) ;
#829 = ORIENTED_EDGE ( 'NONE', *, *, #2934, .T. ) ;
#830 = DIRECTION ( 'NONE',  ( -0.5480599732849429362, -0.8364390388324230985, 0.000000000000000000 ) ) ;
#831 = VECTOR ( 'NONE', #3206, 1000.000000000000000 ) ;
#832 = FACE_OUTER_BOUND ( 'NONE', #1960, .T. ) ;
#833 = EDGE_LOOP ( 'NONE', ( #2500, #710 ) ) ;
#834 = CARTESIAN_POINT ( 'NONE',  ( -4.356006147172515774, 7.181896211002739783, -3.999999999999999112 ) ) ;
#835 = CARTESIAN_POINT ( 'NONE',  ( 0.9257622763334178995, 2.327152107630482192, -8.489473509952134123 ) ) ;
#836 = ORIENTED_EDGE ( 'NONE', *, *, #470, .F. ) ;
#837 = DIRECTION ( 'NONE',  ( -0.5976454684740243328, -0.8017604966649728437, 0.000000000000000000 ) ) ;
#838 = PERSON_AND_ORGANIZATION_ROLE ( 'creator' ) ;
#839 = EDGE_LOOP ( 'NONE', ( #1684, #1423, #560, #706 ) ) ;
#840 = CARTESIAN_POINT ( 'NONE',  ( -1.450082510884122211, 2.036630856026796721, -6.897019576826174614 ) ) ;
#841 = LINE ( 'NONE', #1887, #721 ) ;
#842 = DIRECTION ( 'NONE',  ( 0.000000000000000000, 0.000000000000000000, 1.000000000000000000 ) ) ;
#843 = VECTOR ( 'NONE', #965, 1000.000000000000000 ) ;
#844 = DIRECTION ( 'NONE',  ( -0.9731847032721354651, -0.2300250710621029870, 0.000000000000000000 ) ) ;
#845 = DIRECTION ( 'NONE',  ( -0.000000000000000000, 0.000000000000000000, -1.000000000000000000 ) ) ;
#846 = EDGE_CURVE ( 'NONE', #395, #3191, #2963, .T. ) ;
#847 = VECTOR ( 'NONE', #1767, 1000.000000000000000 ) ;
#848 = ORIENTED_EDGE ( 'NONE', *, *, #3036, .T. ) ;
#849 = ADVANCED_FACE ( 'NONE', ( #1170 ), #591, .F. ) ;
#850 = CARTESIAN_POINT ( 'NONE',  ( 4.356006147172517551, 4.204373021796261156, -3.999999999999999112 ) ) ;
#851 = LINE ( 'NONE', #282, #1132 ) ;
#852 = ORIENTED_EDGE ( 'NONE', *, *, #1783, .T. ) ;
#853 = CARTESIAN_POINT ( 'NONE',  ( 1.704669384089414930, 0.09824726836557767795, -3.469446951953614189E-15 ) ) ;
#854 = AXIS2_PLACEMENT_3D ( 'NONE', #589, #331, #1821 ) ;
#855 = LINE ( 'NONE', #1652, #343 ) ;
#856 = ORIENTED_EDGE ( 'NONE', *, *, #403, .F. ) ;
#857 = AXIS2_PLACEMENT_3D ( 'NONE', #367, #2434, #1413 ) ;
#858 = LINE ( 'NONE', #53, #2015 ) ;
#859 = SECURITY_CLASSIFICATION_LEVEL ( 'unclassified' ) ;
#860 = VERTEX_POINT ( 'NONE', #626 ) ;
#861 = CARTESIAN_POINT ( 'NONE',  ( 1.638573776703407203, 0.4936531555475244248, -3.469446951953614189E-15 ) ) ;
#862 = CARTESIAN_POINT ( 'NONE',  ( -1.863781898376535073, 2.662483246010003413, -3.469446951953614189E-15 ) ) ;
#863 = CARTESIAN_POINT ( 'NONE',  ( 1.864464907231041302, 2.662004998061413996, 0.000000000000000000 ) ) ;
#864 = FACE_OUTER_BOUND ( 'NONE', #1878, .T. ) ;
#865 = ORIENTED_EDGE ( 'NONE', *, *, #1113, .F. ) ;
#866 = CARTESIAN_POINT ( 'NONE',  ( -0.8415645840686710732, -3.139151007970359952, -3.469446951953614189E-15 ) ) ;
#867 = EDGE_CURVE ( 'NONE', #290, #2256, #1436, .T. ) ;
#868 = LINE ( 'NONE', #1125, #364 ) ;
#869 = ORIENTED_EDGE ( 'NONE', *, *, #1268, .F. ) ;
#870 = CARTESIAN_POINT ( 'NONE',  ( -1.708595009595019754, 0.09654301046209090575, -3.469446951953614189E-15 ) ) ;
#871 = EDGE_CURVE ( 'NONE', #1797, #1531, #1379, .T. ) ;
#872 = EDGE_CURVE ( 'NONE', #3176, #813, #379, .T. ) ;
#873 = LINE ( 'NONE', #2999, #2690 ) ;
#874 = CYLINDRICAL_SURFACE ( 'NONE', #2617, 1.499999999999999556 ) ;
#875 = VERTEX_POINT ( 'NONE', #2978 ) ;
#876 = AXIS2_PLACEMENT_3D ( 'NONE', #3121, #778, #2380 ) ;
#877 = CARTESIAN_POINT ( 'NONE',  ( -0.3956287971978184603, 9.993803754302344799, -8.753563855301555563 ) ) ;
#878 = ORIENTED_EDGE ( 'NONE', *, *, #12, .F. ) ;
#879 = AXIS2_PLACEMENT_3D ( 'NONE', #2545, #3270, #2529 ) ;
#880 = CARTESIAN_POINT ( 'NONE',  ( -1.489858240814004198, 2.007716851144862424, -7.092802917071805879 ) ) ;
#881 = DIRECTION ( 'NONE',  ( -0.4493416417346291492, -0.8933599996659958853, 0.000000000000000000 ) ) ;
#882 = DIRECTION ( 'NONE',  ( 0.7277901400770376839, 0.6857999066831710344, -0.000000000000000000 ) ) ;
#883 = CARTESIAN_POINT ( 'NONE',  ( 0.6753535001645950553, -1.568262696300607661, 11.00000000000000000 ) ) ;
#884 = ORIENTED_EDGE ( 'NONE', *, *, #2176, .T. ) ;
#885 = CARTESIAN_POINT ( 'NONE',  ( 0.3917707149892210028, 1.665873094374028529, 11.00000000000000000 ) ) ;
#886 = DIRECTION ( 'NONE',  ( -0.9184564064876432621, -0.3955222236256832891, 0.000000000000000000 ) ) ;
#887 = ORIENTED_EDGE ( 'NONE', *, *, #10, .T. ) ;
#888 = CARTESIAN_POINT ( 'NONE',  ( -2.442592916808760339, 2.910968883852158129, 11.00000000000000000 ) ) ;
#889 = EDGE_CURVE ( 'NONE', #1178, #3387, #1628, .T. ) ;
#890 = DIRECTION ( 'NONE',  ( 0.000000000000000000, 0.000000000000000000, 1.000000000000000000 ) ) ;
#891 = ADVANCED_FACE ( 'NONE', ( #1909, #1123 ), #3210, .F. ) ;
#892 = ORIENTED_EDGE ( 'NONE', *, *, #365, .T. ) ;
#893 = EDGE_CURVE ( 'NONE', #1414, #2546, #2691, .T. ) ;
#894 = FACE_BOUND ( 'NONE', #1195, .T. ) ;
#895 = EDGE_LOOP ( 'NONE', ( #3220, #2316, #1479, #3109 ) ) ;
#896 = LINE ( 'NONE', #1135, #3122 ) ;
#897 = FACE_OUTER_BOUND ( 'NONE', #895, .T. ) ;
#898 = DIRECTION ( 'NONE',  ( -0.5985480419141072650, 0.8010869125886330711, 0.000000000000000000 ) ) ;
#899 = ORIENTED_EDGE ( 'NONE', *, *, #1592, .F. ) ;
#900 = LINE ( 'NONE', #1941, #1293 ) ;
#901 = VECTOR ( 'NONE', #1161, 1000.000000000000000 ) ;
#902 = ORIENTED_EDGE ( 'NONE', *, *, #2305, .F. ) ;
#903 = CARTESIAN_POINT ( 'NONE',  ( -1.020478584721529414, -1.369004635827606897, -3.469446951953614189E-15 ) ) ;
#904 = DIRECTION ( 'NONE',  ( 0.7277901400770382390, 0.6857999066831703683, 0.000000000000000000 ) ) ;
#905 = CARTESIAN_POINT ( 'NONE',  ( -9.999999999999998224, 1.224646799147353059E-15, -11.00000000000000000 ) ) ;
#906 = ORIENTED_EDGE ( 'NONE', *, *, #2320, .F. ) ;
#907 = VECTOR ( 'NONE', #1220, 1000.000000000000114 ) ;
#908 = DIRECTION ( 'NONE',  ( 0.000000000000000000, 0.000000000000000000, 1.000000000000000000 ) ) ;
#909 = ADVANCED_FACE ( 'NONE', ( #350 ), #1396, .F. ) ;
#910 = ORIENTED_EDGE ( 'NONE', *, *, #1143, .F. ) ;
#911 = VECTOR ( 'NONE', #2365, 1000.000000000000000 ) ;
#912 = CARTESIAN_POINT ( 'NONE',  ( 0.1018531766306129682, -2.499999999999999556, -8.793553330597905671 ) ) ;
#913 = EDGE_LOOP ( 'NONE', ( #1727, #694, #2575, #2311 ) ) ;
#914 = LINE ( 'NONE', #657, #1308 ) ;
#915 = LINE ( 'NONE', #2178, #1179 ) ;
#916 = ORIENTED_EDGE ( 'NONE', *, *, #1507, .T. ) ;
#917 = LINE ( 'NONE', #353, #2987 ) ;
#918 = DIRECTION ( 'NONE',  ( 0.8364390388324226544, -0.5480599732849436023, 0.000000000000000000 ) ) ;
#919 = DIRECTION ( 'NONE',  ( -0.1178143533887324457, 0.9930356378980539356, 0.000000000000000000 ) ) ;
#920 = EDGE_LOOP ( 'NONE', ( #307, #2745, #3047, #2696 ) ) ;
#921 = AXIS2_PLACEMENT_3D ( 'NONE', #2950, #2712, #1441 ) ;
#922 = LINE ( 'NONE', #2509, #2507 ) ;
#923 = ORIENTED_EDGE ( 'NONE', *, *, #1348, .F. ) ;
#924 = VECTOR ( 'NONE', #265, 1000.000000000000000 ) ;
#925 = VECTOR ( 'NONE', #2631, 1000.000000000000000 ) ;
#926 = CARTESIAN_POINT ( 'NONE',  ( 0.4841012862849226051, 9.988689508439946962, -8.716687341314123927 ) ) ;
#927 = EDGE_CURVE ( 'NONE', #2080, #2090, #2449, .T. ) ;
#928 = EDGE_CURVE ( 'NONE', #3168, #1414, #900, .T. ) ;
#929 = EDGE_LOOP ( 'NONE', ( #2017, #2467, #2842, #1385 ) ) ;
#930 = DIRECTION ( 'NONE',  ( 0.000000000000000000, 0.000000000000000000, 1.000000000000000000 ) ) ;
#931 = EDGE_CURVE ( 'NONE', #2835, #2029, #3207, .T. ) ;
#932 = LINE ( 'NONE', #3068, #194 ) ;
#933 = ORIENTED_EDGE ( 'NONE', *, *, #1640, .F. ) ;
#934 = LINE ( 'NONE', #214, #3268 ) ;
#935 = LINE ( 'NONE', #3013, #680 ) ;
#936 = CARTESIAN_POINT ( 'NONE',  ( 0.8407591952565030002, -3.139366811252173317, 0.000000000000000000 ) ) ;
#937 = VERTEX_POINT ( 'NONE', #2277 ) ;
#938 = CARTESIAN_POINT ( 'NONE',  ( 3.742269461446233070, -0.6598630751341778566, 11.00000000000000000 ) ) ;
#939 = VERTEX_POINT ( 'NONE', #1966 ) ;
#940 = CIRCLE ( 'NONE', #1214, 9.999999999999998224 ) ;
#941 = CARTESIAN_POINT ( 'NONE',  ( 1.489858240814004198, -2.007716851144862424, -7.092802917071805879 ) ) ;
#942 = VERTEX_POINT ( 'NONE', #1748 ) ;
#943 = LINE ( 'NONE', #226, #960 ) ;
#944 = LINE ( 'NONE', #2818, #1069 ) ;
#945 = CARTESIAN_POINT ( 'NONE',  ( 0.000000000000000000, -4.094094385158831173, -8.793553330597903894 ) ) ;
#946 = EDGE_CURVE ( 'NONE', #2243, #391, #943, .T. ) ;
#947 = EDGE_LOOP ( 'NONE', ( #150, #2725, #3167, #433 ) ) ;
#948 = CARTESIAN_POINT ( 'NONE',  ( 4.356006147172517551, 4.204373021796261156, -3.999999999999999112 ) ) ;
#949 = CARTESIAN_POINT ( 'NONE',  ( 1.299676544637490494, 3.570831958986457000, 0.000000000000000000 ) ) ;
#950 = DIRECTION ( 'NONE',  ( 0.000000000000000000, 0.000000000000000000, 1.000000000000000000 ) ) ;
#951 = ORIENTED_EDGE ( 'NONE', *, *, #1695, .T. ) ;
#952 = VECTOR ( 'NONE', #2521, 1000.000000000000000 ) ;
#953 = FACE_OUTER_BOUND ( 'NONE', #2035, .T. ) ;
#954 = CARTESIAN_POINT ( 'NONE',  ( 4.356006147172517551, 7.181896211002738895, -3.999999999999999112 ) ) ;
#955 = FACE_OUTER_BOUND ( 'NONE', #2319, .T. ) ;
#956 = ORIENTED_EDGE ( 'NONE', *, *, #1074, .F. ) ;
#957 = CARTESIAN_POINT ( 'NONE',  ( 1.836969794591466673E-16, 9.999999999999998224, -5.793553330597903894 ) ) ;
#958 = VERTEX_POINT ( 'NONE', #2787 ) ;
#959 = FACE_OUTER_BOUND ( 'NONE', #963, .T. ) ;
#960 = VECTOR ( 'NONE', #3288, 1000.000000000000114 ) ;
#961 = DIRECTION ( 'NONE',  ( -0.9983432753029244378, -0.05753872311260558453, 0.000000000000000000 ) ) ;
#962 = AXIS2_PLACEMENT_3D ( 'NONE', #300, #1344, #1088 ) ;
#963 = EDGE_LOOP ( 'NONE', ( #2608, #1546, #2540, #3088 ) ) ;
#964 = DIRECTION ( 'NONE',  ( -9.955928764602502130E-17, -1.000000000000000000, 0.000000000000000000 ) ) ;
#965 = DIRECTION ( 'NONE',  ( -0.000000000000000000, 1.000000000000000000, -0.000000000000000000 ) ) ;
#966 = LINE ( 'NONE', #3052, #2152 ) ;
#967 = VERTEX_POINT ( 'NONE', #1453 ) ;
#968 = LINE ( 'NONE', #2524, #763 ) ;
#969 = EDGE_CURVE ( 'NONE', #3325, #1003, #2244, .T. ) ;
#970 = ADVANCED_FACE ( 'NONE', ( #959 ), #1980, .F. ) ;
#971 = DIRECTION ( 'NONE',  ( 0.8017604966649727327, -0.5976454684740245549, 0.000000000000000000 ) ) ;
#972 = LINE ( 'NONE', #2573, #1777 ) ;
#973 = ORIENTED_EDGE ( 'NONE', *, *, #620, .T. ) ;
#974 = CARTESIAN_POINT ( 'NONE',  ( 0.9918166668782817386, 9.950935890162577735, -8.423086860194073822 ) ) ;
#975 = VERTEX_POINT ( 'NONE', #177 ) ;
#976 = DIRECTION ( 'NONE',  ( -0.7285620347511327921, 0.6849798256294044041, 0.000000000000000000 ) ) ;
#977 = LINE ( 'NONE', #1981, #88 ) ;
#978 = DIRECTION ( 'NONE',  ( 0.9184564064876434841, 0.3955222236256829560, -0.000000000000000000 ) ) ;
#979 = ORIENTED_EDGE ( 'NONE', *, *, #2263, .T. ) ;
#980 = EDGE_LOOP ( 'NONE', ( #1192, #2838, #3163, #423 ) ) ;
#981 = LINE ( 'NONE', #1790, #3050 ) ;
#982 = DIRECTION ( 'NONE',  ( -1.000000000000000000, 0.000000000000000000, 0.000000000000000000 ) ) ;
#983 = DIRECTION ( 'NONE',  ( -0.1178143533887321126, 0.9930356378980539356, 0.000000000000000000 ) ) ;
#984 = ORIENTED_EDGE ( 'NONE', *, *, #3193, .F. ) ;
#985 = CARTESIAN_POINT ( 'NONE',  ( -3.742269461446258827, 0.6598630751344654044, -3.469446951953614189E-15 ) ) ;
#986 = CARTESIAN_POINT ( 'NONE',  ( -1.863781898376535073, 2.662483246010003413, 11.00000000000000000 ) ) ;
#987 = ADVANCED_FACE ( 'NONE', ( #3307 ), #411, .F. ) ;
#988 = ORIENTED_EDGE ( 'NONE', *, *, #1743, .F. ) ;
#989 = ADVANCED_FACE ( 'NONE', ( #1488 ), #1256, .F. ) ;
#990 = VECTOR ( 'NONE', #3221, 999.9999999999998863 ) ;
#991 = VECTOR ( 'NONE', #2156, 1000.000000000000000 ) ;
#992 = DATE_TIME_ROLE ( 'creation_date' ) ;
#993 = CARTESIAN_POINT ( 'NONE',  ( -1.704669384089424922, -0.09824726836557877430, 11.00000000000000000 ) ) ;
#994 = ORIENTED_EDGE ( 'NONE', *, *, #2074, .T. ) ;
#995 = CARTESIAN_POINT ( 'NONE',  ( -3.290896534380759686, -1.899999999999773648, 0.000000000000000000 ) ) ;
#996 = CARTESIAN_POINT ( 'NONE',  ( 1.299676544637490716, 3.570831958986457000, 11.00000000000000000 ) ) ;
#997 = FACE_OUTER_BOUND ( 'NONE', #1656, .T. ) ;
#998 = VERTEX_POINT ( 'NONE', #159 ) ;
#999 = ORIENTED_EDGE ( 'NONE', *, *, #2845, .T. ) ;
#1000 = LINE ( 'NONE', #451, #1683 ) ;
#1001 = DIRECTION ( 'NONE',  ( 0.3944875959839457824, 0.9189012659773667657, -0.000000000000000000 ) ) ;
#1002 = LINE ( 'NONE', #1511, #354 ) ;
#1003 = VERTEX_POINT ( 'NONE', #1765 ) ;
#1004 = DIRECTION ( 'NONE',  ( 0.9731847032721353541, 0.2300250710621036254, 0.000000000000000000 ) ) ;
#1005 = VECTOR ( 'NONE', #2040, 1000.000000000000000 ) ;
#1006 = DIRECTION ( 'NONE',  ( -0.4503474697034441365, 0.8928533790783935720, 0.000000000000000000 ) ) ;
#1007 = VECTOR ( 'NONE', #2377, 999.9999999999998863 ) ;
#1008 = ORIENTED_EDGE ( 'NONE', *, *, #3376, .T. ) ;
#1009 = EDGE_CURVE ( 'NONE', #1930, #1595, #2531, .T. ) ;
#1010 = CARTESIAN_POINT ( 'NONE',  ( -0.9216291199941163415, 9.958411348013225250, -6.094041354393206156 ) ) ;
#1011 = DIRECTION ( 'NONE',  ( -0.6857999066831702573, 0.7277901400770383500, 0.000000000000000000 ) ) ;
#1012 = EDGE_CURVE ( 'NONE', #2210, #459, #742, .T. ) ;
#1013 = DIRECTION ( 'NONE',  ( 0.000000000000000000, 0.000000000000000000, 1.000000000000000000 ) ) ;
#1014 = CARTESIAN_POINT ( 'NONE',  ( -0.1013068290373152630, -2.500000000000000888, -5.793553330597903006 ) ) ;
#1015 = EDGE_CURVE ( 'NONE', #822, #2465, #3044, .T. ) ;
#1016 = AXIS2_PLACEMENT_3D ( 'NONE', #745, #3330, #1506 ) ;
#1017 = EDGE_CURVE ( 'NONE', #1072, #2113, #708, .T. ) ;
#1018 = DIRECTION ( 'NONE',  ( 0.4503474697034450247, -0.8928533790783931279, 0.000000000000000000 ) ) ;
#1019 = ORIENTED_EDGE ( 'NONE', *, *, #893, .F. ) ;
#1020 = CARTESIAN_POINT ( 'NONE',  ( 2.662483246009871518, 1.863781898376723145, -3.469446951953614189E-15 ) ) ;
#1021 = VECTOR ( 'NONE', #2692, 1000.000000000000114 ) ;
#1022 = CARTESIAN_POINT ( 'NONE',  ( 1.431415177857461529, -0.9379062044154465871, -3.469446951953614189E-15 ) ) ;
#1023 = CARTESIAN_POINT ( 'NONE',  ( -1.427163357492163831, -0.9374193223016895615, 11.00000000000000000 ) ) ;
#1024 = VERTEX_POINT ( 'NONE', #3021 ) ;
#1025 = PLANE ( 'NONE',  #3385 ) ;
#1026 = VERTEX_POINT ( 'NONE', #2817 ) ;
#1027 = DATE_AND_TIME ( #223, #3148 ) ;
#1028 = CARTESIAN_POINT ( 'NONE',  ( -2.500000000000000000, 0.000000000000000000, -11.00000000000000000 ) ) ;
#1029 = ORIENTED_EDGE ( 'NONE', *, *, #659, .T. ) ;
#1030 = PLANE ( 'NONE',  #1158 ) ;
#1031 = EDGE_CURVE ( 'NONE', #1483, #1178, #688, .T. ) ;
#1032 = APPLICATION_CONTEXT ( 'configuration controlled 3d designs of mechanical parts and assemblies' ) ;
#1033 = DIRECTION ( 'NONE',  ( 0.9184564064876431511, 0.3955222236256833446, 0.000000000000000000 ) ) ;
#1034 = CARTESIAN_POINT ( 'NONE',  ( -0.9379062044154328204, -1.431415177857436216, -3.469446951953614189E-15 ) ) ;
#1035 = EDGE_CURVE ( 'NONE', #3342, #1866, #3083, .T. ) ;
#1036 = AXIS2_PLACEMENT_3D ( 'NONE', #1104, #2071, #3192 ) ;
#1037 = EDGE_LOOP ( 'NONE', ( #2488, #856, #3150, #504 ) ) ;
#1038 = EDGE_CURVE ( 'NONE', #2442, #1891, #1238, .T. ) ;
#1039 = FACE_OUTER_BOUND ( 'NONE', #1563, .T. ) ;
#1040 = AXIS2_PLACEMENT_3D ( 'NONE', #3355, #699, #1004 ) ;
#1041 = DIRECTION ( 'NONE',  ( -0.8364390388324230985, 0.5480599732849429362, 0.000000000000000000 ) ) ;
#1042 = VECTOR ( 'NONE', #2148, 1000.000000000000000 ) ;
#1043 = EDGE_LOOP ( 'NONE', ( #2873, #1642, #3311, #771 ) ) ;
#1044 = FACE_OUTER_BOUND ( 'NONE', #1751, .T. ) ;
#1045 = LINE ( 'NONE', #2916, #2253 ) ;
#1046 = ORIENTED_EDGE ( 'NONE', *, *, #2701, .F. ) ;
#1047 = CARTESIAN_POINT ( 'NONE',  ( -4.356006147172515774, 4.204373021796262044, -3.999999999999999112 ) ) ;
#1048 = VERTEX_POINT ( 'NONE', #480 ) ;
#1049 = CARTESIAN_POINT ( 'NONE',  ( -0.9257622763334178995, -2.327152107630482192, -8.489473509952134123 ) ) ;
#1050 = CARTESIAN_POINT ( 'NONE',  ( 1.490397534315932360, -9.888330755693486296, -7.489228780021847776 ) ) ;
#1051 = CARTESIAN_POINT ( 'NONE',  ( 3.237669077383357408, 0.2828408481029568988, -3.469446951953614189E-15 ) ) ;
#1052 = CARTESIAN_POINT ( 'NONE',  ( 0.4907090339736754347, 1.635467785916367323, -3.469446951953614189E-15 ) ) ;
#1053 = ORIENTED_EDGE ( 'NONE', *, *, #2660, .F. ) ;
#1054 = CARTESIAN_POINT ( 'NONE',  ( -1.423496657440179058, -9.898237315065093966, -6.810505141614096480 ) ) ;
#1055 = EDGE_CURVE ( 'NONE', #958, #1797, #2293, .T. ) ;
#1056 = LINE ( 'NONE', #245, #2584 ) ;
#1057 = ORIENTED_EDGE ( 'NONE', *, *, #1467, .F. ) ;
#1058 = FACE_OUTER_BOUND ( 'NONE', #2415, .T. ) ;
#1059 = CARTESIAN_POINT ( 'NONE',  ( 1.500042259539184242, 1.999968305346703223, -7.494715032742889527 ) ) ;
#1060 = ORIENTED_EDGE ( 'NONE', *, *, #1895, .T. ) ;
#1061 = AXIS2_PLACEMENT_3D ( 'NONE', #11, #3335, #982 ) ;
#1062 = EDGE_LOOP ( 'NONE', ( #3009, #2484, #2251, #2479 ) ) ;
#1063 = LINE ( 'NONE', #2308, #2788 ) ;
#1064 = DIRECTION ( 'NONE',  ( -0.8017604966649725107, 0.5976454684740247769, 0.000000000000000000 ) ) ;
#1065 = CARTESIAN_POINT ( 'NONE',  ( 0.9379062044155568323, 1.431415177857627175, -3.469446951953614189E-15 ) ) ;
#1066 = CARTESIAN_POINT ( 'NONE',  ( -2.442592916808778991, -2.910968883851853484, 0.000000000000000000 ) ) ;
#1067 = DIRECTION ( 'NONE',  ( -0.9189012659773666547, 0.3944875959839456714, 0.000000000000000000 ) ) ;
#1068 = ORIENTED_EDGE ( 'NONE', *, *, #342, .T. ) ;
#1069 = VECTOR ( 'NONE', #3309, 1000.000000000000114 ) ;
#1070 = DIRECTION ( 'NONE',  ( -1.000000000000000000, 0.000000000000000000, 0.000000000000000000 ) ) ;
#1071 = LINE ( 'NONE', #1859, #692 ) ;
#1072 = VERTEX_POINT ( 'NONE', #995 ) ;
#1073 = CARTESIAN_POINT ( 'NONE',  ( -1.246803061714281569, 1.172219938826455810, -3.469446951953614189E-15 ) ) ;
#1074 = EDGE_CURVE ( 'NONE', #264, #1217, #2032, .T. ) ;
#1075 = LINE ( 'NONE', #3127, #1651 ) ;
#1076 = EDGE_CURVE ( 'NONE', #2243, #369, #671, .T. ) ;
#1077 = ORIENTED_EDGE ( 'NONE', *, *, #3008, .T. ) ;
#1078 = ADVANCED_FACE ( 'NONE', ( #255 ), #3375, .F. ) ;
#1079 = CARTESIAN_POINT ( 'NONE',  ( 0.000000000000000000, 0.000000000000000000, -3.999999999999999112 ) ) ;
#1080 = ORIENTED_EDGE ( 'NONE', *, *, #1117, .T. ) ;
#1081 = DIRECTION ( 'NONE',  ( 0.000000000000000000, 0.000000000000000000, 1.000000000000000000 ) ) ;
#1082 = CARTESIAN_POINT ( 'NONE',  ( -0.09654301046208210724, -1.708595009594854330, -3.469446951953614189E-15 ) ) ;
#1083 = CARTESIAN_POINT ( 'NONE',  ( 1.348332419750692956, -9.908755670903024892, -7.958117596405684502 ) ) ;
#1084 = DIRECTION ( 'NONE',  ( -0.9931676920997073443, 0.1166959098226706404, 0.000000000000000000 ) ) ;
#1085 = FACE_OUTER_BOUND ( 'NONE', #2822, .T. ) ;
#1086 = ORIENTED_EDGE ( 'NONE', *, *, #946, .F. ) ;
#1087 = CARTESIAN_POINT ( 'NONE',  ( -0.7518115654424940564, -9.972034134475190825, -8.595237532331053032 ) ) ;
#1088 = DIRECTION ( 'NONE',  ( -0.05753872311260558453, 0.9983432753029244378, 0.000000000000000000 ) ) ;
#1089 = ORIENTED_EDGE ( 'NONE', *, *, #1847, .T. ) ;
#1090 = CARTESIAN_POINT ( 'NONE',  ( 1.572534468152643194, -0.6750946645868599605, -3.469446951953614189E-15 ) ) ;
#1091 = AXIS2_PLACEMENT_3D ( 'NONE', #2937, #1884, #584 ) ;
#1092 = CARTESIAN_POINT ( 'NONE',  ( 1.129932500210661717, 2.231326327942872556, -6.302391332327066387 ) ) ;
#1093 = ORIENTED_EDGE ( 'NONE', *, *, #1969, .T. ) ;
#1094 = ADVANCED_FACE ( 'NONE', ( #515 ), #1030, .F. ) ;
#1095 = DIRECTION ( 'NONE',  ( -0.9930356378980540466, -0.1178143533887324595, 0.000000000000000000 ) ) ;
#1096 = EDGE_CURVE ( 'NONE', #674, #1940, #1303, .T. ) ;
#1097 = ORIENTED_EDGE ( 'NONE', *, *, #1119, .T. ) ;
#1098 = CARTESIAN_POINT ( 'NONE',  ( -0.7651125116389355663, 2.387314213064271495, -8.598633500141991348 ) ) ;
#1099 = DIRECTION ( 'NONE',  ( -0.9574909474504659235, -0.2884633175126590232, 0.000000000000000000 ) ) ;
#1100 = LINE ( 'NONE', #1065, #2919 ) ;
#1101 = DIRECTION ( 'NONE',  ( -0.4493416417346273173, -0.8933599996659968845, 0.000000000000000000 ) ) ;
#1102 = DIRECTION ( 'NONE',  ( 1.000000000000000000, 0.000000000000000000, -0.000000000000000000 ) ) ;
#1103 = EDGE_LOOP ( 'NONE', ( #629, #1314, #3180, #446 ) ) ;
#1104 = CARTESIAN_POINT ( 'NONE',  ( -0.9374193223017981413, 1.427163357492329032, -3.469446951953614189E-15 ) ) ;
#1105 = CARTESIAN_POINT ( 'NONE',  ( -1.024307465453522692, 1.370916363568029928, -3.469446951953614189E-15 ) ) ;
#1106 = ORIENTED_EDGE ( 'NONE', *, *, #3193, .T. ) ;
#1107 = CARTESIAN_POINT ( 'NONE',  ( 0.000000000000000000, -7.071617574365307135, -7.293553330597904782 ) ) ;
#1108 = VECTOR ( 'NONE', #2728, 999.9999999999998863 ) ;
#1109 = FACE_OUTER_BOUND ( 'NONE', #1614, .T. ) ;
#1110 = ORIENTED_EDGE ( 'NONE', *, *, #1444, .T. ) ;
#1111 = CARTESIAN_POINT ( 'NONE',  ( -1.370916363567872942, -1.024307465453410115, 11.00000000000000000 ) ) ;
#1112 = CALENDAR_DATE ( 2024, 26, 9 ) ;
#1113 = EDGE_CURVE ( 'NONE', #2811, #1711, #1603, .T. ) ;
#1114 = ORIENTED_EDGE ( 'NONE', *, *, #1284, .T. ) ;
#1115 = LINE ( 'NONE', #2189, #557 ) ;
#1116 = LINE ( 'NONE', #1375, #2733 ) ;
#1117 = EDGE_CURVE ( 'NONE', #1048, #42, #1605, .T. ) ;
#1118 = AXIS2_PLACEMENT_3D ( 'NONE', #2056, #1001, #1295 ) ;
#1119 = EDGE_CURVE ( 'NONE', #1241, #316, #774, .T. ) ;
#1120 = AXIS2_PLACEMENT_3D ( 'NONE', #2636, #1273, #499 ) ;
#1121 = EDGE_CURVE ( 'NONE', #2362, #264, #1817, .T. ) ;
#1122 = EDGE_LOOP ( 'NONE', ( #1150, #644, #2096, #157 ) ) ;
#1123 = FACE_OUTER_BOUND ( 'NONE', #3060, .T. ) ;
#1124 = EDGE_CURVE ( 'NONE', #1758, #2080, #1802, .T. ) ;
#1125 = CARTESIAN_POINT ( 'NONE',  ( 1.373887179006717973, 2.945324094112728552, -3.469446951953614189E-15 ) ) ;
#1126 = EDGE_LOOP ( 'NONE', ( #2126, #2230, #2543, #543 ) ) ;
#1127 = DIRECTION ( 'NONE',  ( 0.000000000000000000, -1.000000000000000000, 0.000000000000000000 ) ) ;
#1128 = VECTOR ( 'NONE', #2192, 999.9999999999998863 ) ;
#1129 = DIRECTION ( 'NONE',  ( 0.000000000000000000, 0.000000000000000000, 1.000000000000000000 ) ) ;
#1130 = ORIENTED_EDGE ( 'NONE', *, *, #677, .T. ) ;
#1131 = VECTOR ( 'NONE', #1782, 1000.000000000000000 ) ;
#1132 = VECTOR ( 'NONE', #2436, 1000.000000000000000 ) ;
#1133 = CARTESIAN_POINT ( 'NONE',  ( 2.945324094112803159, -1.373887179006558101, 0.000000000000000000 ) ) ;
#1134 = ORIENTED_EDGE ( 'NONE', *, *, #234, .F. ) ;
#1135 = CARTESIAN_POINT ( 'NONE',  ( 0.09654301046210281290, 1.708595009595132552, 11.00000000000000000 ) ) ;
#1136 = CARTESIAN_POINT ( 'NONE',  ( -1.899999999999950173, -3.290896534380590932, 11.00000000000000000 ) ) ;
#1137 = DIRECTION ( 'NONE',  ( 0.000000000000000000, 0.000000000000000000, 1.000000000000000000 ) ) ;
#1138 = ORIENTED_EDGE ( 'NONE', *, *, #95, .T. ) ;
#1139 = DIRECTION ( 'NONE',  ( -0.5480599732849429362, -0.8364390388324230985, 0.000000000000000000 ) ) ;
#1140 = EDGE_CURVE ( 'NONE', #1556, #1414, #1354, .T. ) ;
#1141 = EDGE_CURVE ( 'NONE', #2348, #937, #241, .T. ) ;
#1142 = CARTESIAN_POINT ( 'NONE',  ( 1.635467785916186356, -0.4907090339736203122, 11.00000000000000000 ) ) ;
#1143 = EDGE_CURVE ( 'NONE', #3282, #2559, #2025, .T. ) ;
#1144 = VERTEX_POINT ( 'NONE', #1289 ) ;
#1145 = PLANE ( 'NONE',  #756 ) ;
#1146 = DIRECTION ( 'NONE',  ( -0.2300250710621044581, 0.9731847032721351320, 0.000000000000000000 ) ) ;
#1147 = EDGE_LOOP ( 'NONE', ( #1665, #349, #3002, #655 ) ) ;
#1148 = VECTOR ( 'NONE', #2086, 999.9999999999998863 ) ;
#1149 = LINE ( 'NONE', #405, #1892 ) ;
#1150 = ORIENTED_EDGE ( 'NONE', *, *, #3123, .T. ) ;
#1151 = VECTOR ( 'NONE', #3201, 999.9999999999998863 ) ;
#1152 = DIRECTION ( 'NONE',  ( -0.2884633175126604110, 0.9574909474504655904, 0.000000000000000000 ) ) ;
#1153 = DIRECTION ( 'NONE',  ( -1.000000000000000000, 0.000000000000000000, 0.000000000000000000 ) ) ;
#1154 = CARTESIAN_POINT ( 'NONE',  ( 0.6598630751343097511, 3.742269461446391166, 0.000000000000000000 ) ) ;
#1155 = ORIENTED_EDGE ( 'NONE', *, *, #871, .T. ) ;
#1156 = DIRECTION ( 'NONE',  ( -0.000000000000000000, 1.000000000000000000, -0.000000000000000000 ) ) ;
#1157 = EDGE_LOOP ( 'NONE', ( #726, #356, #3151, #228 ) ) ;
#1158 = AXIS2_PLACEMENT_3D ( 'NONE', #1082, #1337, #1551 ) ;
#1159 = DIRECTION ( 'NONE',  ( -0.9731847032721354651, -0.2300250710621029870, 0.000000000000000000 ) ) ;
#1160 = EDGE_CURVE ( 'NONE', #1471, #3168, #2325, .T. ) ;
#1161 = DIRECTION ( 'NONE',  ( 0.4503474697034449692, -0.8928533790783931279, 0.000000000000000000 ) ) ;
#1162 = LINE ( 'NONE', #2487, #1108 ) ;
#1163 = ORIENTED_EDGE ( 'NONE', *, *, #1055, .F. ) ;
#1164 = CYLINDRICAL_SURFACE ( 'NONE', #3278, 9.999999999999998224 ) ;
#1165 = ORIENTED_EDGE ( 'NONE', *, *, #615, .T. ) ;
#1166 = LINE ( 'NONE', #1643, #280 ) ;
#1167 = DIRECTION ( 'NONE',  ( 0.000000000000000000, 0.000000000000000000, 1.000000000000000000 ) ) ;
#1168 = LINE ( 'NONE', #1675, #743 ) ;
#1169 = ORIENTED_EDGE ( 'NONE', *, *, #762, .T. ) ;
#1170 = FACE_OUTER_BOUND ( 'NONE', #164, .T. ) ;
#1171 = PRODUCT ( '선기어', '선기어', '', ( #2578 ) ) ;
#1172 = VECTOR ( 'NONE', #1191, 1000.000000000000227 ) ;
#1173 = DIRECTION ( 'NONE',  ( 0.000000000000000000, 0.000000000000000000, -1.000000000000000000 ) ) ;
#1174 = ORIENTED_EDGE ( 'NONE', *, *, #2242, .T. ) ;
#1175 = FACE_OUTER_BOUND ( 'NONE', #1043, .T. ) ;
#1176 = DIRECTION ( 'NONE',  ( 0.9984074429883882384, -0.05641434024597181268, 0.000000000000000000 ) ) ;
#1177 = PLANE ( 'NONE',  #2848 ) ;
#1178 = VERTEX_POINT ( 'NONE', #605 ) ;
#1179 = VECTOR ( 'NONE', #1926, 1000.000000000000114 ) ;
#1180 = EDGE_CURVE ( 'NONE', #2711, #2405, #1921, .T. ) ;
#1181 = PLANE ( 'NONE',  #603 ) ;
#1182 = ORIENTED_EDGE ( 'NONE', *, *, #2349, .F. ) ;
#1183 = EDGE_CURVE ( 'NONE', #2276, #2239, #2300, .T. ) ;
#1184 = CARTESIAN_POINT ( 'NONE',  ( 0.7518115654424940564, 9.972034134475190825, -8.595237532331053032 ) ) ;
#1185 = ORIENTED_EDGE ( 'NONE', *, *, #2432, .F. ) ;
#1186 = CARTESIAN_POINT ( 'NONE',  ( -1.665873094373936825, 0.3917707149892005747, -3.469446951953614189E-15 ) ) ;
#1187 = ORIENTED_EDGE ( 'NONE', *, *, #12, .T. ) ;
#1188 = ORIENTED_EDGE ( 'NONE', *, *, #3267, .F. ) ;
#1189 = LINE ( 'NONE', #2231, #47 ) ;
#1190 = CARTESIAN_POINT ( 'NONE',  ( 0.9379062044155568323, 1.431415177857627175, 11.00000000000000000 ) ) ;
#1191 = DIRECTION ( 'NONE',  ( -0.6849798256294044041, -0.7285620347511326811, 0.000000000000000000 ) ) ;
#1192 = ORIENTED_EDGE ( 'NONE', *, *, #3058, .F. ) ;
#1193 = VECTOR ( 'NONE', #1957, 1000.000000000000000 ) ;
#1194 = DIRECTION ( 'NONE',  ( 0.5480599732849436023, 0.8364390388324226544, 0.000000000000000000 ) ) ;
#1195 = EDGE_LOOP ( 'NONE', ( #3382, #2444, #1735, #1019 ) ) ;
#1196 = EDGE_CURVE ( 'NONE', #372, #2864, #2959, .T. ) ;
#1197 = AXIS2_PLACEMENT_3D ( 'NONE', #2588, #1776, #1513 ) ;
#1198 = EDGE_CURVE ( 'NONE', #3191, #1418, #1623, .T. ) ;
#1199 = AXIS2_PLACEMENT_3D ( 'NONE', #2204, #1976, #1961 ) ;
#1200 = CARTESIAN_POINT ( 'NONE',  ( 1.310570158301054500, 9.914039770776222227, -6.537829170162139825 ) ) ;
#1201 = VERTEX_POINT ( 'NONE', #346 ) ;
#1202 = DIRECTION ( 'NONE',  ( 0.000000000000000000, 0.000000000000000000, 1.000000000000000000 ) ) ;
#1203 = LINE ( 'NONE', #2003, #2974 ) ;
#1204 = ORIENTED_EDGE ( 'NONE', *, *, #2577, .T. ) ;
#1205 = ORIENTED_EDGE ( 'NONE', *, *, #2088, .T. ) ;
#1206 = CARTESIAN_POINT ( 'NONE',  ( 1.242700382245877311, 1.171002132687795960, -3.469446951953614189E-15 ) ) ;
#1207 = LINE ( 'NONE', #2520, #3247 ) ;
#1208 = DIRECTION ( 'NONE',  ( 0.6849798256294022947, 0.7285620347511349015, 0.000000000000000000 ) ) ;
#1209 = VECTOR ( 'NONE', #1389, 1000.000000000000114 ) ;
#1210 = ORIENTED_EDGE ( 'NONE', *, *, #3056, .F. ) ;
#1211 = CARTESIAN_POINT ( 'NONE',  ( -2.442592916808760339, 2.910968883852158129, -3.469446951953614189E-15 ) ) ;
#1212 = CARTESIAN_POINT ( 'NONE',  ( 0.1992580604730607718, 1.695832084886384816, -3.469446951953614189E-15 ) ) ;
#1213 = ORIENTED_EDGE ( 'NONE', *, *, #2660, .T. ) ;
#1214 = AXIS2_PLACEMENT_3D ( 'NONE', #508, #2878, #1298 ) ;
#1215 = LINE ( 'NONE', #1815, #2273 ) ;
#1216 = CARTESIAN_POINT ( 'NONE',  ( 1.499926489347184422, 9.886871119422313114, -7.490094157847036804 ) ) ;
#1217 = VERTEX_POINT ( 'NONE', #623 ) ;
#1218 = EDGE_CURVE ( 'NONE', #2465, #475, #2669, .T. ) ;
#1219 = CARTESIAN_POINT ( 'NONE',  ( -0.09824726836558633769, 1.704669384089565254, -3.469446951953614189E-15 ) ) ;
#1220 = DIRECTION ( 'NONE',  ( -0.6857999066831709234, 0.7277901400770375728, 0.000000000000000000 ) ) ;
#1221 = DIRECTION ( 'NONE',  ( 0.000000000000000000, 0.000000000000000000, 1.000000000000000000 ) ) ;
#1222 = EDGE_CURVE ( 'NONE', #2563, #42, #1116, .T. ) ;
#1223 = EDGE_CURVE ( 'NONE', #1464, #410, #2412, .T. ) ;
#1224 = ORIENTED_EDGE ( 'NONE', *, *, #2534, .T. ) ;
#1225 = CARTESIAN_POINT ( 'NONE',  ( -0.4907090339735984408, -1.635467785916109085, -3.469446951953614189E-15 ) ) ;
#1226 = VECTOR ( 'NONE', #1176, 1000.000000000000114 ) ;
#1227 = DIRECTION ( 'NONE',  ( 0.8017604966649725107, -0.5976454684740249990, 0.000000000000000000 ) ) ;
#1228 = CARTESIAN_POINT ( 'NONE',  ( -2.662483246009963445, -1.863781898376591029, 11.00000000000000000 ) ) ;
#1229 = VERTEX_POINT ( 'NONE', #1136 ) ;
#1230 = VECTOR ( 'NONE', #3046, 1000.000000000000114 ) ;
#1231 = DIRECTION ( 'NONE',  ( 0.1178143533887365119, -0.9930356378980534915, 0.000000000000000000 ) ) ;
#1232 = LINE ( 'NONE', #2270, #1493 ) ;
#1233 = ORIENTED_EDGE ( 'NONE', *, *, #1031, .F. ) ;
#1234 = PERSON_AND_ORGANIZATION ( #1709, #2440 ) ;
#1235 = CARTESIAN_POINT ( 'NONE',  ( 1.306335962402035422, -2.133474384931910883, -8.055957133124994840 ) ) ;
#1236 = ORIENTED_EDGE ( 'NONE', *, *, #3211, .T. ) ;
#1237 = CC_DESIGN_SECURITY_CLASSIFICATION ( #1239, ( #1998 ) ) ;
#1238 = LINE ( 'NONE', #1505, #1131 ) ;
#1239 = SECURITY_CLASSIFICATION ( '', '', #859 ) ;
#1240 = DIRECTION ( 'NONE',  ( -0.5976454684740249990, -0.8017604966649725107, 0.000000000000000000 ) ) ;
#1241 = VERTEX_POINT ( 'NONE', #3222 ) ;
#1242 = ORIENTED_EDGE ( 'NONE', *, *, #2092, .F. ) ;
#1243 = CARTESIAN_POINT ( 'NONE',  ( 3.237596406937862437, -0.2836714750958371223, 11.00000000000000000 ) ) ;
#1244 = EDGE_CURVE ( 'NONE', #1024, #741, #2703, .T. ) ;
#1245 = ADVANCED_FACE ( 'NONE', ( #2427 ), #3184, .F. ) ;
#1246 = CARTESIAN_POINT ( 'NONE',  ( 0.000000000000000000, 13.00000000000000178, -7.293553330597904782 ) ) ;
#1247 = DIRECTION ( 'NONE',  ( 0.9930356378980539356, 0.1178143533887321126, -0.000000000000000000 ) ) ;
#1248 = ORIENTED_EDGE ( 'NONE', *, *, #2552, .F. ) ;
#1249 = CARTESIAN_POINT ( 'NONE',  ( 0.2016181045847562636, -1.699402130040193359, -3.469446951953614189E-15 ) ) ;
#1250 = VECTOR ( 'NONE', #3370, 1000.000000000000000 ) ;
#1251 = LINE ( 'NONE', #1994, #3195 ) ;
#1252 = VECTOR ( 'NONE', #676, 999.9999999999998863 ) ;
#1253 = ORIENTED_EDGE ( 'NONE', *, *, #2241, .F. ) ;
#1254 = CARTESIAN_POINT ( 'NONE',  ( -1.301255550999845356, 9.915126803682866807, -6.541018796329156615 ) ) ;
#1255 = ORIENTED_EDGE ( 'NONE', *, *, #1616, .F. ) ;
#1256 = PLANE ( 'NONE',  #2866 ) ;
#1257 = LINE ( 'NONE', #1520, #1720 ) ;
#1258 = CARTESIAN_POINT ( 'NONE',  ( -7.800047896967665804E-17, -2.500000000000000000, -8.793553330597903894 ) ) ;
#1259 = ORIENTED_EDGE ( 'NONE', *, *, #3105, .F. ) ;
#1260 = ORIENTED_EDGE ( 'NONE', *, *, #3037, .T. ) ;
#1261 = CARTESIAN_POINT ( 'NONE',  ( -1.665873094373936825, 0.3917707149892005747, -3.469446951953614189E-15 ) ) ;
#1262 = CARTESIAN_POINT ( 'NONE',  ( 2.297802227183613599, -2.298391812713843851, 11.00000000000000000 ) ) ;
#1263 = CARTESIAN_POINT ( 'NONE',  ( -3.570831958986325105, 1.299676544637646591, 0.000000000000000000 ) ) ;
#1264 = ORIENTED_EDGE ( 'NONE', *, *, #276, .T. ) ;
#1265 = MANIFOLD_SOLID_BREP ( '컷-돌출2', #3066 ) ;
#1266 = DIRECTION ( 'NONE',  ( -0.8928533790783936830, -0.4503474697034438035, 0.000000000000000000 ) ) ;
#1267 = EDGE_CURVE ( 'NONE', #239, #1758, #841, .T. ) ;
#1268 = EDGE_CURVE ( 'NONE', #2433, #2775, #2094, .T. ) ;
#1269 = ORIENTED_EDGE ( 'NONE', *, *, #2951, .T. ) ;
#1270 = AXIS2_PLACEMENT_3D ( 'NONE', #1586, #2634, #793 ) ;
#1271 = ORIENTED_EDGE ( 'NONE', *, *, #1408, .F. ) ;
#1272 = CARTESIAN_POINT ( 'NONE',  ( -3.290896534380759686, -1.899999999999773426, -3.469446951953614189E-15 ) ) ;
#1273 = DIRECTION ( 'NONE',  ( -0.6849798256294020726, -0.7285620347511349015, 0.000000000000000000 ) ) ;
#1274 = EDGE_LOOP ( 'NONE', ( #1362, #632, #212, #1970 ) ) ;
#1275 = FACE_BOUND ( 'NONE', #1320, .T. ) ;
#1276 = CARTESIAN_POINT ( 'NONE',  ( 1.171002132687655406, -1.242700382245726320, 11.00000000000000000 ) ) ;
#1277 = ORIENTED_EDGE ( 'NONE', *, *, #1638, .F. ) ;
#1278 = PLANE ( 'NONE',  #2387 ) ;
#1279 = VECTOR ( 'NONE', #1338, 1000.000000000000227 ) ;
#1280 = DIRECTION ( 'NONE',  ( 0.000000000000000000, 0.000000000000000000, 1.000000000000000000 ) ) ;
#1281 = AXIS2_PLACEMENT_3D ( 'NONE', #3092, #1755, #715 ) ;
#1282 = ORIENTED_EDGE ( 'NONE', *, *, #2469, .F. ) ;
#1283 = EDGE_CURVE ( 'NONE', #3000, #998, #3293, .T. ) ;
#1284 = EDGE_CURVE ( 'NONE', #2405, #2567, #1544, .T. ) ;
#1285 = CARTESIAN_POINT ( 'NONE',  ( -3.139151007970308882, 0.8415645840688652513, 11.00000000000000000 ) ) ;
#1286 = EDGE_CURVE ( 'NONE', #788, #1953, #3112, .T. ) ;
#1287 =( NAMED_UNIT ( * ) SI_UNIT ( $, .STERADIAN. ) SOLID_ANGLE_UNIT ( ) );
#1288 = CARTESIAN_POINT ( 'NONE',  ( 0.2828408481029022759, -3.237669077383363181, -3.469446951953614189E-15 ) ) ;
#1289 = CARTESIAN_POINT ( 'NONE',  ( 1.836970602850461554E-16, -9.999999999999998224, -5.793553330597903894 ) ) ;
#1290 = VECTOR ( 'NONE', #3324, 1000.000000000000000 ) ;
#1291 = CARTESIAN_POINT ( 'NONE',  ( 0.000000000000000000, 0.000000000000000000, 11.00000000000000000 ) ) ;
#1292 = ORIENTED_EDGE ( 'NONE', *, *, #1807, .T. ) ;
#1293 = VECTOR ( 'NONE', #643, 1000.000000000000000 ) ;
#1294 = LINE ( 'NONE', #25, #266 ) ;
#1295 = DIRECTION ( 'NONE',  ( -0.9189012659773666547, 0.3944875959839457269, 0.000000000000000000 ) ) ;
#1296 = ORIENTED_EDGE ( 'NONE', *, *, #421, .F. ) ;
#1297 = LINE ( 'NONE', #753, #2397 ) ;
#1298 = DIRECTION ( 'NONE',  ( 1.000000000000000000, 0.000000000000000000, 0.000000000000000000 ) ) ;
#1299 = ORIENTED_EDGE ( 'NONE', *, *, #1017, .F. ) ;
#1300 = CARTESIAN_POINT ( 'NONE',  ( -1.500064440237916630, 9.886850189996005511, -7.391705639242134751 ) ) ;
#1301 = CARTESIAN_POINT ( 'NONE',  ( -2.910968883852027123, -2.442592916808601800, -3.469446951953614189E-15 ) ) ;
#1302 = LINE ( 'NONE', #497, #388 ) ;
#1303 = LINE ( 'NONE', #2065, #389 ) ;
#1304 = EDGE_CURVE ( 'NONE', #611, #128, #1075, .T. ) ;
#1305 = CARTESIAN_POINT ( 'NONE',  ( -0.6598630751343341760, -3.742269461446101175, 11.00000000000000000 ) ) ;
#1306 = LINE ( 'NONE', #1051, #1438 ) ;
#1307 = DIRECTION ( 'NONE',  ( 0.3955222236256829560, -0.9184564064876434841, 0.000000000000000000 ) ) ;
#1308 = VECTOR ( 'NONE', #1693, 1000.000000000000000 ) ;
#1309 = APPROVAL ( #546, 'UNSPECIFIED' ) ;
#1310 = ORIENTED_EDGE ( 'NONE', *, *, #6, .F. ) ;
#1311 = CARTESIAN_POINT ( 'NONE',  ( -0.9908163545276091888, -9.951041337518493179, -6.163042739633627143 ) ) ;
#1312 = FACE_OUTER_BOUND ( 'NONE', #1103, .T. ) ;
#1313 = AXIS2_PLACEMENT_3D ( 'NONE', #2975, #1167, #1907 ) ;
#1314 = ORIENTED_EDGE ( 'NONE', *, *, #1143, .T. ) ;
#1315 = DIRECTION ( 'NONE',  ( -0.3944875959839471147, -0.9189012659773662106, 0.000000000000000000 ) ) ;
#1316 = CARTESIAN_POINT ( 'NONE',  ( 1.419977016656357893, 2.058093342229195599, -6.800368759349669112 ) ) ;
#1317 = VERTEX_POINT ( 'NONE', #770 ) ;
#1318 = CARTESIAN_POINT ( 'NONE',  ( -1.452348343890160987, 9.893990814241140797, -7.681184572633137364 ) ) ;
#1319 = VERTEX_POINT ( 'NONE', #2846 ) ;
#1320 = EDGE_LOOP ( 'NONE', ( #2042, #1919 ) ) ;
#1321 = DIRECTION ( 'NONE',  ( -0.000000000000000000, -0.000000000000000000, -1.000000000000000000 ) ) ;
#1322 = DIRECTION ( 'NONE',  ( -0.3955222236256829005, 0.9184564064876434841, 0.000000000000000000 ) ) ;
#1323 = FACE_OUTER_BOUND ( 'NONE', #913, .T. ) ;
#1324 = ORIENTED_EDGE ( 'NONE', *, *, #2019, .T. ) ;
#1325 = CARTESIAN_POINT ( 'NONE',  ( -0.9147715270971269463, -9.958407426003617502, -8.486363225001515076 ) ) ;
#1326 = EDGE_CURVE ( 'NONE', #2891, #1508, #940, .T. ) ;
#1327 = FACE_OUTER_BOUND ( 'NONE', #218, .T. ) ;
#1328 = ADVANCED_FACE ( 'NONE', ( #526, #3144 ), #1597, .T. ) ;
#1329 = ORIENTED_EDGE ( 'NONE', *, *, #1113, .T. ) ;
#1330 = LINE ( 'NONE', #853, #2672 ) ;
#1331 = CARTESIAN_POINT ( 'NONE',  ( 1.458369328185115998, 2.032591660902660191, -7.695207949282568904 ) ) ;
#1332 = ORIENTED_EDGE ( 'NONE', *, *, #2284, .T. ) ;
#1333 = VECTOR ( 'NONE', #2333, 1000.000000000000000 ) ;
#1334 = CARTESIAN_POINT ( 'NONE',  ( -0.9233809143372346817, 9.958244238040279583, -8.491679670635253530 ) ) ;
#1335 = ORIENTED_EDGE ( 'NONE', *, *, #867, .T. ) ;
#1336 = ORIENTED_EDGE ( 'NONE', *, *, #1965, .F. ) ;
#1337 = DIRECTION ( 'NONE',  ( 0.05641434024596891916, 0.9984074429883884605, -0.000000000000000000 ) ) ;
#1338 = DIRECTION ( 'NONE',  ( 0.6857999066831698132, -0.7277901400770386831, 0.000000000000000000 ) ) ;
#1339 = DIRECTION ( 'NONE',  ( -1.000000000000000000, 0.000000000000000000, 0.000000000000000000 ) ) ;
#1340 = CARTESIAN_POINT ( 'NONE',  ( 1.695832084886213842, -0.1992580604730405380, -3.469446951953614189E-15 ) ) ;
#1341 = VERTEX_POINT ( 'NONE', #1579 ) ;
#1342 = CIRCLE ( 'NONE', #2649, 1.500000000000000222 ) ;
#1343 = CARTESIAN_POINT ( 'NONE',  ( -0.2828408481027225307, 3.237669077383378724, 11.00000000000000000 ) ) ;
#1344 = DIRECTION ( 'NONE',  ( 0.9983432753029245488, 0.05753872311260559147, -0.000000000000000000 ) ) ;
#1345 = ORIENTED_EDGE ( 'NONE', *, *, #1895, .F. ) ;
#1346 = CARTESIAN_POINT ( 'NONE',  ( -3.237669077383383165, -0.2828408481026685184, 0.000000000000000000 ) ) ;
#1347 = EDGE_CURVE ( 'NONE', #477, #2535, #818, .T. ) ;
#1348 = EDGE_CURVE ( 'NONE', #585, #3048, #1045, .T. ) ;
#1349 = CARTESIAN_POINT ( 'NONE',  ( 1.190846557881186207, 2.199021879824611947, -8.210659677000473167 ) ) ;
#1350 = EDGE_LOOP ( 'NONE', ( #1269, #18, #146, #1497 ) ) ;
#1351 = DIRECTION ( 'NONE',  ( -0.5490016335682971205, 0.8358212765533916677, 0.000000000000000000 ) ) ;
#1352 = ORIENTED_EDGE ( 'NONE', *, *, #722, .F. ) ;
#1353 = DIRECTION ( 'NONE',  ( 0.9984074429883882384, -0.05641434024597181268, 0.000000000000000000 ) ) ;
#1354 = LINE ( 'NONE', #2852, #558 ) ;
#1355 = CARTESIAN_POINT ( 'NONE',  ( 0.8415645840687383528, 3.139151007970342189, 0.000000000000000000 ) ) ;
#1356 = DIRECTION ( 'NONE',  ( 0.1166959098226702241, 0.9931676920997074554, 0.000000000000000000 ) ) ;
#1357 = CARTESIAN_POINT ( 'NONE',  ( 0.6750946645869372320, 1.572534468152820830, 11.00000000000000000 ) ) ;
#1358 = VECTOR ( 'NONE', #662, 1000.000000000000000 ) ;
#1359 = VERTEX_POINT ( 'NONE', #48 ) ;
#1360 = CARTESIAN_POINT ( 'NONE',  ( -0.6650689912205612897, -9.978273856497141381, -5.945466901626488720 ) ) ;
#1361 = CARTESIAN_POINT ( 'NONE',  ( -0.6598630751343103062, 3.742269461446395162, 0.000000000000000000 ) ) ;
#1362 = ORIENTED_EDGE ( 'NONE', *, *, #1489, .T. ) ;
#1363 = DIRECTION ( 'NONE',  ( 0.2873847965889648748, 0.9578152111391421419, 0.000000000000000000 ) ) ;
#1364 = CIRCLE ( 'NONE', #2832, 1.500000000000000222 ) ;
#1365 = VECTOR ( 'NONE', #2168, 1000.000000000000000 ) ;
#1366 = CARTESIAN_POINT ( 'NONE',  ( 1.638573776703407203, 0.4936531555475244248, -3.469446951953614189E-15 ) ) ;
#1367 = VERTEX_POINT ( 'NONE', #787 ) ;
#1368 = EDGE_CURVE ( 'NONE', #268, #2119, #2120, .T. ) ;
#1369 = ADVANCED_FACE ( 'NONE', ( #3263 ), #355, .F. ) ;
#1370 = EDGE_CURVE ( 'NONE', #2582, #1885, #1959, .T. ) ;
#1371 = PLANE ( 'NONE',  #2066 ) ;
#1372 = ADVANCED_FACE ( 'NONE', ( #100 ), #664, .F. ) ;
#1373 = ORIENTED_EDGE ( 'NONE', *, *, #2385, .F. ) ;
#1374 = FACE_OUTER_BOUND ( 'NONE', #1764, .T. ) ;
#1375 = CARTESIAN_POINT ( 'NONE',  ( 2.442592916808753234, 2.910968883852143474, -3.469446951953614189E-15 ) ) ;
#1376 = CARTESIAN_POINT ( 'NONE',  ( 2.500000000000000000, 3.061616997868383141E-16, 11.00000000000000000 ) ) ;
#1377 = DIRECTION ( 'NONE',  ( 0.4493416417346273173, 0.8933599996659967735, 0.000000000000000000 ) ) ;
#1378 = ORIENTED_EDGE ( 'NONE', *, *, #3232, .F. ) ;
#1379 = LINE ( 'NONE', #1186, #1557 ) ;
#1380 = CARTESIAN_POINT ( 'NONE',  ( 2.298391812713921123, 2.297802227183535884, 0.000000000000000000 ) ) ;
#1381 = ORIENTED_EDGE ( 'NONE', *, *, #1530, .F. ) ;
#1382 = LINE ( 'NONE', #396, #2553 ) ;
#1383 = VECTOR ( 'NONE', #631, 999.9999999999998863 ) ;
#1384 = CARTESIAN_POINT ( 'NONE',  ( -0.2836714750959318798, -3.237596406937853999, -3.469446951953614189E-15 ) ) ;
#1385 = ORIENTED_EDGE ( 'NONE', *, *, #1676, .T. ) ;
#1386 = LINE ( 'NONE', #2665, #2834 ) ;
#1387 = VERTEX_POINT ( 'NONE', #1400 ) ;
#1388 = ADVANCED_FACE ( 'NONE', ( #1109 ), #2185, .F. ) ;
#1389 = DIRECTION ( 'NONE',  ( 0.9189012659773658775, -0.3944875959839476143, 0.000000000000000000 ) ) ;
#1390 = CARTESIAN_POINT ( 'NONE',  ( 0.4936531555474754640, -1.638573776703243334, -3.469446951953614189E-15 ) ) ;
#1391 = EDGE_CURVE ( 'NONE', #337, #163, #2166, .T. ) ;
#1392 = EDGE_CURVE ( 'NONE', #1367, #2442, #2935, .T. ) ;
#1393 = CARTESIAN_POINT ( 'NONE',  ( 1.024307465453378807, -1.370916363567833862, 11.00000000000000000 ) ) ;
#1394 = VECTOR ( 'NONE', #640, 1000.000000000000000 ) ;
#1395 = ORIENTED_EDGE ( 'NONE', *, *, #1009, .F. ) ;
#1396 = PLANE ( 'NONE',  #857 ) ;
#1397 = DIRECTION ( 'NONE',  ( -0.000000000000000000, -0.000000000000000000, -1.000000000000000000 ) ) ;
#1398 = ORIENTED_EDGE ( 'NONE', *, *, #785, .T. ) ;
#1399 = LINE ( 'NONE', #384, #2825 ) ;
#1400 = CARTESIAN_POINT ( 'NONE',  ( -2.910968883852010691, 2.442592916808911330, 0.000000000000000000 ) ) ;
#1401 = CARTESIAN_POINT ( 'NONE',  ( 0.000000000000000000, 13.00000000000000178, -7.293553330597904782 ) ) ;
#1402 = ORIENTED_EDGE ( 'NONE', *, *, #1914, .F. ) ;
#1403 = VECTOR ( 'NONE', #1202, 1000.000000000000000 ) ;
#1404 = LOCAL_TIME ( 23, 15, 51.00000000000000000, #3062 ) ;
#1405 = LINE ( 'NONE', #1111, #1151 ) ;
#1406 = ORIENTED_EDGE ( 'NONE', *, *, #3211, .F. ) ;
#1407 = FACE_OUTER_BOUND ( 'NONE', #1122, .T. ) ;
#1408 = EDGE_CURVE ( 'NONE', #1456, #1317, #3248, .T. ) ;
#1409 = CARTESIAN_POINT ( 'NONE',  ( 1.525410625857731350, -0.7672500617876580886, 11.00000000000000000 ) ) ;
#1410 = CARTESIAN_POINT ( 'NONE',  ( -0.4907090339735984408, -1.635467785916109085, -3.469446951953614189E-15 ) ) ;
#1411 = ORIENTED_EDGE ( 'NONE', *, *, #2971, .F. ) ;
#1412 = EDGE_CURVE ( 'NONE', #719, #1953, #855, .T. ) ;
#1413 = DIRECTION ( 'NONE',  ( 0.1178143533887326955, -0.9930356378980539356, 0.000000000000000000 ) ) ;
#1414 = VERTEX_POINT ( 'NONE', #3217 ) ;
#1415 = DIRECTION ( 'NONE',  ( 0.05641434024596860691, 0.9984074429883884605, 0.000000000000000000 ) ) ;
#1416 = FACE_OUTER_BOUND ( 'NONE', #1577, .T. ) ;
#1417 = CARTESIAN_POINT ( 'NONE',  ( -3.570831958986325105, 1.299676544637646591, 11.00000000000000000 ) ) ;
#1418 = VERTEX_POINT ( 'NONE', #2968 ) ;
#1419 = LINE ( 'NONE', #3253, #1803 ) ;
#1420 = ORIENTED_EDGE ( 'NONE', *, *, #759, .T. ) ;
#1421 = CARTESIAN_POINT ( 'NONE',  ( -0.4935581993970462600, 2.452563328570584567, -8.713432957506066501 ) ) ;
#1422 = PLANE ( 'NONE',  #854 ) ;
#1423 = ORIENTED_EDGE ( 'NONE', *, *, #2473, .F. ) ;
#1424 = CARTESIAN_POINT ( 'NONE',  ( 3.290896534380722827, -1.899999999999792966, 11.00000000000000000 ) ) ;
#1425 = ORIENTED_EDGE ( 'NONE', *, *, #273, .T. ) ;
#1426 = VECTOR ( 'NONE', #1099, 1000.000000000000000 ) ;
#1427 = CARTESIAN_POINT ( 'NONE',  ( 1.695832084886213842, -0.1992580604730405380, -3.469446951953614189E-15 ) ) ;
#1428 = ADVANCED_FACE ( 'NONE', ( #597 ), #1177, .F. ) ;
#1429 = DIRECTION ( 'NONE',  ( 0.000000000000000000, 0.000000000000000000, 1.000000000000000000 ) ) ;
#1430 = LINE ( 'NONE', #2471, #1710 ) ;
#1431 = ORIENTED_EDGE ( 'NONE', *, *, #1140, .T. ) ;
#1432 = FACE_OUTER_BOUND ( 'NONE', #748, .T. ) ;
#1433 = ORIENTED_EDGE ( 'NONE', *, *, #1874, .F. ) ;
#1434 = CARTESIAN_POINT ( 'NONE',  ( 1.199035717947089630, 9.928827469060996336, -8.215778101358901964 ) ) ;
#1435 = ORIENTED_EDGE ( 'NONE', *, *, #3123, .F. ) ;
#1436 = LINE ( 'NONE', #333, #2322 ) ;
#1437 = VECTOR ( 'NONE', #3140, 1000.000000000000000 ) ;
#1438 = VECTOR ( 'NONE', #1837, 1000.000000000000000 ) ;
#1439 = ORIENTED_EDGE ( 'NONE', *, *, #2435, .T. ) ;
#1440 = ORIENTED_EDGE ( 'NONE', *, *, #429, .T. ) ;
#1441 = DIRECTION ( 'NONE',  ( 0.000000000000000000, 0.000000000000000000, -1.000000000000000000 ) ) ;
#1442 = CARTESIAN_POINT ( 'NONE',  ( 2.168404344971008868E-16, 3.799999999999999378, 11.00000000000000000 ) ) ;
#1443 = CARTESIAN_POINT ( 'NONE',  ( 1.020478584721658866, 1.369004635827780092, 11.00000000000000000 ) ) ;
#1444 = EDGE_CURVE ( 'NONE', #585, #2452, #2983, .T. ) ;
#1445 = EDGE_LOOP ( 'NONE', ( #2101, #1299, #2036, #426 ) ) ;
#1446 = AXIS2_PLACEMENT_3D ( 'NONE', #3172, #1102, #845 ) ;
#1447 = EDGE_CURVE ( 'NONE', #875, #3342, #873, .T. ) ;
#1448 = DIRECTION ( 'NONE',  ( 0.8358212765533916677, 0.5490016335682971205, 0.000000000000000000 ) ) ;
#1449 = ORIENTED_EDGE ( 'NONE', *, *, #2805, .F. ) ;
#1450 = LOCAL_TIME ( 23, 15, 51.00000000000000000, #270 ) ;
#1451 = CARTESIAN_POINT ( 'NONE',  ( 1.500034882555063787, -1.999973838087968359, -7.192470884861884350 ) ) ;
#1452 = EDGE_LOOP ( 'NONE', ( #1977, #176, #1857, #2386 ) ) ;
#1453 = CARTESIAN_POINT ( 'NONE',  ( 2.257346310099018770E-16, -9.999999999999998224, -8.793553330597903894 ) ) ;
#1454 = CARTESIAN_POINT ( 'NONE',  ( -3.742269461446262824, -0.6598630751341525436, 0.000000000000000000 ) ) ;
#1455 = ORIENTED_EDGE ( 'NONE', *, *, #1914, .T. ) ;
#1456 = VERTEX_POINT ( 'NONE', #2200 ) ;
#1457 = PLANE ( 'NONE',  #209 ) ;
#1458 = LINE ( 'NONE', #167, #2967 ) ;
#1459 = DIRECTION ( 'NONE',  ( 0.5985480419141068209, -0.8010869125886331821, 0.000000000000000000 ) ) ;
#1460 = ORIENTED_EDGE ( 'NONE', *, *, #2616, .T. ) ;
#1461 = DIRECTION ( 'NONE',  ( 0.8358212765533916677, 0.5490016335682971205, -0.000000000000000000 ) ) ;
#1462 = EDGE_CURVE ( 'NONE', #548, #2348, #2679, .T. ) ;
#1463 = VECTOR ( 'NONE', #2568, 999.9999999999998863 ) ;
#1464 = VERTEX_POINT ( 'NONE', #1417 ) ;
#1465 = EDGE_CURVE ( 'NONE', #958, #939, #648, .T. ) ;
#1466 = AXIS2_PLACEMENT_3D ( 'NONE', #1900, #2130, #302 ) ;
#1467 = EDGE_CURVE ( 'NONE', #2239, #1508, #613, .T. ) ;
#1468 = EDGE_CURVE ( 'NONE', #1984, #2680, #1162, .T. ) ;
#1469 = VECTOR ( 'NONE', #772, 1000.000000000000000 ) ;
#1470 = CARTESIAN_POINT ( 'NONE',  ( 3.237596406937862437, -0.2836714750958371223, -3.469446951953614189E-15 ) ) ;
#1471 = VERTEX_POINT ( 'NONE', #386 ) ;
#1472 = DIRECTION ( 'NONE',  ( 0.5985480419141068209, -0.8010869125886331821, 0.000000000000000000 ) ) ;
#1473 = LINE ( 'NONE', #2595, #165 ) ;
#1474 = PLANE ( 'NONE',  #1499 ) ;
#1475 = VERTEX_POINT ( 'NONE', #1916 ) ;
#1476 = FACE_OUTER_BOUND ( 'NONE', #1037, .T. ) ;
#1477 = CARTESIAN_POINT ( 'NONE',  ( 1.899999999999925082, 3.290896534380879590, 11.00000000000000000 ) ) ;
#1478 = LINE ( 'NONE', #1990, #952 ) ;
#1479 = ORIENTED_EDGE ( 'NONE', *, *, #1326, .F. ) ;
#1480 = CARTESIAN_POINT ( 'NONE',  ( 1.821456426356197907E-16, 2.500000000000000000, -5.793553330597903894 ) ) ;
#1481 = PLANE ( 'NONE',  #3017 ) ;
#1482 = FACE_BOUND ( 'NONE', #1956, .T. ) ;
#1483 = VERTEX_POINT ( 'NONE', #2952 ) ;
#1484 = CARTESIAN_POINT ( 'NONE',  ( 1.500036597496301471, 9.886854414198166907, -7.196125671655463130 ) ) ;
#1485 = EDGE_CURVE ( 'NONE', #1797, #3371, #1430, .T. ) ;
#1486 = ADVANCED_FACE ( 'NONE', ( #1774 ), #149, .F. ) ;
#1487 = VERTEX_POINT ( 'NONE', #1228 ) ;
#1488 = FACE_OUTER_BOUND ( 'NONE', #3299, .T. ) ;
#1489 = EDGE_CURVE ( 'NONE', #2150, #1418, #2024, .T. ) ;
#1490 = VERTEX_POINT ( 'NONE', #185 ) ;
#1491 = ORIENTED_EDGE ( 'NONE', *, *, #1218, .T. ) ;
#1492 = DIRECTION ( 'NONE',  ( 0.05641434024596860691, 0.9984074429883884605, 0.000000000000000000 ) ) ;
#1493 = VECTOR ( 'NONE', #3340, 1000.000000000000000 ) ;
#1494 = LINE ( 'NONE', #215, #293 ) ;
#1495 = DIRECTION ( 'NONE',  ( -0.5490016335682971205, 0.8358212765533916677, 0.000000000000000000 ) ) ;
#1496 = DIRECTION ( 'NONE',  ( -0.9734431431420637049, 0.2289289126993345747, 0.000000000000000000 ) ) ;
#1497 = ORIENTED_EDGE ( 'NONE', *, *, #2052, .T. ) ;
#1498 = FACE_OUTER_BOUND ( 'NONE', #1706, .T. ) ;
#1499 = AXIS2_PLACEMENT_3D ( 'NONE', #1766, #2516, #448 ) ;
#1500 = ORIENTED_EDGE ( 'NONE', *, *, #3164, .F. ) ;
#1501 = CARTESIAN_POINT ( 'NONE',  ( 1.836969794591466673E-16, 9.999999999999998224, -5.793553330597903894 ) ) ;
#1502 = CARTESIAN_POINT ( 'NONE',  ( -4.356006147172515774, 7.181896211002739783, -3.999999999999999112 ) ) ;
#1503 = ORIENTED_EDGE ( 'NONE', *, *, #3008, .F. ) ;
#1504 = VECTOR ( 'NONE', #336, 1000.000000000000000 ) ;
#1505 = CARTESIAN_POINT ( 'NONE',  ( -1.369004635827770100, 1.020478584721650428, 11.00000000000000000 ) ) ;
#1506 = DIRECTION ( 'NONE',  ( -0.8933599996659968845, 0.4493416417346272063, 0.000000000000000000 ) ) ;
#1507 = EDGE_CURVE ( 'NONE', #2362, #2334, #2539, .T. ) ;
#1508 = VERTEX_POINT ( 'NONE', #1716 ) ;
#1509 = LINE ( 'NONE', #2297, #3107 ) ;
#1510 = LINE ( 'NONE', #2087, #2206 ) ;
#1511 = CARTESIAN_POINT ( 'NONE',  ( 2.910968883851984490, -2.442592916808621784, -3.469446951953614189E-15 ) ) ;
#1512 = EDGE_LOOP ( 'NONE', ( #2154, #236 ) ) ;
#1513 = DIRECTION ( 'NONE',  ( 0.000000000000000000, 0.000000000000000000, -1.000000000000000000 ) ) ;
#1514 = AXIS2_PLACEMENT_3D ( 'NONE', #903, #1699, #2740 ) ;
#1515 = ORIENTED_EDGE ( 'NONE', *, *, #1076, .T. ) ;
#1516 = APPROVAL_STATUS ( 'not_yet_approved' ) ;
#1517 = ORIENTED_EDGE ( 'NONE', *, *, #1326, .T. ) ;
#1518 = DIRECTION ( 'NONE',  ( -0.9184564064876432621, -0.3955222236256832891, 0.000000000000000000 ) ) ;
#1519 = VECTOR ( 'NONE', #837, 1000.000000000000000 ) ;
#1520 = CARTESIAN_POINT ( 'NONE',  ( 1.836970198721030181E-16, 13.00000000000000178, -5.793553330597903894 ) ) ;
#1521 = PLANE ( 'NONE',  #1772 ) ;
#1522 = ORIENTED_EDGE ( 'NONE', *, *, #3028, .F. ) ;
#1523 = EDGE_LOOP ( 'NONE', ( #865, #3069, #2624, #2913 ) ) ;
#1524 = CARTESIAN_POINT ( 'NONE',  ( 1.024307465453378807, -1.370916363567833862, -3.469446951953614189E-15 ) ) ;
#1525 = CARTESIAN_POINT ( 'NONE',  ( 1.704669384089414930, 0.09824726836557767795, 11.00000000000000000 ) ) ;
#1526 = CARTESIAN_POINT ( 'NONE',  ( -0.2828408481027225307, 3.237669077383378724, -3.469446951953614189E-15 ) ) ;
#1527 = ORIENTED_EDGE ( 'NONE', *, *, #2222, .F. ) ;
#1528 = LINE ( 'NONE', #2571, #2944 ) ;
#1529 = ADVANCED_FACE ( 'NONE', ( #3336 ), #2041, .F. ) ;
#1530 = EDGE_CURVE ( 'NONE', #2611, #3011, #751, .T. ) ;
#1531 = VERTEX_POINT ( 'NONE', #697 ) ;
#1532 = DIRECTION ( 'NONE',  ( -0.7277901400770382390, -0.6857999066831701462, 0.000000000000000000 ) ) ;
#1533 = FACE_OUTER_BOUND ( 'NONE', #1523, .T. ) ;
#1534 = PLANE ( 'NONE',  #1582 ) ;
#1535 = CARTESIAN_POINT ( 'NONE',  ( -1.020478584721529414, -1.369004635827606897, 11.00000000000000000 ) ) ;
#1536 = VECTOR ( 'NONE', #1812, 1000.000000000000227 ) ;
#1537 = LINE ( 'NONE', #294, #84 ) ;
#1538 = ORIENTED_EDGE ( 'NONE', *, *, #2577, .F. ) ;
#1539 = CARTESIAN_POINT ( 'NONE',  ( 0.000000000000000000, 0.000000000000000000, -3.999999999999999112 ) ) ;
#1540 = PLANE ( 'NONE',  #2476 ) ;
#1541 = VERTEX_POINT ( 'NONE', #1792 ) ;
#1542 = DIRECTION ( 'NONE',  ( 0.9930356378980534915, 0.1178143533887365119, 0.000000000000000000 ) ) ;
#1543 = VECTOR ( 'NONE', #779, 999.9999999999998863 ) ;
#1544 = LINE ( 'NONE', #2060, #2082 ) ;
#1545 = VECTOR ( 'NONE', #2250, 1000.000000000000000 ) ;
#1546 = ORIENTED_EDGE ( 'NONE', *, *, #368, .F. ) ;
#1547 = ADVANCED_FACE ( 'NONE', ( #474 ), #168, .F. ) ;
#1548 = PRODUCT_RELATED_PRODUCT_CATEGORY ( 'detail', '', ( #1171 ) ) ;
#1549 = CARTESIAN_POINT ( 'NONE',  ( -1.347390703094650810, 9.908884469275271556, -6.627058391720929365 ) ) ;
#1550 = CARTESIAN_POINT ( 'NONE',  ( 1.373131499706909286, -2.945676473157339270, -3.469446951953614189E-15 ) ) ;
#1551 = DIRECTION ( 'NONE',  ( -0.9984074429883883495, 0.05641434024596891222, 0.000000000000000000 ) ) ;
#1552 = AXIS2_PLACEMENT_3D ( 'NONE', #1784, #143, #672 ) ;
#1553 = CARTESIAN_POINT ( 'NONE',  ( -3.237596406937835347, 0.2836714750961530362, -3.469446951953614189E-15 ) ) ;
#1554 = LINE ( 'NONE', #795, #572 ) ;
#1555 = FACE_OUTER_BOUND ( 'NONE', #340, .T. ) ;
#1556 = VERTEX_POINT ( 'NONE', #2759 ) ;
#1557 = VECTOR ( 'NONE', #2417, 1000.000000000000227 ) ;
#1558 = FACE_OUTER_BOUND ( 'NONE', #804, .T. ) ;
#1559 = LINE ( 'NONE', #1525, #399 ) ;
#1560 = ORIENTED_EDGE ( 'NONE', *, *, #678, .T. ) ;
#1561 = DIRECTION ( 'NONE',  ( 0.9731847032721353541, 0.2300250710621036532, 0.000000000000000000 ) ) ;
#1562 = CARTESIAN_POINT ( 'NONE',  ( 1.191455116493388422, 2.198684835948325311, -6.377274813419578692 ) ) ;
#1563 = EDGE_LOOP ( 'NONE', ( #555, #1979, #755, #1236 ) ) ;
#1564 = CARTESIAN_POINT ( 'NONE',  ( -0.7545655108845737979, 9.973130486209882406, -5.982517046577716435 ) ) ;
#1565 = EDGE_LOOP ( 'NONE', ( #1983, #2264, #1742, #287 ) ) ;
#1566 = CARTESIAN_POINT ( 'NONE',  ( -0.4933449275584622651, -2.452603175579259887, -5.873605888471908898 ) ) ;
#1567 = ADVANCED_FACE ( 'NONE', ( #1734 ), #3072, .F. ) ;
#1568 = EDGE_CURVE ( 'NONE', #2510, #1696, #1002, .T. ) ;
#1569 = CARTESIAN_POINT ( 'NONE',  ( -0.7672500617876364393, -1.525410625857688940, 11.00000000000000000 ) ) ;
#1570 = CARTESIAN_POINT ( 'NONE',  ( 0.000000000000000000, -4.094094385158831173, -7.293553330597904782 ) ) ;
#1571 = LINE ( 'NONE', #3136, #465 ) ;
#1572 = VECTOR ( 'NONE', #8, 1000.000000000000000 ) ;
#1573 = ORIENTED_EDGE ( 'NONE', *, *, #1180, .F. ) ;
#1574 = CARTESIAN_POINT ( 'NONE',  ( 3.237669077383357408, 0.2828408481029568988, 11.00000000000000000 ) ) ;
#1575 = CARTESIAN_POINT ( 'NONE',  ( 4.356006147172517551, 7.181896211002738895, -3.999999999999999112 ) ) ;
#1576 = VECTOR ( 'NONE', #2670, 999.9999999999998863 ) ;
#1577 = EDGE_LOOP ( 'NONE', ( #246, #3173, #2829, #2920 ) ) ;
#1578 = DIRECTION ( 'NONE',  ( 0.7285620347511347905, -0.6849798256294021837, 0.000000000000000000 ) ) ;
#1579 = CARTESIAN_POINT ( 'NONE',  ( 0.6598630751342862144, -3.742269461446105616, 0.000000000000000000 ) ) ;
#1580 = ORIENTED_EDGE ( 'NONE', *, *, #2933, .F. ) ;
#1581 = CARTESIAN_POINT ( 'NONE',  ( 1.373887179006717973, 2.945324094112728552, 11.00000000000000000 ) ) ;
#1582 = AXIS2_PLACEMENT_3D ( 'NONE', #2324, #773, #2050 ) ;
#1583 = VERTEX_POINT ( 'NONE', #936 ) ;
#1584 = VECTOR ( 'NONE', #1064, 1000.000000000000114 ) ;
#1585 = CARTESIAN_POINT ( 'NONE',  ( 3.290896534380734817, 1.900000000000061862, 11.00000000000000000 ) ) ;
#1586 = CARTESIAN_POINT ( 'NONE',  ( 1.665873094373852004, -0.3917707149891789253, -3.469446951953614189E-15 ) ) ;
#1587 = DIRECTION ( 'NONE',  ( -0.8933599996659968845, 0.4493416417346272063, 0.000000000000000000 ) ) ;
#1588 = LINE ( 'NONE', #2053, #135 ) ;
#1589 = CARTESIAN_POINT ( 'NONE',  ( 3.570831958986307342, 1.299676544637625497, -3.469446951953614189E-15 ) ) ;
#1590 = ADVANCED_FACE ( 'NONE', ( #733 ), #2283, .F. ) ;
#1591 = EDGE_LOOP ( 'NONE', ( #537, #2718, #1233, #2259 ) ) ;
#1592 = EDGE_CURVE ( 'NONE', #1832, #2362, #3281, .T. ) ;
#1593 = CARTESIAN_POINT ( 'NONE',  ( -1.310739724458786393, -9.914013899745091507, -8.048620795547863693 ) ) ;
#1594 = FACE_OUTER_BOUND ( 'NONE', #1062, .T. ) ;
#1595 = VERTEX_POINT ( 'NONE', #1263 ) ;
#1596 = PLANE ( 'NONE',  #1801 ) ;
#1597 = PLANE ( 'NONE',  #1818 ) ;
#1598 = ORIENTED_EDGE ( 'NONE', *, *, #1140, .F. ) ;
#1599 = VECTOR ( 'NONE', #842, 1000.000000000000000 ) ;
#1600 = AXIS2_PLACEMENT_3D ( 'NONE', #2618, #2854, #1018 ) ;
#1601 = CARTESIAN_POINT ( 'NONE',  ( -0.3917707149891587748, -1.665873094373757635, 11.00000000000000000 ) ) ;
#1602 = ORIENTED_EDGE ( 'NONE', *, *, #2219, .T. ) ;
#1603 = B_SPLINE_CURVE_WITH_KNOTS ( 'NONE', 3,
 ( #498, #1014, #20, #291, #1566, #2903, #2615, #2375, #3117, #38, #824, #2601, #757, #1853, #3363, #809, #2051, #567, #2, #1869, #2884, #1049, #1836, #2836, #2081, #533, #2652, #3100 ),
 .UNSPECIFIED., .F., .F.,
 ( 4, 2, 2, 2, 2, 2, 2, 2, 2, 2, 2, 2, 2, 4 ),
 ( 0.004812385841382493812, 0.005112562375842386909, 0.005412738910302279140, 0.006013091979222064468, 0.006313268513681957565, 0.006613445048141851530, 0.006913621582601744628, 0.007213798117061637726, 0.007814151185981423053, 0.008114327720441315284, 0.008414504254901209249, 0.009014857323820995444, 0.009315033858280887674, 0.009615210392740781639 ),
 .UNSPECIFIED. ) ;
#1604 = PLANE ( 'NONE',  #2354 ) ;
#1605 = LINE ( 'NONE', #3132, #3067 ) ;
#1606 = DIRECTION ( 'NONE',  ( 0.000000000000000000, 0.000000000000000000, -1.000000000000000000 ) ) ;
#1607 = LINE ( 'NONE', #2653, #3055 ) ;
#1608 = CARTESIAN_POINT ( 'NONE',  ( -2.500000000000000000, 0.000000000000000000, 11.00000000000000000 ) ) ;
#1609 = ORIENTED_EDGE ( 'NONE', *, *, #1304, .F. ) ;
#1610 = VECTOR ( 'NONE', #1307, 999.9999999999998863 ) ;
#1611 = FACE_OUTER_BOUND ( 'NONE', #2180, .T. ) ;
#1612 = EDGE_CURVE ( 'NONE', #1711, #1646, #1478, .T. ) ;
#1613 = CARTESIAN_POINT ( 'NONE',  ( 0.000000000000000000, 13.00000000000000178, -7.293553330597904782 ) ) ;
#1614 = EDGE_LOOP ( 'NONE', ( #1731, #800, #582, #483 ) ) ;
#1615 = DIRECTION ( 'NONE',  ( -0.3944875959839471147, -0.9189012659773660996, 0.000000000000000000 ) ) ;
#1616 = EDGE_CURVE ( 'NONE', #1319, #2677, #2556, .T. ) ;
#1617 = EDGE_CURVE ( 'NONE', #602, #578, #966, .T. ) ;
#1618 = CARTESIAN_POINT ( 'NONE',  ( 0.3985109438183657149, 2.469983182760677742, -8.743062088246565722 ) ) ;
#1619 = ORIENTED_EDGE ( 'NONE', *, *, #3287, .T. ) ;
#1620 = CARTESIAN_POINT ( 'NONE',  ( -1.661711166661347772, -0.3927674036704245086, -3.469446951953614189E-15 ) ) ;
#1621 = ORIENTED_EDGE ( 'NONE', *, *, #889, .F. ) ;
#1622 = DIRECTION ( 'NONE',  ( -0.9731847032721354651, -0.2300250710621035144, 0.000000000000000000 ) ) ;
#1623 = LINE ( 'NONE', #2687, #2896 ) ;
#1624 = CARTESIAN_POINT ( 'NONE',  ( 0.1958894936501431316, -10.00000000000000000, -5.793553330597903006 ) ) ;
#1625 = CARTESIAN_POINT ( 'NONE',  ( 2.662004998061496597, -1.864464907230923396, 11.00000000000000000 ) ) ;
#1626 = CARTESIAN_POINT ( 'NONE',  ( 1.836970198721029934E-16, -4.094094385158831173, -5.793553330597903894 ) ) ;
#1627 = ORIENTED_EDGE ( 'NONE', *, *, #2596, .F. ) ;
#1628 = LINE ( 'NONE', #79, #524 ) ;
#1629 = UNCERTAINTY_MEASURE_WITH_UNIT (LENGTH_MEASURE( 1.000000000000000082E-05 ), #704, 'distance_accuracy_value', 'NONE');
#1630 = PLANE ( 'NONE',  #525 ) ;
#1631 = AXIS2_PLACEMENT_3D ( 'NONE', #948, #964, #731 ) ;
#1632 = VERTEX_POINT ( 'NONE', #2828 ) ;
#1633 = CARTESIAN_POINT ( 'NONE',  ( 2.945324094112803603, -1.373887179006558545, 11.00000000000000000 ) ) ;
#1634 = AXIS2_PLACEMENT_3D ( 'NONE', #735, #1231, #1542 ) ;
#1635 = VECTOR ( 'NONE', #2905, 1000.000000000000000 ) ;
#1636 = EDGE_CURVE ( 'NONE', #2673, #738, #453, .T. ) ;
#1637 = CARTESIAN_POINT ( 'NONE',  ( -1.373887179006708203, -2.945324094112733437, -3.469446951953614189E-15 ) ) ;
#1638 = EDGE_CURVE ( 'NONE', #1003, #738, #490, .T. ) ;
#1639 = EDGE_LOOP ( 'NONE', ( #1455, #2367, #878, #1008 ) ) ;
#1640 = EDGE_CURVE ( 'NONE', #372, #2213, #162, .T. ) ;
#1641 = CARTESIAN_POINT ( 'NONE',  ( 1.899999999999903544, -3.290896534380603367, 11.00000000000000000 ) ) ;
#1642 = ORIENTED_EDGE ( 'NONE', *, *, #2049, .F. ) ;
#1643 = CARTESIAN_POINT ( 'NONE',  ( -0.2016181045847988407, 1.699402130040492676, -3.469446951953614189E-15 ) ) ;
#1644 = CARTESIAN_POINT ( 'NONE',  ( -1.661711166661347772, -0.3927674036704245086, 11.00000000000000000 ) ) ;
#1645 = CARTESIAN_POINT ( 'NONE',  ( -1.242700382245741864, -1.171002132687672059, -3.469446951953614189E-15 ) ) ;
#1646 = VERTEX_POINT ( 'NONE', #945 ) ;
#1647 = LINE ( 'NONE', #2709, #2179 ) ;
#1648 = LINE ( 'NONE', #1877, #1021 ) ;
#1649 = ORIENTED_EDGE ( 'NONE', *, *, #152, .T. ) ;
#1650 = LINE ( 'NONE', #1685, #1252 ) ;
#1651 = VECTOR ( 'NONE', #2590, 1000.000000000000000 ) ;
#1652 = CARTESIAN_POINT ( 'NONE',  ( 2.662004998061496597, -1.864464907230923396, -3.469446951953614189E-15 ) ) ;
#1653 = ORIENTED_EDGE ( 'NONE', *, *, #846, .T. ) ;
#1654 = DIRECTION ( 'NONE',  ( 0.000000000000000000, 0.000000000000000000, 1.000000000000000000 ) ) ;
#1655 = EDGE_CURVE ( 'NONE', #975, #264, #3023, .T. ) ;
#1656 = EDGE_LOOP ( 'NONE', ( #3365, #1259, #1580, #1093 ) ) ;
#1657 = VECTOR ( 'NONE', #417, 1000.000000000000000 ) ;
#1658 = CARTESIAN_POINT ( 'NONE',  ( -1.197494627442301951, 2.199639560149487139, -6.370067187783552853 ) ) ;
#1659 = DIRECTION ( 'NONE',  ( 0.000000000000000000, 0.000000000000000000, 1.000000000000000000 ) ) ;
#1660 = CARTESIAN_POINT ( 'NONE',  ( 1.568262696300777082, 0.6753535001646673308, -3.469446951953614189E-15 ) ) ;
#1661 = AXIS2_PLACEMENT_3D ( 'NONE', #2008, #1247, #983 ) ;
#1662 = ORIENTED_EDGE ( 'NONE', *, *, #1244, .F. ) ;
#1663 = CARTESIAN_POINT ( 'NONE',  ( -2.297802227183384005, 2.298391812714073001, 0.000000000000000000 ) ) ;
#1664 = VECTOR ( 'NONE', #2721, 1000.000000000000000 ) ;
#1665 = ORIENTED_EDGE ( 'NONE', *, *, #1283, .F. ) ;
#1666 = CARTESIAN_POINT ( 'NONE',  ( 1.836970198721030181E-16, 13.00000000000000178, -5.793553330597903894 ) ) ;
#1667 = CARTESIAN_POINT ( 'NONE',  ( -4.356006147172517551, -4.094094385158829397, -3.999999999999999112 ) ) ;
#1668 = DIRECTION ( 'NONE',  ( 0.9731847032721352431, 0.2300250710621044858, -0.000000000000000000 ) ) ;
#1669 = VERTEX_POINT ( 'NONE', #2769 ) ;
#1670 = AXIS2_PLACEMENT_3D ( 'NONE', #444, #1011, #1532 ) ;
#1671 = DIRECTION ( 'NONE',  ( 9.955928764602502130E-17, 1.000000000000000000, -0.000000000000000000 ) ) ;
#1672 = ORIENTED_EDGE ( 'NONE', *, *, #178, .T. ) ;
#1673 = CARTESIAN_POINT ( 'NONE',  ( -1.373131499706667924, 2.945676473157451181, 11.00000000000000000 ) ) ;
#1674 = FACE_OUTER_BOUND ( 'NONE', #2063, .T. ) ;
#1676 = EDGE_CURVE ( 'NONE', #3048, #1229, #3310, .T. ) ;
#1675 = CARTESIAN_POINT ( 'NONE',  ( -1.369004635827770100, 1.020478584721650428, -3.469446951953614189E-15 ) ) ;
#1677 = EDGE_CURVE ( 'NONE', #1832, #975, #2004, .T. ) ;
#1678 = ORIENTED_EDGE ( 'NONE', *, *, #1370, .T. ) ;
#1679 = CARTESIAN_POINT ( 'NONE',  ( 0.000000000000000000, 0.000000000000000000, -11.00000000000000000 ) ) ;
#1680 = ADVANCED_FACE ( 'NONE', ( #997 ), #1750, .F. ) ;
#1681 = VECTOR ( 'NONE', #439, 999.9999999999998863 ) ;
#1682 = DIRECTION ( 'NONE',  ( -0.3944875959839476143, -0.9189012659773658775, 0.000000000000000000 ) ) ;
#1683 = VECTOR ( 'NONE', #3366, 1000.000000000000000 ) ;
#1684 = ORIENTED_EDGE ( 'NONE', *, *, #3164, .T. ) ;
#1685 = CARTESIAN_POINT ( 'NONE',  ( -1.638573776703354135, -0.4936531555475113242, -3.469446951953614189E-15 ) ) ;
#1686 = CARTESIAN_POINT ( 'NONE',  ( -1.299676544637494491, 3.570831958986464105, 0.000000000000000000 ) ) ;
#1687 = CARTESIAN_POINT ( 'NONE',  ( -1.864464907231082380, -2.662004998061386019, -3.469446951953614189E-15 ) ) ;
#1688 = ORIENTED_EDGE ( 'NONE', *, *, #969, .F. ) ;
#1689 = DIRECTION ( 'NONE',  ( -1.000000000000000000, 9.955928764602502130E-17, 0.000000000000000000 ) ) ;
#1690 = ORIENTED_EDGE ( 'NONE', *, *, #2088, .F. ) ;
#1691 = CARTESIAN_POINT ( 'NONE',  ( 1.200498128814314613, 9.928673992045386143, -6.372744326818911453 ) ) ;
#1692 = ORIENTED_EDGE ( 'NONE', *, *, #2160, .F. ) ;
#1693 = DIRECTION ( 'NONE',  ( 0.9931676920997073443, -0.1166959098226709735, 0.000000000000000000 ) ) ;
#1694 = ADVANCED_FACE ( 'NONE', ( #1967 ), #2278, .F. ) ;
#1695 = EDGE_CURVE ( 'NONE', #459, #337, #2481, .T. ) ;
#1696 = VERTEX_POINT ( 'NONE', #468 ) ;
#1697 = ORIENTED_EDGE ( 'NONE', *, *, #1985, .T. ) ;
#1698 = VECTOR ( 'NONE', #2752, 1000.000000000000000 ) ;
#1699 = DIRECTION ( 'NONE',  ( 0.5976454684740246659, 0.8017604966649726217, -0.000000000000000000 ) ) ;
#1700 = PLANE ( 'NONE',  #2366 ) ;
#1701 = CARTESIAN_POINT ( 'NONE',  ( -1.172219938826311036, -1.246803061714115923, 11.00000000000000000 ) ) ;
#1702 = EDGE_LOOP ( 'NONE', ( #1097, #614, #2816, #2962 ) ) ;
#1703 = CARTESIAN_POINT ( 'NONE',  ( -1.431415177857607635, 0.9379062044155440647, 11.00000000000000000 ) ) ;
#1704 = ORIENTED_EDGE ( 'NONE', *, *, #2990, .T. ) ;
#1705 = CARTESIAN_POINT ( 'NONE',  ( 0.9278194009786873142, -2.326220038074557461, -8.487527893324754658 ) ) ;
#1706 = EDGE_LOOP ( 'NONE', ( #3087, #1846, #2337, #1264 ) ) ;
#1707 = CARTESIAN_POINT ( 'NONE',  ( 2.945324094112803603, -1.373887179006558545, -3.469446951953614189E-15 ) ) ;
#1708 = VECTOR ( 'NONE', #2525, 1000.000000000000000 ) ;
#1709 = PERSON ( 'UNSPECIFIED', 'UNSPECIFIED', 'UNSPECIFIED', ('UNSPECIFIED'), ('UNSPECIFIED'), ('UNSPECIFIED') ) ;
#1710 = VECTOR ( 'NONE', #2216, 1000.000000000000000 ) ;
#1711 = VERTEX_POINT ( 'NONE', #1258 ) ;
#1712 = EDGE_LOOP ( 'NONE', ( #138, #1210, #2373, #752 ) ) ;
#1713 = CARTESIAN_POINT ( 'NONE',  ( 4.356006147172515774, -4.094094385158830285, -3.999999999999999112 ) ) ;
#1714 = EDGE_CURVE ( 'NONE', #2352, #1201, #1883, .T. ) ;
#1715 = LINE ( 'NONE', #2757, #1657 ) ;
#1716 = CARTESIAN_POINT ( 'NONE',  ( -9.999999999999998224, 1.224646799147353059E-15, 0.000000000000000000 ) ) ;
#1717 = ADVANCED_FACE ( 'NONE', ( #3007 ), #758, .F. ) ;
#1718 = EDGE_LOOP ( 'NONE', ( #19, #1843, #2747, #2786 ) ) ;
#1719 = ADVANCED_FACE ( 'NONE', ( #3102, #2083 ), #482, .F. ) ;
#1720 = VECTOR ( 'NONE', #2294, 1000.000000000000000 ) ;
#1721 = EDGE_CURVE ( 'NONE', #2592, #1646, #2585, .T. ) ;
#1722 = FACE_OUTER_BOUND ( 'NONE', #153, .T. ) ;
#1723 = ORIENTED_EDGE ( 'NONE', *, *, #2432, .T. ) ;
#1724 = VECTOR ( 'NONE', #1472, 1000.000000000000227 ) ;
#1725 = AXIS2_PLACEMENT_3D ( 'NONE', #2014, #172, #190 ) ;
#1726 = CARTESIAN_POINT ( 'NONE',  ( 1.306638750470999311, -2.133298551326449743, -6.531455559687652013 ) ) ;
#1727 = ORIENTED_EDGE ( 'NONE', *, *, #1408, .T. ) ;
#1728 = DIRECTION ( 'NONE',  ( -0.2289289126993337697, -0.9734431431420640379, 0.000000000000000000 ) ) ;
#1729 = DIRECTION ( 'NONE',  ( 0.9578152111391420309, -0.2873847965889650968, 0.000000000000000000 ) ) ;
#1730 = ORIENTED_EDGE ( 'NONE', *, *, #112, .T. ) ;
#1731 = ORIENTED_EDGE ( 'NONE', *, *, #2385, .T. ) ;
#1732 = FACE_OUTER_BOUND ( 'NONE', #1935, .T. ) ;
#1733 = DIRECTION ( 'NONE',  ( -1.000000000000000000, 0.000000000000000000, 0.000000000000000000 ) ) ;
#1734 = FACE_OUTER_BOUND ( 'NONE', #3040, .T. ) ;
#1735 = ORIENTED_EDGE ( 'NONE', *, *, #488, .F. ) ;
#1736 = FACE_OUTER_BOUND ( 'NONE', #1712, .T. ) ;
#1737 = ADVANCED_FACE ( 'NONE', ( #2345 ), #1521, .F. ) ;
#1738 = DIRECTION ( 'NONE',  ( -0.3955222236256829005, 0.9184564064876434841, 0.000000000000000000 ) ) ;
#1739 = EDGE_CURVE ( 'NONE', #2775, #2957, #3118, .T. ) ;
#1740 = FACE_BOUND ( 'NONE', #67, .T. ) ;
#1741 = AXIS2_PLACEMENT_3D ( 'NONE', #1225, #2037, #2536 ) ;
#1742 = ORIENTED_EDGE ( 'NONE', *, *, #1847, .F. ) ;
#1743 = EDGE_CURVE ( 'NONE', #1940, #2563, #553, .T. ) ;
#1744 = PERSON_AND_ORGANIZATION_ROLE ( 'design_owner' ) ;
#1745 = VECTOR ( 'NONE', #606, 1000.000000000000000 ) ;
#1746 = CARTESIAN_POINT ( 'NONE',  ( -2.257346310099018770E-16, 9.999999999999998224, -8.793553330597903894 ) ) ;
#1747 = ORIENTED_EDGE ( 'NONE', *, *, #31, .T. ) ;
#1748 = CARTESIAN_POINT ( 'NONE',  ( 4.356006147172515774, -4.094094385158830285, -3.999999999999999112 ) ) ;
#1749 = CARTESIAN_POINT ( 'NONE',  ( 0.09824726836557015619, -1.704669384089275486, -3.469446951953614189E-15 ) ) ;
#1750 = PLANE ( 'NONE',  #296 ) ;
#1751 = EDGE_LOOP ( 'NONE', ( #3053, #1046, #2457, #2731 ) ) ;
#1752 = ORIENTED_EDGE ( 'NONE', *, *, #1743, .T. ) ;
#1753 = LINE ( 'NONE', #1524, #1463 ) ;
#1754 = LINE ( 'NONE', #2232, #2313 ) ;
#1755 = DIRECTION ( 'NONE',  ( -0.05753872311260559147, 0.9983432753029245488, 0.000000000000000000 ) ) ;
#1756 = AXIS2_PLACEMENT_3D ( 'NONE', #123, #2155, #1905 ) ;
#1757 = VECTOR ( 'NONE', #304, 999.9999999999998863 ) ;
#1758 = VERTEX_POINT ( 'NONE', #1820 ) ;
#1759 = CARTESIAN_POINT ( 'NONE',  ( -0.2030170140429783665, 2.499999999999999556, -5.793553330597901230 ) ) ;
#1760 = LINE ( 'NONE', #1211, #2748 ) ;
#1761 = ORIENTED_EDGE ( 'NONE', *, *, #2450, .T. ) ;
#1762 = ADVANCED_FACE ( 'NONE', ( #2819 ), #2565, .F. ) ;
#1763 = CARTESIAN_POINT ( 'NONE',  ( 1.427163357492277740, 0.9374193223017658338, 11.00000000000000000 ) ) ;
#1764 = EDGE_LOOP ( 'NONE', ( #3292, #2550, #188, #2587 ) ) ;
#1765 = CARTESIAN_POINT ( 'NONE',  ( -0.2828408481027224752, 3.237669077383378280, 0.000000000000000000 ) ) ;
#1766 = CARTESIAN_POINT ( 'NONE',  ( 1.525410625857731350, -0.7672500617876580886, -3.469446951953614189E-15 ) ) ;
#1767 = DIRECTION ( 'NONE',  ( -0.1166959098226709041, -0.9931676920997073443, 0.000000000000000000 ) ) ;
#1768 = EDGE_LOOP ( 'NONE', ( #401, #2229, #2169, #463 ) ) ;
#1769 = ORIENTED_EDGE ( 'NONE', *, *, #1831, .F. ) ;
#1770 = CARTESIAN_POINT ( 'NONE',  ( -0.4936531555475567323, 1.638573776703514229, -3.469446951953614189E-15 ) ) ;
#1771 = AXIS2_PLACEMENT_3D ( 'NONE', #184, #2773, #3297 ) ;
#1772 = AXIS2_PLACEMENT_3D ( 'NONE', #40, #2871, #1084 ) ;
#1773 = DIRECTION ( 'NONE',  ( 0.000000000000000000, 0.000000000000000000, 1.000000000000000000 ) ) ;
#1774 = FACE_OUTER_BOUND ( 'NONE', #2760, .T. ) ;
#1775 = ORIENTED_EDGE ( 'NONE', *, *, #2139, .F. ) ;
#1776 = DIRECTION ( 'NONE',  ( 0.000000000000000000, -1.000000000000000000, 0.000000000000000000 ) ) ;
#1777 = VECTOR ( 'NONE', #786, 1000.000000000000000 ) ;
#1778 = ORIENTED_EDGE ( 'NONE', *, *, #3294, .F. ) ;
#1779 = CARTESIAN_POINT ( 'NONE',  ( -1.423475363919561199, 9.898240103579912130, -7.776630825264615687 ) ) ;
#1780 = APPROVAL_STATUS ( 'not_yet_approved' ) ;
#1781 = ORIENTED_EDGE ( 'NONE', *, *, #196, .F. ) ;
#1782 = DIRECTION ( 'NONE',  ( 0.5976454684740245549, 0.8017604966649727327, 0.000000000000000000 ) ) ;
#1783 = EDGE_CURVE ( 'NONE', #2957, #760, #1537, .T. ) ;
#1784 = CARTESIAN_POINT ( 'NONE',  ( 0.000000000000000000, 13.00000000000000178, -7.293553330597904782 ) ) ;
#1785 = DIRECTION ( 'NONE',  ( 0.7277901400770382390, 0.6857999066831703683, 0.000000000000000000 ) ) ;
#1786 = ADVANCED_FACE ( 'NONE', ( #2581 ), #3135, .F. ) ;
#1787 = ORIENTED_EDGE ( 'NONE', *, *, #3056, .T. ) ;
#1788 = ORIENTED_EDGE ( 'NONE', *, *, #1196, .F. ) ;
#1789 = ADVANCED_FACE ( 'NONE', ( #3364 ), #775, .F. ) ;
#1790 = CARTESIAN_POINT ( 'NONE',  ( -1.708595009595019754, 0.09654301046209090575, -3.469446951953614189E-15 ) ) ;
#1791 = DIRECTION ( 'NONE',  ( 0.000000000000000000, 0.000000000000000000, 1.000000000000000000 ) ) ;
#1792 = CARTESIAN_POINT ( 'NONE',  ( 2.298391812713921123, 2.297802227183535884, 11.00000000000000000 ) ) ;
#1793 = ORIENTED_EDGE ( 'NONE', *, *, #1444, .F. ) ;
#1794 = CARTESIAN_POINT ( 'NONE',  ( -3.570831958986332211, -1.299676544637337061, 11.00000000000000000 ) ) ;
#1795 = CARTESIAN_POINT ( 'NONE',  ( -2.471980953266950110E-14, -3.799999999999710276, 11.00000000000000000 ) ) ;
#1796 = VECTOR ( 'NONE', #472, 1000.000000000000000 ) ;
#1797 = VERTEX_POINT ( 'NONE', #1066 ) ;
#1798 = LINE ( 'NONE', #3343, #2400 ) ;
#1799 = DIRECTION ( 'NONE',  ( -0.05753872311260558453, 0.9983432753029244378, 0.000000000000000000 ) ) ;
#1800 = ORIENTED_EDGE ( 'NONE', *, *, #3037, .F. ) ;
#1801 = AXIS2_PLACEMENT_3D ( 'NONE', #3177, #2678, #1615 ) ;
#1802 = LINE ( 'NONE', #1535, #1584 ) ;
#1803 = VECTOR ( 'NONE', #908, 1000.000000000000000 ) ;
#1804 = DIRECTION ( 'NONE',  ( 0.000000000000000000, -1.000000000000000000, 0.000000000000000000 ) ) ;
#1805 = ORIENTED_EDGE ( 'NONE', *, *, #2994, .F. ) ;
#1806 = PLANE ( 'NONE',  #1741 ) ;
#1807 = EDGE_CURVE ( 'NONE', #3325, #2673, #1588, .T. ) ;
#1808 = EDGE_CURVE ( 'NONE', #3209, #410, #1554, .T. ) ;
#1809 = CARTESIAN_POINT ( 'NONE',  ( 2.945676473157351261, 1.373131499706882641, -3.469446951953614189E-15 ) ) ;
#1810 = VERTEX_POINT ( 'NONE', #259 ) ;
#1811 = DIRECTION ( 'NONE',  ( -0.000000000000000000, -0.000000000000000000, -1.000000000000000000 ) ) ;
#1812 = DIRECTION ( 'NONE',  ( -0.9984074429883883495, 0.05641434024596890529, 0.000000000000000000 ) ) ;
#1813 = ORIENTED_EDGE ( 'NONE', *, *, #2701, .T. ) ;
#1814 = DIRECTION ( 'NONE',  ( -0.9189012659773666547, 0.3944875959839456714, 0.000000000000000000 ) ) ;
#1815 = CARTESIAN_POINT ( 'NONE',  ( -1.572534468152765763, 0.6750946645869143614, 11.00000000000000000 ) ) ;
#1816 = CARTESIAN_POINT ( 'NONE',  ( 1.863781898376779322, -2.662483246009831994, -3.469446951953614189E-15 ) ) ;
#1817 = LINE ( 'NONE', #2869, #281 ) ;
#1818 = AXIS2_PLACEMENT_3D ( 'NONE', #3386, #2369, #1862 ) ;
#1819 = CARTESIAN_POINT ( 'NONE',  ( 1.500064440237916630, -9.886850189996005511, -7.391705639242134751 ) ) ;
#1820 = CARTESIAN_POINT ( 'NONE',  ( -3.237596406937835347, 0.2836714750961530362, 11.00000000000000000 ) ) ;
#1821 = DIRECTION ( 'NONE',  ( 0.8364390388324225434, -0.5480599732849437133, 0.000000000000000000 ) ) ;
#1822 = EDGE_LOOP ( 'NONE', ( #2655, #565, #1974, #2693 ) ) ;
#1823 = CARTESIAN_POINT ( 'NONE',  ( 1.373887179006717973, 2.945324094112728552, 0.000000000000000000 ) ) ;
#1824 = DIRECTION ( 'NONE',  ( -0.5480599732849429362, -0.8364390388324230985, 0.000000000000000000 ) ) ;
#1825 = ORIENTED_EDGE ( 'NONE', *, *, #1392, .T. ) ;
#1826 = LINE ( 'NONE', #1090, #600 ) ;
#1827 = EDGE_CURVE ( 'NONE', #875, #698, #1306, .T. ) ;
#1828 = DIRECTION ( 'NONE',  ( 0.4503474697034444696, -0.8928533790783934609, 0.000000000000000000 ) ) ;
#1829 = CARTESIAN_POINT ( 'NONE',  ( 0.1013068290373152630, 2.500000000000000888, -5.793553330597903006 ) ) ;
#1830 = VECTOR ( 'NONE', #1221, 1000.000000000000000 ) ;
#1831 = EDGE_CURVE ( 'NONE', #860, #1908, #535, .T. ) ;
#1832 = VERTEX_POINT ( 'NONE', #2360 ) ;
#1833 = EDGE_CURVE ( 'NONE', #1646, #2592, #2423, .T. ) ;
#1834 = CALENDAR_DATE ( 2024, 26, 9 ) ;
#1835 = LINE ( 'NONE', #1288, #3235 ) ;
#1836 = CARTESIAN_POINT ( 'NONE',  ( -0.7656692609451574150, -2.387214107298289534, -8.598464140793096178 ) ) ;
#1837 = DIRECTION ( 'NONE',  ( 0.000000000000000000, 0.000000000000000000, 1.000000000000000000 ) ) ;
#1838 = LINE ( 'NONE', #2361, #1993 ) ;
#1839 = ORIENTED_EDGE ( 'NONE', *, *, #488, .T. ) ;
#1840 = VECTOR ( 'NONE', #1518, 1000.000000000000000 ) ;
#1841 = CARTESIAN_POINT ( 'NONE',  ( 1.431415177857461529, -0.9379062044154465871, 11.00000000000000000 ) ) ;
#1842 = CARTESIAN_POINT ( 'NONE',  ( -1.299676544637515807, -3.570831958986166565, 11.00000000000000000 ) ) ;
#1843 = ORIENTED_EDGE ( 'NONE', *, *, #2782, .F. ) ;
#1844 = CARTESIAN_POINT ( 'NONE',  ( -0.9379062044154328204, -1.431415177857436216, -3.469446951953614189E-15 ) ) ;
#1845 = CARTESIAN_POINT ( 'NONE',  ( 0.000000000000000000, -7.071617574365307135, -7.293553330597904782 ) ) ;
#1846 = ORIENTED_EDGE ( 'NONE', *, *, #3291, .F. ) ;
#1847 = EDGE_CURVE ( 'NONE', #36, #1810, #811, .T. ) ;
#1848 = LINE ( 'NONE', #68, #653 ) ;
#1849 = ADVANCED_FACE ( 'NONE', ( #2446 ), #3171, .F. ) ;
#1850 = LINE ( 'NONE', #2048, #925 ) ;
#1851 = ORIENTED_EDGE ( 'NONE', *, *, #2742, .F. ) ;
#1852 = ORIENTED_EDGE ( 'NONE', *, *, #2783, .T. ) ;
#1853 = CARTESIAN_POINT ( 'NONE',  ( -1.489521627295418593, -2.007966883471840269, -7.090554434505191850 ) ) ;
#1854 = CARTESIAN_POINT ( 'NONE',  ( 0.7563356266158721697, -9.972993133688168754, -8.603556879192028717 ) ) ;
#1855 = CARTESIAN_POINT ( 'NONE',  ( -1.572534468152765763, 0.6750946645869143614, -3.469446951953614189E-15 ) ) ;
#1856 = LINE ( 'NONE', #1357, #2482 ) ;
#1857 = ORIENTED_EDGE ( 'NONE', *, *, #3036, .F. ) ;
#1858 = CARTESIAN_POINT ( 'NONE',  ( -0.09925924633948596254, -10.00000000000000178, -8.793553330597907447 ) ) ;
#1859 = CARTESIAN_POINT ( 'NONE',  ( 4.356006147172515774, -4.094094385158830285, -3.999999999999999112 ) ) ;
#1860 = ORIENTED_EDGE ( 'NONE', *, *, #2845, .F. ) ;
#1861 = LINE ( 'NONE', #2895, #2236 ) ;
#1862 = DIRECTION ( 'NONE',  ( 1.000000000000000000, 0.000000000000000000, 0.000000000000000000 ) ) ;
#1863 = ORIENTED_EDGE ( 'NONE', *, *, #2534, .F. ) ;
#1864 = CARTESIAN_POINT ( 'NONE',  ( 3.570831958986307342, 1.299676544637625497, 11.00000000000000000 ) ) ;
#1865 = APPROVAL_DATE_TIME ( #2118, #1309 ) ;
#1866 = VERTEX_POINT ( 'NONE', #59 ) ;
#1867 = AXIS2_PLACEMENT_3D ( 'NONE', #91, #881, #2136 ) ;
#1868 = LINE ( 'NONE', #586, #990 ) ;
#1869 = CARTESIAN_POINT ( 'NONE',  ( -1.190846557881186207, -2.199021879824611947, -8.210659677000473167 ) ) ;
#1870 = EDGE_CURVE ( 'NONE', #578, #2673, #3187, .T. ) ;
#1871 = DIRECTION ( 'NONE',  ( 0.000000000000000000, -1.000000000000000000, 0.000000000000000000 ) ) ;
#1872 = LINE ( 'NONE', #1376, #1635 ) ;
#1873 = CARTESIAN_POINT ( 'NONE',  ( -1.665873094373936825, 0.3917707149892005747, 11.00000000000000000 ) ) ;
#1874 = EDGE_CURVE ( 'NONE', #2382, #2391, #2172, .T. ) ;
#1875 = ORIENTED_EDGE ( 'NONE', *, *, #3214, .T. ) ;
#1876 = CARTESIAN_POINT ( 'NONE',  ( -1.310570158301054500, -9.914039770776222227, -6.537829170162139825 ) ) ;
#1877 = CARTESIAN_POINT ( 'NONE',  ( 0.09824726836557015619, -1.704669384089275486, 11.00000000000000000 ) ) ;
#1878 = EDGE_LOOP ( 'NONE', ( #734, #2402, #1662, #2186 ) ) ;
#1879 = DIRECTION ( 'NONE',  ( 0.05753872311260527922, -0.9983432753029245488, 0.000000000000000000 ) ) ;
#1880 = CARTESIAN_POINT ( 'NONE',  ( 0.7656692609451574150, 2.387214107298289534, -8.598464140793096178 ) ) ;
#1881 = ORIENTED_EDGE ( 'NONE', *, *, #3252, .F. ) ;
#1882 = AXIS2_PLACEMENT_3D ( 'NONE', #457, #2716, #616 ) ;
#1883 = CIRCLE ( 'NONE', #402, 1.500000000000000222 ) ;
#1884 = DIRECTION ( 'NONE',  ( -0.000000000000000000, 0.000000000000000000, 1.000000000000000000 ) ) ;
#1885 = VERTEX_POINT ( 'NONE', #2688 ) ;
#1886 = CARTESIAN_POINT ( 'NONE',  ( -0.9264657133716717174, 2.326815175142737058, -6.098362416697526989 ) ) ;
#1887 = CARTESIAN_POINT ( 'NONE',  ( -0.7706888051795564021, 1.527958188319745725, 11.00000000000000000 ) ) ;
#1888 = CARTESIAN_POINT ( 'NONE',  ( 1.192465549249126289, -9.928798087179142584, -6.378348354579428836 ) ) ;
#1889 = DIRECTION ( 'NONE',  ( -0.9184564064876434841, -0.3955222236256829560, 0.000000000000000000 ) ) ;
#1890 = DIRECTION ( 'NONE',  ( -0.8928533790783936830, -0.4503474697034438035, 0.000000000000000000 ) ) ;
#1891 = VERTEX_POINT ( 'NONE', #2942 ) ;
#1892 = VECTOR ( 'NONE', #1448, 1000.000000000000114 ) ;
#1893 = CARTESIAN_POINT ( 'NONE',  ( 1.246803061714113481, -1.172219938826305041, -3.469446951953614189E-15 ) ) ;
#1894 = ADVANCED_FACE ( 'NONE', ( #347 ), #3208, .F. ) ;
#1895 = EDGE_CURVE ( 'NONE', #1891, #1319, #1922, .T. ) ;
#1896 = DIRECTION ( 'NONE',  ( 0.8010869125886325159, 0.5985480419141079311, -0.000000000000000000 ) ) ;
#1897 = ADVANCED_FACE ( 'NONE', ( #1674 ), #76, .F. ) ;
#1898 = AXIS2_PLACEMENT_3D ( 'NONE', #1679, #2724, #3346 ) ;
#1899 = ORIENTED_EDGE ( 'NONE', *, *, #2933, .T. ) ;
#1900 = CARTESIAN_POINT ( 'NONE',  ( -0.09824726836558633769, 1.704669384089565254, -3.469446951953614189E-15 ) ) ;
#1901 = DIRECTION ( 'NONE',  ( 0.000000000000000000, 0.000000000000000000, 1.000000000000000000 ) ) ;
#1902 = ORIENTED_EDGE ( 'NONE', *, *, #3084, .F. ) ;
#1903 = FACE_BOUND ( 'NONE', #2188, .T. ) ;
#1904 = SHAPE_DEFINITION_REPRESENTATION ( #2234, #409 ) ;
#1905 = DIRECTION ( 'NONE',  ( 1.000000000000000000, 0.000000000000000000, 0.000000000000000000 ) ) ;
#1906 = DIRECTION ( 'NONE',  ( 0.000000000000000000, 0.000000000000000000, 1.000000000000000000 ) ) ;
#1907 = DIRECTION ( 'NONE',  ( 1.000000000000000000, 0.000000000000000000, 0.000000000000000000 ) ) ;
#1908 = VERTEX_POINT ( 'NONE', #2720 ) ;
#1909 = FACE_BOUND ( 'NONE', #2292, .T. ) ;
#1910 = CARTESIAN_POINT ( 'NONE',  ( -1.370916363567872942, -1.024307465453410115, -3.469446951953614189E-15 ) ) ;
#1911 = CIRCLE ( 'NONE', #2502, 9.999999999999998224 ) ;
#1912 = VERTEX_POINT ( 'NONE', #376 ) ;
#1913 = CARTESIAN_POINT ( 'NONE',  ( 1.373131499706909286, -2.945676473157339270, 11.00000000000000000 ) ) ;
#1914 = EDGE_CURVE ( 'NONE', #111, #602, #2960, .T. ) ;
#1915 = VECTOR ( 'NONE', #2079, 1000.000000000000000 ) ;
#1916 = CARTESIAN_POINT ( 'NONE',  ( 1.299676544637468067, -3.570831958986176335, 0.000000000000000000 ) ) ;
#1917 = ORIENTED_EDGE ( 'NONE', *, *, #2705, .T. ) ;
#1918 = CARTESIAN_POINT ( 'NONE',  ( -2.257346310099018770E-16, 9.999999999999998224, -8.793553330597903894 ) ) ;
#1919 = ORIENTED_EDGE ( 'NONE', *, *, #1714, .T. ) ;
#1920 = FACE_OUTER_BOUND ( 'NONE', #2566, .T. ) ;
#1921 = LINE ( 'NONE', #587, #2627 ) ;
#1922 = LINE ( 'NONE', #2462, #3139 ) ;
#1923 = CARTESIAN_POINT ( 'NONE',  ( -1.299676544637515807, -3.570831958986166565, -3.469446951953614189E-15 ) ) ;
#1924 = ORIENTED_EDGE ( 'NONE', *, *, #1196, .T. ) ;
#1925 = DIRECTION ( 'NONE',  ( 0.9734431431420639269, -0.2289289126993337420, 0.000000000000000000 ) ) ;
#1926 = DIRECTION ( 'NONE',  ( 0.8358212765533916677, 0.5490016335682971205, 0.000000000000000000 ) ) ;
#1927 = ORIENTED_EDGE ( 'NONE', *, *, #1347, .F. ) ;
#1928 = LINE ( 'NONE', #1427, #2116 ) ;
#1929 = DIRECTION ( 'NONE',  ( -0.4503474697034441365, 0.8928533790783935720, 0.000000000000000000 ) ) ;
#1930 = VERTEX_POINT ( 'NONE', #2191 ) ;
#1931 = ADVANCED_FACE ( 'NONE', ( #3240, #897 ), #1938, .T. ) ;
#1932 = EDGE_CURVE ( 'NONE', #1531, #36, #2923, .T. ) ;
#1933 = FACE_OUTER_BOUND ( 'NONE', #283, .T. ) ;
#1934 = EDGE_CURVE ( 'NONE', #1541, #477, #2157, .T. ) ;
#1935 = EDGE_LOOP ( 'NONE', ( #2930, #777, #197, #2881 ) ) ;
#1936 = VECTOR ( 'NONE', #436, 1000.000000000000000 ) ;
#1937 = CARTESIAN_POINT ( 'NONE',  ( 7.800047896967665804E-17, 2.500000000000000000, -8.793553330597903894 ) ) ;
#1938 = CYLINDRICAL_SURFACE ( 'NONE', #1313, 9.999999999999998224 ) ;
#1939 = DIRECTION ( 'NONE',  ( -0.8010869125886330711, -0.5985480419141072650, 0.000000000000000000 ) ) ;
#1940 = VERTEX_POINT ( 'NONE', #863 ) ;
#1941 = CARTESIAN_POINT ( 'NONE',  ( 4.356006147172515774, -7.071617574365308023, -11.00000000000000000 ) ) ;
#1942 = AXIS2_PLACEMENT_3D ( 'NONE', #2414, #607, #2943 ) ;
#1943 = ORIENTED_EDGE ( 'NONE', *, *, #2682, .F. ) ;
#1944 = LINE ( 'NONE', #1666, #650 ) ;
#1945 = DIRECTION ( 'NONE',  ( 0.000000000000000000, 0.000000000000000000, 1.000000000000000000 ) ) ;
#1946 = DIRECTION ( 'NONE',  ( 0.9189012659773657665, -0.3944875959839480029, 0.000000000000000000 ) ) ;
#1947 = ORIENTED_EDGE ( 'NONE', *, *, #766, .T. ) ;
#1948 = CARTESIAN_POINT ( 'NONE',  ( 9.999999999999998224, 0.000000000000000000, -11.00000000000000000 ) ) ;
#1949 = ORIENTED_EDGE ( 'NONE', *, *, #2182, .F. ) ;
#1950 = EDGE_CURVE ( 'NONE', #3282, #2835, #1872, .T. ) ;
#1951 = EDGE_CURVE ( 'NONE', #2711, #290, #588, .T. ) ;
#1952 = CARTESIAN_POINT ( 'NONE',  ( 0.9151926497573540376, 9.958366194997154253, -6.101093877402703924 ) ) ;
#1953 = VERTEX_POINT ( 'NONE', #1625 ) ;
#1954 = DIRECTION ( 'NONE',  ( 0.8933599996659957743, -0.4493416417346291492, 0.000000000000000000 ) ) ;
#1955 = AXIS2_PLACEMENT_3D ( 'NONE', #3216, #2453, #1159 ) ;
#1956 = EDGE_LOOP ( 'NONE', ( #1169, #1852 ) ) ;
#1957 = DIRECTION ( 'NONE',  ( -1.000000000000000000, 9.955928764602502130E-17, 0.000000000000000000 ) ) ;
#1958 = LINE ( 'NONE', #2998, #21 ) ;
#1959 = LINE ( 'NONE', #1384, #780 ) ;
#1960 = EDGE_LOOP ( 'NONE', ( #1204, #1788, #415, #3125 ) ) ;
#1961 = DIRECTION ( 'NONE',  ( 0.5985480419141069319, -0.8010869125886331821, 0.000000000000000000 ) ) ;
#1962 = EDGE_LOOP ( 'NONE', ( #1165, #2977, #2196, #1420 ) ) ;
#1963 = CARTESIAN_POINT ( 'NONE',  ( -7.800047896967665804E-17, -2.500000000000000000, -8.793553330597903894 ) ) ;
#1964 = EDGE_LOOP ( 'NONE', ( #2009, #797, #923, #1110 ) ) ;
#1965 = EDGE_CURVE ( 'NONE', #1341, #261, #1607, .T. ) ;
#1966 = CARTESIAN_POINT ( 'NONE',  ( -1.864464907231082380, -2.662004998061386019, 11.00000000000000000 ) ) ;
#1967 = FACE_OUTER_BOUND ( 'NONE', #1157, .T. ) ;
#1968 = EDGE_CURVE ( 'NONE', #2205, #698, #311, .T. ) ;
#1969 = EDGE_CURVE ( 'NONE', #1359, #548, #330, .T. ) ;
#1970 = ORIENTED_EDGE ( 'NONE', *, *, #2594, .T. ) ;
#1971 = FACE_OUTER_BOUND ( 'NONE', #3350, .T. ) ;
#1972 = CARTESIAN_POINT ( 'NONE',  ( -2.662483246009963445, -1.863781898376591029, -3.469446951953614189E-15 ) ) ;
#1973 = CARTESIAN_POINT ( 'NONE',  ( -0.1992580604730269656, -1.695832084886101931, -3.469446951953614189E-15 ) ) ;
#1974 = ORIENTED_EDGE ( 'NONE', *, *, #2263, .F. ) ;
#1975 = AXIS2_PLACEMENT_3D ( 'NONE', #2714, #1668, #1146 ) ;
#1976 = DIRECTION ( 'NONE',  ( -0.8010869125886331821, -0.5985480419141069319, 0.000000000000000000 ) ) ;
#1977 = ORIENTED_EDGE ( 'NONE', *, *, #1124, .T. ) ;
#1978 = CARTESIAN_POINT ( 'NONE',  ( 1.420279136525753216, -2.057880962952096215, -6.801281420456406046 ) ) ;
#1979 = ORIENTED_EDGE ( 'NONE', *, *, #675, .F. ) ;
#1980 = PLANE ( 'NONE',  #2163 ) ;
#1981 = CARTESIAN_POINT ( 'NONE',  ( -1.525410625857867242, 0.7672500617877267004, 11.00000000000000000 ) ) ;
#1982 = AXIS2_PLACEMENT_3D ( 'NONE', #242, #2310, #2067 ) ;
#1983 = ORIENTED_EDGE ( 'NONE', *, *, #3357, .T. ) ;
#1984 = VERTEX_POINT ( 'NONE', #3305 ) ;
#1985 = EDGE_CURVE ( 'NONE', #369, #788, #392, .T. ) ;
#1986 = PLANE ( 'NONE',  #2227 ) ;
#1987 = EDGE_CURVE ( 'NONE', #3226, #1632, #2522, .T. ) ;
#1988 = EDGE_CURVE ( 'NONE', #2433, #1891, #3257, .T. ) ;
#1989 = CARTESIAN_POINT ( 'NONE',  ( 4.356006147172517551, 7.181896211002738895, -3.999999999999999112 ) ) ;
#1990 = CARTESIAN_POINT ( 'NONE',  ( 0.000000000000000000, 13.00000000000000178, -8.793553330597903894 ) ) ;
#1991 = VERTEX_POINT ( 'NONE', #156 ) ;
#1992 = FACE_OUTER_BOUND ( 'NONE', #3337, .T. ) ;
#1993 = VECTOR ( 'NONE', #1067, 1000.000000000000114 ) ;
#1994 = CARTESIAN_POINT ( 'NONE',  ( 0.3917707149892210028, 1.665873094374028529, -3.469446951953614189E-15 ) ) ;
#1995 = DIRECTION ( 'NONE',  ( -0.000000000000000000, 0.000000000000000000, 1.000000000000000000 ) ) ;
#1996 = VERTEX_POINT ( 'NONE', #1502 ) ;
#1997 = VECTOR ( 'NONE', #2466, 1000.000000000000000 ) ;
#1998 = PRODUCT_DEFINITION_FORMATION_WITH_SPECIFIED_SOURCE ( 'ANY', '', #1171, .NOT_KNOWN. ) ;
#1999 = APPROVAL_ROLE ( '' ) ;
#2000 = DIRECTION ( 'NONE',  ( 0.5490016335682975646, -0.8358212765533913347, 0.000000000000000000 ) ) ;
#2001 = ORIENTED_EDGE ( 'NONE', *, *, #1244, .T. ) ;
#2002 = DIRECTION ( 'NONE',  ( -0.000000000000000000, 0.000000000000000000, -1.000000000000000000 ) ) ;
#2003 = CARTESIAN_POINT ( 'NONE',  ( 0.4907090339736754347, 1.635467785916367323, 11.00000000000000000 ) ) ;
#2004 = LINE ( 'NONE', #195, #2314 ) ;
#2005 = ORIENTED_EDGE ( 'NONE', *, *, #1284, .F. ) ;
#2006 = DIRECTION ( 'NONE',  ( 0.6857999066831698132, -0.7277901400770386831, 0.000000000000000000 ) ) ;
#2007 = LINE ( 'NONE', #3316, #843 ) ;
#2008 = CARTESIAN_POINT ( 'NONE',  ( -1.699402130040331693, -0.2016181045847721121, -3.469446951953614189E-15 ) ) ;
#2009 = ORIENTED_EDGE ( 'NONE', *, *, #420, .T. ) ;
#2010 = FACE_OUTER_BOUND ( 'NONE', #1639, .T. ) ;
#2011 = ADVANCED_FACE ( 'NONE', ( #3042 ), #2223, .F. ) ;
#2012 = DIRECTION ( 'NONE',  ( 0.000000000000000000, -1.000000000000000000, 0.000000000000000000 ) ) ;
#2013 = ORIENTED_EDGE ( 'NONE', *, *, #1222, .F. ) ;
#2014 = CARTESIAN_POINT ( 'NONE',  ( 0.000000000000000000, 0.000000000000000000, 0.000000000000000000 ) ) ;
#2015 = VECTOR ( 'NONE', #1095, 999.9999999999998863 ) ;
#2016 = CARTESIAN_POINT ( 'NONE',  ( 1.451875317899896212, 9.894060554880320879, -6.904079822589790361 ) ) ;
#2017 = ORIENTED_EDGE ( 'NONE', *, *, #469, .T. ) ;
#2018 = CARTESIAN_POINT ( 'NONE',  ( -0.9379062044154328204, -1.431415177857436216, 11.00000000000000000 ) ) ;
#2019 = EDGE_CURVE ( 'NONE', #1711, #2811, #2198, .T. ) ;
#2020 = ORIENTED_EDGE ( 'NONE', *, *, #2303, .T. ) ;
#2021 = DIRECTION ( 'NONE',  ( 1.000000000000000000, 0.000000000000000000, 0.000000000000000000 ) ) ;
#2022 = CARTESIAN_POINT ( 'NONE',  ( 3.139366811252170208, 0.8407591952565147686, 0.000000000000000000 ) ) ;
#2023 = AXIS2_PLACEMENT_3D ( 'NONE', #636, #1622, #2651 ) ;
#2024 = LINE ( 'NONE', #2504, #1172 ) ;
#2025 = CIRCLE ( 'NONE', #2193, 2.500000000000000000 ) ;
#2026 = ORIENTED_EDGE ( 'NONE', *, *, #115, .T. ) ;
#2027 = DIRECTION ( 'NONE',  ( 0.000000000000000000, 0.000000000000000000, 1.000000000000000000 ) ) ;
#2028 = FACE_OUTER_BOUND ( 'NONE', #522, .T. ) ;
#2029 = VERTEX_POINT ( 'NONE', #1028 ) ;
#2030 = EDGE_CURVE ( 'NONE', #998, #967, #547, .T. ) ;
#2031 = ORIENTED_EDGE ( 'NONE', *, *, #1015, .F. ) ;
#2032 = LINE ( 'NONE', #2309, #3030 ) ;
#2033 = LINE ( 'NONE', #3274, #907 ) ;
#2034 = DIRECTION ( 'NONE',  ( -9.955928764602502130E-17, -1.000000000000000000, 0.000000000000000000 ) ) ;
#2035 = EDGE_LOOP ( 'NONE', ( #454, #3182, #2700, #2984 ) ) ;
#2036 = ORIENTED_EDGE ( 'NONE', *, *, #2704, .F. ) ;
#2037 = DIRECTION ( 'NONE',  ( 0.2873847965889654854, 0.9578152111391419199, -0.000000000000000000 ) ) ;
#2038 = VECTOR ( 'NONE', #1495, 1000.000000000000114 ) ;
#2039 = AXIS2_PLACEMENT_3D ( 'NONE', #2267, #437, #3318 ) ;
#2040 = DIRECTION ( 'NONE',  ( 0.000000000000000000, 0.000000000000000000, 1.000000000000000000 ) ) ;
#2041 = PLANE ( 'NONE',  #1281 ) ;
#2042 = ORIENTED_EDGE ( 'NONE', *, *, #2742, .T. ) ;
#2043 = CARTESIAN_POINT ( 'NONE',  ( 0.6598630751342864365, -3.742269461446105616, 11.00000000000000000 ) ) ;
#2044 = CARTESIAN_POINT ( 'NONE',  ( 1.568262696300777082, 0.6753535001646673308, -3.469446951953614189E-15 ) ) ;
#2045 = VECTOR ( 'NONE', #160, 1000.000000000000114 ) ;
#2046 = ORIENTED_EDGE ( 'NONE', *, *, #2533, .F. ) ;
#2047 = CARTESIAN_POINT ( 'NONE',  ( -1.302331136844570469, 9.914985599966621876, -8.044250041249368266 ) ) ;
#2048 = CARTESIAN_POINT ( 'NONE',  ( -1.899999999999931299, 3.290896534380891580, -3.469446951953614189E-15 ) ) ;
#2049 = EDGE_CURVE ( 'NONE', #36, #450, #3359, .T. ) ;
#2050 = DIRECTION ( 'NONE',  ( 0.6857999066831699242, -0.7277901400770385720, 0.000000000000000000 ) ) ;
#2051 = CARTESIAN_POINT ( 'NONE',  ( -1.458369328185115998, -2.032591660902660191, -7.695207949282568904 ) ) ;
#2052 = EDGE_CURVE ( 'NONE', #2213, #103, #1850, .T. ) ;
#2053 = CARTESIAN_POINT ( 'NONE',  ( -0.6598630751343098622, 3.742269461446395162, -3.469446951953614189E-15 ) ) ;
#2054 = ORIENTED_EDGE ( 'NONE', *, *, #1655, .T. ) ;
#2055 = DIRECTION ( 'NONE',  ( -0.000000000000000000, -0.000000000000000000, -1.000000000000000000 ) ) ;
#2056 = CARTESIAN_POINT ( 'NONE',  ( -0.6750946645868359797, -1.572534468152593901, -3.469446951953614189E-15 ) ) ;
#2057 = VERTEX_POINT ( 'NONE', #1047 ) ;
#2058 = DIRECTION ( 'NONE',  ( 0.9931676920997074554, -0.1166959098226702102, 0.000000000000000000 ) ) ;
#2059 = FACE_OUTER_BOUND ( 'NONE', #1718, .T. ) ;
#2060 = CARTESIAN_POINT ( 'NONE',  ( -1.024307465453522692, 1.370916363568029928, 11.00000000000000000 ) ) ;
#2061 = ORIENTED_EDGE ( 'NONE', *, *, #278, .F. ) ;
#2062 = AXIS2_PLACEMENT_3D ( 'NONE', #394, #3272, #2175 ) ;
#2063 = EDGE_LOOP ( 'NONE', ( #2632, #984, #2633, #1431 ) ) ;
#2064 = AXIS2_PLACEMENT_3D ( 'NONE', #2383, #14, #541 ) ;
#2065 = CARTESIAN_POINT ( 'NONE',  ( 1.708595009594974679, -0.09654301046209022574, -3.469446951953614189E-15 ) ) ;
#2066 = AXIS2_PLACEMENT_3D ( 'NONE', #1079, #2424, #325 ) ;
#2067 = DIRECTION ( 'NONE',  ( 0.9578152111391420309, -0.2873847965889650968, 0.000000000000000000 ) ) ;
#2068 = PLANE ( 'NONE',  #1446 ) ;
#2069 = EDGE_CURVE ( 'NONE', #2864, #103, #2291, .T. ) ;
#2070 = ORIENTED_EDGE ( 'NONE', *, *, #1489, .F. ) ;
#2071 = DIRECTION ( 'NONE',  ( 0.5490016335682971205, -0.8358212765533916677, 0.000000000000000000 ) ) ;
#2072 = ADVANCED_FACE ( 'NONE', ( #1533 ), #874, .F. ) ;
#2073 = CARTESIAN_POINT ( 'NONE',  ( -0.8415645840686710732, -3.139151007970359952, 0.000000000000000000 ) ) ;
#2074 = EDGE_CURVE ( 'NONE', #1556, #2791, #2737, .T. ) ;
#2075 = EDGE_LOOP ( 'NONE', ( #2755, #635, #2061, #2374 ) ) ;
#2076 = FACE_OUTER_BOUND ( 'NONE', #1591, .T. ) ;
#2077 = DIRECTION ( 'NONE',  ( -0.3944875959839471147, -0.9189012659773662106, 0.000000000000000000 ) ) ;
#2078 = ORIENTED_EDGE ( 'NONE', *, *, #805, .F. ) ;
#2079 = DIRECTION ( 'NONE',  ( 0.000000000000000000, -1.000000000000000000, 0.000000000000000000 ) ) ;
#2080 = VERTEX_POINT ( 'NONE', #413 ) ;
#2081 = CARTESIAN_POINT ( 'NONE',  ( -0.3985109438183657149, -2.469983182760677742, -8.743062088246565722 ) ) ;
#2082 = VECTOR ( 'NONE', #542, 1000.000000000000000 ) ;
#2083 = FACE_OUTER_BOUND ( 'NONE', #45, .T. ) ;
#2084 = LINE ( 'NONE', #796, #2754 ) ;
#2085 = ORIENTED_EDGE ( 'NONE', *, *, #1739, .T. ) ;
#2086 = DIRECTION ( 'NONE',  ( -0.5985480419141079311, 0.8010869125886325159, 0.000000000000000000 ) ) ;
#2087 = CARTESIAN_POINT ( 'NONE',  ( 1.661711166661391292, 0.3927674036704330573, 11.00000000000000000 ) ) ;
#2088 = EDGE_CURVE ( 'NONE', #2680, #3025, #1473, .T. ) ;
#2089 = VECTOR ( 'NONE', #1397, 1000.000000000000000 ) ;
#2090 = VERTEX_POINT ( 'NONE', #1285 ) ;
#2091 = CARTESIAN_POINT ( 'NONE',  ( 3.570831958986307342, 1.299676544637625719, 0.000000000000000000 ) ) ;
#2092 = EDGE_CURVE ( 'NONE', #1490, #450, #1798, .T. ) ;
#2093 = EDGE_CURVE ( 'NONE', #1632, #3226, #363, .T. ) ;
#2094 = LINE ( 'NONE', #1366, #1757 ) ;
#2095 = AXIS2_PLACEMENT_3D ( 'NONE', #746, #1804, #2124 ) ;
#2096 = ORIENTED_EDGE ( 'NONE', *, *, #1468, .F. ) ;
#2097 = CARTESIAN_POINT ( 'NONE',  ( -0.4936531555475567323, 1.638573776703514229, -3.469446951953614189E-15 ) ) ;
#2098 = VECTOR ( 'NONE', #414, 1000.000000000000000 ) ;
#2099 = COORDINATED_UNIVERSAL_TIME_OFFSET ( 9, 0, .AHEAD. ) ;
#2100 = EDGE_LOOP ( 'NONE', ( #204, #1902, #3361, #122 ) ) ;
#2101 = ORIENTED_EDGE ( 'NONE', *, *, #3252, .T. ) ;
#2102 = DIRECTION ( 'NONE',  ( 0.000000000000000000, 0.000000000000000000, 1.000000000000000000 ) ) ;
#2103 = CARTESIAN_POINT ( 'NONE',  ( 0.9216291199941163415, -9.958411348013225250, -6.094041354393206156 ) ) ;
#2104 = CARTESIAN_POINT ( 'NONE',  ( 0.000000000000000000, -4.094094385158831173, -7.293553330597904782 ) ) ;
#2105 = DIRECTION ( 'NONE',  ( 0.9189012659773658775, -0.3944875959839476143, 0.000000000000000000 ) ) ;
#2106 = LOCAL_TIME ( 23, 15, 51.00000000000000000, #2321 ) ;
#2107 = EDGE_LOOP ( 'NONE', ( #442, #471, #2969, #2658 ) ) ;
#2108 = DIRECTION ( 'NONE',  ( 0.000000000000000000, 0.000000000000000000, 1.000000000000000000 ) ) ;
#2109 = CARTESIAN_POINT ( 'NONE',  ( -2.257346310099018770E-16, 9.999999999999998224, -8.793553330597903894 ) ) ;
#2110 = ORIENTED_EDGE ( 'NONE', *, *, #2203, .T. ) ;
#2111 = LINE ( 'NONE', #3142, #3111 ) ;
#2112 = CARTESIAN_POINT ( 'NONE',  ( 1.344719667199252289, 2.108031429079762820, -7.965320328278641782 ) ) ;
#2113 = VERTEX_POINT ( 'NONE', #2699 ) ;
#2114 = EDGE_CURVE ( 'NONE', #2535, #16, #2880, .T. ) ;
#2115 = VECTOR ( 'NONE', #187, 1000.000000000000114 ) ;
#2116 = VECTOR ( 'NONE', #147, 1000.000000000000000 ) ;
#2117 = LINE ( 'NONE', #2899, #2996 ) ;
#2118 = DATE_AND_TIME ( #1834, #2710 ) ;
#2119 = VERTEX_POINT ( 'NONE', #341 ) ;
#2120 = B_SPLINE_CURVE_WITH_KNOTS ( 'NONE', 3,
 ( #2662, #1829, #2863, #803, #2897, #3179, #2628, #1092, #1562, #2610, #267, #1316, #32, #286, #15, #1059, #1331, #2112, #2646, #1349, #2384, #835, #1880, #581, #1618, #320, #2404, #66 ),
 .UNSPECIFIED., .F., .F.,
 ( 4, 2, 2, 2, 2, 2, 2, 2, 2, 2, 2, 2, 2, 4 ),
 ( 0.004812385841382493812, 0.005112562375842386909, 0.005412738910302279140, 0.006013091979222064468, 0.006313268513681957565, 0.006613445048141851530, 0.006913621582601744628, 0.007213798117061637726, 0.007814151185981423053, 0.008114327720441315284, 0.008414504254901209249, 0.009014857323820995444, 0.009315033858280887674, 0.009615210392740781639 ),
 .UNSPECIFIED. ) ;
#2121 = FACE_OUTER_BOUND ( 'NONE', #2100, .T. ) ;
#2122 = DIRECTION ( 'NONE',  ( -0.9574909474504659235, -0.2884633175126590232, 0.000000000000000000 ) ) ;
#2123 = CYLINDRICAL_SURFACE ( 'NONE', #3360, 1.499999999999999556 ) ;
#2124 = DIRECTION ( 'NONE',  ( 0.000000000000000000, 0.000000000000000000, -1.000000000000000000 ) ) ;
#2125 = LINE ( 'NONE', #1873, #2372 ) ;
#2126 = ORIENTED_EDGE ( 'NONE', *, *, #2221, .T. ) ;
#2127 = CARTESIAN_POINT ( 'NONE',  ( -0.3900199438764302418, -9.992855410637270452, -5.841823041992844523 ) ) ;
#2128 = CARTESIAN_POINT ( 'NONE',  ( 2.298391812713921123, 2.297802227183535884, -3.469446951953614189E-15 ) ) ;
#2129 = EDGE_LOOP ( 'NONE', ( #2876, #3064, #2289, #1560 ) ) ;
#2130 = DIRECTION ( 'NONE',  ( 0.05753872311260528616, -0.9983432753029245488, 0.000000000000000000 ) ) ;
#2131 = DIRECTION ( 'NONE',  ( -0.8358212765533916677, -0.5490016335682972315, 0.000000000000000000 ) ) ;
#2132 = VERTEX_POINT ( 'NONE', #1581 ) ;
#2133 = LINE ( 'NONE', #3181, #1519 ) ;
#2134 = ORIENTED_EDGE ( 'NONE', *, *, #2511, .T. ) ;
#2135 = CARTESIAN_POINT ( 'NONE',  ( -1.306335962402035422, 2.133474384931910883, -8.055957133124994840 ) ) ;
#2136 = DIRECTION ( 'NONE',  ( 0.8933599996659958853, -0.4493416417346291492, 0.000000000000000000 ) ) ;
#2137 = EDGE_CURVE ( 'NONE', #70, #1930, #35, .T. ) ;
#2138 = CARTESIAN_POINT ( 'NONE',  ( 0.7545655108845737979, -9.973130486209882406, -5.982517046577716435 ) ) ;
#2139 = EDGE_CURVE ( 'NONE', #822, #1026, #2443, .T. ) ;
#2140 = CARTESIAN_POINT ( 'NONE',  ( 0.3927674036703946436, -1.661711166661232530, -3.469446951953614189E-15 ) ) ;
#2141 = DIRECTION ( 'NONE',  ( -0.4503474697034438035, 0.8928533790783936830, 0.000000000000000000 ) ) ;
#2142 = ORIENTED_EDGE ( 'NONE', *, *, #368, .T. ) ;
#2143 = VECTOR ( 'NONE', #2149, 1000.000000000000000 ) ;
#2144 = CARTESIAN_POINT ( 'NONE',  ( -0.4841012862849226051, -9.988689508439946962, -8.716687341314123927 ) ) ;
#2145 = DIRECTION ( 'NONE',  ( 0.000000000000000000, 0.000000000000000000, -1.000000000000000000 ) ) ;
#2146 = ORIENTED_EDGE ( 'NONE', *, *, #2320, .T. ) ;
#2147 = LINE ( 'NONE', #2625, #2340 ) ;
#2148 = DIRECTION ( 'NONE',  ( -0.000000000000000000, 1.000000000000000000, -0.000000000000000000 ) ) ;
#2149 = DIRECTION ( 'NONE',  ( 0.000000000000000000, 0.000000000000000000, 1.000000000000000000 ) ) ;
#2150 = VERTEX_POINT ( 'NONE', #1864 ) ;
#2151 = VECTOR ( 'NONE', #1945, 1000.000000000000000 ) ;
#2152 = VECTOR ( 'NONE', #216, 999.9999999999998863 ) ;
#2153 = LINE ( 'NONE', #1601, #544 ) ;
#2154 = ORIENTED_EDGE ( 'NONE', *, *, #1987, .T. ) ;
#2155 = DIRECTION ( 'NONE',  ( -0.000000000000000000, 0.000000000000000000, 1.000000000000000000 ) ) ;
#2156 = DIRECTION ( 'NONE',  ( 0.000000000000000000, -1.000000000000000000, 0.000000000000000000 ) ) ;
#2157 = LINE ( 'NONE', #827, #1745 ) ;
#2158 = ORIENTED_EDGE ( 'NONE', *, *, #700, .T. ) ;
#2159 = AXIS2_PLACEMENT_3D ( 'NONE', #441, #1671, #2717 ) ;
#2160 = EDGE_CURVE ( 'NONE', #2029, #2835, #2560, .T. ) ;
#2161 = CARTESIAN_POINT ( 'NONE',  ( 2.910968883852000921, 2.442592916808890902, 0.000000000000000000 ) ) ;
#2162 = CARTESIAN_POINT ( 'NONE',  ( -1.699402130040331693, -0.2016181045847721121, -3.469446951953614189E-15 ) ) ;
#2163 = AXIS2_PLACEMENT_3D ( 'NONE', #2564, #447, #2002 ) ;
#2164 = ORIENTED_EDGE ( 'NONE', *, *, #2219, .F. ) ;
#2165 = CARTESIAN_POINT ( 'NONE',  ( 4.356006147172517551, 4.204373021796261156, -3.999999999999999112 ) ) ;
#2166 = LINE ( 'NONE', #1701, #2576 ) ;
#2167 = ORIENTED_EDGE ( 'NONE', *, *, #486, .F. ) ;
#2168 = DIRECTION ( 'NONE',  ( 0.000000000000000000, 0.000000000000000000, 1.000000000000000000 ) ) ;
#2169 = ORIENTED_EDGE ( 'NONE', *, *, #2991, .F. ) ;
#2170 = CARTESIAN_POINT ( 'NONE',  ( -1.499929968307263772, 2.000052523766534751, -7.497267171671897046 ) ) ;
#2171 = CARTESIAN_POINT ( 'NONE',  ( -0.2016181045847988407, 1.699402130040492676, 11.00000000000000000 ) ) ;
#2172 = LINE ( 'NONE', #1409, #792 ) ;
#2173 = CARTESIAN_POINT ( 'NONE',  ( 0.2836714750960591669, 3.237596406937842453, 11.00000000000000000 ) ) ;
#2174 = ORIENTED_EDGE ( 'NONE', *, *, #1655, .F. ) ;
#2175 = DIRECTION ( 'NONE',  ( -0.2873847965889647083, -0.9578152111391421419, 0.000000000000000000 ) ) ;
#2176 = EDGE_CURVE ( 'NONE', #391, #719, #2117, .T. ) ;
#2177 = CARTESIAN_POINT ( 'NONE',  ( 0.6753535001645950553, -1.568262696300607661, -3.469446951953614189E-15 ) ) ;
#2178 = CARTESIAN_POINT ( 'NONE',  ( -0.9374193223017981413, 1.427163357492329032, 11.00000000000000000 ) ) ;
#2179 = VECTOR ( 'NONE', #127, 1000.000000000000000 ) ;
#2180 = EDGE_LOOP ( 'NONE', ( #2296, #2980, #1704, #1619 ) ) ;
#2181 = PLANE ( 'NONE',  #1514 ) ;
#2182 = EDGE_CURVE ( 'NONE', #2883, #2795, #1386, .T. ) ;
#2183 = ADVANCED_FACE ( 'NONE', ( #545 ), #1371, .T. ) ;
#2184 = AXIS2_PLACEMENT_3D ( 'NONE', #357, #3149, #2630 ) ;
#2185 = PLANE ( 'NONE',  #619 ) ;
#2186 = ORIENTED_EDGE ( 'NONE', *, *, #3105, .T. ) ;
#2187 = DIRECTION ( 'NONE',  ( -0.05641434024596968244, -0.9984074429883884605, 0.000000000000000000 ) ) ;
#2188 = EDGE_LOOP ( 'NONE', ( #2663, #910 ) ) ;
#2189 = CARTESIAN_POINT ( 'NONE',  ( -1.527958188319576749, -0.7706888051794704708, -3.469446951953614189E-15 ) ) ;
#2190 = VECTOR ( 'NONE', #1081, 1000.000000000000000 ) ;
#2191 = CARTESIAN_POINT ( 'NONE',  ( -3.139151007970307550, 0.8415645840688649182, 0.000000000000000000 ) ) ;
#2192 = DIRECTION ( 'NONE',  ( -0.9578152111391419199, 0.2873847965889654299, 0.000000000000000000 ) ) ;
#2193 = AXIS2_PLACEMENT_3D ( 'NONE', #3152, #550, #3169 ) ;
#2194 = ORIENTED_EDGE ( 'NONE', *, *, #2739, .T. ) ;
#2195 = CARTESIAN_POINT ( 'NONE',  ( -0.4936531555475567323, 1.638573776703514229, 11.00000000000000000 ) ) ;
#2196 = ORIENTED_EDGE ( 'NONE', *, *, #466, .F. ) ;
#2197 = DIRECTION ( 'NONE',  ( 0.05641434024596860691, 0.9984074429883884605, 0.000000000000000000 ) ) ;
#2198 = B_SPLINE_CURVE_WITH_KNOTS ( 'NONE', 3,
 ( #1963, #912, #2240, #705, #3003, #669, #1705, #3285, #1235, #2750, #408, #1451, #941, #2785, #1978, #1726, #2765, #425, #2513, #191, #224, #2307 ),
 .UNSPECIFIED., .F., .F.,
 ( 4, 2, 2, 2, 2, 2, 2, 2, 2, 2, 4 ),
 ( 7.557645528110681767E-20, 0.0003007741150864065680, 0.0006015482301728131359, 0.001203096460345625838, 0.001804644690518438866, 0.002406192920691251676, 0.002706967035777657106, 0.003007741150864062536, 0.003609289381036872961, 0.004210837611209682953, 0.004812385841382493812 ),
 .UNSPECIFIED. ) ;
#2199 = FACE_OUTER_BOUND ( 'NONE', #1702, .T. ) ;
#2200 = CARTESIAN_POINT ( 'NONE',  ( 4.356006147172517551, 7.181896211002738895, -11.00000000000000000 ) ) ;
#2201 = EDGE_CURVE ( 'NONE', #1696, #3159, #2153, .T. ) ;
#2202 = ORIENTED_EDGE ( 'NONE', *, *, #1985, .F. ) ;
#2203 = EDGE_CURVE ( 'NONE', #2276, #2891, #2648, .T. ) ;
#2204 = CARTESIAN_POINT ( 'NONE',  ( 1.370916363567994178, 1.024307465453497601, -3.469446951953614189E-15 ) ) ;
#2205 = VERTEX_POINT ( 'NONE', #2407 ) ;
#2206 = VECTOR ( 'NONE', #231, 999.9999999999998863 ) ;
#2207 = VECTOR ( 'NONE', #3348, 1000.000000000000000 ) ;
#2208 = CARTESIAN_POINT ( 'NONE',  ( 0.1974913894783131840, 9.998513487794365773, -5.803374301569300009 ) ) ;
#2209 = CARTESIAN_POINT ( 'NONE',  ( -1.525410625857867242, 0.7672500617877267004, -3.469446951953614189E-15 ) ) ;
#2210 = VERTEX_POINT ( 'NONE', #1641 ) ;
#2211 = CARTESIAN_POINT ( 'NONE',  ( -0.8415645840686710732, -3.139151007970359952, 11.00000000000000000 ) ) ;
#2212 = VECTOR ( 'NONE', #2831, 999.9999999999998863 ) ;
#2213 = VERTEX_POINT ( 'NONE', #806 ) ;
#2214 = LINE ( 'NONE', #2694, #1358 ) ;
#2215 = CARTESIAN_POINT ( 'NONE',  ( 1.836970198721029934E-16, -7.071617574365307135, -5.793553330597903894 ) ) ;
#2216 = DIRECTION ( 'NONE',  ( 0.000000000000000000, 0.000000000000000000, 1.000000000000000000 ) ) ;
#2217 = ORIENTED_EDGE ( 'NONE', *, *, #1124, .F. ) ;
#2218 = DIRECTION ( 'NONE',  ( -0.5490016335682971205, 0.8358212765533916677, 0.000000000000000000 ) ) ;
#2219 = EDGE_CURVE ( 'NONE', #290, #2567, #1848, .T. ) ;
#2220 = ORIENTED_EDGE ( 'NONE', *, *, #136, .F. ) ;
#2221 = EDGE_CURVE ( 'NONE', #261, #2382, #1405, .T. ) ;
#2222 = EDGE_CURVE ( 'NONE', #3209, #611, #306, .T. ) ;
#2223 = PLANE ( 'NONE',  #879 ) ;
#2224 = EDGE_LOOP ( 'NONE', ( #186, #1573, #660, #1813 ) ) ;
#2225 = CARTESIAN_POINT ( 'NONE',  ( 0.7672500617877539009, 1.525410625857913427, 11.00000000000000000 ) ) ;
#2226 = CYLINDRICAL_SURFACE ( 'NONE', #1552, 1.499999999999999556 ) ;
#2227 = AXIS2_PLACEMENT_3D ( 'NONE', #1261, #2771, #2265 ) ;
#2228 = CARTESIAN_POINT ( 'NONE',  ( -0.1992580604730269656, -1.695832084886101931, 11.00000000000000000 ) ) ;
#2229 = ORIENTED_EDGE ( 'NONE', *, *, #2428, .F. ) ;
#2230 = ORIENTED_EDGE ( 'NONE', *, *, #10, .F. ) ;
#2231 = CARTESIAN_POINT ( 'NONE',  ( 3.742269461446237511, 0.6598630751344430889, -3.469446951953614189E-15 ) ) ;
#2232 = CARTESIAN_POINT ( 'NONE',  ( -0.8407591952562818438, 3.139366811252232825, -3.469446951953614189E-15 ) ) ;
#2233 = CARTESIAN_POINT ( 'NONE',  ( -1.431415177857607635, 0.9379062044155440647, -3.469446951953614189E-15 ) ) ;
#2234 = PRODUCT_DEFINITION_SHAPE ( 'NONE', 'NONE',  #784 ) ;
#2235 = ORIENTED_EDGE ( 'NONE', *, *, #2704, .T. ) ;
#2236 = VECTOR ( 'NONE', #2981, 1000.000000000000000 ) ;
#2237 = VECTOR ( 'NONE', #2187, 999.9999999999998863 ) ;
#2238 = CARTESIAN_POINT ( 'NONE',  ( 0.000000000000000000, 0.000000000000000000, -11.00000000000000000 ) ) ;
#2239 = VERTEX_POINT ( 'NONE', #2390 ) ;
#2240 = CARTESIAN_POINT ( 'NONE',  ( 0.2015595249498391972, -2.493804372946069936, -8.783290640513525815 ) ) ;
#2241 = EDGE_CURVE ( 'NONE', #625, #369, #858, .T. ) ;
#2242 = EDGE_CURVE ( 'NONE', #2582, #2883, #2133, .T. ) ;
#2243 = VERTEX_POINT ( 'NONE', #1133 ) ;
#2244 = LINE ( 'NONE', #2804, #1724 ) ;
#2245 = ADVANCED_FACE ( 'NONE', ( #1903, #2683 ), #3219, .T. ) ;
#2246 = EDGE_LOOP ( 'NONE', ( #2945, #374, #1621, #3260 ) ) ;
#2247 = ORIENTED_EDGE ( 'NONE', *, *, #2552, .T. ) ;
#2248 = CARTESIAN_POINT ( 'NONE',  ( 0.09654301046210281290, 1.708595009595132552, -3.469446951953614189E-15 ) ) ;
#2249 = CARTESIAN_POINT ( 'NONE',  ( 3.139151007970394147, -0.8415645840685431756, -3.469446951953614189E-15 ) ) ;
#2250 = DIRECTION ( 'NONE',  ( 0.000000000000000000, 0.000000000000000000, 1.000000000000000000 ) ) ;
#2251 = ORIENTED_EDGE ( 'NONE', *, *, #152, .F. ) ;
#2252 = PLANE ( 'NONE',  #2023 ) ;
#2253 = VECTOR ( 'NONE', #2131, 1000.000000000000000 ) ;
#2254 = CARTESIAN_POINT ( 'NONE',  ( 3.290896534380722827, -1.899999999999792966, -3.469446951953614189E-15 ) ) ;
#2255 = CARTESIAN_POINT ( 'NONE',  ( -3.139366811252236378, -0.8407591952562681881, 0.000000000000000000 ) ) ;
#2256 = VERTEX_POINT ( 'NONE', #651 ) ;
#2257 = PERSON_AND_ORGANIZATION ( #1709, #2440 ) ;
#2258 = CARTESIAN_POINT ( 'NONE',  ( 0.7528509329413346496, 9.971953185439719647, -5.992495066547501636 ) ) ;
#2259 = ORIENTED_EDGE ( 'NONE', *, *, #575, .T. ) ;
#2260 = DIRECTION ( 'NONE',  ( 0.9983432753029245488, 0.05753872311260527922, 0.000000000000000000 ) ) ;
#2261 = AXIS2_PLACEMENT_3D ( 'NONE', #1570, #2328, #4 ) ;
#2262 = DIRECTION ( 'NONE',  ( 0.000000000000000000, 0.000000000000000000, 1.000000000000000000 ) ) ;
#2263 = EDGE_CURVE ( 'NONE', #3342, #1359, #683, .T. ) ;
#2264 = ORIENTED_EDGE ( 'NONE', *, *, #2955, .F. ) ;
#2265 = DIRECTION ( 'NONE',  ( 0.2289289126993344081, 0.9734431431420637049, 0.000000000000000000 ) ) ;
#2266 = LINE ( 'NONE', #663, #901 ) ;
#2267 = CARTESIAN_POINT ( 'NONE',  ( 1.369004635827615113, -1.020478584721534521, -3.469446951953614189E-15 ) ) ;
#2268 = ORIENTED_EDGE ( 'NONE', *, *, #766, .F. ) ;
#2269 = CARTESIAN_POINT ( 'NONE',  ( -3.799999999999867928, 1.569924745759010420E-13, 11.00000000000000000 ) ) ;
#2270 = CARTESIAN_POINT ( 'NONE',  ( 2.442592916808733694, -2.910968883851868583, -3.469446951953614189E-15 ) ) ;
#2271 = LINE ( 'NONE', #507, #1290 ) ;
#2272 = ORIENTED_EDGE ( 'NONE', *, *, #3101, .T. ) ;
#2273 = VECTOR ( 'NONE', #2850, 999.9999999999998863 ) ;
#2274 = PLANE ( 'NONE',  #1670 ) ;
#2275 = CARTESIAN_POINT ( 'NONE',  ( 0.09925924633948596254, 10.00000000000000178, -8.793553330597907447 ) ) ;
#2276 = VERTEX_POINT ( 'NONE', #1948 ) ;
#2277 = CARTESIAN_POINT ( 'NONE',  ( 3.139151007970394147, -0.8415645840685431756, 11.00000000000000000 ) ) ;
#2278 = PLANE ( 'NONE',  #737 ) ;
#2279 = ORIENTED_EDGE ( 'NONE', *, *, #2739, .F. ) ;
#2280 = ORIENTED_EDGE ( 'NONE', *, *, #1180, .T. ) ;
#2281 = PLANE ( 'NONE',  #1631 ) ;
#2282 = DIRECTION ( 'NONE',  ( 0.000000000000000000, 0.000000000000000000, -1.000000000000000000 ) ) ;
#2283 = PLANE ( 'NONE',  #2039 ) ;
#2284 = EDGE_CURVE ( 'NONE', #1940, #1048, #1419, .T. ) ;
#2285 = ORIENTED_EDGE ( 'NONE', *, *, #1096, .T. ) ;
#2286 = FACE_BOUND ( 'NONE', #2358, .T. ) ;
#2287 = ADVANCED_FACE ( 'NONE', ( #1933, #1482 ), #1164, .T. ) ;
#2288 = ADVANCED_FACE ( 'NONE', ( #955 ), #3015, .F. ) ;
#2289 = ORIENTED_EDGE ( 'NONE', *, *, #2616, .F. ) ;
#2290 = DATE_AND_TIME ( #496, #1404 ) ;
#2291 = LINE ( 'NONE', #993, #2777 ) ;
#2292 = EDGE_LOOP ( 'NONE', ( #3277, #2734 ) ) ;
#2293 = LINE ( 'NONE', #210, #1840 ) ;
#2294 = DIRECTION ( 'NONE',  ( 0.000000000000000000, -1.000000000000000000, 0.000000000000000000 ) ) ;
#2295 = CARTESIAN_POINT ( 'NONE',  ( 0.000000000000000000, 4.204373021796260268, -7.293553330597904782 ) ) ;
#2296 = ORIENTED_EDGE ( 'NONE', *, *, #2865, .T. ) ;
#2297 = CARTESIAN_POINT ( 'NONE',  ( 4.356006147172517551, 7.181896211002738895, -11.00000000000000000 ) ) ;
#2298 = FACE_OUTER_BOUND ( 'NONE', #1147, .T. ) ;
#2299 = CARTESIAN_POINT ( 'NONE',  ( 1.370916363567994178, 1.024307465453497601, 11.00000000000000000 ) ) ;
#2300 = CIRCLE ( 'NONE', #2464, 9.999999999999998224 ) ;
#2301 = ORIENTED_EDGE ( 'NONE', *, *, #2783, .F. ) ;
#2302 = PLANE ( 'NONE',  #1040 ) ;
#2303 = EDGE_CURVE ( 'NONE', #2972, #1048, #2474, .T. ) ;
#2304 = ORIENTED_EDGE ( 'NONE', *, *, #2093, .F. ) ;
#2305 = EDGE_CURVE ( 'NONE', #2518, #1556, #151, .T. ) ;
#2306 = CARTESIAN_POINT ( 'NONE',  ( -2.442592916808778991, -2.910968883851853484, 11.00000000000000000 ) ) ;
#2307 = CARTESIAN_POINT ( 'NONE',  ( 1.852483971133061975E-16, -2.500000000000000000, -5.793553330597903894 ) ) ;
#2308 = CARTESIAN_POINT ( 'NONE',  ( -1.695832084886271574, 0.1992580604730461724, -3.469446951953614189E-15 ) ) ;
#2309 = CARTESIAN_POINT ( 'NONE',  ( -1.246803061714281569, 1.172219938826455810, 11.00000000000000000 ) ) ;
#2310 = DIRECTION ( 'NONE',  ( -0.2873847965889650968, -0.9578152111391420309, 0.000000000000000000 ) ) ;
#2311 = ORIENTED_EDGE ( 'NONE', *, *, #3291, .T. ) ;
#2312 = CARTESIAN_POINT ( 'NONE',  ( 0.000000000000000000, 0.000000000000000000, -11.00000000000000000 ) ) ;
#2313 = VECTOR ( 'NONE', #2727, 1000.000000000000000 ) ;
#2314 = VECTOR ( 'NONE', #2262, 1000.000000000000000 ) ;
#2315 = CARTESIAN_POINT ( 'NONE',  ( 2.297802227183613599, -2.298391812713843851, -3.469446951953614189E-15 ) ) ;
#2316 = ORIENTED_EDGE ( 'NONE', *, *, #1467, .T. ) ;
#2317 = DIRECTION ( 'NONE',  ( 0.6849798256294056253, 0.7285620347511315709, -0.000000000000000000 ) ) ;
#2318 = AXIS2_PLACEMENT_3D ( 'NONE', #2209, #377, #1377 ) ;
#2319 = EDGE_LOOP ( 'NONE', ( #1398, #419, #301, #3258 ) ) ;
#2320 = EDGE_CURVE ( 'NONE', #2113, #975, #2730, .T. ) ;
#2321 = COORDINATED_UNIVERSAL_TIME_OFFSET ( 9, 0, .AHEAD. ) ;
#2322 = VECTOR ( 'NONE', #142, 999.9999999999998863 ) ;
#2323 = ADVANCED_FACE ( 'NONE', ( #1432 ), #2746, .F. ) ;
#2324 = CARTESIAN_POINT ( 'NONE',  ( 1.242700382245877311, 1.171002132687795960, -3.469446951953614189E-15 ) ) ;
#2325 = LINE ( 'NONE', #2393, #991 ) ;
#2326 = ADVANCED_FACE ( 'NONE', ( #1722 ), #1181, .F. ) ;
#2327 = EDGE_CURVE ( 'NONE', #2677, #2132, #922, .T. ) ;
#2328 = DIRECTION ( 'NONE',  ( 9.955928764602502130E-17, 1.000000000000000000, -0.000000000000000000 ) ) ;
#2329 = CARTESIAN_POINT ( 'NONE',  ( 2.910968883851984490, -2.442592916808621784, 0.000000000000000000 ) ) ;
#2330 = ORIENTED_EDGE ( 'NONE', *, *, #1951, .T. ) ;
#2331 = CARTESIAN_POINT ( 'NONE',  ( -0.3887502231814630727, -9.992901947346071623, -8.745602283933347820 ) ) ;
#2332 = B_SPLINE_CURVE_WITH_KNOTS ( 'NONE', 3,
 ( #43, #1858, #279, #2331, #2144, #2857, #1087, #1325, #3138, #556, #1593, #520, #2583, #2606, #314, #538, #1054, #1876, #244, #1311, #3380, #2350, #1360, #2639, #2127, #2363, #2910, #798 ),
 .UNSPECIFIED., .F., .F.,
 ( 4, 2, 2, 2, 2, 2, 2, 2, 2, 2, 2, 2, 2, 4 ),
 ( 2.193247558229167434E-19, 0.0002935195004781748600, 0.0005870390009563495031, 0.0008805585014345240378, 0.001174078001912698789, 0.001761117002869048292, 0.002348156003825398012, 0.002641675504303574173, 0.002935195004781750768, 0.003522234005738100054, 0.003815753506216275348, 0.004109273006694449774, 0.004402792507172625068, 0.004696312007650799494 ),
 .UNSPECIFIED. ) ;
#2333 = DIRECTION ( 'NONE',  ( 0.000000000000000000, 0.000000000000000000, 1.000000000000000000 ) ) ;
#2334 = VERTEX_POINT ( 'NONE', #2255 ) ;
#2335 = DIRECTION ( 'NONE',  ( 0.9184564064876432621, 0.3955222236256833446, 0.000000000000000000 ) ) ;
#2336 = CARTESIAN_POINT ( 'NONE',  ( -0.09654301046208210724, -1.708595009594854330, 11.00000000000000000 ) ) ;
#2337 = ORIENTED_EDGE ( 'NONE', *, *, #3287, .F. ) ;
#2338 = VECTOR ( 'NONE', #830, 1000.000000000000000 ) ;
#2339 = ORIENTED_EDGE ( 'NONE', *, *, #2886, .F. ) ;
#2340 = VECTOR ( 'NONE', #1561, 1000.000000000000000 ) ;
#2341 = DIRECTION ( 'NONE',  ( -0.05641434024596968244, -0.9984074429883884605, 0.000000000000000000 ) ) ;
#2342 = CARTESIAN_POINT ( 'NONE',  ( 1.460648237408601169, -9.893043983298429822, -6.899579260520813939 ) ) ;
#2343 = VECTOR ( 'NONE', #570, 1000.000000000000000 ) ;
#2344 = EDGE_CURVE ( 'NONE', #760, #674, #1149, .T. ) ;
#2345 = FACE_OUTER_BOUND ( 'NONE', #2813, .T. ) ;
#2346 = LINE ( 'NONE', #1052, #2537 ) ;
#2347 = ADVANCED_FACE ( 'NONE', ( #1740, #894, #170, #3237 ), #2492, .F. ) ;
#2348 = VERTEX_POINT ( 'NONE', #938 ) ;
#2349 = EDGE_CURVE ( 'NONE', #1217, #2405, #3039, .T. ) ;
#2350 = CARTESIAN_POINT ( 'NONE',  ( -0.7528509329413346496, -9.971953185439719647, -5.992495066547501636 ) ) ;
#2351 = FACE_BOUND ( 'NONE', #3215, .T. ) ;
#2352 = VERTEX_POINT ( 'NONE', #702 ) ;
#2353 = DIRECTION ( 'NONE',  ( 0.3955222236256833446, -0.9184564064876432621, 0.000000000000000000 ) ) ;
#2354 = AXIS2_PLACEMENT_3D ( 'NONE', #104, #2719, #604 ) ;
#2355 = DIRECTION ( 'NONE',  ( 1.000000000000000000, 0.000000000000000000, 0.000000000000000000 ) ) ;
#2356 = ORIENTED_EDGE ( 'NONE', *, *, #1833, .T. ) ;
#2357 = ORIENTED_EDGE ( 'NONE', *, *, #404, .T. ) ;
#2358 = EDGE_LOOP ( 'NONE', ( #2158, #108 ) ) ;
#2359 = CARTESIAN_POINT ( 'NONE',  ( 0.4936531555474754640, -1.638573776703243334, 11.00000000000000000 ) ) ;
#2360 = CARTESIAN_POINT ( 'NONE',  ( -2.945676473157439190, -1.373131499706693015, 0.000000000000000000 ) ) ;
#2361 = CARTESIAN_POINT ( 'NONE',  ( -0.6750946645868359797, -1.572534468152593901, 11.00000000000000000 ) ) ;
#2362 = VERTEX_POINT ( 'NONE', #2779 ) ;
#2363 = CARTESIAN_POINT ( 'NONE',  ( -0.1974913894783131840, -9.998513487794365773, -5.803374301569300009 ) ) ;
#2364 = EDGE_CURVE ( 'NONE', #3271, #2685, #3143, .T. ) ;
#2365 = DIRECTION ( 'NONE',  ( 1.000000000000000000, -9.955928764602502130E-17, -0.000000000000000000 ) ) ;
#2366 = AXIS2_PLACEMENT_3D ( 'NONE', #3246, #1733, #1429 ) ;
#2367 = ORIENTED_EDGE ( 'NONE', *, *, #50, .F. ) ;
#2368 = CARTESIAN_POINT ( 'NONE',  ( -1.863781898376535073, 2.662483246010003413, -3.469446951953614189E-15 ) ) ;
#2369 = DIRECTION ( 'NONE',  ( -0.000000000000000000, 0.000000000000000000, 1.000000000000000000 ) ) ;
#2370 = ORIENTED_EDGE ( 'NONE', *, *, #3028, .T. ) ;
#2371 = CARTESIAN_POINT ( 'NONE',  ( -0.09824726836558633769, 1.704669384089565254, 11.00000000000000000 ) ) ;
#2372 = VECTOR ( 'NONE', #536, 1000.000000000000227 ) ;
#2373 = ORIENTED_EDGE ( 'NONE', *, *, #2408, .F. ) ;
#2374 = ORIENTED_EDGE ( 'NONE', *, *, #6, .T. ) ;
#2375 = CARTESIAN_POINT ( 'NONE',  ( -1.129932500210661717, -2.231326327942872556, -6.302391332327066387 ) ) ;
#2376 = CARTESIAN_POINT ( 'NONE',  ( 1.836970602850461554E-16, -9.999999999999998224, -5.793553330597903894 ) ) ;
#2377 = DIRECTION ( 'NONE',  ( 0.3944875959839479473, 0.9189012659773657665, 0.000000000000000000 ) ) ;
#2378 = DIRECTION ( 'NONE',  ( -0.1166959098226709041, -0.9931676920997073443, 0.000000000000000000 ) ) ;
#2379 = ORIENTED_EDGE ( 'NONE', *, *, #1636, .F. ) ;
#2380 = DIRECTION ( 'NONE',  ( 0.5490016335682975646, -0.8358212765533913347, 0.000000000000000000 ) ) ;
#2381 = DIRECTION ( 'NONE',  ( 0.5985480419141061548, -0.8010869125886338482, 0.000000000000000000 ) ) ;
#2382 = VERTEX_POINT ( 'NONE', #373 ) ;
#2383 = CARTESIAN_POINT ( 'NONE',  ( 0.9374193223016579202, -1.427163357492114759, -3.469446951953614189E-15 ) ) ;
#2384 = CARTESIAN_POINT ( 'NONE',  ( 1.130229116719367655, 2.231199301900777421, -8.284460672702568473 ) ) ;
#2385 = EDGE_CURVE ( 'NONE', #2391, #1885, #2458, .T. ) ;
#2386 = ORIENTED_EDGE ( 'NONE', *, *, #2782, .T. ) ;
#2387 = AXIS2_PLACEMENT_3D ( 'NONE', #203, #2317, #2776 ) ;
#2388 = EDGE_CURVE ( 'NONE', #1475, #337, #2271, .T. ) ;
#2389 = AXIS2_PLACEMENT_3D ( 'NONE', #3027, #2792, #695 ) ;
#2390 = CARTESIAN_POINT ( 'NONE',  ( -9.999999999999998224, 1.224646799147353059E-15, -11.00000000000000000 ) ) ;
#2391 = VERTEX_POINT ( 'NONE', #1795 ) ;
#2392 = CARTESIAN_POINT ( 'NONE',  ( -0.2015595249498391972, 2.493804372946069936, -8.783290640513525815 ) ) ;
#2393 = CARTESIAN_POINT ( 'NONE',  ( 4.356006147172515774, -4.094094385158830285, -11.00000000000000000 ) ) ;
#2394 = LINE ( 'NONE', #1553, #1599 ) ;
#2395 = CARTESIAN_POINT ( 'NONE',  ( -1.635467785916288941, 0.4907090339736514539, 11.00000000000000000 ) ) ;
#2396 = CARTESIAN_POINT ( 'NONE',  ( -4.356006147172517551, -4.094094385158829397, -11.00000000000000000 ) ) ;
#2397 = VECTOR ( 'NONE', #1266, 1000.000000000000000 ) ;
#2398 = ORIENTED_EDGE ( 'NONE', *, *, #615, .F. ) ;
#2399 = DIRECTION ( 'NONE',  ( -0.000000000000000000, 0.000000000000000000, -1.000000000000000000 ) ) ;
#2400 = VECTOR ( 'NONE', #2849, 1000.000000000000114 ) ;
#2401 = LINE ( 'NONE', #2162, #2925 ) ;
#2402 = ORIENTED_EDGE ( 'NONE', *, *, #2907, .F. ) ;
#2403 = FACE_OUTER_BOUND ( 'NONE', #2472, .T. ) ;
#2404 = CARTESIAN_POINT ( 'NONE',  ( 0.1016508138538637085, 2.500000000000001332, -8.793553330597903894 ) ) ;
#2405 = VERTEX_POINT ( 'NONE', #2862 ) ;
#2406 = CC_DESIGN_PERSON_AND_ORGANIZATION_ASSIGNMENT ( #3041, #724, ( #784 ) ) ;
#2407 = CARTESIAN_POINT ( 'NONE',  ( 3.742269461446237511, 0.6598630751344430889, 11.00000000000000000 ) ) ;
#2408 = EDGE_CURVE ( 'NONE', #1475, #1583, #972, .T. ) ;
#2409 = DATE_AND_TIME ( #1112, #1450 ) ;
#2410 = ORIENTED_EDGE ( 'NONE', *, *, #1348, .T. ) ;
#2411 = PLANE ( 'NONE',  #2626 ) ;
#2412 = LINE ( 'NONE', #2171, #3178 ) ;
#2413 = CARTESIAN_POINT ( 'NONE',  ( -1.024307465453522692, 1.370916363568029928, -3.469446951953614189E-15 ) ) ;
#2414 = CARTESIAN_POINT ( 'NONE',  ( 0.4936531555474754640, -1.638573776703243334, -3.469446951953614189E-15 ) ) ;
#2415 = EDGE_LOOP ( 'NONE', ( #250, #2638, #730, #1260 ) ) ;
#2416 = AXIS2_PLACEMENT_3D ( 'NONE', #1845, #249, #2355 ) ;
#2417 = DIRECTION ( 'NONE',  ( 0.2289289126993344081, 0.9734431431420637049, 0.000000000000000000 ) ) ;
#2418 = PLANE ( 'NONE',  #2489 ) ;
#2419 = ORIENTED_EDGE ( 'NONE', *, *, #1988, .F. ) ;
#2420 = DIRECTION ( 'NONE',  ( -0.8358212765533916677, -0.5490016335682972315, 0.000000000000000000 ) ) ;
#2421 = CARTESIAN_POINT ( 'NONE',  ( -1.527958188319576749, -0.7706888051794704708, -3.469446951953614189E-15 ) ) ;
#2422 = ORIENTED_EDGE ( 'NONE', *, *, #2052, .F. ) ;
#2423 = CIRCLE ( 'NONE', #3304, 1.500000000000000222 ) ;
#2424 = DIRECTION ( 'NONE',  ( -0.000000000000000000, 0.000000000000000000, -1.000000000000000000 ) ) ;
#2425 = ORIENTED_EDGE ( 'NONE', *, *, #1987, .F. ) ;
#2426 = CARTESIAN_POINT ( 'NONE',  ( -3.290896534380747251, 1.900000000000083622, 11.00000000000000000 ) ) ;
#2427 = FACE_OUTER_BOUND ( 'NONE', #432, .T. ) ;
#2428 = EDGE_CURVE ( 'NONE', #687, #860, #3059, .T. ) ;
#2429 = CARTESIAN_POINT ( 'NONE',  ( -4.356006147172517551, -4.094094385158829397, -3.999999999999999112 ) ) ;
#2431 = ADVANCED_FACE ( 'NONE', ( #2059 ), #2589, .F. ) ;
#2430 = PLANE ( 'NONE',  #1942 ) ;
#2432 = EDGE_CURVE ( 'NONE', #719, #2510, #3076, .T. ) ;
#2433 = VERTEX_POINT ( 'NONE', #1154 ) ;
#2434 = DIRECTION ( 'NONE',  ( -0.9930356378980539356, -0.1178143533887326955, 0.000000000000000000 ) ) ;
#2435 = EDGE_CURVE ( 'NONE', #939, #3371, #2463, .T. ) ;
#2436 = DIRECTION ( 'NONE',  ( 0.000000000000000000, 0.000000000000000000, 1.000000000000000000 ) ) ;
#2437 = AXIS2_PLACEMENT_3D ( 'NONE', #2946, #609, #3243 ) ;
#2438 = ORIENTED_EDGE ( 'NONE', *, *, #2241, .T. ) ;
#2439 = LINE ( 'NONE', #3012, #3161 ) ;
#2440 = ORGANIZATION ( 'UNSPECIFIED', 'UNSPECIFIED', '' ) ;
#2441 = CARTESIAN_POINT ( 'NONE',  ( -1.572534468152765763, 0.6750946645869143614, -3.469446951953614189E-15 ) ) ;
#2442 = VERTEX_POINT ( 'NONE', #2173 ) ;
#2443 = LINE ( 'NONE', #1620, #2888 ) ;
#2444 = ORIENTED_EDGE ( 'NONE', *, *, #1160, .F. ) ;
#2445 = FACE_OUTER_BOUND ( 'NONE', #3303, .T. ) ;
#2446 = FACE_OUTER_BOUND ( 'NONE', #3146, .T. ) ;
#2447 = FACE_OUTER_BOUND ( 'NONE', #2107, .T. ) ;
#2448 = EDGE_LOOP ( 'NONE', ( #1224, #1310, #1690, #141 ) ) ;
#2449 = LINE ( 'NONE', #2195, #2758 ) ;
#2450 = EDGE_CURVE ( 'NONE', #2334, #2711, #348, .T. ) ;
#2451 = ADVANCED_FACE ( 'NONE', ( #864 ), #2430, .F. ) ;
#2452 = VERTEX_POINT ( 'NONE', #2707 ) ;
#2453 = DIRECTION ( 'NONE',  ( -0.2300250710621030148, 0.9731847032721355761, 0.000000000000000000 ) ) ;
#2454 = PLANE ( 'NONE',  #1771 ) ;
#2455 = VECTOR ( 'NONE', #2800, 1000.000000000000000 ) ;
#2456 = CARTESIAN_POINT ( 'NONE',  ( 0.2016181045847562636, -1.699402130040193359, -3.469446951953614189E-15 ) ) ;
#2457 = ORIENTED_EDGE ( 'NONE', *, *, #1507, .F. ) ;
#2458 = LINE ( 'NONE', #235, #407 ) ;
#2459 = ORIENTED_EDGE ( 'NONE', *, *, #2221, .F. ) ;
#2460 = CARTESIAN_POINT ( 'NONE',  ( -1.457503958374107400, 2.033201615469863111, -7.697849529066839835 ) ) ;
#2461 = CIRCLE ( 'NONE', #1756, 9.999999999999998224 ) ;
#2462 = CARTESIAN_POINT ( 'NONE',  ( 1.638573776703407203, 0.4936531555475244248, 11.00000000000000000 ) ) ;
#2463 = LINE ( 'NONE', #883, #139 ) ;
#2464 = AXIS2_PLACEMENT_3D ( 'NONE', #360, #73, #2922 ) ;
#2465 = VERTEX_POINT ( 'NONE', #3241 ) ;
#2466 = DIRECTION ( 'NONE',  ( 0.000000000000000000, 0.000000000000000000, 1.000000000000000000 ) ) ;
#2467 = ORIENTED_EDGE ( 'NONE', *, *, #1465, .F. ) ;
#2468 = DIRECTION ( 'NONE',  ( 0.000000000000000000, -1.000000000000000000, 0.000000000000000000 ) ) ;
#2469 = EDGE_CURVE ( 'NONE', #1367, #2433, #1168, .T. ) ;
#2470 = CARTESIAN_POINT ( 'NONE',  ( 0.09654301046210281290, 1.708595009595132552, -3.469446951953614189E-15 ) ) ;
#2471 = CARTESIAN_POINT ( 'NONE',  ( -2.442592916808778991, -2.910968883851853484, -3.469446951953614189E-15 ) ) ;
#2472 = EDGE_LOOP ( 'NONE', ( #1080, #2013, #988, #1332 ) ) ;
#2473 = EDGE_CURVE ( 'NONE', #673, #3093, #3225, .T. ) ;
#2474 = LINE ( 'NONE', #3302, #2237 ) ;
#2475 = ORIENTED_EDGE ( 'NONE', *, *, #1368, .T. ) ;
#2476 = AXIS2_PLACEMENT_3D ( 'NONE', #1022, #1041, #1824 ) ;
#2477 = VECTOR ( 'NONE', #1208, 999.9999999999998863 ) ;
#2478 = CARTESIAN_POINT ( 'NONE',  ( 0.4835349122184682269, 9.988716629627818477, -5.870230538071234072 ) ) ;
#2479 = ORIENTED_EDGE ( 'NONE', *, *, #273, .F. ) ;
#2480 = CARTESIAN_POINT ( 'NONE',  ( 4.356006147172517551, 4.204373021796261156, -3.999999999999999112 ) ) ;
#2481 = LINE ( 'NONE', #144, #847 ) ;
#2482 = VECTOR ( 'NONE', #2105, 1000.000000000000114 ) ;
#2483 = ORIENTED_EDGE ( 'NONE', *, *, #1268, .T. ) ;
#2484 = ORIENTED_EDGE ( 'NONE', *, *, #2661, .T. ) ;
#2485 = DIRECTION ( 'NONE',  ( 0.9984074429883884605, -0.05641434024596860691, 0.000000000000000000 ) ) ;
#2486 = LINE ( 'NONE', #1972, #2151 ) ;
#2487 = CARTESIAN_POINT ( 'NONE',  ( 1.661711166661391292, 0.3927674036704330573, -3.469446951953614189E-15 ) ) ;
#2488 = ORIENTED_EDGE ( 'NONE', *, *, #927, .T. ) ;
#2489 = AXIS2_PLACEMENT_3D ( 'NONE', #1910, #1896, #97 ) ;
#2490 = ADVANCED_FACE ( 'NONE', ( #2447 ), #2961, .F. ) ;
#2491 = ADVANCED_FACE ( 'NONE', ( #2976 ), #641, .F. ) ;
#2492 = PLANE ( 'NONE',  #2808 ) ;
#2493 = EDGE_LOOP ( 'NONE', ( #2764, #3345, #3284, #2301 ) ) ;
#2494 = ADVANCED_FACE ( 'NONE', ( #77 ), #1422, .F. ) ;
#2495 = CARTESIAN_POINT ( 'NONE',  ( 1.310739724458786393, 9.914013899745091507, -8.048620795547863693 ) ) ;
#2496 = ORIENTED_EDGE ( 'NONE', *, *, #1677, .T. ) ;
#2497 = CARTESIAN_POINT ( 'NONE',  ( 0.3917707149892210028, 1.665873094374028529, -3.469446951953614189E-15 ) ) ;
#2498 = LINE ( 'NONE', #3085, #2045 ) ;
#2499 = EDGE_LOOP ( 'NONE', ( #1324, #1329 ) ) ;
#2500 = ORIENTED_EDGE ( 'NONE', *, *, #2160, .T. ) ;
#2501 = CARTESIAN_POINT ( 'NONE',  ( 3.570831958986299348, -1.299676544637358599, 11.00000000000000000 ) ) ;
#2502 = AXIS2_PLACEMENT_3D ( 'NONE', #2312, #3106, #2021 ) ;
#2503 = FACE_OUTER_BOUND ( 'NONE', #2527, .T. ) ;
#2504 = CARTESIAN_POINT ( 'NONE',  ( 1.246803061714113481, -1.172219938826305041, 11.00000000000000000 ) ) ;
#2505 = ORIENTED_EDGE ( 'NONE', *, *, #1218, .F. ) ;
#2506 = VECTOR ( 'NONE', #523, 1000.000000000000000 ) ;
#2507 = VECTOR ( 'NONE', #666, 1000.000000000000000 ) ;
#2508 = DIRECTION ( 'NONE',  ( 0.000000000000000000, 0.000000000000000000, 1.000000000000000000 ) ) ;
#2509 = CARTESIAN_POINT ( 'NONE',  ( 1.699402130040342129, 0.2016181045847743603, 11.00000000000000000 ) ) ;
#2510 = VERTEX_POINT ( 'NONE', #2329 ) ;
#2511 = EDGE_CURVE ( 'NONE', #2510, #1984, #1571, .T. ) ;
#2512 = CARTESIAN_POINT ( 'NONE',  ( 2.442592916808733694, -2.910968883851868583, 11.00000000000000000 ) ) ;
#2513 = CARTESIAN_POINT ( 'NONE',  ( 0.7661696148887455760, -2.387083575257968437, -5.988874248414153278 ) ) ;
#2514 = ORIENTED_EDGE ( 'NONE', *, *, #1870, .F. ) ;
#2515 = DIRECTION ( 'NONE',  ( -0.6857999066831709234, 0.7277901400770375728, 0.000000000000000000 ) ) ;
#2516 = DIRECTION ( 'NONE',  ( -0.8933599996659967735, 0.4493416417346273173, 0.000000000000000000 ) ) ;
#2517 = ORIENTED_EDGE ( 'NONE', *, *, #2886, .T. ) ;
#2518 = VERTEX_POINT ( 'NONE', #3188 ) ;
#2519 = CARTESIAN_POINT ( 'NONE',  ( -0.8407591952562818438, 3.139366811252232825, 11.00000000000000000 ) ) ;
#2520 = CARTESIAN_POINT ( 'NONE',  ( 1.525410625857731350, -0.7672500617876580886, -3.469446951953614189E-15 ) ) ;
#2521 = DIRECTION ( 'NONE',  ( 0.000000000000000000, -1.000000000000000000, 0.000000000000000000 ) ) ;
#2522 = B_SPLINE_CURVE_WITH_KNOTS ( 'NONE', 3,
 ( #1746, #2275, #445, #173, #926, #654, #1184, #207, #974, #1434, #2495, #3327, #1216, #1484, #462, #2016, #725, #1200, #1691, #3019, #1952, #2258, #2732, #2478, #140, #2208, #686, #957 ),
 .UNSPECIFIED., .F., .F.,
 ( 4, 2, 2, 2, 2, 2, 2, 2, 2, 2, 2, 2, 2, 4 ),
 ( 2.193247558229167434E-19, 0.0002935195004781748600, 0.0005870390009563495031, 0.0008805585014345240378, 0.001174078001912698789, 0.001761117002869048292, 0.002348156003825398012, 0.002641675504303574173, 0.002935195004781750768, 0.003522234005738100054, 0.003815753506216275348, 0.004109273006694449774, 0.004402792507172625068, 0.004696312007650799494 ),
 .UNSPECIFIED. ) ;
#2523 = ORIENTED_EDGE ( 'NONE', *, *, #51, .T. ) ;
#2524 = CARTESIAN_POINT ( 'NONE',  ( 4.356006147172515774, -4.094094385158830285, -3.999999999999999112 ) ) ;
#2525 = DIRECTION ( 'NONE',  ( 0.000000000000000000, 0.000000000000000000, 1.000000000000000000 ) ) ;
#2526 = DIRECTION ( 'NONE',  ( -0.1166959098226709873, -0.9931676920997073443, 0.000000000000000000 ) ) ;
#2527 = EDGE_LOOP ( 'NONE', ( #2020, #3266, #716, #807 ) ) ;
#2528 = FACE_OUTER_BOUND ( 'NONE', #839, .T. ) ;
#2529 = DIRECTION ( 'NONE',  ( 0.05753872311260528616, -0.9983432753029245488, 0.000000000000000000 ) ) ;
#2530 = ORIENTED_EDGE ( 'NONE', *, *, #2327, .T. ) ;
#2531 = LINE ( 'NONE', #428, #689 ) ;
#2532 = ADVANCED_FACE ( 'NONE', ( #1323 ), #2068, .F. ) ;
#2533 = EDGE_CURVE ( 'NONE', #1953, #1696, #2924, .T. ) ;
#2534 = EDGE_CURVE ( 'NONE', #3379, #118, #1838, .T. ) ;
#2535 = VERTEX_POINT ( 'NONE', #41 ) ;
#2536 = DIRECTION ( 'NONE',  ( -0.9578152111391419199, 0.2873847965889654854, 0.000000000000000000 ) ) ;
#2537 = VECTOR ( 'NONE', #3155, 1000.000000000000114 ) ;
#2538 = DIRECTION ( 'NONE',  ( 0.000000000000000000, -1.000000000000000000, 0.000000000000000000 ) ) ;
#2539 = LINE ( 'NONE', #2810, #2477 ) ;
#2540 = ORIENTED_EDGE ( 'NONE', *, *, #443, .F. ) ;
#2541 = CARTESIAN_POINT ( 'NONE',  ( 4.356006147172517551, 7.181896211002738895, -3.999999999999999112 ) ) ;
#2542 = CARTESIAN_POINT ( 'NONE',  ( 2.500000000000000000, 3.061616997868383141E-16, -11.00000000000000000 ) ) ;
#2543 = ORIENTED_EDGE ( 'NONE', *, *, #723, .F. ) ;
#2544 = CARTESIAN_POINT ( 'NONE',  ( -1.373131499706667924, 2.945676473157451181, -3.469446951953614189E-15 ) ) ;
#2545 = CARTESIAN_POINT ( 'NONE',  ( 1.704669384089414930, 0.09824726836557767795, -3.469446951953614189E-15 ) ) ;
#2546 = VERTEX_POINT ( 'NONE', #2396 ) ;
#2547 = DIRECTION ( 'NONE',  ( 0.000000000000000000, 0.000000000000000000, 1.000000000000000000 ) ) ;
#2548 = DIRECTION ( 'NONE',  ( 1.000000000000000000, 0.000000000000000000, 0.000000000000000000 ) ) ;
#2549 = ORIENTED_EDGE ( 'NONE', *, *, #1808, .T. ) ;
#2550 = ORIENTED_EDGE ( 'NONE', *, *, #1807, .F. ) ;
#2551 = CARTESIAN_POINT ( 'NONE',  ( -1.373887179006707981, -2.945324094112733437, 0.000000000000000000 ) ) ;
#2552 = EDGE_CURVE ( 'NONE', #3191, #1, #2346, .T. ) ;
#2553 = VECTOR ( 'NONE', #3231, 1000.000000000000000 ) ;
#2554 = ADVANCED_FACE ( 'NONE', ( #2872 ), #3119, .F. ) ;
#2555 = LINE ( 'NONE', #3071, #1333 ) ;
#2556 = LINE ( 'NONE', #3031, #2858 ) ;
#2557 = ORIENTED_EDGE ( 'NONE', *, *, #1968, .F. ) ;
#2558 = LINE ( 'NONE', #3300, #3275 ) ;
#2559 = VERTEX_POINT ( 'NONE', #1608 ) ;
#2560 = CIRCLE ( 'NONE', #2184, 2.500000000000000000 ) ;
#2561 = COORDINATED_UNIVERSAL_TIME_OFFSET ( 9, 0, .AHEAD. ) ;
#2562 = CARTESIAN_POINT ( 'NONE',  ( 0.000000000000000000, 13.00000000000000178, -8.793553330597903894 ) ) ;
#2563 = VERTEX_POINT ( 'NONE', #5 ) ;
#2564 = CARTESIAN_POINT ( 'NONE',  ( 4.356006147172515774, -4.094094385158830285, -3.999999999999999112 ) ) ;
#2565 = PLANE ( 'NONE',  #1120 ) ;
#2566 = EDGE_LOOP ( 'NONE', ( #1060, #2078, #869, #598 ) ) ;
#2567 = VERTEX_POINT ( 'NONE', #312 ) ;
#2568 = DIRECTION ( 'NONE',  ( -0.8010869125886330711, -0.5985480419141071540, 0.000000000000000000 ) ) ;
#2569 = DIRECTION ( 'NONE',  ( -0.8017604966649725107, 0.5976454684740247769, 0.000000000000000000 ) ) ;
#2570 = ORIENTED_EDGE ( 'NONE', *, *, #3267, .T. ) ;
#2571 = CARTESIAN_POINT ( 'NONE',  ( 0.000000000000000000, 13.00000000000000178, -8.793553330597903894 ) ) ;
#2572 = EDGE_CURVE ( 'NONE', #3371, #1490, #2125, .T. ) ;
#2573 = CARTESIAN_POINT ( 'NONE',  ( -1.172219938826311036, -1.246803061714115923, -3.469446951953614189E-15 ) ) ;
#2574 = EDGE_CURVE ( 'NONE', #3226, #2685, #2084, .T. ) ;
#2575 = ORIENTED_EDGE ( 'NONE', *, *, #2865, .F. ) ;
#2576 = VECTOR ( 'NONE', #339, 1000.000000000000000 ) ;
#2577 = EDGE_CURVE ( 'NONE', #475, #2864, #1856, .T. ) ;
#2578 = MECHANICAL_CONTEXT ( 'NONE', #334, 'mechanical' ) ;
#2579 = DIRECTION ( 'NONE',  ( 0.000000000000000000, 0.000000000000000000, 1.000000000000000000 ) ) ;
#2580 = CARTESIAN_POINT ( 'NONE',  ( -4.356006147172515774, 7.181896211002739783, -11.00000000000000000 ) ) ;
#2581 = FACE_OUTER_BOUND ( 'NONE', #438, .T. ) ;
#2582 = VERTEX_POINT ( 'NONE', #275 ) ;
#2583 = CARTESIAN_POINT ( 'NONE',  ( -1.499926489347184422, -9.886871119422313114, -7.490094157847036804 ) ) ;
#2584 = VECTOR ( 'NONE', #473, 1000.000000000000000 ) ;
#2585 = CIRCLE ( 'NONE', #2261, 1.500000000000000222 ) ;
#2586 = CARTESIAN_POINT ( 'NONE',  ( 3.570831958986299348, -1.299676544637358599, -3.469446951953614189E-15 ) ) ;
#2587 = ORIENTED_EDGE ( 'NONE', *, *, #2994, .T. ) ;
#2588 = CARTESIAN_POINT ( 'NONE',  ( 0.000000000000000000, 13.00000000000000178, -7.293553330597904782 ) ) ;
#2589 = PLANE ( 'NONE',  #3090 ) ;
#2590 = DIRECTION ( 'NONE',  ( 0.000000000000000000, 0.000000000000000000, 1.000000000000000000 ) ) ;
#2591 = AXIS2_PLACEMENT_3D ( 'NONE', #107, #898, #1939 ) ;
#2592 = VERTEX_POINT ( 'NONE', #1626 ) ;
#2593 = EDGE_CURVE ( 'NONE', #1595, #1464, #2671, .T. ) ;
#2594 = EDGE_CURVE ( 'NONE', #395, #2150, #571, .T. ) ;
#2595 = CARTESIAN_POINT ( 'NONE',  ( -0.6750946645868359797, -1.572534468152593901, -3.469446951953614189E-15 ) ) ;
#2596 = EDGE_CURVE ( 'NONE', #3011, #2442, #2890, .T. ) ;
#2597 = PERSON_AND_ORGANIZATION ( #1709, #2440 ) ;
#2598 = VECTOR ( 'NONE', #2260, 1000.000000000000000 ) ;
#2599 = CARTESIAN_POINT ( 'NONE',  ( -2.910968883852027123, -2.442592916808601800, 0.000000000000000000 ) ) ;
#2600 = APPROVAL_PERSON_ORGANIZATION ( #3079, #595, #2815 ) ;
#2601 = CARTESIAN_POINT ( 'NONE',  ( -1.419977016656357893, -2.058093342229195599, -6.800368759349669112 ) ) ;
#2602 = CARTESIAN_POINT ( 'NONE',  ( 0.1984698108973665664, -9.999999999999998224, -8.793553330597903894 ) ) ;
#2603 = DIRECTION ( 'NONE',  ( 0.000000000000000000, 0.000000000000000000, 1.000000000000000000 ) ) ;
#2604 = PLANE ( 'NONE',  #580 ) ;
#2605 = ORIENTED_EDGE ( 'NONE', *, *, #443, .T. ) ;
#2606 = CARTESIAN_POINT ( 'NONE',  ( -1.500036597496301471, -9.886854414198166907, -7.196125671655463130 ) ) ;
#2607 = CARTESIAN_POINT ( 'NONE',  ( 4.356006147172515774, -7.071617574365308911, -11.00000000000000000 ) ) ;
#2608 = ORIENTED_EDGE ( 'NONE', *, *, #1160, .T. ) ;
#2609 = LINE ( 'NONE', #65, #924 ) ;
#2610 = CARTESIAN_POINT ( 'NONE',  ( 1.298096754630598371, 2.137457629536757775, -6.535875014108451175 ) ) ;
#2611 = VERTEX_POINT ( 'NONE', #2637 ) ;
#2612 = VECTOR ( 'NONE', #2993, 1000.000000000000227 ) ;
#2613 = CARTESIAN_POINT ( 'NONE',  ( -1.490397534315932360, 9.888330755693486296, -7.489228780021847776 ) ) ;
#2614 = LINE ( 'NONE', #1550, #720 ) ;
#2615 = CARTESIAN_POINT ( 'NONE',  ( -0.9273558407880333476, -2.326428527113966638, -6.099145782082508127 ) ) ;
#2616 = EDGE_CURVE ( 'NONE', #484, #2621, #295, .T. ) ;
#2617 = AXIS2_PLACEMENT_3D ( 'NONE', #1401, #628, #1173 ) ;
#2618 = CARTESIAN_POINT ( 'NONE',  ( 1.527958188319675337, 0.7706888051795220962, -3.469446951953614189E-15 ) ) ;
#2619 = DIRECTION ( 'NONE',  ( 0.000000000000000000, -1.000000000000000000, 0.000000000000000000 ) ) ;
#2620 = CC_DESIGN_DATE_AND_TIME_ASSIGNMENT ( #2409, #2900, ( #1239 ) ) ;
#2621 = VERTEX_POINT ( 'NONE', #518 ) ;
#2622 = CARTESIAN_POINT ( 'NONE',  ( -2.662004998061302974, 1.864464907231199398, 0.000000000000000000 ) ) ;
#2623 = CARTESIAN_POINT ( 'NONE',  ( -4.356006147172517551, -4.094094385158829397, -3.999999999999999112 ) ) ;
#2624 = ORIENTED_EDGE ( 'NONE', *, *, #1833, .F. ) ;
#2625 = CARTESIAN_POINT ( 'NONE',  ( -0.3927674036704614235, 1.661711166661509864, -3.469446951953614189E-15 ) ) ;
#2626 = AXIS2_PLACEMENT_3D ( 'NONE', #823, #3205, #2939 ) ;
#2627 = VECTOR ( 'NONE', #329, 1000.000000000000000 ) ;
#2628 = CARTESIAN_POINT ( 'NONE',  ( 0.9273558407880333476, 2.326428527113966638, -6.099145782082508127 ) ) ;
#2629 = ORIENTED_EDGE ( 'NONE', *, *, #420, .F. ) ;
#2630 = DIRECTION ( 'NONE',  ( 1.000000000000000000, 0.000000000000000000, 0.000000000000000000 ) ) ;
#2631 = DIRECTION ( 'NONE',  ( 0.000000000000000000, 0.000000000000000000, 1.000000000000000000 ) ) ;
#2632 = ORIENTED_EDGE ( 'NONE', *, *, #893, .T. ) ;
#2633 = ORIENTED_EDGE ( 'NONE', *, *, #2074, .F. ) ;
#2634 = DIRECTION ( 'NONE',  ( -0.9734431431420640379, 0.2289289126993334644, 0.000000000000000000 ) ) ;
#2635 = LINE ( 'NONE', #292, #1279 ) ;
#2636 = CARTESIAN_POINT ( 'NONE',  ( 1.172219938826447816, 1.246803061714273353, -3.469446951953614189E-15 ) ) ;
#2637 = CARTESIAN_POINT ( 'NONE',  ( -2.168404344971008868E-16, 3.799999999999999378, 0.000000000000000000 ) ) ;
#2638 = ORIENTED_EDGE ( 'NONE', *, *, #575, .F. ) ;
#2639 = CARTESIAN_POINT ( 'NONE',  ( -0.4835349122184682269, -9.988716629627818477, -5.870230538071234072 ) ) ;
#2640 = ADVANCED_FACE ( 'NONE', ( #1555 ), #2604, .F. ) ;
#2641 = ADVANCED_FACE ( 'NONE', ( #1085 ), #2906, .F. ) ;
#2642 = PLANE ( 'NONE',  #962 ) ;
#2643 = VECTOR ( 'NONE', #3091, 1000.000000000000000 ) ;
#2644 = ORIENTED_EDGE ( 'NONE', *, *, #1447, .F. ) ;
#2645 = FACE_OUTER_BOUND ( 'NONE', #1964, .T. ) ;
#2646 = CARTESIAN_POINT ( 'NONE',  ( 1.297955551099484461, 2.137550967751382203, -8.051518344565808505 ) ) ;
#2647 = ORIENTED_EDGE ( 'NONE', *, *, #421, .T. ) ;
#2648 = LINE ( 'NONE', #87, #1365 ) ;
#2649 = AXIS2_PLACEMENT_3D ( 'NONE', #467, #3045, #2548 ) ;
#2650 = ORIENTED_EDGE ( 'NONE', *, *, #3084, .T. ) ;
#2651 = DIRECTION ( 'NONE',  ( 0.2300250710621034866, -0.9731847032721353541, 0.000000000000000000 ) ) ;
#2652 = CARTESIAN_POINT ( 'NONE',  ( -0.1016508138538637085, -2.500000000000001332, -8.793553330597903894 ) ) ;
#2653 = CARTESIAN_POINT ( 'NONE',  ( 0.6598630751342864365, -3.742269461446105616, -3.469446951953614189E-15 ) ) ;
#2654 = DIRECTION ( 'NONE',  ( -0.9734431431420637049, 0.2289289126993345469, 0.000000000000000000 ) ) ;
#2655 = ORIENTED_EDGE ( 'NONE', *, *, #256, .T. ) ;
#2656 = LINE ( 'NONE', #850, #1572 ) ;
#2657 = DIRECTION ( 'NONE',  ( 0.000000000000000000, 0.000000000000000000, 1.000000000000000000 ) ) ;
#2658 = ORIENTED_EDGE ( 'NONE', *, *, #529, .T. ) ;
#2659 = CARTESIAN_POINT ( 'NONE',  ( 1.299676544637490716, 3.570831958986457000, -3.469446951953614189E-15 ) ) ;
#2660 = EDGE_CURVE ( 'NONE', #738, #3011, #977, .T. ) ;
#2661 = EDGE_CURVE ( 'NONE', #2352, #268, #1257, .T. ) ;
#2662 = CARTESIAN_POINT ( 'NONE',  ( 1.821456426356197907E-16, 2.500000000000000000, -5.793553330597903894 ) ) ;
#2663 = ORIENTED_EDGE ( 'NONE', *, *, #577, .F. ) ;
#2664 = VECTOR ( 'NONE', #2468, 1000.000000000000000 ) ;
#2665 = CARTESIAN_POINT ( 'NONE',  ( -0.6598630751343341760, -3.742269461446101175, -3.469446951953614189E-15 ) ) ;
#2666 = PERSON_AND_ORGANIZATION ( #1709, #2440 ) ;
#2667 = ORIENTED_EDGE ( 'NONE', *, *, #1934, .F. ) ;
#2668 = CARTESIAN_POINT ( 'NONE',  ( -0.3969840217523951664, 2.470240915193544939, -8.743500633476852357 ) ) ;
#2669 = LINE ( 'NONE', #1644, #3236 ) ;
#2670 = DIRECTION ( 'NONE',  ( -0.8010869125886330711, -0.5985480419141071540, 0.000000000000000000 ) ) ;
#2671 = LINE ( 'NONE', #3378, #3256 ) ;
#2672 = VECTOR ( 'NONE', #1879, 1000.000000000000000 ) ;
#2673 = VERTEX_POINT ( 'NONE', #2753 ) ;
#2674 = CARTESIAN_POINT ( 'NONE',  ( 1.171002132687655406, -1.242700382245726320, -3.469446951953614189E-15 ) ) ;
#2675 = VECTOR ( 'NONE', #1194, 999.9999999999998863 ) ;
#2676 = CARTESIAN_POINT ( 'NONE',  ( 0.6750946645869372320, 1.572534468152820830, -3.469446951953614189E-15 ) ) ;
#2677 = VERTEX_POINT ( 'NONE', #996 ) ;
#2678 = DIRECTION ( 'NONE',  ( -0.9189012659773660996, 0.3944875959839471147, 0.000000000000000000 ) ) ;
#2679 = LINE ( 'NONE', #1443, #1383 ) ;
#2680 = VERTEX_POINT ( 'NONE', #3022 ) ;
#2681 = ADVANCED_FACE ( 'NONE', ( #691 ), #2226, .F. ) ;
#2682 = EDGE_CURVE ( 'NONE', #2090, #1464, #2033, .T. ) ;
#2683 = FACE_OUTER_BOUND ( 'NONE', #7, .T. ) ;
#2684 = EDGE_CURVE ( 'NONE', #3354, #2391, #179, .T. ) ;
#2685 = VERTEX_POINT ( 'NONE', #481 ) ;
#2686 = LINE ( 'NONE', #345, #1209 ) ;
#2687 = CARTESIAN_POINT ( 'NONE',  ( 3.139366811252170653, 0.8407591952565148796, -3.469446951953614189E-15 ) ) ;
#2688 = CARTESIAN_POINT ( 'NONE',  ( -0.2836714750959318798, -3.237596406937853999, 11.00000000000000000 ) ) ;
#2689 = ORIENTED_EDGE ( 'NONE', *, *, #1286, .F. ) ;
#2690 = VECTOR ( 'NONE', #400, 1000.000000000000114 ) ;
#2691 = LINE ( 'NONE', #3227, #412 ) ;
#2692 = DIRECTION ( 'NONE',  ( -0.9983432753029244378, -0.05753872311260558453, 0.000000000000000000 ) ) ;
#2693 = ORIENTED_EDGE ( 'NONE', *, *, #1035, .T. ) ;
#2694 = CARTESIAN_POINT ( 'NONE',  ( 3.290896534380734817, 1.900000000000061862, -3.469446951953614189E-15 ) ) ;
#2695 = DIRECTION ( 'NONE',  ( 0.3944875959839480029, 0.9189012659773657665, 0.000000000000000000 ) ) ;
#2696 = ORIENTED_EDGE ( 'NONE', *, *, #1530, .T. ) ;
#2697 = VECTOR ( 'NONE', #1033, 1000.000000000000114 ) ;
#2698 = LINE ( 'NONE', #1023, #2038 ) ;
#2699 = CARTESIAN_POINT ( 'NONE',  ( -3.290896534380759686, -1.899999999999773426, 11.00000000000000000 ) ) ;
#2700 = ORIENTED_EDGE ( 'NONE', *, *, #51, .F. ) ;
#2701 = EDGE_CURVE ( 'NONE', #2334, #1217, #932, .T. ) ;
#2702 = DIRECTION ( 'NONE',  ( 0.9930356378980534915, 0.1178143533887365257, 0.000000000000000000 ) ) ;
#2703 = LINE ( 'NONE', #1390, #1426 ) ;
#2704 = EDGE_CURVE ( 'NONE', #1810, #1072, #709, .T. ) ;
#2705 = EDGE_CURVE ( 'NONE', #42, #1541, #944, .T. ) ;
#2706 = DIRECTION ( 'NONE',  ( 0.000000000000000000, 0.000000000000000000, 1.000000000000000000 ) ) ;
#2707 = CARTESIAN_POINT ( 'NONE',  ( -1.373887179006708203, -2.945324094112733437, 11.00000000000000000 ) ) ;
#2708 = ORIENTED_EDGE ( 'NONE', *, *, #2826, .F. ) ;
#2709 = CARTESIAN_POINT ( 'NONE',  ( 0.8415645840687384638, 3.139151007970343077, -3.469446951953614189E-15 ) ) ;
#2710 = LOCAL_TIME ( 23, 15, 51.00000000000000000, #2099 ) ;
#2711 = VERTEX_POINT ( 'NONE', #1454 ) ;
#2712 = DIRECTION ( 'NONE',  ( 0.000000000000000000, -1.000000000000000000, 0.000000000000000000 ) ) ;
#2713 = CC_DESIGN_APPROVAL ( #3006, ( #784 ) ) ;
#2714 = CARTESIAN_POINT ( 'NONE',  ( -1.661711166661347772, -0.3927674036704245086, -3.469446951953614189E-15 ) ) ;
#2715 = ORIENTED_EDGE ( 'NONE', *, *, #2909, .T. ) ;
#2716 = DIRECTION ( 'NONE',  ( 9.955928764602502130E-17, 1.000000000000000000, -0.000000000000000000 ) ) ;
#2717 = DIRECTION ( 'NONE',  ( -1.000000000000000000, 0.000000000000000000, 0.000000000000000000 ) ) ;
#2718 = ORIENTED_EDGE ( 'NONE', *, *, #509, .F. ) ;
#2719 = DIRECTION ( 'NONE',  ( 0.9574909474504655904, 0.2884633175126604110, -0.000000000000000000 ) ) ;
#2720 = CARTESIAN_POINT ( 'NONE',  ( -2.910968883852010691, 2.442592916808910886, 11.00000000000000000 ) ) ;
#2721 = DIRECTION ( 'NONE',  ( 0.000000000000000000, 0.000000000000000000, 1.000000000000000000 ) ) ;
#2722 = ORIENTED_EDGE ( 'NONE', *, *, #1391, .F. ) ;
#2723 = EDGE_CURVE ( 'NONE', #3093, #2452, #2498, .T. ) ;
#2724 = DIRECTION ( 'NONE',  ( -0.000000000000000000, 0.000000000000000000, 1.000000000000000000 ) ) ;
#2725 = ORIENTED_EDGE ( 'NONE', *, *, #1412, .F. ) ;
#2726 = CYLINDRICAL_SURFACE ( 'NONE', #921, 1.499999999999999556 ) ;
#2727 = DIRECTION ( 'NONE',  ( 0.000000000000000000, 0.000000000000000000, 1.000000000000000000 ) ) ;
#2728 = DIRECTION ( 'NONE',  ( 0.2300250710621035144, -0.9731847032721354651, 0.000000000000000000 ) ) ;
#2729 = ORIENTED_EDGE ( 'NONE', *, *, #2242, .F. ) ;
#2730 = LINE ( 'NONE', #1703, #2675 ) ;
#2731 = ORIENTED_EDGE ( 'NONE', *, *, #1121, .T. ) ;
#2732 = CARTESIAN_POINT ( 'NONE',  ( 0.6650689912205612897, 9.978273856497141381, -5.945466901626488720 ) ) ;
#2733 = VECTOR ( 'NONE', #1659, 1000.000000000000000 ) ;
#2734 = ORIENTED_EDGE ( 'NONE', *, *, #1283, .T. ) ;
#2735 = LINE ( 'NONE', #2225, #105 ) ;
#2736 = ORIENTED_EDGE ( 'NONE', *, *, #196, .T. ) ;
#2737 = LINE ( 'NONE', #1667, #1042 ) ;
#2738 = EDGE_LOOP ( 'NONE', ( #3016, #2026, #3073, #3020, #1187, #2938, #892, #2954, #1077, #829, #2908, #2483, #2085, #852, #2803, #2285, #1752, #2736, #819, #2949, #2901, #78, #2995, #1653, #2247, #1130, #213, #979, #1899, #2001, #1029, #1672, #2860, #884, #1723, #2134, #3043, #1205, #229, #1460, #3286, #3104, #2370, #608, #2715, #1138, #1174, #2357, #3156, #1875, #2410, #2798, #271, #1155, #513, #1089, #2235, #2272, #3349, #916, #1761, #2330, #1335, #684, #848, #3234, #33, #2523, #3328, #3026, #649, #999 ) ) ;
#2739 = EDGE_CURVE ( 'NONE', #1418, #2205, #1203, .T. ) ;
#2740 = DIRECTION ( 'NONE',  ( -0.8017604966649726217, 0.5976454684740246659, 0.000000000000000000 ) ) ;
#2741 = ADVANCED_FACE ( 'NONE', ( #430 ), #1474, .F. ) ;
#2742 = EDGE_CURVE ( 'NONE', #1201, #2352, #1342, .T. ) ;
#2743 = DIRECTION ( 'NONE',  ( 0.4493416417346273728, 0.8933599996659967735, 0.000000000000000000 ) ) ;
#2744 = DIRECTION ( 'NONE',  ( 0.8928533790783935720, 0.4503474697034441365, -0.000000000000000000 ) ) ;
#2745 = ORIENTED_EDGE ( 'NONE', *, *, #1392, .F. ) ;
#2746 = PLANE ( 'NONE',  #1199 ) ;
#2747 = ORIENTED_EDGE ( 'NONE', *, *, #253, .F. ) ;
#2748 = VECTOR ( 'NONE', #2508, 1000.000000000000000 ) ;
#2749 = AXIS2_PLACEMENT_3D ( 'NONE', #1291, #3377, #2889 ) ;
#2750 = CARTESIAN_POINT ( 'NONE',  ( 1.457503958374107400, -2.033201615469863111, -7.697849529066839835 ) ) ;
#2751 = ORIENTED_EDGE ( 'NONE', *, *, #781, .T. ) ;
#2752 = DIRECTION ( 'NONE',  ( 0.000000000000000000, 0.000000000000000000, 1.000000000000000000 ) ) ;
#2753 = CARTESIAN_POINT ( 'NONE',  ( -0.6598630751343098622, 3.742269461446395162, 11.00000000000000000 ) ) ;
#2754 = VECTOR ( 'NONE', #2619, 1000.000000000000000 ) ;
#2755 = ORIENTED_EDGE ( 'NONE', *, *, #3145, .T. ) ;
#2756 = FACE_OUTER_BOUND ( 'NONE', #929, .T. ) ;
#2757 = CARTESIAN_POINT ( 'NONE',  ( 1.836970198721030181E-16, 13.00000000000000178, -5.793553330597903894 ) ) ;
#2758 = VECTOR ( 'NONE', #109, 999.9999999999998863 ) ;
#2759 = CARTESIAN_POINT ( 'NONE',  ( -4.356006147172517551, -7.071617574365307135, -3.999999999999999112 ) ) ;
#2760 = EDGE_LOOP ( 'NONE', ( #326, #1793, #322, #3196 ) ) ;
#2761 = CC_DESIGN_APPROVAL ( #595, ( #1998 ) ) ;
#2762 = EDGE_CURVE ( 'NONE', #2132, #2972, #915, .T. ) ;
#2763 = DIRECTION ( 'NONE',  ( -0.8928533790783936830, -0.4503474697034438035, 0.000000000000000000 ) ) ;
#2764 = ORIENTED_EDGE ( 'NONE', *, *, #3032, .F. ) ;
#2765 = CARTESIAN_POINT ( 'NONE',  ( 1.197494627442301951, -2.199639560149487139, -6.370067187783552853 ) ) ;
#2766 = ORIENTED_EDGE ( 'NONE', *, *, #1368, .F. ) ;
#2767 = DIRECTION ( 'NONE',  ( 0.9734431431420639269, -0.2289289126993337420, 0.000000000000000000 ) ) ;
#2768 = DIRECTION ( 'NONE',  ( 0.4493416417346273728, 0.8933599996659967735, 0.000000000000000000 ) ) ;
#2769 = CARTESIAN_POINT ( 'NONE',  ( -3.237596406937834459, 0.2836714750961529252, 0.000000000000000000 ) ) ;
#2770 = ORIENTED_EDGE ( 'NONE', *, *, #1076, .F. ) ;
#2771 = DIRECTION ( 'NONE',  ( 0.9734431431420638159, -0.2289289126993344359, 0.000000000000000000 ) ) ;
#2772 = AXIS2_PLACEMENT_3D ( 'NONE', #1539, #2399, #2874 ) ;
#2773 = DIRECTION ( 'NONE',  ( -0.9984074429883884605, 0.05641434024596968244, 0.000000000000000000 ) ) ;
#2774 = DIRECTION ( 'NONE',  ( 0.2289289126993346024, 0.9734431431420638159, -0.000000000000000000 ) ) ;
#2775 = VERTEX_POINT ( 'NONE', #1355 ) ;
#2776 = DIRECTION ( 'NONE',  ( -0.7285620347511315709, 0.6849798256294056253, 0.000000000000000000 ) ) ;
#2777 = VECTOR ( 'NONE', #1799, 1000.000000000000114 ) ;
#2778 = CARTESIAN_POINT ( 'NONE',  ( -0.6598630751343346201, -3.742269461446101175, 0.000000000000000000 ) ) ;
#2779 = CARTESIAN_POINT ( 'NONE',  ( -3.570831958986332211, -1.299676544637336839, 0.000000000000000000 ) ) ;
#2780 = EDGE_CURVE ( 'NONE', #2213, #1912, #1100, .T. ) ;
#2781 = ORIENTED_EDGE ( 'NONE', *, *, #1198, .T. ) ;
#2782 = EDGE_CURVE ( 'NONE', #1669, #1758, #2394, .T. ) ;
#2783 = EDGE_CURVE ( 'NONE', #1144, #967, #690, .T. ) ;
#2784 = DATE_AND_TIME ( #461, #2106 ) ;
#2785 = CARTESIAN_POINT ( 'NONE',  ( 1.450082510884122211, -2.036630856026796721, -6.897019576826174614 ) ) ;
#2786 = ORIENTED_EDGE ( 'NONE', *, *, #3232, .T. ) ;
#2787 = CARTESIAN_POINT ( 'NONE',  ( -1.864464907231081936, -2.662004998061385130, 0.000000000000000000 ) ) ;
#2788 = VECTOR ( 'NONE', #3116, 999.9999999999998863 ) ;
#2789 = AXIS2_PLACEMENT_3D ( 'NONE', #2541, #3094, #3035 ) ;
#2790 = CARTESIAN_POINT ( 'NONE',  ( 1.020478584721658866, 1.369004635827780092, -3.469446951953614189E-15 ) ) ;
#2791 = VERTEX_POINT ( 'NONE', #3170 ) ;
#2792 = DIRECTION ( 'NONE',  ( -0.000000000000000000, 0.000000000000000000, 1.000000000000000000 ) ) ;
#2793 = DIRECTION ( 'NONE',  ( 0.6857999066831703683, -0.7277901400770382390, 0.000000000000000000 ) ) ;
#2794 = DIRECTION ( 'NONE',  ( 0.7277901400770382390, 0.6857999066831703683, 0.000000000000000000 ) ) ;
#2795 = VERTEX_POINT ( 'NONE', #1305 ) ;
#2796 = CARTESIAN_POINT ( 'NONE',  ( -1.695832084886271574, 0.1992580604730461724, -3.469446951953614189E-15 ) ) ;
#2797 = DIRECTION ( 'NONE',  ( 0.5976454684740245549, 0.8017604966649727327, 0.000000000000000000 ) ) ;
#2798 = ORIENTED_EDGE ( 'NONE', *, *, #637, .T. ) ;
#2799 = APPROVAL_DATE_TIME ( #2290, #3006 ) ;
#2800 = DIRECTION ( 'NONE',  ( 0.000000000000000000, 0.000000000000000000, 1.000000000000000000 ) ) ;
#2801 = VECTOR ( 'NONE', #918, 999.9999999999998863 ) ;
#2802 = EDGE_CURVE ( 'NONE', #2567, #239, #2887, .T. ) ;
#2803 = ORIENTED_EDGE ( 'NONE', *, *, #2344, .T. ) ;
#2804 = CARTESIAN_POINT ( 'NONE',  ( 1.370916363567994178, 1.024307465453497601, -3.469446951953614189E-15 ) ) ;
#2805 = EDGE_CURVE ( 'NONE', #937, #625, #2635, .T. ) ;
#2806 = ORIENTED_EDGE ( 'NONE', *, *, #3357, .F. ) ;
#2807 = LINE ( 'NONE', #485, #599 ) ;
#2808 = AXIS2_PLACEMENT_3D ( 'NONE', #2238, #1995, #3283 ) ;
#2809 = FACE_OUTER_BOUND ( 'NONE', #2246, .T. ) ;
#2810 = CARTESIAN_POINT ( 'NONE',  ( -1.246803061714281569, 1.172219938826455810, -3.469446951953614189E-15 ) ) ;
#2811 = VERTEX_POINT ( 'NONE', #39 ) ;
#2812 = FACE_OUTER_BOUND ( 'NONE', #573, .T. ) ;
#2813 = EDGE_LOOP ( 'NONE', ( #2054, #642, #899, #2496 ) ) ;
#2814 = CARTESIAN_POINT ( 'NONE',  ( -1.348332419750692956, 9.908755670903024892, -7.958117596405684502 ) ) ;
#2815 = APPROVAL_ROLE ( '' ) ;
#2816 = ORIENTED_EDGE ( 'NONE', *, *, #2990, .F. ) ;
#2817 = CARTESIAN_POINT ( 'NONE',  ( -2.442592916808760339, 2.910968883852158573, 0.000000000000000000 ) ) ;
#2818 = CARTESIAN_POINT ( 'NONE',  ( 1.665873094373852004, -0.3917707149891789253, 11.00000000000000000 ) ) ;
#2819 = FACE_OUTER_BOUND ( 'NONE', #86, .T. ) ;
#2820 = ADVANCED_FACE ( 'NONE', ( #568 ), #2123, .F. ) ;
#2821 = ORIENTED_EDGE ( 'NONE', *, *, #1465, .T. ) ;
#2822 = EDGE_LOOP ( 'NONE', ( #3096, #1378, #3255, #1602 ) ) ;
#2823 = DIRECTION ( 'NONE',  ( 0.2884633175126589122, -0.9574909474504660345, 0.000000000000000000 ) ) ;
#2824 = EDGE_CURVE ( 'NONE', #391, #788, #310, .T. ) ;
#2825 = VECTOR ( 'NONE', #113, 1000.000000000000000 ) ;
#2826 = EDGE_CURVE ( 'NONE', #1026, #475, #1760, .T. ) ;
#2827 = LINE ( 'NONE', #799, #569 ) ;
#2828 = CARTESIAN_POINT ( 'NONE',  ( 1.836969794591466673E-16, 9.999999999999998224, -5.793553330597903894 ) ) ;
#2829 = ORIENTED_EDGE ( 'NONE', *, *, #1739, .F. ) ;
#2830 = CARTESIAN_POINT ( 'NONE',  ( 0.8407591952565030002, -3.139366811252173317, 11.00000000000000000 ) ) ;
#2831 = DIRECTION ( 'NONE',  ( 0.3955222236256829560, -0.9184564064876434841, 0.000000000000000000 ) ) ;
#2832 = AXIS2_PLACEMENT_3D ( 'NONE', #1107, #28, #594 ) ;
#2833 = ORIENTED_EDGE ( 'NONE', *, *, #3294, .T. ) ;
#2834 = VECTOR ( 'NONE', #564, 1000.000000000000000 ) ;
#2835 = VERTEX_POINT ( 'NONE', #2542 ) ;
#2836 = CARTESIAN_POINT ( 'NONE',  ( -0.4926413705741519156, -2.452766730206704437, -8.713787427473825176 ) ) ;
#2837 = CARTESIAN_POINT ( 'NONE',  ( -0.6753535001647041902, 1.568262696300860570, -3.469446951953614189E-15 ) ) ;
#2838 = ORIENTED_EDGE ( 'NONE', *, *, #2019, .F. ) ;
#2839 = CARTESIAN_POINT ( 'NONE',  ( 3.139151007970394147, -0.8415645840685431756, 0.000000000000000000 ) ) ;
#2840 = DIRECTION ( 'NONE',  ( 0.5480599732849436023, 0.8364390388324226544, 0.000000000000000000 ) ) ;
#2841 = EDGE_CURVE ( 'NONE', #2680, #3379, #1232, .T. ) ;
#2842 = ORIENTED_EDGE ( 'NONE', *, *, #637, .F. ) ;
#2843 = LINE ( 'NONE', #985, #646 ) ;
#2844 = ADVANCED_FACE ( 'NONE', ( #718 ), #1481, .F. ) ;
#2845 = EDGE_CURVE ( 'NONE', #1387, #822, #1251, .T. ) ;
#2846 = CARTESIAN_POINT ( 'NONE',  ( 0.8415645840687384638, 3.139151007970343077, 11.00000000000000000 ) ) ;
#2847 = ORIENTED_EDGE ( 'NONE', *, *, #1950, .T. ) ;
#2848 = AXIS2_PLACEMENT_3D ( 'NONE', #2456, #919, #132 ) ;
#2849 = DIRECTION ( 'NONE',  ( -0.9731847032721354651, -0.2300250710621029870, 0.000000000000000000 ) ) ;
#2850 = DIRECTION ( 'NONE',  ( 0.3944875959839479473, 0.9189012659773657665, 0.000000000000000000 ) ) ;
#2851 = ORIENTED_EDGE ( 'NONE', *, *, #2909, .F. ) ;
#2852 = CARTESIAN_POINT ( 'NONE',  ( -4.356006147172517551, -7.071617574365307135, -3.999999999999999112 ) ) ;
#2853 = DIRECTION ( 'NONE',  ( 0.8364390388324226544, -0.5480599732849436023, 0.000000000000000000 ) ) ;
#2854 = DIRECTION ( 'NONE',  ( -0.8928533790783931279, -0.4503474697034450247, 0.000000000000000000 ) ) ;
#2855 = DIRECTION ( 'NONE',  ( -0.8364390388324223213, 0.5480599732849441574, 0.000000000000000000 ) ) ;
#2856 = EDGE_LOOP ( 'NONE', ( #1213, #1381, #1503, #711 ) ) ;
#2857 = CARTESIAN_POINT ( 'NONE',  ( -0.6657031684408521999, -9.978231879593137066, -8.641330671024643806 ) ) ;
#2858 = VECTOR ( 'NONE', #2794, 1000.000000000000000 ) ;
#2859 = LINE ( 'NONE', #1809, #2643 ) ;
#2860 = ORIENTED_EDGE ( 'NONE', *, *, #946, .T. ) ;
#2861 = CARTESIAN_POINT ( 'NONE',  ( 0.2828408481029022203, -3.237669077383362737, 0.000000000000000000 ) ) ;
#2862 = CARTESIAN_POINT ( 'NONE',  ( -3.742269461446262824, -0.6598630751341526546, 11.00000000000000000 ) ) ;
#2863 = CARTESIAN_POINT ( 'NONE',  ( 0.2009208402571259489, 2.493867379961468345, -5.803710251250964625 ) ) ;
#2864 = VERTEX_POINT ( 'NONE', #986 ) ;
#2865 = EDGE_CURVE ( 'NONE', #2986, #808, #3323, .T. ) ;
#2866 = AXIS2_PLACEMENT_3D ( 'NONE', #2497, #1728, #2767 ) ;
#2867 = ORIENTED_EDGE ( 'NONE', *, *, #2435, .F. ) ;
#2868 = APPROVAL_PERSON_ORGANIZATION ( #2257, #3006, #1999 ) ;
#2869 = CARTESIAN_POINT ( 'NONE',  ( -3.570831958986332211, -1.299676544637337061, -3.469446951953614189E-15 ) ) ;
#2870 = CARTESIAN_POINT ( 'NONE',  ( 0.3934945893231883152, -9.993891274841788075, -5.832955077686674095 ) ) ;
#2871 = DIRECTION ( 'NONE',  ( 0.1166959098226706404, 0.9931676920997073443, -0.000000000000000000 ) ) ;
#2872 = FACE_OUTER_BOUND ( 'NONE', #1822, .T. ) ;
#2873 = ORIENTED_EDGE ( 'NONE', *, *, #2092, .T. ) ;
#2874 = DIRECTION ( 'NONE',  ( -1.000000000000000000, 0.000000000000000000, 0.000000000000000000 ) ) ;
#2875 = CARTESIAN_POINT ( 'NONE',  ( 2.500000000000000000, 3.061616997868383141E-16, 11.00000000000000000 ) ) ;
#2876 = ORIENTED_EDGE ( 'NONE', *, *, #1012, .T. ) ;
#2877 = LINE ( 'NONE', #834, #487 ) ;
#2878 = DIRECTION ( 'NONE',  ( -0.000000000000000000, 0.000000000000000000, 1.000000000000000000 ) ) ;
#2879 = ORIENTED_EDGE ( 'NONE', *, *, #1934, .T. ) ;
#2880 = LINE ( 'NONE', #2371, #269 ) ;
#2881 = ORIENTED_EDGE ( 'NONE', *, *, #1485, .T. ) ;
#2882 = EDGE_CURVE ( 'NONE', #687, #1387, #3038, .T. ) ;
#2883 = VERTEX_POINT ( 'NONE', #2778 ) ;
#2884 = CARTESIAN_POINT ( 'NONE',  ( -1.130229116719367655, -2.231199301900777421, -8.284460672702568473 ) ) ;
#2885 = ADVANCED_FACE ( 'NONE', ( #3057, #2028 ), #440, .F. ) ;
#2886 = EDGE_CURVE ( 'NONE', #410, #128, #2698, .T. ) ;
#2887 = LINE ( 'NONE', #1569, #131 ) ;
#2888 = VECTOR ( 'NONE', #2956, 1000.000000000000114 ) ;
#2889 = DIRECTION ( 'NONE',  ( -1.000000000000000000, 0.000000000000000000, 0.000000000000000000 ) ) ;
#2890 = LINE ( 'NONE', #60, #3202 ) ;
#2891 = VERTEX_POINT ( 'NONE', #200 ) ;
#2892 = CARTESIAN_POINT ( 'NONE',  ( 0.000000000000000000, 7.181896211002739783, -7.293553330597904782 ) ) ;
#2893 = LINE ( 'NONE', #44, #3095 ) ;
#2894 = ORIENTED_EDGE ( 'NONE', *, *, #1267, .F. ) ;
#2895 = CARTESIAN_POINT ( 'NONE',  ( -3.139151007970308882, 0.8415645840688652513, -3.469446951953614189E-15 ) ) ;
#2896 = VECTOR ( 'NONE', #1906, 1000.000000000000000 ) ;
#2897 = CARTESIAN_POINT ( 'NONE',  ( 0.4933449275584622651, 2.452603175579259887, -5.873605888471908898 ) ) ;
#2898 = EDGE_LOOP ( 'NONE', ( #2356, #82 ) ) ;
#2899 = CARTESIAN_POINT ( 'NONE',  ( -0.09654301046208210724, -1.708595009594854330, -3.469446951953614189E-15 ) ) ;
#2900 = DATE_TIME_ROLE ( 'classification_date' ) ;
#2901 = ORIENTED_EDGE ( 'NONE', *, *, #1031, .T. ) ;
#2902 = CARTESIAN_POINT ( 'NONE',  ( 1.863781898376779322, -2.662483246009831994, 11.00000000000000000 ) ) ;
#2903 = CARTESIAN_POINT ( 'NONE',  ( -0.7646715382724490473, -2.387442911609108709, -5.988242156070035627 ) ) ;
#2904 = CARTESIAN_POINT ( 'NONE',  ( 2.257346310099018770E-16, -9.999999999999998224, -8.793553330597903894 ) ) ;
#2905 = DIRECTION ( 'NONE',  ( -0.000000000000000000, -0.000000000000000000, -1.000000000000000000 ) ) ;
#2906 = PLANE ( 'NONE',  #1016 ) ;
#2907 = EDGE_CURVE ( 'NONE', #741, #937, #130, .T. ) ;
#2908 = ORIENTED_EDGE ( 'NONE', *, *, #2469, .T. ) ;
#2909 = EDGE_CURVE ( 'NONE', #358, #3354, #1207, .T. ) ;
#2910 = CARTESIAN_POINT ( 'NONE',  ( -0.09796877125857476887, -9.999999999999998224, -5.793553330597903006 ) ) ;
#2911 = CARTESIAN_POINT ( 'NONE',  ( 1.836970198721029934E-16, 7.181896211002739783, -5.793553330597903894 ) ) ;
#2912 = AXIS2_PLACEMENT_3D ( 'NONE', #3051, #2793, #904 ) ;
#2913 = ORIENTED_EDGE ( 'NONE', *, *, #1612, .F. ) ;
#2914 = CARTESIAN_POINT ( 'NONE',  ( -4.356006147172515774, 7.181896211002739783, -11.00000000000000000 ) ) ;
#2915 = AXIS2_PLACEMENT_3D ( 'NONE', #1645, #882, #624 ) ;
#2916 = CARTESIAN_POINT ( 'NONE',  ( 0.9374193223016579202, -1.427163357492114759, -3.469446951953614189E-15 ) ) ;
#2917 = ORIENTED_EDGE ( 'NONE', *, *, #2069, .T. ) ;
#2918 = DIRECTION ( 'NONE',  ( -0.9984074429883883495, 0.05641434024596890529, 0.000000000000000000 ) ) ;
#2919 = VECTOR ( 'NONE', #2853, 999.9999999999998863 ) ;
#2920 = ORIENTED_EDGE ( 'NONE', *, *, #805, .T. ) ;
#2921 = DIRECTION ( 'NONE',  ( 0.2884633175126588567, -0.9574909474504659235, 0.000000000000000000 ) ) ;
#2922 = DIRECTION ( 'NONE',  ( 1.000000000000000000, 0.000000000000000000, 0.000000000000000000 ) ) ;
#2923 = LINE ( 'NONE', #2140, #3228 ) ;
#2924 = LINE ( 'NONE', #776, #1610 ) ;
#2925 = VECTOR ( 'NONE', #610, 1000.000000000000114 ) ;
#2926 = VERTEX_POINT ( 'NONE', #1686 ) ;
#2927 = LINE ( 'NONE', #2674, #707 ) ;
#2928 = ADVANCED_FACE ( 'NONE', ( #1416 ), #116, .F. ) ;
#2929 = DIRECTION ( 'NONE',  ( 0.8010869125886338482, 0.5985480419141061548, 0.000000000000000000 ) ) ;
#2930 = ORIENTED_EDGE ( 'NONE', *, *, #2572, .T. ) ;
#2931 = ADVANCED_FACE ( 'NONE', ( #2503 ), #2454, .F. ) ;
#2932 = PLANE ( 'NONE',  #2064 ) ;
#2933 = EDGE_CURVE ( 'NONE', #1359, #1024, #696, .T. ) ;
#2934 = EDGE_CURVE ( 'NONE', #2611, #1367, #2266, .T. ) ;
#2935 = LINE ( 'NONE', #85, #2143 ) ;
#2936 = EDGE_LOOP ( 'NONE', ( #2438, #2770, #332, #2650 ) ) ;
#2937 = CARTESIAN_POINT ( 'NONE',  ( 0.000000000000000000, 0.000000000000000000, 11.00000000000000000 ) ) ;
#2938 = ORIENTED_EDGE ( 'NONE', *, *, #52, .T. ) ;
#2939 = DIRECTION ( 'NONE',  ( 0.2873847965889648748, 0.9578152111391421419, 0.000000000000000000 ) ) ;
#2940 = DIRECTION ( 'NONE',  ( 0.9930356378980534915, 0.1178143533887365257, 0.000000000000000000 ) ) ;
#2941 = VECTOR ( 'NONE', #2006, 1000.000000000000227 ) ;
#2942 = CARTESIAN_POINT ( 'NONE',  ( 0.6598630751343097511, 3.742269461446391166, 11.00000000000000000 ) ) ;
#2943 = DIRECTION ( 'NONE',  ( -0.9574909474504659235, -0.2884633175126590232, 0.000000000000000000 ) ) ;
#2944 = VECTOR ( 'NONE', #233, 1000.000000000000000 ) ;
#2945 = ORIENTED_EDGE ( 'NONE', *, *, #722, .T. ) ;
#2946 = CARTESIAN_POINT ( 'NONE',  ( 4.356006147172515774, -7.071617574365308023, -3.999999999999999112 ) ) ;
#2947 = VECTOR ( 'NONE', #2000, 1000.000000000000114 ) ;
#2948 = CARTESIAN_POINT ( 'NONE',  ( -2.945324094112658386, 1.373887179006868964, 0.000000000000000000 ) ) ;
#2949 = ORIENTED_EDGE ( 'NONE', *, *, #285, .T. ) ;
#2950 = CARTESIAN_POINT ( 'NONE',  ( 0.000000000000000000, 13.00000000000000178, -7.293553330597904782 ) ) ;
#2951 = EDGE_CURVE ( 'NONE', #103, #111, #3029, .T. ) ;
#2952 = CARTESIAN_POINT ( 'NONE',  ( 2.662483246009871074, 1.863781898376722923, 0.000000000000000000 ) ) ;
#2953 = ADVANCED_FACE ( 'NONE', ( #2199 ), #1700, .F. ) ;
#2954 = ORIENTED_EDGE ( 'NONE', *, *, #969, .T. ) ;
#2955 = EDGE_CURVE ( 'NONE', #1810, #1487, #2486, .T. ) ;
#2956 = DIRECTION ( 'NONE',  ( -0.2300250710621044303, 0.9731847032721351320, 0.000000000000000000 ) ) ;
#2957 = VERTEX_POINT ( 'NONE', #949 ) ;
#2958 = CARTESIAN_POINT ( 'NONE',  ( -1.420279136525753216, 2.057880962952096215, -6.801281420456406046 ) ) ;
#2959 = LINE ( 'NONE', #862, #831 ) ;
#2960 = LINE ( 'NONE', #106, #3114 ) ;
#2961 = PLANE ( 'NONE',  #2591 ) ;
#2962 = ORIENTED_EDGE ( 'NONE', *, *, #530, .T. ) ;
#2963 = LINE ( 'NONE', #1893, #2612 ) ;
#2964 = CARTESIAN_POINT ( 'NONE',  ( -2.515349040166370287E-14, -3.799999999999710276, 0.000000000000000000 ) ) ;
#2965 = ORIENTED_EDGE ( 'NONE', *, *, #1012, .F. ) ;
#2966 = LINE ( 'NONE', #2165, #1193 ) ;
#2967 = VECTOR ( 'NONE', #2569, 1000.000000000000114 ) ;
#2968 = CARTESIAN_POINT ( 'NONE',  ( 3.139366811252170653, 0.8407591952565148796, 11.00000000000000000 ) ) ;
#2969 = ORIENTED_EDGE ( 'NONE', *, *, #677, .F. ) ;
#2970 = CARTESIAN_POINT ( 'NONE',  ( -0.4907090339735984408, -1.635467785916109085, 11.00000000000000000 ) ) ;
#2971 = EDGE_CURVE ( 'NONE', #2559, #2029, #647, .T. ) ;
#2972 = VERTEX_POINT ( 'NONE', #1477 ) ;
#2973 = CARTESIAN_POINT ( 'NONE',  ( -0.1018531766306129682, 2.499999999999999556, -8.793553330597905671 ) ) ;
#2974 = VECTOR ( 'NONE', #1729, 1000.000000000000114 ) ;
#2975 = CARTESIAN_POINT ( 'NONE',  ( 0.000000000000000000, 0.000000000000000000, -11.00000000000000000 ) ) ;
#2976 = FACE_OUTER_BOUND ( 'NONE', #2856, .T. ) ;
#2977 = ORIENTED_EDGE ( 'NONE', *, *, #530, .F. ) ;
#2978 = CARTESIAN_POINT ( 'NONE',  ( 3.237669077383357408, 0.2828408481029568988, 0.000000000000000000 ) ) ;
#2979 = VECTOR ( 'NONE', #3344, 1000.000000000000000 ) ;
#2980 = ORIENTED_EDGE ( 'NONE', *, *, #466, .T. ) ;
#2981 = DIRECTION ( 'NONE',  ( 0.000000000000000000, 0.000000000000000000, 1.000000000000000000 ) ) ;
#2982 = CARTESIAN_POINT ( 'NONE',  ( -2.500000000000000000, 0.000000000000000000, 11.00000000000000000 ) ) ;
#2983 = LINE ( 'NONE', #1637, #3010 ) ;
#2984 = ORIENTED_EDGE ( 'NONE', *, *, #2593, .T. ) ;
#2985 = DIRECTION ( 'NONE',  ( 0.9931676920997073443, -0.1166959098226709873, 0.000000000000000000 ) ) ;
#2986 = VERTEX_POINT ( 'NONE', #1989 ) ;
#2987 = VECTOR ( 'NONE', #2420, 1000.000000000000000 ) ;
#2988 = DIRECTION ( 'NONE',  ( 0.000000000000000000, 0.000000000000000000, 1.000000000000000000 ) ) ;
#2990 = EDGE_CURVE ( 'NONE', #2057, #1996, #2007, .T. ) ;
#2989 = DIRECTION ( 'NONE',  ( 0.5976454684740245549, 0.8017604966649727327, 0.000000000000000000 ) ) ;
#2991 = EDGE_CURVE ( 'NONE', #611, #687, #714, .T. ) ;
#2992 = ORIENTED_EDGE ( 'NONE', *, *, #1017, .T. ) ;
#2993 = DIRECTION ( 'NONE',  ( -0.6849798256294044041, -0.7285620347511326811, 0.000000000000000000 ) ) ;
#2994 = EDGE_CURVE ( 'NONE', #1991, #578, #1754, .T. ) ;
#2995 = ORIENTED_EDGE ( 'NONE', *, *, #174, .T. ) ;
#2996 = VECTOR ( 'NONE', #2918, 1000.000000000000227 ) ;
#2997 = CARTESIAN_POINT ( 'NONE',  ( 2.910968883852000921, 2.442592916808890902, 11.00000000000000000 ) ) ;
#2998 = CARTESIAN_POINT ( 'NONE',  ( -1.525410625857867242, 0.7672500617877267004, -3.469446951953614189E-15 ) ) ;
#2999 = CARTESIAN_POINT ( 'NONE',  ( 0.7672500617877539009, 1.525410625857913427, -3.469446951953614189E-15 ) ) ;
#3000 = VERTEX_POINT ( 'NONE', #2215 ) ;
#3001 = CARTESIAN_POINT ( 'NONE',  ( -1.427163357492163831, -0.9374193223016895615, -3.469446951953614189E-15 ) ) ;
#3002 = ORIENTED_EDGE ( 'NONE', *, *, #762, .F. ) ;
#3003 = CARTESIAN_POINT ( 'NONE',  ( 0.4935581993970462600, -2.452563328570584567, -8.713432957506066501 ) ) ;
#3004 = VERTEX_POINT ( 'NONE', #3262 ) ;
#3005 = DIRECTION ( 'NONE',  ( 0.6849798256294022947, 0.7285620347511349015, 0.000000000000000000 ) ) ;
#3006 = APPROVAL ( #1516, 'UNSPECIFIED' ) ;
#3007 = FACE_OUTER_BOUND ( 'NONE', #661, .T. ) ;
#3008 = EDGE_CURVE ( 'NONE', #1003, #2611, #1958, .T. ) ;
#3009 = ORIENTED_EDGE ( 'NONE', *, *, #1714, .F. ) ;
#3010 = VECTOR ( 'NONE', #371, 1000.000000000000000 ) ;
#3011 = VERTEX_POINT ( 'NONE', #1442 ) ;
#3012 = CARTESIAN_POINT ( 'NONE',  ( -1.708595009595019754, 0.09654301046209090575, 11.00000000000000000 ) ) ;
#3013 = CARTESIAN_POINT ( 'NONE',  ( 1.635467785916186356, -0.4907090339736203122, -3.469446951953614189E-15 ) ) ;
#3014 = ORIENTED_EDGE ( 'NONE', *, *, #2533, .T. ) ;
#3015 = PLANE ( 'NONE',  #491 ) ;
#3016 = ORIENTED_EDGE ( 'NONE', *, *, #2139, .T. ) ;
#3017 = AXIS2_PLACEMENT_3D ( 'NONE', #3075, #971, #2797 ) ;
#3018 = VECTOR ( 'NONE', #693, 1000.000000000000114 ) ;
#3019 = CARTESIAN_POINT ( 'NONE',  ( 0.9908163545276091888, 9.951041337518493179, -6.163042739633627143 ) ) ;
#3020 = ORIENTED_EDGE ( 'NONE', *, *, #2780, .T. ) ;
#3021 = CARTESIAN_POINT ( 'NONE',  ( 3.742269461446233070, -0.6598630751341776346, 0.000000000000000000 ) ) ;
#3022 = CARTESIAN_POINT ( 'NONE',  ( 2.442592916808733694, -2.910968883851868583, 0.000000000000000000 ) ) ;
#3023 = LINE ( 'NONE', #2228, #3018 ) ;
#3024 = VECTOR ( 'NONE', #2855, 1000.000000000000000 ) ;
#3025 = VERTEX_POINT ( 'NONE', #148 ) ;
#3026 = ORIENTED_EDGE ( 'NONE', *, *, #2991, .T. ) ;
#3027 = CARTESIAN_POINT ( 'NONE',  ( 0.000000000000000000, 0.000000000000000000, 11.00000000000000000 ) ) ;
#3028 = EDGE_CURVE ( 'NONE', #1583, #1341, #935, .T. ) ;
#3029 = LINE ( 'NONE', #1190, #2801 ) ;
#3030 = VECTOR ( 'NONE', #3005, 999.9999999999998863 ) ;
#3031 = CARTESIAN_POINT ( 'NONE',  ( -1.171002132687811947, 1.242700382245892410, 11.00000000000000000 ) ) ;
#3032 = EDGE_CURVE ( 'NONE', #3000, #1144, #1715, .T. ) ;
#3033 = ORIENTED_EDGE ( 'NONE', *, *, #1568, .F. ) ;
#3034 =( GEOMETRIC_REPRESENTATION_CONTEXT ( 3 ) GLOBAL_UNCERTAINTY_ASSIGNED_CONTEXT ( ( #1629 ) ) GLOBAL_UNIT_ASSIGNED_CONTEXT ( ( #704, #3115, #1287 ) ) REPRESENTATION_CONTEXT ( 'NONE', 'WORKASPACE' ) );
#3035 = DIRECTION ( 'NONE',  ( -1.000000000000000000, 9.955928764602502130E-17, 0.000000000000000000 ) ) ;
#3036 = EDGE_CURVE ( 'NONE', #1669, #70, #1458, .T. ) ;
#3037 = EDGE_CURVE ( 'NONE', #782, #477, #3381, .T. ) ;
#3038 = LINE ( 'NONE', #701, #238 ) ;
#3039 = LINE ( 'NONE', #2970, #685 ) ;
#3040 = EDGE_LOOP ( 'NONE', ( #297, #313, #98, #64 ) ) ;
#3041 = PERSON_AND_ORGANIZATION ( #1709, #2440 ) ;
#3042 = FACE_OUTER_BOUND ( 'NONE', #2075, .T. ) ;
#3043 = ORIENTED_EDGE ( 'NONE', *, *, #1468, .T. ) ;
#3044 = LINE ( 'NONE', #3329, #1403 ) ;
#3045 = DIRECTION ( 'NONE',  ( -9.955928764602502130E-17, -1.000000000000000000, 0.000000000000000000 ) ) ;
#3046 = DIRECTION ( 'NONE',  ( -0.05753872311260558453, 0.9983432753029244378, 0.000000000000000000 ) ) ;
#3047 = ORIENTED_EDGE ( 'NONE', *, *, #2934, .F. ) ;
#3048 = VERTEX_POINT ( 'NONE', #732 ) ;
#3049 = DIRECTION ( 'NONE',  ( 0.000000000000000000, 0.000000000000000000, 1.000000000000000000 ) ) ;
#3050 = VECTOR ( 'NONE', #1492, 1000.000000000000114 ) ;
#3051 = CARTESIAN_POINT ( 'NONE',  ( -1.171002132687811947, 1.242700382245892410, -3.469446951953614189E-15 ) ) ;
#3052 = CARTESIAN_POINT ( 'NONE',  ( 1.172219938826447816, 1.246803061714273353, 11.00000000000000000 ) ) ;
#3053 = ORIENTED_EDGE ( 'NONE', *, *, #1074, .T. ) ;
#3054 = CARTESIAN_POINT ( 'NONE',  ( -0.7661696148887455760, 2.387083575257968437, -5.988874248414153278 ) ) ;
#3055 = VECTOR ( 'NONE', #1137, 1000.000000000000000 ) ;
#3056 = EDGE_CURVE ( 'NONE', #1583, #163, #502, .T. ) ;
#3057 = FACE_BOUND ( 'NONE', #2898, .T. ) ;
#3058 = EDGE_CURVE ( 'NONE', #2811, #2592, #2827, .T. ) ;
#3059 = LINE ( 'NONE', #3341, #303 ) ;
#3060 = EDGE_LOOP ( 'NONE', ( #527, #1598, #902, #2142 ) ) ;
#3061 = ADVANCED_FACE ( 'NONE', ( #2809 ), #1540, .F. ) ;
#3062 = COORDINATED_UNIVERSAL_TIME_OFFSET ( 9, 0, .AHEAD. ) ;
#3063 = CARTESIAN_POINT ( 'NONE',  ( 0.6598630751343097511, 3.742269461446391166, -3.469446951953614189E-15 ) ) ;
#3064 = ORIENTED_EDGE ( 'NONE', *, *, #31, .F. ) ;
#3065 = DIRECTION ( 'NONE',  ( -0.6849798256294044041, -0.7285620347511327921, 0.000000000000000000 ) ) ;
#3066 = CLOSED_SHELL ( 'NONE', ( #3166, #3312, #1931, #1719, #2072, #251, #1717, #2681, #1328, #3190, #2287, #2245, #2347, #424, #2820, #2494, #3314, #1762, #237, #71, #2323, #2491, #1789, #74, #2844, #909, #2928, #2931, #764, #1078, #319, #382, #257, #3061, #299, #987, #2288, #2490, #1786, #2554, #1245, #2451, #1680, #1428, #29, #1094, #740, #1567, #1894, #3147, #75, #397, #2011, #155, #2640, #3251, #849, #1388, #2741, #114, #1590, #1486, #3358, #511, #323, #596, #3269, #1369, #506, #1547, #1529, #321, #1737, #3254, #658, #2431, #2641, #656, #528, #220, #1849, #617, #2326, #989, #1694, #3339, #1372, #970, #2885, #1897, #891, #2183, #2532, #154, #2953, #639, #744 ) ) ;
#3067 = VECTOR ( 'NONE', #272, 1000.000000000000114 ) ;
#3068 = CARTESIAN_POINT ( 'NONE',  ( -3.139366811252236378, -0.8407591952562681881, -3.469446951953614189E-15 ) ) ;
#3069 = ORIENTED_EDGE ( 'NONE', *, *, #3058, .T. ) ;
#3070 = DIRECTION ( 'NONE',  ( 0.9984074429883882384, -0.05641434024597180574, 0.000000000000000000 ) ) ;
#3071 = CARTESIAN_POINT ( 'NONE',  ( -2.298391812713996618, -2.297802227183460833, -3.469446951953614189E-15 ) ) ;
#3072 = PLANE ( 'NONE',  #3198 ) ;
#3073 = ORIENTED_EDGE ( 'NONE', *, *, #1640, .T. ) ;
#3074 = PLANE ( 'NONE',  #1634 ) ;
#3075 = CARTESIAN_POINT ( 'NONE',  ( -1.369004635827770100, 1.020478584721650428, -3.469446951953614189E-15 ) ) ;
#3076 = LINE ( 'NONE', #2044, #2212 ) ;
#3077 = ORIENTED_EDGE ( 'NONE', *, *, #1617, .F. ) ;
#3078 = EDGE_CURVE ( 'NONE', #1531, #1490, #2555, .T. ) ;
#3079 = PERSON_AND_ORGANIZATION ( #1709, #2440 ) ;
#3080 = VECTOR ( 'NONE', #385, 1000.000000000000000 ) ;
#3081 = ORIENTED_EDGE ( 'NONE', *, *, #1222, .T. ) ;
#3082 = VECTOR ( 'NONE', #1785, 1000.000000000000000 ) ;
#3083 = LINE ( 'NONE', #193, #3317 ) ;
#3084 = EDGE_CURVE ( 'NONE', #665, #625, #489, .T. ) ;
#3085 = CARTESIAN_POINT ( 'NONE',  ( -1.699402130040331693, -0.2016181045847721121, 11.00000000000000000 ) ) ;
#3086 = DIRECTION ( 'NONE',  ( 1.000000000000000000, 0.000000000000000000, 0.000000000000000000 ) ) ;
#3087 = ORIENTED_EDGE ( 'NONE', *, *, #551, .T. ) ;
#3088 = ORIENTED_EDGE ( 'NONE', *, *, #234, .T. ) ;
#3089 = CARTESIAN_POINT ( 'NONE',  ( 1.899999999999924860, 3.290896534380880034, 0.000000000000000000 ) ) ;
#3090 = AXIS2_PLACEMENT_3D ( 'NONE', #458, #1828, #221 ) ;
#3091 = DIRECTION ( 'NONE',  ( 0.000000000000000000, 0.000000000000000000, 1.000000000000000000 ) ) ;
#3092 = CARTESIAN_POINT ( 'NONE',  ( 0.09824726836557015619, -1.704669384089275486, -3.469446951953614189E-15 ) ) ;
#3093 = VERTEX_POINT ( 'NONE', #1842 ) ;
#3094 = DIRECTION ( 'NONE',  ( 9.955928764602502130E-17, 1.000000000000000000, -0.000000000000000000 ) ) ;
#3095 = VECTOR ( 'NONE', #26, 1000.000000000000000 ) ;
#3096 = ORIENTED_EDGE ( 'NONE', *, *, #2802, .T. ) ;
#3097 = CARTESIAN_POINT ( 'NONE',  ( -1.193537268693811493, 9.928669328050927945, -8.207380846936029428 ) ) ;
#3098 = APPLICATION_PROTOCOL_DEFINITION ( 'international standard', 'config_control_design', 1994, #334 ) ;
#3099 = DIRECTION ( 'NONE',  ( 0.000000000000000000, 0.000000000000000000, 1.000000000000000000 ) ) ;
#3100 = CARTESIAN_POINT ( 'NONE',  ( -7.800047896967665804E-17, -2.500000000000000000, -8.793553330597903894 ) ) ;
#3101 = EDGE_CURVE ( 'NONE', #1072, #1832, #1494, .T. ) ;
#3102 = FACE_BOUND ( 'NONE', #2499, .T. ) ;
#3103 = CC_DESIGN_DATE_AND_TIME_ASSIGNMENT ( #2784, #992, ( #784 ) ) ;
#3104 = ORIENTED_EDGE ( 'NONE', *, *, #2408, .T. ) ;
#3105 = EDGE_CURVE ( 'NONE', #1024, #2348, #1056, .T. ) ;
#3106 = DIRECTION ( 'NONE',  ( -0.000000000000000000, 0.000000000000000000, 1.000000000000000000 ) ) ;
#3107 = VECTOR ( 'NONE', #435, 1000.000000000000000 ) ;
#3108 = CARTESIAN_POINT ( 'NONE',  ( 0.8407591952565030002, -3.139366811252173317, -3.469446951953614189E-15 ) ) ;
#3109 = ORIENTED_EDGE ( 'NONE', *, *, #2203, .F. ) ;
#3110 = LINE ( 'NONE', #1249, #1681 ) ;
#3111 = VECTOR ( 'NONE', #1363, 1000.000000000000000 ) ;
#3112 = LINE ( 'NONE', #2336, #1536 ) ;
#3113 = ORIENTED_EDGE ( 'NONE', *, *, #256, .F. ) ;
#3114 = VECTOR ( 'NONE', #1356, 999.9999999999998863 ) ;
#3115 =( NAMED_UNIT ( * ) PLANE_ANGLE_UNIT ( ) SI_UNIT ( $, .RADIAN. ) );
#3116 = DIRECTION ( 'NONE',  ( 0.1166959098226702241, 0.9931676920997074554, 0.000000000000000000 ) ) ;
#3117 = CARTESIAN_POINT ( 'NONE',  ( -1.191455116493388422, -2.198684835948325311, -6.377274813419578692 ) ) ;
#3118 = LINE ( 'NONE', #227, #3082 ) ;
#3119 = PLANE ( 'NONE',  #3367 ) ;
#3120 = ORIENTED_EDGE ( 'NONE', *, *, #133, .T. ) ;
#3121 = CARTESIAN_POINT ( 'NONE',  ( 1.427163357492277740, 0.9374193223017658338, -3.469446951953614189E-15 ) ) ;
#3122 = VECTOR ( 'NONE', #1353, 1000.000000000000114 ) ;
#3123 = EDGE_CURVE ( 'NONE', #3159, #3379, #1510, .T. ) ;
#3124 = PLANE ( 'NONE',  #1118 ) ;
#3125 = ORIENTED_EDGE ( 'NONE', *, *, #2826, .T. ) ;
#3126 = LINE ( 'NONE', #2659, #2506 ) ;
#3127 = CARTESIAN_POINT ( 'NONE',  ( -3.290896534380747251, 1.900000000000083622, -3.469446951953614189E-15 ) ) ;
#3128 = ORIENTED_EDGE ( 'NONE', *, *, #2327, .F. ) ;
#3129 = VECTOR ( 'NONE', #2077, 999.9999999999998863 ) ;
#3130 = PERSON_AND_ORGANIZATION_ROLE ( 'design_supplier' ) ;
#3131 = ORIENTED_EDGE ( 'NONE', *, *, #1038, .T. ) ;
#3132 = CARTESIAN_POINT ( 'NONE',  ( -0.6753535001647041902, 1.568262696300860570, 11.00000000000000000 ) ) ;
#3133 = CARTESIAN_POINT ( 'NONE',  ( 1.423475363919561199, -9.898240103579912130, -7.776630825264615687 ) ) ;
#3134 = VECTOR ( 'NONE', #1791, 1000.000000000000000 ) ;
#3135 = PLANE ( 'NONE',  #1982 ) ;
#3136 = CARTESIAN_POINT ( 'NONE',  ( -0.3917707149891587748, -1.665873094373757635, -3.469446951953614189E-15 ) ) ;
#3137 = EDGE_LOOP ( 'NONE', ( #2146, #652, #3141, #2992 ) ) ;
#3138 = CARTESIAN_POINT ( 'NONE',  ( -0.9918166668782817386, -9.950935890162577735, -8.423086860194073822 ) ) ;
#3139 = VECTOR ( 'NONE', #3224, 999.9999999999998863 ) ;
#3140 = DIRECTION ( 'NONE',  ( 0.000000000000000000, 0.000000000000000000, 1.000000000000000000 ) ) ;
#3141 = ORIENTED_EDGE ( 'NONE', *, *, #3101, .F. ) ;
#3142 = CARTESIAN_POINT ( 'NONE',  ( -1.635467785916288941, 0.4907090339736514539, -3.469446951953614189E-15 ) ) ;
#3143 = CIRCLE ( 'NONE', #2159, 1.500000000000000222 ) ;
#3144 = FACE_BOUND ( 'NONE', #2738, .T. ) ;
#3145 = EDGE_CURVE ( 'NONE', #118, #2210, #1559, .T. ) ;
#3146 = EDGE_LOOP ( 'NONE', ( #510, #3295, #1395, #3356 ) ) ;
#3147 = ADVANCED_FACE ( 'NONE', ( #199 ), #3124, .F. ) ;
#3148 = LOCAL_TIME ( 23, 15, 51.00000000000000000, #2561 ) ;
#3149 = DIRECTION ( 'NONE',  ( -0.000000000000000000, 0.000000000000000000, 1.000000000000000000 ) ) ;
#3150 = ORIENTED_EDGE ( 'NONE', *, *, #2137, .F. ) ;
#3151 = ORIENTED_EDGE ( 'NONE', *, *, #2882, .F. ) ;
#3152 = CARTESIAN_POINT ( 'NONE',  ( 0.000000000000000000, 0.000000000000000000, 11.00000000000000000 ) ) ;
#3153 = CARTESIAN_POINT ( 'NONE',  ( 1.193537268693811493, -9.928669328050927945, -8.207380846936029428 ) ) ;
#3154 = DIRECTION ( 'NONE',  ( 9.955928764602502130E-17, 1.000000000000000000, -0.000000000000000000 ) ) ;
#3155 = DIRECTION ( 'NONE',  ( 0.9578152111391420309, -0.2873847965889650968, 0.000000000000000000 ) ) ;
#3156 = ORIENTED_EDGE ( 'NONE', *, *, #825, .T. ) ;
#3157 = PLANE ( 'NONE',  #876 ) ;
#3158 = DIRECTION ( 'NONE',  ( 0.000000000000000000, -1.000000000000000000, 0.000000000000000000 ) ) ;
#3159 = VERTEX_POINT ( 'NONE', #1262 ) ;
#3160 = DIRECTION ( 'NONE',  ( 0.5480599732849441574, 0.8364390388324222103, -0.000000000000000000 ) ) ;
#3161 = VECTOR ( 'NONE', #1415, 1000.000000000000114 ) ;
#3162 = DIRECTION ( 'NONE',  ( 0.8928533790783933499, 0.4503474697034444141, 0.000000000000000000 ) ) ;
#3163 = ORIENTED_EDGE ( 'NONE', *, *, #1612, .T. ) ;
#3164 = EDGE_CURVE ( 'NONE', #813, #3093, #765, .T. ) ;
#3165 = DIRECTION ( 'NONE',  ( 0.9983432753029245488, 0.05753872311260527922, 0.000000000000000000 ) ) ;
#3166 = ADVANCED_FACE ( 'NONE', ( #2298 ), #750, .F. ) ;
#3167 = ORIENTED_EDGE ( 'NONE', *, *, #2176, .F. ) ;
#3168 = VERTEX_POINT ( 'NONE', #2607 ) ;
#3169 = DIRECTION ( 'NONE',  ( 1.000000000000000000, 0.000000000000000000, 0.000000000000000000 ) ) ;
#3170 = CARTESIAN_POINT ( 'NONE',  ( -4.356006147172517551, -4.094094385158829397, -3.999999999999999112 ) ) ;
#3171 = PLANE ( 'NONE',  #2915 ) ;
#3172 = CARTESIAN_POINT ( 'NONE',  ( 4.356006147172517551, 7.181896211002738895, -3.999999999999999112 ) ) ;
#3173 = ORIENTED_EDGE ( 'NONE', *, *, #342, .F. ) ;
#3174 = DIRECTION ( 'NONE',  ( 9.955928764602502130E-17, 1.000000000000000000, -0.000000000000000000 ) ) ;
#3175 = DIRECTION ( 'NONE',  ( 0.000000000000000000, 0.000000000000000000, 1.000000000000000000 ) ) ;
#3176 = VERTEX_POINT ( 'NONE', #2073 ) ;
#3177 = CARTESIAN_POINT ( 'NONE',  ( 1.572534468152643194, -0.6750946645868599605, -3.469446951953614189E-15 ) ) ;
#3178 = VECTOR ( 'NONE', #2940, 1000.000000000000000 ) ;
#3179 = CARTESIAN_POINT ( 'NONE',  ( 0.7646715382724490473, 2.387442911609108709, -5.988242156070035627 ) ) ;
#3180 = ORIENTED_EDGE ( 'NONE', *, *, #2971, .T. ) ;
#3181 = CARTESIAN_POINT ( 'NONE',  ( 1.369004635827615113, -1.020478584721534521, -3.469446951953614189E-15 ) ) ;
#3182 = ORIENTED_EDGE ( 'NONE', *, *, #1808, .F. ) ;
#3183 = CARTESIAN_POINT ( 'NONE',  ( -1.500034882555063787, 1.999973838087968359, -7.192470884861884350 ) ) ;
#3184 = PLANE ( 'NONE',  #1867 ) ;
#3185 = EDGE_CURVE ( 'NONE', #3387, #3004, #2859, .T. ) ;
#3186 = CARTESIAN_POINT ( 'NONE',  ( 1.130378965574144301, -9.936149080430690006, -8.284400520683700364 ) ) ;
#3187 = LINE ( 'NONE', #2395, #1394 ) ;
#3189 = EDGE_CURVE ( 'NONE', #1984, #3159, #263, .T. ) ;
#3188 = CARTESIAN_POINT ( 'NONE',  ( 4.356006147172515774, -7.071617574365308023, -3.999999999999999112 ) ) ;
#3190 = ADVANCED_FACE ( 'NONE', ( #1312, #2351 ), #3368, .F. ) ;
#3191 = VERTEX_POINT ( 'NONE', #2022 ) ;
#3192 = DIRECTION ( 'NONE',  ( 0.8358212765533916677, 0.5490016335682971205, 0.000000000000000000 ) ) ;
#3193 = EDGE_CURVE ( 'NONE', #2791, #2546, #3194, .T. ) ;
#3194 = LINE ( 'NONE', #2623, #2089 ) ;
#3195 = VECTOR ( 'NONE', #3301, 1000.000000000000000 ) ;
#3196 = ORIENTED_EDGE ( 'NONE', *, *, #2473, .T. ) ;
#3197 = DIRECTION ( 'NONE',  ( -0.000000000000000000, -0.000000000000000000, -1.000000000000000000 ) ) ;
#3198 = AXIS2_PLACEMENT_3D ( 'NONE', #418, #2774, #1496 ) ;
#3199 = CARTESIAN_POINT ( 'NONE',  ( 4.356006147172517551, 7.181896211002738895, -11.00000000000000000 ) ) ;
#3200 = ORIENTED_EDGE ( 'NONE', *, *, #2182, .T. ) ;
#3201 = DIRECTION ( 'NONE',  ( -0.5985480419141079311, 0.8010869125886325159, 0.000000000000000000 ) ) ;
#3202 = VECTOR ( 'NONE', #554, 1000.000000000000000 ) ;
#3203 = APPROVAL_ROLE ( '' ) ;
#3204 = ORIENTED_EDGE ( 'NONE', *, *, #2572, .F. ) ;
#3205 = DIRECTION ( 'NONE',  ( 0.9578152111391421419, -0.2873847965889648748, 0.000000000000000000 ) ) ;
#3206 = DIRECTION ( 'NONE',  ( 0.000000000000000000, 0.000000000000000000, 1.000000000000000000 ) ) ;
#3207 = CIRCLE ( 'NONE', #1898, 2.500000000000000000 ) ;
#3208 = PLANE ( 'NONE',  #3362 ) ;
#3209 = VERTEX_POINT ( 'NONE', #2948 ) ;
#3210 = PLANE ( 'NONE',  #2437 ) ;
#3211 = EDGE_CURVE ( 'NONE', #760, #2132, #868, .T. ) ;
#3212 = CC_DESIGN_PERSON_AND_ORGANIZATION_ASSIGNMENT ( #1234, #1744, ( #1171 ) ) ;
#3213 = PLANE ( 'NONE',  #93 ) ;
#3214 = EDGE_CURVE ( 'NONE', #673, #585, #2401, .T. ) ;
#3215 = EDGE_LOOP ( 'NONE', ( #1649, #2475 ) ) ;
#3216 = CARTESIAN_POINT ( 'NONE',  ( 0.3927674036703946436, -1.661711166661232530, -3.469446951953614189E-15 ) ) ;
#3217 = CARTESIAN_POINT ( 'NONE',  ( -4.356006147172517551, -7.071617574365307135, -11.00000000000000000 ) ) ;
#3218 = ORIENTED_EDGE ( 'NONE', *, *, #1874, .T. ) ;
#3219 = PLANE ( 'NONE',  #1091 ) ;
#3220 = ORIENTED_EDGE ( 'NONE', *, *, #1183, .T. ) ;
#3221 = DIRECTION ( 'NONE',  ( 0.7285620347511350126, -0.6849798256294021837, 0.000000000000000000 ) ) ;
#3222 = CARTESIAN_POINT ( 'NONE',  ( -4.356006147172515774, 4.204373021796262044, -11.00000000000000000 ) ) ;
#3223 = AXIS2_PLACEMENT_3D ( 'NONE', #1770, #2823, #183 ) ;
#3224 = DIRECTION ( 'NONE',  ( 0.2884633175126588567, -0.9574909474504660345, 0.000000000000000000 ) ) ;
#3225 = LINE ( 'NONE', #1923, #1664 ) ;
#3226 = VERTEX_POINT ( 'NONE', #2109 ) ;
#3227 = CARTESIAN_POINT ( 'NONE',  ( -4.356006147172517551, -4.094094385158829397, -11.00000000000000000 ) ) ;
#3228 = VECTOR ( 'NONE', #844, 1000.000000000000114 ) ;
#3229 = DIRECTION ( 'NONE',  ( -0.3955222236256832891, 0.9184564064876432621, 0.000000000000000000 ) ) ;
#3230 = ORIENTED_EDGE ( 'NONE', *, *, #785, .F. ) ;
#3231 = DIRECTION ( 'NONE',  ( 0.000000000000000000, 0.000000000000000000, 1.000000000000000000 ) ) ;
#3232 = EDGE_CURVE ( 'NONE', #2256, #239, #851, .T. ) ;
#3233 = DIRECTION ( 'NONE',  ( 0.000000000000000000, -1.000000000000000000, 0.000000000000000000 ) ) ;
#3234 = ORIENTED_EDGE ( 'NONE', *, *, #2137, .T. ) ;
#3235 = VECTOR ( 'NONE', #1013, 1000.000000000000000 ) ;
#3236 = VECTOR ( 'NONE', #57, 1000.000000000000114 ) ;
#3237 = FACE_OUTER_BOUND ( 'NONE', #3238, .T. ) ;
#3238 = EDGE_LOOP ( 'NONE', ( #590, #3306 ) ) ;
#3239 = CARTESIAN_POINT ( 'NONE',  ( -1.899999999999931299, 3.290896534380891580, 11.00000000000000000 ) ) ;
#3240 = FACE_BOUND ( 'NONE', #1512, .T. ) ;
#3241 = CARTESIAN_POINT ( 'NONE',  ( -2.297802227183384449, 2.298391812714073446, 11.00000000000000000 ) ) ;
#3242 = ORIENTED_EDGE ( 'NONE', *, *, #2684, .F. ) ;
#3243 = DIRECTION ( 'NONE',  ( 1.000000000000000000, -9.955928764602502130E-17, 0.000000000000000000 ) ) ;
#3244 = VERTEX_POINT ( 'NONE', #1380 ) ;
#3245 = FACE_OUTER_BOUND ( 'NONE', #1452, .T. ) ;
#3246 = CARTESIAN_POINT ( 'NONE',  ( -4.356006147172515774, 7.181896211002739783, -3.999999999999999112 ) ) ;
#3247 = VECTOR ( 'NONE', #3280, 1000.000000000000000 ) ;
#3248 = LINE ( 'NONE', #3199, #69 ) ;
#3249 = ORIENTED_EDGE ( 'NONE', *, *, #872, .F. ) ;
#3250 = VECTOR ( 'NONE', #1459, 1000.000000000000227 ) ;
#3251 = ADVANCED_FACE ( 'NONE', ( #576 ), #2418, .F. ) ;
#3252 = EDGE_CURVE ( 'NONE', #1487, #2113, #1648, .T. ) ;
#3253 = CARTESIAN_POINT ( 'NONE',  ( 1.864464907231041746, 2.662004998061414440, -3.469446951953614189E-15 ) ) ;
#3254 = ADVANCED_FACE ( 'NONE', ( #1327 ), #3213, .F. ) ;
#3255 = ORIENTED_EDGE ( 'NONE', *, *, #867, .F. ) ;
#3256 = VECTOR ( 'NONE', #23, 1000.000000000000000 ) ;
#3257 = LINE ( 'NONE', #3063, #2455 ) ;
#3258 = ORIENTED_EDGE ( 'NONE', *, *, #3185, .T. ) ;
#3259 = DIRECTION ( 'NONE',  ( -0.7277901400770383500, -0.6857999066831702573, 0.000000000000000000 ) ) ;
#3260 = ORIENTED_EDGE ( 'NONE', *, *, #509, .T. ) ;
#3261 = CARTESIAN_POINT ( 'NONE',  ( -2.945324094112658386, 1.373887179006869186, 11.00000000000000000 ) ) ;
#3262 = CARTESIAN_POINT ( 'NONE',  ( 2.945676473157351261, 1.373131499706882641, 11.00000000000000000 ) ) ;
#3263 = FACE_OUTER_BOUND ( 'NONE', #1565, .T. ) ;
#3264 = ORIENTED_EDGE ( 'NONE', *, *, #2574, .F. ) ;
#3265 = DIRECTION ( 'NONE',  ( 0.000000000000000000, 0.000000000000000000, 1.000000000000000000 ) ) ;
#3266 = ORIENTED_EDGE ( 'NONE', *, *, #2284, .F. ) ;
#3267 = EDGE_CURVE ( 'NONE', #163, #261, #351, .T. ) ;
#3268 = VECTOR ( 'NONE', #2055, 1000.000000000000000 ) ;
#3269 = ADVANCED_FACE ( 'NONE', ( #80 ), #63, .F. ) ;
#3270 = DIRECTION ( 'NONE',  ( -0.9983432753029245488, -0.05753872311260528616, 0.000000000000000000 ) ) ;
#3271 = VERTEX_POINT ( 'NONE', #2911 ) ;
#3272 = DIRECTION ( 'NONE',  ( -0.9578152111391421419, 0.2873847965889647083, 0.000000000000000000 ) ) ;
#3273 = CC_DESIGN_PERSON_AND_ORGANIZATION_ASSIGNMENT ( #2666, #821, ( #1239 ) ) ;
#3274 = CARTESIAN_POINT ( 'NONE',  ( -1.242700382245741864, -1.171002132687672059, 11.00000000000000000 ) ) ;
#3275 = VECTOR ( 'NONE', #219, 1000.000000000000000 ) ;
#3276 = ORIENTED_EDGE ( 'NONE', *, *, #52, .F. ) ;
#3277 = ORIENTED_EDGE ( 'NONE', *, *, #380, .T. ) ;
#3278 = AXIS2_PLACEMENT_3D ( 'NONE', #422, #3265, #390 ) ;
#3279 = DIRECTION ( 'NONE',  ( 0.000000000000000000, 0.000000000000000000, 1.000000000000000000 ) ) ;
#3280 = DIRECTION ( 'NONE',  ( -0.4493416417346273173, -0.8933599996659968845, 0.000000000000000000 ) ) ;
#3281 = LINE ( 'NONE', #1973, #240 ) ;
#3282 = VERTEX_POINT ( 'NONE', #2875 ) ;
#3283 = DIRECTION ( 'NONE',  ( 1.000000000000000000, 0.000000000000000000, 0.000000000000000000 ) ) ;
#3284 = ORIENTED_EDGE ( 'NONE', *, *, #2030, .T. ) ;
#3285 = CARTESIAN_POINT ( 'NONE',  ( 1.197246094519811566, -2.199715957920273190, -8.217147335790812690 ) ) ;
#3286 = ORIENTED_EDGE ( 'NONE', *, *, #486, .T. ) ;
#3287 = EDGE_CURVE ( 'NONE', #1996, #2986, #539, .T. ) ;
#3288 = DIRECTION ( 'NONE',  ( 0.5490016335682975646, -0.8358212765533913347, 0.000000000000000000 ) ) ;
#3289 = CARTESIAN_POINT ( 'NONE',  ( -2.471980953266950110E-14, -3.799999999999710276, -3.469446951953614189E-15 ) ) ;
#3290 = CARTESIAN_POINT ( 'NONE',  ( -1.704669384089424922, -0.09824726836557877430, -3.469446951953614189E-15 ) ) ;
#3291 = EDGE_CURVE ( 'NONE', #2986, #1456, #2893, .T. ) ;
#3292 = ORIENTED_EDGE ( 'NONE', *, *, #1870, .T. ) ;
#3293 = CIRCLE ( 'NONE', #2416, 1.500000000000000222 ) ;
#3294 = EDGE_CURVE ( 'NONE', #2791, #942, #1071, .T. ) ;
#3295 = ORIENTED_EDGE ( 'NONE', *, *, #2593, .F. ) ;
#3296 = FACE_OUTER_BOUND ( 'NONE', #1962, .T. ) ;
#3297 = DIRECTION ( 'NONE',  ( -0.05641434024596967550, -0.9984074429883883495, 0.000000000000000000 ) ) ;
#3298 = DIRECTION ( 'NONE',  ( 0.8364390388324225434, -0.5480599732849437133, 0.000000000000000000 ) ) ;
#3299 = EDGE_LOOP ( 'NONE', ( #1947, #2031, #1860, #1440 ) ) ;
#3300 = CARTESIAN_POINT ( 'NONE',  ( -0.7706888051795564021, 1.527958188319745725, -3.469446951953614189E-15 ) ) ;
#3301 = DIRECTION ( 'NONE',  ( 0.9734431431420639269, -0.2289289126993337420, 0.000000000000000000 ) ) ;
#3302 = CARTESIAN_POINT ( 'NONE',  ( 1.708595009594974679, -0.09654301046209022574, 11.00000000000000000 ) ) ;
#3303 = EDGE_LOOP ( 'NONE', ( #3120, #3249, #729, #3200 ) ) ;
#3304 = AXIS2_PLACEMENT_3D ( 'NONE', #2104, #3154, #1339 ) ;
#3305 = CARTESIAN_POINT ( 'NONE',  ( 2.297802227183613155, -2.298391812713843407, 0.000000000000000000 ) ) ;
#3306 = ORIENTED_EDGE ( 'NONE', *, *, #620, .F. ) ;
#3307 = FACE_OUTER_BOUND ( 'NONE', #1274, .T. ) ;
#3308 = CARTESIAN_POINT ( 'NONE',  ( 3.799999999999842171, 1.311884628707460365E-13, 0.000000000000000000 ) ) ;
#3309 = DIRECTION ( 'NONE',  ( -0.2289289126993334367, -0.9734431431420639269, 0.000000000000000000 ) ) ;
#3310 = LINE ( 'NONE', #180, #1830 ) ;
#3311 = ORIENTED_EDGE ( 'NONE', *, *, #1932, .F. ) ;
#3312 = ADVANCED_FACE ( 'NONE', ( #1594 ), #592, .F. ) ;
#3313 = CARTESIAN_POINT ( 'NONE',  ( -1.299676544637516029, -3.570831958986166121, 0.000000000000000000 ) ) ;
#3314 = ADVANCED_FACE ( 'NONE', ( #815 ), #2642, .F. ) ;
#3315 = EDGE_CURVE ( 'NONE', #3244, #1541, #315, .T. ) ;
#3316 = CARTESIAN_POINT ( 'NONE',  ( -4.356006147172515774, 7.181896211002739783, -3.999999999999999112 ) ) ;
#3317 = VECTOR ( 'NONE', #930, 1000.000000000000000 ) ;
#3318 = DIRECTION ( 'NONE',  ( -0.5976454684740244439, -0.8017604966649728437, 0.000000000000000000 ) ) ;
#3319 = ORIENTED_EDGE ( 'NONE', *, *, #1462, .F. ) ;
#3320 = AXIS2_PLACEMENT_3D ( 'NONE', #2177, #3229, #886 ) ;
#3321 = LINE ( 'NONE', #3338, #2115 ) ;
#3322 = B_SPLINE_CURVE_WITH_KNOTS ( 'NONE', 3,
 ( #1937, #2973, #2392, #2668, #1421, #1098, #375, #328, #2135, #2460, #2170, #3183, #880, #840, #2958, #622, #1658, #1886, #3054, #455, #1759, #1480 ),
 .UNSPECIFIED., .F., .F.,
 ( 4, 2, 2, 2, 2, 2, 2, 2, 2, 2, 4 ),
 ( 7.557645528110681767E-20, 0.0003007741150864065680, 0.0006015482301728131359, 0.001203096460345625838, 0.001804644690518438866, 0.002406192920691251676, 0.002706967035777657106, 0.003007741150864062536, 0.003609289381036872961, 0.004210837611209682953, 0.004812385841382493812 ),
 .UNSPECIFIED. ) ;
#3323 = LINE ( 'NONE', #954, #456 ) ;
#3324 = DIRECTION ( 'NONE',  ( 0.000000000000000000, 0.000000000000000000, 1.000000000000000000 ) ) ;
#3325 = VERTEX_POINT ( 'NONE', #1361 ) ;
#3326 = APPLICATION_PROTOCOL_DEFINITION ( 'international standard', 'config_control_design', 1994, #1032 ) ;
#3327 = CARTESIAN_POINT ( 'NONE',  ( 1.460414081534251673, 9.893073381920789444, -7.687705854827695973 ) ) ;
#3328 = ORIENTED_EDGE ( 'NONE', *, *, #2222, .T. ) ;
#3329 = CARTESIAN_POINT ( 'NONE',  ( -2.297802227183384449, 2.298391812714073446, -3.469446951953614189E-15 ) ) ;
#3330 = DIRECTION ( 'NONE',  ( 0.4493416417346272063, 0.8933599996659968845, -0.000000000000000000 ) ) ;
#3331 = CARTESIAN_POINT ( 'NONE',  ( -1.568262696300693815, -0.6753535001646314706, -3.469446951953614189E-15 ) ) ;
#3332 = ORIENTED_EDGE ( 'NONE', *, *, #2305, .T. ) ;
#3333 = ORIENTED_EDGE ( 'NONE', *, *, #1117, .F. ) ;
#3334 = CARTESIAN_POINT ( 'NONE',  ( 3.570831958986299348, -1.299676544637358599, 0.000000000000000000 ) ) ;
#3335 = DIRECTION ( 'NONE',  ( -0.000000000000000000, -0.000000000000000000, -1.000000000000000000 ) ) ;
#3336 = FACE_OUTER_BOUND ( 'NONE', #1445, .T. ) ;
#3337 = EDGE_LOOP ( 'NONE', ( #2879, #1800, #225, #703 ) ) ;
#3338 = CARTESIAN_POINT ( 'NONE',  ( 1.665873094373852004, -0.3917707149891789253, -3.469446951953614189E-15 ) ) ;
#3339 = ADVANCED_FACE ( 'NONE', ( #832 ), #1630, .F. ) ;
#3340 = DIRECTION ( 'NONE',  ( 0.000000000000000000, 0.000000000000000000, 1.000000000000000000 ) ) ;
#3341 = CARTESIAN_POINT ( 'NONE',  ( -2.662004998061303418, 1.864464907231199620, -3.469446951953614189E-15 ) ) ;
#3342 = VERTEX_POINT ( 'NONE', #3308 ) ;
#3343 = CARTESIAN_POINT ( 'NONE',  ( 0.3927674036703946436, -1.661711166661232530, 11.00000000000000000 ) ) ;
#3344 = DIRECTION ( 'NONE',  ( 0.000000000000000000, 0.000000000000000000, 1.000000000000000000 ) ) ;
#3345 = ORIENTED_EDGE ( 'NONE', *, *, #380, .F. ) ;
#3346 = DIRECTION ( 'NONE',  ( 1.000000000000000000, 0.000000000000000000, 0.000000000000000000 ) ) ;
#3347 = VECTOR ( 'NONE', #2122, 1000.000000000000000 ) ;
#3348 = DIRECTION ( 'NONE',  ( 0.000000000000000000, 0.000000000000000000, 1.000000000000000000 ) ) ;
#3349 = ORIENTED_EDGE ( 'NONE', *, *, #1592, .T. ) ;
#3350 = EDGE_LOOP ( 'NONE', ( #563, #1851, #1425, #2766 ) ) ;
#3351 = LINE ( 'NONE', #1020, #1796 ) ;
#3352 = CARTESIAN_POINT ( 'NONE',  ( 2.910968883852000921, 2.442592916808890902, -3.469446951953614189E-15 ) ) ;
#3353 = DIRECTION ( 'NONE',  ( -0.9931676920997073443, 0.1166959098226706404, 0.000000000000000000 ) ) ;
#3354 = VERTEX_POINT ( 'NONE', #2964 ) ;
#3355 = CARTESIAN_POINT ( 'NONE',  ( -0.3927674036704614235, 1.661711166661509864, -3.469446951953614189E-15 ) ) ;
#3356 = ORIENTED_EDGE ( 'NONE', *, *, #403, .T. ) ;
#3357 = EDGE_CURVE ( 'NONE', #450, #1487, #1215, .T. ) ;
#3358 = ADVANCED_FACE ( 'NONE', ( #2528 ), #2274, .F. ) ;
#3359 = LINE ( 'NONE', #1301, #1469 ) ;
#3360 = AXIS2_PLACEMENT_3D ( 'NONE', #826, #1871, #1606 ) ;
#3361 = ORIENTED_EDGE ( 'NONE', *, *, #659, .F. ) ;
#3362 = AXIS2_PLACEMENT_3D ( 'NONE', #1660, #1889, #124 ) ;
#3363 = CARTESIAN_POINT ( 'NONE',  ( -1.499978820658926404, -2.000015884505258690, -7.192500174892702880 ) ) ;
#3364 = FACE_OUTER_BOUND ( 'NONE', #920, .T. ) ;
#3365 = ORIENTED_EDGE ( 'NONE', *, *, #1462, .T. ) ;
#3366 = DIRECTION ( 'NONE',  ( -1.000000000000000000, 9.955928764602502130E-17, 0.000000000000000000 ) ) ;
#3367 = AXIS2_PLACEMENT_3D ( 'NONE', #828, #2141, #1890 ) ;
#3368 = CYLINDRICAL_SURFACE ( 'NONE', #1061, 2.500000000000000000 ) ;
#3369 = ORIENTED_EDGE ( 'NONE', *, *, #551, .F. ) ;
#3370 = DIRECTION ( 'NONE',  ( 0.9931676920997073443, -0.1166959098226709735, 0.000000000000000000 ) ) ;
#3371 = VERTEX_POINT ( 'NONE', #2306 ) ;
#3372 = LINE ( 'NONE', #2544, #2979 ) ;
#3373 = CC_DESIGN_PERSON_AND_ORGANIZATION_ASSIGNMENT ( #2597, #3130, ( #1998 ) ) ;
#3374 = ORIENTED_EDGE ( 'NONE', *, *, #3315, .F. ) ;
#3375 = PLANE ( 'NONE',  #1270 ) ;
#3376 = EDGE_CURVE ( 'NONE', #1912, #111, #3372, .T. ) ;
#3377 = DIRECTION ( 'NONE',  ( -0.000000000000000000, -0.000000000000000000, -1.000000000000000000 ) ) ;
#3378 = CARTESIAN_POINT ( 'NONE',  ( -3.570831958986325105, 1.299676544637646591, -3.469446951953614189E-15 ) ) ;
#3379 = VERTEX_POINT ( 'NONE', #2512 ) ;
#3380 = CARTESIAN_POINT ( 'NONE',  ( -0.9151926497573540376, -9.958366194997154253, -6.101093877402703924 ) ) ;
#3381 = LINE ( 'NONE', #3352, #1437 ) ;
#3382 = ORIENTED_EDGE ( 'NONE', *, *, #928, .F. ) ;
#3383 = PLANE ( 'NONE',  #1466 ) ;
#3384 = VECTOR ( 'NONE', #1925, 1000.000000000000000 ) ;
#3385 = AXIS2_PLACEMENT_3D ( 'NONE', #2796, #2058, #476 ) ;
#3386 = CARTESIAN_POINT ( 'NONE',  ( 0.000000000000000000, 0.000000000000000000, 0.000000000000000000 ) ) ;
#3387 = VERTEX_POINT ( 'NONE', #206 ) ;
ENDSEC;
END-ISO-10303-21;
