ISO-10303-21;
HEADER;
FILE_DESCRIPTION (( 'STEP AP203' ),
    '1' );
FILE_NAME ('케이지.STEP',
    '2024-09-26T14:14:57',
    ( '' ),
    ( '' ),
    'SwSTEP 2.0',
    'SolidWorks 2022',
    '' );
FILE_SCHEMA (( 'CONFIG_CONTROL_DESIGN' ));
ENDSEC;

DATA;
#1 = ORIENTED_EDGE ( 'NONE', *, *, #2357, .F. ) ;
#2 = ORIENTED_EDGE ( 'NONE', *, *, #702, .F. ) ;
#3 = LINE ( 'NONE', #2805, #785 ) ;
#4 = CARTESIAN_POINT ( 'NONE',  ( 18.50000000000001066, 12.00000000000000355, 26.50000000000000000 ) ) ;
#5 = AXIS2_PLACEMENT_3D ( 'NONE', #748, #1657, #2546 ) ;
#6 = AXIS2_PLACEMENT_3D ( 'NONE', #1378, #2287, #236 ) ;
#7 = VERTEX_POINT ( 'NONE', #1031 ) ;
#8 = CARTESIAN_POINT ( 'NONE',  ( 15.99999999999991651, 21.00000000000000355, 0.000000000000000000 ) ) ;
#9 = ADVANCED_FACE ( 'NONE', ( #328 ), #2612, .F. ) ;
#10 = CIRCLE ( 'NONE', #1690, 20.00000000000000000 ) ;
#12 = EDGE_CURVE ( 'NONE', #1117, #2673, #445, .T. ) ;
#11 = VERTEX_POINT ( 'NONE', #2915 ) ;
#13 = VECTOR ( 'NONE', #2722, 1000.000000000000000 ) ;
#14 = CARTESIAN_POINT ( 'NONE',  ( 18.50000000000001421, -11.99999999999999645, 23.50000000000000000 ) ) ;
#15 = DIRECTION ( 'NONE',  ( -8.260587980841940012E-17, 1.000000000000000000, 0.000000000000000000 ) ) ;
#16 = AXIS2_PLACEMENT_3D ( 'NONE', #268, #449, #939 ) ;
#17 = EDGE_CURVE ( 'NONE', #2626, #1255, #2861, .T. ) ;
#18 = ORIENTED_EDGE ( 'NONE', *, *, #435, .T. ) ;
#19 = DIRECTION ( 'NONE',  ( 0.000000000000000000, 0.000000000000000000, -1.000000000000000000 ) ) ;
#20 = VECTOR ( 'NONE', #537, 1000.000000000000000 ) ;
#21 = CARTESIAN_POINT ( 'NONE',  ( 12.50000000000001243, -20.99999999999999645, 16.50000000000000000 ) ) ;
#22 = ORIENTED_EDGE ( 'NONE', *, *, #1829, .F. ) ;
#23 = VERTEX_POINT ( 'NONE', #1845 ) ;
#24 = CARTESIAN_POINT ( 'NONE',  ( 18.50000000000001421, -11.99999999999999645, 4.499999999999996447 ) ) ;
#25 = DIRECTION ( 'NONE',  ( -0.000000000000000000, 0.000000000000000000, 1.000000000000000000 ) ) ;
#26 = ORIENTED_EDGE ( 'NONE', *, *, #561, .T. ) ;
#27 = DIRECTION ( 'NONE',  ( -8.260587980841936314E-17, 1.000000000000000000, 0.000000000000000000 ) ) ;
#28 = ORIENTED_EDGE ( 'NONE', *, *, #834, .F. ) ;
#29 = CARTESIAN_POINT ( 'NONE',  ( -18.50000000000000711, -11.99999999999999645, 23.50000000000000000 ) ) ;
#30 = LINE ( 'NONE', #60, #2692 ) ;
#31 = ADVANCED_FACE ( 'NONE', ( #189 ), #921, .F. ) ;
#32 = DIRECTION ( 'NONE',  ( -0.000000000000000000, -0.000000000000000000, -1.000000000000000000 ) ) ;
#33 = DIRECTION ( 'NONE',  ( -0.000000000000000000, -0.000000000000000000, 1.000000000000000000 ) ) ;
#34 = ADVANCED_FACE ( 'NONE', ( #2021 ), #2476, .F. ) ;
#35 = VERTEX_POINT ( 'NONE', #2504 ) ;
#36 = ORIENTED_EDGE ( 'NONE', *, *, #776, .T. ) ;
#37 = DIRECTION ( 'NONE',  ( 1.000000000000000000, 0.000000000000000000, 0.000000000000000000 ) ) ;
#38 = LINE ( 'NONE', #734, #1932 ) ;
#39 = ORIENTED_EDGE ( 'NONE', *, *, #2745, .F. ) ;
#40 = DIRECTION ( 'NONE',  ( 1.000000000000000000, 0.000000000000000000, -0.000000000000000000 ) ) ;
#41 = CIRCLE ( 'NONE', #1965, 1.749999999999999778 ) ;
#42 = ORIENTED_EDGE ( 'NONE', *, *, #2465, .T. ) ;
#43 = CARTESIAN_POINT ( 'NONE',  ( 12.50000000000000888, 15.61249499599598956, 16.50000000000000000 ) ) ;
#44 = FACE_OUTER_BOUND ( 'NONE', #1672, .T. ) ;
#45 = CARTESIAN_POINT ( 'NONE',  ( 21.74999999999998579, -15.24999999999993605, 26.50000000000000000 ) ) ;
#46 = DIRECTION ( 'NONE',  ( -0.000000000000000000, 0.000000000000000000, 1.000000000000000000 ) ) ;
#47 = VERTEX_POINT ( 'NONE', #1144 ) ;
#48 = VERTEX_POINT ( 'NONE', #2957 ) ;
#49 = CARTESIAN_POINT ( 'NONE',  ( -18.50000000000001066, 12.00000000000000355, 4.500000000000000000 ) ) ;
#50 = EDGE_CURVE ( 'NONE', #2626, #1802, #903, .T. ) ;
#51 = CARTESIAN_POINT ( 'NONE',  ( 12.50000000000002665, -15.61249499599597357, 26.50000000000000000 ) ) ;
#52 = EDGE_LOOP ( 'NONE', ( #2290, #517, #2123, #2293 ) ) ;
#53 = CYLINDRICAL_SURFACE ( 'NONE', #222, 1.749999999999999778 ) ;
#54 = AXIS2_PLACEMENT_3D ( 'NONE', #1136, #32, #1184 ) ;
#55 = AXIS2_PLACEMENT_3D ( 'NONE', #148, #389, #2663 ) ;
#56 = VERTEX_POINT ( 'NONE', #2226 ) ;
#57 = EDGE_LOOP ( 'NONE', ( #745, #2073, #2471, #71, #1340, #1470 ) ) ;
#58 = DIRECTION ( 'NONE',  ( 0.000000000000000000, -0.000000000000000000, 1.000000000000000000 ) ) ;
#59 = VECTOR ( 'NONE', #69, 1000.000000000000000 ) ;
#60 = CARTESIAN_POINT ( 'NONE',  ( -21.00000000000000355, 15.99999999999991296, 23.50000000000000000 ) ) ;
#61 = CIRCLE ( 'NONE', #1593, 1.749999999999998002 ) ;
#62 = LINE ( 'NONE', #1425, #483 ) ;
#63 = DIRECTION ( 'NONE',  ( 1.000000000000000000, 0.000000000000000000, 0.000000000000000000 ) ) ;
#64 = VECTOR ( 'NONE', #929, 1000.000000000000000 ) ;
#65 = VECTOR ( 'NONE', #2664, 1000.000000000000000 ) ;
#66 = EDGE_LOOP ( 'NONE', ( #2297, #946, #1838, #1154 ) ) ;
#67 = ADVANCED_FACE ( 'NONE', ( #662 ), #430, .T. ) ;
#68 = FACE_OUTER_BOUND ( 'NONE', #2825, .T. ) ;
#69 = DIRECTION ( 'NONE',  ( 0.000000000000000000, 0.000000000000000000, -1.000000000000000000 ) ) ;
#70 = EDGE_CURVE ( 'NONE', #7, #2061, #752, .T. ) ;
#71 = ORIENTED_EDGE ( 'NONE', *, *, #2455, .F. ) ;
#72 = PLANE ( 'NONE',  #1290 ) ;
#73 = EDGE_CURVE ( 'NONE', #1883, #1839, #676, .T. ) ;
#74 = EDGE_LOOP ( 'NONE', ( #1734, #2641, #1713, #2953 ) ) ;
#75 = EDGE_LOOP ( 'NONE', ( #1288, #555, #1175, #2312, #307, #2623 ) ) ;
#76 = DIRECTION ( 'NONE',  ( -0.7071067811865512365, 0.7071067811865439090, -0.000000000000000000 ) ) ;
#77 = DIRECTION ( 'NONE',  ( -0.000000000000000000, -0.000000000000000000, -1.000000000000000000 ) ) ;
#78 = LINE ( 'NONE', #2584, #1977 ) ;
#79 = CARTESIAN_POINT ( 'NONE',  ( 15.50000000000001776, 15.50000000000000711, 31.00000000000000000 ) ) ;
#80 = ORIENTED_EDGE ( 'NONE', *, *, #2888, .T. ) ;
#81 = DIRECTION ( 'NONE',  ( -0.000000000000000000, -0.000000000000000000, 1.000000000000000000 ) ) ;
#82 = DIRECTION ( 'NONE',  ( 1.156482317317871725E-15, 0.000000000000000000, 1.000000000000000000 ) ) ;
#83 = ORIENTED_EDGE ( 'NONE', *, *, #2760, .F. ) ;
#84 = LINE ( 'NONE', #2794, #2333 ) ;
#85 = VERTEX_POINT ( 'NONE', #1801 ) ;
#86 = ORIENTED_EDGE ( 'NONE', *, *, #2810, .F. ) ;
#87 = CIRCLE ( 'NONE', #465, 1.749999999999999778 ) ;
#88 = CARTESIAN_POINT ( 'NONE',  ( 18.50000000000001421, -18.49999999999993250, 4.499999999999996447 ) ) ;
#89 = ADVANCED_FACE ( 'NONE', ( #1091 ), #2703, .F. ) ;
#90 = CARTESIAN_POINT ( 'NONE',  ( 18.50000000000006750, -18.49999999999988631, 31.00000000000000000 ) ) ;
#91 = DIRECTION ( 'NONE',  ( 0.000000000000000000, 0.000000000000000000, -1.000000000000000000 ) ) ;
#92 = LINE ( 'NONE', #2396, #114 ) ;
#93 = VERTEX_POINT ( 'NONE', #203 ) ;
#94 = DIRECTION ( 'NONE',  ( 1.000000000000000000, 0.000000000000000000, 0.000000000000000000 ) ) ;
#95 = CARTESIAN_POINT ( 'NONE',  ( 15.50000000000002132, -15.49999999999999822, 23.50000000000000000 ) ) ;
#96 = ORIENTED_EDGE ( 'NONE', *, *, #1506, .T. ) ;
#97 = DIRECTION ( 'NONE',  ( -0.000000000000000000, -0.000000000000000000, 1.000000000000000000 ) ) ;
#98 = PRODUCT_DEFINITION_FORMATION_WITH_SPECIFIED_SOURCE ( 'ANY', '', #1291, .NOT_KNOWN. ) ;
#99 = ORIENTED_EDGE ( 'NONE', *, *, #2122, .T. ) ;
#100 = ORIENTED_EDGE ( 'NONE', *, *, #904, .T. ) ;
#101 = EDGE_CURVE ( 'NONE', #2193, #35, #2240, .T. ) ;
#102 = DIRECTION ( 'NONE',  ( -1.000000000000000000, 0.000000000000000000, 0.000000000000000000 ) ) ;
#103 = AXIS2_PLACEMENT_3D ( 'NONE', #2589, #1271, #2398 ) ;
#104 = EDGE_CURVE ( 'NONE', #1844, #924, #2059, .T. ) ;
#105 = DIRECTION ( 'NONE',  ( -0.000000000000000000, -0.000000000000000000, -1.000000000000000000 ) ) ;
#106 = CARTESIAN_POINT ( 'NONE',  ( 15.99999999999991651, 21.00000000000000355, 26.50000000000000000 ) ) ;
#107 = CARTESIAN_POINT ( 'NONE',  ( 18.50000000000001066, 18.49999999999993960, 16.49999999999999289 ) ) ;
#108 = AXIS2_PLACEMENT_3D ( 'NONE', #1544, #1197, #2141 ) ;
#109 = EDGE_CURVE ( 'NONE', #1087, #2432, #2047, .T. ) ;
#110 = ORIENTED_EDGE ( 'NONE', *, *, #139, .T. ) ;
#111 = CARTESIAN_POINT ( 'NONE',  ( 12.50000000000001066, -15.61249499599598600, 2.000000000000000000 ) ) ;
#112 = AXIS2_PLACEMENT_3D ( 'NONE', #1272, #1512, #2837 ) ;
#113 = CARTESIAN_POINT ( 'NONE',  ( 13.75000000000001776, 15.50000000000000711, 4.499999999999997335 ) ) ;
#114 = VECTOR ( 'NONE', #1279, 1000.000000000000000 ) ;
#115 = VERTEX_POINT ( 'NONE', #2281 ) ;
#116 = CARTESIAN_POINT ( 'NONE',  ( 17.25000000000002132, -15.49999999999999822, 23.50000000000000000 ) ) ;
#117 = EDGE_LOOP ( 'NONE', ( #182, #1455, #1975, #1445 ) ) ;
#118 = VERTEX_POINT ( 'NONE', #229 ) ;
#119 = DIRECTION ( 'NONE',  ( -1.000000000000000000, 0.000000000000000000, 0.000000000000000000 ) ) ;
#120 = EDGE_CURVE ( 'NONE', #329, #93, #1671, .T. ) ;
#121 = LINE ( 'NONE', #2830, #1880 ) ;
#122 = CARTESIAN_POINT ( 'NONE',  ( 2.725994033677839156E-15, -11.99999999999999645, 0.000000000000000000 ) ) ;
#123 = ADVANCED_FACE ( 'NONE', ( #860, #1784 ), #2689, .T. ) ;
#124 = EDGE_LOOP ( 'NONE', ( #1471, #80 ) ) ;
#125 = LINE ( 'NONE', #1511, #866 ) ;
#126 = CARTESIAN_POINT ( 'NONE',  ( -13.75000000000001599, -15.50000000000000000, 16.50000000000000000 ) ) ;
#127 = EDGE_CURVE ( 'NONE', #1225, #1916, #1959, .T. ) ;
#128 = ORIENTED_EDGE ( 'NONE', *, *, #2426, .F. ) ;
#129 = CARTESIAN_POINT ( 'NONE',  ( 17.25000000000002132, -15.49999999999999822, 26.50000000000000000 ) ) ;
#130 = ORIENTED_EDGE ( 'NONE', *, *, #17, .F. ) ;
#131 = VERTEX_POINT ( 'NONE', #312 ) ;
#132 = CARTESIAN_POINT ( 'NONE',  ( 0.000000000000000000, 0.000000000000000000, 0.000000000000000000 ) ) ;
#133 = CARTESIAN_POINT ( 'NONE',  ( 17.25000000000002132, -15.49999999999999822, 4.499999999999997335 ) ) ;
#134 = CARTESIAN_POINT ( 'NONE',  ( -18.50000000000001066, 18.49999999999993250, 23.50000000000000000 ) ) ;
#135 = AXIS2_PLACEMENT_3D ( 'NONE', #2931, #1320, #1587 ) ;
#136 = ORIENTED_EDGE ( 'NONE', *, *, #1037, .T. ) ;
#137 = DIRECTION ( 'NONE',  ( 0.7071067811865441310, 0.7071067811865510144, -0.000000000000000000 ) ) ;
#138 = DIRECTION ( 'NONE',  ( 1.156482317317871331E-15, 9.553223930492239006E-32, 1.000000000000000000 ) ) ;
#139 = EDGE_CURVE ( 'NONE', #413, #1241, #84, .T. ) ;
#140 = ORIENTED_EDGE ( 'NONE', *, *, #178, .T. ) ;
#141 = VERTEX_POINT ( 'NONE', #2516 ) ;
#142 = DIRECTION ( 'NONE',  ( -0.000000000000000000, -0.000000000000000000, 1.000000000000000000 ) ) ;
#143 = CARTESIAN_POINT ( 'NONE',  ( 7.434529182757743423E-16, 12.00000000000000355, 0.000000000000000000 ) ) ;
#144 = ORIENTED_EDGE ( 'NONE', *, *, #1726, .F. ) ;
#145 = VERTEX_POINT ( 'NONE', #1917 ) ;
#146 = CC_DESIGN_APPROVAL ( #2274, ( #98 ) ) ;
#147 = APPROVAL_DATE_TIME ( #1292, #1979 ) ;
#148 = CARTESIAN_POINT ( 'NONE',  ( -18.50000000000000711, -11.99999999999999645, 26.50000000000000000 ) ) ;
#149 = VECTOR ( 'NONE', #1556, 1000.000000000000000 ) ;
#150 = LINE ( 'NONE', #2011, #727 ) ;
#151 = CIRCLE ( 'NONE', #669, 1.749999999999999778 ) ;
#152 = ORIENTED_EDGE ( 'NONE', *, *, #541, .T. ) ;
#153 = DIRECTION ( 'NONE',  ( -0.000000000000000000, 0.000000000000000000, 1.000000000000000000 ) ) ;
#154 = DIRECTION ( 'NONE',  ( -1.000000000000000000, 0.000000000000000000, 1.982541115402065307E-15 ) ) ;
#155 = AXIS2_PLACEMENT_3D ( 'NONE', #1614, #2224, #1903 ) ;
#156 = EDGE_CURVE ( 'NONE', #1756, #2441, #1419, .T. ) ;
#157 = AXIS2_PLACEMENT_3D ( 'NONE', #1254, #1465, #1523 ) ;
#158 = ORIENTED_EDGE ( 'NONE', *, *, #2941, .F. ) ;
#159 = DIRECTION ( 'NONE',  ( -0.000000000000000000, -0.000000000000000000, -1.000000000000000000 ) ) ;
#160 = FACE_OUTER_BOUND ( 'NONE', #533, .T. ) ;
#161 = EDGE_CURVE ( 'NONE', #1802, #2017, #2145, .T. ) ;
#162 = CIRCLE ( 'NONE', #1509, 1.749999999999999778 ) ;
#163 = ORIENTED_EDGE ( 'NONE', *, *, #2029, .T. ) ;
#164 = ORIENTED_EDGE ( 'NONE', *, *, #2046, .F. ) ;
#165 = EDGE_CURVE ( 'NONE', #2275, #232, #2313, .T. ) ;
#166 = APPROVAL_STATUS ( 'not_yet_approved' ) ;
#167 = LINE ( 'NONE', #653, #1740 ) ;
#168 = CARTESIAN_POINT ( 'NONE',  ( -11.50000000000000000, 0.000000000000000000, 0.000000000000000000 ) ) ;
#169 = VECTOR ( 'NONE', #1885, 1000.000000000000000 ) ;
#170 = ORIENTED_EDGE ( 'NONE', *, *, #576, .F. ) ;
#171 = CARTESIAN_POINT ( 'NONE',  ( -17.25000000000002132, 15.50000000000000533, 0.000000000000000000 ) ) ;
#172 = FACE_OUTER_BOUND ( 'NONE', #2796, .T. ) ;
#173 = ORIENTED_EDGE ( 'NONE', *, *, #766, .T. ) ;
#174 = DIRECTION ( 'NONE',  ( -0.000000000000000000, -0.000000000000000000, -1.000000000000000000 ) ) ;
#175 = LINE ( 'NONE', #2711, #2302 ) ;
#176 = DIRECTION ( 'NONE',  ( 0.000000000000000000, 0.000000000000000000, 1.000000000000000000 ) ) ;
#177 = ORIENTED_EDGE ( 'NONE', *, *, #2008, .T. ) ;
#178 = EDGE_CURVE ( 'NONE', #1944, #501, #471, .T. ) ;
#179 = ADVANCED_FACE ( 'NONE', ( #2327 ), #72, .T. ) ;
#180 = LINE ( 'NONE', #2651, #2111 ) ;
#181 = FACE_OUTER_BOUND ( 'NONE', #2862, .T. ) ;
#182 = ORIENTED_EDGE ( 'NONE', *, *, #1984, .F. ) ;
#183 = DIRECTION ( 'NONE',  ( 8.260587980841936314E-17, -1.000000000000000000, 0.000000000000000000 ) ) ;
#184 = AXIS2_PLACEMENT_3D ( 'NONE', #797, #2208, #784 ) ;
#185 = CARTESIAN_POINT ( 'NONE',  ( 0.000000000000000000, 0.000000000000000000, 16.50000000000001421 ) ) ;
#186 = ORIENTED_EDGE ( 'NONE', *, *, #2245, .T. ) ;
#187 = CARTESIAN_POINT ( 'NONE',  ( -18.50000000000001066, 12.00000000000000355, 23.50000000000000000 ) ) ;
#188 = DIRECTION ( 'NONE',  ( 1.000000000000000000, 0.000000000000000000, 0.000000000000000000 ) ) ;
#189 = FACE_OUTER_BOUND ( 'NONE', #1655, .T. ) ;
#190 = ORIENTED_EDGE ( 'NONE', *, *, #508, .T. ) ;
#191 = ADVANCED_FACE ( 'NONE', ( #705 ), #53, .F. ) ;
#192 = FACE_OUTER_BOUND ( 'NONE', #2436, .T. ) ;
#193 = DIRECTION ( 'NONE',  ( -0.000000000000000000, -0.000000000000000000, -1.000000000000000000 ) ) ;
#194 = EDGE_CURVE ( 'NONE', #2017, #1802, #1240, .T. ) ;
#195 = FACE_BOUND ( 'NONE', #937, .T. ) ;
#196 = DIRECTION ( 'NONE',  ( 8.260587980841936314E-17, -1.000000000000000000, 0.000000000000000000 ) ) ;
#197 = EDGE_CURVE ( 'NONE', #753, #313, #2106, .T. ) ;
#198 = AXIS2_PLACEMENT_3D ( 'NONE', #709, #1199, #974 ) ;
#199 = EDGE_LOOP ( 'NONE', ( #2031, #28, #1397, #1918 ) ) ;
#200 = DIRECTION ( 'NONE',  ( -1.000000000000000000, 0.000000000000000000, 0.000000000000000000 ) ) ;
#201 = VECTOR ( 'NONE', #91, 1000.000000000000000 ) ;
#202 = CARTESIAN_POINT ( 'NONE',  ( 15.99999999999997691, -20.99999999999999645, 16.49999999999999645 ) ) ;
#203 = CARTESIAN_POINT ( 'NONE',  ( 13.75000000000002132, -15.49999999999999822, 23.50000000000000000 ) ) ;
#204 = VECTOR ( 'NONE', #1866, 1000.000000000000000 ) ;
#205 = AXIS2_PLACEMENT_3D ( 'NONE', #2890, #193, #1999 ) ;
#206 = FACE_OUTER_BOUND ( 'NONE', #1147, .T. ) ;
#207 = DIRECTION ( 'NONE',  ( 1.000000000000000000, 0.000000000000000000, 0.000000000000000000 ) ) ;
#208 = DIRECTION ( 'NONE',  ( -0.000000000000000000, -0.000000000000000000, -1.000000000000000000 ) ) ;
#209 = PRODUCT_DEFINITION ( 'UNKNOWN', '', #98, #827 ) ;
#210 = FACE_OUTER_BOUND ( 'NONE', #1895, .T. ) ;
#211 = ORIENTED_EDGE ( 'NONE', *, *, #2685, .T. ) ;
#212 = ORIENTED_EDGE ( 'NONE', *, *, #1484, .F. ) ;
#213 = DIRECTION ( 'NONE',  ( 1.000000000000000000, 0.000000000000000000, 0.000000000000000000 ) ) ;
#214 = EDGE_CURVE ( 'NONE', #2101, #1325, #995, .T. ) ;
#215 = CARTESIAN_POINT ( 'NONE',  ( 0.000000000000000000, 0.000000000000000000, 26.50000000000000000 ) ) ;
#216 = DIRECTION ( 'NONE',  ( 1.000000000000000000, 8.260587980841936314E-17, -1.156482317317871725E-15 ) ) ;
#217 = DIRECTION ( 'NONE',  ( -0.000000000000000000, -0.000000000000000000, -1.000000000000000000 ) ) ;
#218 = DIRECTION ( 'NONE',  ( -0.000000000000000000, -0.000000000000000000, 1.000000000000000000 ) ) ;
#219 = LINE ( 'NONE', #2800, #348 ) ;
#220 = DIRECTION ( 'NONE',  ( 1.000000000000000000, 0.000000000000000000, 0.000000000000000000 ) ) ;
#221 = ORIENTED_EDGE ( 'NONE', *, *, #2745, .T. ) ;
#222 = AXIS2_PLACEMENT_3D ( 'NONE', #2091, #1194, #997 ) ;
#223 = EDGE_LOOP ( 'NONE', ( #2811, #735, #1963, #190, #529, #810, #2802, #354, #251, #617, #2932, #2636, #763, #1750, #599, #2153, #1540, #272, #325, #1275 ) ) ;
#224 = FACE_OUTER_BOUND ( 'NONE', #1212, .T. ) ;
#225 = CARTESIAN_POINT ( 'NONE',  ( 18.50000000000001421, -18.49999999999993250, 23.50000000000000000 ) ) ;
#226 = AXIS2_PLACEMENT_3D ( 'NONE', #1331, #936, #40 ) ;
#227 = ADVANCED_FACE ( 'NONE', ( #1226 ), #294, .F. ) ;
#228 = ORIENTED_EDGE ( 'NONE', *, *, #2847, .T. ) ;
#229 = CARTESIAN_POINT ( 'NONE',  ( 18.50000000000001066, 12.00000000000000355, 26.50000000000000000 ) ) ;
#230 = CIRCLE ( 'NONE', #611, 1.749999999999998002 ) ;
#231 = PERSON_AND_ORGANIZATION_ROLE ( 'design_supplier' ) ;
#232 = VERTEX_POINT ( 'NONE', #1453 ) ;
#233 = DIRECTION ( 'NONE',  ( 1.000000000000000000, 8.260587980841936314E-17, 0.000000000000000000 ) ) ;
#234 = PLANE ( 'NONE',  #2934 ) ;
#235 = ORIENTED_EDGE ( 'NONE', *, *, #2012, .F. ) ;
#236 = DIRECTION ( 'NONE',  ( -1.000000000000000000, 0.000000000000000000, 0.000000000000000000 ) ) ;
#237 = CARTESIAN_POINT ( 'NONE',  ( 17.25000000000001421, 15.50000000000000711, 31.00000000000000000 ) ) ;
#238 = EDGE_CURVE ( 'NONE', #2132, #2116, #265, .T. ) ;
#239 = SECURITY_CLASSIFICATION ( '', '', #1816 ) ;
#240 = ORIENTED_EDGE ( 'NONE', *, *, #2465, .F. ) ;
#241 = VERTEX_POINT ( 'NONE', #2294 ) ;
#242 = CARTESIAN_POINT ( 'NONE',  ( -12.50000000000001243, -15.61249499599598600, 26.50000000000000000 ) ) ;
#243 = CARTESIAN_POINT ( 'NONE',  ( 15.50000000000002132, -15.49999999999999822, 31.00000000000000000 ) ) ;
#244 = CIRCLE ( 'NONE', #2727, 20.00000000000000000 ) ;
#245 = AXIS2_PLACEMENT_3D ( 'NONE', #2732, #1650, #2534 ) ;
#246 = ORIENTED_EDGE ( 'NONE', *, *, #1322, .T. ) ;
#247 = DIRECTION ( 'NONE',  ( -0.000000000000000000, -0.000000000000000000, -1.000000000000000000 ) ) ;
#248 = EDGE_CURVE ( 'NONE', #7, #131, #982, .T. ) ;
#249 = VECTOR ( 'NONE', #2566, 1000.000000000000000 ) ;
#250 = ORIENTED_EDGE ( 'NONE', *, *, #2592, .F. ) ;
#251 = ORIENTED_EDGE ( 'NONE', *, *, #1921, .T. ) ;
#252 = VECTOR ( 'NONE', #2030, 1000.000000000000000 ) ;
#253 = CARTESIAN_POINT ( 'NONE',  ( 15.50000000000001776, 15.50000000000000711, 0.000000000000000000 ) ) ;
#254 = ADVANCED_FACE ( 'NONE', ( #2078 ), #751, .F. ) ;
#255 = CARTESIAN_POINT ( 'NONE',  ( 12.50000000000002309, 21.00000000000000355, 26.50000000000000000 ) ) ;
#256 = VECTOR ( 'NONE', #2065, 1000.000000000000000 ) ;
#257 = CARTESIAN_POINT ( 'NONE',  ( -18.50000000000000000, -11.99999999999999645, 16.50000000000000000 ) ) ;
#258 = DIRECTION ( 'NONE',  ( 1.445602896647338917E-16, 0.000000000000000000, 1.000000000000000000 ) ) ;
#259 = EDGE_LOOP ( 'NONE', ( #280, #405, #2942, #2911 ) ) ;
#260 = ORIENTED_EDGE ( 'NONE', *, *, #1947, .T. ) ;
#261 = VERTEX_POINT ( 'NONE', #2530 ) ;
#262 = LINE ( 'NONE', #24, #390 ) ;
#263 = DIRECTION ( 'NONE',  ( 1.000000000000000000, 0.000000000000000000, 0.000000000000000000 ) ) ;
#264 = VERTEX_POINT ( 'NONE', #2762 ) ;
#265 = LINE ( 'NONE', #1905, #1620 ) ;
#266 = ORIENTED_EDGE ( 'NONE', *, *, #2494, .F. ) ;
#267 = DIRECTION ( 'NONE',  ( 1.000000000000000000, 0.000000000000000000, 0.000000000000000000 ) ) ;
#268 = CARTESIAN_POINT ( 'NONE',  ( -21.00000000000000355, 21.00000000000000000, 31.00000000000000000 ) ) ;
#269 = EDGE_CURVE ( 'NONE', #2166, #1764, #1630, .T. ) ;
#270 = CARTESIAN_POINT ( 'NONE',  ( 17.25000000000002132, -15.49999999999999822, 31.00000000000000000 ) ) ;
#271 = CARTESIAN_POINT ( 'NONE',  ( 18.50000000000001066, 12.00000000000000355, 23.50000000000000000 ) ) ;
#272 = ORIENTED_EDGE ( 'NONE', *, *, #902, .T. ) ;
#273 = ORIENTED_EDGE ( 'NONE', *, *, #2751, .F. ) ;
#274 = EDGE_LOOP ( 'NONE', ( #1358, #221, #1252, #2653 ) ) ;
#275 = LINE ( 'NONE', #467, #1854 ) ;
#276 = CARTESIAN_POINT ( 'NONE',  ( 15.99999999999999645, 12.00000000000000355, 26.50000000000000000 ) ) ;
#277 = ORIENTED_EDGE ( 'NONE', *, *, #2063, .T. ) ;
#278 = CARTESIAN_POINT ( 'NONE',  ( -15.50000000000001599, -15.50000000000000000, 16.50000000000000000 ) ) ;
#279 = VECTOR ( 'NONE', #1826, 1000.000000000000000 ) ;
#280 = ORIENTED_EDGE ( 'NONE', *, *, #2625, .F. ) ;
#281 = ORIENTED_EDGE ( 'NONE', *, *, #416, .T. ) ;
#282 = DIRECTION ( 'NONE',  ( 1.000000000000000000, 0.000000000000000000, 0.000000000000000000 ) ) ;
#283 = LINE ( 'NONE', #726, #2306 ) ;
#284 = EDGE_CURVE ( 'NONE', #1719, #828, #2596, .T. ) ;
#285 = LINE ( 'NONE', #2556, #2778 ) ;
#286 = CARTESIAN_POINT ( 'NONE',  ( 16.00000000000000355, -11.99999999999999645, 16.50000000000000000 ) ) ;
#287 = EDGE_CURVE ( 'NONE', #2442, #837, #1057, .T. ) ;
#288 = VERTEX_POINT ( 'NONE', #2643 ) ;
#289 = CARTESIAN_POINT ( 'NONE',  ( -12.50000000000001599, 12.00000000000000355, 26.50000000000000000 ) ) ;
#290 = CARTESIAN_POINT ( 'NONE',  ( -12.50000000000001243, -20.99999999999999645, 23.50000000000000000 ) ) ;
#291 = EDGE_CURVE ( 'NONE', #1300, #1521, #1256, .T. ) ;
#292 = CC_DESIGN_APPROVAL ( #2698, ( #239 ) ) ;
#293 = VERTEX_POINT ( 'NONE', #2882 ) ;
#294 = CYLINDRICAL_SURFACE ( 'NONE', #2909, 1.749999999999999778 ) ;
#295 = VECTOR ( 'NONE', #2414, 1000.000000000000000 ) ;
#296 = VERTEX_POINT ( 'NONE', #129 ) ;
#297 = ORIENTED_EDGE ( 'NONE', *, *, #907, .T. ) ;
#298 = CARTESIAN_POINT ( 'NONE',  ( -21.00000000000000355, 21.00000000000000000, 0.000000000000000000 ) ) ;
#299 = AXIS2_PLACEMENT_3D ( 'NONE', #1858, #979, #1205 ) ;
#300 = PLANE ( 'NONE',  #1842 ) ;
#301 = CIRCLE ( 'NONE', #2168, 1.749999999999998002 ) ;
#302 = CARTESIAN_POINT ( 'NONE',  ( 18.50000000000001421, -11.99999999999999645, 23.50000000000000000 ) ) ;
#303 = CARTESIAN_POINT ( 'NONE',  ( 15.99999999999997691, -20.99999999999999645, 23.50000000000000000 ) ) ;
#304 = AXIS2_PLACEMENT_3D ( 'NONE', #1309, #867, #1096 ) ;
#305 = AXIS2_PLACEMENT_3D ( 'NONE', #1681, #2614, #2601 ) ;
#306 = EDGE_LOOP ( 'NONE', ( #588, #1296, #2548, #2839, #2042, #1900, #2043, #2364 ) ) ;
#307 = ORIENTED_EDGE ( 'NONE', *, *, #1500, .T. ) ;
#308 = LINE ( 'NONE', #543, #2581 ) ;
#309 = CARTESIAN_POINT ( 'NONE',  ( -17.25000000000001421, -15.50000000000000000, 26.50000000000000000 ) ) ;
#310 = EDGE_CURVE ( 'NONE', #1738, #1872, #547, .T. ) ;
#311 = ORIENTED_EDGE ( 'NONE', *, *, #2531, .T. ) ;
#312 = CARTESIAN_POINT ( 'NONE',  ( 17.25000000000001421, 15.50000000000000711, 0.000000000000000000 ) ) ;
#313 = VERTEX_POINT ( 'NONE', #1976 ) ;
#314 = ORIENTED_EDGE ( 'NONE', *, *, #2609, .F. ) ;
#315 = DIRECTION ( 'NONE',  ( -1.000000000000000000, -8.260587980841936314E-17, -0.000000000000000000 ) ) ;
#316 = LINE ( 'NONE', #1922, #923 ) ;
#317 = CARTESIAN_POINT ( 'NONE',  ( 0.000000000000000000, 0.000000000000000000, 4.500000000000000000 ) ) ;
#318 = CARTESIAN_POINT ( 'NONE',  ( -20.00000000000000000, 2.449293598294706513E-15, 31.00000000000000000 ) ) ;
#319 = ORIENTED_EDGE ( 'NONE', *, *, #419, .F. ) ;
#320 = EDGE_LOOP ( 'NONE', ( #2077, #574, #990, #1485, #2524, #692 ) ) ;
#321 = CARTESIAN_POINT ( 'NONE',  ( -15.50000000000001599, -15.50000000000000000, 31.00000000000000000 ) ) ;
#322 = CARTESIAN_POINT ( 'NONE',  ( -15.99999999999999645, 12.00000000000000355, 2.000000000000001776 ) ) ;
#323 = ADVANCED_FACE ( 'NONE', ( #590, #1514 ), #2417, .T. ) ;
#324 = EDGE_CURVE ( 'NONE', #2353, #1316, #87, .T. ) ;
#325 = ORIENTED_EDGE ( 'NONE', *, *, #238, .T. ) ;
#326 = DIRECTION ( 'NONE',  ( -1.000000000000000000, 0.000000000000000000, 1.982541115402065307E-15 ) ) ;
#327 = EDGE_CURVE ( 'NONE', #1304, #1300, #1137, .T. ) ;
#328 = FACE_OUTER_BOUND ( 'NONE', #2344, .T. ) ;
#329 = VERTEX_POINT ( 'NONE', #116 ) ;
#330 = CLOSED_SHELL ( 'NONE', ( #2409, #2795, #1044, #2550, #227, #795, #9, #2135, #2499, #2225, #757, #2735, #638, #1648, #1758, #1926, #463, #89, #2235, #663, #1488, #2412, #34, #805, #1701, #2775, #1763, #2718, #878, #1261, #2770, #652, #1661, #2082, #1623, #2541, #650, #1997, #421, #1592, #717, #741, #1314, #1814, #544, #2319, #1424, #1576, #1794, #1145, #254, #1843, #1385, #2902, #2228, #630, #737, #179, #1319, #2189, #323, #2513, #2622, #123, #67, #452, #594, #1449, #1004, #1356, #2865, #1466, #848, #349, #191, #505, #333, #31, #927 ) ) ;
#331 = CARTESIAN_POINT ( 'NONE',  ( 13.75000000000001776, 15.50000000000000711, 31.00000000000000000 ) ) ;
#332 = PLANE ( 'NONE',  #1987 ) ;
#333 = ADVANCED_FACE ( 'NONE', ( #2180 ), #2624, .F. ) ;
#334 = DIRECTION ( 'NONE',  ( -1.000000000000000000, 0.000000000000000000, 0.000000000000000000 ) ) ;
#335 = CARTESIAN_POINT ( 'NONE',  ( -20.00000000000000000, 2.449293598294706513E-15, 2.000000000000001776 ) ) ;
#336 = DIRECTION ( 'NONE',  ( -0.000000000000000000, -0.000000000000000000, -1.000000000000000000 ) ) ;
#337 = EDGE_LOOP ( 'NONE', ( #1088, #186, #2743, #2079 ) ) ;
#338 = VERTEX_POINT ( 'NONE', #2823 ) ;
#339 = DIRECTION ( 'NONE',  ( -0.000000000000000000, -0.000000000000000000, -1.000000000000000000 ) ) ;
#340 = EDGE_CURVE ( 'NONE', #398, #1859, #1287, .T. ) ;
#341 = DIRECTION ( 'NONE',  ( -0.000000000000000000, -0.000000000000000000, -1.000000000000000000 ) ) ;
#342 = ORIENTED_EDGE ( 'NONE', *, *, #1077, .T. ) ;
#343 = DIRECTION ( 'NONE',  ( -0.000000000000000000, 0.000000000000000000, 1.000000000000000000 ) ) ;
#345 = EDGE_CURVE ( 'NONE', #1300, #1421, #383, .T. ) ;
#344 = EDGE_LOOP ( 'NONE', ( #1165, #2072, #1994, #2149, #361, #1420 ) ) ;
#346 = VERTEX_POINT ( 'NONE', #360 ) ;
#347 = DIRECTION ( 'NONE',  ( 0.000000000000000000, 0.000000000000000000, -1.000000000000000000 ) ) ;
#348 = VECTOR ( 'NONE', #2768, 1000.000000000000000 ) ;
#349 = ADVANCED_FACE ( 'NONE', ( #1030 ), #1483, .F. ) ;
#350 = AXIS2_PLACEMENT_3D ( 'NONE', #253, #2518, #282 ) ;
#351 = DIRECTION ( 'NONE',  ( -0.000000000000000000, 0.000000000000000000, 1.000000000000000000 ) ) ;
#352 = CYLINDRICAL_SURFACE ( 'NONE', #2648, 1.750000000000001554 ) ;
#353 = VECTOR ( 'NONE', #2056, 1000.000000000000000 ) ;
#354 = ORIENTED_EDGE ( 'NONE', *, *, #384, .T. ) ;
#355 = FACE_BOUND ( 'NONE', #822, .T. ) ;
#356 = CIRCLE ( 'NONE', #2027, 1.749999999999999778 ) ;
#357 = CARTESIAN_POINT ( 'NONE',  ( -15.99999999999996980, 21.00000000000000355, 26.50000000000000000 ) ) ;
#358 = VECTOR ( 'NONE', #474, 1000.000000000000000 ) ;
#359 = VERTEX_POINT ( 'NONE', #1526 ) ;
#360 = CARTESIAN_POINT ( 'NONE',  ( -18.50000000000000711, -18.49999999999993250, 4.500000000000000000 ) ) ;
#361 = ORIENTED_EDGE ( 'NONE', *, *, #993, .T. ) ;
#362 = ORIENTED_EDGE ( 'NONE', *, *, #2803, .F. ) ;
#363 =( LENGTH_UNIT ( ) NAMED_UNIT ( * ) SI_UNIT ( .MILLI., .METRE. ) );
#364 = DIRECTION ( 'NONE',  ( 0.000000000000000000, 0.000000000000000000, -1.000000000000000000 ) ) ;
#365 = CARTESIAN_POINT ( 'NONE',  ( -15.50000000000002132, 15.50000000000000533, 31.00000000000000000 ) ) ;
#366 = EDGE_CURVE ( 'NONE', #118, #2193, #764, .T. ) ;
#367 = ORIENTED_EDGE ( 'NONE', *, *, #809, .F. ) ;
#368 = DIRECTION ( 'NONE',  ( 0.000000000000000000, -0.000000000000000000, 1.000000000000000000 ) ) ;
#369 = LINE ( 'NONE', #322, #633 ) ;
#370 = ORIENTED_EDGE ( 'NONE', *, *, #127, .T. ) ;
#371 = DIRECTION ( 'NONE',  ( 1.000000000000000000, 0.000000000000000000, 0.000000000000000000 ) ) ;
#372 = EDGE_LOOP ( 'NONE', ( #470, #2709 ) ) ;
#373 = ORIENTED_EDGE ( 'NONE', *, *, #2554, .F. ) ;
#374 =( NAMED_UNIT ( * ) PLANE_ANGLE_UNIT ( ) SI_UNIT ( $, .RADIAN. ) );
#375 = CARTESIAN_POINT ( 'NONE',  ( -18.50000000000000711, -20.99999999999999645, 23.50000000000000000 ) ) ;
#376 = DIRECTION ( 'NONE',  ( -1.000000000000000000, -3.552713678800500929E-15, 1.214306433183764966E-15 ) ) ;
#377 = EDGE_CURVE ( 'NONE', #1839, #296, #1480, .T. ) ;
#378 = ORIENTED_EDGE ( 'NONE', *, *, #2138, .T. ) ;
#379 = LINE ( 'NONE', #2696, #1927 ) ;
#380 = CC_DESIGN_DATE_AND_TIME_ASSIGNMENT ( #388, #1940, ( #209 ) ) ;
#381 = FACE_OUTER_BOUND ( 'NONE', #2468, .T. ) ;
#382 = ORIENTED_EDGE ( 'NONE', *, *, #862, .T. ) ;
#383 = LINE ( 'NONE', #1242, #2815 ) ;
#384 = EDGE_CURVE ( 'NONE', #2793, #485, #1075, .T. ) ;
#385 = LINE ( 'NONE', #1472, #2401 ) ;
#386 = ORIENTED_EDGE ( 'NONE', *, *, #2586, .F. ) ;
#387 = VERTEX_POINT ( 'NONE', #1692 ) ;
#388 = DATE_AND_TIME ( #2433, #1441 ) ;
#389 = DIRECTION ( 'NONE',  ( 0.000000000000000000, 0.000000000000000000, -1.000000000000000000 ) ) ;
#390 = VECTOR ( 'NONE', #1840, 1000.000000000000000 ) ;
#391 = LINE ( 'NONE', #2026, #2125 ) ;
#392 = VECTOR ( 'NONE', #2368, 1000.000000000000000 ) ;
#393 = ORIENTED_EDGE ( 'NONE', *, *, #855, .T. ) ;
#394 = DIRECTION ( 'NONE',  ( -1.000000000000000000, 0.000000000000000000, 0.000000000000000000 ) ) ;
#395 = CARTESIAN_POINT ( 'NONE',  ( 0.000000000000000000, 0.000000000000000000, 2.000000000000001776 ) ) ;
#396 = AXIS2_PLACEMENT_3D ( 'NONE', #649, #415, #1361 ) ;
#397 = VECTOR ( 'NONE', #1367, 1000.000000000000000 ) ;
#398 = VERTEX_POINT ( 'NONE', #2611 ) ;
#399 = ORIENTED_EDGE ( 'NONE', *, *, #2104, .F. ) ;
#400 = PLANE ( 'NONE',  #1469 ) ;
#401 = DIRECTION ( 'NONE',  ( -0.000000000000000000, -0.000000000000000000, 1.000000000000000000 ) ) ;
#402 = VECTOR ( 'NONE', #2493, 1000.000000000000000 ) ;
#403 = EDGE_CURVE ( 'NONE', #1559, #1719, #41, .T. ) ;
#404 = DIRECTION ( 'NONE',  ( 0.000000000000000000, 0.000000000000000000, -1.000000000000000000 ) ) ;
#405 = ORIENTED_EDGE ( 'NONE', *, *, #2186, .F. ) ;
#406 = VECTOR ( 'NONE', #579, 1000.000000000000000 ) ;
#407 = CARTESIAN_POINT ( 'NONE',  ( 18.50000000000001066, 12.00000000000000355, 26.50000000000000000 ) ) ;
#408 = CARTESIAN_POINT ( 'NONE',  ( -17.25000000000001421, -15.50000000000000000, 23.50000000000000000 ) ) ;
#409 = EDGE_LOOP ( 'NONE', ( #2308, #2559 ) ) ;
#410 = LINE ( 'NONE', #885, #1783 ) ;
#411 = DIRECTION ( 'NONE',  ( -8.260587980841936314E-17, 1.000000000000000000, -0.000000000000000000 ) ) ;
#412 = EDGE_LOOP ( 'NONE', ( #1638, #984, #861, #2529 ) ) ;
#413 = VERTEX_POINT ( 'NONE', #1496 ) ;
#414 = CARTESIAN_POINT ( 'NONE',  ( -12.50000000000001243, -20.99999999999999645, 23.50000000000000000 ) ) ;
#415 = DIRECTION ( 'NONE',  ( -0.000000000000000000, 0.000000000000000000, 1.000000000000000000 ) ) ;
#416 = EDGE_CURVE ( 'NONE', #2241, #346, #1043, .T. ) ;
#417 = CARTESIAN_POINT ( 'NONE',  ( 15.50000000000002132, -15.49999999999999822, 23.50000000000000000 ) ) ;
#418 = ORIENTED_EDGE ( 'NONE', *, *, #1984, .T. ) ;
#419 = EDGE_CURVE ( 'NONE', #592, #1883, #1005, .T. ) ;
#420 = DIRECTION ( 'NONE',  ( 0.000000000000000000, -0.000000000000000000, -1.000000000000000000 ) ) ;
#421 = ADVANCED_FACE ( 'NONE', ( #1103, #1768 ), #1780, .F. ) ;
#422 = CARTESIAN_POINT ( 'NONE',  ( 16.00000000000000355, -11.99999999999999645, 2.000000000000001776 ) ) ;
#423 = ORIENTED_EDGE ( 'NONE', *, *, #2477, .F. ) ;
#424 = LINE ( 'NONE', #2680, #149 ) ;
#425 = DIRECTION ( 'NONE',  ( -1.000000000000000000, -8.260587980841936314E-17, 0.000000000000000000 ) ) ;
#426 = VERTEX_POINT ( 'NONE', #1585 ) ;
#427 = ORIENTED_EDGE ( 'NONE', *, *, #1410, .T. ) ;
#428 = FACE_BOUND ( 'NONE', #2483, .T. ) ;
#429 = PLANE ( 'NONE',  #2833 ) ;
#430 = PLANE ( 'NONE',  #1864 ) ;
#431 = EDGE_CURVE ( 'NONE', #1143, #2599, #1051, .T. ) ;
#432 = COORDINATED_UNIVERSAL_TIME_OFFSET ( 9, 0, .AHEAD. ) ;
#433 = CARTESIAN_POINT ( 'NONE',  ( 15.99999999999999645, 12.00000000000000355, 4.499999999999997335 ) ) ;
#434 = DIRECTION ( 'NONE',  ( -1.000000000000000000, 0.000000000000000000, 0.000000000000000000 ) ) ;
#435 = EDGE_CURVE ( 'NONE', #1868, #1808, #648, .T. ) ;
#436 = DIRECTION ( 'NONE',  ( -0.000000000000000000, -0.000000000000000000, -1.000000000000000000 ) ) ;
#437 = CARTESIAN_POINT ( 'NONE',  ( -12.50000000000000533, 21.00000000000000355, 16.50000000000000000 ) ) ;
#438 = AXIS2_PLACEMENT_3D ( 'NONE', #790, #2603, #2350 ) ;
#439 = EDGE_LOOP ( 'NONE', ( #542, #969, #1415, #2522, #1631, #1160, #2679, #1321, #273, #2683, #914, #2187 ) ) ;
#440 = ORIENTED_EDGE ( 'NONE', *, *, #1037, .F. ) ;
#441 = CARTESIAN_POINT ( 'NONE',  ( 15.50000000000001776, 15.50000000000000711, 31.00000000000000000 ) ) ;
#442 = VECTOR ( 'NONE', #1318, 1000.000000000000000 ) ;
#443 = LINE ( 'NONE', #2035, #1741 ) ;
#444 = CIRCLE ( 'NONE', #2731, 20.00000000000000000 ) ;
#445 = LINE ( 'NONE', #2036, #1047 ) ;
#446 = VECTOR ( 'NONE', #2425, 1000.000000000000000 ) ;
#447 = VECTOR ( 'NONE', #218, 1000.000000000000000 ) ;
#448 = DIRECTION ( 'NONE',  ( -1.000000000000000000, 0.000000000000000000, 0.000000000000000000 ) ) ;
#449 = DIRECTION ( 'NONE',  ( 8.260587980841936314E-17, -1.000000000000000000, 0.000000000000000000 ) ) ;
#450 = LINE ( 'NONE', #2507, #1345 ) ;
#451 = LINE ( 'NONE', #2234, #397 ) ;
#452 = ADVANCED_FACE ( 'NONE', ( #428, #2004 ), #2033, .T. ) ;
#453 = ORIENTED_EDGE ( 'NONE', *, *, #2122, .F. ) ;
#454 = VERTEX_POINT ( 'NONE', #1823 ) ;
#455 = DIRECTION ( 'NONE',  ( 1.000000000000000000, -0.000000000000000000, -0.000000000000000000 ) ) ;
#456 = DIRECTION ( 'NONE',  ( 8.260587980841940012E-17, -1.000000000000000000, 0.000000000000000000 ) ) ;
#457 = CARTESIAN_POINT ( 'NONE',  ( -18.49999999999988276, -18.50000000000006040, 31.00000000000000000 ) ) ;
#458 = PLANE ( 'NONE',  #1637 ) ;
#459 = CARTESIAN_POINT ( 'NONE',  ( -18.50000000000001066, 18.49999999999993250, 31.00000000000000000 ) ) ;
#460 = FACE_OUTER_BOUND ( 'NONE', #52, .T. ) ;
#461 = DIRECTION ( 'NONE',  ( 1.000000000000000000, 0.000000000000000000, 0.000000000000000000 ) ) ;
#462 = EDGE_CURVE ( 'NONE', #141, #2265, #1360, .T. ) ;
#463 = ADVANCED_FACE ( 'NONE', ( #2927 ), #2684, .F. ) ;
#464 = ORIENTED_EDGE ( 'NONE', *, *, #2888, .F. ) ;
#465 = AXIS2_PLACEMENT_3D ( 'NONE', #1012, #2403, #326 ) ;
#466 = ORIENTED_EDGE ( 'NONE', *, *, #1439, .F. ) ;
#467 = CARTESIAN_POINT ( 'NONE',  ( -15.99999999999996980, 21.00000000000000000, 31.00000000000000000 ) ) ;
#468 = CARTESIAN_POINT ( 'NONE',  ( 13.75000000000002132, -15.49999999999999822, 31.00000000000000000 ) ) ;
#469 = EDGE_CURVE ( 'NONE', #1452, #2442, #2237, .T. ) ;
#470 = ORIENTED_EDGE ( 'NONE', *, *, #1163, .F. ) ;
#471 = LINE ( 'NONE', #1646, #516 ) ;
#472 = VERTEX_POINT ( 'NONE', #2944 ) ;
#473 = LINE ( 'NONE', #29, #1396 ) ;
#474 = DIRECTION ( 'NONE',  ( -0.7071067811865439090, -0.7071067811865512365, -0.000000000000000000 ) ) ;
#475 = CARTESIAN_POINT ( 'NONE',  ( -12.50000000000001243, -15.61249499599598600, 23.50000000000000000 ) ) ;
#476 = CARTESIAN_POINT ( 'NONE',  ( -18.50000000000000355, 12.00000000000000355, 16.50000000000000000 ) ) ;
#477 = APPROVAL_PERSON_ORGANIZATION ( #2172, #2274, #1034 ) ;
#478 = ORIENTED_EDGE ( 'NONE', *, *, #615, .T. ) ;
#479 = ORIENTED_EDGE ( 'NONE', *, *, #1960, .F. ) ;
#480 = EDGE_LOOP ( 'NONE', ( #2402, #110, #2378, #524 ) ) ;
#481 = DIRECTION ( 'NONE',  ( 0.000000000000000000, 0.000000000000000000, 1.000000000000000000 ) ) ;
#482 = DIRECTION ( 'NONE',  ( -8.260587980841936314E-17, 1.000000000000000000, -0.000000000000000000 ) ) ;
#483 = VECTOR ( 'NONE', #2320, 1000.000000000000000 ) ;
#484 = AXIS2_PLACEMENT_3D ( 'NONE', #1293, #2904, #1533 ) ;
#485 = VERTEX_POINT ( 'NONE', #889 ) ;
#486 = CARTESIAN_POINT ( 'NONE',  ( -12.50000000000000711, 21.00000000000000355, 4.500000000000000000 ) ) ;
#487 = EDGE_CURVE ( 'NONE', #11, #2907, #230, .T. ) ;
#488 = VECTOR ( 'NONE', #2893, 1000.000000000000000 ) ;
#489 = ORIENTED_EDGE ( 'NONE', *, *, #1535, .T. ) ;
#490 = AXIS2_PLACEMENT_3D ( 'NONE', #975, #1608, #1879 ) ;
#491 = CARTESIAN_POINT ( 'NONE',  ( 2.725994033677839156E-15, -11.99999999999999645, 0.000000000000000000 ) ) ;
#492 = LINE ( 'NONE', #1619, #1407 ) ;
#493 = AXIS2_PLACEMENT_3D ( 'NONE', #1391, #681, #1863 ) ;
#494 = CARTESIAN_POINT ( 'NONE',  ( -21.00000000000000355, 15.99999999999991296, 31.00000000000000000 ) ) ;
#495 = CARTESIAN_POINT ( 'NONE',  ( 12.50000000000000711, 21.00000000000000355, 4.499999999999996447 ) ) ;
#496 = ORIENTED_EDGE ( 'NONE', *, *, #324, .F. ) ;
#497 = ORIENTED_EDGE ( 'NONE', *, *, #1080, .F. ) ;
#498 = ORIENTED_EDGE ( 'NONE', *, *, #291, .F. ) ;
#499 = CARTESIAN_POINT ( 'NONE',  ( 2.725994033677839156E-15, -11.99999999999999645, 0.000000000000000000 ) ) ;
#500 = LINE ( 'NONE', #2527, #59 ) ;
#501 = VERTEX_POINT ( 'NONE', #1810 ) ;
#502 = DIRECTION ( 'NONE',  ( 1.000000000000000000, 0.000000000000000000, 0.000000000000000000 ) ) ;
#503 = EDGE_CURVE ( 'NONE', #2116, #2660, #2710, .T. ) ;
#505 = ADVANCED_FACE ( 'NONE', ( #224 ), #2266, .F. ) ;
#504 = ORIENTED_EDGE ( 'NONE', *, *, #2195, .T. ) ;
#506 = CARTESIAN_POINT ( 'NONE',  ( -15.50000000000001599, -15.50000000000000000, 0.000000000000000000 ) ) ;
#507 = FACE_OUTER_BOUND ( 'NONE', #1190, .T. ) ;
#508 = EDGE_CURVE ( 'NONE', #2511, #1847, #2443, .T. ) ;
#509 = CARTESIAN_POINT ( 'NONE',  ( 13.75000000000002132, -15.49999999999999822, 4.499999999999997335 ) ) ;
#510 = DIRECTION ( 'NONE',  ( 1.000000000000000000, 0.000000000000000000, 0.000000000000000000 ) ) ;
#511 = ORIENTED_EDGE ( 'NONE', *, *, #949, .F. ) ;
#512 = FACE_OUTER_BOUND ( 'NONE', #2105, .T. ) ;
#513 = DIRECTION ( 'NONE',  ( -1.000000000000000000, -0.000000000000000000, -0.000000000000000000 ) ) ;
#514 = ORIENTED_EDGE ( 'NONE', *, *, #345, .T. ) ;
#515 = CARTESIAN_POINT ( 'NONE',  ( 15.50000000000001776, 15.50000000000000711, 31.00000000000000000 ) ) ;
#516 = VECTOR ( 'NONE', #2549, 1000.000000000000000 ) ;
#517 = ORIENTED_EDGE ( 'NONE', *, *, #2115, .T. ) ;
#518 = ORIENTED_EDGE ( 'NONE', *, *, #2650, .F. ) ;
#519 = CARTESIAN_POINT ( 'NONE',  ( -21.00000000000000000, -15.99999999999996270, 31.00000000000000000 ) ) ;
#520 = DIRECTION ( 'NONE',  ( 0.000000000000000000, 0.000000000000000000, 1.000000000000000000 ) ) ;
#521 = CARTESIAN_POINT ( 'NONE',  ( 0.000000000000000000, 0.000000000000000000, 2.000000000000001776 ) ) ;
#522 = LINE ( 'NONE', #1379, #64 ) ;
#523 = EDGE_CURVE ( 'NONE', #413, #1243, #1996, .T. ) ;
#524 = ORIENTED_EDGE ( 'NONE', *, *, #1908, .F. ) ;
#525 = VERTEX_POINT ( 'NONE', #2896 ) ;
#526 = ORIENTED_EDGE ( 'NONE', *, *, #1908, .T. ) ;
#527 = FACE_OUTER_BOUND ( 'NONE', #1305, .T. ) ;
#528 = DIRECTION ( 'NONE',  ( -1.000000000000000000, 0.000000000000000000, 0.000000000000000000 ) ) ;
#529 = ORIENTED_EDGE ( 'NONE', *, *, #1269, .T. ) ;
#530 = DIRECTION ( 'NONE',  ( -1.000000000000000000, 0.000000000000000000, 0.000000000000000000 ) ) ;
#531 = AXIS2_PLACEMENT_3D ( 'NONE', #2233, #153, #2014 ) ;
#532 = AXIS2_PLACEMENT_3D ( 'NONE', #1266, #2173, #1699 ) ;
#533 = EDGE_LOOP ( 'NONE', ( #2249, #1564, #2881, #1008 ) ) ;
#534 = ORIENTED_EDGE ( 'NONE', *, *, #1080, .T. ) ;
#535 = CARTESIAN_POINT ( 'NONE',  ( 18.49999999999987921, 18.50000000000007105, 31.00000000000000000 ) ) ;
#536 = CIRCLE ( 'NONE', #108, 11.50000000000000000 ) ;
#537 = DIRECTION ( 'NONE',  ( -1.000000000000000000, -0.000000000000000000, -0.000000000000000000 ) ) ;
#538 = DIRECTION ( 'NONE',  ( -8.260587980841936314E-17, 1.000000000000000000, -0.000000000000000000 ) ) ;
#539 = DIRECTION ( 'NONE',  ( -1.000000000000000000, 0.000000000000000000, 0.000000000000000000 ) ) ;
#540 = CIRCLE ( 'NONE', #922, 1.750000000000001554 ) ;
#541 = EDGE_CURVE ( 'NONE', #1859, #118, #1600, .T. ) ;
#542 = ORIENTED_EDGE ( 'NONE', *, *, #2765, .F. ) ;
#543 = CARTESIAN_POINT ( 'NONE',  ( 12.49999999999999822, -15.61249499599599666, 1.999999999999987566 ) ) ;
#544 = ADVANCED_FACE ( 'NONE', ( #1370 ), #400, .T. ) ;
#545 = DIRECTION ( 'NONE',  ( 1.000000000000000000, 0.000000000000000000, 0.000000000000000000 ) ) ;
#546 = ORIENTED_EDGE ( 'NONE', *, *, #812, .T. ) ;
#547 = LINE ( 'NONE', #811, #2618 ) ;
#548 = EDGE_CURVE ( 'NONE', #1427, #2087, #275, .T. ) ;
#549 = ORIENTED_EDGE ( 'NONE', *, *, #907, .F. ) ;
#550 = VERTEX_POINT ( 'NONE', #2310 ) ;
#551 = DIRECTION ( 'NONE',  ( 1.156482317317871331E-15, 9.553223930492239006E-32, 1.000000000000000000 ) ) ;
#552 = LINE ( 'NONE', #90, #1698 ) ;
#553 = CARTESIAN_POINT ( 'NONE',  ( -21.00000000000000000, -15.99999999999994849, 31.00000000000000000 ) ) ;
#554 = CARTESIAN_POINT ( 'NONE',  ( -15.50000000000002132, 15.50000000000000533, 31.00000000000000000 ) ) ;
#555 = ORIENTED_EDGE ( 'NONE', *, *, #949, .T. ) ;
#556 = CARTESIAN_POINT ( 'NONE',  ( 18.50000000000001421, -11.99999999999999645, 26.50000000000000000 ) ) ;
#557 = CARTESIAN_POINT ( 'NONE',  ( 18.50000000000001066, 21.00000000000000355, 16.49999999999999289 ) ) ;
#558 = EDGE_CURVE ( 'NONE', #2533, #1694, #916, .T. ) ;
#559 = ORIENTED_EDGE ( 'NONE', *, *, #558, .T. ) ;
#560 = CARTESIAN_POINT ( 'NONE',  ( -17.25000000000001421, -15.50000000000000000, 31.00000000000000000 ) ) ;
#561 = EDGE_CURVE ( 'NONE', #2870, #1724, #2291, .T. ) ;
#562 = EDGE_LOOP ( 'NONE', ( #1904, #2797, #2427, #1611 ) ) ;
#563 = VERTEX_POINT ( 'NONE', #242 ) ;
#564 = VECTOR ( 'NONE', #142, 1000.000000000000000 ) ;
#565 = CARTESIAN_POINT ( 'NONE',  ( -18.50000000000001066, 21.00000000000000355, 4.500000000000000000 ) ) ;
#566 = LINE ( 'NONE', #1941, #1111 ) ;
#567 = LINE ( 'NONE', #1490, #1457 ) ;
#568 = VERTEX_POINT ( 'NONE', #2339 ) ;
#569 = ORIENTED_EDGE ( 'NONE', *, *, #593, .T. ) ;
#570 = PLANE ( 'NONE',  #666 ) ;
#571 = DIRECTION ( 'NONE',  ( 8.260587980841938780E-17, -1.000000000000000000, 0.000000000000000000 ) ) ;
#572 = ORIENTED_EDGE ( 'NONE', *, *, #2273, .F. ) ;
#573 = DIRECTION ( 'NONE',  ( 1.000000000000000000, 0.000000000000000000, 0.000000000000000000 ) ) ;
#574 = ORIENTED_EDGE ( 'NONE', *, *, #12, .T. ) ;
#575 = ORIENTED_EDGE ( 'NONE', *, *, #120, .T. ) ;
#576 = EDGE_CURVE ( 'NONE', #1055, #2885, #1156, .T. ) ;
#577 = DIRECTION ( 'NONE',  ( 1.000000000000000000, 0.000000000000000000, 0.000000000000000000 ) ) ;
#578 = VECTOR ( 'NONE', #2303, 1000.000000000000000 ) ;
#579 = DIRECTION ( 'NONE',  ( -0.7071067811865512365, 0.7071067811865439090, -0.000000000000000000 ) ) ;
#580 = CARTESIAN_POINT ( 'NONE',  ( 18.50000000000001066, 18.49999999999993960, 26.50000000000000000 ) ) ;
#581 = CARTESIAN_POINT ( 'NONE',  ( 0.000000000000000000, 0.000000000000000000, 16.50000000000001421 ) ) ;
#582 = VECTOR ( 'NONE', #619, 1000.000000000000000 ) ;
#583 = ORIENTED_EDGE ( 'NONE', *, *, #1335, .F. ) ;
#584 = LINE ( 'NONE', #1957, #1546 ) ;
#585 = VECTOR ( 'NONE', #33, 1000.000000000000000 ) ;
#586 = LINE ( 'NONE', #1990, #2786 ) ;
#587 = VECTOR ( 'NONE', #972, 1000.000000000000000 ) ;
#588 = ORIENTED_EDGE ( 'NONE', *, *, #1574, .T. ) ;
#589 = VERTEX_POINT ( 'NONE', #960 ) ;
#590 = FACE_BOUND ( 'NONE', #2388, .T. ) ;
#591 = EDGE_LOOP ( 'NONE', ( #1571, #2755 ) ) ;
#592 = VERTEX_POINT ( 'NONE', #1902 ) ;
#593 = EDGE_CURVE ( 'NONE', #2207, #2328, #3, .T. ) ;
#594 = ADVANCED_FACE ( 'NONE', ( #512 ), #714, .F. ) ;
#595 = APPLICATION_PROTOCOL_DEFINITION ( 'international standard', 'config_control_design', 1994, #930 ) ;
#596 = CARTESIAN_POINT ( 'NONE',  ( -12.50000000000000711, 15.61249499599598956, 2.000000000000003553 ) ) ;
#597 = CARTESIAN_POINT ( 'NONE',  ( 18.50000000000001421, -11.99999999999999645, 16.49999999999999289 ) ) ;
#598 = EDGE_CURVE ( 'NONE', #1855, #1678, #262, .T. ) ;
#599 = ORIENTED_EDGE ( 'NONE', *, *, #2332, .T. ) ;
#600 = PLANE ( 'NONE',  #1303 ) ;
#601 = FACE_BOUND ( 'NONE', #591, .T. ) ;
#602 = VERTEX_POINT ( 'NONE', #701 ) ;
#603 = CARTESIAN_POINT ( 'NONE',  ( -21.00000000000000355, 15.99999999999991296, 31.00000000000000000 ) ) ;
#604 = PLANE ( 'NONE',  #2024 ) ;
#605 = VERTEX_POINT ( 'NONE', #1430 ) ;
#606 = VERTEX_POINT ( 'NONE', #1176 ) ;
#607 = AXIS2_PLACEMENT_3D ( 'NONE', #2744, #2006, #1343 ) ;
#608 = APPROVAL_STATUS ( 'not_yet_approved' ) ;
#609 = DIRECTION ( 'NONE',  ( -1.000000000000000000, 0.000000000000000000, 0.000000000000000000 ) ) ;
#610 = FACE_OUTER_BOUND ( 'NONE', #754, .T. ) ;
#611 = AXIS2_PLACEMENT_3D ( 'NONE', #441, #1089, #213 ) ;
#612 = ORIENTED_EDGE ( 'NONE', *, *, #2760, .T. ) ;
#613 = LINE ( 'NONE', #2001, #624 ) ;
#614 = FACE_BOUND ( 'NONE', #1286, .T. ) ;
#615 = EDGE_CURVE ( 'NONE', #1325, #2101, #716, .T. ) ;
#616 = ORIENTED_EDGE ( 'NONE', *, *, #340, .T. ) ;
#617 = ORIENTED_EDGE ( 'NONE', *, *, #1166, .T. ) ;
#618 = CARTESIAN_POINT ( 'NONE',  ( 13.75000000000001776, 15.50000000000000711, 31.00000000000000000 ) ) ;
#619 = DIRECTION ( 'NONE',  ( -8.260587980841938780E-17, 1.000000000000000000, -0.000000000000000000 ) ) ;
#620 = ORIENTED_EDGE ( 'NONE', *, *, #1097, .F. ) ;
#621 = EDGE_LOOP ( 'NONE', ( #2886, #2740, #1856, #981 ) ) ;
#622 = LINE ( 'NONE', #2615, #2737 ) ;
#623 = DIRECTION ( 'NONE',  ( 0.000000000000000000, 0.000000000000000000, 1.000000000000000000 ) ) ;
#624 = VECTOR ( 'NONE', #645, 1000.000000000000000 ) ;
#625 = DIRECTION ( 'NONE',  ( -0.000000000000000000, -0.000000000000000000, -1.000000000000000000 ) ) ;
#626 = VECTOR ( 'NONE', #1234, 1000.000000000000000 ) ;
#627 = VERTEX_POINT ( 'NONE', #933 ) ;
#628 = LINE ( 'NONE', #1338, #2633 ) ;
#629 = CARTESIAN_POINT ( 'NONE',  ( 0.000000000000000000, 0.000000000000000000, 23.50000000000000000 ) ) ;
#630 = ADVANCED_FACE ( 'NONE', ( #1641, #1857 ), #2741, .T. ) ;
#631 = CIRCLE ( 'NONE', #2165, 1.750000000000001554 ) ;
#632 = EDGE_CURVE ( 'NONE', #627, #485, #947, .T. ) ;
#633 = VECTOR ( 'NONE', #1010, 1000.000000000000000 ) ;
#634 = ORIENTED_EDGE ( 'NONE', *, *, #1371, .F. ) ;
#635 = DIRECTION ( 'NONE',  ( -1.000000000000000000, 0.000000000000000000, 0.000000000000000000 ) ) ;
#636 = LINE ( 'NONE', #225, #2114 ) ;
#637 = AXIS2_PLACEMENT_3D ( 'NONE', #554, #2831, #804 ) ;
#638 = ADVANCED_FACE ( 'NONE', ( #2773 ), #733, .F. ) ;
#639 = DIRECTION ( 'NONE',  ( -0.000000000000000000, -0.000000000000000000, -1.000000000000000000 ) ) ;
#640 = ORIENTED_EDGE ( 'NONE', *, *, #2850, .F. ) ;
#641 = APPROVAL_STATUS ( 'not_yet_approved' ) ;
#642 = CARTESIAN_POINT ( 'NONE',  ( 15.50000000000001776, 15.50000000000000711, 31.00000000000000000 ) ) ;
#643 = LINE ( 'NONE', #422, #777 ) ;
#644 = ORIENTED_EDGE ( 'NONE', *, *, #2816, .T. ) ;
#645 = DIRECTION ( 'NONE',  ( 1.156482317317871725E-15, 0.000000000000000000, 1.000000000000000000 ) ) ;
#646 = DIRECTION ( 'NONE',  ( -0.000000000000000000, -0.000000000000000000, -1.000000000000000000 ) ) ;
#647 = ORIENTED_EDGE ( 'NONE', *, *, #958, .T. ) ;
#648 = LINE ( 'NONE', #618, #2675 ) ;
#649 = CARTESIAN_POINT ( 'NONE',  ( 0.000000000000000000, 0.000000000000000000, 0.000000000000000000 ) ) ;
#650 = ADVANCED_FACE ( 'NONE', ( #2560, #688 ), #1191, .F. ) ;
#651 = CARTESIAN_POINT ( 'NONE',  ( -15.99999999999991296, -21.00000000000000000, 31.00000000000000000 ) ) ;
#652 = ADVANCED_FACE ( 'NONE', ( #2102, #68 ), #1613, .F. ) ;
#653 = CARTESIAN_POINT ( 'NONE',  ( 18.50000000000001066, 21.00000000000000355, 4.499999999999996447 ) ) ;
#654 = CARTESIAN_POINT ( 'NONE',  ( 15.50000000000001776, 15.50000000000000711, 31.00000000000000000 ) ) ;
#655 = FACE_BOUND ( 'NONE', #2092, .T. ) ;
#656 = CARTESIAN_POINT ( 'NONE',  ( -12.50000000000000355, -11.99999999999999645, 4.500000000000000000 ) ) ;
#657 = ORIENTED_EDGE ( 'NONE', *, *, #1705, .T. ) ;
#658 = VERTEX_POINT ( 'NONE', #2574 ) ;
#659 = DIRECTION ( 'NONE',  ( 0.000000000000000000, 0.000000000000000000, 1.000000000000000000 ) ) ;
#660 = FACE_OUTER_BOUND ( 'NONE', #337, .T. ) ;
#661 = VECTOR ( 'NONE', #1341, 1000.000000000000000 ) ;
#662 = FACE_OUTER_BOUND ( 'NONE', #412, .T. ) ;
#663 = ADVANCED_FACE ( 'NONE', ( #527, #355, #2147, #1970, #1283 ), #2177, .F. ) ;
#664 = DIRECTION ( 'NONE',  ( -1.000000000000000000, 0.000000000000000000, 0.000000000000000000 ) ) ;
#665 = CARTESIAN_POINT ( 'NONE',  ( 15.99999999999997691, -20.99999999999999645, 31.00000000000000000 ) ) ;
#666 = AXIS2_PLACEMENT_3D ( 'NONE', #793, #1914, #761 ) ;
#667 = DIRECTION ( 'NONE',  ( -0.000000000000000000, -0.000000000000000000, -1.000000000000000000 ) ) ;
#668 = DIRECTION ( 'NONE',  ( -1.156482317317871331E-15, -9.553223930492239006E-32, -1.000000000000000000 ) ) ;
#669 = AXIS2_PLACEMENT_3D ( 'NONE', #1049, #351, #1249 ) ;
#670 = ORIENTED_EDGE ( 'NONE', *, *, #1853, .T. ) ;
#671 = ORIENTED_EDGE ( 'NONE', *, *, #194, .T. ) ;
#672 = CARTESIAN_POINT ( 'NONE',  ( 16.00000000000000355, -11.99999999999999645, 2.000000000000001776 ) ) ;
#673 = VECTOR ( 'NONE', #1907, 1000.000000000000000 ) ;
#674 = CARTESIAN_POINT ( 'NONE',  ( 15.99999999999991651, 21.00000000000000355, 16.49999999999999645 ) ) ;
#675 = AXIS2_PLACEMENT_3D ( 'NONE', #581, #2131, #376 ) ;
#676 = LINE ( 'NONE', #1563, #1531 ) ;
#677 = CIRCLE ( 'NONE', #637, 1.749999999999999778 ) ;
#678 = CIRCLE ( 'NONE', #2363, 1.749999999999999778 ) ;
#679 = EDGE_CURVE ( 'NONE', #2432, #2533, #1687, .T. ) ;
#680 = PLANE ( 'NONE',  #1786 ) ;
#681 = DIRECTION ( 'NONE',  ( -0.000000000000000000, 0.000000000000000000, 1.000000000000000000 ) ) ;
#682 = EDGE_CURVE ( 'NONE', #719, #1822, #308, .T. ) ;
#683 = CARTESIAN_POINT ( 'NONE',  ( 12.50000000000001954, 21.00000000000000355, 23.50000000000000000 ) ) ;
#684 = CARTESIAN_POINT ( 'NONE',  ( 18.50000000000001421, -18.49999999999993250, 4.499999999999996447 ) ) ;
#685 = EDGE_CURVE ( 'NONE', #2739, #1678, #2835, .T. ) ;
#686 = ORIENTED_EDGE ( 'NONE', *, *, #2455, .T. ) ;
#687 = EDGE_LOOP ( 'NONE', ( #670, #1211, #2661, #498, #1649, #2196 ) ) ;
#688 = FACE_OUTER_BOUND ( 'NONE', #1742, .T. ) ;
#689 = CARTESIAN_POINT ( 'NONE',  ( 13.75000000000001776, 15.50000000000000711, 16.50000000000000000 ) ) ;
#690 = ORIENTED_EDGE ( 'NONE', *, *, #2046, .T. ) ;
#691 = CARTESIAN_POINT ( 'NONE',  ( -15.50000000000001599, -15.50000000000000000, 16.50000000000000000 ) ) ;
#692 = ORIENTED_EDGE ( 'NONE', *, *, #1923, .T. ) ;
#693 = LINE ( 'NONE', #14, #2064 ) ;
#694 = FACE_OUTER_BOUND ( 'NONE', #2053, .T. ) ;
#695 = CARTESIAN_POINT ( 'NONE',  ( -15.99999999999991296, -21.00000000000000000, 0.000000000000000000 ) ) ;
#696 = CARTESIAN_POINT ( 'NONE',  ( -18.50000000000000711, -11.99999999999999645, 4.500000000000000000 ) ) ;
#697 = ORIENTED_EDGE ( 'NONE', *, *, #2715, .T. ) ;
#698 = VECTOR ( 'NONE', #1934, 1000.000000000000000 ) ;
#699 = ORIENTED_EDGE ( 'NONE', *, *, #2528, .F. ) ;
#700 = ORIENTED_EDGE ( 'NONE', *, *, #197, .F. ) ;
#701 = CARTESIAN_POINT ( 'NONE',  ( -12.50000000000000711, 15.61249499599598956, 4.500000000000000000 ) ) ;
#702 = EDGE_CURVE ( 'NONE', #2441, #1282, #1222, .T. ) ;
#703 = DIRECTION ( 'NONE',  ( -0.000000000000000000, -0.000000000000000000, -1.000000000000000000 ) ) ;
#704 = EDGE_LOOP ( 'NONE', ( #1408, #370 ) ) ;
#705 = FACE_OUTER_BOUND ( 'NONE', #806, .T. ) ;
#706 = ORIENTED_EDGE ( 'NONE', *, *, #2946, .T. ) ;
#707 = DIRECTION ( 'NONE',  ( -1.000000000000000000, 0.000000000000000000, 0.000000000000000000 ) ) ;
#708 = CARTESIAN_POINT ( 'NONE',  ( -21.00000000000000355, 21.00000000000000000, 31.00000000000000000 ) ) ;
#709 = CARTESIAN_POINT ( 'NONE',  ( -15.50000000000002132, 15.50000000000000533, 31.00000000000000000 ) ) ;
#710 = LINE ( 'NONE', #1669, #1504 ) ;
#711 = ORIENTED_EDGE ( 'NONE', *, *, #104, .T. ) ;
#712 = ORIENTED_EDGE ( 'NONE', *, *, #2392, .F. ) ;
#713 = EDGE_CURVE ( 'NONE', #1189, #932, #2160, .T. ) ;
#714 = PLANE ( 'NONE',  #1171 ) ;
#715 = CARTESIAN_POINT ( 'NONE',  ( -18.50000000000000711, -11.99999999999999645, 23.50000000000000000 ) ) ;
#716 = CIRCLE ( 'NONE', #1201, 1.750000000000001554 ) ;
#717 = ADVANCED_FACE ( 'NONE', ( #2820 ), #570, .F. ) ;
#718 = VECTOR ( 'NONE', #233, 1000.000000000000000 ) ;
#719 = VERTEX_POINT ( 'NONE', #2188 ) ;
#720 = CARTESIAN_POINT ( 'NONE',  ( 17.25000000000001421, 15.50000000000000711, 31.00000000000000000 ) ) ;
#721 = AXIS2_PLACEMENT_3D ( 'NONE', #2210, #2154, #1232 ) ;
#722 = EDGE_CURVE ( 'NONE', #1304, #1738, #2637, .T. ) ;
#723 = EDGE_LOOP ( 'NONE', ( #496, #2449 ) ) ;
#724 = VECTOR ( 'NONE', #341, 1000.000000000000000 ) ;
#725 = DIRECTION ( 'NONE',  ( 0.000000000000000000, 0.000000000000000000, 1.000000000000000000 ) ) ;
#726 = CARTESIAN_POINT ( 'NONE',  ( 11.50000000000000000, 1.408343819019456176E-15, 31.00000000000000000 ) ) ;
#727 = VECTOR ( 'NONE', #2919, 1000.000000000000000 ) ;
#728 = PLANE ( 'NONE',  #1109 ) ;
#729 = CARTESIAN_POINT ( 'NONE',  ( -15.50000000000002132, 15.50000000000000533, 16.50000000000000000 ) ) ;
#730 = ORIENTED_EDGE ( 'NONE', *, *, #2314, .T. ) ;
#731 = ORIENTED_EDGE ( 'NONE', *, *, #1059, .T. ) ;
#732 = VERTEX_POINT ( 'NONE', #1009 ) ;
#733 = CYLINDRICAL_SURFACE ( 'NONE', #5, 1.749999999999999778 ) ;
#734 = CARTESIAN_POINT ( 'NONE',  ( -18.50000000000000711, -20.99999999999999645, 4.500000000000000000 ) ) ;
#735 = ORIENTED_EDGE ( 'NONE', *, *, #679, .T. ) ;
#736 = DIRECTION ( 'NONE',  ( 1.000000000000000000, 0.000000000000000000, 0.000000000000000000 ) ) ;
#737 = ADVANCED_FACE ( 'NONE', ( #1238 ), #600, .F. ) ;
#738 = ORIENTED_EDGE ( 'NONE', *, *, #1024, .F. ) ;
#739 = ORIENTED_EDGE ( 'NONE', *, *, #1388, .T. ) ;
#740 = LINE ( 'NONE', #331, #1833 ) ;
#741 = ADVANCED_FACE ( 'NONE', ( #1929, #780 ), #1704, .F. ) ;
#742 = FACE_BOUND ( 'NONE', #372, .T. ) ;
#743 = PLANE ( 'NONE',  #1689 ) ;
#744 = CARTESIAN_POINT ( 'NONE',  ( 15.50000000000001776, 15.50000000000000711, 31.00000000000000000 ) ) ;
#745 = ORIENTED_EDGE ( 'NONE', *, *, #101, .T. ) ;
#746 = ORIENTED_EDGE ( 'NONE', *, *, #2958, .F. ) ;
#747 = EDGE_LOOP ( 'NONE', ( #699, #1727, #798, #96 ) ) ;
#748 = CARTESIAN_POINT ( 'NONE',  ( 15.50000000000002132, -15.49999999999999822, 31.00000000000000000 ) ) ;
#749 = PLANE ( 'NONE',  #1886 ) ;
#750 = ORIENTED_EDGE ( 'NONE', *, *, #1163, .T. ) ;
#751 = PLANE ( 'NONE',  #2048 ) ;
#752 = CIRCLE ( 'NONE', #607, 1.749999999999999778 ) ;
#753 = VERTEX_POINT ( 'NONE', #556 ) ;
#754 = EDGE_LOOP ( 'NONE', ( #464, #831, #1991, #2058 ) ) ;
#755 = CARTESIAN_POINT ( 'NONE',  ( -18.50000000000000711, -11.99999999999999645, 23.50000000000000000 ) ) ;
#756 = FACE_BOUND ( 'NONE', #723, .T. ) ;
#757 = ADVANCED_FACE ( 'NONE', ( #2372 ), #1477, .F. ) ;
#758 = LINE ( 'NONE', #2184, #1063 ) ;
#759 = DIRECTION ( 'NONE',  ( -0.000000000000000000, -0.000000000000000000, -1.000000000000000000 ) ) ;
#760 = VERTEX_POINT ( 'NONE', #1253 ) ;
#761 = DIRECTION ( 'NONE',  ( 8.260587980841936314E-17, -1.000000000000000000, 0.000000000000000000 ) ) ;
#762 = FACE_OUTER_BOUND ( 'NONE', #832, .T. ) ;
#763 = ORIENTED_EDGE ( 'NONE', *, *, #1520, .T. ) ;
#764 = LINE ( 'NONE', #1301, #1094 ) ;
#765 = AXIS2_PLACEMENT_3D ( 'NONE', #321, #2386, #1492 ) ;
#766 = EDGE_CURVE ( 'NONE', #887, #760, #584, .T. ) ;
#767 = CIRCLE ( 'NONE', #2928, 1.749999999999998002 ) ;
#768 = EDGE_LOOP ( 'NONE', ( #2894, #612, #950, #2146, #769, #841 ) ) ;
#769 = ORIENTED_EDGE ( 'NONE', *, *, #2392, .T. ) ;
#770 = CARTESIAN_POINT ( 'NONE',  ( -13.75000000000001599, -15.50000000000000000, 26.50000000000000000 ) ) ;
#771 = AXIS2_PLACEMENT_3D ( 'NONE', #1875, #2780, #2748 ) ;
#772 = CARTESIAN_POINT ( 'NONE',  ( -16.00000000000000355, -11.99999999999999645, 16.50000000000000000 ) ) ;
#773 = VECTOR ( 'NONE', #2085, 1000.000000000000000 ) ;
#774 = CARTESIAN_POINT ( 'NONE',  ( 11.50000000000000000, 1.408343819019456176E-15, 0.000000000000000000 ) ) ;
#775 = LINE ( 'NONE', #2617, #824 ) ;
#776 = EDGE_CURVE ( 'NONE', #2764, #2207, #823, .T. ) ;
#777 = VECTOR ( 'NONE', #1762, 1000.000000000000000 ) ;
#778 = CIRCLE ( 'NONE', #1216, 1.749999999999999778 ) ;
#779 = ORIENTED_EDGE ( 'NONE', *, *, #2314, .F. ) ;
#780 = FACE_OUTER_BOUND ( 'NONE', #57, .T. ) ;
#781 = FACE_OUTER_BOUND ( 'NONE', #1446, .T. ) ;
#782 = EDGE_CURVE ( 'NONE', #359, #732, #125, .T. ) ;
#783 = EDGE_LOOP ( 'NONE', ( #647, #211, #504, #2921 ) ) ;
#784 = DIRECTION ( 'NONE',  ( -1.000000000000000000, 0.000000000000000000, 0.000000000000000000 ) ) ;
#785 = VECTOR ( 'NONE', #2758, 1000.000000000000000 ) ;
#786 = VERTEX_POINT ( 'NONE', #1751 ) ;
#787 = VERTEX_POINT ( 'NONE', #1945 ) ;
#788 = CARTESIAN_POINT ( 'NONE',  ( -21.00000000000000355, 21.00000000000000000, 31.00000000000000000 ) ) ;
#789 = PERSON_AND_ORGANIZATION ( #1715, #2201 ) ;
#790 = CARTESIAN_POINT ( 'NONE',  ( 0.000000000000000000, 0.000000000000000000, 23.50000000000000000 ) ) ;
#791 = PLANE ( 'NONE',  #1597 ) ;
#792 = ORIENTED_EDGE ( 'NONE', *, *, #1347, .F. ) ;
#793 = CARTESIAN_POINT ( 'NONE',  ( -18.50000000000001066, 12.00000000000000355, 23.50000000000000000 ) ) ;
#794 = CARTESIAN_POINT ( 'NONE',  ( 15.50000000000002132, -15.49999999999999822, 16.49999999999999645 ) ) ;
#795 = ADVANCED_FACE ( 'NONE', ( #2654 ), #2849, .F. ) ;
#796 = ORIENTED_EDGE ( 'NONE', *, *, #722, .T. ) ;
#797 = CARTESIAN_POINT ( 'NONE',  ( 15.50000000000002132, -15.49999999999999822, 26.50000000000000000 ) ) ;
#798 = ORIENTED_EDGE ( 'NONE', *, *, #2592, .T. ) ;
#799 = VERTEX_POINT ( 'NONE', #1099 ) ;
#800 = VECTOR ( 'NONE', #1962, 1000.000000000000000 ) ;
#801 = DIRECTION ( 'NONE',  ( -0.000000000000000000, 0.000000000000000000, 1.000000000000000000 ) ) ;
#802 = COORDINATED_UNIVERSAL_TIME_OFFSET ( 9, 0, .AHEAD. ) ;
#803 = CARTESIAN_POINT ( 'NONE',  ( -15.99999999999996980, 21.00000000000000355, 16.50000000000000000 ) ) ;
#804 = DIRECTION ( 'NONE',  ( 1.000000000000000000, 0.000000000000000000, 0.000000000000000000 ) ) ;
#805 = ADVANCED_FACE ( 'NONE', ( #1085, #2246, #195, #2203, #655, #2892 ), #2457, .T. ) ;
#806 = EDGE_LOOP ( 'NONE', ( #39, #575, #2613, #1982 ) ) ;
#807 = CARTESIAN_POINT ( 'NONE',  ( 15.50000000000002132, -15.49999999999999822, 4.499999999999997335 ) ) ;
#808 = DIRECTION ( 'NONE',  ( -0.000000000000000000, -0.000000000000000000, 1.000000000000000000 ) ) ;
#809 = EDGE_CURVE ( 'NONE', #1724, #786, #1581, .T. ) ;
#810 = ORIENTED_EDGE ( 'NONE', *, *, #1183, .T. ) ;
#811 = CARTESIAN_POINT ( 'NONE',  ( 18.50000000000001066, 12.00000000000000355, 16.49999999999999289 ) ) ;
#812 = EDGE_CURVE ( 'NONE', #2385, #1567, #1070, .T. ) ;
#813 = CIRCLE ( 'NONE', #2828, 1.749999999999999778 ) ;
#814 = ORIENTED_EDGE ( 'NONE', *, *, #1893, .F. ) ;
#815 = ORIENTED_EDGE ( 'NONE', *, *, #1744, .T. ) ;
#816 = EDGE_CURVE ( 'NONE', #1195, #145, #2253, .T. ) ;
#817 = CIRCLE ( 'NONE', #868, 20.00000000000000000 ) ;
#818 = CIRCLE ( 'NONE', #2352, 20.00000000000000000 ) ;
#819 = FACE_BOUND ( 'NONE', #1867, .T. ) ;
#820 = DIRECTION ( 'NONE',  ( -0.000000000000000000, -0.000000000000000000, -1.000000000000000000 ) ) ;
#821 = VECTOR ( 'NONE', #258, 1000.000000000000000 ) ;
#822 = EDGE_LOOP ( 'NONE', ( #2824, #514, #1757, #1937 ) ) ;
#823 = LINE ( 'NONE', #111, #2296 ) ;
#824 = VECTOR ( 'NONE', #336, 1000.000000000000000 ) ;
#825 = DIRECTION ( 'NONE',  ( 0.000000000000000000, 0.000000000000000000, -1.000000000000000000 ) ) ;
#826 = VECTOR ( 'NONE', #2555, 1000.000000000000000 ) ;
#827 = DESIGN_CONTEXT ( 'detailed design', #930, 'design' ) ;
#828 = VERTEX_POINT ( 'NONE', #853 ) ;
#829 = DIRECTION ( 'NONE',  ( 0.7071067811865511255, -0.7071067811865439090, 0.000000000000000000 ) ) ;
#830 = CARTESIAN_POINT ( 'NONE',  ( 18.50000000000001066, 12.00000000000000355, 16.49999999999999289 ) ) ;
#831 = ORIENTED_EDGE ( 'NONE', *, *, #2868, .T. ) ;
#832 = EDGE_LOOP ( 'NONE', ( #2000, #1874, #840, #1404 ) ) ;
#833 = PERSON_AND_ORGANIZATION_ROLE ( 'creator' ) ;
#834 = EDGE_CURVE ( 'NONE', #2061, #7, #813, .T. ) ;
#835 = CARTESIAN_POINT ( 'NONE',  ( -12.50000000000001243, -15.61249499599598600, 2.000000000000001776 ) ) ;
#836 = DIRECTION ( 'NONE',  ( -1.000000000000000000, 0.000000000000000000, 0.000000000000000000 ) ) ;
#837 = VERTEX_POINT ( 'NONE', #2437 ) ;
#838 = FACE_OUTER_BOUND ( 'NONE', #2789, .T. ) ;
#839 = LINE ( 'NONE', #2272, #1554 ) ;
#840 = ORIENTED_EDGE ( 'NONE', *, *, #2940, .T. ) ;
#841 = ORIENTED_EDGE ( 'NONE', *, *, #2447, .T. ) ;
#842 = CARTESIAN_POINT ( 'NONE',  ( 15.99999999999997691, -20.99999999999999645, 31.00000000000000000 ) ) ;
#843 = FACE_BOUND ( 'NONE', #1359, .T. ) ;
#844 = ORIENTED_EDGE ( 'NONE', *, *, #561, .F. ) ;
#845 = EDGE_LOOP ( 'NONE', ( #281, #1882, #1344, #2326, #1011, #99 ) ) ;
#846 = VECTOR ( 'NONE', #1405, 1000.000000000000000 ) ;
#847 = DIRECTION ( 'NONE',  ( 0.000000000000000000, 0.000000000000000000, 1.000000000000000000 ) ) ;
#848 = ADVANCED_FACE ( 'NONE', ( #838 ), #2220, .T. ) ;
#849 = CARTESIAN_POINT ( 'NONE',  ( -17.25000000000002132, 15.50000000000000533, 4.500000000000000888 ) ) ;
#850 = CARTESIAN_POINT ( 'NONE',  ( -15.99999999999991296, -20.99999999999999645, 26.50000000000000000 ) ) ;
#851 = EDGE_CURVE ( 'NONE', #359, #1756, #410, .T. ) ;
#852 = ORIENTED_EDGE ( 'NONE', *, *, #2034, .T. ) ;
#853 = CARTESIAN_POINT ( 'NONE',  ( -17.25000000000001421, -15.50000000000000000, 0.000000000000000000 ) ) ;
#854 = FACE_OUTER_BOUND ( 'NONE', #1933, .T. ) ;
#855 = EDGE_CURVE ( 'NONE', #1325, #1368, #1806, .T. ) ;
#856 = ORIENTED_EDGE ( 'NONE', *, *, #2602, .T. ) ;
#857 = ORIENTED_EDGE ( 'NONE', *, *, #431, .F. ) ;
#858 = DIRECTION ( 'NONE',  ( 0.000000000000000000, 0.000000000000000000, -1.000000000000000000 ) ) ;
#859 = FACE_BOUND ( 'NONE', #1796, .T. ) ;
#860 = FACE_BOUND ( 'NONE', #1244, .T. ) ;
#861 = ORIENTED_EDGE ( 'NONE', *, *, #902, .F. ) ;
#862 = EDGE_CURVE ( 'NONE', #145, #1195, #244, .T. ) ;
#863 = LOCAL_TIME ( 23, 14, 57.00000000000000000, #432 ) ;
#864 = PERSON_AND_ORGANIZATION ( #1715, #2201 ) ;
#865 = CARTESIAN_POINT ( 'NONE',  ( 17.25000000000002132, -15.49999999999999822, 16.49999999999999289 ) ) ;
#866 = VECTOR ( 'NONE', #2620, 1000.000000000000000 ) ;
#867 = DIRECTION ( 'NONE',  ( -1.000000000000000000, -8.260587980841936314E-17, 5.782411586589356653E-16 ) ) ;
#868 = AXIS2_PLACEMENT_3D ( 'NONE', #1817, #1134, #267 ) ;
#869 = VERTEX_POINT ( 'NONE', #171 ) ;
#870 = DIRECTION ( 'NONE',  ( -1.000000000000000000, 0.000000000000000000, 0.000000000000000000 ) ) ;
#871 = EDGE_CURVE ( 'NONE', #2108, #2793, #1568, .T. ) ;
#872 = CARTESIAN_POINT ( 'NONE',  ( -13.75000000000002132, 15.50000000000000533, 23.50000000000000000 ) ) ;
#873 = AXIS2_PLACEMENT_3D ( 'NONE', #1586, #2278, #2742 ) ;
#874 = CIRCLE ( 'NONE', #1746, 1.750000000000001554 ) ;
#875 = ORIENTED_EDGE ( 'NONE', *, *, #1923, .F. ) ;
#876 = ORIENTED_EDGE ( 'NONE', *, *, #2906, .T. ) ;
#877 = DIRECTION ( 'NONE',  ( 0.000000000000000000, 1.000000000000000000, -0.000000000000000000 ) ) ;
#878 = ADVANCED_FACE ( 'NONE', ( #1819 ), #1297, .F. ) ;
#879 = DIRECTION ( 'NONE',  ( -1.000000000000000000, -8.260587980841936314E-17, 0.000000000000000000 ) ) ;
#880 = VECTOR ( 'NONE', #1952, 1000.000000000000000 ) ;
#881 = CARTESIAN_POINT ( 'NONE',  ( -17.25000000000001421, -15.50000000000000000, 31.00000000000000000 ) ) ;
#882 = VERTEX_POINT ( 'NONE', #2938 ) ;
#883 = CARTESIAN_POINT ( 'NONE',  ( -12.50000000000000533, 12.00000000000000355, 16.50000000000000000 ) ) ;
#884 = LINE ( 'NONE', #1566, #1362 ) ;
#885 = CARTESIAN_POINT ( 'NONE',  ( 15.99999999999991651, 21.00000000000000355, 31.00000000000000000 ) ) ;
#886 = DIRECTION ( 'NONE',  ( 1.000000000000000000, 0.000000000000000000, 0.000000000000000000 ) ) ;
#887 = VERTEX_POINT ( 'NONE', #2706 ) ;
#888 = ORIENTED_EDGE ( 'NONE', *, *, #1228, .T. ) ;
#889 = CARTESIAN_POINT ( 'NONE',  ( -12.50000000000000355, -20.99999999999999645, 4.500000000000000000 ) ) ;
#890 = CARTESIAN_POINT ( 'NONE',  ( -21.00000000000000000, -21.00000000000000000, 31.00000000000000000 ) ) ;
#891 = EDGE_CURVE ( 'NONE', #1270, #264, #379, .T. ) ;
#892 = DIRECTION ( 'NONE',  ( -0.000000000000000000, -0.000000000000000000, -1.000000000000000000 ) ) ;
#893 = FACE_OUTER_BOUND ( 'NONE', #259, .T. ) ;
#894 = LINE ( 'NONE', #2453, #1749 ) ;
#895 = CARTESIAN_POINT ( 'NONE',  ( 0.000000000000000000, 0.000000000000000000, 2.000000000000001776 ) ) ;
#896 = CARTESIAN_POINT ( 'NONE',  ( -12.50000000000001243, -11.99999999999999645, 23.50000000000000000 ) ) ;
#897 = AXIS2_PLACEMENT_3D ( 'NONE', #1329, #2913, #635 ) ;
#898 = ORIENTED_EDGE ( 'NONE', *, *, #2901, .F. ) ;
#899 = EDGE_LOOP ( 'NONE', ( #427, #2674 ) ) ;
#900 = CARTESIAN_POINT ( 'NONE',  ( -18.50000000000001066, 12.00000000000000355, 26.50000000000000000 ) ) ;
#901 = CARTESIAN_POINT ( 'NONE',  ( -12.50000000000000711, 21.00000000000000355, 4.500000000000000000 ) ) ;
#902 = EDGE_CURVE ( 'NONE', #2544, #2132, #613, .T. ) ;
#903 = LINE ( 'NONE', #881, #2239 ) ;
#904 = EDGE_CURVE ( 'NONE', #563, #2511, #424, .T. ) ;
#905 = DATE_TIME_ROLE ( 'classification_date' ) ;
#906 = CARTESIAN_POINT ( 'NONE',  ( -17.25000000000002132, 15.50000000000000533, 16.50000000000000000 ) ) ;
#907 = EDGE_CURVE ( 'NONE', #589, #1106, #628, .T. ) ;
#908 = CARTESIAN_POINT ( 'NONE',  ( -15.50000000000001599, -15.50000000000000000, 31.00000000000000000 ) ) ;
#909 = LOCAL_TIME ( 23, 14, 57.00000000000000000, #1307 ) ;
#910 = AXIS2_PLACEMENT_3D ( 'NONE', #1353, #2424, #183 ) ;
#911 = DIRECTION ( 'NONE',  ( -8.260587980841936314E-17, 1.000000000000000000, -0.000000000000000000 ) ) ;
#912 = DIRECTION ( 'NONE',  ( -8.260587980841936314E-17, 1.000000000000000000, -0.000000000000000000 ) ) ;
#913 = CIRCLE ( 'NONE', #2583, 11.50000000000000000 ) ;
#914 = ORIENTED_EDGE ( 'NONE', *, *, #1778, .F. ) ;
#915 = ORIENTED_EDGE ( 'NONE', *, *, #2279, .T. ) ;
#916 = LINE ( 'NONE', #2356, #2897 ) ;
#917 = VECTOR ( 'NONE', #1643, 1000.000000000000000 ) ;
#918 = CARTESIAN_POINT ( 'NONE',  ( -18.50000000000000711, -20.99999999999999645, 26.50000000000000000 ) ) ;
#919 = AXIS2_PLACEMENT_3D ( 'NONE', #2753, #2304, #2068 ) ;
#920 = ORIENTED_EDGE ( 'NONE', *, *, #816, .T. ) ;
#921 = PLANE ( 'NONE',  #1577 ) ;
#922 = AXIS2_PLACEMENT_3D ( 'NONE', #1553, #2218, #2244 ) ;
#923 = VECTOR ( 'NONE', #77, 1000.000000000000000 ) ;
#924 = VERTEX_POINT ( 'NONE', #2271 ) ;
#925 = DIRECTION ( 'NONE',  ( -0.000000000000000000, -0.000000000000000000, -1.000000000000000000 ) ) ;
#926 = CARTESIAN_POINT ( 'NONE',  ( -12.50000000000000178, -20.99999999999999645, 16.50000000000000000 ) ) ;
#927 = ADVANCED_FACE ( 'NONE', ( #1412 ), #1898, .F. ) ;
#928 = DIRECTION ( 'NONE',  ( 1.156482317317871725E-15, 0.000000000000000000, 1.000000000000000000 ) ) ;
#929 = DIRECTION ( 'NONE',  ( 8.260587980841936314E-17, -1.000000000000000000, 0.000000000000000000 ) ) ;
#930 = APPLICATION_CONTEXT ( 'configuration controlled 3d designs of mechanical parts and assemblies' ) ;
#931 = ORIENTED_EDGE ( 'NONE', *, *, #2765, .T. ) ;
#932 = VERTEX_POINT ( 'NONE', #509 ) ;
#933 = CARTESIAN_POINT ( 'NONE',  ( -12.50000000000000355, -15.61249499599599311, 4.500000000000000000 ) ) ;
#934 = CARTESIAN_POINT ( 'NONE',  ( 0.000000000000000000, 0.000000000000000000, 16.50000000000000000 ) ) ;
#935 = ORIENTED_EDGE ( 'NONE', *, *, #2850, .T. ) ;
#936 = DIRECTION ( 'NONE',  ( 0.000000000000000000, 0.000000000000000000, 1.000000000000000000 ) ) ;
#937 = EDGE_LOOP ( 'NONE', ( #2552, #2126 ) ) ;
#938 = CARTESIAN_POINT ( 'NONE',  ( -15.50000000000002132, 15.50000000000000533, 31.00000000000000000 ) ) ;
#939 = DIRECTION ( 'NONE',  ( 1.000000000000000000, 8.260587980841936314E-17, 0.000000000000000000 ) ) ;
#940 = EDGE_CURVE ( 'NONE', #732, #2761, #2496, .T. ) ;
#941 = DIRECTION ( 'NONE',  ( 0.000000000000000000, 0.000000000000000000, -1.000000000000000000 ) ) ;
#942 = CARTESIAN_POINT ( 'NONE',  ( 18.50000000000001066, 18.49999999999993960, 31.00000000000000000 ) ) ;
#943 = EDGE_CURVE ( 'NONE', #2193, #398, #62, .T. ) ;
#944 = ORIENTED_EDGE ( 'NONE', *, *, #178, .F. ) ;
#945 = VECTOR ( 'NONE', #1603, 1000.000000000000000 ) ;
#946 = ORIENTED_EDGE ( 'NONE', *, *, #1186, .T. ) ;
#947 = LINE ( 'NONE', #1869, #962 ) ;
#948 = DIRECTION ( 'NONE',  ( -1.000000000000000000, -0.000000000000000000, -0.000000000000000000 ) ) ;
#949 = EDGE_CURVE ( 'NONE', #313, #2116, #955, .T. ) ;
#950 = ORIENTED_EDGE ( 'NONE', *, *, #2332, .F. ) ;
#951 = CARTESIAN_POINT ( 'NONE',  ( -18.50000000000000711, -11.99999999999999645, 4.500000000000000000 ) ) ;
#952 = EDGE_LOOP ( 'NONE', ( #2280, #815 ) ) ;
#953 = DIRECTION ( 'NONE',  ( 0.000000000000000000, 0.000000000000000000, 1.000000000000000000 ) ) ;
#954 = DIRECTION ( 'NONE',  ( -0.7071067811865441310, -0.7071067811865510144, 8.177564888977955960E-16 ) ) ;
#955 = LINE ( 'NONE', #45, #2532 ) ;
#956 = CARTESIAN_POINT ( 'NONE',  ( -16.00000000000000355, -11.99999999999999645, 4.500000000000000888 ) ) ;
#957 = AXIS2_PLACEMENT_3D ( 'NONE', #895, #1989, #1112 ) ;
#958 = EDGE_CURVE ( 'NONE', #232, #2107, #1865, .T. ) ;
#959 = VERTEX_POINT ( 'NONE', #2084 ) ;
#960 = CARTESIAN_POINT ( 'NONE',  ( 21.00000000000000711, -15.99999999999990408, 0.000000000000000000 ) ) ;
#961 = LINE ( 'NONE', #1417, #1551 ) ;
#962 = VECTOR ( 'NONE', #2791, 1000.000000000000000 ) ;
#963 = EDGE_CURVE ( 'NONE', #592, #296, #2784, .T. ) ;
#964 = VECTOR ( 'NONE', #2845, 1000.000000000000000 ) ;
#965 = EDGE_LOOP ( 'NONE', ( #2276, #2342 ) ) ;
#966 = CARTESIAN_POINT ( 'NONE',  ( 18.50000000000001421, -11.99999999999999645, 26.50000000000000000 ) ) ;
#967 = AXIS2_PLACEMENT_3D ( 'NONE', #890, #1601, #879 ) ;
#968 = EDGE_LOOP ( 'NONE', ( #856, #378 ) ) ;
#969 = ORIENTED_EDGE ( 'NONE', *, *, #548, .F. ) ;
#970 = VECTOR ( 'NONE', #2470, 1000.000000000000000 ) ;
#971 = DIRECTION ( 'NONE',  ( 0.000000000000000000, -0.000000000000000000, 1.000000000000000000 ) ) ;
#972 = DIRECTION ( 'NONE',  ( -1.000000000000000000, -0.000000000000000000, -0.000000000000000000 ) ) ;
#973 = VECTOR ( 'NONE', #2411, 1000.000000000000000 ) ;
#974 = DIRECTION ( 'NONE',  ( 1.000000000000000000, 0.000000000000000000, 0.000000000000000000 ) ) ;
#975 = CARTESIAN_POINT ( 'NONE',  ( 15.50000000000001776, 15.50000000000000711, 26.50000000000000000 ) ) ;
#976 = EDGE_LOOP ( 'NONE', ( #170, #2464, #453, #1656 ) ) ;
#977 = EDGE_LOOP ( 'NONE', ( #1615, #731, #140, #1530 ) ) ;
#978 = DIRECTION ( 'NONE',  ( -1.000000000000000000, 0.000000000000000000, -0.000000000000000000 ) ) ;
#979 = DIRECTION ( 'NONE',  ( -0.000000000000000000, -0.000000000000000000, -1.000000000000000000 ) ) ;
#980 = EDGE_CURVE ( 'NONE', #23, #1452, #450, .T. ) ;
#981 = ORIENTED_EDGE ( 'NONE', *, *, #377, .T. ) ;
#982 = LINE ( 'NONE', #720, #2668 ) ;
#983 = EDGE_CURVE ( 'NONE', #346, #1771, #219, .T. ) ;
#984 = ORIENTED_EDGE ( 'NONE', *, *, #2440, .T. ) ;
#985 = EDGE_LOOP ( 'NONE', ( #1659, #1173, #712, #1042 ) ) ;
#986 = DIRECTION ( 'NONE',  ( -1.000000000000000000, -7.105427357601001859E-15, 0.000000000000000000 ) ) ;
#987 = DIRECTION ( 'NONE',  ( 1.000000000000000000, 0.000000000000000000, 0.000000000000000000 ) ) ;
#988 = DIRECTION ( 'NONE',  ( -0.000000000000000000, 0.000000000000000000, 1.000000000000000000 ) ) ;
#989 = LINE ( 'NONE', #597, #2884 ) ;
#990 = ORIENTED_EDGE ( 'NONE', *, *, #1269, .F. ) ;
#991 = ORIENTED_EDGE ( 'NONE', *, *, #1221, .T. ) ;
#992 = DIRECTION ( 'NONE',  ( 1.000000000000000000, 0.000000000000000000, 0.000000000000000000 ) ) ;
#993 = EDGE_CURVE ( 'NONE', #141, #2764, #2020, .T. ) ;
#994 = CARTESIAN_POINT ( 'NONE',  ( 20.00000000000000000, 0.000000000000000000, 31.00000000000000000 ) ) ;
#995 = CIRCLE ( 'NONE', #1912, 1.750000000000001554 ) ;
#996 = ORIENTED_EDGE ( 'NONE', *, *, #983, .F. ) ;
#997 = DIRECTION ( 'NONE',  ( -1.000000000000000000, 0.000000000000000000, 0.000000000000000000 ) ) ;
#998 = EDGE_CURVE ( 'NONE', #2432, #2660, #1607, .T. ) ;
#1000 = ORIENTED_EDGE ( 'NONE', *, *, #2645, .F. ) ;
#999 = CC_DESIGN_PERSON_AND_ORGANIZATION_ASSIGNMENT ( #1828, #1107, ( #239 ) ) ;
#1001 = EDGE_LOOP ( 'NONE', ( #1513, #2699, #2819, #2578, #260, #1219 ) ) ;
#1002 = LINE ( 'NONE', #535, #1451 ) ;
#1003 = FACE_OUTER_BOUND ( 'NONE', #768, .T. ) ;
#1004 = ADVANCED_FACE ( 'NONE', ( #2752, #1834 ), #728, .T. ) ;
#1005 = CIRCLE ( 'NONE', #1295, 1.750000000000001554 ) ;
#1006 = DIRECTION ( 'NONE',  ( -8.260587980841936314E-17, 1.000000000000000000, -0.000000000000000000 ) ) ;
#1007 = CARTESIAN_POINT ( 'NONE',  ( 15.50000000000002132, -15.49999999999999822, 31.00000000000000000 ) ) ;
#1008 = ORIENTED_EDGE ( 'NONE', *, *, #287, .T. ) ;
#1009 = CARTESIAN_POINT ( 'NONE',  ( 12.50000000000001599, 21.00000000000000355, 23.50000000000000000 ) ) ;
#1010 = DIRECTION ( 'NONE',  ( 0.000000000000000000, 0.000000000000000000, -1.000000000000000000 ) ) ;
#1011 = ORIENTED_EDGE ( 'NONE', *, *, #2057, .T. ) ;
#1012 = CARTESIAN_POINT ( 'NONE',  ( 15.50000000000002132, -15.49999999999999822, 16.49999999999999645 ) ) ;
#1013 = AXIS2_PLACEMENT_3D ( 'NONE', #2736, #1170, #2051 ) ;
#1014 = CIRCLE ( 'NONE', #350, 1.749999999999998002 ) ;
#1015 = ORIENTED_EDGE ( 'NONE', *, *, #940, .F. ) ;
#1016 = ORIENTED_EDGE ( 'NONE', *, *, #2854, .T. ) ;
#1017 = AXIS2_PLACEMENT_3D ( 'NONE', #1458, #2600, #58 ) ;
#1018 = DIRECTION ( 'NONE',  ( -1.000000000000000000, 0.000000000000000000, -0.000000000000000000 ) ) ;
#1019 = PRODUCT_RELATED_PRODUCT_CATEGORY ( 'detail', '', ( #1291 ) ) ;
#1020 = AXIS2_PLACEMENT_3D ( 'NONE', #729, #46, #63 ) ;
#1021 = CARTESIAN_POINT ( 'NONE',  ( 15.99999999999997691, -20.99999999999999645, 0.000000000000000000 ) ) ;
#1022 = CARTESIAN_POINT ( 'NONE',  ( -12.50000000000001243, -20.99999999999999645, 26.50000000000000000 ) ) ;
#1023 = VECTOR ( 'NONE', #2585, 1000.000000000000000 ) ;
#1024 = EDGE_CURVE ( 'NONE', #1452, #2390, #285, .T. ) ;
#1025 = EDGE_LOOP ( 'NONE', ( #1000, #546, #2695, #2197, #1178, #2176 ) ) ;
#1026 = PRODUCT_DEFINITION_SHAPE ( 'NONE', 'NONE',  #209 ) ;
#1027 = DIRECTION ( 'NONE',  ( -0.000000000000000000, -0.000000000000000000, 1.000000000000000000 ) ) ;
#1028 = DIRECTION ( 'NONE',  ( -0.000000000000000000, -0.000000000000000000, -1.000000000000000000 ) ) ;
#1029 = ORIENTED_EDGE ( 'NONE', *, *, #1169, .T. ) ;
#1030 = FACE_OUTER_BOUND ( 'NONE', #117, .T. ) ;
#1031 = CARTESIAN_POINT ( 'NONE',  ( 17.25000000000001421, 15.50000000000000711, 4.499999999999997335 ) ) ;
#1032 = EDGE_LOOP ( 'NONE', ( #2139, #2834, #2788, #2227 ) ) ;
#1033 = FACE_OUTER_BOUND ( 'NONE', #1001, .T. ) ;
#1034 = APPROVAL_ROLE ( '' ) ;
#1035 = CARTESIAN_POINT ( 'NONE',  ( 7.434529182757743423E-16, 12.00000000000000355, 0.000000000000000000 ) ) ;
#1036 = DIRECTION ( 'NONE',  ( 0.000000000000000000, -0.000000000000000000, 1.000000000000000000 ) ) ;
#1037 = EDGE_CURVE ( 'NONE', #1270, #293, #1497, .T. ) ;
#1038 = ORIENTED_EDGE ( 'NONE', *, *, #487, .T. ) ;
#1039 = CARTESIAN_POINT ( 'NONE',  ( 18.50000000000001066, 18.49999999999993960, 31.00000000000000000 ) ) ;
#1040 = EDGE_CURVE ( 'NONE', #1872, #288, #2112, .T. ) ;
#1041 = CARTESIAN_POINT ( 'NONE',  ( -13.75000000000001599, -15.50000000000000000, 31.00000000000000000 ) ) ;
#1042 = ORIENTED_EDGE ( 'NONE', *, *, #776, .F. ) ;
#1043 = LINE ( 'NONE', #2251, #661 ) ;
#1044 = ADVANCED_FACE ( 'NONE', ( #460 ), #2520, .F. ) ;
#1045 = VERTEX_POINT ( 'NONE', #1151 ) ;
#1046 = EDGE_LOOP ( 'NONE', ( #1236, #1599 ) ) ;
#1047 = VECTOR ( 'NONE', #2255, 1000.000000000000000 ) ;
#1048 = APPLICATION_PROTOCOL_DEFINITION ( 'international standard', 'config_control_design', 1994, #1707 ) ;
#1049 = CARTESIAN_POINT ( 'NONE',  ( -15.50000000000001599, -15.50000000000000000, 4.500000000000000888 ) ) ;
#1050 = CARTESIAN_POINT ( 'NONE',  ( -15.50000000000001599, -15.50000000000000000, 0.000000000000000000 ) ) ;
#1051 = CIRCLE ( 'NONE', #2719, 11.50000000000000000 ) ;
#1052 = ORIENTED_EDGE ( 'NONE', *, *, #1778, .T. ) ;
#1053 = DIRECTION ( 'NONE',  ( 0.000000000000000000, 0.000000000000000000, 1.000000000000000000 ) ) ;
#1054 = CARTESIAN_POINT ( 'NONE',  ( 0.000000000000000000, 0.000000000000000000, 23.50000000000000000 ) ) ;
#1055 = VERTEX_POINT ( 'NONE', #257 ) ;
#1056 = ORIENTED_EDGE ( 'NONE', *, *, #2230, .F. ) ;
#1057 = LINE ( 'NONE', #1754, #698 ) ;
#1058 = DIRECTION ( 'NONE',  ( -0.000000000000000000, -0.000000000000000000, -1.000000000000000000 ) ) ;
#1059 = EDGE_CURVE ( 'NONE', #426, #1944, #2067, .T. ) ;
#1060 = VECTOR ( 'NONE', #436, 1000.000000000000000 ) ;
#1061 = VERTEX_POINT ( 'NONE', #475 ) ;
#1062 = ORIENTED_EDGE ( 'NONE', *, *, #2115, .F. ) ;
#1063 = VECTOR ( 'NONE', #1668, 1000.000000000000000 ) ;
#1064 = PERSON_AND_ORGANIZATION ( #1715, #2201 ) ;
#1065 = VECTOR ( 'NONE', #1674, 1000.000000000000000 ) ;
#1066 = LINE ( 'NONE', #835, #2635 ) ;
#1067 = CARTESIAN_POINT ( 'NONE',  ( -18.50000000000000000, -18.49999999999993960, 16.50000000000000000 ) ) ;
#1068 = AXIS2_PLACEMENT_3D ( 'NONE', #1558, #646, #1125 ) ;
#1069 = ORIENTED_EDGE ( 'NONE', *, *, #503, .F. ) ;
#1070 = LINE ( 'NONE', #1537, #2925 ) ;
#1071 = CIRCLE ( 'NONE', #2838, 20.00000000000000000 ) ;
#1072 = LINE ( 'NONE', #1721, #2358 ) ;
#1073 = VECTOR ( 'NONE', #1716, 1000.000000000000000 ) ;
#1074 = ORIENTED_EDGE ( 'NONE', *, *, #1280, .T. ) ;
#1075 = LINE ( 'NONE', #1709, #1333 ) ;
#1076 = CARTESIAN_POINT ( 'NONE',  ( -12.50000000000000711, 12.00000000000000355, 4.500000000000000000 ) ) ;
#1077 = EDGE_CURVE ( 'NONE', #48, #501, #1851, .T. ) ;
#1078 = VERTEX_POINT ( 'NONE', #580 ) ;
#1079 = EDGE_LOOP ( 'NONE', ( #1919, #212, #875, #1230 ) ) ;
#1080 = EDGE_CURVE ( 'NONE', #1719, #1559, #151, .T. ) ;
#1081 = DIRECTION ( 'NONE',  ( -8.260587980841936314E-17, 1.000000000000000000, -0.000000000000000000 ) ) ;
#1082 = EDGE_CURVE ( 'NONE', #2807, #2328, #1967, .T. ) ;
#1083 = CARTESIAN_POINT ( 'NONE',  ( 18.50000000000001421, -20.99999999999999645, 23.50000000000000000 ) ) ;
#1084 = ORIENTED_EDGE ( 'NONE', *, *, #1667, .T. ) ;
#1085 = FACE_BOUND ( 'NONE', #2354, .T. ) ;
#1086 = CARTESIAN_POINT ( 'NONE',  ( 18.50000000000001066, 12.00000000000000355, 23.50000000000000000 ) ) ;
#1087 = VERTEX_POINT ( 'NONE', #553 ) ;
#1088 = ORIENTED_EDGE ( 'NONE', *, *, #291, .T. ) ;
#1089 = DIRECTION ( 'NONE',  ( 0.000000000000000000, 0.000000000000000000, 1.000000000000000000 ) ) ;
#1090 = LINE ( 'NONE', #918, #442 ) ;
#1091 = FACE_OUTER_BOUND ( 'NONE', #747, .T. ) ;
#1092 = ORIENTED_EDGE ( 'NONE', *, *, #958, .F. ) ;
#1093 = EDGE_CURVE ( 'NONE', #525, #1844, #2395, .T. ) ;
#1094 = VECTOR ( 'NONE', #159, 1000.000000000000000 ) ;
#1095 = PLANE ( 'NONE',  #2728 ) ;
#1096 = DIRECTION ( 'NONE',  ( 5.782411586589356653E-16, 0.000000000000000000, 1.000000000000000000 ) ) ;
#1097 = EDGE_CURVE ( 'NONE', #1881, #2500, #2349, .T. ) ;
#1098 = ORIENTED_EDGE ( 'NONE', *, *, #2008, .F. ) ;
#1099 = CARTESIAN_POINT ( 'NONE',  ( -18.50000000000001066, 18.49999999999993250, 4.500000000000000000 ) ) ;
#1100 = LINE ( 'NONE', #1595, #2491 ) ;
#1101 = ORIENTED_EDGE ( 'NONE', *, *, #1114, .F. ) ;
#1102 = VERTEX_POINT ( 'NONE', #803 ) ;
#1103 = FACE_BOUND ( 'NONE', #1046, .T. ) ;
#1104 = CARTESIAN_POINT ( 'NONE',  ( -12.50000000000001599, 21.00000000000000355, 26.50000000000000000 ) ) ;
#1105 = CARTESIAN_POINT ( 'NONE',  ( -15.50000000000001599, -15.50000000000000000, 23.50000000000000000 ) ) ;
#1106 = VERTEX_POINT ( 'NONE', #1021 ) ;
#1107 = PERSON_AND_ORGANIZATION_ROLE ( 'classification_officer' ) ;
#1108 = CARTESIAN_POINT ( 'NONE',  ( 12.50000000000000711, 15.61249499599598956, 4.499999999999996447 ) ) ;
#1109 = AXIS2_PLACEMENT_3D ( 'NONE', #1652, #1621, #1394 ) ;
#1110 = CARTESIAN_POINT ( 'NONE',  ( -18.50000000000000711, -11.99999999999999645, 23.50000000000000000 ) ) ;
#1111 = VECTOR ( 'NONE', #364, 1000.000000000000000 ) ;
#1112 = DIRECTION ( 'NONE',  ( 1.000000000000000000, 0.000000000000000000, 0.000000000000000000 ) ) ;
#1113 = DIRECTION ( 'NONE',  ( 8.260587980841936314E-17, -1.000000000000000000, 0.000000000000000000 ) ) ;
#1114 = EDGE_CURVE ( 'NONE', #1061, #1703, #1498, .T. ) ;
#1115 = CIRCLE ( 'NONE', #155, 1.750000000000001554 ) ;
#1116 = ORIENTED_EDGE ( 'NONE', *, *, #1093, .T. ) ;
#1117 = VERTEX_POINT ( 'NONE', #1474 ) ;
#1118 = CARTESIAN_POINT ( 'NONE',  ( 18.50000000000001421, -11.99999999999999645, 26.50000000000000000 ) ) ;
#1119 = DIRECTION ( 'NONE',  ( 0.000000000000000000, 0.000000000000000000, 1.000000000000000000 ) ) ;
#1120 = VECTOR ( 'NONE', #2705, 1000.000000000000000 ) ;
#1121 = CARTESIAN_POINT ( 'NONE',  ( 18.50000000000001066, 12.00000000000000355, 23.50000000000000000 ) ) ;
#1122 = DIRECTION ( 'NONE',  ( 0.000000000000000000, 0.000000000000000000, 1.000000000000000000 ) ) ;
#1123 = CARTESIAN_POINT ( 'NONE',  ( -15.50000000000001599, -15.50000000000000000, 23.50000000000000000 ) ) ;
#1124 = CARTESIAN_POINT ( 'NONE',  ( -17.25000000000002132, 15.50000000000000533, 31.00000000000000000 ) ) ;
#1125 = DIRECTION ( 'NONE',  ( -1.000000000000000000, 0.000000000000000000, 0.000000000000000000 ) ) ;
#1126 = EDGE_CURVE ( 'NONE', #2647, #426, #2143, .T. ) ;
#1127 = EDGE_CURVE ( 'NONE', #2885, #2338, #566, .T. ) ;
#1128 = ORIENTED_EDGE ( 'NONE', *, *, #1082, .F. ) ;
#1129 = EDGE_LOOP ( 'NONE', ( #1670, #1790, #18, #1155 ) ) ;
#1130 = DIRECTION ( 'NONE',  ( -0.000000000000000000, -0.000000000000000000, 1.000000000000000000 ) ) ;
#1131 = DIRECTION ( 'NONE',  ( -1.000000000000000000, -8.260587980841940012E-17, 0.000000000000000000 ) ) ;
#1132 = EDGE_CURVE ( 'NONE', #602, #1764, #121, .T. ) ;
#1133 = DIRECTION ( 'NONE',  ( -1.156482317317871725E-15, 0.000000000000000000, -1.000000000000000000 ) ) ;
#1134 = DIRECTION ( 'NONE',  ( 0.000000000000000000, -0.000000000000000000, -1.000000000000000000 ) ) ;
#1135 = PLANE ( 'NONE',  #16 ) ;
#1136 = CARTESIAN_POINT ( 'NONE',  ( 0.000000000000000000, 0.000000000000000000, 4.499999999999996447 ) ) ;
#1137 = CIRCLE ( 'NONE', #2095, 20.00000000000000000 ) ;
#1138 = LINE ( 'NONE', #2498, #2836 ) ;
#1139 = ORIENTED_EDGE ( 'NONE', *, *, #2809, .F. ) ;
#1140 = ORIENTED_EDGE ( 'NONE', *, *, #2439, .T. ) ;
#1141 = CARTESIAN_POINT ( 'NONE',  ( -18.50000000000000000, -11.99999999999999645, 16.50000000000000000 ) ) ;
#1142 = DIRECTION ( 'NONE',  ( -1.000000000000000000, 0.000000000000000000, 0.000000000000000000 ) ) ;
#1143 = VERTEX_POINT ( 'NONE', #774 ) ;
#1144 = CARTESIAN_POINT ( 'NONE',  ( 13.75000000000001776, 15.50000000000000711, 26.50000000000000000 ) ) ;
#1145 = ADVANCED_FACE ( 'NONE', ( #1682 ), #743, .T. ) ;
#1146 = SHAPE_DEFINITION_REPRESENTATION ( #1026, #1281 ) ;
#1147 = EDGE_LOOP ( 'NONE', ( #36, #569, #1128, #2323 ) ) ;
#1148 = DIRECTION ( 'NONE',  ( 0.000000000000000000, 0.000000000000000000, 1.000000000000000000 ) ) ;
#1149 = DIRECTION ( 'NONE',  ( 1.000000000000000000, 8.260587980841940012E-17, -0.000000000000000000 ) ) ;
#1150 = VECTOR ( 'NONE', #2133, 1000.000000000000000 ) ;
#1151 = CARTESIAN_POINT ( 'NONE',  ( 12.50000000000001954, 15.61249499599600021, 23.50000000000000000 ) ) ;
#1152 = FACE_OUTER_BOUND ( 'NONE', #74, .T. ) ;
#1153 = CIRCLE ( 'NONE', #245, 1.750000000000001554 ) ;
#1154 = ORIENTED_EDGE ( 'NONE', *, *, #340, .F. ) ;
#1155 = ORIENTED_EDGE ( 'NONE', *, *, #2029, .F. ) ;
#1156 = LINE ( 'NONE', #1141, #169 ) ;
#1157 = AXIS2_PLACEMENT_3D ( 'NONE', #938, #925, #664 ) ;
#1158 = CARTESIAN_POINT ( 'NONE',  ( -21.00000000000000355, 15.99999999999991651, 0.000000000000000000 ) ) ;
#1159 = VECTOR ( 'NONE', #825, 1000.000000000000000 ) ;
#1160 = ORIENTED_EDGE ( 'NONE', *, *, #1870, .F. ) ;
#1161 = DIRECTION ( 'NONE',  ( 0.000000000000000000, 0.000000000000000000, -1.000000000000000000 ) ) ;
#1162 = CIRCLE ( 'NONE', #205, 1.749999999999999778 ) ;
#1163 = EDGE_CURVE ( 'NONE', #2841, #56, #913, .T. ) ;
#1164 = VECTOR ( 'NONE', #105, 1000.000000000000000 ) ;
#1166 = EDGE_CURVE ( 'NONE', #1771, #48, #1489, .T. ) ;
#1165 = ORIENTED_EDGE ( 'NONE', *, *, #1520, .F. ) ;
#1167 = DIRECTION ( 'NONE',  ( -1.000000000000000000, -8.260587980841936314E-17, 0.000000000000000000 ) ) ;
#1168 = LINE ( 'NONE', #2050, #1837 ) ;
#1169 = EDGE_CURVE ( 'NONE', #1195, #2500, #758, .T. ) ;
#1170 = DIRECTION ( 'NONE',  ( -0.7071067811865510144, 0.7071067811865441310, 0.000000000000000000 ) ) ;
#1171 = AXIS2_PLACEMENT_3D ( 'NONE', #499, #2074, #481 ) ;
#1172 = DIRECTION ( 'NONE',  ( -8.260587980841936314E-17, 1.000000000000000000, -0.000000000000000000 ) ) ;
#1173 = ORIENTED_EDGE ( 'NONE', *, *, #462, .T. ) ;
#1174 = ORIENTED_EDGE ( 'NONE', *, *, #1846, .F. ) ;
#1175 = ORIENTED_EDGE ( 'NONE', *, *, #238, .F. ) ;
#1176 = CARTESIAN_POINT ( 'NONE',  ( 17.25000000000001421, 15.50000000000000711, 16.49999999999999289 ) ) ;
#1177 = CARTESIAN_POINT ( 'NONE',  ( -11.50000000000000000, 0.000000000000000000, 31.00000000000000000 ) ) ;
#1178 = ORIENTED_EDGE ( 'NONE', *, *, #2012, .T. ) ;
#1179 = DIRECTION ( 'NONE',  ( -1.000000000000000000, 0.000000000000000000, 0.000000000000000000 ) ) ;
#1180 = ORIENTED_EDGE ( 'NONE', *, *, #558, .F. ) ;
#1181 = FACE_OUTER_BOUND ( 'NONE', #687, .T. ) ;
#1182 = DIRECTION ( 'NONE',  ( 1.000000000000000000, 0.000000000000000000, 0.000000000000000000 ) ) ;
#1183 = EDGE_CURVE ( 'NONE', #2673, #2108, #1954, .T. ) ;
#1184 = DIRECTION ( 'NONE',  ( 1.000000000000000000, 0.000000000000000000, 0.000000000000000000 ) ) ;
#1185 = LINE ( 'NONE', #2099, #1789 ) ;
#1186 = EDGE_CURVE ( 'NONE', #1045, #2848, #1731, .T. ) ;
#1187 = ORIENTED_EDGE ( 'NONE', *, *, #1186, .F. ) ;
#1188 = AXIS2_PLACEMENT_3D ( 'NONE', #278, #1161, #1179 ) ;
#1189 = VERTEX_POINT ( 'NONE', #133 ) ;
#1190 = EDGE_LOOP ( 'NONE', ( #1629, #2054, #876, #250 ) ) ;
#1191 = PLANE ( 'NONE',  #1588 ) ;
#1192 = CARTESIAN_POINT ( 'NONE',  ( 18.50000000000001421, -11.99999999999999645, 26.50000000000000000 ) ) ;
#1193 = ORIENTED_EDGE ( 'NONE', *, *, #2295, .F. ) ;
#1194 = DIRECTION ( 'NONE',  ( -0.000000000000000000, -0.000000000000000000, -1.000000000000000000 ) ) ;
#1195 = VERTEX_POINT ( 'NONE', #335 ) ;
#1196 = ORIENTED_EDGE ( 'NONE', *, *, #615, .F. ) ;
#1197 = DIRECTION ( 'NONE',  ( 0.000000000000000000, 0.000000000000000000, 1.000000000000000000 ) ) ;
#1198 = LINE ( 'NONE', #1365, #587 ) ;
#1199 = DIRECTION ( 'NONE',  ( 0.000000000000000000, 0.000000000000000000, 1.000000000000000000 ) ) ;
#1200 = DIRECTION ( 'NONE',  ( 1.000000000000000000, -0.000000000000000000, -1.156482317317871331E-15 ) ) ;
#1201 = AXIS2_PLACEMENT_3D ( 'NONE', #2088, #2526, #2324 ) ;
#1202 = ORIENTED_EDGE ( 'NONE', *, *, #469, .F. ) ;
#1203 = DIRECTION ( 'NONE',  ( 0.000000000000000000, 0.000000000000000000, -1.000000000000000000 ) ) ;
#1204 = EDGE_CURVE ( 'NONE', #605, #454, #2570, .T. ) ;
#1205 = DIRECTION ( 'NONE',  ( -1.000000000000000000, 0.000000000000000000, 0.000000000000000000 ) ) ;
#1206 = VECTOR ( 'NONE', #1910, 1000.000000000000000 ) ;
#1207 = VECTOR ( 'NONE', #2547, 1000.000000000000000 ) ;
#1208 = EDGE_LOOP ( 'NONE', ( #2222, #2545, #1995, #2891 ) ) ;
#1209 = DIRECTION ( 'NONE',  ( 1.000000000000000000, -0.000000000000000000, -0.000000000000000000 ) ) ;
#1210 = CIRCLE ( 'NONE', #1693, 20.00000000000000000 ) ;
#1211 = ORIENTED_EDGE ( 'NONE', *, *, #2958, .T. ) ;
#1212 = EDGE_LOOP ( 'NONE', ( #2161, #158, #2852, #2558, #746, #2, #2723, #2912, #128, #572, #2456, #164 ) ) ;
#1213 = AXIS2_PLACEMENT_3D ( 'NONE', #1050, #1748, #2818 ) ;
#1214 = CARTESIAN_POINT ( 'NONE',  ( -13.75000000000001599, -15.50000000000000000, 4.500000000000000888 ) ) ;
#1215 = DIRECTION ( 'NONE',  ( -1.000000000000000000, 0.000000000000000000, 1.156482317317871331E-15 ) ) ;
#1216 = AXIS2_PLACEMENT_3D ( 'NONE', #2814, #2628, #577 ) ;
#1217 = DIRECTION ( 'NONE',  ( -1.000000000000000000, 0.000000000000000000, 0.000000000000000000 ) ) ;
#1218 = DIRECTION ( 'NONE',  ( -8.260587980841936314E-17, 1.000000000000000000, 0.000000000000000000 ) ) ;
#1219 = ORIENTED_EDGE ( 'NONE', *, *, #1406, .T. ) ;
#1220 = ORIENTED_EDGE ( 'NONE', *, *, #1710, .F. ) ;
#1221 = EDGE_CURVE ( 'NONE', #472, #1078, #1717, .T. ) ;
#1222 = LINE ( 'NONE', #1039, #2486 ) ;
#1223 = LINE ( 'NONE', #2774, #2489 ) ;
#1224 = EDGE_CURVE ( 'NONE', #658, #799, #78, .T. ) ;
#1225 = VERTEX_POINT ( 'NONE', #1461 ) ;
#1226 = FACE_OUTER_BOUND ( 'NONE', #1328, .T. ) ;
#1227 = AXIS2_PLACEMENT_3D ( 'NONE', #2018, #1542, #858 ) ;
#1228 = EDGE_CURVE ( 'NONE', #602, #2107, #2256, .T. ) ;
#1229 = VECTOR ( 'NONE', #455, 1000.000000000000000 ) ;
#1230 = ORIENTED_EDGE ( 'NONE', *, *, #2681, .F. ) ;
#1231 = ORIENTED_EDGE ( 'NONE', *, *, #2195, .F. ) ;
#1232 = DIRECTION ( 'NONE',  ( -1.000000000000000000, 0.000000000000000000, 0.000000000000000000 ) ) ;
#1233 = CARTESIAN_POINT ( 'NONE',  ( 12.50000000000001066, -20.99999999999999645, 4.499999999999996447 ) ) ;
#1234 = DIRECTION ( 'NONE',  ( -0.7071067811865439090, -0.7071067811865512365, -0.000000000000000000 ) ) ;
#1235 = DIRECTION ( 'NONE',  ( -1.000000000000000000, 0.000000000000000000, 0.000000000000000000 ) ) ;
#1236 = ORIENTED_EDGE ( 'NONE', *, *, #2832, .T. ) ;
#1237 = VERTEX_POINT ( 'NONE', #2217 ) ;
#1238 = FACE_OUTER_BOUND ( 'NONE', #976, .T. ) ;
#1239 = PLANE ( 'NONE',  #112 ) ;
#1240 = CIRCLE ( 'NONE', #1723, 1.749999999999999778 ) ;
#1241 = VERTEX_POINT ( 'NONE', #2466 ) ;
#1242 = CARTESIAN_POINT ( 'NONE',  ( 12.50000000000000711, 15.61249499599598956, 2.000000000000000000 ) ) ;
#1243 = VERTEX_POINT ( 'NONE', #849 ) ;
#1244 = EDGE_LOOP ( 'NONE', ( #1463, #2355 ) ) ;
#1245 = FACE_OUTER_BOUND ( 'NONE', #1259, .T. ) ;
#1246 = EDGE_CURVE ( 'NONE', #525, #1521, #167, .T. ) ;
#1247 = CARTESIAN_POINT ( 'NONE',  ( -18.50000000000000711, -18.49999999999993250, 4.499999999999996447 ) ) ;
#1248 = LINE ( 'NONE', #2394, #1460 ) ;
#1249 = DIRECTION ( 'NONE',  ( 1.000000000000000000, 0.000000000000000000, 0.000000000000000000 ) ) ;
#1250 = DIRECTION ( 'NONE',  ( -0.000000000000000000, -0.000000000000000000, -1.000000000000000000 ) ) ;
#1251 = ORIENTED_EDGE ( 'NONE', *, *, #2151, .F. ) ;
#1252 = ORIENTED_EDGE ( 'NONE', *, *, #2096, .T. ) ;
#1253 = CARTESIAN_POINT ( 'NONE',  ( -16.00000000000000355, -11.99999999999999645, 26.50000000000000000 ) ) ;
#1254 = CARTESIAN_POINT ( 'NONE',  ( 0.000000000000000000, 0.000000000000000000, 4.500000000000000000 ) ) ;
#1255 = VERTEX_POINT ( 'NONE', #2421 ) ;
#1256 = LINE ( 'NONE', #2657, #1377 ) ;
#1257 = VECTOR ( 'NONE', #941, 1000.000000000000000 ) ;
#1258 = CIRCLE ( 'NONE', #1931, 1.749999999999998002 ) ;
#1259 = EDGE_LOOP ( 'NONE', ( #2670, #1536, #2315, #2365 ) ) ;
#1260 = ORIENTED_EDGE ( 'NONE', *, *, #1097, .T. ) ;
#1261 = ADVANCED_FACE ( 'NONE', ( #1565 ), #1336, .F. ) ;
#1262 = AXIS2_PLACEMENT_3D ( 'NONE', #243, #2575, #528 ) ;
#1263 = CARTESIAN_POINT ( 'NONE',  ( -15.50000000000002132, 15.50000000000000533, 16.50000000000000000 ) ) ;
#1264 = EDGE_CURVE ( 'NONE', #1640, #1117, #180, .T. ) ;
#1265 = CIRCLE ( 'NONE', #2305, 20.00000000000000000 ) ;
#1266 = CARTESIAN_POINT ( 'NONE',  ( 0.000000000000000000, 0.000000000000000000, 31.00000000000000000 ) ) ;
#1267 = DIRECTION ( 'NONE',  ( 0.000000000000000000, 1.000000000000000000, 0.000000000000000000 ) ) ;
#1268 = VECTOR ( 'NONE', #2858, 1000.000000000000000 ) ;
#1269 = EDGE_CURVE ( 'NONE', #1847, #2673, #1747, .T. ) ;
#1270 = VERTEX_POINT ( 'NONE', #1804 ) ;
#1271 = DIRECTION ( 'NONE',  ( -0.000000000000000000, 0.000000000000000000, -1.000000000000000000 ) ) ;
#1272 = CARTESIAN_POINT ( 'NONE',  ( -12.50000000000001599, 12.00000000000000355, 23.50000000000000000 ) ) ;
#1273 = VERTEX_POINT ( 'NONE', #2677 ) ;
#1274 = DIRECTION ( 'NONE',  ( -1.445602896647339163E-16, -0.000000000000000000, -1.000000000000000000 ) ) ;
#1275 = ORIENTED_EDGE ( 'NONE', *, *, #503, .T. ) ;
#1276 = ORIENTED_EDGE ( 'NONE', *, *, #702, .T. ) ;
#1277 = CARTESIAN_POINT ( 'NONE',  ( 17.25000000000001421, 15.50000000000000711, 31.00000000000000000 ) ) ;
#1278 = DIRECTION ( 'NONE',  ( 0.000000000000000000, 0.000000000000000000, -1.000000000000000000 ) ) ;
#1279 = DIRECTION ( 'NONE',  ( 8.260587980841936314E-17, -1.000000000000000000, 0.000000000000000000 ) ) ;
#1280 = EDGE_CURVE ( 'NONE', #232, #261, #1306, .T. ) ;
#1281 = ADVANCED_BREP_SHAPE_REPRESENTATION ( '케이지', ( #1711, #2920 ), #1733 ) ;
#1282 = VERTEX_POINT ( 'NONE', #1578 ) ;
#1283 = FACE_BOUND ( 'NONE', #2572, .T. ) ;
#1284 = LINE ( 'NONE', #1736, #2260 ) ;
#1285 = EDGE_CURVE ( 'NONE', #241, #2375, #1352, .T. ) ;
#1286 = EDGE_LOOP ( 'NONE', ( #1389, #1516, #2170, #1174 ) ) ;
#1287 = LINE ( 'NONE', #1949, #564 ) ;
#1288 = ORIENTED_EDGE ( 'NONE', *, *, #197, .T. ) ;
#1289 = ORIENTED_EDGE ( 'NONE', *, *, #1500, .F. ) ;
#1290 = AXIS2_PLACEMENT_3D ( 'NONE', #951, #1660, #2343 ) ;
#1291 = PRODUCT ( '케이지', '케이지', '', ( #1550 ) ) ;
#1292 = DATE_AND_TIME ( #2420, #909 ) ;
#1293 = CARTESIAN_POINT ( 'NONE',  ( -15.50000000000001599, -15.50000000000000000, 31.00000000000000000 ) ) ;
#1294 = FACE_OUTER_BOUND ( 'NONE', #1380, .T. ) ;
#1295 = AXIS2_PLACEMENT_3D ( 'NONE', #2484, #2460, #2473 ) ;
#1296 = ORIENTED_EDGE ( 'NONE', *, *, #1609, .T. ) ;
#1297 = CYLINDRICAL_SURFACE ( 'NONE', #2254, 1.750000000000001554 ) ;
#1298 = DIRECTION ( 'NONE',  ( -0.000000000000000000, 0.000000000000000000, 1.000000000000000000 ) ) ;
#1299 = EDGE_CURVE ( 'NONE', #1808, #606, #1258, .T. ) ;
#1300 = VERTEX_POINT ( 'NONE', #1108 ) ;
#1301 = CARTESIAN_POINT ( 'NONE',  ( 18.50000000000001066, 12.00000000000000355, 23.50000000000000000 ) ) ;
#1302 = CYLINDRICAL_SURFACE ( 'NONE', #721, 1.749999999999999778 ) ;
#1303 = AXIS2_PLACEMENT_3D ( 'NONE', #1735, #1720, #368 ) ;
#1304 = VERTEX_POINT ( 'NONE', #433 ) ;
#1305 = EDGE_LOOP ( 'NONE', ( #2576, #2117, #177, #1260 ) ) ;
#1306 = CIRCLE ( 'NONE', #2639, 20.00000000000000000 ) ;
#1307 = COORDINATED_UNIVERSAL_TIME_OFFSET ( 9, 0, .AHEAD. ) ;
#1308 = LINE ( 'NONE', #883, #2164 ) ;
#1309 = CARTESIAN_POINT ( 'NONE',  ( -18.50000000000001066, 12.00000000000000355, 4.500000000000000000 ) ) ;
#1310 = ORIENTED_EDGE ( 'NONE', *, *, #269, .F. ) ;
#1311 = DIRECTION ( 'NONE',  ( -0.000000000000000000, -0.000000000000000000, -1.000000000000000000 ) ) ;
#1312 = CARTESIAN_POINT ( 'NONE',  ( -15.99999999999999645, 12.00000000000000355, 4.500000000000000000 ) ) ;
#1313 = CIRCLE ( 'NONE', #2887, 1.749999999999999778 ) ;
#1314 = ADVANCED_FACE ( 'NONE', ( #819, #2434 ), #1095, .F. ) ;
#1315 = ORIENTED_EDGE ( 'NONE', *, *, #431, .T. ) ;
#1316 = VERTEX_POINT ( 'NONE', #865 ) ;
#1317 = CARTESIAN_POINT ( 'NONE',  ( 7.434529182757743423E-16, 12.00000000000000355, 0.000000000000000000 ) ) ;
#1318 = DIRECTION ( 'NONE',  ( 1.000000000000000000, 0.000000000000000000, 0.000000000000000000 ) ) ;
#1319 = ADVANCED_FACE ( 'NONE', ( #1348, #192 ), #2452, .T. ) ;
#1320 = DIRECTION ( 'NONE',  ( -0.000000000000000000, -0.000000000000000000, -1.000000000000000000 ) ) ;
#1321 = ORIENTED_EDGE ( 'NONE', *, *, #2665, .F. ) ;
#1322 = EDGE_CURVE ( 'NONE', #261, #602, #2229, .T. ) ;
#1323 = DIRECTION ( 'NONE',  ( 0.000000000000000000, 0.000000000000000000, -1.000000000000000000 ) ) ;
#1324 = DIRECTION ( 'NONE',  ( -8.260587980841936314E-17, 1.000000000000000000, 0.000000000000000000 ) ) ;
#1325 = VERTEX_POINT ( 'NONE', #2025 ) ;
#1326 = DIRECTION ( 'NONE',  ( -0.000000000000000000, -0.000000000000000000, -1.000000000000000000 ) ) ;
#1327 = DIRECTION ( 'NONE',  ( -0.7071067811865510144, 0.7071067811865441310, -0.000000000000000000 ) ) ;
#1328 = EDGE_LOOP ( 'NONE', ( #1038, #915, #1, #1950 ) ) ;
#1329 = CARTESIAN_POINT ( 'NONE',  ( 15.50000000000002132, -15.49999999999999822, 31.00000000000000000 ) ) ;
#1330 = LINE ( 'NONE', #4, #1642 ) ;
#1331 = CARTESIAN_POINT ( 'NONE',  ( 18.50000000000001421, -11.99999999999999645, 23.50000000000000000 ) ) ;
#1332 = EDGE_LOOP ( 'NONE', ( #796, #2214, #1606, #706 ) ) ;
#1333 = VECTOR ( 'NONE', #1274, 1000.000000000000000 ) ;
#1334 = APPROVAL_DATE_TIME ( #1346, #2698 ) ;
#1335 = EDGE_CURVE ( 'NONE', #563, #1061, #1066, .T. ) ;
#1336 = CYLINDRICAL_SURFACE ( 'NONE', #1831, 1.749999999999999778 ) ;
#1337 = DIRECTION ( 'NONE',  ( -0.000000000000000000, 0.000000000000000000, -1.000000000000000000 ) ) ;
#1338 = CARTESIAN_POINT ( 'NONE',  ( 21.00000000000000711, -15.99999999999991651, 0.000000000000000000 ) ) ;
#1339 = CARTESIAN_POINT ( 'NONE',  ( -15.50000000000002132, 15.50000000000000533, 0.000000000000000000 ) ) ;
#1340 = ORIENTED_EDGE ( 'NONE', *, *, #2157, .F. ) ;
#1341 = DIRECTION ( 'NONE',  ( 8.260587980841936314E-17, -1.000000000000000000, 0.000000000000000000 ) ) ;
#1342 = FACE_BOUND ( 'NONE', #952, .T. ) ;
#1343 = DIRECTION ( 'NONE',  ( -1.000000000000000000, 0.000000000000000000, 0.000000000000000000 ) ) ;
#1344 = ORIENTED_EDGE ( 'NONE', *, *, #1921, .F. ) ;
#1345 = VECTOR ( 'NONE', #1366, 1000.000000000000000 ) ;
#1346 = DATE_AND_TIME ( #2935, #2963 ) ;
#1347 = EDGE_CURVE ( 'NONE', #261, #2166, #1308, .T. ) ;
#1348 = FACE_BOUND ( 'NONE', #2264, .T. ) ;
#1349 = AXIS2_PLACEMENT_3D ( 'NONE', #1985, #2889, #2959 ) ;
#1350 = DIRECTION ( 'NONE',  ( 0.000000000000000000, 0.000000000000000000, -1.000000000000000000 ) ) ;
#1351 = EDGE_CURVE ( 'NONE', #1951, #47, #767, .T. ) ;
#1352 = CIRCLE ( 'NONE', #484, 1.749999999999999778 ) ;
#1353 = CARTESIAN_POINT ( 'NONE',  ( 18.50000000000001421, -11.99999999999999645, 4.499999999999996447 ) ) ;
#1354 = DIRECTION ( 'NONE',  ( -1.000000000000000000, -8.260587980841936314E-17, 1.445602896647339163E-16 ) ) ;
#1355 = CIRCLE ( 'NONE', #1401, 20.00000000000000000 ) ;
#1356 = ADVANCED_FACE ( 'NONE', ( #206 ), #1552, .T. ) ;
#1357 = AXIS2_PLACEMENT_3D ( 'NONE', #271, #2321, #1218 ) ;
#1358 = ORIENTED_EDGE ( 'NONE', *, *, #1974, .T. ) ;
#1359 = EDGE_LOOP ( 'NONE', ( #2179, #163 ) ) ;
#1360 = LINE ( 'NONE', #672, #1824 ) ;
#1361 = DIRECTION ( 'NONE',  ( 1.000000000000000000, 0.000000000000000000, 0.000000000000000000 ) ) ;
#1362 = VECTOR ( 'NONE', #1986, 1000.000000000000000 ) ;
#1363 = DIRECTION ( 'NONE',  ( -0.000000000000000000, -0.000000000000000000, -1.000000000000000000 ) ) ;
#1364 = FACE_BOUND ( 'NONE', #1467, .T. ) ;
#1365 = CARTESIAN_POINT ( 'NONE',  ( -18.50000000000001066, 12.00000000000000355, 4.500000000000000000 ) ) ;
#1366 = DIRECTION ( 'NONE',  ( -1.000000000000000000, -0.000000000000000000, -0.000000000000000000 ) ) ;
#1367 = DIRECTION ( 'NONE',  ( 5.782411586589356653E-16, 0.000000000000000000, 1.000000000000000000 ) ) ;
#1368 = VERTEX_POINT ( 'NONE', #906 ) ;
#1369 = ORIENTED_EDGE ( 'NONE', *, *, #713, .F. ) ;
#1370 = FACE_OUTER_BOUND ( 'NONE', #1418, .T. ) ;
#1371 = EDGE_CURVE ( 'NONE', #837, #2870, #817, .T. ) ;
#1372 = PLANE ( 'NONE',  #967 ) ;
#1373 = DIRECTION ( 'NONE',  ( 0.7071067811865510144, -0.7071067811865441310, 0.000000000000000000 ) ) ;
#1374 = ORIENTED_EDGE ( 'NONE', *, *, #685, .F. ) ;
#1375 = CARTESIAN_POINT ( 'NONE',  ( 18.50000000000001421, -11.99999999999999645, 23.50000000000000000 ) ) ;
#1376 = FACE_OUTER_BOUND ( 'NONE', #977, .T. ) ;
#1377 = VECTOR ( 'NONE', #2867, 1000.000000000000000 ) ;
#1378 = CARTESIAN_POINT ( 'NONE',  ( -15.50000000000002132, 15.50000000000000533, 31.00000000000000000 ) ) ;
#1379 = CARTESIAN_POINT ( 'NONE',  ( 12.50000000000001066, -11.99999999999999645, 4.499999999999996447 ) ) ;
#1380 = EDGE_LOOP ( 'NONE', ( #2790, #2419, #1894, #2708 ) ) ;
#1381 = ORIENTED_EDGE ( 'NONE', *, *, #2525, .T. ) ;
#1382 = EDGE_CURVE ( 'NONE', #828, #2564, #2875, .T. ) ;
#1383 = DIRECTION ( 'NONE',  ( -0.7071067811865510144, 0.7071067811865441310, -0.000000000000000000 ) ) ;
#1384 = CARTESIAN_POINT ( 'NONE',  ( 13.75000000000002132, -15.49999999999999822, 26.50000000000000000 ) ) ;
#1385 = ADVANCED_FACE ( 'NONE', ( #2299 ), #2049, .F. ) ;
#1386 = ORIENTED_EDGE ( 'NONE', *, *, #310, .F. ) ;
#1387 = DIRECTION ( 'NONE',  ( -1.000000000000000000, 0.000000000000000000, 0.000000000000000000 ) ) ;
#1388 = EDGE_CURVE ( 'NONE', #605, #1567, #693, .T. ) ;
#1389 = ORIENTED_EDGE ( 'NONE', *, *, #1947, .F. ) ;
#1390 = CARTESIAN_POINT ( 'NONE',  ( -12.50000000000000178, -11.99999999999999645, 16.50000000000000000 ) ) ;
#1391 = CARTESIAN_POINT ( 'NONE',  ( 0.000000000000000000, 0.000000000000000000, 2.000000000000001776 ) ) ;
#1392 = LOCAL_TIME ( 23, 14, 57.00000000000000000, #802 ) ;
#1393 = VECTOR ( 'NONE', #928, 1000.000000000000000 ) ;
#1394 = DIRECTION ( 'NONE',  ( 1.000000000000000000, 0.000000000000000000, -0.000000000000000000 ) ) ;
#1395 = CARTESIAN_POINT ( 'NONE',  ( -18.50000000000001066, 12.00000000000000355, 26.50000000000000000 ) ) ;
#1396 = VECTOR ( 'NONE', #1148, 1000.000000000000000 ) ;
#1397 = ORIENTED_EDGE ( 'NONE', *, *, #1562, .T. ) ;
#1398 = EDGE_LOOP ( 'NONE', ( #686, #1654, #1251, #1187 ) ) ;
#1399 = ORIENTED_EDGE ( 'NONE', *, *, #1246, .F. ) ;
#1400 = DIRECTION ( 'NONE',  ( -0.000000000000000000, 0.000000000000000000, 1.000000000000000000 ) ) ;
#1401 = AXIS2_PLACEMENT_3D ( 'NONE', #1618, #725, #448 ) ;
#1402 = FACE_OUTER_BOUND ( 'NONE', #1398, .T. ) ;
#1403 = AXIS2_PLACEMENT_3D ( 'NONE', #1946, #1298, #2387 ) ;
#1404 = ORIENTED_EDGE ( 'NONE', *, *, #127, .F. ) ;
#1405 = DIRECTION ( 'NONE',  ( -1.445602896647339163E-16, -0.000000000000000000, -1.000000000000000000 ) ) ;
#1406 = EDGE_CURVE ( 'NONE', #787, #2793, #2330, .T. ) ;
#1407 = VECTOR ( 'NONE', #2519, 1000.000000000000000 ) ;
#1408 = ORIENTED_EDGE ( 'NONE', *, *, #2582, .T. ) ;
#1409 = LINE ( 'NONE', #2080, #718 ) ;
#1410 = EDGE_CURVE ( 'NONE', #1243, #413, #1153, .T. ) ;
#1411 = CARTESIAN_POINT ( 'NONE',  ( -15.50000000000001599, -15.50000000000000000, 31.00000000000000000 ) ) ;
#1412 = FACE_OUTER_BOUND ( 'NONE', #2747, .T. ) ;
#1413 = PLANE ( 'NONE',  #1357 ) ;
#1414 = ORIENTED_EDGE ( 'NONE', *, *, #2586, .T. ) ;
#1415 = ORIENTED_EDGE ( 'NONE', *, *, #2263, .F. ) ;
#1416 = DIRECTION ( 'NONE',  ( 0.000000000000000000, 0.000000000000000000, 1.000000000000000000 ) ) ;
#1417 = CARTESIAN_POINT ( 'NONE',  ( -17.25000000000002132, 15.50000000000000533, 31.00000000000000000 ) ) ;
#1418 = EDGE_LOOP ( 'NONE', ( #616, #152, #1624, #1695 ) ) ;
#1419 = LINE ( 'NONE', #2362, #1815 ) ;
#1420 = ORIENTED_EDGE ( 'NONE', *, *, #2374, .T. ) ;
#1421 = VERTEX_POINT ( 'NONE', #43 ) ;
#1422 = DIRECTION ( 'NONE',  ( 8.260587980841936314E-17, -1.000000000000000000, 0.000000000000000000 ) ) ;
#1423 = CARTESIAN_POINT ( 'NONE',  ( 21.00000000000000711, -15.99999999999990408, 31.00000000000000000 ) ) ;
#1424 = ADVANCED_FACE ( 'NONE', ( #1364, #1181 ), #680, .F. ) ;
#1425 = CARTESIAN_POINT ( 'NONE',  ( 18.50000000000001066, 12.00000000000000355, 23.50000000000000000 ) ) ;
#1426 = CARTESIAN_POINT ( 'NONE',  ( -12.50000000000001599, 12.00000000000000355, 23.50000000000000000 ) ) ;
#1427 = VERTEX_POINT ( 'NONE', #2505 ) ;
#1428 = AXIS2_PLACEMENT_3D ( 'NONE', #1860, #2577, #502 ) ;
#1429 = ORIENTED_EDGE ( 'NONE', *, *, #1543, .F. ) ;
#1430 = CARTESIAN_POINT ( 'NONE',  ( 18.50000000000001421, -11.99999999999999645, 23.50000000000000000 ) ) ;
#1431 = CYLINDRICAL_SURFACE ( 'NONE', #1262, 1.749999999999999778 ) ;
#1432 = AXIS2_PLACEMENT_3D ( 'NONE', #1118, #1560, #200 ) ;
#1433 = EDGE_LOOP ( 'NONE', ( #1486, #319 ) ) ;
#1434 = CARTESIAN_POINT ( 'NONE',  ( -18.50000000000000355, 12.00000000000000355, 16.50000000000000000 ) ) ;
#1435 = ORIENTED_EDGE ( 'NONE', *, *, #1705, .F. ) ;
#1436 = ORIENTED_EDGE ( 'NONE', *, *, #1884, .F. ) ;
#1437 = DIRECTION ( 'NONE',  ( 1.000000000000000000, 0.000000000000000000, -1.156482317317871331E-15 ) ) ;
#1438 = DIRECTION ( 'NONE',  ( 0.000000000000000000, 0.000000000000000000, -1.000000000000000000 ) ) ;
#1439 = EDGE_CURVE ( 'NONE', #2307, #131, #1014, .T. ) ;
#1440 = CARTESIAN_POINT ( 'NONE',  ( -15.99999999999991296, -21.00000000000000000, 31.00000000000000000 ) ) ;
#1441 = LOCAL_TIME ( 23, 14, 57.00000000000000000, #1532 ) ;
#1442 = DIRECTION ( 'NONE',  ( 0.000000000000000000, 0.000000000000000000, 1.000000000000000000 ) ) ;
#1443 = CC_DESIGN_PERSON_AND_ORGANIZATION_ASSIGNMENT ( #1064, #833, ( #209 ) ) ;
#1444 = VECTOR ( 'NONE', #2950, 1000.000000000000000 ) ;
#1445 = ORIENTED_EDGE ( 'NONE', *, *, #161, .T. ) ;
#1446 = EDGE_LOOP ( 'NONE', ( #26, #1948, #1056, #2900 ) ) ;
#1447 = DIRECTION ( 'NONE',  ( -8.260587980841936314E-17, 1.000000000000000000, -0.000000000000000000 ) ) ;
#1448 = CARTESIAN_POINT ( 'NONE',  ( 15.99999999999991651, 21.00000000000000355, 0.000000000000000000 ) ) ;
#1449 = ADVANCED_FACE ( 'NONE', ( #1632 ), #458, .T. ) ;
#1450 = VECTOR ( 'NONE', #1998, 1000.000000000000000 ) ;
#1451 = VECTOR ( 'NONE', #76, 1000.000000000000000 ) ;
#1452 = VERTEX_POINT ( 'NONE', #2317 ) ;
#1453 = CARTESIAN_POINT ( 'NONE',  ( -15.99999999999999645, 12.00000000000000355, 16.50000000000000000 ) ) ;
#1454 = AXIS2_PLACEMENT_3D ( 'NONE', #896, #425, #196 ) ;
#1455 = ORIENTED_EDGE ( 'NONE', *, *, #2554, .T. ) ;
#1456 = ORIENTED_EDGE ( 'NONE', *, *, #1077, .F. ) ;
#1457 = VECTOR ( 'NONE', #1925, 1000.000000000000000 ) ;
#1458 = CARTESIAN_POINT ( 'NONE',  ( 7.434529182757743423E-16, 12.00000000000000355, 0.000000000000000000 ) ) ;
#1459 = CARTESIAN_POINT ( 'NONE',  ( 18.50000000000001421, -11.99999999999999645, 16.49999999999999289 ) ) ;
#1460 = VECTOR ( 'NONE', #334, 1000.000000000000000 ) ;
#1461 = CARTESIAN_POINT ( 'NONE',  ( 17.25000000000002132, -15.49999999999999822, 0.000000000000000000 ) ) ;
#1462 = CARTESIAN_POINT ( 'NONE',  ( 15.99999999999997691, -20.99999999999999645, 31.00000000000000000 ) ) ;
#1463 = ORIENTED_EDGE ( 'NONE', *, *, #1974, .F. ) ;
#1464 = CARTESIAN_POINT ( 'NONE',  ( -15.99999999999991296, -21.00000000000000000, 31.00000000000000000 ) ) ;
#1465 = DIRECTION ( 'NONE',  ( 0.000000000000000000, -0.000000000000000000, -1.000000000000000000 ) ) ;
#1466 = ADVANCED_FACE ( 'NONE', ( #893 ), #2038, .F. ) ;
#1467 = EDGE_LOOP ( 'NONE', ( #2379, #1712 ) ) ;
#1468 = CARTESIAN_POINT ( 'NONE',  ( -18.50000000000000711, -11.99999999999999645, 23.50000000000000000 ) ) ;
#1469 = AXIS2_PLACEMENT_3D ( 'NONE', #1317, #877, #2055 ) ;
#1470 = ORIENTED_EDGE ( 'NONE', *, *, #943, .F. ) ;
#1471 = ORIENTED_EDGE ( 'NONE', *, *, #1850, .T. ) ;
#1472 = CARTESIAN_POINT ( 'NONE',  ( -18.50000000000001066, 21.00000000000000355, 23.50000000000000000 ) ) ;
#1473 = DIRECTION ( 'NONE',  ( 0.7071067811865441310, 0.7071067811865510144, -0.000000000000000000 ) ) ;
#1474 = CARTESIAN_POINT ( 'NONE',  ( -18.50000000000000711, -18.49999999999993250, 23.50000000000000000 ) ) ;
#1475 = FACE_OUTER_BOUND ( 'NONE', #274, .T. ) ;
#1476 = ORIENTED_EDGE ( 'NONE', *, *, #2186, .T. ) ;
#1477 = CYLINDRICAL_SURFACE ( 'NONE', #765, 1.749999999999999778 ) ;
#1478 = PLANE ( 'NONE',  #1403 ) ;
#1479 = ORIENTED_EDGE ( 'NONE', *, *, #1795, .T. ) ;
#1480 = CIRCLE ( 'NONE', #184, 1.749999999999999778 ) ;
#1481 = EDGE_CURVE ( 'NONE', #48, #1106, #1409, .T. ) ;
#1482 = ORIENTED_EDGE ( 'NONE', *, *, #2569, .F. ) ;
#1483 = CYLINDRICAL_SURFACE ( 'NONE', #2763, 1.749999999999999778 ) ;
#1484 = EDGE_CURVE ( 'NONE', #1640, #887, #473, .T. ) ;
#1485 = ORIENTED_EDGE ( 'NONE', *, *, #1535, .F. ) ;
#1486 = ORIENTED_EDGE ( 'NONE', *, *, #2377, .F. ) ;
#1487 = CARTESIAN_POINT ( 'NONE',  ( -18.50000000000000000, -11.99999999999999645, 16.50000000000000000 ) ) ;
#1488 = ADVANCED_FACE ( 'NONE', ( #2093 ), #2062, .F. ) ;
#1489 = LINE ( 'NONE', #2817, #2300 ) ;
#1490 = CARTESIAN_POINT ( 'NONE',  ( 12.50000000000002665, -11.99999999999999645, 26.50000000000000000 ) ) ;
#1491 = ORIENTED_EDGE ( 'NONE', *, *, #50, .F. ) ;
#1492 = DIRECTION ( 'NONE',  ( -1.000000000000000000, 0.000000000000000000, 0.000000000000000000 ) ) ;
#1493 = EDGE_CURVE ( 'NONE', #2375, #241, #2400, .T. ) ;
#1494 = LINE ( 'NONE', #1777, #13 ) ;
#1495 = ORIENTED_EDGE ( 'NONE', *, *, #2854, .F. ) ;
#1496 = CARTESIAN_POINT ( 'NONE',  ( -13.75000000000002132, 15.50000000000000533, 4.500000000000000888 ) ) ;
#1497 = CIRCLE ( 'NONE', #198, 1.749999999999999778 ) ;
#1498 = CIRCLE ( 'NONE', #438, 20.00000000000000000 ) ;
#1499 = ORIENTED_EDGE ( 'NONE', *, *, #1382, .T. ) ;
#1501 = ORIENTED_EDGE ( 'NONE', *, *, #2245, .F. ) ;
#1500 = EDGE_CURVE ( 'NONE', #1822, #1237, #1355, .T. ) ;
#1502 = ORIENTED_EDGE ( 'NONE', *, *, #1628, .T. ) ;
#1503 = CIRCLE ( 'NONE', #2257, 20.00000000000000000 ) ;
#1504 = VECTOR ( 'NONE', #2335, 1000.000000000000000 ) ;
#1505 =( NAMED_UNIT ( * ) SI_UNIT ( $, .STERADIAN. ) SOLID_ANGLE_UNIT ( ) );
#1506 = EDGE_CURVE ( 'NONE', #1928, #1510, #2783, .T. ) ;
#1507 = CARTESIAN_POINT ( 'NONE',  ( 12.50000000000001066, -20.99999999999999645, 4.499999999999996447 ) ) ;
#1508 = CARTESIAN_POINT ( 'NONE',  ( 0.000000000000000000, 0.000000000000000000, 31.00000000000000000 ) ) ;
#1509 = AXIS2_PLACEMENT_3D ( 'NONE', #1818, #1591, #1534 ) ;
#1510 = VERTEX_POINT ( 'NONE', #770 ) ;
#1511 = CARTESIAN_POINT ( 'NONE',  ( 18.50000000000001066, 21.00000000000000355, 23.50000000000000000 ) ) ;
#1512 = DIRECTION ( 'NONE',  ( 1.000000000000000000, 8.260587980841936314E-17, -0.000000000000000000 ) ) ;
#1513 = ORIENTED_EDGE ( 'NONE', *, *, #871, .F. ) ;
#1514 = FACE_OUTER_BOUND ( 'NONE', #320, .T. ) ;
#1515 = ORIENTED_EDGE ( 'NONE', *, *, #851, .T. ) ;
#1516 = ORIENTED_EDGE ( 'NONE', *, *, #1127, .T. ) ;
#1517 = APPROVAL_ROLE ( '' ) ;
#1518 = DIRECTION ( 'NONE',  ( 1.000000000000000000, 0.000000000000000000, -1.982541115402067674E-15 ) ) ;
#1519 = DIRECTION ( 'NONE',  ( -8.260587980841936314E-17, 1.000000000000000000, -0.000000000000000000 ) ) ;
#1520 = EDGE_CURVE ( 'NONE', #2739, #2807, #1920, .T. ) ;
#1521 = VERTEX_POINT ( 'NONE', #1527 ) ;
#1522 = CARTESIAN_POINT ( 'NONE',  ( 21.74999999999998579, -15.24999999999993605, 4.499999999999996447 ) ) ;
#1523 = DIRECTION ( 'NONE',  ( 1.000000000000000000, 0.000000000000000000, 0.000000000000000000 ) ) ;
#1524 = ORIENTED_EDGE ( 'NONE', *, *, #377, .F. ) ;
#1525 = ORIENTED_EDGE ( 'NONE', *, *, #165, .F. ) ;
#1526 = CARTESIAN_POINT ( 'NONE',  ( 15.99999999999991651, 21.00000000000000355, 23.50000000000000000 ) ) ;
#1527 = CARTESIAN_POINT ( 'NONE',  ( 12.50000000000001421, 21.00000000000000355, 4.499999999999997335 ) ) ;
#1528 = VECTOR ( 'NONE', #1373, 1000.000000000000000 ) ;
#1529 = ORIENTED_EDGE ( 'NONE', *, *, #1204, .F. ) ;
#1530 = ORIENTED_EDGE ( 'NONE', *, *, #1684, .T. ) ;
#1531 = VECTOR ( 'NONE', #892, 1000.000000000000000 ) ;
#1532 = COORDINATED_UNIVERSAL_TIME_OFFSET ( 9, 0, .AHEAD. ) ;
#1533 = DIRECTION ( 'NONE',  ( 1.000000000000000000, 0.000000000000000000, 0.000000000000000000 ) ) ;
#1534 = DIRECTION ( 'NONE',  ( 1.000000000000000000, 0.000000000000000000, 0.000000000000000000 ) ) ;
#1535 = EDGE_CURVE ( 'NONE', #1061, #1847, #2128, .T. ) ;
#1536 = ORIENTED_EDGE ( 'NONE', *, *, #1662, .T. ) ;
#1537 = CARTESIAN_POINT ( 'NONE',  ( 21.74999999999998579, -15.24999999999993605, 23.50000000000000000 ) ) ;
#1538 = CC_DESIGN_PERSON_AND_ORGANIZATION_ASSIGNMENT ( #1803, #231, ( #98 ) ) ;
#1539 = FACE_BOUND ( 'NONE', #985, .T. ) ;
#1540 = ORIENTED_EDGE ( 'NONE', *, *, #2645, .T. ) ;
#1541 = ORIENTED_EDGE ( 'NONE', *, *, #2175, .F. ) ;
#1542 = DIRECTION ( 'NONE',  ( -0.7071067811865439090, -0.7071067811865511255, -0.000000000000000000 ) ) ;
#1543 = EDGE_CURVE ( 'NONE', #1844, #1427, #1978, .T. ) ;
#1544 = CARTESIAN_POINT ( 'NONE',  ( 0.000000000000000000, 0.000000000000000000, 0.000000000000000000 ) ) ;
#1545 = CC_DESIGN_SECURITY_CLASSIFICATION ( #239, ( #98 ) ) ;
#1546 = VECTOR ( 'NONE', #2162, 1000.000000000000000 ) ;
#1547 = DIRECTION ( 'NONE',  ( -1.000000000000000000, 0.000000000000000000, 0.000000000000000000 ) ) ;
#1548 = ORIENTED_EDGE ( 'NONE', *, *, #2754, .T. ) ;
#1549 = VECTOR ( 'NONE', #19, 1000.000000000000000 ) ;
#1550 = MECHANICAL_CONTEXT ( 'NONE', #1707, 'mechanical' ) ;
#1551 = VECTOR ( 'NONE', #2089, 1000.000000000000000 ) ;
#1552 = PLANE ( 'NONE',  #1349 ) ;
#1553 = CARTESIAN_POINT ( 'NONE',  ( 15.50000000000002132, -15.49999999999999822, 0.000000000000000000 ) ) ;
#1554 = VECTOR ( 'NONE', #1113, 1000.000000000000000 ) ;
#1555 = ORIENTED_EDGE ( 'NONE', *, *, #1960, .T. ) ;
#1556 = DIRECTION ( 'NONE',  ( 8.260587980841936314E-17, -1.000000000000000000, 0.000000000000000000 ) ) ;
#1557 = AXIS2_PLACEMENT_3D ( 'NONE', #908, #2110, #2331 ) ;
#1558 = CARTESIAN_POINT ( 'NONE',  ( 15.50000000000001776, 15.50000000000000711, 31.00000000000000000 ) ) ;
#1559 = VERTEX_POINT ( 'NONE', #1214 ) ;
#1560 = DIRECTION ( 'NONE',  ( -0.000000000000000000, 0.000000000000000000, -1.000000000000000000 ) ) ;
#1561 = CARTESIAN_POINT ( 'NONE',  ( 15.50000000000001776, 15.50000000000000711, 0.000000000000000000 ) ) ;
#1562 = EDGE_CURVE ( 'NONE', #2061, #2307, #740, .T. ) ;
#1563 = CARTESIAN_POINT ( 'NONE',  ( 13.75000000000002132, -15.49999999999999822, 31.00000000000000000 ) ) ;
#1564 = ORIENTED_EDGE ( 'NONE', *, *, #980, .T. ) ;
#1565 = FACE_OUTER_BOUND ( 'NONE', #1964, .T. ) ;
#1566 = CARTESIAN_POINT ( 'NONE',  ( -18.50000000000000000, -11.99999999999999645, 16.50000000000000000 ) ) ;
#1567 = VERTEX_POINT ( 'NONE', #2826 ) ;
#1568 = LINE ( 'NONE', #2040, #1444 ) ;
#1569 = CARTESIAN_POINT ( 'NONE',  ( 12.50000000000001243, -15.61249499599598600, 16.50000000000000000 ) ) ;
#1570 = ORIENTED_EDGE ( 'NONE', *, *, #1280, .F. ) ;
#1571 = ORIENTED_EDGE ( 'NONE', *, *, #2336, .T. ) ;
#1572 = DIRECTION ( 'NONE',  ( 1.000000000000000000, 0.000000000000000000, 0.000000000000000000 ) ) ;
#1573 = CARTESIAN_POINT ( 'NONE',  ( -17.25000000000001421, -15.50000000000000000, 4.500000000000000888 ) ) ;
#1574 = EDGE_CURVE ( 'NONE', #2690, #1988, #2579, .T. ) ;
#1575 = DIRECTION ( 'NONE',  ( 0.7071067811865441310, 0.7071067811865510144, 0.000000000000000000 ) ) ;
#1576 = ADVANCED_FACE ( 'NONE', ( #843, #2659 ), #604, .F. ) ;
#1577 = AXIS2_PLACEMENT_3D ( 'NONE', #651, #1575, #404 ) ;
#1578 = CARTESIAN_POINT ( 'NONE',  ( 18.50000000000001066, 18.49999999999993960, 4.499999999999996447 ) ) ;
#1579 = EDGE_CURVE ( 'NONE', #1708, #23, #1503, .T. ) ;
#1580 = PLANE ( 'NONE',  #1892 ) ;
#1581 = LINE ( 'NONE', #2667, #2205 ) ;
#1582 = CARTESIAN_POINT ( 'NONE',  ( -13.75000000000002132, 15.50000000000000533, 31.00000000000000000 ) ) ;
#1583 = EDGE_LOOP ( 'NONE', ( #277, #991, #1435, #2619, #2181, #2822 ) ) ;
#1584 = ORIENTED_EDGE ( 'NONE', *, *, #1506, .F. ) ;
#1585 = CARTESIAN_POINT ( 'NONE',  ( -21.00000000000000355, 15.99999999999991651, 31.00000000000000000 ) ) ;
#1586 = CARTESIAN_POINT ( 'NONE',  ( 12.50000000000000711, 12.00000000000000355, 4.499999999999996447 ) ) ;
#1587 = DIRECTION ( 'NONE',  ( -1.000000000000000000, 0.000000000000000000, 0.000000000000000000 ) ) ;
#1588 = AXIS2_PLACEMENT_3D ( 'NONE', #1673, #1203, #2118 ) ;
#1589 = DIRECTION ( 'NONE',  ( -1.000000000000000000, 0.000000000000000000, 0.000000000000000000 ) ) ;
#1590 = AXIS2_PLACEMENT_3D ( 'NONE', #506, #2717, #1862 ) ;
#1591 = DIRECTION ( 'NONE',  ( 0.000000000000000000, 0.000000000000000000, 1.000000000000000000 ) ) ;
#1592 = ADVANCED_FACE ( 'NONE', ( #160 ), #2346, .T. ) ;
#1593 = AXIS2_PLACEMENT_3D ( 'NONE', #1561, #2945, #2929 ) ;
#1594 = DIRECTION ( 'NONE',  ( -0.000000000000000000, -0.000000000000000000, -1.000000000000000000 ) ) ;
#1595 = CARTESIAN_POINT ( 'NONE',  ( 12.50000000000002309, 12.00000000000000355, 26.50000000000000000 ) ) ;
#1596 = AXIS2_PLACEMENT_3D ( 'NONE', #2288, #1636, #2539 ) ;
#1597 = AXIS2_PLACEMENT_3D ( 'NONE', #122, #1267, #1036 ) ;
#1598 = ORIENTED_EDGE ( 'NONE', *, *, #891, .T. ) ;
#1599 = ORIENTED_EDGE ( 'NONE', *, *, #1829, .T. ) ;
#1600 = LINE ( 'NONE', #2502, #1229 ) ;
#1601 = DIRECTION ( 'NONE',  ( -8.260587980841936314E-17, 1.000000000000000000, 0.000000000000000000 ) ) ;
#1602 = VECTOR ( 'NONE', #1438, 1000.000000000000000 ) ;
#1603 = DIRECTION ( 'NONE',  ( 0.7071067811865512365, -0.7071067811865439090, -0.000000000000000000 ) ) ;
#1604 = DIRECTION ( 'NONE',  ( -0.000000000000000000, 0.000000000000000000, -1.000000000000000000 ) ) ;
#1605 = DIRECTION ( 'NONE',  ( 0.000000000000000000, 0.000000000000000000, -1.000000000000000000 ) ) ;
#1606 = ORIENTED_EDGE ( 'NONE', *, *, #1040, .T. ) ;
#1607 = LINE ( 'NONE', #2334, #1737 ) ;
#1608 = DIRECTION ( 'NONE',  ( 0.000000000000000000, 0.000000000000000000, 1.000000000000000000 ) ) ;
#1609 = EDGE_CURVE ( 'NONE', #1988, #568, #1002, .T. ) ;
#1610 = AXIS2_PLACEMENT_3D ( 'NONE', #2277, #2954, #2725 ) ;
#1611 = ORIENTED_EDGE ( 'NONE', *, *, #1406, .F. ) ;
#1612 = ORIENTED_EDGE ( 'NONE', *, *, #1722, .F. ) ;
#1613 = PLANE ( 'NONE',  #1972 ) ;
#1614 = CARTESIAN_POINT ( 'NONE',  ( 15.50000000000002132, -15.49999999999999822, 4.499999999999997335 ) ) ;
#1615 = ORIENTED_EDGE ( 'NONE', *, *, #2097, .F. ) ;
#1616 = DIRECTION ( 'NONE',  ( -0.000000000000000000, -0.000000000000000000, -1.000000000000000000 ) ) ;
#1617 = ORIENTED_EDGE ( 'NONE', *, *, #214, .T. ) ;
#1618 = CARTESIAN_POINT ( 'NONE',  ( 0.000000000000000000, 0.000000000000000000, 26.50000000000000000 ) ) ;
#1619 = CARTESIAN_POINT ( 'NONE',  ( 18.50000000000001066, 12.00000000000000355, 16.49999999999999289 ) ) ;
#1620 = VECTOR ( 'NONE', #1209, 1000.000000000000000 ) ;
#1621 = DIRECTION ( 'NONE',  ( 0.000000000000000000, 0.000000000000000000, 1.000000000000000000 ) ) ;
#1622 = LINE ( 'NONE', #1395, #2590 ) ;
#1623 = ADVANCED_FACE ( 'NONE', ( #1993 ), #2813, .T. ) ;
#1624 = ORIENTED_EDGE ( 'NONE', *, *, #366, .T. ) ;
#1625 = EDGE_LOOP ( 'NONE', ( #1429, #711, #1495, #297, #2090, #342, #944, #1772 ) ) ;
#1626 = CARTESIAN_POINT ( 'NONE',  ( -18.50000000000000711, -11.99999999999999645, 4.500000000000000000 ) ) ;
#1627 = DIRECTION ( 'NONE',  ( -1.000000000000000000, -8.260587980841936314E-17, 1.156482317317871725E-15 ) ) ;
#1628 = EDGE_CURVE ( 'NONE', #786, #85, #385, .T. ) ;
#1629 = ORIENTED_EDGE ( 'NONE', *, *, #1493, .T. ) ;
#1630 = LINE ( 'NONE', #486, #846 ) ;
#1631 = ORIENTED_EDGE ( 'NONE', *, *, #1126, .F. ) ;
#1632 = FACE_OUTER_BOUND ( 'NONE', #2459, .T. ) ;
#1633 = LINE ( 'NONE', #459, #447 ) ;
#1634 = VECTOR ( 'NONE', #1594, 1000.000000000000000 ) ;
#1635 = DIRECTION ( 'NONE',  ( -0.7071067811865441310, -0.7071067811865510144, -0.000000000000000000 ) ) ;
#1636 = DIRECTION ( 'NONE',  ( -0.000000000000000000, 0.000000000000000000, 1.000000000000000000 ) ) ;
#1637 = AXIS2_PLACEMENT_3D ( 'NONE', #1375, #1167, #2285 ) ;
#1638 = ORIENTED_EDGE ( 'NONE', *, *, #682, .T. ) ;
#1639 = EDGE_LOOP ( 'NONE', ( #2202, #1728, #1101, #583 ) ) ;
#1640 = VERTEX_POINT ( 'NONE', #755 ) ;
#1641 = FACE_BOUND ( 'NONE', #2329, .T. ) ;
#1642 = VECTOR ( 'NONE', #2252, 1000.000000000000000 ) ;
#1643 = DIRECTION ( 'NONE',  ( 0.000000000000000000, 0.000000000000000000, 1.000000000000000000 ) ) ;
#1644 = AXIS2_PLACEMENT_3D ( 'NONE', #1706, #138, #1971 ) ;
#1645 = ORIENTED_EDGE ( 'NONE', *, *, #1726, .T. ) ;
#1646 = CARTESIAN_POINT ( 'NONE',  ( -21.00000000000000355, 21.00000000000000000, 0.000000000000000000 ) ) ;
#1647 = CIRCLE ( 'NONE', #2594, 20.00000000000000000 ) ;
#1648 = ADVANCED_FACE ( 'NONE', ( #1245 ), #1302, .F. ) ;
#1649 = ORIENTED_EDGE ( 'NONE', *, *, #327, .F. ) ;
#1650 = DIRECTION ( 'NONE',  ( 0.000000000000000000, 0.000000000000000000, -1.000000000000000000 ) ) ;
#1651 = CARTESIAN_POINT ( 'NONE',  ( -13.75000000000001599, -15.50000000000000000, 31.00000000000000000 ) ) ;
#1652 = CARTESIAN_POINT ( 'NONE',  ( 18.50000000000001421, -11.99999999999999645, 4.499999999999996447 ) ) ;
#1653 = CARTESIAN_POINT ( 'NONE',  ( -17.25000000000001421, -15.50000000000000000, 31.00000000000000000 ) ) ;
#1654 = ORIENTED_EDGE ( 'NONE', *, *, #940, .T. ) ;
#1655 = EDGE_LOOP ( 'NONE', ( #2192, #2428, #1456, #2899, #996, #362, #1541, #2236, #1702, #1482, #1180, #2666 ) ) ;
#1656 = ORIENTED_EDGE ( 'NONE', *, *, #1127, .F. ) ;
#1657 = DIRECTION ( 'NONE',  ( -0.000000000000000000, -0.000000000000000000, -1.000000000000000000 ) ) ;
#1658 = FACE_OUTER_BOUND ( 'NONE', #1129, .T. ) ;
#1659 = ORIENTED_EDGE ( 'NONE', *, *, #993, .F. ) ;
#1660 = DIRECTION ( 'NONE',  ( 1.000000000000000000, 8.260587980841936314E-17, -5.782411586589356653E-16 ) ) ;
#1661 = ADVANCED_FACE ( 'NONE', ( #2798 ), #2445, .F. ) ;
#1663 = ORIENTED_EDGE ( 'NONE', *, *, #2408, .T. ) ;
#1662 = EDGE_CURVE ( 'NONE', #1189, #1225, #2672, .T. ) ;
#1664 = ORIENTED_EDGE ( 'NONE', *, *, #2832, .F. ) ;
#1665 = CARTESIAN_POINT ( 'NONE',  ( 21.00000000000000355, 21.00000000000000355, 31.00000000000000000 ) ) ;
#1666 = CYLINDRICAL_SURFACE ( 'NONE', #1557, 1.749999999999999778 ) ;
#1667 = EDGE_CURVE ( 'NONE', #2599, #1143, #536, .T. ) ;
#1668 = DIRECTION ( 'NONE',  ( -0.000000000000000000, -0.000000000000000000, 1.000000000000000000 ) ) ;
#1669 = CARTESIAN_POINT ( 'NONE',  ( -21.00000000000000355, 15.99999999999991296, 0.000000000000000000 ) ) ;
#1670 = ORIENTED_EDGE ( 'NONE', *, *, #2868, .F. ) ;
#1671 = CIRCLE ( 'NONE', #2282, 1.750000000000001554 ) ;
#1672 = EDGE_LOOP ( 'NONE', ( #1139, #690, #2606, #1015, #2771, #1515, #479, #1501, #1399, #1116, #2406, #2779, #640, #1310, #1220, #228, #1956, #367, #1612, #2842 ) ) ;
#1673 = CARTESIAN_POINT ( 'NONE',  ( -18.50000000000001066, 12.00000000000000355, 23.50000000000000000 ) ) ;
#1674 = DIRECTION ( 'NONE',  ( -0.000000000000000000, -0.000000000000000000, -1.000000000000000000 ) ) ;
#1675 = VECTOR ( 'NONE', #2223, 1000.000000000000000 ) ;
#1676 = EDGE_LOOP ( 'NONE', ( #657, #2757, #2250, #2595 ) ) ;
#1677 = CARTESIAN_POINT ( 'NONE',  ( 18.50000000000001066, 12.00000000000000355, 4.499999999999996447 ) ) ;
#1678 = VERTEX_POINT ( 'NONE', #88 ) ;
#1679 = ORIENTED_EDGE ( 'NONE', *, *, #2100, .T. ) ;
#1680 = CARTESIAN_POINT ( 'NONE',  ( -12.50000000000001243, -11.99999999999999645, 23.50000000000000000 ) ) ;
#1681 = CARTESIAN_POINT ( 'NONE',  ( 15.50000000000001776, 15.50000000000000711, 23.50000000000000000 ) ) ;
#1682 = FACE_OUTER_BOUND ( 'NONE', #1332, .T. ) ;
#1683 = CARTESIAN_POINT ( 'NONE',  ( 12.50000000000001954, 12.00000000000000355, 23.50000000000000000 ) ) ;
#1684 = EDGE_CURVE ( 'NONE', #501, #1087, #2109, .T. ) ;
#1685 = AXIS2_PLACEMENT_3D ( 'NONE', #807, #1053, #94 ) ;
#1686 = ORIENTED_EDGE ( 'NONE', *, *, #1224, .F. ) ;
#1687 = LINE ( 'NONE', #1464, #1150 ) ;
#1688 = CARTESIAN_POINT ( 'NONE',  ( 21.00000000000000355, 15.99999999999997335, 31.00000000000000000 ) ) ;
#1689 = AXIS2_PLACEMENT_3D ( 'NONE', #1035, #2158, #2859 ) ;
#1690 = AXIS2_PLACEMENT_3D ( 'NONE', #934, #2759, #2148 ) ;
#1691 = ORIENTED_EDGE ( 'NONE', *, *, #2242, .T. ) ;
#1692 = CARTESIAN_POINT ( 'NONE',  ( 18.50000000000001421, -11.99999999999999645, 16.49999999999999289 ) ) ;
#1693 = AXIS2_PLACEMENT_3D ( 'NONE', #185, #668, #1793 ) ;
#1694 = VERTEX_POINT ( 'NONE', #2503 ) ;
#1695 = ORIENTED_EDGE ( 'NONE', *, *, #943, .T. ) ;
#1696 = CARTESIAN_POINT ( 'NONE',  ( 0.000000000000000000, 0.000000000000000000, 23.50000000000000000 ) ) ;
#1697 = LINE ( 'NONE', #2347, #2454 ) ;
#1698 = VECTOR ( 'NONE', #1473, 1000.000000000000000 ) ;
#1699 = DIRECTION ( 'NONE',  ( 1.000000000000000000, 0.000000000000000000, 0.000000000000000000 ) ) ;
#1700 = CYLINDRICAL_SURFACE ( 'NONE', #2497, 1.749999999999999778 ) ;
#1701 = ADVANCED_FACE ( 'NONE', ( #2701, #2485, #1342, #2005, #859, #2461 ), #2238, .F. ) ;
#1702 = ORIENTED_EDGE ( 'NONE', *, *, #12, .F. ) ;
#1703 = VERTEX_POINT ( 'NONE', #1781 ) ;
#1704 = PLANE ( 'NONE',  #103 ) ;
#1705 = EDGE_CURVE ( 'NONE', #118, #1078, #1330, .T. ) ;
#1706 = CARTESIAN_POINT ( 'NONE',  ( 15.50000000000001776, 15.50000000000000711, 16.49999999999999645 ) ) ;
#1707 = APPLICATION_CONTEXT ( 'configuration controlled 3d designs of mechanical parts and assemblies' ) ;
#1708 = VERTEX_POINT ( 'NONE', #2914 ) ;
#1709 = CARTESIAN_POINT ( 'NONE',  ( -12.50000000000000355, -20.99999999999999645, 4.500000000000000000 ) ) ;
#1710 = EDGE_CURVE ( 'NONE', #1102, #2166, #443, .T. ) ;
#1711 = MANIFOLD_SOLID_BREP ( '모따기1', #330 ) ;
#1712 = ORIENTED_EDGE ( 'NONE', *, *, #70, .T. ) ;
#1713 = ORIENTED_EDGE ( 'NONE', *, *, #284, .T. ) ;
#1714 = LINE ( 'NONE', #2843, #2076 ) ;
#1715 = PERSON ( 'UNSPECIFIED', 'UNSPECIFIED', 'UNSPECIFIED', ('UNSPECIFIED'), ('UNSPECIFIED'), ('UNSPECIFIED') ) ;
#1716 = DIRECTION ( 'NONE',  ( 0.7071067811865439090, 0.7071067811865512365, -0.000000000000000000 ) ) ;
#1717 = LINE ( 'NONE', #106, #2487 ) ;
#1718 = LINE ( 'NONE', #2652, #2216 ) ;
#1719 = VERTEX_POINT ( 'NONE', #1573 ) ;
#1720 = DIRECTION ( 'NONE',  ( 0.000000000000000000, 1.000000000000000000, 0.000000000000000000 ) ) ;
#1721 = CARTESIAN_POINT ( 'NONE',  ( -21.00000000000000355, 21.00000000000000000, 31.00000000000000000 ) ) ;
#1722 = EDGE_CURVE ( 'NONE', #2003, #1724, #2687, .T. ) ;
#1723 = AXIS2_PLACEMENT_3D ( 'NONE', #691, #2808, #2137 ) ;
#1724 = VERTEX_POINT ( 'NONE', #1104 ) ;
#1725 = CARTESIAN_POINT ( 'NONE',  ( -15.50000000000001599, -15.50000000000000000, 4.500000000000000888 ) ) ;
#1726 = EDGE_CURVE ( 'NONE', #1567, #313, #636, .T. ) ;
#1727 = ORIENTED_EDGE ( 'NONE', *, *, #1285, .T. ) ;
#1728 = ORIENTED_EDGE ( 'NONE', *, *, #2681, .T. ) ;
#1729 = LINE ( 'NONE', #2142, #1602 ) ;
#1730 = CARTESIAN_POINT ( 'NONE',  ( 13.75000000000002132, -15.49999999999999822, 31.00000000000000000 ) ) ;
#1731 = LINE ( 'NONE', #2632, #964 ) ;
#1732 = FACE_OUTER_BOUND ( 'NONE', #480, .T. ) ;
#1733 =( GEOMETRIC_REPRESENTATION_CONTEXT ( 3 ) GLOBAL_UNCERTAINTY_ASSIGNED_CONTEXT ( ( #1973 ) ) GLOBAL_UNIT_ASSIGNED_CONTEXT ( ( #363, #374, #1505 ) ) REPRESENTATION_CONTEXT ( 'NONE', 'WORKASPACE' ) );
#1734 = ORIENTED_EDGE ( 'NONE', *, *, #2715, .F. ) ;
#1735 = CARTESIAN_POINT ( 'NONE',  ( 2.725994033677839156E-15, -11.99999999999999645, 0.000000000000000000 ) ) ;
#1736 = CARTESIAN_POINT ( 'NONE',  ( -18.49999999999999645, 18.49999999999995026, 30.99999999999999645 ) ) ;
#1737 = VECTOR ( 'NONE', #2961, 1000.000000000000000 ) ;
#1738 = VERTEX_POINT ( 'NONE', #1825 ) ;
#1739 = DIRECTION ( 'NONE',  ( -1.000000000000000000, -7.105427357601001859E-15, 0.000000000000000000 ) ) ;
#1740 = VECTOR ( 'NONE', #609, 1000.000000000000000 ) ;
#1741 = VECTOR ( 'NONE', #188, 1000.000000000000000 ) ;
#1742 = EDGE_LOOP ( 'NONE', ( #1502, #2431, #738, #2309, #1906, #2656 ) ) ;
#1743 = ORIENTED_EDGE ( 'NONE', *, *, #2609, .T. ) ;
#1744 = EDGE_CURVE ( 'NONE', #131, #2307, #61, .T. ) ;
#1745 = VECTOR ( 'NONE', #2883, 1000.000000000000000 ) ;
#1746 = AXIS2_PLACEMENT_3D ( 'NONE', #2557, #1442, #510 ) ;
#1747 = LINE ( 'NONE', #375, #2209 ) ;
#1748 = DIRECTION ( 'NONE',  ( 0.000000000000000000, 0.000000000000000000, 1.000000000000000000 ) ) ;
#1749 = VECTOR ( 'NONE', #1774, 1000.000000000000000 ) ;
#1750 = ORIENTED_EDGE ( 'NONE', *, *, #1082, .T. ) ;
#1751 = CARTESIAN_POINT ( 'NONE',  ( -12.50000000000001599, 21.00000000000000355, 23.50000000000000000 ) ) ;
#1752 = CARTESIAN_POINT ( 'NONE',  ( 18.50000000000001066, 21.00000000000000355, 26.50000000000000000 ) ) ;
#1753 = ORIENTED_EDGE ( 'NONE', *, *, #1410, .F. ) ;
#1754 = CARTESIAN_POINT ( 'NONE',  ( -18.50000000000001066, 12.00000000000000355, 26.50000000000000000 ) ) ;
#1755 = DIRECTION ( 'NONE',  ( 0.000000000000000000, 1.000000000000000000, 0.000000000000000000 ) ) ;
#1756 = VERTEX_POINT ( 'NONE', #674 ) ;
#1757 = ORIENTED_EDGE ( 'NONE', *, *, #2104, .T. ) ;
#1758 = ADVANCED_FACE ( 'NONE', ( #2474 ), #1372, .F. ) ;
#1759 = CC_DESIGN_PERSON_AND_ORGANIZATION_ASSIGNMENT ( #789, #2746, ( #98 ) ) ;
#1760 = CARTESIAN_POINT ( 'NONE',  ( -21.00000000000000355, 15.99999999999991296, 26.50000000000000000 ) ) ;
#1761 = DIRECTION ( 'NONE',  ( 1.156482317317871331E-15, 9.553223930492239006E-32, 1.000000000000000000 ) ) ;
#1762 = DIRECTION ( 'NONE',  ( -0.000000000000000000, -0.000000000000000000, 1.000000000000000000 ) ) ;
#1763 = ADVANCED_FACE ( 'NONE', ( #1799 ), #429, .F. ) ;
#1764 = VERTEX_POINT ( 'NONE', #901 ) ;
#1765 = DIRECTION ( 'NONE',  ( 0.000000000000000000, 0.000000000000000000, -1.000000000000000000 ) ) ;
#1766 = FACE_BOUND ( 'NONE', #1639, .T. ) ;
#1767 = VERTEX_POINT ( 'NONE', #202 ) ;
#1768 = FACE_OUTER_BOUND ( 'NONE', #2416, .T. ) ;
#1769 = DIRECTION ( 'NONE',  ( -1.445602896647339163E-16, 0.000000000000000000, -1.000000000000000000 ) ) ;
#1770 = AXIS2_PLACEMENT_3D ( 'NONE', #1105, #1813, #2947 ) ;
#1771 = VERTEX_POINT ( 'NONE', #1811 ) ;
#1772 = ORIENTED_EDGE ( 'NONE', *, *, #2263, .T. ) ;
#1773 = DIRECTION ( 'NONE',  ( -1.000000000000000000, -0.000000000000000000, -0.000000000000000000 ) ) ;
#1774 = DIRECTION ( 'NONE',  ( 0.000000000000000000, 0.000000000000000000, 1.000000000000000000 ) ) ;
#1775 = ORIENTED_EDGE ( 'NONE', *, *, #2713, .T. ) ;
#1776 = CARTESIAN_POINT ( 'NONE',  ( 15.50000000000001776, 15.50000000000000711, 4.499999999999997335 ) ) ;
#1777 = CARTESIAN_POINT ( 'NONE',  ( 13.75000000000001776, 15.50000000000000711, 31.00000000000000000 ) ) ;
#1778 = EDGE_CURVE ( 'NONE', #338, #1102, #175, .T. ) ;
#1779 = EDGE_LOOP ( 'NONE', ( #1062, #1196, #393, #86 ) ) ;
#1780 = PLANE ( 'NONE',  #2341 ) ;
#1781 = CARTESIAN_POINT ( 'NONE',  ( -16.00000000000000355, -11.99999999999999645, 23.50000000000000000 ) ) ;
#1782 = APPROVAL_PERSON_ORGANIZATION ( #2662, #1979, #1517 ) ;
#1783 = VECTOR ( 'NONE', #1765, 1000.000000000000000 ) ;
#1784 = FACE_OUTER_BOUND ( 'NONE', #1025, .T. ) ;
#1785 = ORIENTED_EDGE ( 'NONE', *, *, #682, .F. ) ;
#1786 = AXIS2_PLACEMENT_3D ( 'NONE', #2492, #1604, #707 ) ;
#1787 = DIRECTION ( 'NONE',  ( 1.000000000000000000, 0.000000000000000000, 0.000000000000000000 ) ) ;
#1788 = CARTESIAN_POINT ( 'NONE',  ( -17.25000000000002132, 15.50000000000000533, 26.50000000000000000 ) ) ;
#1789 = VECTOR ( 'NONE', #1200, 1000.000000000000000 ) ;
#1790 = ORIENTED_EDGE ( 'NONE', *, *, #1850, .F. ) ;
#1791 = DIRECTION ( 'NONE',  ( 1.000000000000000000, 0.000000000000000000, 0.000000000000000000 ) ) ;
#1792 = VECTOR ( 'NONE', #954, 1000.000000000000000 ) ;
#1793 = DIRECTION ( 'NONE',  ( 1.000000000000000000, -1.509903313490212895E-14, -1.214306433183764966E-15 ) ) ;
#1794 = ADVANCED_FACE ( 'NONE', ( #660 ), #2955, .F. ) ;
#1795 = EDGE_CURVE ( 'NONE', #760, #563, #818, .T. ) ;
#1796 = EDGE_LOOP ( 'NONE', ( #1499, #1140 ) ) ;
#1797 = ORIENTED_EDGE ( 'NONE', *, *, #1667, .F. ) ;
#1798 = CARTESIAN_POINT ( 'NONE',  ( 0.000000000000000000, 0.000000000000000000, 0.000000000000000000 ) ) ;
#1799 = FACE_OUTER_BOUND ( 'NONE', #2013, .T. ) ;
#1800 = EDGE_CURVE ( 'NONE', #2533, #2511, #1090, .T. ) ;
#1801 = CARTESIAN_POINT ( 'NONE',  ( -15.99999999999996980, 21.00000000000000355, 23.50000000000000000 ) ) ;
#1802 = VERTEX_POINT ( 'NONE', #1841 ) ;
#1803 = PERSON_AND_ORGANIZATION ( #1715, #2201 ) ;
#1804 = CARTESIAN_POINT ( 'NONE',  ( -13.75000000000002132, 15.50000000000000533, 31.00000000000000000 ) ) ;
#1805 = CARTESIAN_POINT ( 'NONE',  ( -13.75000000000001599, -15.50000000000000000, 0.000000000000000000 ) ) ;
#1806 = LINE ( 'NONE', #1124, #1060 ) ;
#1807 = FACE_OUTER_BOUND ( 'NONE', #562, .T. ) ;
#1808 = VERTEX_POINT ( 'NONE', #689 ) ;
#1809 = ORIENTED_EDGE ( 'NONE', *, *, #2803, .T. ) ;
#1810 = CARTESIAN_POINT ( 'NONE',  ( -21.00000000000000000, -15.99999999999994849, 0.000000000000000000 ) ) ;
#1811 = CARTESIAN_POINT ( 'NONE',  ( -15.99999999999991296, -20.99999999999999645, 4.500000000000000000 ) ) ;
#1812 = EDGE_CURVE ( 'NONE', #932, #1189, #1115, .T. ) ;
#1813 = DIRECTION ( 'NONE',  ( -0.000000000000000000, 0.000000000000000000, 1.000000000000000000 ) ) ;
#1814 = ADVANCED_FACE ( 'NONE', ( #1402 ), #749, .F. ) ;
#1815 = VECTOR ( 'NONE', #2124, 1000.000000000000000 ) ;
#1816 = SECURITY_CLASSIFICATION_LEVEL ( 'unclassified' ) ;
#1817 = CARTESIAN_POINT ( 'NONE',  ( 0.000000000000000000, 0.000000000000000000, 26.50000000000000000 ) ) ;
#1818 = CARTESIAN_POINT ( 'NONE',  ( -15.50000000000002132, 15.50000000000000533, 0.000000000000000000 ) ) ;
#1819 = FACE_OUTER_BOUND ( 'NONE', #2869, .T. ) ;
#1820 = DIRECTION ( 'NONE',  ( 1.445602896647339163E-16, 0.000000000000000000, 1.000000000000000000 ) ) ;
#1821 = ORIENTED_EDGE ( 'NONE', *, *, #73, .F. ) ;
#1822 = VERTEX_POINT ( 'NONE', #51 ) ;
#1823 = CARTESIAN_POINT ( 'NONE',  ( 16.00000000000000355, -11.99999999999999645, 23.50000000000000000 ) ) ;
#1824 = VECTOR ( 'NONE', #1130, 1000.000000000000000 ) ;
#1825 = CARTESIAN_POINT ( 'NONE',  ( 15.99999999999999645, 12.00000000000000355, 16.49999999999999645 ) ) ;
#1826 = DIRECTION ( 'NONE',  ( -8.260587980841936314E-17, 1.000000000000000000, -0.000000000000000000 ) ) ;
#1827 = AXIS2_PLACEMENT_3D ( 'NONE', #2863, #81, #992 ) ;
#1828 = PERSON_AND_ORGANIZATION ( #1715, #2201 ) ;
#1829 = EDGE_CURVE ( 'NONE', #264, #2565, #1980, .T. ) ;
#1830 = DIRECTION ( 'NONE',  ( 8.260587980841936314E-17, -1.000000000000000000, 0.000000000000000000 ) ) ;
#1831 = AXIS2_PLACEMENT_3D ( 'NONE', #642, #2936, #2478 ) ;
#1832 = CARTESIAN_POINT ( 'NONE',  ( 12.50000000000001066, -15.61249499599598600, 4.499999999999996447 ) ) ;
#1833 = VECTOR ( 'NONE', #1058, 1000.000000000000000 ) ;
#1834 = FACE_OUTER_BOUND ( 'NONE', #344, .T. ) ;
#1835 = LINE ( 'NONE', #942, #204 ) ;
#1836 = VECTOR ( 'NONE', #2655, 1000.000000000000000 ) ;
#1837 = VECTOR ( 'NONE', #1605, 1000.000000000000000 ) ;
#1838 = ORIENTED_EDGE ( 'NONE', *, *, #2702, .T. ) ;
#1839 = VERTEX_POINT ( 'NONE', #1384 ) ;
#1840 = DIRECTION ( 'NONE',  ( 8.260587980841936314E-17, -1.000000000000000000, 0.000000000000000000 ) ) ;
#1841 = CARTESIAN_POINT ( 'NONE',  ( -17.25000000000001421, -15.50000000000000000, 16.50000000000000000 ) ) ;
#1842 = AXIS2_PLACEMENT_3D ( 'NONE', #1459, #2367, #1215 ) ;
#1843 = ADVANCED_FACE ( 'NONE', ( #1658 ), #2103, .F. ) ;
#1844 = VERTEX_POINT ( 'NONE', #1448 ) ;
#1845 = CARTESIAN_POINT ( 'NONE',  ( -15.99999999999999645, 12.00000000000000355, 23.50000000000000000 ) ) ;
#1846 = EDGE_CURVE ( 'NONE', #787, #627, #500, .T. ) ;
#1847 = VERTEX_POINT ( 'NONE', #290 ) ;
#1848 = DIRECTION ( 'NONE',  ( 0.000000000000000000, 1.000000000000000000, -0.000000000000000000 ) ) ;
#1849 = CARTESIAN_POINT ( 'NONE',  ( 15.99999999999997691, -20.99999999999999645, 4.499999999999996447 ) ) ;
#1850 = EDGE_CURVE ( 'NONE', #1868, #882, #2537, .T. ) ;
#1851 = LINE ( 'NONE', #695, #1206 ) ;
#1852 = LINE ( 'NONE', #1426, #2404 ) ;
#1853 = EDGE_CURVE ( 'NONE', #288, #1282, #1223, .T. ) ;
#1854 = VECTOR ( 'NONE', #1416, 1000.000000000000000 ) ;
#1855 = VERTEX_POINT ( 'NONE', #2325 ) ;
#1856 = ORIENTED_EDGE ( 'NONE', *, *, #73, .T. ) ;
#1857 = FACE_OUTER_BOUND ( 'NONE', #845, .T. ) ;
#1858 = CARTESIAN_POINT ( 'NONE',  ( 15.50000000000001776, 15.50000000000000711, 23.50000000000000000 ) ) ;
#1859 = VERTEX_POINT ( 'NONE', #276 ) ;
#1860 = CARTESIAN_POINT ( 'NONE',  ( 15.50000000000002132, -15.49999999999999822, 0.000000000000000000 ) ) ;
#1861 = ORIENTED_EDGE ( 'NONE', *, *, #287, .F. ) ;
#1862 = DIRECTION ( 'NONE',  ( 1.000000000000000000, 0.000000000000000000, 0.000000000000000000 ) ) ;
#1863 = DIRECTION ( 'NONE',  ( 1.000000000000000000, 0.000000000000000000, 0.000000000000000000 ) ) ;
#1864 = AXIS2_PLACEMENT_3D ( 'NONE', #2463, #216, #1133 ) ;
#1865 = LINE ( 'NONE', #1878, #1257 ) ;
#1866 = DIRECTION ( 'NONE',  ( -0.000000000000000000, -0.000000000000000000, -1.000000000000000000 ) ) ;
#1867 = EDGE_LOOP ( 'NONE', ( #2573, #2182 ) ) ;
#1868 = VERTEX_POINT ( 'NONE', #2359 ) ;
#1869 = CARTESIAN_POINT ( 'NONE',  ( -12.50000000000000355, -11.99999999999999645, 4.500000000000000000 ) ) ;
#1870 = EDGE_CURVE ( 'NONE', #2003, #2647, #1887, .T. ) ;
#1871 = CARTESIAN_POINT ( 'NONE',  ( -15.50000000000002132, 15.50000000000000533, 26.50000000000000000 ) ) ;
#1872 = VERTEX_POINT ( 'NONE', #2120 ) ;
#1873 = DIRECTION ( 'NONE',  ( 1.000000000000000000, 8.260587980841936314E-17, -0.000000000000000000 ) ) ;
#1874 = ORIENTED_EDGE ( 'NONE', *, *, #713, .T. ) ;
#1875 = CARTESIAN_POINT ( 'NONE',  ( -15.50000000000001599, -15.50000000000000000, 31.00000000000000000 ) ) ;
#1876 = CARTESIAN_POINT ( 'NONE',  ( -15.99999999999991296, -20.99999999999999645, 23.50000000000000000 ) ) ;
#1877 = VECTOR ( 'NONE', #137, 1000.000000000000000 ) ;
#1878 = CARTESIAN_POINT ( 'NONE',  ( -15.99999999999999645, 12.00000000000000355, 2.000000000000001776 ) ) ;
#1879 = DIRECTION ( 'NONE',  ( 1.000000000000000000, 0.000000000000000000, 0.000000000000000000 ) ) ;
#1880 = VECTOR ( 'NONE', #1006, 1000.000000000000000 ) ;
#1881 = VERTEX_POINT ( 'NONE', #994 ) ;
#1882 = ORIENTED_EDGE ( 'NONE', *, *, #983, .T. ) ;
#1883 = VERTEX_POINT ( 'NONE', #468 ) ;
#1884 = EDGE_CURVE ( 'NONE', #1237, #753, #2806, .T. ) ;
#1885 = DIRECTION ( 'NONE',  ( 1.000000000000000000, 0.000000000000000000, 0.000000000000000000 ) ) ;
#1886 = AXIS2_PLACEMENT_3D ( 'NONE', #2134, #1627, #82 ) ;
#1887 = LINE ( 'NONE', #2514, #917 ) ;
#1888 = EDGE_CURVE ( 'NONE', #719, #2544, #2792, .T. ) ;
#1889 = VECTOR ( 'NONE', #2785, 1000.000000000000000 ) ;
#1890 = ORIENTED_EDGE ( 'NONE', *, *, #2242, .F. ) ;
#1891 = DIRECTION ( 'NONE',  ( 0.000000000000000000, 0.000000000000000000, -1.000000000000000000 ) ) ;
#1892 = AXIS2_PLACEMENT_3D ( 'NONE', #1110, #2479, #1324 ) ;
#1893 = EDGE_CURVE ( 'NONE', #2841, #2599, #2311, .T. ) ;
#1894 = ORIENTED_EDGE ( 'NONE', *, *, #1264, .F. ) ;
#1895 = EDGE_LOOP ( 'NONE', ( #2895, #2501, #466, #2472 ) ) ;
#1896 = CARTESIAN_POINT ( 'NONE',  ( 17.25000000000002132, -15.49999999999999822, 31.00000000000000000 ) ) ;
#1897 = DIRECTION ( 'NONE',  ( -0.7071067811865439090, -0.7071067811865512365, -0.000000000000000000 ) ) ;
#1898 = PLANE ( 'NONE',  #1013 ) ;
#1899 = CARTESIAN_POINT ( 'NONE',  ( 13.75000000000002132, -15.49999999999999822, 16.50000000000000000 ) ) ;
#1900 = ORIENTED_EDGE ( 'NONE', *, *, #109, .T. ) ;
#1901 = ORIENTED_EDGE ( 'NONE', *, *, #904, .F. ) ;
#1902 = CARTESIAN_POINT ( 'NONE',  ( 17.25000000000002132, -15.49999999999999822, 31.00000000000000000 ) ) ;
#1903 = DIRECTION ( 'NONE',  ( 1.000000000000000000, 0.000000000000000000, 0.000000000000000000 ) ) ;
#1904 = ORIENTED_EDGE ( 'NONE', *, *, #1846, .T. ) ;
#1905 = CARTESIAN_POINT ( 'NONE',  ( 18.50000000000001421, -20.99999999999999645, 26.50000000000000000 ) ) ;
#1906 = ORIENTED_EDGE ( 'NONE', *, *, #1579, .F. ) ;
#1907 = DIRECTION ( 'NONE',  ( -1.000000000000000000, 0.000000000000000000, 0.000000000000000000 ) ) ;
#1908 = EDGE_CURVE ( 'NONE', #1243, #869, #961, .T. ) ;
#1909 = CARTESIAN_POINT ( 'NONE',  ( -12.50000000000001599, 15.61249499599598245, 26.50000000000000000 ) ) ;
#1910 = DIRECTION ( 'NONE',  ( -0.7071067811865510144, 0.7071067811865441310, -0.000000000000000000 ) ) ;
#1911 = CARTESIAN_POINT ( 'NONE',  ( 15.99999999999991651, 21.00000000000000355, 23.50000000000000000 ) ) ;
#1912 = AXIS2_PLACEMENT_3D ( 'NONE', #2268, #1891, #1387 ) ;
#1913 = ORIENTED_EDGE ( 'NONE', *, *, #2279, .F. ) ;
#1914 = DIRECTION ( 'NONE',  ( -1.000000000000000000, -8.260587980841936314E-17, 0.000000000000000000 ) ) ;
#1915 = CARTESIAN_POINT ( 'NONE',  ( 13.75000000000002132, -15.49999999999999822, 0.000000000000000000 ) ) ;
#1916 = VERTEX_POINT ( 'NONE', #1915 ) ;
#1917 = CARTESIAN_POINT ( 'NONE',  ( 20.00000000000000000, 0.000000000000000000, 2.000000000000001776 ) ) ;
#1918 = ORIENTED_EDGE ( 'NONE', *, *, #1744, .F. ) ;
#1919 = ORIENTED_EDGE ( 'NONE', *, *, #766, .F. ) ;
#1920 = LINE ( 'NONE', #2380, #673 ) ;
#1921 = EDGE_CURVE ( 'NONE', #485, #1771, #38, .T. ) ;
#1922 = CARTESIAN_POINT ( 'NONE',  ( 17.25000000000001421, 15.50000000000000711, 31.00000000000000000 ) ) ;
#1923 = EDGE_CURVE ( 'NONE', #1703, #1640, #2821, .T. ) ;
#1924 = CARTESIAN_POINT ( 'NONE',  ( 15.99999999999991651, 21.00000000000000355, 31.00000000000000000 ) ) ;
#1925 = DIRECTION ( 'NONE',  ( 8.260587980841936314E-17, -1.000000000000000000, 0.000000000000000000 ) ) ;
#1926 = ADVANCED_FACE ( 'NONE', ( #762 ), #1431, .F. ) ;
#1927 = VECTOR ( 'NONE', #2469, 1000.000000000000000 ) ;
#1928 = VERTEX_POINT ( 'NONE', #309 ) ;
#1929 = FACE_BOUND ( 'NONE', #124, .T. ) ;
#1930 = DIRECTION ( 'NONE',  ( 5.782411586589356653E-16, 0.000000000000000000, 1.000000000000000000 ) ) ;
#1931 = AXIS2_PLACEMENT_3D ( 'NONE', #2704, #1761, #1518 ) ;
#1932 = VECTOR ( 'NONE', #948, 1000.000000000000000 ) ;
#1933 = EDGE_LOOP ( 'NONE', ( #2588, #1029, #1663, #1098 ) ) ;
#1934 = DIRECTION ( 'NONE',  ( 1.000000000000000000, 0.000000000000000000, 0.000000000000000000 ) ) ;
#1935 = AXIS2_PLACEMENT_3D ( 'NONE', #395, #2041, #886 ) ;
#1936 = ORIENTED_EDGE ( 'NONE', *, *, #1132, .T. ) ;
#1937 = ORIENTED_EDGE ( 'NONE', *, *, #722, .F. ) ;
#1938 = CIRCLE ( 'NONE', #1213, 1.749999999999999778 ) ;
#1939 = LINE ( 'NONE', #1247, #880 ) ;
#1940 = DATE_TIME_ROLE ( 'creation_date' ) ;
#1941 = CARTESIAN_POINT ( 'NONE',  ( -16.00000000000000355, -11.99999999999999645, 2.000000000000001776 ) ) ;
#1942 = FACE_OUTER_BOUND ( 'NONE', #1079, .T. ) ;
#1943 = CC_DESIGN_PERSON_AND_ORGANIZATION_ASSIGNMENT ( #2649, #1966, ( #1291 ) ) ;
#1944 = VERTEX_POINT ( 'NONE', #1158 ) ;
#1945 = CARTESIAN_POINT ( 'NONE',  ( -12.50000000000000178, -15.61249499599599311, 16.50000000000000000 ) ) ;
#1946 = CARTESIAN_POINT ( 'NONE',  ( -18.50000000000000355, 12.00000000000000355, 16.50000000000000000 ) ) ;
#1947 = EDGE_CURVE ( 'NONE', #2885, #787, #10, .T. ) ;
#1948 = ORIENTED_EDGE ( 'NONE', *, *, #809, .T. ) ;
#1949 = CARTESIAN_POINT ( 'NONE',  ( 15.99999999999999645, 12.00000000000000355, 2.000000000000001776 ) ) ;
#1950 = ORIENTED_EDGE ( 'NONE', *, *, #2100, .F. ) ;
#1951 = VERTEX_POINT ( 'NONE', #2621 ) ;
#1952 = DIRECTION ( 'NONE',  ( -5.782411586589357639E-16, 5.782411586589300446E-16, -1.000000000000000000 ) ) ;
#1953 = CARTESIAN_POINT ( 'NONE',  ( 15.99999999999991651, 21.00000000000000355, 4.499999999999997335 ) ) ;
#1954 = LINE ( 'NONE', #1440, #2686 ) ;
#1955 = LINE ( 'NONE', #2634, #1120 ) ;
#1956 = ORIENTED_EDGE ( 'NONE', *, *, #1628, .F. ) ;
#1957 = CARTESIAN_POINT ( 'NONE',  ( -18.50000000000000711, -11.99999999999999645, 26.50000000000000000 ) ) ;
#1958 = LINE ( 'NONE', #557, #488 ) ;
#1959 = CIRCLE ( 'NONE', #1428, 1.750000000000001554 ) ;
#1960 = EDGE_CURVE ( 'NONE', #550, #1756, #1958, .T. ) ;
#1961 = ORIENTED_EDGE ( 'NONE', *, *, #2816, .F. ) ;
#1962 = DIRECTION ( 'NONE',  ( -0.000000000000000000, -0.000000000000000000, -1.000000000000000000 ) ) ;
#1963 = ORIENTED_EDGE ( 'NONE', *, *, #1800, .T. ) ;
#1964 = EDGE_LOOP ( 'NONE', ( #1913, #2724, #1679, #2642 ) ) ;
#1965 = AXIS2_PLACEMENT_3D ( 'NONE', #1725, #343, #573 ) ;
#1966 = PERSON_AND_ORGANIZATION_ROLE ( 'design_owner' ) ;
#1967 = LINE ( 'NONE', #1507, #392 ) ;
#1968 = CYLINDRICAL_SURFACE ( 'NONE', #2407, 1.749999999999999778 ) ;
#1969 = ORIENTED_EDGE ( 'NONE', *, *, #2713, .F. ) ;
#1970 = FACE_BOUND ( 'NONE', #1032, .T. ) ;
#1971 = DIRECTION ( 'NONE',  ( 1.000000000000000000, 0.000000000000000000, -1.982541115402067674E-15 ) ) ;
#1972 = AXIS2_PLACEMENT_3D ( 'NONE', #49, #2512, #978 ) ;
#1973 = UNCERTAINTY_MEASURE_WITH_UNIT (LENGTH_MEASURE( 1.000000000000000082E-05 ), #363, 'distance_accuracy_value', 'NONE');
#1974 = EDGE_CURVE ( 'NONE', #93, #329, #631, .T. ) ;
#1975 = ORIENTED_EDGE ( 'NONE', *, *, #50, .T. ) ;
#1976 = CARTESIAN_POINT ( 'NONE',  ( 18.50000000000001421, -18.49999999999993250, 26.50000000000000000 ) ) ;
#1977 = VECTOR ( 'NONE', #538, 1000.000000000000000 ) ;
#1978 = LINE ( 'NONE', #298, #2688 ) ;
#1979 = APPROVAL ( #608, 'UNSPECIFIED' ) ;
#1980 = CIRCLE ( 'NONE', #2640, 1.749999999999999778 ) ;
#1981 = ORIENTED_EDGE ( 'NONE', *, *, #1224, .T. ) ;
#1982 = ORIENTED_EDGE ( 'NONE', *, *, #324, .T. ) ;
#1983 = CIRCLE ( 'NONE', #675, 20.00000000000000000 ) ;
#1984 = EDGE_CURVE ( 'NONE', #1255, #2017, #2399, .T. ) ;
#1985 = CARTESIAN_POINT ( 'NONE',  ( 12.50000000000001066, -11.99999999999999645, 4.499999999999996447 ) ) ;
#1986 = DIRECTION ( 'NONE',  ( 8.260587980841936314E-17, -1.000000000000000000, 0.000000000000000000 ) ) ;
#1987 = AXIS2_PLACEMENT_3D ( 'NONE', #1487, #2155, #1018 ) ;
#1988 = VERTEX_POINT ( 'NONE', #1688 ) ;
#1989 = DIRECTION ( 'NONE',  ( -0.000000000000000000, 0.000000000000000000, 1.000000000000000000 ) ) ;
#1990 = CARTESIAN_POINT ( 'NONE',  ( -18.50000000000000711, -11.99999999999999645, 4.500000000000000000 ) ) ;
#1991 = ORIENTED_EDGE ( 'NONE', *, *, #1299, .F. ) ;
#1992 = DIRECTION ( 'NONE',  ( -0.000000000000000000, 0.000000000000000000, 1.000000000000000000 ) ) ;
#1993 = FACE_OUTER_BOUND ( 'NONE', #783, .T. ) ;
#1994 = ORIENTED_EDGE ( 'NONE', *, *, #598, .F. ) ;
#1995 = ORIENTED_EDGE ( 'NONE', *, *, #1132, .F. ) ;
#1996 = CIRCLE ( 'NONE', #1610, 1.750000000000001554 ) ;
#1997 = ADVANCED_FACE ( 'NONE', ( #781 ), #1239, .F. ) ;
#1998 = DIRECTION ( 'NONE',  ( 0.000000000000000000, 0.000000000000000000, -1.000000000000000000 ) ) ;
#1999 = DIRECTION ( 'NONE',  ( -1.000000000000000000, 0.000000000000000000, 0.000000000000000000 ) ) ;
#2000 = ORIENTED_EDGE ( 'NONE', *, *, #1662, .F. ) ;
#2001 = CARTESIAN_POINT ( 'NONE',  ( 12.50000000000002309, -20.99999999999999645, 23.50000000000000000 ) ) ;
#2002 = CARTESIAN_POINT ( 'NONE',  ( 12.50000000000002665, -20.99999999999999645, 26.50000000000000000 ) ) ;
#2003 = VERTEX_POINT ( 'NONE', #357 ) ;
#2004 = FACE_OUTER_BOUND ( 'NONE', #75, .T. ) ;
#2005 = FACE_BOUND ( 'NONE', #704, .T. ) ;
#2006 = DIRECTION ( 'NONE',  ( -0.000000000000000000, -0.000000000000000000, -1.000000000000000000 ) ) ;
#2007 = EDGE_LOOP ( 'NONE', ( #235, #1414, #1289, #1785 ) ) ;
#2008 = EDGE_CURVE ( 'NONE', #145, #1881, #2591, .T. ) ;
#2009 = EDGE_CURVE ( 'NONE', #799, #338, #1284, .T. ) ;
#2010 = CARTESIAN_POINT ( 'NONE',  ( 0.000000000000000000, 0.000000000000000000, 16.50000000000000000 ) ) ;
#2011 = CARTESIAN_POINT ( 'NONE',  ( -17.25000000000001421, -15.50000000000000000, 31.00000000000000000 ) ) ;
#2012 = EDGE_CURVE ( 'NONE', #454, #719, #1265, .T. ) ;
#2013 = EDGE_LOOP ( 'NONE', ( #1016, #2856, #2523, #644 ) ) ;
#2014 = DIRECTION ( 'NONE',  ( 1.000000000000000000, 0.000000000000000000, 0.000000000000000000 ) ) ;
#2015 = DIRECTION ( 'NONE',  ( 0.000000000000000000, 0.000000000000000000, 1.000000000000000000 ) ) ;
#2016 = EDGE_CURVE ( 'NONE', #93, #2353, #2878, .T. ) ;
#2017 = VERTEX_POINT ( 'NONE', #126 ) ;
#2018 = CARTESIAN_POINT ( 'NONE',  ( 15.99999999999991651, 21.00000000000000355, 31.00000000000000000 ) ) ;
#2019 = DIRECTION ( 'NONE',  ( -0.000000000000000000, -0.000000000000000000, 1.000000000000000000 ) ) ;
#2020 = CIRCLE ( 'NONE', #54, 20.00000000000000000 ) ;
#2021 = FACE_OUTER_BOUND ( 'NONE', #2543, .T. ) ;
#2022 = ORIENTED_EDGE ( 'NONE', *, *, #812, .F. ) ;
#2023 = AXIS2_PLACEMENT_3D ( 'NONE', #491, #1848, #953 ) ;
#2024 = AXIS2_PLACEMENT_3D ( 'NONE', #830, #551, #1437 ) ;
#2025 = CARTESIAN_POINT ( 'NONE',  ( -17.25000000000002132, 15.50000000000000533, 23.50000000000000000 ) ) ;
#2026 = CARTESIAN_POINT ( 'NONE',  ( -12.50000000000001599, 15.61249499599598245, 2.000000000000001776 ) ) ;
#2027 = AXIS2_PLACEMENT_3D ( 'NONE', #1339, #2951, #220 ) ;
#2028 = DIRECTION ( 'NONE',  ( -1.000000000000000000, 0.000000000000000000, 0.000000000000000000 ) ) ;
#2029 = EDGE_CURVE ( 'NONE', #606, #1808, #2880, .T. ) ;
#2030 = DIRECTION ( 'NONE',  ( -0.000000000000000000, -0.000000000000000000, -1.000000000000000000 ) ) ;
#2031 = ORIENTED_EDGE ( 'NONE', *, *, #248, .F. ) ;
#2032 = ORIENTED_EDGE ( 'NONE', *, *, #2295, .T. ) ;
#2033 = PLANE ( 'NONE',  #1432 ) ;
#2034 = EDGE_CURVE ( 'NONE', #2241, #1055, #586, .T. ) ;
#2035 = CARTESIAN_POINT ( 'NONE',  ( -18.50000000000000355, 21.00000000000000355, 16.50000000000000000 ) ) ;
#2036 = CARTESIAN_POINT ( 'NONE',  ( -21.74999999999997513, -15.24999999999999645, 23.50000000000000000 ) ) ;
#2037 = APPROVAL_ROLE ( '' ) ;
#2038 = PLANE ( 'NONE',  #2023 ) ;
#2039 = CARTESIAN_POINT ( 'NONE',  ( -18.50000000000000711, -18.49999999999993250, 23.50000000000000000 ) ) ;
#2040 = CARTESIAN_POINT ( 'NONE',  ( -18.50000000000000000, -20.99999999999999645, 16.50000000000000000 ) ) ;
#2041 = DIRECTION ( 'NONE',  ( -0.000000000000000000, -0.000000000000000000, 1.000000000000000000 ) ) ;
#2042 = ORIENTED_EDGE ( 'NONE', *, *, #2097, .T. ) ;
#2043 = ORIENTED_EDGE ( 'NONE', *, *, #998, .T. ) ;
#2044 = DIRECTION ( 'NONE',  ( -0.000000000000000000, -0.000000000000000000, -1.000000000000000000 ) ) ;
#2045 = CARTESIAN_POINT ( 'NONE',  ( -18.50000000000001066, 21.00000000000000355, 26.50000000000000000 ) ) ;
#2046 = EDGE_CURVE ( 'NONE', #568, #472, #2608, .T. ) ;
#2047 = LINE ( 'NONE', #457, #1528 ) ;
#2048 = AXIS2_PLACEMENT_3D ( 'NONE', #1677, #1873, #27 ) ;
#2049 = CYLINDRICAL_SURFACE ( 'NONE', #2829, 1.750000000000001554 ) ;
#2050 = CARTESIAN_POINT ( 'NONE',  ( -16.00000000000000355, -11.99999999999999645, 2.000000000000001776 ) ) ;
#2051 = DIRECTION ( 'NONE',  ( 0.000000000000000000, 0.000000000000000000, -1.000000000000000000 ) ) ;
#2052 = CARTESIAN_POINT ( 'NONE',  ( 15.99999999999997691, -20.99999999999999645, 26.50000000000000000 ) ) ;
#2053 = EDGE_LOOP ( 'NONE', ( #2418, #418, #671, #1491 ) ) ;
#2054 = ORIENTED_EDGE ( 'NONE', *, *, #2528, .T. ) ;
#2055 = DIRECTION ( 'NONE',  ( 0.000000000000000000, 0.000000000000000000, 1.000000000000000000 ) ) ;
#2056 = DIRECTION ( 'NONE',  ( 1.000000000000000000, 0.000000000000000000, 0.000000000000000000 ) ) ;
#2057 = EDGE_CURVE ( 'NONE', #627, #2338, #2119, .T. ) ;
#2058 = ORIENTED_EDGE ( 'NONE', *, *, #435, .F. ) ;
#2059 = LINE ( 'NONE', #8, #945 ) ;
#2060 = EDGE_CURVE ( 'NONE', #837, #23, #369, .T. ) ;
#2061 = VERTEX_POINT ( 'NONE', #113 ) ;
#2062 = CYLINDRICAL_SURFACE ( 'NONE', #1157, 1.750000000000001554 ) ;
#2063 = EDGE_CURVE ( 'NONE', #2761, #472, #2163, .T. ) ;
#2064 = VECTOR ( 'NONE', #1830, 1000.000000000000000 ) ;
#2065 = DIRECTION ( 'NONE',  ( -0.000000000000000000, -0.000000000000000000, -1.000000000000000000 ) ) ;
#2066 = AXIS2_PLACEMENT_3D ( 'NONE', #2553, #2948, #2269 ) ;
#2067 = LINE ( 'NONE', #494, #1549 ) ;
#2068 = DIRECTION ( 'NONE',  ( -1.000000000000000000, 0.000000000000000000, 0.000000000000000000 ) ) ;
#2069 = CIRCLE ( 'NONE', #1020, 1.749999999999999778 ) ;
#2070 = AXIS2_PLACEMENT_3D ( 'NONE', #1123, #2467, #207 ) ;
#2071 = EDGE_LOOP ( 'NONE', ( #1548, #1276, #2866, #2772 ) ) ;
#2072 = ORIENTED_EDGE ( 'NONE', *, *, #685, .T. ) ;
#2073 = ORIENTED_EDGE ( 'NONE', *, *, #2426, .T. ) ;
#2074 = DIRECTION ( 'NONE',  ( 0.000000000000000000, 1.000000000000000000, -0.000000000000000000 ) ) ;
#2075 = DIRECTION ( 'NONE',  ( -1.000000000000000000, 0.000000000000000000, 0.000000000000000000 ) ) ;
#2076 = VECTOR ( 'NONE', #520, 1000.000000000000000 ) ;
#2077 = ORIENTED_EDGE ( 'NONE', *, *, #1264, .T. ) ;
#2078 = FACE_OUTER_BOUND ( 'NONE', #2071, .T. ) ;
#2079 = ORIENTED_EDGE ( 'NONE', *, *, #345, .F. ) ;
#2080 = CARTESIAN_POINT ( 'NONE',  ( -21.00000000000000000, -21.00000000000000000, 0.000000000000000000 ) ) ;
#2081 = LINE ( 'NONE', #2767, #256 ) ;
#2082 = ADVANCED_FACE ( 'NONE', ( #601, #381 ), #1478, .F. ) ;
#2083 = ORIENTED_EDGE ( 'NONE', *, *, #1812, .F. ) ;
#2084 = CARTESIAN_POINT ( 'NONE',  ( -18.50000000000001066, 18.49999999999993250, 26.50000000000000000 ) ) ;
#2085 = DIRECTION ( 'NONE',  ( -0.000000000000000000, -0.000000000000000000, -1.000000000000000000 ) ) ;
#2086 = ORIENTED_EDGE ( 'NONE', *, *, #963, .T. ) ;
#2087 = VERTEX_POINT ( 'NONE', #2851 ) ;
#2088 = CARTESIAN_POINT ( 'NONE',  ( -15.50000000000002132, 15.50000000000000533, 23.50000000000000000 ) ) ;
#2089 = DIRECTION ( 'NONE',  ( -0.000000000000000000, -0.000000000000000000, -1.000000000000000000 ) ) ;
#2090 = ORIENTED_EDGE ( 'NONE', *, *, #1481, .F. ) ;
#2091 = CARTESIAN_POINT ( 'NONE',  ( 15.50000000000002132, -15.49999999999999822, 31.00000000000000000 ) ) ;
#2092 = EDGE_LOOP ( 'NONE', ( #2804, #440 ) ) ;
#2093 = FACE_OUTER_BOUND ( 'NONE', #2916, .T. ) ;
#2094 = LINE ( 'NONE', #1651, #826 ) ;
#2095 = AXIS2_PLACEMENT_3D ( 'NONE', #2194, #2167, #1739 ) ;
#2096 = EDGE_CURVE ( 'NONE', #1316, #2353, #2121, .T. ) ;
#2097 = EDGE_CURVE ( 'NONE', #426, #1087, #1072, .T. ) ;
#2098 = DIRECTION ( 'NONE',  ( -0.7071067811865441310, -0.7071067811865510144, -0.000000000000000000 ) ) ;
#2099 = CARTESIAN_POINT ( 'NONE',  ( 18.50000000000001421, -20.99999999999999645, 16.49999999999999289 ) ) ;
#2100 = EDGE_CURVE ( 'NONE', #11, #47, #1494, .T. ) ;
#2101 = VERTEX_POINT ( 'NONE', #872 ) ;
#2102 = FACE_BOUND ( 'NONE', #899, .T. ) ;
#2103 = CYLINDRICAL_SURFACE ( 'NONE', #2212, 1.749999999999999778 ) ;
#2104 = EDGE_CURVE ( 'NONE', #1421, #1738, #1210, .T. ) ;
#2105 = EDGE_LOOP ( 'NONE', ( #1529, #1193, #1436, #386 ) ) ;
#2106 = LINE ( 'NONE', #966, #2956 ) ;
#2107 = VERTEX_POINT ( 'NONE', #1312 ) ;
#2108 = VERTEX_POINT ( 'NONE', #2458 ) ;
#2109 = LINE ( 'NONE', #519, #2879 ) ;
#2110 = DIRECTION ( 'NONE',  ( -0.000000000000000000, -0.000000000000000000, -1.000000000000000000 ) ) ;
#2111 = VECTOR ( 'NONE', #2918, 1000.000000000000000 ) ;
#2112 = LINE ( 'NONE', #2538, #578 ) ;
#2113 = CARTESIAN_POINT ( 'NONE',  ( 13.75000000000001776, 15.50000000000000711, 0.000000000000000000 ) ) ;
#2114 = VECTOR ( 'NONE', #2019, 1000.000000000000000 ) ;
#2115 = EDGE_CURVE ( 'NONE', #2101, #1273, #2682, .T. ) ;
#2116 = VERTEX_POINT ( 'NONE', #2052 ) ;
#2117 = ORIENTED_EDGE ( 'NONE', *, *, #862, .F. ) ;
#2118 = DIRECTION ( 'NONE',  ( -1.000000000000000000, 0.000000000000000000, -0.000000000000000000 ) ) ;
#2119 = CIRCLE ( 'NONE', #157, 20.00000000000000000 ) ;
#2120 = CARTESIAN_POINT ( 'NONE',  ( 18.50000000000001066, 12.00000000000000355, 16.49999999999999289 ) ) ;
#2121 = CIRCLE ( 'NONE', #2933, 1.749999999999999778 ) ;
#2122 = EDGE_CURVE ( 'NONE', #2338, #2241, #2481, .T. ) ;
#2123 = ORIENTED_EDGE ( 'NONE', *, *, #2336, .F. ) ;
#2124 = DIRECTION ( 'NONE',  ( 0.7071067811865512365, -0.7071067811865439090, -8.177564888978036818E-16 ) ) ;
#2125 = VECTOR ( 'NONE', #1350, 1000.000000000000000 ) ;
#2126 = ORIENTED_EDGE ( 'NONE', *, *, #2371, .F. ) ;
#2127 = ORIENTED_EDGE ( 'NONE', *, *, #1024, .T. ) ;
#2128 = LINE ( 'NONE', #1680, #1745 ) ;
#2129 = LINE ( 'NONE', #788, #1268 ) ;
#2130 = DIRECTION ( 'NONE',  ( 0.7071067811865512365, -0.7071067811865439090, -0.000000000000000000 ) ) ;
#2131 = DIRECTION ( 'NONE',  ( 1.156482317317871331E-15, 9.553223930492239006E-32, 1.000000000000000000 ) ) ;
#2132 = VERTEX_POINT ( 'NONE', #2002 ) ;
#2133 = DIRECTION ( 'NONE',  ( 0.000000000000000000, 0.000000000000000000, -1.000000000000000000 ) ) ;
#2134 = CARTESIAN_POINT ( 'NONE',  ( 12.50000000000001954, 12.00000000000000355, 23.50000000000000000 ) ) ;
#2135 = ADVANCED_FACE ( 'NONE', ( #210 ), #2923, .F. ) ;
#2136 = ORIENTED_EDGE ( 'NONE', *, *, #1710, .T. ) ;
#2137 = DIRECTION ( 'NONE',  ( -1.000000000000000000, 0.000000000000000000, 0.000000000000000000 ) ) ;
#2138 = EDGE_CURVE ( 'NONE', #1241, #869, #356, .T. ) ;
#2139 = ORIENTED_EDGE ( 'NONE', *, *, #2629, .T. ) ;
#2140 = ORIENTED_EDGE ( 'NONE', *, *, #1893, .T. ) ;
#2141 = DIRECTION ( 'NONE',  ( 1.000000000000000000, 0.000000000000000000, 0.000000000000000000 ) ) ;
#2142 = CARTESIAN_POINT ( 'NONE',  ( 21.00000000000000711, -15.99999999999991651, 31.00000000000000000 ) ) ;
#2143 = LINE ( 'NONE', #2410, #626 ) ;
#2144 = DIRECTION ( 'NONE',  ( 1.000000000000000000, -0.000000000000000000, -1.156482317317871331E-15 ) ) ;
#2145 = CIRCLE ( 'NONE', #1188, 1.749999999999999778 ) ;
#2146 = ORIENTED_EDGE ( 'NONE', *, *, #593, .F. ) ;
#2147 = FACE_BOUND ( 'NONE', #66, .T. ) ;
#2148 = DIRECTION ( 'NONE',  ( -1.000000000000000000, 0.000000000000000000, 0.000000000000000000 ) ) ;
#2149 = ORIENTED_EDGE ( 'NONE', *, *, #2625, .T. ) ;
#2150 = DIRECTION ( 'NONE',  ( 0.000000000000000000, 0.000000000000000000, -1.000000000000000000 ) ) ;
#2152 = ORIENTED_EDGE ( 'NONE', *, *, #508, .F. ) ;
#2151 = EDGE_CURVE ( 'NONE', #2848, #2761, #1100, .T. ) ;
#2153 = ORIENTED_EDGE ( 'NONE', *, *, #2477, .T. ) ;
#2154 = DIRECTION ( 'NONE',  ( -0.000000000000000000, -0.000000000000000000, -1.000000000000000000 ) ) ;
#2155 = DIRECTION ( 'NONE',  ( 0.000000000000000000, 0.000000000000000000, -1.000000000000000000 ) ) ;
#2156 = DIRECTION ( 'NONE',  ( 1.000000000000000000, 0.000000000000000000, 0.000000000000000000 ) ) ;
#2157 = EDGE_CURVE ( 'NONE', #398, #1045, #444, .T. ) ;
#2158 = DIRECTION ( 'NONE',  ( 0.000000000000000000, 1.000000000000000000, -0.000000000000000000 ) ) ;
#2159 = DIRECTION ( 'NONE',  ( -0.7071067811865512365, 0.7071067811865439090, -0.000000000000000000 ) ) ;
#2160 = CIRCLE ( 'NONE', #1685, 1.750000000000001554 ) ;
#2161 = ORIENTED_EDGE ( 'NONE', *, *, #1609, .F. ) ;
#2162 = DIRECTION ( 'NONE',  ( 1.000000000000000000, 0.000000000000000000, 0.000000000000000000 ) ) ;
#2163 = LINE ( 'NONE', #1752, #1836 ) ;
#2164 = VECTOR ( 'NONE', #1081, 1000.000000000000000 ) ;
#2165 = AXIS2_PLACEMENT_3D ( 'NONE', #95, #2864, #545 ) ;
#2166 = VERTEX_POINT ( 'NONE', #437 ) ;
#2167 = DIRECTION ( 'NONE',  ( 0.000000000000000000, 0.000000000000000000, 1.000000000000000000 ) ) ;
#2168 = AXIS2_PLACEMENT_3D ( 'NONE', #744, #2509, #461 ) ;
#2169 = CARTESIAN_POINT ( 'NONE',  ( 0.000000000000000000, 0.000000000000000000, 31.00000000000000000 ) ) ;
#2170 = ORIENTED_EDGE ( 'NONE', *, *, #2057, .F. ) ;
#2171 = CARTESIAN_POINT ( 'NONE',  ( -15.50000000000001599, -15.50000000000000000, 26.50000000000000000 ) ) ;
#2172 = PERSON_AND_ORGANIZATION ( #1715, #2201 ) ;
#2173 = DIRECTION ( 'NONE',  ( -0.000000000000000000, 0.000000000000000000, 1.000000000000000000 ) ) ;
#2174 = LINE ( 'NONE', #1683, #1023 ) ;
#2175 = EDGE_CURVE ( 'NONE', #2108, #2605, #1138, .T. ) ;
#2176 = ORIENTED_EDGE ( 'NONE', *, *, #1888, .T. ) ;
#2177 = CYLINDRICAL_SURFACE ( 'NONE', #1827, 20.00000000000000000 ) ;
#2178 = CARTESIAN_POINT ( 'NONE',  ( 13.75000000000002132, -15.49999999999999822, 31.00000000000000000 ) ) ;
#2179 = ORIENTED_EDGE ( 'NONE', *, *, #1299, .T. ) ;
#2180 = FACE_OUTER_BOUND ( 'NONE', #439, .T. ) ;
#2181 = ORIENTED_EDGE ( 'NONE', *, *, #2702, .F. ) ;
#2182 = ORIENTED_EDGE ( 'NONE', *, *, #1351, .T. ) ;
#2183 = LINE ( 'NONE', #1953, #406 ) ;
#2184 = CARTESIAN_POINT ( 'NONE',  ( -20.00000000000000000, 2.449293598294706513E-15, 2.000000000000001776 ) ) ;
#2185 = DIRECTION ( 'NONE',  ( 1.000000000000000000, 0.000000000000000000, 0.000000000000000000 ) ) ;
#2186 = EDGE_CURVE ( 'NONE', #387, #1855, #2247, .T. ) ;
#2187 = ORIENTED_EDGE ( 'NONE', *, *, #2009, .F. ) ;
#2188 = CARTESIAN_POINT ( 'NONE',  ( 12.50000000000002309, -15.61249499599599666, 23.50000000000000000 ) ) ;
#2189 = ADVANCED_FACE ( 'NONE', ( #172 ), #2697, .T. ) ;
#2190 = CARTESIAN_POINT ( 'NONE',  ( 20.00000000000000000, 0.000000000000000000, 2.000000000000001776 ) ) ;
#2191 = AXIS2_PLACEMENT_3D ( 'NONE', #2488, #1363, #1547 ) ;
#2192 = ORIENTED_EDGE ( 'NONE', *, *, #109, .F. ) ;
#2193 = VERTEX_POINT ( 'NONE', #1086 ) ;
#2194 = CARTESIAN_POINT ( 'NONE',  ( 0.000000000000000000, 0.000000000000000000, 4.499999999999996447 ) ) ;
#2195 = EDGE_CURVE ( 'NONE', #658, #2275, #451, .T. ) ;
#2196 = ORIENTED_EDGE ( 'NONE', *, *, #2946, .F. ) ;
#2197 = ORIENTED_EDGE ( 'NONE', *, *, #1204, .T. ) ;
#2198 = LINE ( 'NONE', #1730, #1164 ) ;
#2199 = DIRECTION ( 'NONE',  ( 1.000000000000000000, 0.000000000000000000, -0.000000000000000000 ) ) ;
#2200 = CARTESIAN_POINT ( 'NONE',  ( 12.50000000000002309, -20.99999999999999645, 23.50000000000000000 ) ) ;
#2201 = ORGANIZATION ( 'UNSPECIFIED', 'UNSPECIFIED', '' ) ;
#2202 = ORIENTED_EDGE ( 'NONE', *, *, #1795, .F. ) ;
#2203 = FACE_OUTER_BOUND ( 'NONE', #306, .T. ) ;
#2204 = DIRECTION ( 'NONE',  ( -1.156482317317871331E-15, -9.553223930492239006E-32, -1.000000000000000000 ) ) ;
#2205 = VECTOR ( 'NONE', #208, 1000.000000000000000 ) ;
#2206 = ORIENTED_EDGE ( 'NONE', *, *, #2408, .F. ) ;
#2207 = VERTEX_POINT ( 'NONE', #1569 ) ;
#2208 = DIRECTION ( 'NONE',  ( -0.000000000000000000, -0.000000000000000000, -1.000000000000000000 ) ) ;
#2209 = VECTOR ( 'NONE', #1773, 1000.000000000000000 ) ;
#2210 = CARTESIAN_POINT ( 'NONE',  ( 15.50000000000002132, -15.49999999999999822, 31.00000000000000000 ) ) ;
#2211 = EDGE_CURVE ( 'NONE', #887, #1694, #839, .T. ) ;
#2212 = AXIS2_PLACEMENT_3D ( 'NONE', #2340, #703, #2075 ) ;
#2213 = ORIENTED_EDGE ( 'NONE', *, *, #2009, .T. ) ;
#2214 = ORIENTED_EDGE ( 'NONE', *, *, #310, .T. ) ;
#2215 = AXIS2_PLACEMENT_3D ( 'NONE', #656, #1354, #1820 ) ;
#2216 = VECTOR ( 'NONE', #1519, 1000.000000000000000 ) ;
#2217 = CARTESIAN_POINT ( 'NONE',  ( 16.00000000000000355, -11.99999999999999645, 26.50000000000000000 ) ) ;
#2218 = DIRECTION ( 'NONE',  ( 0.000000000000000000, 0.000000000000000000, 1.000000000000000000 ) ) ;
#2219 = EDGE_LOOP ( 'NONE', ( #1555, #2876, #2756, #1386, #399, #1381 ) ) ;
#2220 = PLANE ( 'NONE',  #910 ) ;
#2221 = CARTESIAN_POINT ( 'NONE',  ( -18.50000000000000711, -11.99999999999999645, 4.500000000000000000 ) ) ;
#2222 = ORIENTED_EDGE ( 'NONE', *, *, #1347, .T. ) ;
#2223 = DIRECTION ( 'NONE',  ( 0.000000000000000000, 0.000000000000000000, 1.000000000000000000 ) ) ;
#2224 = DIRECTION ( 'NONE',  ( 0.000000000000000000, 0.000000000000000000, 1.000000000000000000 ) ) ;
#2225 = ADVANCED_FACE ( 'NONE', ( #1539, #1766, #614, #2438, #854 ), #2939, .F. ) ;
#2226 = CARTESIAN_POINT ( 'NONE',  ( 11.50000000000000000, 1.408343819019456176E-15, 2.000000000000001776 ) ) ;
#2227 = ORIENTED_EDGE ( 'NONE', *, *, #1371, .T. ) ;
#2228 = ADVANCED_FACE ( 'NONE', ( #1807 ), #2707, .T. ) ;
#2229 = LINE ( 'NONE', #596, #1450 ) ;
#2230 = EDGE_CURVE ( 'NONE', #1708, #786, #1852, .T. ) ;
#2231 = CARTESIAN_POINT ( 'NONE',  ( -13.75000000000001599, -15.50000000000000000, 31.00000000000000000 ) ) ;
#2232 = ORIENTED_EDGE ( 'NONE', *, *, #2924, .T. ) ;
#2233 = CARTESIAN_POINT ( 'NONE',  ( 0.000000000000000000, 0.000000000000000000, 31.00000000000000000 ) ) ;
#2234 = CARTESIAN_POINT ( 'NONE',  ( -18.50000000000001066, 12.00000000000000355, 4.500000000000000000 ) ) ;
#2235 = ADVANCED_FACE ( 'NONE', ( #1152 ), #2962, .F. ) ;
#2236 = ORIENTED_EDGE ( 'NONE', *, *, #1183, .F. ) ;
#2237 = LINE ( 'NONE', #187, #1675 ) ;
#2238 = PLANE ( 'NONE',  #396 ) ;
#2239 = VECTOR ( 'NONE', #2714, 1000.000000000000000 ) ;
#2240 = LINE ( 'NONE', #1121, #279 ) ;
#2241 = VERTEX_POINT ( 'NONE', #696 ) ;
#2242 = EDGE_CURVE ( 'NONE', #2442, #959, #1622, .T. ) ;
#2243 = DIRECTION ( 'NONE',  ( 1.000000000000000000, -7.105427357601001859E-15, 0.000000000000000000 ) ) ;
#2244 = DIRECTION ( 'NONE',  ( 1.000000000000000000, 0.000000000000000000, 0.000000000000000000 ) ) ;
#2245 = EDGE_CURVE ( 'NONE', #1521, #550, #2521, .T. ) ;
#2246 = FACE_BOUND ( 'NONE', #409, .T. ) ;
#2247 = LINE ( 'NONE', #2669, #970 ) ;
#2248 = APPROVAL_PERSON_ORGANIZATION ( #864, #2698, #2037 ) ;
#2249 = ORIENTED_EDGE ( 'NONE', *, *, #2060, .T. ) ;
#2250 = ORIENTED_EDGE ( 'NONE', *, *, #101, .F. ) ;
#2251 = CARTESIAN_POINT ( 'NONE',  ( -18.50000000000000711, -11.99999999999999645, 4.500000000000000000 ) ) ;
#2252 = DIRECTION ( 'NONE',  ( -8.260587980841936314E-17, 1.000000000000000000, -0.000000000000000000 ) ) ;
#2253 = CIRCLE ( 'NONE', #957, 20.00000000000000000 ) ;
#2254 = AXIS2_PLACEMENT_3D ( 'NONE', #2721, #1326, #870 ) ;
#2255 = DIRECTION ( 'NONE',  ( 0.7071067811865510144, -0.7071067811865441310, 0.000000000000000000 ) ) ;
#2256 = CIRCLE ( 'NONE', #2781, 20.00000000000000000 ) ;
#2257 = AXIS2_PLACEMENT_3D ( 'NONE', #1696, #2430, #986 ) ;
#2258 = CARTESIAN_POINT ( 'NONE',  ( 15.50000000000001776, 15.50000000000000711, 26.50000000000000000 ) ) ;
#2259 = LINE ( 'NONE', #1083, #2360 ) ;
#2260 = VECTOR ( 'NONE', #2373, 1000.000000000000000 ) ;
#2261 = CARTESIAN_POINT ( 'NONE',  ( 0.000000000000000000, 0.000000000000000000, 2.000000000000001776 ) ) ;
#2262 = DIRECTION ( 'NONE',  ( -1.000000000000000000, -0.000000000000000000, -0.000000000000000000 ) ) ;
#2263 = EDGE_CURVE ( 'NONE', #1944, #1427, #710, .T. ) ;
#2264 = EDGE_LOOP ( 'NONE', ( #1584, #2562 ) ) ;
#2265 = VERTEX_POINT ( 'NONE', #286 ) ;
#2266 = PLANE ( 'NONE',  #1227 ) ;
#2267 = DIRECTION ( 'NONE',  ( 0.7071067811865439090, 0.7071067811865512365, -0.000000000000000000 ) ) ;
#2268 = CARTESIAN_POINT ( 'NONE',  ( -15.50000000000002132, 15.50000000000000533, 23.50000000000000000 ) ) ;
#2269 = DIRECTION ( 'NONE',  ( -1.000000000000000000, 0.000000000000000000, 0.000000000000000000 ) ) ;
#2270 = PLANE ( 'NONE',  #493 ) ;
#2271 = CARTESIAN_POINT ( 'NONE',  ( 21.00000000000000355, 15.99999999999997335, 0.000000000000000000 ) ) ;
#2272 = CARTESIAN_POINT ( 'NONE',  ( -18.50000000000000711, -11.99999999999999645, 26.50000000000000000 ) ) ;
#2273 = EDGE_CURVE ( 'NONE', #1078, #35, #1835, .T. ) ;
#2274 = APPROVAL ( #166, 'UNSPECIFIED' ) ;
#2275 = VERTEX_POINT ( 'NONE', #476 ) ;
#2276 = ORIENTED_EDGE ( 'NONE', *, *, #161, .F. ) ;
#2277 = CARTESIAN_POINT ( 'NONE',  ( -15.50000000000002132, 15.50000000000000533, 4.500000000000000888 ) ) ;
#2278 = DIRECTION ( 'NONE',  ( -1.000000000000000000, -8.260587980841936314E-17, 1.445602896647338917E-16 ) ) ;
#2279 = EDGE_CURVE ( 'NONE', #2907, #1951, #2738, .T. ) ;
#2280 = ORIENTED_EDGE ( 'NONE', *, *, #1439, .T. ) ;
#2281 = CARTESIAN_POINT ( 'NONE',  ( 18.50000000000001421, -18.49999999999993250, 16.49999999999999289 ) ) ;
#2282 = AXIS2_PLACEMENT_3D ( 'NONE', #417, #176, #2448 ) ;
#2283 = DATE_AND_TIME ( #2716, #863 ) ;
#2284 = ORIENTED_EDGE ( 'NONE', *, *, #2211, .F. ) ;
#2285 = DIRECTION ( 'NONE',  ( 8.260587980841936314E-17, -1.000000000000000000, 0.000000000000000000 ) ) ;
#2286 = LINE ( 'NONE', #2799, #358 ) ;
#2287 = DIRECTION ( 'NONE',  ( -0.000000000000000000, -0.000000000000000000, -1.000000000000000000 ) ) ;
#2288 = CARTESIAN_POINT ( 'NONE',  ( 0.000000000000000000, 0.000000000000000000, 2.000000000000001776 ) ) ;
#2289 = ORIENTED_EDGE ( 'NONE', *, *, #1335, .T. ) ;
#2290 = ORIENTED_EDGE ( 'NONE', *, *, #214, .F. ) ;
#2291 = LINE ( 'NONE', #289, #2551 ) ;
#2292 = DIRECTION ( 'NONE',  ( 8.260587980841936314E-17, -1.000000000000000000, 0.000000000000000000 ) ) ;
#2293 = ORIENTED_EDGE ( 'NONE', *, *, #855, .F. ) ;
#2294 = CARTESIAN_POINT ( 'NONE',  ( -13.75000000000001599, -15.50000000000000000, 31.00000000000000000 ) ) ;
#2295 = EDGE_CURVE ( 'NONE', #753, #605, #2571, .T. ) ;
#2296 = VECTOR ( 'NONE', #1027, 1000.000000000000000 ) ;
#2297 = ORIENTED_EDGE ( 'NONE', *, *, #2157, .T. ) ;
#2298 = ORIENTED_EDGE ( 'NONE', *, *, #598, .T. ) ;
#2299 = FACE_OUTER_BOUND ( 'NONE', #1779, .T. ) ;
#2300 = VECTOR ( 'NONE', #2382, 1000.000000000000000 ) ;
#2301 = CYLINDRICAL_SURFACE ( 'NONE', #2542, 1.749999999999999778 ) ;
#2302 = VECTOR ( 'NONE', #2267, 1000.000000000000000 ) ;
#2303 = DIRECTION ( 'NONE',  ( -0.000000000000000000, -0.000000000000000000, -1.000000000000000000 ) ) ;
#2304 = DIRECTION ( 'NONE',  ( -0.000000000000000000, -0.000000000000000000, -1.000000000000000000 ) ) ;
#2305 = AXIS2_PLACEMENT_3D ( 'NONE', #1054, #1028, #2638 ) ;
#2306 = VECTOR ( 'NONE', #2960, 1000.000000000000000 ) ;
#2307 = VERTEX_POINT ( 'NONE', #2113 ) ;
#2308 = ORIENTED_EDGE ( 'NONE', *, *, #1493, .F. ) ;
#2309 = ORIENTED_EDGE ( 'NONE', *, *, #980, .F. ) ;
#2310 = CARTESIAN_POINT ( 'NONE',  ( 12.50000000000000888, 21.00000000000000355, 16.50000000000000000 ) ) ;
#2311 = LINE ( 'NONE', #1177, #1065 ) ;
#2312 = ORIENTED_EDGE ( 'NONE', *, *, #2440, .F. ) ;
#2313 = LINE ( 'NONE', #1434, #2568 ) ;
#2314 = EDGE_CURVE ( 'NONE', #1678, #115, #2769, .T. ) ;
#2316 = EDGE_CURVE ( 'NONE', #56, #2841, #2644, .T. ) ;
#2315 = ORIENTED_EDGE ( 'NONE', *, *, #2582, .F. ) ;
#2317 = CARTESIAN_POINT ( 'NONE',  ( -18.50000000000001066, 12.00000000000000355, 23.50000000000000000 ) ) ;
#2318 = DIRECTION ( 'NONE',  ( -0.000000000000000000, -0.000000000000000000, -1.000000000000000000 ) ) ;
#2319 = ADVANCED_FACE ( 'NONE', ( #2801 ), #1413, .F. ) ;
#2320 = DIRECTION ( 'NONE',  ( -1.000000000000000000, 0.000000000000000000, 0.000000000000000000 ) ) ;
#2321 = DIRECTION ( 'NONE',  ( 1.000000000000000000, 8.260587980841936314E-17, -0.000000000000000000 ) ) ;
#2322 = ORIENTED_EDGE ( 'NONE', *, *, #403, .F. ) ;
#2323 = ORIENTED_EDGE ( 'NONE', *, *, #2374, .F. ) ;
#2324 = DIRECTION ( 'NONE',  ( -1.000000000000000000, 0.000000000000000000, 0.000000000000000000 ) ) ;
#2325 = CARTESIAN_POINT ( 'NONE',  ( 18.50000000000001421, -11.99999999999999645, 4.499999999999996447 ) ) ;
#2326 = ORIENTED_EDGE ( 'NONE', *, *, #632, .F. ) ;
#2327 = FACE_OUTER_BOUND ( 'NONE', #2593, .T. ) ;
#2328 = VERTEX_POINT ( 'NONE', #21 ) ;
#2329 = EDGE_LOOP ( 'NONE', ( #497, #2322 ) ) ;
#2330 = LINE ( 'NONE', #1390, #2444 ) ;
#2331 = DIRECTION ( 'NONE',  ( -1.000000000000000000, 0.000000000000000000, 0.000000000000000000 ) ) ;
#2332 = EDGE_CURVE ( 'NONE', #2328, #1767, #1185, .T. ) ;
#2333 = VECTOR ( 'NONE', #2777, 1000.000000000000000 ) ;
#2334 = CARTESIAN_POINT ( 'NONE',  ( -21.00000000000000000, -21.00000000000000000, 31.00000000000000000 ) ) ;
#2335 = DIRECTION ( 'NONE',  ( 0.7071067811865439090, 0.7071067811865512365, -0.000000000000000000 ) ) ;
#2336 = EDGE_CURVE ( 'NONE', #1368, #1273, #2069, .T. ) ;
#2337 = EDGE_LOOP ( 'NONE', ( #1084, #1315 ) ) ;
#2338 = VERTEX_POINT ( 'NONE', #956 ) ;
#2339 = CARTESIAN_POINT ( 'NONE',  ( 15.99999999999991651, 21.00000000000000355, 31.00000000000000000 ) ) ;
#2340 = CARTESIAN_POINT ( 'NONE',  ( 15.50000000000001776, 15.50000000000000711, 31.00000000000000000 ) ) ;
#2341 = AXIS2_PLACEMENT_3D ( 'NONE', #900, #1992, #2700 ) ;
#2342 = ORIENTED_EDGE ( 'NONE', *, *, #194, .F. ) ;
#2343 = DIRECTION ( 'NONE',  ( -5.782411586589356653E-16, 0.000000000000000000, -1.000000000000000000 ) ) ;
#2344 = EDGE_LOOP ( 'NONE', ( #750, #1775, #1797, #814 ) ) ;
#2345 = ORIENTED_EDGE ( 'NONE', *, *, #1800, .F. ) ;
#2346 = PLANE ( 'NONE',  #2446 ) ;
#2347 = CARTESIAN_POINT ( 'NONE',  ( 21.00000000000000355, 21.00000000000000355, 0.000000000000000000 ) ) ;
#2348 = AXIS2_PLACEMENT_3D ( 'NONE', #2908, #667, #394 ) ;
#2349 = CIRCLE ( 'NONE', #532, 20.00000000000000000 ) ;
#2350 = DIRECTION ( 'NONE',  ( 1.000000000000000000, -3.552713678800500929E-15, 0.000000000000000000 ) ) ;
#2351 = CARTESIAN_POINT ( 'NONE',  ( 18.50000000000001421, -11.99999999999999645, 23.50000000000000000 ) ) ;
#2352 = AXIS2_PLACEMENT_3D ( 'NONE', #215, #401, #1142 ) ;
#2353 = VERTEX_POINT ( 'NONE', #1899 ) ;
#2354 = EDGE_LOOP ( 'NONE', ( #620, #2206 ) ) ;
#2355 = ORIENTED_EDGE ( 'NONE', *, *, #120, .F. ) ;
#2356 = CARTESIAN_POINT ( 'NONE',  ( -21.74999999999997513, -15.24999999999999645, 26.50000000000000000 ) ) ;
#2357 = EDGE_CURVE ( 'NONE', #47, #1951, #2691, .T. ) ;
#2358 = VECTOR ( 'NONE', #571, 1000.000000000000000 ) ;
#2359 = CARTESIAN_POINT ( 'NONE',  ( 13.75000000000001776, 15.50000000000000711, 23.50000000000000000 ) ) ;
#2360 = VECTOR ( 'NONE', #836, 1000.000000000000000 ) ;
#2361 = EDGE_LOOP ( 'NONE', ( #2598, #1598, #1664, #2943 ) ) ;
#2362 = CARTESIAN_POINT ( 'NONE',  ( 15.99999999999990941, 21.00000000000001066, 16.49999999999999645 ) ) ;
#2363 = AXIS2_PLACEMENT_3D ( 'NONE', #2171, #347, #119 ) ;
#2364 = ORIENTED_EDGE ( 'NONE', *, *, #2901, .T. ) ;
#2365 = ORIENTED_EDGE ( 'NONE', *, *, #2940, .F. ) ;
#2366 = DIRECTION ( 'NONE',  ( -1.000000000000000000, -0.000000000000000000, -0.000000000000000000 ) ) ;
#2367 = DIRECTION ( 'NONE',  ( -1.156482317317871331E-15, -9.553223930492239006E-32, -1.000000000000000000 ) ) ;
#2368 = DIRECTION ( 'NONE',  ( 1.445602896647338917E-16, 0.000000000000000000, 1.000000000000000000 ) ) ;
#2369 = DIRECTION ( 'NONE',  ( -1.000000000000000000, 0.000000000000000000, 0.000000000000000000 ) ) ;
#2370 = ORIENTED_EDGE ( 'NONE', *, *, #2316, .T. ) ;
#2371 = EDGE_CURVE ( 'NONE', #2907, #11, #301, .T. ) ;
#2372 = FACE_OUTER_BOUND ( 'NONE', #2397, .T. ) ;
#2373 = DIRECTION ( 'NONE',  ( 5.782411586589355667E-16, 5.782411586589414831E-16, 1.000000000000000000 ) ) ;
#2374 = EDGE_CURVE ( 'NONE', #2764, #2807, #522, .T. ) ;
#2375 = VERTEX_POINT ( 'NONE', #1653 ) ;
#2376 = DIRECTION ( 'NONE',  ( -0.000000000000000000, 0.000000000000000000, 1.000000000000000000 ) ) ;
#2377 = EDGE_CURVE ( 'NONE', #1883, #592, #874, .T. ) ;
#2378 = ORIENTED_EDGE ( 'NONE', *, *, #2602, .F. ) ;
#2379 = ORIENTED_EDGE ( 'NONE', *, *, #834, .T. ) ;
#2380 = CARTESIAN_POINT ( 'NONE',  ( 18.50000000000001421, -20.99999999999999645, 4.499999999999996447 ) ) ;
#2381 = FACE_BOUND ( 'NONE', #965, .T. ) ;
#2382 = DIRECTION ( 'NONE',  ( 0.000000000000000000, 0.000000000000000000, -1.000000000000000000 ) ) ;
#2383 = LINE ( 'NONE', #1911, #2734 ) ;
#2384 = AXIS2_PLACEMENT_3D ( 'NONE', #603, #829, #2150 ) ;
#2385 = VERTEX_POINT ( 'NONE', #303 ) ;
#2386 = DIRECTION ( 'NONE',  ( -0.000000000000000000, -0.000000000000000000, -1.000000000000000000 ) ) ;
#2387 = DIRECTION ( 'NONE',  ( 1.000000000000000000, 0.000000000000000000, 0.000000000000000000 ) ) ;
#2388 = EDGE_LOOP ( 'NONE', ( #130, #373 ) ) ;
#2389 = DIRECTION ( 'NONE',  ( -1.000000000000000000, 0.000000000000000000, 0.000000000000000000 ) ) ;
#2390 = VERTEX_POINT ( 'NONE', #134 ) ;
#2391 = EDGE_LOOP ( 'NONE', ( #478, #1617 ) ) ;
#2392 = EDGE_CURVE ( 'NONE', #2207, #2265, #1983, .T. ) ;
#2393 = LINE ( 'NONE', #565, #20 ) ;
#2394 = CARTESIAN_POINT ( 'NONE',  ( 18.50000000000001066, 12.00000000000000355, 4.499999999999996447 ) ) ;
#2395 = LINE ( 'NONE', #1924, #201 ) ;
#2396 = CARTESIAN_POINT ( 'NONE',  ( 18.50000000000001421, -11.99999999999999645, 16.49999999999999289 ) ) ;
#2397 = EDGE_LOOP ( 'NONE', ( #534, #697, #2776, #2482 ) ) ;
#2398 = DIRECTION ( 'NONE',  ( -1.000000000000000000, 0.000000000000000000, 0.000000000000000000 ) ) ;
#2399 = LINE ( 'NONE', #1041, #724 ) ;
#2400 = CIRCLE ( 'NONE', #771, 1.749999999999999778 ) ;
#2401 = VECTOR ( 'NONE', #2366, 1000.000000000000000 ) ;
#2402 = ORIENTED_EDGE ( 'NONE', *, *, #523, .F. ) ;
#2403 = DIRECTION ( 'NONE',  ( -1.156482317317871331E-15, -9.553223930492239006E-32, -1.000000000000000000 ) ) ;
#2404 = VECTOR ( 'NONE', #1172, 1000.000000000000000 ) ;
#2405 = EDGE_LOOP ( 'NONE', ( #2423, #2086, #1743, #1821 ) ) ;
#2406 = ORIENTED_EDGE ( 'NONE', *, *, #1543, .T. ) ;
#2407 = AXIS2_PLACEMENT_3D ( 'NONE', #1007, #759, #539 ) ;
#2408 = EDGE_CURVE ( 'NONE', #2500, #1881, #1071, .T. ) ;
#2409 = ADVANCED_FACE ( 'NONE', ( #1475 ), #1968, .F. ) ;
#2410 = CARTESIAN_POINT ( 'NONE',  ( -18.50000000000006750, 18.49999999999987921, 31.00000000000000000 ) ) ;
#2411 = DIRECTION ( 'NONE',  ( 0.000000000000000000, 0.000000000000000000, 1.000000000000000000 ) ) ;
#2412 = ADVANCED_FACE ( 'NONE', ( #2874 ), #1700, .F. ) ;
#2413 = ORIENTED_EDGE ( 'NONE', *, *, #139, .F. ) ;
#2414 = DIRECTION ( 'NONE',  ( -0.000000000000000000, -0.000000000000000000, 1.000000000000000000 ) ) ;
#2415 = CARTESIAN_POINT ( 'NONE',  ( 15.99999999999991651, 21.00000000000000355, 31.00000000000000000 ) ) ;
#2416 = EDGE_LOOP ( 'NONE', ( #1691, #2232, #2627, #844, #634, #1861 ) ) ;
#2417 = PLANE ( 'NONE',  #2475 ) ;
#2418 = ORIENTED_EDGE ( 'NONE', *, *, #17, .T. ) ;
#2419 = ORIENTED_EDGE ( 'NONE', *, *, #2569, .T. ) ;
#2420 = CALENDAR_DATE ( 2024, 26, 9 ) ;
#2421 = CARTESIAN_POINT ( 'NONE',  ( -13.75000000000001599, -15.50000000000000000, 23.50000000000000000 ) ) ;
#2422 = LINE ( 'NONE', #1462, #973 ) ;
#2423 = ORIENTED_EDGE ( 'NONE', *, *, #2377, .T. ) ;
#2424 = DIRECTION ( 'NONE',  ( -1.000000000000000000, -8.260587980841936314E-17, 0.000000000000000000 ) ) ;
#2425 = DIRECTION ( 'NONE',  ( -0.000000000000000000, -0.000000000000000000, -1.000000000000000000 ) ) ;
#2426 = EDGE_CURVE ( 'NONE', #35, #359, #2383, .T. ) ;
#2427 = ORIENTED_EDGE ( 'NONE', *, *, #384, .F. ) ;
#2428 = ORIENTED_EDGE ( 'NONE', *, *, #1684, .F. ) ;
#2429 = DIRECTION ( 'NONE',  ( 1.000000000000000000, -0.000000000000000000, -1.156482317317871331E-15 ) ) ;
#2430 = DIRECTION ( 'NONE',  ( -0.000000000000000000, -0.000000000000000000, 1.000000000000000000 ) ) ;
#2431 = ORIENTED_EDGE ( 'NONE', *, *, #2751, .T. ) ;
#2432 = VERTEX_POINT ( 'NONE', #2846 ) ;
#2433 = CALENDAR_DATE ( 2024, 26, 9 ) ;
#2434 = FACE_OUTER_BOUND ( 'NONE', #1583, .T. ) ;
#2435 = LINE ( 'NONE', #2720, #65 ) ;
#2436 = EDGE_LOOP ( 'NONE', ( #2345, #559, #2284, #173, #1479, #100 ) ) ;
#2437 = CARTESIAN_POINT ( 'NONE',  ( -15.99999999999999645, 12.00000000000000355, 26.50000000000000000 ) ) ;
#2438 = FACE_BOUND ( 'NONE', #2007, .T. ) ;
#2439 = EDGE_CURVE ( 'NONE', #2564, #828, #1938, .T. ) ;
#2440 = EDGE_CURVE ( 'NONE', #1822, #2132, #567, .T. ) ;
#2441 = VERTEX_POINT ( 'NONE', #107 ) ;
#2442 = VERTEX_POINT ( 'NONE', #2604 ) ;
#2443 = LINE ( 'NONE', #414, #2749 ) ;
#2444 = VECTOR ( 'NONE', #1422, 1000.000000000000000 ) ;
#2445 = PLANE ( 'NONE',  #2930 ) ;
#2446 = AXIS2_PLACEMENT_3D ( 'NONE', #143, #1755, #971 ) ;
#2447 = EDGE_CURVE ( 'NONE', #2265, #387, #989, .T. ) ;
#2448 = DIRECTION ( 'NONE',  ( 1.000000000000000000, 0.000000000000000000, 0.000000000000000000 ) ) ;
#2449 = ORIENTED_EDGE ( 'NONE', *, *, #2096, .F. ) ;
#2450 = VECTOR ( 'NONE', #2262, 1000.000000000000000 ) ;
#2451 = AXIS2_PLACEMENT_3D ( 'NONE', #654, #625, #434 ) ;
#2452 = PLANE ( 'NONE',  #55 ) ;
#2453 = CARTESIAN_POINT ( 'NONE',  ( 15.99999999999997691, -20.99999999999999645, 31.00000000000000000 ) ) ;
#2454 = VECTOR ( 'NONE', #2580, 1000.000000000000000 ) ;
#2455 = EDGE_CURVE ( 'NONE', #1045, #732, #2174, .T. ) ;
#2456 = ORIENTED_EDGE ( 'NONE', *, *, #1221, .F. ) ;
#2457 = PLANE ( 'NONE',  #531 ) ;
#2458 = CARTESIAN_POINT ( 'NONE',  ( -15.99999999999991296, -20.99999999999999645, 16.50000000000000000 ) ) ;
#2459 = EDGE_LOOP ( 'NONE', ( #739, #1645, #700, #2032 ) ) ;
#2460 = DIRECTION ( 'NONE',  ( 0.000000000000000000, 0.000000000000000000, 1.000000000000000000 ) ) ;
#2461 = FACE_BOUND ( 'NONE', #2337, .T. ) ;
#2462 = EDGE_CURVE ( 'NONE', #293, #1270, #677, .T. ) ;
#2463 = CARTESIAN_POINT ( 'NONE',  ( 12.50000000000002309, -11.99999999999999645, 23.50000000000000000 ) ) ;
#2464 = ORIENTED_EDGE ( 'NONE', *, *, #2034, .F. ) ;
#2465 = EDGE_CURVE ( 'NONE', #2275, #338, #1718, .T. ) ;
#2466 = CARTESIAN_POINT ( 'NONE',  ( -13.75000000000002132, 15.50000000000000533, 0.000000000000000000 ) ) ;
#2467 = DIRECTION ( 'NONE',  ( -0.000000000000000000, 0.000000000000000000, 1.000000000000000000 ) ) ;
#2468 = EDGE_LOOP ( 'NONE', ( #42, #1052, #2136, #792, #1570, #1525 ) ) ;
#2469 = DIRECTION ( 'NONE',  ( -0.000000000000000000, -0.000000000000000000, -1.000000000000000000 ) ) ;
#2470 = DIRECTION ( 'NONE',  ( -0.000000000000000000, -0.000000000000000000, -1.000000000000000000 ) ) ;
#2471 = ORIENTED_EDGE ( 'NONE', *, *, #782, .T. ) ;
#2472 = ORIENTED_EDGE ( 'NONE', *, *, #1562, .F. ) ;
#2473 = DIRECTION ( 'NONE',  ( 1.000000000000000000, 0.000000000000000000, 0.000000000000000000 ) ) ;
#2474 = FACE_OUTER_BOUND ( 'NONE', #223, .T. ) ;
#2475 = AXIS2_PLACEMENT_3D ( 'NONE', #1468, #2376, #371 ) ;
#2476 = CYLINDRICAL_SURFACE ( 'NONE', #135, 11.50000000000000000 ) ;
#2477 = EDGE_CURVE ( 'NONE', #1767, #2385, #2422, .T. ) ;
#2478 = DIRECTION ( 'NONE',  ( -1.000000000000000000, 0.000000000000000000, 0.000000000000000000 ) ) ;
#2479 = DIRECTION ( 'NONE',  ( 1.000000000000000000, 8.260587980841936314E-17, -0.000000000000000000 ) ) ;
#2480 = DIRECTION ( 'NONE',  ( 0.7071067811865441310, 0.7071067811865510144, -0.000000000000000000 ) ) ;
#2481 = LINE ( 'NONE', #2221, #2450 ) ;
#2482 = ORIENTED_EDGE ( 'NONE', *, *, #284, .F. ) ;
#2483 = EDGE_LOOP ( 'NONE', ( #1524, #314 ) ) ;
#2484 = CARTESIAN_POINT ( 'NONE',  ( 15.50000000000002132, -15.49999999999999822, 31.00000000000000000 ) ) ;
#2485 = FACE_BOUND ( 'NONE', #968, .T. ) ;
#2486 = VECTOR ( 'NONE', #339, 1000.000000000000000 ) ;
#2487 = VECTOR ( 'NONE', #2130, 1000.000000000000000 ) ;
#2488 = CARTESIAN_POINT ( 'NONE',  ( -15.50000000000001599, -15.50000000000000000, 31.00000000000000000 ) ) ;
#2489 = VECTOR ( 'NONE', #482, 1000.000000000000000 ) ;
#2490 = EDGE_CURVE ( 'NONE', #293, #2565, #775, .T. ) ;
#2491 = VECTOR ( 'NONE', #411, 1000.000000000000000 ) ;
#2492 = CARTESIAN_POINT ( 'NONE',  ( 18.50000000000001066, 12.00000000000000355, 4.499999999999996447 ) ) ;
#2493 = DIRECTION ( 'NONE',  ( -0.000000000000000000, -0.000000000000000000, -1.000000000000000000 ) ) ;
#2494 = EDGE_CURVE ( 'NONE', #387, #115, #92, .T. ) ;
#2495 = VECTOR ( 'NONE', #1337, 1000.000000000000000 ) ;
#2496 = LINE ( 'NONE', #683, #1393 ) ;
#2497 = AXIS2_PLACEMENT_3D ( 'NONE', #79, #820, #1235 ) ;
#2498 = CARTESIAN_POINT ( 'NONE',  ( -21.74999999999997158, -15.25000000000000000, 16.50000000000000000 ) ) ;
#2499 = ADVANCED_FACE ( 'NONE', ( #1732 ), #352, .F. ) ;
#2500 = VERTEX_POINT ( 'NONE', #318 ) ;
#2501 = ORIENTED_EDGE ( 'NONE', *, *, #248, .T. ) ;
#2502 = CARTESIAN_POINT ( 'NONE',  ( 18.50000000000001066, 12.00000000000000355, 26.50000000000000000 ) ) ;
#2503 = CARTESIAN_POINT ( 'NONE',  ( -18.50000000000000711, -18.49999999999993250, 26.50000000000000000 ) ) ;
#2504 = CARTESIAN_POINT ( 'NONE',  ( 18.50000000000001066, 18.49999999999993960, 23.50000000000000000 ) ) ;
#2505 = CARTESIAN_POINT ( 'NONE',  ( -15.99999999999996980, 21.00000000000000000, 0.000000000000000000 ) ) ;
#2506 = LINE ( 'NONE', #2750, #1792 ) ;
#2507 = CARTESIAN_POINT ( 'NONE',  ( -18.50000000000001066, 12.00000000000000355, 23.50000000000000000 ) ) ;
#2508 = CC_DESIGN_DATE_AND_TIME_ASSIGNMENT ( #2283, #905, ( #239 ) ) ;
#2509 = DIRECTION ( 'NONE',  ( 0.000000000000000000, 0.000000000000000000, 1.000000000000000000 ) ) ;
#2510 = ORIENTED_EDGE ( 'NONE', *, *, #416, .F. ) ;
#2511 = VERTEX_POINT ( 'NONE', #1022 ) ;
#2512 = DIRECTION ( 'NONE',  ( 0.000000000000000000, 0.000000000000000000, -1.000000000000000000 ) ) ;
#2513 = ADVANCED_FACE ( 'NONE', ( #1942 ), #791, .F. ) ;
#2514 = CARTESIAN_POINT ( 'NONE',  ( -15.99999999999996980, 21.00000000000000000, 31.00000000000000000 ) ) ;
#2515 = EDGE_LOOP ( 'NONE', ( #2083, #1369 ) ) ;
#2516 = CARTESIAN_POINT ( 'NONE',  ( 16.00000000000000355, -11.99999999999999645, 4.499999999999996447 ) ) ;
#2517 = ORIENTED_EDGE ( 'NONE', *, *, #1228, .F. ) ;
#2518 = DIRECTION ( 'NONE',  ( 0.000000000000000000, 0.000000000000000000, 1.000000000000000000 ) ) ;
#2519 = DIRECTION ( 'NONE',  ( -8.260587980841936314E-17, 1.000000000000000000, -0.000000000000000000 ) ) ;
#2520 = CYLINDRICAL_SURFACE ( 'NONE', #6, 1.750000000000001554 ) ;
#2521 = LINE ( 'NONE', #495, #821 ) ;
#2522 = ORIENTED_EDGE ( 'NONE', *, *, #1059, .F. ) ;
#2523 = ORIENTED_EDGE ( 'NONE', *, *, #1574, .F. ) ;
#2524 = ORIENTED_EDGE ( 'NONE', *, *, #1114, .T. ) ;
#2525 = EDGE_CURVE ( 'NONE', #1421, #550, #1955, .T. ) ;
#2526 = DIRECTION ( 'NONE',  ( 0.000000000000000000, 0.000000000000000000, -1.000000000000000000 ) ) ;
#2527 = CARTESIAN_POINT ( 'NONE',  ( -12.50000000000000355, -15.61249499599599311, 2.000000000000003553 ) ) ;
#2528 = EDGE_CURVE ( 'NONE', #241, #1510, #2905, .T. ) ;
#2529 = ORIENTED_EDGE ( 'NONE', *, *, #1888, .F. ) ;
#2530 = CARTESIAN_POINT ( 'NONE',  ( -12.50000000000000533, 15.61249499599599133, 16.50000000000000000 ) ) ;
#2531 = EDGE_CURVE ( 'NONE', #1055, #2605, #884, .T. ) ;
#2532 = VECTOR ( 'NONE', #2098, 1000.000000000000000 ) ;
#2533 = VERTEX_POINT ( 'NONE', #850 ) ;
#2534 = DIRECTION ( 'NONE',  ( -1.000000000000000000, 0.000000000000000000, 0.000000000000000000 ) ) ;
#2535 = VECTOR ( 'NONE', #1217, 1000.000000000000000 ) ;
#2536 = FACE_OUTER_BOUND ( 'NONE', #2855, .T. ) ;
#2537 = CIRCLE ( 'NONE', #299, 1.749999999999999778 ) ;
#2538 = CARTESIAN_POINT ( 'NONE',  ( 18.50000000000001066, 12.00000000000000355, 4.499999999999996447 ) ) ;
#2539 = DIRECTION ( 'NONE',  ( 1.000000000000000000, 0.000000000000000000, 0.000000000000000000 ) ) ;
#2540 = VECTOR ( 'NONE', #808, 1000.000000000000000 ) ;
#2541 = ADVANCED_FACE ( 'NONE', ( #181 ), #2694, .F. ) ;
#2542 = AXIS2_PLACEMENT_3D ( 'NONE', #1411, #2318, #102 ) ;
#2543 = EDGE_LOOP ( 'NONE', ( #1969, #2370, #2140, #857 ) ) ;
#2544 = VERTEX_POINT ( 'NONE', #2200 ) ;
#2545 = ORIENTED_EDGE ( 'NONE', *, *, #269, .T. ) ;
#2546 = DIRECTION ( 'NONE',  ( -1.000000000000000000, 0.000000000000000000, 0.000000000000000000 ) ) ;
#2547 = DIRECTION ( 'NONE',  ( 1.000000000000000000, -0.000000000000000000, -0.000000000000000000 ) ) ;
#2548 = ORIENTED_EDGE ( 'NONE', *, *, #2809, .T. ) ;
#2549 = DIRECTION ( 'NONE',  ( 8.260587980841938780E-17, -1.000000000000000000, 0.000000000000000000 ) ) ;
#2550 = ADVANCED_FACE ( 'NONE', ( #610 ), #2937, .F. ) ;
#2551 = VECTOR ( 'NONE', #1447, 1000.000000000000000 ) ;
#2552 = ORIENTED_EDGE ( 'NONE', *, *, #487, .F. ) ;
#2553 = CARTESIAN_POINT ( 'NONE',  ( -15.50000000000001599, -15.50000000000000000, 26.50000000000000000 ) ) ;
#2554 = EDGE_CURVE ( 'NONE', #1255, #2626, #2787, .T. ) ;
#2555 = DIRECTION ( 'NONE',  ( -0.000000000000000000, -0.000000000000000000, -1.000000000000000000 ) ) ;
#2556 = CARTESIAN_POINT ( 'NONE',  ( -18.50000000000001066, 12.00000000000000355, 23.50000000000000000 ) ) ;
#2557 = CARTESIAN_POINT ( 'NONE',  ( 15.50000000000002132, -15.49999999999999822, 31.00000000000000000 ) ) ;
#2558 = ORIENTED_EDGE ( 'NONE', *, *, #1093, .F. ) ;
#2559 = ORIENTED_EDGE ( 'NONE', *, *, #1285, .F. ) ;
#2560 = FACE_BOUND ( 'NONE', #2391, .T. ) ;
#2561 = CARTESIAN_POINT ( 'NONE',  ( 12.50000000000002309, -11.99999999999999645, 23.50000000000000000 ) ) ;
#2562 = ORIENTED_EDGE ( 'NONE', *, *, #2906, .F. ) ;
#2563 = DIRECTION ( 'NONE',  ( 8.260587980841936314E-17, -1.000000000000000000, 0.000000000000000000 ) ) ;
#2564 = VERTEX_POINT ( 'NONE', #1805 ) ;
#2565 = VERTEX_POINT ( 'NONE', #1788 ) ;
#2566 = DIRECTION ( 'NONE',  ( -0.000000000000000000, -0.000000000000000000, -1.000000000000000000 ) ) ;
#2567 = CARTESIAN_POINT ( 'NONE',  ( 12.50000000000002309, 15.61249499599600021, 26.50000000000000000 ) ) ;
#2568 = VECTOR ( 'NONE', #736, 1000.000000000000000 ) ;
#2569 = EDGE_CURVE ( 'NONE', #1694, #1117, #2678, .T. ) ;
#2570 = LINE ( 'NONE', #302, #2535 ) ;
#2571 = LINE ( 'NONE', #2351, #1889 ) ;
#2572 = EDGE_LOOP ( 'NONE', ( #246, #888, #1092, #1074 ) ) ;
#2573 = ORIENTED_EDGE ( 'NONE', *, *, #2357, .T. ) ;
#2574 = CARTESIAN_POINT ( 'NONE',  ( -18.50000000000001066, 12.00000000000000355, 4.500000000000000000 ) ) ;
#2575 = DIRECTION ( 'NONE',  ( -0.000000000000000000, -0.000000000000000000, -1.000000000000000000 ) ) ;
#2576 = ORIENTED_EDGE ( 'NONE', *, *, #1169, .F. ) ;
#2577 = DIRECTION ( 'NONE',  ( 0.000000000000000000, 0.000000000000000000, 1.000000000000000000 ) ) ;
#2578 = ORIENTED_EDGE ( 'NONE', *, *, #576, .T. ) ;
#2579 = LINE ( 'NONE', #1665, #582 ) ;
#2580 = DIRECTION ( 'NONE',  ( -8.260587980841938780E-17, 1.000000000000000000, -0.000000000000000000 ) ) ;
#2581 = VECTOR ( 'NONE', #2607, 1000.000000000000000 ) ;
#2582 = EDGE_CURVE ( 'NONE', #1916, #1225, #540, .T. ) ;
#2583 = AXIS2_PLACEMENT_3D ( 'NONE', #521, #988, #2616 ) ;
#2584 = CARTESIAN_POINT ( 'NONE',  ( -18.50000000000001066, 12.00000000000000355, 4.500000000000000000 ) ) ;
#2585 = DIRECTION ( 'NONE',  ( -8.260587980841936314E-17, 1.000000000000000000, -0.000000000000000000 ) ) ;
#2586 = EDGE_CURVE ( 'NONE', #454, #1237, #643, .T. ) ;
#2587 = VECTOR ( 'NONE', #2292, 1000.000000000000000 ) ;
#2588 = ORIENTED_EDGE ( 'NONE', *, *, #816, .F. ) ;
#2589 = CARTESIAN_POINT ( 'NONE',  ( 18.50000000000001066, 12.00000000000000355, 23.50000000000000000 ) ) ;
#2590 = VECTOR ( 'NONE', #912, 1000.000000000000000 ) ;
#2591 = LINE ( 'NONE', #2190, #2540 ) ;
#2592 = EDGE_CURVE ( 'NONE', #2375, #1928, #150, .T. ) ;
#2593 = EDGE_LOOP ( 'NONE', ( #311, #1809, #2510, #852 ) ) ;
#2594 = AXIS2_PLACEMENT_3D ( 'NONE', #2733, #2782, #1182 ) ;
#2595 = ORIENTED_EDGE ( 'NONE', *, *, #366, .F. ) ;
#2596 = LINE ( 'NONE', #560, #800 ) ;
#2597 = CIRCLE ( 'NONE', #305, 1.749999999999999778 ) ;
#2598 = ORIENTED_EDGE ( 'NONE', *, *, #2462, .T. ) ;
#2599 = VERTEX_POINT ( 'NONE', #168 ) ;
#2600 = DIRECTION ( 'NONE',  ( 0.000000000000000000, 1.000000000000000000, 0.000000000000000000 ) ) ;
#2601 = DIRECTION ( 'NONE',  ( -1.000000000000000000, 0.000000000000000000, 0.000000000000000000 ) ) ;
#2602 = EDGE_CURVE ( 'NONE', #869, #1241, #162, .T. ) ;
#2603 = DIRECTION ( 'NONE',  ( 0.000000000000000000, -0.000000000000000000, -1.000000000000000000 ) ) ;
#2604 = CARTESIAN_POINT ( 'NONE',  ( -18.50000000000001066, 12.00000000000000355, 26.50000000000000000 ) ) ;
#2605 = VERTEX_POINT ( 'NONE', #1067 ) ;
#2606 = ORIENTED_EDGE ( 'NONE', *, *, #2063, .F. ) ;
#2607 = DIRECTION ( 'NONE',  ( -0.000000000000000000, -0.000000000000000000, 1.000000000000000000 ) ) ;
#2608 = LINE ( 'NONE', #2415, #1159 ) ;
#2609 = EDGE_CURVE ( 'NONE', #296, #1839, #1162, .T. ) ;
#2610 = EDGE_LOOP ( 'NONE', ( #2127, #2857, #1890, #1202 ) ) ;
#2611 = CARTESIAN_POINT ( 'NONE',  ( 15.99999999999999645, 12.00000000000000355, 23.50000000000000000 ) ) ;
#2612 = CYLINDRICAL_SURFACE ( 'NONE', #2712, 11.50000000000000000 ) ;
#2613 = ORIENTED_EDGE ( 'NONE', *, *, #2016, .T. ) ;
#2614 = DIRECTION ( 'NONE',  ( -0.000000000000000000, -0.000000000000000000, -1.000000000000000000 ) ) ;
#2615 = CARTESIAN_POINT ( 'NONE',  ( 21.00000000000000355, 15.99999999999996980, 31.00000000000000000 ) ) ;
#2616 = DIRECTION ( 'NONE',  ( 1.000000000000000000, 0.000000000000000000, 0.000000000000000000 ) ) ;
#2617 = CARTESIAN_POINT ( 'NONE',  ( -17.25000000000002132, 15.50000000000000533, 31.00000000000000000 ) ) ;
#2618 = VECTOR ( 'NONE', #2429, 1000.000000000000000 ) ;
#2619 = ORIENTED_EDGE ( 'NONE', *, *, #541, .F. ) ;
#2620 = DIRECTION ( 'NONE',  ( -1.000000000000000000, 0.000000000000000000, 0.000000000000000000 ) ) ;
#2621 = CARTESIAN_POINT ( 'NONE',  ( 17.25000000000001421, 15.50000000000000711, 26.50000000000000000 ) ) ;
#2622 = ADVANCED_FACE ( 'NONE', ( #1294 ), #1580, .T. ) ;
#2623 = ORIENTED_EDGE ( 'NONE', *, *, #1884, .T. ) ;
#2624 = PLANE ( 'NONE',  #2384 ) ;
#2625 = EDGE_CURVE ( 'NONE', #1855, #141, #2435, .T. ) ;
#2626 = VERTEX_POINT ( 'NONE', #408 ) ;
#2627 = ORIENTED_EDGE ( 'NONE', *, *, #1722, .T. ) ;
#2628 = DIRECTION ( 'NONE',  ( -0.000000000000000000, 0.000000000000000000, 1.000000000000000000 ) ) ;
#2629 = EDGE_CURVE ( 'NONE', #2870, #1708, #391, .T. ) ;
#2630 = CC_DESIGN_APPROVAL ( #1979, ( #209 ) ) ;
#2631 = LINE ( 'NONE', #1760, #1073 ) ;
#2632 = CARTESIAN_POINT ( 'NONE',  ( 12.49999999999999467, 15.61249499599600021, 1.999999999999987566 ) ) ;
#2633 = VECTOR ( 'NONE', #1635, 1000.000000000000000 ) ;
#2634 = CARTESIAN_POINT ( 'NONE',  ( 12.50000000000000888, 12.00000000000000355, 16.50000000000000000 ) ) ;
#2635 = VECTOR ( 'NONE', #1323, 1000.000000000000000 ) ;
#2636 = ORIENTED_EDGE ( 'NONE', *, *, #2650, .T. ) ;
#2637 = LINE ( 'NONE', #2877, #295 ) ;
#2638 = DIRECTION ( 'NONE',  ( 1.000000000000000000, 0.000000000000000000, 0.000000000000000000 ) ) ;
#2639 = AXIS2_PLACEMENT_3D ( 'NONE', #2010, #420, #2243 ) ;
#2640 = AXIS2_PLACEMENT_3D ( 'NONE', #1871, #25, #263 ) ;
#2641 = ORIENTED_EDGE ( 'NONE', *, *, #403, .T. ) ;
#2642 = ORIENTED_EDGE ( 'NONE', *, *, #1351, .F. ) ;
#2643 = CARTESIAN_POINT ( 'NONE',  ( 18.50000000000001066, 12.00000000000000355, 4.499999999999996447 ) ) ;
#2644 = CIRCLE ( 'NONE', #1596, 11.50000000000000000 ) ;
#2646 = ORIENTED_EDGE ( 'NONE', *, *, #2138, .F. ) ;
#2645 = EDGE_CURVE ( 'NONE', #2385, #2544, #2259, .T. ) ;
#2647 = VERTEX_POINT ( 'NONE', #2949 ) ;
#2648 = AXIS2_PLACEMENT_3D ( 'NONE', #365, #1250, #2369 ) ;
#2649 = PERSON_AND_ORGANIZATION ( #1715, #2201 ) ;
#2650 = EDGE_CURVE ( 'NONE', #1106, #2739, #894, .T. ) ;
#2651 = CARTESIAN_POINT ( 'NONE',  ( -18.50000000000000711, -11.99999999999999645, 23.50000000000000000 ) ) ;
#2652 = CARTESIAN_POINT ( 'NONE',  ( -18.50000000000000355, 12.00000000000000355, 16.50000000000000000 ) ) ;
#2653 = ORIENTED_EDGE ( 'NONE', *, *, #2016, .F. ) ;
#2654 = FACE_OUTER_BOUND ( 'NONE', #2361, .T. ) ;
#2655 = DIRECTION ( 'NONE',  ( 1.000000000000000000, -0.000000000000000000, -0.000000000000000000 ) ) ;
#2656 = ORIENTED_EDGE ( 'NONE', *, *, #2230, .T. ) ;
#2657 = CARTESIAN_POINT ( 'NONE',  ( 12.50000000000000711, 12.00000000000000355, 4.499999999999996447 ) ) ;
#2658 = VECTOR ( 'NONE', #659, 1000.000000000000000 ) ;
#2659 = FACE_OUTER_BOUND ( 'NONE', #2219, .T. ) ;
#2660 = VERTEX_POINT ( 'NONE', #665 ) ;
#2661 = ORIENTED_EDGE ( 'NONE', *, *, #1246, .T. ) ;
#2662 = PERSON_AND_ORGANIZATION ( #1715, #2201 ) ;
#2663 = DIRECTION ( 'NONE',  ( -1.000000000000000000, 0.000000000000000000, -0.000000000000000000 ) ) ;
#2664 = DIRECTION ( 'NONE',  ( -1.000000000000000000, 0.000000000000000000, 0.000000000000000000 ) ) ;
#2665 = EDGE_CURVE ( 'NONE', #2390, #959, #1633, .T. ) ;
#2666 = ORIENTED_EDGE ( 'NONE', *, *, #679, .F. ) ;
#2667 = CARTESIAN_POINT ( 'NONE',  ( -12.50000000000001599, 21.00000000000000355, 23.50000000000000000 ) ) ;
#2668 = VECTOR ( 'NONE', #247, 1000.000000000000000 ) ;
#2669 = CARTESIAN_POINT ( 'NONE',  ( 18.50000000000001421, -11.99999999999999645, 4.499999999999996447 ) ) ;
#2670 = ORIENTED_EDGE ( 'NONE', *, *, #1812, .T. ) ;
#2671 = DIRECTION ( 'NONE',  ( 0.000000000000000000, 0.000000000000000000, 1.000000000000000000 ) ) ;
#2672 = LINE ( 'NONE', #1896, #249 ) ;
#2673 = VERTEX_POINT ( 'NONE', #1876 ) ;
#2674 = ORIENTED_EDGE ( 'NONE', *, *, #523, .T. ) ;
#2675 = VECTOR ( 'NONE', #174, 1000.000000000000000 ) ;
#2676 = DATE_AND_TIME ( #2903, #1392 ) ;
#2677 = CARTESIAN_POINT ( 'NONE',  ( -13.75000000000002132, 15.50000000000000533, 16.50000000000000000 ) ) ;
#2678 = LINE ( 'NONE', #2039, #2495 ) ;
#2679 = ORIENTED_EDGE ( 'NONE', *, *, #2924, .F. ) ;
#2680 = CARTESIAN_POINT ( 'NONE',  ( -12.50000000000001243, -11.99999999999999645, 26.50000000000000000 ) ) ;
#2681 = EDGE_CURVE ( 'NONE', #760, #1703, #1168, .T. ) ;
#2682 = LINE ( 'NONE', #1582, #252 ) ;
#2683 = ORIENTED_EDGE ( 'NONE', *, *, #2847, .F. ) ;
#2684 = CYLINDRICAL_SURFACE ( 'NONE', #897, 1.749999999999999778 ) ;
#2685 = EDGE_CURVE ( 'NONE', #2107, #658, #1198, .T. ) ;
#2686 = VECTOR ( 'NONE', #1278, 1000.000000000000000 ) ;
#2687 = LINE ( 'NONE', #2045, #353 ) ;
#2688 = VECTOR ( 'NONE', #315, 1000.000000000000000 ) ;
#2689 = PLANE ( 'NONE',  #226 ) ;
#2690 = VERTEX_POINT ( 'NONE', #1423 ) ;
#2691 = CIRCLE ( 'NONE', #490, 1.749999999999998002 ) ;
#2692 = VECTOR ( 'NONE', #1897, 1000.000000000000000 ) ;
#2693 = DIRECTION ( 'NONE',  ( -0.000000000000000000, -0.000000000000000000, 1.000000000000000000 ) ) ;
#2694 = PLANE ( 'NONE',  #304 ) ;
#2695 = ORIENTED_EDGE ( 'NONE', *, *, #1388, .F. ) ;
#2696 = CARTESIAN_POINT ( 'NONE',  ( -13.75000000000002132, 15.50000000000000533, 31.00000000000000000 ) ) ;
#2697 = PLANE ( 'NONE',  #1454 ) ;
#2698 = APPROVAL ( #641, 'UNSPECIFIED' ) ;
#2699 = ORIENTED_EDGE ( 'NONE', *, *, #2175, .T. ) ;
#2700 = DIRECTION ( 'NONE',  ( 1.000000000000000000, 0.000000000000000000, 0.000000000000000000 ) ) ;
#2701 = FACE_OUTER_BOUND ( 'NONE', #1625, .T. ) ;
#2702 = EDGE_CURVE ( 'NONE', #2848, #1859, #1647, .T. ) ;
#2703 = CYLINDRICAL_SURFACE ( 'NONE', #2191, 1.749999999999999778 ) ;
#2704 = CARTESIAN_POINT ( 'NONE',  ( 15.50000000000001776, 15.50000000000000711, 16.49999999999999645 ) ) ;
#2705 = DIRECTION ( 'NONE',  ( -8.260587980841936314E-17, 1.000000000000000000, -0.000000000000000000 ) ) ;
#2706 = CARTESIAN_POINT ( 'NONE',  ( -18.50000000000000711, -11.99999999999999645, 26.50000000000000000 ) ) ;
#2707 = PLANE ( 'NONE',  #2215 ) ;
#2708 = ORIENTED_EDGE ( 'NONE', *, *, #1484, .T. ) ;
#2709 = ORIENTED_EDGE ( 'NONE', *, *, #2316, .F. ) ;
#2710 = LINE ( 'NONE', #842, #2658 ) ;
#2711 = CARTESIAN_POINT ( 'NONE',  ( -21.00000000000000355, 15.99999999999991296, 16.50000000000000000 ) ) ;
#2712 = AXIS2_PLACEMENT_3D ( 'NONE', #2169, #639, #2729 ) ;
#2713 = EDGE_CURVE ( 'NONE', #56, #1143, #283, .T. ) ;
#2714 = DIRECTION ( 'NONE',  ( -0.000000000000000000, -0.000000000000000000, -1.000000000000000000 ) ) ;
#2715 = EDGE_CURVE ( 'NONE', #1559, #2564, #2094, .T. ) ;
#2716 = CALENDAR_DATE ( 2024, 26, 9 ) ;
#2717 = DIRECTION ( 'NONE',  ( 0.000000000000000000, 0.000000000000000000, 1.000000000000000000 ) ) ;
#2718 = ADVANCED_FACE ( 'NONE', ( #44 ), #1135, .F. ) ;
#2719 = AXIS2_PLACEMENT_3D ( 'NONE', #1798, #2671, #1572 ) ;
#2720 = CARTESIAN_POINT ( 'NONE',  ( 18.50000000000001421, -11.99999999999999645, 4.499999999999996447 ) ) ;
#2721 = CARTESIAN_POINT ( 'NONE',  ( -15.50000000000002132, 15.50000000000000533, 31.00000000000000000 ) ) ;
#2722 = DIRECTION ( 'NONE',  ( -0.000000000000000000, -0.000000000000000000, -1.000000000000000000 ) ) ;
#2723 = ORIENTED_EDGE ( 'NONE', *, *, #156, .F. ) ;
#2724 = ORIENTED_EDGE ( 'NONE', *, *, #2371, .T. ) ;
#2725 = DIRECTION ( 'NONE',  ( -1.000000000000000000, 0.000000000000000000, 0.000000000000000000 ) ) ;
#2726 = CARTESIAN_POINT ( 'NONE',  ( 21.00000000000000355, 21.00000000000000355, 31.00000000000000000 ) ) ;
#2727 = AXIS2_PLACEMENT_3D ( 'NONE', #2261, #2922, #1791 ) ;
#2728 = AXIS2_PLACEMENT_3D ( 'NONE', #407, #1122, #2199 ) ;
#2729 = DIRECTION ( 'NONE',  ( -1.000000000000000000, 0.000000000000000000, 0.000000000000000000 ) ) ;
#2730 = VECTOR ( 'NONE', #513, 1000.000000000000000 ) ;
#2731 = AXIS2_PLACEMENT_3D ( 'NONE', #629, #2015, #2910 ) ;
#2732 = CARTESIAN_POINT ( 'NONE',  ( -15.50000000000002132, 15.50000000000000533, 4.500000000000000888 ) ) ;
#2733 = CARTESIAN_POINT ( 'NONE',  ( 0.000000000000000000, 0.000000000000000000, 26.50000000000000000 ) ) ;
#2734 = VECTOR ( 'NONE', #2159, 1000.000000000000000 ) ;
#2735 = ADVANCED_FACE ( 'NONE', ( #507 ), #1666, .F. ) ;
#2736 = CARTESIAN_POINT ( 'NONE',  ( 21.00000000000000711, -15.99999999999991651, 31.00000000000000000 ) ) ;
#2737 = VECTOR ( 'NONE', #2871, 1000.000000000000000 ) ;
#2738 = LINE ( 'NONE', #237, #773 ) ;
#2739 = VERTEX_POINT ( 'NONE', #1849 ) ;
#2740 = ORIENTED_EDGE ( 'NONE', *, *, #419, .T. ) ;
#2741 = PLANE ( 'NONE',  #2873 ) ;
#2742 = DIRECTION ( 'NONE',  ( 1.445602896647338917E-16, 0.000000000000000000, 1.000000000000000000 ) ) ;
#2743 = ORIENTED_EDGE ( 'NONE', *, *, #2525, .F. ) ;
#2744 = CARTESIAN_POINT ( 'NONE',  ( 15.50000000000001776, 15.50000000000000711, 4.499999999999997335 ) ) ;
#2745 = EDGE_CURVE ( 'NONE', #329, #1316, #2081, .T. ) ;
#2746 = PERSON_AND_ORGANIZATION_ROLE ( 'creator' ) ;
#2747 = EDGE_LOOP ( 'NONE', ( #1374, #518, #549, #1961, #898, #1069, #511, #144, #2022, #423, #83, #779 ) ) ;
#2748 = DIRECTION ( 'NONE',  ( 1.000000000000000000, 0.000000000000000000, 0.000000000000000000 ) ) ;
#2749 = VECTOR ( 'NONE', #2044, 1000.000000000000000 ) ;
#2750 = CARTESIAN_POINT ( 'NONE',  ( 21.74999999999998579, -15.24999999999993605, 16.49999999999998934 ) ) ;
#2751 = EDGE_CURVE ( 'NONE', #85, #2390, #30, .T. ) ;
#2752 = FACE_BOUND ( 'NONE', #2515, .T. ) ;
#2753 = CARTESIAN_POINT ( 'NONE',  ( -15.50000000000001599, -15.50000000000000000, 31.00000000000000000 ) ) ;
#2754 = EDGE_CURVE ( 'NONE', #1872, #2441, #492, .T. ) ;
#2755 = ORIENTED_EDGE ( 'NONE', *, *, #2810, .T. ) ;
#2756 = ORIENTED_EDGE ( 'NONE', *, *, #2754, .F. ) ;
#2757 = ORIENTED_EDGE ( 'NONE', *, *, #2273, .T. ) ;
#2758 = DIRECTION ( 'NONE',  ( 8.260587980841936314E-17, -1.000000000000000000, 0.000000000000000000 ) ) ;
#2759 = DIRECTION ( 'NONE',  ( -0.000000000000000000, -0.000000000000000000, 1.000000000000000000 ) ) ;
#2760 = EDGE_CURVE ( 'NONE', #115, #1767, #2506, .T. ) ;
#2761 = VERTEX_POINT ( 'NONE', #255 ) ;
#2762 = CARTESIAN_POINT ( 'NONE',  ( -13.75000000000002132, 15.50000000000000533, 26.50000000000000000 ) ) ;
#2763 = AXIS2_PLACEMENT_3D ( 'NONE', #2853, #2840, #2389 ) ;
#2764 = VERTEX_POINT ( 'NONE', #1832 ) ;
#2765 = EDGE_CURVE ( 'NONE', #2087, #799, #2286, .T. ) ;
#2766 = CARTESIAN_POINT ( 'NONE',  ( -15.50000000000002132, 15.50000000000000533, 31.00000000000000000 ) ) ;
#2767 = CARTESIAN_POINT ( 'NONE',  ( 17.25000000000002132, -15.49999999999999822, 31.00000000000000000 ) ) ;
#2768 = DIRECTION ( 'NONE',  ( 0.7071067811865510144, -0.7071067811865441310, 0.000000000000000000 ) ) ;
#2769 = LINE ( 'NONE', #684, #585 ) ;
#2770 = ADVANCED_FACE ( 'NONE', ( #742, #2536 ), #2270, .T. ) ;
#2771 = ORIENTED_EDGE ( 'NONE', *, *, #782, .F. ) ;
#2772 = ORIENTED_EDGE ( 'NONE', *, *, #1040, .F. ) ;
#2773 = FACE_OUTER_BOUND ( 'NONE', #2405, .T. ) ;
#2774 = CARTESIAN_POINT ( 'NONE',  ( 18.50000000000001066, 12.00000000000000355, 4.499999999999996447 ) ) ;
#2775 = ADVANCED_FACE ( 'NONE', ( #1376 ), #234, .F. ) ;
#2776 = ORIENTED_EDGE ( 'NONE', *, *, #1382, .F. ) ;
#2777 = DIRECTION ( 'NONE',  ( -0.000000000000000000, -0.000000000000000000, -1.000000000000000000 ) ) ;
#2778 = VECTOR ( 'NONE', #911, 1000.000000000000000 ) ;
#2779 = ORIENTED_EDGE ( 'NONE', *, *, #548, .T. ) ;
#2780 = DIRECTION ( 'NONE',  ( 0.000000000000000000, 0.000000000000000000, 1.000000000000000000 ) ) ;
#2781 = AXIS2_PLACEMENT_3D ( 'NONE', #317, #2693, #2872 ) ;
#2782 = DIRECTION ( 'NONE',  ( -0.000000000000000000, -0.000000000000000000, -1.000000000000000000 ) ) ;
#2783 = CIRCLE ( 'NONE', #2066, 1.749999999999999778 ) ;
#2784 = LINE ( 'NONE', #270, #1634 ) ;
#2785 = DIRECTION ( 'NONE',  ( -0.000000000000000000, -0.000000000000000000, -1.000000000000000000 ) ) ;
#2786 = VECTOR ( 'NONE', #1930, 1000.000000000000000 ) ;
#2787 = CIRCLE ( 'NONE', #2070, 1.749999999999999778 ) ;
#2788 = ORIENTED_EDGE ( 'NONE', *, *, #2060, .F. ) ;
#2789 = EDGE_LOOP ( 'NONE', ( #2298, #730, #266, #1476 ) ) ;
#2790 = ORIENTED_EDGE ( 'NONE', *, *, #2211, .T. ) ;
#2791 = DIRECTION ( 'NONE',  ( 8.260587980841936314E-17, -1.000000000000000000, 0.000000000000000000 ) ) ;
#2792 = LINE ( 'NONE', #2561, #2587 ) ;
#2793 = VERTEX_POINT ( 'NONE', #926 ) ;
#2794 = CARTESIAN_POINT ( 'NONE',  ( -13.75000000000002132, 15.50000000000000533, 31.00000000000000000 ) ) ;
#2795 = ADVANCED_FACE ( 'NONE', ( #694 ), #2301, .F. ) ;
#2796 = EDGE_LOOP ( 'NONE', ( #2289, #489, #2152, #1901 ) ) ;
#2797 = ORIENTED_EDGE ( 'NONE', *, *, #632, .T. ) ;
#2798 = FACE_OUTER_BOUND ( 'NONE', #1208, .T. ) ;
#2799 = CARTESIAN_POINT ( 'NONE',  ( -21.00000000000000355, 15.99999999999991296, 4.500000000000000888 ) ) ;
#2800 = CARTESIAN_POINT ( 'NONE',  ( -21.74999999999997513, -15.24999999999999645, 4.500000000000000000 ) ) ;
#2801 = FACE_OUTER_BOUND ( 'NONE', #1676, .T. ) ;
#2802 = ORIENTED_EDGE ( 'NONE', *, *, #871, .T. ) ;
#2803 = EDGE_CURVE ( 'NONE', #2605, #346, #1939, .T. ) ;
#2804 = ORIENTED_EDGE ( 'NONE', *, *, #2462, .F. ) ;
#2805 = CARTESIAN_POINT ( 'NONE',  ( 12.50000000000001243, -11.99999999999999645, 16.50000000000000000 ) ) ;
#2806 = LINE ( 'NONE', #1192, #1207 ) ;
#2807 = VERTEX_POINT ( 'NONE', #1233 ) ;
#2808 = DIRECTION ( 'NONE',  ( 0.000000000000000000, 0.000000000000000000, -1.000000000000000000 ) ) ;
#2809 = EDGE_CURVE ( 'NONE', #568, #2647, #2129, .T. ) ;
#2811 = ORIENTED_EDGE ( 'NONE', *, *, #998, .F. ) ;
#2810 = EDGE_CURVE ( 'NONE', #1273, #1368, #1313, .T. ) ;
#2812 = ORIENTED_EDGE ( 'NONE', *, *, #2490, .T. ) ;
#2813 = PLANE ( 'NONE',  #1017 ) ;
#2814 = CARTESIAN_POINT ( 'NONE',  ( -15.50000000000002132, 15.50000000000000533, 26.50000000000000000 ) ) ;
#2815 = VECTOR ( 'NONE', #97, 1000.000000000000000 ) ;
#2816 = EDGE_CURVE ( 'NONE', #2690, #589, #1729, .T. ) ;
#2817 = CARTESIAN_POINT ( 'NONE',  ( -15.99999999999991296, -21.00000000000000000, 31.00000000000000000 ) ) ;
#2818 = DIRECTION ( 'NONE',  ( 1.000000000000000000, 0.000000000000000000, 0.000000000000000000 ) ) ;
#2819 = ORIENTED_EDGE ( 'NONE', *, *, #2531, .F. ) ;
#2820 = FACE_OUTER_BOUND ( 'NONE', #2610, .T. ) ;
#2821 = LINE ( 'NONE', #715, #2730 ) ;
#2822 = ORIENTED_EDGE ( 'NONE', *, *, #2151, .T. ) ;
#2823 = CARTESIAN_POINT ( 'NONE',  ( -18.50000000000000355, 18.49999999999993960, 16.50000000000000000 ) ) ;
#2824 = ORIENTED_EDGE ( 'NONE', *, *, #327, .T. ) ;
#2825 = EDGE_LOOP ( 'NONE', ( #935, #931, #1686, #2926, #2517, #1936 ) ) ;
#2826 = CARTESIAN_POINT ( 'NONE',  ( 18.50000000000001421, -18.49999999999993250, 23.50000000000000000 ) ) ;
#2827 = CARTESIAN_POINT ( 'NONE',  ( -11.50000000000000000, 0.000000000000000000, 2.000000000000001776 ) ) ;
#2828 = AXIS2_PLACEMENT_3D ( 'NONE', #1776, #1311, #2028 ) ;
#2829 = AXIS2_PLACEMENT_3D ( 'NONE', #2766, #217, #1589 ) ;
#2830 = CARTESIAN_POINT ( 'NONE',  ( -12.50000000000000711, 12.00000000000000355, 4.500000000000000000 ) ) ;
#2831 = DIRECTION ( 'NONE',  ( 0.000000000000000000, 0.000000000000000000, 1.000000000000000000 ) ) ;
#2832 = EDGE_CURVE ( 'NONE', #2565, #264, #778, .T. ) ;
#2833 = AXIS2_PLACEMENT_3D ( 'NONE', #2726, #1131, #456 ) ;
#2834 = ORIENTED_EDGE ( 'NONE', *, *, #1579, .T. ) ;
#2835 = LINE ( 'NONE', #1522, #1877 ) ;
#2836 = VECTOR ( 'NONE', #1327, 1000.000000000000000 ) ;
#2837 = DIRECTION ( 'NONE',  ( -8.260587980841936314E-17, 1.000000000000000000, 0.000000000000000000 ) ) ;
#2838 = AXIS2_PLACEMENT_3D ( 'NONE', #1508, #2860, #2185 ) ;
#2839 = ORIENTED_EDGE ( 'NONE', *, *, #1126, .T. ) ;
#2840 = DIRECTION ( 'NONE',  ( -0.000000000000000000, -0.000000000000000000, -1.000000000000000000 ) ) ;
#2841 = VERTEX_POINT ( 'NONE', #2827 ) ;
#2842 = ORIENTED_EDGE ( 'NONE', *, *, #1870, .T. ) ;
#2843 = CARTESIAN_POINT ( 'NONE',  ( -15.99999999999996980, 21.00000000000000000, 31.00000000000000000 ) ) ;
#2844 = APPROVAL_DATE_TIME ( #2676, #2274 ) ;
#2845 = DIRECTION ( 'NONE',  ( -0.000000000000000000, -0.000000000000000000, 1.000000000000000000 ) ) ;
#2846 = CARTESIAN_POINT ( 'NONE',  ( -15.99999999999991296, -21.00000000000000000, 31.00000000000000000 ) ) ;
#2847 = EDGE_CURVE ( 'NONE', #1102, #85, #1714, .T. ) ;
#2848 = VERTEX_POINT ( 'NONE', #2567 ) ;
#2849 = CYLINDRICAL_SURFACE ( 'NONE', #2348, 1.750000000000001554 ) ;
#2850 = EDGE_CURVE ( 'NONE', #1764, #2087, #2393, .T. ) ;
#2851 = CARTESIAN_POINT ( 'NONE',  ( -15.99999999999996980, 21.00000000000000355, 4.500000000000000000 ) ) ;
#2852 = ORIENTED_EDGE ( 'NONE', *, *, #104, .F. ) ;
#2853 = CARTESIAN_POINT ( 'NONE',  ( -15.50000000000001599, -15.50000000000000000, 31.00000000000000000 ) ) ;
#2854 = EDGE_CURVE ( 'NONE', #589, #924, #1697, .T. ) ;
#2855 = EDGE_LOOP ( 'NONE', ( #382, #920 ) ) ;
#2856 = ORIENTED_EDGE ( 'NONE', *, *, #2941, .T. ) ;
#2857 = ORIENTED_EDGE ( 'NONE', *, *, #2665, .T. ) ;
#2858 = DIRECTION ( 'NONE',  ( -1.000000000000000000, -8.260587980841936314E-17, -0.000000000000000000 ) ) ;
#2859 = DIRECTION ( 'NONE',  ( 0.000000000000000000, 0.000000000000000000, 1.000000000000000000 ) ) ;
#2860 = DIRECTION ( 'NONE',  ( -0.000000000000000000, 0.000000000000000000, 1.000000000000000000 ) ) ;
#2861 = CIRCLE ( 'NONE', #1770, 1.749999999999999778 ) ;
#2862 = EDGE_LOOP ( 'NONE', ( #1981, #2213, #240, #1231 ) ) ;
#2863 = CARTESIAN_POINT ( 'NONE',  ( 0.000000000000000000, 0.000000000000000000, 2.000000000000001776 ) ) ;
#2864 = DIRECTION ( 'NONE',  ( 0.000000000000000000, 0.000000000000000000, 1.000000000000000000 ) ) ;
#2865 = ADVANCED_FACE ( 'NONE', ( #756, #1003 ), #300, .T. ) ;
#2866 = ORIENTED_EDGE ( 'NONE', *, *, #1853, .F. ) ;
#2867 = DIRECTION ( 'NONE',  ( -8.260587980841936314E-17, 1.000000000000000000, -0.000000000000000000 ) ) ;
#2868 = EDGE_CURVE ( 'NONE', #882, #606, #316, .T. ) ;
#2869 = EDGE_LOOP ( 'NONE', ( #2952, #136, #2812, #22 ) ) ;
#2870 = VERTEX_POINT ( 'NONE', #1909 ) ;
#2871 = DIRECTION ( 'NONE',  ( 0.000000000000000000, 0.000000000000000000, 1.000000000000000000 ) ) ;
#2872 = DIRECTION ( 'NONE',  ( -1.000000000000000000, -1.509903313490212895E-14, 0.000000000000000000 ) ) ;
#2873 = AXIS2_PLACEMENT_3D ( 'NONE', #1626, #1400, #37 ) ;
#2874 = FACE_OUTER_BOUND ( 'NONE', #199, .T. ) ;
#2875 = CIRCLE ( 'NONE', #1590, 1.749999999999999778 ) ;
#2876 = ORIENTED_EDGE ( 'NONE', *, *, #156, .T. ) ;
#2877 = CARTESIAN_POINT ( 'NONE',  ( 15.99999999999999645, 12.00000000000000355, 2.000000000000001776 ) ) ;
#2878 = LINE ( 'NONE', #2178, #446 ) ;
#2879 = VECTOR ( 'NONE', #1119, 1000.000000000000000 ) ;
#2880 = CIRCLE ( 'NONE', #1644, 1.749999999999998002 ) ;
#2881 = ORIENTED_EDGE ( 'NONE', *, *, #469, .T. ) ;
#2882 = CARTESIAN_POINT ( 'NONE',  ( -17.25000000000002132, 15.50000000000000533, 31.00000000000000000 ) ) ;
#2883 = DIRECTION ( 'NONE',  ( 8.260587980841936314E-17, -1.000000000000000000, 0.000000000000000000 ) ) ;
#2884 = VECTOR ( 'NONE', #2144, 1000.000000000000000 ) ;
#2885 = VERTEX_POINT ( 'NONE', #772 ) ;
#2886 = ORIENTED_EDGE ( 'NONE', *, *, #963, .F. ) ;
#2887 = AXIS2_PLACEMENT_3D ( 'NONE', #1263, #801, #987 ) ;
#2888 = EDGE_CURVE ( 'NONE', #882, #1868, #2597, .T. ) ;
#2889 = DIRECTION ( 'NONE',  ( 1.000000000000000000, 8.260587980841936314E-17, -1.445602896647338917E-16 ) ) ;
#2890 = CARTESIAN_POINT ( 'NONE',  ( 15.50000000000002132, -15.49999999999999822, 26.50000000000000000 ) ) ;
#2891 = ORIENTED_EDGE ( 'NONE', *, *, #1322, .F. ) ;
#2892 = FACE_BOUND ( 'NONE', #1433, .T. ) ;
#2893 = DIRECTION ( 'NONE',  ( 1.000000000000000000, -0.000000000000000000, -1.156482317317871331E-15 ) ) ;
#2894 = ORIENTED_EDGE ( 'NONE', *, *, #2494, .T. ) ;
#2895 = ORIENTED_EDGE ( 'NONE', *, *, #70, .F. ) ;
#2896 = CARTESIAN_POINT ( 'NONE',  ( 15.99999999999991651, 21.00000000000000355, 4.499999999999996447 ) ) ;
#2897 = VECTOR ( 'NONE', #1383, 1000.000000000000000 ) ;
#2898 = DIRECTION ( 'NONE',  ( 1.000000000000000000, 8.260587980841936314E-17, -1.445602896647339163E-16 ) ) ;
#2899 = ORIENTED_EDGE ( 'NONE', *, *, #1166, .F. ) ;
#2900 = ORIENTED_EDGE ( 'NONE', *, *, #2629, .F. ) ;
#2901 = EDGE_CURVE ( 'NONE', #2660, #2690, #552, .T. ) ;
#2902 = ADVANCED_FACE ( 'NONE', ( #2381, #1033 ), #332, .T. ) ;
#2903 = CALENDAR_DATE ( 2024, 26, 9 ) ;
#2904 = DIRECTION ( 'NONE',  ( 0.000000000000000000, 0.000000000000000000, 1.000000000000000000 ) ) ;
#2905 = LINE ( 'NONE', #2231, #402 ) ;
#2906 = EDGE_CURVE ( 'NONE', #1510, #1928, #678, .T. ) ;
#2907 = VERTEX_POINT ( 'NONE', #1277 ) ;
#2908 = CARTESIAN_POINT ( 'NONE',  ( -15.50000000000002132, 15.50000000000000533, 31.00000000000000000 ) ) ;
#2909 = AXIS2_PLACEMENT_3D ( 'NONE', #515, #1616, #530 ) ;
#2910 = DIRECTION ( 'NONE',  ( -1.000000000000000000, -7.105427357601001859E-15, 0.000000000000000000 ) ) ;
#2911 = ORIENTED_EDGE ( 'NONE', *, *, #462, .F. ) ;
#2912 = ORIENTED_EDGE ( 'NONE', *, *, #851, .F. ) ;
#2913 = DIRECTION ( 'NONE',  ( -0.000000000000000000, -0.000000000000000000, -1.000000000000000000 ) ) ;
#2914 = CARTESIAN_POINT ( 'NONE',  ( -12.50000000000001599, 15.61249499599598245, 23.50000000000000000 ) ) ;
#2915 = CARTESIAN_POINT ( 'NONE',  ( 13.75000000000001776, 15.50000000000000711, 31.00000000000000000 ) ) ;
#2916 = EDGE_LOOP ( 'NONE', ( #2413, #1753, #526, #2646 ) ) ;
#2917 = COORDINATED_UNIVERSAL_TIME_OFFSET ( 9, 0, .AHEAD. ) ;
#2918 = DIRECTION ( 'NONE',  ( 8.260587980841936314E-17, -1.000000000000000000, 0.000000000000000000 ) ) ;
#2919 = DIRECTION ( 'NONE',  ( -0.000000000000000000, -0.000000000000000000, -1.000000000000000000 ) ) ;
#2920 = AXIS2_PLACEMENT_3D ( 'NONE', #132, #847, #2156 ) ;
#2921 = ORIENTED_EDGE ( 'NONE', *, *, #165, .T. ) ;
#2922 = DIRECTION ( 'NONE',  ( -0.000000000000000000, 0.000000000000000000, 1.000000000000000000 ) ) ;
#2923 = CYLINDRICAL_SURFACE ( 'NONE', #1068, 1.749999999999999778 ) ;
#2924 = EDGE_CURVE ( 'NONE', #959, #2003, #2631, .T. ) ;
#2925 = VECTOR ( 'NONE', #2480, 1000.000000000000000 ) ;
#2926 = ORIENTED_EDGE ( 'NONE', *, *, #2685, .F. ) ;
#2927 = FACE_OUTER_BOUND ( 'NONE', #621, .T. ) ;
#2928 = AXIS2_PLACEMENT_3D ( 'NONE', #2258, #623, #1787 ) ;
#2929 = DIRECTION ( 'NONE',  ( 1.000000000000000000, 0.000000000000000000, 0.000000000000000000 ) ) ;
#2930 = AXIS2_PLACEMENT_3D ( 'NONE', #1076, #2898, #1769 ) ;
#2931 = CARTESIAN_POINT ( 'NONE',  ( 0.000000000000000000, 0.000000000000000000, 31.00000000000000000 ) ) ;
#2932 = ORIENTED_EDGE ( 'NONE', *, *, #1481, .T. ) ;
#2933 = AXIS2_PLACEMENT_3D ( 'NONE', #794, #2204, #154 ) ;
#2934 = AXIS2_PLACEMENT_3D ( 'NONE', #708, #1149, #15 ) ;
#2935 = CALENDAR_DATE ( 2024, 26, 9 ) ;
#2936 = DIRECTION ( 'NONE',  ( -0.000000000000000000, -0.000000000000000000, -1.000000000000000000 ) ) ;
#2937 = CYLINDRICAL_SURFACE ( 'NONE', #2451, 1.749999999999999778 ) ;
#2938 = CARTESIAN_POINT ( 'NONE',  ( 17.25000000000001421, 15.50000000000000711, 23.50000000000000000 ) ) ;
#2939 = CYLINDRICAL_SURFACE ( 'NONE', #1935, 20.00000000000000000 ) ;
#2940 = EDGE_CURVE ( 'NONE', #932, #1916, #2198, .T. ) ;
#2941 = EDGE_CURVE ( 'NONE', #924, #1988, #622, .T. ) ;
#2942 = ORIENTED_EDGE ( 'NONE', *, *, #2447, .F. ) ;
#2943 = ORIENTED_EDGE ( 'NONE', *, *, #2490, .F. ) ;
#2944 = CARTESIAN_POINT ( 'NONE',  ( 15.99999999999991651, 21.00000000000000355, 26.50000000000000000 ) ) ;
#2945 = DIRECTION ( 'NONE',  ( 0.000000000000000000, 0.000000000000000000, 1.000000000000000000 ) ) ;
#2946 = EDGE_CURVE ( 'NONE', #288, #1304, #1248, .T. ) ;
#2947 = DIRECTION ( 'NONE',  ( 1.000000000000000000, 0.000000000000000000, 0.000000000000000000 ) ) ;
#2948 = DIRECTION ( 'NONE',  ( 0.000000000000000000, 0.000000000000000000, -1.000000000000000000 ) ) ;
#2949 = CARTESIAN_POINT ( 'NONE',  ( -15.99999999999996980, 21.00000000000000000, 31.00000000000000000 ) ) ;
#2950 = DIRECTION ( 'NONE',  ( 1.000000000000000000, 0.000000000000000000, 0.000000000000000000 ) ) ;
#2951 = DIRECTION ( 'NONE',  ( 0.000000000000000000, 0.000000000000000000, 1.000000000000000000 ) ) ;
#2952 = ORIENTED_EDGE ( 'NONE', *, *, #891, .F. ) ;
#2953 = ORIENTED_EDGE ( 'NONE', *, *, #2439, .F. ) ;
#2954 = DIRECTION ( 'NONE',  ( 0.000000000000000000, 0.000000000000000000, -1.000000000000000000 ) ) ;
#2955 = PLANE ( 'NONE',  #873 ) ;
#2956 = VECTOR ( 'NONE', #2563, 1000.000000000000000 ) ;
#2957 = CARTESIAN_POINT ( 'NONE',  ( -15.99999999999991296, -21.00000000000000000, 0.000000000000000000 ) ) ;
#2958 = EDGE_CURVE ( 'NONE', #1282, #525, #2183, .T. ) ;
#2959 = DIRECTION ( 'NONE',  ( -1.445602896647338917E-16, 0.000000000000000000, -1.000000000000000000 ) ) ;
#2960 = DIRECTION ( 'NONE',  ( -0.000000000000000000, -0.000000000000000000, -1.000000000000000000 ) ) ;
#2961 = DIRECTION ( 'NONE',  ( 1.000000000000000000, 8.260587980841936314E-17, 0.000000000000000000 ) ) ;
#2962 = CYLINDRICAL_SURFACE ( 'NONE', #919, 1.749999999999999778 ) ;
#2963 = LOCAL_TIME ( 23, 14, 57.00000000000000000, #2917 ) ;
ENDSEC;
END-ISO-10303-21;
